"SPL Vertical"																																																																							
"On-Axis"		"10°"		"-10°"		"20°"		"-20°"		"30°"		"-30°"		"40°"		"-40°"		"50°"		"-50°"		"60°"		"-60°"		"70°"		"-70°"		"80°"		"-80°"		"90°"		"-90°"		"100°"		"-100°"		"110°"		"-110°"		"120°"		"-120°"		"130°"		"-130°"		"140°"		"-140°"		"150°"		"-150°"		"160°"		"-160°"		"170°"		"-170°"		"180°"	
"Frequency / Hz"	"Sound Pressure Level / dB (re 20 µPa/V)  [2.83  V @ 1. m]"	"Frequency / Hz"	"Sound Pressure Level / dB (re 20 µPa/V)  [2.83  V @ 1. m]"	"Frequency / Hz"	"Sound Pressure Level / dB (re 20 µPa/V)  [2.83  V @ 1. m]"	"Frequency / Hz"	"Sound Pressure Level / dB (re 20 µPa/V)  [2.83  V @ 1. m]"	"Frequency / Hz"	"Sound Pressure Level / dB (re 20 µPa/V)  [2.83  V @ 1. m]"	"Frequency / Hz"	"Sound Pressure Level / dB (re 20 µPa/V)  [2.83  V @ 1. m]"	"Frequency / Hz"	"Sound Pressure Level / dB (re 20 µPa/V)  [2.83  V @ 1. m]"	"Frequency / Hz"	"Sound Pressure Level / dB (re 20 µPa/V)  [2.83  V @ 1. m]"	"Frequency / Hz"	"Sound Pressure Level / dB (re 20 µPa/V)  [2.83  V @ 1. m]"	"Frequency / Hz"	"Sound Pressure Level / dB (re 20 µPa/V)  [2.83  V @ 1. m]"	"Frequency / Hz"	"Sound Pressure Level / dB (re 20 µPa/V)  [2.83  V @ 1. m]"	"Frequency / Hz"	"Sound Pressure Level / dB (re 20 µPa/V)  [2.83  V @ 1. m]"	"Frequency / Hz"	"Sound Pressure Level / dB (re 20 µPa/V)  [2.83  V @ 1. m]"	"Frequency / Hz"	"Sound Pressure Level / dB (re 20 µPa/V)  [2.83  V @ 1. m]"	"Frequency / Hz"	"Sound Pressure Level / dB (re 20 µPa/V)  [2.83  V @ 1. m]"	"Frequency / Hz"	"Sound Pressure Level / dB (re 20 µPa/V)  [2.83  V @ 1. m]"	"Frequency / Hz"	"Sound Pressure Level / dB (re 20 µPa/V)  [2.83  V @ 1. m]"	"Frequency / Hz"	"Sound Pressure Level / dB (re 20 µPa/V)  [2.83  V @ 1. m]"	"Frequency / Hz"	"Sound Pressure Level / dB (re 20 µPa/V)  [2.83  V @ 1. m]"	"Frequency / Hz"	"Sound Pressure Level / dB (re 20 µPa/V)  [2.83  V @ 1. m]"	"Frequency / Hz"	"Sound Pressure Level / dB (re 20 µPa/V)  [2.83  V @ 1. m]"	"Frequency / Hz"	"Sound Pressure Level / dB (re 20 µPa/V)  [2.83  V @ 1. m]"	"Frequency / Hz"	"Sound Pressure Level / dB (re 20 µPa/V)  [2.83  V @ 1. m]"	"Frequency / Hz"	"Sound Pressure Level / dB (re 20 µPa/V)  [2.83  V @ 1. m]"	"Frequency / Hz"	"Sound Pressure Level / dB (re 20 µPa/V)  [2.83  V @ 1. m]"	"Frequency / Hz"	"Sound Pressure Level / dB (re 20 µPa/V)  [2.83  V @ 1. m]"	"Frequency / Hz"	"Sound Pressure Level / dB (re 20 µPa/V)  [2.83  V @ 1. m]"	"Frequency / Hz"	"Sound Pressure Level / dB (re 20 µPa/V)  [2.83  V @ 1. m]"	"Frequency / Hz"	"Sound Pressure Level / dB (re 20 µPa/V)  [2.83  V @ 1. m]"	"Frequency / Hz"	"Sound Pressure Level / dB (re 20 µPa/V)  [2.83  V @ 1. m]"	"Frequency / Hz"	"Sound Pressure Level / dB (re 20 µPa/V)  [2.83  V @ 1. m]"	"Frequency / Hz"	"Sound Pressure Level / dB (re 20 µPa/V)  [2.83  V @ 1. m]"	"Frequency / Hz"	"Sound Pressure Level / dB (re 20 µPa/V)  [2.83  V @ 1. m]"	"Frequency / Hz"	"Sound Pressure Level / dB (re 20 µPa/V)  [2.83  V @ 1. m]"	"Frequency / Hz"	"Sound Pressure Level / dB (re 20 µPa/V)  [2.83  V @ 1. m]"	"Frequency / Hz"	"Sound Pressure Level / dB (re 20 µPa/V)  [2.83  V @ 1. m]"
20.5078	71.7737	20.5078	71.281	20.5078	72.3433	20.5078	70.8682	20.5078	72.9846	20.5078	70.5372	20.5078	73.6904	20.5078	70.2888	20.5078	74.451	20.5078	70.1233	20.5078	75.253	20.5078	70.0414	20.5078	76.079	20.5078	70.0448	20.5078	76.9055	20.5078	70.1367	20.5078	77.7025	20.5078	70.3223	20.5078	78.4316	20.5078	70.6087	20.5078	79.0471	20.5078	71.0028	20.5078	79.4989	20.5078	71.5098	20.5078	79.7387	20.5078	72.13	20.5078	79.7304	20.5078	72.8568	20.5078	79.4614	20.5078	73.676	20.5078	78.949	20.5078	74.5676	20.5078	78.2379	20.5078	75.5062	20.5078	77.388	20.5078	76.46
21.9727	73.944	21.9727	73.4891	21.9727	74.4736	21.9727	73.1119	21.9727	75.0732	21.9727	72.8137	21.9727	75.7356	21.9727	72.5942	21.9727	76.4516	21.9727	72.4517	21.9727	77.2091	21.9727	72.3844	21.9727	77.992	21.9727	72.3903	21.9727	78.7791	21.9727	72.469	21.9727	79.5424	21.9727	72.6224	21.9727	80.2457	21.9727	72.8556	21.9727	80.8452	21.9727	73.1777	21.9727	81.2913	21.9727	73.6005	21.9727	81.5358	21.9727	74.1364	21.9727	81.5409	21.9727	74.7931	21.9727	81.2913	21.9727	75.5676	21.9727	80.8008	21.9727	76.4421	21.9727	80.1089	21.9727	77.3826	21.9727	79.2703	21.9727	78.3429
23.4375	76.2076	23.4375	75.8577	23.4375	76.627	23.4375	75.5757	23.4375	77.1155	23.4375	75.359	23.4375	77.6708	23.4375	75.2041	23.4375	78.2874	23.4375	75.1075	23.4375	78.9561	23.4375	75.0659	23.4375	79.6632	23.4375	75.0772	23.4375	80.3882	23.4375	75.1407	23.4375	81.1033	23.4375	75.2582	23.4375	81.7712	23.4375	75.4347	23.4375	82.3458	23.4375	75.6784	23.4375	82.7746	23.4375	76.001	23.4375	83.006	23.4375	76.4157	23.4375	83.0009	23.4375	76.9334	23.4375	82.7447	23.4375	77.5585	23.4375	82.256	23.4375	78.2836	23.4375	81.5827	23.4375	79.0882	23.4375	80.7887	23.4375	79.9384
24.9023	76.4142	24.9023	76.1814	24.9023	76.7232	24.9023	76.0191	24.9023	77.1125	24.9023	75.9203	24.9023	77.5832	24.9023	75.8778	24.9023	78.1324	24.9023	75.8846	24.9023	78.7524	24.9023	75.9344	24.9023	79.4292	24.9023	76.0218	24.9023	80.1412	24.9023	76.143	24.9023	80.8578	24.9023	76.2958	24.9023	81.5388	24.9023	76.4806	24.9023	82.1344	24.9023	76.7009	24.9023	82.5889	24.9023	76.9639	24.9023	82.8481	24.9023	77.2807	24.9023	82.8709	24.9023	77.6658	24.9023	82.6432	24.9023	78.1334	24.9023	82.1863	24.9023	78.6933	24.9023	81.5554	24.9023	79.3441	24.9023	80.8245	24.9023	80.0676
26.3672	76.7624	26.3672	76.5667	26.3672	77.0328	26.3672	76.4376	26.3672	77.3843	26.3672	76.366	26.3672	77.8202	26.3672	76.3427	26.3672	78.3393	26.3672	76.3593	26.3672	78.9349	26.3672	76.4078	26.3672	79.5931	26.3672	76.4817	26.3672	80.2913	26.3672	76.5758	26.3672	80.9971	26.3672	76.6869	26.3672	81.6675	26.3672	76.8146	26.3672	82.2491	26.3672	76.9626	26.3672	82.6824	26.3672	77.1403	26.3672	82.9098	26.3672	77.3635	26.3672	82.889	26.3672	77.6542	26.3672	82.608	26.3672	78.0368	26.3672	82.0938	26.3672	78.5313	26.3672	81.4094	26.3672	79.1441	26.3672	80.6372	26.3672	79.8599
27.832	77.2886	27.832	77.1471	27.832	77.5011	27.832	77.0682	27.832	77.7918	27.832	77.043	27.832	78.1654	27.832	77.0632	27.832	78.6228	27.832	77.1208	27.832	79.1596	27.832	77.2089	27.832	79.7642	27.832	77.3214	27.832	80.4165	27.832	77.4534	27.832	81.0862	27.832	77.6011	27.832	81.7321	27.832	77.7627	27.832	82.3029	27.832	77.9389	27.832	82.741	27.832	78.1338	27.832	82.9905	27.832	78.3559	27.832	83.0101	27.832	78.6193	27.832	82.7879	27.832	78.9431	27.832	82.3507	27.832	79.348	27.832	81.7609	27.832	79.8489	27.832	81.0991	27.832	80.4425
29.2969	78.5292	29.2969	78.4662	29.2969	78.6512	29.2969	78.4526	29.2969	78.8419	29.2969	78.4794	29.2969	79.1094	29.2969	78.5383	29.2969	79.4593	29.2969	78.6219	29.2969	79.8923	29.2969	78.7236	29.2969	80.4016	29.2969	78.8377	29.2969	80.9707	29.2969	78.9588	29.2969	81.5715	29.2969	79.0823	29.2969	82.1626	29.2969	79.205	29.2969	82.6911	29.2969	79.3252	29.2969	83.0969	29.2969	79.4447	29.2969	83.3221	29.2969	79.5705	29.2969	83.326	29.2969	79.7168	29.2969	83.1004	29.2969	79.9063	29.2969	82.6785	29.2969	80.1673	29.2969	82.1301	29.2969	80.5252	29.2969	81.5413	29.2969	80.9893
30.7617	78.2396	30.7617	78.2769	30.7617	78.2524	30.7617	78.353	30.7617	78.3282	30.7617	78.4581	30.7617	78.4803	30.7617	78.5841	30.7617	78.7208	30.7617	78.7243	30.7617	79.0573	30.7617	78.8726	30.7617	79.4899	30.7617	79.0237	30.7617	80.0067	30.7617	79.1723	30.7617	80.5811	30.7617	79.3133	30.7617	81.1704	30.7617	79.4422	30.7617	81.7177	30.7617	79.5553	30.7617	82.1574	30.7617	79.6516	30.7617	82.4266	30.7617	79.7345	30.7617	82.4808	30.7617	79.8145	30.7617	82.3112	30.7617	79.9112	30.7617	81.9555	30.7617	80.0528	30.7617	81.4913	30.7617	80.2716	30.7617	81.0111	30.7617	80.5914
32.2266	78.9408	32.2266	79.0077	32.2266	78.9282	32.2266	79.1162	32.2266	78.984	32.2266	79.2552	32.2266	79.1221	32.2266	79.4154	32.2266	79.3545	32.2266	79.5887	32.2266	79.6882	32.2266	79.7679	32.2266	80.121	32.2266	79.9463	32.2266	80.6386	32.2266	80.1172	32.2266	81.2116	32.2266	80.2742	32.2266	81.795	32.2266	80.4107	32.2266	82.3307	32.2266	80.521	32.2266	82.7532	32.2266	80.6016	32.2266	83.0014	32.2266	80.6533	32.2266	83.0338	32.2266	80.6855	32.2266	82.8461	32.2266	80.7188	32.2266	82.481	32.2266	80.7871	32.2266	82.0213	32.2266	80.9322	32.2266	81.5642	32.2266	81.1888
33.6914	79.2628	33.6914	79.3075	33.6914	79.2671	33.6914	79.3906	33.6914	79.3326	33.6914	79.5027	33.6914	79.4715	33.6914	79.6357	33.6914	79.6948	33.6914	79.7825	33.6914	80.0092	33.6914	79.9368	33.6914	80.4141	33.6914	80.0924	33.6914	80.8977	33.6914	80.2431	33.6914	81.4338	33.6914	80.3829	33.6914	81.9805	33.6914	80.5053	33.6914	82.4821	33.6914	80.605	33.6914	82.8747	33.6914	80.6787	33.6914	83.098	33.6914	80.7277	33.6914	83.1118	33.6914	80.761	33.6914	82.9129	33.6914	80.7984	33.6914	82.5449	33.6914	80.8714	33.6914	82.0896	33.6914	81.0187	33.6914	81.6409	33.6914	81.2728
35.1562	79.7069	35.1562	79.7578	35.1562	79.6969	35.1562	79.8405	35.1562	79.7381	35.1562	79.9477	35.1562	79.8418	35.1562	80.0726	35.1562	80.0187	35.1562	80.2096	35.1562	80.277	35.1562	80.3534	35.1562	80.6193	35.1562	80.4988	35.1562	81.0379	35.1562	80.6404	35.1562	81.5121	35.1562	80.7724	35.1562	82.0046	35.1562	80.8889	35.1562	82.4638	35.1562	80.9846	35.1562	82.8286	35.1562	81.0557	35.1562	83.0409	35.1562	81.1021	35.1562	83.0623	35.1562	81.1301	35.1562	82.891	35.1562	81.1553	35.1562	82.5707	35.1562	81.2041	35.1562	82.1798	35.1562	81.3106	35.1562	81.8042	35.1562	81.5066
36.6211	80.5329	36.6211	80.5834	36.6211	80.5173	36.6211	80.6616	36.6211	80.5458	36.6211	80.7612	36.6211	80.6283	36.6211	80.877	36.6211	80.7753	36.6211	81.0045	36.6211	80.9958	36.6211	81.1393	36.6211	81.2942	36.6211	81.2772	36.6211	81.6666	36.6211	81.4134	36.6211	82.0963	36.6211	81.5428	36.6211	82.5505	36.6211	81.6601	36.6211	82.9808	36.6211	81.7601	36.6211	83.329	36.6211	81.8392	36.6211	83.5389	36.6211	81.8967	36.6211	83.5741	36.6211	81.9371	36.6211	83.4346	36.6211	81.9724	36.6211	83.1636	36.6211	82.0231	36.6211	82.8346	36.6211	82.1163	36.6211	82.5229	36.6211	82.2785
38.0859	80.8712	38.0859	80.9418	38.0859	80.83	38.0859	81.0352	38.0859	80.8263	38.0859	81.146	38.0859	80.8699	38.0859	81.27	38.0859	80.9712	38.0859	81.4031	38.0859	81.1404	38.0859	81.5416	38.0859	81.3843	38.0859	81.6815	38.0859	81.7023	38.0859	81.8182	38.0859	82.0817	38.0859	81.9468	38.0859	82.4939	38.0859	82.0615	38.0859	82.8939	38.0859	82.1567	38.0859	83.2251	38.0859	82.2278	38.0859	83.4327	38.0859	82.2729	38.0859	83.4809	38.0859	82.2946	38.0859	83.3708	38.0859	82.3029	38.0859	83.1459	38.0859	82.3159	38.0859	82.8773	38.0859	82.359	38.0859	82.6346	38.0859	82.4595
39.5508	81.3085	39.5508	81.3866	39.5508	81.2561	39.5508	81.4846	39.5508	81.2365	39.5508	81.5981	39.5508	81.2587	39.5508	81.7235	39.5508	81.3326	39.5508	81.8576	39.5508	81.4686	39.5508	81.9971	39.5508	81.6746	39.5508	82.1383	39.5508	81.9523	39.5508	82.2771	39.5508	82.2921	39.5508	82.4085	39.5508	82.6691	39.5508	82.5267	39.5508	83.0414	39.5508	82.6258	39.5508	83.3553	39.5508	82.7002	39.5508	83.5583	39.5508	82.7467	39.5508	83.6167	39.5508	82.766	39.5508	83.5334	39.5508	82.7654	39.5508	83.3512	39.5508	82.7602	39.5508	83.1371	39.5508	82.7733	39.5508	82.9526	39.5508	82.831
41.0156	81.3945	41.0156	81.4733	41.0156	81.3372	41.0156	81.5689	41.0156	81.3074	41.0156	81.6779	41.0156	81.3125	41.0156	81.7973	41.0156	81.3615	41.0156	81.9245	41.0156	81.4638	41.0156	82.0567	41.0156	81.6273	41.0156	82.1908	41.0156	81.8551	41.0156	82.3227	41.0156	82.1405	41.0156	82.4477	41.0156	82.4634	41.0156	82.5601	41.0156	82.788	41.0156	82.6538	41.0156	83.0672	41.0156	82.7234	41.0156	83.2545	41.0156	82.7653	41.0156	83.3208	41.0156	82.7797	41.0156	83.2694	41.0156	82.7728	41.0156	83.1384	41.0156	82.7575	41.0156	82.9846	41.0156	82.7529	41.0156	82.8572	41.0156	82.7805
42.4805	81.673	42.4805	81.768	42.4805	81.5952	42.4805	81.8763	42.4805	81.5396	42.4805	81.9951	42.4805	81.5133	42.4805	82.1222	42.4805	81.5249	42.4805	82.2557	42.4805	81.5846	42.4805	82.3933	42.4805	81.7018	42.4805	82.5322	42.4805	81.8826	42.4805	82.6688	42.4805	82.1245	42.4805	82.7983	42.4805	82.4116	42.4805	82.9151	42.4805	82.7115	42.4805	83.0128	42.4805	82.9793	42.4805	83.085	42.4805	83.1691	42.4805	83.1267	42.4805	83.2523	42.4805	83.1357	42.4805	83.2337	42.4805	83.1148	42.4805	83.1524	42.4805	83.0733	42.4805	83.0626	42.4805	83.0271	42.4805	83.0063	42.4805	82.9978
43.9453	81.9273	43.9453	82.0231	43.9453	81.8465	43.9453	82.1307	43.9453	81.7851	43.9453	82.248	43.9453	81.7491	43.9453	82.3735	43.9453	81.7465	43.9453	82.5056	43.9453	81.787	43.9453	82.6425	43.9453	81.8801	43.9453	82.7817	43.9453	82.0328	43.9453	82.9198	43.9453	82.2448	43.9453	83.0524	43.9453	82.503	43.9453	83.1736	43.9453	82.779	43.9453	83.2768	43.9453	83.031	43.9453	83.3551	43.9453	83.2161	43.9453	83.4023	43.9453	83.3078	43.9453	83.4149	43.9453	83.3115	43.9453	83.3936	43.9453	83.2646	43.9453	83.3452	43.9453	83.2163	43.9453	83.2834	43.9453	83.2016	43.9453	83.2284
45.4102	82.1264	45.4102	82.224	45.4102	82.0413	45.4102	82.3317	45.4102	81.9724	45.4102	82.448	45.4102	81.9249	45.4102	82.5718	45.4102	81.906	45.4102	82.702	45.4102	81.9247	45.4102	82.8372	45.4102	81.9907	45.4102	82.9752	45.4102	82.1115	45.4102	83.1128	45.4102	82.289	45.4102	83.2455	45.4102	82.5135	45.4102	83.3676	45.4102	82.7606	45.4102	83.4722	45.4102	82.9931	45.4102	83.5519	45.4102	83.1716	45.4102	83.5998	45.4102	83.2719	45.4102	83.6111	45.4102	83.2994	45.4102	83.585	45.4102	83.2879	45.4102	83.5265	45.4102	83.2809	45.4102	83.4476	45.4102	83.3063	45.4102	83.367
46.875	82.3867	46.875	82.4843	46.875	82.2993	46.875	82.5904	46.875	82.2251	46.875	82.704	46.875	82.1686	46.875	82.8246	46.875	82.1362	46.875	82.9514	46.875	82.1365	46.875	83.0834	46.875	82.1789	46.875	83.2187	46.875	82.2718	46.875	83.3544	46.875	82.4189	46.875	83.4861	46.875	82.6138	46.875	83.6083	46.875	82.836	46.875	83.7138	46.875	83.0526	46.875	83.7951	46.875	83.2274	46.875	83.8447	46.875	83.3379	46.875	83.857	46.875	83.3884	46.875	83.8301	46.875	83.4094	46.875	83.7673	46.875	83.4378	46.875	83.6787	46.875	83.4954	46.875	83.5813
48.3398	82.5969	48.3398	82.6983	48.3398	82.5037	48.3398	82.8066	48.3398	82.4208	48.3398	82.9214	48.3398	82.3523	48.3398	83.0425	48.3398	82.3039	48.3398	83.1696	48.3398	82.2837	48.3398	83.302	48.3398	82.3011	48.3398	83.4381	48.3398	82.3656	48.3398	83.5752	48.3398	82.4828	48.3398	83.7092	48.3398	82.6494	48.3398	83.8343	48.3398	82.8493	48.3398	83.9434	48.3398	83.0533	48.3398	84.0285	48.3398	83.2287	48.3398	84.0815	48.3398	83.3543	48.3398	84.0957	48.3398	83.4337	48.3398	84.0677	48.3398	83.4935	48.3398	83.9989	48.3398	83.5643	48.3398	83.8974	48.3398	83.6611	48.3398	83.7782
51.2695	83.1152	51.2695	83.2102	51.2695	83.0244	51.2695	83.3094	51.2695	82.939	51.2695	83.4131	51.2695	82.8615	51.2695	83.5221	51.2695	82.7966	51.2695	83.6368	51.2695	82.7508	51.2695	83.7574	51.2695	82.7329	51.2695	83.8827	51.2695	82.7522	51.2695	84.0106	51.2695	82.816	51.2695	84.1373	51.2695	82.9252	51.2695	84.2572	51.2695	83.0695	51.2695	84.3631	51.2695	83.2276	51.2695	84.4465	51.2695	83.3744	51.2695	84.4982	51.2695	83.4948	51.2695	84.5102	51.2695	83.5943	51.2695	84.4767	51.2695	83.6949	51.2695	84.3966	51.2695	83.8175	51.2695	84.2753	51.2695	83.9655	51.2695	84.1252
52.7344	83.1833	52.7344	83.2741	52.7344	83.0963	52.7344	83.3691	52.7344	83.0139	52.7344	83.4694	52.7344	82.9379	52.7344	83.5759	52.7344	82.8724	52.7344	83.6895	52.7344	82.8235	52.7344	83.8107	52.7344	82.7994	52.7344	83.9386	52.7344	82.8099	52.7344	84.0715	52.7344	82.8633	52.7344	84.2056	52.7344	82.9626	52.7344	84.3355	52.7344	83.1008	52.7344	84.4538	52.7344	83.26	52.7344	84.5515	52.7344	83.4172	52.7344	84.6189	52.7344	83.5572	52.7344	84.6469	52.7344	83.683	52.7344	84.6281	52.7344	83.8118	52.7344	84.5596	52.7344	83.9592	52.7344	84.4446	52.7344	84.125	52.7344	84.2938
54.1992	83.4338	54.1992	83.5198	54.1992	83.3514	54.1992	83.6104	54.1992	83.2729	54.1992	83.707	54.1992	83.1997	54.1992	83.8112	54.1992	83.1353	54.1992	83.9243	54.1992	83.0857	54.1992	84.0471	54.1992	83.0592	54.1992	84.1791	54.1992	83.0659	54.1992	84.3188	54.1992	83.1154	54.1992	84.4625	54.1992	83.212	54.1992	84.6046	54.1992	83.3504	54.1992	84.7374	54.1992	83.5134	54.1992	84.8512	54.1992	83.6784	54.1992	84.9352	54.1992	83.8304	54.1992	84.9787	54.1992	83.9724	54.1992	84.9732	54.1992	84.1208	54.1992	84.914	54.1992	84.288	54.1992	84.8027	54.1992	84.47	54.1992	84.6489
55.6641	83.522	55.6641	83.61	55.6641	83.4363	55.6641	83.7018	55.6641	83.3526	55.6641	83.7991	55.6641	83.2717	55.6641	83.904	55.6641	83.1966	55.6641	84.018	55.6641	83.1326	55.6641	84.1421	55.6641	83.0878	55.6641	84.2763	55.6641	83.0724	55.6641	84.4187	55.6641	83.0968	55.6641	84.5658	55.6641	83.1678	55.6641	84.7117	55.6641	83.2833	55.6641	84.8482	55.6641	83.4302	55.6641	84.965	55.6641	83.5893	55.6641	85.0504	55.6641	83.7479	55.6641	85.0925	55.6641	83.9088	55.6641	85.0817	55.6641	84.0856	55.6641	85.012	55.6641	84.2858	55.6641	84.8844	55.6641	84.5005	55.6641	84.708
58.5938	83.7596	58.5938	83.8396	58.5938	83.6789	58.5938	83.9209	58.5938	83.5966	58.5938	84.006	58.5938	83.5128	58.5938	84.0973	58.5938	83.4297	58.5938	84.197	58.5938	83.3519	58.5938	84.3066	58.5938	83.2867	58.5938	84.4267	58.5938	83.2446	58.5938	84.5561	58.5938	83.2372	58.5938	84.6919	58.5938	83.274	58.5938	84.8287	58.5938	83.3578	58.5938	84.9589	58.5938	83.4817	58.5938	85.0728	58.5938	83.6317	58.5938	85.1588	58.5938	83.7971	58.5938	85.2053	58.5938	83.9782	58.5938	85.2017	58.5938	84.181	58.5938	85.1409	58.5938	84.4049	58.5938	85.021	58.5938	84.6349	58.5938	84.8475
60.0586	83.8113	60.0586	83.8871	60.0586	83.7334	60.0586	83.9632	60.0586	83.6517	60.0586	84.0425	60.0586	83.566	60.0586	84.1279	60.0586	83.4778	60.0586	84.2222	60.0586	83.391	60.0586	84.3272	60.0586	83.3128	60.0586	84.444	60.0586	83.2534	60.0586	84.5718	60.0586	83.2252	60.0586	84.7079	60.0586	83.2396	60.0586	84.847	60.0586	83.3028	60.0586	84.9816	60.0586	83.4123	60.0586	85.1013	60.0586	83.5581	60.0586	85.194	60.0586	83.7315	60.0586	85.247	60.0586	83.931	60.0586	85.2484	60.0586	84.1583	60.0586	85.1895	60.0586	84.4071	60.0586	85.067	60.0586	84.658	60.0586	84.8853
62.9883	84.3775	62.9883	84.4495	62.9883	84.3002	62.9883	84.5192	62.9883	84.2155	62.9883	84.59	62.9883	84.1226	62.9883	84.6654	62.9883	84.0223	62.9883	84.7485	62.9883	83.9182	62.9883	84.8418	62.9883	83.8171	62.9883	84.9469	62.9883	83.7295	62.9883	85.0634	62.9883	83.6691	62.9883	85.1893	62.9883	83.6503	62.9883	85.32	62.9883	83.6844	62.9883	85.4481	62.9883	83.7748	62.9883	85.5639	62.9883	83.9171	62.9883	85.6557	62.9883	84.104	62.9883	85.7108	62.9883	84.33	62.9883	85.7168	62.9883	84.5881	62.9883	85.6637	62.9883	84.8631	62.9883	85.546	62.9883	85.1307	62.9883	85.3649
64.4531	84.5573	64.4531	84.6245	64.4531	84.4848	64.4531	84.6896	64.4531	84.4045	64.4531	84.7565	64.4531	84.3151	64.4531	84.8289	64.4531	84.2172	64.4531	84.9104	64.4531	84.1138	64.4531	85.0039	64.4531	84.0111	64.4531	85.1111	64.4531	83.9192	64.4531	85.2321	64.4531	83.8517	64.4531	85.3649	64.4531	83.824	64.4531	85.5052	64.4531	83.8492	64.4531	85.6454	64.4531	83.9344	64.4531	85.7755	64.4531	84.0787	64.4531	85.8828	64.4531	84.2773	64.4531	85.9534	64.4531	84.5237	64.4531	85.9732	64.4531	84.8065	64.4531	85.9305	64.4531	85.105	64.4531	85.8178	64.4531	85.3904	64.4531	85.6347
67.3828	84.7007	67.3828	84.7615	67.3828	84.6327	67.3828	84.8191	67.3828	84.5542	67.3828	84.8779	67.3828	84.463	67.3828	84.9426	67.3828	84.3589	67.3828	85.0174	67.3828	84.244	67.3828	85.1058	67.3828	84.1236	67.3828	85.2102	67.3828	84.0075	67.3828	85.3314	67.3828	83.91	67.3828	85.4677	67.3828	83.849	67.3828	85.6149	67.3828	83.8426	67.3828	85.7653	67.3828	83.9048	67.3828	85.9081	67.3828	84.0423	67.3828	86.0294	67.3828	84.2539	67.3828	86.1131	67.3828	84.5314	67.3828	86.1429	67.3828	84.856	67.3828	86.1042	67.3828	85.1974	67.3828	85.9872	67.3828	85.5192	67.3828	85.7894
68.8477	84.7632	68.8477	84.8217	68.8477	84.6962	68.8477	84.8761	68.8477	84.6172	68.8477	84.9311	68.8477	84.5237	68.8477	84.9916	68.8477	84.415	68.8477	85.0622	68.8477	84.2928	68.8477	85.1467	68.8477	84.1625	68.8477	85.2479	68.8477	84.0335	68.8477	85.3667	68.8477	83.9205	68.8477	85.5019	68.8477	83.8426	68.8477	85.6492	68.8477	83.8199	68.8477	85.8012	68.8477	83.8698	68.8477	85.9467	68.8477	84.0019	68.8477	86.0716	68.8477	84.2175	68.8477	86.1591	68.8477	84.5075	68.8477	86.192	68.8477	84.8503	68.8477	86.1543	68.8477	85.2107	68.8477	86.0351	68.8477	85.5488	68.8477	85.8307
71.7773	84.9944	71.7773	85.0453	71.7773	84.9324	71.7773	85.0899	71.7773	84.8552	71.7773	85.1334	71.7773	84.76	71.7773	85.181	71.7773	84.6454	71.7773	85.2378	71.7773	84.5126	71.7773	85.3081	71.7773	84.3659	71.7773	85.395	71.7773	84.2143	71.7773	85.5	71.7773	84.0724	71.7773	85.6223	71.7773	83.9601	71.7773	85.7581	71.7773	83.9002	71.7773	85.9003	71.7773	83.9149	71.7773	86.0379	71.7773	84.0197	71.7773	86.1563	71.7773	84.2201	71.7773	86.2385	71.7773	84.5083	71.7773	86.2663	71.7773	84.8592	71.7773	86.2228	71.7773	85.2332	71.7773	86.0957	71.7773	85.586	71.7773	85.881
74.707	85.22	74.707	85.2669	74.707	85.1609	74.707	85.3068	74.707	85.085	74.707	85.3453	74.707	84.989	74.707	85.3882	74.707	84.8711	74.707	85.4408	74.707	84.7318	74.707	85.5079	74.707	84.5754	74.707	85.5931	74.707	84.4105	74.707	85.6983	74.707	84.2523	74.707	85.823	74.707	84.1223	74.707	85.9635	74.707	84.0474	74.707	86.1128	74.707	84.0546	74.707	86.2595	74.707	84.1643	74.707	86.3887	74.707	84.3832	74.707	86.4823	74.707	84.6991	74.707	86.5209	74.707	85.0796	74.707	86.4863	74.707	85.4782	74.707	86.3645	74.707	85.8471	74.707	86.1496
77.6367	85.3905	77.6367	85.4331	77.6367	85.3345	77.6367	85.4678	77.6367	85.2601	77.6367	85.5006	77.6367	85.1636	77.6367	85.5379	77.6367	85.043	77.6367	85.5854	77.6367	84.8987	77.6367	85.6486	77.6367	84.7345	77.6367	85.7316	77.6367	84.5595	77.6367	85.8369	77.6367	84.3892	77.6367	85.9645	77.6367	84.2471	77.6367	86.1115	77.6367	84.1626	77.6367	86.2709	77.6367	84.1671	77.6367	86.4312	77.6367	84.2849	77.6367	86.577	77.6367	84.524	77.6367	86.6888	77.6367	84.8689	77.6367	86.7453	77.6367	85.2807	77.6367	86.7261	77.6367	85.706	77.6367	86.6146	77.6367	86.0926	77.6367	86.4022
79.1016	85.4798	79.1016	85.5212	79.1016	85.4242	79.1016	85.5542	79.1016	85.3495	79.1016	85.5852	79.1016	85.2517	79.1016	85.6205	79.1016	85.1287	79.1016	85.6663	79.1016	84.9807	79.1016	85.7282	79.1016	84.8115	79.1016	85.8107	79.1016	84.6302	79.1016	85.9166	79.1016	84.4527	79.1016	86.0462	79.1016	84.303	79.1016	86.1966	79.1016	84.2123	79.1016	86.3609	79.1016	84.2142	79.1016	86.5276	79.1016	84.3352	79.1016	86.6808	79.1016	84.5843	79.1016	86.8003	79.1016	84.9446	79.1016	86.864	79.1016	85.3734	79.1016	86.8501	79.1016	85.8139	79.1016	86.7411	79.1016	86.2115	79.1016	86.5273
82.0312	85.5982	82.0312	85.638	82.0312	85.5428	82.0312	85.6682	82.0312	85.4663	82.0312	85.6957	82.0312	85.3647	82.0312	85.7271	82.0312	85.2355	82.0312	85.7692	82.0312	85.0787	82.0312	85.8282	82.0312	84.898	82.0312	85.909	82.0312	84.7027	82.0312	86.0152	82.0312	84.5092	82.0312	86.1474	82.0312	84.3434	82.0312	86.3033	82.0312	84.2395	82.0312	86.4761	82.0312	84.2357	82.0312	86.654	82.0312	84.3632	82.0312	86.82	82.0312	84.632	82.0312	86.9528	82.0312	85.0218	82.0312	87.0282	82.0312	85.4829	82.0312	87.0226	82.0312	85.9519	82.0312	86.9165	82.0312	86.3705	82.0312	86.6985
84.9609	85.7878	84.9609	85.8173	84.9609	85.7394	84.9609	85.8344	84.9609	85.6666	84.9609	85.8462	84.9609	85.5651	84.9609	85.8602	84.9609	85.4324	84.9609	85.8839	84.9609	85.2685	84.9609	85.9245	84.9609	85.0775	84.9609	85.9883	84.9609	84.8689	84.9609	86.0801	84.9609	84.6604	84.9609	86.2022	84.9609	84.4791	84.9609	86.3533	84.9609	84.3618	84.9609	86.5277	84.9609	84.3493	84.9609	86.7137	84.9609	84.475	84.9609	86.8935	84.9609	84.7497	84.9609	87.0438	84.9609	85.1505	84.9609	87.1382	84.9609	85.6236	84.9609	87.1502	84.9609	86.1014	84.9609	87.0579	84.9609	86.5234	84.9609	86.8487
87.8906	86.1037	87.8906	86.118	87.8906	86.0679	87.8906	86.1177	87.8906	86.0044	87.8906	86.1105	87.8906	85.9084	87.8906	86.1043	87.8906	85.7767	87.8906	86.1068	87.8906	85.6085	87.8906	86.1258	87.8906	85.4065	87.8906	86.1676	87.8906	85.1791	87.8906	86.2373	87.8906	84.9419	87.8906	86.3378	87.8906	84.7207	87.8906	86.4683	87.8906	84.5525	87.8906	86.6236	87.8906	84.482	87.8906	86.7926	87.8906	84.551	87.8906	86.958	87.8906	84.7806	87.8906	87.0966	87.8906	85.1548	87.8906	87.1815	87.8906	85.6193	87.8906	87.1852	87.8906	86.1007	87.8906	87.0849	87.8906	86.5317	87.8906	86.8668
90.8203	86.0356	90.8203	86.0585	90.8203	85.9914	90.8203	86.0666	90.8203	85.9201	90.8203	86.0675	90.8203	85.8173	90.8203	86.069	90.8203	85.6803	90.8203	86.0791	90.8203	85.509	90.8203	86.1058	90.8203	85.3071	90.8203	86.1563	90.8203	85.0842	90.8203	86.2366	90.8203	84.8577	90.8203	86.3506	90.8203	84.656	90.8203	86.4988	90.8203	84.5187	90.8203	86.6768	90.8203	84.4922	90.8203	86.8735	90.8203	84.6163	90.8203	87.0709	90.8203	84.9053	90.8203	87.2439	90.8203	85.3338	90.8203	87.3627	90.8203	85.8399	90.8203	87.3972	90.8203	86.3467	90.8203	87.3213	90.8203	86.7875	90.8203	87.1186
95.2148	86.4179	95.2148	86.4391	95.2148	86.3677	95.2148	86.4385	95.2148	86.2819	95.2148	86.4245	95.2148	86.1555	95.2148	86.4054	95.2148	85.9851	95.2148	86.3901	95.2148	85.7702	95.2148	86.3875	95.2148	85.5141	95.2148	86.4056	95.2148	85.2265	95.2148	86.4519	95.2148	84.9264	95.2148	86.5317	95.2148	84.6455	95.2148	86.647	95.2148	84.43	95.2148	86.7953	95.2148	84.3363	95.2148	86.9668	95.2148	84.4162	95.2148	87.1437	95.2148	84.6925	95.2148	87.3002	95.2148	85.1391	95.2148	87.4044	95.2148	85.6847	95.2148	87.4228	95.2148	86.2395	95.2148	87.3261	95.2148	86.726	95.2148	87.0949
98.1445	86.4861	98.1445	86.5038	98.1445	86.4384	98.1445	86.499	98.1445	86.3542	98.1445	86.48	98.1445	86.2283	98.1445	86.4556	98.1445	86.0577	98.1445	86.4348	98.1445	85.8419	98.1445	86.4267	98.1445	85.5846	98.1445	86.4399	98.1445	85.2964	98.1445	86.4824	98.1445	84.9969	98.1445	86.56	98.1445	84.7188	98.1445	86.6758	98.1445	84.5094	98.1445	86.8277	98.1445	84.4253	98.1445	87.0066	98.1445	84.5176	98.1445	87.1947	98.1445	84.807	98.1445	87.3655	98.1445	85.2649	98.1445	87.486	98.1445	85.8179	98.1445	87.521	98.1445	86.3752	98.1445	87.4395	98.1445	86.8591	98.1445	87.2203
101.074	86.531	101.074	86.5542	101.074	86.4742	101.074	86.5516	101.074	86.3772	101.074	86.5321	101.074	86.2348	101.074	86.5048	101.074	86.0438	101.074	86.4793	101.074	85.8042	101.074	86.4655	101.074	85.5206	101.074	86.473	101.074	85.2043	101.074	86.5105	101.074	84.8772	101.074	86.5852	101.074	84.5746	101.074	86.7011	101.074	84.3473	101.074	86.8568	101.074	84.2561	101.074	87.043	101.074	84.3553	101.074	87.2409	101.074	84.6665	101.074	87.4219	101.074	85.1587	101.074	87.5499	101.074	85.7533	101.074	87.5869	101.074	86.3529	101.074	87.4988	101.074	86.8737	101.074	87.2626
105.469	86.7858	105.469	86.8129	105.469	86.7198	105.469	86.8092	105.469	86.608	105.469	86.7837	105.469	86.4449	105.469	86.7459	105.469	86.2274	105.469	86.706	105.469	85.9554	105.469	86.6743	105.469	85.6336	105.469	86.6615	105.469	85.2746	105.469	86.678	105.469	84.9023	105.469	86.7331	105.469	84.5561	105.469	86.8336	105.469	84.2932	105.469	86.9808	105.469	84.1827	105.469	87.1673	105.469	84.2861	105.469	87.3743	105.469	84.6271	105.469	87.5711	105.469	85.1688	105.469	87.7173	105.469	85.8205	105.469	87.7693	105.469	86.4726	105.469	87.6877	105.469	87.0328	105.469	87.4447
108.398	86.9963	108.398	87.0285	108.398	86.9216	108.398	87.0265	108.398	86.7975	108.398	86.9991	108.398	86.6185	108.398	86.9562	108.398	86.3817	108.398	86.9079	108.398	86.0876	108.398	86.8649	108.398	85.742	108.398	86.838	108.398	85.359	108.398	86.8383	108.398	84.9649	108.398	86.876	108.398	84.6026	108.398	86.9594	108.398	84.3328	108.398	87.0916	108.398	84.2264	108.398	87.2671	108.398	84.3438	108.398	87.4684	108.398	84.7039	108.398	87.6651	108.398	85.264	108.398	87.8157	108.398	85.9296	108.398	87.8746	108.398	86.5898	108.398	87.8001	108.398	87.1526	108.398	87.5626
112.793	87.2381	112.793	87.2799	112.793	87.1481	112.793	87.2826	112.793	87.0019	112.793	87.256	112.793	86.7934	112.793	87.2108	112.793	86.5186	112.793	87.1578	112.793	86.1776	112.793	87.1084	112.793	85.7762	112.793	87.0741	112.793	85.3296	112.793	87.0664	112.793	84.8674	112.793	87.0964	112.793	84.4384	112.793	87.1728	112.793	84.1128	112.793	87.2992	112.793	83.9726	112.793	87.4704	112.793	84.0865	112.793	87.6679	112.793	84.4754	112.793	87.8594	112.793	85.0907	112.793	88.0006	112.793	85.827	112.793	88.0423	112.793	86.5616	112.793	87.9392	112.793	87.1929	112.793	87.6594
117.188	87.4065	117.188	87.4284	117.188	87.3333	117.188	87.4086	117.188	87.2005	117.188	87.3579	117.188	87.0014	117.188	87.2875	117.188	86.732	117.188	87.2095	117.188	86.3922	117.188	87.1362	117.188	85.9879	117.188	87.0809	117.188	85.5346	117.188	87.0571	117.188	85.0629	117.188	87.0783	117.188	84.6235	117.188	87.1562	117.188	84.2895	117.188	87.297	117.188	84.1476	117.188	87.4964	117.188	84.2706	117.188	87.735	117.188	84.6806	117.188	87.9762	117.188	85.3253	117.188	88.17	117.188	86.0913	117.188	88.2607	117.188	86.8473	117.188	88.1972	117.188	87.486	117.188	87.9431
120.117	87.5132	120.117	87.5261	120.117	87.4472	120.117	87.4958	120.117	87.3194	120.117	87.4332	120.117	87.1232	120.117	87.35	120.117	86.8547	120.117	87.2581	120.117	86.5142	120.117	87.17	120.117	86.1086	120.117	87.0987	120.117	85.6553	120.117	87.0581	120.117	85.187	120.117	87.0623	120.117	84.7568	120.117	87.1248	120.117	84.4397	120.117	87.2544	120.117	84.3207	120.117	87.45	120.117	84.4673	120.117	87.695	120.117	84.8937	120.117	87.9537	120.117	85.5415	120.117	88.175	120.117	86.2966	120.117	88.3003	120.117	87.0301	120.117	88.275	120.117	87.6381	120.117	88.0594
124.512	87.67	124.512	87.6796	124.512	87.6059	124.512	87.6455	124.512	87.478	124.512	87.5791	124.512	87.2788	124.512	87.4924	124.512	87.0039	124.512	87.3976	124.512	86.6535	124.512	87.307	124.512	86.2349	124.512	87.2333	124.512	85.7669	124.512	87.1899	124.512	85.2849	124.512	87.1909	124.512	84.8464	124.512	87.2495	124.512	84.5306	124.512	87.3751	124.512	84.4238	124.512	87.5673	124.512	84.589	124.512	87.81	124.512	85.0313	124.512	88.0679	124.512	85.6861	124.512	88.2897	124.512	86.4389	124.512	88.4166	124.512	87.1655	124.512	88.3938	124.512	87.7662	124.512	88.1819
128.906	87.7201	128.906	87.7245	128.906	87.6587	128.906	87.6831	128.906	87.5303	128.906	87.608	128.906	87.327	128.906	87.5117	128.906	87.044	128.906	87.4068	128.906	86.6813	128.906	87.3061	128.906	86.2466	128.906	87.2231	128.906	85.7595	128.906	87.1719	128.906	85.2577	128.906	87.1678	128.906	84.8025	128.906	87.2257	128.906	84.4773	128.906	87.3565	128.906	84.3721	128.906	87.5605	128.906	84.5496	128.906	87.821	128.906	85.0118	128.906	88.1004	128.906	85.6904	128.906	88.3435	128.906	86.4681	128.906	88.4874	128.906	87.2178	128.906	88.474	128.906	87.8365	128.906	88.262
133.301	87.8593	133.301	87.8475	133.301	87.8107	133.301	87.7877	133.301	87.6911	133.301	87.6925	133.301	87.4917	133.301	87.575	133.301	87.2067	133.301	87.4485	133.301	86.8355	133.301	87.3263	133.301	86.3852	133.301	87.2222	133.301	85.8755	133.301	87.1514	133.301	85.3455	133.301	87.13	133.301	84.8594	133.301	87.1744	133.301	84.5061	133.301	87.2969	133.301	84.3806	133.301	87.4989	133.301	84.5471	133.301	87.763	133.301	85.0043	133.301	88.0497	133.301	85.679	133.301	88.3013	133.301	86.4523	133.301	88.4526	133.301	87.1977	133.301	88.4445	133.301	87.8131	133.301	88.2359
139.16	87.7802	139.16	87.7487	139.16	87.7497	139.16	87.668	139.16	87.6456	139.16	87.5517	139.16	87.4583	139.16	87.4133	139.16	87.1814	139.16	87.2664	139.16	86.8137	139.16	87.1244	139.16	86.3617	139.16	87.0017	139.16	85.8454	139.16	86.914	139.16	85.3041	139.16	86.8789	139.16	84.8035	139.16	86.9149	139.16	84.4343	139.16	87.036	139.16	84.2924	139.16	87.2446	139.16	84.4416	139.16	87.5224	139.16	84.8794	139.16	87.8266	139.16	85.5339	139.16	88.0953	139.16	86.2903	139.16	88.26	139.16	87.0251	139.16	88.2603	139.16	87.6355	139.16	88.0557
143.555	87.6104	143.555	87.5663	143.555	87.5918	143.555	87.4726	143.555	87.4985	143.555	87.3434	143.555	87.3205	143.555	87.1927	143.555	87.051	143.555	87.0345	143.555	86.6881	143.555	86.8833	143.555	86.2381	143.555	86.7549	143.555	85.72	143.555	86.6671	143.555	85.1731	143.555	86.6403	143.555	84.6634	143.555	86.6954	143.555	84.2836	143.555	86.8481	143.555	84.1337	143.555	87.099	143.555	84.2821	143.555	87.4247	143.555	84.7296	143.555	87.775	143.555	85.4062	143.555	88.0807	143.555	86.1951	143.555	88.2681	143.555	86.9675	143.555	88.2742	143.555	87.613	143.555	88.0587
147.949	87.4425	147.949	87.3813	147.949	87.4371	147.949	87.2664	147.949	87.3539	147.949	87.1113	147.949	87.1838	147.949	86.9303	147.949	86.921	147.949	86.738	147.949	86.5651	147.949	86.5503	147.949	86.1238	147.949	86.3857	147.949	85.6177	147.949	86.2669	147.949	85.0874	147.949	86.2213	147.949	84.5997	147.949	86.278	147.949	84.2463	147.949	86.46	147.949	84.125	147.949	86.7694	147.949	84.3023	147.949	87.1765	147.949	84.7785	147.949	87.6188	147.949	85.4828	147.949	88.0137	147.949	86.296	147.949	88.2773	147.949	87.0844	147.949	88.3408	147.949	87.732	147.949	88.1617
153.809	87.5798	153.809	87.4969	153.809	87.5867	153.809	87.3498	153.809	87.5077	153.809	87.1511	153.809	87.3354	153.809	86.9133	153.809	87.0668	153.809	86.6492	153.809	86.7044	153.809	86.3723	153.809	86.2597	153.809	86.099	153.809	85.7578	153.809	85.8522	153.809	85.242	153.809	85.6658	153.809	84.7787	153.809	85.5852	153.809	84.4521	153.809	85.6589	153.809	84.3458	153.809	85.916	153.809	84.5104	153.809	86.3401	153.809	84.9402	153.809	86.8604	153.809	85.5718	153.809	87.3707	153.809	86.2995	153.809	87.7628	153.809	86.9988	153.809	87.9507	153.809	87.5544	153.809	87.8841
159.668	87.6796	159.668	87.6041	159.668	87.675	159.668	87.4619	159.668	87.5783	159.668	87.2666	159.668	87.3806	159.668	87.0308	159.668	87.0774	159.668	86.7658	159.668	86.6713	159.668	86.4818	159.668	86.1756	159.668	86.1901	159.668	85.6196	159.668	85.9074	159.668	85.0549	159.668	85.6615	159.668	84.5576	159.668	85.4961	159.668	84.2193	159.668	85.4673	159.668	84.1201	159.668	85.6244	159.668	84.2966	159.668	85.9753	159.668	84.7291	159.668	86.4638	159.668	85.3527	159.668	86.9809	159.668	86.0683	159.668	87.4037	159.668	86.7548	159.668	87.6302	159.668	87.2937	159.668	87.5982
165.527	87.8981	165.527	87.8419	165.527	87.873	165.527	87.7183	165.527	87.754	165.527	87.541	165.527	87.5314	165.527	87.3223	165.527	87.2001	165.527	87.0725	165.527	86.7623	165.527	86.7995	165.527	86.2306	165.527	86.5115	165.527	85.6341	165.527	86.2199	165.527	85.024	165.527	85.9457	165.527	84.4763	165.527	85.7252	165.527	84.0824	165.527	85.6118	165.527	83.9228	165.527	85.6623	165.527	84.0362	165.527	85.9043	165.527	84.4107	165.527	86.3024	165.527	84.9923	165.527	86.7568	165.527	85.6908	165.527	87.1391	165.527	86.3843	165.527	87.336	165.527	86.9452	165.527	87.2768
171.387	87.9054	171.387	87.832	171.387	87.8955	171.387	87.6918	171.387	87.7869	171.387	87.5014	171.387	87.5675	171.387	87.2752	171.387	87.2302	171.387	87.0252	171.387	86.7754	171.387	86.7606	171.387	86.2156	171.387	86.4902	171.387	85.5816	171.387	86.2261	171.387	84.929	171.387	85.9887	171.387	84.3416	171.387	85.8127	171.387	83.9194	171.387	85.7464	171.387	83.747	171.387	85.8385	171.387	83.8626	171.387	86.1081	171.387	84.2541	171.387	86.5155	171.387	84.8711	171.387	86.9622	171.387	85.6231	171.387	87.3238	171.387	86.38	171.387	87.4893	171.387	87.003	171.387	87.3878
177.246	87.6043	177.246	87.4984	177.246	87.6269	177.246	87.3264	177.246	87.5502	177.246	87.1051	177.246	87.3616	177.246	86.8489	177.246	87.0537	177.246	86.569	177.246	86.6272	177.246	86.2732	177.246	86.0949	177.246	85.9693	177.246	85.4875	177.246	85.6693	177.246	84.8606	177.246	85.3973	177.246	84.2978	177.246	85.1961	177.246	83.8989	177.246	85.1272	177.246	83.7492	177.246	85.2522	177.246	83.8868	177.246	85.593	177.246	84.2962	177.246	86.0972	177.246	84.9204	177.246	86.6463	177.246	85.6629	177.246	87.101	177.246	86.393	177.246	87.3447	177.246	86.975	177.246	87.3075
183.105	86.9709	183.105	86.8698	183.105	86.9906	183.105	86.7056	183.105	86.9121	183.105	86.4952	183.105	86.7227	183.105	86.252	183.105	86.4162	183.105	85.9845	183.105	85.9962	183.105	85.6971	183.105	85.4805	183.105	85.3935	183.105	84.9065	183.105	85.0835	183.105	84.3357	183.105	84.7918	183.105	83.8512	183.105	84.5692	183.105	83.5406	183.105	84.4936	183.105	83.4677	183.105	84.6471	183.105	83.6545	183.105	85.0607	183.105	84.0876	183.105	85.6683	183.105	84.7251	183.105	86.324	183.105	85.4838	183.105	86.8663	183.105	86.2337	183.105	87.1684	183.105	86.8299	183.105	87.1595
188.965	86.9203	188.965	86.8816	188.965	86.8716	188.965	86.7726	188.965	86.719	188.965	86.6083	188.965	86.4505	188.965	86.3989	188.965	86.0623	188.965	86.1487	188.965	85.5633	188.965	85.8571	188.965	84.9822	188.965	85.5227	188.965	84.3735	188.965	85.1506	188.965	83.8202	188.965	84.7636	188.965	83.4205	188.965	84.4191	188.965	83.2544	188.965	84.2201	188.965	83.3511	188.965	84.2952	188.965	83.6913	188.965	84.7182	188.965	84.24	188.965	85.4231	188.965	84.9572	188.965	86.2239	188.965	85.7685	188.965	86.9146	188.965	86.5451	188.965	87.3409	188.965	87.1351	188.965	87.419
196.289	87.7211	196.289	87.7358	196.289	87.6027	196.289	87.6684	196.289	87.3581	196.289	87.536	196.289	86.9676	196.289	87.3484	196.289	86.4191	196.289	87.1075	196.289	85.7157	196.289	86.8084	196.289	84.8881	196.289	86.4426	196.289	84.0133	196.289	86.0043	196.289	83.2294	196.289	85.5012	196.289	82.713	196.289	84.9735	196.289	82.5888	196.289	84.5226	196.289	82.847	196.289	84.3241	196.289	83.3884	196.289	84.555	196.289	84.1293	196.289	85.2274	196.289	85.0192	196.289	86.1298	196.289	85.9755	196.289	86.9759	196.289	86.8497	196.289	87.5466	196.289	87.4735	196.289	87.7226
203.613	87.8095	203.613	87.7653	203.613	87.7544	203.613	87.6496	203.613	87.5696	203.613	87.484	203.613	87.2249	203.613	87.2815	203.613	86.6936	203.613	87.0453	203.613	85.9563	203.613	86.7699	203.613	85.0101	203.613	86.4441	203.613	83.8882	203.613	86.0547	203.613	82.7008	203.613	85.5936	203.613	81.6841	203.613	85.0687	203.613	81.1653	203.613	84.5249	203.613	81.3329	203.613	84.0729	203.613	82.0635	203.613	83.8917	203.613	83.0914	203.613	84.1315	203.613	84.1965	203.613	84.7519	203.613	85.2122	203.613	85.5161	203.613	85.9972	203.613	86.1575	203.613	86.4437	203.613	86.4948
210.938	87.5541	210.938	87.5101	210.938	87.5319	210.938	87.4175	210.938	87.4199	210.938	87.2856	210.938	87.1915	210.938	87.1162	210.938	86.8214	210.938	86.9046	210.938	86.29	210.938	86.6432	210.938	85.5912	210.938	86.324	210.938	84.7458	210.938	85.9424	210.938	83.8257	210.938	85.5033	210.938	82.9852	210.938	85.0313	210.938	82.4582	210.938	84.5885	210.938	82.444	210.938	84.2906	210.938	82.9423	210.938	84.2853	210.938	83.7655	210.938	84.6538	210.938	84.699	210.938	85.3073	210.938	85.5819	210.938	86.0243	210.938	86.2937	210.938	86.5822	210.938	86.7353	210.938	86.8375
218.262	88.0376	218.262	88.0516	218.262	87.9325	218.262	87.9923	218.262	87.7155	218.262	87.8723	218.262	87.3653	218.262	87.6988	218.262	86.8624	218.262	87.4727	218.262	86.1931	218.262	87.1907	218.262	85.3562	218.262	86.8464	218.262	84.3764	218.262	86.4334	218.262	83.3303	218.262	85.9504	218.262	82.3823	218.262	85.4114	218.262	81.7827	218.262	84.8656	218.262	81.7364	218.262	84.4218	218.262	82.2157	218.262	84.2453	218.262	83.0011	218.262	84.4601	218.262	83.884	218.262	85.0041	218.262	84.7434	218.262	85.638	218.262	85.4924	218.262	86.1062	218.262	86.0289	218.262	86.2506
225.586	88.5068	225.586	88.482	225.586	88.4378	225.586	88.3823	225.586	88.2528	225.586	88.2216	225.586	87.9285	225.586	88.0078	225.586	87.4435	225.586	87.7435	225.586	86.7825	225.586	87.4275	225.586	85.9428	225.586	87.0566	225.586	84.9481	225.586	86.6294	225.586	83.8733	225.586	86.1514	225.586	82.8797	225.586	85.6469	225.586	82.2166	225.586	85.1784	225.586	82.1028	225.586	84.8664	225.586	82.5484	225.586	84.87	225.586	83.3758	225.586	85.2751	225.586	84.3923	225.586	85.9738	225.586	85.4482	225.586	86.7088	225.586	86.3946	225.586	87.2266	225.586	87.0746	225.586	87.3665
232.91	88.6766	232.91	88.6198	232.91	88.6391	232.91	88.4859	232.91	88.4873	232.91	88.2874	232.91	88.2	232.91	88.0315	232.91	87.7565	232.91	87.7199	232.91	87.1402	232.91	87.349	232.91	86.3422	232.91	86.9114	232.91	85.3723	232.91	86.3975	232.91	84.2795	232.91	85.8009	232.91	83.191	232.91	85.1303	232.91	82.3461	232.91	84.4365	232.91	82.0292	232.91	83.8554	232.91	82.3417	232.91	83.6192	232.91	83.0983	232.91	83.9146	232.91	84.0277	232.91	84.6492	232.91	84.9394	232.91	85.4904	232.91	85.7091	232.91	86.1244	232.91	86.2242	232.91	86.3812
241.699	87.9048	241.699	87.8745	241.699	87.8344	241.699	87.7613	241.699	87.6448	241.699	87.5805	241.699	87.3189	241.699	87.3433	241.699	86.8432	241.699	87.0567	241.699	86.2111	241.699	86.7225	241.699	85.4276	241.699	86.3387	241.699	84.5183	241.699	85.9002	241.699	83.5436	241.699	85.4033	241.699	82.617	241.699	84.8552	241.699	81.9056	241.699	84.2956	241.699	81.5721	241.699	83.8304	241.699	81.6673	241.699	83.6419	241.699	82.1065	241.699	83.8834	241.699	82.7748	241.699	84.4867	241.699	83.596	241.699	85.1601	241.699	84.4688	241.699	85.5982	241.699	85.2104	241.699	85.6236
250.488	87.8314	250.488	87.7913	250.488	87.7311	250.488	87.63	250.488	87.4754	250.488	87.3693	250.488	87.0551	250.488	87.0307	250.488	86.4681	250.488	86.6335	250.488	85.7215	250.488	86.1911	250.488	84.8363	250.488	85.7106	250.488	83.8558	250.488	85.1931	250.488	82.8591	250.488	84.6395	250.488	81.9731	250.488	84.0637	250.488	81.3589	250.488	83.5194	250.488	81.1432	250.488	83.1386	250.488	81.337	250.488	83.1263	250.488	81.8563	250.488	83.6111	250.488	82.6234	250.488	84.4497	250.488	83.5822	250.488	85.2963	250.488	84.6002	250.488	85.8359	250.488	85.445	250.488	85.8944
259.277	88.6299	259.277	88.4342	259.277	88.6416	259.277	88.0971	259.277	88.4325	259.277	87.6635	259.277	87.9738	259.277	87.1736	259.277	87.2449	259.277	86.6553	259.277	86.2365	259.277	86.1181	259.277	84.9595	259.277	85.5524	259.277	83.4663	259.277	84.9351	259.277	81.8985	259.277	84.2393	259.277	80.5527	259.277	83.4544	259.277	79.8444	259.277	82.6343	259.277	80.0039	259.277	81.9986	259.277	80.8493	259.277	81.9846	259.277	82.0511	259.277	82.8758	259.277	83.3889	259.277	84.3193	259.277	84.7222	259.277	85.7048	259.277	85.8897	259.277	86.6432	259.277	86.6975	259.277	86.9785
268.066	88.2385	268.066	87.8895	268.066	88.4613	268.066	87.4812	268.066	88.4971	268.066	87.0728	268.066	88.2965	268.066	86.6989	268.066	87.8228	268.066	86.3603	268.066	87.051	268.066	86.0283	268.066	85.9688	268.066	85.6581	268.066	84.5851	268.066	85.1994	268.066	82.9539	268.066	84.5999	268.066	81.2265	268.066	83.8076	268.066	79.7207	268.066	82.7915	268.066	78.8694	268.066	81.6407	268.066	78.8886	268.066	80.8229	268.066	79.6012	268.066	81.1682	268.066	80.7511	268.066	82.6397	268.066	82.1777	268.066	84.2198	268.066	83.6565	268.066	85.22	268.066	84.8428	268.066	85.4223
276.855	87.5377	276.855	87.3608	276.855	87.6632	276.855	87.173	276.855	87.6857	276.855	86.9934	276.855	87.5543	276.855	86.8172	276.855	87.2269	276.855	86.6226	276.855	86.6731	276.855	86.381	276.855	85.877	276.855	86.064	276.855	84.8417	276.855	85.6441	276.855	83.6026	276.855	85.0895	276.855	82.2562	276.855	84.3587	276.855	81.0044	276.855	83.404	276.855	80.161	276.855	82.2224	276.855	80.0108	276.855	81.0618	276.855	80.5985	276.855	80.7541	276.855	81.7475	276.855	81.9385	276.855	83.1816	276.855	83.7386	276.855	84.5474	276.855	85.1257	276.855	85.4825	276.855	85.7193
287.109	88.4591	287.109	88.3388	287.109	88.5069	287.109	88.182	287.109	88.4374	287.109	88.0066	287.109	88.2082	287.109	87.8108	287.109	87.7892	287.109	87.5793	287.109	87.1681	287.109	87.2929	287.109	86.3564	287.109	86.9347	287.109	85.3942	287.109	86.491	287.109	84.3564	287.109	85.9464	287.109	83.3591	287.109	85.2755	287.109	82.5651	287.109	84.4354	287.109	82.1806	287.109	83.3799	287.109	82.3967	287.109	82.1742	287.109	83.2444	287.109	81.3657	287.109	84.5091	287.109	82.0221	287.109	85.8354	287.109	83.9494	287.109	86.8692	287.109	85.8369	287.109	87.3243	287.109	87.0064
297.363	88.2131	297.363	88.1169	297.363	88.1912	297.363	87.9285	297.363	88.017	297.363	87.6635	297.363	87.6551	297.363	87.33	297.363	87.0789	297.363	86.9338	297.363	86.2858	297.363	86.4814	297.363	85.3165	297.363	85.9808	297.363	84.2819	297.363	85.4371	297.363	83.3744	297.363	84.8472	297.363	82.8081	297.363	84.1938	297.363	82.6809	297.363	83.4443	297.363	82.9193	297.363	82.5647	297.363	83.3875	297.363	81.5883	297.363	83.9894	297.363	80.817	297.363	84.6596	297.363	80.9597	297.363	85.3021	297.363	82.2776	297.363	85.7479	297.363	83.9455	297.363	85.7758	297.363	85.1937
307.617	88.9091	307.617	88.5588	307.617	89.1099	307.617	88.1138	307.617	89.1082	307.617	87.6233	307.617	88.8576	307.617	87.1222	307.617	88.3206	307.617	86.6266	307.617	87.4692	307.617	86.1339	307.617	86.2895	307.617	85.6281	307.617	84.7945	307.617	85.0844	307.617	83.0595	307.617	84.4698	307.617	81.2985	307.617	83.7419	307.617	79.9479	307.617	82.8523	307.617	79.4975	307.617	81.7834	307.617	79.968	307.617	80.6828	307.617	80.8812	307.617	80.0888	307.617	81.7739	307.617	80.5885	307.617	82.4388	307.617	81.7755	307.617	82.8936	307.617	82.7852	307.617	83.1977	307.617	83.2378
319.336	87.7864	319.336	87.4561	319.336	88.0244	319.336	87.1069	319.336	88.0903	319.336	86.7848	319.336	87.9162	319.336	86.4967	319.336	87.455	319.336	86.221	319.336	86.6831	319.336	85.9267	319.336	85.6049	319.336	85.5869	319.336	84.2643	319.336	85.1803	319.336	82.766	319.336	84.6821	319.336	81.2968	319.336	84.0488	319.336	80.1035	319.336	83.1997	319.336	79.3859	319.336	82.0048	319.336	79.1794	319.336	80.3373	319.336	79.3857	319.336	78.504	319.336	79.9575	319.336	78.3141	319.336	80.9733	319.336	80.4364	319.336	82.2843	319.336	82.5176	319.336	83.3151	319.336	83.4931
329.59	87.2884	329.59	86.9572	329.59	87.5879	329.59	86.6673	329.59	87.751	329.59	86.4354	329.59	87.675	329.59	86.2328	329.59	87.2791	329.59	86.0192	329.59	86.5106	329.59	85.7693	329.59	85.3483	329.59	85.4773	329.59	83.8219	329.59	85.1464	329.59	82.0587	329.59	84.772	329.59	80.3414	329.59	84.3238	329.59	79.0281	329.59	83.7301	329.59	78.234	329.59	82.8679	329.59	77.7778	329.59	81.5867	329.59	77.6458	329.59	79.9021	329.59	78.2312	329.59	78.733	329.59	79.6863	329.59	79.6381	329.59	81.3536	329.59	81.4627	329.59	82.4496	329.59	82.5311
341.309	87.5034	341.309	87.3213	341.309	87.7034	341.309	87.1585	341.309	87.8541	341.309	86.9685	341.309	87.8464	341.309	86.6999	341.309	87.5697	341.309	86.328	341.309	86.9358	341.309	85.8644	341.309	85.8893	341.309	85.3519	341.309	84.425	341.309	84.8532	341.309	82.6498	341.309	84.4315	341.309	80.9145	341.309	84.1178	341.309	79.828	341.309	83.8695	341.309	79.7179	341.309	83.5422	341.309	80.3253	341.309	82.9066	341.309	81.4316	341.309	81.7795	341.309	82.9704	341.309	80.6059	341.309	84.6254	341.309	81.2229	341.309	85.8676	341.309	83.5671	341.309	86.2463	341.309	85.4895
353.027	88.4985	353.027	88.3218	353.027	88.5794	353.027	88.0539	353.027	88.5393	353.027	87.6851	353.027	88.3331	353.027	87.203	353.027	87.9049	353.027	86.5997	353.027	87.1963	353.027	85.8761	353.027	86.1523	353.027	85.0424	353.027	84.7271	353.027	84.1205	353.027	82.9051	353.027	83.1531	353.027	80.8016	353.027	82.2199	353.027	78.9871	353.027	81.4473	353.027	78.6844	353.027	80.9681	353.027	80.215	353.027	80.8133	353.027	82.4681	353.027	80.887	353.027	84.6083	353.027	81.2139	353.027	86.2097	353.027	82.1708	353.027	86.9969	353.027	83.891	353.027	86.8169	353.027	85.6819
366.211	89.01	366.211	88.7679	366.211	89.248	366.211	88.53	366.211	89.4024	366.211	88.2422	366.211	89.3608	366.211	87.8369	366.211	89.0235	366.211	87.2725	366.211	88.3259	366.211	86.5468	366.211	87.245	366.211	85.6898	366.211	85.8101	366.211	84.7534	366.211	84.1322	366.211	83.8036	366.211	82.4604	366.211	82.916	366.211	81.2324	366.211	82.1529	366.211	80.9643	366.211	81.494	366.211	81.8331	366.211	80.7635	366.211	83.4375	366.211	79.7628	366.211	85.1848	366.211	79.0884	366.211	86.6246	366.211	80.7019	366.211	87.4364	366.211	83.7747	366.211	87.3555	366.211	86.1642
379.395	88.4751	379.395	88.2939	379.395	88.6371	379.395	88.0441	379.395	88.7664	379.395	87.6631	379.395	88.7774	379.395	87.1182	379.395	88.5484	379.395	86.4199	379.395	87.9632	379.395	85.6109	379.395	86.9268	379.395	84.7429	379.395	85.3658	379.395	83.8519	379.395	83.2413	379.395	82.9483	379.395	80.6571	379.395	82.0308	379.395	78.2927	379.395	81.1184	379.395	77.6918	379.395	80.268	379.395	78.9598	379.395	79.5174	379.395	80.6088	379.395	78.7559	379.395	81.9204	379.395	77.7695	379.395	82.701	379.395	76.914	379.395	82.7877	379.395	77.777	379.395	81.9577	379.395	80.0943
392.578	87.9505	392.578	87.5867	392.578	88.3253	392.578	87.233	392.578	88.647	392.578	86.8509	392.578	88.8044	392.578	86.408	392.578	88.6807	392.578	85.8996	392.578	88.1792	392.578	85.3419	392.578	87.228	392.578	84.7502	392.578	85.7733	392.578	84.1206	392.578	83.7779	392.578	83.4233	392.578	81.2555	392.578	82.6048	392.578	78.4998	392.578	81.5876	392.578	76.8229	392.578	80.2637	392.578	77.719	392.578	78.5437	392.578	79.8165	392.578	76.8431	392.578	81.6688	392.578	77.191	392.578	82.9954	392.578	79.878	392.578	83.8559	392.578	82.3809	392.578	84.2075	392.578	83.8071
405.762	86.5271	405.762	86.5539	405.762	86.6125	405.762	86.4912	405.762	86.9084	405.762	86.1972	405.762	87.2919	405.762	85.6398	405.762	87.5226	405.762	84.8781	405.762	87.3996	405.762	84.025	405.762	86.8075	405.762	83.1983	405.762	85.6941	405.762	82.4715	405.762	84.045	405.762	81.8668	405.762	81.8749	405.762	81.4033	405.762	79.2602	405.762	81.1389	405.762	76.5719	405.762	81.0988	405.762	75.0774	405.762	81.0764	405.762	75.898	405.762	80.5107	405.762	77.9918	405.762	78.503	405.762	80.2814	405.762	74.3308	405.762	81.9616	405.762	75.5503	405.762	82.2091	405.762	80.278
420.41	87.3201	420.41	87.1432	420.41	87.2482	420.41	86.7175	420.41	87.0401	420.41	86.1477	420.41	86.8677	420.41	85.5955	420.41	86.8231	420.41	85.1851	420.41	86.814	420.41	84.9204	420.41	86.6361	420.41	84.7043	420.41	86.1063	420.41	84.4205	420.41	85.1115	420.41	83.9783	420.41	83.5974	420.41	83.3023	420.41	81.5629	420.41	82.3152	420.41	79.1578	420.41	80.9877	420.41	77.1553	420.41	79.5953	420.41	77.2446	420.41	79.0158	420.41	79.2473	420.41	79.5631	420.41	81.2325	420.41	80.1651	420.41	82.2139	420.41	80.4026	420.41	81.9767	420.41	81.0141
435.059	88.3131	435.059	88.2062	435.059	88.4272	435.059	88.0679	435.059	88.5018	435.059	87.8295	435.059	88.4176	435.059	87.4523	435.059	88.0504	435.059	86.9453	435.059	87.3314	435.059	86.3497	435.059	86.285	435.059	85.7107	435.059	85.0605	435.059	85.0542	435.059	83.9146	435.059	84.3856	435.059	83.0384	435.059	83.7163	435.059	82.3375	435.059	83.0939	435.059	81.5249	435.059	82.5629	435.059	80.492	435.059	81.9928	435.059	79.6795	435.059	80.9537	435.059	79.8906	435.059	79.173	435.059	81.2701	435.059	78.8524	435.059	83.1103	435.059	81.75	435.059	84.3018	435.059	83.9633
451.172	90.0189	451.172	89.8125	451.172	89.8574	451.172	89.1496	451.172	89.5138	451.172	88.055	451.172	89.1812	451.172	86.677	451.172	88.8917	451.172	85.2802	451.172	88.4688	451.172	84.126	451.172	87.6662	451.172	83.2692	451.172	86.2888	451.172	82.5476	451.172	84.2242	451.172	81.766	451.172	81.5219	451.172	80.7943	451.172	78.8301	451.172	79.6179	451.172	77.8374	451.172	78.6501	451.172	78.9012	451.172	78.9306	451.172	80.7804	451.172	80.2673	451.172	83.0146	451.172	81.0112	451.172	85.0773	451.172	80.4588	451.172	86.1731	451.172	80.6511	451.172	85.7199	451.172	83.4887
465.82	89.8926	465.82	89.1344	465.82	90.3013	465.82	88.0969	465.82	90.3736	465.82	86.9836	465.82	90.1561	465.82	86.1014	465.82	89.6898	465.82	85.6397	465.82	88.9901	465.82	85.4802	465.82	88.0519	465.82	85.3538	465.82	86.8748	465.82	85.0617	465.82	85.4852	465.82	84.4999	465.82	83.9287	465.82	83.5802	465.82	82.2323	465.82	82.1357	465.82	80.5093	465.82	79.854	465.82	79.6344	465.82	76.6065	465.82	81.1238	465.82	75.1423	465.82	84.0099	465.82	77.3287	465.82	86.4744	465.82	78.9229	465.82	87.6587	465.82	81.0252	465.82	87.099	465.82	84.6038
483.398	88.0357	483.398	87.1741	483.398	88.6638	483.398	86.2816	483.398	89.0083	483.398	85.6783	483.398	89.0808	483.398	85.5191	483.398	88.874	483.398	85.6199	483.398	88.338	483.398	85.7102	483.398	87.4111	483.398	85.664	483.398	86.0825	483.398	85.4954	483.398	84.4727	483.398	85.2726	483.398	82.8756	483.398	85.0272	483.398	81.5418	483.398	84.6703	483.398	80.2979	483.398	83.9467	483.398	78.8502	483.398	82.4733	483.398	77.9121	483.398	80.0644	483.398	79.06	483.398	78.097	483.398	81.0175	483.398	78.0131	483.398	81.5105	483.398	76.7004	483.398	79.3361	483.398	75.3523
499.512	88.3221	499.512	88.0208	499.512	88.4635	499.512	87.4927	499.512	88.659	499.512	86.8639	499.512	89.0063	499.512	86.3025	499.512	89.3036	499.512	85.8189	499.512	89.2204	499.512	85.2701	499.512	88.4962	499.512	84.5385	499.512	86.9616	499.512	83.6476	499.512	84.5167	499.512	82.7632	499.512	81.3038	499.512	82.0918	499.512	78.5707	499.512	81.6652	499.512	78.3193	499.512	81.2067	499.512	79.3431	499.512	80.254	499.512	80.1449	499.512	78.3798	499.512	80.5707	499.512	75.992	499.512	80.8512	499.512	76.5319	499.512	81.2308	499.512	79.3998	499.512	81.5608	499.512	81.166
517.09	86.9729	517.09	86.4193	517.09	87.228	517.09	85.9237	517.09	87.0697	517.09	85.7819	517.09	86.6708	517.09	85.8907	517.09	86.3547	517.09	85.9324	517.09	86.233	517.09	85.7064	517.09	86.0217	517.09	85.1716	517.09	85.3252	517.09	84.3688	517.09	83.8725	517.09	83.37	517.09	81.5653	517.09	82.2843	517.09	78.6453	517.09	81.2926	517.09	75.996	517.09	80.5567	517.09	74.3613	517.09	79.9849	517.09	73.5829	517.09	79.3929	517.09	73.8314	517.09	78.9318	517.09	75.3853	517.09	78.3586	517.09	77.0011	517.09	76.699	517.09	76.7922	517.09	75.4308
536.133	88.5936	536.133	87.9197	536.133	89.0452	536.133	87.3476	536.133	89.0745	536.133	87.0344	536.133	88.6924	536.133	86.8146	536.133	88.0696	536.133	86.4433	536.133	87.3784	536.133	85.8127	536.133	86.5887	536.133	84.9532	536.133	85.4628	536.133	83.9628	536.133	83.7479	536.133	82.9538	536.133	81.3678	536.133	82.0306	536.133	78.7172	536.133	81.2556	536.133	76.7766	536.133	80.5218	536.133	75.736	536.133	79.4408	536.133	75.1508	536.133	77.6438	536.133	76.0848	536.133	76.1476	536.133	78.7139	536.133	76.9796	536.133	80.9029	536.133	78.5769	536.133	81.3855	536.133	80.2388
555.176	88.6138	555.176	87.7219	555.176	89.2894	555.176	87.173	555.176	89.5025	555.176	87.2123	555.176	89.3478	555.176	87.3979	555.176	89.0582	555.176	87.2531	555.176	88.7315	555.176	86.6201	555.176	88.2068	555.176	85.5554	555.176	87.2301	555.176	84.2089	555.176	85.6263	555.176	82.7678	555.176	83.3369	555.176	81.4617	555.176	80.4584	555.176	80.5063	555.176	77.6003	555.176	79.7191	555.176	76.6512	555.176	78.2129	555.176	78.3372	555.176	75.3035	555.176	80.9786	555.176	76.0225	555.176	83.3762	555.176	79.7014	555.176	84.3197	555.176	80.8121	555.176	83.1586	555.176	81.125
574.219	87.8725	574.219	87.1117	574.219	88.4997	574.219	87.0113	574.219	88.6698	574.219	87.5845	574.219	88.6401	574.219	88.0039	574.219	88.7065	574.219	87.7744	574.219	88.6858	574.219	86.8376	574.219	88.1337	574.219	85.3424	574.219	86.7873	574.219	83.531	574.219	84.7668	574.219	81.685	574.219	82.8184	574.219	80.2625	574.219	81.6927	574.219	80.0897	574.219	80.5158	574.219	81.0903	574.219	78.4644	574.219	81.6121	574.219	77.9017	574.219	79.7332	574.219	80.3986	574.219	71.3868	574.219	83.8571	574.219	75.512	574.219	85.7424	574.219	80.7768	574.219	84.6823	574.219	82.1643
594.727	87.0225	594.727	87.4607	594.727	87.6428	594.727	88.3764	594.727	88.1544	594.727	88.6311	594.727	87.7953	594.727	87.8957	594.727	86.9529	594.727	86.3303	594.727	86.6983	594.727	84.4605	594.727	87.0037	594.727	83.0848	594.727	86.7097	594.727	82.4457	594.727	85.0481	594.727	81.8381	594.727	81.6609	594.727	80.4082	594.727	77.4387	594.727	77.5619	594.727	75.985	594.727	75.4538	594.727	74.5049	594.727	78.2956	594.727	70.7191	594.727	79.629	594.727	70.8755	594.727	75.4021	594.727	75.8507	594.727	71.2679	594.727	78.0271	594.727	80.6269	594.727	78.1299	594.727	81.0456
615.234	87.2745	615.234	87.606	615.234	87.4313	615.234	87.9456	615.234	87.5902	615.234	87.6871	615.234	87.1194	615.234	86.7286	615.234	86.1485	615.234	85.4638	615.234	85.5791	615.234	84.6089	615.234	85.7071	615.234	84.4336	615.234	85.5964	615.234	84.4234	615.234	84.5515	615.234	84.0264	615.234	82.4983	615.234	82.895	615.234	79.9386	615.234	80.6674	615.234	77.5052	615.234	77.5117	615.234	74.808	615.234	77.8638	615.234	72.7605	615.234	80.545	615.234	74.6553	615.234	79.9154	615.234	79.2617	615.234	70.9063	615.234	81.6447	615.234	73.6504	615.234	81.1406	615.234	79.5733
637.207	89.3639	637.207	88.965	637.207	89.6437	637.207	88.2998	637.207	89.7975	637.207	87.2547	637.207	89.6882	637.207	85.9625	637.207	89.1705	637.207	84.8686	637.207	88.1298	637.207	84.4005	637.207	86.5129	637.207	84.4246	637.207	84.5229	637.207	84.4415	637.207	82.9916	637.207	84.0542	637.207	82.7639	637.207	82.9991	637.207	83.0821	637.207	81.0365	637.207	82.6537	637.207	78.2744	637.207	80.7601	637.207	77.3172	637.207	77.8925	637.207	79.1267	637.207	77.1382	637.207	78.8173	637.207	79.158	637.207	71.393	637.207	80.9201	637.207	72.1027	637.207	81.3783	637.207	79.8626
659.18	88.0324	659.18	88.1201	659.18	88.6232	659.18	88.1822	659.18	89.0401	659.18	87.333	659.18	88.5764	659.18	85.6435	659.18	87.8075	659.18	84.1999	659.18	87.7623	659.18	83.9972	659.18	87.776	659.18	84.3436	659.18	86.5103	659.18	84.4578	659.18	83.1485	659.18	84.1822	659.18	78.4955	659.18	83.4375	659.18	79.869	659.18	81.8598	659.18	81.9767	659.18	78.7116	659.18	81.7064	659.18	75.2999	659.18	80.203	659.18	78.2611	659.18	79.8345	659.18	79.6849	659.18	81.7931	659.18	76.6999	659.18	82.9097	659.18	78.0558	659.18	82.2385	659.18	81.3012
682.617	88.8466	682.617	88.8191	682.617	88.7142	682.617	87.7849	682.617	89.0567	682.617	86.0293	682.617	89.042	682.617	85.188	682.617	87.9937	682.617	85.745	682.617	86.7018	682.617	86.2912	682.617	86.596	682.617	86.3037	682.617	86.5549	682.617	85.9478	682.617	84.8248	682.617	85.436	682.617	79.9702	682.617	84.7559	682.617	68.7535	682.617	83.5041	682.617	75.2662	682.617	80.5859	682.617	77.2241	682.617	73.5904	682.617	75.9065	682.617	77.497	682.617	74.5625	682.617	81.7595	682.617	80.1513	682.617	78.8644	682.617	84.3059	682.617	73.8204	682.617	84.3486	682.617	82.1806
707.52	87.8435	707.52	87.664	707.52	88.2507	707.52	87.2539	707.52	88.6596	707.52	86.4331	707.52	88.5034	707.52	85.6958	707.52	87.6982	707.52	85.442	707.52	86.6943	707.52	85.3372	707.52	85.8819	707.52	85.0003	707.52	84.989	707.52	84.4189	707.52	83.5354	707.52	83.7752	707.52	81.3914	707.52	83.2026	707.52	78.935	707.52	82.5284	707.52	76.2845	707.52	81.0115	707.52	70.183	707.52	76.9043	707.52	64.2321	707.52	71.2562	707.52	69.4435	707.52	77.0264	707.52	76.6687	707.52	74.5877	707.52	81.2425	707.52	73.8705	707.52	80.5332	707.52	80.2374
732.422	88.646	732.422	88.1248	732.422	88.5312	732.422	86.867	732.422	88.6845	732.422	85.9824	732.422	89.1075	732.422	86.1134	732.422	88.907	732.422	86.3081	732.422	87.822	732.422	85.9779	732.422	86.398	732.422	85.2082	732.422	85.1924	732.422	84.2285	732.422	83.8692	732.422	83.1534	732.422	82.0073	732.422	81.9569	732.422	80.1114	732.422	80.4922	732.422	78.7736	732.422	78.1359	732.422	76.8919	732.422	72.9004	732.422	74.2191	732.422	70.9959	732.422	73.8693	732.422	75.8776	732.422	75.584	732.422	72.1084	732.422	78.566	732.422	66.8068	732.422	79.2372	732.422	76.6529
757.324	88.2412	757.324	87.2529	757.324	88.0958	757.324	86.4208	757.324	87.478	757.324	87.2458	757.324	87.482	757.324	88.1087	757.324	87.6194	757.324	87.9007	757.324	87.2616	757.324	86.7259	757.324	86.5373	757.324	85.0433	757.324	85.1972	757.324	83.4197	757.324	82.1815	757.324	82.4345	757.324	76.2362	757.324	82.386	757.324	76.6805	757.324	82.8258	757.324	81.0919	757.324	82.639	757.324	82.041	757.324	80.0351	757.324	80.2653	757.324	68.1701	757.324	77.113	757.324	75.9152	757.324	77.2131	757.324	78.4549	757.324	79.0719	757.324	70.0416	757.324	77.8922	757.324	74.7386
785.156	89.5496	785.156	88.4227	785.156	88.5402	785.156	86.0158	785.156	87.9242	785.156	86.9393	785.156	88.4768	785.156	88.3589	785.156	87.7342	785.156	87.94	785.156	85.9169	785.156	86.3042	785.156	84.6925	785.156	84.6747	785.156	82.5102	785.156	83.8129	785.156	77.9405	785.156	83.4968	785.156	80.755	785.156	83.5155	785.156	83.3646	785.156	83.6989	785.156	81.438	785.156	83.4464	785.156	74.0551	785.156	81.726	785.156	67.9457	785.156	76.4432	785.156	52.9205	785.156	57.4255	785.156	76.2075	785.156	76.2567	785.156	78.2721	785.156	74.0074	785.156	80.2111	785.156	75.0198
811.523	87.6022	811.523	87.5633	811.523	87.0935	811.523	87.1933	811.523	87.0606	811.523	86.6143	811.523	87.9808	811.523	85.7054	811.523	87.9042	811.523	84.7742	811.523	85.5414	811.523	84.3348	811.523	83.1695	811.523	84.4676	811.523	85.914	811.523	84.8499	811.523	87.7182	811.523	85.0117	811.523	86.905	811.523	84.2959	811.523	83.6453	811.523	81.5521	811.523	80.6295	811.523	72.5384	811.523	76.8721	811.523	73.8534	811.523	79.0312	811.523	80.4173	811.523	79.7333	811.523	76.0007	811.523	76.1706	811.523	73.1977	811.523	72.5944	811.523	73.399	811.523	83.3183	811.523	78.9975
840.82	88.3283	840.82	87.666	840.82	87.7447	840.82	86.1312	840.82	88.3586	840.82	86.8632	840.82	88.7242	840.82	87.5701	840.82	87.5503	840.82	86.3024	840.82	87.4202	840.82	83.2797	840.82	88.2269	840.82	80.2735	840.82	86.7818	840.82	79.6123	840.82	81.0977	840.82	79.2552	840.82	62.0627	840.82	76.4328	840.82	77.5107	840.82	63.6194	840.82	78.6281	840.82	75.7433	840.82	74.536	840.82	81.4673	840.82	72.378	840.82	81.4515	840.82	78.6285	840.82	72.9951	840.82	83.3445	840.82	70.7598	840.82	83.1643	840.82	69.4328	840.82	80.5471	840.82	77.2605
870.117	86.2921	870.117	87.5378	870.117	86.8769	870.117	87.8613	870.117	87.2142	870.117	86.133	870.117	85.4551	870.117	84.1147	870.117	83.753	870.117	84.2185	870.117	84.3634	870.117	84.3113	870.117	84.1146	870.117	83.3473	870.117	83.2987	870.117	82.0422	870.117	83.9657	870.117	81.1467	870.117	84.4134	870.117	80.5028	870.117	82.226	870.117	79.2048	870.117	75.2883	870.117	76.3517	870.117	78.3654	870.117	73.9845	870.117	82.0433	870.117	75.2076	870.117	82.2796	870.117	72.5727	870.117	74.3605	870.117	73.0255	870.117	75.5515	870.117	77.3575	870.117	76.2455	870.117	70.4934
900.879	87.83	900.879	88.5028	900.879	86.8508	900.879	87.3915	900.879	88.0572	900.879	86.3397	900.879	87.9797	900.879	85.8622	900.879	85.9149	900.879	84.6431	900.879	85.9161	900.879	83.3475	900.879	86.6974	900.879	83.1344	900.879	84.4145	900.879	83.3683	900.879	77.0326	900.879	83.3016	900.879	75.7239	900.879	82.5389	900.879	79.1142	900.879	80.4142	900.879	75.5804	900.879	74.9937	900.879	66.5923	900.879	64.0256	900.879	77.3554	900.879	75.6358	900.879	78.0923	900.879	74.0329	900.879	68.1869	900.879	73.4088	900.879	74.1241	900.879	70.8427	900.879	76.5581	900.879	75.9861
933.105	88.6249	933.105	88.0161	933.105	89.0997	933.105	87.4572	933.105	88.8259	933.105	86.3431	933.105	87.877	933.105	85.0995	933.105	86.5264	933.105	84.4812	933.105	85.0642	933.105	83.7768	933.105	84.0495	933.105	82.4343	933.105	83.5768	933.105	80.8214	933.105	83.0337	933.105	79.5665	933.105	81.54	933.105	78.9237	933.105	77.6924	933.105	78.6652	933.105	73.7553	933.105	77.7878	933.105	74.7084	933.105	72.8414	933.105	70.9941	933.105	65.0843	933.105	68.4924	933.105	72.9524	933.105	70.9887	933.105	70.7983	933.105	82.1665	933.105	78.9842	933.105	84.4036	933.105	74.3661
965.332	87.3117	965.332	87.5429	965.332	86.5027	965.332	86.8189	965.332	86.2537	965.332	86.1003	965.332	85.4625	965.332	86.0597	965.332	82.9701	965.332	85.7677	965.332	82.2386	965.332	84.3784	965.332	83.3592	965.332	82.0994	965.332	81.9869	965.332	79.9593	965.332	77.6157	965.332	78.6785	965.332	70.5041	965.332	78.7694	965.332	66.1421	965.332	80.4478	965.332	71.4748	965.332	81.7865	965.332	70.2488	965.332	80.1737	965.332	71.8986	965.332	69.341	965.332	71.2355	965.332	71.1271	965.332	64.9926	965.332	65.385	965.332	76.2525	965.332	57.6566	965.332	75.8709	965.332	72.166
1,000.49	88.6847	1,000.49	88.0191	1,000.49	88.7385	1,000.49	87.7964	1,000.49	87.9781	1,000.49	87.0635	1,000.49	87.7263	1,000.49	85.4283	1,000.49	87.4333	1,000.49	83.7988	1,000.49	85.9689	1,000.49	82.2083	1,000.49	83.6959	1,000.49	80.2848	1,000.49	81.8162	1,000.49	78.5938	1,000.49	80.3578	1,000.49	77.6996	1,000.49	78.3503	1,000.49	77.0472	1,000.49	74.9635	1,000.49	75.812	1,000.49	65.5981	1,000.49	74.7095	1,000.49	68.1779	1,000.49	75.3526	1,000.49	71.5486	1,000.49	73.5184	1,000.49	69.6355	1,000.49	67.3662	1,000.49	73.9883	1,000.49	73.4968	1,000.49	77.3184	1,000.49	66.5499	1,000.49	74.8878	1,000.49	74.6294
1,035.64	88.4067	1,035.64	87.0558	1,035.64	88.9116	1,035.64	87.55	1,035.64	88.6038	1,035.64	87.0376	1,035.64	88.8352	1,035.64	84.3898	1,035.64	87.3067	1,035.64	82.6322	1,035.64	83.1153	1,035.64	82.5628	1,035.64	82.1971	1,035.64	81.5986	1,035.64	83.2226	1,035.64	79.4599	1,035.64	81.5957	1,035.64	76.861	1,035.64	78.8309	1,035.64	74.5223	1,035.64	75.7769	1,035.64	70.5169	1,035.64	68.0974	1,035.64	67.94	1,035.64	70.3444	1,035.64	77.3923	1,035.64	63.0219	1,035.64	76.7166	1,035.64	69.9657	1,035.64	67.1822	1,035.64	77.3106	1,035.64	74.2079	1,035.64	82.9643	1,035.64	73.604	1,035.64	82.5076	1,035.64	78.5985
1,072.27	85.9911	1,072.27	85.8259	1,072.27	86.5936	1,072.27	86.2781	1,072.27	86.5098	1,072.27	85.1199	1,072.27	86.7519	1,072.27	82.9796	1,072.27	86.1865	1,072.27	81.7975	1,072.27	84.073	1,072.27	80.2305	1,072.27	82.8197	1,072.27	78.1472	1,072.27	82.1859	1,072.27	77.1622	1,072.27	79.9103	1,072.27	76.7248	1,072.27	75.8277	1,072.27	76.2767	1,072.27	75.3019	1,072.27	75.1672	1,072.27	78.9623	1,072.27	71.9402	1,072.27	77.1142	1,072.27	73.9891	1,072.27	66.0442	1,072.27	76.8794	1,072.27	76.2707	1,072.27	70.3724	1,072.27	73.6813	1,072.27	65.4234	1,072.27	72.8406	1,072.27	72.3565	1,072.27	78.0514	1,072.27	76.3413
1,108.89	86.5759	1,108.89	86.8346	1,108.89	85.6372	1,108.89	86.2762	1,108.89	84.8177	1,108.89	84.8548	1,108.89	84.4585	1,108.89	83.3199	1,108.89	84.7285	1,108.89	82.4511	1,108.89	85.0613	1,108.89	80.6342	1,108.89	84.0285	1,108.89	77.189	1,108.89	81.6922	1,108.89	74.1657	1,108.89	77.3592	1,108.89	72.8693	1,108.89	57.8428	1,108.89	73.0007	1,108.89	72.643	1,108.89	73.6609	1,108.89	70.8579	1,108.89	72.405	1,108.89	54.5867	1,108.89	65.2638	1,108.89	68.2699	1,108.89	69.2947	1,108.89	75.2921	1,108.89	66.1502	1,108.89	75.099	1,108.89	64.3862	1,108.89	69.7432	1,108.89	35.7652	1,108.89	69.4249	1,108.89	68.8036
1,148.44	87.0513	1,148.44	86.9475	1,148.44	86.4019	1,148.44	86.7154	1,148.44	85.001	1,148.44	84.994	1,148.44	84.7531	1,148.44	81.1951	1,148.44	85.1562	1,148.44	79.1227	1,148.44	83.5684	1,148.44	79.125	1,148.44	79.9896	1,148.44	78.7395	1,148.44	79.3913	1,148.44	79.1545	1,148.44	79.292	1,148.44	80.4105	1,148.44	76.6103	1,148.44	80.5414	1,148.44	71.6701	1,148.44	78.5489	1,148.44	74.3944	1,148.44	74.9069	1,148.44	75.7154	1,148.44	73.3492	1,148.44	66.9823	1,148.44	71.9	1,148.44	69.6955	1,148.44	57.4072	1,148.44	76.5663	1,148.44	65.6472	1,148.44	78.7075	1,148.44	68.3312	1,148.44	81.5627	1,148.44	75.0939
1,189.45	88.5886	1,189.45	87.8112	1,189.45	88.444	1,189.45	86.0341	1,189.45	87.6457	1,189.45	83.9837	1,189.45	86.4887	1,189.45	80.7713	1,189.45	85.6239	1,189.45	75.9914	1,189.45	83.6667	1,189.45	76.637	1,189.45	79.7502	1,189.45	78.7809	1,189.45	77.1844	1,189.45	78.5613	1,189.45	75.0396	1,189.45	76.9206	1,189.45	71.248	1,189.45	74.8335	1,189.45	70.4244	1,189.45	73.8098	1,189.45	68.8799	1,189.45	76.17	1,189.45	62.1512	1,189.45	76.3056	1,189.45	64.2769	1,189.45	72.0315	1,189.45	73.0098	1,189.45	73.0115	1,189.45	72.216	1,189.45	69.043	1,189.45	65.1807	1,189.45	68.4845	1,189.45	72.1787	1,189.45	69.817
1,230.47	88.4519	1,230.47	87.7098	1,230.47	88.6617	1,230.47	86.3872	1,230.47	88.3231	1,230.47	83.5452	1,230.47	86.9094	1,230.47	80.5185	1,230.47	84.3379	1,230.47	78.9062	1,230.47	81.4228	1,230.47	77.4414	1,230.47	77.0366	1,230.47	77.6237	1,230.47	75.9035	1,230.47	77.3262	1,230.47	75.0992	1,230.47	75.2559	1,230.47	71.61	1,230.47	72.3789	1,230.47	72.52	1,230.47	70.3535	1,230.47	73.0218	1,230.47	71.0488	1,230.47	66.2119	1,230.47	70.2274	1,230.47	62.2036	1,230.47	57.7958	1,230.47	63.2498	1,230.47	73.1667	1,230.47	72.0253	1,230.47	69.0143	1,230.47	70.9764	1,230.47	67.9003	1,230.47	66.7755	1,230.47	53.7201
1,274.41	87.3566	1,274.41	86.6403	1,274.41	87.9742	1,274.41	85.2752	1,274.41	87.709	1,274.41	82.5755	1,274.41	86.4041	1,274.41	79.8122	1,274.41	84.0247	1,274.41	77.571	1,274.41	80.2444	1,274.41	77.8019	1,274.41	77.9404	1,274.41	79.0058	1,274.41	77.254	1,274.41	77.6767	1,274.41	72.8835	1,274.41	75.1014	1,274.41	55.1271	1,274.41	74.0312	1,274.41	68.5566	1,274.41	71.4753	1,274.41	68.7576	1,274.41	67.241	1,274.41	71.1357	1,274.41	75.386	1,274.41	75.2257	1,274.41	68.5258	1,274.41	74.1242	1,274.41	71.3411	1,274.41	69.4867	1,274.41	55.9316	1,274.41	70.977	1,274.41	51.704	1,274.41	79.5886	1,274.41	77.3229
1,319.82	87.7854	1,319.82	86.9497	1,319.82	88.3184	1,319.82	85.0627	1,319.82	88	1,319.82	82.0072	1,319.82	86.4343	1,319.82	77.5877	1,319.82	83.4863	1,319.82	73.9509	1,319.82	78.7009	1,319.82	76.3189	1,319.82	74.8616	1,319.82	77.8643	1,319.82	69.1255	1,319.82	78.1964	1,319.82	59.7111	1,319.82	77.7746	1,319.82	64.7654	1,319.82	76.7332	1,319.82	69.4812	1,319.82	73.9206	1,319.82	65.3937	1,319.82	71.2699	1,319.82	59.1266	1,319.82	70.4133	1,319.82	70.5138	1,319.82	62.7192	1,319.82	70.6033	1,319.82	59.2045	1,319.82	71.7768	1,319.82	60.8414	1,319.82	71.0763	1,319.82	69.9269	1,319.82	71.2911	1,319.82	74.05
1,366.7	86.199	1,366.7	85.6606	1,366.7	86.4161	1,366.7	83.2111	1,366.7	86.4614	1,366.7	81.4227	1,366.7	84.9594	1,366.7	75.5686	1,366.7	82.5536	1,366.7	72.0255	1,366.7	77.8166	1,366.7	77.7753	1,366.7	73.8044	1,366.7	77.6708	1,366.7	73.1392	1,366.7	76.068	1,366.7	70.7999	1,366.7	75.473	1,366.7	59.8086	1,366.7	77.1599	1,366.7	61.2592	1,366.7	77.8373	1,366.7	64.7444	1,366.7	73.4185	1,366.7	49.4337	1,366.7	70.8837	1,366.7	70.1254	1,366.7	74.5168	1,366.7	72.0152	1,366.7	73.6265	1,366.7	62.4244	1,366.7	67.3014	1,366.7	73.6058	1,366.7	68.013	1,366.7	76.7501	1,366.7	72.0238
1,413.57	86.0432	1,413.57	85.4408	1,413.57	85.8534	1,413.57	84.2657	1,413.57	86.2178	1,413.57	79.9365	1,413.57	85.8799	1,413.57	73.1936	1,413.57	81.3508	1,413.57	76.5326	1,413.57	78.3576	1,413.57	79.191	1,413.57	75.7614	1,413.57	78.9526	1,413.57	65.3556	1,413.57	76.8963	1,413.57	66.7353	1,413.57	74.9663	1,413.57	71.1934	1,413.57	74.3197	1,413.57	70.5817	1,413.57	75.9103	1,413.57	64.9957	1,413.57	76.0729	1,413.57	65.0409	1,413.57	70.327	1,413.57	69.8963	1,413.57	70.4498	1,413.57	73.2472	1,413.57	72.9086	1,413.57	62.9041	1,413.57	65.2719	1,413.57	72.3668	1,413.57	72.8516	1,413.57	73.0668	1,413.57	75.7766
1,463.38	86.5793	1,463.38	86.3223	1,463.38	86.9804	1,463.38	84.1681	1,463.38	86.2875	1,463.38	78.7981	1,463.38	85.0412	1,463.38	72.8845	1,463.38	83.3706	1,463.38	77.5654	1,463.38	75.7118	1,463.38	78.5613	1,463.38	63.804	1,463.38	80.3062	1,463.38	55.1998	1,463.38	79.8201	1,463.38	67.6888	1,463.38	77.6189	1,463.38	66.4614	1,463.38	77.1676	1,463.38	74.7431	1,463.38	76.4455	1,463.38	73.7513	1,463.38	69.0472	1,463.38	69.0734	1,463.38	68.8039	1,463.38	70.4952	1,463.38	70.9388	1,463.38	72.8789	1,463.38	72.1192	1,463.38	69.9716	1,463.38	70.537	1,463.38	62.553	1,463.38	75.5262	1,463.38	71.9505	1,463.38	72.897
1,516.11	87.9851	1,516.11	86.9525	1,516.11	87.8689	1,516.11	83.9232	1,516.11	87.3686	1,516.11	76.1734	1,516.11	84.3835	1,516.11	73.1647	1,516.11	80.6961	1,516.11	77.1896	1,516.11	74.6946	1,516.11	80.4489	1,516.11	64.736	1,516.11	81.861	1,516.11	71.8402	1,516.11	80.0527	1,516.11	76.5983	1,516.11	77.4999	1,516.11	71.707	1,516.11	77.4296	1,516.11	65.2506	1,516.11	78.1431	1,516.11	75.0763	1,516.11	77.5576	1,516.11	73.5464	1,516.11	71.1624	1,516.11	75.2151	1,516.11	69.2538	1,516.11	79.0777	1,516.11	67.2874	1,516.11	65.9145	1,516.11	71.992	1,516.11	69.5099	1,516.11	52.786	1,516.11	66.2125	1,516.11	78.2194
1,568.85	87.8347	1,568.85	86.9148	1,568.85	87.705	1,568.85	84.1331	1,568.85	87.7611	1,568.85	78.9653	1,568.85	85.2726	1,568.85	67.8939	1,568.85	81.592	1,568.85	81.498	1,568.85	75.7346	1,568.85	83.697	1,568.85	75.479	1,568.85	81.8734	1,568.85	77.3082	1,568.85	80.6134	1,568.85	76.2111	1,568.85	80.3415	1,568.85	75.8959	1,568.85	77.2135	1,568.85	75.2443	1,568.85	73.2558	1,568.85	67.9245	1,568.85	78.0007	1,568.85	66.8255	1,568.85	74.6879	1,568.85	63.7097	1,568.85	72.1426	1,568.85	71.5347	1,568.85	64.3001	1,568.85	70.3535	1,568.85	70.5532	1,568.85	64.2442	1,568.85	74.2977	1,568.85	74.411	1,568.85	67.7131
1,624.51	87.4146	1,624.51	86.1148	1,624.51	88.1402	1,624.51	84.3969	1,624.51	87.1595	1,624.51	74.428	1,624.51	86.151	1,624.51	74.609	1,624.51	82.1207	1,624.51	82.0976	1,624.51	74.5786	1,624.51	83.6667	1,624.51	74.8924	1,624.51	82.4101	1,624.51	79.4528	1,624.51	81.6276	1,624.51	78.3938	1,624.51	80.4965	1,624.51	75.9564	1,624.51	76.8236	1,624.51	78.3401	1,624.51	66.4584	1,624.51	74.7462	1,624.51	73.4866	1,624.51	70.3716	1,624.51	77.1606	1,624.51	76.997	1,624.51	62.744	1,624.51	78.5014	1,624.51	75.3609	1,624.51	71.7119	1,624.51	71.7663	1,624.51	68.3193	1,624.51	69.343	1,624.51	73.9844	1,624.51	73.6505
1,681.64	86.7224	1,681.64	85.725	1,681.64	87.2476	1,681.64	83.3943	1,681.64	85.6221	1,681.64	75.3301	1,681.64	82.3779	1,681.64	73.6362	1,681.64	79.0204	1,681.64	83.0119	1,681.64	76.5776	1,681.64	84.7279	1,681.64	77.723	1,681.64	84.1069	1,681.64	81.1939	1,681.64	84.3494	1,681.64	81.8559	1,681.64	83.2099	1,681.64	77.2646	1,681.64	82.7955	1,681.64	55.773	1,681.64	82.1505	1,681.64	76.5984	1,681.64	75.9612	1,681.64	45.0646	1,681.64	75.4145	1,681.64	72.1453	1,681.64	71.9669	1,681.64	74.6043	1,681.64	63.891	1,681.64	67.6785	1,681.64	71.4472	1,681.64	64.501	1,681.64	71.1149	1,681.64	73.0198	1,681.64	72.7184
1,741.7	87.0519	1,741.7	86.829	1,741.7	87.5013	1,741.7	83.542	1,741.7	84.7967	1,741.7	68.8781	1,741.7	82.1553	1,741.7	74.5055	1,741.7	76.2381	1,741.7	83.3342	1,741.7	72.6494	1,741.7	84.3339	1,741.7	75.6618	1,741.7	85.4165	1,741.7	78.9117	1,741.7	84.5074	1,741.7	80.986	1,741.7	77.9472	1,741.7	78.1218	1,741.7	69.0686	1,741.7	77.5035	1,741.7	70.7822	1,741.7	77.0143	1,741.7	65.9112	1,741.7	78.4166	1,741.7	73.8317	1,741.7	61.75	1,741.7	73.3073	1,741.7	66.7352	1,741.7	74.8123	1,741.7	67.0466	1,741.7	66.3414	1,741.7	63.1769	1,741.7	65.5541	1,741.7	76.4335	1,741.7	76.5923
1,803.22	87.8653	1,803.22	87.3652	1,803.22	87.2394	1,803.22	83.7798	1,803.22	85.5547	1,803.22	73.7956	1,803.22	83.866	1,803.22	78.6704	1,803.22	81.3346	1,803.22	83.6703	1,803.22	81.2339	1,803.22	85.1822	1,803.22	81.7297	1,803.22	85.1486	1,803.22	79.0691	1,803.22	82.5815	1,803.22	81.1478	1,803.22	80.1539	1,803.22	78.915	1,803.22	77.2395	1,803.22	75.7504	1,803.22	47.5686	1,803.22	74.3956	1,803.22	76.4399	1,803.22	70.4765	1,803.22	70.4379	1,803.22	74.5238	1,803.22	73.1076	1,803.22	75.8236	1,803.22	70.3686	1,803.22	78.8797	1,803.22	67.047	1,803.22	68.3151	1,803.22	73.4922	1,803.22	64.588	1,803.22	69.1505
1,866.21	88.3962	1,866.21	87.7116	1,866.21	87.7964	1,866.21	84.4518	1,866.21	86.9923	1,866.21	75.0814	1,866.21	83.9813	1,866.21	78.0644	1,866.21	81.0331	1,866.21	83.0838	1,866.21	82.2996	1,866.21	84.8343	1,866.21	81.5721	1,866.21	84.172	1,866.21	80.2141	1,866.21	82.8747	1,866.21	79.4173	1,866.21	81.6884	1,866.21	69.8902	1,866.21	79.4327	1,866.21	67.7275	1,866.21	77.7491	1,866.21	73.9558	1,866.21	63.8412	1,866.21	73.7377	1,866.21	72.2399	1,866.21	73.8884	1,866.21	73.6999	1,866.21	78.8508	1,866.21	64.4917	1,866.21	74.9672	1,866.21	64.2033	1,866.21	60.7341	1,866.21	64.1966	1,866.21	66.047	1,866.21	72.4445
1,932.13	87.5836	1,932.13	86.8745	1,932.13	87.4515	1,932.13	84.8532	1,932.13	85.9788	1,932.13	77.6253	1,932.13	84.1585	1,932.13	75.9814	1,932.13	80.8552	1,932.13	83.4445	1,932.13	79.8152	1,932.13	85.4755	1,932.13	82.2508	1,932.13	85.2022	1,932.13	80.1118	1,932.13	83.4963	1,932.13	79.3368	1,932.13	79.9544	1,932.13	78.5003	1,932.13	78.3783	1,932.13	75.6059	1,932.13	76.1428	1,932.13	67.7264	1,932.13	70.2222	1,932.13	71.3082	1,932.13	76.7234	1,932.13	78.2463	1,932.13	58.0623	1,932.13	76.2102	1,932.13	73.8203	1,932.13	77.7722	1,932.13	72.2997	1,932.13	72.3065	1,932.13	76.539	1,932.13	70.7704	1,932.13	60.4034
1,999.51	87.9053	1,999.51	86.4907	1,999.51	87.4222	1,999.51	84.7034	1,999.51	85.481	1,999.51	80.3839	1,999.51	83.1469	1,999.51	78.2539	1,999.51	81.2292	1,999.51	82.9909	1,999.51	82.6545	1,999.51	85.4474	1,999.51	83.0784	1,999.51	85.8851	1,999.51	82.91	1,999.51	84.9838	1,999.51	80.1327	1,999.51	81.8756	1,999.51	68.4515	1,999.51	77.6378	1,999.51	71.039	1,999.51	75.6839	1,999.51	67.1829	1,999.51	59.4681	1,999.51	63.7684	1,999.51	73.6638	1,999.51	75.1814	1,999.51	54.7026	1,999.51	76.8179	1,999.51	72.4321	1,999.51	78.205	1,999.51	71.814	1,999.51	67.4799	1,999.51	68.2971	1,999.51	61.9193	1,999.51	74.5719
2,069.82	88.7028	2,069.82	86.8101	2,069.82	88.5906	2,069.82	83.7282	2,069.82	86.3464	2,069.82	80.9651	2,069.82	82.7059	2,069.82	82.0031	2,069.82	82.7958	2,069.82	84.9722	2,069.82	82.4647	2,069.82	84.8312	2,069.82	83.1774	2,069.82	84.7166	2,069.82	81.9836	2,069.82	84.1789	2,069.82	80.3597	2,069.82	82.6514	2,069.82	78.7425	2,069.82	77.0312	2,069.82	75.8534	2,069.82	71.3786	2,069.82	73.176	2,069.82	76.7672	2,069.82	69.6032	2,069.82	68.5512	2,069.82	75.5468	2,069.82	74.4445	2,069.82	71.6871	2,069.82	70.3477	2,069.82	77.5972	2,069.82	68.9587	2,069.82	72.0432	2,069.82	74.2671	2,069.82	67.7535	2,069.82	71.7401
2,143.07	87.6761	2,143.07	87.6216	2,143.07	87.7353	2,143.07	85.7908	2,143.07	86.0159	2,143.07	81.8253	2,143.07	84.6771	2,143.07	81.1931	2,143.07	84.1525	2,143.07	83.482	2,143.07	83.9679	2,143.07	85.4837	2,143.07	81.153	2,143.07	85.5428	2,143.07	81.5445	2,143.07	82.4771	2,143.07	81.0164	2,143.07	78.6136	2,143.07	74.4667	2,143.07	75.346	2,143.07	68.0284	2,143.07	68.8821	2,143.07	71.402	2,143.07	77.8371	2,143.07	72.8216	2,143.07	76.272	2,143.07	72.7989	2,143.07	72.1394	2,143.07	71.7782	2,143.07	70.3662	2,143.07	67.2304	2,143.07	63.7985	2,143.07	60.6696	2,143.07	56.3794	2,143.07	67.472	2,143.07	75.4004
2,219.24	87.8713	2,219.24	86.9155	2,219.24	87.0293	2,219.24	85.4973	2,219.24	85.0054	2,219.24	83.477	2,219.24	84.4928	2,219.24	81.8243	2,219.24	84.7875	2,219.24	84.0378	2,219.24	84.3858	2,219.24	85.5684	2,219.24	83.8106	2,219.24	84.8032	2,219.24	82.1218	2,219.24	84.2837	2,219.24	82.4338	2,219.24	82.1667	2,219.24	78.7673	2,219.24	83.4419	2,219.24	70.8381	2,219.24	80.8893	2,219.24	74.4227	2,219.24	71.0368	2,219.24	67.3261	2,219.24	76.4736	2,219.24	78.9916	2,219.24	71.5471	2,219.24	78.2068	2,219.24	62.5392	2,219.24	61.445	2,219.24	52.9548	2,219.24	75.5376	2,219.24	67.0582	2,219.24	70.8996	2,219.24	69.1464
2,296.88	89.2292	2,296.88	87.3885	2,296.88	87.9447	2,296.88	84.8721	2,296.88	84.9592	2,296.88	84.416	2,296.88	84.3823	2,296.88	81.6957	2,296.88	84.881	2,296.88	83.5725	2,296.88	84.4858	2,296.88	85.4546	2,296.88	84.7891	2,296.88	85.0758	2,296.88	84.7591	2,296.88	85.2929	2,296.88	82.6497	2,296.88	84.4659	2,296.88	79.449	2,296.88	75.2219	2,296.88	72.5908	2,296.88	80.4454	2,296.88	74.9794	2,296.88	75.4271	2,296.88	72.5957	2,296.88	76.5741	2,296.88	76.5506	2,296.88	68.5846	2,296.88	80.5463	2,296.88	58.0364	2,296.88	73.0616	2,296.88	67.7105	2,296.88	71.8451	2,296.88	72.8515	2,296.88	62.7177	2,296.88	64.5187
2,378.91	88.6688	2,378.91	87.8964	2,378.91	88.4029	2,378.91	85.6095	2,378.91	87.517	2,378.91	85.5798	2,378.91	84.3642	2,378.91	84.3583	2,378.91	84.2659	2,378.91	83.6622	2,378.91	83.7045	2,378.91	85.5678	2,378.91	85.7411	2,378.91	86.3375	2,378.91	84.5118	2,378.91	83.0328	2,378.91	85.6908	2,378.91	78.7509	2,378.91	80.7073	2,378.91	74.8001	2,378.91	64.9048	2,378.91	66.2427	2,378.91	68.6335	2,378.91	78.4627	2,378.91	62.8781	2,378.91	64.0907	2,378.91	80.3428	2,378.91	67.2362	2,378.91	79.7897	2,378.91	69.9985	2,378.91	78.9273	2,378.91	69.2691	2,378.91	77.1579	2,378.91	52.3876	2,378.91	69.0376	2,378.91	67.7413
2,462.4	87.721	2,462.4	87.3117	2,462.4	86.739	2,462.4	87.4284	2,462.4	86.9982	2,462.4	85.6591	2,462.4	86.9345	2,462.4	84.6023	2,462.4	83.1482	2,462.4	82.6262	2,462.4	85.2997	2,462.4	83.6544	2,462.4	85.9013	2,462.4	84.5325	2,462.4	86.2627	2,462.4	84.1081	2,462.4	83.7609	2,462.4	80.8343	2,462.4	81.8445	2,462.4	83.5598	2,462.4	79.6765	2,462.4	82.3937	2,462.4	70.3658	2,462.4	66.9563	2,462.4	73.839	2,462.4	79.5906	2,462.4	74.3943	2,462.4	74.9867	2,462.4	78.4433	2,462.4	68.2545	2,462.4	78.8615	2,462.4	66.3979	2,462.4	77.8778	2,462.4	69.656	2,462.4	71.1872	2,462.4	76.7582
2,548.83	87.7061	2,548.83	87.4835	2,548.83	87.1432	2,548.83	85.2358	2,548.83	85.201	2,548.83	86.1511	2,548.83	85.4435	2,548.83	84.557	2,548.83	85.2421	2,548.83	83.3488	2,548.83	87.0041	2,548.83	84.7458	2,548.83	87.5832	2,548.83	84.9868	2,548.83	84.6897	2,548.83	86.5582	2,548.83	84.0844	2,548.83	84.268	2,548.83	78.9151	2,548.83	74.0894	2,548.83	74.5833	2,548.83	77.7726	2,548.83	72.1144	2,548.83	70.4147	2,548.83	71.7976	2,548.83	73.2361	2,548.83	70.8422	2,548.83	63.8545	2,548.83	69.9222	2,548.83	70.057	2,548.83	73.8277	2,548.83	69.2065	2,548.83	69.9879	2,548.83	70.8512	2,548.83	63.2335	2,548.83	67.6261
2,639.65	88.9559	2,639.65	87.8862	2,639.65	88.6566	2,639.65	86.6158	2,639.65	87.102	2,639.65	87.1744	2,639.65	83.922	2,639.65	85.8721	2,639.65	84.4366	2,639.65	83.844	2,639.65	87.1607	2,639.65	84.2428	2,639.65	88.2933	2,639.65	84.3636	2,639.65	85.6538	2,639.65	80.5783	2,639.65	82.6842	2,639.65	78.7579	2,639.65	80.6204	2,639.65	83.0397	2,639.65	71.3366	2,639.65	71.3277	2,639.65	71.4964	2,639.65	79.9636	2,639.65	70.1833	2,639.65	69.725	2,639.65	77.6166	2,639.65	73.3923	2,639.65	74.8713	2,639.65	71.3342	2,639.65	66.3841	2,639.65	66.979	2,639.65	60.4923	2,639.65	67.4228	2,639.65	70.946	2,639.65	69.465
2,731.93	86.7867	2,731.93	87.2312	2,731.93	87.4913	2,731.93	87.5354	2,731.93	87.9481	2,731.93	87.0215	2,731.93	84.8634	2,731.93	85.9754	2,731.93	85.4826	2,731.93	82.4483	2,731.93	87.2794	2,731.93	82.3977	2,731.93	87.6266	2,731.93	84.5478	2,731.93	87.1102	2,731.93	85.0727	2,731.93	82.849	2,731.93	83.6975	2,731.93	75.5378	2,731.93	74.6998	2,731.93	76.7676	2,731.93	78.9565	2,731.93	74.2451	2,731.93	74.1688	2,731.93	67.4146	2,731.93	66.0444	2,731.93	79.6455	2,731.93	72.143	2,731.93	77.9619	2,731.93	67.0196	2,731.93	75.9949	2,731.93	68.6919	2,731.93	73.7141	2,731.93	68.0425	2,731.93	68.2608	2,731.93	72.0008
2,828.61	87.2183	2,828.61	86.7087	2,828.61	86.9883	2,828.61	86.5859	2,828.61	85.6736	2,828.61	87.154	2,828.61	86.2075	2,828.61	87.6803	2,828.61	87.4283	2,828.61	83.7649	2,828.61	86.9433	2,828.61	84.9841	2,828.61	86.5386	2,828.61	85.2673	2,828.61	85.4416	2,828.61	83.8726	2,828.61	83.9425	2,828.61	78.3127	2,828.61	78.0864	2,828.61	80.3062	2,828.61	74.6521	2,828.61	72.5251	2,828.61	71.296	2,828.61	76.5064	2,828.61	59.0257	2,828.61	69.786	2,828.61	78.8646	2,828.61	64.7586	2,828.61	78.651	2,828.61	70.7763	2,828.61	77.7034	2,828.61	61.2042	2,828.61	74.0476	2,828.61	59.9565	2,828.61	71.401	2,828.61	59.5252
2,928.22	87.4137	2,928.22	86.8457	2,928.22	88.6385	2,928.22	86.747	2,928.22	85.5578	2,928.22	87.3703	2,928.22	85.0342	2,928.22	86.491	2,928.22	87.1346	2,928.22	84.7903	2,928.22	87.381	2,928.22	82.254	2,928.22	85.9688	2,928.22	83.6068	2,928.22	85.0997	2,928.22	83.7326	2,928.22	84.1402	2,928.22	81.9927	2,928.22	77.5347	2,928.22	79.7525	2,928.22	65.3875	2,928.22	68.5692	2,928.22	58.6688	2,928.22	77.9545	2,928.22	59.6656	2,928.22	68.7737	2,928.22	72.5335	2,928.22	70.9791	2,928.22	76.8709	2,928.22	65.5598	2,928.22	77.5239	2,928.22	49.3506	2,928.22	73.2943	2,928.22	67.0882	2,928.22	72.6952	2,928.22	71.3303
3,030.76	86.8207	3,030.76	86.6703	3,030.76	88.3471	3,030.76	87.2727	3,030.76	86.828	3,030.76	87.6295	3,030.76	86.558	3,030.76	87.3066	3,030.76	85.8821	3,030.76	83.3752	3,030.76	86.9596	3,030.76	83.5226	3,030.76	86.5191	3,030.76	85.7198	3,030.76	85.3626	3,030.76	85.1084	3,030.76	82.7107	3,030.76	81.0598	3,030.76	78.7981	3,030.76	79.566	3,030.76	68.1381	3,030.76	74.2764	3,030.76	71.6105	3,030.76	79.4006	3,030.76	64.8861	3,030.76	69.7948	3,030.76	67.2773	3,030.76	68.1572	3,030.76	72.978	3,030.76	65.6085	3,030.76	71.8681	3,030.76	61.2049	3,030.76	64.1131	3,030.76	69.3767	3,030.76	66.1216	3,030.76	71.1758
3,137.7	87.397	3,137.7	86.282	3,137.7	87.1569	3,137.7	87.2927	3,137.7	85.8879	3,137.7	87.4539	3,137.7	87.7306	3,137.7	87.1171	3,137.7	85.8363	3,137.7	84.3368	3,137.7	85.7544	3,137.7	83.31	3,137.7	86.598	3,137.7	83.7402	3,137.7	86.0199	3,137.7	82.9087	3,137.7	84.2784	3,137.7	83.9704	3,137.7	79.0326	3,137.7	81.3568	3,137.7	77.2614	3,137.7	69.9249	3,137.7	74.4594	3,137.7	69.438	3,137.7	67.3784	3,137.7	67.2272	3,137.7	75.5809	3,137.7	63.4858	3,137.7	69.8358	3,137.7	67.3414	3,137.7	67.721	3,137.7	70.4536	3,137.7	69.879	3,137.7	72.8141	3,137.7	73.1082	3,137.7	69.101
3,249.02	87.9256	3,249.02	85.643	3,249.02	88.0581	3,249.02	86.4241	3,249.02	86.2275	3,249.02	87.8421	3,249.02	87.1112	3,249.02	87.6291	3,249.02	87.6308	3,249.02	84.2199	3,249.02	86.1124	3,249.02	81.1417	3,249.02	86.0467	3,249.02	85.3353	3,249.02	85.3341	3,249.02	84.0738	3,249.02	85.4239	3,249.02	79.8106	3,249.02	79.7914	3,249.02	78.6276	3,249.02	76.2716	3,249.02	70.5159	3,249.02	68.9553	3,249.02	73.7843	3,249.02	64.9153	3,249.02	67.2759	3,249.02	74.7373	3,249.02	67.6979	3,249.02	71.2961	3,249.02	65.4763	3,249.02	73.2546	3,249.02	66.5481	3,249.02	73.1941	3,249.02	67.7447	3,249.02	72.6638	3,249.02	69.0371
3,363.28	88.122	3,363.28	86.0884	3,363.28	87.2883	3,363.28	87.1917	3,363.28	87.2349	3,363.28	87.026	3,363.28	86.7319	3,363.28	86.8801	3,363.28	85.9017	3,363.28	84.4835	3,363.28	86.0169	3,363.28	82.8236	3,363.28	86.8655	3,363.28	83.9892	3,363.28	85.4781	3,363.28	84.1354	3,363.28	84.1552	3,363.28	84.582	3,363.28	81.6878	3,363.28	76.8453	3,363.28	69.7669	3,363.28	81.2215	3,363.28	64.296	3,363.28	73.5123	3,363.28	65.9513	3,363.28	73.0292	3,363.28	66.9804	3,363.28	73.7538	3,363.28	73.4272	3,363.28	55.6964	3,363.28	75.3051	3,363.28	58.2082	3,363.28	72.0743	3,363.28	68.5182	3,363.28	68.8956	3,363.28	68.2729
3,481.93	88.0673	3,481.93	86.4983	3,481.93	87.1744	3,481.93	86.5991	3,481.93	87.3653	3,481.93	87.7351	3,481.93	86.2866	3,481.93	87.9296	3,481.93	86.0228	3,481.93	85.0412	3,481.93	85.5067	3,481.93	81.732	3,481.93	86.26	3,481.93	84.2331	3,481.93	86.8747	3,481.93	83.4625	3,481.93	84.8112	3,481.93	82.2329	3,481.93	82.0823	3,481.93	81.0234	3,481.93	70.8652	3,481.93	69.4239	3,481.93	73.3307	3,481.93	66.5361	3,481.93	63.498	3,481.93	71.4573	3,481.93	58.4774	3,481.93	73.6276	3,481.93	72.2912	3,481.93	63.5634	3,481.93	73.3873	3,481.93	64.5825	3,481.93	67.9376	3,481.93	68.2029	3,481.93	68.495	3,481.93	66.3652
3,604.98	87.8038	3,604.98	87.1752	3,604.98	87.5187	3,604.98	86.2252	3,604.98	88.0276	3,604.98	87.381	3,604.98	86.7207	3,604.98	86.9696	3,604.98	86.1466	3,604.98	84.867	3,604.98	85.9524	3,604.98	81.2897	3,604.98	85.7459	3,604.98	84.6129	3,604.98	85.5608	3,604.98	83.8835	3,604.98	84.467	3,604.98	83.0127	3,604.98	79.3096	3,604.98	71.0873	3,604.98	71.066	3,604.98	78.9423	3,604.98	67.0917	3,604.98	69.526	3,604.98	66.7459	3,604.98	56.9651	3,604.98	69.4534	3,604.98	65.53	3,604.98	73.0903	3,604.98	60.974	3,604.98	74.556	3,604.98	62.7011	3,604.98	70.6361	3,604.98	57.9058	3,604.98	69.694	3,604.98	65.2296
3,732.42	88.2162	3,732.42	87.4978	3,732.42	87.6776	3,732.42	86.8039	3,732.42	87.9594	3,732.42	86.6395	3,732.42	86.6677	3,732.42	87.4929	3,732.42	86.827	3,732.42	85.4051	3,732.42	86.0992	3,732.42	80.259	3,732.42	86.6043	3,732.42	83.516	3,732.42	85.5406	3,732.42	83.402	3,732.42	83.6751	3,732.42	80.4947	3,732.42	77.6438	3,732.42	83.2618	3,732.42	67.4467	3,732.42	72.976	3,732.42	71.144	3,732.42	70.9007	3,732.42	55.3477	3,732.42	57.7441	3,732.42	70.1311	3,732.42	70.1595	3,732.42	72.6261	3,732.42	65.0662	3,732.42	73.2873	3,732.42	63.6791	3,732.42	73.9914	3,732.42	59.2982	3,732.42	72.7929	3,732.42	58.2533
3,864.26	87.8214	3,864.26	87.3155	3,864.26	88.5364	3,864.26	86.4885	3,864.26	87.825	3,864.26	86.8971	3,864.26	86.1108	3,864.26	86.8627	3,864.26	86.0981	3,864.26	85.7674	3,864.26	85.893	3,864.26	80.1382	3,864.26	85.2848	3,864.26	82.7238	3,864.26	85.2435	3,864.26	83.2785	3,864.26	83.1323	3,864.26	81.7684	3,864.26	79.2977	3,864.26	77.3193	3,864.26	73.5523	3,864.26	74.8711	3,864.26	64.4409	3,864.26	60.0139	3,864.26	60.4904	3,864.26	71.948	3,864.26	62.792	3,864.26	73.1247	3,864.26	68.5165	3,864.26	64.2964	3,864.26	68.2007	3,864.26	54.8315	3,864.26	72.4841	3,864.26	67.0476	3,864.26	66.8048	3,864.26	66.4658
4,000.49	87.8563	4,000.49	88.0593	4,000.49	88.7569	4,000.49	87.3641	4,000.49	87.502	4,000.49	86.2015	4,000.49	86.7518	4,000.49	86.9576	4,000.49	87.0354	4,000.49	85.8924	4,000.49	85.9165	4,000.49	82.0719	4,000.49	84.5528	4,000.49	81.2605	4,000.49	83.6759	4,000.49	83.5786	4,000.49	80.6359	4,000.49	82.3506	4,000.49	76.0782	4,000.49	78.4222	4,000.49	75.7668	4,000.49	67.0936	4,000.49	58.5557	4,000.49	73.9618	4,000.49	60.1667	4,000.49	68.9055	4,000.49	53.8237	4,000.49	69.5845	4,000.49	72.0042	4,000.49	54.5147	4,000.49	69.2098	4,000.49	59.2864	4,000.49	69.9859	4,000.49	66.5467	4,000.49	69.0087	4,000.49	71.0071
4,141.11	88.3548	4,141.11	87.9925	4,141.11	88.5834	4,141.11	87.7536	4,141.11	87.935	4,141.11	85.7721	4,141.11	87.5128	4,141.11	86.7348	4,141.11	87.3998	4,141.11	86.0612	4,141.11	85.3427	4,141.11	80.4222	4,141.11	84.7116	4,141.11	82.0889	4,141.11	83.4513	4,141.11	82.0106	4,141.11	78.5408	4,141.11	81.5025	4,141.11	70.7635	4,141.11	79.4065	4,141.11	77.2578	4,141.11	76.4753	4,141.11	55.243	4,141.11	69.5892	4,141.11	67.0393	4,141.11	59.7962	4,141.11	70.1149	4,141.11	66.7633	4,141.11	69.0888	4,141.11	65.6201	4,141.11	66.0399	4,141.11	57.4784	4,141.11	72.502	4,141.11	68.5501	4,141.11	69.9471	4,141.11	66.3351
4,287.6	88.7064	4,287.6	87.7086	4,287.6	88.824	4,287.6	88.4081	4,287.6	87.7949	4,287.6	86.707	4,287.6	88.3646	4,287.6	85.9253	4,287.6	87.0631	4,287.6	85.6707	4,287.6	84.7354	4,287.6	81.2137	4,287.6	83.8833	4,287.6	79.7215	4,287.6	83.3098	4,287.6	82.8521	4,287.6	84.078	4,287.6	79.3938	4,287.6	76.8054	4,287.6	71.0414	4,287.6	72.6584	4,287.6	72.9452	4,287.6	63.2624	4,287.6	65.3405	4,287.6	61.7438	4,287.6	57.4235	4,287.6	74.7853	4,287.6	65.8417	4,287.6	67.8577	4,287.6	67.2997	4,287.6	65.3553	4,287.6	66.1432	4,287.6	68.7083	4,287.6	66.8471	4,287.6	64.594	4,287.6	65.9577
4,438.48	88.8813	4,438.48	88.3411	4,438.48	88.153	4,438.48	88.2883	4,438.48	88.587	4,438.48	87.008	4,438.48	88.6361	4,438.48	86.0294	4,438.48	86.3039	4,438.48	85.7454	4,438.48	85.6368	4,438.48	81.009	4,438.48	83.4955	4,438.48	80.9701	4,438.48	85.3897	4,438.48	81.5552	4,438.48	85.4616	4,438.48	81.3974	4,438.48	82.1688	4,438.48	80.5735	4,438.48	73.4782	4,438.48	67.7727	4,438.48	61.4755	4,438.48	59.0378	4,438.48	67.6481	4,438.48	60.7323	4,438.48	73.1211	4,438.48	70.5841	4,438.48	70.9971	4,438.48	64.2484	4,438.48	69.0166	4,438.48	57.2539	4,438.48	66.4553	4,438.48	63.2845	4,438.48	69.1484	4,438.48	65.4578
4,595.21	88.6695	4,595.21	87.849	4,595.21	88.8549	4,595.21	88.3073	4,595.21	89.0454	4,595.21	87.3243	4,595.21	88.0633	4,595.21	86.1085	4,595.21	86.0194	4,595.21	85.0494	4,595.21	85.3463	4,595.21	80.8457	4,595.21	84.6656	4,595.21	79.4052	4,595.21	84.6316	4,595.21	82.1278	4,595.21	83.7762	4,595.21	79.203	4,595.21	79.2086	4,595.21	77.5016	4,595.21	73.2012	4,595.21	67.4461	4,595.21	67.4603	4,595.21	74.0029	4,595.21	60.8145	4,595.21	71.3485	4,595.21	58.6137	4,595.21	58.7266	4,595.21	67.5077	4,595.21	66.7274	4,595.21	72.9673	4,595.21	60.9383	4,595.21	73.2708	4,595.21	69.4066	4,595.21	71.6756	4,595.21	71.4983
4,756.35	88.7585	4,756.35	88.2128	4,756.35	88.2726	4,756.35	88.2505	4,756.35	89.114	4,756.35	87.3191	4,756.35	87.5821	4,756.35	86.2527	4,756.35	86.1763	4,756.35	85.8058	4,756.35	85.2055	4,756.35	79.6817	4,756.35	84.7506	4,756.35	79.7982	4,756.35	83.2326	4,756.35	80.66	4,756.35	82.7606	4,756.35	80.7389	4,756.35	78.2514	4,756.35	73.9249	4,756.35	71.6639	4,756.35	74.8755	4,756.35	59.9564	4,756.35	60.4913	4,756.35	64.9126	4,756.35	69.3493	4,756.35	70.5859	4,756.35	67.896	4,756.35	75.5009	4,756.35	55.5921	4,756.35	71.5486	4,756.35	66.8501	4,756.35	69.9165	4,756.35	68.9338	4,756.35	68.3174	4,756.35	68.3119
4,924.8	88.5078	4,924.8	88.0804	4,924.8	89.2669	4,924.8	88.1471	4,924.8	89.2919	4,924.8	87.2917	4,924.8	86.8101	4,924.8	86.5298	4,924.8	86.5812	4,924.8	85.6798	4,924.8	84.8539	4,924.8	80.777	4,924.8	84.6942	4,924.8	78.5668	4,924.8	83.0064	4,924.8	81.7266	4,924.8	81.3599	4,924.8	78.262	4,924.8	79.7137	4,924.8	77.5527	4,924.8	66.9153	4,924.8	59.5861	4,924.8	64.1405	4,924.8	68.3626	4,924.8	33.3135	4,924.8	61.1138	4,924.8	66.8967	4,924.8	45.2188	4,924.8	73.8824	4,924.8	67.7362	4,924.8	66.74	4,924.8	64.4189	4,924.8	62.4843	4,924.8	62.1229	4,924.8	67.1348	4,924.8	60.9625
5,097.66	88.4999	5,097.66	88.0569	5,097.66	88.8534	5,097.66	87.8201	5,097.66	88.7818	5,097.66	87.7464	5,097.66	87.6821	5,097.66	85.8546	5,097.66	85.7374	5,097.66	85.76	5,097.66	84.954	5,097.66	82.0042	5,097.66	83.8936	5,097.66	77.7681	5,097.66	84.1618	5,097.66	80.4232	5,097.66	81.7814	5,097.66	79.8142	5,097.66	72.4653	5,097.66	72.613	5,097.66	68.4607	5,097.66	72.605	5,097.66	63.1163	5,097.66	65.8365	5,097.66	60.6005	5,097.66	68.0993	5,097.66	68.9525	5,097.66	55.4314	5,097.66	68.5635	5,097.66	65.554	5,097.66	64.2736	5,097.66	51.7055	5,097.66	64.5923	5,097.66	62.0088	5,097.66	63.4249	5,097.66	62.012
5,277.83	88.4935	5,277.83	88.134	5,277.83	89.6304	5,277.83	87.6186	5,277.83	88.5159	5,277.83	87.335	5,277.83	87.082	5,277.83	85.4947	5,277.83	85.9326	5,277.83	85.6725	5,277.83	85.5395	5,277.83	82.4321	5,277.83	84.4859	5,277.83	77.6246	5,277.83	83.7825	5,277.83	82.2827	5,277.83	83.1018	5,277.83	77.281	5,277.83	75.095	5,277.83	78.8423	5,277.83	68.5047	5,277.83	63.5009	5,277.83	63.6418	5,277.83	75.1685	5,277.83	65.6394	5,277.83	71.2062	5,277.83	74.1471	5,277.83	68.1284	5,277.83	67.3985	5,277.83	60.9496	5,277.83	64.5849	5,277.83	64.0005	5,277.83	61.6047	5,277.83	59.7311	5,277.83	64.8535	5,277.83	61.0882
5,463.87	88.7764	5,463.87	88.1081	5,463.87	89.3993	5,463.87	87.5457	5,463.87	88.2056	5,463.87	87.1255	5,463.87	87.0362	5,463.87	85.269	5,463.87	85.5144	5,463.87	85.0674	5,463.87	85.6937	5,463.87	83.1296	5,463.87	83.7549	5,463.87	76.669	5,463.87	82.768	5,463.87	80.9795	5,463.87	81.9641	5,463.87	75.2464	5,463.87	74.9075	5,463.87	72.1766	5,463.87	71.3001	5,463.87	71.5055	5,463.87	65.5261	5,463.87	69.9731	5,463.87	52.3102	5,463.87	71.1515	5,463.87	62.7861	5,463.87	64.0964	5,463.87	54.7161	5,463.87	64.963	5,463.87	45.095	5,463.87	59.81	5,463.87	65.3285	5,463.87	47.2392	5,463.87	69.8818	5,463.87	62.514
5,657.23	88.7812	5,657.23	88.0767	5,657.23	89.0706	5,657.23	87.7884	5,657.23	88.2953	5,657.23	86.6468	5,657.23	86.7358	5,657.23	84.798	5,657.23	85.7257	5,657.23	85.3447	5,657.23	84.3232	5,657.23	83.55	5,657.23	84.0037	5,657.23	75.2369	5,657.23	82.5791	5,657.23	79.0669	5,657.23	79.9713	5,657.23	75.8599	5,657.23	75.6134	5,657.23	73.2701	5,657.23	75.4663	5,657.23	65.976	5,657.23	64.9032	5,657.23	65.058	5,657.23	61.4956	5,657.23	61.2127	5,657.23	71.8973	5,657.23	65.3071	5,657.23	74.8451	5,657.23	58.3732	5,657.23	64.1698	5,657.23	63.1429	5,657.23	55.6788	5,657.23	52.6939	5,657.23	66.9514	5,657.23	56.4726
5,856.45	88.8713	5,856.45	88.4135	5,856.45	89.2194	5,856.45	87.4651	5,856.45	88.0626	5,856.45	86.1951	5,856.45	87.4794	5,856.45	84.662	5,856.45	86.1189	5,856.45	85.3339	5,856.45	84.4006	5,856.45	84.0481	5,856.45	83.8798	5,856.45	76.6312	5,856.45	82.3258	5,856.45	79.461	5,856.45	81.3584	5,856.45	78.9887	5,856.45	77.716	5,856.45	71.7905	5,856.45	72.1712	5,856.45	66.7283	5,856.45	64.1082	5,856.45	64.8032	5,856.45	55.0884	5,856.45	68.3934	5,856.45	70.3532	5,856.45	68.8873	5,856.45	72.112	5,856.45	61.9508	5,856.45	68.1475	5,856.45	64.0137	5,856.45	59.0752	5,856.45	45.7847	5,856.45	68.8729	5,856.45	53.2556
6,062.99	89.4472	6,062.99	88.5272	6,062.99	89.1504	6,062.99	87.4598	6,062.99	88.073	6,062.99	86.3754	6,062.99	87.1505	6,062.99	84.6978	6,062.99	85.6312	6,062.99	85.055	6,062.99	84.6049	6,062.99	83.7124	6,062.99	83.6499	6,062.99	75.3655	6,062.99	82.855	6,062.99	78.7983	6,062.99	81.6368	6,062.99	78.9829	6,062.99	76.6127	6,062.99	71.8729	6,062.99	68.8408	6,062.99	72.6674	6,062.99	63.219	6,062.99	68.8803	6,062.99	65.5416	6,062.99	65.5749	6,062.99	64.3444	6,062.99	69.1126	6,062.99	65.2387	6,062.99	58.1659	6,062.99	71.3914	6,062.99	58.7164	6,062.99	64.3948	6,062.99	58.5415	6,062.99	52.3672	6,062.99	56.3663
6,276.86	89.3707	6,276.86	88.6794	6,276.86	89.128	6,276.86	87.2601	6,276.86	88.306	6,276.86	86.6778	6,276.86	87.1724	6,276.86	85.1267	6,276.86	85.2161	6,276.86	84.8556	6,276.86	84.42	6,276.86	83.641	6,276.86	82.3905	6,276.86	74.6446	6,276.86	81.9213	6,276.86	78.7495	6,276.86	80.8539	6,276.86	77.5521	6,276.86	76.6784	6,276.86	74.6745	6,276.86	68.8798	6,276.86	66.3123	6,276.86	62.7643	6,276.86	66.2301	6,276.86	58.8578	6,276.86	60.8829	6,276.86	58.6721	6,276.86	61.9814	6,276.86	67.504	6,276.86	63.0645	6,276.86	67.4697	6,276.86	56.3577	6,276.86	54.684	6,276.86	65.1418	6,276.86	54.4333	6,276.86	57.1008
6,498.05	88.994	6,498.05	88.6665	6,498.05	88.9035	6,498.05	87.4785	6,498.05	88.1861	6,498.05	86.7635	6,498.05	86.8036	6,498.05	85.036	6,498.05	86.4486	6,498.05	84.1262	6,498.05	84.4156	6,498.05	83.9058	6,498.05	83.0481	6,498.05	75.8726	6,498.05	81.5934	6,498.05	78.2161	6,498.05	80.9174	6,498.05	77.883	6,498.05	77.1097	6,498.05	72.7131	6,498.05	72.1559	6,498.05	71.2394	6,498.05	59.0816	6,498.05	76.8277	6,498.05	63.7804	6,498.05	57.8776	6,498.05	68.951	6,498.05	65.4719	6,498.05	68.5374	6,498.05	57.3816	6,498.05	64.0685	6,498.05	60.3488	6,498.05	65.5181	6,498.05	60.7045	6,498.05	61.2007	6,498.05	61.0501
6,726.56	89.1686	6,726.56	88.7245	6,726.56	89.1269	6,726.56	87.2965	6,726.56	87.9105	6,726.56	86.7115	6,726.56	86.9242	6,726.56	84.91	6,726.56	85.9598	6,726.56	83.846	6,726.56	83.6021	6,726.56	83.2531	6,726.56	82.6197	6,726.56	77.9913	6,726.56	81.6442	6,726.56	77.3117	6,726.56	81.5435	6,726.56	79.6569	6,726.56	72.8499	6,726.56	69.0612	6,726.56	69.6336	6,726.56	70.7737	6,726.56	59.7996	6,726.56	74.2116	6,726.56	57.4345	6,726.56	59.4673	6,726.56	67.0551	6,726.56	68.5843	6,726.56	68.7295	6,726.56	61.96	6,726.56	60.619	6,726.56	57.8699	6,726.56	71.7621	6,726.56	43.8951	6,726.56	64.9521	6,726.56	58.611
6,963.87	89.2506	6,963.87	88.4355	6,963.87	88.7659	6,963.87	86.996	6,963.87	87.6502	6,963.87	86.6501	6,963.87	87.2413	6,963.87	84.5443	6,963.87	85.3651	6,963.87	83.9184	6,963.87	83.6576	6,963.87	82.6796	6,963.87	81.7257	6,963.87	78.0798	6,963.87	82.7711	6,963.87	76.1075	6,963.87	79.5094	6,963.87	78.6503	6,963.87	71.8494	6,963.87	74.9861	6,963.87	60.5594	6,963.87	67.174	6,963.87	59.8428	6,963.87	70.8915	6,963.87	62.9398	6,963.87	60.7291	6,963.87	62.574	6,963.87	64.4207	6,963.87	67.6784	6,963.87	63.7574	6,963.87	69.3623	6,963.87	66.1111	6,963.87	65.4378	6,963.87	64.0912	6,963.87	55.5581	6,963.87	53.4981
7,209.96	89.0153	7,209.96	88.6359	7,209.96	88.4528	7,209.96	86.8457	7,209.96	87.6847	7,209.96	85.8459	7,209.96	86.6148	7,209.96	84.8178	7,209.96	85.3873	7,209.96	83.432	7,209.96	83.2504	7,209.96	81.5319	7,209.96	83.1356	7,209.96	79.2873	7,209.96	82.3523	7,209.96	75.0834	7,209.96	80.278	7,209.96	78.2232	7,209.96	78.5211	7,209.96	73.4187	7,209.96	71.0324	7,209.96	68.4539	7,209.96	52.054	7,209.96	76.2428	7,209.96	62.7657	7,209.96	51.3175	7,209.96	60.4995	7,209.96	62.3366	7,209.96	62.6041	7,209.96	69.1509	7,209.96	62.6729	7,209.96	60.4597	7,209.96	66.9746	7,209.96	59.1734	7,209.96	62.8906	7,209.96	52.0714
7,464.84	89.1516	7,464.84	88.8418	7,464.84	88.3744	7,464.84	87.0113	7,464.84	87.5014	7,464.84	85.3765	7,464.84	86.9633	7,464.84	84.4389	7,464.84	84.9824	7,464.84	82.7632	7,464.84	83.5029	7,464.84	80.8893	7,464.84	83.2629	7,464.84	79.4389	7,464.84	81.1639	7,464.84	74.2733	7,464.84	79.7938	7,464.84	77.4484	7,464.84	76.5916	7,464.84	70.129	7,464.84	70.4922	7,464.84	61.5952	7,464.84	56.9291	7,464.84	65.6832	7,464.84	65.4756	7,464.84	61.7534	7,464.84	61.0388	7,464.84	60.0642	7,464.84	58.3647	7,464.84	58.363	7,464.84	55.2851	7,464.84	59.4746	7,464.84	59.662	7,464.84	45.1417	7,464.84	50.1061	7,464.84	53.7017
7,727.05	88.7877	7,727.05	88.5912	7,727.05	88.0695	7,727.05	86.8934	7,727.05	87.8744	7,727.05	85.5006	7,727.05	86.9254	7,727.05	84.3869	7,727.05	84.0491	7,727.05	82.7381	7,727.05	83.9322	7,727.05	81.5108	7,727.05	81.6134	7,727.05	79.4246	7,727.05	81.006	7,727.05	74.2154	7,727.05	80.3701	7,727.05	77.0922	7,727.05	72.7488	7,727.05	73.9343	7,727.05	65.6619	7,727.05	66.0257	7,727.05	63.7781	7,727.05	66.6809	7,727.05	61.8795	7,727.05	66.922	7,727.05	63.2782	7,727.05	60.4929	7,727.05	48.2768	7,727.05	67.9553	7,727.05	64.9185	7,727.05	59.1328	7,727.05	67.6079	7,727.05	58.1822	7,727.05	58.2803	7,727.05	56.451
7,999.51	88.6328	7,999.51	88.6292	7,999.51	88.0036	7,999.51	87.4058	7,999.51	88.0925	7,999.51	85.4366	7,999.51	86.5055	7,999.51	84.1525	7,999.51	84.8187	7,999.51	82.474	7,999.51	83.2337	7,999.51	81.147	7,999.51	82.2356	7,999.51	79.0953	7,999.51	79.8336	7,999.51	74.0524	7,999.51	77.5605	7,999.51	75.2187	7,999.51	71.2321	7,999.51	71.8664	7,999.51	63.872	7,999.51	65.6264	7,999.51	52.6444	7,999.51	64.5134	7,999.51	45.2614	7,999.51	61.0205	7,999.51	47.2865	7,999.51	51.7284	7,999.51	58.654	7,999.51	54.3861	7,999.51	57.6674	7,999.51	63.6393	7,999.51	62.3729	7,999.51	62.0026	7,999.51	57.1961	7,999.51	55.1969
8,282.23	88.4603	8,282.23	88.8445	8,282.23	88.5599	8,282.23	88.113	8,282.23	87.8967	8,282.23	85.4971	8,282.23	87.1484	8,282.23	84.2931	8,282.23	84.828	8,282.23	81.8008	8,282.23	82.4464	8,282.23	80.5815	8,282.23	81.8532	8,282.23	78.4222	8,282.23	81.2803	8,282.23	73.6225	8,282.23	76.943	8,282.23	74.441	8,282.23	74.9848	8,282.23	69.7917	8,282.23	65.3789	8,282.23	68.4885	8,282.23	49.7743	8,282.23	63.5101	8,282.23	59.4756	8,282.23	61.6755	8,282.23	64.394	8,282.23	62.888	8,282.23	58.8907	8,282.23	60.1073	8,282.23	56.7915	8,282.23	62.6761	8,282.23	62.9232	8,282.23	59.1821	8,282.23	49.7892	8,282.23	50.3561
8,573.73	88.3615	8,573.73	88.8108	8,573.73	88.3386	8,573.73	87.9071	8,573.73	88.1473	8,573.73	85.9894	8,573.73	87.046	8,573.73	84.6206	8,573.73	84.8971	8,573.73	81.4659	8,573.73	82.8146	8,573.73	80.282	8,573.73	81.3575	8,573.73	79.3071	8,573.73	80.5729	8,573.73	73.3035	8,573.73	79.9655	8,573.73	73.5437	8,573.73	75.2778	8,573.73	68.8474	8,573.73	68.7267	8,573.73	66.3384	8,573.73	55.4654	8,573.73	57.8338	8,573.73	48.9844	8,573.73	66.698	8,573.73	66.0912	8,573.73	62.0974	8,573.73	66.1148	8,573.73	54.9066	8,573.73	56.3276	8,573.73	66.8265	8,573.73	53.171	8,573.73	57.5019	8,573.73	51.0358	8,573.73	53.7553
8,876.95	87.7097	8,876.95	88.3189	8,876.95	88.328	8,876.95	87.3868	8,876.95	88.4032	8,876.95	86.1595	8,876.95	86.7132	8,876.95	84.6855	8,876.95	85.2326	8,876.95	81.6248	8,876.95	83.3463	8,876.95	80.9256	8,876.95	81.1247	8,876.95	79.3069	8,876.95	79.5182	8,876.95	74.2082	8,876.95	79.3238	8,876.95	69.5543	8,876.95	75.135	8,876.95	68.1488	8,876.95	65.3466	8,876.95	67.0446	8,876.95	60.3448	8,876.95	61.8467	8,876.95	52.8258	8,876.95	56.1	8,876.95	57.668	8,876.95	67.7785	8,876.95	59.8358	8,876.95	63.2369	8,876.95	65.1116	8,876.95	65.8498	8,876.95	59.1674	8,876.95	55.7004	8,876.95	48.5235	8,876.95	57.4119
9,188.96	88.1039	9,188.96	88.0646	9,188.96	88.5625	9,188.96	87.3394	9,188.96	87.9305	9,188.96	86.4407	9,188.96	86.4215	9,188.96	85.1244	9,188.96	85.4994	9,188.96	82.0018	9,188.96	83.807	9,188.96	81.0938	9,188.96	81.1756	9,188.96	79.112	9,188.96	80.3959	9,188.96	72.8438	9,188.96	79.6194	9,188.96	71.1354	9,188.96	74.0263	9,188.96	71.2398	9,188.96	60.2573	9,188.96	62.3203	9,188.96	55.3524	9,188.96	63.5464	9,188.96	54.7958	9,188.96	65.4885	9,188.96	61.813	9,188.96	59.5707	9,188.96	62.8693	9,188.96	43.294	9,188.96	54.2619	9,188.96	67.2256	9,188.96	59.3161	9,188.96	55.1179	9,188.96	58.1087	9,188.96	39.9891
9,514.16	87.4637	9,514.16	87.5988	9,514.16	88.1445	9,514.16	87.5339	9,514.16	87.7546	9,514.16	86.6717	9,514.16	86.584	9,514.16	85.3597	9,514.16	86.0529	9,514.16	82.7553	9,514.16	83.0645	9,514.16	81.1053	9,514.16	80.9554	9,514.16	77.7209	9,514.16	80.4429	9,514.16	73.7831	9,514.16	78.5245	9,514.16	68.6163	9,514.16	70.2012	9,514.16	68.2069	9,514.16	61.1315	9,514.16	62.6509	9,514.16	51.7979	9,514.16	53.916	9,514.16	43.473	9,514.16	59.2841	9,514.16	62.5833	9,514.16	64.2593	9,514.16	62.4636	9,514.16	63.6781	9,514.16	65.5218	9,514.16	62.8709	9,514.16	54.6653	9,514.16	57.4146	9,514.16	55.4557	9,514.16	52.5551
9,849.61	87.1494	9,849.61	87.1745	9,849.61	88.1388	9,849.61	87.46	9,849.61	87.5641	9,849.61	86.4062	9,849.61	86.8603	9,849.61	85.1842	9,849.61	86.0471	9,849.61	83.1027	9,849.61	83.449	9,849.61	80.5395	9,849.61	80.7506	9,849.61	77.1967	9,849.61	79.5149	9,849.61	72.4213	9,849.61	76.6806	9,849.61	63.7258	9,849.61	71.4537	9,849.61	66.999	9,849.61	58.5138	9,849.61	62.1903	9,849.61	56.1948	9,849.61	60.537	9,849.61	55.1102	9,849.61	65.143	9,849.61	61.4173	9,849.61	60.6633	9,849.61	60.4416	9,849.61	56.9847	9,849.61	53.7184	9,849.61	61.576	9,849.61	49.8213	9,849.61	57.7346	9,849.61	48.4481	9,849.61	60.9042
10,196.8	87.3942	10,196.8	86.8458	10,196.8	88.0569	10,196.8	87.2374	10,196.8	87.3025	10,196.8	85.8337	10,196.8	87.0716	10,196.8	84.7744	10,196.8	85.8528	10,196.8	83.207	10,196.8	83.072	10,196.8	80.1104	10,196.8	80.4636	10,196.8	77.7233	10,196.8	79.9664	10,196.8	71.2956	10,196.8	77.4956	10,196.8	62.7397	10,196.8	73.0425	10,196.8	66.8607	10,196.8	47.0944	10,196.8	55.9854	10,196.8	47.512	10,196.8	65.3823	10,196.8	52.0218	10,196.8	66.1351	10,196.8	59.4549	10,196.8	62.8727	10,196.8	58.0883	10,196.8	62.1003	10,196.8	51.9402	10,196.8	61.1428	10,196.8	45.6948	10,196.8	51.9984	10,196.8	40.0301	10,196.8	54.6699
10,555.7	87.6123	10,555.7	87.0441	10,555.7	87.8247	10,555.7	87.0299	10,555.7	87.3399	10,555.7	85.913	10,555.7	87.3276	10,555.7	83.9769	10,555.7	85.567	10,555.7	82.2641	10,555.7	83.2161	10,555.7	79.1123	10,555.7	80.6778	10,555.7	77.7445	10,555.7	79.2934	10,555.7	68.85	10,555.7	75.9596	10,555.7	63.8664	10,555.7	68.4378	10,555.7	64.9253	10,555.7	60.2136	10,555.7	58.7104	10,555.7	41.645	10,555.7	61.1934	10,555.7	57.6102	10,555.7	60.2146	10,555.7	56.721	10,555.7	64.3597	10,555.7	50.0024	10,555.7	62.0068	10,555.7	63.1692	10,555.7	63.1345	10,555.7	52.7528	10,555.7	57.7297	10,555.7	46.5521	10,555.7	58.8191
10,927.7	87.6579	10,927.7	87.2614	10,927.7	87.5698	10,927.7	86.9284	10,927.7	87.3543	10,927.7	85.7613	10,927.7	87.1603	10,927.7	83.5702	10,927.7	85.3423	10,927.7	81.6982	10,927.7	83.0385	10,927.7	78.4427	10,927.7	81.289	10,927.7	76.1724	10,927.7	78.6081	10,927.7	66.8206	10,927.7	73.7649	10,927.7	61.9165	10,927.7	67.7096	10,927.7	62.9164	10,927.7	51.1707	10,927.7	61.8487	10,927.7	52.946	10,927.7	53.9615	10,927.7	53.1661	10,927.7	65.5915	10,927.7	53.6571	10,927.7	54.2295	10,927.7	60.7713	10,927.7	59.7142	10,927.7	60.3132	10,927.7	62.2639	10,927.7	49.8232	10,927.7	58.8479	10,927.7	51.9869	10,927.7	51.5006
11,313	87.576	11,313	87.2964	11,313	87.3016	11,313	86.9832	11,313	87.2882	11,313	85.4628	11,313	86.829	11,313	83.5901	11,313	84.8658	11,313	81.124	11,313	83.2494	11,313	77.7171	11,313	80.2329	11,313	75.452	11,313	77.1326	11,313	66.8243	11,313	72.7643	11,313	61.4089	11,313	68.0649	11,313	60.7186	11,313	54.1967	11,313	59.313	11,313	47.3113	11,313	52.605	11,313	51.7379	11,313	64.5044	11,313	59.7977	11,313	63.3528	11,313	60.7078	11,313	58.0459	11,313	57.3632	11,313	62.2507	11,313	51.306	11,313	57.0681	11,313	55.6273	11,313	38.3765
11,712.9	87.8352	11,712.9	87.423	11,712.9	87.4829	11,712.9	86.9854	11,712.9	87.3441	11,712.9	85.3787	11,712.9	86.5531	11,712.9	83.7343	11,712.9	84.3185	11,712.9	80.7707	11,712.9	82.8641	11,712.9	77.2918	11,712.9	78.884	11,712.9	74.2911	11,712.9	76.1019	11,712.9	68.3114	11,712.9	72.7956	11,712.9	59.4406	11,712.9	66.331	11,712.9	59.1536	11,712.9	55.4327	11,712.9	46.7782	11,712.9	48.86	11,712.9	60.8141	11,712.9	44.6649	11,712.9	45.9231	11,712.9	58.1651	11,712.9	47.1919	11,712.9	59.9656	11,712.9	57.8307	11,712.9	59.7837	11,712.9	61.4281	11,712.9	52.0237	11,712.9	47.1506	11,712.9	35.3838	11,712.9	49.3645
12,126	88.3312	12,126	87.8449	12,126	87.478	12,126	86.9286	12,126	87.8643	12,126	85.5205	12,126	86.0512	12,126	83.6437	12,126	84.2977	12,126	80.3026	12,126	82.1306	12,126	77.3591	12,126	77.745	12,126	73.8567	12,126	75.1553	12,126	69.656	12,126	72.4406	12,126	60.9047	12,126	66.1082	12,126	61.5912	12,126	55.3538	12,126	54.5802	12,126	52.7594	12,126	64.7785	12,126	33.3034	12,126	58.3803	12,126	50.9518	12,126	60.0068	12,126	41.9097	12,126	48.7217	12,126	60.1116	12,126	59.5618	12,126	54.981	12,126	59.4524	12,126	47.5745	12,126	48.8547
12,553.7	88.4699	12,553.7	88.1674	12,553.7	87.8773	12,553.7	87.0263	12,553.7	88.1041	12,553.7	85.4878	12,553.7	86.0617	12,553.7	83.1437	12,553.7	84.4193	12,553.7	80.1825	12,553.7	81.3348	12,553.7	76.9495	12,553.7	76.7405	12,553.7	74.3523	12,553.7	75.041	12,553.7	70.3503	12,553.7	70.9953	12,553.7	61.6891	12,553.7	62.6521	12,553.7	56.6271	12,553.7	46.067	12,553.7	62.5611	12,553.7	51.4352	12,553.7	58.8755	12,553.7	48.7186	12,553.7	62.6545	12,553.7	46.7421	12,553.7	57.4874	12,553.7	51.7053	12,553.7	44.1931	12,553.7	61.5045	12,553.7	54.8957	12,553.7	58.8194	12,553.7	56.6161	12,553.7	45.47	12,553.7	51.6054
12,996.1	88.5023	12,996.1	88.1919	12,996.1	88.1443	12,996.1	87.124	12,996.1	88.0911	12,996.1	85.436	12,996.1	86.1796	12,996.1	82.7823	12,996.1	84.5471	12,996.1	80.4016	12,996.1	81.1279	12,996.1	77.0021	12,996.1	76.4738	12,996.1	74.4187	12,996.1	74.5079	12,996.1	71.2127	12,996.1	72.3777	12,996.1	64.7399	12,996.1	67.6355	12,996.1	56.1978	12,996.1	54.8724	12,996.1	54.7823	12,996.1	56.0249	12,996.1	66.7205	12,996.1	41.3963	12,996.1	55.2668	12,996.1	53.4425	12,996.1	63.1155	12,996.1	50.844	12,996.1	56.7204	12,996.1	46.0492	12,996.1	51.6644	12,996.1	57.503	12,996.1	60.215	12,996.1	48.4154	12,996.1	50.1331
13,454.6	88.4658	13,454.6	88.3177	13,454.6	88.3095	13,454.6	86.9731	13,454.6	87.9659	13,454.6	85.2926	13,454.6	86.3368	13,454.6	83.4216	13,454.6	84.7691	13,454.6	80.0131	13,454.6	80.7152	13,454.6	77.1716	13,454.6	77.7891	13,454.6	75.231	13,454.6	73.5341	13,454.6	71.0069	13,454.6	71.5377	13,454.6	64.8238	13,454.6	68.4905	13,454.6	60.2869	13,454.6	54.9862	13,454.6	49.151	13,454.6	49.5219	13,454.6	63.3586	13,454.6	43.1924	13,454.6	56.1253	13,454.6	48.8236	13,454.6	68.1715	13,454.6	45.5817	13,454.6	58.2164	13,454.6	50.5676	13,454.6	53.7319	13,454.6	54.4208	13,454.6	58.4201	13,454.6	49.1487	13,454.6	52.4873
13,929.2	88.4454	13,929.2	88.0213	13,929.2	88.2616	13,929.2	86.7607	13,929.2	87.6871	13,929.2	85.4678	13,929.2	86.4075	13,929.2	83.5159	13,929.2	84.4526	13,929.2	79.4957	13,929.2	81.298	13,929.2	77.422	13,929.2	77.3341	13,929.2	74.5462	13,929.2	72.8674	13,929.2	70.7394	13,929.2	73.1981	13,929.2	64.9103	13,929.2	65.5699	13,929.2	61.4405	13,929.2	57.3195	13,929.2	60.8568	13,929.2	50.8971	13,929.2	60.3502	13,929.2	47.8117	13,929.2	61.9298	13,929.2	43.4958	13,929.2	66.3255	13,929.2	47.958	13,929.2	56.5645	13,929.2	56.0213	13,929.2	59.8044	13,929.2	50.3336	13,929.2	58.5429	13,929.2	48.014	13,929.2	38.4056
14,419.9	88.469	14,419.9	87.9566	14,419.9	88.4099	14,419.9	86.703	14,419.9	87.3015	14,419.9	85.2927	14,419.9	86.5155	14,419.9	82.7415	14,419.9	83.8795	14,419.9	79.2011	14,419.9	81.3772	14,419.9	77.2535	14,419.9	77.7819	14,419.9	74.2298	14,419.9	73.582	14,419.9	70.0418	14,419.9	70.8349	14,419.9	65.1365	14,419.9	68.0077	14,419.9	57.5203	14,419.9	58.619	14,419.9	60.6661	14,419.9	44.5766	14,419.9	56.911	14,419.9	53.8415	14,419.9	59.7955	14,419.9	51.654	14,419.9	58.7859	14,419.9	52.3471	14,419.9	54.0496	14,419.9	53.2347	14,419.9	57.6846	14,419.9	56.0413	14,419.9	55.2712	14,419.9	48.7002	14,419.9	53.97
14,928.2	88.6255	14,928.2	87.9565	14,928.2	88.5391	14,928.2	86.7511	14,928.2	87.1906	14,928.2	84.8747	14,928.2	86.5583	14,928.2	82.0048	14,928.2	83.796	14,928.2	79.2329	14,928.2	80.9204	14,928.2	76.7681	14,928.2	77.4516	14,928.2	74.2629	14,928.2	74.4423	14,928.2	70.3437	14,928.2	70.5793	14,928.2	66.3091	14,928.2	64.2678	14,928.2	56.6267	14,928.2	57.8949	14,928.2	57.3164	14,928.2	49.3907	14,928.2	58.8847	14,928.2	54.5432	14,928.2	58.4209	14,928.2	56.8432	14,928.2	53.3942	14,928.2	52.9258	14,928.2	54.8259	14,928.2	44.8148	14,928.2	34.7188	14,928.2	56.514	14,928.2	58.548	14,928.2	50.8867	14,928.2	48.9694
15,455.6	88.737	15,455.6	87.8875	15,455.6	88.6065	15,455.6	86.8689	15,455.6	87.5227	15,455.6	84.6723	15,455.6	86.4644	15,455.6	82.0757	15,455.6	83.8497	15,455.6	79.5953	15,455.6	80.8553	15,455.6	75.8034	15,455.6	77.0965	15,455.6	74.1028	15,455.6	74.4342	15,455.6	70.6139	15,455.6	69.3399	15,455.6	68.6332	15,455.6	66.0251	15,455.6	52.1474	15,455.6	56.9936	15,455.6	57.7015	15,455.6	52.5264	15,455.6	54.2735	15,455.6	53.3038	15,455.6	60.6399	15,455.6	56.6479	15,455.6	62.1772	15,455.6	42.0481	15,455.6	60.7257	15,455.6	44.6186	15,455.6	58.9257	15,455.6	54.2701	15,455.6	59.861	15,455.6	44.2526	15,455.6	52.4902
16,000.5	88.9195	16,000.5	87.9481	16,000.5	88.7946	16,000.5	86.9369	16,000.5	87.7568	16,000.5	84.8491	16,000.5	86.4293	16,000.5	82.0285	16,000.5	83.981	16,000.5	79.7199	16,000.5	80.0805	16,000.5	74.4778	16,000.5	77.2156	16,000.5	74.366	16,000.5	74.6996	16,000.5	70.4615	16,000.5	69.9475	16,000.5	66.6936	16,000.5	66.156	16,000.5	50.5332	16,000.5	55.7616	16,000.5	52.2243	16,000.5	54.0559	16,000.5	55.5983	16,000.5	52.9645	16,000.5	64.3651	16,000.5	56.58	16,000.5	68.2284	16,000.5	53.9449	16,000.5	58.4531	16,000.5	53.2859	16,000.5	60.2179	16,000.5	56.7701	16,000.5	52.2203	16,000.5	37.1801	16,000.5	52.4315
16,564.5	88.8204	16,564.5	87.702	16,564.5	88.7549	16,564.5	86.7416	16,564.5	88.2139	16,564.5	84.2892	16,564.5	86.2904	16,564.5	81.474	16,564.5	84.1919	16,564.5	79.4363	16,564.5	80.3525	16,564.5	74.6715	16,564.5	76.3415	16,564.5	74.2998	16,564.5	73.7019	16,564.5	69.5869	16,564.5	70.7505	16,564.5	66.7028	16,564.5	65.8996	16,564.5	46.8133	16,564.5	61.1732	16,564.5	60.5529	16,564.5	54.1526	16,564.5	63.9957	16,564.5	48.6868	16,564.5	64.1233	16,564.5	54.7627	16,564.5	65.0313	16,564.5	45.5174	16,564.5	61.8886	16,564.5	59.7072	16,564.5	60.7845	16,564.5	52.7287	16,564.5	60.4027	16,564.5	43.8509	16,564.5	46.9434
17,148.9	88.5023	17,148.9	87.4678	17,148.9	88.3599	17,148.9	86.5645	17,148.9	88.162	17,148.9	84.0193	17,148.9	86.0936	17,148.9	81.4646	17,148.9	83.8154	17,148.9	78.2105	17,148.9	80.6084	17,148.9	75.1491	17,148.9	76.5707	17,148.9	73.3421	17,148.9	72.6626	17,148.9	68.5243	17,148.9	69.6525	17,148.9	64.5385	17,148.9	65.7174	17,148.9	49.0687	17,148.9	60.5068	17,148.9	59.7006	17,148.9	47.5977	17,148.9	66.4109	17,148.9	44.0305	17,148.9	65.7481	17,148.9	53.7224	17,148.9	59.3903	17,148.9	53.468	17,148.9	60.4508	17,148.9	45.7	17,148.9	63.5876	17,148.9	56.1515	17,148.9	59.154	17,148.9	48.4392	17,148.9	49.0759
17,752.4	87.5766	17,752.4	86.925	17,752.4	87.6562	17,752.4	86.2498	17,752.4	87.7819	17,752.4	84.1206	17,752.4	85.7141	17,752.4	81.3671	17,752.4	83.6642	17,752.4	77.6797	17,752.4	80.6015	17,752.4	74.8314	17,752.4	77.1559	17,752.4	71.7991	17,752.4	72.2236	17,752.4	66.8195	17,752.4	67.9173	17,752.4	60.9291	17,752.4	65.4817	17,752.4	50.1535	17,752.4	61.5867	17,752.4	60.8545	17,752.4	47.5114	17,752.4	65.3157	17,752.4	50.8109	17,752.4	62.8834	17,752.4	50.5658	17,752.4	49.6766	17,752.4	55.3825	17,752.4	59.5182	17,752.4	57.8215	17,752.4	59.7889	17,752.4	45.5134	17,752.4	59.8612	17,752.4	55.5611	17,752.4	49.1529
18,379.4	86.5535	18,379.4	86.2244	18,379.4	87.0259	18,379.4	85.517	18,379.4	87.2283	18,379.4	83.4185	18,379.4	85.5021	18,379.4	80.8919	18,379.4	83.2777	18,379.4	77.4502	18,379.4	80.4207	18,379.4	74.5193	18,379.4	77.4513	18,379.4	68.6097	18,379.4	72.2493	18,379.4	65.0122	18,379.4	67.5556	18,379.4	59.3724	18,379.4	64.5787	18,379.4	52.3764	18,379.4	58.3537	18,379.4	61.5862	18,379.4	47.0569	18,379.4	65.0191	18,379.4	49.4886	18,379.4	53.8976	18,379.4	53.1388	18,379.4	47.1939	18,379.4	47.4785	18,379.4	61.5416	18,379.4	51.6122	18,379.4	60.1184	18,379.4	56.0322	18,379.4	61.6208	18,379.4	41.5243	18,379.4	47.3612
19,026.9	85.8812	19,026.9	85.7352	19,026.9	86.6113	19,026.9	84.7141	19,026.9	86.6478	19,026.9	82.7314	19,026.9	85.2536	19,026.9	80.2593	19,026.9	82.7896	19,026.9	77.2832	19,026.9	79.7723	19,026.9	73.3665	19,026.9	76.3382	19,026.9	65.8856	19,026.9	72.2497	19,026.9	64.3698	19,026.9	66.4734	19,026.9	56.7226	19,026.9	63.634	19,026.9	57.7187	19,026.9	58.3275	19,026.9	58.9832	19,026.9	44.9215	19,026.9	64.541	19,026.9	55.1061	19,026.9	58.5372	19,026.9	53.6679	19,026.9	56.9979	19,026.9	30.439	19,026.9	59.7266	19,026.9	58.4661	19,026.9	59.5294	19,026.9	54.5085	19,026.9	59.8093	19,026.9	50.5274	19,026.9	53.5287
19,697.8	85.4427	19,697.8	85.3136	19,697.8	86.2187	19,697.8	84.1621	19,697.8	86.2061	19,697.8	82.3443	19,697.8	84.8307	19,697.8	79.8795	19,697.8	82.4051	19,697.8	76.976	19,697.8	78.6947	19,697.8	71.2513	19,697.8	74.9866	19,697.8	65.5563	19,697.8	71.9213	19,697.8	66.1663	19,697.8	68.0099	19,697.8	53.5691	19,697.8	62.3513	19,697.8	55.4283	19,697.8	55.2323	19,697.8	53.7446	19,697.8	50.0937	19,697.8	65.4892	19,697.8	55.4065	19,697.8	64.0811	19,697.8	58.1264	19,697.8	59.4359	19,697.8	38.4036	19,697.8	58.0017	19,697.8	57.6016	19,697.8	59.3382	19,697.8	50.9218	19,697.8	54.7532	19,697.8	53.604	19,697.8	49.1538
19,999.5	85.0567	19,999.5	84.8156	19,999.5	85.6587	19,999.5	83.8243	19,999.5	86.0051	19,999.5	82.5069	19,999.5	84.4624	19,999.5	79.2935	19,999.5	82.2544	19,999.5	76.304	19,999.5	78.0321	19,999.5	71.8505	19,999.5	72.8095	19,999.5	66.4687	19,999.5	72.9658	19,999.5	67.1528	19,999.5	69.9024	19,999.5	58.7954	19,999.5	60.016	19,999.5	58.3803	19,999.5	60.1232	19,999.5	53.8123	19,999.5	44.7509	19,999.5	65.3578	19,999.5	55.102	19,999.5	49.8284	19,999.5	58.1821	19,999.5	55.243	19,999.5	52.621	19,999.5	60.0489	19,999.5	53.7423	19,999.5	56.4738	19,999.5	54.8523	19,999.5	42.9117	19,999.5	49.6335	19,999.5	47.419
