"SPL Vertical"																																																																							
"On-Axis"		"10°"		"-10°"		"20°"		"-20°"		"30°"		"-30°"		"40°"		"-40°"		"50°"		"-50°"		"60°"		"-60°"		"70°"		"-70°"		"80°"		"-80°"		"90°"		"-90°"		"100°"		"-100°"		"110°"		"-110°"		"120°"		"-120°"		"130°"		"-130°"		"140°"		"-140°"		"150°"		"-150°"		"160°"		"-160°"		"170°"		"-170°"		"180°"	
"Frequency / Hz"	"Sound Pressure Level / dB (re 20 µPa/V)  [2.83  V @ 1. m]"	"Frequency / Hz"	"Sound Pressure Level / dB (re 20 µPa/V)  [2.83  V @ 1. m]"	"Frequency / Hz"	"Sound Pressure Level / dB (re 20 µPa/V)  [2.83  V @ 1. m]"	"Frequency / Hz"	"Sound Pressure Level / dB (re 20 µPa/V)  [2.83  V @ 1. m]"	"Frequency / Hz"	"Sound Pressure Level / dB (re 20 µPa/V)  [2.83  V @ 1. m]"	"Frequency / Hz"	"Sound Pressure Level / dB (re 20 µPa/V)  [2.83  V @ 1. m]"	"Frequency / Hz"	"Sound Pressure Level / dB (re 20 µPa/V)  [2.83  V @ 1. m]"	"Frequency / Hz"	"Sound Pressure Level / dB (re 20 µPa/V)  [2.83  V @ 1. m]"	"Frequency / Hz"	"Sound Pressure Level / dB (re 20 µPa/V)  [2.83  V @ 1. m]"	"Frequency / Hz"	"Sound Pressure Level / dB (re 20 µPa/V)  [2.83  V @ 1. m]"	"Frequency / Hz"	"Sound Pressure Level / dB (re 20 µPa/V)  [2.83  V @ 1. m]"	"Frequency / Hz"	"Sound Pressure Level / dB (re 20 µPa/V)  [2.83  V @ 1. m]"	"Frequency / Hz"	"Sound Pressure Level / dB (re 20 µPa/V)  [2.83  V @ 1. m]"	"Frequency / Hz"	"Sound Pressure Level / dB (re 20 µPa/V)  [2.83  V @ 1. m]"	"Frequency / Hz"	"Sound Pressure Level / dB (re 20 µPa/V)  [2.83  V @ 1. m]"	"Frequency / Hz"	"Sound Pressure Level / dB (re 20 µPa/V)  [2.83  V @ 1. m]"	"Frequency / Hz"	"Sound Pressure Level / dB (re 20 µPa/V)  [2.83  V @ 1. m]"	"Frequency / Hz"	"Sound Pressure Level / dB (re 20 µPa/V)  [2.83  V @ 1. m]"	"Frequency / Hz"	"Sound Pressure Level / dB (re 20 µPa/V)  [2.83  V @ 1. m]"	"Frequency / Hz"	"Sound Pressure Level / dB (re 20 µPa/V)  [2.83  V @ 1. m]"	"Frequency / Hz"	"Sound Pressure Level / dB (re 20 µPa/V)  [2.83  V @ 1. m]"	"Frequency / Hz"	"Sound Pressure Level / dB (re 20 µPa/V)  [2.83  V @ 1. m]"	"Frequency / Hz"	"Sound Pressure Level / dB (re 20 µPa/V)  [2.83  V @ 1. m]"	"Frequency / Hz"	"Sound Pressure Level / dB (re 20 µPa/V)  [2.83  V @ 1. m]"	"Frequency / Hz"	"Sound Pressure Level / dB (re 20 µPa/V)  [2.83  V @ 1. m]"	"Frequency / Hz"	"Sound Pressure Level / dB (re 20 µPa/V)  [2.83  V @ 1. m]"	"Frequency / Hz"	"Sound Pressure Level / dB (re 20 µPa/V)  [2.83  V @ 1. m]"	"Frequency / Hz"	"Sound Pressure Level / dB (re 20 µPa/V)  [2.83  V @ 1. m]"	"Frequency / Hz"	"Sound Pressure Level / dB (re 20 µPa/V)  [2.83  V @ 1. m]"	"Frequency / Hz"	"Sound Pressure Level / dB (re 20 µPa/V)  [2.83  V @ 1. m]"	"Frequency / Hz"	"Sound Pressure Level / dB (re 20 µPa/V)  [2.83  V @ 1. m]"	"Frequency / Hz"	"Sound Pressure Level / dB (re 20 µPa/V)  [2.83  V @ 1. m]"	"Frequency / Hz"	"Sound Pressure Level / dB (re 20 µPa/V)  [2.83  V @ 1. m]"	"Frequency / Hz"	"Sound Pressure Level / dB (re 20 µPa/V)  [2.83  V @ 1. m]"	"Frequency / Hz"	"Sound Pressure Level / dB (re 20 µPa/V)  [2.83  V @ 1. m]"	"Frequency / Hz"	"Sound Pressure Level / dB (re 20 µPa/V)  [2.83  V @ 1. m]"
20.5078	56.9174	20.5078	56.7615	20.5078	56.8462	20.5078	56.3655	20.5078	56.5434	20.5078	55.6965	20.5078	55.9859	20.5078	54.6914	20.5078	55.1248	20.5078	53.2342	20.5078	53.8683	20.5078	51.0936	20.5078	52.0401	20.5078	47.7197	20.5078	49.2569	20.5078	41.1601	20.5078	44.4405	20.5078	29.0748	20.5078	33.1788	20.5078	44.9191	20.5078	42.4751	20.5078	50.3727	20.5078	49.1509	20.5078	53.7002	20.5078	52.9666	20.5078	56.0224	20.5078	55.5546	20.5078	57.7127	20.5078	57.4119	20.5078	58.9339	20.5078	58.7453	20.5078	59.7644	20.5078	59.655	20.5078	60.2428	20.5078	60.1928	20.5078	60.385
21.9727	55.7632	21.9727	55.6114	21.9727	55.5894	21.9727	55.1145	21.9727	55.0731	21.9727	54.2091	21.9727	54.1531	21.9727	52.7588	21.9727	52.694	21.9727	50.4686	21.9727	50.3953	21.9727	46.5781	21.9727	46.4452	21.9727	38.4434	21.9727	36.8522	21.9727	41.0524	21.9727	39.0432	21.9727	48.9603	21.9727	48.4258	21.9727	53.3786	21.9727	53.0741	21.9727	56.3992	21.9727	56.1902	21.9727	58.6466	21.9727	58.495	21.9727	60.3743	21.9727	60.2636	21.9727	61.7038	21.9727	61.6246	21.9727	62.6983	21.9727	62.644	21.9727	63.3907	21.9727	63.357	21.9727	63.798	21.9727	63.7819	21.9727	63.9279
23.4375	57.6317	23.4375	57.4998	23.4375	57.485	23.4375	57.0778	23.4375	57.0481	23.4375	56.3286	23.4375	56.2828	23.4375	55.182	23.4375	55.1157	23.4375	53.5257	23.4375	53.4244	23.4375	51.2357	23.4375	51.0557	23.4375	48.6106	23.4375	48.2491	23.4375	48.141	23.4375	47.7004	23.4375	51.1585	23.4375	50.9421	23.4375	54.5507	23.4375	54.4713	23.4375	57.3083	23.4375	57.292	23.4375	59.4801	23.4375	59.4962	23.4375	61.1901	23.4375	61.2228	23.4375	62.5228	23.4375	62.5616	23.4375	63.5287	23.4375	63.5653	23.4375	64.2359	23.4375	64.2641	23.4375	64.6592	23.4375	64.6744	23.4375	64.805
24.9023	59.728	24.9023	59.6115	24.9023	59.5996	24.9023	59.2417	24.9023	59.2171	24.9023	58.5923	24.9023	58.5524	24.9023	57.6157	24.9023	57.5531	24.9023	56.2415	24.9023	56.1363	24.9023	54.4021	24.9023	54.2008	24.9023	52.2338	24.9023	51.8027	24.9023	50.9065	24.9023	50.1379	24.9023	52.2955	24.9023	51.6208	24.9023	55.1615	24.9023	54.7741	24.9023	57.863	24.9023	57.648	24.9023	60.074	24.9023	59.9526	24.9023	61.8313	24.9023	61.7638	24.9023	63.2018	24.9023	63.1664	24.9023	64.2333	24.9023	64.2168	24.9023	64.9552	24.9023	64.9487	24.9023	65.3833	24.9023	65.3813	24.9023	65.5249
26.3672	60.5154	26.3672	60.3873	26.3672	60.3939	26.3672	60.0001	26.3672	60.0144	26.3672	59.3258	26.3672	59.3497	26.3672	58.3139	26.3672	58.3495	26.3672	56.8904	26.3672	56.9386	26.3672	54.99	26.3672	55.0425	26.3672	52.8036	26.3672	52.8137	26.3672	51.7102	26.3672	51.5724	26.3672	53.4397	26.3672	53.2232	26.3672	56.3858	26.3672	56.2157	26.3672	59.0654	26.3672	58.95	26.3672	61.244	26.3672	61.1688	26.3672	62.9748	26.3672	62.9276	26.3672	64.3255	26.3672	64.2975	26.3672	65.3429	26.3672	65.3275	26.3672	66.0551	26.3672	66.0475	26.3672	66.4772	26.3672	66.4743	26.3672	66.6165
27.832	61.5898	27.832	61.4573	27.832	61.4837	27.832	61.0792	27.832	61.1323	27.832	60.4341	27.832	60.5146	27.832	59.488	27.832	59.596	27.832	58.2058	27.832	58.3384	27.832	56.6141	27.832	56.756	27.832	55.0497	27.832	55.1483	27.832	54.5922	27.832	54.5662	27.832	56.0568	27.832	55.9475	27.832	58.4487	27.832	58.3515	27.832	60.7754	27.832	60.715	27.832	62.7569	27.832	62.7278	27.832	64.3744	27.832	64.3666	27.832	65.6576	27.832	65.6622	27.832	66.6347	27.832	66.6444	27.832	67.3239	27.832	67.3334	27.832	67.7356	27.832	67.7413	27.832	67.8745
29.2969	63.2861	29.2969	63.1649	29.2969	63.1965	29.2969	62.8282	29.2969	62.8918	29.2969	62.2634	29.2969	62.359	29.2969	61.4536	29.2969	61.5801	29.2969	60.3924	29.2969	60.5442	29.2969	59.1359	29.2969	59.2929	29.2969	57.9462	29.2969	58.0548	29.2969	57.4737	29.2969	57.4537	29.2969	58.3133	29.2969	58.1676	29.2969	60.0978	29.2969	59.9218	29.2969	62.085	29.2969	61.9367	29.2969	63.8969	29.2969	63.7873	29.2969	65.4269	29.2969	65.3511	29.2969	66.6615	29.2969	66.6116	29.2969	67.6091	29.2969	67.5781	29.2969	68.2793	29.2969	68.2617	29.2969	68.6781	29.2969	68.6702	29.2969	68.8083
30.7617	63.9247	30.7617	63.8068	30.7617	63.83	30.7617	63.4726	30.7617	63.5188	30.7617	62.912	30.7617	62.9801	30.7617	62.1144	30.7617	62.2012	30.7617	61.0901	30.7617	61.1847	30.7617	59.9322	30.7617	60.0063	30.7617	58.9618	30.7617	58.9574	30.7617	58.8073	30.7617	58.672	30.7617	59.8444	30.7617	59.6236	30.7617	61.6231	30.7617	61.4064	30.7617	63.5264	30.7617	63.3529	30.7617	65.2551	30.7617	65.1275	30.7617	66.7206	30.7617	66.6311	30.7617	67.9088	30.7617	67.8484	30.7617	68.8241	30.7617	68.7854	30.7617	69.4729	30.7617	69.4503	30.7617	69.8592	30.7617	69.8488	30.7617	69.9846
32.2266	65.143	32.2266	65.0377	32.2266	65.0504	32.2266	64.7331	32.2266	64.7569	32.2266	64.2251	32.2266	64.2564	32.2266	63.5156	32.2266	63.5462	32.2266	62.6337	32.2266	62.6474	32.2266	61.692	32.2266	61.6588	32.2266	60.9808	32.2266	60.861	32.2266	60.9627	32.2266	60.747	32.2266	61.8759	32.2266	61.6233	32.2266	63.4118	32.2266	63.189	32.2266	65.1094	32.2266	64.9391	32.2266	66.6984	32.2266	66.5767	32.2266	68.074	32.2266	67.9903	32.2266	69.2044	32.2266	69.1488	32.2266	70.0828	32.2266	70.0475	32.2266	70.7089	32.2266	70.6883	32.2266	71.0829	32.2266	71.0734	32.2266	71.2046
33.6914	66.1144	33.6914	66.0197	33.6914	66.0228	33.6914	65.7382	33.6914	65.7438	33.6914	65.2703	33.6914	65.2767	33.6914	64.626	33.6914	64.6297	33.6914	63.8483	33.6914	63.8427	33.6914	63.0624	33.6914	63.0371	33.6914	62.5405	33.6914	62.4851	33.6914	62.653	33.6914	62.5703	33.6914	63.55	33.6914	63.4618	33.6914	64.9737	33.6914	64.9002	33.6914	66.5518	33.6914	66.4993	33.6914	68.0485	33.6914	68.0148	33.6914	69.3599	33.6914	69.3403	33.6914	70.4474	33.6914	70.4374	33.6914	71.2983	33.6914	71.2941	33.6914	71.9082	33.6914	71.9069	33.6914	72.2749	33.6914	72.2748	33.6914	72.3974
35.1562	67.1652	35.1562	67.0736	35.1562	67.0832	35.1562	66.8094	35.1562	66.8279	35.1562	66.3775	35.1562	66.4031	35.1562	65.7964	35.1562	65.8256	35.1562	65.121	35.1562	65.1472	35.1562	64.4836	35.1562	64.4962	35.1562	64.1306	35.1562	64.1178	35.1562	64.3487	35.1562	64.3084	35.1562	65.2233	35.1562	65.1695	35.1562	66.5394	35.1562	66.4894	35.1562	67.9983	35.1562	67.9608	35.1562	69.3974	35.1562	69.3735	35.1562	70.6368	35.1562	70.624	35.1562	71.6735	35.1562	71.6683	35.1562	72.4896	35.1562	72.4888	35.1562	73.0771	35.1562	73.0781	35.1562	73.4315	35.1562	73.4325	35.1562	73.5503
36.6211	68.6092	36.6211	68.5264	36.6211	68.5434	36.6211	68.2976	36.6211	68.3308	36.6211	67.9324	36.6211	67.9797	36.6211	67.4561	36.6211	67.5134	36.6211	66.9277	36.6211	66.987	36.6211	66.4659	36.6211	66.5138	36.6211	66.2601	36.6211	66.2799	36.6211	66.5065	36.6211	66.4881	36.6211	67.2622	36.6211	67.2124	36.6211	68.3877	36.6211	68.324	36.6211	69.6659	36.6211	69.6034	36.6211	70.925	36.6211	70.8718	36.6211	72.0644	36.6211	72.0227	36.6211	73.0318	36.6211	73.0014	36.6211	73.8009	36.6211	73.7802	36.6211	74.3575	36.6211	74.3447	36.6211	74.6933	36.6211	74.6873	36.6211	74.8038
38.0859	69.9348	38.0859	69.8668	38.0859	69.8712	38.0859	69.671	38.0859	69.6785	38.0859	69.3602	38.0859	69.3678	38.0859	68.9638	38.0859	68.966	38.0859	68.5421	38.0859	68.5306	38.0859	68.2028	38.0859	68.1669	38.0859	68.1002	38.0859	68.0315	38.0859	68.3794	38.0859	68.2795	38.0859	69.0778	38.0859	68.9609	38.0859	70.0902	38.0859	69.9744	38.0859	71.2472	38.0859	71.1451	38.0859	72.4031	38.0859	72.3197	38.0859	73.4631	38.0859	73.3986	38.0859	74.3725	38.0859	74.3251	38.0859	75.1007	38.0859	75.068	38.0859	75.6299	38.0859	75.6095	38.0859	75.9496	38.0859	75.9398	38.0859	76.0536
39.5508	71.0718	39.5508	71.0106	39.5508	71.0118	39.5508	70.8319	39.5508	70.8337	39.5508	70.5487	39.5508	70.5496	39.5508	70.1899	39.5508	70.1874	39.5508	69.8126	39.5508	69.8029	39.5508	69.5149	39.5508	69.4935	39.5508	69.4339	39.5508	69.3978	39.5508	69.6982	39.5508	69.649	39.5508	70.3462	39.5508	70.291	39.5508	71.293	39.5508	71.2402	39.5508	72.389	39.5508	72.3444	39.5508	73.4975	39.5508	73.4632	39.5508	74.524	39.5508	74.4995	39.5508	75.4112	39.5508	75.3949	39.5508	76.1258	39.5508	76.1157	39.5508	76.6476	39.5508	76.642	39.5508	76.9648	39.5508	76.9623	39.5508	77.0705
41.0156	72.3038	41.0156	72.2486	41.0156	72.2494	41.0156	72.0878	41.0156	72.0887	41.0156	71.8347	41.0156	71.8343	41.0156	71.5175	41.0156	71.5131	41.0156	71.1897	41.0156	71.1769	41.0156	70.9385	41.0156	70.9118	41.0156	70.8813	41.0156	70.8359	41.0156	71.1271	41.0156	71.0631	41.0156	71.713	41.0156	71.6368	41.0156	72.5745	41.0156	72.4964	41.0156	73.5864	41.0156	73.5149	41.0156	74.6248	41.0156	74.5647	41.0156	75.5981	41.0156	75.5507	41.0156	76.4467	41.0156	76.4116	41.0156	77.1342	41.0156	77.1099	41.0156	77.638	41.0156	77.6228	41.0156	77.944	41.0156	77.9368	41.0156	78.0445
42.4805	73.2991	42.4805	73.2437	42.4805	73.2604	42.4805	73.0989	42.4805	73.1319	42.4805	72.8801	42.4805	72.9281	42.4805	72.6186	42.4805	72.6787	42.4805	72.3689	42.4805	72.4354	42.4805	72.2134	42.4805	72.2769	42.4805	72.2525	42.4805	72.3013	42.4805	72.5685	42.4805	72.5928	42.4805	73.1781	42.4805	73.1752	42.4805	74.0187	42.4805	73.9938	42.4805	74.9833	42.4805	74.9452	42.4805	75.9665	42.4805	75.9236	42.4805	76.8877	42.4805	76.8463	42.4805	77.6924	42.4805	77.6563	42.4805	78.3455	42.4805	78.317	42.4805	78.8243	42.4805	78.8047	42.4805	79.1147	42.4805	79.1048	42.4805	79.209
43.9453	74.6686	43.9453	74.6251	43.9453	74.6295	43.9453	74.5041	43.9453	74.5119	43.9453	74.3203	43.9453	74.3297	43.9453	74.1031	43.9453	74.1105	43.9453	73.901	43.9453	73.9014	43.9453	73.7849	43.9453	73.772	43.9453	73.8386	43.9453	73.8068	43.9453	74.1313	43.9453	74.0785	43.9453	74.6814	43.9453	74.6111	43.9453	75.4424	43.9453	75.3625	43.9453	76.3264	43.9453	76.2451	43.9453	77.2398	43.9453	77.1637	43.9453	78.1058	43.9453	78.0391	43.9453	78.8692	43.9453	78.8142	43.9453	79.4926	43.9453	79.4505	43.9453	79.9512	43.9453	79.9228	43.9453	80.2293	43.9453	80.215	43.9453	80.3181
45.4102	75.8571	45.4102	75.8153	45.4102	75.8316	45.4102	75.7114	45.4102	75.7427	45.4102	75.5611	45.4102	75.6049	45.4102	75.394	45.4102	75.4457	45.4102	75.2563	45.4102	75.309	45.4102	75.2114	45.4102	75.256	45.4102	75.3289	45.4102	75.3558	45.4102	75.6608	45.4102	75.6637	45.4102	76.2158	45.4102	76.1941	45.4102	76.9511	45.4102	76.9101	45.4102	77.7915	45.4102	77.7394	45.4102	78.6566	45.4102	78.6012	45.4102	79.478	45.4102	79.4255	45.4102	80.2047	45.4102	80.1591	45.4102	80.8002	45.4102	80.7641	45.4102	81.2396	45.4102	81.2148	45.4102	81.5069	45.4102	81.4942	45.4102	81.5927
46.875	77.1413	46.875	77.1069	46.875	77.1215	46.875	77.0232	46.875	77.0514	46.875	76.9052	46.875	76.9444	46.875	76.7796	46.875	76.8256	46.875	76.6872	46.875	76.7339	46.875	76.6814	46.875	76.7209	46.875	76.8187	46.875	76.8431	46.875	77.141	46.875	77.1452	46.875	77.6559	46.875	77.6395	46.875	78.3304	46.875	78.2975	46.875	79.1031	46.875	79.0603	46.875	79.9045	46.875	79.8586	46.875	80.6723	46.875	80.6284	46.875	81.357	46.875	81.3188	46.875	81.9219	46.875	81.8917	46.875	82.341	46.875	82.3201	46.875	82.5969	46.875	82.5863	46.875	82.6797
48.3398	78.4662	48.3398	78.4372	48.3398	78.4521	48.3398	78.37	48.3398	78.3982	48.3398	78.2787	48.3398	78.3167	48.3398	78.1874	48.3398	78.2301	48.3398	78.1319	48.3398	78.172	48.3398	78.1569	48.3398	78.1862	48.3398	78.309	48.3398	78.3199	48.3398	78.6219	48.3398	78.6102	48.3398	79.1022	48.3398	79.0687	48.3398	79.7239	48.3398	79.6739	48.3398	80.4364	48.3398	80.3774	48.3398	81.1796	48.3398	81.119	48.3398	81.8969	48.3398	81.8403	48.3398	82.5408	48.3398	82.4923	48.3398	83.075	48.3398	83.037	48.3398	83.4726	48.3398	83.4467	48.3398	83.7156	48.3398	83.7025	48.3398	83.7933
51.2695	80.9638	51.2695	80.9447	51.2695	80.9591	51.2695	80.9061	51.2695	80.933	51.2695	80.8601	51.2695	80.8955	51.2695	80.826	51.2695	80.8644	51.2695	80.8311	51.2695	80.8652	51.2695	80.9074	51.2695	80.9297	51.2695	81.0865	51.2695	81.0906	51.2695	81.3905	51.2695	81.3731	51.2695	81.8235	51.2695	81.7858	51.2695	82.3679	51.2695	82.3146	51.2695	82.9878	51.2695	82.926	51.2695	83.6378	51.2695	83.5743	51.2695	84.271	51.2695	84.2118	51.2695	84.8456	51.2695	84.7947	51.2695	85.3267	51.2695	85.2868	51.2695	85.6873	51.2695	85.6599	51.2695	85.9084	51.2695	85.8945	51.2695	85.9787
52.7344	82.1998	52.7344	82.1891	52.7344	82.1947	52.7344	82.1666	52.7344	82.1762	52.7344	82.1421	52.7344	82.153	52.7344	82.1321	52.7344	82.1403	52.7344	82.1588	52.7344	82.1597	52.7344	82.2482	52.7344	82.2375	52.7344	82.426	52.7344	82.4006	52.7344	82.7106	52.7344	82.6699	52.7344	83.1067	52.7344	83.0528	52.7344	83.6016	52.7344	83.5389	52.7344	84.1666	52.7344	84.1008	52.7344	84.7631	52.7344	84.6993	52.7344	85.3491	52.7344	85.2917	52.7344	85.8851	52.7344	85.8369	52.7344	86.337	52.7344	86.2998	52.7344	86.6776	52.7344	86.6524	52.7344	86.8872	52.7344	86.8745	52.7344	86.9542
54.1992	83.386	54.1992	83.3809	54.1992	83.3806	54.1992	83.3682	54.1992	83.3671	54.1992	83.3562	54.1992	83.3531	54.1992	83.3585	54.1992	83.3519	54.1992	83.3937	54.1992	83.3819	54.1992	83.4839	54.1992	83.4651	54.1992	83.6512	54.1992	83.6238	54.1992	83.9124	54.1992	83.8759	54.1992	84.2731	54.1992	84.2285	54.1992	84.7243	54.1992	84.6741	54.1992	85.2428	54.1992	85.19	54.1992	85.7946	54.1992	85.7429	54.1992	86.3413	54.1992	86.294	54.1992	86.8453	54.1992	86.8048	54.1992	87.2729	54.1992	87.2411	54.1992	87.5968	54.1992	87.5749	54.1992	87.7969	54.1992	87.7858	54.1992	87.8612
55.6641	84.4953	55.6641	84.4874	55.6641	84.495	55.6641	84.4738	55.6641	84.4885	55.6641	84.4622	55.6641	84.4825	55.6641	84.4646	55.6641	84.4883	55.6641	84.4979	55.6641	84.5218	55.6641	84.5819	55.6641	84.602	55.6641	84.7369	55.6641	84.7487	55.6641	84.9784	55.6641	84.9785	55.6641	85.3128	55.6641	85.2993	55.6641	85.7329	55.6641	85.7065	55.6641	86.2184	55.6641	86.1818	55.6641	86.7383	55.6641	86.696	55.6641	87.2566	55.6641	87.2132	55.6641	87.7367	55.6641	87.6966	55.6641	88.1456	55.6641	88.1125	55.6641	88.456	55.6641	88.4325	55.6641	88.6479	55.6641	88.6357	55.6641	88.709
58.5938	86.1627	58.5938	86.1599	58.5938	86.1684	58.5938	86.1624	58.5938	86.1782	58.5938	86.1764	58.5938	86.1966	58.5938	86.2112	58.5938	86.2319	58.5938	86.279	58.5938	86.2955	58.5938	86.3935	58.5938	86.4012	58.5938	86.5682	58.5938	86.5631	58.5938	86.8128	58.5938	86.7928	58.5938	87.1308	58.5938	87.0958	58.5938	87.5163	58.5938	87.4686	58.5938	87.9535	58.5938	87.8976	58.5938	88.4185	58.5938	88.3595	58.5938	88.882	58.5938	88.825	58.5938	89.3127	58.5938	89.2622	58.5938	89.6812	58.5938	89.6406	58.5938	89.9619	58.5938	89.9335	58.5938	90.1353	58.5938	90.1208	58.5938	90.1896
60.0586	86.7763	60.0586	86.7775	60.0586	86.7831	60.0586	86.789	60.0586	86.7987	60.0586	86.816	60.0586	86.8271	60.0586	86.8661	60.0586	86.875	60.0586	86.9493	60.0586	86.9519	60.0586	87.0767	60.0586	87.0691	60.0586	87.2589	60.0586	87.2381	60.0586	87.5034	60.0586	87.4685	60.0586	87.8125	60.0586	87.7644	60.0586	88.1808	60.0586	88.1227	60.0586	88.5949	60.0586	88.5312	60.0586	89.0337	60.0586	88.9694	60.0586	89.4709	60.0586	89.4108	60.0586	89.878	60.0586	89.8259	60.0586	90.227	60.0586	90.1858	60.0586	90.4935	60.0586	90.4651	60.0586	90.6585	60.0586	90.644	60.0586	90.7099
62.9883	87.735	62.9883	87.7441	62.9883	87.7418	62.9883	87.77	62.9883	87.7651	62.9883	87.8154	62.9883	87.8076	62.9883	87.8848	62.9883	87.8733	62.9883	87.9837	62.9883	87.9677	62.9883	88.1185	62.9883	88.0972	62.9883	88.2953	62.9883	88.2682	62.9883	88.5189	62.9883	88.4856	62.9883	88.7904	62.9883	88.7515	62.9883	89.1068	62.9883	89.0634	62.9883	89.4589	62.9883	89.4129	62.9883	89.8315	62.9883	89.7854	62.9883	90.2045	62.9883	90.1609	62.9883	90.5542	62.9883	90.5157	62.9883	90.8565	62.9883	90.8254	62.9883	91.0889	62.9883	91.067	62.9883	91.2336	62.9883	91.2224	62.9883	91.2793
64.4531	88.0104	64.4531	88.019	64.4531	88.0203	64.4531	88.0469	64.4531	88.0491	64.4531	88.096	64.4531	88.0986	64.4531	88.1697	64.4531	88.1714	64.4531	88.2721	64.4531	88.2716	64.4531	88.4078	64.4531	88.4036	64.4531	88.5813	64.4531	88.5721	64.4531	88.7961	64.4531	88.7808	64.4531	89.0529	64.4531	89.0313	64.4531	89.3491	64.4531	89.3215	64.4531	89.6768	64.4531	89.6448	64.4531	90.0231	64.4531	89.9888	64.4531	90.3701	64.4531	90.3359	64.4531	90.6963	64.4531	90.6651	64.4531	90.9791	64.4531	90.9532	64.4531	91.1973	64.4531	91.1788	64.4531	91.3336	64.4531	91.324	64.4531	91.3771
67.3828	88.2725	67.3828	88.2801	67.3828	88.2889	67.3828	88.3122	67.3828	88.3292	67.3828	88.3696	67.3828	88.3937	67.3828	88.4533	67.3828	88.4829	67.3828	88.5647	67.3828	88.5978	67.3828	88.7054	67.3828	88.7398	67.3828	88.8768	67.3828	88.9102	67.3828	89.0798	67.3828	89.11	67.3828	89.3141	67.3828	89.3396	67.3828	89.5774	67.3828	89.5969	67.3828	89.864	67.3828	89.8774	67.3828	90.1647	67.3828	90.1722	67.3828	90.4656	67.3828	90.4684	67.3828	90.7496	67.3828	90.7492	67.3828	90.9976	67.3828	90.9955	67.3828	91.1908	67.3828	91.1884	67.3828	91.3133	67.3828	91.3118	67.3828	91.3548
68.8477	88.3422	68.8477	88.3499	68.8477	88.3605	68.8477	88.3841	68.8477	88.4046	68.8477	88.4448	68.8477	88.4739	68.8477	88.5322	68.8477	88.5683	68.8477	88.6464	68.8477	88.6872	68.8477	88.7878	68.8477	88.8307	68.8477	88.9565	68.8477	88.9988	68.8477	89.1523	68.8477	89.1917	68.8477	89.3746	68.8477	89.4087	68.8477	89.6209	68.8477	89.6483	68.8477	89.8867	68.8477	89.9068	68.8477	90.164	68.8477	90.1769	68.8477	90.441	68.8477	90.4478	68.8477	90.7027	68.8477	90.705	68.8477	90.9316	68.8477	90.9311	68.8477	91.1102	68.8477	91.1088	68.8477	91.2238	68.8477	91.2227	68.8477	91.2623
71.7773	88.4386	71.7773	88.4494	71.7773	88.4568	71.7773	88.489	71.7773	88.5033	71.7773	88.5567	71.7773	88.5766	71.7773	88.651	71.7773	88.6748	71.7773	88.7701	71.7773	88.7958	71.7773	88.9121	71.7773	88.9372	71.7773	89.075	71.7773	89.0972	71.7773	89.2569	71.7773	89.274	71.7773	89.4559	71.7773	89.4664	71.7773	89.6699	71.7773	89.6729	71.7773	89.8955	71.7773	89.891	71.7773	90.1272	71.7773	90.1164	71.7773	90.3568	71.7773	90.3416	71.7773	90.5729	71.7773	90.5561	71.7773	90.7618	71.7773	90.7461	71.7773	90.909	71.7773	90.8969	71.7773	91.0018	71.7773	90.9952	71.7773	91.0314
74.707	88.4699	74.707	88.4859	74.707	88.4856	74.707	88.5333	74.707	88.5324	74.707	88.61	74.707	88.608	74.707	88.7133	74.707	88.7095	74.707	88.8395	74.707	88.8331	74.707	88.9846	74.707	88.9746	74.707	89.1448	74.707	89.1304	74.707	89.3168	74.707	89.2971	74.707	89.4976	74.707	89.4725	74.707	89.6849	74.707	89.6548	74.707	89.8763	74.707	89.842	74.707	90.0684	74.707	90.0318	74.707	90.2559	74.707	90.2195	74.707	90.4312	74.707	90.3975	74.707	90.5839	74.707	90.5557	74.707	90.7025	74.707	90.6823	74.707	90.7766	74.707	90.766	74.707	90.7985
77.6367	88.462	77.6367	88.4803	77.6367	88.478	77.6367	88.5322	77.6367	88.5275	77.6367	88.6149	77.6367	88.6078	77.6367	88.7245	77.6367	88.7146	77.6367	88.8556	77.6367	88.8427	77.6367	89.0029	77.6367	88.9866	77.6367	89.1608	77.6367	89.1409	77.6367	89.3246	77.6367	89.3008	77.6367	89.4905	77.6367	89.4629	77.6367	89.6558	77.6367	89.6247	77.6367	89.8186	77.6367	89.785	77.6367	89.9771	77.6367	89.9424	77.6367	90.1285	77.6367	90.0946	77.6367	90.2681	77.6367	90.2373	77.6367	90.389	77.6367	90.3635	77.6367	90.4828	77.6367	90.4645	77.6367	90.5412	77.6367	90.5317	77.6367	90.5581
79.1016	88.4542	79.1016	88.4732	79.1016	88.4707	79.1016	88.5267	79.1016	88.5218	79.1016	88.6118	79.1016	88.6044	79.1016	88.7238	79.1016	88.7138	79.1016	88.8569	79.1016	88.8442	79.1016	89.0049	79.1016	88.9893	79.1016	89.1615	79.1016	89.1429	79.1016	89.3215	79.1016	89.2997	79.1016	89.4804	79.1016	89.4556	79.1016	89.6355	79.1016	89.6079	79.1016	89.785	79.1016	89.7554	79.1016	89.9277	79.1016	89.8974	79.1016	90.0619	79.1016	90.0324	79.1016	90.1844	79.1016	90.1577	79.1016	90.2901	79.1016	90.2679	79.1016	90.3719	79.1016	90.3561	79.1016	90.4229	79.1016	90.4146	79.1016	90.4377
82.0312	88.4855	82.0312	88.5047	82.0312	88.5034	82.0312	88.5597	82.0312	88.5574	82.0312	88.647	82.0312	88.6437	82.0312	88.761	82.0312	88.757	82.0312	88.895	82.0312	88.8903	82.0312	89.0415	82.0312	89.0363	82.0312	89.1931	82.0312	89.1873	82.0312	89.3434	82.0312	89.3368	82.0312	89.4872	82.0312	89.4798	82.0312	89.6214	82.0312	89.613	82.0312	89.7445	82.0312	89.7352	82.0312	89.8563	82.0312	89.8464	82.0312	89.9574	82.0312	89.9472	82.0312	90.047	82.0312	90.0375	82.0312	90.1233	82.0312	90.1152	82.0312	90.1825	82.0312	90.1765	82.0312	90.2198	82.0312	90.2166	82.0312	90.2316
84.9609	88.5623	84.9609	88.5803	84.9609	88.5816	84.9609	88.6342	84.9609	88.637	84.9609	88.7201	84.9609	88.7245	84.9609	88.832	84.9609	88.8382	84.9609	88.9622	84.9609	88.9703	84.9609	89.1025	84.9609	89.1124	84.9609	89.2447	84.9609	89.2562	84.9609	89.3814	84.9609	89.3941	84.9609	89.5071	84.9609	89.5202	84.9609	89.6181	84.9609	89.631	84.9609	89.7133	84.9609	89.7252	84.9609	89.7934	84.9609	89.8037	84.9609	89.8605	84.9609	89.8689	84.9609	89.9167	84.9609	89.9231	84.9609	89.963	84.9609	89.9675	84.9609	89.9986	84.9609	90.0014	84.9609	90.0217	84.9609	90.023	84.9609	90.0301
87.8906	88.5518	87.8906	88.5694	87.8906	88.5741	87.8906	88.6252	87.8906	88.6347	87.8906	88.7152	87.8906	88.7295	87.8906	88.8326	87.8906	88.8518	87.8906	88.9691	87.8906	88.9932	87.8906	89.1157	87.8906	89.1442	87.8906	89.2632	87.8906	89.2957	87.8906	89.4032	87.8906	89.4388	87.8906	89.5291	87.8906	89.5668	87.8906	89.6368	87.8906	89.6752	87.8906	89.7246	87.8906	89.7622	87.8906	89.7934	87.8906	89.8288	87.8906	89.8463	87.8906	89.8779	87.8906	89.8867	87.8906	89.9133	87.8906	89.9179	87.8906	89.9386	87.8906	89.9415	87.8906	89.9555	87.8906	89.9575	87.8906	89.9646	87.8906	89.9653
90.8203	88.664	90.8203	88.6842	90.8203	88.6831	90.8203	88.7419	90.8203	88.7401	90.8203	88.8325	90.8203	88.8309	90.8203	88.9487	90.8203	88.9485	90.8203	89.0816	90.8203	89.0841	90.8203	89.2216	90.8203	89.2276	90.8203	89.3585	90.8203	89.3687	90.8203	89.4833	90.8203	89.498	90.8203	89.589	90.8203	89.6075	90.8203	89.6706	90.8203	89.6922	90.8203	89.7269	90.8203	89.75	90.8203	89.7594	90.8203	89.7825	90.8203	89.7727	90.8203	89.7942	90.8203	89.773	90.8203	89.7914	90.8203	89.7668	90.8203	89.7812	90.8203	89.7596	90.8203	89.7694	90.8203	89.755	90.8203	89.7599	90.8203	89.755
95.2148	88.9226	95.2148	88.9432	95.2148	88.9395	95.2148	88.9995	95.2148	88.9928	95.2148	89.0867	95.2148	89.0781	95.2148	89.1978	95.2148	89.1886	95.2148	89.3236	95.2148	89.3152	95.2148	89.454	95.2148	89.4473	95.2148	89.5784	95.2148	89.5743	95.2148	89.6872	95.2148	89.6859	95.2148	89.7725	95.2148	89.7735	95.2148	89.8291	95.2148	89.8317	95.2148	89.8552	95.2148	89.8582	95.2148	89.8528	95.2148	89.8552	95.2148	89.8277	95.2148	89.8287	95.2148	89.7882	95.2148	89.7878	95.2148	89.7444	95.2148	89.7427	95.2148	89.7052	95.2148	89.7033	95.2148	89.6783	95.2148	89.677	95.2148	89.6683
98.1445	88.9955	98.1445	89.0195	98.1445	89.0098	98.1445	89.0801	98.1445	89.0615	98.1445	89.1722	98.1445	89.1462	98.1445	89.2884	98.1445	89.2571	98.1445	89.4194	98.1445	89.3846	98.1445	89.5544	98.1445	89.5181	98.1445	89.6825	98.1445	89.6461	98.1445	89.7933	98.1445	89.7578	98.1445	89.8783	98.1445	89.844	98.1445	89.9315	98.1445	89.8985	98.1445	89.9507	98.1445	89.9188	98.1445	89.9378	98.1445	89.9069	98.1445	89.8987	98.1445	89.8693	98.1445	89.843	98.1445	89.816	98.1445	89.782	98.1445	89.7591	98.1445	89.7271	98.1445	89.7103	98.1445	89.688	98.1445	89.679	98.1445	89.6711
101.074	88.9595	101.074	88.9897	101.074	88.9679	101.074	89.0562	101.074	89.0139	101.074	89.1539	101.074	89.0938	101.074	89.2752	101.074	89.2007	101.074	89.4106	101.074	89.3254	101.074	89.549	101.074	89.4569	101.074	89.679	101.074	89.5834	101.074	89.7898	101.074	89.6933	101.074	89.8721	101.074	89.7768	101.074	89.9195	101.074	89.827	101.074	89.9291	101.074	89.8407	101.074	89.9025	101.074	89.8197	101.074	89.8463	101.074	89.7707	101.074	89.7706	101.074	89.7047	101.074	89.6889	101.074	89.6355	101.074	89.6148	101.074	89.577	101.074	89.5606	101.074	89.5409	101.074	89.5348
105.469	89.3218	105.469	89.3538	105.469	89.3213	105.469	89.4156	105.469	89.3517	105.469	89.5031	105.469	89.4099	105.469	89.6098	105.469	89.4903	105.469	89.727	105.469	89.585	105.469	89.8445	105.469	89.6844	105.469	89.9512	105.469	89.7776	105.469	90.036	105.469	89.8538	105.469	90.0893	105.469	89.9034	105.469	90.1041	105.469	89.9193	105.469	90.0773	105.469	89.8986	105.469	90.0107	105.469	89.843	105.469	89.9116	105.469	89.76	105.469	89.7921	105.469	89.6621	105.469	89.6684	105.469	89.5651	105.469	89.558	105.469	89.4861	105.469	89.4766	105.469	89.4397	105.469	89.4356
108.398	89.6684	108.398	89.6886	108.398	89.6771	108.398	89.7367	108.398	89.7139	108.398	89.8091	108.398	89.7756	108.398	89.9001	108.398	89.8569	108.398	90.002	108.398	89.9504	108.398	90.105	108.398	90.0466	108.398	90.1983	108.398	90.1351	108.398	90.271	108.398	90.2052	108.398	90.3133	108.398	90.2471	108.398	90.318	108.398	90.2536	108.398	90.2817	108.398	90.221	108.398	90.2059	108.398	90.1509	108.398	90.0982	108.398	90.0505	108.398	89.9715	108.398	89.9322	108.398	89.8431	108.398	89.8131	108.398	89.7319	108.398	89.7117	108.398	89.6551	108.398	89.6449	108.398	89.6246
112.793	89.9559	112.793	89.9785	112.793	89.9629	112.793	90.0291	112.793	89.9986	112.793	90.1039	112.793	90.0599	112.793	90.1968	112.793	90.1414	112.793	90.2994	112.793	90.2349	112.793	90.4014	112.793	90.3305	112.793	90.4912	112.793	90.4166	112.793	90.5571	112.793	90.4815	112.793	90.5886	112.793	90.5144	112.793	90.5778	112.793	90.5072	112.793	90.5209	112.793	90.4559	112.793	90.4198	112.793	90.3619	112.793	90.2828	112.793	90.2331	112.793	90.1245	112.793	90.084	112.793	89.9653	112.793	89.9345	112.793	89.8277	112.793	89.807	112.793	89.7329	112.793	89.7225	112.793	89.696
117.188	90.2472	117.188	90.2737	117.188	90.2466	117.188	90.325	117.188	90.2715	117.188	90.3975	117.188	90.319	117.188	90.4857	117.188	90.3844	117.188	90.5815	117.188	90.4602	117.188	90.6748	117.188	90.537	117.188	90.7542	117.188	90.6036	117.188	90.8076	117.188	90.6482	117.188	90.8242	117.188	90.66	117.188	90.7956	117.188	90.6309	117.188	90.7177	117.188	90.5568	117.188	90.5921	117.188	90.4395	117.188	90.4273	117.188	90.2878	117.188	90.2388	117.188	90.1177	117.188	90.0484	117.188	89.951	117.188	89.8812	117.188	89.8127	117.188	89.7615	117.188	89.7261	117.188	89.7073
120.117	90.4419	120.117	90.466	120.117	90.4423	120.117	90.5139	120.117	90.4664	120.117	90.5827	120.117	90.5114	120.117	90.6675	120.117	90.5725	120.117	90.7605	120.117	90.6427	120.117	90.8519	120.117	90.7128	120.117	90.9301	120.117	90.7719	120.117	90.9827	120.117	90.8086	120.117	90.9983	120.117	90.8122	120.117	90.968	120.117	90.7746	120.117	90.8872	120.117	90.692	120.117	90.7569	120.117	90.5663	120.117	90.5853	120.117	90.4068	120.117	90.388	120.117	90.2298	120.117	90.1872	120.117	90.058	120.117	90.0091	120.117	89.9173	120.117	89.8793	120.117	89.8315	120.117	89.8173
124.512	90.6903	124.512	90.7048	124.512	90.6998	124.512	90.7425	124.512	90.7323	124.512	90.8011	124.512	90.7855	124.512	90.8763	124.512	90.8549	124.512	90.9609	124.512	90.9335	124.512	91.0455	124.512	91.012	124.512	91.1185	124.512	91.0792	124.512	91.1673	124.512	91.1227	124.512	91.1801	124.512	91.1311	124.512	91.1474	124.512	91.0952	124.512	91.064	124.512	91.0102	124.512	90.9309	124.512	90.8774	124.512	90.7564	124.512	90.7055	124.512	90.5568	124.512	90.5113	124.512	90.3558	124.512	90.3183	124.512	90.1811	124.512	90.1543	124.512	90.0598	124.512	90.0458	124.512	90.0121
128.906	90.8252	128.906	90.837	128.906	90.8362	128.906	90.871	128.906	90.8692	128.906	90.9256	128.906	90.9223	128.906	90.997	128.906	90.9915	128.906	91.0788	128.906	91.0706	128.906	91.1619	128.906	91.1505	128.906	91.2345	128.906	91.2199	128.906	91.284	128.906	91.2661	128.906	91.2976	128.906	91.277	128.906	91.2652	128.906	91.2427	128.906	91.1812	128.906	91.1576	128.906	91.0459	128.906	91.0224	128.906	90.8679	128.906	90.8456	128.906	90.6637	128.906	90.644	128.906	90.458	128.906	90.442	128.906	90.2798	128.906	90.2685	128.906	90.1574	128.906	90.1516	128.906	90.1121
133.301	90.9274	133.301	90.9342	133.301	90.9397	133.301	90.9599	133.301	90.9708	133.301	91.0034	133.301	91.0193	133.301	91.0618	133.301	91.0823	133.301	91.1296	133.301	91.1543	133.301	91.1986	133.301	91.2269	133.301	91.2574	133.301	91.2889	133.301	91.2934	133.301	91.3278	133.301	91.2939	133.301	91.3307	133.301	91.2484	133.301	91.2871	133.301	91.1509	133.301	91.1909	133.301	91.0019	133.301	91.0422	133.301	90.8103	133.301	90.8492	133.301	90.5936	133.301	90.6292	133.301	90.3777	133.301	90.4076	133.301	90.1932	133.301	90.2149	133.301	90.0701	133.301	90.0816	133.301	90.0303
139.16	91.0166	139.16	91.0184	139.16	91.0293	139.16	91.0348	139.16	91.0563	139.16	91.0656	139.16	91.0971	139.16	91.1091	139.16	91.15	139.16	91.1612	139.16	91.2105	139.16	91.2145	139.16	91.2712	139.16	91.2581	139.16	91.3213	139.16	91.2793	139.16	91.3481	139.16	91.2648	139.16	91.3383	139.16	91.2035	139.16	91.2808	139.16	91.0888	139.16	91.1689	139.16	90.9213	139.16	91.0022	139.16	90.7103	139.16	90.789	139.16	90.4747	139.16	90.5473	139.16	90.2423	139.16	90.3038	139.16	90.0459	139.16	90.0909	139.16	89.9176	139.16	89.9414	139.16	89.8802
143.555	91.0524	143.555	91.0488	143.555	91.0672	143.555	91.0569	143.555	91.0932	143.555	91.0773	143.555	91.1309	143.555	91.1097	143.555	91.1792	143.555	91.1513	143.555	91.2348	143.555	91.1957	143.555	91.291	143.555	91.2326	143.555	91.3373	143.555	91.2492	143.555	91.3606	143.555	91.2317	143.555	91.3474	143.555	91.1681	143.555	91.2857	143.555	91.0511	143.555	91.168	143.555	90.8805	143.555	90.994	143.555	90.6652	143.555	90.7717	143.555	90.4246	143.555	90.5195	143.555	90.1868	143.555	90.2651	143.555	89.9861	143.555	90.0423	143.555	89.8556	143.555	89.885	143.555	89.8193
147.949	91.0796	147.949	91.0785	147.949	91.086	147.949	91.0826	147.949	91.099	147.949	91.0928	147.949	91.1207	147.949	91.1096	147.949	91.1525	147.949	91.1319	147.949	91.1929	147.949	91.1549	147.949	91.2368	147.949	91.1701	147.949	91.2746	147.949	91.166	147.949	91.2932	147.949	91.1297	147.949	91.2782	147.949	91.0501	147.949	91.2166	147.949	90.92	147.949	91.0996	147.949	90.7398	147.949	90.9253	147.949	90.5187	147.949	90.701	147.949	90.2763	147.949	90.4443	147.949	90.0413	147.949	90.1827	147.949	89.8473	147.949	89.9501	147.949	89.7269	147.949	89.7811	147.949	89.7027
153.809	91.2506	153.809	91.2446	153.809	91.2531	153.809	91.2354	153.809	91.2535	153.809	91.2245	153.809	91.2546	153.809	91.2138	153.809	91.2585	153.809	91.2033	153.809	91.2656	153.809	91.1901	153.809	91.2723	153.809	91.1672	153.809	91.2707	153.809	91.1245	153.809	91.2494	153.809	91.0502	153.809	91.1952	153.809	90.9339	153.809	91.096	153.809	90.769	153.809	90.9438	153.809	90.5561	153.809	90.7372	153.809	90.3052	153.809	90.4842	153.809	90.0367	153.809	90.2029	153.809	89.7803	153.809	89.9213	153.809	89.5708	153.809	89.674	153.809	89.4411	153.809	89.4958	153.809	89.414
159.668	91.3608	159.668	91.3661	159.668	91.3513	159.668	91.3665	159.668	91.3403	159.668	91.3628	159.668	91.3318	159.668	91.356	159.668	91.3295	159.668	91.346	159.668	91.3346	159.668	91.3298	159.668	91.3444	159.668	91.3008	159.668	91.3511	159.668	91.2498	159.668	91.3427	159.668	91.1662	159.668	91.3051	159.668	91.0407	159.668	91.2249	159.668	90.8686	159.668	91.0926	159.668	90.6522	159.668	90.9057	159.668	90.4033	159.668	90.6706	159.668	90.1435	159.668	90.4038	159.668	89.9027	159.668	90.1312	159.668	89.7144	159.668	89.8854	159.668	89.6083	159.668	89.7001	159.668	89.6028
165.527	91.3923	165.527	91.4051	165.527	91.373	165.527	91.4122	165.527	91.3486	165.527	91.4161	165.527	91.3225	165.527	91.419	165.527	91.2984	165.527	91.4213	165.527	91.2783	165.527	91.4196	165.527	91.2604	165.527	91.4062	165.527	91.2383	165.527	91.3698	165.527	91.2012	165.527	91.2981	165.527	91.1366	165.527	91.1802	165.527	91.0328	165.527	91.0101	165.527	90.8823	165.527	90.7894	165.527	90.6849	165.527	90.5294	165.527	90.4498	165.527	90.2513	165.527	90.1958	165.527	89.9844	165.527	89.9499	165.527	89.7619	165.527	89.7435	165.527	89.6136	165.527	89.6061	165.527	89.5597
171.387	91.2678	171.387	91.2576	171.387	91.2648	171.387	91.2361	171.387	91.25	171.387	91.2072	171.387	91.2272	171.387	91.1759	171.387	91.2009	171.387	91.1448	171.387	91.1738	171.387	91.113	171.387	91.145	171.387	91.0742	171.387	91.1086	171.387	91.018	171.387	91.0544	171.387	90.9319	171.387	90.9702	171.387	90.8046	171.387	90.8447	171.387	90.6298	171.387	90.6716	171.387	90.4092	171.387	90.4521	171.387	90.1543	171.387	90.1969	171.387	89.8863	171.387	89.9266	171.387	89.6339	171.387	89.6687	171.387	89.4279	171.387	89.4539	171.387	89.2954	171.387	89.3093	171.387	89.254
177.246	91.0942	177.246	91.0828	177.246	91.0883	177.246	91.0547	177.246	91.0677	177.246	91.014	177.246	91.0379	177.246	90.9659	177.246	91.0048	177.246	90.9144	177.246	90.9721	177.246	90.8602	177.246	90.9386	177.246	90.7987	177.246	90.8974	177.246	90.7202	177.246	90.8366	177.246	90.6128	177.246	90.7423	177.246	90.4651	177.246	90.6019	177.246	90.2705	177.246	90.4084	177.246	90.0309	177.246	90.1638	177.246	89.7585	177.246	89.8806	177.246	89.4763	177.246	89.5821	177.246	89.2145	177.246	89.2991	177.246	89.005	177.246	89.064	177.246	88.8742	177.246	88.9045	177.246	88.839
183.105	90.7619	183.105	90.767	183.105	90.7355	183.105	90.7505	183.105	90.6924	183.105	90.7165	183.105	90.6413	183.105	90.671	183.105	90.592	183.105	90.6191	183.105	90.5523	183.105	90.5625	183.105	90.524	183.105	90.4977	183.105	90.5011	183.105	90.4161	183.105	90.4707	183.105	90.3066	183.105	90.4156	183.105	90.1589	183.105	90.3195	183.105	89.9678	183.105	90.1715	183.105	89.737	183.105	89.9699	183.105	89.4805	183.105	89.7244	183.105	89.2224	183.105	89.4558	183.105	88.9921	183.105	89.1925	183.105	88.8185	183.105	88.9652	183.105	88.723	183.105	88.8005	183.105	88.7167
188.965	90.8828	188.965	90.8957	188.965	90.8336	188.965	90.8728	188.965	90.7528	188.965	90.819	188.965	90.6499	188.965	90.7415	188.965	90.5376	188.965	90.6471	188.965	90.4279	188.965	90.539	188.965	90.3283	188.965	90.4158	188.965	90.2388	188.965	90.2712	188.965	90.151	188.965	90.096	188.965	90.0504	188.965	89.8823	188.965	89.9213	188.965	89.628	188.965	89.7522	188.965	89.3403	188.965	89.54	188.965	89.0383	188.965	89.2926	188.965	88.7509	188.965	89.028	188.965	88.5107	188.965	88.7711	188.965	88.3447	188.965	88.5474	188.965	88.2678	188.965	88.3788	188.965	88.2815
196.289	90.9526	196.289	90.975	196.289	90.889	196.289	90.958	196.289	90.7874	196.289	90.908	196.289	90.6569	196.289	90.8327	196.289	90.5096	196.289	90.739	196.289	90.3582	196.289	90.6296	196.289	90.2119	196.289	90.5017	196.289	90.0723	196.289	90.3472	196.289	89.9333	196.289	90.1558	196.289	89.7822	196.289	89.9184	196.289	89.6053	196.289	89.6321	196.289	89.3931	196.289	89.3043	196.289	89.1454	196.289	88.955	196.289	88.8734	196.289	88.6154	196.289	88.5983	196.289	88.3212	196.289	88.3466	196.289	88.1029	196.289	88.1428	196.289	87.9774	196.289	88.0054	196.289	87.9471
203.613	90.8402	203.613	90.8353	203.613	90.7942	203.613	90.7839	203.613	90.6986	203.613	90.6949	203.613	90.56	203.613	90.5791	203.613	90.389	203.613	90.4462	203.613	90.1974	203.613	90.3011	203.613	89.9951	203.613	90.142	203.613	89.7868	203.613	89.9604	203.613	89.5709	203.613	89.7444	203.613	89.3407	203.613	89.4833	203.613	89.0886	203.613	89.1736	203.613	88.8115	203.613	88.8237	203.613	88.5151	203.613	88.4563	203.613	88.2158	203.613	88.1052	203.613	87.9378	203.613	87.8065	203.613	87.7055	203.613	87.5868	203.613	87.5359	203.613	87.4553	203.613	87.436	203.613	87.4077
210.938	90.8081	210.938	90.8086	210.938	90.7574	210.938	90.762	210.938	90.6586	210.938	90.6752	210.938	90.5185	210.938	90.5573	210.938	90.347	210.938	90.4163	210.938	90.1548	210.938	90.256	210.938	89.9497	210.938	90.0742	210.938	89.7343	210.938	89.8632	210.938	89.5048	210.938	89.6118	210.938	89.253	210.938	89.3106	210.938	88.9703	210.938	88.9571	210.938	88.6537	210.938	88.561	210.938	88.3099	210.938	88.1469	210.938	87.9584	210.938	87.7521	210.938	87.6281	210.938	87.417	210.938	87.349	210.938	87.1717	210.938	87.1429	210.938	87.0273	210.938	87.019	210.938	86.9792
218.262	90.3253	218.262	90.3192	218.262	90.2833	218.262	90.27	218.262	90.1948	218.262	90.188	218.262	90.0679	218.262	90.0859	218.262	89.9151	218.262	89.9746	218.262	89.7501	218.262	89.8592	218.262	89.5829	218.262	89.7361	218.262	89.4167	218.262	89.5941	218.262	89.2458	218.262	89.4175	218.262	89.0586	218.262	89.1927	218.262	88.8433	218.262	88.9145	218.262	88.5941	218.262	88.5912	218.262	88.3169	218.262	88.2469	218.262	88.0308	218.262	87.9175	218.262	87.764	218.262	87.64	218.262	87.5443	218.262	87.4393	218.262	87.3886	218.262	87.3212	218.262	87.3007	218.262	87.2778
225.586	90.431	225.586	90.411	225.586	90.3824	225.586	90.3288	225.586	90.2659	225.586	90.1962	225.586	90.0889	225.586	90.0283	225.586	89.8645	225.586	89.8397	225.586	89.6088	225.586	89.64	225.586	89.3378	225.586	89.4313	225.586	89.0628	225.586	89.2075	225.586	88.788	225.586	88.9574	225.586	88.5119	225.586	88.6714	225.586	88.2308	225.586	88.3484	225.586	87.9461	225.586	88.002	225.586	87.669	225.586	87.662	225.586	87.4202	225.586	87.3674	225.586	87.2224	225.586	87.1512	225.586	87.0877	225.586	87.0237	225.586	87.0106	225.586	86.969	225.586	86.973	225.586	86.9589
232.91	90.3378	232.91	90.3031	232.91	90.3032	232.91	90.2061	232.91	90.1987	232.91	90.0593	232.91	90.0296	232.91	89.878	232.91	89.8062	232.91	89.6763	232.91	89.541	232.91	89.4634	232.91	89.2458	232.91	89.2393	232.91	88.928	232.91	88.9952	232.91	88.5893	232.91	88.7167	232.91	88.2271	232.91	88.3906	232.91	87.8396	232.91	88.0128	232.91	87.4335	232.91	87.5965	232.91	87.0312	232.91	87.1748	232.91	86.6704	232.91	86.7955	232.91	86.3922	232.91	86.5024	232.91	86.2202	232.91	86.3129	232.91	86.1455	232.91	86.2097	232.91	86.1351	232.91	86.1583
241.699	90.1977	241.699	90.1388	241.699	90.1871	241.699	90.0175	241.699	90.1066	241.699	89.8474	241.699	89.9621	241.699	89.6461	241.699	89.7634	241.699	89.4309	241.699	89.5212	241.699	89.2133	241.699	89.2435	241.699	88.9948	241.699	88.9329	241.699	88.7663	241.699	88.586	241.699	88.5113	241.699	88.1957	241.699	88.2134	241.699	87.7581	241.699	87.8651	241.699	87.2815	241.699	87.4756	241.699	86.7956	241.699	87.0737	241.699	86.3533	241.699	86.7022	241.699	86.0171	241.699	86.3997	241.699	85.8276	241.699	86.1807	241.699	85.7786	241.699	86.0288	241.699	85.8241	241.699	85.9145
250.488	90.4865	250.488	90.3973	250.488	90.4912	250.488	90.2275	250.488	90.4144	250.488	89.9871	250.488	90.2642	250.488	89.6913	250.488	90.0521	250.488	89.358	250.488	89.7903	250.488	89.0037	250.488	89.488	250.488	88.64	250.488	89.1491	250.488	88.2712	250.488	88.7712	250.488	87.8956	250.488	88.3484	250.488	87.5099	250.488	87.8769	250.488	87.1167	250.488	87.3636	250.488	86.7306	250.488	86.835	250.488	86.3787	250.488	86.3407	250.488	86.0924	250.488	85.9433	250.488	85.8899	250.488	85.6899	250.488	85.764	250.488	85.5831	250.488	85.6853	250.488	85.58	250.488	85.6251
259.277	90.2579	259.277	90.2112	259.277	90.24	259.277	90.1031	259.277	90.1609	259.277	89.9424	259.277	90.029	259.277	89.7403	259.277	89.8547	259.277	89.5071	259.277	89.6465	259.277	89.2466	259.277	89.4065	259.277	88.9548	259.277	89.1287	259.277	88.6203	259.277	88.7993	259.277	88.2303	259.277	88.4022	259.277	87.7786	259.277	87.927	259.277	87.2763	259.277	87.3801	259.277	86.759	259.277	86.7961	259.277	86.286	259.277	86.2426	259.277	85.9211	259.277	85.8052	259.277	85.6977	259.277	85.5455	259.277	85.5959	259.277	85.458	259.277	85.5561	259.277	85.4758	259.277	85.5215
268.066	89.7614	268.066	89.7049	268.066	89.739	268.066	89.5719	268.066	89.644	268.066	89.3728	268.066	89.4895	268.066	89.1238	268.066	89.2926	268.066	88.8425	268.066	89.0687	268.066	88.5418	268.066	88.8268	268.066	88.2254	268.066	88.5648	268.066	87.8862	268.066	88.2703	268.066	87.511	268.066	87.9252	268.066	87.0909	268.066	87.5158	268.066	86.6338	268.066	87.0435	268.066	86.175	268.066	86.5362	268.066	85.7753	268.066	86.0517	268.066	85.4972	268.066	85.6645	268.066	85.3651	268.066	85.4292	268.066	85.3444	268.066	85.3436	268.066	85.3651	268.066	85.3486	268.066	85.37
276.855	89.5697	276.855	89.5235	276.855	89.54	276.855	89.4012	276.855	89.4444	276.855	89.212	276.855	89.3006	276.855	88.9716	276.855	89.1287	276.855	88.6957	276.855	88.944	276.855	88.3938	276.855	88.7501	276.855	88.0639	276.855	88.5352	276.855	87.692	276.855	88.2745	276.855	87.2589	276.855	87.9382	276.855	86.7516	276.855	87.5039	276.855	86.1793	276.855	86.9703	276.855	85.5895	276.855	86.3727	276.855	85.0742	276.855	85.7907	276.855	84.7398	276.855	85.3307	276.855	84.6383	276.855	85.0676	276.855	84.7178	276.855	84.9849	276.855	84.8591	276.855	84.9842	276.855	84.9588
287.109	89.3536	287.109	89.3527	287.109	89.2649	287.109	89.2632	287.109	89.0975	287.109	89.0957	287.109	88.8744	287.109	88.8671	287.109	88.6273	287.109	88.5949	287.109	88.3883	287.109	88.2916	287.109	88.1776	287.109	87.9598	287.109	87.9932	287.109	87.5911	287.109	87.8097	287.109	87.1716	287.109	87.5882	287.109	86.6923	287.109	87.2925	287.109	86.1642	287.109	86.9059	287.109	85.631	287.109	86.444	287.109	85.1707	287.109	85.9619	287.109	84.8679	287.109	85.5426	287.109	84.7601	287.109	85.2566	287.109	84.8053	287.109	85.1137	287.109	84.9121	287.109	85.0553	287.109	85.0025
297.363	90.0005	297.363	90.0127	297.363	89.8688	297.363	89.9136	297.363	89.619	297.363	89.7189	297.363	89.2641	297.363	89.4476	297.363	88.8281	297.363	89.1168	297.363	88.3454	297.363	88.7352	297.363	87.8545	297.363	88.2988	297.363	87.3892	297.363	87.7902	297.363	86.9671	297.363	87.1853	297.363	86.5849	297.363	86.4672	297.363	86.2262	297.363	85.6508	297.363	85.88	297.363	84.8193	297.363	85.5602	297.363	84.1497	297.363	85.3112	297.363	83.8526	297.363	85.1824	297.363	83.9927	297.363	85.1811	297.363	84.4036	297.363	85.2444	297.363	84.8414	297.363	85.2646	297.363	85.1442
307.617	89.4147	307.617	89.3867	307.617	89.3527	307.617	89.2791	307.617	89.2042	307.617	89.1132	307.617	88.9856	307.617	88.9144	307.617	88.7217	307.617	88.7028	307.617	88.436	307.617	88.483	307.617	88.1404	307.617	88.2385	307.617	87.8263	307.617	87.9343	307.617	87.4653	307.617	87.5257	307.617	87.0199	307.617	86.9708	307.617	86.4604	307.617	86.2475	307.617	85.7879	307.617	85.379	307.617	85.0588	307.617	84.4705	307.617	84.3985	307.617	83.7268	307.617	83.9619	307.617	83.3632	307.617	83.8175	307.617	83.4062	307.617	83.8696	307.617	83.6538	307.617	83.9338	307.617	83.8695
319.336	89.5508	319.336	89.5044	319.336	89.4815	319.336	89.3581	319.336	89.2949	319.336	89.1387	319.336	89.0035	319.336	88.8776	319.336	88.6323	319.336	88.6002	319.336	88.2122	319.336	88.3154	319.336	87.77	319.336	88.0092	319.336	87.3161	319.336	87.6472	319.336	86.8375	319.336	87.1844	319.336	86.3025	319.336	86.5808	319.336	85.6813	319.336	85.8202	319.336	84.9773	319.336	84.9404	319.336	84.2645	319.336	84.0718	319.336	83.7017	319.336	83.4402	319.336	83.4568	319.336	83.2382	319.336	83.5477	319.336	83.4246	319.336	83.7997	319.336	83.7517	319.336	83.9898	319.336	83.9791
329.59	88.9333	329.59	88.8618	329.59	88.9028	329.59	88.706	329.59	88.7743	329.59	88.5037	329.59	88.5716	329.59	88.3025	329.59	88.331	329.59	88.141	329.59	88.0884	329.59	88.0279	329.59	87.8611	329.59	87.9319	329.59	87.6338	329.59	87.7901	329.59	87.357	329.59	87.528	329.59	86.9597	329.59	87.0777	329.59	86.3697	329.59	86.3937	329.59	85.5381	329.59	85.4739	329.59	84.479	329.59	84.4011	329.59	83.3375	329.59	83.3936	329.59	82.4433	329.59	82.7575	329.59	82.1291	329.59	82.6186	329.59	82.3345	329.59	82.7523	329.59	82.6687	329.59	82.8274
341.309	88.6954	341.309	88.5801	341.309	88.6398	341.309	88.3134	341.309	88.4268	341.309	87.9504	341.309	88.102	341.309	87.5784	341.309	87.74	341.309	87.2936	341.309	87.4277	341.309	87.1534	341.309	87.2266	341.309	87.1344	341.309	87.1313	341.309	87.1397	341.309	87.0628	341.309	87.0458	341.309	86.9022	341.309	86.7443	341.309	86.5329	341.309	86.1622	341.309	85.8673	341.309	85.2799	341.309	84.8734	341.309	84.1749	341.309	83.6348	341.309	83.0928	341.309	82.4576	341.309	82.4123	341.309	81.8298	341.309	82.2996	341.309	81.9144	341.309	82.4699	341.309	82.296	341.309	82.5267
353.027	89.545	353.027	89.3635	353.027	89.4467	353.027	88.9135	353.027	89.0703	353.027	88.2267	353.027	88.4351	353.027	87.3793	353.027	87.5996	353.027	86.5268	353.027	86.7008	353.027	85.9086	353.027	85.9823	353.027	85.7295	353.027	85.7022	353.027	85.9643	353.027	85.8973	353.027	86.3667	353.027	86.322	353.027	86.6669	353.027	86.669	353.027	86.6816	353.027	86.7266	353.027	86.3078	353.027	86.3804	353.027	85.4981	353.027	85.5796	353.027	84.2625	353.027	84.3321	353.027	82.7092	353.027	82.7455	353.027	81.1119	353.027	81.1043	353.027	79.8974	353.027	79.8705	353.027	79.4352
366.211	90.9607	366.211	90.8438	366.211	90.8876	366.211	90.5354	366.211	90.6227	366.211	90.0315	366.211	90.1608	366.211	89.3266	366.211	89.4956	366.211	88.4194	366.211	88.6245	366.211	87.3271	366.211	87.5641	366.211	86.1168	366.211	86.3812	366.211	84.955	366.211	85.2413	366.211	84.117	366.211	84.4209	366.211	83.8269	366.211	84.1529	366.211	84.0192	366.211	84.3839	366.211	84.4109	366.211	84.8312	366.211	84.7669	366.211	85.2441	366.211	84.9996	366.211	85.5079	366.211	85.1288	366.211	85.6123	366.211	85.2143	366.211	85.5977	366.211	85.3033	366.211	85.5159	366.211	85.4083
379.395	89.8192	379.395	89.7258	379.395	89.7899	379.395	89.5168	379.395	89.6367	379.395	89.2043	379.395	89.3631	379.395	88.8015	379.395	88.9742	379.395	88.3178	379.395	88.4728	379.395	87.7561	379.395	87.8591	379.395	87.1161	379.395	87.136	379.395	86.4071	379.395	86.324	379.395	85.6667	379.395	85.4852	379.395	84.9759	379.395	84.745	379.395	84.4494	379.395	84.2701	379.395	84.1837	379.395	84.1682	379.395	84.1928	379.395	84.3912	379.395	84.4061	379.395	84.7754	379.395	84.7228	379.395	85.1574	379.395	85.0558	379.395	85.4334	379.395	85.3383	379.395	85.5562	379.395	85.518
392.578	89.5079	392.578	89.4124	392.578	89.4331	392.578	89.1554	392.578	89.194	392.578	88.7619	392.578	88.8091	392.578	88.2721	392.578	88.3067	392.578	87.734	392.578	87.7216	392.578	87.1897	392.578	87.0882	392.578	86.66	392.578	86.4314	392.578	86.1389	392.578	85.759	392.578	85.6067	392.578	85.0676	392.578	85.0569	392.578	84.3708	392.578	84.528	392.578	83.7487	392.578	84.1236	392.578	83.3786	392.578	83.9866	392.578	83.451	392.578	84.1995	392.578	83.9676	392.578	84.688	392.578	84.6973	392.578	85.2571	392.578	85.3659	392.578	85.709	392.578	85.7951	392.578	85.9096
405.762	89.4538	405.762	89.3924	405.762	89.3326	405.762	89.1528	405.762	89.0362	405.762	88.7492	405.762	88.584	405.762	88.2043	405.762	88.007	405.762	87.5477	405.762	87.3446	405.762	86.8136	405.762	86.6368	405.762	86.039	405.762	85.9128	405.762	85.2618	405.762	85.181	405.762	84.521	405.762	84.4297	405.762	83.8603	405.762	83.6497	405.762	83.3376	405.762	82.8876	405.762	83.0318	405.762	82.315	405.762	83.0258	405.762	82.2067	405.762	83.3448	405.762	82.6873	405.762	83.8965	405.762	83.5253	405.762	84.4954	405.762	84.351	405.762	84.9481	405.762	84.9137	405.762	85.1125
420.41	89.6016	420.41	89.5307	420.41	89.5161	420.41	89.3169	420.41	89.278	420.41	88.989	420.41	88.907	420.41	88.5828	420.41	88.4338	420.41	88.127	420.41	87.8916	420.41	87.628	420.41	87.3037	420.41	87.0638	420.41	86.67	420.41	86.3922	420.41	85.9595	420.41	85.5696	420.41	85.1142	420.41	84.5783	420.41	84.0702	420.41	83.47	420.41	82.8103	420.41	82.4429	420.41	81.4948	420.41	81.8756	420.41	80.658	420.41	82.0656	420.41	80.9229	420.41	82.8291	420.41	82.0507	420.41	83.6923	420.41	83.2681	420.41	84.2964	420.41	84.1188	420.41	84.4628
435.059	89.369	435.059	89.2393	435.059	89.297	435.059	88.9257	435.059	89.0298	435.059	88.4726	435.059	88.597	435.059	87.9472	435.059	88.0498	435.059	87.4214	435.059	87.4572	435.059	86.9391	435.059	86.8903	435.059	86.4894	435.059	86.3923	435.059	86.0138	435.059	85.9506	435.059	85.4453	435.059	85.4964	435.059	84.7523	435.059	84.9379	435.059	83.9773	435.059	84.213	435.059	83.2667	435.059	83.3603	435.059	82.8584	435.059	82.6131	435.059	82.9386	435.059	82.3771	435.059	83.441	435.059	82.8309	435.059	84.0751	435.059	83.6346	435.059	84.541	435.059	84.3253	435.059	84.6479
451.172	89.8285	451.172	89.6415	451.172	89.7783	451.172	89.2342	451.172	89.4929	451.172	88.6452	451.172	88.9901	451.172	87.9366	451.172	88.3013	451.172	87.186	451.172	87.4736	451.172	86.4662	451.172	86.5714	451.172	85.8131	451.172	85.6737	451.172	85.2022	451.172	84.8542	451.172	84.555	451.172	84.1431	451.172	83.7788	451.172	83.5005	451.172	82.8324	451.172	82.8507	451.172	81.8405	451.172	82.1895	451.172	81.228	451.172	81.7204	451.172	81.4896	451.172	81.8152	451.172	82.485	451.172	82.5614	451.172	83.5867	451.172	83.5461	451.172	84.3502	451.172	84.3069	451.172	84.6004
465.82	89.3861	465.82	89.2607	465.82	89.3071	465.82	88.9369	465.82	89.0408	465.82	88.4461	465.82	88.622	465.82	87.8416	465.82	88.0928	465.82	87.1841	465.82	87.4892	465.82	86.5173	465.82	86.8271	465.82	85.846	465.82	86.0954	465.82	85.1366	465.82	85.2636	465.82	84.3432	465.82	84.303	465.82	83.4417	465.82	83.2184	465.82	82.4644	465.82	82.0936	465.82	81.5448	465.82	81.1496	465.82	80.9589	465.82	80.7315	465.82	81.0096	465.82	81.0452	465.82	81.6783	465.82	81.8709	465.82	82.5697	465.82	82.7646	465.82	83.2762	465.82	83.3879	465.82	83.5725
483.398	89.0932	483.398	88.9517	483.398	88.9566	483.398	88.5485	483.398	88.5633	483.398	87.9454	483.398	87.9704	483.398	87.2564	483.398	87.2698	483.398	86.6261	483.398	86.5731	483.398	86.1522	483.398	85.9682	483.398	85.8001	483.398	85.464	483.398	85.4141	483.398	84.9761	483.398	84.8148	483.398	84.3727	483.398	83.8867	483.398	83.5393	483.398	82.6544	483.398	82.4447	483.398	81.433	483.398	81.2687	483.398	80.9247	483.398	80.5892	483.398	81.5554	483.398	81.0367	483.398	82.7917	483.398	82.3148	483.398	83.944	483.398	83.6301	483.398	84.6828	483.398	84.5356	483.398	84.8923
499.512	89.3867	499.512	89.1805	499.512	89.2966	499.512	88.6857	499.512	88.9377	499.512	87.9558	499.512	88.3698	499.512	87.1063	499.512	87.6854	499.512	86.3115	499.512	86.996	499.512	85.7256	499.512	86.3887	499.512	85.3472	499.512	85.8651	499.512	84.9848	499.512	85.3182	499.512	84.37	499.512	84.5762	499.512	83.2622	499.512	83.471	499.512	81.5235	499.512	81.9333	499.512	79.4859	499.512	80.292	499.512	78.9475	499.512	79.7978	499.512	80.9076	499.512	81.2236	499.512	83.2807	499.512	83.2629	499.512	85.0101	499.512	84.9083	499.512	85.995	499.512	85.9234	499.512	86.2877
517.09	89.817	517.09	89.6061	517.09	89.626	517.09	89.0037	517.09	89.0562	517.09	88.0617	517.09	88.1807	517.09	86.9119	517.09	87.1634	517.09	85.8208	517.09	86.2883	517.09	85.1387	517.09	85.8401	517.09	84.9984	517.09	85.82	517.09	85.1232	517.09	85.9047	517.09	85.0915	517.09	85.7173	517.09	84.5681	517.09	84.9688	517.09	83.2781	517.09	83.4227	517.09	80.9225	517.09	80.9256	517.09	77.5918	517.09	78.3583	517.09	77.0996	517.09	79.2794	517.09	80.7658	517.09	82.3395	517.09	83.779	517.09	84.6566	517.09	85.5231	517.09	85.915	517.09	86.1995
536.133	90.2951	536.133	90.0509	536.133	90.1213	536.133	89.3893	536.133	89.5207	536.133	88.306	536.133	88.4784	536.133	86.8125	536.133	86.997	536.133	85.0098	536.133	85.1927	536.133	83.2773	536.133	83.5453	536.133	82.3561	536.133	82.917	536.133	82.5323	536.133	83.3973	536.133	83.0884	536.133	84.048	536.133	83.2732	536.133	84.1422	536.133	82.6743	536.133	83.3118	536.133	80.9939	536.133	81.2652	536.133	78.155	536.133	78.1668	536.133	76.7654	536.133	77.9383	536.133	80.0072	536.133	81.5527	536.133	83.2881	536.133	84.3608	536.133	85.2733	536.133	85.8095	536.133	86.0882
555.176	90.0689	555.176	89.8847	555.176	89.9149	555.176	89.3575	555.176	89.4151	555.176	88.4763	555.176	88.5459	555.176	87.236	555.176	87.2721	555.176	85.673	555.176	85.5782	555.176	83.9598	555.176	83.5879	555.176	82.5416	555.176	81.8509	555.176	81.9517	555.176	81.2751	555.176	82.0974	555.176	81.7648	555.176	82.2997	555.176	82.245	555.176	81.9462	555.176	81.9496	555.176	80.5501	555.176	80.3549	555.176	77.5284	555.176	76.6677	555.176	73.5445	555.176	71.6402	555.176	76.5228	555.176	76.647	555.176	80.8864	555.176	81.2185	555.176	83.2724	555.176	83.457	555.176	84.076
574.219	90.9905	574.219	90.8398	574.219	90.8864	574.219	90.426	574.219	90.5159	574.219	89.7234	574.219	89.8434	574.219	88.693	574.219	88.8092	574.219	87.3005	574.219	87.3365	574.219	85.5701	574.219	85.3647	574.219	83.719	574.219	82.9807	574.219	82.3076	574.219	80.8471	574.219	81.8522	574.219	80.275	574.219	81.9973	574.219	81.0242	574.219	81.9044	574.219	81.5354	574.219	80.8533	574.219	80.8406	574.219	77.9342	574.219	78.0068	574.219	70.9826	574.219	70.481	574.219	73.295	574.219	73.6007	574.219	80.1691	574.219	80.5138	574.219	83.2911	574.219	83.4771	574.219	84.2827
594.727	91.9344	594.727	91.8665	594.727	91.7723	594.727	91.5571	594.727	91.3847	594.727	90.994	594.727	90.7645	594.727	90.1671	594.727	89.893	594.727	89.0757	594.727	88.7559	594.727	87.7497	594.727	87.377	594.727	86.304	594.727	85.862	594.727	85.0179	594.727	84.4106	594.727	84.2785	594.727	83.246	594.727	84.1709	594.727	82.5166	594.727	84.2498	594.727	82.2358	594.727	83.9035	594.727	82.1299	594.727	82.5735	594.727	81.5997	594.727	79.5806	594.727	79.9594	594.727	74.0072	594.727	76.8196	594.727	72.6839	594.727	74.7714	594.727	77.0635	594.727	77.0298	594.727	78.3739
615.234	92.1279	615.234	92.0519	615.234	91.9406	615.234	91.7029	615.234	91.5067	615.234	91.0856	615.234	90.8367	615.234	90.2192	615.234	89.9251	615.234	89.1381	615.234	88.7562	615.234	87.9047	615.234	87.3374	615.234	86.6327	615.234	85.7737	615.234	85.4842	615.234	84.3656	615.234	84.6154	615.234	83.5298	615.234	84.116	615.234	83.339	615.234	83.9308	615.234	83.3353	615.234	83.7408	615.234	82.9325	615.234	83.0069	615.234	81.6172	615.234	81.1548	615.234	78.9291	615.234	77.9188	615.234	75.4896	615.234	75.8823	615.234	76.2173	615.234	77.9734	615.234	78.7664	615.234	79.4232
637.207	92.7253	637.207	92.5055	637.207	92.6322	637.207	91.9599	637.207	92.2491	637.207	91.0866	637.207	91.5966	637.207	89.8902	637.207	90.6687	637.207	88.4033	637.207	89.4163	637.207	86.7671	637.207	87.7731	637.207	85.333	637.207	85.7935	637.207	84.4976	637.207	84.006	637.207	84.2352	637.207	83.4191	637.207	84.1903	637.207	83.9371	637.207	84.1247	637.207	84.3896	637.207	83.8921	637.207	84.0652	637.207	83.2471	637.207	82.7254	637.207	82.0348	637.207	80.7221	637.207	81.0427	637.207	80.2541	637.207	81.9098	637.207	82.2514	637.207	83.6323	637.207	84.0215	637.207	84.4971
659.18	92.0021	659.18	91.9369	659.18	91.7512	659.18	91.5534	659.18	91.2153	659.18	90.8707	659.18	90.4416	659.18	89.906	659.18	89.4699	659.18	88.6525	659.18	88.3148	659.18	87.089	659.18	86.9654	659.18	85.2638	659.18	85.3858	659.18	83.4807	659.18	83.5047	659.18	82.3718	659.18	81.3191	659.18	82.2108	659.18	79.5552	659.18	82.3828	659.18	79.8659	659.18	82.1759	659.18	81.352	659.18	81.1974	659.18	81.9997	659.18	79.4121	659.18	81.1113	659.18	78.1044	659.18	79.0163	659.18	79.3944	659.18	78.5829	659.18	81.2668	659.18	80.614	659.18	81.7888
682.617	91.326	682.617	91.2361	682.617	91.1188	682.617	90.8517	682.617	90.6389	682.617	90.1924	682.617	89.9189	682.617	89.2678	682.617	88.9707	682.617	88.0704	682.617	87.7842	682.617	86.6123	682.617	86.3668	682.617	84.9795	682.617	84.8101	682.617	83.3536	682.617	83.3525	682.617	82.0323	682.617	82.3251	682.617	81.43	682.617	81.8425	682.617	81.602	682.617	81.5856	682.617	81.8087	682.617	81.0368	682.617	81.1784	682.617	79.7119	682.617	79.2506	682.617	77.4662	682.617	77.0015	682.617	76.512	682.617	78.2052	682.617	79.0835	682.617	80.8084	682.617	81.3829	682.617	81.9795
707.52	91.3606	707.52	91.1717	707.52	91.251	707.52	90.7013	707.52	90.8424	707.52	89.9717	707.52	90.1459	707.52	88.9954	707.52	89.1713	707.52	87.7838	707.52	87.9245	707.52	86.397	707.52	86.4239	707.52	85.0024	707.52	84.7421	707.52	83.8223	707.52	83.0875	707.52	82.9165	707.52	81.8831	707.52	82.1653	707.52	81.5314	707.52	81.5704	707.52	81.8282	707.52	81.1528	707.52	82.0416	707.52	80.4654	707.52	81.5096	707.52	78.8898	707.52	80.0118	707.52	77.1787	707.52	78.8087	707.52	78.5729	707.52	80.1229	707.52	81.1845	707.52	81.9467	707.52	82.4096
732.422	90.758	732.422	90.6241	732.422	90.5267	732.422	90.1546	732.422	89.9479	732.422	89.3987	732.422	89.0892	732.422	88.3925	732.422	88.0372	732.422	87.1444	732.422	86.8451	732.422	85.6514	732.422	85.4937	732.422	83.9438	732.422	83.915	732.422	82.1577	732.422	82.1003	732.422	80.6449	732.422	80.2896	732.422	79.9452	732.422	79.0985	732.422	80.1746	732.422	78.9925	732.422	80.6661	732.422	79.5113	732.422	80.633	732.422	79.7851	732.422	79.5171	732.422	79.2255	732.422	77.268	732.422	78.0467	732.422	76.4405	732.422	78.1195	732.422	78.6511	732.422	79.5813	732.422	80.0485
757.324	90.1578	757.324	90.1881	757.324	89.8779	757.324	89.9234	757.324	89.3898	757.324	89.3234	757.324	88.7045	757.324	88.3573	757.324	87.7836	757.324	87.0275	757.324	86.5598	757.324	85.4099	757.324	84.9799	757.324	83.6592	757.324	83.018	757.324	81.9299	757.324	80.6459	757.324	80.2839	757.324	78.0254	757.324	78.8544	757.324	76.5433	757.324	78.1561	757.324	77.4494	757.324	78.3526	757.324	78.4249	757.324	78.4512	757.324	77.7023	757.324	77.71	757.324	74.6565	757.324	77.0742	757.324	72.8233	757.324	78.4297	757.324	77.1795	757.324	80.3459	757.324	80.186	757.324	81.1053
785.156	89.8067	785.156	89.7985	785.156	89.4062	785.156	89.3527	785.156	88.7047	785.156	88.5024	785.156	87.8538	785.156	87.2901	785.156	86.9847	785.156	85.7374	785.156	86.1548	785.156	83.9571	785.156	85.2953	785.156	82.3983	785.156	84.1717	785.156	81.5464	785.156	82.455	785.156	80.9862	785.156	79.9153	785.156	80.0679	785.156	76.8442	785.156	79.2497	785.156	75.396	785.156	79.4554	785.156	77.1144	785.156	79.6296	785.156	78.8099	785.156	78.3226	785.156	78.7721	785.156	75.9192	785.156	77.3035	785.156	76.4879	785.156	77.3709	785.156	78.9636	785.156	79.2646	785.156	80.0199
811.523	89.5883	811.523	89.5445	811.523	89.2299	811.523	89.0563	811.523	88.5555	811.523	88.1139	811.523	87.6697	811.523	86.7154	811.523	86.6528	811.523	84.8538	811.523	85.5472	811.523	82.5378	811.523	84.3696	811.523	79.8992	811.523	83.0936	811.523	77.5178	811.523	81.6318	811.523	76.6539	811.523	79.9214	811.523	77.4816	811.523	77.9062	811.523	78.4985	811.523	75.1717	811.523	78.8154	811.523	72.1345	811.523	78.4432	811.523	73.4334	811.523	77.6033	811.523	75.6342	811.523	76.542	811.523	75.8764	811.523	76.6962	811.523	75.9243	811.523	78.0676	811.523	77.4275	811.523	78.5216
840.82	89.179	840.82	89.2103	840.82	88.7534	840.82	88.8034	840.82	88.0134	840.82	87.9594	840.82	87.0328	840.82	86.7159	840.82	85.8556	840.82	85.1126	840.82	84.5632	840.82	83.1507	840.82	83.32	840.82	80.8563	840.82	82.1843	840.82	78.5342	840.82	80.8904	840.82	76.9665	840.82	79.0927	840.82	76.7926	840.82	77.1919	840.82	77.5644	840.82	76.9148	840.82	78.3249	840.82	77.8805	840.82	78.3779	840.82	78.0279	840.82	77.2426	840.82	76.4109	840.82	75.0533	840.82	72.556	840.82	74.9858	840.82	72.1806	840.82	77.3094	840.82	76.4387	840.82	78.1385
870.117	89.1891	870.117	88.9213	870.117	88.9345	870.117	88.198	870.117	88.1272	870.117	87.1419	870.117	86.809	870.117	85.916	870.117	85.1805	870.117	84.5997	870.117	83.6348	870.117	83.0814	870.117	82.5242	870.117	81.1476	870.117	81.7453	870.117	78.6444	870.117	80.9219	870.117	75.3888	870.117	80.0414	870.117	71.7836	870.117	79.1211	870.117	73.4483	870.117	77.5068	870.117	77.2851	870.117	75.6701	870.117	78.8677	870.117	76.3432	870.117	78.3734	870.117	76.955	870.117	76.551	870.117	74.9582	870.117	75.0257	870.117	73.2288	870.117	75.6185	870.117	75.5739	870.117	76.5389
900.879	89.138	900.879	88.969	900.879	88.8505	900.879	88.4061	900.879	88.1402	900.879	87.5255	900.879	87.1217	900.879	86.318	900.879	85.897	900.879	84.7021	900.879	84.4494	900.879	82.6787	900.879	82.7002	900.879	80.5902	900.879	80.761	900.879	79.1465	900.879	78.952	900.879	78.3578	900.879	77.4158	900.879	77.0527	900.879	76.7004	900.879	74.7429	900.879	77.3147	900.879	74.0336	900.879	77.7591	900.879	75.2185	900.879	77.0618	900.879	74.6428	900.879	75.915	900.879	72.4712	900.879	75.3024	900.879	74.0187	900.879	76.1207	900.879	77.0253	900.879	77.7328	900.879	78.2593
933.105	89.8939	933.105	89.589	933.105	89.5348	933.105	88.6968	933.105	88.5541	933.105	87.3843	933.105	87.1141	933.105	85.8523	933.105	85.4354	933.105	84.2302	933.105	83.7427	933.105	82.4607	933.105	82.2882	933.105	80.4235	933.105	81.0524	933.105	78.5812	933.105	79.372	933.105	77.8344	933.105	76.4117	933.105	77.3932	933.105	72.7971	933.105	76.3223	933.105	73.5485	933.105	76.0244	933.105	76.0351	933.105	77.1996	933.105	76.944	933.105	77.4158	933.105	75.729	933.105	75.7805	933.105	72.8597	933.105	74.1654	933.105	73.6904	933.105	75.4243	933.105	76.2393	933.105	76.7559
965.332	90.426	965.332	90.2165	965.332	90.1474	965.332	89.6671	965.332	89.306	965.332	88.8606	965.332	87.931	965.332	87.7574	965.332	86.1546	965.332	86.2946	965.332	84.2744	965.332	84.4124	965.332	82.7117	965.332	82.0066	965.332	81.726	965.332	79.0305	965.332	80.9505	965.332	75.7373	965.332	79.4798	965.332	72.9246	965.332	77.1801	965.332	71.7675	965.332	76.119	965.332	73.7379	965.332	76.2016	965.332	76.9057	965.332	75.3533	965.332	78.31	965.332	75.5409	965.332	77.6877	965.332	77.0965	965.332	77.0218	965.332	78.3677	965.332	78.4219	965.332	79.4492	965.332	79.6409
1,000.49	90.8759	1,000.49	90.6364	1,000.49	90.6499	1,000.49	89.9363	1,000.49	90.0277	1,000.49	88.8717	1,000.49	89.099	1,000.49	87.5704	1,000.49	87.912	1,000.49	86.0927	1,000.49	86.4185	1,000.49	84.4647	1,000.49	84.5357	1,000.49	82.8393	1,000.49	82.7072	1,000.49	81.4335	1,000.49	81.9063	1,000.49	80.1006	1,000.49	81.1369	1,000.49	78.0997	1,000.49	78.8262	1,000.49	74.6904	1,000.49	76.4189	1,000.49	73.449	1,000.49	77.9232	1,000.49	76.1337	1,000.49	79.3977	1,000.49	76.256	1,000.49	78.4509	1,000.49	74.1897	1,000.49	75.6581	1,000.49	76.43	1,000.49	77.7484	1,000.49	79.9186	1,000.49	80.7175	1,000.49	81.3547
1,035.64	91.484	1,035.64	91.036	1,035.64	91.3659	1,035.64	90.1387	1,035.64	90.5802	1,035.64	88.7056	1,035.64	89.1887	1,035.64	86.6744	1,035.64	87.4249	1,035.64	84.6061	1,035.64	85.693	1,035.64	83.483	1,035.64	84.1532	1,035.64	83.0198	1,035.64	82.5722	1,035.64	82.1775	1,035.64	81.0575	1,035.64	80.8275	1,035.64	79.3812	1,035.64	79.533	1,035.64	76.6331	1,035.64	77.6032	1,035.64	75.0451	1,035.64	72.5105	1,035.64	76.7405	1,035.64	74.518	1,035.64	77.1498	1,035.64	79.5492	1,035.64	78.0179	1,035.64	79.7422	1,035.64	78.0099	1,035.64	77.6147	1,035.64	76.5064	1,035.64	80.0979	1,035.64	79.6375	1,035.64	81.7483
1,072.27	93.437	1,072.27	93.343	1,072.27	93.1535	1,072.27	92.7689	1,072.27	92.65	1,072.27	91.6702	1,072.27	91.9355	1,072.27	90.1172	1,072.27	90.8432	1,072.27	88.3899	1,072.27	89.2681	1,072.27	86.6056	1,072.27	87.1183	1,072.27	84.6042	1,072.27	84.3431	1,072.27	83.0082	1,072.27	82.2257	1,072.27	82.5572	1,072.27	82.3141	1,072.27	82.5198	1,072.27	82.211	1,072.27	82.1132	1,072.27	80.1019	1,072.27	80.3483	1,072.27	78.519	1,072.27	78.1705	1,072.27	80.9324	1,072.27	79.1247	1,072.27	81.2343	1,072.27	79.2298	1,072.27	77.72	1,072.27	79.028	1,072.27	76.7435	1,072.27	81.3068	1,072.27	81.1894	1,072.27	82.5953
1,108.89	93.872	1,108.89	93.9978	1,108.89	93.6223	1,108.89	93.6897	1,108.89	93.2354	1,108.89	92.6378	1,108.89	92.3767	1,108.89	90.9031	1,108.89	90.8495	1,108.89	88.9507	1,108.89	89.1545	1,108.89	87.1317	1,108.89	87.8398	1,108.89	85.4654	1,108.89	86.0893	1,108.89	83.8474	1,108.89	83.1604	1,108.89	81.9102	1,108.89	80.516	1,108.89	80.6932	1,108.89	79.5214	1,108.89	81.6744	1,108.89	79.5754	1,108.89	80.3162	1,108.89	80.0802	1,108.89	76.0933	1,108.89	78.336	1,108.89	79.1945	1,108.89	78.0416	1,108.89	79.676	1,108.89	78.8327	1,108.89	77.7209	1,108.89	76.7477	1,108.89	80.5039	1,108.89	79.4598	1,108.89	81.8882
1,148.44	93.0847	1,148.44	93.2732	1,148.44	92.7786	1,148.44	93.1604	1,148.44	92.3199	1,148.44	92.4439	1,148.44	91.5174	1,148.44	91.1271	1,148.44	90.2034	1,148.44	89.6115	1,148.44	88.55	1,148.44	88.2013	1,148.44	87.0889	1,148.44	86.2868	1,148.44	85.7899	1,148.44	82.9556	1,148.44	83.6611	1,148.44	79.6281	1,148.44	80.6914	1,148.44	80.1356	1,148.44	79.6011	1,148.44	82.4903	1,148.44	79.0022	1,148.44	83.0064	1,148.44	77.0102	1,148.44	79.8222	1,148.44	79.1863	1,148.44	78.9612	1,148.44	81.2013	1,148.44	80.5059	1,148.44	78.9909	1,148.44	76.3168	1,148.44	73.409	1,148.44	77.1358	1,148.44	79.7068	1,148.44	81.2811
1,189.45	93.0172	1,189.45	93.1693	1,189.45	92.439	1,189.45	92.7952	1,189.45	91.7052	1,189.45	92.052	1,189.45	90.8106	1,189.45	90.9815	1,189.45	89.4415	1,189.45	89.1119	1,189.45	87.3532	1,189.45	86.1637	1,189.45	84.9824	1,189.45	83.4927	1,189.45	83.7365	1,189.45	82.2061	1,189.45	82.8157	1,189.45	79.7794	1,189.45	80.3866	1,189.45	69.9788	1,189.45	73.8886	1,189.45	76.4397	1,189.45	76.4939	1,189.45	79.784	1,189.45	81.2383	1,189.45	75.8258	1,189.45	78.0364	1,189.45	76.7975	1,189.45	70.5192	1,189.45	80.5703	1,189.45	79.3337	1,189.45	78.1726	1,189.45	76.8533	1,189.45	65.4801	1,189.45	59.6795	1,189.45	69.3346
1,230.47	93.8366	1,230.47	93.4846	1,230.47	93.416	1,230.47	92.6682	1,230.47	92.2135	1,230.47	91.6216	1,230.47	90.7066	1,230.47	90.3451	1,230.47	89.5709	1,230.47	88.5874	1,230.47	88.4122	1,230.47	86.1376	1,230.47	85.9545	1,230.47	83.6041	1,230.47	82.8059	1,230.47	82.4295	1,230.47	82.8993	1,230.47	82.1434	1,230.47	82.8526	1,230.47	79.1039	1,230.47	78.0827	1,230.47	65.8128	1,230.47	64.7776	1,230.47	78.443	1,230.47	76.1147	1,230.47	79.161	1,230.47	76.7992	1,230.47	68.7478	1,230.47	74.4753	1,230.47	77.2336	1,230.47	75.6552	1,230.47	80.188	1,230.47	78.1514	1,230.47	77.8851	1,230.47	77.4328	1,230.47	75.8162
1,274.41	94.5755	1,274.41	94.59	1,274.41	94.1609	1,274.41	93.9083	1,274.41	93.5043	1,274.41	92.6676	1,274.41	92.4093	1,274.41	91.2926	1,274.41	90.9734	1,274.41	89.6179	1,274.41	89.5275	1,274.41	87.1845	1,274.41	87.4888	1,274.41	84.2932	1,274.41	84.2597	1,274.41	82.0278	1,274.41	82.0567	1,274.41	82.0795	1,274.41	82.4249	1,274.41	80.5375	1,274.41	81.1307	1,274.41	74.3422	1,274.41	73.5158	1,274.41	79.5565	1,274.41	80.2979	1,274.41	81.328	1,274.41	82.9457	1,274.41	77.2879	1,274.41	79.7475	1,274.41	76.7221	1,274.41	76.9723	1,274.41	78.9765	1,274.41	79.5193	1,274.41	78.6394	1,274.41	79.134	1,274.41	79.0629
1,319.82	93.7645	1,319.82	93.7015	1,319.82	93.4777	1,319.82	93.0528	1,319.82	93.0117	1,319.82	92.1372	1,319.82	92.1064	1,319.82	91.2432	1,319.82	90.7728	1,319.82	89.8773	1,319.82	89.1512	1,319.82	87.529	1,319.82	86.8934	1,319.82	84.9313	1,319.82	84.1058	1,319.82	83.847	1,319.82	82.7763	1,319.82	83.8353	1,319.82	83.4529	1,319.82	82.0784	1,319.82	81.8501	1,319.82	74.8715	1,319.82	74.2774	1,319.82	78.3776	1,319.82	78.5651	1,319.82	81.1589	1,319.82	80.0765	1,319.82	79.1877	1,319.82	76.8208	1,319.82	79.1173	1,319.82	80.6442	1,319.82	79.9853	1,319.82	80.3473	1,319.82	76.8857	1,319.82	77.6175	1,319.82	76.7305
1,366.7	91.4736	1,366.7	91.3976	1,366.7	91.2088	1,366.7	90.9469	1,366.7	90.6848	1,366.7	90.3635	1,366.7	89.8063	1,366.7	89.5896	1,366.7	88.7731	1,366.7	88.1065	1,366.7	88.0956	1,366.7	85.5541	1,366.7	86.9952	1,366.7	81.9561	1,366.7	83.9074	1,366.7	80.1167	1,366.7	80.1253	1,366.7	83.3379	1,366.7	81.6832	1,366.7	83.5705	1,366.7	81.4339	1,366.7	77.9801	1,366.7	73.1611	1,366.7	77.753	1,366.7	76.7281	1,366.7	80.1731	1,366.7	80.7057	1,366.7	73.7662	1,366.7	77.7056	1,366.7	73.2292	1,366.7	75.946	1,366.7	77.1244	1,366.7	75.8086	1,366.7	70.4292	1,366.7	70.1781	1,366.7	67.9947
1,413.57	89.1971	1,413.57	88.8507	1,413.57	89.2052	1,413.57	88.5524	1,413.57	88.7991	1,413.57	88.1685	1,413.57	87.9631	1,413.57	87.0087	1,413.57	86.9221	1,413.57	85.4552	1,413.57	86.2571	1,413.57	84.2571	1,413.57	85.4191	1,413.57	82.3321	1,413.57	83.0085	1,413.57	77.4604	1,413.57	79.296	1,413.57	77.8745	1,413.57	81.8067	1,413.57	79.0727	1,413.57	81.9799	1,413.57	70.2641	1,413.57	71.9651	1,413.57	77.7469	1,413.57	76.7238	1,413.57	81.2214	1,413.57	80.4126	1,413.57	74.4634	1,413.57	73.3951	1,413.57	74.9219	1,413.57	70.8892	1,413.57	78.0314	1,413.57	75.9678	1,413.57	68.0531	1,413.57	67.4023	1,413.57	62.6251
1,463.38	86.3244	1,463.38	86.4967	1,463.38	86.5806	1,463.38	86.8612	1,463.38	86.8906	1,463.38	86.8789	1,463.38	86.6249	1,463.38	85.9375	1,463.38	85.3121	1,463.38	84.4087	1,463.38	83.1248	1,463.38	83.8868	1,463.38	82.1865	1,463.38	83.1902	1,463.38	81.6869	1,463.38	78.9331	1,463.38	78.0343	1,463.38	70.1424	1,463.38	74.7045	1,463.38	71.3577	1,463.38	77.4683	1,463.38	65.3729	1,463.38	73.2767	1,463.38	73.9478	1,463.38	66.2424	1,463.38	80.9224	1,463.38	77.4045	1,463.38	79.465	1,463.38	76.5756	1,463.38	67.624	1,463.38	63.3196	1,463.38	75.9081	1,463.38	72.8836	1,463.38	75.2705	1,463.38	73.1916	1,463.38	73.035
1,516.11	85.7718	1,516.11	85.6522	1,516.11	85.8345	1,516.11	85.7609	1,516.11	85.9425	1,516.11	85.7827	1,516.11	86.0582	1,516.11	85.0326	1,516.11	85.3583	1,516.11	83.6497	1,516.11	82.5363	1,516.11	82.012	1,516.11	79.0383	1,516.11	80.2204	1,516.11	79.4705	1,516.11	76.7741	1,516.11	78.3881	1,516.11	72.8224	1,516.11	74.2187	1,516.11	74.2676	1,516.11	76.4645	1,516.11	72.5817	1,516.11	75.3001	1,516.11	64.389	1,516.11	61.3578	1,516.11	77.7422	1,516.11	75.6183	1,516.11	77.906	1,516.11	78.1958	1,516.11	64.9207	1,516.11	72.049	1,516.11	74.9473	1,516.11	73.5569	1,516.11	73.8328	1,516.11	72.9441	1,516.11	69.5727
1,568.85	85.0206	1,568.85	85.1751	1,568.85	85.1094	1,568.85	85.4012	1,568.85	85.1612	1,568.85	85.0242	1,568.85	84.9191	1,568.85	84.2506	1,568.85	84.1268	1,568.85	82.6992	1,568.85	82.1081	1,568.85	79.6602	1,568.85	78.8673	1,568.85	77.5897	1,568.85	77.9673	1,568.85	76.5955	1,568.85	77.7016	1,568.85	72.8548	1,568.85	73.9303	1,568.85	73.3941	1,568.85	73.1758	1,568.85	72.9613	1,568.85	74.379	1,568.85	54.8793	1,568.85	63.7667	1,568.85	74.5313	1,568.85	72.9832	1,568.85	76.5845	1,568.85	76.8174	1,568.85	69.2797	1,568.85	72.7538	1,568.85	72.9422	1,568.85	72.4159	1,568.85	73.4723	1,568.85	71.7409	1,568.85	70.0973
1,624.51	83.1965	1,624.51	84.0346	1,624.51	83.8058	1,624.51	84.7186	1,624.51	84.9577	1,624.51	84.5582	1,624.51	84.7378	1,624.51	83.6903	1,624.51	83.257	1,624.51	81.8038	1,624.51	81.3141	1,624.51	78.3017	1,624.51	78.8863	1,624.51	74.6977	1,624.51	76.8788	1,624.51	74.2321	1,624.51	76.4941	1,624.51	72.8151	1,624.51	73.3789	1,624.51	70.8809	1,624.51	72.3235	1,624.51	71.7162	1,624.51	75.2279	1,624.51	64.9197	1,624.51	72.4279	1,624.51	69.2708	1,624.51	71.2703	1,624.51	74.5384	1,624.51	72.7716	1,624.51	71.6106	1,624.51	72.5741	1,624.51	72.7538	1,624.51	71.121	1,624.51	70.1053	1,624.51	65.2709	1,624.51	62.8037
1,681.64	82.3027	1,681.64	83.1786	1,681.64	83.1746	1,681.64	84.498	1,681.64	84.7386	1,681.64	84.8974	1,681.64	85.1523	1,681.64	84.1064	1,681.64	84.0672	1,681.64	81.8937	1,681.64	81.781	1,681.64	78.3901	1,681.64	78.606	1,681.64	76.0415	1,681.64	75.346	1,681.64	75.0845	1,681.64	75.0462	1,681.64	74.5028	1,681.64	73.7209	1,681.64	71.9621	1,681.64	70.0872	1,681.64	70.7809	1,681.64	71.8602	1,681.64	69.4566	1,681.64	72.0163	1,681.64	65.139	1,681.64	73.6401	1,681.64	70.3908	1,681.64	72.7378	1,681.64	70.7786	1,681.64	71.5263	1,681.64	68.4854	1,681.64	70.671	1,681.64	64.6589	1,681.64	63.73	1,681.64	60.8625
1,741.7	82.6945	1,741.7	83.5594	1,741.7	83.0964	1,741.7	84.2486	1,741.7	84.186	1,741.7	84.3035	1,741.7	84.6766	1,741.7	83.6672	1,741.7	84.2482	1,741.7	81.621	1,741.7	82.7529	1,741.7	79.7501	1,741.7	80.2281	1,741.7	78.4329	1,741.7	76.0311	1,741.7	75.3785	1,741.7	72.9084	1,741.7	72.0036	1,741.7	72.7188	1,741.7	70.9865	1,741.7	68.0751	1,741.7	71.1953	1,741.7	68.3819	1,741.7	67.2236	1,741.7	67.6075	1,741.7	69.8858	1,741.7	72.3127	1,741.7	69.3671	1,741.7	74.5233	1,741.7	68.3204	1,741.7	68.6661	1,741.7	70.9395	1,741.7	69.8289	1,741.7	68.0222	1,741.7	58.9425	1,741.7	60.3092
1,803.22	83.2483	1,803.22	83.7019	1,803.22	83.6104	1,803.22	84.1802	1,803.22	83.9506	1,803.22	84.2083	1,803.22	84.1971	1,803.22	83.5134	1,803.22	84.0187	1,803.22	81.5094	1,803.22	82.6676	1,803.22	79.9687	1,803.22	80.528	1,803.22	77.7918	1,803.22	76.8479	1,803.22	73.6372	1,803.22	71.9991	1,803.22	68.3095	1,803.22	72.5926	1,803.22	61.4795	1,803.22	72.5544	1,803.22	66.0617	1,803.22	70.3724	1,803.22	65.8827	1,803.22	65.4731	1,803.22	70.8158	1,803.22	71.8201	1,803.22	70.1091	1,803.22	74.3535	1,803.22	68.2893	1,803.22	70.4207	1,803.22	71.4775	1,803.22	68.544	1,803.22	66.479	1,803.22	61.6257	1,803.22	60.7989
1,866.21	82.678	1,866.21	84.0516	1,866.21	83.498	1,866.21	85.1376	1,866.21	84.8587	1,866.21	85.3523	1,866.21	84.8316	1,866.21	84.1831	1,866.21	83.8181	1,866.21	81.7245	1,866.21	82.6158	1,866.21	79.978	1,866.21	80.9629	1,866.21	77.083	1,866.21	78.2444	1,866.21	73.4879	1,866.21	74.6607	1,866.21	74.2704	1,866.21	73.6094	1,866.21	72.4142	1,866.21	73.8516	1,866.21	69.2662	1,866.21	68.6192	1,866.21	61.8706	1,866.21	65.7874	1,866.21	71.4702	1,866.21	70.8427	1,866.21	73.0826	1,866.21	71.3688	1,866.21	67.858	1,866.21	68.9036	1,866.21	72.6856	1,866.21	70.5699	1,866.21	69.6362	1,866.21	61.1216	1,866.21	62.7004
1,932.13	83.1136	1,932.13	84.1956	1,932.13	83.6429	1,932.13	85.7084	1,932.13	85.0885	1,932.13	85.9219	1,932.13	85.3496	1,932.13	83.9242	1,932.13	84.4251	1,932.13	82.4656	1,932.13	83.2023	1,932.13	80.6827	1,932.13	81.8824	1,932.13	77.0697	1,932.13	78.9651	1,932.13	76.0298	1,932.13	75.5125	1,932.13	75.7919	1,932.13	73.8385	1,932.13	72.9113	1,932.13	75.0394	1,932.13	69.075	1,932.13	72.8644	1,932.13	67.9648	1,932.13	63.5069	1,932.13	67.5108	1,932.13	73.3452	1,932.13	73.6926	1,932.13	72.1504	1,932.13	70.5995	1,932.13	67.6029	1,932.13	73.1218	1,932.13	73.2819	1,932.13	69.0563	1,932.13	69.374	1,932.13	66.5863
1,999.51	84.0921	1,999.51	84.6913	1,999.51	84.3087	1,999.51	85.3517	1,999.51	85.3026	1,999.51	85.5853	1,999.51	85.4776	1,999.51	84.9967	1,999.51	84.8172	1,999.51	82.8134	1,999.51	83.5845	1,999.51	80.3523	1,999.51	81.1077	1,999.51	78.3382	1,999.51	78.7411	1,999.51	76.1617	1,999.51	76.0597	1,999.51	73.9247	1,999.51	73.0739	1,999.51	71.8596	1,999.51	75.1465	1,999.51	68.9028	1,999.51	75.6714	1,999.51	70.9805	1,999.51	71.1203	1,999.51	65.2041	1,999.51	68.8034	1,999.51	73.0372	1,999.51	74.9488	1,999.51	70.9684	1,999.51	73.4797	1,999.51	73.8439	1,999.51	74.8006	1,999.51	69.7648	1,999.51	69.4807	1,999.51	64.9281
2,069.82	85.1444	2,069.82	85.4634	2,069.82	85.1129	2,069.82	85.4651	2,069.82	85.7669	2,069.82	85.7798	2,069.82	85.6152	2,069.82	85.3827	2,069.82	84.7664	2,069.82	83.3	2,069.82	83.9885	2,069.82	81.0624	2,069.82	82.9254	2,069.82	79.9291	2,069.82	80.0006	2,069.82	78.9171	2,069.82	77.1835	2,069.82	74.4558	2,069.82	75.1694	2,069.82	74.2941	2,069.82	75.2552	2,069.82	70.8765	2,069.82	75.133	2,069.82	70.4094	2,069.82	71.9639	2,069.82	67.6041	2,069.82	66.8002	2,069.82	72.7562	2,069.82	73.8243	2,069.82	71.9061	2,069.82	73.9257	2,069.82	74.2297	2,069.82	75.081	2,069.82	71.679	2,069.82	69.951	2,069.82	66.5608
2,143.07	85.2328	2,143.07	85.5394	2,143.07	84.9709	2,143.07	86.0784	2,143.07	86.0784	2,143.07	85.9976	2,143.07	85.9713	2,143.07	84.7321	2,143.07	85.0466	2,143.07	83.799	2,143.07	84.3538	2,143.07	83.5613	2,143.07	83.5681	2,143.07	81.2131	2,143.07	81.1403	2,143.07	78.9615	2,143.07	78.2889	2,143.07	76.4565	2,143.07	76.8231	2,143.07	73.3737	2,143.07	74.8571	2,143.07	73.7893	2,143.07	74.7351	2,143.07	66.9566	2,143.07	72.1436	2,143.07	71.506	2,143.07	63.8058	2,143.07	70.9631	2,143.07	72.7326	2,143.07	73.3849	2,143.07	72.3274	2,143.07	73.153	2,143.07	74.8174	2,143.07	72.5076	2,143.07	66.0714	2,143.07	64.7107
2,219.24	85.4037	2,219.24	85.3206	2,219.24	85.0378	2,219.24	86.2392	2,219.24	84.9361	2,219.24	85.4983	2,219.24	86.1909	2,219.24	84.6924	2,219.24	85.9364	2,219.24	85.3308	2,219.24	85.1581	2,219.24	83.5939	2,219.24	84.4586	2,219.24	81.2203	2,219.24	81.4462	2,219.24	80.0346	2,219.24	75.2872	2,219.24	77.2191	2,219.24	74.0191	2,219.24	73.1274	2,219.24	73.9961	2,219.24	71.8084	2,219.24	76.8593	2,219.24	68.864	2,219.24	72.5562	2,219.24	71.9619	2,219.24	70.7373	2,219.24	69.8471	2,219.24	69.6907	2,219.24	73.2736	2,219.24	73.0942	2,219.24	72.7309	2,219.24	74.5311	2,219.24	71.8159	2,219.24	70.021	2,219.24	55.9099
2,296.88	86.8203	2,296.88	86.3351	2,296.88	86.1959	2,296.88	85.3936	2,296.88	84.6866	2,296.88	85.3803	2,296.88	85.2454	2,296.88	86.1066	2,296.88	86.2935	2,296.88	84.5798	2,296.88	85.5412	2,296.88	83.0604	2,296.88	83.9407	2,296.88	80.8546	2,296.88	82.3201	2,296.88	76.0081	2,296.88	77.3347	2,296.88	73.3468	2,296.88	73.4721	2,296.88	70.973	2,296.88	73.845	2,296.88	73.1099	2,296.88	76.0682	2,296.88	68.9276	2,296.88	73.5095	2,296.88	70.651	2,296.88	69.3705	2,296.88	70.8304	2,296.88	67.0372	2,296.88	73.2925	2,296.88	71.0611	2,296.88	72.4399	2,296.88	74.1363	2,296.88	73.1522	2,296.88	69.7355	2,296.88	61.2161
2,378.91	87.1508	2,378.91	86.6239	2,378.91	86.6337	2,378.91	85.1752	2,378.91	85.4244	2,378.91	85.6976	2,378.91	84.9023	2,378.91	85.781	2,378.91	85.4649	2,378.91	85.0249	2,378.91	85.3872	2,378.91	82.914	2,378.91	83.6264	2,378.91	81.3555	2,378.91	82.1396	2,378.91	79.3747	2,378.91	79.4233	2,378.91	75.9028	2,378.91	75.5803	2,378.91	74.3932	2,378.91	74.6801	2,378.91	70.2503	2,378.91	71.0215	2,378.91	71.3132	2,378.91	73.0863	2,378.91	69.6429	2,378.91	72.8576	2,378.91	71.9966	2,378.91	70.2883	2,378.91	73.8068	2,378.91	70.4738	2,378.91	71.3107	2,378.91	72.9888	2,378.91	72.3896	2,378.91	65.0761	2,378.91	61.7703
2,462.4	86.6954	2,462.4	85.8105	2,462.4	85.8408	2,462.4	85.2344	2,462.4	85.5176	2,462.4	85.6565	2,462.4	85.8735	2,462.4	85.8301	2,462.4	86.2385	2,462.4	85.415	2,462.4	86.1716	2,462.4	84.0487	2,462.4	84.3649	2,462.4	81.9864	2,462.4	81.3088	2,462.4	78.5898	2,462.4	76.9832	2,462.4	77.0083	2,462.4	74.8082	2,462.4	73.3525	2,462.4	75.4369	2,462.4	70.5009	2,462.4	74.3876	2,462.4	68.0851	2,462.4	67.8875	2,462.4	67.6345	2,462.4	72.1517	2,462.4	72.0401	2,462.4	71.9206	2,462.4	73.2089	2,462.4	73.0309	2,462.4	70.9866	2,462.4	72.1543	2,462.4	71.6023	2,462.4	67.4501	2,462.4	54.8625
2,548.83	87.8434	2,548.83	86.5841	2,548.83	86.1189	2,548.83	85.437	2,548.83	84.7707	2,548.83	85.4695	2,548.83	86.6439	2,548.83	86.4302	2,548.83	87.1764	2,548.83	85.822	2,548.83	85.5837	2,548.83	82.9361	2,548.83	82.5255	2,548.83	80.6965	2,548.83	78.8259	2,548.83	78.4871	2,548.83	76.8777	2,548.83	74.9014	2,548.83	77.319	2,548.83	69.6873	2,548.83	76.5763	2,548.83	69.3185	2,548.83	72.772	2,548.83	66.7141	2,548.83	68.6186	2,548.83	68.5809	2,548.83	72.1175	2,548.83	70.4356	2,548.83	73.0687	2,548.83	73.3336	2,548.83	74.4492	2,548.83	71.3868	2,548.83	72.8713	2,548.83	70.2448	2,548.83	67.9587	2,548.83	56.456
2,639.65	88.9449	2,639.65	87.9305	2,639.65	88.2103	2,639.65	86.4608	2,639.65	85.9927	2,639.65	86.1977	2,639.65	86.5254	2,639.65	87.6241	2,639.65	88.0639	2,639.65	85.8526	2,639.65	86.6337	2,639.65	83.1343	2,639.65	83.0462	2,639.65	79.3926	2,639.65	79.1794	2,639.65	75.4584	2,639.65	78.3177	2,639.65	73.8129	2,639.65	75.464	2,639.65	71.1281	2,639.65	75.0521	2,639.65	69.8532	2,639.65	66.4635	2,639.65	68.1212	2,639.65	71.4898	2,639.65	65.7612	2,639.65	70.8106	2,639.65	70.5914	2,639.65	72.4927	2,639.65	73.3867	2,639.65	75.0196	2,639.65	71.2371	2,639.65	72.5053	2,639.65	71.7374	2,639.65	67.2757	2,639.65	64.5751
2,731.93	87.9634	2,731.93	87.6648	2,731.93	87.4366	2,731.93	86.5488	2,731.93	86.7171	2,731.93	87.7725	2,731.93	87.0932	2,731.93	87.3294	2,731.93	87.3199	2,731.93	85.5779	2,731.93	86.0976	2,731.93	83.5481	2,731.93	82.9596	2,731.93	81.6542	2,731.93	77.6767	2,731.93	77.5522	2,731.93	76.6807	2,731.93	76.5598	2,731.93	74.1584	2,731.93	73.9107	2,731.93	70.3949	2,731.93	68.9309	2,731.93	61.3865	2,731.93	69.3643	2,731.93	67.0983	2,731.93	66.0462	2,731.93	68.5747	2,731.93	71.1239	2,731.93	73.127	2,731.93	73.7775	2,731.93	74.465	2,731.93	70.7904	2,731.93	70.4645	2,731.93	73.2011	2,731.93	69.4064	2,731.93	61.9704
2,828.61	88.6029	2,828.61	87.4424	2,828.61	87.3782	2,828.61	86.4639	2,828.61	86.6281	2,828.61	87.5899	2,828.61	86.9034	2,828.61	87.1209	2,828.61	86.9455	2,828.61	85.7341	2,828.61	85.2972	2,828.61	83.1284	2,828.61	82.6358	2,828.61	80.9342	2,828.61	80.6041	2,828.61	79.5302	2,828.61	77.1497	2,828.61	76.1546	2,828.61	68.0936	2,828.61	71.8403	2,828.61	53.7536	2,828.61	69.3651	2,828.61	72.3499	2,828.61	63.322	2,828.61	72.5496	2,828.61	65.4546	2,828.61	67.978	2,828.61	70.9695	2,828.61	72.1268	2,828.61	72.16	2,828.61	74.0452	2,828.61	71.066	2,828.61	71.3251	2,828.61	72.5126	2,828.61	68.9979	2,828.61	67.0855
2,928.22	88.6858	2,928.22	87.7521	2,928.22	87.9091	2,928.22	87.2709	2,928.22	86.8651	2,928.22	87.0192	2,928.22	86.7955	2,928.22	86.4551	2,928.22	86.7533	2,928.22	84.8172	2,928.22	84.8619	2,928.22	82.7955	2,928.22	82.3748	2,928.22	81.1004	2,928.22	80.5962	2,928.22	77.0119	2,928.22	75.0443	2,928.22	70.6903	2,928.22	65.7357	2,928.22	72.4763	2,928.22	70.216	2,928.22	70.1247	2,928.22	76.2645	2,928.22	67.9103	2,928.22	71.3509	2,928.22	67.4701	2,928.22	65.7822	2,928.22	70.0266	2,928.22	69.7876	2,928.22	71.3541	2,928.22	73.2201	2,928.22	72.0612	2,928.22	70.7364	2,928.22	72.3337	2,928.22	68.0242	2,928.22	62.0523
3,030.76	88.4243	3,030.76	87.9797	3,030.76	88.4094	3,030.76	87.9555	3,030.76	87.697	3,030.76	86.9016	3,030.76	86.7374	3,030.76	86.5287	3,030.76	86.1782	3,030.76	84.6344	3,030.76	84.6606	3,030.76	83.0057	3,030.76	82.46	3,030.76	79.945	3,030.76	80.3526	3,030.76	77.0782	3,030.76	74.2632	3,030.76	76.1392	3,030.76	73.2223	3,030.76	72.8077	3,030.76	72.7556	3,030.76	65.5968	3,030.76	74.5077	3,030.76	66.7433	3,030.76	65.8835	3,030.76	65.7338	3,030.76	65.2463	3,030.76	69.6952	3,030.76	68.0759	3,030.76	69.4394	3,030.76	72.4888	3,030.76	71.9292	3,030.76	69.4362	3,030.76	70.0251	3,030.76	65.8578	3,030.76	55.7735
3,137.7	88.1146	3,137.7	88.4113	3,137.7	88.6583	3,137.7	88.2647	3,137.7	88.3668	3,137.7	87.1531	3,137.7	86.9258	3,137.7	85.5272	3,137.7	86.0245	3,137.7	84.4213	3,137.7	84.7365	3,137.7	82.9045	3,137.7	82.7789	3,137.7	79.9232	3,137.7	80.2999	3,137.7	78.6474	3,137.7	75.3075	3,137.7	73.4288	3,137.7	75.37	3,137.7	69.5096	3,137.7	74.068	3,137.7	66.7415	3,137.7	69.7884	3,137.7	64.6686	3,137.7	51.9267	3,137.7	63.7334	3,137.7	65.2698	3,137.7	67.7098	3,137.7	68.1867	3,137.7	69.5331	3,137.7	71.233	3,137.7	71.7755	3,137.7	68.4466	3,137.7	67.9494	3,137.7	63.0461	3,137.7	65.3805
3,249.02	88.9465	3,249.02	89.2918	3,249.02	89.4642	3,249.02	88.4679	3,249.02	88.8197	3,249.02	87.5174	3,249.02	87.2861	3,249.02	86.1042	3,249.02	86.131	3,249.02	84.5868	3,249.02	84.3025	3,249.02	81.6841	3,249.02	82.2911	3,249.02	80.7352	3,249.02	80.9825	3,249.02	73.508	3,249.02	77.6551	3,249.02	72.5576	3,249.02	76.6245	3,249.02	67.6867	3,249.02	70.8162	3,249.02	66.621	3,249.02	59.06	3,249.02	66.3267	3,249.02	56.8577	3,249.02	60.7608	3,249.02	64.2702	3,249.02	68.2409	3,249.02	68.2138	3,249.02	69.024	3,249.02	69.6607	3,249.02	71.1815	3,249.02	69.0545	3,249.02	66.5508	3,249.02	63.8549	3,249.02	68.2008
3,363.28	89.2227	3,363.28	90.0475	3,363.28	89.8044	3,363.28	89.4255	3,363.28	89.8685	3,363.28	87.0754	3,363.28	87.3469	3,363.28	85.6133	3,363.28	85.76	3,363.28	84.6749	3,363.28	83.6791	3,363.28	82.4091	3,363.28	82.0389	3,363.28	79.0344	3,363.28	80.6765	3,363.28	75.7856	3,363.28	77.8627	3,363.28	75.5473	3,363.28	76.3777	3,363.28	71.2494	3,363.28	69.841	3,363.28	65.0089	3,363.28	67.6178	3,363.28	64.1867	3,363.28	61.2373	3,363.28	61.5734	3,363.28	63.7765	3,363.28	66.4566	3,363.28	67.9252	3,363.28	69.7586	3,363.28	70.1227	3,363.28	70.8153	3,363.28	68.4426	3,363.28	67.9923	3,363.28	61.3471	3,363.28	68.0809
3,481.93	89.8305	3,481.93	89.771	3,481.93	89.9376	3,481.93	89.3494	3,481.93	89.5661	3,481.93	87.2096	3,481.93	87.0718	3,481.93	85.8164	3,481.93	84.8536	3,481.93	83.3347	3,481.93	83.9239	3,481.93	82.5505	3,481.93	81.4859	3,481.93	78.2845	3,481.93	79.3975	3,481.93	78.2872	3,481.93	78.789	3,481.93	71.475	3,481.93	73.0414	3,481.93	68.8442	3,481.93	63.2492	3,481.93	67.1354	3,481.93	71.1986	3,481.93	64.2163	3,481.93	69.6444	3,481.93	59.6162	3,481.93	61.9286	3,481.93	63.2871	3,481.93	66.886	3,481.93	69.9273	3,481.93	69.6938	3,481.93	70.3497	3,481.93	67.6225	3,481.93	65.7495	3,481.93	62.456	3,481.93	67.88
3,604.98	89.9545	3,604.98	90.169	3,604.98	90.1962	3,604.98	89.1508	3,604.98	89.5404	3,604.98	86.5309	3,604.98	86.9822	3,604.98	85.1558	3,604.98	84.2995	3,604.98	83.4201	3,604.98	83.1992	3,604.98	80.3655	3,604.98	81.8254	3,604.98	79.7137	3,604.98	79.5225	3,604.98	73.0155	3,604.98	75.5651	3,604.98	73.5341	3,604.98	59.7028	3,604.98	69.1938	3,604.98	43.025	3,604.98	66.891	3,604.98	71.5316	3,604.98	63.5604	3,604.98	68.2352	3,604.98	59.4148	3,604.98	58.2846	3,604.98	63.8257	3,604.98	67.999	3,604.98	69.5468	3,604.98	69.667	3,604.98	69.9075	3,604.98	67.9901	3,604.98	63.4027	3,604.98	59.8208	3,604.98	64.968
3,732.42	90.525	3,732.42	90.1631	3,732.42	90.6391	3,732.42	89.181	3,732.42	89.0044	3,732.42	86.9531	3,732.42	86.5695	3,732.42	84.8747	3,732.42	84.2612	3,732.42	83.335	3,732.42	82.2052	3,732.42	80.5489	3,732.42	80.938	3,732.42	77.8284	3,732.42	78.7067	3,732.42	75.7001	3,732.42	75.9262	3,732.42	73.4618	3,732.42	70.5273	3,732.42	68.5055	3,732.42	63.4222	3,732.42	68.0104	3,732.42	67.0639	3,732.42	62.0064	3,732.42	65.6394	3,732.42	51.1192	3,732.42	50.802	3,732.42	61.3442	3,732.42	66.9307	3,732.42	68.3949	3,732.42	68.0222	3,732.42	70.9115	3,732.42	67.7912	3,732.42	60.5639	3,732.42	59.6844	3,732.42	65.7115
3,864.26	90.2823	3,864.26	90.0729	3,864.26	90.7389	3,864.26	88.8922	3,864.26	89.0717	3,864.26	87.0757	3,864.26	86.448	3,864.26	84.8087	3,864.26	84.0762	3,864.26	82.3422	3,864.26	81.7319	3,864.26	80.8462	3,864.26	79.8588	3,864.26	76.9108	3,864.26	78.5071	3,864.26	77.5742	3,864.26	74.0845	3,864.26	70.4266	3,864.26	70.6773	3,864.26	70.4166	3,864.26	67.1651	3,864.26	68.4883	3,864.26	64.9634	3,864.26	62.0328	3,864.26	59.4413	3,864.26	60.8016	3,864.26	60.9746	3,864.26	61.1778	3,864.26	67.0056	3,864.26	67.9531	3,864.26	66.5676	3,864.26	71.6588	3,864.26	68.7137	3,864.26	61.6805	3,864.26	59.1615	3,864.26	66.2202
4,000.49	91.7876	4,000.49	91.0873	4,000.49	91.2929	4,000.49	90.2559	4,000.49	89.4128	4,000.49	87.7227	4,000.49	87.3386	4,000.49	85.6783	4,000.49	83.8018	4,000.49	82.5249	4,000.49	81.1939	4,000.49	80.4109	4,000.49	78.9512	4,000.49	79.0794	4,000.49	74.8582	4,000.49	73.2529	4,000.49	68.1219	4,000.49	73.314	4,000.49	67.9925	4,000.49	69.9764	4,000.49	67.6958	4,000.49	65.679	4,000.49	70.8657	4,000.49	64.8691	4,000.49	55.6399	4,000.49	58.8875	4,000.49	63.5338	4,000.49	61.1245	4,000.49	66.6458	4,000.49	67.4903	4,000.49	63.7753	4,000.49	70.2118	4,000.49	68.1134	4,000.49	61.7883	4,000.49	58.0863	4,000.49	56.8305
4,141.11	92.725	4,141.11	92.506	4,141.11	92.4629	4,141.11	90.7108	4,141.11	90.4143	4,141.11	88.6552	4,141.11	87.6294	4,141.11	84.6071	4,141.11	84.4619	4,141.11	81.8323	4,141.11	80.6891	4,141.11	79.9501	4,141.11	78.8672	4,141.11	78.3362	4,141.11	72.2287	4,141.11	77.315	4,141.11	72.0091	4,141.11	74.4663	4,141.11	69.8591	4,141.11	68.7709	4,141.11	70.8835	4,141.11	68.0588	4,141.11	69.3756	4,141.11	59.5932	4,141.11	49.4368	4,141.11	62.4536	4,141.11	61.9558	4,141.11	62.043	4,141.11	61.264	4,141.11	65.3705	4,141.11	62.3277	4,141.11	68.7305	4,141.11	65.4677	4,141.11	63.6803	4,141.11	53.4122	4,141.11	59.529
4,287.6	93.2038	4,287.6	92.4507	4,287.6	92.1752	4,287.6	90.7854	4,287.6	90.545	4,287.6	88.0355	4,287.6	87.4566	4,287.6	83.0412	4,287.6	83.9759	4,287.6	79.0154	4,287.6	81.0553	4,287.6	80.2061	4,287.6	76.2247	4,287.6	76.8782	4,287.6	73.1214	4,287.6	76.4252	4,287.6	75.2833	4,287.6	68.4334	4,287.6	73.5567	4,287.6	69.8365	4,287.6	69.3207	4,287.6	62.6328	4,287.6	57.9707	4,287.6	65.3264	4,287.6	63.5738	4,287.6	62.7014	4,287.6	44.1759	4,287.6	60.4613	4,287.6	60.0906	4,287.6	64.796	4,287.6	64.0213	4,287.6	67.8075	4,287.6	65.0832	4,287.6	64.0171	4,287.6	57.2067	4,287.6	59.0767
4,438.48	93.3689	4,438.48	93.1103	4,438.48	91.7412	4,438.48	91.3224	4,438.48	90.2619	4,438.48	87.4774	4,438.48	87.7682	4,438.48	81.5929	4,438.48	82.7296	4,438.48	80.0352	4,438.48	80.7221	4,438.48	79.7981	4,438.48	75.0101	4,438.48	80.3982	4,438.48	78.126	4,438.48	75.2144	4,438.48	79.3772	4,438.48	75.7456	4,438.48	73.6184	4,438.48	69.5633	4,438.48	59.247	4,438.48	67.2703	4,438.48	68.766	4,438.48	56.7218	4,438.48	63.2374	4,438.48	53.9817	4,438.48	55.8638	4,438.48	58.363	4,438.48	63.6395	4,438.48	68.0766	4,438.48	66.217	4,438.48	69.5558	4,438.48	65.1919	4,438.48	62.793	4,438.48	61.7444	4,438.48	63.0182
4,595.21	93.9734	4,595.21	92.9821	4,595.21	92.1716	4,595.21	91.4325	4,595.21	90.5663	4,595.21	87.3728	4,595.21	87.3973	4,595.21	82.3165	4,595.21	82.7214	4,595.21	80.7552	4,595.21	80.1392	4,595.21	81.0337	4,595.21	80.2855	4,595.21	78.0984	4,595.21	82.1913	4,595.21	78.4701	4,595.21	80.2377	4,595.21	71.0267	4,595.21	66.9069	4,595.21	69.805	4,595.21	68.946	4,595.21	67.0256	4,595.21	70.232	4,595.21	61.2299	4,595.21	54.9599	4,595.21	58.673	4,595.21	58.7711	4,595.21	58.9279	4,595.21	61.9616	4,595.21	68.7976	4,595.21	66.4331	4,595.21	70.5673	4,595.21	68.6168	4,595.21	64.1177	4,595.21	58.7561	4,595.21	61.0369
4,756.35	93.3838	4,756.35	92.8456	4,756.35	91.8913	4,756.35	91.1423	4,756.35	89.7046	4,756.35	87.6885	4,756.35	85.9742	4,756.35	85.4637	4,756.35	84.218	4,756.35	82.972	4,756.35	81.5548	4,756.35	81.5259	4,756.35	82.9832	4,756.35	79.9754	4,756.35	83.0021	4,756.35	75.0011	4,756.35	76.3111	4,756.35	73.4243	4,756.35	69.3013	4,756.35	69.119	4,756.35	66.8843	4,756.35	63.8639	4,756.35	63.9793	4,756.35	58.9332	4,756.35	59.5254	4,756.35	58.3701	4,756.35	52.0919	4,756.35	57.4992	4,756.35	64.8854	4,756.35	66.4666	4,756.35	67.3394	4,756.35	70.4667	4,756.35	67.7239	4,756.35	62.5349	4,756.35	44.5988	4,756.35	61.0323
4,924.8	92.6964	4,924.8	92.34	4,924.8	91.6877	4,924.8	90.5734	4,924.8	89.3137	4,924.8	87.8763	4,924.8	85.8742	4,924.8	85.3167	4,924.8	84.7508	4,924.8	82.8058	4,924.8	83.1541	4,924.8	81.0918	4,924.8	83.2912	4,924.8	76.9954	4,924.8	79.8853	4,924.8	74.3074	4,924.8	72.3332	4,924.8	68.8779	4,924.8	68.6547	4,924.8	66.115	4,924.8	62.5221	4,924.8	64.9827	4,924.8	63.0755	4,924.8	62.8599	4,924.8	60.5618	4,924.8	57.6489	4,924.8	61.2374	4,924.8	55.8411	4,924.8	62.4202	4,924.8	64.0554	4,924.8	64.101	4,924.8	67.4084	4,924.8	63.157	4,924.8	58.0019	4,924.8	60.0264	4,924.8	41.2794
5,097.66	92.1667	5,097.66	91.2907	5,097.66	90.5137	5,097.66	88.9403	5,097.66	88.6786	5,097.66	86.487	5,097.66	86.8395	5,097.66	83.8772	5,097.66	83.857	5,097.66	80.8329	5,097.66	83.8056	5,097.66	77.7882	5,097.66	81.6644	5,097.66	74.1691	5,097.66	75.6832	5,097.66	69.3228	5,097.66	71.0952	5,097.66	63.8628	5,097.66	65.5193	5,097.66	63.0636	5,097.66	55.405	5,097.66	46.8771	5,097.66	61.6372	5,097.66	54.3319	5,097.66	58.0971	5,097.66	56.9512	5,097.66	55.2723	5,097.66	51.4491	5,097.66	54.1065	5,097.66	57.7987	5,097.66	56.5685	5,097.66	57.5986	5,097.66	56.3589	5,097.66	58.9428	5,097.66	56.5498	5,097.66	52.6973
5,277.83	91.5931	5,277.83	91.04	5,277.83	91.124	5,277.83	88.8035	5,277.83	88.7466	5,277.83	85.7381	5,277.83	86.5623	5,277.83	82.3818	5,277.83	83.129	5,277.83	79.1612	5,277.83	81.3783	5,277.83	75.8662	5,277.83	79.3834	5,277.83	70.059	5,277.83	71.879	5,277.83	67.0771	5,277.83	71.333	5,277.83	62.2406	5,277.83	64.702	5,277.83	59.7	5,277.83	64.1015	5,277.83	60.4309	5,277.83	55.5763	5,277.83	49.9867	5,277.83	53.3318	5,277.83	57.5897	5,277.83	38.9431	5,277.83	51.4014	5,277.83	59.8568	5,277.83	54.677	5,277.83	57.6635	5,277.83	59.3217	5,277.83	55.7969	5,277.83	56.7577	5,277.83	47.5605	5,277.83	54.7887
5,463.87	92.4798	5,463.87	91.335	5,463.87	91.3644	5,463.87	88.4556	5,463.87	88.5801	5,463.87	85.1803	5,463.87	85.8115	5,463.87	81.2149	5,463.87	82.7107	5,463.87	78.4605	5,463.87	81.0327	5,463.87	75.4132	5,463.87	76.7978	5,463.87	69.5316	5,463.87	71.5906	5,463.87	61.9634	5,463.87	69.5371	5,463.87	60.9231	5,463.87	68.2095	5,463.87	51.8033	5,463.87	63.979	5,463.87	57.0458	5,463.87	53.3559	5,463.87	53.7035	5,463.87	53.6547	5,463.87	58.6282	5,463.87	54.0104	5,463.87	47.3572	5,463.87	58.8589	5,463.87	53.3753	5,463.87	54.2018	5,463.87	59.4474	5,463.87	56.8208	5,463.87	53.3435	5,463.87	54.2581	5,463.87	56.6917
5,657.23	92.2784	5,657.23	91.2682	5,657.23	91.6615	5,657.23	87.9348	5,657.23	88.2181	5,657.23	84.2978	5,657.23	84.7622	5,657.23	81.6752	5,657.23	83.4081	5,657.23	79.1117	5,657.23	81.3036	5,657.23	75.1375	5,657.23	75.9663	5,657.23	68.7971	5,657.23	69.8008	5,657.23	65.4786	5,657.23	66.2933	5,657.23	60.7813	5,657.23	63.5962	5,657.23	58.1928	5,657.23	59.8502	5,657.23	58.7709	5,657.23	63.9817	5,657.23	54.9894	5,657.23	50.7739	5,657.23	56.3936	5,657.23	58.6102	5,657.23	49.9125	5,657.23	61.1184	5,657.23	54.2544	5,657.23	58.2474	5,657.23	58.7166	5,657.23	54.8735	5,657.23	49.6346	5,657.23	46.4548	5,657.23	57.5278
5,856.45	92.4404	5,856.45	91.0952	5,856.45	91.3479	5,856.45	87.29	5,856.45	87.8804	5,856.45	84.0391	5,856.45	85.0329	5,856.45	81.9707	5,856.45	83.7231	5,856.45	79.0778	5,856.45	81.5645	5,856.45	73.5794	5,856.45	75.3674	5,856.45	67.1487	5,856.45	70.5859	5,856.45	64.7861	5,856.45	70.5132	5,856.45	61.3956	5,856.45	65.9314	5,856.45	60.1335	5,856.45	59.1121	5,856.45	59.0513	5,856.45	64.1393	5,856.45	55.7492	5,856.45	50.9809	5,856.45	48.6888	5,856.45	60.7287	5,856.45	45.0722	5,856.45	41.4275	5,856.45	56.2236	5,856.45	58.4713	5,856.45	58.2093	5,856.45	56.3053	5,856.45	52.0606	5,856.45	38.9764	5,856.45	50.3725
6,062.99	92.1795	6,062.99	90.7066	6,062.99	91.357	6,062.99	86.5363	6,062.99	87.7026	6,062.99	84.1404	6,062.99	85.3346	6,062.99	82.8476	6,062.99	83.9261	6,062.99	78.8419	6,062.99	80.7093	6,062.99	73.6179	6,062.99	75.5081	6,062.99	70.2812	6,062.99	71.7744	6,062.99	65.1594	6,062.99	70.1955	6,062.99	61.7798	6,062.99	64.8613	6,062.99	54.6196	6,062.99	59.8405	6,062.99	54.1971	6,062.99	66.5413	6,062.99	57.8934	6,062.99	52.5039	6,062.99	55.7541	6,062.99	55.0754	6,062.99	46.363	6,062.99	58.7256	6,062.99	56.2295	6,062.99	47.5788	6,062.99	58.8198	6,062.99	60.9972	6,062.99	60.0233	6,062.99	56.2534	6,062.99	52.3516
6,276.86	92.9967	6,276.86	90.6306	6,276.86	91.6677	6,276.86	85.9531	6,276.86	87.2403	6,276.86	85.2511	6,276.86	86.1507	6,276.86	83.5303	6,276.86	84.2999	6,276.86	77.5655	6,276.86	79.4598	6,276.86	73.8733	6,276.86	75.5013	6,276.86	71.0991	6,276.86	74.1024	6,276.86	69.3307	6,276.86	73.6212	6,276.86	65.7325	6,276.86	67.514	6,276.86	62.2159	6,276.86	57.7884	6,276.86	60.8442	6,276.86	63.7672	6,276.86	57.0959	6,276.86	50.8355	6,276.86	44.6444	6,276.86	60.8847	6,276.86	54.1335	6,276.86	49.5932	6,276.86	48.8169	6,276.86	57.7585	6,276.86	59.9091	6,276.86	62.8792	6,276.86	56.7088	6,276.86	58.973	6,276.86	58.1209
6,498.05	93.3425	6,498.05	90.6823	6,498.05	91.6798	6,498.05	86.9969	6,498.05	87.7348	6,498.05	85.7046	6,498.05	87.0916	6,498.05	82.6695	6,498.05	84.397	6,498.05	76.7519	6,498.05	77.1486	6,498.05	74.4198	6,498.05	76.7014	6,498.05	74.4437	6,498.05	76.4081	6,498.05	71.7449	6,498.05	71.2145	6,498.05	66.0455	6,498.05	66.8741	6,498.05	63.9283	6,498.05	62.5029	6,498.05	60.3558	6,498.05	67.7467	6,498.05	60.266	6,498.05	59.6061	6,498.05	55.3102	6,498.05	59.9934	6,498.05	54.0631	6,498.05	56.6607	6,498.05	53.6505	6,498.05	60.7666	6,498.05	57.8722	6,498.05	62.6227	6,498.05	58.2178	6,498.05	54.5932	6,498.05	60.4865
6,726.56	94.0192	6,726.56	91.9869	6,726.56	92.4093	6,726.56	88.9998	6,726.56	89.1525	6,726.56	87.0439	6,726.56	87.4395	6,726.56	82.2692	6,726.56	83.3277	6,726.56	76.9795	6,726.56	74.0303	6,726.56	77.4478	6,726.56	78.4201	6,726.56	76.6355	6,726.56	74.9412	6,726.56	73.0809	6,726.56	71.276	6,726.56	67.6786	6,726.56	64.052	6,726.56	65.2351	6,726.56	58.715	6,726.56	59.7223	6,726.56	63.8175	6,726.56	58.6655	6,726.56	61.8587	6,726.56	54.1891	6,726.56	62.585	6,726.56	54.7803	6,726.56	56.1812	6,726.56	56.4684	6,726.56	61.0397	6,726.56	59.5601	6,726.56	58.5415	6,726.56	58.5721	6,726.56	58.3646	6,726.56	58.598
6,963.87	94.9821	6,963.87	93.1825	6,963.87	92.9994	6,963.87	90.4489	6,963.87	89.7951	6,963.87	88.005	6,963.87	87.8487	6,963.87	82.5251	6,963.87	81.2466	6,963.87	78.2867	6,963.87	76.2613	6,963.87	79.4491	6,963.87	79.9758	6,963.87	77.0541	6,963.87	71.3724	6,963.87	72.3375	6,963.87	70.7179	6,963.87	67.2432	6,963.87	66.0577	6,963.87	64.9816	6,963.87	63.6123	6,963.87	59.6036	6,963.87	65.178	6,963.87	57.5225	6,963.87	66.7783	6,963.87	47.6124	6,963.87	61.9543	6,963.87	48.3486	6,963.87	49.8179	6,963.87	51.933	6,963.87	52.8371	6,963.87	57.6221	6,963.87	54.8906	6,963.87	52.7519	6,963.87	52.1896	6,963.87	53.2348
7,209.96	95.3717	7,209.96	93.9472	7,209.96	92.9525	7,209.96	90.7898	7,209.96	90.0544	7,209.96	88.3838	7,209.96	87.2961	7,209.96	82.5165	7,209.96	81.0304	7,209.96	79.2512	7,209.96	78.5548	7,209.96	80.136	7,209.96	78.3532	7,209.96	76.4488	7,209.96	74.0384	7,209.96	71.0044	7,209.96	71.9639	7,209.96	66.0962	7,209.96	63.5812	7,209.96	63.2037	7,209.96	63.7496	7,209.96	58.8616	7,209.96	68.5249	7,209.96	58.5003	7,209.96	69.61	7,209.96	48.674	7,209.96	61.8956	7,209.96	52.7622	7,209.96	48.2218	7,209.96	40.897	7,209.96	51.3408	7,209.96	53.3877	7,209.96	55.4938	7,209.96	56.7445	7,209.96	52.1933	7,209.96	43.3664
7,464.84	94.7833	7,464.84	92.8472	7,464.84	92.2922	7,464.84	90.0688	7,464.84	89.3432	7,464.84	87.4582	7,464.84	86.6359	7,464.84	81.5542	7,464.84	80.7891	7,464.84	79.9276	7,464.84	79.7197	7,464.84	79.3836	7,464.84	76.0819	7,464.84	75.22	7,464.84	74.9116	7,464.84	68.32	7,464.84	70.9751	7,464.84	63.5079	7,464.84	65.4384	7,464.84	62.0828	7,464.84	62.918	7,464.84	53.6137	7,464.84	69.8589	7,464.84	54.3987	7,464.84	70.426	7,464.84	44.6078	7,464.84	62.086	7,464.84	50.5107	7,464.84	51.0131	7,464.84	48.5469	7,464.84	51.8965	7,464.84	55.8901	7,464.84	57.2813	7,464.84	52.9782	7,464.84	55.644	7,464.84	53.9647
7,727.05	93.5343	7,727.05	91.5014	7,727.05	90.6933	7,727.05	89.2633	7,727.05	88.6438	7,727.05	86.5778	7,727.05	85.9301	7,727.05	80.9746	7,727.05	81.3689	7,727.05	80.595	7,727.05	80.3013	7,727.05	78.4021	7,727.05	75.5396	7,727.05	73.2418	7,727.05	74.2795	7,727.05	65.2817	7,727.05	62.5195	7,727.05	61.6906	7,727.05	66.5883	7,727.05	61.7592	7,727.05	64.1035	7,727.05	50.5742	7,727.05	70.459	7,727.05	57.6353	7,727.05	68.3711	7,727.05	42.2138	7,727.05	62.6709	7,727.05	51.0674	7,727.05	49.4234	7,727.05	47.3871	7,727.05	47.187	7,727.05	54.4219	7,727.05	50.5526	7,727.05	52.462	7,727.05	52.9975	7,727.05	46.4042
7,999.51	91.6672	7,999.51	90.0399	7,999.51	89.4398	7,999.51	90.429	7,999.51	89.4327	7,999.51	87.0372	7,999.51	85.7343	7,999.51	82.6804	7,999.51	81.251	7,999.51	81.0525	7,999.51	80.1141	7,999.51	77.6196	7,999.51	77.0909	7,999.51	72.5291	7,999.51	70.6277	7,999.51	66.3637	7,999.51	63.9706	7,999.51	65.0995	7,999.51	65.2659	7,999.51	62.3677	7,999.51	66.2803	7,999.51	46.4689	7,999.51	70.0381	7,999.51	56.6329	7,999.51	68.0823	7,999.51	51.9498	7,999.51	59.6684	7,999.51	46.6507	7,999.51	51.0145	7,999.51	49.4507	7,999.51	50.6976	7,999.51	55.5312	7,999.51	54.2448	7,999.51	53.0261	7,999.51	50.1366	7,999.51	47.3276
8,282.23	89.5279	8,282.23	90.5356	8,282.23	89.5155	8,282.23	91.6028	8,282.23	90.5981	8,282.23	87.4404	8,282.23	85.7104	8,282.23	83.7851	8,282.23	81.8718	8,282.23	80.4384	8,282.23	78.8327	8,282.23	76.0265	8,282.23	76.36	8,282.23	72.3071	8,282.23	67.4264	8,282.23	68.8567	8,282.23	69.2937	8,282.23	66.6852	8,282.23	69.7361	8,282.23	62.8238	8,282.23	62.581	8,282.23	38.341	8,282.23	69.6495	8,282.23	55.8127	8,282.23	68.4779	8,282.23	56.3785	8,282.23	59.849	8,282.23	47.5152	8,282.23	51.0492	8,282.23	46.7339	8,282.23	54.4591	8,282.23	57.5407	8,282.23	57.9295	8,282.23	54.2625	8,282.23	54.8165	8,282.23	45.4452
8,573.73	87.887	8,573.73	91.3581	8,573.73	90.6159	8,573.73	92.0026	8,573.73	91.1742	8,573.73	87.2225	8,573.73	85.0973	8,573.73	84.013	8,573.73	83.0215	8,573.73	78.8474	8,573.73	77.8656	8,573.73	74.1054	8,573.73	73.8608	8,573.73	73.6389	8,573.73	73.7331	8,573.73	69.6003	8,573.73	71.076	8,573.73	66.7748	8,573.73	69.5661	8,573.73	63.0386	8,573.73	65.4708	8,573.73	46.7528	8,573.73	70.5929	8,573.73	53.6899	8,573.73	70.0536	8,573.73	57.9496	8,573.73	61.6741	8,573.73	53.7759	8,573.73	45.1253	8,573.73	50.3385	8,573.73	51.8619	8,573.73	57.4842	8,573.73	61.4304	8,573.73	55.2313	8,573.73	59.1507	8,573.73	48.405
8,876.95	88.1076	8,876.95	91.8671	8,876.95	91.4221	8,876.95	91.7019	8,876.95	90.8796	8,876.95	87.562	8,876.95	86.6689	8,876.95	84.5517	8,876.95	84.4071	8,876.95	78.3015	8,876.95	77.8178	8,876.95	74.6222	8,876.95	70.6022	8,876.95	74.0043	8,876.95	76.3334	8,876.95	69.5624	8,876.95	67.3329	8,876.95	65.6146	8,876.95	69.4933	8,876.95	61.8656	8,876.95	67.7688	8,876.95	45.4788	8,876.95	70.7732	8,876.95	50.9065	8,876.95	69.3611	8,876.95	58.395	8,876.95	63.7465	8,876.95	52.759	8,876.95	50.9077	8,876.95	49.8503	8,876.95	44.7155	8,876.95	55.4838	8,876.95	53.4065	8,876.95	49.4591	8,876.95	54.3858	8,876.95	43.8312
9,188.96	89.0612	9,188.96	91.705	9,188.96	91.6212	9,188.96	91.4251	9,188.96	90.3751	9,188.96	88.3059	9,188.96	86.8831	9,188.96	84.7128	9,188.96	84.3225	9,188.96	78.2474	9,188.96	77.2479	9,188.96	75.0245	9,188.96	72.6423	9,188.96	71.7992	9,188.96	73.3414	9,188.96	67.0337	9,188.96	63.6435	9,188.96	60.5475	9,188.96	66.0692	9,188.96	58.1256	9,188.96	67.2935	9,188.96	46.1129	9,188.96	70.1409	9,188.96	47.78	9,188.96	70.4753	9,188.96	54.6163	9,188.96	64.5811	9,188.96	51.8392	9,188.96	47.4078	9,188.96	49.0338	9,188.96	50.4881	9,188.96	42.029	9,188.96	50.822	9,188.96	49.4685	9,188.96	51.4097	9,188.96	37.0394
9,514.16	89.4968	9,514.16	91.6174	9,514.16	91.4438	9,514.16	91.3619	9,514.16	90.0202	9,514.16	88.5096	9,514.16	86.9561	9,514.16	83.9614	9,514.16	82.7945	9,514.16	77.1588	9,514.16	74.5807	9,514.16	74.0026	9,514.16	74.9924	9,514.16	69.416	9,514.16	68.9307	9,514.16	62.1351	9,514.16	62.1078	9,514.16	56.9331	9,514.16	62.8843	9,514.16	53.9418	9,514.16	67.0511	9,514.16	48.479	9,514.16	69.6504	9,514.16	43.8794	9,514.16	70.3915	9,514.16	49.4837	9,514.16	62.5332	9,514.16	46.8326	9,514.16	31.6173	9,514.16	44.0665	9,514.16	48.9826	9,514.16	54.825	9,514.16	51.1654	9,514.16	51.3301	9,514.16	46.3922	9,514.16	47.7312
9,849.61	91.6196	9,849.61	92.4416	9,849.61	92.0997	9,849.61	91.5793	9,849.61	90.1484	9,849.61	88.4919	9,849.61	86.9131	9,849.61	82.6416	9,849.61	81.4862	9,849.61	75.7761	9,849.61	74.3548	9,849.61	72.2395	9,849.61	73.4324	9,849.61	66.1588	9,849.61	62.5328	9,849.61	59.7954	9,849.61	57.253	9,849.61	57.573	9,849.61	60.4256	9,849.61	53.0426	9,849.61	66.3515	9,849.61	47.1122	9,849.61	69.6328	9,849.61	40.5574	9,849.61	69.9575	9,849.61	48.3997	9,849.61	62.4029	9,849.61	45.4342	9,849.61	32.2339	9,849.61	47.2391	9,849.61	45.3339	9,849.61	48.0779	9,849.61	47.3397	9,849.61	52.9036	9,849.61	49.0946	9,849.61	48.9877
10,196.8	93.8639	10,196.8	93.9115	10,196.8	93.7478	10,196.8	91.9566	10,196.8	90.9153	10,196.8	87.544	10,196.8	86.7346	10,196.8	79.7431	10,196.8	79.9768	10,196.8	72.4697	10,196.8	73.2574	10,196.8	68.3358	10,196.8	69.8856	10,196.8	62.2217	10,196.8	60.3932	10,196.8	59.6029	10,196.8	55.6753	10,196.8	58.2802	10,196.8	61.5456	10,196.8	52.0975	10,196.8	67.1776	10,196.8	48.2531	10,196.8	69.4024	10,196.8	40.233	10,196.8	70.3704	10,196.8	47.5464	10,196.8	61.1409	10,196.8	46.5487	10,196.8	39.7301	10,196.8	47.6466	10,196.8	43.2707	10,196.8	43.2603	10,196.8	42.1754	10,196.8	45.9504	10,196.8	42.2761	10,196.8	46.2349
10,555.7	95.0386	10,555.7	95.0065	10,555.7	94.6276	10,555.7	92.3109	10,555.7	90.8428	10,555.7	86.8299	10,555.7	85.8277	10,555.7	76.7597	10,555.7	76.832	10,555.7	74.3541	10,555.7	73.2024	10,555.7	69.1731	10,555.7	63.8272	10,555.7	67.646	10,555.7	64.5491	10,555.7	64.2874	10,555.7	58.979	10,555.7	60.2718	10,555.7	61.2442	10,555.7	53.4458	10,555.7	67.7524	10,555.7	51.2645	10,555.7	69.6292	10,555.7	47.128	10,555.7	71.3743	10,555.7	48.0384	10,555.7	62.1837	10,555.7	46.231	10,555.7	40.6086	10,555.7	47.7851	10,555.7	30.7623	10,555.7	45.74	10,555.7	47.7525	10,555.7	50.9263	10,555.7	38.1907	10,555.7	49.1504
10,927.7	94.565	10,927.7	94.2726	10,927.7	94.0264	10,927.7	91.5699	10,927.7	89.8136	10,927.7	87.5707	10,927.7	86.2245	10,927.7	79.7184	10,927.7	77.1463	10,927.7	77.5472	10,927.7	75.1292	10,927.7	72.5249	10,927.7	66.0295	10,927.7	70.2281	10,927.7	68.8019	10,927.7	66.1659	10,927.7	59.5423	10,927.7	61.6955	10,927.7	56.5778	10,927.7	54.2079	10,927.7	67.5775	10,927.7	55.157	10,927.7	71.0754	10,927.7	48.1384	10,927.7	71.981	10,927.7	49.3306	10,927.7	61.4521	10,927.7	49.083	10,927.7	45.2637	10,927.7	49.0662	10,927.7	25.1938	10,927.7	43.1092	10,927.7	45.0687	10,927.7	38.9745	10,927.7	37.8274	10,927.7	44.1879
11,313	93.9783	11,313	93.5451	11,313	93.3942	11,313	91.1878	11,313	89.5754	11,313	88.2344	11,313	85.8925	11,313	81.7132	11,313	78.4535	11,313	77.7215	11,313	72.4639	11,313	73.1918	11,313	69.0358	11,313	69.6413	11,313	65.1654	11,313	64.6248	11,313	58.3022	11,313	60.6016	11,313	57.2712	11,313	51.5144	11,313	66.6346	11,313	57.6121	11,313	70.5482	11,313	47.7565	11,313	71.1733	11,313	49.5131	11,313	60.0122	11,313	50.0886	11,313	45.1501	11,313	46.1965	11,313	44.6668	11,313	51.444	11,313	40.4708	11,313	34.7888	11,313	35.7348	11,313	37.8648
11,712.9	94.3302	11,712.9	93.6262	11,712.9	93.185	11,712.9	91.0185	11,712.9	89.304	11,712.9	87.8493	11,712.9	84.3622	11,712.9	81.8123	11,712.9	77.9277	11,712.9	76.2874	11,712.9	66.8789	11,712.9	72.1615	11,712.9	67.4887	11,712.9	67.1212	11,712.9	58.2135	11,712.9	62.7306	11,712.9	56.8764	11,712.9	58.6088	11,712.9	50.2439	11,712.9	47.3811	11,712.9	63.8546	11,712.9	57.6428	11,712.9	67.7034	11,712.9	46.8835	11,712.9	69.898	11,712.9	49.7307	11,712.9	58.2015	11,712.9	49.1037	11,712.9	44.9822	11,712.9	42.728	11,712.9	43.8385	11,712.9	49.5771	11,712.9	46.8845	11,712.9	45.2998	11,712.9	44.3354	11,712.9	37.3435
12,126	95.1212	12,126	94.2613	12,126	93.2876	12,126	91.5375	12,126	88.7137	12,126	87.8428	12,126	80.7843	12,126	81.7644	12,126	74.3366	12,126	75.2664	12,126	65.3188	12,126	70.7237	12,126	60.0091	12,126	66.1363	12,126	60.6774	12,126	62.5834	12,126	58.0227	12,126	57.6964	12,126	48.4807	12,126	43.532	12,126	59.4254	12,126	57.2795	12,126	66.843	12,126	47.6567	12,126	70.1391	12,126	49.3497	12,126	58.1738	12,126	48.9796	12,126	43.5207	12,126	38.6744	12,126	44.6092	12,126	44.7608	12,126	49.4406	12,126	40.2811	12,126	46.5494	12,126	32.8471
12,553.7	95.1746	12,553.7	94.5945	12,553.7	93.1044	12,553.7	91.6437	12,553.7	88.165	12,553.7	87.1779	12,553.7	78.2814	12,553.7	80.1419	12,553.7	69.6611	12,553.7	73.0638	12,553.7	67.2339	12,553.7	66.914	12,553.7	61.9446	12,553.7	64.0522	12,553.7	63.3086	12,553.7	59.2354	12,553.7	57.1118	12,553.7	54.3565	12,553.7	42.257	12,553.7	38.1005	12,553.7	53.4395	12,553.7	54.3506	12,553.7	67.9857	12,553.7	43.9981	12,553.7	70.0935	12,553.7	47.2378	12,553.7	55.7646	12,553.7	44.1296	12,553.7	43.6415	12,553.7	23.3255	12,553.7	44.7444	12,553.7	41.6574	12,553.7	43.2648	12,553.7	47.4395	12,553.7	42.2454	12,553.7	36.6259
12,996.1	95.2536	12,996.1	94.693	12,996.1	93.3041	12,996.1	91.4851	12,996.1	88.781	12,996.1	85.1361	12,996.1	81.545	12,996.1	78.3271	12,996.1	74.2103	12,996.1	74.9907	12,996.1	72.5572	12,996.1	69.4523	12,996.1	69.3437	12,996.1	66.8783	12,996.1	64.5382	12,996.1	60.4727	12,996.1	62.4352	12,996.1	49.4774	12,996.1	54.8498	12,996.1	49.9103	12,996.1	50.4579	12,996.1	54.3551	12,996.1	67.9738	12,996.1	49.9084	12,996.1	69.3366	12,996.1	35.7586	12,996.1	56.3931	12,996.1	43.9617	12,996.1	48.0314	12,996.1	45.7154	12,996.1	44.3701	12,996.1	55.8883	12,996.1	55.0197	12,996.1	49.7866	12,996.1	53.9525	12,996.1	48.4426
13,454.6	94.0165	13,454.6	92.2702	13,454.6	90.2509	13,454.6	91.4606	13,454.6	87.6519	13,454.6	87.1879	13,454.6	82.4924	13,454.6	80.2717	13,454.6	74.7015	13,454.6	75.6585	13,454.6	68.4982	13,454.6	72.105	13,454.6	69.8575	13,454.6	67.0385	13,454.6	63.0677	13,454.6	61.8608	13,454.6	61.4011	13,454.6	52.7149	13,454.6	57.9148	13,454.6	48.8936	13,454.6	46.7023	13,454.6	53.8513	13,454.6	64.9863	13,454.6	48.8324	13,454.6	67.3246	13,454.6	49.2142	13,454.6	53.7252	13,454.6	37.3384	13,454.6	44.8733	13,454.6	45.9001	13,454.6	44.0322	13,454.6	51.7151	13,454.6	50.1048	13,454.6	42.0588	13,454.6	48.9648	13,454.6	56.0631
13,929.2	92.1871	13,929.2	90.2413	13,929.2	86.6857	13,929.2	90.6791	13,929.2	84.9944	13,929.2	88.0085	13,929.2	81.7579	13,929.2	80.6808	13,929.2	75.8873	13,929.2	72.1793	13,929.2	70.4718	13,929.2	69.4176	13,929.2	66.7802	13,929.2	63.9827	13,929.2	65.4576	13,929.2	62.395	13,929.2	57.5037	13,929.2	53.1674	13,929.2	58.7611	13,929.2	34.35	13,929.2	37.1119	13,929.2	56.6588	13,929.2	65.7494	13,929.2	44.8821	13,929.2	66.475	13,929.2	52.0008	13,929.2	48.6928	13,929.2	36.6976	13,929.2	41.083	13,929.2	36.8045	13,929.2	53.5987	13,929.2	48.6038	13,929.2	55.1635	13,929.2	50.4551	13,929.2	50.4049	13,929.2	60.0731
14,419.9	90.6787	14,419.9	90.7434	14,419.9	86.5898	14,419.9	90.3455	14,419.9	85.3496	14,419.9	87.4292	14,419.9	82.0106	14,419.9	79.3947	14,419.9	76.1839	14,419.9	68.1913	14,419.9	72.1887	14,419.9	60.5804	14,419.9	63.6702	14,419.9	52.7944	14,419.9	65.5303	14,419.9	57.9578	14,419.9	62.6622	14,419.9	42.4497	14,419.9	55.7228	14,419.9	45.8346	14,419.9	42.3648	14,419.9	56.8615	14,419.9	66.2724	14,419.9	47.6115	14,419.9	66.6555	14,419.9	54.4919	14,419.9	45.7171	14,419.9	45.1968	14,419.9	49.6057	14,419.9	40.2669	14,419.9	54.363	14,419.9	36.9926	14,419.9	57.4	14,419.9	54.285	14,419.9	52.2108	14,419.9	59.7708
14,928.2	90.0266	14,928.2	90.116	14,928.2	88.7415	14,928.2	87.9491	14,928.2	87.894	14,928.2	82.3634	14,928.2	82.5336	14,928.2	71.7348	14,928.2	75.1187	14,928.2	65.9013	14,928.2	71.7223	14,928.2	63.5033	14,928.2	67.1555	14,928.2	60.1617	14,928.2	64.9906	14,928.2	53.9834	14,928.2	62.7035	14,928.2	39.6363	14,928.2	52.6383	14,928.2	51.5445	14,928.2	56.018	14,928.2	56.1329	14,928.2	63.6066	14,928.2	44.8946	14,928.2	63.8908	14,928.2	50.0036	14,928.2	41.1378	14,928.2	38.4295	14,928.2	50.6446	14,928.2	48.5047	14,928.2	48.6454	14,928.2	49.7676	14,928.2	54.5264	14,928.2	55.5216	14,928.2	44.5481	14,928.2	59.8668
15,455.6	88.9966	15,455.6	88.3813	15,455.6	87.573	15,455.6	86.8108	15,455.6	86.3907	15,455.6	82.2141	15,455.6	81.0921	15,455.6	71.9384	15,455.6	72.6767	15,455.6	67.8019	15,455.6	67.7552	15,455.6	66.7906	15,455.6	63.6398	15,455.6	59.4562	15,455.6	63.9514	15,455.6	55.2672	15,455.6	56.9575	15,455.6	47.0431	15,455.6	43.6527	15,455.6	52.3538	15,455.6	54.9541	15,455.6	55.3364	15,455.6	60.4062	15,455.6	41.4074	15,455.6	63.1729	15,455.6	45.1804	15,455.6	46.1932	15,455.6	42.6624	15,455.6	47.1512	15,455.6	50.8665	15,455.6	39.7532	15,455.6	51.2923	15,455.6	51.6387	15,455.6	53.5714	15,455.6	36.0351	15,455.6	61.9189
16,000.5	89.1327	16,000.5	89.4198	16,000.5	86.8553	16,000.5	87.5408	16,000.5	84.6738	16,000.5	82.1735	16,000.5	80.363	16,000.5	67.9707	16,000.5	69.1441	16,000.5	62.5364	16,000.5	65.195	16,000.5	65.7998	16,000.5	62.257	16,000.5	53.1885	16,000.5	53.6988	16,000.5	56.4167	16,000.5	53.1662	16,000.5	48.5995	16,000.5	50.6679	16,000.5	50.7588	16,000.5	49.9199	16,000.5	53.2799	16,000.5	63.2904	16,000.5	34.3736	16,000.5	64.4833	16,000.5	41.0486	16,000.5	48.2296	16,000.5	47.1115	16,000.5	48.3839	16,000.5	51.1575	16,000.5	35.7531	16,000.5	51.4574	16,000.5	52.299	16,000.5	52.4518	16,000.5	40.708	16,000.5	62.4036
16,564.5	89.1127	16,564.5	89.6988	16,564.5	87.855	16,564.5	87.757	16,564.5	82.7241	16,564.5	80.7503	16,564.5	75.2079	16,564.5	66.6026	16,564.5	61.8103	16,564.5	64.6616	16,564.5	59.19	16,564.5	66.3569	16,564.5	56.5282	16,564.5	55.689	16,564.5	34.7197	16,564.5	52.883	16,564.5	47.7983	16,564.5	50.7871	16,564.5	42.6939	16,564.5	50.577	16,564.5	51.7785	16,564.5	53.9329	16,564.5	65.5397	16,564.5	43.0187	16,564.5	65.247	16,564.5	48.1376	16,564.5	48.1556	16,564.5	50.9793	16,564.5	40.2823	16,564.5	52.6574	16,564.5	43.8436	16,564.5	52.8732	16,564.5	54.1091	16,564.5	52.5016	16,564.5	46.9265	16,564.5	58.629
17,148.9	89.4057	17,148.9	87.9714	17,148.9	88.4435	17,148.9	85.4886	17,148.9	81.111	17,148.9	80.065	17,148.9	68.0713	17,148.9	67.2499	17,148.9	57.3396	17,148.9	62.5311	17,148.9	52.5066	17,148.9	65.3343	17,148.9	58.6244	17,148.9	56.4796	17,148.9	46.1902	17,148.9	51.201	17,148.9	45.3067	17,148.9	51.8504	17,148.9	40.9829	17,148.9	49.0138	17,148.9	56.7989	17,148.9	53.5059	17,148.9	64.9744	17,148.9	46.6598	17,148.9	63.945	17,148.9	48.8055	17,148.9	38.0047	17,148.9	50.9316	17,148.9	45.4919	17,148.9	51.312	17,148.9	43.941	17,148.9	48.1875	17,148.9	51.0151	17,148.9	50.2216	17,148.9	42.1711	17,148.9	54.9468
17,752.4	89.6107	17,752.4	86.9839	17,752.4	88.3384	17,752.4	84.2777	17,752.4	81.1705	17,752.4	79.5176	17,752.4	67.0428	17,752.4	68.6169	17,752.4	58.7687	17,752.4	59.2541	17,752.4	62.5752	17,752.4	61.3609	17,752.4	60.7146	17,752.4	54.7198	17,752.4	55.2248	17,752.4	38.3269	17,752.4	42.4333	17,752.4	50.2913	17,752.4	40.8765	17,752.4	41.5451	17,752.4	57.5554	17,752.4	48.2941	17,752.4	64.5636	17,752.4	46.0923	17,752.4	64.8337	17,752.4	48.9592	17,752.4	38.5023	17,752.4	50.7359	17,752.4	43.7597	17,752.4	51.1494	17,752.4	43.3778	17,752.4	55.2028	17,752.4	43.5107	17,752.4	53.2825	17,752.4	45.3775	17,752.4	51.142
18,379.4	88.9114	18,379.4	84.3548	18,379.4	87.7768	18,379.4	82.7083	18,379.4	78.3318	18,379.4	80.3446	18,379.4	63.3098	18,379.4	70.54	18,379.4	71.5732	18,379.4	58.5539	18,379.4	72.7563	18,379.4	59.7974	18,379.4	69.2086	18,379.4	54.9653	18,379.4	59.8525	18,379.4	42.6192	18,379.4	38.0724	18,379.4	50.7946	18,379.4	51.6695	18,379.4	38.7646	18,379.4	54.9626	18,379.4	41.3562	18,379.4	61.791	18,379.4	48.2392	18,379.4	63.954	18,379.4	51.5472	18,379.4	44.003	18,379.4	52.606	18,379.4	48.8168	18,379.4	53.9652	18,379.4	48.3423	18,379.4	55.7629	18,379.4	30.1386	18,379.4	57.1999	18,379.4	50.2602	18,379.4	51.7164
19,026.9	85.0836	19,026.9	82.049	19,026.9	79.9622	19,026.9	82.1168	19,026.9	63.0319	19,026.9	81.054	19,026.9	74.5786	19,026.9	74.1536	19,026.9	73.7749	19,026.9	64.2677	19,026.9	71.4506	19,026.9	60.8759	19,026.9	68.0649	19,026.9	53.4535	19,026.9	59.952	19,026.9	47.7637	19,026.9	47.5296	19,026.9	52.5551	19,026.9	47.8012	19,026.9	43.306	19,026.9	53.2579	19,026.9	47.7258	19,026.9	57.6985	19,026.9	46.2502	19,026.9	58.1505	19,026.9	53.2686	19,026.9	48.4619	19,026.9	51.3378	19,026.9	47.5179	19,026.9	56.2063	19,026.9	28.5129	19,026.9	54.8145	19,026.9	44.858	19,026.9	58.2807	19,026.9	46.158	19,026.9	54.4505
19,697.8	84.2109	19,697.8	73.9699	19,697.8	80.0706	19,697.8	82.2871	19,697.8	80.7104	19,697.8	81.76	19,697.8	80.5084	19,697.8	75.7637	19,697.8	77.2967	19,697.8	68.0984	19,697.8	72.9516	19,697.8	62.5436	19,697.8	67.357	19,697.8	53.7936	19,697.8	60.3261	19,697.8	49.7595	19,697.8	48.7612	19,697.8	55.6043	19,697.8	51.5175	19,697.8	48.524	19,697.8	55.6877	19,697.8	54.3662	19,697.8	61.9092	19,697.8	46.3744	19,697.8	60.0826	19,697.8	53.8957	19,697.8	49.5461	19,697.8	50.4628	19,697.8	35.0909	19,697.8	58.5969	19,697.8	34.6977	19,697.8	56.9727	19,697.8	46.5685	19,697.8	58.3968	19,697.8	48.4868	19,697.8	55.9462
19,999.5	85.3459	19,999.5	76.3016	19,999.5	83.5946	19,999.5	80.6797	19,999.5	83.1936	19,999.5	81.984	19,999.5	81.8462	19,999.5	77.7806	19,999.5	78.8078	19,999.5	71.7941	19,999.5	74.5614	19,999.5	65.8047	19,999.5	67.7103	19,999.5	52.8714	19,999.5	54.131	19,999.5	55.9645	19,999.5	56.5115	19,999.5	57.7167	19,999.5	53.0032	19,999.5	45.8985	19,999.5	59.0934	19,999.5	57.6584	19,999.5	63.136	19,999.5	50.0747	19,999.5	63.322	19,999.5	55.3208	19,999.5	53.9111	19,999.5	46.6772	19,999.5	48.0659	19,999.5	57.1853	19,999.5	48.9024	19,999.5	53.9794	19,999.5	55.3039	19,999.5	60.6567	19,999.5	56.6882	19,999.5	59.1515
