"SPL Vertical"																																																																							
"On-Axis"		"10°"		"-10°"		"20°"		"-20°"		"30°"		"-30°"		"40°"		"-40°"		"50°"		"-50°"		"60°"		"-60°"		"70°"		"-70°"		"80°"		"-80°"		"90°"		"-90°"		"100°"		"-100°"		"110°"		"-110°"		"120°"		"-120°"		"130°"		"-130°"		"140°"		"-140°"		"150°"		"-150°"		"160°"		"-160°"		"170°"		"-170°"		"180°"	
"Frequency / Hz"	"Sound Pressure Level / dB (re 20 µPa/V)  [2.83  V @ 1. m]"	"Frequency / Hz"	"Sound Pressure Level / dB (re 20 µPa/V)  [2.83  V @ 1. m]"	"Frequency / Hz"	"Sound Pressure Level / dB (re 20 µPa/V)  [2.83  V @ 1. m]"	"Frequency / Hz"	"Sound Pressure Level / dB (re 20 µPa/V)  [2.83  V @ 1. m]"	"Frequency / Hz"	"Sound Pressure Level / dB (re 20 µPa/V)  [2.83  V @ 1. m]"	"Frequency / Hz"	"Sound Pressure Level / dB (re 20 µPa/V)  [2.83  V @ 1. m]"	"Frequency / Hz"	"Sound Pressure Level / dB (re 20 µPa/V)  [2.83  V @ 1. m]"	"Frequency / Hz"	"Sound Pressure Level / dB (re 20 µPa/V)  [2.83  V @ 1. m]"	"Frequency / Hz"	"Sound Pressure Level / dB (re 20 µPa/V)  [2.83  V @ 1. m]"	"Frequency / Hz"	"Sound Pressure Level / dB (re 20 µPa/V)  [2.83  V @ 1. m]"	"Frequency / Hz"	"Sound Pressure Level / dB (re 20 µPa/V)  [2.83  V @ 1. m]"	"Frequency / Hz"	"Sound Pressure Level / dB (re 20 µPa/V)  [2.83  V @ 1. m]"	"Frequency / Hz"	"Sound Pressure Level / dB (re 20 µPa/V)  [2.83  V @ 1. m]"	"Frequency / Hz"	"Sound Pressure Level / dB (re 20 µPa/V)  [2.83  V @ 1. m]"	"Frequency / Hz"	"Sound Pressure Level / dB (re 20 µPa/V)  [2.83  V @ 1. m]"	"Frequency / Hz"	"Sound Pressure Level / dB (re 20 µPa/V)  [2.83  V @ 1. m]"	"Frequency / Hz"	"Sound Pressure Level / dB (re 20 µPa/V)  [2.83  V @ 1. m]"	"Frequency / Hz"	"Sound Pressure Level / dB (re 20 µPa/V)  [2.83  V @ 1. m]"	"Frequency / Hz"	"Sound Pressure Level / dB (re 20 µPa/V)  [2.83  V @ 1. m]"	"Frequency / Hz"	"Sound Pressure Level / dB (re 20 µPa/V)  [2.83  V @ 1. m]"	"Frequency / Hz"	"Sound Pressure Level / dB (re 20 µPa/V)  [2.83  V @ 1. m]"	"Frequency / Hz"	"Sound Pressure Level / dB (re 20 µPa/V)  [2.83  V @ 1. m]"	"Frequency / Hz"	"Sound Pressure Level / dB (re 20 µPa/V)  [2.83  V @ 1. m]"	"Frequency / Hz"	"Sound Pressure Level / dB (re 20 µPa/V)  [2.83  V @ 1. m]"	"Frequency / Hz"	"Sound Pressure Level / dB (re 20 µPa/V)  [2.83  V @ 1. m]"	"Frequency / Hz"	"Sound Pressure Level / dB (re 20 µPa/V)  [2.83  V @ 1. m]"	"Frequency / Hz"	"Sound Pressure Level / dB (re 20 µPa/V)  [2.83  V @ 1. m]"	"Frequency / Hz"	"Sound Pressure Level / dB (re 20 µPa/V)  [2.83  V @ 1. m]"	"Frequency / Hz"	"Sound Pressure Level / dB (re 20 µPa/V)  [2.83  V @ 1. m]"	"Frequency / Hz"	"Sound Pressure Level / dB (re 20 µPa/V)  [2.83  V @ 1. m]"	"Frequency / Hz"	"Sound Pressure Level / dB (re 20 µPa/V)  [2.83  V @ 1. m]"	"Frequency / Hz"	"Sound Pressure Level / dB (re 20 µPa/V)  [2.83  V @ 1. m]"	"Frequency / Hz"	"Sound Pressure Level / dB (re 20 µPa/V)  [2.83  V @ 1. m]"	"Frequency / Hz"	"Sound Pressure Level / dB (re 20 µPa/V)  [2.83  V @ 1. m]"	"Frequency / Hz"	"Sound Pressure Level / dB (re 20 µPa/V)  [2.83  V @ 1. m]"	"Frequency / Hz"	"Sound Pressure Level / dB (re 20 µPa/V)  [2.83  V @ 1. m]"
20.5078	51.4398	20.5078	50.6489	20.5078	52.2177	20.5078	49.8626	20.5078	52.9649	20.5078	49.099	20.5078	53.663	20.5078	48.3776	20.5078	54.2931	20.5078	47.7201	20.5078	54.8359	20.5078	47.1508	20.5078	55.2727	20.5078	46.6959	20.5078	55.587	20.5078	46.3813	20.5078	55.7659	20.5078	46.2291	20.5078	55.8015	20.5078	46.253	20.5078	55.6921	20.5078	46.454	20.5078	55.442	20.5078	46.8199	20.5078	55.0618	20.5078	47.3276	20.5078	54.5663	20.5078	47.948	20.5078	53.9734	20.5078	48.6513	20.5078	53.3022	20.5078	49.4102	20.5078	52.5715	20.5078	50.2011	20.5078	51.7995	20.5078	51.0036
21.9727	57.6286	21.9727	57.2398	21.9727	58.0451	21.9727	56.8877	21.9727	58.4772	21.9727	56.5786	21.9727	58.9098	21.9727	56.3168	21.9727	59.325	21.9727	56.1052	21.9727	59.7037	21.9727	55.9457	21.9727	60.0265	21.9727	55.8399	21.9727	60.2763	21.9727	55.789	21.9727	60.4397	21.9727	55.7944	21.9727	60.509	21.9727	55.8565	21.9727	60.483	21.9727	55.9754	21.9727	60.3667	21.9727	56.1499	21.9727	60.1704	21.9727	56.3771	21.9727	59.9078	21.9727	56.6522	21.9727	59.5937	21.9727	56.9687	21.9727	59.2423	21.9727	57.3186	21.9727	58.8661	21.9727	57.6928	21.9727	58.4759	21.9727	58.0817
23.4375	59.1724	23.4375	58.7414	23.4375	59.6299	23.4375	58.3473	23.4375	60.0995	23.4375	57.9972	23.4375	60.5637	23.4375	57.6949	23.4375	61.002	23.4375	57.4424	23.4375	61.3931	23.4375	57.24	23.4375	61.7156	23.4375	57.0876	23.4375	61.9511	23.4375	56.9855	23.4375	62.0853	23.4375	56.9347	23.4375	62.1102	23.4375	56.9368	23.4375	62.0251	23.4375	56.9945	23.4375	61.8367	23.4375	57.1105	23.4375	61.558	23.4375	57.2868	23.4375	61.2066	23.4375	57.5239	23.4375	60.8015	23.4375	57.8196	23.4375	60.3616	23.4375	58.1686	23.4375	59.9036	23.4375	58.5627	23.4375	59.4424	23.4375	58.9912
24.9023	62.5787	24.9023	62.1909	24.9023	62.9871	24.9023	61.8331	24.9023	63.4035	24.9023	61.5118	24.9023	63.8125	24.9023	61.2309	24.9023	64.196	24.9023	60.9926	24.9023	64.5346	24.9023	60.7978	24.9023	64.8092	24.9023	60.6468	24.9023	65.0025	24.9023	60.5398	24.9023	65.1012	24.9023	60.4773	24.9023	65.0977	24.9023	60.4605	24.9023	64.9915	24.9023	60.4908	24.9023	64.7893	24.9023	60.5703	24.9023	64.5045	24.9023	60.7008	24.9023	64.155	24.9023	60.8834	24.9023	63.7609	24.9023	61.1179	24.9023	63.342	24.9023	61.4021	24.9023	62.916	24.9023	61.7315	24.9023	62.4977	24.9023	62.0995
26.3672	65.6353	26.3672	65.2833	26.3672	66.0049	26.3672	64.9569	26.3672	66.3815	26.3672	64.6613	26.3672	66.7514	26.3672	64.3997	26.3672	67.0986	26.3672	64.1742	26.3672	67.4055	26.3672	63.9855	26.3672	67.6543	26.3672	63.8343	26.3672	67.8286	26.3672	63.7214	26.3672	67.916	26.3672	63.6478	26.3672	67.909	26.3672	63.6155	26.3672	67.8067	26.3672	63.6266	26.3672	67.615	26.3672	63.6841	26.3672	67.346	26.3672	63.7906	26.3672	67.0158	26.3672	63.9483	26.3672	66.6431	26.3672	64.1576	26.3672	66.2462	26.3672	64.4172	26.3672	65.8419	26.3672	64.723	26.3672	65.4452	26.3672	65.0686
27.832	68.519	27.832	68.205	27.832	68.8498	27.832	67.9147	27.832	69.188	27.832	67.6526	27.832	69.5212	27.832	67.4215	27.832	69.8349	27.832	67.2229	27.832	70.1126	27.832	67.0577	27.832	70.3379	27.832	66.9263	27.832	70.4955	27.832	66.8293	27.832	70.5736	27.832	66.7676	27.832	70.5655	27.832	66.7425	27.832	70.4708	27.832	66.7556	27.832	70.2955	27.832	66.8091	27.832	70.0511	27.832	66.9049	27.832	69.7532	27.832	67.0445	27.832	69.419	27.832	67.2286	27.832	69.0653	27.832	67.456	27.832	68.7071	27.832	67.7237	27.832	68.3572	27.832	68.0265
29.2969	71.2853	29.2969	70.9914	29.2969	71.5935	29.2969	70.7183	29.2969	71.9071	29.2969	70.4702	29.2969	72.2148	29.2969	70.25	29.2969	72.5029	29.2969	70.0592	29.2969	72.7566	29.2969	69.8989	29.2969	72.9603	29.2969	69.7696	29.2969	73.1002	29.2969	69.6719	29.2969	73.1653	29.2969	69.6067	29.2969	73.1497	29.2969	69.5754	29.2969	73.0532	29.2969	69.5797	29.2969	72.8816	29.2969	69.6216	29.2969	72.6461	29.2969	69.7032	29.2969	72.3613	29.2969	69.8266	29.2969	72.0433	29.2969	69.9924	29.2969	71.7079	29.2969	70.2003	29.2969	71.3693	29.2969	70.4476	29.2969	71.0398	29.2969	70.7296
30.7617	73.8979	30.7617	73.6303	30.7617	74.1788	30.7617	73.3819	30.7617	74.4647	30.7617	73.157	30.7617	74.7452	30.7617	72.9584	30.7617	75.0078	30.7617	72.7876	30.7617	75.2386	30.7617	72.6458	30.7617	75.4234	30.7617	72.5335	30.7617	75.5494	30.7617	72.4513	30.7617	75.6067	30.7617	72.3997	30.7617	75.59	30.7617	72.3796	30.7617	75.4997	30.7617	72.3919	30.7617	75.3421	30.7617	72.4377	30.7617	75.1283	30.7617	72.5183	30.7617	74.8723	30.7617	72.6343	30.7617	74.5892	30.7617	72.786	30.7617	74.2932	30.7617	72.9722	30.7617	73.9964	30.7617	73.1908	30.7617	73.7087	30.7617	73.438
32.2266	75.9219	32.2266	75.6557	32.2266	76.1998	32.2266	75.4074	32.2266	76.4813	32.2266	75.1814	32.2266	76.7559	32.2266	74.9807	32.2266	77.0116	32.2266	74.8072	32.2266	77.2347	32.2266	74.6622	32.2266	77.4119	32.2266	74.5463	32.2266	77.5307	32.2266	74.4603	32.2266	77.5816	32.2266	74.4047	32.2266	77.5598	32.2266	74.38	32.2266	77.4654	32.2266	74.387	32.2266	77.3044	32.2266	74.4266	32.2266	77.0873	32.2266	74.4996	32.2266	76.8276	32.2266	74.607	32.2266	76.5402	32.2266	74.7494	32.2266	76.2398	32.2266	74.9267	32.2266	75.9393	32.2266	75.138	32.2266	75.6499	32.2266	75.3805
33.6914	78.1217	33.6914	77.8651	33.6914	78.3871	33.6914	77.6238	33.6914	78.6535	33.6914	77.4023	33.6914	78.911	33.6914	77.204	33.6914	79.1482	33.6914	77.0313	33.6914	79.3526	33.6914	76.8857	33.6914	79.5117	33.6914	76.7683	33.6914	79.6141	33.6914	76.6797	33.6914	79.6512	33.6914	76.6206	33.6914	79.6189	33.6914	76.5915	33.6914	79.5177	33.6914	76.5928	33.6914	79.3539	33.6914	76.6253	33.6914	79.1378	33.6914	76.6897	33.6914	78.8831	33.6914	76.7866	33.6914	78.6042	33.6914	76.9166	33.6914	78.3152	33.6914	77.0798	33.6914	78.0286	33.6914	77.2756	33.6914	77.7548	33.6914	77.5018
35.1562	80.0399	35.1562	79.7931	35.1562	80.2939	35.1562	79.5594	35.1562	80.5472	35.1562	79.3436	35.1562	80.7906	35.1562	79.1492	35.1562	81.0132	35.1562	78.9787	35.1562	81.2034	35.1562	78.8341	35.1562	81.3494	35.1562	78.7167	35.1562	81.4407	35.1562	78.6273	35.1562	81.4696	35.1562	78.5668	35.1562	81.4321	35.1562	78.5356	35.1562	81.3294	35.1562	78.5343	35.1562	81.1677	35.1562	78.5634	35.1562	80.9572	35.1562	78.6233	35.1562	80.7109	35.1562	78.7145	35.1562	80.4428	35.1562	78.8374	35.1562	80.1662	35.1562	78.992	35.1562	79.8928	35.1562	79.1775	35.1562	79.6323	35.1562	79.3921
36.6211	81.6536	36.6211	81.4149	36.6211	81.8976	36.6211	81.1876	36.6211	82.1394	36.6211	80.9765	36.6211	82.37	36.6211	80.7852	36.6211	82.5791	36.6211	80.6163	36.6211	82.7558	36.6211	80.4719	36.6211	82.8888	36.6211	80.3535	36.6211	82.9685	36.6211	80.262	36.6211	82.9877	36.6211	80.1982	36.6211	82.9429	36.6211	80.1626	36.6211	82.8357	36.6211	80.1558	36.6211	82.6722	36.6211	80.1781	36.6211	82.4626	36.6211	80.23	36.6211	82.2197	36.6211	80.312	36.6211	81.9571	36.6211	80.4245	36.6211	81.6879	36.6211	80.5678	36.6211	81.4235	36.6211	80.7416	36.6211	81.1734	36.6211	80.9444
38.0859	82.9685	38.0859	82.7364	38.0859	83.2044	38.0859	82.5142	38.0859	83.4368	38.0859	82.3067	38.0859	83.657	38.0859	82.1176	38.0859	83.8552	38.0859	81.9501	38.0859	84.021	38.0859	81.8061	38.0859	84.1441	38.0859	81.6875	38.0859	84.2153	38.0859	81.5954	38.0859	84.2282	38.0859	81.5307	38.0859	84.1798	38.0859	81.4939	38.0859	84.072	38.0859	81.4856	38.0859	83.9109	38.0859	81.506	38.0859	83.7065	38.0859	81.5554	38.0859	83.471	38.0859	81.6342	38.0859	83.2175	38.0859	81.7427	38.0859	82.9583	38.0859	81.8809	38.0859	82.704	38.0859	82.0483	38.0859	82.4636	38.0859	82.2435
39.5508	83.9576	39.5508	83.7324	39.5508	84.1854	39.5508	83.5159	39.5508	84.4088	39.5508	83.3132	39.5508	84.6193	39.5508	83.128	39.5508	84.8075	39.5508	82.9636	39.5508	84.9635	39.5508	82.8223	39.5508	85.0776	39.5508	82.7059	39.5508	85.1413	39.5508	82.6157	39.5508	85.1488	39.5508	82.5525	39.5508	85.0977	39.5508	82.5169	39.5508	84.99	39.5508	82.5092	39.5508	84.8321	39.5508	82.5294	39.5508	84.6336	39.5508	82.5777	39.5508	84.4066	39.5508	82.6541	39.5508	84.1634	39.5508	82.7584	39.5508	83.9157	39.5508	82.8907	39.5508	83.6736	39.5508	83.0502	39.5508	83.445	39.5508	83.2358
41.0156	84.6175	41.0156	84.3956	41.0156	84.8402	41.0156	84.1806	41.0156	85.0564	41.0156	83.9776	41.0156	85.258	41.0156	83.7907	41.0156	85.4359	41.0156	83.6233	41.0156	85.5804	41.0156	83.478	41.0156	85.6825	41.0156	83.3568	41.0156	85.7342	41.0156	83.2612	41.0156	85.7302	41.0156	83.1922	41.0156	85.6686	41.0156	83.1502	41.0156	85.5519	41.0156	83.1357	41.0156	85.3869	41.0156	83.1487	41.0156	85.1834	41.0156	83.1891	41.0156	84.9537	41.0156	83.2571	41.0156	84.7103	41.0156	83.3526	41.0156	84.4646	41.0156	83.4756	41.0156	84.2268	41.0156	83.626	41.0156	84.0044	41.0156	83.8029
42.4805	85.1974	42.4805	84.9808	42.4805	85.4138	42.4805	84.7701	42.4805	85.6231	42.4805	84.5704	42.4805	85.8174	42.4805	84.3859	42.4805	85.9879	42.4805	84.2201	42.4805	86.1258	42.4805	84.0758	42.4805	86.2224	42.4805	83.9551	42.4805	86.2705	42.4805	83.8597	42.4805	86.2651	42.4805	83.7907	42.4805	86.2047	42.4805	83.7486	42.4805	86.0918	42.4805	83.7339	42.4805	85.9328	42.4805	83.7467	42.4805	85.737	42.4805	83.787	42.4805	85.5159	42.4805	83.8547	42.4805	85.2809	42.4805	83.9499	42.4805	85.043	42.4805	84.0722	42.4805	84.8115	42.4805	84.2213	42.4805	84.594	42.4805	84.396
43.9453	85.5079	43.9453	85.2954	43.9453	85.7193	43.9453	85.0878	43.9453	85.9227	43.9453	84.8903	43.9453	86.1103	43.9453	84.7074	43.9453	86.2738	43.9453	84.5425	43.9453	86.4045	43.9453	84.3988	43.9453	86.4945	43.9453	84.2785	43.9453	86.5368	43.9453	84.1832	43.9453	86.5271	43.9453	84.1142	43.9453	86.4642	43.9453	84.0721	43.9453	86.3509	43.9453	84.0572	43.9453	86.1936	43.9453	84.0695	43.9453	86.0016	43.9453	84.1088	43.9453	85.7858	43.9453	84.175	43.9453	85.5573	43.9453	84.2678	43.9453	85.3267	43.9453	84.3869	43.9453	85.1027	43.9453	84.5316	43.9453	84.8923	43.9453	84.7008
45.4102	85.6996	45.4102	85.4909	45.4102	85.906	45.4102	85.286	45.4102	86.1034	45.4102	85.0903	45.4102	86.2841	45.4102	84.9082	45.4102	86.4402	45.4102	84.7436	45.4102	86.5634	45.4102	84.5996	45.4102	86.6462	45.4102	84.4787	45.4102	86.6823	45.4102	84.3828	45.4102	86.6678	45.4102	84.3131	45.4102	86.602	45.4102	84.2702	45.4102	86.4879	45.4102	84.2546	45.4102	86.3321	45.4102	84.2661	45.4102	86.1437	45.4102	84.3045	45.4102	85.9333	45.4102	84.3692	45.4102	85.7114	45.4102	84.46	45.4102	85.4879	45.4102	84.5762	45.4102	85.271	45.4102	84.7172	45.4102	85.0673	45.4102	84.8815
46.875	85.8168	46.875	85.6116	46.875	86.0186	46.875	85.4092	46.875	86.2102	46.875	85.2149	46.875	86.3844	46.875	85.0333	46.875	86.5332	46.875	84.8683	46.875	86.6489	46.875	84.7233	46.875	86.7241	46.875	84.6009	46.875	86.753	46.875	84.5029	46.875	86.7323	46.875	84.4308	46.875	86.6614	46.875	84.3852	46.875	86.5438	46.875	84.3665	46.875	86.3861	46.875	84.3746	46.875	86.1973	46.875	84.409	46.875	85.9881	46.875	84.4694	46.875	85.769	46.875	84.5552	46.875	85.5494	46.875	84.666	46.875	85.3375	46.875	84.8011	46.875	85.1393	46.875	84.9595
48.3398	85.8792	48.3398	85.6757	48.3398	86.0783	48.3398	85.4739	48.3398	86.2664	48.3398	85.2792	48.3398	86.436	48.3398	85.0965	48.3398	86.5797	48.3398	84.9299	48.3398	86.6899	48.3398	84.7827	48.3398	86.7598	48.3398	84.6579	48.3398	86.7838	48.3398	84.5574	48.3398	86.7589	48.3398	84.4827	48.3398	86.6851	48.3398	84.4348	48.3398	86.5658	48.3398	84.414	48.3398	86.4075	48.3398	84.42	48.3398	86.2194	48.3398	84.4527	48.3398	86.0117	48.3398	84.5115	48.3398	85.7946	48.3398	84.5957	48.3398	85.5774	48.3398	84.7049	48.3398	85.3679	48.3398	84.8382	48.3398	85.1722	48.3398	84.9946
51.2695	85.862	51.2695	85.6625	51.2695	86.0551	51.2695	85.4625	51.2695	86.235	51.2695	85.2677	51.2695	86.3949	51.2695	85.0832	51.2695	86.5277	51.2695	84.9135	51.2695	86.6266	51.2695	84.7624	51.2695	86.6853	51.2695	84.6332	51.2695	86.6994	51.2695	84.5283	51.2695	86.6663	51.2695	84.4496	51.2695	86.5866	51.2695	84.3982	51.2695	86.464	51.2695	84.3744	51.2695	86.3051	51.2695	84.3783	51.2695	86.1189	51.2695	84.4092	51.2695	85.9152	51.2695	84.4662	51.2695	85.7039	51.2695	84.5484	51.2695	85.4938	51.2695	84.6544	51.2695	85.2922	51.2695	84.7833	51.2695	85.1043	51.2695	84.9338
52.7344	85.8265	52.7344	85.63	52.7344	86.0162	52.7344	85.4329	52.7344	86.1924	52.7344	85.2407	52.7344	86.3485	52.7344	85.0588	52.7344	86.4774	52.7344	84.8915	52.7344	86.5727	52.7344	84.743	52.7344	86.6284	52.7344	84.6165	52.7344	86.6404	52.7344	84.5145	52.7344	86.6066	52.7344	84.4388	52.7344	86.5279	52.7344	84.3904	52.7344	86.4081	52.7344	84.3697	52.7344	86.254	52.7344	84.3764	52.7344	86.0741	52.7344	84.4098	52.7344	85.878	52.7344	84.4686	52.7344	85.6749	52.7344	84.5516	52.7344	85.473	52.7344	84.6573	52.7344	85.2788	52.7344	84.7845	52.7344	85.0972	52.7344	84.9317
54.1992	85.7921	54.1992	85.6	54.1992	85.9768	54.1992	85.4069	54.1992	86.1477	54.1992	85.2184	54.1992	86.2981	54.1992	85.0397	54.1992	86.4214	54.1992	84.8755	54.1992	86.5112	54.1992	84.7298	54.1992	86.562	54.1992	84.6059	54.1992	86.57	54.1992	84.5064	54.1992	86.5337	54.1992	84.433	54.1992	86.454	54.1992	84.3867	54.1992	86.3353	54.1992	84.3677	54.1992	86.1843	54.1992	84.3754	54.1992	86.0094	54.1992	84.409	54.1992	85.82	54.1992	84.4671	54.1992	85.6247	54.1992	84.5481	54.1992	85.4314	54.1992	84.6506	54.1992	85.2458	54.1992	84.7731	54.1992	85.0725	54.1992	84.9142
55.6641	85.7282	55.6641	85.5379	55.6641	85.9107	55.6641	85.3461	55.6641	86.079	55.6641	85.1585	55.6641	86.2263	55.6641	84.9806	55.6641	86.3462	55.6641	84.8172	55.6641	86.4325	55.6641	84.6725	55.6641	86.4802	55.6641	84.5498	55.6641	86.4857	55.6641	84.4517	55.6641	86.4479	55.6641	84.3802	55.6641	86.3682	55.6641	84.3359	55.6641	86.2509	55.6641	84.3191	55.6641	86.1028	55.6641	84.3291	55.6641	85.9323	55.6641	84.3648	55.6641	85.7484	55.6641	84.4244	55.6641	85.5592	55.6641	84.5064	55.6641	85.3719	55.6641	84.6088	55.6641	85.192	55.6641	84.7301	55.6641	85.0234	55.6641	84.8688
58.5938	85.6612	58.5938	85.4752	58.5938	85.8372	58.5938	85.2855	58.5938	85.9968	58.5938	85.098	58.5938	86.1338	58.5938	84.9184	58.5938	86.242	58.5938	84.7518	58.5938	86.3158	58.5938	84.6028	58.5938	86.3509	58.5938	84.4752	58.5938	86.3445	58.5938	84.3721	58.5938	86.296	58.5938	84.2955	58.5938	86.2078	58.5938	84.2466	58.5938	86.0847	58.5938	84.2254	58.5938	85.9339	58.5938	84.2314	58.5938	85.764	58.5938	84.2632	58.5938	85.5835	58.5938	84.3189	58.5938	85.4003	58.5938	84.3966	58.5938	85.2206	58.5938	84.4942	58.5938	85.049	58.5938	84.6098	58.5938	84.8887	58.5938	84.7418
60.0586	85.6588	60.0586	85.4729	60.0586	85.8333	60.0586	85.2817	60.0586	85.9902	60.0586	85.0909	60.0586	86.1233	60.0586	84.906	60.0586	86.2265	60.0586	84.7321	60.0586	86.2945	60.0586	84.5739	60.0586	86.323	60.0586	84.4354	60.0586	86.3091	60.0586	84.3201	60.0586	86.2526	60.0586	84.2303	60.0586	86.1557	60.0586	84.1679	60.0586	86.0235	60.0586	84.1337	60.0586	85.8632	60.0586	84.1276	60.0586	85.6835	60.0586	84.1491	60.0586	85.4931	60.0586	84.1967	60.0586	85.3003	60.0586	84.2688	60.0586	85.1115	60.0586	84.3635	60.0586	84.9319	60.0586	84.4789	60.0586	84.765	60.0586	84.6133
62.9883	85.4267	62.9883	85.2419	62.9883	85.6011	62.9883	85.0533	62.9883	85.7582	62.9883	84.8677	62.9883	85.8916	62.9883	84.6911	62.9883	85.9951	62.9883	84.5292	62.9883	86.0639	62.9883	84.3867	62.9883	86.0942	62.9883	84.2675	62.9883	86.0841	62.9883	84.1743	62.9883	86.0342	62.9883	84.1087	62.9883	85.9474	62.9883	84.0711	62.9883	85.8291	62.9883	84.0611	62.9883	85.6864	62.9883	84.077	62.9883	85.5273	62.9883	84.1168	62.9883	85.3599	62.9883	84.1778	62.9883	85.1911	62.9883	84.2575	62.9883	85.0264	62.9883	84.3535	62.9883	84.8695	62.9883	84.4638	62.9883	84.7227	62.9883	84.5872
64.4531	85.3738	64.4531	85.194	64.4531	85.5417	64.4531	85.0088	64.4531	85.6912	64.4531	84.8247	64.4531	85.8164	64.4531	84.6479	64.4531	85.9117	64.4531	84.4843	64.4531	85.9723	64.4531	84.339	64.4531	85.9952	64.4531	84.2165	64.4531	85.9787	64.4531	84.1201	64.4531	85.924	64.4531	84.0519	64.4531	85.8343	64.4531	84.0128	64.4531	85.7156	64.4531	84.0024	64.4531	85.5753	64.4531	84.0192	64.4531	85.4216	64.4531	84.0607	64.4531	85.262	64.4531	84.1238	64.4531	85.1028	64.4531	84.2054	64.4531	84.9482	64.4531	84.3021	64.4531	84.8007	64.4531	84.4116	64.4531	84.6617	64.4531	84.5318
67.3828	85.3077	67.3828	85.1236	67.3828	85.477	67.3828	84.9315	67.3828	85.6253	67.3828	84.7376	67.3828	85.7465	67.3828	84.5483	67.3828	85.8351	67.3828	84.3697	67.3828	85.8865	67.3828	84.2071	67.3828	85.8976	67.3828	84.0654	67.3828	85.867	67.3828	83.9485	67.3828	85.7959	67.3828	83.8593	67.3828	85.688	67.3828	83.7993	67.3828	85.5494	67.3828	83.769	67.3828	85.3882	67.3828	83.7676	67.3828	85.2134	67.3828	83.7934	67.3828	85.0333	67.3828	83.8438	67.3828	84.855	67.3828	83.9161	67.3828	84.6838	67.3828	84.0074	67.3828	84.5229	67.3828	84.1152	67.3828	84.3739	67.3828	84.2377
68.8477	85.2688	68.8477	85.0863	68.8477	85.4364	68.8477	84.8955	68.8477	85.583	68.8477	84.7027	68.8477	85.7024	68.8477	84.5143	68.8477	85.7894	68.8477	84.3362	68.8477	85.8395	68.8477	84.174	68.8477	85.8498	68.8477	84.0324	68.8477	85.8191	68.8477	83.9155	68.8477	85.7487	68.8477	83.826	68.8477	85.6423	68.8477	83.7657	68.8477	85.506	68.8477	83.7352	68.8477	85.3476	68.8477	83.7336	68.8477	85.1756	68.8477	83.7594	68.8477	84.9982	68.8477	83.8101	68.8477	84.8221	68.8477	83.8829	68.8477	84.6524	68.8477	83.9748	68.8477	84.4921	68.8477	84.0834	68.8477	84.3432	68.8477	84.2067
71.7773	85.1715	71.7773	84.9937	71.7773	85.3342	71.7773	84.8073	71.7773	85.4756	71.7773	84.6188	71.7773	85.5897	71.7773	84.4346	71.7773	85.6714	71.7773	84.2606	71.7773	85.7166	71.7773	84.1025	71.7773	85.7228	71.7773	83.9649	71.7773	85.6895	71.7773	83.8516	71.7773	85.6183	71.7773	83.7655	71.7773	85.5133	71.7773	83.7082	71.7773	85.3809	71.7773	83.6798	71.7773	85.2285	71.7773	83.6797	71.7773	85.0642	71.7773	83.706	71.7773	84.8954	71.7773	83.7563	71.7773	84.7281	71.7773	83.8276	71.7773	84.5668	71.7773	83.9172	71.7773	84.4142	71.7773	84.0223	71.7773	84.272	71.7773	84.141
74.707	85.0725	74.707	84.898	74.707	85.2312	74.707	84.7144	74.707	85.3677	74.707	84.5285	74.707	85.4763	74.707	84.3468	74.707	85.552	74.707	84.1757	74.707	85.5912	74.707	84.021	74.707	85.5919	74.707	83.8876	74.707	85.5541	74.707	83.7794	74.707	85.4802	74.707	83.6989	74.707	85.3749	74.707	83.6474	74.707	85.2449	74.707	83.625	74.707	85.0981	74.707	83.6304	74.707	84.9422	74.707	83.6611	74.707	84.7843	74.707	83.7143	74.707	84.6294	74.707	83.7866	74.707	84.4811	74.707	83.8747	74.707	84.341	74.707	83.9758	74.707	84.2098	74.707	84.088
77.6367	84.9994	77.6367	84.8259	77.6367	85.1556	77.6367	84.6417	77.6367	85.2882	77.6367	84.4539	77.6367	85.3915	77.6367	84.2693	77.6367	85.4607	77.6367	84.0946	77.6367	85.4927	77.6367	83.9358	77.6367	85.4858	77.6367	83.7982	77.6367	85.4407	77.6367	83.6861	77.6367	85.3605	77.6367	83.6026	77.6367	85.2504	77.6367	83.5491	77.6367	85.1178	77.6367	83.5258	77.6367	84.9708	77.6367	83.5314	77.6367	84.8172	77.6367	83.5635	77.6367	84.6638	77.6367	83.6186	77.6367	84.515	77.6367	83.6929	77.6367	84.3734	77.6367	83.7826	77.6367	84.2397	77.6367	83.8841	77.6367	84.1136	77.6367	83.9949
79.1016	84.9658	79.1016	84.7924	79.1016	85.1212	79.1016	84.608	79.1016	85.2526	79.1016	84.4195	79.1016	85.3542	79.1016	84.2338	79.1016	85.4216	79.1016	84.0577	79.1016	85.4515	79.1016	83.8974	79.1016	85.4426	79.1016	83.7584	79.1016	85.3957	79.1016	83.6449	79.1016	85.3139	79.1016	83.56	79.1016	85.2028	79.1016	83.5055	79.1016	85.0694	79.1016	83.4813	79.1016	84.9219	79.1016	83.4861	79.1016	84.7681	79.1016	83.5174	79.1016	84.6144	79.1016	83.5718	79.1016	84.4654	79.1016	83.6454	79.1016	84.3236	79.1016	83.7344	79.1016	84.1898	79.1016	83.8352	79.1016	84.0638	79.1016	83.9455
82.0312	84.8801	82.0312	84.7086	82.0312	85.0327	82.0312	84.5251	82.0312	85.1602	82.0312	84.3367	82.0312	85.2572	82.0312	84.1506	82.0312	85.3194	82.0312	83.9738	82.0312	85.3439	82.0312	83.8128	82.0312	85.33	82.0312	83.6734	82.0312	85.279	82.0312	83.5603	82.0312	85.1949	82.0312	83.4767	82.0312	85.0836	82.0312	83.4244	82.0312	84.9528	82.0312	83.4033	82.0312	84.8104	82.0312	83.4118	82.0312	84.6641	82.0312	83.4472	82.0312	84.5193	82.0312	83.5056	82.0312	84.3797	82.0312	83.5826	82.0312	84.2467	82.0312	83.6738	82.0312	84.1203	82.0312	83.7754	82.0312	83.9997	82.0312	83.8846
84.9609	84.8898	84.9609	84.7179	84.9609	85.0402	84.9609	84.5313	84.9609	85.1629	84.9609	84.3372	84.9609	85.2528	84.9609	84.1428	84.9609	85.3058	84.9609	83.9554	84.9609	85.3193	84.9609	83.7819	84.9609	85.2928	84.9609	83.6286	84.9609	85.2281	84.9609	83.5009	84.9609	85.1294	84.9609	83.4028	84.9609	85.0034	84.9609	83.3369	84.9609	84.8583	84.9609	83.3038	84.9609	84.703	84.9609	83.3025	84.9609	84.5457	84.9609	83.3304	84.9609	84.3927	84.9609	83.3833	84.9609	84.2478	84.9609	83.4566	84.9609	84.1123	84.9609	83.5453	84.9609	83.9855	84.9609	83.645	84.9609	83.8659	84.9609	83.7524
87.8906	84.6544	87.8906	84.4908	87.8906	84.8004	87.8906	84.3162	87.8906	84.9226	87.8906	84.1376	87.8906	85.0161	87.8906	83.9621	87.8906	85.077	87.8906	83.7965	87.8906	85.1033	87.8906	83.6468	87.8906	85.0949	87.8906	83.5183	87.8906	85.0536	87.8906	83.415	87.8906	84.9834	87.8906	83.3394	87.8906	84.8896	87.8906	83.2927	87.8906	84.7783	87.8906	83.2747	87.8906	84.6553	87.8906	83.2837	87.8906	84.5254	87.8906	83.3176	87.8906	84.3924	87.8906	83.3732	87.8906	84.2587	87.8906	83.4473	87.8906	84.1262	87.8906	83.5369	87.8906	83.9963	87.8906	83.639	87.8906	83.8707	87.8906	83.751
90.8203	84.7448	90.8203	84.5713	90.8203	84.8942	90.8203	84.3809	90.8203	85.0127	90.8203	84.1819	90.8203	85.0954	90.8203	83.9829	90.8203	85.1385	90.8203	83.7927	90.8203	85.1407	90.8203	83.6198	90.8203	85.1031	90.8203	83.472	90.8203	85.0299	90.8203	83.3558	90.8203	84.9281	90.8203	83.2758	90.8203	84.8072	90.8203	83.2345	90.8203	84.678	90.8203	83.2315	90.8203	84.5504	90.8203	83.2642	90.8203	84.4314	90.8203	83.3274	90.8203	84.3241	90.8203	83.4144	90.8203	84.2273	90.8203	83.5174	90.8203	84.1366	90.8203	83.6287	90.8203	84.0463	90.8203	83.7413	90.8203	83.9516	90.8203	83.85
95.2148	84.6673	95.2148	84.5004	95.2148	84.8099	95.2148	84.3165	95.2148	84.922	95.2148	84.123	95.2148	84.9986	95.2148	83.9276	95.2148	85.0359	95.2148	83.7381	95.2148	85.0322	95.2148	83.5616	95.2148	84.9881	95.2148	83.4046	95.2148	84.9065	95.2148	83.2724	95.2148	84.7933	95.2148	83.1689	95.2148	84.6561	95.2148	83.0964	95.2148	84.504	95.2148	83.0556	95.2148	84.3457	95.2148	83.0453	95.2148	84.189	95.2148	83.063	95.2148	84.0391	95.2148	83.1049	95.2148	83.8989	95.2148	83.1669	95.2148	83.769	95.2148	83.2444	95.2148	83.6486	95.2148	83.3335	95.2148	83.5364	95.2148	83.4313
98.1445	84.5772	98.1445	84.4111	98.1445	84.7188	98.1445	84.2274	98.1445	84.8296	98.1445	84.034	98.1445	84.9046	98.1445	83.8388	98.1445	84.9407	98.1445	83.6498	98.1445	84.9365	98.1445	83.4747	98.1445	84.8934	98.1445	83.3202	98.1445	84.815	98.1445	83.1917	98.1445	84.7077	98.1445	83.0931	98.1445	84.5794	98.1445	83.0265	98.1445	84.4389	98.1445	82.9921	98.1445	84.2941	98.1445	82.9883	98.1445	84.1507	98.1445	83.0124	98.1445	84.0124	98.1445	83.0604	98.1445	83.8804	98.1445	83.1281	98.1445	83.7545	98.1445	83.2111	98.1445	83.6342	98.1445	83.3058	98.1445	83.519	98.1445	83.4091
101.074	84.4666	101.074	84.3072	101.074	84.6017	101.074	84.1309	101.074	84.7058	101.074	83.9458	101.074	84.7742	101.074	83.7605	101.074	84.8037	101.074	83.5834	101.074	84.7937	101.074	83.4224	101.074	84.7467	101.074	83.2846	101.074	84.6682	101.074	83.1757	101.074	84.5665	101.074	83.0997	101.074	84.452	101.074	83.0585	101.074	84.335	101.074	83.0517	101.074	84.2238	101.074	83.0769	101.074	84.123	101.074	83.1298	101.074	84.033	101.074	83.2048	101.074	83.9503	101.074	83.2958	101.074	83.8699	101.074	83.3961	101.074	83.7867	101.074	83.4996	101.074	83.6975	101.074	83.6013
105.469	84.5684	105.469	84.3967	105.469	84.7118	105.469	84.2054	105.469	84.8195	105.469	84.0037	105.469	84.886	105.469	83.8016	105.469	84.9078	105.469	83.6087	105.469	84.8841	105.469	83.4337	105.469	84.8174	105.469	83.2845	105.469	84.7135	105.469	83.1668	105.469	84.5817	105.469	83.0843	105.469	84.4337	105.469	83.0381	105.469	84.2823	105.469	83.0269	105.469	84.1387	105.469	83.0474	105.469	84.0108	105.469	83.0942	105.469	83.9016	105.469	83.161	105.469	83.8093	105.469	83.2409	105.469	83.7287	105.469	83.3274	105.469	83.6536	105.469	83.4146	105.469	83.5781	105.469	83.4988
108.398	84.5601	108.398	84.3817	108.398	84.7086	108.398	84.1824	108.398	84.8202	108.398	83.9718	108.398	84.8892	108.398	83.7603	108.398	84.9124	108.398	83.5581	108.398	84.8895	108.398	83.3752	108.398	84.8233	108.398	83.2202	108.398	84.7204	108.398	83.1	108.398	84.5907	108.398	83.0188	108.398	84.4468	108.398	82.978	108.398	84.3019	108.398	82.9761	108.398	84.1672	108.398	83.009	108.398	84.0496	108.398	83.0706	108.398	83.9507	108.398	83.1535	108.398	83.8668	108.398	83.2499	108.398	83.7912	108.398	83.352	108.398	83.7165	108.398	83.4535	108.398	83.637	108.398	83.5494
112.793	84.5794	112.793	84.3965	112.793	84.728	112.793	84.1881	112.793	84.8351	112.793	83.9641	112.793	84.8954	112.793	83.7357	112.793	84.906	112.793	83.514	112.793	84.8669	112.793	83.3106	112.793	84.7816	112.793	83.1356	112.793	84.6574	112.793	82.9977	112.793	84.5054	112.793	82.9027	112.793	84.3398	112.793	82.8532	112.793	84.1759	112.793	82.848	112.793	84.0271	112.793	82.8826	112.793	83.9021	112.793	82.9496	112.793	83.8031	112.793	83.04	112.793	83.7254	112.793	83.1437	112.793	83.6603	112.793	83.2513	112.793	83.5975	112.793	83.3546	112.793	83.5284	112.793	83.4479
117.188	84.7085	117.188	84.5301	117.188	84.8505	117.188	84.3239	117.188	84.9491	117.188	84.0991	117.188	84.9989	117.188	83.866	117.188	84.9968	117.188	83.6349	117.188	84.9425	117.188	83.4165	117.188	84.8391	117.188	83.2205	117.188	84.6934	117.188	83.0557	117.188	84.5166	117.188	82.9289	117.188	84.3229	117.188	82.8442	117.188	84.1284	117.188	82.8027	117.188	83.9478	117.188	82.8021	117.188	83.7919	117.188	82.8371	117.188	83.6647	117.188	82.9001	117.188	83.5638	117.188	82.9818	117.188	83.4812	117.188	83.073	117.188	83.4073	117.188	83.1654	117.188	83.3331	117.188	83.2529
120.117	84.7445	120.117	84.5622	120.117	84.8909	120.117	84.353	120.117	84.9939	120.117	84.1271	120.117	85.0481	120.117	83.8953	120.117	85.0504	120.117	83.6687	120.117	85.0007	120.117	83.4582	120.117	84.9024	120.117	83.2736	120.117	84.763	120.117	83.1231	120.117	84.5939	120.117	83.0124	120.117	84.4095	120.117	82.9442	120.117	84.2256	120.117	82.9182	120.117	84.0563	120.117	82.931	120.117	83.9113	120.117	82.9763	120.117	83.7937	120.117	83.0463	120.117	83.7005	120.117	83.1322	120.117	83.6236	120.117	83.2251	120.117	83.5536	120.117	83.3174	120.117	83.4821	120.117	83.4039
124.512	84.7304	124.512	84.5472	124.512	84.8744	124.512	84.3336	124.512	84.9722	124.512	84.0995	124.512	85.0186	124.512	83.856	124.512	85.0109	124.512	83.6148	124.512	84.9491	124.512	83.388	124.512	84.8367	124.512	83.1869	124.512	84.6812	124.512	83.0216	124.512	84.4945	124.512	82.8996	124.512	84.2922	124.512	82.8253	124.512	84.0921	124.512	82.7989	124.512	83.911	124.512	82.8167	124.512	83.7613	124.512	82.8712	124.512	83.6473	124.512	82.9524	124.512	83.5653	124.512	83.049	124.512	83.5047	124.512	83.1497	124.512	83.4522	124.512	83.2448	124.512	83.3959	124.512	83.3276
128.906	84.6935	128.906	84.5079	128.906	84.8404	128.906	84.2924	128.906	84.9417	128.906	84.057	128.906	84.9924	128.906	83.8129	128.906	84.99	128.906	83.5716	128.906	84.9346	128.906	83.3451	128.906	84.8298	128.906	83.1445	128.906	84.6828	128.906	82.9796	128.906	84.5044	128.906	82.8574	128.906	84.3087	128.906	82.782	128.906	84.1112	128.906	82.7535	128.906	83.9268	128.906	82.7682	128.906	83.7669	128.906	82.8187	128.906	83.6374	128.906	82.8953	128.906	83.5371	128.906	82.9869	128.906	83.4591	128.906	83.083	128.906	83.3931	128.906	83.1747	128.906	83.3283	128.906	83.2568
133.301	84.6011	133.301	84.4165	133.301	84.7451	133.301	84.2	133.301	84.8419	133.301	83.9615	133.301	84.8868	133.301	83.7122	133.301	84.8777	133.301	83.4641	133.301	84.8159	133.301	83.2294	133.301	84.706	133.301	83.02	133.301	84.5566	133.301	82.8465	133.301	84.3798	133.301	82.717	133.301	84.1902	133.301	82.6365	133.301	84.0031	133.301	82.6055	133.301	83.8317	133.301	82.6208	133.301	83.6844	133.301	82.6747	133.301	83.564	133.301	82.7571	133.301	83.4673	133.301	82.8565	133.301	83.387	133.301	82.9616	133.301	83.3138	133.301	83.0636	133.301	83.2391	133.301	83.1566
139.16	84.6444	139.16	84.446	139.16	84.7993	139.16	84.2138	139.16	84.9026	139.16	83.959	139.16	84.9489	139.16	83.6943	139.16	84.9354	139.16	83.4329	139.16	84.8628	139.16	83.1879	139.16	84.7364	139.16	82.9719	139.16	84.5658	139.16	82.7959	139.16	84.3659	139.16	82.6678	139.16	84.1554	139.16	82.5921	139.16	83.9543	139.16	82.5691	139.16	83.7799	139.16	82.5946	139.16	83.6423	139.16	82.6608	139.16	83.5422	139.16	82.7571	139.16	83.4709	139.16	82.8713	139.16	83.4145	139.16	82.9913	139.16	83.3586	139.16	83.1062	139.16	83.2917	139.16	83.2077
143.555	84.6029	143.555	84.4005	143.555	84.7609	143.555	84.1634	143.555	84.8666	143.555	83.9033	143.555	84.9148	143.555	83.633	143.555	84.9028	143.555	83.3661	143.555	84.8316	143.555	83.1166	143.555	84.7059	143.555	82.8974	143.555	84.5347	143.555	82.7195	143.555	84.3311	143.555	82.5908	143.555	84.112	143.555	82.5152	143.555	83.8962	143.555	82.4919	143.555	83.7012	143.555	82.5159	143.555	83.5396	143.555	82.5786	143.555	83.4165	143.555	82.6687	143.555	83.3277	143.555	82.774	143.555	83.2622	143.555	82.8827	143.555	83.2059	143.555	82.9846	143.555	83.1458	143.555	83.0731
147.949	84.5946	147.949	84.3958	147.949	84.746	147.949	84.159	147.949	84.8427	147.949	83.896	147.949	84.8804	147.949	83.62	147.949	84.8579	147.949	83.3455	147.949	84.7778	147.949	83.0873	147.949	84.6468	147.949	82.8598	147.949	84.4761	147.949	82.6759	147.949	84.2805	147.949	82.5448	147.949	84.0774	147.949	82.4717	147.949	83.8842	147.949	82.456	147.949	83.7152	147.949	82.4921	147.949	83.5786	147.949	82.5697	147.949	83.4751	147.949	82.6759	147.949	83.3981	147.949	82.7968	147.949	83.3367	147.949	82.9194	147.949	83.2786	147.949	83.0333	147.949	83.2127	147.949	83.1318
153.809	84.6561	153.809	84.4454	153.809	84.8149	153.809	84.1929	153.809	84.9142	153.809	83.9111	153.809	84.9494	153.809	83.6141	153.809	84.9191	153.809	83.3174	153.809	84.8259	153.809	83.0374	153.809	84.6766	153.809	82.7896	153.809	84.4832	153.809	82.5878	153.809	84.2618	153.809	82.4421	153.809	84.0322	153.809	82.358	153.809	83.8147	153.809	82.3354	153.809	83.6264	153.809	82.3683	153.809	83.4774	153.809	82.4465	153.809	83.3686	153.809	82.5562	153.809	83.2919	153.809	82.6826	153.809	83.2338	153.809	82.8115	153.809	83.1791	153.809	82.931	153.809	83.115	153.809	83.0331
159.668	84.7	159.668	84.4861	159.668	84.8599	159.668	84.2276	159.668	84.959	159.668	83.9365	159.668	84.9937	159.668	83.6271	159.668	84.9639	159.668	83.3155	159.668	84.8739	159.668	83.0196	159.668	84.733	159.668	82.7572	159.668	84.5557	159.668	82.5451	159.668	84.3612	159.668	82.3962	159.668	84.1705	159.668	82.3182	159.668	84.0027	159.668	82.312	159.668	83.8696	159.668	82.3714	159.668	83.7732	159.668	82.4845	159.668	83.7051	159.668	82.6356	159.668	83.6508	159.668	82.8079	159.668	83.5943	159.668	82.9851	159.668	83.5222	159.668	83.1534	159.668	83.426	159.668	83.3025
165.527	84.9267	165.527	84.7173	165.527	85.0779	165.527	84.4603	165.527	85.1628	165.527	84.1682	165.527	85.1762	165.527	83.8557	165.527	85.1164	165.527	83.5396	165.527	84.9863	165.527	83.2378	165.527	84.7946	165.527	82.9693	165.527	84.5569	165.527	82.7518	165.527	84.2964	165.527	82.5999	165.527	84.0425	165.527	82.5227	165.527	83.8263	165.527	82.5217	165.527	83.6721	165.527	82.5904	165.527	83.5894	165.527	82.7151	165.527	83.5689	165.527	82.8775	165.527	83.5863	165.527	83.0569	165.527	83.6112	165.527	83.2332	165.527	83.6169	165.527	83.3885	165.527	83.5853	165.527	83.5088
171.387	84.9009	171.387	84.6841	171.387	85.0559	171.387	84.4156	171.387	85.1412	171.387	84.1081	171.387	85.1521	171.387	83.7765	171.387	85.0868	171.387	83.4382	171.387	84.9477	171.387	83.1122	171.387	84.742	171.387	82.8185	171.387	84.4831	171.387	82.5767	171.387	84.1922	171.387	82.403	171.387	83.8978	171.387	82.3083	171.387	83.6332	171.387	82.2951	171.387	83.4291	171.387	82.3568	171.387	83.3036	171.387	82.4784	171.387	83.2549	171.387	82.6395	171.387	83.2614	171.387	82.817	171.387	83.2908	171.387	82.9883	171.387	83.311	171.387	83.134	171.387	83.2982	171.387	83.2398
177.246	84.7837	177.246	84.5632	177.246	84.9428	177.246	84.291	177.246	85.034	177.246	83.9791	177.246	85.0531	177.246	83.6418	177.246	84.9998	177.246	83.2958	177.246	84.8768	177.246	82.9597	177.246	84.6911	177.246	82.6528	177.246	84.4541	177.246	82.3943	177.246	84.182	177.246	82.2007	177.246	83.8961	177.246	82.0836	177.246	83.6218	177.246	82.0471	177.246	83.3852	177.246	82.0868	177.246	83.2071	177.246	82.1896	177.246	83.096	177.246	82.3362	177.246	83.0433	177.246	82.5036	177.246	83.0262	177.246	82.669	177.246	83.0156	177.246	82.8123	177.246	82.9857	177.246	82.9197
183.105	84.6591	183.105	84.4517	183.105	84.8016	183.105	84.1885	183.105	84.8726	183.105	83.882	183.105	84.8691	183.105	83.5468	183.105	84.7921	183.105	83.2007	183.105	84.6474	183.105	82.8636	183.105	84.4462	183.105	82.5572	183.105	84.2054	183.105	82.303	183.105	83.9474	183.105	82.1201	183.105	83.6977	183.105	82.0214	183.105	83.4809	183.105	82.0107	183.105	83.3161	183.105	82.0809	183.105	83.2111	183.105	82.2157	183.105	83.1611	183.105	82.392	183.105	83.1497	183.105	82.5843	183.105	83.1537	183.105	82.7689	183.105	83.1494	183.105	82.9263	183.105	83.117	183.105	83.0439
188.965	84.8785	188.965	84.6569	188.965	85.0274	188.965	84.3735	188.965	85.0954	188.965	84.0419	188.965	85.0781	188.965	83.6785	188.965	84.9753	188.965	83.3028	188.965	84.792	188.965	82.9365	188.965	84.5404	188.965	82.603	188.965	84.2409	188.965	82.3258	188.965	83.9223	188.965	82.1248	188.965	83.6204	188.965	82.0136	188.965	83.3717	188.965	81.9962	188.965	83.2039	188.965	82.0663	188.965	83.1256	188.965	82.2075	188.965	83.1229	188.965	82.397	188.965	83.1645	188.965	82.6086	188.965	83.2133	188.965	82.8163	188.965	83.2367	188.965	82.9969	188.965	83.2131	188.965	83.1327
196.289	85.1757	196.289	84.9807	196.289	85.2935	196.289	84.7178	196.289	85.3272	196.289	84.3988	196.289	85.2733	196.289	84.0375	196.289	85.132	196.289	83.6508	196.289	84.9083	196.289	83.2583	196.289	84.6124	196.289	82.8835	196.289	84.2612	196.289	82.5528	196.289	83.8786	196.289	82.2931	196.289	83.496	196.289	82.1266	196.289	83.1515	196.289	82.0651	196.289	82.8844	196.289	82.105	196.289	82.7247	196.289	82.2277	196.289	82.6799	196.289	82.4035	196.289	82.7288	196.289	82.5979	196.289	82.8283	196.289	82.7773	196.289	82.9288	196.289	82.9135	196.289	82.9898	196.289	82.987
203.613	85.0951	203.613	84.8717	203.613	85.2395	203.613	84.5803	203.613	85.297	203.613	84.234	203.613	85.2621	203.613	83.8483	203.613	85.1333	203.613	83.4409	203.613	84.9131	203.613	83.0316	203.613	84.6107	203.613	82.6417	203.613	84.2431	203.613	82.2938	203.613	83.8377	203.613	82.0105	203.613	83.4321	203.613	81.8114	203.613	83.0698	203.613	81.7099	203.613	82.7908	203.613	81.7086	203.613	82.6182	203.613	81.7966	203.613	82.5495	203.613	81.9503	203.613	82.5576	203.613	82.1381	203.613	82.6023	203.613	82.3265	203.613	82.6425	203.613	82.486	203.613	82.6466	203.613	82.5958
210.938	85.1508	210.938	84.9364	210.938	85.2871	210.938	84.6539	210.938	85.3379	210.938	84.3149	210.938	85.2989	210.938	83.9335	210.938	85.1694	210.938	83.5259	210.938	84.9536	210.938	83.1116	210.938	84.6612	210.938	82.7132	210.938	84.3086	210.938	82.3558	210.938	83.9194	210.938	82.0651	210.938	83.5242	210.938	81.8629	210.938	83.1584	210.938	81.7619	210.938	82.8572	210.938	81.7618	210.938	82.6472	210.938	81.8482	210.938	82.5373	210.938	81.9954	210.938	82.5138	210.938	82.1715	210.938	82.5439	210.938	82.3438	210.938	82.5867	210.938	82.4842	210.938	82.6048	210.938	82.5735
218.262	84.942	218.262	84.7226	218.262	85.0816	218.262	84.4363	218.262	85.1317	218.262	84.099	218.262	85.0869	218.262	83.7285	218.262	84.9471	218.262	83.3441	218.262	84.719	218.262	82.9662	218.262	84.4178	218.262	82.6156	218.262	84.068	218.262	82.3137	218.262	83.704	218.262	82.0804	218.262	83.3661	218.262	81.9324	218.262	83.0925	218.262	81.8789	218.262	82.9079	218.262	81.9188	218.262	82.8167	218.262	82.0384	218.262	82.8025	218.262	82.2131	218.262	82.8369	218.262	82.4122	218.262	82.8874	218.262	82.6045	218.262	82.9244	218.262	82.7637	218.262	82.9245	218.262	82.8726
225.586	85.2238	225.586	84.9869	225.586	85.3696	225.586	84.6714	225.586	85.4144	225.586	84.2927	225.586	85.351	225.586	83.8686	225.586	85.1761	225.586	83.4202	225.586	84.8914	225.586	82.9719	225.586	84.5062	225.586	82.5513	225.586	84.0419	225.586	82.1883	225.586	83.5368	225.586	81.9121	225.586	83.0498	225.586	81.7466	225.586	82.6538	225.586	81.7046	225.586	82.4139	225.586	81.7823	225.586	82.3561	225.586	81.9588	225.586	82.4512	225.586	82.1996	225.586	82.632	225.586	82.4634	225.586	82.8252	225.586	82.7095	225.586	82.9738	225.586	82.9033	225.586	83.0433	225.586	83.0193
232.91	85.1859	232.91	84.9312	232.91	85.3505	232.91	84.6001	232.91	85.4146	232.91	84.2092	232.91	85.371	232.91	83.7781	232.91	85.2162	232.91	83.3293	232.91	84.9509	232.91	82.8872	232.91	84.5816	232.91	82.4774	232.91	84.1225	232.91	82.1245	232.91	83.6001	232.91	81.85	232.91	83.0577	232.91	81.6695	232.91	82.5575	232.91	81.5906	232.91	82.1717	232.91	81.6112	232.91	81.9575	232.91	81.7181	232.91	81.9263	232.91	81.8869	232.91	82.0347	232.91	82.0845	232.91	82.2077	232.91	82.2736	232.91	82.3713	232.91	82.4184	232.91	82.474	232.91	82.4904
241.699	85.2718	241.699	84.9886	241.699	85.4594	241.699	84.6232	241.699	85.5415	241.699	84.1922	241.699	85.5113	241.699	83.7159	241.699	85.366	241.699	83.2189	241.699	85.1068	241.699	82.7306	241.699	84.7404	241.699	82.2849	241.699	84.2812	241.699	81.9176	241.699	83.7551	241.699	81.6601	241.699	83.2041	241.699	81.5313	241.699	82.6888	241.699	81.5317	241.699	82.2812	241.699	81.6425	241.699	82.0419	241.699	81.8311	241.699	81.9907	241.699	82.0587	241.699	82.0924	241.699	82.286	241.699	82.2751	241.699	82.4781	241.699	82.4625	241.699	82.6055	241.699	82.5975	241.699	82.6481
250.488	85.7799	250.488	85.4627	250.488	85.9811	250.488	85.0374	250.488	86.0605	250.488	84.5151	250.488	86.0143	250.488	83.911	250.488	85.841	250.488	83.2465	250.488	85.542	250.488	82.5535	250.488	85.1235	250.488	81.8785	250.488	84.5999	250.488	81.2849	250.488	83.9995	250.488	80.8458	250.488	83.3715	250.488	80.6224	250.488	82.7886	250.488	80.635	250.488	82.3356	250.488	80.8505	250.488	82.078	250.488	81.1972	250.488	82.027	250.488	81.5949	250.488	82.1325	250.488	81.9753	250.488	82.3124	250.488	82.2893	250.488	82.4869	250.488	82.5057	250.488	82.5975	250.488	82.6088
259.277	85.6589	259.277	85.4109	259.277	85.8188	259.277	85.0828	259.277	85.8845	259.277	84.6836	259.277	85.8514	259.277	84.2233	259.277	85.7161	259.277	83.7135	259.277	85.4758	259.277	83.1682	259.277	85.1283	259.277	82.6068	259.277	84.6732	259.277	82.0578	259.277	84.1174	259.277	81.5623	259.277	83.4845	259.277	81.1725	259.277	82.8292	259.277	80.9417	259.277	82.2458	259.277	80.9028	259.277	81.8484	259.277	81.0487	259.277	81.7097	259.277	81.3298	259.277	81.8041	259.277	81.6717	259.277	82.0229	259.277	81.9987	259.277	82.2432	259.277	82.2493	259.277	82.3773	259.277	82.3819
268.066	85.394	268.066	85.1324	268.066	85.5563	268.066	84.7769	268.066	85.6171	268.066	84.3361	268.066	85.5773	268.066	83.8224	268.066	85.4398	268.066	83.2522	268.066	85.2084	268.066	82.6478	268.066	84.8862	268.066	82.0405	268.066	84.4758	268.066	81.4731	268.066	83.9812	268.066	81.0004	268.066	83.4138	268.066	80.6814	268.066	82.8036	268.066	80.5607	268.066	82.2119	268.066	80.6463	268.066	81.7339	268.066	80.9006	268.066	81.4688	268.066	81.2527	268.066	81.4568	268.066	81.6214	268.066	81.6394	268.066	81.9342	268.066	81.8947	268.066	82.1365	268.066	82.1051	268.066	82.1955
276.855	85.2393	276.855	85.0079	276.855	85.3724	276.855	84.6851	276.855	85.4044	276.855	84.2807	276.855	85.3372	276.855	83.8059	276.855	85.1778	276.855	83.274	276.855	84.9373	276.855	82.6998	276.855	84.6295	276.855	82.1021	276.855	84.2681	276.855	81.5065	276.855	83.866	276.855	80.9491	276.855	83.4362	276.855	80.4794	276.855	82.9964	276.855	80.1563	276.855	82.5741	276.855	80.0303	276.855	82.2075	276.855	80.1167	276.855	81.9362	276.855	80.3781	276.855	81.7814	276.855	80.7362	276.855	81.728	276.855	81.1025	276.855	81.7244	276.855	81.4061	276.855	81.7035	276.855	81.6077
287.109	85.2764	287.109	85.0518	287.109	85.3948	287.109	84.7311	287.109	85.3993	287.109	84.3256	287.109	85.2863	287.109	83.8467	287.109	85.0585	287.109	83.3069	287.109	84.7258	287.109	82.7235	287.109	84.3064	287.109	82.1242	287.109	83.8268	287.109	81.5515	287.109	83.3211	287.109	81.0628	287.109	82.8293	287.109	80.7196	287.109	82.3959	287.109	80.5667	287.109	82.0671	287.109	80.6127	287.109	81.8829	287.109	80.8261	287.109	81.8584	287.109	81.1491	287.109	81.9656	287.109	81.5157	287.109	82.1369	287.109	81.8641	287.109	82.291	287.109	82.143	287.109	82.3625	287.109	82.3152
297.363	85.7451	297.363	85.4998	297.363	85.877	297.363	85.1548	297.363	85.8846	297.363	84.7253	297.363	85.7611	297.363	84.2253	297.363	85.5036	297.363	83.6665	297.363	85.1136	297.363	83.0578	297.363	84.5992	297.363	82.4106	297.363	83.9783	297.363	81.7475	297.363	83.2862	297.363	81.1154	297.363	82.5826	297.363	80.5952	297.363	81.9541	297.363	80.2894	297.363	81.4992	297.363	80.2747	297.363	81.2916	297.363	80.5439	297.363	81.3407	297.363	81.0004	297.363	81.5834	297.363	81.5131	297.363	81.9125	297.363	81.969	297.363	82.2174	297.363	82.2925	297.363	82.4119	297.363	82.4435
307.617	85.5785	307.617	85.3291	307.617	85.7249	307.617	84.9906	307.617	85.7592	307.617	84.5793	307.617	85.6766	307.617	84.1116	307.617	85.4753	307.617	83.5998	307.617	85.1548	307.617	83.051	307.617	84.7138	307.617	82.4679	307.617	84.1523	307.617	81.8549	307.617	83.4773	307.617	81.2282	307.617	82.7157	307.617	80.63	307.617	81.9323	307.617	80.1397	307.617	81.2416	307.617	79.862	307.617	80.7845	307.617	79.8754	307.617	80.6518	307.617	80.1658	307.617	80.8113	307.617	80.6211	307.617	81.1271	307.617	81.0937	307.617	81.4427	307.617	81.462	307.617	81.6401	307.617	81.6528
319.336	85.2931	319.336	85.0124	319.336	85.4599	319.336	84.6365	319.336	85.5036	319.336	84.1904	319.336	85.4233	319.336	83.7019	319.336	85.2245	319.336	83.1951	319.336	84.9147	319.336	82.6862	319.336	84.4983	319.336	82.1827	319.336	83.974	319.336	81.6869	319.336	83.3363	319.336	81.2053	319.336	82.5852	319.336	80.7577	319.336	81.7487	319.336	80.3854	319.336	80.9139	319.336	80.1473	319.336	80.2457	319.336	80.0972	319.336	79.93	319.336	80.2452	319.336	80.0252	319.336	80.5352	319.336	80.3913	319.336	80.8633	319.336	80.8081	319.336	81.1186	319.336	81.1091	319.336	81.2153
329.59	85.0916	329.59	84.791	329.59	85.2365	329.59	84.3412	329.59	85.232	329.59	83.7646	329.59	85.095	329.59	83.1025	329.59	84.8496	329.59	82.416	329.59	84.5236	329.59	81.7806	329.59	84.1426	329.59	81.2677	329.59	83.7255	329.59	80.9173	329.59	83.2812	329.59	80.7224	329.59	82.8109	329.59	80.6394	329.59	82.3157	329.59	80.6178	329.59	81.8068	329.59	80.6242	329.59	81.3155	329.59	80.6477	329.59	80.8963	329.59	80.6891	329.59	80.6127	329.59	80.7444	329.59	80.501	329.59	80.7933	329.59	80.5382	329.59	80.8046	329.59	80.6497	329.59	80.7547
341.309	85.5752	341.309	85.3888	341.309	85.6222	341.309	85.0657	341.309	85.53	341.309	84.6102	341.309	85.303	341.309	84.0262	341.309	84.9515	341.309	83.3176	341.309	84.4911	341.309	82.4911	341.309	83.9407	341.309	81.5649	341.309	83.3195	341.309	80.5886	341.309	82.6471	341.309	79.6747	341.309	81.9538	341.309	79.0188	341.309	81.3062	341.309	78.834	341.309	80.8316	341.309	79.1806	341.309	80.6852	341.309	79.8956	341.309	80.926	341.309	80.7358	341.309	81.4351	341.309	81.5191	341.309	82.0042	341.309	82.1458	341.309	82.4659	341.309	82.569	341.309	82.7312	341.309	82.7671
353.027	85.2255	353.027	85.0236	353.027	85.2985	353.027	84.7016	353.027	85.2386	353.027	84.2702	353.027	85.0483	353.027	83.7402	353.027	84.7382	353.027	83.1222	353.027	84.3256	353.027	82.4281	353.027	83.8324	353.027	81.673	353.027	83.2798	353.027	80.8796	353.027	82.6815	353.027	80.0866	353.027	82.04	353.027	79.3642	353.027	81.3539	353.027	78.8318	353.027	80.6516	353.027	78.6415	353.027	80.0468	353.027	78.8835	353.027	79.7531	353.027	79.4847	353.027	79.9303	353.027	80.2409	353.027	80.4717	353.027	80.9411	353.027	81.0816	353.027	81.4352	353.027	81.5103	353.027	81.6366
366.211	85.7672	366.211	85.5284	366.211	85.8625	366.211	85.1556	366.211	85.809	366.211	84.6601	366.211	85.6052	366.211	84.0518	366.211	85.2519	366.211	83.3363	366.211	84.7507	366.211	82.5172	366.211	84.1048	366.211	81.6027	366.211	83.3269	366.211	80.6202	366.211	82.4541	366.211	79.6357	366.211	81.5667	366.211	78.7743	366.211	80.7904	366.211	78.2153	366.211	80.2501	366.211	78.1166	366.211	79.9969	366.211	78.4912	366.211	79.9992	366.211	79.1793	366.211	80.2017	366.211	79.9567	366.211	80.5433	366.211	80.6373	366.211	80.9252	366.211	81.1021	366.211	81.2143	366.211	81.2941
379.395	85.1621	379.395	84.9507	379.395	85.2795	379.395	84.6595	379.395	85.2971	379.395	84.3047	379.395	85.2177	379.395	83.8961	379.395	85.0488	379.395	83.4286	379.395	84.7935	379.395	82.8809	379.395	84.4398	379.395	82.2212	379.395	83.955	379.395	81.4194	379.395	83.2876	379.395	80.4657	379.395	82.3841	379.395	79.4049	379.395	81.2276	379.395	78.3997	379.395	79.9294	379.395	77.7814	379.395	78.8783	379.395	77.8884	379.395	78.6585	379.395	78.6806	379.395	79.3516	379.395	79.7609	379.395	80.3844	379.395	80.7606	379.395	81.2534	379.395	81.4784	379.395	81.7498	379.395	81.822
392.578	84.3667	392.578	84.1781	392.578	84.4166	392.578	83.8812	392.578	84.3208	392.578	83.5194	392.578	84.0997	392.578	83.1349	392.578	83.7999	392.578	82.7525	392.578	83.4801	392.578	82.3693	392.578	83.1839	392.578	81.9551	392.578	82.9083	392.578	81.4621	392.578	82.5906	392.578	80.8373	392.578	82.124	392.578	80.0382	392.578	81.3879	392.578	79.0668	392.578	80.2863	392.578	78.0446	392.578	78.8299	392.578	77.3156	392.578	77.3683	392.578	77.32	392.578	76.7973	392.578	78.0583	392.578	77.553	392.578	79.0275	392.578	78.7764	392.578	79.7591	392.578	79.6793	392.578	80.0099
405.762	84.8467	405.762	84.5528	405.762	84.9262	405.762	84.0735	405.762	84.7828	405.762	83.4582	405.762	84.4289	405.762	82.7729	405.762	83.9001	405.762	82.0901	405.762	83.2585	405.762	81.4688	405.762	82.5928	405.762	80.9335	405.762	82	405.762	80.4652	405.762	81.5404	405.762	80.014	405.762	81.1909	405.762	79.5251	405.762	80.8474	405.762	78.9709	405.762	80.3801	405.762	78.3865	405.762	79.7002	405.762	77.8999	405.762	78.8315	405.762	77.6957	405.762	77.9978	405.762	77.8543	405.762	77.5916	405.762	78.2225	405.762	77.7785	405.762	78.5228	405.762	78.2338	405.762	78.5425
420.41	85.0783	420.41	84.8047	420.41	85.1878	420.41	84.4004	420.41	85.1252	420.41	83.9184	420.41	84.9072	420.41	83.417	420.41	84.5721	420.41	82.9366	420.41	84.1737	420.41	82.4817	420.41	83.7687	420.41	82.0194	420.41	83.3931	420.41	81.4933	420.41	83.0358	420.41	80.8413	420.41	82.6297	420.41	80.011	420.41	82.0681	420.41	78.9877	420.41	81.2382	420.41	77.8645	420.41	80.068	420.41	76.9612	420.41	78.6301	420.41	76.7622	420.41	77.3608	420.41	77.3552	420.41	77.0229	420.41	78.2277	420.41	77.681	420.41	78.8552	420.41	78.527	420.41	78.9747
435.059	85.622	435.059	85.1924	435.059	85.7764	435.059	84.5081	435.059	85.6517	435.059	83.6211	435.059	85.255	435.059	82.6361	435.059	84.6094	435.059	81.7241	435.059	83.775	435.059	81.0814	435.059	82.8858	435.059	80.8115	435.059	82.1703	435.059	80.8393	435.059	81.8593	435.059	80.9756	435.059	81.9697	435.059	81.0362	435.059	82.2556	435.059	80.8962	435.059	82.4126	435.059	80.4957	435.059	82.23	435.059	79.8507	435.059	81.6129	435.059	79.0821	435.059	80.5911	435.059	78.4159	435.059	79.3792	435.059	78.0418	435.059	78.392	435.059	77.9191	435.059	77.9401	435.059	77.8783
451.172	86.6428	451.172	86.2139	451.172	86.8064	451.172	85.5289	451.172	86.7034	451.172	84.6064	451.172	86.3375	451.172	83.4798	451.172	85.7159	451.172	82.2122	451.172	84.8504	451.172	80.9243	451.172	83.7686	451.172	79.8209	451.172	82.5479	451.172	79.1373	451.172	81.3786	451.172	78.9581	451.172	80.5845	451.172	79.1172	451.172	80.4064	451.172	79.3573	451.172	80.6914	451.172	79.5111	451.172	81.0425	451.172	79.5459	451.172	81.1702	451.172	79.5285	451.172	80.9957	451.172	79.5528	451.172	80.617	451.172	79.6513	451.172	80.2326	451.172	79.7744	451.172	79.9911	451.172	79.8737
465.82	86.6604	465.82	86.3812	465.82	86.7166	465.82	85.8656	465.82	86.5623	465.82	85.1013	465.82	86.2058	465.82	84.0771	465.82	85.6477	465.82	82.7863	465.82	84.8823	465.82	81.2478	465.82	83.9027	465.82	79.5769	465.82	82.7206	465.82	78.1294	465.82	81.4187	465.82	77.4887	465.82	80.2497	465.82	77.8321	465.82	79.6545	465.82	78.628	465.82	79.8716	465.82	79.3449	465.82	80.5616	465.82	79.7783	465.82	81.2101	465.82	79.9373	465.82	81.53	465.82	79.933	465.82	81.464	465.82	79.9088	465.82	81.1052	465.82	79.9849	465.82	80.6332	465.82	80.2272
483.398	86.4664	483.398	86.1256	483.398	86.6756	483.398	85.6979	483.398	86.7143	483.398	85.2111	483.398	86.561	483.398	84.6535	483.398	86.2092	483.398	83.9656	483.398	85.6556	483.398	83.047	483.398	84.8854	483.398	81.7639	483.398	83.8607	483.398	79.9507	483.398	82.5163	483.398	77.4451	483.398	80.7759	483.398	74.5071	483.398	78.6784	483.398	73.5623	483.398	76.9709	483.398	76.042	483.398	77.4693	483.398	78.8811	483.398	79.7759	483.398	81.0554	483.398	82.0299	483.398	82.6325	483.398	83.6372	483.398	83.7562	483.398	84.5889	483.398	84.5152	483.398	84.9864	483.398	84.9358
499.512	85.3992	499.512	84.9659	499.512	85.6566	499.512	84.4037	499.512	85.738	499.512	83.8053	499.512	85.6748	499.512	83.2748	499.512	85.5074	499.512	82.865	499.512	85.2628	499.512	82.5298	499.512	84.9402	499.512	82.1393	499.512	84.5079	499.512	81.5285	499.512	83.9112	499.512	80.5226	499.512	83.0754	499.512	78.9308	499.512	81.8956	499.512	76.5696	499.512	80.2252	499.512	73.8116	499.512	78.0023	499.512	73.6981	499.512	76.1663	499.512	76.884	499.512	77.2427	499.512	79.9044	499.512	79.9811	499.512	82.0023	499.512	82.145	499.512	83.2472	499.512	83.3618	499.512	83.7041
517.09	85.9391	517.09	85.401	517.09	86.1551	517.09	84.5698	517.09	86.0637	517.09	83.5391	517.09	85.7137	517.09	82.4885	517.09	85.1877	517.09	81.6553	517.09	84.5985	517.09	81.1937	517.09	84.0617	517.09	81.0335	517.09	83.6373	517.09	80.9391	517.09	83.2819	517.09	80.6628	517.09	82.8685	517.09	80.0019	517.09	82.2493	517.09	78.7833	517.09	81.3035	517.09	76.9079	517.09	79.9834	517.09	74.8596	517.09	78.4857	517.09	74.8346	517.09	77.6545	517.09	77.2268	517.09	78.4	517.09	79.5823	517.09	79.9479	517.09	81.0426	517.09	81.1444	517.09	81.5478
536.133	86.4565	536.133	85.9897	536.133	86.5802	536.133	85.1833	536.133	86.3658	536.133	84.0567	536.133	85.8218	536.133	82.6656	536.133	84.9647	536.133	81.1495	536.133	83.8426	536.133	79.7955	536.133	82.5942	536.133	78.9753	536.133	81.5171	536.133	78.8007	536.133	80.9649	536.133	78.9568	536.133	80.9569	536.133	79.0343	536.133	81.0778	536.133	78.7796	536.133	80.8747	536.133	78.119	536.133	80.1211	536.133	77.2473	536.133	78.9827	536.133	76.8656	536.133	78.3272	536.133	77.7051	536.133	79.0012	536.133	79.266	536.133	80.2748	536.133	80.6028	536.133	81.1485	536.133	81.2707
555.176	86.4669	555.176	86.0093	555.176	86.6543	555.176	85.2875	555.176	86.5754	555.176	84.3217	555.176	86.2359	555.176	83.1463	555.176	85.6363	555.176	81.8136	555.176	84.7737	555.176	80.413	555.176	83.6577	555.176	79.1023	555.176	82.3498	555.176	78.0914	555.176	81.0401	555.176	77.4924	555.176	80.083	555.176	77.163	555.176	79.7241	555.176	76.8151	555.176	79.6941	555.176	76.2878	555.176	79.4318	555.176	75.8203	555.176	78.5787	555.176	76.1218	555.176	77.378	555.176	77.4449	555.176	77.1062	555.176	79.0139	555.176	78.3593	555.176	80.0959	555.176	79.747	555.176	80.3743
574.219	86.6057	574.219	86.1412	574.219	86.8071	574.219	85.4243	574.219	86.7487	574.219	84.4849	574.219	86.4405	574.219	83.3701	574.219	85.893	574.219	82.136	574.219	85.1139	574.219	80.8362	574.219	84.1048	574.219	79.528	574.219	82.8678	574.219	78.2993	574.219	81.4454	574.219	77.2627	574.219	80.0226	574.219	76.4423	574.219	78.9986	574.219	75.6669	574.219	78.6318	574.219	74.7228	574.219	78.5366	574.219	73.8721	574.219	78.1266	574.219	74.3573	574.219	77.4147	574.219	76.4872	574.219	77.4354	574.219	78.7364	574.219	78.739	574.219	80.2062	574.219	80.1166	574.219	80.6743
594.727	86.0056	594.727	85.5468	594.727	86.1946	594.727	84.8257	594.727	86.1248	594.727	83.8764	594.727	85.8204	594.727	82.7709	594.727	85.3201	594.727	81.62	594.727	84.6785	594.727	80.5399	594.727	83.9555	594.727	79.5868	594.727	83.185	594.727	78.7381	594.727	82.3351	594.727	77.9575	594.727	81.3089	594.727	77.2301	594.727	80.0453	594.727	76.4679	594.727	78.7494	594.727	75.4334	594.727	77.9931	594.727	73.9621	594.727	77.996	594.727	72.8067	594.727	78.2119	594.727	73.8168	594.727	78.3006	594.727	76.1109	594.727	78.4354	594.727	77.8498	594.727	78.6778	594.727	78.6355
615.234	86.5971	615.234	86.1195	615.234	86.7777	615.234	85.359	615.234	86.6578	615.234	84.3438	615.234	86.2479	615.234	83.1296	615.234	85.5794	615.234	81.8227	615.234	84.7093	615.234	80.5853	615.234	83.7248	615.234	79.559	615.234	82.7459	615.234	78.738	615.234	81.8952	615.234	77.9907	615.234	81.2253	615.234	77.2315	615.234	80.6803	615.234	76.4519	615.234	80.1274	615.234	75.5368	615.234	79.3497	615.234	74.2233	615.234	78.0685	615.234	72.7326	615.234	76.3684	615.234	72.9818	615.234	75.687	615.234	75.3674	615.234	76.9469	615.234	77.5115	615.234	78.2585	615.234	78.5069
637.207	87.5015	637.207	86.99	637.207	87.685	637.207	86.1502	637.207	87.5601	637.207	84.9938	637.207	87.1603	637.207	83.5423	637.207	86.5115	637.207	81.8608	637.207	85.6094	637.207	80.1538	637.207	84.4212	637.207	78.8241	637.207	82.9304	637.207	78.1626	637.207	81.255	637.207	77.9373	637.207	79.847	637.207	77.7219	637.207	79.3528	637.207	77.2986	637.207	79.6816	637.207	76.5923	637.207	79.9984	637.207	75.5801	637.207	79.6807	637.207	74.7084	637.207	78.7101	637.207	75.4116	637.207	78.1309	637.207	77.644	637.207	79.0372	637.207	79.6216	637.207	80.2407	637.207	80.5307
659.18	86.7211	659.18	86.3701	659.18	86.7944	659.18	85.7536	659.18	86.5973	659.18	84.8941	659.18	86.1558	659.18	83.8012	659.18	85.5171	659.18	82.4444	659.18	84.7553	659.18	80.7619	659.18	83.957	659.18	78.7753	659.18	83.1586	659.18	76.9158	659.18	82.252	659.18	76.1444	659.18	80.9487	659.18	76.5602	659.18	78.878	659.18	77.0508	659.18	76.1655	659.18	76.792	659.18	75.3658	659.18	75.3643	659.18	77.2326	659.18	72.771	659.18	78.428	659.18	71.7995	659.18	78.2882	659.18	74.6795	659.18	77.7541	659.18	77.1336	659.18	77.8956	659.18	78.0614
682.617	86.7811	682.617	86.3834	682.617	86.9039	682.617	85.7254	682.617	86.7883	682.617	84.8686	682.617	86.481	682.617	83.8846	682.617	85.9855	682.617	82.8183	682.617	85.2597	682.617	81.6799	682.617	84.2853	682.617	80.4609	682.617	83.168	682.617	79.1427	682.617	82.1903	682.617	77.7482	682.617	81.6163	682.617	76.5263	682.617	81.2949	682.617	75.9699	682.617	80.7327	682.617	76.0319	682.617	79.4909	682.617	75.8311	682.617	77.3308	682.617	74.6107	682.617	74.7759	682.617	73.0555	682.617	74.8159	682.617	74.4961	682.617	77.2472	682.617	77.3622	682.617	78.8629	682.617	78.9282
707.52	86.5587	707.52	86.1502	707.52	86.7156	707.52	85.5508	707.52	86.6004	707.52	84.8192	707.52	86.2334	707.52	83.9677	707.52	85.6498	707.52	82.9706	707.52	84.8792	707.52	81.8402	707.52	83.9398	707.52	80.7029	707.52	82.8584	707.52	79.7346	707.52	81.7281	707.52	78.9607	707.52	80.7459	707.52	78.265	707.52	80.1061	707.52	77.6052	707.52	79.8209	707.52	76.9396	707.52	79.6459	707.52	75.8878	707.52	79.1617	707.52	73.8708	707.52	78.1419	707.52	71.8406	707.52	77.2229	707.52	73.7721	707.52	77.5723	707.52	76.8008	707.52	78.4236	707.52	78.3562
732.422	86.1838	732.422	85.9959	732.422	86.099	732.422	85.4981	732.422	85.8	732.422	84.6965	732.422	85.345	732.422	83.6652	732.422	84.7731	732.422	82.5473	732.422	84.0891	732.422	81.4614	732.422	83.2528	732.422	80.3748	732.422	82.199	732.422	79.1811	732.422	80.9263	732.422	77.9555	732.422	79.6459	732.422	77.1007	732.422	78.7771	732.422	77.0363	732.422	78.5339	732.422	77.5096	732.422	78.6851	732.422	77.6994	732.422	78.7747	732.422	76.8393	732.422	78.2374	732.422	74.517	732.422	76.8711	732.422	72.4545	732.422	75.9706	732.422	74.4333	732.422	76.5248	732.422	76.4156
757.324	86.464	757.324	86.3351	757.324	86.2949	757.324	85.9203	757.324	85.8521	757.324	85.215	757.324	85.2288	757.324	84.199	757.324	84.551	757.324	82.9166	757.324	83.89	757.324	81.5366	757.324	83.1916	757.324	80.2252	757.324	82.2976	757.324	78.9362	757.324	81.0527	757.324	77.5549	757.324	79.4552	757.324	76.2936	757.324	77.8702	757.324	75.7002	757.324	77.0128	757.324	75.8715	757.324	76.8858	757.324	76.1151	757.324	76.4946	757.324	75.752	757.324	75.2793	757.324	74.9352	757.324	74.3796	757.324	75.2969	757.324	75.7747	757.324	77.0296	757.324	77.6051	757.324	78.0875
785.156	86.0703	785.156	86.1109	785.156	85.668	785.156	85.7776	785.156	85.0268	785.156	85.1249	785.156	84.3271	785.156	84.194	785.156	83.6954	785.156	83.0021	785.156	83.1592	785.156	81.6517	785.156	82.6669	785.156	80.4325	785.156	82.0921	785.156	79.6248	785.156	81.2791	785.156	79.0574	785.156	80.1645	785.156	78.274	785.156	78.8004	785.156	77.3311	785.156	77.4024	785.156	77.0027	785.156	77.1215	785.156	77.1121	785.156	78.2226	785.156	76.2812	785.156	78.3382	785.156	73.538	785.156	76.6447	785.156	71.608	785.156	76.1931	785.156	75.4569	785.156	77.9065	785.156	77.9925
811.523	86.2177	811.523	86.2371	811.523	85.993	811.523	86.0467	811.523	85.4694	811.523	85.5347	811.523	84.6158	811.523	84.584	811.523	83.6097	811.523	83.1501	811.523	82.7593	811.523	81.2772	811.523	82.1744	811.523	79.1332	811.523	81.6041	811.523	77.2449	811.523	80.772	811.523	76.5332	811.523	79.6873	811.523	76.8983	811.523	78.3632	811.523	77.2647	811.523	76.275	811.523	77.3073	811.523	73.5063	811.523	77.4656	811.523	74.8302	811.523	77.4627	811.523	77.4884	811.523	76.1337	811.523	77.6945	811.523	73.5159	811.523	75.9187	811.523	73.215	811.523	74.5933	811.523	74.3964
840.82	86.5992	840.82	86.8999	840.82	85.9425	840.82	86.7594	840.82	85.0316	840.82	86.1554	840.82	83.9488	840.82	85.1202	840.82	82.8329	840.82	83.7226	840.82	81.93	840.82	82.0475	840.82	81.3961	840.82	80.1606	840.82	81.0818	840.82	78.2755	840.82	80.6575	840.82	77.1068	840.82	79.804	840.82	77.0574	840.82	78.4069	840.82	77.4421	840.82	77.2673	840.82	77.7746	840.82	77.3232	840.82	77.8528	840.82	77.0529	840.82	77.0997	840.82	75.2801	840.82	75.012	840.82	72.8738	840.82	72.9929	840.82	72.6685	840.82	73.9149	840.82	74.3659	840.82	75.0122
870.117	86.9842	870.117	86.9035	870.117	86.6938	870.117	86.6559	870.117	85.8075	870.117	86.2542	870.117	84.3142	870.117	85.5995	870.117	82.5321	870.117	84.6306	870.117	80.9857	870.117	83.2811	870.117	80.0904	870.117	81.2869	870.117	79.8902	870.117	78.1659	870.117	79.9991	870.117	73.8995	870.117	80.0388	870.117	72.2438	870.117	79.5955	870.117	74.3814	870.117	77.8683	870.117	76.2368	870.117	75.2513	870.117	77.6367	870.117	76.4018	870.117	78.3462	870.117	77.6703	870.117	77.5564	870.117	75.2784	870.117	75.2136	870.117	70.6439	870.117	74.7054	870.117	74.1143	870.117	75.8209
900.879	87.6855	900.879	87.8864	900.879	86.9071	900.879	87.5334	900.879	85.6625	900.879	86.7648	900.879	84.1761	900.879	85.7417	900.879	82.7296	900.879	84.5361	900.879	81.5315	900.879	83.1387	900.879	80.5525	900.879	81.5803	900.879	79.5033	900.879	79.9734	900.879	78.2112	900.879	78.3646	900.879	77.2776	900.879	76.7005	900.879	77.3985	900.879	75.3929	900.879	77.5877	900.879	75.533	900.879	76.6177	900.879	76.5046	900.879	75.0312	900.879	76.669	900.879	75.3038	900.879	75.6538	900.879	75.4578	900.879	74.6963	900.879	74.0342	900.879	75.2089	900.879	74.2581	900.879	75.4682
933.105	88.156	933.105	88.3777	933.105	87.4783	933.105	88.1505	933.105	86.3722	933.105	87.4455	933.105	85.0003	933.105	86.2156	933.105	83.5697	933.105	84.48	933.105	82.0438	933.105	82.4546	933.105	80.1404	933.105	80.5223	933.105	77.9426	933.105	78.9198	933.105	76.6293	933.105	77.7262	933.105	76.3076	933.105	76.7747	933.105	74.788	933.105	75.6228	933.105	70.8543	933.105	75.2496	933.105	72.5345	933.105	76.97	933.105	76.1873	933.105	78.3242	933.105	76.6722	933.105	77.5896	933.105	74.5913	933.105	74.7934	933.105	71.5726	933.105	73.6725	933.105	73.2079	933.105	74.6227
965.332	88.1083	965.332	88.3365	965.332	87.3234	965.332	87.9671	965.332	86.0961	965.332	87.0927	965.332	84.4916	965.332	85.7842	965.332	82.6309	965.332	83.948	965.332	80.8337	965.332	81.3729	965.332	79.3657	965.332	77.847	965.332	77.7174	965.332	73.8375	965.332	75.0678	965.332	72.1837	965.332	73.6142	965.332	72.8221	965.332	75.3016	965.332	73.3217	965.332	75.671	965.332	73.7299	965.332	72.5859	965.332	75.2022	965.332	61.3061	965.332	76.9463	965.332	69.0348	965.332	77.338	965.332	72.6244	965.332	76.3471	965.332	69.9724	965.332	75.0029	965.332	67.9473	965.332	72.9105
1,000.49	87.5621	1,000.49	87.4342	1,000.49	86.9943	1,000.49	86.6831	1,000.49	85.9375	1,000.49	85.5415	1,000.49	84.7214	1,000.49	84.1125	1,000.49	83.3483	1,000.49	82.1922	1,000.49	81.5271	1,000.49	79.5362	1,000.49	79.1865	1,000.49	76.2592	1,000.49	76.3025	1,000.49	73.0629	1,000.49	72.6563	1,000.49	70.9998	1,000.49	68.9097	1,000.49	70.0808	1,000.49	68.0816	1,000.49	69.5172	1,000.49	69.092	1,000.49	70.1566	1,000.49	70.073	1,000.49	72.9455	1,000.49	70.7783	1,000.49	74.2715	1,000.49	70.4596	1,000.49	73.2992	1,000.49	70.8248	1,000.49	71.4994	1,000.49	70.6263	1,000.49	70.8681	1,000.49	69.3751	1,000.49	70.0858
1,035.64	86.1433	1,035.64	85.794	1,035.64	85.8928	1,035.64	84.6444	1,035.64	85.2342	1,035.64	82.7813	1,035.64	84.2511	1,035.64	80.7406	1,035.64	82.7573	1,035.64	78.9497	1,035.64	80.3861	1,035.64	77.4641	1,035.64	77.442	1,035.64	76.7704	1,035.64	75.4096	1,035.64	76.777	1,035.64	74.6731	1,035.64	75.9454	1,035.64	72.9324	1,035.64	73.4443	1,035.64	68.7045	1,035.64	71.8227	1,035.64	70.2517	1,035.64	71.54	1,035.64	73.1841	1,035.64	71.6781	1,035.64	72.9835	1,035.64	72.4695	1,035.64	70.561	1,035.64	71.504	1,035.64	69.8931	1,035.64	70.4729	1,035.64	72.5593	1,035.64	71.5953	1,035.64	73.1948	1,035.64	72.3976
1,072.27	85.1696	1,072.27	85.0032	1,072.27	85.3907	1,072.27	84.4536	1,072.27	85.4729	1,072.27	83.1301	1,072.27	84.8398	1,072.27	81.0942	1,072.27	83.31	1,072.27	78.8795	1,072.27	81.5328	1,072.27	77.2065	1,072.27	80.4571	1,072.27	76.9127	1,072.27	79.7203	1,072.27	77.8514	1,072.27	78.3212	1,072.27	78.1198	1,072.27	76.2235	1,072.27	76.8928	1,072.27	75.0202	1,072.27	74.9735	1,072.27	73.9785	1,072.27	72.2322	1,072.27	72.1207	1,072.27	69.6795	1,072.27	74.4307	1,072.27	72.6022	1,072.27	76.476	1,072.27	74.1111	1,072.27	75.5081	1,072.27	72.6011	1,072.27	72.4442	1,072.27	72.2999	1,072.27	72.3533	1,072.27	73.2988
1,108.89	85.3882	1,108.89	84.9092	1,108.89	85.7856	1,108.89	84.3217	1,108.89	85.59	1,108.89	83.0676	1,108.89	84.6258	1,108.89	80.9155	1,108.89	83.3063	1,108.89	78.3549	1,108.89	82.118	1,108.89	76.3907	1,108.89	81.1661	1,108.89	75.7164	1,108.89	80.5374	1,108.89	75.9622	1,108.89	79.5671	1,108.89	76.2584	1,108.89	77.3589	1,108.89	76.1651	1,108.89	75.284	1,108.89	75.5214	1,108.89	75.0965	1,108.89	74.309	1,108.89	74.0501	1,108.89	73.4078	1,108.89	72.0792	1,108.89	73.1687	1,108.89	72.9325	1,108.89	72.204	1,108.89	75.6325	1,108.89	70.5824	1,108.89	73.5275	1,108.89	72.2556	1,108.89	70.9747	1,108.89	73.848
1,148.44	85.8368	1,148.44	85.1647	1,148.44	86.2631	1,148.44	84.664	1,148.44	85.9734	1,148.44	83.874	1,148.44	85.2634	1,148.44	82.5252	1,148.44	84.5134	1,148.44	81.0896	1,148.44	83.4806	1,148.44	79.9005	1,148.44	81.9241	1,148.44	78.0253	1,148.44	80.2463	1,148.44	74.9911	1,148.44	78.4832	1,148.44	74.2834	1,148.44	75.7174	1,148.44	75.0046	1,148.44	73.7346	1,148.44	74.9113	1,148.44	73.6164	1,148.44	74.0017	1,148.44	72.8902	1,148.44	71.5918	1,148.44	75.5616	1,148.44	71.9426	1,148.44	75.2382	1,148.44	74.3025	1,148.44	73.9648	1,148.44	73.3223	1,148.44	74.8577	1,148.44	71.7313	1,148.44	73.3872	1,148.44	71.58
1,189.45	86.378	1,189.45	85.9688	1,189.45	86.3839	1,189.45	85.2883	1,189.45	86.2433	1,189.45	84.473	1,189.45	86.0929	1,189.45	83.5588	1,189.45	85.5414	1,189.45	82.6052	1,189.45	84.3173	1,189.45	81.3503	1,189.45	82.5663	1,189.45	79.1988	1,189.45	81.0798	1,189.45	75.7871	1,189.45	80.3635	1,189.45	70.7886	1,189.45	78.7869	1,189.45	69.2463	1,189.45	74.1821	1,189.45	74.2468	1,189.45	71.1116	1,189.45	76.3292	1,189.45	73.6287	1,189.45	76.3708	1,189.45	73.598	1,189.45	76.5822	1,189.45	72.6219	1,189.45	76.2224	1,189.45	75.7168	1,189.45	74.0091	1,189.45	75.3009	1,189.45	73.7975	1,189.45	71.6874	1,189.45	73.6424
1,230.47	86.7699	1,230.47	86.1275	1,230.47	86.9504	1,230.47	85.5197	1,230.47	86.7406	1,230.47	85.0439	1,230.47	86.5435	1,230.47	84.3414	1,230.47	85.8661	1,230.47	83.0784	1,230.47	84.1776	1,230.47	80.96	1,230.47	81.7424	1,230.47	78.2705	1,230.47	79.7869	1,230.47	76.1174	1,230.47	79.3901	1,230.47	73.7792	1,230.47	78.8549	1,230.47	68.1907	1,230.47	76.2971	1,230.47	66.8966	1,230.47	73.7166	1,230.47	71.8631	1,230.47	70.1884	1,230.47	72.2004	1,230.47	71.4349	1,230.47	73.1236	1,230.47	75.3093	1,230.47	73.3263	1,230.47	75.741	1,230.47	70.4814	1,230.47	75.6261	1,230.47	71.5378	1,230.47	73.699	1,230.47	72.6874
1,274.41	86.8675	1,274.41	86.6443	1,274.41	86.7395	1,274.41	85.7395	1,274.41	87.1784	1,274.41	85.0087	1,274.41	87.1786	1,274.41	84.522	1,274.41	85.9575	1,274.41	83.3783	1,274.41	84.1598	1,274.41	81.7393	1,274.41	82.2309	1,274.41	79.9277	1,274.41	80.1334	1,274.41	77.0367	1,274.41	79.4598	1,274.41	75.0293	1,274.41	79.4089	1,274.41	75.3112	1,274.41	76.8661	1,274.41	73.5305	1,274.41	73.9571	1,274.41	74.3396	1,274.41	74.2614	1,274.41	75.8783	1,274.41	75.0135	1,274.41	75.9409	1,274.41	73.9578	1,274.41	75.5247	1,274.41	75.0498	1,274.41	72.4605	1,274.41	74.1995	1,274.41	70.9487	1,274.41	72.0142	1,274.41	72.9955
1,319.82	86.0536	1,319.82	86.1517	1,319.82	86.5569	1,319.82	85.81	1,319.82	87.2179	1,319.82	84.9052	1,319.82	86.8814	1,319.82	83.9499	1,319.82	85.8166	1,319.82	82.7841	1,319.82	84.4271	1,319.82	81.7584	1,319.82	82.1983	1,319.82	81.2505	1,319.82	79.3498	1,319.82	79.3236	1,319.82	77.9815	1,319.82	74.6396	1,319.82	77.9186	1,319.82	68.8979	1,319.82	76.1347	1,319.82	69.2211	1,319.82	73.9205	1,319.82	72.7173	1,319.82	73.4845	1,319.82	74.9901	1,319.82	71.4214	1,319.82	76.1307	1,319.82	71.4244	1,319.82	75.4712	1,319.82	76.093	1,319.82	71.1653	1,319.82	76.1885	1,319.82	66.7049	1,319.82	73.0849	1,319.82	71.1944
1,366.7	85.606	1,366.7	85.3866	1,366.7	85.9506	1,366.7	85.0133	1,366.7	86.6881	1,366.7	85.0789	1,366.7	86.5937	1,366.7	85.0277	1,366.7	85.1779	1,366.7	83.6181	1,366.7	83.0639	1,366.7	80.536	1,366.7	80.526	1,366.7	77.6099	1,366.7	78.2233	1,366.7	76.6322	1,366.7	77.2989	1,366.7	76.0104	1,366.7	77.1966	1,366.7	74.185	1,366.7	76.0002	1,366.7	71.6401	1,366.7	72.7264	1,366.7	70.4437	1,366.7	67.0646	1,366.7	66.7395	1,366.7	72.2787	1,366.7	72.7706	1,366.7	74.5055	1,366.7	74.7413	1,366.7	73.5811	1,366.7	69.5843	1,366.7	73.9459	1,366.7	66.9109	1,366.7	72.7211	1,366.7	71.5271
1,413.57	85.367	1,413.57	84.9017	1,413.57	86.2831	1,413.57	84.8469	1,413.57	86.307	1,413.57	84.1926	1,413.57	85.4082	1,413.57	83.2606	1,413.57	84.1538	1,413.57	82.1856	1,413.57	82.1016	1,413.57	80.0769	1,413.57	79.5324	1,413.57	77.528	1,413.57	76.8631	1,413.57	76.3598	1,413.57	73.5428	1,413.57	77.4792	1,413.57	73.532	1,413.57	78.2769	1,413.57	75.4289	1,413.57	75.5435	1,413.57	73.0973	1,413.57	73.3314	1,413.57	69.2743	1,413.57	72.1472	1,413.57	73.2861	1,413.57	72.6073	1,413.57	67.8173	1,413.57	74.9613	1,413.57	72.882	1,413.57	73.0476	1,413.57	75.1941	1,413.57	64.2106	1,413.57	68.5215	1,413.57	67.7272
1,463.38	85.5598	1,463.38	84.4227	1,463.38	86.0402	1,463.38	83.5856	1,463.38	85.8534	1,463.38	83.2246	1,463.38	84.9994	1,463.38	82.5649	1,463.38	82.9236	1,463.38	81.3066	1,463.38	79.8804	1,463.38	79.1434	1,463.38	77.4156	1,463.38	77.2362	1,463.38	76.2863	1,463.38	76.0678	1,463.38	74.9019	1,463.38	74.8433	1,463.38	73.5746	1,463.38	74.8698	1,463.38	71.9256	1,463.38	73.6856	1,463.38	69.2756	1,463.38	72.9438	1,463.38	70.8411	1,463.38	70.9893	1,463.38	68.5231	1,463.38	68.6338	1,463.38	65.8597	1,463.38	73.2483	1,463.38	70.6571	1,463.38	70.709	1,463.38	72.4406	1,463.38	57.1541	1,463.38	70.5403	1,463.38	59.9996
1,516.11	85.9997	1,516.11	84.6641	1,516.11	86.3667	1,516.11	83.1823	1,516.11	85.6846	1,516.11	82.1333	1,516.11	84.2128	1,516.11	80.9392	1,516.11	81.707	1,516.11	79.9061	1,516.11	78.2022	1,516.11	78.8762	1,516.11	75.6661	1,516.11	76.6701	1,516.11	74.8682	1,516.11	75.2263	1,516.11	73.6072	1,516.11	73.3933	1,516.11	70.2075	1,516.11	70.1425	1,516.11	69.1396	1,516.11	69.4804	1,516.11	69.7115	1,516.11	71.0646	1,516.11	68.7909	1,516.11	71.298	1,516.11	56.0956	1,516.11	67.4557	1,516.11	69.2582	1,516.11	70.6021	1,516.11	70.0793	1,516.11	72.0908	1,516.11	72.0931	1,516.11	67.711	1,516.11	69.6357	1,516.11	63.8293
1,568.85	85.8745	1,568.85	84.6742	1,568.85	86.0241	1,568.85	82.6467	1,568.85	85.3254	1,568.85	81.3297	1,568.85	83.2112	1,568.85	80.1155	1,568.85	79.8157	1,568.85	79.044	1,568.85	76.7226	1,568.85	78.256	1,568.85	73.7029	1,568.85	75.689	1,568.85	72.3269	1,568.85	73.9426	1,568.85	73.7758	1,568.85	72.9954	1,568.85	73.1479	1,568.85	70.7879	1,568.85	72.3483	1,568.85	68.3577	1,568.85	69.4198	1,568.85	69.8688	1,568.85	63.6413	1,568.85	71.7974	1,568.85	64.4148	1,568.85	70.3794	1,568.85	66.8898	1,568.85	71.0771	1,568.85	65.0843	1,568.85	69.0979	1,568.85	71.6895	1,568.85	62.1188	1,568.85	69.4869	1,568.85	63.1255
1,624.51	84.6624	1,624.51	84.0648	1,624.51	85.0649	1,624.51	82.1546	1,624.51	84.6486	1,624.51	80.0086	1,624.51	81.9732	1,624.51	79.0889	1,624.51	78.2832	1,624.51	77.7027	1,624.51	75.4112	1,624.51	76.0351	1,624.51	71.3439	1,624.51	73.5134	1,624.51	67.9404	1,624.51	72.2319	1,624.51	70.799	1,624.51	71.7695	1,624.51	72.1492	1,624.51	70.157	1,624.51	70.1996	1,624.51	66.1676	1,624.51	67.8205	1,624.51	64.855	1,624.51	64.788	1,624.51	70.7915	1,624.51	67.7055	1,624.51	70.3448	1,624.51	61.4626	1,624.51	68.4295	1,624.51	64.9029	1,624.51	65.2447	1,624.51	70.122	1,624.51	56.8979	1,624.51	66.2997	1,624.51	59.4609
1,681.64	84.451	1,681.64	82.9771	1,681.64	84.4703	1,681.64	80.372	1,681.64	83.2202	1,681.64	78.0278	1,681.64	80.4911	1,681.64	76.542	1,681.64	75.6845	1,681.64	75.8221	1,681.64	73.093	1,681.64	75.971	1,681.64	73.9404	1,681.64	74.2341	1,681.64	72.1638	1,681.64	70.0398	1,681.64	69.4109	1,681.64	65.3665	1,681.64	70.0652	1,681.64	64.1828	1,681.64	70.8566	1,681.64	66.6945	1,681.64	70.6877	1,681.64	66.7852	1,681.64	67.5535	1,681.64	68.8464	1,681.64	67.8186	1,681.64	68.6071	1,681.64	60.7397	1,681.64	67.8372	1,681.64	57.1938	1,681.64	64.7624	1,681.64	68.4042	1,681.64	53.3042	1,681.64	68.729	1,681.64	60.6759
1,741.7	85.0628	1,741.7	82.6675	1,741.7	84.9413	1,741.7	78.7392	1,741.7	82.5113	1,741.7	75.6169	1,741.7	77.9767	1,741.7	75.904	1,741.7	71.4779	1,741.7	76.3624	1,741.7	71.7823	1,741.7	75.4154	1,741.7	73.8822	1,741.7	72.9151	1,741.7	74.4155	1,741.7	71.1618	1,741.7	71.9279	1,741.7	72.3135	1,741.7	67.2746	1,741.7	71.6194	1,741.7	68.2045	1,741.7	68.707	1,741.7	68.5487	1,741.7	64.8765	1,741.7	68.8811	1,741.7	69.1549	1,741.7	67.4278	1,741.7	69.7885	1,741.7	59.8771	1,741.7	67.5371	1,741.7	54.6044	1,741.7	65.9379	1,741.7	65.2669	1,741.7	61.4923	1,741.7	67.8455	1,741.7	63.0342
1,803.22	85.3633	1,803.22	83.2898	1,803.22	85.2909	1,803.22	78.3283	1,803.22	82.7531	1,803.22	73.4404	1,803.22	76.6668	1,803.22	74.8423	1,803.22	69.2958	1,803.22	75.0039	1,803.22	72.5759	1,803.22	74.6384	1,803.22	75.3553	1,803.22	73.7022	1,803.22	74.7568	1,803.22	70.9648	1,803.22	72.8949	1,803.22	69.6554	1,803.22	69.6618	1,803.22	67.953	1,803.22	68.0954	1,803.22	63.4461	1,803.22	67.9891	1,803.22	67.8172	1,803.22	66.1745	1,803.22	66.8619	1,803.22	67.6915	1,803.22	68.2081	1,803.22	62.8588	1,803.22	67.7166	1,803.22	60.0805	1,803.22	62.0961	1,803.22	64.9089	1,803.22	44.5263	1,803.22	69.1564	1,803.22	62.7984
1,866.21	84.8799	1,866.21	83.4442	1,866.21	84.9179	1,866.21	78.8592	1,866.21	82.4387	1,866.21	68.9192	1,866.21	75.7311	1,866.21	73.0523	1,866.21	70.1048	1,866.21	74.6364	1,866.21	75.4704	1,866.21	75.4964	1,866.21	76.3209	1,866.21	75.3605	1,866.21	75.6238	1,866.21	73.7826	1,866.21	73.3189	1,866.21	72.6988	1,866.21	70.0742	1,866.21	73.724	1,866.21	68.463	1,866.21	69.8072	1,866.21	68.5648	1,866.21	68.2289	1,866.21	65.7583	1,866.21	68.5153	1,866.21	67.5883	1,866.21	66.9794	1,866.21	63.3768	1,866.21	68.506	1,866.21	55.3987	1,866.21	64.0974	1,866.21	65.2131	1,866.21	49.6432	1,866.21	68.9502	1,866.21	62.8842
1,932.13	84.6912	1,932.13	82.9818	1,932.13	84.0332	1,932.13	76.9237	1,932.13	81.1751	1,932.13	57.2901	1,932.13	73.1737	1,932.13	72.5556	1,932.13	71.8257	1,932.13	76.5581	1,932.13	76.6895	1,932.13	76.2323	1,932.13	77.4761	1,932.13	75.1919	1,932.13	75.9843	1,932.13	74.3634	1,932.13	73.9782	1,932.13	71.4143	1,932.13	72.0361	1,932.13	69.3725	1,932.13	69.4451	1,932.13	70.4868	1,932.13	68.3477	1,932.13	68.1643	1,932.13	66.6102	1,932.13	69.839	1,932.13	67.0101	1,932.13	67.255	1,932.13	65.4274	1,932.13	67.472	1,932.13	61.1686	1,932.13	61.1601	1,932.13	63.6413	1,932.13	54.7835	1,932.13	69.9642	1,932.13	64.2388
1,999.51	85.3589	1,999.51	82.5057	1,999.51	84.4566	1,999.51	75.3263	1,999.51	80.3139	1,999.51	50.4965	1,999.51	69.6911	1,999.51	73.901	1,999.51	75.0544	1,999.51	77.8819	1,999.51	78.4261	1,999.51	77.4539	1,999.51	78.7443	1,999.51	76.2174	1,999.51	76.5879	1,999.51	75.4806	1,999.51	74.1549	1,999.51	73.3131	1,999.51	71.9714	1,999.51	71.5549	1,999.51	66.6814	1,999.51	70.5664	1,999.51	69.6574	1,999.51	66.7725	1,999.51	67.867	1,999.51	69.6149	1,999.51	69.0958	1,999.51	68.0997	1,999.51	67.0501	1,999.51	67.8636	1,999.51	63.325	1,999.51	63.1518	1,999.51	63.3015	1,999.51	53.9721	1,999.51	68.8683	1,999.51	62.1139
2,069.82	85.5181	2,069.82	83.285	2,069.82	84.6936	2,069.82	77.1422	2,069.82	80.3931	2,069.82	63.2292	2,069.82	70.4649	2,069.82	75.3711	2,069.82	77.2012	2,069.82	78.2424	2,069.82	80.1301	2,069.82	77.4709	2,069.82	79.6347	2,069.82	75.3706	2,069.82	77.7116	2,069.82	73.688	2,069.82	74.6636	2,069.82	73.4582	2,069.82	71.2647	2,069.82	70.0598	2,069.82	66.683	2,069.82	69.8585	2,069.82	69.8197	2,069.82	68.1287	2,069.82	69.0429	2,069.82	67.2301	2,069.82	68.3714	2,069.82	67.9791	2,069.82	66.9337	2,069.82	66.7503	2,069.82	63.0165	2,069.82	63.0028	2,069.82	63.6679	2,069.82	61.7286	2,069.82	70.4175	2,069.82	62.4366
2,143.07	85.0035	2,143.07	83.3564	2,143.07	84.1585	2,143.07	78.0872	2,143.07	80.2453	2,143.07	70.0366	2,143.07	69.6712	2,143.07	76.1599	2,143.07	78.1494	2,143.07	77.1946	2,143.07	81.5386	2,143.07	76.3946	2,143.07	80.7355	2,143.07	76.2891	2,143.07	78.6022	2,143.07	73.3691	2,143.07	74.7875	2,143.07	69.5815	2,143.07	72.285	2,143.07	70.7961	2,143.07	66.7737	2,143.07	68.8741	2,143.07	66.354	2,143.07	67.8139	2,143.07	69.4051	2,143.07	64.3746	2,143.07	67.4669	2,143.07	67.8916	2,143.07	66.5046	2,143.07	64.7604	2,143.07	64.6667	2,143.07	62.4407	2,143.07	65.0894	2,143.07	61.0991	2,143.07	69.9692	2,143.07	64.6001
2,219.24	85.0689	2,219.24	83.2958	2,219.24	83.5562	2,219.24	78.3975	2,219.24	77.9645	2,219.24	74.125	2,219.24	60.7623	2,219.24	76.4809	2,219.24	77.921	2,219.24	76.8829	2,219.24	81.7188	2,219.24	77.6215	2,219.24	81.1469	2,219.24	75.9359	2,219.24	78.7227	2,219.24	74.4155	2,219.24	73.9775	2,219.24	72.8583	2,219.24	69.4487	2,219.24	71.5508	2,219.24	65.1991	2,219.24	70.2727	2,219.24	67.852	2,219.24	69.1749	2,219.24	68.8748	2,219.24	66.7553	2,219.24	68.4286	2,219.24	67.351	2,219.24	65.8336	2,219.24	63.5426	2,219.24	65.7767	2,219.24	60.6075	2,219.24	66.5088	2,219.24	58.1652	2,219.24	67.1283	2,219.24	61.1866
2,296.88	86.4771	2,296.88	84.6975	2,296.88	85.2172	2,296.88	79.4858	2,296.88	78.4866	2,296.88	74.4572	2,296.88	65.1443	2,296.88	76.563	2,296.88	78.0848	2,296.88	78.7793	2,296.88	82.1049	2,296.88	76.9789	2,296.88	81.6131	2,296.88	76.0103	2,296.88	78.0991	2,296.88	75.1247	2,296.88	75.8159	2,296.88	73.0714	2,296.88	71.0412	2,296.88	70.5777	2,296.88	60.3143	2,296.88	69.8626	2,296.88	69.4681	2,296.88	68.2807	2,296.88	69.472	2,296.88	66.9715	2,296.88	69.7361	2,296.88	66.6585	2,296.88	68.605	2,296.88	64.4044	2,296.88	65.4705	2,296.88	59.8622	2,296.88	66.7446	2,296.88	59.387	2,296.88	68.0025	2,296.88	66.1955
2,378.91	86.9255	2,378.91	85.2933	2,378.91	86.0405	2,378.91	80.0367	2,378.91	81.3181	2,378.91	74.6873	2,378.91	65.0372	2,378.91	77.1199	2,378.91	79.7586	2,378.91	77.9465	2,378.91	82.2772	2,378.91	77.4441	2,378.91	82.6681	2,378.91	75.6111	2,378.91	78.9254	2,378.91	75.0528	2,378.91	76.9053	2,378.91	73.04	2,378.91	75.1321	2,378.91	70.0467	2,378.91	69.7402	2,378.91	72.6176	2,378.91	63.6694	2,378.91	70.3721	2,378.91	69.9853	2,378.91	68.6445	2,378.91	71.501	2,378.91	70.0897	2,378.91	70.5474	2,378.91	69.1732	2,378.91	67.6003	2,378.91	63.2907	2,378.91	66.0857	2,378.91	54.7526	2,378.91	67.7591	2,378.91	66.4389
2,462.4	85.5251	2,462.4	83.7574	2,462.4	84.5542	2,462.4	79.6105	2,462.4	80.7274	2,462.4	77.402	2,462.4	59.8506	2,462.4	78.9088	2,462.4	80.5444	2,462.4	79.4119	2,462.4	83.2428	2,462.4	79.5841	2,462.4	83.3862	2,462.4	78.9156	2,462.4	80.241	2,462.4	76.5403	2,462.4	75.0182	2,462.4	73.3863	2,462.4	74.1984	2,462.4	74.1079	2,462.4	72.6011	2,462.4	72.5229	2,462.4	63.2995	2,462.4	71.8854	2,462.4	68.9593	2,462.4	70.5051	2,462.4	71.4811	2,462.4	72.044	2,462.4	69.449	2,462.4	70.7945	2,462.4	66.7269	2,462.4	65.8589	2,462.4	66.8636	2,462.4	51.1027	2,462.4	67.1129	2,462.4	64.8333
2,548.83	85.9759	2,548.83	84.301	2,548.83	84.2673	2,548.83	80.3292	2,548.83	79.7158	2,548.83	78.4283	2,548.83	71.819	2,548.83	81.1251	2,548.83	79.7393	2,548.83	81.5938	2,548.83	83.7432	2,548.83	80.1376	2,548.83	83.4768	2,548.83	78.8934	2,548.83	80.9479	2,548.83	77.6885	2,548.83	75.9847	2,548.83	77.2156	2,548.83	75.6945	2,548.83	74.8613	2,548.83	72.5708	2,548.83	72.3999	2,548.83	66.6254	2,548.83	71.695	2,548.83	70.5979	2,548.83	70.9079	2,548.83	70.8451	2,548.83	71.1295	2,548.83	71.1458	2,548.83	70.1948	2,548.83	64.7462	2,548.83	65.7714	2,548.83	66.0878	2,548.83	52.179	2,548.83	66.8006	2,548.83	64.0885
2,639.65	86.3477	2,639.65	85.4735	2,639.65	84.4126	2,639.65	81.3045	2,639.65	79.934	2,639.65	79.6023	2,639.65	76.0687	2,639.65	82.1901	2,639.65	80.2891	2,639.65	81.259	2,639.65	83.8077	2,639.65	80.3754	2,639.65	84.0778	2,639.65	78.993	2,639.65	81.4008	2,639.65	77.7607	2,639.65	76.5859	2,639.65	76.7002	2,639.65	74.0444	2,639.65	74.2383	2,639.65	71.4379	2,639.65	73.0742	2,639.65	62.4658	2,639.65	71.6441	2,639.65	70.5197	2,639.65	69.8909	2,639.65	66.9512	2,639.65	70.5046	2,639.65	72.2449	2,639.65	72.0106	2,639.65	62.0767	2,639.65	67.3599	2,639.65	66.4803	2,639.65	55.7898	2,639.65	68.73	2,639.65	65.8263
2,731.93	85.426	2,731.93	84.7939	2,731.93	83.581	2,731.93	81.6138	2,731.93	80.0941	2,731.93	81.7627	2,731.93	78.779	2,731.93	82.7766	2,731.93	80.4686	2,731.93	82.485	2,731.93	82.9592	2,731.93	81.4636	2,731.93	83.1279	2,731.93	80.3735	2,731.93	81.1077	2,731.93	78.4786	2,731.93	78.2381	2,731.93	76.9777	2,731.93	74.3144	2,731.93	75.3019	2,731.93	72.5006	2,731.93	73.2007	2,731.93	65.9155	2,731.93	71.5044	2,731.93	65.3506	2,731.93	70.9608	2,731.93	68.9242	2,731.93	71.4189	2,731.93	70.1429	2,731.93	71.9286	2,731.93	53.9873	2,731.93	67.3297	2,731.93	67.9116	2,731.93	45.498	2,731.93	69.7905	2,731.93	65.7872
2,828.61	85.5438	2,828.61	84.7885	2,828.61	82.7957	2,828.61	81.3516	2,828.61	79.5787	2,828.61	82.3458	2,828.61	80.366	2,828.61	82.7983	2,828.61	80.4627	2,828.61	83.098	2,828.61	82.588	2,828.61	81.7194	2,828.61	82.6412	2,828.61	80.9209	2,828.61	80.9144	2,828.61	78.6535	2,828.61	79.2401	2,828.61	75.9716	2,828.61	74.2308	2,828.61	73.9302	2,828.61	66.8833	2,828.61	72.0723	2,828.61	61.9437	2,828.61	72.0638	2,828.61	67.4712	2,828.61	69.529	2,828.61	67.5962	2,828.61	70.8609	2,828.61	70.3068	2,828.61	70.2149	2,828.61	56.8089	2,828.61	67.4206	2,828.61	67.9734	2,828.61	41.7804	2,828.61	68.9407	2,828.61	64.2198
2,928.22	86.4331	2,928.22	85.6451	2,928.22	83.184	2,928.22	82.7136	2,928.22	80.6631	2,928.22	82.2648	2,928.22	81.6945	2,928.22	83.3623	2,928.22	79.9825	2,928.22	82.9319	2,928.22	82.2254	2,928.22	81.9987	2,928.22	82.8903	2,928.22	79.3583	2,928.22	80.8917	2,928.22	76.8105	2,928.22	77.1846	2,928.22	73.3983	2,928.22	69.8941	2,928.22	73.9068	2,928.22	67.8237	2,928.22	71.9039	2,928.22	72.3626	2,928.22	70.787	2,928.22	67.4552	2,928.22	69.8753	2,928.22	69.2045	2,928.22	70.1645	2,928.22	67.0195	2,928.22	69.5573	2,928.22	55.8541	2,928.22	66.0287	2,928.22	67.7288	2,928.22	58.8112	2,928.22	68.2118	2,928.22	64.1229
3,030.76	86.6381	3,030.76	85.0139	3,030.76	83.4005	3,030.76	83.344	3,030.76	81.0249	3,030.76	82.8315	3,030.76	83.6112	3,030.76	83.4044	3,030.76	80.8095	3,030.76	83.386	3,030.76	80.6258	3,030.76	81.4725	3,030.76	83.3612	3,030.76	78.8782	3,030.76	82.2564	3,030.76	77.7877	3,030.76	79.8147	3,030.76	75.3782	3,030.76	68.1222	3,030.76	73.8826	3,030.76	72.6617	3,030.76	70.025	3,030.76	73.1601	3,030.76	70.1831	3,030.76	63.9059	3,030.76	67.1802	3,030.76	69.0536	3,030.76	70.0521	3,030.76	64.4578	3,030.76	68.1399	3,030.76	50.6211	3,030.76	66.6577	3,030.76	67.946	3,030.76	55.5096	3,030.76	66.9181	3,030.76	59.2999
3,137.7	86.3425	3,137.7	84.9769	3,137.7	83.6416	3,137.7	82.7386	3,137.7	81.3212	3,137.7	83.1071	3,137.7	84.452	3,137.7	84.0045	3,137.7	81.5756	3,137.7	83.0663	3,137.7	79.1431	3,137.7	79.3439	3,137.7	83.3296	3,137.7	78.8631	3,137.7	83.5995	3,137.7	75.2236	3,137.7	81.7601	3,137.7	73.4953	3,137.7	76.1334	3,137.7	71.6067	3,137.7	78.2561	3,137.7	70.2491	3,137.7	72.2524	3,137.7	71.2777	3,137.7	63.9563	3,137.7	68.8844	3,137.7	65.2841	3,137.7	69.0944	3,137.7	64.1308	3,137.7	70.0639	3,137.7	60.9976	3,137.7	67.4232	3,137.7	69.7953	3,137.7	44.8447	3,137.7	66.1364	3,137.7	64.5106
3,249.02	86.512	3,249.02	85.161	3,249.02	84.2274	3,249.02	82.9298	3,249.02	80.7712	3,249.02	83.4045	3,249.02	85.4763	3,249.02	84.4608	3,249.02	82.0353	3,249.02	81.7259	3,249.02	77.311	3,249.02	80.344	3,249.02	82.8374	3,249.02	78.1566	3,249.02	84.6387	3,249.02	78.4293	3,249.02	83.2642	3,249.02	77.4028	3,249.02	78.1653	3,249.02	74.6369	3,249.02	79.9944	3,249.02	71.2512	3,249.02	74.8947	3,249.02	70.6573	3,249.02	57.2866	3,249.02	70.1205	3,249.02	66.0278	3,249.02	70.2837	3,249.02	60.9769	3,249.02	70.3906	3,249.02	61.9013	3,249.02	68.8805	3,249.02	69.8081	3,249.02	61.04	3,249.02	66.5509	3,249.02	64.5894
3,363.28	86.0003	3,363.28	85.0188	3,363.28	84.3115	3,363.28	83.6245	3,363.28	81.8112	3,363.28	83.7498	3,363.28	85.0737	3,363.28	84.2315	3,363.28	83.377	3,363.28	81.8289	3,363.28	77.4184	3,363.28	80.0073	3,363.28	81.9816	3,363.28	80.4208	3,363.28	83.8402	3,363.28	79.0773	3,363.28	81.3455	3,363.28	74.4644	3,363.28	77.3762	3,363.28	71.6096	3,363.28	80.6151	3,363.28	70.9277	3,363.28	74.1228	3,363.28	69.5426	3,363.28	51.7112	3,363.28	68.2013	3,363.28	63.3316	3,363.28	68.8027	3,363.28	56.6864	3,363.28	70.1086	3,363.28	65.4523	3,363.28	68.7555	3,363.28	68.8468	3,363.28	60.1641	3,363.28	64.4557	3,363.28	60.7201
3,481.93	85.6257	3,481.93	85.0179	3,481.93	84.034	3,481.93	82.7621	3,481.93	82.1731	3,481.93	84.7416	3,481.93	85.3488	3,481.93	83.3083	3,481.93	82.8807	3,481.93	81.2453	3,481.93	78.0131	3,481.93	81.8886	3,481.93	82.6372	3,481.93	81.2559	3,481.93	83.0933	3,481.93	76.7071	3,481.93	81.2083	3,481.93	78.4266	3,481.93	75.2241	3,481.93	73.0108	3,481.93	77.7383	3,481.93	71.9133	3,481.93	73.769	3,481.93	69.1788	3,481.93	56.3126	3,481.93	69.6778	3,481.93	62.2148	3,481.93	67.1108	3,481.93	57.4884	3,481.93	69.1088	3,481.93	65.5935	3,481.93	67.1048	3,481.93	67.4556	3,481.93	57.3151	3,481.93	64.5392	3,481.93	55.6587
3,604.98	85.5977	3,604.98	85.3137	3,604.98	83.7077	3,604.98	83.0928	3,604.98	82.8428	3,604.98	84.2516	3,604.98	85.4137	3,604.98	82.6032	3,604.98	82.5838	3,604.98	82.2325	3,604.98	76.5366	3,604.98	82.27	3,604.98	82.3302	3,604.98	79.1023	3,604.98	82.4349	3,604.98	78.0147	3,604.98	80.0938	3,604.98	73.1103	3,604.98	71.2899	3,604.98	70.2744	3,604.98	75.3618	3,604.98	68.1182	3,604.98	74.7028	3,604.98	66.2855	3,604.98	50.7033	3,604.98	67.901	3,604.98	59.4707	3,604.98	65.0514	3,604.98	59.8273	3,604.98	66.8063	3,604.98	64.0552	3,604.98	68.1335	3,604.98	65.631	3,604.98	56.0979	3,604.98	64.6061	3,604.98	57.5553
3,732.42	86.5067	3,732.42	85.0629	3,732.42	83.5695	3,732.42	83.7495	3,732.42	83.1816	3,732.42	84.2165	3,732.42	84.7154	3,732.42	82.1697	3,732.42	82.8401	3,732.42	83.1884	3,732.42	76.1375	3,732.42	79.8165	3,732.42	82.236	3,732.42	77.9128	3,732.42	81.395	3,732.42	71.7466	3,732.42	78.802	3,732.42	72.7776	3,732.42	65.1777	3,732.42	70.2699	3,732.42	71.9949	3,732.42	68.2633	3,732.42	72.0961	3,732.42	65.5083	3,732.42	48.0237	3,732.42	66.188	3,732.42	60.3224	3,732.42	64.8977	3,732.42	59.103	3,732.42	66.6372	3,732.42	62.0551	3,732.42	66.4865	3,732.42	65.3246	3,732.42	61.3893	3,732.42	61.8354	3,732.42	59.9064
3,864.26	85.7929	3,864.26	84.7522	3,864.26	83.154	3,864.26	83.9638	3,864.26	83.5003	3,864.26	83.4076	3,864.26	84.8385	3,864.26	83.21	3,864.26	82.3801	3,864.26	82.0752	3,864.26	76.0249	3,864.26	78.9741	3,864.26	82.2724	3,864.26	74.6505	3,864.26	81.1887	3,864.26	76.9372	3,864.26	76.298	3,864.26	73.2909	3,864.26	66.345	3,864.26	70.6967	3,864.26	70.7694	3,864.26	69.0182	3,864.26	66.4231	3,864.26	67.3834	3,864.26	60.5663	3,864.26	67.2886	3,864.26	59.8963	3,864.26	62.6937	3,864.26	60.8593	3,864.26	65.7496	3,864.26	62.8776	3,864.26	66.142	3,864.26	64.366	3,864.26	62.7935	3,864.26	60.8491	3,864.26	59.5889
4,000.49	86.7468	4,000.49	84.7806	4,000.49	83.5747	4,000.49	84.3857	4,000.49	83.3852	4,000.49	82.9645	4,000.49	85.0144	4,000.49	84.2135	4,000.49	82.5813	4,000.49	81.2128	4,000.49	75.7744	4,000.49	77.5758	4,000.49	81.1873	4,000.49	78.146	4,000.49	79.0755	4,000.49	74.4899	4,000.49	74.0589	4,000.49	70.542	4,000.49	70.4915	4,000.49	69.8321	4,000.49	72.2469	4,000.49	66.3477	4,000.49	74.5432	4,000.49	67.7938	4,000.49	62.7048	4,000.49	66.6987	4,000.49	61.3158	4,000.49	63.9283	4,000.49	59.5195	4,000.49	66.3182	4,000.49	61.4242	4,000.49	67.0803	4,000.49	63.5061	4,000.49	61.2	4,000.49	61.5329	4,000.49	55.0154
4,141.11	85.9839	4,141.11	84.4736	4,141.11	83.9918	4,141.11	83.4194	4,141.11	83.8654	4,141.11	83.8947	4,141.11	84.6235	4,141.11	84.1278	4,141.11	82.8496	4,141.11	79.9467	4,141.11	72.6907	4,141.11	79.3381	4,141.11	79.4553	4,141.11	76.9659	4,141.11	75.6358	4,141.11	74.5631	4,141.11	74.3542	4,141.11	72.7927	4,141.11	64.5267	4,141.11	66.893	4,141.11	75.0743	4,141.11	68.2084	4,141.11	76.5645	4,141.11	62.1868	4,141.11	63.8062	4,141.11	65.89	4,141.11	59.9137	4,141.11	63.4428	4,141.11	53.2622	4,141.11	64.4214	4,141.11	62.5319	4,141.11	64.6849	4,141.11	61.0704	4,141.11	62.3736	4,141.11	60.7652	4,141.11	56.9468
4,287.6	86.0456	4,287.6	84.9989	4,287.6	84.167	4,287.6	83.8721	4,287.6	83.3353	4,287.6	85.0925	4,287.6	84.2157	4,287.6	82.913	4,287.6	82.3017	4,287.6	80.2912	4,287.6	71.4692	4,287.6	77.8377	4,287.6	76.6407	4,287.6	75.2945	4,287.6	74.5858	4,287.6	69.5058	4,287.6	78.2398	4,287.6	69.6995	4,287.6	73.249	4,287.6	67.9003	4,287.6	74.9887	4,287.6	64.1937	4,287.6	74.019	4,287.6	63.5305	4,287.6	66.5951	4,287.6	64.4836	4,287.6	57.9204	4,287.6	61.7464	4,287.6	54.6994	4,287.6	64.3103	4,287.6	61.597	4,287.6	65.053	4,287.6	57.1667	4,287.6	62.8101	4,287.6	58.3849	4,287.6	58.6748
4,438.48	85.5855	4,438.48	85.1389	4,438.48	84.3874	4,438.48	83.3944	4,438.48	84.4005	4,438.48	85.2288	4,438.48	83.6681	4,438.48	82.6619	4,438.48	83.2327	4,438.48	80.0934	4,438.48	75.9899	4,438.48	76.6102	4,438.48	74.877	4,438.48	72.7746	4,438.48	78.406	4,438.48	73.7442	4,438.48	78.4693	4,438.48	68.9689	4,438.48	70.7502	4,438.48	66.6579	4,438.48	72.1432	4,438.48	65.6819	4,438.48	71.6134	4,438.48	63.8406	4,438.48	64.997	4,438.48	64.272	4,438.48	61.437	4,438.48	62.0082	4,438.48	52.0046	4,438.48	65.191	4,438.48	60.6424	4,438.48	65.6702	4,438.48	61.4346	4,438.48	62.3097	4,438.48	56.2202	4,438.48	58.6112
4,595.21	85.4568	4,595.21	84.9136	4,595.21	84.0324	4,595.21	84.3995	4,595.21	84.6123	4,595.21	85.3801	4,595.21	83.8558	4,595.21	82.0867	4,595.21	83.2036	4,595.21	79.8421	4,595.21	78.7474	4,595.21	76.0352	4,595.21	75.052	4,595.21	74.9367	4,595.21	81.6805	4,595.21	70.0888	4,595.21	78.7653	4,595.21	71.5288	4,595.21	67.9358	4,595.21	67.6891	4,595.21	69.0825	4,595.21	64.5784	4,595.21	69.8644	4,595.21	64.7166	4,595.21	66.044	4,595.21	62.7522	4,595.21	60.1353	4,595.21	64.2102	4,595.21	58.4754	4,595.21	64.4139	4,595.21	60.767	4,595.21	66.0004	4,595.21	59.5478	4,595.21	63.7394	4,595.21	52.1928	4,595.21	59.5253
4,756.35	86.3151	4,756.35	84.6421	4,756.35	83.4334	4,756.35	84.5552	4,756.35	84.2276	4,756.35	84.5394	4,756.35	83.8244	4,756.35	82.7639	4,756.35	83.129	4,756.35	78.6318	4,756.35	80.4292	4,756.35	77.4743	4,756.35	76.8629	4,756.35	74.0198	4,756.35	82.0923	4,756.35	73.4889	4,756.35	76.8045	4,756.35	65.2632	4,756.35	70.315	4,756.35	65.5082	4,756.35	68.1395	4,756.35	64.8632	4,756.35	66.0826	4,756.35	61.0995	4,756.35	60.4087	4,756.35	63.7203	4,756.35	61.9259	4,756.35	62.1352	4,756.35	48.1941	4,756.35	64.2421	4,756.35	62.5125	4,756.35	66.3817	4,756.35	55.4491	4,756.35	63.1261	4,756.35	58.1351	4,756.35	59.512
4,924.8	86.0282	4,924.8	83.9357	4,924.8	84.0939	4,924.8	85.4411	4,924.8	84.6833	4,924.8	84.2975	4,924.8	82.5746	4,924.8	82.5849	4,924.8	83.5459	4,924.8	78.7306	4,924.8	79.3568	4,924.8	76.2791	4,924.8	76.1527	4,924.8	72.8365	4,924.8	80.0543	4,924.8	68.7578	4,924.8	73.7509	4,924.8	70.049	4,924.8	68.2	4,924.8	64.8686	4,924.8	65.2116	4,924.8	64.5345	4,924.8	66.8258	4,924.8	61.6211	4,924.8	61.3885	4,924.8	61.5557	4,924.8	57.8693	4,924.8	60.7592	4,924.8	57.6868	4,924.8	64.4246	4,924.8	56.6439	4,924.8	65.7223	4,924.8	55.7808	4,924.8	63.7806	4,924.8	53.7322	4,924.8	58.7464
5,097.66	86.3477	5,097.66	84.3073	5,097.66	83.8084	5,097.66	84.9404	5,097.66	84.5543	5,097.66	84.085	5,097.66	82.9381	5,097.66	81.918	5,097.66	82.7271	5,097.66	78.4559	5,097.66	79.7935	5,097.66	74.9198	5,097.66	74.7356	5,097.66	73.3623	5,097.66	75.7405	5,097.66	70.8913	5,097.66	73.7832	5,097.66	67.2368	5,097.66	70.2735	5,097.66	67.5967	5,097.66	64.8134	5,097.66	63.9102	5,097.66	67.4942	5,097.66	61.9384	5,097.66	54.3965	5,097.66	60.9325	5,097.66	51.7936	5,097.66	58.6554	5,097.66	49.2191	5,097.66	63.7078	5,097.66	59.3445	5,097.66	66.1477	5,097.66	57.9263	5,097.66	63.1466	5,097.66	48.7473	5,097.66	60.3683
5,277.83	85.6762	5,277.83	84.4155	5,277.83	84.5964	5,277.83	85.1577	5,277.83	84.762	5,277.83	84.3511	5,277.83	82.5747	5,277.83	81.3065	5,277.83	83.0384	5,277.83	78.7603	5,277.83	79.02	5,277.83	75.9386	5,277.83	73.8787	5,277.83	74.03	5,277.83	71.2504	5,277.83	72.4921	5,277.83	75.4759	5,277.83	68.8529	5,277.83	70.05	5,277.83	67.4171	5,277.83	66.0529	5,277.83	62.0058	5,277.83	66.0377	5,277.83	64.321	5,277.83	50.8665	5,277.83	61.0562	5,277.83	42.4796	5,277.83	61.7908	5,277.83	58.6197	5,277.83	63.7898	5,277.83	60.9652	5,277.83	66.4372	5,277.83	51.3862	5,277.83	65.1943	5,277.83	55.8326	5,277.83	60.4932
5,463.87	86.0007	5,463.87	85.2489	5,463.87	85.0007	5,463.87	84.6637	5,463.87	84.4643	5,463.87	83.7916	5,463.87	82.7503	5,463.87	80.8273	5,463.87	82.7761	5,463.87	77.7692	5,463.87	79.784	5,463.87	77.5619	5,463.87	68.8879	5,463.87	73.0923	5,463.87	74.0525	5,463.87	71.7351	5,463.87	73.8333	5,463.87	69.7823	5,463.87	69.5306	5,463.87	67.5007	5,463.87	68.0842	5,463.87	63.9656	5,463.87	62.3298	5,463.87	62.8406	5,463.87	58.336	5,463.87	59.3383	5,463.87	57.2843	5,463.87	61.1213	5,463.87	56.6744	5,463.87	61.6675	5,463.87	58.4034	5,463.87	65.1547	5,463.87	56.7252	5,463.87	63.9366	5,463.87	50.249	5,463.87	59.9438
5,657.23	86.2172	5,657.23	85.2987	5,657.23	84.9503	5,657.23	85.1146	5,657.23	84.9056	5,657.23	83.2315	5,657.23	82.6425	5,657.23	80.7804	5,657.23	81.7706	5,657.23	78.469	5,657.23	80.8965	5,657.23	76.5797	5,657.23	72.3558	5,657.23	74.6347	5,657.23	75.997	5,657.23	72.439	5,657.23	71.1523	5,657.23	69.5826	5,657.23	70.4766	5,657.23	67.7935	5,657.23	66.8132	5,657.23	64.2469	5,657.23	60.6803	5,657.23	63.2834	5,657.23	50.1817	5,657.23	61.3321	5,657.23	50.2095	5,657.23	62.0991	5,657.23	43.9618	5,657.23	60.4474	5,657.23	58.3128	5,657.23	64.4152	5,657.23	54.9847	5,657.23	65.487	5,657.23	52.4593	5,657.23	60.1037
5,856.45	86.0465	5,856.45	85.8027	5,856.45	85.2742	5,856.45	84.5785	5,856.45	84.3111	5,856.45	82.5707	5,856.45	82.1171	5,856.45	80.7685	5,856.45	80.2181	5,856.45	78.0313	5,856.45	80.7964	5,856.45	76.8634	5,856.45	70.8848	5,856.45	75.1647	5,856.45	76.881	5,856.45	71.5269	5,856.45	72.5455	5,856.45	69.9729	5,856.45	71.6896	5,856.45	65.0211	5,856.45	65.0006	5,856.45	65.3256	5,856.45	62.2171	5,856.45	61.9561	5,856.45	55.8274	5,856.45	61.8707	5,856.45	54.8525	5,856.45	59.7353	5,856.45	55.2532	5,856.45	59.5607	5,856.45	57.0973	5,856.45	63.3987	5,856.45	48.9083	5,856.45	64.0548	5,856.45	48.3176	5,856.45	57.1819
6,062.99	86.2833	6,062.99	85.9072	6,062.99	85.4406	6,062.99	84.2382	6,062.99	84.0421	6,062.99	82.389	6,062.99	81.2919	6,062.99	80.621	6,062.99	78.5295	6,062.99	77.8459	6,062.99	80.6082	6,062.99	77.2753	6,062.99	71.8104	6,062.99	74.6608	6,062.99	75.9958	6,062.99	71.8838	6,062.99	73.5927	6,062.99	70.1454	6,062.99	69.6006	6,062.99	66.9383	6,062.99	62.0983	6,062.99	65.7228	6,062.99	64.7235	6,062.99	62.2293	6,062.99	47.3627	6,062.99	60.9619	6,062.99	54.5377	6,062.99	61.2285	6,062.99	56.1582	6,062.99	56.9296	6,062.99	59.2619	6,062.99	63.8045	6,062.99	53.874	6,062.99	63.5979	6,062.99	45.9883	6,062.99	56.5798
6,276.86	86.5386	6,276.86	85.7797	6,276.86	85.5771	6,276.86	83.6186	6,276.86	83.8292	6,276.86	82.3536	6,276.86	81.6387	6,276.86	79.7882	6,276.86	78.7336	6,276.86	78.5513	6,276.86	79.9421	6,276.86	76.7681	6,276.86	71.2809	6,276.86	75.6426	6,276.86	75.6616	6,276.86	73.0513	6,276.86	74.0873	6,276.86	69.9474	6,276.86	69.5043	6,276.86	66.1916	6,276.86	63.3051	6,276.86	62.8714	6,276.86	65.4988	6,276.86	62.7434	6,276.86	50.058	6,276.86	59.8041	6,276.86	44.5417	6,276.86	58.0762	6,276.86	56.4658	6,276.86	56.7845	6,276.86	57.2562	6,276.86	62.5175	6,276.86	52.5756	6,276.86	62.5436	6,276.86	47.5663	6,276.86	56.3139
6,498.05	86.2112	6,498.05	85.2946	6,498.05	85.0382	6,498.05	83.4717	6,498.05	83.7441	6,498.05	81.3603	6,498.05	81.3016	6,498.05	79.5493	6,498.05	79.8639	6,498.05	77.8546	6,498.05	79.4129	6,498.05	77.2371	6,498.05	71.6137	6,498.05	75.1126	6,498.05	74.2526	6,498.05	71.4123	6,498.05	69.8256	6,498.05	67.8946	6,498.05	62.8769	6,498.05	64.905	6,498.05	63.9345	6,498.05	61.2731	6,498.05	66.7644	6,498.05	60.5453	6,498.05	57.1329	6,498.05	58.8433	6,498.05	33.2111	6,498.05	57.3744	6,498.05	54.702	6,498.05	57.4359	6,498.05	55.9402	6,498.05	61.4752	6,498.05	45.7442	6,498.05	59.7964	6,498.05	49.0748	6,498.05	56.2746
6,726.56	85.9627	6,726.56	84.901	6,726.56	84.9943	6,726.56	83.2601	6,726.56	83.8521	6,726.56	80.4707	6,726.56	81.2608	6,726.56	79.6164	6,726.56	79.8028	6,726.56	77.4884	6,726.56	79.2953	6,726.56	77.0326	6,726.56	74.6576	6,726.56	73.3392	6,726.56	74.2251	6,726.56	70.9068	6,726.56	70.0035	6,726.56	67.5936	6,726.56	64.9021	6,726.56	64.7165	6,726.56	61.8825	6,726.56	61.5205	6,726.56	66.912	6,726.56	59.6409	6,726.56	57.5272	6,726.56	58.1147	6,726.56	44.7946	6,726.56	59.6899	6,726.56	55.1132	6,726.56	56.7639	6,726.56	51.4513	6,726.56	57.7183	6,726.56	50.7619	6,726.56	59.1829	6,726.56	44.7953	6,726.56	55.0481
6,963.87	86.0585	6,963.87	84.673	6,963.87	84.7767	6,963.87	82.3966	6,963.87	83.4997	6,963.87	80.4666	6,963.87	82.1043	6,963.87	78.4933	6,963.87	79.5183	6,963.87	78.2332	6,963.87	79.164	6,963.87	75.1475	6,963.87	74.7611	6,963.87	73.763	6,963.87	67.5712	6,963.87	69.8886	6,963.87	71.6212	6,963.87	65.6815	6,963.87	68.8013	6,963.87	63.4587	6,963.87	62.315	6,963.87	60.054	6,963.87	68.2542	6,963.87	58.1365	6,963.87	59.571	6,963.87	56.6275	6,963.87	52.798	6,963.87	58.479	6,963.87	51.8268	6,963.87	55.8139	6,963.87	55.4272	6,963.87	55.0613	6,963.87	51.5514	6,963.87	57.9312	6,963.87	50.5385	6,963.87	54.1543
7,209.96	85.6735	7,209.96	84.4519	7,209.96	84.7849	7,209.96	82.094	7,209.96	83.304	7,209.96	80.1541	7,209.96	81.3807	7,209.96	79.2331	7,209.96	78.6174	7,209.96	77.6322	7,209.96	78.5363	7,209.96	75.267	7,209.96	74.2806	7,209.96	71.314	7,209.96	64.298	7,209.96	68.38	7,209.96	75.697	7,209.96	64.3168	7,209.96	68.5241	7,209.96	63.7516	7,209.96	63.0265	7,209.96	59.4281	7,209.96	66.2185	7,209.96	58.5488	7,209.96	57.4362	7,209.96	53.5712	7,209.96	46.7995	7,209.96	58.5636	7,209.96	53.7818	7,209.96	56.7809	7,209.96	50.6732	7,209.96	53.3067	7,209.96	51.4943	7,209.96	54.5174	7,209.96	43.7463	7,209.96	54.0188
7,464.84	85.4326	7,464.84	84.4446	7,464.84	85.0628	7,464.84	82.0344	7,464.84	82.8731	7,464.84	80.1538	7,464.84	80.7076	7,464.84	80.0454	7,464.84	76.1549	7,464.84	77.2084	7,464.84	77.0966	7,464.84	75.1991	7,464.84	72.2858	7,464.84	72.0539	7,464.84	70.4613	7,464.84	69.571	7,464.84	75.1818	7,464.84	67.0048	7,464.84	65.0111	7,464.84	63.3629	7,464.84	55.3654	7,464.84	60.3973	7,464.84	62.9921	7,464.84	57.1572	7,464.84	52.3044	7,464.84	55.6594	7,464.84	44.9091	7,464.84	58.8435	7,464.84	49.7188	7,464.84	56.851	7,464.84	45.8355	7,464.84	54.9693	7,464.84	50.8059	7,464.84	56.5373	7,464.84	50.8799	7,464.84	54.4384
7,727.05	85.47	7,727.05	84.5823	7,727.05	84.7132	7,727.05	82.0074	7,727.05	82.341	7,727.05	81.1417	7,727.05	79.9863	7,727.05	80.0287	7,727.05	73.9937	7,727.05	77.5665	7,727.05	76.0093	7,727.05	75.2929	7,727.05	73.291	7,727.05	72.4189	7,727.05	71.5251	7,727.05	69.6089	7,727.05	70.28	7,727.05	66.3804	7,727.05	64.3553	7,727.05	63.0557	7,727.05	63.1738	7,727.05	60.9455	7,727.05	62.9065	7,727.05	57.7021	7,727.05	54.623	7,727.05	58.0137	7,727.05	51.8515	7,727.05	58.1493	7,727.05	48.5866	7,727.05	57.3412	7,727.05	41.8226	7,727.05	54.0797	7,727.05	52.5823	7,727.05	53.7264	7,727.05	50.907	7,727.05	52.7656
7,999.51	85.4063	7,999.51	84.4144	7,999.51	84.6098	7,999.51	82.3275	7,999.51	82.2223	7,999.51	81.4415	7,999.51	79.5274	7,999.51	80.0973	7,999.51	74.0276	7,999.51	77.4819	7,999.51	75.9288	7,999.51	75.2807	7,999.51	74.7235	7,999.51	72.4315	7,999.51	64.9937	7,999.51	69.6356	7,999.51	67.8115	7,999.51	65.9374	7,999.51	63.7482	7,999.51	63.4702	7,999.51	61.7269	7,999.51	59.4107	7,999.51	67.0776	7,999.51	58.3397	7,999.51	58.8507	7,999.51	57.5964	7,999.51	51.5274	7,999.51	58.6384	7,999.51	53.6413	7,999.51	57.8241	7,999.51	47.8542	7,999.51	53.2181	7,999.51	50.8362	7,999.51	55.015	7,999.51	46.2762	7,999.51	54.0582
8,282.23	84.9799	8,282.23	84.2936	8,282.23	84.8123	8,282.23	81.9695	8,282.23	82.4595	8,282.23	81.406	8,282.23	79.6405	8,282.23	79.756	8,282.23	76.6994	8,282.23	76.9815	8,282.23	76.6562	8,282.23	74.9201	8,282.23	74.9531	8,282.23	72.3113	8,282.23	63.0891	8,282.23	69.7251	8,282.23	70.9012	8,282.23	66.4436	8,282.23	66.4771	8,282.23	64.1464	8,282.23	56.8222	8,282.23	59.3691	8,282.23	66.2423	8,282.23	56.9435	8,282.23	59.3359	8,282.23	56.42	8,282.23	52.0272	8,282.23	57.1003	8,282.23	53.3314	8,282.23	58.1133	8,282.23	43.6212	8,282.23	55.0168	8,282.23	49.7393	8,282.23	54.9955	8,282.23	48.5309	8,282.23	54.0831
8,573.73	84.9629	8,573.73	84.0822	8,573.73	84.794	8,573.73	82.2429	8,573.73	82.7682	8,573.73	81.6452	8,573.73	80.6642	8,573.73	79.6933	8,573.73	78.938	8,573.73	77.1122	8,573.73	77.7996	8,573.73	75.0285	8,573.73	73.7326	8,573.73	73.2079	8,573.73	69.3592	8,573.73	69.2312	8,573.73	70.2657	8,573.73	66.0258	8,573.73	67.4253	8,573.73	62.5627	8,573.73	57.7047	8,573.73	59.728	8,573.73	66.3143	8,573.73	55.978	8,573.73	60.1672	8,573.73	55.7134	8,573.73	45.1266	8,573.73	57.7453	8,573.73	49.0403	8,573.73	58.4206	8,573.73	43.1276	8,573.73	55.7352	8,573.73	50.7061	8,573.73	54.5924	8,573.73	46.7705	8,573.73	53.3683
8,876.95	85.1747	8,876.95	83.9363	8,876.95	84.8908	8,876.95	83.4821	8,876.95	83.3295	8,876.95	81.8885	8,876.95	81.6302	8,876.95	80.3942	8,876.95	79.7699	8,876.95	77.6169	8,876.95	78.3129	8,876.95	75.6422	8,876.95	73.7173	8,876.95	73.4645	8,876.95	69.5962	8,876.95	70.6838	8,876.95	70.2386	8,876.95	66.3766	8,876.95	66.8386	8,876.95	63.3441	8,876.95	49.3926	8,876.95	59.5209	8,876.95	64.9154	8,876.95	58.0835	8,876.95	57.8261	8,876.95	57.8781	8,876.95	54.7355	8,876.95	58.5539	8,876.95	49.4919	8,876.95	59.4434	8,876.95	49.4871	8,876.95	57.1246	8,876.95	51.4888	8,876.95	56.7495	8,876.95	47.5509	8,876.95	53.9919
9,188.96	84.942	9,188.96	84.4273	9,188.96	84.7379	9,188.96	83.6209	9,188.96	83.4562	9,188.96	82.5632	9,188.96	82.021	9,188.96	80.0054	9,188.96	80.0251	9,188.96	77.6932	9,188.96	77.4508	9,188.96	76.0018	9,188.96	72.8805	9,188.96	73.3854	9,188.96	67.089	9,188.96	69.6456	9,188.96	66.8079	9,188.96	65.4989	9,188.96	62.174	9,188.96	61.9473	9,188.96	47.6878	9,188.96	57.9182	9,188.96	62.8624	9,188.96	56.8843	9,188.96	52.6837	9,188.96	55.9963	9,188.96	46.6356	9,188.96	57.7113	9,188.96	49.0831	9,188.96	59.3158	9,188.96	47.4145	9,188.96	56.508	9,188.96	52.9829	9,188.96	54.3158	9,188.96	46.5541	9,188.96	53.561
9,514.16	84.803	9,514.16	84.1755	9,514.16	84.4803	9,514.16	83.5664	9,514.16	83.3889	9,514.16	82.2878	9,514.16	82.1778	9,514.16	79.3793	9,514.16	80.3512	9,514.16	77.2435	9,514.16	77.0794	9,514.16	75.7174	9,514.16	71.829	9,514.16	72.1721	9,514.16	67.7351	9,514.16	68.536	9,514.16	65.8099	9,514.16	63.5441	9,514.16	64.2956	9,514.16	60.7809	9,514.16	44.1654	9,514.16	56.4485	9,514.16	63.0877	9,514.16	54.587	9,514.16	54.5036	9,514.16	54.9286	9,514.16	43.599	9,514.16	56.8963	9,514.16	43.3913	9,514.16	57.7496	9,514.16	43.1041	9,514.16	55.0079	9,514.16	52.2363	9,514.16	52.1614	9,514.16	44.7185	9,514.16	53.2476
9,849.61	84.544	9,849.61	84.0081	9,849.61	84.6192	9,849.61	83.2794	9,849.61	83.2747	9,849.61	81.7882	9,849.61	82.0531	9,849.61	78.8159	9,849.61	80.3384	9,849.61	76.846	9,849.61	76.736	9,849.61	74.9434	9,849.61	73.2877	9,849.61	70.0801	9,849.61	65.3689	9,849.61	65.7903	9,849.61	66.2853	9,849.61	61.0258	9,849.61	59.9117	9,849.61	57.9966	9,849.61	45.7271	9,849.61	54.1772	9,849.61	62.2146	9,849.61	52.5855	9,849.61	52.0564	9,849.61	52.0583	9,849.61	44.2314	9,849.61	55.5283	9,849.61	39.4912	9,849.61	56.3357	9,849.61	47.1081	9,849.61	53.0882	9,849.61	52.2257	9,849.61	47.3464	9,849.61	44.1991	9,849.61	52.2958
10,196.8	84.4372	10,196.8	84.1792	10,196.8	84.7139	10,196.8	83.2755	10,196.8	83.3226	10,196.8	81.323	10,196.8	82.0538	10,196.8	78.781	10,196.8	79.5447	10,196.8	76.7389	10,196.8	76.1711	10,196.8	73.7248	10,196.8	73.5316	10,196.8	69.0695	10,196.8	67.3615	10,196.8	64.5277	10,196.8	66.0054	10,196.8	59.4221	10,196.8	57.0331	10,196.8	55.4363	10,196.8	57.8721	10,196.8	53.4046	10,196.8	60.9951	10,196.8	48.3855	10,196.8	53.5431	10,196.8	50.8443	10,196.8	48.4876	10,196.8	52.6635	10,196.8	46.96	10,196.8	54.6681	10,196.8	46.5806	10,196.8	50.5796	10,196.8	48.5648	10,196.8	44.8442	10,196.8	40.3617	10,196.8	51.385
10,555.7	84.3228	10,555.7	84.2661	10,555.7	84.719	10,555.7	83.5167	10,555.7	83.7375	10,555.7	81.2118	10,555.7	82.3649	10,555.7	79.0977	10,555.7	79.9809	10,555.7	76.1492	10,555.7	76.7162	10,555.7	72.6335	10,555.7	71.7234	10,555.7	67.1273	10,555.7	69.1879	10,555.7	62.8874	10,555.7	64.1754	10,555.7	59.7825	10,555.7	58.5476	10,555.7	56.6861	10,555.7	57.8778	10,555.7	53.9915	10,555.7	57.4162	10,555.7	47.5378	10,555.7	51.7601	10,555.7	49.7235	10,555.7	48.5112	10,555.7	51.6324	10,555.7	43.466	10,555.7	54.7941	10,555.7	40.1654	10,555.7	50.2899	10,555.7	45.891	10,555.7	45.2957	10,555.7	43.6524	10,555.7	49.974
10,927.7	84.3797	10,927.7	84.5778	10,927.7	84.5729	10,927.7	83.495	10,927.7	84.0861	10,927.7	81.4258	10,927.7	82.8451	10,927.7	79.3187	10,927.7	79.3083	10,927.7	75.6956	10,927.7	76.1002	10,927.7	71.5532	10,927.7	70.9422	10,927.7	67.6813	10,927.7	69.7052	10,927.7	63.3601	10,927.7	60.2542	10,927.7	59.1689	10,927.7	51.1591	10,927.7	57.2868	10,927.7	52.1137	10,927.7	52.9589	10,927.7	54.6579	10,927.7	46.8573	10,927.7	49.4384	10,927.7	51.8329	10,927.7	47.0025	10,927.7	52.3477	10,927.7	44.5286	10,927.7	54.1435	10,927.7	27.8352	10,927.7	49.043	10,927.7	47.5975	10,927.7	46.4885	10,927.7	42.0899	10,927.7	48.4892
11,313	84.7071	11,313	84.866	11,313	84.7027	11,313	83.5695	11,313	84.0292	11,313	81.6859	11,313	82.8362	11,313	79.134	11,313	79.1444	11,313	74.7534	11,313	76.5613	11,313	71.1677	11,313	71.9275	11,313	67.454	11,313	69.6601	11,313	64.1421	11,313	57.8606	11,313	59.4742	11,313	54.9034	11,313	57.0836	11,313	52.7016	11,313	50.8156	11,313	50.3512	11,313	48.9906	11,313	52.4585	11,313	52.0363	11,313	45.9962	11,313	52.3472	11,313	50.9918	11,313	52.7101	11,313	31.6674	11,313	46.2131	11,313	43.5652	11,313	47.0495	11,313	35.3453	11,313	48.1181
11,712.9	85.1558	11,712.9	85.3607	11,712.9	85.2324	11,712.9	83.6004	11,712.9	84.3811	11,712.9	82.0376	11,712.9	82.4982	11,712.9	78.532	11,712.9	79.4845	11,712.9	73.4522	11,712.9	77.1315	11,712.9	70.7768	11,712.9	71.3898	11,712.9	67.2767	11,712.9	67.0364	11,712.9	61.9757	11,712.9	58.8952	11,712.9	57.0484	11,712.9	54.6203	11,712.9	55.5329	11,712.9	53.852	11,712.9	47.2851	11,712.9	54.8742	11,712.9	45.632	11,712.9	50.7615	11,712.9	51.4736	11,712.9	46.6348	11,712.9	51.3891	11,712.9	47.6139	11,712.9	51.1114	11,712.9	27.1387	11,712.9	42.4211	11,712.9	39.7116	11,712.9	41.7086	11,712.9	36.8618	11,712.9	45.0576
12,126	85.7233	12,126	85.8019	12,126	85.5501	12,126	84.1291	12,126	84.7165	12,126	82.0527	12,126	82.3321	12,126	78.0285	12,126	79.072	12,126	72.7891	12,126	76.0315	12,126	70.3307	12,126	68.8787	12,126	66.2997	12,126	66.752	12,126	60.5689	12,126	50.807	12,126	54.7965	12,126	49.192	12,126	52.8863	12,126	49.1057	12,126	47.0158	12,126	56.6233	12,126	47.0676	12,126	43.6616	12,126	48.6454	12,126	40.9748	12,126	48.0655	12,126	47.0362	12,126	48.6073	12,126	31.1477	12,126	43.42	12,126	39.0666	12,126	41.4523	12,126	39.0515	12,126	44.862
12,553.7	86.1392	12,553.7	85.9951	12,553.7	85.6614	12,553.7	84.2661	12,553.7	84.6131	12,553.7	82.1271	12,553.7	82.096	12,553.7	77.1737	12,553.7	78.2683	12,553.7	72.2012	12,553.7	74.7477	12,553.7	68.9371	12,553.7	67.4107	12,553.7	63.2666	12,553.7	64.2021	12,553.7	55.2913	12,553.7	45.3987	12,553.7	52.3932	12,553.7	48.5706	12,553.7	51.2175	12,553.7	47.0826	12,553.7	38.683	12,553.7	55.7956	12,553.7	44.8041	12,553.7	40.6393	12,553.7	48.8241	12,553.7	38.9654	12,553.7	43.9954	12,553.7	42.8133	12,553.7	46.8068	12,553.7	36.3295	12,553.7	42.69	12,553.7	37.678	12,553.7	35.9196	12,553.7	40.8301	12,553.7	42.3379
12,996.1	86.6066	12,996.1	86.1836	12,996.1	85.9369	12,996.1	84.164	12,996.1	84.2333	12,996.1	81.1988	12,996.1	81.5819	12,996.1	75.461	12,996.1	76.6977	12,996.1	69.086	12,996.1	72.2897	12,996.1	62.5266	12,996.1	65.2651	12,996.1	53.8049	12,996.1	56.8161	12,996.1	46.7271	12,996.1	48.0489	12,996.1	47.3095	12,996.1	37.5719	12,996.1	43.9739	12,996.1	45.8725	12,996.1	40.9063	12,996.1	52.4596	12,996.1	41.1443	12,996.1	29.6801	12,996.1	42.1398	12,996.1	28.1773	12,996.1	36.1877	12,996.1	44.5463	12,996.1	40.764	12,996.1	36.3389	12,996.1	39.7548	12,996.1	38.0539	12,996.1	37.8619	12,996.1	42.3701	12,996.1	41.1119
13,454.6	86.5948	13,454.6	86.0324	13,454.6	85.8008	13,454.6	83.2242	13,454.6	83.3954	13,454.6	79.5287	13,454.6	79.8915	13,454.6	71.5022	13,454.6	73.8527	13,454.6	63.8479	13,454.6	66.9424	13,454.6	61.6305	13,454.6	46.8006	13,454.6	60.7579	13,454.6	39.4834	13,454.6	57.6683	13,454.6	49.7397	13,454.6	55.5154	13,454.6	33.754	13,454.6	49.7182	13,454.6	37.389	13,454.6	48.0326	13,454.6	47.1709	13,454.6	45.9926	13,454.6	41.0464	13,454.6	46.1056	13,454.6	38.948	13,454.6	41.5341	13,454.6	46.3392	13,454.6	44.6248	13,454.6	30.2445	13,454.6	45.1537	13,454.6	32.277	13,454.6	45.1196	13,454.6	44.1549	13,454.6	40.6989
13,929.2	85.571	13,929.2	85.4324	13,929.2	84.8125	13,929.2	83.2611	13,929.2	83.0563	13,929.2	80.3267	13,929.2	78.6138	13,929.2	74.2335	13,929.2	70.9165	13,929.2	71.5967	13,929.2	63.5612	13,929.2	69.4278	13,929.2	66.3192	13,929.2	67.0171	13,929.2	56.6125	13,929.2	63.1655	13,929.2	57.4939	13,929.2	60.2524	13,929.2	48.0233	13,929.2	55.0274	13,929.2	45.8734	13,929.2	52.855	13,929.2	52.4259	13,929.2	50.2619	13,929.2	38.0138	13,929.2	50.4645	13,929.2	38.8082	13,929.2	43.5839	13,929.2	47.4371	13,929.2	48.0236	13,929.2	-5.16628	13,929.2	46.1879	13,929.2	31.2256	13,929.2	45.142	13,929.2	39.4473	13,929.2	43.4578
14,419.9	85.1121	14,419.9	85.4355	14,419.9	84.6771	14,419.9	84.6532	14,419.9	83.9224	14,419.9	81.9905	14,419.9	80.7522	14,419.9	76.7642	14,419.9	75.1706	14,419.9	72.7732	14,419.9	67.0752	14,419.9	69.7173	14,419.9	69.9929	14,419.9	67.0359	14,419.9	57.6602	14,419.9	63.308	14,419.9	60.4514	14,419.9	59.4229	14,419.9	48.994	14,419.9	54.466	14,419.9	40.5594	14,419.9	51.6511	14,419.9	55.9258	14,419.9	48.4498	14,419.9	36.8981	14,419.9	48.0754	14,419.9	39.5286	14,419.9	37.5191	14,419.9	46.5281	14,419.9	45.2318	14,419.9	35.1715	14,419.9	39.3286	14,419.9	39.419	14,419.9	39.7042	14,419.9	34.0462	14,419.9	41.7023
14,928.2	85.2834	14,928.2	85.4109	14,928.2	84.8924	14,928.2	84.6067	14,928.2	83.7208	14,928.2	81.5919	14,928.2	80.5201	14,928.2	76.2395	14,928.2	74.7916	14,928.2	71.9355	14,928.2	66.9081	14,928.2	69.572	14,928.2	68.3212	14,928.2	66.5934	14,928.2	57.4861	14,928.2	62.1497	14,928.2	57.8773	14,928.2	57.9875	14,928.2	50.0937	14,928.2	52.007	14,928.2	45.921	14,928.2	51.354	14,928.2	56.7034	14,928.2	45.6846	14,928.2	47.3723	14,928.2	46.0101	14,928.2	33.1744	14,928.2	34.1911	14,928.2	42.0659	14,928.2	41.7878	14,928.2	37.6132	14,928.2	34.6965	14,928.2	39.6618	14,928.2	39.1556	14,928.2	40.826	14,928.2	38.9828
15,455.6	84.4459	15,455.6	84.6849	15,455.6	84.151	15,455.6	84.2399	15,455.6	83.3841	15,455.6	80.9305	15,455.6	79.827	15,455.6	76.8241	15,455.6	74.3111	15,455.6	71.8839	15,455.6	71.8502	15,455.6	69.9037	15,455.6	67.0275	15,455.6	65.866	15,455.6	59.4766	15,455.6	59.835	15,455.6	56.7744	15,455.6	55.7118	15,455.6	46.7904	15,455.6	49.57	15,455.6	42.8716	15,455.6	50.2875	15,455.6	56.5482	15,455.6	41.754	15,455.6	47.1415	15,455.6	39.3445	15,455.6	31.7565	15,455.6	38.09	15,455.6	39.0069	15,455.6	39.907	15,455.6	36.8759	15,455.6	28.9898	15,455.6	39.5886	15,455.6	37.8008	15,455.6	42.5733	15,455.6	37.1546
16,000.5	83.864	16,000.5	84.054	16,000.5	83.7455	16,000.5	83.2036	16,000.5	82.9902	16,000.5	80.1162	16,000.5	80.0664	16,000.5	74.7367	16,000.5	74.8891	16,000.5	68.9349	16,000.5	73.813	16,000.5	65.6775	16,000.5	65.5367	16,000.5	59.2187	16,000.5	59.3979	16,000.5	52.1808	16,000.5	58.7976	16,000.5	50.7493	16,000.5	44.6236	16,000.5	40.9452	16,000.5	44.4116	16,000.5	48.9423	16,000.5	56.5698	16,000.5	41.7972	16,000.5	49.5981	16,000.5	40.0432	16,000.5	36.2611	16,000.5	34.9516	16,000.5	37.6952	16,000.5	41.6185	16,000.5	40.4453	16,000.5	41.1588	16,000.5	44.3742	16,000.5	39.7878	16,000.5	44.1053	16,000.5	18.9478
16,564.5	84.0169	16,564.5	84.0074	16,564.5	83.8424	16,564.5	82.2729	16,564.5	82.2422	16,564.5	78.9937	16,564.5	79.513	16,564.5	71.3603	16,564.5	74.2038	16,564.5	65.9758	16,564.5	71.7089	16,564.5	59.7624	16,564.5	61.5217	16,564.5	57.2553	16,564.5	57.7588	16,564.5	52.7243	16,564.5	53.8923	16,564.5	51.7391	16,564.5	42.1403	16,564.5	39.8257	16,564.5	43.7296	16,564.5	48.2547	16,564.5	55.3352	16,564.5	38.7268	16,564.5	52.0081	16,564.5	36.9098	16,564.5	40.4822	16,564.5	30.5222	16,564.5	36.9434	16,564.5	40.97	16,564.5	36.8423	16,564.5	43.7074	16,564.5	41.6261	16,564.5	42.3705	16,564.5	42.3514	16,564.5	32.0208
17,148.9	83.8354	17,148.9	83.7553	17,148.9	83.6405	17,148.9	81.7025	17,148.9	81.5397	17,148.9	77.915	17,148.9	78.2166	17,148.9	69.4685	17,148.9	72.1983	17,148.9	64.7002	17,148.9	67.5494	17,148.9	58.8826	17,148.9	55.3497	17,148.9	57.8975	17,148.9	50.4595	17,148.9	52.8268	17,148.9	47.3399	17,148.9	51.2806	17,148.9	39.8728	17,148.9	38.1178	17,148.9	26.6199	17,148.9	46.3628	17,148.9	55.6591	17,148.9	38.0071	17,148.9	50.9433	17,148.9	36.3051	17,148.9	41.1956	17,148.9	31.1057	17,148.9	37.0209	17,148.9	37.4506	17,148.9	32.7924	17,148.9	43.5103	17,148.9	37.8376	17,148.9	41.3152	17,148.9	42.0118	17,148.9	33.7054
17,752.4	83.342	17,752.4	83.2176	17,752.4	83.1147	17,752.4	81.1098	17,752.4	80.8693	17,752.4	77.0091	17,752.4	76.851	17,752.4	68.9366	17,752.4	69.945	17,752.4	64.3961	17,752.4	63.3365	17,752.4	60.4687	17,752.4	47.6857	17,752.4	58.156	17,752.4	50.1278	17,752.4	52.4931	17,752.4	44.4846	17,752.4	50.5911	17,752.4	40.0271	17,752.4	38.0584	17,752.4	28.6378	17,752.4	46.2186	17,752.4	57.4596	17,752.4	35.608	17,752.4	51.3791	17,752.4	33.6899	17,752.4	37.9503	17,752.4	30.7497	17,752.4	37.7977	17,752.4	36.2626	17,752.4	29.7937	17,752.4	43.7664	17,752.4	34.4799	17,752.4	40.0188	17,752.4	39.203	17,752.4	32.1967
18,379.4	82.9391	18,379.4	82.8401	18,379.4	82.6138	18,379.4	80.7277	18,379.4	80.0858	18,379.4	76.6736	18,379.4	75.6761	18,379.4	68.8816	18,379.4	67.9154	18,379.4	63.047	18,379.4	59.3109	18,379.4	58.4439	18,379.4	45.7641	18,379.4	54.5982	18,379.4	48.2226	18,379.4	50.1929	18,379.4	36.5468	18,379.4	47.7641	18,379.4	37.4093	18,379.4	39.521	18,379.4	38.6874	18,379.4	42.847	18,379.4	57.8899	18,379.4	32.0299	18,379.4	50.5716	18,379.4	31.0329	18,379.4	39.2491	18,379.4	25.288	18,379.4	37.5096	18,379.4	34.4938	18,379.4	33.5283	18,379.4	43.2864	18,379.4	34.658	18,379.4	38.7886	18,379.4	38.3564	18,379.4	31.4485
19,026.9	82.9508	19,026.9	82.8052	19,026.9	82.4842	19,026.9	80.4993	19,026.9	79.5657	19,026.9	76.0323	19,026.9	74.2295	19,026.9	66.7702	19,026.9	64.4417	19,026.9	59.124	19,026.9	55.3862	19,026.9	55.1773	19,026.9	49.7948	19,026.9	50.5086	19,026.9	47.6681	19,026.9	47.7841	19,026.9	38.9942	19,026.9	44.1039	19,026.9	33.854	19,026.9	39.4803	19,026.9	40.8133	19,026.9	40.564	19,026.9	57.7078	19,026.9	22.8617	19,026.9	49.4427	19,026.9	23.4699	19,026.9	39.5575	19,026.9	21.5985	19,026.9	40.9818	19,026.9	31.9912	19,026.9	36.2766	19,026.9	42.5783	19,026.9	34.8519	19,026.9	37.8938	19,026.9	38.2505	19,026.9	31.567
19,697.8	83.0533	19,697.8	83.0862	19,697.8	82.7851	19,697.8	80.2521	19,697.8	79.3685	19,697.8	74.8506	19,697.8	73.0926	19,697.8	63.3782	19,697.8	58.2057	19,697.8	55.8161	19,697.8	59.3669	19,697.8	57.5618	19,697.8	55.5815	19,697.8	53.4318	19,697.8	52.3515	19,697.8	48.5371	19,697.8	44.1669	19,697.8	45.2374	19,697.8	33.873	19,697.8	41.2688	19,697.8	46.8465	19,697.8	36.9424	19,697.8	60.2307	19,697.8	26.6672	19,697.8	48.6528	19,697.8	22.6629	19,697.8	38.4508	19,697.8	30.4856	19,697.8	43.886	19,697.8	37.1246	19,697.8	39.9254	19,697.8	44.7428	19,697.8	38.9293	19,697.8	40.8664	19,697.8	40.3744	19,697.8	33.662
19,999.5	83.0776	19,999.5	83.4641	19,999.5	83.1216	19,999.5	80.2368	19,999.5	78.9568	19,999.5	74.1964	19,999.5	72.2335	19,999.5	60.6567	19,999.5	53.3488	19,999.5	58.2774	19,999.5	61.9326	19,999.5	60.5991	19,999.5	55.4691	19,999.5	56.2306	19,999.5	49.1969	19,999.5	49.277	19,999.5	43.638	19,999.5	46.1864	19,999.5	49.6702	19,999.5	39.1511	19,999.5	50.7603	19,999.5	46.5015	19,999.5	61.9131	19,999.5	33.5057	19,999.5	53.2016	19,999.5	42.9841	19,999.5	46.8898	19,999.5	47.5893	19,999.5	53.3944	19,999.5	44.2961	19,999.5	42.9514	19,999.5	42.4233	19,999.5	39.2919	19,999.5	43.1893	19,999.5	39.7958	19,999.5	39.4186
