"SPL Vertical"																																																																							
"On-Axis"		"10°"		"-10°"		"20°"		"-20°"		"30°"		"-30°"		"40°"		"-40°"		"50°"		"-50°"		"60°"		"-60°"		"70°"		"-70°"		"80°"		"-80°"		"90°"		"-90°"		"100°"		"-100°"		"110°"		"-110°"		"120°"		"-120°"		"130°"		"-130°"		"140°"		"-140°"		"150°"		"-150°"		"160°"		"-160°"		"170°"		"-170°"		"180°"	
"Frequency / Hz"	"Sound Pressure Level / dB (re 20 µPa/V)  [2.83  V @ 1. m]"	"Frequency / Hz"	"Sound Pressure Level / dB (re 20 µPa/V)  [2.83  V @ 1. m]"	"Frequency / Hz"	"Sound Pressure Level / dB (re 20 µPa/V)  [2.83  V @ 1. m]"	"Frequency / Hz"	"Sound Pressure Level / dB (re 20 µPa/V)  [2.83  V @ 1. m]"	"Frequency / Hz"	"Sound Pressure Level / dB (re 20 µPa/V)  [2.83  V @ 1. m]"	"Frequency / Hz"	"Sound Pressure Level / dB (re 20 µPa/V)  [2.83  V @ 1. m]"	"Frequency / Hz"	"Sound Pressure Level / dB (re 20 µPa/V)  [2.83  V @ 1. m]"	"Frequency / Hz"	"Sound Pressure Level / dB (re 20 µPa/V)  [2.83  V @ 1. m]"	"Frequency / Hz"	"Sound Pressure Level / dB (re 20 µPa/V)  [2.83  V @ 1. m]"	"Frequency / Hz"	"Sound Pressure Level / dB (re 20 µPa/V)  [2.83  V @ 1. m]"	"Frequency / Hz"	"Sound Pressure Level / dB (re 20 µPa/V)  [2.83  V @ 1. m]"	"Frequency / Hz"	"Sound Pressure Level / dB (re 20 µPa/V)  [2.83  V @ 1. m]"	"Frequency / Hz"	"Sound Pressure Level / dB (re 20 µPa/V)  [2.83  V @ 1. m]"	"Frequency / Hz"	"Sound Pressure Level / dB (re 20 µPa/V)  [2.83  V @ 1. m]"	"Frequency / Hz"	"Sound Pressure Level / dB (re 20 µPa/V)  [2.83  V @ 1. m]"	"Frequency / Hz"	"Sound Pressure Level / dB (re 20 µPa/V)  [2.83  V @ 1. m]"	"Frequency / Hz"	"Sound Pressure Level / dB (re 20 µPa/V)  [2.83  V @ 1. m]"	"Frequency / Hz"	"Sound Pressure Level / dB (re 20 µPa/V)  [2.83  V @ 1. m]"	"Frequency / Hz"	"Sound Pressure Level / dB (re 20 µPa/V)  [2.83  V @ 1. m]"	"Frequency / Hz"	"Sound Pressure Level / dB (re 20 µPa/V)  [2.83  V @ 1. m]"	"Frequency / Hz"	"Sound Pressure Level / dB (re 20 µPa/V)  [2.83  V @ 1. m]"	"Frequency / Hz"	"Sound Pressure Level / dB (re 20 µPa/V)  [2.83  V @ 1. m]"	"Frequency / Hz"	"Sound Pressure Level / dB (re 20 µPa/V)  [2.83  V @ 1. m]"	"Frequency / Hz"	"Sound Pressure Level / dB (re 20 µPa/V)  [2.83  V @ 1. m]"	"Frequency / Hz"	"Sound Pressure Level / dB (re 20 µPa/V)  [2.83  V @ 1. m]"	"Frequency / Hz"	"Sound Pressure Level / dB (re 20 µPa/V)  [2.83  V @ 1. m]"	"Frequency / Hz"	"Sound Pressure Level / dB (re 20 µPa/V)  [2.83  V @ 1. m]"	"Frequency / Hz"	"Sound Pressure Level / dB (re 20 µPa/V)  [2.83  V @ 1. m]"	"Frequency / Hz"	"Sound Pressure Level / dB (re 20 µPa/V)  [2.83  V @ 1. m]"	"Frequency / Hz"	"Sound Pressure Level / dB (re 20 µPa/V)  [2.83  V @ 1. m]"	"Frequency / Hz"	"Sound Pressure Level / dB (re 20 µPa/V)  [2.83  V @ 1. m]"	"Frequency / Hz"	"Sound Pressure Level / dB (re 20 µPa/V)  [2.83  V @ 1. m]"	"Frequency / Hz"	"Sound Pressure Level / dB (re 20 µPa/V)  [2.83  V @ 1. m]"	"Frequency / Hz"	"Sound Pressure Level / dB (re 20 µPa/V)  [2.83  V @ 1. m]"	"Frequency / Hz"	"Sound Pressure Level / dB (re 20 µPa/V)  [2.83  V @ 1. m]"	"Frequency / Hz"	"Sound Pressure Level / dB (re 20 µPa/V)  [2.83  V @ 1. m]"
20.5078	70.9791	20.5078	70.8579	20.5078	71.1311	20.5078	70.7504	20.5078	71.3422	20.5078	70.6476	20.5078	71.6523	20.5078	70.5456	20.5078	72.1073	20.5078	70.4445	20.5078	72.7424	20.5078	70.3472	20.5078	73.5624	20.5078	70.259	20.5078	74.54	20.5078	70.1878	20.5078	75.6347	20.5078	70.145	20.5078	76.7905	20.5078	70.146	20.5078	77.8976	20.5078	70.2107	20.5078	78.777	20.5078	70.3637	20.5078	79.2346	20.5078	70.6325	20.5078	79.1691	20.5078	71.0443	20.5078	78.6231	20.5078	71.6203	20.5078	77.7301	20.5078	72.3693	20.5078	76.6392	20.5078	73.2832	20.5078	75.4758	20.5078	74.3344
21.9727	72.6566	21.9727	72.5011	21.9727	72.8634	21.9727	72.3781	21.9727	73.1506	21.9727	72.2771	21.9727	73.5587	21.9727	72.1937	21.9727	74.1354	21.9727	72.1285	21.9727	74.9261	21.9727	72.0855	21.9727	75.9544	21.9727	72.0723	21.9727	77.1964	21.9727	72.0997	21.9727	78.564	21.9727	72.1817	21.9727	79.9263	21.9727	72.3351	21.9727	81.1432	21.9727	72.5788	21.9727	82.0634	21.9727	72.9319	21.9727	82.5369	21.9727	73.411	21.9727	82.4903	21.9727	74.0275	21.9727	81.9744	21.9727	74.7844	21.9727	81.1197	21.9727	75.6751	21.9727	80.0659	21.9727	76.6824	21.9727	78.9256	21.9727	77.779
23.4375	75.4276	23.4375	75.1912	23.4375	75.7372	23.4375	75.0109	23.4375	76.142	23.4375	74.875	23.4375	76.6664	23.4375	74.777	23.4375	77.332	23.4375	74.7144	23.4375	78.1518	23.4375	74.6886	23.4375	79.125	23.4375	74.7042	23.4375	80.2297	23.4375	74.7684	23.4375	81.4118	23.4375	74.8912	23.4375	82.5858	23.4375	75.0845	23.4375	83.6461	23.4375	75.3614	23.4375	84.4572	23.4375	75.735	23.4375	84.8687	23.4375	76.2171	23.4375	84.8003	23.4375	76.8158	23.4375	84.2949	23.4375	77.534	23.4375	83.4755	23.4375	78.3682	23.4375	82.4754	23.4375	79.3066	23.4375	81.4015	23.4375	80.3287
24.9023	77.2968	24.9023	77.0462	24.9023	77.6224	24.9023	76.8563	24.9023	78.0412	24.9023	76.7171	24.9023	78.5731	24.9023	76.6227	24.9023	79.236	24.9023	76.5708	24.9023	80.0408	24.9023	76.562	24.9023	80.9861	24.9023	76.5999	24.9023	82.0513	24.9023	76.6901	24.9023	83.1871	24.9023	76.8403	24.9023	84.3146	24.9023	77.0596	24.9023	85.3345	24.9023	77.358	24.9023	86.1162	24.9023	77.7455	24.9023	86.5143	24.9023	78.2307	24.9023	86.4508	24.9023	78.82	24.9023	85.9672	24.9023	79.5158	24.9023	85.1828	24.9023	80.3156	24.9023	84.2272	24.9023	81.2102	24.9023	83.2034	24.9023	82.1824
26.3672	79.2689	26.3672	79.0028	26.3672	79.606	26.3672	78.7974	26.3672	80.0274	26.3672	78.645	26.3672	80.5472	26.3672	78.5408	26.3672	81.1786	26.3672	78.4827	26.3672	81.9303	26.3672	78.471	26.3672	82.8033	26.3672	78.5078	26.3672	83.7835	26.3672	78.5974	26.3672	84.8301	26.3672	78.7452	26.3672	85.8735	26.3672	78.9583	26.3672	86.8216	26.3672	79.2444	26.3672	87.5501	26.3672	79.6116	26.3672	87.9179	26.3672	80.0673	26.3672	87.8469	26.3672	80.6177	26.3672	87.3755	26.3672	81.2661	26.3672	86.6192	26.3672	82.0119	26.3672	85.7038	26.3672	82.8489	26.3672	84.7291	26.3672	83.7632
27.832	80.6099	27.832	80.3481	27.832	80.9357	27.832	80.1424	27.832	81.3356	27.832	79.9871	27.832	81.8217	27.832	79.8791	27.832	82.4063	27.832	79.8168	27.832	83.1	27.832	79.8008	27.832	83.9079	27.832	79.833	27.832	84.8218	27.832	79.9167	27.832	85.8084	27.832	80.0568	27.832	86.8043	27.832	80.259	27.832	87.7195	27.832	80.5299	27.832	88.4297	27.832	80.8767	27.832	88.7926	27.832	81.3062	27.832	88.7289	27.832	81.8244	27.832	88.2751	27.832	82.4353	27.832	87.5448	27.832	83.1396	27.832	86.6625	27.832	83.9328	27.832	85.7265	27.832	84.8029
29.2969	81.5997	29.2969	81.3426	29.2969	81.9187	29.2969	81.1412	29.2969	82.308	29.2969	80.9909	29.2969	82.7778	29.2969	80.8894	29.2969	83.3395	29.2969	80.8352	29.2969	84.0037	29.2969	80.8287	29.2969	84.7769	29.2969	80.8712	29.2969	85.6526	29.2969	80.965	29.2969	86.5995	29.2969	81.1137	29.2969	87.5574	29.2969	81.3216	29.2969	88.441	29.2969	81.5936	29.2969	89.1299	29.2969	81.9355	29.2969	89.4851	29.2969	82.353	29.2969	89.4281	29.2969	82.8511	29.2969	88.9942	29.2969	83.4339	29.2969	88.2947	29.2969	84.1028	29.2969	87.451	29.2969	84.8549	29.2969	86.5584	29.2969	85.6804
30.7617	82.5832	30.7617	82.3205	30.7617	82.9003	30.7617	82.1088	30.7617	83.2768	30.7617	81.9457	30.7617	83.719	30.7617	81.8301	30.7617	84.2348	30.7617	81.7613	30.7617	84.8334	30.7617	81.7397	30.7617	85.5223	30.7617	81.7666	30.7617	86.3017	30.7617	81.8436	30.7617	87.1517	30.7617	81.9735	30.7617	88.0239	30.7617	82.1597	30.7617	88.8395	30.7617	82.4061	30.7617	89.4813	30.7617	82.7175	30.7617	89.8118	30.7617	83.0991	30.7617	89.7513	30.7617	83.5557	30.7617	89.3313	30.7617	84.0919	30.7617	88.6595	30.7617	84.7099	30.7617	87.8541	30.7617	85.4088	30.7617	87.0076	30.7617	86.1807
32.2266	82.9638	32.2266	82.7186	32.2266	83.2595	32.2266	82.5218	32.2266	83.6096	32.2266	82.372	32.2266	84.0199	32.2266	82.2685	32.2266	84.4989	32.2266	82.2112	32.2266	85.058	32.2266	82.2005	32.2266	85.7079	32.2266	82.2369	32.2266	86.4514	32.2266	82.3218	32.2266	87.2707	32.2266	82.4568	32.2266	88.1193	32.2266	82.6444	32.2266	88.9195	32.2266	82.8876	32.2266	89.5543	32.2266	83.19	32.2266	89.8876	32.2266	83.5559	32.2266	89.8408	32.2266	83.9898	32.2266	89.4453	32.2266	84.496	32.2266	88.8072	32.2266	85.0775	32.2266	88.0424	32.2266	85.7343	32.2266	87.241	32.2266	86.4607
33.6914	83.3367	33.6914	83.0923	33.6914	83.628	33.6914	82.8938	33.6914	83.968	33.6914	82.7408	33.6914	84.3607	33.6914	82.6333	33.6914	84.8127	33.6914	82.5715	33.6914	85.3334	33.6914	82.5555	33.6914	85.9328	33.6914	82.5859	33.6914	86.6147	33.6914	82.6633	33.6914	87.3655	33.6914	82.7889	33.6914	88.1463	33.6914	82.9642	33.6914	88.887	33.6914	83.1914	33.6914	89.4772	33.6914	83.4735	33.6914	89.7856	33.6914	83.8141	33.6914	89.7342	33.6914	84.2174	33.6914	89.3516	33.6914	84.6875	33.6914	88.7402	33.6914	85.228	33.6914	88.0121	33.6914	85.8401	33.6914	87.2538	33.6914	86.5199
35.1562	83.5233	35.1562	83.2823	35.1562	83.8068	35.1562	83.0845	35.1562	84.1332	35.1562	82.9306	35.1562	84.5041	35.1562	82.8213	35.1562	84.9245	35.1562	82.7572	35.1562	85.4026	35.1562	82.7385	35.1562	85.9492	35.1562	82.7656	35.1562	86.571	35.1562	82.8387	35.1562	87.2602	35.1562	82.9584	35.1562	87.9844	35.1562	83.1255	35.1562	88.6785	35.1562	83.3414	35.1562	89.2363	35.1562	83.6081	35.1562	89.5296	35.1562	83.9284	35.1562	89.4813	35.1562	84.3057	35.1562	89.1177	35.1562	84.7441	35.1562	88.5378	35.1562	85.2471	35.1562	87.8499	35.1562	85.8167	35.1562	87.1371	35.1562	86.4504
36.6211	83.5848	36.6211	83.3511	36.6211	83.8578	36.6211	83.1583	36.6211	84.169	36.6211	83.008	36.6211	84.5189	36.6211	82.9013	36.6211	84.9107	36.6211	82.839	36.6211	85.3518	36.6211	82.8213	36.6211	85.8528	36.6211	82.8483	36.6211	86.4213	36.6211	82.9199	36.6211	87.053	36.6211	83.0359	36.6211	87.7217	36.6211	83.1965	36.6211	88.3695	36.6211	83.4024	36.6211	88.8961	36.6211	83.6548	36.6211	89.1767	36.6211	83.9556	36.6211	89.134	36.6211	84.3079	36.6211	88.7918	36.6211	84.7151	36.6211	88.2455	36.6211	85.181	36.6211	87.5997	36.6211	85.708	36.6211	86.9338	36.6211	86.2953
38.0859	83.6014	38.0859	83.3765	38.0859	83.8618	38.0859	83.1896	38.0859	84.1552	38.0859	83.043	38.0859	84.4805	38.0859	82.9383	38.0859	84.8396	38.0859	82.8766	38.0859	85.2389	38.0859	82.8581	38.0859	85.6891	38.0859	82.8827	38.0859	86.2003	38.0859	82.9501	38.0859	86.7729	38.0859	83.0597	38.0859	87.3864	38.0859	83.2113	38.0859	87.9885	38.0859	83.4047	38.0859	88.4841	38.0859	83.6406	38.0859	88.7521	38.0859	83.9203	38.0859	88.7155	38.0859	84.2463	38.0859	88.3955	38.0859	84.6215	38.0859	87.8838	38.0859	85.0496	38.0859	87.2815	38.0859	85.5337	38.0859	86.6635	38.0859	86.074
39.5508	83.602	39.5508	83.3831	39.5508	83.8536	39.5508	83.2002	39.5508	84.1344	39.5508	83.0562	39.5508	84.4421	39.5508	82.9529	39.5508	84.7774	39.5508	82.8916	39.5508	85.1453	39.5508	82.8725	39.5508	85.556	39.5508	82.8955	39.5508	86.0194	39.5508	82.9597	39.5508	86.5378	39.5508	83.0644	39.5508	87.096	39.5508	83.2086	39.5508	87.649	39.5508	83.3918	39.5508	88.1089	39.5508	83.6139	39.5508	88.3595	39.5508	83.8758	39.5508	88.325	39.5508	84.179	39.5508	88.0241	39.5508	84.5263	39.5508	87.5444	39.5508	84.9211	39.5508	86.9823	39.5508	85.3667	39.5508	86.4088	39.5508	85.8643
41.0156	83.6059	41.0156	83.3912	41.0156	83.8513	41.0156	83.2111	41.0156	84.1229	41.0156	83.0689	41.0156	84.4172	41.0156	82.9668	41.0156	84.7332	41.0156	82.9061	41.0156	85.0741	41.0156	82.8869	41.0156	85.4483	41.0156	82.9089	41.0156	85.866	41.0156	82.971	41.0156	86.3323	41.0156	83.072	41.0156	86.8382	41.0156	83.2105	41.0156	87.3448	41.0156	83.3856	41.0156	87.7699	41.0156	83.5965	41.0156	88.0028	41.0156	83.8433	41.0156	87.9695	41.0156	84.127	41.0156	87.687	41.0156	84.4499	41.0156	87.2386	41.0156	84.8149	41.0156	86.716	41.0156	85.2255	41.0156	86.1855	41.0156	85.6835
42.4805	83.6063	42.4805	83.3895	42.4805	83.8517	42.4805	83.206	42.4805	84.1204	42.4805	83.0595	42.4805	84.4076	42.4805	82.9525	42.4805	84.7102	42.4805	82.8863	42.4805	85.0293	42.4805	82.8614	42.4805	85.3708	42.4805	82.8772	42.4805	85.7436	42.4805	82.9325	42.4805	86.1542	42.4805	83.0259	42.4805	86.5973	42.4805	83.1556	42.4805	87.0417	42.4805	83.3201	42.4805	87.4157	42.4805	83.5181	42.4805	87.6181	42.4805	83.7492	42.4805	87.5779	42.4805	84.0137	42.4805	87.3088	42.4805	84.3132	42.4805	86.8882	42.4805	84.6503	42.4805	86.402	42.4805	85.0283	42.4805	85.9115	42.4805	85.4494
43.9453	83.5441	43.9453	83.3279	43.9453	83.7876	43.9453	83.1444	43.9453	84.0525	43.9453	82.9973	43.9453	84.3324	43.9453	82.8895	43.9453	84.6228	43.9453	82.8221	43.9453	84.9224	43.9453	82.7956	43.9453	85.2354	43.9453	82.8093	43.9453	85.5701	43.9453	82.8617	43.9453	85.9346	43.9453	82.951	43.9453	86.3271	43.9453	83.0753	43.9453	86.7224	43.9453	83.2324	43.9453	87.0578	43.9453	83.4208	43.9453	87.2391	43.9453	83.6394	43.9453	87.1975	43.9453	83.888	43.9453	86.9437	43.9453	84.1676	43.9453	86.5505	43.9453	84.4806	43.9453	86.0985	43.9453	84.8299	43.9453	85.6446	43.9453	85.2182
45.4102	83.5102	45.4102	83.298	45.4102	83.7488	45.4102	83.1178	45.4102	84.0073	45.4102	82.9735	45.4102	84.2788	45.4102	82.868	45.4102	84.5575	45.4102	82.8026	45.4102	84.8409	45.4102	82.7774	45.4102	85.1316	45.4102	82.7918	45.4102	85.4367	45.4102	82.8441	45.4102	85.7643	45.4102	82.9325	45.4102	86.1151	45.4102	83.0545	45.4102	86.4698	45.4102	83.2078	45.4102	86.7734	45.4102	83.3905	45.4102	86.9391	45.4102	83.6008	45.4102	86.901	45.4102	83.8381	45.4102	86.6672	45.4102	84.1027	45.4102	86.3052	45.4102	84.3963	45.4102	85.8897	45.4102	84.7213	45.4102	85.4727	45.4102	85.0803
46.875	83.532	46.875	83.3233	46.875	83.7664	46.875	83.1459	46.875	84.0195	46.875	83.0041	46.875	84.2838	46.875	82.9007	46.875	84.5522	46.875	82.8371	46.875	84.8211	46.875	82.8134	46.875	85.0913	46.875	82.8288	46.875	85.369	46.875	82.8816	46.875	85.6624	46.875	82.9697	46.875	85.9743	46.875	83.0904	46.875	86.2896	46.875	83.2411	46.875	86.5599	46.875	83.4193	46.875	86.7069	46.875	83.6228	46.875	86.6697	46.875	83.8503	46.875	86.4549	46.875	84.1013	46.875	86.1242	46.875	84.3767	46.875	85.7459	46.875	84.6782	46.875	85.3664	46.875	85.0081
48.3398	83.5667	48.3398	83.3552	48.3398	83.8035	48.3398	83.175	48.3398	84.0581	48.3398	83.0305	48.3398	84.3219	48.3398	82.9244	48.3398	84.5862	48.3398	82.8581	48.3398	84.8443	48.3398	82.8317	48.3398	85.0937	48.3398	82.8441	48.3398	85.3375	48.3398	82.8936	48.3398	85.5836	48.3398	82.9778	48.3398	85.8383	48.3398	83.0937	48.3398	86.0946	48.3398	83.2384	48.3398	86.3155	48.3398	83.4089	48.3398	86.4334	48.3398	83.6025	48.3398	86.3912	48.3398	83.8171	48.3398	86.1921	48.3398	84.0518	48.3398	85.8907	48.3398	84.3067	48.3398	85.5485	48.3398	84.5829	48.3398	85.2061	48.3398	84.8825
51.2695	83.5004	51.2695	83.2924	51.2695	83.7342	51.2695	83.1161	51.2695	83.9857	51.2695	82.9757	51.2695	84.2449	51.2695	82.8736	51.2695	84.5004	51.2695	82.8108	51.2695	84.7409	51.2695	82.7871	51.2695	84.9583	51.2695	82.801	51.2695	85.1506	51.2695	82.8505	51.2695	85.3235	51.2695	82.9326	51.2695	85.4878	51.2695	83.0441	51.2695	85.6497	51.2695	83.1813	51.2695	85.7933	51.2695	83.3406	51.2695	85.8698	51.2695	83.5184	51.2695	85.8283	51.2695	83.7116	51.2695	85.665	51.2695	83.9182	51.2695	85.422	51.2695	84.1369	51.2695	85.148	51.2695	84.3682	51.2695	84.8743	51.2695	84.6135
52.7344	83.5188	52.7344	83.3123	52.7344	83.751	52.7344	83.1375	52.7344	84.0007	52.7344	82.9984	52.7344	84.2574	52.7344	82.8974	52.7344	84.5088	52.7344	82.8354	52.7344	84.7424	52.7344	82.812	52.7344	84.9482	52.7344	82.8258	52.7344	85.1229	52.7344	82.8747	52.7344	85.2715	52.7344	82.9557	52.7344	85.405	52.7344	83.0654	52.7344	85.5326	52.7344	83.2	52.7344	85.646	52.7344	83.3555	52.7344	85.7051	52.7344	83.5283	52.7344	85.6631	52.7344	83.7147	52.7344	85.5143	52.7344	83.9123	52.7344	85.2948	52.7344	84.1192	52.7344	85.0476	52.7344	84.3354	52.7344	84.7997	52.7344	84.5617
54.1992	83.4922	54.1992	83.2863	54.1992	83.7242	54.1992	83.1125	54.1992	83.9741	54.1992	82.9746	54.1992	84.2309	54.1992	82.8749	54.1992	84.4814	54.1992	82.8139	54.1992	84.711	54.1992	82.7914	54.1992	84.9078	54.1992	82.8057	54.1992	85.066	54.1992	82.8547	54.1992	85.1883	54.1992	82.9352	54.1992	85.2851	54.1992	83.0438	54.1992	85.3706	54.1992	83.1765	54.1992	85.4475	54.1992	83.3291	54.1992	85.4869	54.1992	83.4975	54.1992	85.446	54.1992	83.6778	54.1992	85.3146	54.1992	83.8669	54.1992	85.1219	54.1992	84.0624	54.1992	84.9043	54.1992	84.2634	54.1992	84.6843	54.1992	84.4703
55.6641	83.4516	55.6641	83.2496	55.6641	83.6808	55.6641	83.0807	55.6641	83.9287	55.6641	82.9484	55.6641	84.1835	55.6641	82.8546	55.6641	84.4299	55.6641	82.7996	55.6641	84.651	55.6641	82.7829	55.6641	84.8316	55.6641	82.8027	55.6641	84.9639	55.6641	82.8564	55.6641	85.0506	55.6641	82.9409	55.6641	85.1054	55.6641	83.0525	55.6641	85.1512	55.6641	83.1867	55.6641	85.2026	55.6641	83.3392	55.6641	85.2382	55.6641	83.5054	55.6641	85.2141	55.6641	83.6809	55.6641	85.1142	55.6641	83.8617	55.6641	84.9599	55.6641	84.0448	55.6641	84.7813	55.6641	84.2284	55.6641	84.5966	55.6641	84.4121
58.5938	83.5908	58.5938	83.4004	58.5938	83.8068	58.5938	83.2417	58.5938	84.0391	58.5938	83.1186	58.5938	84.275	58.5938	83.0333	58.5938	84.4982	58.5938	82.9864	58.5938	84.6902	58.5938	82.9772	58.5938	84.8358	58.5938	83.0042	58.5938	84.9306	58.5938	83.0646	58.5938	84.9862	58.5938	83.1552	58.5938	85.0259	58.5938	83.2718	58.5938	85.0715	58.5938	83.4096	58.5938	85.1267	58.5938	83.5633	58.5938	85.1662	58.5938	83.7278	58.5938	85.1541	58.5938	83.8974	58.5938	85.0807	58.5938	84.0674	58.5938	84.9655	58.5938	84.2335	58.5938	84.8316	58.5938	84.393	58.5938	84.6908	58.5938	84.5451
60.0586	83.5842	60.0586	83.3774	60.0586	83.82	60.0586	83.2054	60.0586	84.0754	60.0586	83.0719	60.0586	84.3373	60.0586	82.9785	60.0586	84.5882	60.0586	82.9255	60.0586	84.8077	60.0586	82.9121	60.0586	84.9773	60.0586	82.9362	60.0586	85.0882	60.0586	82.9952	60.0586	85.1457	60.0586	83.0853	60.0586	85.1669	60.0586	83.2022	60.0586	85.1724	60.0586	83.341	60.0586	85.1745	60.0586	83.4962	60.0586	85.1638	60.0586	83.6623	60.0586	85.1165	60.0586	83.8336	60.0586	85.0244	60.0586	84.0048	60.0586	84.9021	60.0586	84.1717	60.0586	84.767	60.0586	84.3313	60.0586	84.6272	60.0586	84.4828
62.9883	83.4765	62.9883	83.2612	62.9883	83.7263	62.9883	83.0855	62.9883	84.0019	62.9883	82.952	62.9883	84.2894	62.9883	82.8614	62.9883	84.5695	62.9883	82.8132	62.9883	84.8182	62.9883	82.8058	62.9883	85.0118	62.9883	82.8369	62.9883	85.1353	62.9883	82.9033	62.9883	85.1872	62.9883	83.0013	62.9883	85.1785	62.9883	83.1261	62.9883	85.1312	62.9883	83.2725	62.9883	85.0721	62.9883	83.4346	62.9883	85.0133	62.9883	83.6062	62.9883	84.945	62.9883	83.7809	62.9883	84.8581	62.9883	83.9528	62.9883	84.7566	62.9883	84.1165	62.9883	84.6476	62.9883	84.2684	62.9883	84.5319	62.9883	84.4066
64.4531	83.4405	64.4531	83.23	64.4531	83.6869	64.4531	83.0598	64.4531	83.9609	64.4531	82.9319	64.4531	84.2493	64.4531	82.8466	64.4531	84.5327	64.4531	82.8031	64.4531	84.7862	64.4531	82.7997	64.4531	84.9851	64.4531	82.8343	64.4531	85.1123	64.4531	82.9037	64.4531	85.1639	64.4531	83.0042	64.4531	85.1486	64.4531	83.1313	64.4531	85.0884	64.4531	83.2796	64.4531	85.0141	64.4531	83.4432	64.4531	84.9445	64.4531	83.6156	64.4531	84.875	64.4531	83.7902	64.4531	84.7961	64.4531	83.9607	64.4531	84.7084	64.4531	84.1213	64.4531	84.6143	64.4531	84.2678	64.4531	84.5123	64.4531	84.3979
67.3828	83.4498	67.3828	83.237	67.3828	83.701	67.3828	83.0663	67.3828	83.983	67.3828	82.9391	67.3828	84.2822	67.3828	82.8549	67.3828	84.578	67.3828	82.8127	67.3828	84.8432	67.3828	82.8107	67.3828	85.0498	67.3828	82.8468	67.3828	85.1774	67.3828	82.918	67.3828	85.2186	67.3828	83.0206	67.3828	85.1793	67.3828	83.15	67.3828	85.081	67.3828	83.3007	67.3828	84.9616	67.3828	83.4665	67.3828	84.8548	67.3828	83.6402	67.3828	84.7689	67.3828	83.8147	67.3828	84.6961	67.3828	83.9828	67.3828	84.6291	67.3828	84.1378	67.3828	84.561	67.3828	84.2744	67.3828	84.4837	67.3828	84.3896
68.8477	83.4985	68.8477	83.2839	68.8477	83.7524	68.8477	83.112	68.8477	84.038	68.8477	82.9839	68.8477	84.3414	68.8477	82.8991	68.8477	84.6411	68.8477	82.8562	68.8477	84.9087	68.8477	82.8536	68.8477	85.1143	68.8477	82.889	68.8477	85.2359	68.8477	82.9596	68.8477	85.2652	68.8477	83.0617	68.8477	85.2076	68.8477	83.1907	68.8477	85.0854	68.8477	83.341	68.8477	84.9401	68.8477	83.506	68.8477	84.8123	68.8477	83.6784	68.8477	84.717	68.8477	83.8506	68.8477	84.6472	68.8477	84.0148	68.8477	84.5917	68.8477	84.164	68.8477	84.539	68.8477	84.2924	68.8477	84.4772	68.8477	84.3967
71.7773	83.5323	71.7773	83.3198	71.7773	83.7869	71.7773	83.1517	71.7773	84.0771	71.7773	83.0277	71.7773	84.3889	71.7773	82.9463	71.7773	84.7	71.7773	82.9056	71.7773	84.9794	71.7773	82.9037	71.7773	85.1941	71.7773	82.9383	71.7773	85.3188	71.7773	83.0068	71.7773	85.3413	71.7773	83.1056	71.7773	85.2626	71.7773	83.2304	71.7773	85.1022	71.7773	83.3756	71.7773	84.9061	71.7773	83.5346	71.7773	84.7299	71.7773	83.6998	71.7773	84.6043	71.7773	83.8631	71.7773	84.5271	71.7773	84.0165	71.7773	84.4815	71.7773	84.1523	71.7773	84.448	71.7773	84.2644	71.7773	84.4084	71.7773	84.3495
74.707	83.659	74.707	83.4493	74.707	83.9134	74.707	83.286	74.707	84.2062	74.707	83.168	74.707	84.5235	74.707	83.0931	74.707	84.8418	74.707	83.0592	74.707	85.1283	74.707	83.0638	74.707	85.3476	74.707	83.1047	74.707	85.4714	74.707	83.1792	74.707	85.4847	74.707	83.2836	74.707	85.3868	74.707	83.4136	74.707	85.1988	74.707	83.5631	74.707	84.9737	74.707	83.7253	74.707	84.778	74.707	83.8922	74.707	84.6502	74.707	84.0551	74.707	84.5874	74.707	84.2052	74.707	84.5659	74.707	84.3343	74.707	84.559	74.707	84.4357	74.707	84.5439	74.707	84.5053
77.6367	83.6681	77.6367	83.4478	77.6367	83.9386	77.6367	83.2787	77.6367	84.2526	77.6367	83.1591	77.6367	84.595	77.6367	83.0861	77.6367	84.94	77.6367	83.0567	77.6367	85.2516	77.6367	83.0683	77.6367	85.4904	77.6367	83.118	77.6367	85.6247	77.6367	83.2029	77.6367	85.6372	77.6367	83.3192	77.6367	85.5264	77.6367	83.4618	77.6367	85.3143	77.6367	83.6243	77.6367	85.0576	77.6367	83.7991	77.6367	84.8328	77.6367	83.9775	77.6367	84.6894	77.6367	84.15	77.6367	84.6279	77.6367	84.3068	77.6367	84.6193	77.6367	84.439	77.6367	84.6293	77.6367	84.539	77.6367	84.6297	77.6367	84.6024
79.1016	83.6497	79.1016	83.426	79.1016	83.9266	79.1016	83.256	79.1016	84.2503	79.1016	83.1373	79.1016	84.6055	79.1016	83.0665	79.1016	84.9653	79.1016	83.0401	79.1016	85.2922	79.1016	83.0554	79.1016	85.5448	79.1016	83.1094	79.1016	85.6897	79.1016	83.1992	79.1016	85.7077	79.1016	83.3208	79.1016	85.5955	79.1016	83.4692	79.1016	85.3734	79.1016	83.6378	79.1016	85.0993	79.1016	83.8185	79.1016	84.8554	79.1016	84.0024	79.1016	84.6992	79.1016	84.1795	79.1016	84.6345	79.1016	84.3396	79.1016	84.63	79.1016	84.4734	79.1016	84.6473	79.1016	84.5728	79.1016	84.6549	79.1016	84.633
82.0312	83.6089	82.0312	83.3818	82.0312	83.8945	82.0312	83.2121	82.0312	84.233	82.0312	83.0962	82.0312	84.6087	82.0312	83.0294	82.0312	84.9931	82.0312	83.0077	82.0312	85.3457	82.0312	83.0279	82.0312	85.6214	82.0312	83.0871	82.0312	85.7821	82.0312	83.1824	82.0312	85.8039	82.0312	83.3098	82.0312	85.6784	82.0312	83.4643	82.0312	85.4226	82.0312	83.6389	82.0312	85.0984	82.0312	83.825	82.0312	84.8037	82.0312	84.013	82.0312	84.6147	82.0312	84.192	82.0312	84.5422	82.0312	84.351	82.0312	84.5493	82.0312	84.4797	82.0312	84.5875	82.0312	84.5694	82.0312	84.6174	82.0312	84.6149
84.9609	83.5505	84.9609	83.3185	84.9609	83.8455	84.9609	83.1478	84.9609	84.1981	84.9609	83.0334	84.9609	84.5918	84.9609	82.9697	84.9609	84.9957	84.9609	82.952	84.9609	85.3659	84.9609	82.9769	84.9609	85.6537	84.9609	83.0413	84.9609	85.8173	84.9609	83.1424	84.9609	85.8288	84.9609	83.2762	84.9609	85.6762	84.9609	83.4371	84.9609	85.3761	84.9609	83.6179	84.9609	84.9987	84.9609	83.8094	84.9609	84.6583	84.9609	84.0008	84.9609	84.4467	84.9609	84.1805	84.9609	84.3781	84.9609	84.3363	84.9609	84.4075	84.9609	84.457	84.9609	84.4756	84.9609	84.533	84.9609	84.5355	84.9609	84.5588
87.8906	83.4207	87.8906	83.1823	87.8906	83.7282	87.8906	83.01	87.8906	84.0998	87.8906	82.8973	87.8906	84.5177	87.8906	82.8372	87.8906	84.9482	87.8906	82.8241	87.8906	85.3441	87.8906	82.8539	87.8906	85.6526	87.8906	82.9238	87.8906	85.8292	87.8906	83.0306	87.8906	85.8436	87.8906	83.1706	87.8906	85.6815	87.8906	83.3381	87.8906	85.358	87.8906	83.5255	87.8906	84.9442	87.8906	83.7231	87.8906	84.5627	87.8906	83.9195	87.8906	84.3198	87.8906	84.1023	87.8906	84.2385	87.8906	84.2588	87.8906	84.2712	87.8906	84.3769	87.8906	84.3515	87.8906	84.4467	87.8906	84.426	87.8906	84.4624
90.8203	83.291	90.8203	83.0538	90.8203	83.605	90.8203	82.8884	90.8203	83.9919	90.8203	82.786	90.8203	84.4331	90.8203	82.7376	90.8203	84.8918	90.8203	82.7368	90.8203	85.3161	90.8203	82.7789	90.8203	85.6478	90.8203	82.8609	90.8203	85.8367	90.8203	82.9797	90.8203	85.8478	90.8203	83.1314	90.8203	85.6632	90.8203	83.3102	90.8203	85.2977	90.8203	83.5077	90.8203	84.8289	90.8203	83.7135	90.8203	84.3973	90.8203	83.9154	90.8203	84.1291	90.8203	84.0997	90.8203	84.0536	90.8203	84.2529	90.8203	84.1141	90.8203	84.3617	90.8203	84.2309	90.8203	84.4156	90.8203	84.3412	90.8203	84.4081
95.2148	83.0731	95.2148	82.8386	95.2148	83.3931	95.2148	82.6807	95.2148	83.7972	95.2148	82.5871	95.2148	84.267	95.2148	82.547	95.2148	84.7626	95.2148	82.5532	95.2148	85.2266	95.2148	82.6013	95.2148	85.5942	95.2148	82.6892	95.2148	85.8084	95.2148	82.815	95.2148	85.828	95.2148	82.9754	95.2148	85.6286	95.2148	83.1645	95.2148	85.2188	95.2148	83.3735	95.2148	84.678	95.2148	83.5906	95.2148	84.1668	95.2148	83.8018	95.2148	83.8439	95.2148	83.9919	95.2148	83.7563	95.2148	84.145	95.2148	83.8395	95.2148	84.2463	95.2148	83.9957	95.2148	84.2836	95.2148	84.1475	95.2148	84.2499
98.1445	82.9385	98.1445	82.7095	98.1445	83.2571	98.1445	82.5589	98.1445	83.6655	98.1445	82.4725	98.1445	84.1454	98.1445	82.4385	98.1445	84.6551	98.1445	82.4491	98.1445	85.1335	98.1445	82.5007	98.1445	85.5122	98.1445	82.5918	98.1445	85.7312	98.1445	82.7211	98.1445	85.7465	98.1445	82.8858	98.1445	85.5308	98.1445	83.0799	98.1445	85.0901	98.1445	83.294	98.1445	84.5052	98.1445	83.5156	98.1445	83.948	98.1445	83.7295	98.1445	83.5968	98.1445	83.919	98.1445	83.5088	98.1445	84.0671	98.1445	83.6141	98.1445	84.1581	98.1445	83.8032	98.1445	84.1786	98.1445	83.989	98.1445	84.1212
101.074	84.6721	101.074	84.3819	101.074	84.9473	101.074	84.0879	101.074	85.1968	101.074	83.8024	101.074	85.4112	101.074	83.5376	101.074	85.5819	101.074	83.3055	101.074	85.7019	101.074	83.1164	101.074	85.7654	101.074	82.9785	101.074	85.7687	101.074	82.8964	101.074	85.7113	101.074	82.8709	101.074	85.5965	101.074	82.8984	101.074	85.4328	101.074	82.972	101.074	85.2337	101.074	83.082	101.074	85.0163	101.074	83.2174	101.074	84.7981	101.074	83.3673	101.074	84.5935	101.074	83.522	101.074	84.41	101.074	83.6743	101.074	84.2479	101.074	83.8206	101.074	84.1012	101.074	83.9614
105.469	84.7445	105.469	84.4367	105.469	85.0325	105.469	84.1207	105.469	85.2903	105.469	83.8089	105.469	85.5081	105.469	83.5142	105.469	85.6774	105.469	83.2498	105.469	85.7906	105.469	83.0277	105.469	85.842	105.469	82.8581	105.469	85.8277	105.469	82.7479	105.469	85.7478	105.469	82.6996	105.469	85.6069	105.469	82.7113	105.469	85.4155	105.469	82.7766	105.469	85.1897	105.469	82.8856	105.469	84.9494	105.469	83.0265	105.469	84.7141	105.469	83.1869	105.469	84.4984	105.469	83.3554	105.469	84.3083	105.469	83.523	105.469	84.1408	105.469	83.6841	105.469	83.9873	105.469	83.8377
108.398	84.9437	108.398	84.6301	108.398	85.2363	108.398	84.3064	108.398	85.4978	108.398	83.9843	108.398	85.7194	108.398	83.6768	108.398	85.8929	108.398	83.3968	108.398	86.0113	108.398	83.157	108.398	86.0688	108.398	82.9687	108.398	86.0617	108.398	82.8402	108.398	85.9895	108.398	82.7758	108.398	85.8559	108.398	82.7751	108.398	85.6701	108.398	82.833	108.398	85.4466	108.398	82.9402	108.398	85.2037	108.398	83.085	108.398	84.9602	108.398	83.2544	108.398	84.7304	108.398	83.4366	108.398	84.5212	108.398	83.6217	108.398	84.3312	108.398	83.8034	108.398	84.1535	108.398	83.9798
112.793	84.9127	112.793	84.6068	112.793	85.1973	112.793	84.2902	112.793	85.4512	112.793	83.9746	112.793	85.6657	112.793	83.6724	112.793	85.833	112.793	83.3967	112.793	85.9464	112.793	83.1602	112.793	86.0005	112.793	82.9745	112.793	85.9921	112.793	82.8486	112.793	85.9209	112.793	82.7876	112.793	85.7913	112.793	82.7917	112.793	85.6133	112.793	82.8562	112.793	85.402	112.793	82.9718	112.793	85.1759	112.793	83.1264	112.793	84.953	112.793	83.3063	112.793	84.7456	112.793	83.4983	112.793	84.5579	112.793	83.6912	112.793	84.3858	112.793	83.8772	112.793	84.2206	112.793	84.0532
117.188	84.7375	117.188	84.4299	117.188	85.0243	117.188	84.1121	117.188	85.2809	117.188	83.7954	117.188	85.4989	117.188	83.4923	117.188	85.6709	117.188	83.2158	117.188	85.7901	117.188	82.9788	117.188	85.8515	117.188	82.7929	117.188	85.8517	117.188	82.6677	117.188	85.7903	117.188	82.6086	117.188	85.6711	117.188	82.6166	117.188	85.5032	117.188	82.6871	117.188	85.3007	117.188	82.8109	117.188	85.0812	117.188	82.9755	117.188	84.8624	117.188	83.1665	117.188	84.6567	117.188	83.3697	117.188	84.4685	117.188	83.5733	117.188	84.2943	117.188	83.7688	117.188	84.1254	117.188	83.9523
120.117	84.7292	120.117	84.4166	120.117	85.0191	120.117	84.0919	120.117	85.2771	120.117	83.767	120.117	85.4949	120.117	83.4549	120.117	85.6658	120.117	83.1694	120.117	85.784	120.117	82.9239	120.117	85.8453	120.117	82.731	120.117	85.8473	120.117	82.6007	120.117	85.7902	120.117	82.5391	120.117	85.6779	120.117	82.5474	120.117	85.5189	120.117	82.6212	120.117	85.3264	120.117	82.7515	120.117	85.1162	120.117	82.9253	120.117	84.9043	120.117	83.128	120.117	84.7019	120.117	83.3449	120.117	84.5128	120.117	83.5631	120.117	84.3334	120.117	83.7733	120.117	84.1555	120.117	83.9706
124.512	84.86	124.512	84.5464	124.512	85.1513	124.512	84.2205	124.512	85.4118	124.512	83.8941	124.512	85.6346	124.512	83.5804	124.512	85.8138	124.512	83.2938	124.512	85.9452	124.512	83.0491	124.512	86.0254	124.512	82.8604	124.512	86.0528	124.512	82.7394	124.512	86.0278	124.512	82.6934	124.512	85.9535	124.512	82.7244	124.512	85.8368	124.512	82.8279	124.512	85.6877	124.512	82.9936	124.512	85.5189	124.512	83.2066	124.512	85.3422	124.512	83.45	124.512	85.1656	124.512	83.7067	124.512	84.9911	124.512	83.9618	124.512	84.8146	124.512	84.2039	124.512	84.6288	124.512	84.4266
128.906	84.723	128.906	84.4121	128.906	85.0074	128.906	84.0846	128.906	85.2573	128.906	83.7524	128.906	85.4665	128.906	83.4291	128.906	85.6306	128.906	83.1295	128.906	85.7465	128.906	82.8696	128.906	85.8132	128.906	82.6649	128.906	85.8308	128.906	82.5287	128.906	85.8018	128.906	82.4708	128.906	85.7308	128.906	82.4951	128.906	85.625	128.906	82.5984	128.906	85.494	128.906	82.771	128.906	85.3478	128.906	82.9976	128.906	85.1952	128.906	83.2597	128.906	85.0404	128.906	83.5381	128.906	84.8818	128.906	83.8152	128.906	84.7132	128.906	84.0773	128.906	84.5267	128.906	84.3156
133.301	84.8657	133.301	84.5592	133.301	85.1409	133.301	84.2316	133.301	85.377	133.301	83.8946	133.301	85.5682	133.301	83.5624	133.301	85.7106	133.301	83.2501	133.301	85.8025	133.301	82.9742	133.301	85.8443	133.301	82.7507	133.301	85.8382	133.301	82.5943	133.301	85.7886	133.301	82.516	133.301	85.7023	133.301	82.5216	133.301	85.5881	133.301	82.6098	133.301	85.4559	133.301	82.7721	133.301	85.3151	133.301	82.9937	133.301	85.1723	133.301	83.2555	133.301	85.0289	133.301	83.5372	133.301	84.8809	133.301	83.8194	133.301	84.7203	133.301	84.0862	133.301	84.538	133.301	84.3272
139.16	84.8446	139.16	84.5424	139.16	85.1107	139.16	84.2146	139.16	85.333	139.16	83.8737	139.16	85.5057	139.16	83.5343	139.16	85.6257	139.16	83.2124	139.16	85.6925	139.16	82.9251	139.16	85.7079	139.16	82.6892	139.16	85.6763	139.16	82.5199	139.16	85.6046	139.16	82.4288	139.16	85.5017	139.16	82.422	139.16	85.3783	139.16	82.4986	139.16	85.2448	139.16	82.6506	139.16	85.1094	139.16	82.8635	139.16	84.9762	139.16	83.1184	139.16	84.8439	139.16	83.3946	139.16	84.7064	139.16	83.6724	139.16	84.5543	139.16	83.9354	139.16	84.3784	139.16	84.1725
143.555	84.8339	143.555	84.5298	143.555	85.0954	143.555	84.1938	143.555	85.3065	143.555	83.8387	143.555	85.4626	143.555	83.4803	143.555	85.5616	143.555	83.1358	143.555	85.6048	143.555	82.824	143.555	85.5963	143.555	82.5636	143.555	85.5432	143.555	82.3718	143.555	85.4551	143.555	82.2623	143.555	85.3432	143.555	82.2429	143.555	85.2193	143.555	82.314	143.555	85.0939	143.555	82.4679	143.555	84.9735	143.555	82.6899	143.555	84.8593	143.555	82.9599	143.555	84.7461	143.555	83.2554	143.555	84.6239	143.555	83.5541	143.555	84.4802	143.555	83.8369	143.555	84.3041	143.555	84.0895
147.949	84.8081	147.949	84.5034	147.949	85.0638	147.949	84.1605	147.949	85.2624	147.949	83.7932	147.949	85.3992	147.949	83.4177	147.949	85.4726	147.949	83.0523	147.949	85.4848	147.949	82.7168	147.949	85.4411	147.949	82.4314	147.949	85.3505	147.949	82.2147	147.949	85.2247	147.949	82.0818	147.949	85.0773	147.949	82.0416	147.949	84.9217	147.949	82.0951	147.949	84.7696	147.949	82.2343	147.949	84.6286	147.949	82.4433	147.949	84.5007	147.949	82.701	147.949	84.3816	147.949	82.9833	147.949	84.2614	147.949	83.2672	147.949	84.1269	147.949	83.5334	147.949	83.9653	147.949	83.7681
153.809	84.9289	153.809	84.6223	153.809	85.1705	153.809	84.2619	153.809	85.3395	153.809	83.862	153.809	85.4317	153.809	83.4398	153.809	85.447	153.809	83.0156	153.809	85.3899	153.809	82.6117	153.809	85.27	153.809	82.252	153.809	85.1018	153.809	81.9596	153.809	84.9042	153.809	81.7546	153.809	84.6975	153.809	81.6507	153.809	84.4999	153.809	81.6523	153.809	84.3234	153.809	81.7535	153.809	84.1712	153.809	81.9384	153.809	84.0388	153.809	82.1838	153.809	83.9163	153.809	82.4632	153.809	83.7907	153.809	82.7508	153.809	83.6481	153.809	83.0246	153.809	83.4768	153.809	83.2691
159.668	85.354	159.668	85.0578	159.668	85.5801	159.668	84.7023	159.668	85.7282	159.668	84.3008	159.668	85.7938	159.668	83.8699	159.668	85.7758	159.668	83.4288	159.668	85.6779	159.668	82.9995	159.668	85.5091	159.668	82.6061	159.668	85.2848	159.668	82.2734	159.668	85.0268	159.668	82.024	159.668	84.7614	159.668	81.8749	159.668	84.5142	159.668	81.8339	159.668	84.3037	159.668	81.8974	159.668	84.1358	159.668	82.0504	159.668	84.0035	159.668	82.2699	159.668	83.8909	159.668	82.5287	159.668	83.7787	159.668	82.7998	159.668	83.6495	159.668	83.0603	159.668	83.49	159.668	83.2933
165.527	85.6154	165.527	85.3242	165.527	85.8341	165.527	84.9709	165.527	85.9721	165.527	84.568	165.527	86.0243	165.527	84.1305	165.527	85.9887	165.527	83.6753	165.527	85.8675	165.527	83.2219	165.527	85.6684	165.527	82.7921	165.527	85.4055	165.527	82.4095	165.527	85.1003	165.527	82.0985	165.527	84.7806	165.527	81.8809	165.527	84.4765	165.527	81.7723	165.527	84.213	165.527	81.7773	165.527	84.0029	165.527	81.8876	165.527	83.8432	165.527	82.0824	165.527	83.7176	165.527	82.3326	165.527	83.6026	165.527	82.6064	165.527	83.4747	165.527	82.8744	165.527	83.3153	165.527	83.1148
171.387	85.5718	171.387	85.2862	171.387	85.7878	171.387	84.9424	171.387	85.9252	171.387	84.5543	171.387	85.9779	171.387	84.1373	171.387	85.9436	171.387	83.7088	171.387	85.8242	171.387	83.2872	171.387	85.627	171.387	82.8924	171.387	85.3661	171.387	82.5447	171.387	85.0627	171.387	82.2638	171.387	84.7442	171.387	82.0669	171.387	84.4403	171.387	81.9662	171.387	84.1761	171.387	81.965	171.387	83.9649	171.387	82.0567	171.387	83.8052	171.387	82.2243	171.387	83.6822	171.387	82.4429	171.387	83.5741	171.387	82.6845	171.387	83.458	171.387	82.9226	171.387	83.3155	171.387	83.1368
177.246	85.4515	177.246	85.1621	177.246	85.67	177.246	84.8135	177.246	85.8089	177.246	84.4199	177.246	85.8626	177.246	83.9982	177.246	85.8295	177.246	83.5678	177.246	85.7125	177.246	83.1499	177.246	85.5203	177.246	82.7674	177.246	85.2686	177.246	82.4433	177.246	84.9802	177.246	82.1988	177.246	84.6837	177.246	82.0504	177.246	84.409	177.246	82.007	177.246	84.1804	177.246	82.0668	177.246	84.0099	177.246	82.2169	177.246	83.8941	177.246	82.4345	177.246	83.8164	177.246	82.6907	177.246	83.7523	177.246	82.9551	177.246	83.6757	177.246	83.2006	177.246	83.565	177.246	83.4072
183.105	85.2251	183.105	84.9319	183.105	85.4416	183.105	84.5737	183.105	85.5724	183.105	84.165	183.105	85.6125	183.105	83.723	183.105	85.5614	183.105	83.2672	183.105	85.4241	183.105	82.8199	183.105	85.2126	183.105	82.4061	183.105	84.9466	183.105	82.052	183.105	84.6531	183.105	81.7832	183.105	84.3633	183.105	81.621	183.105	84.1062	183.105	81.5772	183.105	83.901	183.105	81.6504	183.105	83.7526	183.105	81.825	183.105	83.6521	183.105	82.0735	183.105	83.5814	183.105	82.3617	183.105	83.5176	183.105	82.6551	183.105	83.4368	183.105	82.9241	183.105	83.3182	183.105	83.1483
188.965	85.4386	188.965	85.1387	188.965	85.6512	188.965	84.764	188.965	85.7665	188.965	84.3295	188.965	85.7776	188.965	83.8522	188.965	85.6823	188.965	83.3513	188.965	85.4838	188.965	82.8482	188.965	85.1934	188.965	82.3673	188.965	84.8328	188.965	81.9357	188.965	84.4363	188.965	81.5821	188.965	84.0486	188.965	81.3342	188.965	83.7159	188.965	81.2128	188.965	83.4709	188.965	81.2259	188.965	83.3198	188.965	81.3641	188.965	83.2423	188.965	81.6009	188.965	83.2024	188.965	81.8986	188.965	83.1619	188.965	82.2159	188.965	83.0888	188.965	82.5154	188.965	82.9613	188.965	82.7692
196.289	86.1217	196.289	85.819	196.289	86.3287	196.289	85.4353	196.289	86.4278	196.289	84.9871	196.289	86.4099	196.289	84.4923	196.289	86.2711	196.289	83.9702	196.289	86.0135	196.289	83.4411	196.289	85.6486	196.289	82.9278	196.289	85.1994	196.289	82.4547	196.289	84.7027	196.289	82.0482	196.289	84.2071	196.289	81.734	196.289	83.7644	196.289	81.5334	196.289	83.4146	196.289	81.4573	196.289	83.1728	196.289	81.502	196.289	83.0268	196.289	81.648	196.289	82.9453	196.289	81.8635	196.289	82.8899	196.289	82.1105	196.289	82.8235	196.289	82.3526	196.289	82.7185	196.289	82.5609
203.613	85.9613	203.613	85.6568	203.613	86.179	203.613	85.2794	203.613	86.2977	203.613	84.8447	203.613	86.3083	203.613	84.3695	203.613	86.2056	203.613	83.8719	203.613	85.9901	203.613	83.372	203.613	85.67	203.613	82.8923	203.613	85.264	203.613	82.4581	203.613	84.8041	203.613	82.0968	203.613	84.3359	203.613	81.8347	203.613	83.9122	203.613	81.692	203.613	83.5787	203.613	81.6764	203.613	83.3573	203.613	81.7789	203.613	83.2396	203.613	81.9741	203.613	83.1933	203.613	82.2254	203.613	83.1756	203.613	82.4924	203.613	83.1454	203.613	82.7384	203.613	83.0713	203.613	82.9361
210.938	85.6548	210.938	85.3556	210.938	85.8684	210.938	84.986	210.938	85.9834	210.938	84.5622	210.938	85.9899	210.938	84.1003	210.938	85.8828	210.938	83.6171	210.938	85.6637	210.938	83.1298	210.938	85.3435	210.938	82.6577	210.938	84.9455	210.938	82.2237	210.938	84.5087	210.938	81.8551	210.938	84.0859	210.938	81.5821	210.938	83.7349	210.938	81.433	210.938	83.4984	210.938	81.4259	210.938	83.3854	210.938	81.5597	210.938	83.3685	210.938	81.8113	210.938	83.398	210.938	82.139	210.938	83.4214	210.938	82.4931	210.938	83.3954	210.938	82.8259	210.938	83.2919	210.938	83.0999
218.262	85.7034	218.262	85.3757	218.262	85.9415	218.262	84.9774	218.262	86.0726	218.262	84.5283	218.262	86.0831	218.262	84.0471	218.262	85.9635	218.262	83.5507	218.262	85.7106	218.262	83.0541	218.262	85.3283	218.262	82.572	218.262	84.8312	218.262	82.1203	218.262	84.2478	218.262	81.7183	218.262	83.625	218.262	81.3885	218.262	83.0286	218.262	81.1551	218.262	82.5328	218.262	81.0376	218.262	82.1971	218.262	81.0436	218.262	82.0381	218.262	81.162	218.262	82.0201	218.262	81.3626	218.262	82.0719	218.262	81.6016	218.262	82.1185	218.262	81.8307	218.262	82.1052	218.262	82.0077
225.586	85.8649	225.586	85.53	225.586	86.1038	225.586	85.121	225.586	86.2293	225.586	84.6625	225.586	86.2298	225.586	84.1797	225.586	86.1011	225.586	83.696	225.586	85.8479	225.586	83.2318	225.586	85.485	225.586	82.8046	225.586	85.039	225.586	82.4297	225.586	84.5481	225.586	82.1224	225.586	84.0584	225.586	81.8986	225.586	83.6153	225.586	81.773	225.586	83.2542	225.586	81.7545	225.586	82.9946	225.586	81.8397	225.586	82.8413	225.586	82.0093	225.586	82.7838	225.586	82.2286	225.586	82.7934	225.586	82.4551	225.586	82.8254	225.586	82.6478	225.586	82.8317	225.586	82.7769
232.91	86.0068	232.91	85.6602	232.91	86.2404	232.91	85.2235	232.91	86.3429	232.91	84.723	232.91	86.3017	232.91	84.1871	232.91	86.1111	232.91	83.6449	232.91	85.774	232.91	83.1238	232.91	85.305	232.91	82.6488	232.91	84.7355	232.91	82.2417	232.91	84.1188	232.91	81.9215	232.91	83.5295	232.91	81.7048	232.91	83.0492	232.91	81.6042	232.91	82.7377	232.91	81.6255	232.91	82.6088	232.91	81.7623	232.91	82.6318	232.91	81.9924	232.91	82.7503	232.91	82.2777	232.91	82.8994	232.91	82.5703	232.91	83.0174	232.91	82.8214	232.91	83.0564	232.91	82.9911
241.699	85.8584	241.699	85.5036	241.699	86.1011	241.699	85.0603	241.699	86.2115	241.699	84.5542	241.699	86.1746	241.699	84.0116	241.699	85.982	241.699	83.4579	241.699	85.6336	241.699	82.917	241.699	85.141	241.699	82.4111	241.699	84.5322	241.699	81.9622	241.699	83.8556	241.699	81.5923	241.699	83.1794	241.699	81.3224	241.699	82.5796	241.699	81.1689	241.699	82.1162	241.699	81.1381	241.699	81.8174	241.699	81.2205	241.699	81.6814	241.699	81.3886	241.699	81.6852	241.699	81.6007	241.699	81.7847	241.699	81.8082	241.699	81.917	241.699	81.9653	241.699	82.0172	241.699	82.0389
250.488	85.6686	250.488	85.216	250.488	85.9934	250.488	84.6652	250.488	86.1681	250.488	84.0528	250.488	86.1784	250.488	83.4193	250.488	86.0185	250.488	82.8049	250.488	85.6917	250.488	82.2444	250.488	85.2142	250.488	81.7631	250.488	84.619	250.488	81.3764	250.488	83.9608	250.488	81.094	250.488	83.3136	250.488	80.9236	250.488	82.7532	250.488	80.8731	250.488	82.3293	250.488	80.9453	250.488	82.0527	250.488	81.1302	250.488	81.9132	250.488	81.398	250.488	81.8993	250.488	81.7002	250.488	81.9876	250.488	81.9787	250.488	82.126	250.488	82.1804	250.488	82.2412	250.488	82.2697
259.277	86.432	259.277	86.0132	259.277	86.6932	259.277	85.461	259.277	86.7764	259.277	84.8028	259.277	86.6659	259.277	84.0694	259.277	86.3522	259.277	83.2959	259.277	85.8357	259.277	82.5218	259.277	85.1336	259.277	81.791	259.277	84.2921	259.277	81.1495	259.277	83.4014	259.277	80.6399	259.277	82.5971	259.277	80.2941	259.277	82.0159	259.277	80.1267	259.277	81.7113	259.277	80.1322	259.277	81.622	259.277	80.2854	259.277	81.64	259.277	80.545	259.277	81.6873	259.277	80.8588	259.277	81.7293	259.277	81.1718	259.277	81.7477	259.277	81.4361	259.277	81.7203	259.277	81.6213
268.066	86.3371	268.066	85.84	268.066	86.7011	268.066	85.2373	268.066	86.9076	268.066	84.5591	268.066	86.936	268.066	83.8366	268.066	86.7702	268.066	83.1016	268.066	86.3997	268.066	82.3863	268.066	85.8225	268.066	81.7244	268.066	85.0532	268.066	81.151	268.066	84.1371	268.066	80.7022	268.066	83.1687	268.066	80.4094	268.066	82.2927	268.066	80.291	268.066	81.651	268.066	80.3422	268.066	81.2967	268.066	80.5314	268.066	81.1766	268.066	80.8056	268.066	81.2043	268.066	81.1022	268.066	81.3143	268.066	81.3618	268.066	81.454	268.066	81.5383	268.066	81.5684	268.066	81.6065
276.855	85.6537	276.855	85.1409	276.855	86.0509	276.855	84.5377	276.855	86.3092	276.855	83.8697	276.855	86.4097	276.855	83.1605	276.855	86.3382	276.855	82.43	276.855	86.0866	276.855	81.6962	276.855	85.6552	276.855	80.9788	276.855	85.0575	276.855	80.3065	276.855	84.3301	276.855	79.7257	276.855	83.544	276.855	79.3036	276.855	82.809	276.855	79.1165	276.855	82.2477	276.855	79.2149	276.855	81.9357	276.855	79.5842	276.855	81.8586	276.855	80.1394	276.855	81.936	276.855	80.7611	276.855	82.0732	276.855	81.3389	276.855	82.187	276.855	81.7942	276.855	82.2082	276.855	82.0859
287.109	85.843	287.109	85.4586	287.109	86.1064	287.109	84.9776	287.109	86.2296	287.109	84.4267	287.109	86.2015	287.109	83.8292	287.109	86.0209	287.109	83.2021	287.109	85.6973	287.109	82.5545	287.109	85.2536	287.109	81.8906	287.109	84.7276	287.109	81.216	287.109	84.1726	287.109	80.5458	287.109	83.6525	287.109	79.9131	287.109	83.2245	287.109	79.3787	287.109	82.9158	287.109	79.0312	287.109	82.7128	287.109	78.9636	287.109	82.5789	287.109	79.2184	287.109	82.4779	287.109	79.7419	287.109	82.3772	287.109	80.4025	287.109	82.2329	287.109	81.0564	287.109	81.9893	287.109	81.6003
297.363	85.6652	297.363	85.2581	297.363	85.9295	297.363	84.7378	297.363	86.0295	297.363	84.1409	297.363	85.9522	297.363	83.5076	297.363	85.6939	297.363	82.8765	297.363	85.2617	297.363	82.2782	297.363	84.6784	297.363	81.7307	297.363	83.9899	297.363	81.2406	297.363	83.2734	297.363	80.8076	297.363	82.6319	297.363	80.4339	297.363	82.1563	297.363	80.1304	297.363	81.8703	297.363	79.9208	297.363	81.7204	297.363	79.8355	297.363	81.6319	297.363	79.8973	297.363	81.5604	297.363	80.1012	297.363	81.4893	297.363	80.4047	297.363	81.3994	297.363	80.7391	297.363	81.2579	297.363	81.037
307.617	86.0921	307.617	85.6516	307.617	86.3698	307.617	85.0783	307.617	86.4611	307.617	84.4073	307.617	86.3477	307.617	83.6773	307.617	86.0174	307.617	82.9281	307.617	85.4649	307.617	82.1971	307.617	84.6987	307.617	81.5178	307.617	83.7542	307.617	80.9175	307.617	82.7171	307.617	80.4167	307.617	81.7411	307.617	80.0276	307.617	81.0089	307.617	79.7548	307.617	80.6106	307.617	79.5973	307.617	80.4753	307.617	79.5514	307.617	80.4689	307.617	79.6116	307.617	80.5065	307.617	79.7647	307.617	80.553	307.617	79.982	307.617	80.577	307.617	80.217	307.617	80.5394	307.617	80.4163
319.336	85.3532	319.336	84.8574	319.336	85.7029	319.336	84.2516	319.336	85.8758	319.336	83.5753	319.336	85.8475	319.336	82.8678	319.336	85.601	319.336	82.165	319.336	85.1289	319.336	81.4965	319.336	84.4391	319.336	80.8872	319.336	83.567	319.336	80.3605	319.336	82.5984	319.336	79.9418	319.336	81.6873	319.336	79.6593	319.336	81.0199	319.336	79.5375	319.336	80.6914	319.336	79.5843	319.336	80.6282	319.336	79.781	319.336	80.6857	319.336	80.0803	319.336	80.7761	319.336	80.4172	319.336	80.8799	319.336	80.7251	319.336	80.988	319.336	80.9506	319.336	81.0653	319.336	81.0636
329.59	85.3589	329.59	84.8253	329.59	85.7294	329.59	84.1688	329.59	85.9031	329.59	83.4341	329.59	85.8535	329.59	82.6655	329.59	85.5615	329.59	81.901	329.59	85.018	329.59	81.1673	329.59	84.2309	329.59	80.4805	329.59	83.2429	329.59	79.8537	329.59	82.166	329.59	79.308	329.59	81.2127	329.59	78.8837	329.59	80.6361	329.59	78.6402	329.59	80.5219	329.59	78.6378	329.59	80.697	329.59	78.9001	329.59	80.9315	329.59	79.3821	329.59	81.118	329.59	79.9777	329.59	81.2586	329.59	80.5604	329.59	81.3668	329.59	81.0241	329.59	81.4061	329.59	81.3076
341.309	85.4388	341.309	84.8192	341.309	85.8982	341.309	84.0824	341.309	86.1613	341.309	83.2764	341.309	86.1992	341.309	82.4503	341.309	85.9898	341.309	81.6467	341.309	85.5193	341.309	80.8945	341.309	84.7859	341.309	80.2062	341.309	83.8129	341.309	79.5826	341.309	82.6793	341.309	79.0247	341.309	81.5693	341.309	78.5503	341.309	80.774	341.309	78.2071	341.309	80.5034	341.309	78.0727	341.309	80.6543	341.309	78.2197	341.309	80.9424	341.309	78.6545	341.309	81.1746	341.309	79.2855	341.309	81.299	341.309	79.9643	341.309	81.3207	341.309	80.5563	341.309	81.228	341.309	80.9829
353.027	85.418	353.027	84.9854	353.027	85.71	353.027	84.4394	353.027	85.8369	353.027	83.8082	353.027	85.7783	353.027	83.1182	353.027	85.5192	353.027	82.3935	353.027	85.0511	353.027	81.6565	353.027	84.3744	353.027	80.9294	353.027	83.5077	353.027	80.2327	353.027	82.5101	353.027	79.5805	353.027	81.5236	353.027	78.9755	353.027	80.7945	353.027	78.417	353.027	80.5508	353.027	77.9309	353.027	80.7672	353.027	77.6184	353.027	81.1849	353.027	77.6576	353.027	81.5584	353.027	78.1688	353.027	81.758	353.027	79.0438	353.027	81.7258	353.027	80.014	353.027	81.4278	353.027	80.8476
366.211	85.6049	366.211	85.1056	366.211	85.92	366.211	84.4703	366.211	86.0249	366.211	83.7703	366.211	85.9091	366.211	83.0866	366.211	85.571	366.211	82.4806	366.211	85.0148	366.211	81.9676	366.211	84.2525	366.211	81.5194	366.211	83.3141	366.211	81.0944	366.211	82.2709	366.211	80.6648	366.211	81.2656	366.211	80.2241	366.211	80.5083	366.211	79.7793	366.211	80.1612	366.211	79.3447	366.211	80.1956	366.211	78.9523	366.211	80.4411	366.211	78.6814	366.211	80.7342	366.211	78.6629	366.211	80.9511	366.211	78.9912	366.211	80.9829	366.211	79.5938	366.211	80.7506	366.211	80.2514
379.395	85.8578	379.395	85.3344	379.395	86.1478	379.395	84.6266	379.395	86.1776	379.395	83.805	379.395	85.9405	379.395	82.9526	379.395	85.4483	379.395	82.1467	379.395	84.7317	379.395	81.4391	379.395	83.8431	379.395	80.8508	379.395	82.8605	379.395	80.386	379.395	81.8915	379.395	80.0482	379.395	81.0638	379.395	79.8404	379.395	80.4744	379.395	79.7465	379.395	80.1157	379.395	79.7165	379.395	79.8907	379.395	79.6781	379.395	79.7358	379.395	79.5771	379.395	79.6728	379.395	79.4221	379.395	79.7041	379.395	79.2989	379.395	79.7314	379.395	79.3113	379.395	79.6488	379.395	79.4671
392.578	85.4264	392.578	84.858	392.578	85.773	392.578	84.1198	392.578	85.8587	392.578	83.2765	392.578	85.6557	392.578	82.4023	392.578	85.1462	392.578	81.5709	392.578	84.3235	392.578	80.8417	392.578	83.1997	392.578	80.2528	392.578	81.835	392.578	79.8271	392.578	80.4143	392.578	79.5833	392.578	79.3314	392.578	79.5345	392.578	78.9701	392.578	79.6658	392.578	79.1749	392.578	79.9122	392.578	79.4174	392.578	80.1656	392.578	79.3862	392.578	80.3129	392.578	79.1246	392.578	80.2785	392.578	78.8774	392.578	80.0531	392.578	78.8361	392.578	79.6986	392.578	79.0073	392.578	79.3187
405.762	85.1999	405.762	84.7334	405.762	85.4018	405.762	84.0109	405.762	85.3453	405.762	83.0756	405.762	85.0367	405.762	82.0248	405.762	84.4725	405.762	81.0086	405.762	83.6362	405.762	80.1773	405.762	82.5005	405.762	79.5954	405.762	81.0481	405.762	79.2177	405.762	79.3564	405.762	78.9638	405.762	77.8231	405.762	78.8026	405.762	77.2321	405.762	78.7735	405.762	77.7658	405.762	78.943	405.762	78.6277	405.762	79.3257	405.762	79.2372	405.762	79.841	405.762	79.5443	405.762	80.3509	405.762	79.7594	405.762	80.7253	405.762	80.0719	405.762	80.8773	405.762	80.4636	405.762	80.7758
420.41	86.1838	420.41	85.7626	420.41	86.2617	420.41	85.0243	420.41	85.9902	420.41	84.0159	420.41	85.3875	420.41	82.8088	420.41	84.5017	420.41	81.5043	420.41	83.4151	420.41	80.2363	420.41	82.2341	420.41	79.1629	420.41	81.0586	420.41	78.4332	420.41	79.968	420.41	78.1312	420.41	79.0938	420.41	78.2284	420.41	78.738	420.41	78.5923	420.41	79.1432	420.41	79.0506	420.41	80.006	420.41	79.4619	420.41	80.7711	420.41	79.7609	420.41	81.1718	420.41	79.9716	420.41	81.25	420.41	80.1768	420.41	81.1554	420.41	80.4367	420.41	80.9761	420.41	80.726
435.059	86.4472	435.059	85.7501	435.059	86.8316	435.059	84.7827	435.059	86.8744	435.059	83.6067	435.059	86.5565	435.059	82.3061	435.059	85.8668	435.059	80.982	435.059	84.7995	435.059	79.7351	435.059	83.3515	435.059	78.644	435.059	81.5234	435.059	77.7657	435.059	79.3732	435.059	77.1668	435.059	77.2773	435.059	76.9455	435.059	76.3474	435.059	77.1704	435.059	77.1934	435.059	77.7632	435.059	78.6162	435.059	78.499	435.059	79.6583	435.059	79.1453	435.059	80.1462	435.059	79.5726	435.059	80.2281	435.059	79.7766	435.059	80.1232	435.059	79.8466	435.059	79.9895	435.059	79.8961
451.172	86.1165	451.172	85.5688	451.172	86.3828	451.172	84.7674	451.172	86.3641	451.172	83.7656	451.172	86.0747	451.172	82.6364	451.172	85.5354	451.172	81.458	451.172	84.7592	451.172	80.2956	451.172	83.7352	451.172	79.1987	451.172	82.4201	451.172	78.2258	451.172	80.7628	451.172	77.4859	451.172	78.8461	451.172	77.1399	451.172	77.2348	451.172	77.2904	451.172	76.8021	451.172	77.838	451.172	77.2836	451.172	78.5212	451.172	77.8089	451.172	79.0919	451.172	78.1573	451.172	79.4156	451.172	78.4499	451.172	79.4783	451.172	78.7268	451.172	79.3579	451.172	78.9597	451.172	79.1647
465.82	86.9049	465.82	86.3463	465.82	87.0122	465.82	85.3772	465.82	86.6645	465.82	84.0752	465.82	85.9033	465.82	82.5544	465.82	84.8342	465.82	80.952	465.82	83.6376	465.82	79.3921	465.82	82.523	465.82	77.9461	465.82	81.5924	465.82	76.6396	465.82	80.744	465.82	75.5527	465.82	79.7996	465.82	74.9883	465.82	78.8271	465.82	75.3796	465.82	78.3439	465.82	76.6417	465.82	78.6211	465.82	78.1265	465.82	79.1047	465.82	79.3166	465.82	79.3676	465.82	80.0181	465.82	79.4752	465.82	80.248	465.82	79.5833	465.82	80.1516	465.82	79.7322	465.82	79.9314
483.398	86.3274	483.398	85.4303	483.398	86.7695	483.398	84.1553	483.398	86.7123	483.398	82.6249	483.398	86.134	483.398	81.0162	483.398	85.031	483.398	79.543	483.398	83.4364	483.398	78.3761	483.398	81.5002	483.398	77.5199	483.398	79.6689	483.398	76.8017	483.398	78.6721	483.398	76.0389	483.398	78.6878	483.398	75.2823	483.398	79.1122	483.398	75.0287	483.398	79.5409	483.398	75.8472	483.398	79.8587	483.398	77.404	483.398	79.9162	483.398	78.9077	483.398	79.6848	483.398	79.9323	483.398	79.4182	483.398	80.3832	483.398	79.3841	483.398	80.3396	483.398	79.6146	483.398	79.9992
499.512	85.8837	499.512	85.0831	499.512	86.4379	499.512	84.1137	499.512	86.6596	499.512	83.0312	499.512	86.47	499.512	81.8841	499.512	85.7989	499.512	80.7479	499.512	84.5721	499.512	79.7084	499.512	82.6883	499.512	78.7633	499.512	80.0422	499.512	77.7512	499.512	77.154	499.512	76.4201	499.512	76.9554	499.512	74.6503	499.512	79.3139	499.512	73.2359	499.512	81.0811	499.512	74.3167	499.512	81.6383	499.512	77.0315	499.512	81.1166	499.512	79.2561	499.512	79.8326	499.512	80.4534	499.512	78.3638	499.512	80.6024	499.512	77.3535	499.512	79.8036	499.512	77.3181	499.512	78.4133
517.09	85.7396	517.09	85.8071	517.09	85.4891	517.09	85.5634	517.09	85.2118	517.09	84.9626	517.09	84.9805	517.09	84.063	517.09	84.699	517.09	83.031	517.09	84.1464	517.09	82.0728	517.09	83.0549	517.09	81.2755	517.09	81.0689	517.09	80.5228	517.09	77.6236	517.09	79.5749	517.09	73.4248	517.09	78.1447	517.09	75.7722	517.09	75.9758	517.09	79.2156	517.09	73.791	517.09	80.4706	517.09	75.1387	517.09	79.9245	517.09	78.626	517.09	78.1962	517.09	81.1774	517.09	76.751	517.09	82.424	517.09	77.3644	517.09	82.4481	517.09	79.4106	517.09	81.3572
536.133	88.225	536.133	87.9051	536.133	87.8933	536.133	86.9555	536.133	86.9338	536.133	85.4376	536.133	85.4666	536.133	83.4945	536.133	83.7833	536.133	81.4355	536.133	82.2914	536.133	79.7306	536.133	81.0946	536.133	78.6927	536.133	79.6424	536.133	78.1848	536.133	76.8001	536.133	77.8433	536.133	69.7864	536.133	77.3014	536.133	63.8439	536.133	76.1896	536.133	74.2053	536.133	74.3517	536.133	77.0643	536.133	73.5346	536.133	77.5811	536.133	76.4189	536.133	77.6509	536.133	79.7954	536.133	78.6464	536.133	81.9449	536.133	80.2937	536.133	82.8553	536.133	81.7868	536.133	82.7259
555.176	87.9299	555.176	87.5256	555.176	87.5997	555.176	86.3602	555.176	86.5843	555.176	84.4355	555.176	84.979	555.176	81.8298	555.176	83.0177	555.176	78.8659	555.176	81.2431	555.176	76.3983	555.176	80.2746	555.176	75.372	555.176	79.834	555.176	75.4909	555.176	78.8521	555.176	75.8686	555.176	76.239	555.176	75.9734	555.176	70.4757	555.176	75.4835	555.176	59.9615	555.176	74.1323	555.176	66.6768	555.176	72.1776	555.176	70.0262	555.176	72.4723	555.176	72.354	555.176	75.7917	555.176	74.8471	555.176	78.64	555.176	77.322	555.176	80.1505	555.176	79.3184	555.176	80.3436
574.219	87.7564	574.219	86.8545	574.219	87.9099	574.219	85.2174	574.219	87.3045	574.219	82.8877	574.219	85.9113	574.219	79.977	574.219	83.6791	574.219	76.7271	574.219	80.627	574.219	73.6592	574.219	77.3684	574.219	71.894	574.219	75.6918	574.219	72.2191	574.219	75.2917	574.219	73.5117	574.219	73.6518	574.219	74.6106	574.219	68.8974	574.219	75.0617	574.219	59.1188	574.219	74.6182	574.219	67.438	574.219	73.2841	574.219	72.7335	574.219	72.6939	574.219	75.8818	574.219	75.1733	574.219	78.2727	574.219	78.2391	574.219	80.1329	574.219	80.2965	574.219	81.1885	574.219	81.259
594.727	86.6965	594.727	85.7696	594.727	87.259	594.727	84.6272	594.727	87.31	594.727	83.3427	594.727	86.7329	594.727	81.836	594.727	85.438	594.727	79.8972	594.727	83.3396	594.727	77.3352	594.727	80.3554	594.727	74.3183	594.727	76.8156	594.727	72.1603	594.727	75.0014	594.727	72.2647	594.727	75.4365	594.727	73.2309	594.727	74.5084	594.727	73.7711	594.727	70.9263	594.727	73.7575	594.727	71.9313	594.727	73.6589	594.727	76.0315	594.727	74.2695	594.727	77.6707	594.727	75.7795	594.727	77.8904	594.727	77.4648	594.727	78.0742	594.727	78.6513	594.727	78.6814	594.727	79.0434
615.234	86.4946	615.234	85.7754	615.234	86.8092	615.234	84.6877	615.234	86.6833	615.234	83.2535	615.234	86.0844	615.234	81.4716	615.234	84.9766	615.234	79.339	615.234	83.3099	615.234	76.923	615.234	81.0038	615.234	74.4934	615.234	77.9509	615.234	72.6548	615.234	74.2887	615.234	72.0385	615.234	71.2445	615.234	72.436	615.234	69.8017	615.234	72.9591	615.234	70.5812	615.234	72.823	615.234	73.8575	615.234	71.5216	615.234	76.262	615.234	69.5397	615.234	77.1003	615.234	70.6857	615.234	77.0937	615.234	74.1524	615.234	77.1915	615.234	76.5375	615.234	77.5725	615.234	77.5603
637.207	84.9621	637.207	84.2678	637.207	85.4037	637.207	83.3115	637.207	85.5452	637.207	82.0338	637.207	85.3117	637.207	80.3606	637.207	84.6249	637.207	78.2357	637.207	83.3907	637.207	75.6439	637.207	81.4607	637.207	72.6229	637.207	78.5772	637.207	69.337	637.207	74.4553	637.207	66.8442	637.207	69.678	637.207	67.6825	637.207	65.6217	637.207	70.4428	637.207	62.184	637.207	72.5845	637.207	68.2006	637.207	73.6062	637.207	72.9003	637.207	73.7862	637.207	75.5709	637.207	74.0121	637.207	77.2158	637.207	75.0996	637.207	78.0835	637.207	76.5641	637.207	78.2086	637.207	77.6749
659.18	84.9165	659.18	84.5159	659.18	85.0477	659.18	83.7797	659.18	84.9451	659.18	82.6319	659.18	84.596	659.18	81.0127	659.18	83.9349	659.18	78.9071	659.18	82.8598	659.18	76.3773	659.18	81.2378	659.18	73.598	659.18	78.8709	659.18	70.8574	659.18	75.6404	659.18	68.3958	659.18	72.3962	659.18	66.2451	659.18	69.801	659.18	65.4469	659.18	63.6385	659.18	67.7213	659.18	66.7876	659.18	70.6806	659.18	73.0687	659.18	72.6645	659.18	74.9389	659.18	73.6847	659.18	75.089	659.18	74.1749	659.18	75.1882	659.18	74.6107	659.18	75.3539	659.18	75.1122
682.617	85.0772	682.617	84.9053	682.617	84.9299	682.617	84.3419	682.617	84.5819	682.617	83.3649	682.617	84.1336	682.617	81.9847	682.617	83.5792	682.617	80.2477	682.617	82.7802	682.617	78.2723	682.617	81.4894	682.617	76.2837	682.617	79.3185	682.617	74.5437	682.617	75.6566	682.617	73.0807	682.617	70.2457	682.617	71.5074	682.617	66.8194	682.617	69.3926	682.617	65.4687	682.617	67.4668	682.617	67.7288	682.617	68.1591	682.617	71.9792	682.617	70.4003	682.617	73.9601	682.617	72.2794	682.617	74.7247	682.617	73.6553	682.617	75.2272	682.617	74.6828	682.617	75.5172	682.617	75.3433
707.52	84.8596	707.52	84.6709	707.52	84.6035	707.52	83.9347	707.52	84.0332	707.52	82.6272	707.52	83.2588	707.52	80.8101	707.52	82.3592	707.52	78.6127	707.52	81.3529	707.52	76.2556	707.52	80.119	707.52	74.1481	707.52	78.3407	707.52	72.8293	707.52	75.5769	707.52	72.3612	707.52	71.8532	707.52	72.1231	707.52	68.9287	707.52	71.6488	707.52	66.4657	707.52	71.0489	707.52	59.8638	707.52	70.6916	707.52	51.3521	707.52	70.8448	707.52	63.7013	707.52	71.7782	707.52	68.391	707.52	73.3452	707.52	71.636	707.52	74.6812	707.52	73.9513	707.52	74.9952
732.422	85.6387	732.422	85.0225	732.422	85.4783	732.422	83.7395	732.422	84.5997	732.422	82.0195	732.422	83.2327	732.422	80.0749	732.422	81.7003	732.422	77.9774	732.422	80.173	732.422	75.7548	732.422	78.4838	732.422	73.6146	732.422	76.2908	732.422	71.9564	732.422	73.4693	732.422	70.8664	732.422	70.9528	732.422	69.8211	732.422	69.8113	732.422	68.4728	732.422	68.1752	732.422	67.5312	732.422	66.1066	732.422	68.1486	732.422	67.3568	732.422	69.9667	732.422	69.2101	732.422	72.103	732.422	70.4134	732.422	73.9873	732.422	72.2885	732.422	75.1752	732.422	74.3139	732.422	75.3459
757.324	85.0129	757.324	84.2513	757.324	85.1837	757.324	82.9993	757.324	84.8181	757.324	81.4391	757.324	84.051	757.324	79.6711	757.324	82.9225	757.324	77.6378	757.324	81.3075	757.324	75.2646	757.324	79.0317	757.324	72.7404	757.324	75.9441	757.324	70.7066	757.324	72.0313	757.324	69.5381	757.324	69.2615	757.324	68.4416	757.324	69.6481	757.324	66.7659	757.324	69.1539	757.324	65.968	757.324	68.754	757.324	67.5401	757.324	71.7955	757.324	69.4667	757.324	74.3074	757.324	71.1139	757.324	75.3857	757.324	72.899	757.324	75.9746	757.324	74.6828	757.324	76.3306	757.324	75.9432
785.156	85.6876	785.156	84.8205	785.156	85.8601	785.156	83.4151	785.156	85.3155	785.156	81.6927	785.156	84.1603	785.156	79.7469	785.156	82.5564	785.156	77.4054	785.156	80.5365	785.156	74.3956	785.156	77.8835	785.156	70.6938	785.156	74.185	785.156	67.2899	785.156	68.9224	785.156	66.9602	785.156	64.7146	785.156	68.664	785.156	65.4318	785.156	69.4913	785.156	62.0034	785.156	68.8426	785.156	54.2568	785.156	67.2969	785.156	68.474	785.156	67.5596	785.156	73.1079	785.156	70.6238	785.156	74.9807	785.156	73.5192	785.156	75.6014	785.156	75.2635	785.156	75.8772	785.156	75.9207
811.523	85.3563	811.523	84.4809	811.523	85.65	811.523	83.0413	811.523	85.3054	811.523	81.0932	811.523	84.2141	811.523	78.817	811.523	82.2566	811.523	76.4967	811.523	79.3977	811.523	74.2555	811.523	75.8701	811.523	71.8976	811.523	72.2606	811.523	69.1363	811.523	69.0612	811.523	66.0243	811.523	66.0507	811.523	64.3166	811.523	63.1952	811.523	64.9225	811.523	62.0191	811.523	65.6236	811.523	61.9733	811.523	67.1597	811.523	63.8582	811.523	69.98	811.523	66.448	811.523	72.2421	811.523	69.5456	811.523	73.4736	811.523	72.8113	811.523	74.1977	811.523	74.4899	811.523	74.7017
840.82	85.867	840.82	85.1787	840.82	85.7629	840.82	83.7459	840.82	84.9126	840.82	81.7501	840.82	83.4194	840.82	79.4726	840.82	81.3934	840.82	77.0727	840.82	78.8413	840.82	74.4263	840.82	75.4824	840.82	71.4058	840.82	70.7486	840.82	68.5495	840.82	65.4813	840.82	67.7147	840.82	67.7233	840.82	68.8553	840.82	71.0695	840.82	69.45	840.82	70.9955	840.82	68.1497	840.82	67.2767	840.82	63.9651	840.82	71.1866	840.82	62.9936	840.82	74.9074	840.82	69.1504	840.82	74.6728	840.82	72.4446	840.82	73.2348	840.82	73.8599	840.82	73.6914	840.82	74.2229
870.117	85.8058	870.117	84.824	870.117	86.1774	870.117	83.3123	870.117	85.7725	870.117	81.1819	870.117	84.5453	870.117	78.4016	870.117	82.6295	870.117	75.3239	870.117	80.1767	870.117	72.6262	870.117	77.1315	870.117	70.3671	870.117	73.2086	870.117	67.7253	870.117	67.6202	870.117	64.952	870.117	57.2077	870.117	65.7121	870.117	61.7234	870.117	67.5391	870.117	66.6076	870.117	67.7249	870.117	66.7574	870.117	67.4515	870.117	69.2623	870.117	68.6613	870.117	74.532	870.117	70.6975	870.117	76.6828	870.117	72.3234	870.117	76.4433	870.117	73.7493	870.117	75.6112	870.117	74.9194
900.879	86.0795	900.879	85.1728	900.879	86.1034	900.879	83.409	900.879	85.3026	900.879	80.9447	900.879	83.8097	900.879	78.1049	900.879	81.7299	900.879	75.2643	900.879	78.9112	900.879	72.6034	900.879	75.0161	900.879	69.9251	900.879	69.9494	900.879	66.2776	900.879	63.6215	900.879	57.7783	900.879	56.6727	900.879	57.7435	900.879	63.7067	900.879	67.2114	900.879	66.6071	900.879	70.8082	900.879	65.787	900.879	71.9711	900.879	66.2683	900.879	71.0611	900.879	70.4488	900.879	70.146	900.879	73.5723	900.879	72.5986	900.879	74.7279	900.879	74.3453	900.879	74.5308	900.879	74.4437
933.105	86.802	933.105	85.382	933.105	86.9742	933.105	82.9859	933.105	85.8667	933.105	80.0176	933.105	83.7178	933.105	76.7507	933.105	80.9792	933.105	73.1176	933.105	78.0246	933.105	68.9805	933.105	75.0686	933.105	65.6086	933.105	72.3897	933.105	64.1901	933.105	69.5562	933.105	61.5598	933.105	64.0998	933.105	52.9299	933.105	61.6623	933.105	53.7265	933.105	63.3008	933.105	59.5704	933.105	65.1633	933.105	61.8469	933.105	72.7197	933.105	65.2085	933.105	74.5388	933.105	69.2741	933.105	72.3349	933.105	72.3641	933.105	69.152	933.105	73.6349	933.105	70.7855	933.105	73.0307
965.332	86.2073	965.332	84.8969	965.332	86.6351	965.332	82.8421	965.332	85.9892	965.332	80.1709	965.332	84.1622	965.332	77.0572	965.332	81.2937	965.332	73.7196	965.332	77.6212	965.332	69.4223	965.332	73.7881	965.332	61.1502	965.332	71.534	965.332	51.0277	965.332	70.2532	965.332	54.6577	965.332	64.9899	965.332	53.0163	965.332	58.2868	965.332	58.6098	965.332	65.5665	965.332	58.585	965.332	61.4572	965.332	60.4765	965.332	68.5718	965.332	66.2251	965.332	72.7728	965.332	68.8438	965.332	74.0546	965.332	70.4958	965.332	73.6583	965.332	72.5719	965.332	73.1604	965.332	73.5478
1,000.49	86.2163	1,000.49	85.4194	1,000.49	85.9267	1,000.49	83.4078	1,000.49	84.9128	1,000.49	80.015	1,000.49	83.5086	1,000.49	74.9	1,000.49	81.3452	1,000.49	67.9236	1,000.49	77.607	1,000.49	58.5309	1,000.49	71.4416	1,000.49	43.6658	1,000.49	63.3047	1,000.49	56.3478	1,000.49	64.9522	1,000.49	56.2322	1,000.49	65.5786	1,000.49	55.2812	1,000.49	61.7427	1,000.49	57.6863	1,000.49	60.5592	1,000.49	57.8269	1,000.49	63.7713	1,000.49	49.8468	1,000.49	67.0676	1,000.49	62.4084	1,000.49	70.8336	1,000.49	68.3777	1,000.49	72.6182	1,000.49	70.7555	1,000.49	73.6446	1,000.49	72.0537	1,000.49	73.9136	1,000.49	73.2106
1,035.64	86.1249	1,035.64	85.4647	1,035.64	85.5903	1,035.64	83.4749	1,035.64	84.1027	1,035.64	79.9339	1,035.64	82.3533	1,035.64	74.3248	1,035.64	80.7812	1,035.64	65.3286	1,035.64	78.4164	1,035.64	61.8112	1,035.64	74.2061	1,035.64	64.6077	1,035.64	67.4009	1,035.64	64.1018	1,035.64	57.7814	1,035.64	61.832	1,035.64	60.3527	1,035.64	59.1325	1,035.64	59.7049	1,035.64	58.0058	1,035.64	64.1913	1,035.64	57.0141	1,035.64	67.2566	1,035.64	45.8551	1,035.64	69.3184	1,035.64	58.3837	1,035.64	71.3978	1,035.64	66.0735	1,035.64	70.5323	1,035.64	69.6703	1,035.64	71.0233	1,035.64	71.8846	1,035.64	73.0797	1,035.64	73.2253
1,072.27	84.8274	1,072.27	84.1051	1,072.27	85.3512	1,072.27	83.1	1,072.27	84.9319	1,072.27	80.711	1,072.27	83.1561	1,072.27	75.7938	1,072.27	80.4411	1,072.27	67.8434	1,072.27	77.451	1,072.27	62.8637	1,072.27	72.9986	1,072.27	60.7332	1,072.27	64.7465	1,072.27	60.1273	1,072.27	49.8761	1,072.27	63.1554	1,072.27	49.1256	1,072.27	64.49	1,072.27	48.2075	1,072.27	62.1548	1,072.27	59.0907	1,072.27	57.5793	1,072.27	60.6927	1,072.27	52.7276	1,072.27	62.895	1,072.27	59.4754	1,072.27	67.7732	1,072.27	66.5937	1,072.27	70.6719	1,072.27	69.2386	1,072.27	70.0565	1,072.27	69.7271	1,072.27	67.9129	1,072.27	68.9223
1,108.89	84.8838	1,108.89	84.3891	1,108.89	84.7323	1,108.89	82.6702	1,108.89	84.3347	1,108.89	79.2845	1,108.89	83.4291	1,108.89	73.7879	1,108.89	81.3916	1,108.89	65.7965	1,108.89	77.7808	1,108.89	63.6731	1,108.89	72.6857	1,108.89	66.7016	1,108.89	67.3362	1,108.89	67.3783	1,108.89	61.3487	1,108.89	66.6767	1,108.89	50.6408	1,108.89	66.1527	1,108.89	49.262	1,108.89	66.2569	1,108.89	59.3178	1,108.89	65.2475	1,108.89	67.16	1,108.89	60.7241	1,108.89	68.9483	1,108.89	52.5271	1,108.89	71.278	1,108.89	63.1206	1,108.89	72.1687	1,108.89	67.56	1,108.89	70.9532	1,108.89	69.6157	1,108.89	70.3901	1,108.89	70.3947
1,148.44	85.2375	1,148.44	84.7811	1,148.44	84.143	1,148.44	82.4185	1,148.44	82.398	1,148.44	77.9493	1,148.44	81.096	1,148.44	71.1946	1,148.44	79.5746	1,148.44	61.9172	1,148.44	76.4471	1,148.44	62.5324	1,148.44	70.2817	1,148.44	66.0563	1,148.44	52.1022	1,148.44	66.3348	1,148.44	59.8938	1,148.44	65.1011	1,148.44	55.4094	1,148.44	65.4248	1,148.44	52.836	1,148.44	67.3865	1,148.44	59.6063	1,148.44	67.8461	1,148.44	64.4413	1,148.44	65.113	1,148.44	66.1065	1,148.44	53.4133	1,148.44	66.2096	1,148.44	61.6194	1,148.44	64.2096	1,148.44	67.1726	1,148.44	66.7237	1,148.44	68.8991	1,148.44	69.6254	1,148.44	69.9016
1,189.45	85.7711	1,189.45	84.6166	1,189.45	84.7693	1,189.45	81.4712	1,189.45	82.1401	1,189.45	76.6396	1,189.45	79.9836	1,189.45	68.9518	1,189.45	78.7004	1,189.45	60.0934	1,189.45	75.3299	1,189.45	67.57	1,189.45	65.8917	1,189.45	68.9071	1,189.45	66.1271	1,189.45	69.2586	1,189.45	69.9273	1,189.45	69.3364	1,189.45	66.3209	1,189.45	67.5075	1,189.45	60.0664	1,189.45	65.0169	1,189.45	54.6675	1,189.45	65.5817	1,189.45	61.3319	1,189.45	63.4133	1,189.45	54.1066	1,189.45	39.3043	1,189.45	58.1991	1,189.45	62.0252	1,189.45	65.2126	1,189.45	64.6215	1,189.45	66.6681	1,189.45	66.8083	1,189.45	66.099	1,189.45	67.6597
1,230.47	86.006	1,230.47	84.5822	1,230.47	85.3015	1,230.47	81.1951	1,230.47	82.7413	1,230.47	75.8257	1,230.47	79.9102	1,230.47	68.274	1,230.47	77.5994	1,230.47	67.6111	1,230.47	73.1262	1,230.47	69.6002	1,230.47	61.4037	1,230.47	69.6102	1,230.47	61.1874	1,230.47	69.5155	1,230.47	66.3101	1,230.47	69.0547	1,230.47	67.5583	1,230.47	66.5466	1,230.47	67.4123	1,230.47	61.8243	1,230.47	62.2858	1,230.47	64.5563	1,230.47	54.6136	1,230.47	67.1992	1,230.47	57.3637	1,230.47	65.254	1,230.47	61.9922	1,230.47	50.7446	1,230.47	66.4726	1,230.47	63.4882	1,230.47	69.1958	1,230.47	68.4225	1,230.47	69.6311	1,230.47	69.3584
1,274.41	86.1143	1,274.41	84.8586	1,274.41	85.4821	1,274.41	81.9	1,274.41	83.0703	1,274.41	76.5895	1,274.41	80.4038	1,274.41	69.0092	1,274.41	77.271	1,274.41	71.3734	1,274.41	70.2026	1,274.41	72.9772	1,274.41	63.4282	1,274.41	72.3799	1,274.41	70.3794	1,274.41	71.7452	1,274.41	69.4262	1,274.41	71.1036	1,274.41	61.2741	1,274.41	68.5581	1,274.41	64.3826	1,274.41	66.0995	1,274.41	64.9517	1,274.41	67.3712	1,274.41	61.8098	1,274.41	64.6907	1,274.41	61.4896	1,274.41	55.8064	1,274.41	59.6178	1,274.41	52.5232	1,274.41	63.9591	1,274.41	63.2254	1,274.41	49.9063	1,274.41	67.464	1,274.41	66.5498	1,274.41	69.8153
1,319.82	85.7983	1,319.82	84.696	1,319.82	85.4156	1,319.82	81.874	1,319.82	83.7829	1,319.82	76.4368	1,319.82	81.3255	1,319.82	68.6535	1,319.82	77.8196	1,319.82	72.2033	1,319.82	70.8728	1,319.82	74.3146	1,319.82	63.3819	1,319.82	73.7825	1,319.82	71.7414	1,319.82	70.7296	1,319.82	73.177	1,319.82	66.1741	1,319.82	70.134	1,319.82	66.9013	1,319.82	59.4161	1,319.82	66.6924	1,319.82	56.2825	1,319.82	61.5591	1,319.82	53.2582	1,319.82	51.6798	1,319.82	63.8207	1,319.82	59.066	1,319.82	60.2282	1,319.82	61.2695	1,319.82	65.9984	1,319.82	62.3632	1,319.82	67.7478	1,319.82	65.4282	1,319.82	63.0491	1,319.82	64.4738
1,366.7	85.0618	1,366.7	84.4675	1,366.7	84.1892	1,366.7	81.6471	1,366.7	82.5817	1,366.7	75.1784	1,366.7	80.6701	1,366.7	68.7131	1,366.7	77.1594	1,366.7	72.3807	1,366.7	70.2006	1,366.7	73.7029	1,366.7	66.6316	1,366.7	73.5824	1,366.7	71.7888	1,366.7	72.3777	1,366.7	71.4559	1,366.7	71.5936	1,366.7	70.7866	1,366.7	70.7342	1,366.7	68.4764	1,366.7	67.4553	1,366.7	45.4923	1,366.7	63.6051	1,366.7	52.7371	1,366.7	65.135	1,366.7	61.6201	1,366.7	64.3516	1,366.7	63.049	1,366.7	57.7046	1,366.7	61.2177	1,366.7	65.9105	1,366.7	52.903	1,366.7	70.0215	1,366.7	66.1344	1,366.7	70.1109
1,413.57	84.6109	1,413.57	83.8975	1,413.57	84.0533	1,413.57	80.9737	1,413.57	82.511	1,413.57	74.0287	1,413.57	80.3888	1,413.57	68.6483	1,413.57	77.2463	1,413.57	71.4559	1,413.57	68.4638	1,413.57	70.9542	1,413.57	66.9279	1,413.57	70.5147	1,413.57	73.2869	1,413.57	70.12	1,413.57	72.7897	1,413.57	65.4077	1,413.57	66.9342	1,413.57	57.1008	1,413.57	67.272	1,413.57	69.6918	1,413.57	66.8809	1,413.57	70.8255	1,413.57	62.5291	1,413.57	65.3056	1,413.57	63.5711	1,413.57	60.1655	1,413.57	57.2617	1,413.57	62.9979	1,413.57	62.148	1,413.57	62.4749	1,413.57	63.8179	1,413.57	68.0666	1,413.57	62.7942	1,413.57	67.5607
1,463.38	85.6498	1,463.38	84.2169	1,463.38	84.352	1,463.38	79.672	1,463.38	81.4543	1,463.38	71.3399	1,463.38	79.5051	1,463.38	69.8737	1,463.38	75.3222	1,463.38	73.9283	1,463.38	64.5292	1,463.38	74.7566	1,463.38	70.4293	1,463.38	72.7899	1,463.38	76.485	1,463.38	68.9853	1,463.38	74.1945	1,463.38	66.4879	1,463.38	58.729	1,463.38	62.274	1,463.38	70.75	1,463.38	63.7612	1,463.38	70.3188	1,463.38	66.4642	1,463.38	62.0243	1,463.38	64.3735	1,463.38	56.1193	1,463.38	60.9766	1,463.38	57.5249	1,463.38	65.9133	1,463.38	59.6702	1,463.38	67.0265	1,463.38	65.4125	1,463.38	65.1461	1,463.38	67.8345	1,463.38	64.3528
1,516.11	86.1554	1,516.11	84.8285	1,516.11	84.5098	1,516.11	80.0264	1,516.11	82.33	1,516.11	70.7179	1,516.11	79.6068	1,516.11	72.3128	1,516.11	74.6686	1,516.11	75.28	1,516.11	58.4348	1,516.11	75.3888	1,516.11	73.204	1,516.11	74.0432	1,516.11	74.529	1,516.11	69.8773	1,516.11	76.5067	1,516.11	68.2488	1,516.11	74.1995	1,516.11	69.8299	1,516.11	65.6856	1,516.11	67.4208	1,516.11	71.2442	1,516.11	55.5411	1,516.11	58.2112	1,516.11	69.3795	1,516.11	61.1038	1,516.11	63.6303	1,516.11	60.3153	1,516.11	45.7796	1,516.11	64.2373	1,516.11	62.736	1,516.11	59.1117	1,516.11	68.6615	1,516.11	65.111	1,516.11	70.8954
1,568.85	86.0475	1,568.85	85.0211	1,568.85	84.7087	1,568.85	80.098	1,568.85	82.1184	1,568.85	71.2845	1,568.85	79.6408	1,568.85	74.9272	1,568.85	74.4456	1,568.85	76.6098	1,568.85	67.2047	1,568.85	75.193	1,568.85	75.5621	1,568.85	74.2323	1,568.85	79.4354	1,568.85	72.0729	1,568.85	77.3727	1,568.85	66.8847	1,568.85	63.2957	1,568.85	71.3042	1,568.85	64.656	1,568.85	72.2449	1,568.85	62.9662	1,568.85	62.9922	1,568.85	63.7587	1,568.85	58.9255	1,568.85	50.8663	1,568.85	65.1817	1,568.85	65.2931	1,568.85	62.2338	1,568.85	59.6798	1,568.85	66.7144	1,568.85	65.5387	1,568.85	67.4868	1,568.85	67.1593	1,568.85	54.5864
1,624.51	85.7819	1,624.51	84.5433	1,624.51	84.3994	1,624.51	79.486	1,624.51	81.4361	1,624.51	70.5088	1,624.51	78.5584	1,624.51	75.7378	1,624.51	73.7462	1,624.51	76.7488	1,624.51	61.7067	1,624.51	74.5129	1,624.51	76.3228	1,624.51	71.0596	1,624.51	78.0523	1,624.51	69.3291	1,624.51	77.5501	1,624.51	68.4953	1,624.51	74.1836	1,624.51	63.4571	1,624.51	61.8074	1,624.51	64.5559	1,624.51	62.7025	1,624.51	65.4639	1,624.51	52.3269	1,624.51	66.1178	1,624.51	63.5612	1,624.51	64.5239	1,624.51	63.1889	1,624.51	50.2435	1,624.51	64.6794	1,624.51	47.9157	1,624.51	56.7385	1,624.51	67.8849	1,624.51	66.1585	1,624.51	71.3064
1,681.64	85.2047	1,681.64	83.7051	1,681.64	83.6242	1,681.64	77.5788	1,681.64	80.1996	1,681.64	69.578	1,681.64	77.7086	1,681.64	75.3614	1,681.64	72.7833	1,681.64	76.3661	1,681.64	66.3198	1,681.64	75.1437	1,681.64	76.7475	1,681.64	72.1921	1,681.64	80.2741	1,681.64	68.409	1,681.64	79.4134	1,681.64	59.5297	1,681.64	71.2288	1,681.64	47.803	1,681.64	66.574	1,681.64	54.2367	1,681.64	64.1148	1,681.64	65.1486	1,681.64	48.815	1,681.64	60.1508	1,681.64	61.4843	1,681.64	57.3752	1,681.64	63.3537	1,681.64	61.9829	1,681.64	64.6861	1,681.64	67.2141	1,681.64	54.1468	1,681.64	68.5825	1,681.64	68.3354	1,681.64	54.2724
1,741.7	85.1175	1,741.7	82.2009	1,741.7	84.0482	1,741.7	74.0697	1,741.7	80.0774	1,741.7	67.8968	1,741.7	77.0361	1,741.7	75.7059	1,741.7	70.6401	1,741.7	76.7817	1,741.7	66.3892	1,741.7	74.5199	1,741.7	77.5528	1,741.7	71.1129	1,741.7	80.2902	1,741.7	70.0441	1,741.7	79.4446	1,741.7	71.3594	1,741.7	74.2831	1,741.7	71.9516	1,741.7	49.2085	1,741.7	66.8211	1,741.7	64.1911	1,741.7	61.3853	1,741.7	62.3077	1,741.7	66.6651	1,741.7	59.3539	1,741.7	61.8963	1,741.7	55.2572	1,741.7	56.4553	1,741.7	49.4029	1,741.7	55.4569	1,741.7	60.0347	1,741.7	65.0175	1,741.7	61.0523	1,741.7	70.0452
1,803.22	85.9817	1,803.22	82.4489	1,803.22	84.4766	1,803.22	70.3739	1,803.22	79.267	1,803.22	72.4923	1,803.22	74.4148	1,803.22	74.5685	1,803.22	72.0339	1,803.22	73.7893	1,803.22	68.4884	1,803.22	72.9315	1,803.22	77.4637	1,803.22	71.236	1,803.22	80.4165	1,803.22	68.7631	1,803.22	79.1892	1,803.22	65.6795	1,803.22	72.1499	1,803.22	67.0557	1,803.22	67.549	1,803.22	65.1484	1,803.22	50.7319	1,803.22	62.4856	1,803.22	64.0142	1,803.22	61.5359	1,803.22	58.9065	1,803.22	60.6445	1,803.22	59.0655	1,803.22	59.8	1,803.22	63.8836	1,803.22	65.4105	1,803.22	46.6061	1,803.22	64.9227	1,803.22	68.4814	1,803.22	63.4879
1,866.21	86.3852	1,866.21	82.6759	1,866.21	84.8315	1,866.21	71.2965	1,866.21	77.5404	1,866.21	74.695	1,866.21	74.8703	1,866.21	74.7959	1,866.21	70.3188	1,866.21	72.6759	1,866.21	69.7978	1,866.21	70.6071	1,866.21	79.0775	1,866.21	69.0717	1,866.21	80.442	1,866.21	66.8472	1,866.21	79.5954	1,866.21	64.2148	1,866.21	75.384	1,866.21	64.1444	1,866.21	64.4038	1,866.21	64.4469	1,866.21	66.3861	1,866.21	61.7789	1,866.21	60.8276	1,866.21	60.4695	1,866.21	50.3913	1,866.21	60.544	1,866.21	61.5803	1,866.21	60.1085	1,866.21	60.2004	1,866.21	63.8898	1,866.21	54.2096	1,866.21	67.4138	1,866.21	58.6726	1,866.21	70.7962
1,932.13	86.0128	1,932.13	82.1785	1,932.13	83.8008	1,932.13	70.9813	1,932.13	73.2099	1,932.13	75.9685	1,932.13	75.0388	1,932.13	73.6012	1,932.13	73.5115	1,932.13	67.954	1,932.13	69.8979	1,932.13	68.6218	1,932.13	78.9464	1,932.13	70.7999	1,932.13	81.0676	1,932.13	72.5463	1,932.13	78.749	1,932.13	71.525	1,932.13	70.1403	1,932.13	67.1079	1,932.13	68.6355	1,932.13	67.9726	1,932.13	67.2219	1,932.13	66.4908	1,932.13	65.9491	1,932.13	59.6973	1,932.13	40.7618	1,932.13	57.2511	1,932.13	62.5868	1,932.13	59.0737	1,932.13	57.8203	1,932.13	61.3368	1,932.13	56.561	1,932.13	57.5776	1,932.13	69.066	1,932.13	68.9563
1,999.51	85.7608	1,999.51	80.7575	1,999.51	83.7401	1,999.51	72.2083	1,999.51	70.0394	1,999.51	76.1038	1,999.51	76.6906	1,999.51	70.8941	1,999.51	71.4194	1,999.51	58.9592	1,999.51	70.9745	1,999.51	71.0681	1,999.51	79.8398	1,999.51	73.4774	1,999.51	80.3447	1,999.51	73.6545	1,999.51	79.93	1,999.51	73.8222	1,999.51	76.4969	1,999.51	70.0481	1,999.51	65.9698	1,999.51	65.6638	1,999.51	66.0717	1,999.51	66.9533	1,999.51	63.7797	1,999.51	63.3243	1,999.51	51.0448	1,999.51	54.5956	1,999.51	57.5976	1,999.51	59.8527	1,999.51	61.966	1,999.51	55.1753	1,999.51	53.5442	1,999.51	65.1444	1,999.51	58.6087	1,999.51	65.2674
2,069.82	86.4046	2,069.82	80.8299	2,069.82	84.1457	2,069.82	75.9479	2,069.82	66.4301	2,069.82	76.6466	2,069.82	76.9095	2,069.82	69.61	2,069.82	72.6827	2,069.82	63.3334	2,069.82	72.9659	2,069.82	72.4612	2,069.82	78.9303	2,069.82	74.0541	2,069.82	80.7403	2,069.82	71.4469	2,069.82	77.7259	2,069.82	66.3437	2,069.82	66.9248	2,069.82	68.7512	2,069.82	70.3162	2,069.82	69.3614	2,069.82	68.5206	2,069.82	65.4408	2,069.82	62.4713	2,069.82	63.9977	2,069.82	57.2198	2,069.82	62.4008	2,069.82	60.2612	2,069.82	61.5846	2,069.82	54.814	2,069.82	64.6093	2,069.82	46.7326	2,069.82	57.6426	2,069.82	67.9017	2,069.82	69.2903
2,143.07	86.6438	2,143.07	81.4115	2,143.07	84.5014	2,143.07	78.7951	2,143.07	67.6184	2,143.07	78.7402	2,143.07	77.6516	2,143.07	69.3005	2,143.07	74.2114	2,143.07	72.2474	2,143.07	73.7989	2,143.07	75.3051	2,143.07	81.166	2,143.07	75.6804	2,143.07	80.5894	2,143.07	76.8783	2,143.07	79.7278	2,143.07	76.381	2,143.07	75.547	2,143.07	70.5049	2,143.07	64.3046	2,143.07	67.8487	2,143.07	67.9581	2,143.07	68.7121	2,143.07	59.7524	2,143.07	61.9909	2,143.07	58.6595	2,143.07	61.9051	2,143.07	61.3636	2,143.07	50.1428	2,143.07	53.4246	2,143.07	39.6588	2,143.07	57.084	2,143.07	58.7844	2,143.07	64.9238	2,143.07	63.1476
2,219.24	86.3265	2,219.24	82.2521	2,219.24	83.655	2,219.24	81.0508	2,219.24	73.7879	2,219.24	80.5412	2,219.24	78.9465	2,219.24	75.8038	2,219.24	75.9264	2,219.24	75.7992	2,219.24	78.0582	2,219.24	77.2602	2,219.24	80.8969	2,219.24	77.9134	2,219.24	82.3472	2,219.24	75.826	2,219.24	77.6704	2,219.24	73.1688	2,219.24	57.1356	2,219.24	73.3102	2,219.24	71.0652	2,219.24	69.979	2,219.24	63.4064	2,219.24	65.6495	2,219.24	63.0916	2,219.24	66.8491	2,219.24	64.6811	2,219.24	57.4184	2,219.24	63.3562	2,219.24	60.3416	2,219.24	61.1635	2,219.24	59.6734	2,219.24	61.7767	2,219.24	63.5826	2,219.24	65.9309	2,219.24	68.3686
2,296.88	86.8268	2,296.88	82.8069	2,296.88	84.0063	2,296.88	82.3644	2,296.88	76.2799	2,296.88	81.733	2,296.88	79.7855	2,296.88	77.2336	2,296.88	76.9386	2,296.88	76.8448	2,296.88	79.6013	2,296.88	79.0096	2,296.88	82.3373	2,296.88	77.9104	2,296.88	80.4739	2,296.88	75.6141	2,296.88	80.1677	2,296.88	73.5524	2,296.88	72.6609	2,296.88	65.7845	2,296.88	69.8635	2,296.88	70.7421	2,296.88	65.8728	2,296.88	70.7178	2,296.88	59.8253	2,296.88	64.8844	2,296.88	63.4948	2,296.88	66.2009	2,296.88	65.8885	2,296.88	60.1954	2,296.88	58.7182	2,296.88	60.9392	2,296.88	63.7275	2,296.88	60.4311	2,296.88	69.6613	2,296.88	70.7688
2,378.91	87.1618	2,378.91	84.6115	2,378.91	84.0484	2,378.91	83.4458	2,378.91	79.1475	2,378.91	82.3237	2,378.91	79.6323	2,378.91	78.552	2,378.91	77.9803	2,378.91	79.7016	2,378.91	81.5345	2,378.91	78.9314	2,378.91	81.5346	2,378.91	77.8522	2,378.91	81.6612	2,378.91	77.5212	2,378.91	76.8078	2,378.91	77.5427	2,378.91	63.3332	2,378.91	76.387	2,378.91	64.9476	2,378.91	69.5531	2,378.91	65.6077	2,378.91	66.3612	2,378.91	57.8683	2,378.91	67.0798	2,378.91	61.9535	2,378.91	64.6429	2,378.91	65.7938	2,378.91	63.6267	2,378.91	46.1337	2,378.91	56.8319	2,378.91	65.144	2,378.91	64.6812	2,378.91	66.7265	2,378.91	61.4271
2,462.4	85.7302	2,462.4	83.7151	2,462.4	82.975	2,462.4	83.8726	2,462.4	81.4264	2,462.4	83.0477	2,462.4	79.7255	2,462.4	78.852	2,462.4	78.4682	2,462.4	78.8168	2,462.4	81.3301	2,462.4	79.8851	2,462.4	81.7672	2,462.4	77.9854	2,462.4	79.9983	2,462.4	73.5875	2,462.4	80.2186	2,462.4	70.5492	2,462.4	74.345	2,462.4	62.3692	2,462.4	68.0154	2,462.4	68.0832	2,462.4	59.7154	2,462.4	65.6161	2,462.4	63.9811	2,462.4	62.4641	2,462.4	65.2651	2,462.4	64.9866	2,462.4	61.3809	2,462.4	64.8894	2,462.4	62.7387	2,462.4	66.7207	2,462.4	63.7058	2,462.4	67.2216	2,462.4	60.6054	2,462.4	68.2538
2,548.83	84.8811	2,548.83	83.6091	2,548.83	81.0191	2,548.83	83.6688	2,548.83	81.4417	2,548.83	82.6775	2,548.83	80.0849	2,548.83	79.4519	2,548.83	79.8297	2,548.83	80.6085	2,548.83	82.2493	2,548.83	78.9101	2,548.83	80.0918	2,548.83	76.9609	2,548.83	80.2991	2,548.83	77.44	2,548.83	75.2488	2,548.83	77.7101	2,548.83	66.6169	2,548.83	74.2392	2,548.83	67.2064	2,548.83	62.7958	2,548.83	66.8599	2,548.83	65.7885	2,548.83	61.1905	2,548.83	63.9964	2,548.83	66.3324	2,548.83	61.2475	2,548.83	64.6294	2,548.83	66.0131	2,548.83	62.3348	2,548.83	62.7067	2,548.83	60.8136	2,548.83	65.3512	2,548.83	65.9865	2,548.83	70.3663
2,639.65	86.3234	2,639.65	84.6655	2,639.65	82.7415	2,639.65	84.4844	2,639.65	82.3164	2,639.65	82.4605	2,639.65	79.8378	2,639.65	80.2168	2,639.65	79.7257	2,639.65	80.1565	2,639.65	81.4013	2,639.65	78.9797	2,639.65	79.3405	2,639.65	77.2208	2,639.65	79.3131	2,639.65	73.7157	2,639.65	80.0375	2,639.65	67.0657	2,639.65	75.3808	2,639.65	60.9449	2,639.65	65.1925	2,639.65	68.9452	2,639.65	62.6871	2,639.65	63.6537	2,639.65	62.2431	2,639.65	64.6413	2,639.65	65.8563	2,639.65	63.91	2,639.65	65.4982	2,639.65	58.4958	2,639.65	63.142	2,639.65	60.1959	2,639.65	62.0668	2,639.65	57.4084	2,639.65	67.216	2,639.65	68.6973
2,731.93	85.5806	2,731.93	84.2628	2,731.93	82.3025	2,731.93	84.7271	2,731.93	83.3123	2,731.93	82.2836	2,731.93	80.4899	2,731.93	80.0926	2,731.93	80.7431	2,731.93	80.6702	2,731.93	82.0693	2,731.93	79.0556	2,731.93	76.7834	2,731.93	75.115	2,731.93	78.9949	2,731.93	76.0028	2,731.93	75.5098	2,731.93	75.7074	2,731.93	69.6825	2,731.93	73.9228	2,731.93	65.8086	2,731.93	67.0562	2,731.93	66.3751	2,731.93	64.7171	2,731.93	56.0746	2,731.93	63.3921	2,731.93	62.2509	2,731.93	61.8876	2,731.93	59.5778	2,731.93	53.7881	2,731.93	60.4821	2,731.93	60.9429	2,731.93	63.8676	2,731.93	56.8053	2,731.93	65.9837	2,731.93	59.9122
2,828.61	84.7582	2,828.61	83.8057	2,828.61	81.5929	2,828.61	84.8984	2,828.61	83.3045	2,828.61	82.363	2,828.61	81.4645	2,828.61	81.0339	2,828.61	80.431	2,828.61	79.6575	2,828.61	82.0233	2,828.61	77.5623	2,828.61	76.7573	2,828.61	75.6667	2,828.61	79.6988	2,828.61	71.5872	2,828.61	78.2036	2,828.61	66.9271	2,828.61	68.6563	2,828.61	64.2976	2,828.61	66.2063	2,828.61	65.4832	2,828.61	63.1223	2,828.61	63.2869	2,828.61	54.532	2,828.61	60.3191	2,828.61	62.0976	2,828.61	58.4072	2,828.61	62.6025	2,828.61	54.6334	2,828.61	59.574	2,828.61	58.3412	2,828.61	64.3727	2,828.61	65.2251	2,828.61	59.6083	2,828.61	60.2124
2,928.22	85.2156	2,928.22	84.6001	2,928.22	82.7099	2,928.22	84.2984	2,928.22	83.1233	2,928.22	81.3459	2,928.22	81.5217	2,928.22	80.8757	2,928.22	80.5098	2,928.22	80.8229	2,928.22	80.6475	2,928.22	77.6958	2,928.22	77.0855	2,928.22	73.8353	2,928.22	79.1777	2,928.22	75.6743	2,928.22	79.0467	2,928.22	75.701	2,928.22	71.1781	2,928.22	72.6782	2,928.22	65.2355	2,928.22	63.8966	2,928.22	56.1319	2,928.22	62.681	2,928.22	50.5643	2,928.22	63.7549	2,928.22	60.1052	2,928.22	61.3655	2,928.22	66.1164	2,928.22	59.0959	2,928.22	65.1533	2,928.22	56.3955	2,928.22	62.6838	2,928.22	63.7235	2,928.22	60.7498	2,928.22	64.1323
3,030.76	85.5165	3,030.76	85.9105	3,030.76	83.465	3,030.76	85.3277	3,030.76	84.1221	3,030.76	82.9297	3,030.76	82.3131	3,030.76	82.1007	3,030.76	82.1035	3,030.76	80.417	3,030.76	81.299	3,030.76	78.0001	3,030.76	76.6505	3,030.76	76.1886	3,030.76	79.9656	3,030.76	73.4866	3,030.76	77.2319	3,030.76	71.1684	3,030.76	66.544	3,030.76	67.1106	3,030.76	64.6111	3,030.76	64.0436	3,030.76	30.2375	3,030.76	62.1801	3,030.76	58.212	3,030.76	62.6786	3,030.76	64.4943	3,030.76	60.3688	3,030.76	65.5613	3,030.76	59.9636	3,030.76	64.3359	3,030.76	58.7495	3,030.76	62.4964	3,030.76	66.2064	3,030.76	62.2932	3,030.76	67.9087
3,137.7	85.3539	3,137.7	85.5122	3,137.7	83.5858	3,137.7	85.0359	3,137.7	85.2881	3,137.7	83.3173	3,137.7	82.9585	3,137.7	82.491	3,137.7	81.8476	3,137.7	80.6819	3,137.7	80.9288	3,137.7	78.1814	3,137.7	76.8094	3,137.7	74.9741	3,137.7	78.6314	3,137.7	75.4213	3,137.7	79.0907	3,137.7	75.2099	3,137.7	70.7609	3,137.7	70.2201	3,137.7	59.3898	3,137.7	64.1182	3,137.7	57.0067	3,137.7	60.9536	3,137.7	57.0386	3,137.7	65.2257	3,137.7	60.5379	3,137.7	61.7941	3,137.7	60.5745	3,137.7	64.3021	3,137.7	60.0529	3,137.7	59.7219	3,137.7	60.468	3,137.7	65.1082	3,137.7	65.2568	3,137.7	69.2721
3,249.02	85.7271	3,249.02	85.7591	3,249.02	83.1011	3,249.02	84.8754	3,249.02	84.8006	3,249.02	83.1501	3,249.02	83.2183	3,249.02	82.7308	3,249.02	81.2906	3,249.02	80.1922	3,249.02	80.3022	3,249.02	77.2813	3,249.02	79.4659	3,249.02	74.0863	3,249.02	77.5271	3,249.02	72.3415	3,249.02	78.4111	3,249.02	73.3728	3,249.02	74.2543	3,249.02	67.4399	3,249.02	68.4274	3,249.02	63.0707	3,249.02	56.1911	3,249.02	57.0186	3,249.02	61.3444	3,249.02	54.895	3,249.02	60.5606	3,249.02	55.7461	3,249.02	60.0725	3,249.02	61.2101	3,249.02	63.1954	3,249.02	59.551	3,249.02	60.834	3,249.02	64.7935	3,249.02	63.4774	3,249.02	66.6733
3,363.28	85.469	3,363.28	85.6675	3,363.28	83.5491	3,363.28	84.6881	3,363.28	84.8062	3,363.28	82.3455	3,363.28	83.2996	3,363.28	82.1788	3,363.28	80.5846	3,363.28	80.5372	3,363.28	79.1984	3,363.28	75.9876	3,363.28	79.4771	3,363.28	73.8059	3,363.28	78.9408	3,363.28	72.9701	3,363.28	76.7563	3,363.28	70.3877	3,363.28	71.309	3,363.28	69.347	3,363.28	65.2984	3,363.28	61.7746	3,363.28	50.6829	3,363.28	61.3802	3,363.28	59.1037	3,363.28	59.6762	3,363.28	63.308	3,363.28	48.5091	3,363.28	58.6018	3,363.28	61.3968	3,363.28	64.1639	3,363.28	55.4078	3,363.28	56.7659	3,363.28	60.4664	3,363.28	63.5761	3,363.28	67.5716
3,481.93	85.6088	3,481.93	85.5368	3,481.93	83.6912	3,481.93	84.5556	3,481.93	84.9186	3,481.93	83.0224	3,481.93	83.6498	3,481.93	81.9885	3,481.93	79.9627	3,481.93	78.3484	3,481.93	78.7777	3,481.93	75.6612	3,481.93	78.8722	3,481.93	72.7756	3,481.93	78.1303	3,481.93	71.8816	3,481.93	77.5779	3,481.93	73.6561	3,481.93	69.4768	3,481.93	65.0172	3,481.93	65.354	3,481.93	63.437	3,481.93	61.5014	3,481.93	63.8164	3,481.93	56.5345	3,481.93	64.9856	3,481.93	63.2428	3,481.93	58.5606	3,481.93	60.0409	3,481.93	55.4455	3,481.93	61.8601	3,481.93	54.8802	3,481.93	58.3078	3,481.93	61.3482	3,481.93	64.7045	3,481.93	66.5381
3,604.98	85.868	3,604.98	85.8414	3,604.98	84.0941	3,604.98	84.5411	3,604.98	85.0448	3,604.98	83.0118	3,604.98	84.1564	3,604.98	82.4013	3,604.98	79.6905	3,604.98	78.3156	3,604.98	79.3156	3,604.98	75.2956	3,604.98	79.6438	3,604.98	71.8411	3,604.98	74.3671	3,604.98	68.7289	3,604.98	77.1429	3,604.98	67.9071	3,604.98	67.1526	3,604.98	62.0657	3,604.98	59.8666	3,604.98	54.844	3,604.98	54.4105	3,604.98	60.3416	3,604.98	56.3125	3,604.98	60.0342	3,604.98	58.8232	3,604.98	60.9361	3,604.98	58.4128	3,604.98	56.4651	3,604.98	61.2429	3,604.98	58.4733	3,604.98	60.9114	3,604.98	64.1613	3,604.98	58.6929	3,604.98	67.9331
3,732.42	86.0712	3,732.42	85.9524	3,732.42	84.3276	3,732.42	84.9568	3,732.42	84.5618	3,732.42	83.0884	3,732.42	84.1213	3,732.42	81.3014	3,732.42	79.5985	3,732.42	79.1714	3,732.42	77.7028	3,732.42	73.6172	3,732.42	79.5848	3,732.42	72.4021	3,732.42	74.9273	3,732.42	71.0813	3,732.42	74.9577	3,732.42	70.8029	3,732.42	67.0643	3,732.42	70.0984	3,732.42	57.0844	3,732.42	59.3475	3,732.42	59.0527	3,732.42	49.8259	3,732.42	59.344	3,732.42	49.4858	3,732.42	57.2808	3,732.42	54.6373	3,732.42	56.1229	3,732.42	62.17	3,732.42	55.187	3,732.42	62.4124	3,732.42	58.546	3,732.42	66.852	3,732.42	58.5674	3,732.42	65.4311
3,864.26	85.9471	3,864.26	85.7457	3,864.26	84.9452	3,864.26	84.7679	3,864.26	84.7711	3,864.26	82.8008	3,864.26	84.0291	3,864.26	81.0684	3,864.26	78.9072	3,864.26	78.007	3,864.26	77.0924	3,864.26	75.0145	3,864.26	78.531	3,864.26	70.8091	3,864.26	76.3326	3,864.26	69.9445	3,864.26	72.8746	3,864.26	71.5486	3,864.26	66.16	3,864.26	68.1055	3,864.26	58.9884	3,864.26	46.7827	3,864.26	63.3032	3,864.26	52.2866	3,864.26	55.441	3,864.26	54.1494	3,864.26	60.2951	3,864.26	58.5859	3,864.26	58.1521	3,864.26	57.2099	3,864.26	57.4733	3,864.26	61.0038	3,864.26	58.7649	3,864.26	67.8271	3,864.26	62.7479	3,864.26	61.0992
4,000.49	86.3295	4,000.49	85.8631	4,000.49	85.2177	4,000.49	84.9175	4,000.49	84.6602	4,000.49	82.1292	4,000.49	84.2394	4,000.49	80.6423	4,000.49	79.3356	4,000.49	77.4897	4,000.49	76.6395	4,000.49	74.9981	4,000.49	78.7921	4,000.49	70.8236	4,000.49	76.4567	4,000.49	69.6843	4,000.49	73.3211	4,000.49	69.6333	4,000.49	72.2496	4,000.49	61.0777	4,000.49	60.9077	4,000.49	60.0829	4,000.49	65.5401	4,000.49	54.2751	4,000.49	54.7033	4,000.49	51.2061	4,000.49	62.0586	4,000.49	62.2263	4,000.49	56.5009	4,000.49	62.2907	4,000.49	60.9522	4,000.49	58.4523	4,000.49	55.4374	4,000.49	63.9225	4,000.49	64.3298	4,000.49	47.4683
4,141.11	86.721	4,141.11	86.5598	4,141.11	86.5501	4,141.11	84.9181	4,141.11	84.9284	4,141.11	82.2509	4,141.11	84.3281	4,141.11	80.416	4,141.11	80.6172	4,141.11	77.8671	4,141.11	75.5106	4,141.11	73.4529	4,141.11	77.3747	4,141.11	71.8724	4,141.11	73.6623	4,141.11	68.2076	4,141.11	72.6462	4,141.11	62.4486	4,141.11	72.9267	4,141.11	60.7702	4,141.11	57.4378	4,141.11	60.9683	4,141.11	60.2225	4,141.11	51.3943	4,141.11	54.0126	4,141.11	58.6052	4,141.11	61.9713	4,141.11	51.9581	4,141.11	49.8004	4,141.11	62.2344	4,141.11	62.137	4,141.11	62.7588	4,141.11	52.5283	4,141.11	64.7564	4,141.11	65.276	4,141.11	60.4691
4,287.6	86.3433	4,287.6	86.6877	4,287.6	86.5908	4,287.6	84.8703	4,287.6	85.122	4,287.6	82.7522	4,287.6	84.2521	4,287.6	80.4861	4,287.6	80.8169	4,287.6	78.1548	4,287.6	72.9843	4,287.6	72.8946	4,287.6	76.4066	4,287.6	69.754	4,287.6	74.7074	4,287.6	69.1751	4,287.6	73.6871	4,287.6	65.0019	4,287.6	72.145	4,287.6	66.166	4,287.6	52.9004	4,287.6	53.4446	4,287.6	59.9384	4,287.6	46.0675	4,287.6	54.4371	4,287.6	55.2998	4,287.6	58.3712	4,287.6	60.1139	4,287.6	59.1478	4,287.6	60.1973	4,287.6	53.2883	4,287.6	64.9949	4,287.6	60.521	4,287.6	62.7049	4,287.6	56.9441	4,287.6	66.7574
4,438.48	86.744	4,438.48	86.7743	4,438.48	87.0886	4,438.48	84.5023	4,438.48	85.3916	4,438.48	82.3094	4,438.48	84.49	4,438.48	80.0648	4,438.48	81.6529	4,438.48	77.3129	4,438.48	73.7938	4,438.48	72.2647	4,438.48	77.265	4,438.48	67.2036	4,438.48	76.9976	4,438.48	67.9586	4,438.48	77.6389	4,438.48	64.3322	4,438.48	71.2891	4,438.48	63.0143	4,438.48	61.2824	4,438.48	62.445	4,438.48	61.585	4,438.48	51.2763	4,438.48	52.6422	4,438.48	56.7508	4,438.48	59.9938	4,438.48	60.2563	4,438.48	57.0225	4,438.48	55.4561	4,438.48	58.9439	4,438.48	59.4838	4,438.48	58.4847	4,438.48	66.4253	4,438.48	59.9192	4,438.48	61.8908
4,595.21	86.7738	4,595.21	86.7672	4,595.21	87.6745	4,595.21	84.332	4,595.21	85.6937	4,595.21	81.9986	4,595.21	84.1139	4,595.21	79.4933	4,595.21	82.2879	4,595.21	76.2975	4,595.21	72.823	4,595.21	71.0462	4,595.21	74.5082	4,595.21	69.7065	4,595.21	75.3928	4,595.21	64.7798	4,595.21	79.9111	4,595.21	63.1716	4,595.21	69.9689	4,595.21	63.5153	4,595.21	60.9559	4,595.21	58.4979	4,595.21	41.5962	4,595.21	61.6443	4,595.21	56.2505	4,595.21	47.4934	4,595.21	58.706	4,595.21	55.353	4,595.21	53.9148	4,595.21	63.8868	4,595.21	57.9298	4,595.21	49.0344	4,595.21	53.2321	4,595.21	62.706	4,595.21	62.3671	4,595.21	57.3069
4,756.35	86.4723	4,756.35	86.5247	4,756.35	87.1691	4,756.35	84.0171	4,756.35	85.922	4,756.35	81.9676	4,756.35	83.5969	4,756.35	79.3354	4,756.35	81.692	4,756.35	76.1614	4,756.35	73.3474	4,756.35	71.9054	4,756.35	73.5428	4,756.35	68.0728	4,756.35	74.3895	4,756.35	69.1003	4,756.35	78.2863	4,756.35	61.7012	4,756.35	68.1083	4,756.35	65.4552	4,756.35	56.9678	4,756.35	59.0478	4,756.35	57.1203	4,756.35	56.0099	4,756.35	53.0569	4,756.35	52.8501	4,756.35	60.9188	4,756.35	55.5266	4,756.35	58.8355	4,756.35	64.0608	4,756.35	55.735	4,756.35	64.4681	4,756.35	59.8289	4,756.35	61.3774	4,756.35	48.1221	4,756.35	64.1823
4,924.8	86.8482	4,924.8	86.5302	4,924.8	87.4266	4,924.8	84.1462	4,924.8	85.4806	4,924.8	81.627	4,924.8	82.7978	4,924.8	79.3012	4,924.8	81.5479	4,924.8	76.1678	4,924.8	73.2708	4,924.8	72.9589	4,924.8	72.7919	4,924.8	69.5977	4,924.8	72.9296	4,924.8	62.9931	4,924.8	74.4372	4,924.8	62.9461	4,924.8	71.4575	4,924.8	60.567	4,924.8	51.1594	4,924.8	62.5216	4,924.8	50.8404	4,924.8	57.8922	4,924.8	50.7225	4,924.8	51.6171	4,924.8	57.1651	4,924.8	59.966	4,924.8	50.9171	4,924.8	55.8137	4,924.8	56.9359	4,924.8	61.685	4,924.8	48.3741	4,924.8	66.4731	4,924.8	61.9255	4,924.8	59.1514
5,097.66	86.4465	5,097.66	86.1302	5,097.66	86.8122	5,097.66	83.8763	5,097.66	86.129	5,097.66	82.1732	5,097.66	82.3614	5,097.66	79.7614	5,097.66	81.7631	5,097.66	77.0074	5,097.66	75.5155	5,097.66	72.3047	5,097.66	72.0331	5,097.66	65.7365	5,097.66	72.5805	5,097.66	69.3179	5,097.66	74.136	5,097.66	64.8971	5,097.66	72.3289	5,097.66	66.5215	5,097.66	52.5347	5,097.66	64.0768	5,097.66	51.7431	5,097.66	59.9426	5,097.66	55.7855	5,097.66	52.6568	5,097.66	55.4847	5,097.66	57.9142	5,097.66	51.782	5,097.66	59.5825	5,097.66	53.8355	5,097.66	57.0553	5,097.66	58.6223	5,097.66	61.8578	5,097.66	44.8675	5,097.66	63.1951
5,277.83	87.2276	5,277.83	86.569	5,277.83	87.3713	5,277.83	84.5616	5,277.83	85.9585	5,277.83	82.6928	5,277.83	82.6095	5,277.83	80.0321	5,277.83	81.5432	5,277.83	77.3401	5,277.83	76.2185	5,277.83	72.409	5,277.83	70.422	5,277.83	71.1242	5,277.83	72.1825	5,277.83	67.1089	5,277.83	70.8461	5,277.83	66.1468	5,277.83	72.1634	5,277.83	63.0657	5,277.83	45.7838	5,277.83	63.3327	5,277.83	56.0917	5,277.83	54.164	5,277.83	43.915	5,277.83	45.3507	5,277.83	56.6903	5,277.83	50.1376	5,277.83	56.5777	5,277.83	63.2111	5,277.83	54.1011	5,277.83	56.1117	5,277.83	52.9942	5,277.83	62.652	5,277.83	61.329	5,277.83	55.7003
5,463.87	87.4562	5,463.87	86.5286	5,463.87	87.2368	5,463.87	84.856	5,463.87	86.2533	5,463.87	82.8525	5,463.87	82.8539	5,463.87	79.8867	5,463.87	81.2033	5,463.87	76.6559	5,463.87	77.7801	5,463.87	72.2448	5,463.87	70.0399	5,463.87	68.0394	5,463.87	73.5817	5,463.87	68.1128	5,463.87	70.4685	5,463.87	67.0592	5,463.87	72.1959	5,463.87	63.2143	5,463.87	48.6123	5,463.87	66.1872	5,463.87	54.6867	5,463.87	55.388	5,463.87	54.3279	5,463.87	53.8525	5,463.87	57.0977	5,463.87	44.875	5,463.87	46.8555	5,463.87	59.2664	5,463.87	53.9282	5,463.87	62.9839	5,463.87	55.9417	5,463.87	63.7054	5,463.87	55.7763	5,463.87	61.4926
5,657.23	87.3866	5,657.23	86.8532	5,657.23	87.8184	5,657.23	84.9526	5,657.23	86.2331	5,657.23	81.9859	5,657.23	82.6001	5,657.23	78.6219	5,657.23	80.704	5,657.23	74.3552	5,657.23	76.0294	5,657.23	68.9284	5,657.23	67.8648	5,657.23	68.4539	5,657.23	72.142	5,657.23	64.6611	5,657.23	71.8095	5,657.23	63.5436	5,657.23	68.1591	5,657.23	62.0861	5,657.23	48.936	5,657.23	56.6433	5,657.23	54.0182	5,657.23	52.5535	5,657.23	46.7934	5,657.23	53.227	5,657.23	53.5539	5,657.23	48.8719	5,657.23	50.058	5,657.23	52.915	5,657.23	47.0834	5,657.23	57.7048	5,657.23	57.7357	5,657.23	59.7851	5,657.23	53.5242	5,657.23	62.2109
5,856.45	87.2511	5,856.45	86.4228	5,856.45	87.4021	5,856.45	84.2059	5,856.45	85.9374	5,856.45	80.7607	5,856.45	81.7497	5,856.45	77.3216	5,856.45	78.8802	5,856.45	72.1284	5,856.45	75.9359	5,856.45	69.009	5,856.45	63.7678	5,856.45	68.558	5,856.45	71.6927	5,856.45	62.2885	5,856.45	68.3875	5,856.45	64.885	5,856.45	65.355	5,856.45	60.9511	5,856.45	10.115	5,856.45	59.1129	5,856.45	46.6941	5,856.45	53.9457	5,856.45	50.9848	5,856.45	51.9267	5,856.45	47.8675	5,856.45	45.2274	5,856.45	53.6517	5,856.45	57.9068	5,856.45	52.6539	5,856.45	47.3959	5,856.45	50.2661	5,856.45	62.1297	5,856.45	59.0694	5,856.45	57.5077
6,062.99	86.8179	6,062.99	85.9431	6,062.99	86.8946	6,062.99	83.3178	6,062.99	84.875	6,062.99	80.3827	6,062.99	80.8426	6,062.99	77.3114	6,062.99	77.9438	6,062.99	74.1395	6,062.99	75.7166	6,062.99	70.6199	6,062.99	66.5803	6,062.99	70.3538	6,062.99	71.2114	6,062.99	63.0188	6,062.99	71.664	6,062.99	66.9975	6,062.99	67.1672	6,062.99	61.2301	6,062.99	45.4562	6,062.99	63.3334	6,062.99	47.1354	6,062.99	56.6831	6,062.99	32.386	6,062.99	50.0311	6,062.99	43.8722	6,062.99	41.4566	6,062.99	53.3256	6,062.99	60.4604	6,062.99	54.1209	6,062.99	55.2474	6,062.99	45.8791	6,062.99	63.3624	6,062.99	58.5491	6,062.99	53.6438
6,276.86	85.9775	6,276.86	85.1214	6,276.86	86.0715	6,276.86	82.6443	6,276.86	84.2398	6,276.86	80.6041	6,276.86	80.6901	6,276.86	77.5129	6,276.86	77.7729	6,276.86	74.5727	6,276.86	74.4075	6,276.86	71.3558	6,276.86	67.5476	6,276.86	70.1561	6,276.86	69.9552	6,276.86	64.572	6,276.86	70.9759	6,276.86	65.5877	6,276.86	66.087	6,276.86	60.9285	6,276.86	49.6338	6,276.86	63.0835	6,276.86	38.2473	6,276.86	53.5485	6,276.86	46.7609	6,276.86	55.9251	6,276.86	43.3471	6,276.86	50.0851	6,276.86	47.8167	6,276.86	47.1218	6,276.86	48.69	6,276.86	52.4359	6,276.86	49.0938	6,276.86	61.1582	6,276.86	56.7274	6,276.86	52.238
6,498.05	85.5231	6,498.05	85.2804	6,498.05	85.9023	6,498.05	83.3298	6,498.05	83.8085	6,498.05	80.3022	6,498.05	80.1036	6,498.05	77.552	6,498.05	77.1781	6,498.05	73.7463	6,498.05	72.4087	6,498.05	69.4761	6,498.05	67.1496	6,498.05	68.3624	6,498.05	66.5953	6,498.05	63.2728	6,498.05	69.4943	6,498.05	63.1137	6,498.05	65.1891	6,498.05	59.273	6,498.05	48.4358	6,498.05	61.8232	6,498.05	45.6868	6,498.05	35.6734	6,498.05	43.1907	6,498.05	56.6907	6,498.05	47.8351	6,498.05	56.2152	6,498.05	50.0417	6,498.05	61.566	6,498.05	45.1314	6,498.05	46.4217	6,498.05	43.7241	6,498.05	59.2742	6,498.05	55.8622	6,498.05	54.7238
6,726.56	86.1066	6,726.56	85.4732	6,726.56	85.7877	6,726.56	83.2417	6,726.56	82.8738	6,726.56	79.5655	6,726.56	79.2465	6,726.56	76.7653	6,726.56	75.26	6,726.56	72.0253	6,726.56	69.8332	6,726.56	68.9075	6,726.56	66.05	6,726.56	66.7348	6,726.56	62.1456	6,726.56	64.4935	6,726.56	61.1272	6,726.56	63.44	6,726.56	58.8022	6,726.56	59.451	6,726.56	52.2422	6,726.56	61.3374	6,726.56	50.7123	6,726.56	41.6324	6,726.56	43.9444	6,726.56	54.3832	6,726.56	46.9872	6,726.56	48.2143	6,726.56	53.5188	6,726.56	60.5199	6,726.56	46.7356	6,726.56	52.7875	6,726.56	45.761	6,726.56	58.2707	6,726.56	53.4772	6,726.56	54.0197
6,963.87	85.8141	6,963.87	85.1683	6,963.87	85.1029	6,963.87	82.9635	6,963.87	82.1182	6,963.87	79.4139	6,963.87	78.026	6,963.87	76.7159	6,963.87	74.279	6,963.87	72.7468	6,963.87	69.2869	6,963.87	69.884	6,963.87	66.8416	6,963.87	67.7604	6,963.87	64.1367	6,963.87	65.3953	6,963.87	61.1752	6,963.87	62.8005	6,963.87	63.1188	6,963.87	59.9498	6,963.87	54.4814	6,963.87	61.087	6,963.87	50.9312	6,963.87	50.7851	6,963.87	43.842	6,963.87	57.7605	6,963.87	46.5031	6,963.87	55.3085	6,963.87	52.2326	6,963.87	59.9805	6,963.87	45.5376	6,963.87	51.8634	6,963.87	44.0477	6,963.87	58.6248	6,963.87	53.3665	6,963.87	51.9193
7,209.96	86.2152	7,209.96	85.6078	7,209.96	85.3915	7,209.96	83.2031	7,209.96	82.3875	7,209.96	79.6607	7,209.96	78.3373	7,209.96	76.7751	7,209.96	75.2045	7,209.96	73.7389	7,209.96	69.4781	7,209.96	69.9109	7,209.96	67.7202	7,209.96	67.9925	7,209.96	62.7631	7,209.96	63.8598	7,209.96	62.7276	7,209.96	62.7313	7,209.96	61.3037	7,209.96	57.6171	7,209.96	50.7558	7,209.96	60.3679	7,209.96	47.8899	7,209.96	56.2083	7,209.96	52.9351	7,209.96	52.7068	7,209.96	51.4486	7,209.96	42.8236	7,209.96	54.7962	7,209.96	62.0323	7,209.96	44.5823	7,209.96	41.711	7,209.96	47.6693	7,209.96	58.3483	7,209.96	55.1697	7,209.96	41.9493
7,464.84	87.223	7,464.84	86.6376	7,464.84	86.1601	7,464.84	83.9007	7,464.84	83.1465	7,464.84	79.96	7,464.84	79.2334	7,464.84	77.3549	7,464.84	74.8651	7,464.84	73.3975	7,464.84	70.131	7,464.84	70.4247	7,464.84	67.4886	7,464.84	68.3585	7,464.84	64.1248	7,464.84	64.3727	7,464.84	68.0246	7,464.84	64.2484	7,464.84	63.5068	7,464.84	62.6314	7,464.84	36.4576	7,464.84	52.3351	7,464.84	36.985	7,464.84	61.0881	7,464.84	51.3167	7,464.84	55.7458	7,464.84	52.9414	7,464.84	43.4812	7,464.84	53.1166	7,464.84	59.4091	7,464.84	34.9409	7,464.84	57.0088	7,464.84	51.3371	7,464.84	58.106	7,464.84	54.3012	7,464.84	53.0854
7,727.05	87.9163	7,727.05	87.3955	7,727.05	86.9013	7,727.05	84.4917	7,727.05	84.0491	7,727.05	80.1145	7,727.05	80.0464	7,727.05	77.7227	7,727.05	74.6111	7,727.05	73.1573	7,727.05	70.3061	7,727.05	70.435	7,727.05	67.8697	7,727.05	68.2888	7,727.05	60.7004	7,727.05	65.3785	7,727.05	66.9185	7,727.05	60.3686	7,727.05	58.6454	7,727.05	63.0104	7,727.05	49.2415	7,727.05	54.128	7,727.05	52.0778	7,727.05	60.0944	7,727.05	50.4846	7,727.05	60.9288	7,727.05	47.8285	7,727.05	49.0075	7,727.05	40.609	7,727.05	61.4674	7,727.05	24.6487	7,727.05	45.5226	7,727.05	48.9163	7,727.05	49.384	7,727.05	48.3872	7,727.05	56.806
7,999.51	88.5938	7,999.51	87.9473	7,999.51	87.5685	7,999.51	84.7048	7,999.51	84.2465	7,999.51	79.9801	7,999.51	79.4688	7,999.51	76.8531	7,999.51	73.8917	7,999.51	72.556	7,999.51	68.4397	7,999.51	69.3785	7,999.51	65.1874	7,999.51	65.5277	7,999.51	57.727	7,999.51	63.5642	7,999.51	57.2164	7,999.51	59.0524	7,999.51	60.9696	7,999.51	55.1647	7,999.51	50.2464	7,999.51	61.1958	7,999.51	50.9138	7,999.51	46.1388	7,999.51	42.9563	7,999.51	61.152	7,999.51	48.3686	7,999.51	43.4903	7,999.51	49.2324	7,999.51	56.6997	7,999.51	43.4792	7,999.51	45.7717	7,999.51	48.9402	7,999.51	56.7997	7,999.51	56.4395	7,999.51	48.8774
8,282.23	89.1078	8,282.23	88.2765	8,282.23	87.9372	8,282.23	84.7065	8,282.23	84.3382	8,282.23	79.2255	8,282.23	78.9063	8,282.23	75.5831	8,282.23	71.3911	8,282.23	72.4174	8,282.23	66.9686	8,282.23	69.8796	8,282.23	64.1819	8,282.23	64.4901	8,282.23	50.8658	8,282.23	61.6406	8,282.23	57.6815	8,282.23	58.8049	8,282.23	59.8709	8,282.23	60.6043	8,282.23	46.6942	8,282.23	42.3595	8,282.23	7.55539	8,282.23	59.6315	8,282.23	38.121	8,282.23	61.7021	8,282.23	50.1532	8,282.23	45.3592	8,282.23	49.7273	8,282.23	54.9132	8,282.23	34.1953	8,282.23	53.4373	8,282.23	51.699	8,282.23	53.4149	8,282.23	52.8728	8,282.23	55.4519
8,573.73	88.9895	8,573.73	87.8258	8,573.73	87.4731	8,573.73	84.1916	8,573.73	83.8194	8,573.73	78.9569	8,573.73	77.8192	8,573.73	76.0067	8,573.73	71.2985	8,573.73	72.2703	8,573.73	69.0882	8,573.73	69.3647	8,573.73	64.159	8,573.73	62.5105	8,573.73	60.7191	8,573.73	63.0505	8,573.73	61.5812	8,573.73	55.9434	8,573.73	63.3169	8,573.73	53.4549	8,573.73	43.5056	8,573.73	60.849	8,573.73	44.0518	8,573.73	47.1197	8,573.73	40.4852	8,573.73	61.529	8,573.73	46.3862	8,573.73	46.2225	8,573.73	44.265	8,573.73	45.0915	8,573.73	37.9581	8,573.73	32.4615	8,573.73	49.3396	8,573.73	54.5166	8,573.73	55.7651	8,573.73	45.5505
8,876.95	88.1716	8,876.95	87.1702	8,876.95	86.7716	8,876.95	83.762	8,876.95	83.0305	8,876.95	78.6788	8,876.95	77.103	8,876.95	75.1942	8,876.95	71.7217	8,876.95	70.6605	8,876.95	70.5458	8,876.95	66.0904	8,876.95	67.4217	8,876.95	58.2588	8,876.95	53.8323	8,876.95	56.727	8,876.95	61.726	8,876.95	49.6784	8,876.95	61.2362	8,876.95	57.7421	8,876.95	37.2036	8,876.95	54.8353	8,876.95	44.2469	8,876.95	55.5301	8,876.95	41.9486	8,876.95	61.7823	8,876.95	52.1198	8,876.95	37.3862	8,876.95	44.1541	8,876.95	42.3645	8,876.95	34.0994	8,876.95	45.6193	8,876.95	49.7082	8,876.95	48.1512	8,876.95	50.8268	8,876.95	52.8315
9,188.96	86.8178	9,188.96	85.9051	9,188.96	85.592	9,188.96	82.5632	9,188.96	81.8472	9,188.96	77.7834	9,188.96	76.4354	9,188.96	74.1796	9,188.96	73.0097	9,188.96	69.5168	9,188.96	70.0944	9,188.96	65.4823	9,188.96	65.9259	9,188.96	57.5283	9,188.96	52.9123	9,188.96	57.1052	9,188.96	56.3112	9,188.96	56.9522	9,188.96	60.5499	9,188.96	55.274	9,188.96	47.9496	9,188.96	49.726	9,188.96	43.8599	9,188.96	55.5712	9,188.96	37.2663	9,188.96	57.51	9,188.96	40.5047	9,188.96	27.7624	9,188.96	43.0829	9,188.96	50.1198	9,188.96	33.6798	9,188.96	46.2666	9,188.96	49.2871	9,188.96	53.8276	9,188.96	53.6984	9,188.96	46.8592
9,514.16	86.2846	9,514.16	85.5325	9,514.16	84.9573	9,514.16	82.3364	9,514.16	81.1351	9,514.16	77.6934	9,514.16	75.9921	9,514.16	74.3683	9,514.16	72.3768	9,514.16	67.4825	9,514.16	69.0575	9,514.16	66.5914	9,514.16	65.3891	9,514.16	60.7513	9,514.16	56.1573	9,514.16	59.7583	9,514.16	60.1621	9,514.16	57.3242	9,514.16	62.8581	9,514.16	51.9727	9,514.16	51.2652	9,514.16	55.509	9,514.16	48.477	9,514.16	57.0845	9,514.16	45.7035	9,514.16	58.2268	9,514.16	44.2639	9,514.16	39.8253	9,514.16	37.9289	9,514.16	48.8317	9,514.16	39.2061	9,514.16	51.3682	9,514.16	47.6675	9,514.16	53.6416	9,514.16	52.4614	9,514.16	41.1052
9,849.61	85.8717	9,849.61	85.5367	9,849.61	84.6108	9,849.61	82.4982	9,849.61	80.8318	9,849.61	77.4542	9,849.61	76.4646	9,849.61	73.9945	9,849.61	72.9856	9,849.61	69.186	9,849.61	68.837	9,849.61	67.3096	9,849.61	66.1492	9,849.61	62.2755	9,849.61	56.2744	9,849.61	61.387	9,849.61	54.9571	9,849.61	56.528	9,849.61	59.9582	9,849.61	51.5235	9,849.61	50.2785	9,849.61	57.9784	9,849.61	44.5525	9,849.61	55.717	9,849.61	41.9156	9,849.61	56.6834	9,849.61	48.3081	9,849.61	46.771	9,849.61	40.3439	9,849.61	34.6653	9,849.61	39.8578	9,849.61	48.7661	9,849.61	45.5099	9,849.61	51.5836	9,849.61	48.6846	9,849.61	44.6453
10,196.8	86.0152	10,196.8	85.6642	10,196.8	84.7303	10,196.8	82.4888	10,196.8	80.5988	10,196.8	76.5771	10,196.8	76.2555	10,196.8	73.2525	10,196.8	71.867	10,196.8	68.2865	10,196.8	67.68	10,196.8	67.5471	10,196.8	64.4629	10,196.8	61.0882	10,196.8	56.9241	10,196.8	58.7718	10,196.8	55.0759	10,196.8	52.8086	10,196.8	57.9995	10,196.8	51.3719	10,196.8	47.0162	10,196.8	55.7429	10,196.8	41.8155	10,196.8	55.846	10,196.8	45.8921	10,196.8	58.7372	10,196.8	47.5135	10,196.8	47.1579	10,196.8	40.3234	10,196.8	51.2663	10,196.8	41.2365	10,196.8	50.1666	10,196.8	44.8067	10,196.8	50.5708	10,196.8	47.0579	10,196.8	48.3955
10,555.7	86.629	10,555.7	85.9487	10,555.7	84.9497	10,555.7	82.218	10,555.7	80.229	10,555.7	75.4335	10,555.7	74.9329	10,555.7	72.5305	10,555.7	71.2518	10,555.7	69.4855	10,555.7	67.3893	10,555.7	66.4763	10,555.7	63.3992	10,555.7	57.3208	10,555.7	54.0646	10,555.7	54.6378	10,555.7	56.494	10,555.7	48.0215	10,555.7	55.3585	10,555.7	45.4999	10,555.7	48.3462	10,555.7	54.5069	10,555.7	43.7838	10,555.7	54.9809	10,555.7	34.6857	10,555.7	59.3085	10,555.7	44.4582	10,555.7	48.5252	10,555.7	40.5174	10,555.7	45.7251	10,555.7	44.5873	10,555.7	42.7628	10,555.7	45.1115	10,555.7	50.0604	10,555.7	46.9708	10,555.7	49.8679
10,927.7	87.4352	10,927.7	86.208	10,927.7	85.0865	10,927.7	81.5961	10,927.7	79.0256	10,927.7	74.9038	10,927.7	73.2749	10,927.7	71.9325	10,927.7	70.5227	10,927.7	66.5679	10,927.7	66.3439	10,927.7	59.7042	10,927.7	63.1213	10,927.7	55.2169	10,927.7	59.4483	10,927.7	53.5465	10,927.7	56.4776	10,927.7	44.2438	10,927.7	47.6484	10,927.7	53.2037	10,927.7	43.8303	10,927.7	49.4509	10,927.7	45.2032	10,927.7	50.4807	10,927.7	45.0944	10,927.7	59.3465	10,927.7	46.6088	10,927.7	48.6114	10,927.7	46.5927	10,927.7	44.2111	10,927.7	42.6854	10,927.7	38.6355	10,927.7	41.6894	10,927.7	53.281	10,927.7	48.2729	10,927.7	49.2525
11,313	88.0273	11,313	86.5618	11,313	85.3532	11,313	81.4435	11,313	79.1632	11,313	75.2616	11,313	74.0107	11,313	71.0072	11,313	66.7136	11,313	60.8292	11,313	66.2412	11,313	61.8963	11,313	64.2307	11,313	63.6025	11,313	65.4636	11,313	60.848	11,313	58.064	11,313	51.7668	11,313	54.5536	11,313	56.4598	11,313	47.268	11,313	56.8451	11,313	46.0271	11,313	52.3584	11,313	50.7268	11,313	59.5246	11,313	51.7454	11,313	52.7296	11,313	45.5685	11,313	55.4243	11,313	34.4894	11,313	49.4146	11,313	45.7928	11,313	49.2428	11,313	50.7573	11,313	41.6771
11,712.9	88.2047	11,712.9	86.8497	11,712.9	86.1171	11,712.9	81.6037	11,712.9	80.7865	11,712.9	75.8374	11,712.9	75.5594	11,712.9	69.1583	11,712.9	61.6011	11,712.9	62.4063	11,712.9	68.574	11,712.9	66.9831	11,712.9	66.4045	11,712.9	66.6116	11,712.9	67.4329	11,712.9	63.5182	11,712.9	60.3173	11,712.9	59.4313	11,712.9	53.4873	11,712.9	53.0968	11,712.9	41.9705	11,712.9	52.728	11,712.9	44.289	11,712.9	55.8201	11,712.9	41.5374	11,712.9	57.4331	11,712.9	30.9069	11,712.9	52.0901	11,712.9	38.0216	11,712.9	51.156	11,712.9	44.2546	11,712.9	46.2523	11,712.9	51.0059	11,712.9	54.8801	11,712.9	50.4113	11,712.9	47.4469
12,126	88.4094	12,126	86.8237	12,126	86.6018	12,126	81.8492	12,126	81.9833	12,126	76.3501	12,126	75.1734	12,126	66.3422	12,126	57.8696	12,126	65.9535	12,126	71.218	12,126	69.809	12,126	69.2702	12,126	67.8951	12,126	68.0169	12,126	63.734	12,126	61.0507	12,126	57.5714	12,126	56.1469	12,126	57.6069	12,126	50.8368	12,126	59.3379	12,126	51.4411	12,126	48.1421	12,126	53.2652	12,126	58.4401	12,126	53.8916	12,126	54.0098	12,126	47.1767	12,126	48.3062	12,126	37.2771	12,126	52.4293	12,126	31.9677	12,126	53.0766	12,126	46.5846	12,126	47.7406
12,553.7	88.3456	12,553.7	86.5716	12,553.7	87.0565	12,553.7	82.3421	12,553.7	82.7044	12,553.7	76.0544	12,553.7	73.9264	12,553.7	63.4269	12,553.7	61.3607	12,553.7	68.9633	12,553.7	73.2683	12,553.7	70.7925	12,553.7	70.2789	12,553.7	67.4909	12,553.7	68.5446	12,553.7	62.8139	12,553.7	63.3284	12,553.7	58.9371	12,553.7	49.9463	12,553.7	57.9853	12,553.7	51.7862	12,553.7	49.6183	12,553.7	45.911	12,553.7	52.0272	12,553.7	46.4134	12,553.7	58.9143	12,553.7	50.1706	12,553.7	50.8555	12,553.7	34.4332	12,553.7	51.1847	12,553.7	38.61	12,553.7	46.4892	12,553.7	47.4373	12,553.7	59.21	12,553.7	51.6206	12,553.7	48.6958
12,996.1	88.04	12,996.1	86.1106	12,996.1	87.2505	12,996.1	82.9065	12,996.1	83.3423	12,996.1	75.6262	12,996.1	73.487	12,996.1	57.3986	12,996.1	64.788	12,996.1	70.5017	12,996.1	73.23	12,996.1	70.3648	12,996.1	71.1175	12,996.1	65.8842	12,996.1	69.354	12,996.1	60.9014	12,996.1	61.0621	12,996.1	58.5671	12,996.1	45.8472	12,996.1	52.1	12,996.1	39.332	12,996.1	53.9795	12,996.1	44.4781	12,996.1	57.0799	12,996.1	46.9871	12,996.1	54.9345	12,996.1	47.6103	12,996.1	52.466	12,996.1	46.4267	12,996.1	43.3559	12,996.1	34.7552	12,996.1	39.6918	12,996.1	45.2542	12,996.1	58.6188	12,996.1	51.2761	12,996.1	43.5255
13,454.6	88.1427	13,454.6	86.4487	13,454.6	87.133	13,454.6	83.3275	13,454.6	83.3806	13,454.6	73.3822	13,454.6	72.1889	13,454.6	64.0433	13,454.6	68.2029	13,454.6	71.5799	13,454.6	72.4548	13,454.6	68.8391	13,454.6	71.1771	13,454.6	63.7371	13,454.6	68.2283	13,454.6	59.4476	13,454.6	63.7785	13,454.6	57.719	13,454.6	48.9368	13,454.6	51.5861	13,454.6	41.1087	13,454.6	54.9004	13,454.6	45.9609	13,454.6	56.8821	13,454.6	48.8562	13,454.6	54.1862	13,454.6	50.9967	13,454.6	52.0379	13,454.6	48.1852	13,454.6	46.9198	13,454.6	41.9005	13,454.6	47.7263	13,454.6	43.222	13,454.6	56.8469	13,454.6	49.3955	13,454.6	40.3085
13,929.2	88.1494	13,929.2	86.4158	13,929.2	86.777	13,929.2	82.5359	13,929.2	83.0375	13,929.2	70.2378	13,929.2	71.5719	13,929.2	68.6318	13,929.2	70.9735	13,929.2	71.5991	13,929.2	72.7369	13,929.2	66.9279	13,929.2	71.3578	13,929.2	63.5053	13,929.2	67.6586	13,929.2	57.5231	13,929.2	61.6629	13,929.2	57.2889	13,929.2	51.2564	13,929.2	52.9101	13,929.2	40.1176	13,929.2	45.8166	13,929.2	46.9787	13,929.2	57.7352	13,929.2	48.8728	13,929.2	51.6167	13,929.2	49.3791	13,929.2	52.3381	13,929.2	48.5539	13,929.2	41.2793	13,929.2	42.0576	13,929.2	41.4588	13,929.2	43.0922	13,929.2	56.5711	13,929.2	49.3185	13,929.2	44.6965
14,419.9	86.9559	14,419.9	85.6672	14,419.9	86.0178	14,419.9	81.4281	14,419.9	82.378	14,419.9	64.4583	14,419.9	69.6614	14,419.9	70.8396	14,419.9	72.0932	14,419.9	71.377	14,419.9	72.5573	14,419.9	67.6981	14,419.9	71.0135	14,419.9	64.8062	14,419.9	65.7962	14,419.9	58.0567	14,419.9	58.9441	14,419.9	57.5742	14,419.9	54.1459	14,419.9	51.4051	14,419.9	40.3287	14,419.9	50.2665	14,419.9	47.91	14,419.9	56.0115	14,419.9	49.5548	14,419.9	48.8649	14,419.9	45.4193	14,419.9	51.567	14,419.9	44.7123	14,419.9	39.9345	14,419.9	37.0519	14,419.9	51.6225	14,419.9	44.5575	14,419.9	52.3592	14,419.9	44.0367	14,419.9	46.1144
14,928.2	87.5524	14,928.2	86.058	14,928.2	86.4841	14,928.2	80.3441	14,928.2	81.3406	14,928.2	57.3201	14,928.2	66.7568	14,928.2	70.0504	14,928.2	71.3386	14,928.2	69.7239	14,928.2	71.2655	14,928.2	68.2275	14,928.2	70.7926	14,928.2	64.8334	14,928.2	65.9728	14,928.2	59.15	14,928.2	62.585	14,928.2	55.9051	14,928.2	48.8074	14,928.2	47.5532	14,928.2	36.8128	14,928.2	56.2475	14,928.2	46.6901	14,928.2	55.4987	14,928.2	47.305	14,928.2	49.597	14,928.2	40.1219	14,928.2	52.4248	14,928.2	46.1469	14,928.2	49.6681	14,928.2	38.8403	14,928.2	47.4599	14,928.2	43.7657	14,928.2	54.2735	14,928.2	47.159	14,928.2	43.3222
15,455.6	88.2203	15,455.6	85.5878	15,455.6	85.7495	15,455.6	76.4664	15,455.6	77.9344	15,455.6	59.9831	15,455.6	65.0276	15,455.6	67.7358	15,455.6	69.7785	15,455.6	68.4539	15,455.6	70.2745	15,455.6	67.6648	15,455.6	68.5766	15,455.6	62.8756	15,455.6	63.9491	15,455.6	55.7571	15,455.6	55.1444	15,455.6	52.4396	15,455.6	45.6813	15,455.6	48.5229	15,455.6	44.8893	15,455.6	45.7913	15,455.6	48.6329	15,455.6	55.3648	15,455.6	48.8512	15,455.6	46.0001	15,455.6	39.9076	15,455.6	50.8796	15,455.6	39.8972	15,455.6	48.4665	15,455.6	30.7232	15,455.6	56.6286	15,455.6	43.5987	15,455.6	53.7654	15,455.6	41.347	15,455.6	40.2128
16,000.5	87.9941	16,000.5	84.4949	16,000.5	84.6988	16,000.5	72.2081	16,000.5	74.2148	16,000.5	61.2864	16,000.5	67.4607	16,000.5	68.1422	16,000.5	72.3654	16,000.5	69.1747	16,000.5	71.2678	16,000.5	66.6824	16,000.5	66.8214	16,000.5	59.1365	16,000.5	60.8978	16,000.5	50.6988	16,000.5	52.5071	16,000.5	49.0546	16,000.5	49.2262	16,000.5	39.5939	16,000.5	37.3954	16,000.5	49.9255	16,000.5	44.0117	16,000.5	48.1719	16,000.5	45.3008	16,000.5	51.0884	16,000.5	41.6396	16,000.5	52.6409	16,000.5	42.9506	16,000.5	48.7409	16,000.5	43.759	16,000.5	55.9375	16,000.5	43.3705	16,000.5	53.778	16,000.5	46.4099	16,000.5	33.6569
16,564.5	87.0334	16,564.5	83.3648	16,564.5	83.5163	16,564.5	72.7695	16,564.5	72.8259	16,564.5	60.4433	16,564.5	69.4138	16,564.5	70.5845	16,564.5	73.6618	16,564.5	68.7296	16,564.5	70.8848	16,564.5	63.2285	16,564.5	64.8198	16,564.5	51.5752	16,564.5	57.9858	16,564.5	45.2974	16,564.5	49.8913	16,564.5	33.5771	16,564.5	47.3008	16,564.5	43.7289	16,564.5	38.1165	16,564.5	47.2941	16,564.5	42.429	16,564.5	43.1636	16,564.5	40.5604	16,564.5	50.2825	16,564.5	40.5693	16,564.5	48.1559	16,564.5	42.8564	16,564.5	46.2019	16,564.5	40.4421	16,564.5	53.1262	16,564.5	39.1254	16,564.5	50.3497	16,564.5	45.1888	16,564.5	38.2628
17,148.9	85.7308	17,148.9	82.5595	17,148.9	82.3868	17,148.9	73.3076	17,148.9	71.1546	17,148.9	64.1631	17,148.9	71.9256	17,148.9	71.5819	17,148.9	73.5803	17,148.9	66.4487	17,148.9	69.7673	17,148.9	56.6309	17,148.9	62.887	17,148.9	34.9797	17,148.9	54.4689	17,148.9	37.3048	17,148.9	46.4788	17,148.9	40.2911	17,148.9	45.1038	17,148.9	45.3473	17,148.9	45.7482	17,148.9	48.1508	17,148.9	45.2188	17,148.9	44.3513	17,148.9	41.4787	17,148.9	51.8583	17,148.9	36.7694	17,148.9	46.4919	17,148.9	40.0048	17,148.9	47.6179	17,148.9	32.8954	17,148.9	54.7626	17,148.9	26.2294	17,148.9	50.1385	17,148.9	36.0966	17,148.9	34.2141
17,752.4	84.58	17,752.4	82.1956	17,752.4	80.4539	17,752.4	72.3232	17,752.4	66.378	17,752.4	66.5982	17,752.4	72.6104	17,752.4	71.0009	17,752.4	72.8988	17,752.4	63.8624	17,752.4	68.6093	17,752.4	52.9092	17,752.4	61.7016	17,752.4	42.5846	17,752.4	55.1672	17,752.4	33.3016	17,752.4	48.1138	17,752.4	38.6223	17,752.4	34.8345	17,752.4	45.6701	17,752.4	49.7872	17,752.4	47.2355	17,752.4	47.7485	17,752.4	45.9372	17,752.4	46.9307	17,752.4	52.624	17,752.4	44.7478	17,752.4	46.8361	17,752.4	40.9874	17,752.4	48.7758	17,752.4	35.9444	17,752.4	56.5112	17,752.4	31.2118	17,752.4	51.0462	17,752.4	36.7638	17,752.4	35.2141
18,379.4	82.3514	18,379.4	79.4077	18,379.4	77.9599	18,379.4	68.3787	18,379.4	57.7871	18,379.4	66.1887	18,379.4	71.5528	18,379.4	68.2599	18,379.4	69.3367	18,379.4	60.5295	18,379.4	64.6321	18,379.4	52.3947	18,379.4	59.5204	18,379.4	41.3916	18,379.4	54.894	18,379.4	40.1068	18,379.4	51.3514	18,379.4	26.5009	18,379.4	39.2973	18,379.4	26.5935	18,379.4	45.4338	18,379.4	42.2303	18,379.4	43.4688	18,379.4	37.3749	18,379.4	43.723	18,379.4	47.1566	18,379.4	43.1694	18,379.4	43.4734	18,379.4	39.8079	18,379.4	42.4698	18,379.4	38.2559	18,379.4	43.4855	18,379.4	37.7922	18,379.4	41.9039	18,379.4	31.6277	18,379.4	41.2868
19,026.9	80.5264	19,026.9	76.4547	19,026.9	76.1899	19,026.9	60.7142	19,026.9	55.4458	19,026.9	65.8291	19,026.9	68.8009	19,026.9	66.2419	19,026.9	64.59	19,026.9	57.1907	19,026.9	60.1676	19,026.9	53.7994	19,026.9	57.0868	19,026.9	51.3889	19,026.9	52.9079	19,026.9	46.5017	19,026.9	51.1685	19,026.9	31.6446	19,026.9	23.8719	19,026.9	35.9466	19,026.9	47.4763	19,026.9	35.6784	19,026.9	45.2622	19,026.9	47.0099	19,026.9	45.5789	19,026.9	47.5971	19,026.9	41.0257	19,026.9	43.252	19,026.9	38.2402	19,026.9	41.5168	19,026.9	34.2198	19,026.9	51.2852	19,026.9	31.9687	19,026.9	44.7982	19,026.9	42.6475	19,026.9	37.8704
19,697.8	79.644	19,697.8	76.0114	19,697.8	74.551	19,697.8	60.4703	19,697.8	54.7477	19,697.8	67.3308	19,697.8	67.6834	19,697.8	66.7365	19,697.8	61.4518	19,697.8	57.5596	19,697.8	59.8501	19,697.8	55.3484	19,697.8	57.4873	19,697.8	51.101	19,697.8	54.5189	19,697.8	47.1833	19,697.8	52.574	19,697.8	35.4442	19,697.8	34.3729	19,697.8	35.2265	19,697.8	46.8434	19,697.8	40.8808	19,697.8	44.6038	19,697.8	44.2024	19,697.8	44.2796	19,697.8	38.4159	19,697.8	42.7814	19,697.8	42.9709	19,697.8	43.3399	19,697.8	33.7771	19,697.8	39.5482	19,697.8	52.1379	19,697.8	41.6395	19,697.8	48.0672	19,697.8	41.2532	19,697.8	35.2621
19,999.5	79.402	19,999.5	76.0496	19,999.5	73.8876	19,999.5	60.2945	19,999.5	49.1534	19,999.5	67.8133	19,999.5	65.1146	19,999.5	66.8504	19,999.5	59.8848	19,999.5	57.7135	19,999.5	59.1947	19,999.5	56.0628	19,999.5	57.1522	19,999.5	52.7672	19,999.5	53.7301	19,999.5	49.3892	19,999.5	56.1864	19,999.5	42.276	19,999.5	24.4773	19,999.5	39.3604	19,999.5	46.5643	19,999.5	39.3028	19,999.5	42.7101	19,999.5	46.9537	19,999.5	46.0158	19,999.5	35.9511	19,999.5	41.0045	19,999.5	36.507	19,999.5	46.5671	19,999.5	46.3404	19,999.5	40.3306	19,999.5	50.7445	19,999.5	43.0548	19,999.5	50.5338	19,999.5	39.4272	19,999.5	44.569
