"SPL Vertical"																																																																							
"On-Axis"		"10°"		"-10°"		"20°"		"-20°"		"30°"		"-30°"		"40°"		"-40°"		"50°"		"-50°"		"60°"		"-60°"		"70°"		"-70°"		"80°"		"-80°"		"90°"		"-90°"		"100°"		"-100°"		"110°"		"-110°"		"120°"		"-120°"		"130°"		"-130°"		"140°"		"-140°"		"150°"		"-150°"		"160°"		"-160°"		"170°"		"-170°"		"180°"	
"Frequency / Hz"	"Sound Pressure Level / dB (re 20 µPa)   /[0.3V at 1m]"	"Frequency / Hz"	"Sound Pressure Level / dB (re 20 µPa)   /[0.3V at 1m]"	"Frequency / Hz"	"Sound Pressure Level / dB (re 20 µPa)   /[0.3V at 1m]"	"Frequency / Hz"	"Sound Pressure Level / dB (re 20 µPa)   /[0.3V at 1m]"	"Frequency / Hz"	"Sound Pressure Level / dB (re 20 µPa)   /[0.3V at 1m]"	"Frequency / Hz"	"Sound Pressure Level / dB (re 20 µPa)   /[0.3V at 1m]"	"Frequency / Hz"	"Sound Pressure Level / dB (re 20 µPa)   /[0.3V at 1m]"	"Frequency / Hz"	"Sound Pressure Level / dB (re 20 µPa)   /[0.3V at 1m]"	"Frequency / Hz"	"Sound Pressure Level / dB (re 20 µPa)   /[0.3V at 1m]"	"Frequency / Hz"	"Sound Pressure Level / dB (re 20 µPa)   /[0.3V at 1m]"	"Frequency / Hz"	"Sound Pressure Level / dB (re 20 µPa)   /[0.3V at 1m]"	"Frequency / Hz"	"Sound Pressure Level / dB (re 20 µPa)   /[0.3V at 1m]"	"Frequency / Hz"	"Sound Pressure Level / dB (re 20 µPa)   /[0.3V at 1m]"	"Frequency / Hz"	"Sound Pressure Level / dB (re 20 µPa)   /[0.3V at 1m]"	"Frequency / Hz"	"Sound Pressure Level / dB (re 20 µPa)   /[0.3V at 1m]"	"Frequency / Hz"	"Sound Pressure Level / dB (re 20 µPa)   /[0.3V at 1m]"	"Frequency / Hz"	"Sound Pressure Level / dB (re 20 µPa)   /[0.3V at 1m]"	"Frequency / Hz"	"Sound Pressure Level / dB (re 20 µPa)   /[0.3V at 1m]"	"Frequency / Hz"	"Sound Pressure Level / dB (re 20 µPa)   /[0.3V at 1m]"	"Frequency / Hz"	"Sound Pressure Level / dB (re 20 µPa)   /[0.3V at 1m]"	"Frequency / Hz"	"Sound Pressure Level / dB (re 20 µPa)   /[0.3V at 1m]"	"Frequency / Hz"	"Sound Pressure Level / dB (re 20 µPa)   /[0.3V at 1m]"	"Frequency / Hz"	"Sound Pressure Level / dB (re 20 µPa)   /[0.3V at 1m]"	"Frequency / Hz"	"Sound Pressure Level / dB (re 20 µPa)   /[0.3V at 1m]"	"Frequency / Hz"	"Sound Pressure Level / dB (re 20 µPa)   /[0.3V at 1m]"	"Frequency / Hz"	"Sound Pressure Level / dB (re 20 µPa)   /[0.3V at 1m]"	"Frequency / Hz"	"Sound Pressure Level / dB (re 20 µPa)   /[0.3V at 1m]"	"Frequency / Hz"	"Sound Pressure Level / dB (re 20 µPa)   /[0.3V at 1m]"	"Frequency / Hz"	"Sound Pressure Level / dB (re 20 µPa)   /[0.3V at 1m]"	"Frequency / Hz"	"Sound Pressure Level / dB (re 20 µPa)   /[0.3V at 1m]"	"Frequency / Hz"	"Sound Pressure Level / dB (re 20 µPa)   /[0.3V at 1m]"	"Frequency / Hz"	"Sound Pressure Level / dB (re 20 µPa)   /[0.3V at 1m]"	"Frequency / Hz"	"Sound Pressure Level / dB (re 20 µPa)   /[0.3V at 1m]"	"Frequency / Hz"	"Sound Pressure Level / dB (re 20 µPa)   /[0.3V at 1m]"	"Frequency / Hz"	"Sound Pressure Level / dB (re 20 µPa)   /[0.3V at 1m]"	"Frequency / Hz"	"Sound Pressure Level / dB (re 20 µPa)   /[0.3V at 1m]"
20.5078	52.2616	20.5078	52.4416	20.5078	52.0895	20.5078	52.6253	20.5078	51.9295	20.5078	52.8076	20.5078	51.785	20.5078	52.983	20.5078	51.659	20.5078	53.1453	20.5078	51.5543	20.5078	53.2878	20.5078	51.4729	20.5078	53.4039	20.5078	51.4161	20.5078	53.4868	20.5078	51.3845	20.5078	53.5308	20.5078	51.3781	20.5078	53.5318	20.5078	51.3961	20.5078	53.4878	20.5078	51.4374	20.5078	53.3994	20.5078	51.5007	20.5078	53.2706	20.5078	51.5853	20.5078	53.108	20.5078	51.6905	20.5078	52.9207	20.5078	51.8165	20.5078	52.7193	20.5078	51.9633	20.5078	52.5144	20.5078	52.1305	20.5078	52.3157
21.2402	43.6697	21.2402	43.7946	21.2402	43.5578	21.2402	43.9365	21.2402	43.454	21.2402	44.0973	21.2402	43.3529	21.2402	44.2762	21.2402	43.2503	21.2402	44.4685	21.2402	43.143	21.2402	44.666	21.2402	43.0301	21.2402	44.8572	21.2402	42.9131	21.2402	45.0285	21.2402	42.7968	21.2402	45.1652	21.2402	42.6893	21.2402	45.2537	21.2402	42.6016	21.2402	45.2827	21.2402	42.5469	21.2402	45.2441	21.2402	42.5388	21.2402	45.1346	21.2402	42.5892	21.2402	44.9556	21.2402	42.7058	21.2402	44.7141	21.2402	42.8903	21.2402	44.4225	21.2402	43.1369	21.2402	44.0978	21.2402	43.4331	21.2402	43.7605
21.9727	47.2568	21.9727	47.5154	21.9727	47.0018	21.9727	47.7761	21.9727	46.7508	21.9727	48.0357	21.9727	46.5038	21.9727	48.2894	21.9727	46.2605	21.9727	48.5304	21.9727	46.0216	21.9727	48.75	21.9727	45.7888	21.9727	48.9381	21.9727	45.5664	21.9727	49.084	21.9727	45.3614	21.9727	49.1764	21.9727	45.1845	21.9727	49.2054	21.9727	45.05	21.9727	49.1623	21.9727	44.9752	21.9727	49.0414	21.9727	44.9779	21.9727	48.84	21.9727	45.0729	21.9727	48.5598	21.9727	45.2682	21.9727	48.2069	21.9727	45.5615	21.9727	47.7928	21.9727	45.9396	21.9727	47.3345	21.9727	46.38	21.9727	46.8547
22.7051	52.0633	22.7051	52.0477	22.7051	52.0659	22.7051	52.0209	22.7051	52.0536	22.7051	51.9844	22.7051	52.0242	22.7051	51.9391	22.7051	51.976	22.7051	51.8853	22.7051	51.9077	22.7051	51.8228	22.7051	51.8187	22.7051	51.7511	22.7051	51.7099	22.7051	51.6694	22.7051	51.5833	22.7051	51.5769	22.7051	51.4427	22.7051	51.4737	22.7051	51.2933	22.7051	51.3604	22.7051	51.1418	22.7051	51.2391	22.7051	50.9959	22.7051	51.1134	22.7051	50.8638	22.7051	50.9884	22.7051	50.7532	22.7051	50.8704	22.7051	50.6709	22.7051	50.7666	22.7051	50.6216	22.7051	50.6843	22.7051	50.6079	22.7051	50.6297
23.4375	53.8542	23.4375	53.8227	23.4375	53.9029	23.4375	53.8084	23.4375	53.9679	23.4375	53.8107	23.4375	54.0476	23.4375	53.8283	23.4375	54.1399	23.4375	53.859	23.4375	54.2417	23.4375	53.8999	23.4375	54.3494	23.4375	53.9479	23.4375	54.4584	23.4375	53.9997	23.4375	54.5636	23.4375	54.0521	23.4375	54.659	23.4375	54.1031	23.4375	54.7389	23.4375	54.1515	23.4375	54.7979	23.4375	54.1978	23.4375	54.8318	23.4375	54.2438	23.4375	54.8385	23.4375	54.2924	23.4375	54.8182	23.4375	54.3467	23.4375	54.774	23.4375	54.409	23.4375	54.711	23.4375	54.4798	23.4375	54.6363	23.4375	54.5571
24.1699	48.6564	24.1699	48.5366	24.1699	48.7873	24.1699	48.431	24.1699	48.9258	24.1699	48.342	24.1699	49.0677	24.1699	48.2714	24.1699	49.2085	24.1699	48.2205	24.1699	49.3435	24.1699	48.19	24.1699	49.4682	24.1699	48.1803	24.1699	49.5782	24.1699	48.1912	24.1699	49.6693	24.1699	48.2218	24.1699	49.7379	24.1699	48.2707	24.1699	49.7807	24.1699	48.3361	24.1699	49.795	24.1699	48.4164	24.1699	49.7791	24.1699	48.5101	24.1699	49.7325	24.1699	48.6165	24.1699	49.6566	24.1699	48.735	24.1699	49.5544	24.1699	48.8648	24.1699	49.4311	24.1699	49.004	24.1699	49.2934	24.1699	49.1487
25.6348	46.6439	25.6348	46.4623	25.6348	46.7926	25.6348	46.2489	25.6348	46.9074	25.6348	46.0061	25.6348	46.9877	25.6348	45.7373	25.6348	47.0331	25.6348	45.4477	25.6348	47.0435	25.6348	45.1454	25.6348	47.0192	25.6348	44.841	25.6348	46.9611	25.6348	44.5483	25.6348	46.8704	25.6348	44.2834	25.6348	46.7492	25.6348	44.0633	25.6348	46.5996	25.6348	43.9036	25.6348	46.4244	25.6348	43.8166	25.6348	46.2263	25.6348	43.8083	25.6348	46.0078	25.6348	43.8779	25.6348	45.7712	25.6348	44.0174	25.6348	45.5191	25.6348	44.2134	25.6348	45.2547	25.6348	44.4499	25.6348	44.9828	25.6348	44.711
26.3672	42.5129	26.3672	42.387	26.3672	42.6327	26.3672	42.262	26.3672	42.7406	26.3672	42.1463	26.3672	42.8321	26.3672	42.049	26.3672	42.9044	26.3672	41.9796	26.3672	42.9564	26.3672	41.947	26.3672	42.9889	26.3672	41.9581	26.3672	43.0048	26.3672	42.0165	26.3672	43.0088	26.3672	42.1209	26.3672	43.0074	26.3672	42.2649	26.3672	43.0075	26.3672	42.4373	26.3672	43.0162	26.3672	42.6238	26.3672	43.0386	26.3672	42.8085	26.3672	43.0766	26.3672	42.9767	26.3672	43.1282	26.3672	43.1159	26.3672	43.1868	26.3672	43.2178	26.3672	43.2424	26.3672	43.2783	26.3672	43.2834	26.3672	43.2984
27.0996	34.4653	27.0996	33.5193	27.0996	35.1836	27.0996	32.3238	27.0996	35.6941	27.0996	30.8721	27.0996	36.0112	27.0996	29.2332	27.0996	36.144	27.0996	27.7188	27.0996	36.0981	27.0996	27.0488	27.0996	35.8784	27.0996	27.7432	27.0996	35.4927	27.0996	29.2919	27.0996	34.9603	27.0996	30.9706	27.0996	34.3249	27.0996	32.4627	27.0996	33.6747	27.0996	33.6972	27.0996	33.1553	27.0996	34.6796	27.0996	32.9394	27.0996	35.4303	27.0996	33.1255	27.0996	35.9664	27.0996	33.6538	27.0996	36.2988	27.0996	34.355	27.0996	36.4323	27.0996	35.0626	27.0996	36.3689	27.0996	35.6671	27.0996	36.1108
27.832	37.9462	27.832	38.4685	27.832	37.5057	27.832	39.0703	27.832	37.1401	27.832	39.7387	27.832	36.8397	27.832	40.4522	27.832	36.6007	27.832	41.1857	27.832	36.4346	27.832	41.9139	27.832	36.3743	27.832	42.6141	27.832	36.4718	27.832	43.2672	27.832	36.7813	27.832	43.8575	27.832	37.3304	27.832	44.3721	27.832	38.0987	27.832	44.8004	27.832	39.023	27.832	45.133	27.832	40.023	27.832	45.3619	27.832	41.0262	27.832	45.4802	27.832	41.9781	27.832	45.4815	27.832	42.8427	27.832	45.3607	27.832	43.598	27.832	45.1136	27.832	44.2317	27.832	44.7375
29.2969	52.3579	29.2969	52.2809	29.2969	52.4188	29.2969	52.1949	29.2969	52.4576	29.2969	52.1076	29.2969	52.4696	29.2969	52.027	29.2969	52.4513	29.2969	51.9605	29.2969	52.4008	29.2969	51.9135	29.2969	52.3179	29.2969	51.8882	29.2969	52.2041	29.2969	51.883	29.2969	52.0632	29.2969	51.8921	29.2969	51.9019	29.2969	51.9062	29.2969	51.7293	29.2969	51.9145	29.2969	51.5577	29.2969	51.9063	29.2969	51.4013	29.2969	51.8733	29.2969	51.2749	29.2969	51.811	29.2969	51.1915	29.2969	51.7198	29.2969	51.1597	29.2969	51.6055	29.2969	51.1813	29.2969	51.479	29.2969	51.2505	29.2969	51.3551
30.0293	51.4149	30.0293	51.3353	30.0293	51.4531	30.0293	51.2171	30.0293	51.4467	30.0293	51.0625	30.0293	51.392	30.0293	50.8732	30.0293	51.2852	30.0293	50.6506	30.0293	51.1221	30.0293	50.3956	30.0293	50.8993	30.0293	50.1091	30.0293	50.614	30.0293	49.7919	30.0293	50.2651	30.0293	49.4452	30.0293	49.8543	30.0293	49.071	30.0293	49.3874	30.0293	48.6731	30.0293	48.8757	30.0293	48.2578	30.0293	48.3381	30.0293	47.8356	30.0293	47.802	30.0293	47.4224	30.0293	47.3022	30.0293	47.0403	30.0293	46.8779	30.0293	46.7168	30.0293	46.5658	30.0293	46.4827	30.0293	46.3923	30.0293	46.3673
31.4941	46.8114	31.4941	46.5065	31.4941	47.0085	31.4941	46.0926	31.4941	47.0966	31.4941	45.566	31.4941	47.0723	31.4941	44.9207	31.4941	46.9295	31.4941	44.1481	31.4941	46.6595	31.4941	43.2365	31.4941	46.2508	31.4941	42.1702	31.4941	45.6883	31.4941	40.9281	31.4941	44.9534	31.4941	39.4812	31.4941	44.0223	31.4941	37.7897	31.4941	42.8653	31.4941	35.7985	31.4941	41.4443	31.4941	33.4347	31.4941	39.7102	31.4941	30.6116	31.4941	37.5984	31.4941	27.2672	31.4941	35.0235	31.4941	23.5231	31.4941	31.8768	31.4941	20.0796	31.4941	28.0484	31.4941	18.2962	31.4941	23.6042	31.4941	19.5639
32.2266	36.7481	32.2266	35.8851	32.2266	37.327	32.2266	34.8415	32.2266	37.5999	32.2266	33.9511	32.2266	37.5665	32.2266	33.8671	32.2266	37.2366	32.2266	34.9892	32.2266	36.6509	32.2266	36.863	32.2266	35.9486	32.2266	38.8666	32.2266	35.4883	32.2266	40.7097	32.2266	35.815	32.2266	42.317	32.2266	37.1178	32.2266	43.6884	32.2266	38.9605	32.2266	44.8417	32.2266	40.8559	32.2266	45.7954	32.2266	42.57	32.2266	46.5631	32.2266	44.0331	32.2266	47.1534	32.2266	45.2388	32.2266	47.5699	32.2266	46.199	32.2266	47.8122	32.2266	46.9295	32.2266	47.8766	32.2266	47.4446	32.2266	47.7569
33.6914	52.8766	33.6914	52.6041	33.6914	53.0954	33.6914	52.2869	33.6914	53.2541	33.6914	51.9375	33.6914	53.3485	33.6914	51.573	33.6914	53.3759	33.6914	51.2159	33.6914	53.3357	33.6914	50.8933	33.6914	53.2296	33.6914	50.6343	33.6914	53.0623	33.6914	50.4648	33.6914	52.843	33.6914	50.4005	33.6914	52.5862	33.6914	50.4412	33.6914	52.3125	33.6914	50.5704	33.6914	52.0477	33.6914	50.7593	33.6914	51.8196	33.6914	50.9742	33.6914	51.651	33.6914	51.1832	33.6914	51.5535	33.6914	51.3604	33.6914	51.5219	33.6914	51.4889	33.6914	51.5358	33.6914	51.5618	33.6914	51.566	33.6914	51.5826
34.4238	49.8882	34.4238	49.3005	34.4238	50.3053	34.4238	48.5254	34.4238	50.5603	34.4238	47.5345	34.4238	50.6549	34.4238	46.2819	34.4238	50.5849	34.4238	44.6918	34.4238	50.34	34.4238	42.6319	34.4238	49.9033	34.4238	39.845	34.4238	49.2494	34.4238	35.7338	34.4238	48.3415	34.4238	28.5217	34.4238	47.126	34.4238	25.9504	34.4238	45.5233	34.4238	33.7676	34.4238	43.4141	34.4238	37.8037	34.4238	40.6383	34.4238	40.2167	34.4238	37.1921	34.4238	41.7275	34.4238	34.7087	34.4238	42.6074	34.4238	36.182	34.4238	42.9652	34.4238	38.877	34.4238	42.8284	34.4238	40.894	34.4238	42.1668
35.8887	48.3735	35.8887	48.2747	35.8887	48.4959	35.8887	48.2572	35.8887	48.5995	35.8887	48.3817	35.8887	48.6614	35.8887	48.6916	35.8887	48.6789	35.8887	49.194	35.8887	48.6715	35.8887	49.8566	35.8887	48.6818	35.8887	50.6224	35.8887	48.773	35.8887	51.4305	35.8887	49.0141	35.8887	52.23	35.8887	49.4528	35.8887	52.9829	35.8887	50.0888	35.8887	53.6633	35.8887	50.8719	35.8887	54.2533	35.8887	51.7257	35.8887	54.7403	35.8887	52.5757	35.8887	55.1144	35.8887	53.3641	35.8887	55.3675	35.8887	54.0524	35.8887	55.4925	35.8887	54.6175	35.8887	55.4835	35.8887	55.047	35.8887	55.3358
37.3535	51.0848	37.3535	50.7489	37.3535	51.34	37.3535	50.372	37.3535	51.4928	37.3535	50.0191	37.3535	51.5346	37.3535	49.7811	37.3535	51.4682	37.3535	49.7585	37.3535	51.3092	37.3535	50.0199	37.3535	51.0916	37.3535	50.5619	37.3535	50.8755	37.3535	51.3112	37.3535	50.7484	37.3535	52.1659	37.3535	50.8099	37.3535	53.0353	37.3535	51.1292	37.3535	53.8547	37.3535	51.7026	37.3535	54.583	37.3535	52.454	37.3535	55.1951	37.3535	53.2775	37.3535	55.6756	37.3535	54.0795	37.3535	56.0139	37.3535	54.7948	37.3535	56.2027	37.3535	55.3839	37.3535	56.2363	37.3535	55.8259	37.3535	56.111
38.8184	53.7844	38.8184	53.7051	38.8184	53.8985	38.8184	53.6987	38.8184	54.0201	38.8184	53.8059	38.8184	54.1356	38.8184	54.0579	38.8184	54.2461	38.8184	54.4645	38.8184	54.3668	38.8184	55.009	38.8184	54.5248	38.8184	55.6545	38.8184	54.7534	38.8184	56.3556	38.8184	55.0826	38.8184	57.0688	38.8184	55.5275	38.8184	57.7578	38.8184	56.0807	38.8184	58.3949	38.8184	56.7129	38.8184	58.9597	38.8184	57.3821	38.8184	59.4369	38.8184	58.0441	38.8184	59.8148	38.8184	58.6601	38.8184	60.0845	38.8184	59.2001	38.8184	60.239	38.8184	59.6425	38.8184	60.2734	38.8184	59.9734	38.8184	60.1849
39.5508	55.4719	39.5508	55.3701	39.5508	55.5948	39.5508	55.3207	39.5508	55.7162	39.5508	55.3588	39.5508	55.8242	39.5508	55.5152	39.5508	55.9186	39.5508	55.8061	39.5508	56.0099	39.5508	56.227	39.5508	56.1191	39.5508	56.7539	39.5508	56.2741	39.5508	57.3505	39.5508	56.5036	39.5508	57.9772	39.5508	56.8286	39.5508	58.598	39.5508	57.2535	39.5508	59.183	39.5508	57.7629	39.5508	59.7089	39.5508	58.3252	39.5508	60.1578	39.5508	58.9013	39.5508	60.5157	39.5508	59.4525	39.5508	60.7722	39.5508	59.9459	39.5508	60.9194	39.5508	60.3566	39.5508	60.952	39.5508	60.6674	39.5508	60.8677
41.0156	58.1128	41.0156	58.0376	41.0156	58.1928	41.0156	57.9925	41.0156	58.2598	41.0156	58.0072	41.0156	58.3051	41.0156	58.1102	41.0156	58.3296	41.0156	58.3218	41.0156	58.3446	41.0156	58.6472	41.0156	58.3716	41.0156	59.0744	41.0156	58.4404	41.0156	59.5777	41.0156	58.5842	41.0156	60.1238	41.0156	58.8301	41.0156	60.6786	41.0156	59.1891	41.0156	61.2116	41.0156	59.6498	41.0156	61.6971	41.0156	60.1814	41.0156	62.1146	41.0156	60.7417	41.0156	62.4478	41.0156	61.2883	41.0156	62.6843	41.0156	61.7846	41.0156	62.8147	41.0156	62.2027	41.0156	62.8327	41.0156	62.5235	41.0156	62.7354
42.4805	60.9357	42.4805	60.8887	42.4805	60.9909	42.4805	60.868	42.4805	61.0414	42.4805	60.8946	42.4805	61.0811	42.4805	60.9886	42.4805	61.111	42.4805	61.1649	42.4805	61.1401	42.4805	61.4291	42.4805	61.185	42.4805	61.7752	42.4805	61.2679	42.4805	62.187	42.4805	61.4127	42.4805	62.6409	42.4805	61.6388	42.4805	63.1109	42.4805	61.9537	42.4805	63.5709	42.4805	62.3491	42.4805	63.9978	42.4805	62.8019	42.4805	64.3717	42.4805	63.2794	42.4805	64.6759	42.4805	63.7467	42.4805	64.8973	42.4805	64.1721	42.4805	65.0258	42.4805	64.5305	42.4805	65.0545	42.4805	64.8037	42.4805	64.9802
43.9453	62.7495	43.9453	62.6806	43.9453	62.8179	43.9453	62.6278	43.9453	62.8743	43.9453	62.6114	43.9453	62.9135	43.9453	62.6524	43.9453	62.9372	43.9453	62.7685	43.9453	62.9539	43.9453	62.97	43.9453	62.9793	43.9453	63.2565	43.9453	63.0349	43.9453	63.6163	43.9453	63.1442	43.9453	64.0292	43.9453	63.3276	43.9453	64.4697	43.9453	63.5952	43.9453	64.9112	43.9453	63.9423	43.9453	65.3288	43.9453	64.349	43.9453	65.7005	43.9453	64.7851	43.9453	66.0081	43.9453	65.2168	43.9453	66.2368	43.9453	65.6125	43.9453	66.3755	43.9453	65.9461	43.9453	66.4169	43.9453	66.1985	43.9453	66.3576
45.4102	64.7039	45.4102	64.6565	45.4102	64.7594	45.4102	64.6317	45.4102	64.8127	45.4102	64.647	45.4102	64.8593	45.4102	64.7196	45.4102	64.9004	45.4102	64.8631	45.4102	64.944	45.4102	65.0843	45.4102	65.0037	45.4102	65.3807	45.4102	65.0971	45.4102	65.7406	45.4102	65.243	45.4102	66.1454	45.4102	65.456	45.4102	66.5721	45.4102	65.7418	45.4102	66.9971	45.4102	66.0936	45.4102	67.3979	45.4102	66.4927	45.4102	67.7544	45.4102	66.9123	45.4102	68.0497	45.4102	67.3229	45.4102	68.2701	45.4102	67.6966	45.4102	68.405	45.4102	68.0103	45.4102	68.4475	45.4102	68.2467	45.4102	68.3943
47.6074	67.7435	47.6074	67.7052	47.6074	67.7904	47.6074	67.6875	47.6074	67.8375	47.6074	67.7043	47.6074	67.8802	47.6074	67.769	47.6074	67.9192	47.6074	67.8925	47.6074	67.9599	47.6074	68.08	47.6074	68.0125	47.6074	68.3304	47.6074	68.091	47.6074	68.6348	47.6074	68.2103	47.6074	68.9787	47.6074	68.3831	47.6074	69.3437	47.6074	68.616	47.6074	69.7097	47.6074	68.9058	47.6074	70.057	47.6074	69.2397	47.6074	70.3672	47.6074	69.5966	47.6074	70.6247	47.6074	69.9518	47.6074	70.816	47.6074	70.2802	47.6074	70.9313	47.6074	70.5601	47.6074	70.9639	47.6074	70.7743	47.6074	70.911
49.0723	69.6157	49.0723	69.5836	49.0723	69.6556	49.0723	69.5694	49.0723	69.6962	49.0723	69.5847	49.0723	69.734	49.0723	69.6411	49.0723	69.7695	49.0723	69.7482	49.0723	69.8077	49.0723	69.9115	49.0723	69.8576	49.0723	70.1308	49.0723	69.931	49.0723	70.3998	49.0723	70.041	49.0723	70.7069	49.0723	70.1986	49.0723	71.0362	49.0723	70.4096	49.0723	71.3698	49.0723	70.6717	49.0723	71.6893	49.0723	70.9739	49.0723	71.9773	49.0723	71.2978	49.0723	72.2182	49.0723	71.6213	49.0723	72.399	49.0723	71.9213	49.0723	72.5096	49.0723	72.1774	49.0723	72.5433	49.0723	72.3732	49.0723	72.4973
50.5371	71.3582	50.5371	71.3246	50.5371	71.3999	50.5371	71.308	50.5371	71.4431	50.5371	71.3188	50.5371	71.4843	50.5371	71.3674	50.5371	71.5237	50.5371	71.4621	50.5371	71.565	50.5371	71.6081	50.5371	71.6155	50.5371	71.8054	50.5371	71.6851	50.5371	72.0487	50.5371	71.785	50.5371	72.3277	50.5371	71.9249	50.5371	72.6282	50.5371	72.1104	50.5371	72.934	50.5371	72.3406	50.5371	73.228	50.5371	72.6071	50.5371	73.494	50.5371	72.8947	50.5371	73.7171	50.5371	73.184	50.5371	73.885	50.5371	73.4543	50.5371	73.988	50.5371	73.6866	50.5371	74.0199	50.5371	73.865	50.5371	73.9783
52.7344	73.6691	52.7344	73.6409	52.7344	73.7042	52.7344	73.6274	52.7344	73.7406	52.7344	73.6374	52.7344	73.7751	52.7344	73.6795	52.7344	73.8075	52.7344	73.7611	52.7344	73.841	52.7344	73.8864	52.7344	73.8816	52.7344	74.0559	52.7344	73.9381	52.7344	74.2655	52.7344	74.0202	52.7344	74.507	52.7344	74.1368	52.7344	74.7685	52.7344	74.2937	52.7344	75.0362	52.7344	74.4912	52.7344	75.2952	52.7344	74.7229	52.7344	75.5308	52.7344	74.9762	52.7344	75.7293	52.7344	75.2339	52.7344	75.8788	52.7344	75.4773	52.7344	75.97	52.7344	75.6883	52.7344	75.9968	52.7344	75.8518	52.7344	75.9568
54.1992	75.1844	54.1992	75.1622	54.1992	75.2127	54.1992	75.1524	54.1992	75.242	54.1992	75.1626	54.1992	75.2697	54.1992	75.2004	54.1992	75.2959	54.1992	75.2719	54.1992	75.3233	54.1992	75.3813	54.1992	75.3574	54.1992	75.5295	54.1992	75.406	54.1992	75.7137	54.1992	75.4779	54.1992	75.9274	54.1992	75.5814	54.1992	76.1608	54.1992	75.7218	54.1992	76.4018	54.1992	75.8999	54.1992	76.6371	54.1992	76.1103	54.1992	76.8529	54.1992	76.3417	54.1992	77.036	54.1992	76.5786	54.1992	77.1749	54.1992	76.8035	54.1992	77.2602	54.1992	76.9992	54.1992	77.2857	54.1992	77.1511	54.1992	77.2487
56.3965	77.1848	56.3965	77.1637	56.3965	77.2138	56.3965	77.1567	56.3965	77.2466	56.3965	77.1702	56.3965	77.2807	56.3965	77.2111	56.3965	77.316	56.3965	77.285	56.3965	77.3547	56.3965	77.3957	56.3965	77.4014	56.3965	77.5439	56.3965	77.4624	56.3965	77.7269	56.3965	77.545	56.3965	77.9384	56.3965	77.6556	56.3965	78.1689	56.3965	77.7984	56.3965	78.4067	56.3965	77.9737	56.3965	78.6385	56.3965	78.1764	56.3965	78.8508	56.3965	78.3965	56.3965	79.031	56.3965	78.6202	56.3965	79.168	56.3965	78.8315	56.3965	79.2529	56.3965	79.015	56.3965	79.2801	56.3965	79.157	56.3965	79.2475
58.5938	79.2708	58.5938	79.249	58.5938	79.3023	58.5938	79.2418	58.5938	79.3397	58.5938	79.2545	58.5938	79.3808	58.5938	79.2926	58.5938	79.4252	58.5938	79.3605	58.5938	79.4741	58.5938	79.4613	58.5938	79.5306	58.5938	79.5952	58.5938	79.5992	58.5938	79.7599	58.5938	79.685	58.5938	79.9502	58.5938	79.7927	58.5938	80.1578	58.5938	79.9251	58.5938	80.3724	58.5938	80.082	58.5938	80.5827	58.5938	80.2594	58.5938	80.7766	58.5938	80.4493	58.5938	80.9427	58.5938	80.6404	58.5938	81.071	58.5938	80.8197	58.5938	81.1535	58.5938	80.974	58.5938	81.1851	58.5938	81.0918	58.5938	81.1639
60.0586	80.4464	60.0586	80.4217	60.0586	80.4805	60.0586	80.4108	60.0586	80.5204	60.0586	80.4187	60.0586	80.5641	60.0586	80.4503	60.0586	80.6109	60.0586	80.5097	60.0586	80.6617	60.0586	80.5995	60.0586	80.7189	60.0586	80.7203	60.0586	80.7863	60.0586	80.8701	60.0586	80.868	60.0586	81.0441	60.0586	80.9682	60.0586	81.2351	60.0586	81.0891	60.0586	81.4336	60.0586	81.2309	60.0586	81.6293	60.0586	81.3902	60.0586	81.8108	60.0586	81.56	60.0586	81.9677	60.0586	81.7304	60.0586	82.0903	60.0586	81.8899	60.0586	82.1711	60.0586	82.0266	60.0586	82.2053	60.0586	82.1296	60.0586	82.1909
62.2559	81.9883	62.2559	81.9658	62.2559	82.0211	62.2559	81.9574	62.2559	82.0611	62.2559	81.9672	62.2559	82.1062	62.2559	81.999	62.2559	82.1554	62.2559	82.056	62.2559	82.209	62.2559	82.1402	62.2559	82.2684	62.2559	82.2515	62.2559	82.3361	62.2559	82.3881	62.2559	82.4152	62.2559	82.5456	62.2559	82.5086	62.2559	82.7176	62.2559	82.6183	62.2559	82.8959	62.2559	82.7443	62.2559	83.0715	62.2559	82.884	62.2559	83.2345	62.2559	83.0321	62.2559	83.3755	62.2559	83.1804	62.2559	83.486	62.2559	83.3191	62.2559	83.5595	62.2559	83.438	62.2559	83.5914	62.2559	83.5275	62.2559	83.5802
64.4531	83.2892	64.4531	83.2716	64.4531	83.3172	64.4531	83.2673	64.4531	83.3531	64.4531	83.2796	64.4531	83.3949	64.4531	83.3115	64.4531	83.4418	64.4531	83.3653	64.4531	83.4937	64.4531	83.4425	64.4531	83.5515	64.4531	83.543	64.4531	83.6171	64.4531	83.6649	64.4531	83.6925	64.4531	83.8047	64.4531	83.7798	64.4531	83.9571	64.4531	83.8804	64.4531	84.115	64.4531	83.9942	64.4531	84.2706	64.4531	84.1189	64.4531	84.4154	64.4531	84.2499	64.4531	84.5411	64.4531	84.3803	64.4531	84.6402	64.4531	84.5017	64.4531	84.7066	64.4531	84.6054	64.4531	84.7364	64.4531	84.6831	64.4531	84.7281
66.6504	84.3508	66.6504	84.3356	66.6504	84.3767	66.6504	84.3335	66.6504	84.4112	66.6504	84.3468	66.6504	84.4528	66.6504	84.3777	66.6504	84.5005	66.6504	84.4281	66.6504	84.554	66.6504	84.499	66.6504	84.6136	66.6504	84.59	66.6504	84.6802	66.6504	84.6996	66.6504	84.755	66.6504	84.8249	66.6504	84.8391	66.6504	84.9612	66.6504	84.9333	66.6504	85.1028	66.6504	85.0371	66.6504	85.2426	66.6504	85.1484	66.6504	85.3735	66.6504	85.2635	66.6504	85.488	66.6504	85.3767	66.6504	85.5794	66.6504	85.4811	66.6504	85.6422	66.6504	85.5691	66.6504	85.6727	66.6504	85.6339	66.6504	85.6696
69.5801	85.3296	69.5801	85.3148	69.5801	85.3551	69.5801	85.3124	69.5801	85.3897	69.5801	85.3241	69.5801	85.432	69.5801	85.3514	69.5801	85.4808	69.5801	85.3954	69.5801	85.5355	69.5801	85.4565	69.5801	85.5956	69.5801	85.5344	69.5801	85.6611	69.5801	85.6279	69.5801	85.7323	69.5801	85.7343	69.5801	85.8096	69.5801	85.8502	69.5801	85.8929	69.5801	85.9708	69.5801	85.9818	69.5801	86.0907	69.5801	86.0745	69.5801	86.2038	69.5801	86.1683	69.5801	86.3041	69.5801	86.2588	69.5801	86.3858	69.5801	86.3408	69.5801	86.4441	69.5801	86.4085	69.5801	86.4759	69.5801	86.4563	69.5801	86.4797
71.7773	85.7912	71.7773	85.7766	71.7773	85.8167	71.7773	85.7744	71.7773	85.8519	71.7773	85.7857	71.7773	85.8955	71.7773	85.8114	71.7773	85.9462	71.7773	85.8521	71.7773	86.0031	71.7773	85.9081	71.7773	86.0654	71.7773	85.9789	71.7773	86.1323	71.7773	86.0631	71.7773	86.2035	71.7773	86.1587	71.7773	86.2787	71.7773	86.2627	71.7773	86.3573	71.7773	86.3712	71.7773	86.4387	71.7773	86.4794	71.7773	86.5212	71.7773	86.5823	71.7773	86.6024	71.7773	86.6745	71.7773	86.679	71.7773	86.7511	71.7773	86.7466	71.7773	86.8078	71.7773	86.8007	71.7773	86.8416	71.7773	86.8367	71.7773	86.8511
73.9746	86.0877	73.9746	86.0737	73.9746	86.1127	73.9746	86.0716	73.9746	86.1476	73.9746	86.082	73.9746	86.1912	73.9746	86.1055	73.9746	86.2424	73.9746	86.1422	73.9746	86.2998	73.9746	86.1921	73.9746	86.3622	73.9746	86.2546	73.9746	86.4286	73.9746	86.3285	73.9746	86.4978	73.9746	86.412	73.9746	86.5691	73.9746	86.5027	73.9746	86.6414	73.9746	86.5975	73.9746	86.714	73.9746	86.6926	73.9746	86.7852	73.9746	86.7837	73.9746	86.8532	73.9746	86.8665	73.9746	86.9155	73.9746	86.9367	73.9746	86.9686	73.9746	86.9905	73.9746	87.0092	73.9746	87.0254	73.9746	87.0339	73.9746	87.0398
76.9043	86.2184	76.9043	86.2058	76.9043	86.2422	76.9043	86.2048	76.9043	86.2766	76.9043	86.2156	76.9043	86.3205	76.9043	86.2382	76.9043	86.3727	76.9043	86.2723	76.9043	86.4316	76.9043	86.3173	76.9043	86.4957	76.9043	86.3725	76.9043	86.5632	76.9043	86.4368	76.9043	86.6323	76.9043	86.5089	76.9043	86.7016	76.9043	86.5869	76.9043	86.7697	76.9043	86.6684	76.9043	86.8351	76.9043	86.7505	76.9043	86.8965	76.9043	86.8302	76.9043	86.9524	76.9043	86.9038	76.9043	87.0009	76.9043	86.9679	76.9043	87.0397	76.9043	87.0195	76.9043	87.0666	76.9043	87.056	76.9043	87.0793	76.9043	87.076
79.834	86.2144	79.834	86.2031	79.834	86.2374	79.834	86.2035	79.834	86.2716	79.834	86.2152	79.834	86.3161	79.834	86.2376	79.834	86.3697	79.834	86.2699	79.834	86.4305	79.834	86.3113	79.834	86.4965	79.834	86.3607	79.834	86.5653	79.834	86.417	79.834	86.6346	79.834	86.479	79.834	86.7023	79.834	86.5453	79.834	86.7662	79.834	86.6142	79.834	86.8249	79.834	86.6838	79.834	86.8768	79.834	86.7519	79.834	86.9209	79.834	86.8159	79.834	86.956	79.834	86.8733	79.834	86.981	79.834	86.9218	79.834	86.9946	79.834	86.9592	79.834	86.9959	79.834	86.9841
82.7637	86.1546	82.7637	86.1416	82.7637	86.1791	82.7637	86.1401	82.7637	86.215	82.7637	86.1492	82.7637	86.2615	82.7637	86.1682	82.7637	86.317	82.7637	86.1959	82.7637	86.3796	82.7637	86.2312	82.7637	86.4468	82.7637	86.273	82.7637	86.5159	82.7637	86.3203	82.7637	86.584	82.7637	86.3721	82.7637	86.6486	82.7637	86.4274	82.7637	86.7072	82.7637	86.4852	82.7637	86.758	82.7637	86.5441	82.7637	86.7998	82.7637	86.6029	82.7637	86.8316	82.7637	86.6598	82.7637	86.8531	82.7637	86.7129	82.7637	86.8639	82.7637	86.7604	82.7637	86.8639	82.7637	86.8006	82.7637	86.8531	82.7637	86.8318
85.6934	86.0741	85.6934	86.0616	85.6934	86.0981	85.6934	86.06	85.6934	86.1334	85.6934	86.0683	85.6934	86.1794	85.6934	86.0854	85.6934	86.2346	85.6934	86.1099	85.6934	86.2968	85.6934	86.1405	85.6934	86.3633	85.6934	86.1758	85.6934	86.4311	85.6934	86.2148	85.6934	86.497	85.6934	86.2568	85.6934	86.5578	85.6934	86.301	85.6934	86.611	85.6934	86.3469	85.6934	86.6545	85.6934	86.394	85.6934	86.687	85.6934	86.4418	85.6934	86.708	85.6934	86.4894	85.6934	86.7175	85.6934	86.5358	85.6934	86.716	85.6934	86.5799	85.6934	86.7044	85.6934	86.6202	85.6934	86.6838	85.6934	86.6553
88.623	85.9902	88.623	85.9781	88.623	86.0137	88.623	85.9763	88.623	86.0486	88.623	85.9839	88.623	86.0941	88.623	85.9992	88.623	86.149	88.623	86.0205	88.623	86.211	88.623	86.0464	88.623	86.277	88.623	86.0754	88.623	86.3438	88.623	86.1066	88.623	86.4077	88.623	86.1392	88.623	86.4653	88.623	86.173	88.623	86.5137	88.623	86.2079	88.623	86.5506	88.623	86.2441	88.623	86.5746	88.623	86.2818	88.623	86.5855	88.623	86.3211	88.623	86.5838	88.623	86.3616	88.623	86.5708	88.623	86.4028	88.623	86.5483	88.623	86.4437	88.623	86.5182	88.623	86.4827
91.5527	85.9261	91.5527	85.9159	91.5527	85.9473	91.5527	85.9157	91.5527	85.9799	91.5527	85.9239	91.5527	86.0235	91.5527	85.9386	91.5527	86.0766	91.5527	85.9579	91.5527	86.1369	91.5527	85.9799	91.5527	86.2013	91.5527	86.0033	91.5527	86.2662	91.5527	86.0269	91.5527	86.3278	91.5527	86.0503	91.5527	86.3822	91.5527	86.0736	91.5527	86.4261	91.5527	86.0974	91.5527	86.4572	91.5527	86.1225	91.5527	86.4742	91.5527	86.1498	91.5527	86.4768	91.5527	86.1803	91.5527	86.466	91.5527	86.2144	91.5527	86.4436	91.5527	86.252	91.5527	86.4123	91.5527	86.2924	91.5527	86.3748	91.5527	86.334
94.4824	85.8235	94.4824	85.815	94.4824	85.8432	94.4824	85.8164	94.4824	85.8747	94.4824	85.8258	94.4824	85.9175	94.4824	85.841	94.4824	85.9703	94.4824	85.86	94.4824	86.0307	94.4824	85.8806	94.4824	86.0953	94.4824	85.9012	94.4824	86.1603	94.4824	85.9207	94.4824	86.2215	94.4824	85.9388	94.4824	86.2748	94.4824	85.9556	94.4824	86.3166	94.4824	85.9721	94.4824	86.3444	94.4824	85.9896	94.4824	86.3567	94.4824	86.0097	94.4824	86.3535	94.4824	86.0338	94.4824	86.3361	94.4824	86.063	94.4824	86.3067	94.4824	86.0977	94.4824	86.2688	94.4824	86.1374	94.4824	86.2256	94.4824	86.1809
98.1445	85.7556	98.1445	85.7456	98.1445	85.7768	98.1445	85.7454	98.1445	85.8097	98.1445	85.7528	98.1445	85.8541	98.1445	85.7657	98.1445	85.9084	98.1445	85.7816	98.1445	85.9701	98.1445	85.7983	98.1445	86.0357	98.1445	85.8141	98.1445	86.1011	98.1445	85.828	98.1445	86.1618	98.1445	85.8395	98.1445	86.2134	98.1445	85.8491	98.1445	86.252	98.1445	85.8581	98.1445	86.275	98.1445	85.8684	98.1445	86.2807	98.1445	85.8819	98.1445	86.2693	98.1445	85.9009	98.1445	86.2426	98.1445	85.927	98.1445	86.2033	98.1445	85.9612	98.1445	86.1554	98.1445	86.0031	98.1445	86.1034	98.1445	86.0514
101.807	85.702	101.807	85.6931	101.807	85.7223	101.807	85.6939	101.807	85.7547	101.807	85.7023	101.807	85.7991	101.807	85.7155	101.807	85.8538	101.807	85.7309	101.807	85.9162	101.807	85.7461	101.807	85.9828	101.807	85.7592	101.807	86.049	101.807	85.769	101.807	86.1101	101.807	85.7752	101.807	86.1613	101.807	85.7785	101.807	86.1985	101.807	85.7805	101.807	86.2187	101.807	85.7834	101.807	86.2202	101.807	85.7901	101.807	86.2032	101.807	85.8032	101.807	86.1696	101.807	85.8253	101.807	86.1228	101.807	85.8575	101.807	86.0675	101.807	85.9001	101.807	86.0087	101.807	85.9515
105.469	85.6848	105.469	85.6764	105.469	85.7047	105.469	85.6776	105.469	85.7368	105.469	85.6862	105.469	85.7811	105.469	85.6992	105.469	85.8359	105.469	85.7139	105.469	85.8986	105.469	85.7277	105.469	85.9655	105.469	85.7384	105.469	86.0319	105.469	85.7448	105.469	86.0929	105.469	85.7466	105.469	86.1434	105.469	85.7446	105.469	86.1791	105.469	85.7406	105.469	86.1966	105.469	85.7373	105.469	86.1944	105.469	85.7379	105.469	86.1725	105.469	85.7459	105.469	86.1329	105.469	85.7642	105.469	86.0797	105.469	85.7947	105.469	86.0179	105.469	85.8377	105.469	85.9533	105.469	85.8917
109.131	85.6403	109.131	85.6304	109.131	85.6616	109.131	85.6301	109.131	85.6952	109.131	85.6369	109.131	85.7407	109.131	85.648	109.131	85.7966	109.131	85.6604	109.131	85.8601	109.131	85.6713	109.131	85.9274	109.131	85.6786	109.131	85.9938	109.131	85.6808	109.131	86.0539	109.131	85.6776	109.131	86.1026	109.131	85.67	109.131	86.1353	109.131	85.6599	109.131	86.1487	109.131	85.6504	109.131	86.1409	109.131	85.6453	109.131	86.1123	109.131	85.6485	109.131	86.0651	109.131	85.6637	109.131	86.0037	109.131	85.693	109.131	85.9339	109.131	85.7373	109.131	85.8622	109.131	85.7948
112.793	85.6448	112.793	85.6312	112.793	85.6691	112.793	85.6264	112.793	85.7048	112.793	85.628	112.793	85.7517	112.793	85.6331	112.793	85.8084	112.793	85.6388	112.793	85.8722	112.793	85.6424	112.793	85.939	112.793	85.6419	112.793	86.0042	112.793	85.6361	112.793	86.0623	112.793	85.6247	112.793	86.1081	112.793	85.6089	112.793	86.1367	112.793	85.5911	112.793	86.1446	112.793	85.5748	112.793	86.1298	112.793	85.5645	112.793	86.0927	112.793	85.5645	112.793	86.0358	112.793	85.5789	112.793	85.9638	112.793	85.6103	112.793	85.8831	112.793	85.6593	112.793	85.8008	112.793	85.7242
116.455	85.7246	116.455	85.7104	116.455	85.7486	116.455	85.704	116.455	85.7834	116.455	85.7029	116.455	85.8289	116.455	85.704	116.455	85.8838	116.455	85.7047	116.455	85.9456	116.455	85.7021	116.455	86.0103	116.455	85.6944	116.455	86.0733	116.455	85.6805	116.455	86.129	116.455	85.6607	116.455	86.172	116.455	85.6364	116.455	86.1972	116.455	85.6104	116.455	86.201	116.455	85.5869	116.455	86.1812	116.455	85.5706	116.455	86.1382	116.455	85.5667	116.455	86.0744	116.455	85.5793	116.455	85.9949	116.455	85.6114	116.455	85.9064	116.455	85.6635	116.455	85.8167	116.455	85.7335
120.85	85.7666	120.85	85.7561	120.85	85.787	120.85	85.753	120.85	85.8185	120.85	85.7545	120.85	85.8613	120.85	85.7574	120.85	85.9145	120.85	85.7584	120.85	85.9754	120.85	85.7547	120.85	86.0402	120.85	85.7445	120.85	86.1039	120.85	85.7267	120.85	86.161	120.85	85.7019	120.85	86.2054	120.85	85.6717	120.85	86.232	120.85	85.6397	120.85	86.2365	120.85	85.6104	120.85	86.2166	120.85	85.5892	120.85	86.1723	120.85	85.5815	120.85	86.1062	120.85	85.5922	120.85	86.0234	120.85	85.6239	120.85	85.9309	120.85	85.6774	120.85	85.8371	120.85	85.7502
125.244	85.8196	125.244	85.8075	125.244	85.841	125.244	85.8023	125.244	85.8731	125.244	85.801	125.244	85.9161	125.244	85.8004	125.244	85.9689	125.244	85.7972	125.244	86.0289	125.244	85.7885	125.244	86.0924	125.244	85.7726	125.244	86.1542	125.244	85.7486	125.244	86.2086	125.244	85.717	125.244	86.2498	125.244	85.6801	125.244	86.2723	125.244	85.6415	125.244	86.2717	125.244	85.6062	125.244	86.2458	125.244	85.5797	125.244	86.1947	125.244	85.568	125.244	86.1211	125.244	85.576	125.244	86.0305	125.244	85.6071	125.244	85.9306	125.244	85.6619	125.244	85.8301	125.244	85.738
129.639	85.8661	129.639	85.8614	129.639	85.8813	129.639	85.8645	129.639	85.9086	129.639	85.8721	129.639	85.9482	129.639	85.8803	129.639	85.9991	129.639	85.8854	129.639	86.0587	129.639	85.8839	129.639	86.1229	129.639	85.8733	129.639	86.1864	129.639	85.8524	129.639	86.2433	129.639	85.8214	129.639	86.2872	129.639	85.7823	129.639	86.3123	129.639	85.739	129.639	86.314	129.639	85.6966	129.639	86.2896	129.639	85.6617	129.639	86.2392	129.639	85.6409	129.639	86.1657	129.639	85.6402	129.639	86.0748	129.639	85.6637	129.639	85.9748	129.639	85.7127	129.639	85.875	129.639	85.7849
134.033	85.8211	134.033	85.8116	134.033	85.8407	134.033	85.8099	134.033	85.8717	134.033	85.8128	134.033	85.9142	134.033	85.8168	134.033	85.967	134.033	85.818	134.033	86.0275	134.033	85.8131	134.033	86.0918	134.033	85.7992	134.033	86.1548	134.033	85.7751	134.033	86.2106	134.033	85.7407	134.033	86.2529	134.033	85.6981	134.033	86.276	134.033	85.6512	134.033	86.2751	134.033	85.6059	134.033	86.2475	134.033	85.5689	134.033	86.1931	134.033	85.5476	134.033	86.1146	134.033	85.5482	134.033	86.018	134.033	85.5749	134.033	85.9114	134.033	85.6289	134.033	85.8045	134.033	85.7075
138.428	85.8714	138.428	85.8559	138.428	85.8966	138.428	85.8479	138.428	85.9326	138.428	85.8442	138.428	85.9796	138.428	85.8412	138.428	86.0363	138.428	85.8352	138.428	86.0999	138.428	85.8229	138.428	86.1665	138.428	85.8016	138.428	86.231	138.428	85.7702	138.428	86.2873	138.428	85.7293	138.428	86.3291	138.428	85.6812	138.428	86.3504	138.428	85.6304	138.428	86.3465	138.428	85.5832	138.428	86.3143	138.428	85.5467	138.428	86.2538	138.428	85.5283	138.428	86.1679	138.428	85.5344	138.428	86.0624	138.428	85.5687	138.428	85.9458	138.428	85.6318	138.428	85.8284	138.428	85.7207
143.555	85.9688	143.555	85.9491	143.555	85.9979	143.555	85.9368	143.555	86.0374	143.555	85.9293	143.555	86.0873	143.555	85.9234	143.555	86.1464	143.555	85.9157	143.555	86.2126	143.555	85.903	143.555	86.2822	143.555	85.8831	143.555	86.3504	143.555	85.8547	143.555	86.4116	143.555	85.8185	143.555	86.4594	143.555	85.7769	143.555	86.4875	143.555	85.7342	143.555	86.4909	143.555	85.6964	143.555	86.4661	143.555	85.6703	143.555	86.4125	143.555	85.6627	143.555	86.3322	143.555	85.6791	143.555	86.2307	143.555	85.7227	143.555	86.1161	143.555	85.7934	143.555	85.9983	143.555	85.8876
148.682	86.0806	148.682	86.0534	148.682	86.1149	148.682	86.0321	148.682	86.1566	148.682	86.0147	148.682	86.2054	148.682	85.9988	148.682	86.2602	148.682	85.9817	148.682	86.3189	148.682	85.9603	148.682	86.3782	148.682	85.9324	148.682	86.434	148.682	85.8966	148.682	86.481	148.682	85.8529	148.682	86.5135	148.682	85.8035	148.682	86.526	148.682	85.7523	148.682	86.5138	148.682	85.7052	148.682	86.4741	148.682	85.6691	148.682	86.4066	148.682	85.6513	148.682	86.3143	148.682	85.6581	148.682	86.2031	148.682	85.6935	148.682	86.0817	148.682	85.7583	148.682	85.9603	148.682	85.8494
153.809	86.168	153.809	86.1422	153.809	86.1985	153.809	86.1199	153.809	86.2345	153.809	86.0992	153.809	86.2758	153.809	86.0778	153.809	86.3214	153.809	86.0533	153.809	86.3694	153.809	86.0233	153.809	86.4166	153.809	85.9856	153.809	86.4586	153.809	85.9394	153.809	86.4904	153.809	85.8848	153.809	86.5064	153.809	85.8238	153.809	86.5015	153.809	85.7604	153.809	86.4716	153.809	85.7002	153.809	86.4149	153.809	85.6501	153.809	86.3323	153.809	85.6173	153.809	86.228	153.809	85.6087	153.809	86.1087	153.809	85.629	153.809	85.9841	153.809	85.6801	153.809	85.8646	153.809	85.7605
159.668	85.9783	159.668	85.9606	159.668	86.0017	159.668	85.9463	159.668	86.0322	159.668	85.9328	159.668	86.0706	159.668	85.917	159.668	86.1165	159.668	85.8961	159.668	86.1682	159.668	85.8674	159.668	86.2225	159.668	85.8289	159.668	86.2747	159.668	85.7797	159.668	86.3188	159.668	85.7205	159.668	86.348	159.668	85.6537	159.668	86.3556	159.668	85.5838	159.668	86.3363	159.668	85.5172	159.668	86.2868	159.668	85.4616	159.668	86.2069	159.668	85.4256	159.668	86.1003	159.668	85.4168	159.668	85.9742	159.668	85.4408	159.668	85.8392	159.668	85.4995	159.668	85.7072	159.668	85.5906
164.795	86.2308	164.795	86.1969	164.795	86.2669	164.795	86.1634	164.795	86.3067	164.795	86.1279	164.795	86.3509	164.795	86.0879	164.795	86.3994	164.795	86.041	164.795	86.4506	164.795	85.9852	164.795	86.5019	164.795	85.9192	164.795	86.5488	164.795	85.843	164.795	86.5855	164.795	85.7584	164.795	86.6055	164.795	85.6691	164.795	86.6019	164.795	85.5811	164.795	86.569	164.795	85.5022	164.795	86.5034	164.795	85.4415	164.795	86.4045	164.795	85.4083	164.795	86.2757	164.795	85.4103	164.795	86.1246	164.795	85.4524	164.795	85.9617	164.795	85.5351	164.795	85.8003	164.795	85.654
170.654	86.3837	170.654	86.3709	170.654	86.4006	170.654	86.3592	170.654	86.4236	170.654	86.3455	170.654	86.4541	170.654	86.3265	170.654	86.4925	170.654	86.299	170.654	86.5377	170.654	86.2604	170.654	86.5873	170.654	86.2091	170.654	86.6368	170.654	86.1449	170.654	86.6804	170.654	86.0696	170.654	86.711	170.654	85.9869	170.654	86.7213	170.654	85.9028	170.654	86.7051	170.654	85.8252	170.654	86.6579	170.654	85.7632	170.654	86.5788	170.654	85.7258	170.654	86.4706	170.654	85.7208	170.654	86.3401	170.654	85.753	170.654	86.1974	170.654	85.8229	170.654	86.0552	170.654	85.9265
176.514	86.2429	176.514	86.2336	176.514	86.2592	176.514	86.2283	176.514	86.2844	176.514	86.2236	176.514	86.3195	176.514	86.2152	176.514	86.3644	176.514	86.1993	176.514	86.4179	176.514	86.1723	176.514	86.477	176.514	86.1318	176.514	86.5371	176.514	86.077	176.514	86.5923	176.514	86.0095	176.514	86.635	176.514	85.9329	176.514	86.6576	176.514	85.8536	176.514	86.6531	176.514	85.7799	176.514	86.6167	176.514	85.7214	176.514	86.5467	176.514	85.6876	176.514	86.4455	176.514	85.6866	176.514	86.3194	176.514	85.7231	176.514	86.1787	176.514	85.7974	176.514	86.0359	176.514	85.9047
183.105	86.2906	183.105	86.2722	183.105	86.3128	183.105	86.2558	183.105	86.3403	183.105	86.239	183.105	86.3738	183.105	86.2188	183.105	86.4137	183.105	86.1921	183.105	86.4592	183.105	86.1562	183.105	86.5085	183.105	86.109	183.105	86.5581	183.105	86.05	183.105	86.6027	183.105	85.9804	183.105	86.6358	183.105	85.9041	183.105	86.65	183.105	85.8267	183.105	86.6388	183.105	85.7561	183.105	86.5976	183.105	85.7013	183.105	86.5247	183.105	85.6711	183.105	86.4224	183.105	85.6728	183.105	86.2971	183.105	85.7107	183.105	86.1585	183.105	85.7846	183.105	86.0186	183.105	85.8901
189.697	86.4109	189.697	86.3942	189.697	86.4296	189.697	86.3776	189.697	86.4516	189.697	86.359	189.697	86.4778	189.697	86.3354	189.697	86.5087	189.697	86.3038	189.697	86.544	189.697	86.2613	189.697	86.5826	189.697	86.2061	189.697	86.6215	189.697	86.1377	189.697	86.656	189.697	86.0577	189.697	86.68	189.697	85.9701	189.697	86.6865	189.697	85.8815	189.697	86.6688	189.697	85.8003	189.697	86.6223	189.697	85.736	189.697	86.5451	189.697	85.6978	189.697	86.4395	189.697	85.6934	189.697	86.3117	189.697	85.7269	189.697	86.1714	189.697	85.7981	189.697	86.0306	189.697	85.9023
196.289	86.3884	196.289	86.3678	196.289	86.4107	196.289	86.3474	196.289	86.4357	196.289	86.3252	196.289	86.4639	196.289	86.2982	196.289	86.4956	196.289	86.2632	196.289	86.5304	196.289	86.217	196.289	86.567	196.289	86.157	196.289	86.6024	196.289	86.0825	196.289	86.6318	196.289	85.9946	196.289	86.6491	196.289	85.8975	196.289	86.6471	196.289	85.7977	196.289	86.6191	196.289	85.7044	196.289	86.5606	196.289	85.628	196.289	86.4701	196.289	85.5788	196.289	86.3504	196.289	85.5655	196.289	86.2087	196.289	85.5933	196.289	86.0557	196.289	85.6628	196.289	85.9048	196.289	85.7697
202.881	86.4573	202.881	86.4396	202.881	86.4749	202.881	86.4199	202.881	86.4939	202.881	86.3963	202.881	86.5158	202.881	86.3662	202.881	86.5416	202.881	86.3269	202.881	86.5718	202.881	86.2757	202.881	86.6059	202.881	86.2109	202.881	86.6413	202.881	86.132	202.881	86.6732	202.881	86.0407	202.881	86.695	202.881	85.9411	202.881	86.6989	202.881	85.8402	202.881	86.6775	202.881	85.7472	202.881	86.6252	202.881	85.6727	202.881	86.54	202.881	85.6269	202.881	86.4241	202.881	85.6184	202.881	86.2842	202.881	85.6518	202.881	86.1311	202.881	85.7271	202.881	85.9781	202.881	85.8391
210.205	86.4775	210.205	86.4579	210.205	86.4989	210.205	86.4389	210.205	86.5226	210.205	86.4186	210.205	86.5493	210.205	86.3943	210.205	86.5792	210.205	86.3625	210.205	86.6127	210.205	86.3197	210.205	86.6489	210.205	86.2632	210.205	86.6857	210.205	86.192	210.205	86.719	210.205	86.1076	210.205	86.7428	210.205	86.0141	210.205	86.7496	210.205	85.9186	210.205	86.7325	210.205	85.8306	210.205	86.6859	210.205	85.7607	210.205	86.6074	210.205	85.7192	210.205	86.4989	210.205	85.7141	210.205	86.3663	210.205	85.7497	210.205	86.2198	210.205	85.8256	210.205	86.0719	210.205	85.9363
217.529	86.4223	217.529	86.3997	217.529	86.4432	217.529	86.3745	217.529	86.4633	217.529	86.3453	217.529	86.4839	217.529	86.3104	217.529	86.5065	217.529	86.2677	217.529	86.5324	217.529	86.2147	217.529	86.5622	217.529	86.15	217.529	86.5945	217.529	86.0731	217.529	86.6255	217.529	85.9858	217.529	86.649	217.529	85.8924	217.529	86.6574	217.529	85.7998	217.529	86.6427	217.529	85.7171	217.529	86.599	217.529	85.6541	217.529	86.5234	217.529	85.6203	217.529	86.4176	217.529	85.6228	217.529	86.2874	217.529	85.665	217.529	86.1426	217.529	85.7457	217.529	85.9955	217.529	85.8591
225.586	86.3066	225.586	86.279	225.586	86.3324	225.586	86.249	225.586	86.3564	225.586	86.2159	225.586	86.3793	225.586	86.1779	225.586	86.4023	225.586	86.1323	225.586	86.4264	225.586	86.0761	225.586	86.4524	225.586	86.0068	225.586	86.4793	225.586	85.9235	225.586	86.5037	225.586	85.8277	225.586	86.5198	225.586	85.7237	225.586	86.5202	225.586	85.6193	225.586	86.4973	225.586	85.5243	225.586	86.4449	225.586	85.4501	225.586	86.3604	225.586	85.4075	225.586	86.2452	225.586	85.4048	225.586	86.1052	225.586	85.4459	225.586	85.9505	225.586	85.5295	225.586	85.7938	225.586	85.649
232.91	86.5359	232.91	86.5059	232.91	86.5592	232.91	86.4688	232.91	86.5762	232.91	86.4243	232.91	86.5888	232.91	86.3719	232.91	86.5991	232.91	86.3105	232.91	86.6099	232.91	86.2387	232.91	86.6229	232.91	86.1555	232.91	86.638	232.91	86.0613	232.91	86.6521	232.91	85.9583	232.91	86.6593	232.91	85.8512	232.91	86.6518	232.91	85.7471	232.91	86.6214	232.91	85.655	232.91	86.5622	232.91	85.5846	232.91	86.4719	232.91	85.5451	232.91	86.353	232.91	85.5431	232.91	86.2123	232.91	85.5817	232.91	86.0602	232.91	85.6597	232.91	85.9092	232.91	85.7719
241.699	86.5071	241.699	86.4809	241.699	86.5274	241.699	86.4482	241.699	86.5423	241.699	86.4081	241.699	86.5527	241.699	86.3587	241.699	86.5605	241.699	86.2976	241.699	86.5682	241.699	86.2224	241.699	86.5779	241.699	86.1312	241.699	86.5905	241.699	86.0244	241.699	86.6038	241.699	85.9049	241.699	86.6124	241.699	85.7789	241.699	86.6084	241.699	85.6558	241.699	86.5826	241.699	85.5471	241.699	86.5273	241.699	85.4652	241.699	86.4384	241.699	85.4207	241.699	86.3168	241.699	85.4206	241.699	86.1688	241.699	85.4673	241.699	86.0051	241.699	85.5582	241.699	85.8394	241.699	85.6859
249.756	86.5922	249.756	86.5611	249.756	86.6153	249.756	86.5222	249.756	86.6301	249.756	86.4751	249.756	86.6373	249.756	86.4185	249.756	86.6387	249.756	86.3503	249.756	86.6372	249.756	86.2682	249.756	86.6357	249.756	86.1706	249.756	86.6358	249.756	86.0577	249.756	86.6365	249.756	85.9325	249.756	86.6334	249.756	85.8007	249.756	86.6193	249.756	85.6714	249.756	86.5856	249.756	85.5562	249.756	86.525	249.756	85.4673	249.756	86.433	249.756	85.4161	249.756	86.3098	249.756	85.4106	249.756	86.1606	249.756	85.454	249.756	85.9954	249.756	85.5438	249.756	85.8276	249.756	85.6723
258.545	86.6345	258.545	86.5985	258.545	86.6609	258.545	86.5539	258.545	86.6769	258.545	86.5005	258.545	86.6825	258.545	86.4372	258.545	86.6794	258.545	86.3618	258.545	86.6705	258.545	86.2717	258.545	86.6591	258.545	86.1653	258.545	86.6478	258.545	86.0429	258.545	86.6367	258.545	85.908	258.545	86.6225	258.545	85.7674	258.545	86.5992	258.545	85.6313	258.545	86.5592	258.545	85.512	258.545	86.4953	258.545	85.4225	258.545	86.403	258.545	85.374	258.545	86.2819	258.545	85.3736	258.545	86.1361	258.545	85.4233	258.545	85.9741	258.545	85.519	258.545	85.8079	258.545	85.6514
268.066	86.5708	268.066	86.5179	268.066	86.61	268.066	86.4532	268.066	86.6351	268.066	86.3785	268.066	86.6474	268.066	86.295	268.066	86.65	268.066	86.2031	268.066	86.6477	268.066	86.102	268.066	86.6446	268.066	85.9913	268.066	86.6429	268.066	85.8714	268.066	86.641	268.066	85.7449	268.066	86.6332	268.066	85.6173	268.066	86.6105	268.066	85.497	268.066	86.564	268.066	85.3944	268.066	86.4869	268.066	85.3206	268.066	86.3775	268.066	85.2852	268.066	86.2388	268.066	85.2944	268.066	86.0786	268.066	85.3495	268.066	85.9073	268.066	85.447	268.066	85.7369	268.066	85.5796
277.588	86.7497	277.588	86.7118	277.588	86.7702	277.588	86.6566	277.588	86.7742	277.588	86.5843	277.588	86.7641	277.588	86.4949	277.588	86.7441	277.588	86.3881	277.588	86.7205	277.588	86.2644	277.588	86.6996	277.588	86.1251	277.588	86.6858	277.588	85.9736	277.588	86.679	277.588	85.8151	277.588	86.6736	277.588	85.6576	277.588	86.659	277.588	85.5108	277.588	86.6224	277.588	85.3862	277.588	86.5529	277.588	85.2949	277.588	86.4442	277.588	85.2466	277.588	86.297	277.588	85.248	277.588	86.1194	277.588	85.3016	277.588	85.9247	277.588	85.405	277.588	85.7298	277.588	85.5515
287.109	86.7109	287.109	86.662	287.109	86.7443	287.109	86.6001	287.109	86.76	287.109	86.5265	287.109	86.7576	287.109	86.4409	287.109	86.7396	287.109	86.3417	287.109	86.7118	287.109	86.2268	287.109	86.6819	287.109	86.0955	287.109	86.6572	287.109	85.9491	287.109	86.6419	287.109	85.7926	287.109	86.6343	287.109	85.6342	287.109	86.6264	287.109	85.4858	287.109	86.6064	287.109	85.361	287.109	86.5612	287.109	85.274	287.109	86.481	287.109	85.2365	287.109	86.3614	287.109	85.2559	287.109	86.2048	287.109	85.3331	287.109	86.0206	287.109	85.4622	287.109	85.8234	287.109	85.6311
297.363	86.5994	297.363	86.5566	297.363	86.6237	297.363	86.4971	297.363	86.628	297.363	86.4218	297.363	86.6126	297.363	86.3301	297.363	86.5806	297.363	86.2205	297.363	86.5386	297.363	86.0916	297.363	86.4945	297.363	85.9439	297.363	86.456	297.363	85.7806	297.363	86.4272	297.363	85.6086	297.363	86.4071	297.363	85.4382	297.363	86.3891	297.363	85.2831	297.363	86.3633	297.363	85.1586	297.363	86.3197	297.363	85.0795	297.363	86.2499	297.363	85.0569	297.363	86.1497	297.363	85.0953	297.363	86.0186	297.363	85.1909	297.363	85.8609	297.363	85.3324	297.363	85.6847	297.363	85.5031
307.617	86.5611	307.617	86.5146	307.617	86.5856	307.617	86.4505	307.617	86.5849	307.617	86.3722	307.617	86.5593	307.617	86.2804	307.617	86.5133	307.617	86.1734	307.617	86.4557	307.617	86.0482	307.617	86.397	307.617	85.903	307.617	86.3468	307.617	85.7394	307.617	86.3096	307.617	85.5638	307.617	86.2825	307.617	85.3873	307.617	86.2557	307.617	85.2244	307.617	86.2156	307.617	85.0904	307.617	86.1497	307.617	84.9986	307.617	86.0506	307.617	84.9574	307.617	85.9188	307.617	84.969	307.617	85.7618	307.617	85.0295	307.617	85.5918	307.617	85.1312	307.617	85.4222	307.617	85.2652
318.604	86.6372	318.604	86.5548	318.604	86.7014	318.604	86.4598	318.604	86.7421	318.604	86.3572	318.604	86.7562	318.604	86.2495	318.604	86.7435	318.604	86.1368	318.604	86.7075	318.604	86.017	318.604	86.6547	318.604	85.8876	318.604	86.5932	318.604	85.7475	318.604	86.53	318.604	85.5982	318.604	86.4686	318.604	85.4458	318.604	86.4079	318.604	85.3004	318.604	86.3421	318.604	85.1754	318.604	86.2636	318.604	85.0851	318.604	86.165	318.604	85.0416	318.604	86.0421	318.604	85.0521	318.604	85.8948	318.604	85.1171	318.604	85.7279	318.604	85.2304	318.604	85.5517	318.604	85.3804
329.59	86.7561	329.59	86.6708	329.59	86.8128	329.59	86.5617	329.59	86.8388	329.59	86.4346	329.59	86.8358	329.59	86.294	329.59	86.8099	329.59	86.1421	329.59	86.7703	329.59	85.9793	329.59	86.7266	329.59	85.8054	329.59	86.6863	329.59	85.6222	329.59	86.6511	329.59	85.4355	329.59	86.6166	329.59	85.2551	329.59	86.5735	329.59	85.0947	329.59	86.5108	329.59	84.9692	329.59	86.4196	329.59	84.8925	329.59	86.2957	329.59	84.874	329.59	86.1401	329.59	84.9172	329.59	85.9582	329.59	85.0181	329.59	85.7585	329.59	85.1668	329.59	85.5515	329.59	85.3495
341.309	86.7534	341.309	86.6808	341.309	86.793	341.309	86.5793	341.309	86.7977	341.309	86.4536	341.309	86.7701	341.309	86.3074	341.309	86.7186	341.309	86.143	341.309	86.6568	341.309	85.9622	341.309	86.6006	341.309	85.7682	341.309	86.5632	341.309	85.5666	341.309	86.55	341.309	85.3668	341.309	86.5555	341.309	85.1825	341.309	86.5649	341.309	85.0299	341.309	86.5592	341.309	84.9257	341.309	86.5219	341.309	84.8829	341.309	86.4431	341.309	84.9078	341.309	86.3206	341.309	84.998	341.309	86.1591	341.309	85.1437	341.309	85.9675	341.309	85.3297	341.309	85.7568	341.309	85.5394
353.76	86.8253	353.76	86.7653	353.76	86.8405	353.76	86.6647	353.76	86.8097	353.76	86.5289	353.76	86.7366	353.76	86.3617	353.76	86.6314	353.76	86.1657	353.76	86.5106	353.76	85.9422	353.76	86.3947	353.76	85.694	353.76	86.3032	353.76	85.4275	353.76	86.2476	353.76	85.1549	353.76	86.2268	353.76	84.8948	353.76	86.2264	353.76	84.6709	353.76	86.2247	353.76	84.5081	353.76	86.1994	353.76	84.4269	353.76	86.1344	353.76	84.4373	353.76	86.0218	353.76	84.5364	353.76	85.8617	353.76	84.7085	353.76	85.66	353.76	84.9307	353.76	85.4273	353.76	85.1779
366.211	86.8758	366.211	86.8309	366.211	86.8761	366.211	86.7495	366.211	86.8268	366.211	86.6398	366.211	86.7282	366.211	86.5069	366.211	86.5884	366.211	86.3513	366.211	86.4235	366.211	86.1695	366.211	86.2569	366.211	85.9571	366.211	86.1146	366.211	85.7127	366.211	86.017	366.211	85.4424	366.211	85.9702	366.211	85.1622	366.211	85.9623	366.211	84.8972	366.211	85.9688	366.211	84.6786	366.211	85.9619	366.211	84.5357	366.211	85.9196	366.211	84.4877	366.211	85.8307	366.211	84.537	366.211	85.6939	366.211	84.6697	366.211	85.5153	366.211	84.8605	366.211	85.306	366.211	85.081
378.662	86.9209	378.662	86.8536	378.662	86.9408	378.662	86.7453	378.662	86.9084	378.662	86.6026	378.662	86.8232	378.662	86.4312	378.662	86.6903	378.662	86.2355	378.662	86.5223	378.662	86.0191	378.662	86.3389	378.662	85.7857	378.662	86.1647	378.662	85.5403	378.662	86.0226	378.662	85.2911	378.662	85.9262	378.662	85.0504	378.662	85.8752	378.662	84.8354	378.662	85.8553	378.662	84.6667	378.662	85.8441	378.662	84.5643	378.662	85.8184	378.662	84.5416	378.662	85.7598	378.662	84.6008	378.662	85.6576	378.662	84.7312	378.662	85.5105	378.662	84.9125	378.662	85.3258	378.662	85.1192
392.578	87.0321	392.578	86.9625	392.578	87.0617	392.578	86.8638	392.578	87.0408	392.578	86.7433	392.578	86.9629	392.578	86.6019	392.578	86.8293	392.578	86.4343	392.578	86.6498	392.578	86.2328	392.578	86.4437	392.578	85.9917	392.578	86.236	392.578	85.7118	392.578	86.0512	392.578	85.4032	392.578	85.905	392.578	85.0855	392.578	85.7987	392.578	84.7864	392.578	85.7203	392.578	84.5379	392.578	85.6517	392.578	84.3694	392.578	85.5761	392.578	84.2998	392.578	85.4812	392.578	84.3316	392.578	85.3599	392.578	84.4494	392.578	85.2084	392.578	84.6253	392.578	85.028	392.578	84.8275
405.762	86.9258	405.762	86.8283	405.762	86.9795	405.762	86.7008	405.762	86.9785	405.762	86.5548	405.762	86.9172	405.762	86.3967	405.762	86.7975	405.762	86.225	405.762	86.63	405.762	86.032	405.762	86.4329	405.762	85.8084	405.762	86.2298	405.762	85.5481	405.762	86.0432	405.762	85.2539	405.762	85.888	405.762	84.9402	405.762	85.7671	405.762	84.6339	405.762	85.6729	405.762	84.3718	405.762	85.5933	405.762	84.1929	405.762	85.5161	405.762	84.1265	405.762	85.4301	405.762	84.1802	405.762	85.3238	405.762	84.3352	405.762	85.185	405.762	84.5528	405.762	85.0056	405.762	84.7883
420.41	87.0989	420.41	87.0137	420.41	87.1256	420.41	86.8798	420.41	87.0887	420.41	86.7097	420.41	86.9888	420.41	86.5155	420.41	86.8337	420.41	86.3061	420.41	86.639	420.41	86.0849	420.41	86.4279	420.41	85.8519	420.41	86.2273	420.41	85.6075	420.41	86.0602	420.41	85.357	420.41	85.9369	420.41	85.1137	420.41	85.8505	420.41	84.8982	420.41	85.7816	420.41	84.7337	420.41	85.708	420.41	84.6388	420.41	85.6152	420.41	84.6207	420.41	85.5018	420.41	84.6704	420.41	85.3765	420.41	84.7667	420.41	85.2502	420.41	84.8847	420.41	85.1278	420.41	85.007
435.059	87.2969	435.059	87.2123	435.059	87.33	435.059	87.0898	435.059	87.2999	435.059	86.9404	435.059	87.2001	435.059	86.7703	435.059	87.0324	435.059	86.5798	435.059	86.8102	435.059	86.3653	435.059	86.5576	435.059	86.122	435.059	86.3073	435.059	85.8486	435.059	86.0919	435.059	85.5505	435.059	85.9328	435.059	85.2433	435.059	85.8325	435.059	84.9527	435.059	85.7752	435.059	84.7116	435.059	85.736	435.059	84.5519	435.059	85.691	435.059	84.4933	435.059	85.6232	435.059	84.5359	435.059	85.5232	435.059	84.6602	435.059	85.3882	435.059	84.8358	435.059	85.221	435.059	85.0312
450.439	87.2082	450.439	87.1336	450.439	87.2205	450.439	87.0011	450.439	87.1674	450.439	86.8163	450.439	87.0492	450.439	86.5866	450.439	86.8715	450.439	86.3218	450.439	86.648	450.439	86.0343	450.439	86.4016	450.439	85.7374	450.439	86.1619	450.439	85.4434	450.439	85.9574	450.439	85.1633	450.439	85.8053	450.439	84.9081	450.439	85.705	450.439	84.6923	450.439	85.6411	450.439	84.5341	450.439	85.5931	450.439	84.4514	450.439	85.5439	450.439	84.454	450.439	85.4829	450.439	84.5363	450.439	85.4038	450.439	84.6774	450.439	85.3019	450.439	84.8478	450.439	85.1739	450.439	85.0197
466.553	86.9219	466.553	86.7824	466.553	87.0162	466.553	86.6181	466.553	87.0476	466.553	86.4468	466.553	87.0046	466.553	86.2771	466.553	86.8852	466.553	86.1048	466.553	86.6988	466.553	85.9148	466.553	86.4674	466.553	85.6898	466.553	86.2224	466.553	85.42	466.553	85.9969	466.553	85.1095	466.553	85.8141	466.553	84.778	466.553	85.6793	466.553	84.4593	466.553	85.5818	466.553	84.1968	466.553	85.504	466.553	84.0332	466.553	85.4307	466.553	83.9961	466.553	85.3513	466.553	84.0852	466.553	85.2552	466.553	84.2714	466.553	85.1293	466.553	84.5085	466.553	84.9617	466.553	84.7498
482.666	87.1371	482.666	87.029	482.666	87.1787	482.666	86.87	482.666	87.1387	482.666	86.6688	482.666	87.009	482.666	86.4245	482.666	86.7928	482.666	86.1301	482.666	86.5061	482.666	85.7793	482.666	86.1791	482.666	85.3719	482.666	85.8528	482.666	84.9176	482.666	85.5697	482.666	84.438	482.666	85.3579	482.666	83.9672	482.666	85.2182	482.666	83.5502	482.666	85.1261	482.666	83.2348	482.666	85.0446	482.666	83.0591	482.666	84.9411	482.666	83.0377	482.666	84.7971	482.666	83.1536	482.666	84.6104	482.666	83.3649	482.666	84.3905	482.666	83.6229	482.666	84.1482	482.666	83.8902
500.244	87.4355	500.244	87.3032	500.244	87.503	500.244	87.1282	500.244	87.4892	500.244	86.9327	500.244	87.385	500.244	86.7303	500.244	87.19	500.244	86.5199	500.244	86.9149	500.244	86.2874	500.244	86.5847	500.244	86.0152	500.244	86.2382	500.244	85.6924	500.244	85.9195	500.244	85.3222	500.244	85.6626	500.244	84.9239	500.244	85.4773	500.244	84.5335	500.244	85.3493	500.244	84.1994	500.244	85.2537	500.244	83.9703	500.244	85.169	500.244	83.8774	500.244	85.0799	500.244	83.9192	500.244	84.9742	500.244	84.0634	500.244	84.8412	500.244	84.2636	500.244	84.6748	500.244	84.4772
517.822	87.2629	517.822	87.1509	517.822	87.3168	517.822	86.9927	517.822	87.3011	517.822	86.7979	517.822	87.2075	517.822	86.5743	517.822	87.0348	517.822	86.3269	517.822	86.7912	517.822	86.0557	517.822	86.4971	517.822	85.7537	517.822	86.1828	517.822	85.4094	517.822	85.8831	517.822	85.0137	517.822	85.6257	517.822	84.5702	517.822	85.4212	517.822	84.1048	517.822	85.2612	517.822	83.6699	517.822	85.1272	517.822	83.337	517.822	85.0009	517.822	83.1712	517.822	84.8677	517.822	83.1977	517.822	84.7135	517.822	83.3878	517.822	84.5222	517.822	83.6756	517.822	84.281	517.822	83.9905
536.133	87.0567	536.133	86.8951	536.133	87.153	536.133	86.7029	536.133	87.158	536.133	86.5109	536.133	87.0607	536.133	86.3329	536.133	86.8661	536.133	86.1594	536.133	86.5952	536.133	85.9658	536.133	86.2842	536.133	85.7259	536.133	85.9775	536.133	85.4229	536.133	85.7131	536.133	85.0529	536.133	85.5055	536.133	84.6268	536.133	85.3398	536.133	84.1718	536.133	85.1856	536.133	83.7351	536.133	85.0183	536.133	83.3812	536.133	84.8326	536.133	83.1747	536.133	84.639	536.133	83.1494	536.133	84.4473	536.133	83.2864	536.133	84.2528	536.133	83.5237	536.133	84.0379	536.133	83.7903
554.443	86.938	554.443	86.7912	554.443	87.0218	554.443	86.608	554.443	87.0226	554.443	86.4148	554.443	86.93	554.443	86.2302	554.443	86.7454	554.443	86.0597	554.443	86.4849	554.443	85.8941	554.443	86.1821	554.443	85.7121	554.443	85.8847	554.443	85.4857	554.443	85.6408	554.443	85.1893	554.443	85.4742	554.443	84.8097	554.443	85.3703	554.443	84.3571	554.443	85.285	554.443	83.8734	554.443	85.1705	554.443	83.4316	554.443	84.9966	554.443	83.1167	554.443	84.7586	554.443	82.9891	554.443	84.4727	554.443	83.0518	554.443	84.1625	554.443	83.2559	554.443	83.8462	554.443	83.5364
574.219	86.5033	574.219	86.299	574.219	86.6144	574.219	86.0482	574.219	86.5995	574.219	85.7967	574.219	86.4452	574.219	85.5692	574.219	86.1617	574.219	85.3636	574.219	85.7915	574.219	85.1683	574.219	85.4169	574.219	84.9829	574.219	85.1472	574.219	84.8194	574.219	85.0653	574.219	84.6813	574.219	85.1658	574.219	84.5498	574.219	85.3568	574.219	84.3936	574.219	85.5261	574.219	84.1966	574.219	85.6002	574.219	83.9784	574.219	85.5575	574.219	83.7949	574.219	85.4126	574.219	83.7149	574.219	85.1922	574.219	83.7819	574.219	84.9186	574.219	83.988	574.219	84.6079	574.219	84.2833
594.727	87.7375	594.727	87.324	594.727	87.9774	594.727	86.7896	594.727	88.0187	594.727	86.2163	594.727	87.8548	594.727	85.6958	594.727	87.4878	594.727	85.2887	594.727	86.9279	594.727	84.9942	594.727	86.207	594.727	84.7658	594.727	85.4083	594.727	84.5598	594.727	84.697	594.727	84.3647	594.727	84.2884	594.727	84.1949	594.727	84.3003	594.727	84.066	594.727	84.6346	594.727	83.9839	594.727	85.0742	594.727	83.9539	594.727	85.443	594.727	83.9921	594.727	85.6549	594.727	84.1208	594.727	85.6904	594.727	84.3486	594.727	85.567	594.727	84.6562	594.727	85.3208	594.727	84.999
615.234	88.2323	615.234	87.9661	615.234	88.3475	615.234	87.5644	615.234	88.3098	615.234	87.0638	615.234	88.1197	615.234	86.5144	615.234	87.7719	615.234	85.9608	615.234	87.2585	615.234	85.4245	615.234	86.5828	615.234	84.9054	615.234	85.7812	615.234	84.3992	615.234	84.9468	615.234	83.9143	615.234	84.2327	615.234	83.4755	615.234	83.7985	615.234	83.1191	615.234	83.7054	615.234	82.8847	615.234	83.8747	615.234	82.8084	615.234	84.1614	615.234	82.912	615.234	84.4406	615.234	83.1858	615.234	84.6334	615.234	83.5772	615.234	84.6961	615.234	84.0004	615.234	84.607	615.234	84.3653
637.207	88.0177	637.207	87.7962	637.207	88.121	637.207	87.4666	637.207	88.1008	637.207	87.0471	637.207	87.9528	637.207	86.5635	637.207	87.6742	637.207	86.0403	637.207	87.2676	637.207	85.4901	637.207	86.7487	637.207	84.9125	637.207	86.1545	637.207	84.3094	637.207	85.5461	637.207	83.7069	637.207	84.9954	637.207	83.1615	637.207	84.562	637.207	82.7458	637.207	84.2765	637.207	82.5218	637.207	84.1482	637.207	82.5207	637.207	84.1733	637.207	82.7373	637.207	84.3211	637.207	83.1288	637.207	84.5176	637.207	83.6164	637.207	84.6607	637.207	84.0964	637.207	84.6592	637.207	84.4668
659.912	88.4769	659.912	88.2352	659.912	88.5989	659.912	87.8904	659.912	88.5957	659.912	87.471	659.912	88.461	659.912	87.0042	659.912	88.1781	659.912	86.5025	659.912	87.7283	659.912	85.9607	659.912	87.1141	659.912	85.3668	659.912	86.3871	659.912	84.7163	659.912	85.6621	659.912	84.0267	659.912	85.091	659.912	83.3495	659.912	84.7811	659.912	82.7744	659.912	84.7234	659.912	82.4165	659.912	84.8215	659.912	82.3757	659.912	84.9795	659.912	82.6768	659.912	85.1453	659.912	83.2407	659.912	85.2894	659.912	83.92	659.912	85.3656	659.912	84.5587	659.912	85.3029	659.912	85.0384
683.35	88.64	683.35	88.4494	683.35	88.7232	683.35	88.1462	683.35	88.7037	683.35	87.7442	683.35	88.5713	683.35	87.2849	683.35	88.3028	683.35	86.818	683.35	87.8741	683.35	86.3653	683.35	87.274	683.35	85.9021	683.35	86.5188	683.35	85.3787	683.35	85.6696	683.35	84.7577	683.35	84.8466	683.35	84.04	683.35	84.2134	683.35	83.2765	683.35	83.9074	683.35	82.5807	683.35	83.9552	683.35	82.1308	683.35	84.2572	683.35	82.1069	683.35	84.6526	683.35	82.5498	683.35	84.9893	683.35	83.2948	683.35	85.1551	683.35	84.085	683.35	85.0757	683.35	84.7133
706.787	88.3547	706.787	88.1397	706.787	88.4749	706.787	87.8421	706.787	88.4972	706.787	87.4827	706.787	88.4181	706.787	87.0834	706.787	88.2285	706.787	86.6593	706.787	87.9152	706.787	86.2226	706.787	87.4698	706.787	85.7865	706.787	86.8989	706.787	85.3591	706.787	86.2338	706.787	84.932	706.787	85.5354	706.787	84.4838	706.787	84.8882	706.787	84.0058	706.787	84.3816	706.787	83.5369	706.787	84.0888	706.787	83.1824	706.787	84.0478	706.787	83.0808	706.787	84.2326	706.787	83.303	706.787	84.533	706.787	83.7688	706.787	84.7897	706.787	84.2917	706.787	84.8651	706.787	84.6927
731.689	88.5768	731.689	88.3921	731.689	88.6847	731.689	88.1273	731.689	88.7097	731.689	87.7907	731.689	88.6223	731.689	87.4007	731.689	88.3826	731.689	86.9631	731.689	87.9669	731.689	86.4615	731.689	87.3891	731.689	85.8814	731.689	86.7052	731.689	85.2442	731.689	85.9994	731.689	84.6113	731.689	85.3529	731.689	84.0437	731.689	84.817	731.689	83.5593	731.689	84.4187	731.689	83.1454	731.689	84.1803	731.689	82.8262	731.689	84.1059	731.689	82.7078	731.689	84.1676	731.689	82.9088	731.689	84.3226	731.689	83.4048	731.689	84.5025	731.689	83.9896	731.689	84.5811	731.689	84.4225
758.057	87.9699	758.057	87.6913	758.057	88.1532	758.057	87.3483	758.057	88.2198	758.057	86.9885	758.057	88.1524	758.057	86.6644	758.057	87.9357	758.057	86.3953	758.057	87.558	758.057	86.1409	758.057	87.0187	758.057	85.8279	758.057	86.3468	758.057	85.4094	758.057	85.6186	758.057	84.9006	758.057	84.9433	758.057	84.366	758.057	84.4029	758.057	83.8755	758.057	84.0109	758.057	83.4739	758.057	83.7537	758.057	83.1976	758.057	83.6457	758.057	83.1032	758.057	83.7032	758.057	83.2377	758.057	83.8876	758.057	83.5609	758.057	84.1025	758.057	83.9289	758.057	84.2312	758.057	84.1803
784.424	87.7302	784.424	87.5231	784.424	87.8983	784.424	87.2515	784.424	88.0138	784.424	86.8808	784.424	88.0358	784.424	86.4214	784.424	87.9192	784.424	85.9431	784.424	87.6258	784.424	85.5189	784.424	87.1328	784.424	85.159	784.424	86.4493	784.424	84.8178	784.424	85.634	784.424	84.4519	784.424	84.794	784.424	84.046	784.424	84.054	784.424	83.61	784.424	83.5219	784.424	83.1856	784.424	83.2685	784.424	82.865	784.424	83.2865	784.424	82.7719	784.424	83.4656	784.424	82.9693	784.424	83.6762	784.424	83.3652	784.424	83.8586	784.424	83.7549	784.424	83.9817	784.424	83.9714
812.256	87.3377	812.256	87.0742	812.256	87.5052	812.256	86.7076	812.256	87.5948	812.256	86.2703	812.256	87.6051	812.256	85.8448	812.256	87.5053	812.256	85.531	812.256	87.2508	812.256	85.3686	812.256	86.8132	812.256	85.2913	812.256	86.209	812.256	85.1839	812.256	85.5173	812.256	84.9707	812.256	84.8636	812.256	84.643	812.256	84.344	812.256	84.2352	812.256	83.9605	812.256	83.804	812.256	83.6842	812.256	83.4385	812.256	83.5644	812.256	83.2683	812.256	83.6815	812.256	83.3935	812.256	83.992	812.256	83.7638	812.256	84.3256	812.256	84.1875	812.256	84.5159	812.256	84.4712
840.82	87.476	840.82	87.3457	840.82	87.5573	840.82	87.1754	840.82	87.5444	840.82	86.9132	840.82	87.3989	840.82	86.4967	840.82	87.1034	840.82	85.9383	840.82	86.6567	840.82	85.3533	840.82	86.0751	840.82	84.8787	840.82	85.4026	840.82	84.5601	840.82	84.7141	840.82	84.346	840.82	84.0924	840.82	84.1643	840.82	83.593	840.82	83.9596	840.82	83.2486	840.82	83.7045	840.82	83.1152	840.82	83.4343	840.82	83.2519	840.82	83.2741	840.82	83.6098	840.82	83.3642	840.82	84.0184	840.82	83.697	840.82	84.319	840.82	84.0914	840.82	84.4409	840.82	84.3642
870.85	87.2865	870.85	87.04	870.85	87.4902	870.85	86.7672	870.85	87.6217	870.85	86.4442	870.85	87.6454	870.85	86.0093	870.85	87.5129	870.85	85.4233	870.85	87.1691	870.85	84.7333	870.85	86.5697	870.85	84.0835	870.85	85.7062	870.85	83.6566	870.85	84.6464	870.85	83.5536	870.85	83.5767	870.85	83.6934	870.85	82.7481	870.85	83.8667	870.85	82.2919	870.85	83.8828	870.85	82.1954	870.85	83.6628	870.85	82.4684	870.85	83.2885	870.85	83.0629	870.85	83.005	870.85	83.7225	870.85	83.0554	870.85	84.1518	870.85	83.4363	870.85	84.2051	870.85	83.9095
901.611	87.5117	901.611	87.3736	901.611	87.4989	901.611	87.0776	901.611	87.3791	901.611	86.6502	901.611	87.1934	901.611	86.0928	901.611	86.9484	901.611	85.3517	901.611	86.6125	901.611	84.3887	901.611	86.1323	901.611	83.3	901.611	85.463	901.611	82.3875	901.611	84.601	901.611	82.03	901.611	83.6043	901.611	82.2916	901.611	82.599	901.611	82.8241	901.611	81.7943	901.611	83.2506	901.611	81.4796	901.611	83.4126	901.611	81.8435	901.611	83.3787	901.611	82.7033	901.611	83.3718	901.611	83.6419	901.611	83.603	901.611	84.3307	901.611	84.0551	901.611	84.6139	901.611	84.4789
933.105	87.632	933.105	87.5416	933.105	87.6313	933.105	87.3905	933.105	87.5742	933.105	87.2202	933.105	87.5037	933.105	86.9521	933.105	87.4096	933.105	86.3827	933.105	87.2253	933.105	85.3149	933.105	86.8636	933.105	83.6621	933.105	86.2481	933.105	81.577	933.105	85.3255	933.105	79.861	933.105	84.0711	933.105	79.8406	933.105	82.5198	933.105	81.1861	933.105	80.9087	933.105	82.5804	933.105	79.9262	933.105	83.4834	933.105	80.255	933.105	83.8785	933.105	81.5187	933.105	83.9958	933.105	82.9526	933.105	84.1512	933.105	84.0989	933.105	84.4771	933.105	84.7179	933.105	84.7769
966.064	88.337	966.064	88.5652	966.064	87.9905	966.064	88.5792	966.064	87.6489	966.064	88.4139	966.064	87.3797	966.064	88.2048	966.064	87.195	966.064	87.9867	966.064	87.065	966.064	87.5679	966.064	86.9189	966.064	86.6475	966.064	86.6667	966.064	84.9396	966.064	86.2168	966.064	82.1683	966.064	85.4457	966.064	78.2858	966.064	84.1343	966.064	76.1016	966.064	81.927	966.064	78.7255	966.064	78.5538	966.064	81.4975	966.064	76.4024	966.064	83.3527	966.064	79.2883	966.064	84.6102	966.064	82.3892	966.064	85.4756	966.064	84.3639	966.064	85.9656	966.064	85.5008	966.064	86.0025
999.756	87.3517	999.756	87.567	999.756	87.167	999.756	87.7779	999.756	87.0389	999.756	87.9925	999.756	86.9728	999.756	88.2399	999.756	86.9644	999.756	88.4573	999.756	86.983	999.756	88.4673	999.756	86.9758	999.756	88.0829	999.756	86.912	999.756	87.1819	999.756	86.7905	999.756	85.7102	999.756	86.5555	999.756	83.6939	999.756	85.9992	999.756	81.3816	999.756	84.7617	999.756	79.6208	999.756	82.3932	999.756	79.5367	999.756	78.5292	999.756	80.8072	999.756	75.56	999.756	82.4085	999.756	78.5776	999.756	83.8069	999.756	81.9092	999.756	84.6907	999.756	83.925	999.756	84.7969
1034.91	85.1862	1034.91	85.1497	1034.91	85.2002	1034.91	85.2197	1034.91	85.0773	1034.91	85.4137	1034.91	84.8176	1034.91	85.647	1034.91	84.517	1034.91	85.8315	1034.91	84.2747	1034.91	85.8772	1034.91	84.1516	1034.91	85.6471	1034.91	84.2196	1034.91	85.0041	1034.91	84.5416	1034.91	83.9199	1034.91	84.9923	1034.91	82.5782	1034.91	85.1913	1034.91	81.4141	1034.91	84.6672	1034.91	80.848	1034.91	82.9526	1034.91	80.8625	1034.91	79.5656	1034.91	81.2471	1034.91	75.3677	1034.91	81.9496	1034.91	76.9926	1034.91	82.8323	1034.91	80.4724	1034.91	83.4893	1034.91	82.5588	1034.91	83.4889
1071.53	84.8816	1071.53	84.3762	1071.53	85.0487	1071.53	83.7412	1071.53	84.7901	1071.53	83.4069	1071.53	84.1554	1071.53	83.7081	1071.53	83.3729	1071.53	84.2968	1071.53	82.7241	1071.53	84.5869	1071.53	82.3275	1071.53	84.2721	1071.53	82.1867	1071.53	83.2524	1071.53	82.4323	1071.53	81.5504	1071.53	83.1372	1071.53	79.5825	1071.53	83.907	1071.53	78.6953	1071.53	84.098	1071.53	79.5145	1071.53	83.1485	1071.53	80.6316	1071.53	80.5423	1071.53	81.286	1071.53	76.0884	1071.53	81.6175	1071.53	75.0387	1071.53	81.9481	1071.53	78.8172	1071.53	82.2966	1071.53	81.2447	1071.53	82.2409
1109.62	86.4053	1109.62	85.6048	1109.62	86.8474	1109.62	84.5893	1109.62	86.6749	1109.62	83.3191	1109.62	85.8546	1109.62	82.3487	1109.62	84.6244	1109.62	82.7702	1109.62	83.3315	1109.62	83.9721	1109.62	82.2283	1109.62	84.7119	1109.62	81.4107	1109.62	84.5479	1109.62	81.0212	1109.62	83.321	1109.62	81.3538	1109.62	80.7322	1109.62	82.2132	1109.62	76.422	1109.62	82.7246	1109.62	74.2526	1109.62	82.0336	1109.62	78.0362	1109.62	79.4089	1109.62	80.9877	1109.62	74.0359	1109.62	82.6312	1109.62	71.7555	1109.62	83.2549	1109.62	76.6385	1109.62	82.9537	1109.62	79.805	1109.62	81.8
1148.44	87.6816	1148.44	86.8392	1148.44	87.9678	1148.44	85.7135	1148.44	87.6129	1148.44	84.4754	1148.44	86.7842	1148.44	83.2695	1148.44	85.7108	1148.44	82.7497	1148.44	84.4763	1148.44	83.2993	1148.44	83.0791	1148.44	84.0439	1148.44	81.6911	1148.44	84.1454	1148.44	80.8937	1148.44	83.2235	1148.44	81.2936	1148.44	80.9312	1148.44	82.4104	1148.44	76.6755	1148.44	83.1608	1148.44	72.0628	1148.44	82.788	1148.44	75.9909	1148.44	80.6779	1148.44	79.9959	1148.44	75.6511	1148.44	82.1957	1148.44	67.5026	1148.44	83.034	1148.44	75.0895	1148.44	82.7783	1148.44	79.4194	1148.44	81.6168
1189.45	88.0115	1189.45	87.1211	1189.45	88.1652	1189.45	85.5302	1189.45	87.7625	1189.45	83.6394	1189.45	86.9988	1189.45	82.2934	1189.45	85.9326	1189.45	82.3505	1189.45	84.53	1189.45	83.4476	1189.45	82.7475	1189.45	84.4483	1189.45	80.5833	1189.45	84.6819	1189.45	78.774	1189.45	83.8605	1189.45	79.6113	1189.45	81.7249	1189.45	82.1256	1189.45	77.6337	1189.45	83.7828	1189.45	68.1752	1189.45	83.8407	1189.45	69.3343	1189.45	81.8768	1189.45	78.109	1189.45	76.4852	1189.45	81.8748	1189.45	51.5166	1189.45	83.6572	1189.45	76.4898	1189.45	84.134	1189.45	81.3822	1189.45	83.4694
1231.2	90.2159	1231.2	89.1303	1231.2	90.4536	1231.2	86.9839	1231.2	90.1328	1231.2	83.7179	1231.2	89.3963	1231.2	79.1717	1231.2	88.2269	1231.2	75.4312	1231.2	86.6859	1231.2	80.4577	1231.2	84.9057	1231.2	84.8347	1231.2	82.6871	1231.2	86.949	1231.2	79.2256	1231.2	87.3411	1231.2	76.3343	1231.2	86.4292	1231.2	81.3296	1231.2	84.5019	1231.2	85.5302	1231.2	81.2829	1231.2	87.4354	1231.2	75.5836	1231.2	87.3602	1231.2	76.548	1231.2	85.2233	1231.2	82.6375	1231.2	80.8206	1231.2	85.6963	1231.2	79.2734	1231.2	86.6865	1231.2	83.4229	1231.2	85.9678
1274.41	88.2452	1274.41	88.5266	1274.41	87.9329	1274.41	88.4521	1274.41	87.6096	1274.41	87.5461	1274.41	87.209	1274.41	85.4047	1274.41	86.7632	1274.41	81.6107	1274.41	86.2717	1274.41	75.5065	1274.41	85.5612	1274.41	74.7176	1274.41	84.3545	1274.41	80.6183	1274.41	82.1953	1274.41	84.1637	1274.41	78.0108	1274.41	86.0026	1274.41	73.6159	1274.41	86.3913	1274.41	80.669	1274.41	85.2167	1274.41	85.3046	1274.41	82.3058	1274.41	87.3556	1274.41	78.1926	1274.41	87.4386	1274.41	76.4871	1274.41	85.7005	1274.41	77.624	1274.41	82.319	1274.41	78.2246	1274.41	78.7868	1274.41	77.9828
1319.82	87.677	1319.82	88.2274	1319.82	86.8775	1319.82	88.3529	1319.82	85.9546	1319.82	87.8365	1319.82	84.9821	1319.82	86.4582	1319.82	84.0573	1319.82	84.0867	1319.82	83.3787	1319.82	81.0103	1319.82	83.0925	1319.82	79.2082	1319.82	82.9904	1319.82	80.5962	1319.82	82.4821	1319.82	82.7354	1319.82	80.7969	1319.82	84.1364	1319.82	77.2951	1319.82	84.5229	1319.82	76.3075	1319.82	83.7504	1319.82	80.8074	1319.82	81.6002	1319.82	83.4839	1319.82	77.7216	1319.82	83.9441	1319.82	71.737	1319.82	82.4973	1319.82	66.5577	1319.82	79.2341	1319.82	66.6381	1319.82	74.0895	1319.82	68.2965
1365.97	87.3378	1365.97	87.6011	1365.97	86.8846	1365.97	87.6909	1365.97	86.1094	1365.97	87.3796	1365.97	85.0669	1365.97	86.3491	1365.97	84.0532	1365.97	84.3662	1365.97	83.2137	1365.97	81.4914	1365.97	82.4226	1365.97	79.0386	1365.97	81.791	1365.97	79.7915	1365.97	81.4477	1365.97	82.2687	1365.97	80.8536	1365.97	84.2385	1365.97	79.393	1365.97	85.1518	1365.97	78.308	1365.97	84.6991	1365.97	80.3653	1365.97	82.5658	1365.97	82.6191	1365.97	78.5441	1365.97	83.0483	1365.97	72.4365	1365.97	81.5121	1365.97	67.7408	1365.97	78.0294	1365.97	70.4206	1365.97	73.0846	1365.97	70.9709
1414.31	87.7001	1414.31	87.9499	1414.31	87.0648	1414.31	87.9176	1414.31	86.1284	1414.31	87.6521	1414.31	85.1997	1414.31	86.917	1414.31	84.557	1414.31	85.3607	1414.31	84.1443	1414.31	82.9962	1414.31	83.6264	1414.31	80.7251	1414.31	82.6525	1414.31	79.8927	1414.31	81.0474	1414.31	80.5821	1414.31	79.0804	1414.31	82.1025	1414.31	78.0318	1414.31	83.4868	1414.31	79.0639	1414.31	83.8456	1414.31	81.1269	1414.31	82.6601	1414.31	82.6191	1414.31	79.5384	1414.31	82.5254	1414.31	73.6621	1414.31	80.3382	1414.31	66.7095	1414.31	76.1493	1414.31	69.9038	1414.31	72.427	1414.31	71.5306
1464.11	88.0954	1464.11	88.5241	1464.11	87.342	1464.11	88.5701	1464.11	86.405	1464.11	88.1737	1464.11	85.4751	1464.11	87.1556	1464.11	84.5918	1464.11	85.2341	1464.11	83.6953	1464.11	82.4202	1464.11	82.8657	1464.11	80.0023	1464.11	82.1727	1464.11	79.605	1464.11	81.4085	1464.11	80.0438	1464.11	80.1083	1464.11	80.6601	1464.11	78.0391	1464.11	81.6146	1464.11	77.5059	1464.11	82.1342	1464.11	80.4313	1464.11	81.4468	1464.11	82.5739	1464.11	79.5779	1464.11	82.498	1464.11	76.2632	1464.11	80.1586	1464.11	71.0694	1464.11	75.6786	1464.11	68.9898	1464.11	69.7517	1464.11	68.1227
1515.38	88.0919	1515.38	88.5997	1515.38	87.2678	1515.38	88.568	1515.38	86.5548	1515.38	88.2363	1515.38	85.885	1515.38	87.6294	1515.38	84.993	1515.38	86.2213	1515.38	83.9183	1515.38	83.5769	1515.38	82.823	1515.38	80.5749	1515.38	81.7509	1515.38	80.2552	1515.38	80.7451	1515.38	81.4137	1515.38	79.7636	1515.38	81.8538	1515.38	78.2754	1515.38	81.6643	1515.38	76.723	1515.38	81.2758	1515.38	79.1247	1515.38	80.6736	1515.38	82.3541	1515.38	79.4752	1515.38	83.3209	1515.38	76.707	1515.38	81.8228	1515.38	71.4237	1515.38	77.8591	1515.38	67.3842	1515.38	71.5381	1515.38	66.9513
1568.85	88.5675	1568.85	89.0032	1568.85	88.2684	1568.85	88.9217	1568.85	87.8919	1568.85	88.2519	1568.85	86.8549	1568.85	87.6777	1568.85	85.3871	1568.85	86.9671	1568.85	84.1772	1568.85	85.0277	1568.85	83.5086	1568.85	81.7399	1568.85	82.9728	1568.85	80.5715	1568.85	81.9056	1568.85	82.2724	1568.85	80.0933	1568.85	83.016	1568.85	78.2292	1568.85	82.7996	1568.85	76.8357	1568.85	82.867	1568.85	77.2412	1568.85	83.2833	1568.85	80.765	1568.85	82.7603	1568.85	82.8431	1568.85	80.1401	1568.85	82.2026	1568.85	75.5506	1568.85	79.3055	1568.85	72.8992	1568.85	76.3826	1568.85	74.4618
1624.51	88.3689	1624.51	88.6504	1624.51	88.3987	1624.51	89.1746	1624.51	87.6684	1624.51	88.8537	1624.51	86.23	1624.51	87.8498	1624.51	85.0746	1624.51	86.9746	1624.51	84.2689	1624.51	85.5807	1624.51	83.5356	1624.51	82.5622	1624.51	83.0445	1624.51	79.8651	1624.51	82.4666	1624.51	81.6265	1624.51	81.0854	1624.51	83.2192	1624.51	78.8262	1624.51	83.4973	1624.51	77.5079	1624.51	83.455	1624.51	78.1433	1624.51	83.4574	1624.51	79.5358	1624.51	82.637	1624.51	80.8222	1624.51	80.2354	1624.51	80.6654	1624.51	76.3133	1624.51	78.6099	1624.51	73.7473	1624.51	76.2172	1624.51	74.8904
1681.64	88.5925	1681.64	88.7778	1681.64	88.0299	1681.64	89.1734	1681.64	87.068	1681.64	89.1194	1681.64	86.2893	1681.64	87.9491	1681.64	85.3128	1681.64	86.3904	1681.64	83.724	1681.64	84.9984	1681.64	82.3761	1681.64	82.662	1681.64	82.1395	1681.64	78.9754	1681.64	82.3065	1681.64	79.3353	1681.64	81.6845	1681.64	82.4201	1681.64	80.1801	1681.64	83.3553	1681.64	79.2678	1681.64	82.5142	1681.64	79.4662	1681.64	81.6718	1681.64	80.437	1681.64	81.8032	1681.64	81.7077	1681.64	81.4185	1681.64	81.3588	1681.64	79.243	1681.64	78.89	1681.64	76.4059	1681.64	76.4239	1681.64	75.5958
1740.97	88.9733	1740.97	89.29	1740.97	87.7154	1740.97	88.9469	1740.97	86.3739	1740.97	88.6246	1740.97	85.4134	1740.97	87.9917	1740.97	84.4794	1740.97	86.8581	1740.97	83.637	1740.97	85.6684	1740.97	82.6556	1740.97	84.2206	1740.97	81.2771	1740.97	81.5461	1740.97	80.5027	1740.97	78.7636	1740.97	80.4036	1740.97	80.5381	1740.97	79.5423	1740.97	82.6853	1740.97	78.3731	1740.97	83.2855	1740.97	78.9358	1740.97	82.9992	1740.97	79.7888	1740.97	82.1875	1740.97	80.1826	1740.97	80.5698	1740.97	79.6563	1740.97	78.3893	1740.97	77.1192	1740.97	76.8393	1740.97	75.5322	1740.97	76.3653
1802.49	88.8688	1802.49	89.3582	1802.49	87.559	1802.49	89.0238	1802.49	85.773	1802.49	88.3423	1802.49	84.0038	1802.49	87.7627	1802.49	83.0033	1802.49	87.311	1802.49	82.6121	1802.49	86.6843	1802.49	81.967	1802.49	85.3145	1802.49	81.0717	1802.49	82.6468	1802.49	80.1453	1802.49	79.1708	1802.49	78.743	1802.49	78.8071	1802.49	77.2971	1802.49	80.6632	1802.49	78.4038	1802.49	81.4855	1802.49	79.6695	1802.49	81.3203	1802.49	79.3896	1802.49	80.7232	1802.49	79.2942	1802.49	80.1647	1802.49	78.822	1802.49	79.6109	1802.49	75.5796	1802.49	78.7744	1802.49	74.9357	1802.49	77.6862
1866.21	88.4366	1866.21	89.4666	1866.21	86.939	1866.21	89.646	1866.21	85.0953	1866.21	89.0383	1866.21	83.5142	1866.21	88.1788	1866.21	83.0669	1866.21	87.525	1866.21	82.6415	1866.21	87.0202	1866.21	81.6253	1866.21	86.0886	1866.21	80.746	1866.21	84.1588	1866.21	80.5645	1866.21	81.3422	1866.21	80.283	1866.21	79.563	1866.21	77.7453	1866.21	80.028	1866.21	74.4509	1866.21	80.7329	1866.21	78.5373	1866.21	81.0081	1866.21	80.1941	1866.21	80.9866	1866.21	79.0001	1866.21	80.6476	1866.21	77.0228	1866.21	79.8961	1866.21	73.5862	1866.21	78.6638	1866.21	72.2195	1866.21	76.5612
1932.13	88.4601	1932.13	88.9759	1932.13	87.4017	1932.13	89.696	1932.13	85.2784	1932.13	89.9538	1932.13	83.7155	1932.13	89.2228	1932.13	83.1001	1932.13	87.9801	1932.13	82.6068	1932.13	87.0167	1932.13	82.6572	1932.13	86.0256	1932.13	82.7518	1932.13	84.4203	1932.13	82.5534	1932.13	82.217	1932.13	81.922	1932.13	80.1289	1932.13	79.3288	1932.13	79.3677	1932.13	72.3313	1932.13	79.2763	1932.13	77.5745	1932.13	78.932	1932.13	81.3742	1932.13	79.1492	1932.13	80.6622	1932.13	80.1316	1932.13	77.2195	1932.13	80.6189	1932.13	72.9761	1932.13	79.438	1932.13	70.6844	1932.13	75.9237
2000.24	88.5764	2000.24	89.3358	2000.24	87.1381	2000.24	89.6884	2000.24	85.6424	2000.24	90.1139	2000.24	84.3128	2000.24	89.8317	2000.24	83.5912	2000.24	87.8669	2000.24	84.221	2000.24	85.0736	2000.24	84.7203	2000.24	84.5972	2000.24	83.9289	2000.24	85.2539	2000.24	82.2613	2000.24	84.6419	2000.24	81.3933	2000.24	82.4395	2000.24	80.2985	2000.24	80.5142	2000.24	74.8911	2000.24	81.0686	2000.24	72.1576	2000.24	82.1504	2000.24	80.1229	2000.24	82.0656	2000.24	81.0406	2000.24	80.8713	2000.24	77.5035	2000.24	79.7248	2000.24	71.0528	2000.24	78.7503	2000.24	72.861	2000.24	76.8154
2070.56	88.3771	2070.56	89.3981	2070.56	86.4945	2070.56	89.8652	2070.56	83.7899	2070.56	89.8207	2070.56	82.6242	2070.56	89.3965	2070.56	83.9761	2070.56	88.1423	2070.56	85.1732	2070.56	85.1589	2070.56	85.1479	2070.56	80.8553	2070.56	83.8785	2070.56	82.1218	2070.56	81.7036	2070.56	85.0909	2070.56	79.932	2070.56	85.3944	2070.56	79.1837	2070.56	83.4753	2070.56	75.6871	2070.56	82.1837	2070.56	70.2619	2070.56	83.032	2070.56	77.9815	2070.56	82.5155	2070.56	79.485	2070.56	79.6079	2070.56	76.88	2070.56	77.446	2070.56	69.5106	2070.56	78.6225	2070.56	72.1883	2070.56	78.1087
2143.8	88.2873	2143.8	89.7852	2143.8	86.0293	2143.8	90.3365	2143.8	84.0381	2143.8	89.5566	2143.8	83.5836	2143.8	88.0135	2143.8	84.2599	2143.8	87.6262	2143.8	85.2357	2143.8	87.3032	2143.8	85.6786	2143.8	84.5221	2143.8	85.3375	2143.8	78.5675	2143.8	83.8247	2143.8	81.4372	2143.8	80.8804	2143.8	84.1493	2143.8	78.475	2143.8	83.4017	2143.8	76.8107	2143.8	81.0234	2143.8	70.0357	2143.8	79.9835	2143.8	77.9454	2143.8	79.9865	2143.8	80.4317	2143.8	79.262	2143.8	76.5924	2143.8	78.5579	2143.8	60.602	2143.8	79.0919	2143.8	71.677	2143.8	77.9407
2219.24	88.7532	2219.24	90.0404	2219.24	86.0801	2219.24	89.9493	2219.24	83.4712	2219.24	89.0682	2219.24	81.4321	2219.24	87.5206	2219.24	82.4971	2219.24	86.3891	2219.24	85.2639	2219.24	86.1628	2219.24	86.5074	2219.24	84.6592	2219.24	86.278	2219.24	79.8922	2219.24	84.7029	2219.24	72.9566	2219.24	82.0602	2219.24	78.9649	2219.24	81.3886	2219.24	80.7953	2219.24	81.2941	2219.24	79.3898	2219.24	72.7456	2219.24	78.5386	2219.24	77.0372	2219.24	79.8948	2219.24	82.5356	2219.24	79.7451	2219.24	80.9764	2219.24	76.9541	2219.24	74.1515	2219.24	76.2853	2219.24	73.1654	2219.24	76.9383
2297.61	88.4203	2297.61	89.9399	2297.61	84.8677	2297.61	89.7759	2297.61	79.5173	2297.61	89.1501	2297.61	77.7374	2297.61	88.6029	2297.61	80.6268	2297.61	87.4108	2297.61	82.974	2297.61	87.1309	2297.61	84.0843	2297.61	87.0249	2297.61	83.9232	2297.61	83.7723	2297.61	82.5695	2297.61	74.3292	2297.61	81.488	2297.61	78.5232	2297.61	84.5003	2297.61	83.3227	2297.61	86.6222	2297.61	82.52	2297.61	83.8709	2297.61	77.6161	2297.61	67.59	2297.61	74.3289	2297.61	77.8284	2297.61	77.5192	2297.61	80.4768	2297.61	76.3091	2297.61	77.9194	2297.61	73.9945	2297.61	72.6052	2297.61	75.502
2378.17	87.1151	2378.17	89.3246	2378.17	82.7191	2378.17	90.302	2378.17	74.808	2378.17	90.2343	2378.17	76.5234	2378.17	89.1347	2378.17	80.8635	2378.17	86.5474	2378.17	82.4864	2378.17	82.9182	2378.17	81.975	2378.17	82.5289	2378.17	81.2536	2378.17	84.1102	2378.17	82.1051	2378.17	82.7743	2378.17	82.5378	2378.17	75.2189	2378.17	83.3366	2378.17	77.7052	2378.17	86.1875	2378.17	81.0947	2378.17	86.1841	2378.17	81.233	2378.17	79.7686	2378.17	79.2264	2378.17	75.4274	2378.17	77.4251	2378.17	82.6917	2378.17	73.3437	2378.17	80.4052	2378.17	63.339	2378.17	72.1898	2378.17	70.6034
2462.4	85.4094	2462.4	88.526	2462.4	80.3627	2462.4	90.4533	2462.4	71.8664	2462.4	90.3094	2462.4	77.8481	2462.4	88.2283	2462.4	81.8284	2462.4	85.4679	2462.4	83.8672	2462.4	83.227	2462.4	84.2068	2462.4	82.2691	2462.4	82.8526	2462.4	82.5873	2462.4	79.9401	2462.4	80.9191	2462.4	77.6582	2462.4	76.0836	2462.4	81.2835	2462.4	71.7519	2462.4	84.7273	2462.4	77.825	2462.4	85.5813	2462.4	80.341	2462.4	82.4264	2462.4	80.7024	2462.4	69.48	2462.4	80.4895	2462.4	77.3292	2462.4	78.8514	2462.4	77.0339	2462.4	74.3748	2462.4	70.9743	2462.4	68.3555
2548.83	86.4598	2548.83	88.8005	2548.83	80.4803	2548.83	89.5536	2548.83	72.7092	2548.83	89.0798	2548.83	78.9409	2548.83	87.3547	2548.83	82.2619	2548.83	85.6454	2548.83	83.6299	2548.83	84.3478	2548.83	83.8842	2548.83	82.6872	2548.83	83.4306	2548.83	81.9597	2548.83	81.5936	2548.83	82.3627	2548.83	76.5932	2548.83	81.5895	2548.83	75.8214	2548.83	78.1074	2548.83	81.9219	2548.83	73.3658	2548.83	83.846	2548.83	75.8347	2548.83	81.8515	2548.83	79.2323	2548.83	75.3148	2548.83	80.5564	2548.83	71.1742	2548.83	79.2601	2548.83	68.3988	2548.83	75.0718	2548.83	68.6445	2548.83	70.58
2638.92	86.2151	2638.92	89.0472	2638.92	79.7684	2638.92	89.3948	2638.92	71.7872	2638.92	88.6851	2638.92	78.7164	2638.92	87.727	2638.92	82.7077	2638.92	86.313	2638.92	83.8838	2638.92	84.4472	2638.92	83.721	2638.92	82.7324	2638.92	83.4813	2638.92	80.3803	2638.92	82.7148	2638.92	78.4695	2638.92	78.8705	2638.92	79.2174	2638.92	65.3081	2638.92	79.7328	2638.92	78.0382	2638.92	77.1225	2638.92	81.692	2638.92	73.6281	2638.92	80.5033	2638.92	77.4425	2638.92	76.1955	2638.92	79.4112	2638.92	72.5583	2638.92	77.1828	2638.92	56.8794	2638.92	71.5843	2638.92	70.1135	2638.92	70.9654
2731.93	85.6869	2731.93	88.3144	2731.93	79.9792	2731.93	89.2074	2731.93	68.8594	2731.93	88.5556	2731.93	78.2677	2731.93	87.3322	2731.93	82.1523	2731.93	85.6557	2731.93	83.4135	2731.93	82.8406	2731.93	82.5259	2731.93	80.8935	2731.93	81.0048	2731.93	81.3352	2731.93	80.0448	2731.93	80.6846	2731.93	77.673	2731.93	78.6276	2731.93	69.8628	2731.93	78.0736	2731.93	68.2089	2731.93	76.6956	2731.93	76.4678	2731.93	71.9958	2731.93	76.1193	2731.93	72.5109	2731.93	72.1826	2731.93	77.9777	2731.93	69.1942	2731.93	78.22	2731.93	59.3533	2731.93	73.4235	2731.93	64.3452	2731.93	65.1019
2828.61	85.3251	2828.61	87.3745	2828.61	79.2237	2828.61	87.9347	2828.61	65.4107	2828.61	87.6003	2828.61	77.3605	2828.61	86.405	2828.61	81.5424	2828.61	84.6306	2828.61	82.7275	2828.61	82.0789	2828.61	82.3065	2828.61	79.7332	2828.61	81.5324	2828.61	78.7139	2828.61	81.1639	2828.61	76.3286	2828.61	80.5364	2828.61	72.6	2828.61	77.2938	2828.61	73.854	2828.61	61.863	2828.61	75.4491	2828.61	74.4166	2828.61	73.1895	2828.61	75.2787	2828.61	68.0792	2828.61	70.0094	2828.61	75.088	2828.61	65.4815	2828.61	76.6982	2828.61	49.6069	2828.61	72.8069	2828.61	66.9344	2828.61	64.6481
2928.22	85.315	2928.22	87.0876	2928.22	79.2381	2928.22	86.9954	2928.22	63.9932	2928.22	86.2983	2928.22	76.8241	2928.22	84.9106	2928.22	80.9232	2928.22	82.8953	2928.22	82.0186	2928.22	80.1033	2928.22	81.7859	2928.22	76.3135	2928.22	80.9207	2928.22	74.3268	2928.22	80.7494	2928.22	74.2891	2928.22	81.3217	2928.22	71.7542	2928.22	80.1675	2928.22	69.6215	2928.22	74.0704	2928.22	73.5826	2928.22	67.3952	2928.22	74.1898	2928.22	69.8404	2928.22	69.8904	2928.22	66.0386	2928.22	71.3558	2928.22	60.9168	2928.22	76.1182	2928.22	55.0309	2928.22	73.8307	2928.22	59.5505	2928.22	60.0331
3031.49	85.4716	3031.49	87.0307	3031.49	80.1991	3031.49	86.5025	3031.49	63.492	3031.49	85.1823	3031.49	75.5331	3031.49	83.5218	3031.49	79.7699	3031.49	82.0584	3031.49	80.3446	3031.49	80.4449	3031.49	79.9715	3031.49	76.9474	3031.49	79.9923	3031.49	72.6916	3031.49	81.0072	3031.49	72.7888	3031.49	81.7358	3031.49	73.5937	3031.49	79.9356	3031.49	70.4032	3031.49	72.949	3031.49	68.7104	3031.49	70.0636	3031.49	69.9297	3031.49	72.2792	3031.49	70.1749	3031.49	68.0328	3031.49	71.1006	3031.49	60.9239	3031.49	73.3136	3031.49	55.819	3031.49	71.2654	3031.49	59.545	3031.49	64.8723
3138.43	86.5506	3138.43	87.5107	3138.43	82.5232	3138.43	86.4112	3138.43	70.9643	3138.43	84.8798	3138.43	74.4619	3138.43	83.7267	3138.43	79.941	3138.43	81.5528	3138.43	80.4669	3138.43	77.8333	3138.43	79.1699	3138.43	73.559	3138.43	78.5975	3138.43	71.9678	3138.43	81.1168	3138.43	71.6595	3138.43	83.4036	3138.43	71.2029	3138.43	83.0399	3138.43	69.7197	3138.43	79.0545	3138.43	69.4664	3138.43	71.284	3138.43	69.7519	3138.43	71.5508	3138.43	69.3	3138.43	69.9698	3138.43	72.0041	3138.43	65.9046	3138.43	74.6961	3138.43	61.8405	3138.43	73.938	3138.43	66.6237	3138.43	71.0393
3249.02	87.6869	3249.02	87.9949	3249.02	84.4249	3249.02	86.8267	3249.02	76.5675	3249.02	85.8912	3249.02	76.6152	3249.02	84.7239	3249.02	81.8985	3249.02	81.5047	3249.02	83.199	3249.02	76.3724	3249.02	82.4416	3249.02	73.7558	3249.02	80.3442	3249.02	72.4598	3249.02	80.9512	3249.02	67.0588	3249.02	84.1868	3249.02	59.4032	3249.02	84.812	3249.02	65.8439	3249.02	82.6118	3249.02	71.764	3249.02	79.5633	3249.02	71.6982	3249.02	76.7915	3249.02	65.5665	3249.02	72.5966	3249.02	68.2264	3249.02	69.6987	3249.02	73.0415	3249.02	68.3516	3249.02	73.2833	3249.02	72.5993	3249.02	72.8315
3363.28	88.5683	3363.28	88.7597	3363.28	85.4509	3363.28	87.8227	3363.28	79.358	3363.28	86.8754	3363.28	81.0999	3363.28	84.642	3363.28	84.2601	3363.28	80.8049	3363.28	85.1412	3363.28	77.0704	3363.28	84.9483	3363.28	71.6564	3363.28	83.0755	3363.28	65.2598	3363.28	80.4964	3363.28	72.5176	3363.28	82.4154	3363.28	74.7355	3363.28	82.4027	3363.28	66.0569	3363.28	79.3745	3363.28	68.9745	3363.28	78.9649	3363.28	74.2826	3363.28	76.9205	3363.28	73.5916	3363.28	68.5841	3363.28	64.9711	3363.28	65.7267	3363.28	73.7148	3363.28	65.3604	3363.28	74.3184	3363.28	69.8847	3363.28	70.643
3481.93	89.0222	3481.93	89.0963	3481.93	86.0567	3481.93	88.1241	3481.93	80.0323	3481.93	87.1003	3481.93	82.3978	3481.93	84.579	3481.93	85.3736	3481.93	80.5532	3481.93	85.5369	3481.93	77.2874	3481.93	84.705	3481.93	76.2188	3481.93	82.5627	3481.93	76.8705	3481.93	79.5214	3481.93	77.5124	3481.93	80.7849	3481.93	77.0177	3481.93	80.609	3481.93	71.959	3481.93	75.6152	3481.93	66.3149	3481.93	73.4693	3481.93	74.8506	3481.93	76.4267	3481.93	76.0354	3481.93	71.3093	3481.93	68.1333	3481.93	63.9321	3481.93	72.3774	3481.93	68.5688	3481.93	74.2999	3481.93	69.524	3481.93	69.9498
3604.98	88.9077	3604.98	89.1658	3604.98	86.7686	3604.98	88.4923	3604.98	81.5824	3604.98	87.0077	3604.98	82.2648	3604.98	84.2774	3604.98	85.8181	3604.98	80.5049	3604.98	86.0634	3604.98	77.0961	3604.98	84.3177	3604.98	77.6128	3604.98	80.8507	3604.98	78.1032	3604.98	74.5937	3604.98	76.8873	3604.98	76.2574	3604.98	76.3153	3604.98	79.2441	3604.98	73.5236	3604.98	78.1379	3604.98	67.4709	3604.98	73.1113	3604.98	73.9291	3604.98	76.782	3604.98	76.1964	3604.98	73.8259	3604.98	70.2548	3604.98	68.5567	3604.98	70.5235	3604.98	70.2294	3604.98	75.1773	3604.98	70.2387	3604.98	73.1735
3732.42	88.9275	3732.42	88.85	3732.42	87.3798	3732.42	88.073	3732.42	83.5859	3732.42	86.688	3732.42	82.4958	3732.42	83.7149	3732.42	85.325	3732.42	80.028	3732.42	85.7898	3732.42	80.2786	3732.42	84.2877	3732.42	80.0274	3732.42	80.9446	3732.42	76.7494	3732.42	74.0334	3732.42	75.2703	3732.42	72.5824	3732.42	77.3893	3732.42	80.8056	3732.42	75.7728	3732.42	82.1024	3732.42	69.1408	3732.42	77.3394	3732.42	71.9766	3732.42	77.8803	3732.42	75.8517	3732.42	76.6744	3732.42	72.0583	3732.42	73.2657	3732.42	70.8608	3732.42	71.1733	3732.42	74.4117	3732.42	70.4035	3732.42	74.0267
3863.53	89.2393	3863.53	89.3555	3863.53	87.8327	3863.53	88.6338	3863.53	84.7484	3863.53	86.5849	3863.53	83.7727	3863.53	83.2512	3863.53	85.5702	3863.53	82.2783	3863.53	85.7631	3863.53	82.2475	3863.53	84.3909	3863.53	80.9885	3863.53	81.7327	3863.53	80.5829	3863.53	78.151	3863.53	80.3493	3863.53	78.9832	3863.53	80.0423	3863.53	83.637	3863.53	77.891	3863.53	83.969	3863.53	72.919	3863.53	80.3904	3863.53	71.894	3863.53	78.7472	3863.53	75.6593	3863.53	77.0335	3863.53	71.6202	3863.53	71.5175	3863.53	69.2884	3863.53	68.98	3863.53	75.4169	3863.53	72.6238	3863.53	75.7929
3999.76	89.0115	3999.76	89.1899	3999.76	88.1905	3999.76	88.9983	3999.76	85.2181	3999.76	86.5304	3999.76	84.1866	3999.76	83.7876	3999.76	86.1418	3999.76	83.6126	3999.76	86.0442	3999.76	81.6622	3999.76	84.6792	3999.76	80.8831	3999.76	82.3286	3999.76	81.4901	3999.76	77.8553	3999.76	80.1662	3999.76	77.6852	3999.76	78.3519	3999.76	83.5641	3999.76	76.1154	3999.76	82.7563	3999.76	72.5937	3999.76	79.5119	3999.76	72.134	3999.76	78.0446	3999.76	73.8002	3999.76	75.8248	3999.76	69.737	3999.76	73.9933	3999.76	70.3026	3999.76	72.1354	3999.76	77.0182	3999.76	74.6395	3999.76	77.3029
4141.11	88.8309	4141.11	89.5015	4141.11	87.9638	4141.11	88.8888	4141.11	86.0354	4141.11	86.5884	4141.11	84.5965	4141.11	85.7505	4141.11	85.8229	4141.11	85.0412	4141.11	85.8792	4141.11	83.5573	4141.11	84.5536	4141.11	82.3406	4141.11	82.6999	4141.11	79.1303	4141.11	79.3215	4141.11	76.1604	4141.11	73.4935	4141.11	77.905	4141.11	82.1513	4141.11	76.8284	4141.11	82.4358	4141.11	72.5142	4141.11	79.9102	4141.11	68.4141	4141.11	78.3946	4141.11	72.3677	4141.11	73.0109	4141.11	72.7788	4141.11	70.6299	4141.11	70.955	4141.11	72.9367	4141.11	76.0942	4141.11	74.9815	4141.11	76.6222
4286.87	89.9624	4286.87	89.7517	4286.87	88.3136	4286.87	88.3286	4286.87	85.7437	4286.87	86.954	4286.87	85.0582	4286.87	86.6832	4286.87	85.4605	4286.87	85.7653	4286.87	84.7391	4286.87	82.659	4286.87	83.9005	4286.87	78.5594	4286.87	82.995	4286.87	78.1025	4286.87	80.6217	4286.87	78.9462	4286.87	74.3339	4286.87	77.7882	4286.87	63.1095	4286.87	74.2352	4286.87	58.7802	4286.87	72.4468	4286.87	70.9326	4286.87	66.6239	4286.87	74.2321	4286.87	68.5364	4286.87	70.0397	4286.87	71.6803	4286.87	66.1341	4286.87	71.4275	4286.87	70.5033	4286.87	75.5298	4286.87	74.5651	4286.87	77.232
4438.48	89.9001	4438.48	89.8112	4438.48	89.0851	4438.48	88.6231	4438.48	86.8388	4438.48	87.1067	4438.48	85.4894	4438.48	87.3132	4438.48	86.7651	4438.48	86.0261	4438.48	86.7236	4438.48	82.628	4438.48	85.3158	4438.48	81.617	4438.48	82.3286	4438.48	79.8302	4438.48	78.5033	4438.48	76.0135	4438.48	77.652	4438.48	75.3659	4438.48	81.6698	4438.48	75.0187	4438.48	81.3498	4438.48	74.5578	4438.48	71.4997	4438.48	72.5664	4438.48	72.5182	4438.48	68.1131	4438.48	72.6666	4438.48	71.2684	4438.48	68.4006	4438.48	71.8908	4438.48	70.8361	4438.48	73.7737	4438.48	75.38	4438.48	76.08
4594.48	89.8187	4594.48	89.7949	4594.48	89.1458	4594.48	88.4361	4594.48	87.6954	4594.48	87.765	4594.48	86.054	4594.48	87.8053	4594.48	86.9433	4594.48	84.9517	4594.48	87.9336	4594.48	80.9803	4594.48	87.5438	4594.48	79.306	4594.48	84.5222	4594.48	78.3673	4594.48	78.7407	4594.48	78.8758	4594.48	72.0072	4594.48	75.2186	4594.48	80.6725	4594.48	71.1468	4594.48	81.6514	4594.48	75.2541	4594.48	75.3742	4594.48	73.4122	4594.48	72.3057	4594.48	68.2509	4594.48	71.6595	4594.48	70.5002	4594.48	69.0388	4594.48	72.686	4594.48	73.2351	4594.48	74.0605	4594.48	77.3739	4594.48	76.1899
4757.08	90.0781	4757.08	89.7585	4757.08	89.0111	4757.08	88.4656	4757.08	87.1423	4757.08	88.144	4757.08	85.6826	4757.08	87.336	4757.08	86.2615	4757.08	84.0778	4757.08	87.1143	4757.08	81.3775	4757.08	86.7414	4757.08	80.5045	4757.08	82.8605	4757.08	80.6385	4757.08	76.1045	4757.08	80.2644	4757.08	67.6424	4757.08	75.7981	4757.08	74.4442	4757.08	72.4639	4757.08	78.393	4757.08	74.2409	4757.08	75.9397	4757.08	72.6692	4757.08	71.3965	4757.08	69.8353	4757.08	72.2411	4757.08	70.0742	4757.08	69.6316	4757.08	70.4675	4757.08	73.2403	4757.08	73.3136	4757.08	75.921	4757.08	75.6973
4924.8	89.6245	4924.8	89.3721	4924.8	89.1819	4924.8	88.9036	4924.8	87.8639	4924.8	88.4863	4924.8	85.6104	4924.8	86.6786	4924.8	84.6717	4924.8	83.5896	4924.8	85.6086	4924.8	82.9115	4924.8	85.5131	4924.8	81.2881	4924.8	82.1403	4924.8	80.5174	4924.8	78.3421	4924.8	80.5294	4924.8	67.4939	4924.8	76.3373	4924.8	78.1363	4924.8	71.8438	4924.8	82.4283	4924.8	75.0061	4924.8	80.7611	4924.8	75.5126	4924.8	77.1969	4924.8	72.6607	4924.8	72.4758	4924.8	69.304	4924.8	65.3191	4924.8	70.598	4924.8	67.3377	4924.8	72.6209	4924.8	76.2226	4924.8	75.8492
5098.39	89.5717	5098.39	89.0527	5098.39	89.0278	5098.39	89.0859	5098.39	87.3228	5098.39	88.679	5098.39	85.7704	5098.39	86.3423	5098.39	85.1279	5098.39	84.4981	5098.39	85.3075	5098.39	83.8276	5098.39	84.8285	5098.39	81.5839	5098.39	82.4456	5098.39	80.7865	5098.39	81.0412	5098.39	80.6927	5098.39	72.2826	5098.39	76.92	5098.39	74.9592	5098.39	73.0628	5098.39	78.8417	5098.39	72.7401	5098.39	77.0874	5098.39	73.824	5098.39	74.5226	5098.39	73.7962	5098.39	66.8019	5098.39	70.5067	5098.39	58.2796	5098.39	67.3858	5098.39	71.6415	5098.39	72.3498	5098.39	74.9902	5098.39	73.3141
5277.83	89.1195	5277.83	88.9608	5277.83	89.1678	5277.83	89.4061	5277.83	87.6315	5277.83	88.414	5277.83	85.1335	5277.83	86.1284	5277.83	84.3582	5277.83	85.1843	5277.83	85.0555	5277.83	84.5146	5277.83	84.8218	5277.83	82.0007	5277.83	83.9779	5277.83	79.5383	5277.83	82.7194	5277.83	78.9288	5277.83	73.8234	5277.83	76.3374	5277.83	71.9362	5277.83	73.5127	5277.83	74.3699	5277.83	73.2273	5277.83	70.2094	5277.83	72.7472	5277.83	72.0512	5277.83	72.5994	5277.83	68.1643	5277.83	72.0417	5277.83	63.1741	5277.83	69.7033	5277.83	71.0183	5277.83	73.2713	5277.83	72.3433	5277.83	73.3613
5463.87	88.7489	5463.87	89.1942	5463.87	89.2958	5463.87	89.7134	5463.87	88.2308	5463.87	88.0727	5463.87	85.3976	5463.87	85.8295	5463.87	85.0731	5463.87	84.3523	5463.87	86.4851	5463.87	81.8324	5463.87	85.9852	5463.87	78.4222	5463.87	83.5096	5463.87	77.436	5463.87	80.766	5463.87	78.0067	5463.87	71.7746	5463.87	74.7214	5463.87	74.7547	5463.87	72.546	5463.87	79.2429	5463.87	73.3959	5463.87	75.7469	5463.87	72.5689	5463.87	73.7987	5463.87	72.6658	5463.87	71.3635	5463.87	71.611	5463.87	63.9406	5463.87	66.7	5463.87	67.885	5463.87	71.4821	5463.87	72.1921	5463.87	73.9844
5656.49	89.18	5656.49	90.0122	5656.49	89.2566	5656.49	89.6784	5656.49	88.4521	5656.49	87.5394	5656.49	85.0131	5656.49	85.8023	5656.49	83.7488	5656.49	84.0436	5656.49	86.5607	5656.49	81.8259	5656.49	86.6104	5656.49	79.7581	5656.49	83.3622	5656.49	77.113	5656.49	80.3328	5656.49	75.7179	5656.49	74.0733	5656.49	74.0622	5656.49	76.1196	5656.49	75.7996	5656.49	79.0221	5656.49	74.4696	5656.49	74.5341	5656.49	71.3195	5656.49	72.383	5656.49	73.1587	5656.49	71.4083	5656.49	72.0756	5656.49	62.7409	5656.49	65.91	5656.49	66.1632	5656.49	66.8299	5656.49	72.8063	5656.49	71.6953
5856.45	89.214	5856.45	90.3072	5856.45	89.2692	5856.45	89.7268	5856.45	88.976	5856.45	87.6442	5856.45	85.7452	5856.45	86.4534	5856.45	82.3444	5856.45	84.6005	5856.45	85.0141	5856.45	82.8991	5856.45	85.9868	5856.45	80.8447	5856.45	83.9916	5856.45	79.0588	5856.45	82.0045	5856.45	77.7672	5856.45	78.5253	5856.45	74.5864	5856.45	76.5498	5856.45	74.6596	5856.45	79.043	5856.45	74.9845	5856.45	75.8668	5856.45	72.3878	5856.45	70.6656	5856.45	73.39	5856.45	69.7901	5856.45	72.4527	5856.45	56.2241	5856.45	65.0829	5856.45	67.1343	5856.45	67.3062	5856.45	72.81	5856.45	71.3921
6062.99	89.4145	6062.99	90.4423	6062.99	89.1899	6062.99	89.4682	6062.99	89.2549	6062.99	87.8182	6062.99	86.7524	6062.99	87.0218	6062.99	83.095	6062.99	84.5548	6062.99	84.8499	6062.99	83.0652	6062.99	85.0785	6062.99	82.0953	6062.99	82.5744	6062.99	80.4072	6062.99	82.4875	6062.99	77.4614	6062.99	79.9638	6062.99	72.2904	6062.99	79.2188	6062.99	75.5846	6062.99	82.4399	6062.99	75.6517	6062.99	78.8878	6062.99	71.1632	6062.99	71.3458	6062.99	71.3615	6062.99	63.8034	6062.99	72.5798	6062.99	64.7989	6062.99	64.2728	6062.99	65.3991	6062.99	67.0997	6062.99	72.8527	6062.99	72.8404
6276.86	89.438	6276.86	90.1171	6276.86	89.0326	6276.86	88.9643	6276.86	89.4738	6276.86	88.2281	6276.86	87.5424	6276.86	86.9743	6276.86	83.4562	6276.86	84.4934	6276.86	83.5679	6276.86	84.0855	6276.86	84.2918	6276.86	81.9404	6276.86	84.9085	6276.86	80.0752	6276.86	84.8067	6276.86	77.9546	6276.86	81.8998	6276.86	72.466	6276.86	83.1616	6276.86	75.888	6276.86	82.9539	6276.86	74.3351	6276.86	77.3407	6276.86	72.5647	6276.86	72.5147	6276.86	74.0071	6276.86	52.4074	6276.86	71.8037	6276.86	68.804	6276.86	65.9336	6276.86	70.0219	6276.86	61.0556	6276.86	72.9976	6276.86	71.5668
6498.05	89.6511	6498.05	89.813	6498.05	89.1121	6498.05	88.673	6498.05	89.4311	6498.05	88.4756	6498.05	88.1551	6498.05	87.5936	6498.05	85.4091	6498.05	85.4296	6498.05	84.9643	6498.05	84.1467	6498.05	85.4973	6498.05	82.3305	6498.05	85.1111	6498.05	80.1609	6498.05	83.371	6498.05	75.7656	6498.05	81.9098	6498.05	71.6215	6498.05	81.5384	6498.05	76.5584	6498.05	78.1204	6498.05	73.4007	6498.05	70.8906	6498.05	68.9867	6498.05	68.6134	6498.05	71.0664	6498.05	55.3208	6498.05	70.3385	6498.05	63.5908	6498.05	65.4405	6498.05	67.6885	6498.05	67.0661	6498.05	71.8413	6498.05	73.5891
6727.29	88.9039	6727.29	89.4271	6727.29	89.0492	6727.29	88.8832	6727.29	89.8675	6727.29	88.9302	6727.29	88.1835	6727.29	87.8113	6727.29	84.7282	6727.29	85.6667	6727.29	85.072	6727.29	84.0308	6727.29	85.9551	6727.29	80.0277	6727.29	84.7139	6727.29	77.6506	6727.29	81.1226	6727.29	74.2952	6727.29	76.264	6727.29	67.4116	6727.29	73.3161	6727.29	75.0812	6727.29	71.7891	6727.29	72.8273	6727.29	63.3059	6727.29	73.6023	6727.29	66.7515	6727.29	74.4158	6727.29	52.5945	6727.29	67.9623	6727.29	64.651	6727.29	60.2098	6727.29	65.6104	6727.29	54.4898	6727.29	74.5894	6727.29	73.7899
6964.6	89.5246	6964.6	89.8061	6964.6	88.8596	6964.6	89.0025	6964.6	89.7136	6964.6	89.2288	6964.6	88.7376	6964.6	87.6681	6964.6	85.7523	6964.6	84.6141	6964.6	84.5179	6964.6	81.6008	6964.6	85.3717	6964.6	77.4015	6964.6	83.9247	6964.6	75.1222	6964.6	79.4542	6964.6	57.4828	6964.6	75.6759	6964.6	68.501	6964.6	77.5272	6964.6	74.5141	6964.6	74.8153	6964.6	71.0757	6964.6	61.0299	6964.6	72.0104	6964.6	69.4497	6964.6	72.489	6964.6	56.4719	6964.6	67.4157	6964.6	65.9075	6964.6	65.4831	6964.6	60.0892	6964.6	67.0937	6964.6	72.5765	6964.6	71.7974
7209.96	89.1409	7209.96	89.5653	7209.96	88.8067	7209.96	89.4698	7209.96	89.6201	7209.96	89.2563	7209.96	88.8147	7209.96	86.8326	7209.96	86.1112	7209.96	83.6605	7209.96	84.435	7209.96	79.6885	7209.96	84.3586	7209.96	77.1367	7209.96	84.1413	7209.96	78.0386	7209.96	83.0163	7209.96	69.3682	7209.96	77.9484	7209.96	70.886	7209.96	74.965	7209.96	74.1063	7209.96	70.9108	7209.96	70.9604	7209.96	61.5026	7209.96	72.7514	7209.96	63.7325	7209.96	72.813	7209.96	50.7222	7209.96	67.5493	7209.96	67.1765	7209.96	65.6963	7209.96	67.7687	7209.96	65.9981	7209.96	71.9747	7209.96	70.5482
7464.11	89.8135	7464.11	90.0209	7464.11	89.1026	7464.11	89.5875	7464.11	89.3811	7464.11	88.9904	7464.11	88.5708	7464.11	86.1917	7464.11	86.52	7464.11	82.1534	7464.11	85.0832	7464.11	78.933	7464.11	84.8904	7464.11	79.651	7464.11	85.6645	7464.11	78.3983	7464.11	84.0088	7464.11	71.2312	7464.11	76.328	7464.11	74.5005	7464.11	69.832	7464.11	74.0564	7464.11	66.367	7464.11	70.4374	7464.11	61.5717	7464.11	70.4538	7464.11	64.9572	7464.11	68.9243	7464.11	52.0086	7464.11	67.2431	7464.11	63.6621	7464.11	67.7804	7464.11	63.9512	7464.11	66.6226	7464.11	70.6007	7464.11	70.4299
7727.78	89.9101	7727.78	90.1028	7727.78	89.2487	7727.78	89.5901	7727.78	89.5746	7727.78	88.6387	7727.78	88.7284	7727.78	85.3211	7727.78	86.2512	7727.78	81.8862	7727.78	83.9895	7727.78	80.6926	7727.78	84.4113	7727.78	81.0607	7727.78	85.7223	7727.78	78.1306	7727.78	83.7841	7727.78	68.2618	7727.78	76.677	7727.78	73.6895	7727.78	73.9059	7727.78	73.7062	7727.78	72.7242	7727.78	70.9241	7727.78	68.7245	7727.78	71.0993	7727.78	68.5278	7727.78	68.5369	7727.78	61.4071	7727.78	66.794	7727.78	61.09	7727.78	66.7567	7727.78	63.8772	7727.78	68.4439	7727.78	68.573	7727.78	69.0301
8000.24	90.113	8000.24	90.2171	8000.24	89.5531	8000.24	89.6256	8000.24	89.262	8000.24	87.9091	8000.24	88.2293	8000.24	84.0475	8000.24	86.4761	8000.24	82.6291	8000.24	84.151	8000.24	81.774	8000.24	82.7332	8000.24	80.0288	8000.24	82.9924	8000.24	76.3501	8000.24	82.0191	8000.24	70.8346	8000.24	77.2275	8000.24	73.2917	8000.24	72.9279	8000.24	72.048	8000.24	66.1929	8000.24	71.2156	8000.24	65.2818	8000.24	71.4676	8000.24	69.3255	8000.24	66.5635	8000.24	65.9701	8000.24	66.3977	8000.24	63.5942	8000.24	65.5539	8000.24	67.9137	8000.24	67.5203	8000.24	71.1773	8000.24	70.3021
8282.23	90.2608	8282.23	90.0458	8282.23	89.6729	8282.23	89.193	8282.23	89.0218	8282.23	87.4225	8282.23	87.9383	8282.23	84.4926	8282.23	86.6084	8282.23	83.4204	8282.23	84.3145	8282.23	80.9092	8282.23	81.8443	8282.23	78.934	8282.23	82.5328	8282.23	74.8541	8282.23	81.422	8282.23	71.6609	8282.23	76.4838	8282.23	73.1183	8282.23	72.9453	8282.23	70.5356	8282.23	66.7611	8282.23	70.6222	8282.23	69.2819	8282.23	71.8032	8282.23	68.1562	8282.23	67.2808	8282.23	66.5918	8282.23	67.2529	8282.23	66.9409	8282.23	65.573	8282.23	65.0528	8282.23	66.5527	8282.23	68.1634	8282.23	70.2384
8574.46	90.0669	8574.46	89.9278	8574.46	89.5238	8574.46	88.8508	8574.46	88.8378	8574.46	86.9694	8574.46	87.3527	8574.46	85.3164	8574.46	85.4613	8574.46	83.5245	8574.46	83.1884	8574.46	79.7253	8574.46	81.6068	8574.46	79.1574	8574.46	82.4741	8574.46	76.0432	8574.46	81.8305	8574.46	74.1451	8574.46	78.8034	8574.46	74.3687	8574.46	77.2578	8574.46	68.6184	8574.46	77.6652	8574.46	70.5634	8574.46	76.1288	8574.46	72.0425	8574.46	66.6448	8574.46	68.4326	8574.46	57.289	8574.46	69.6335	8574.46	62.9516	8574.46	67.2818	8574.46	64.7333	8574.46	62.8372	8574.46	69.6068	8574.46	70.7529
8876.22	89.8456	8876.22	89.7104	8876.22	89.4125	8876.22	88.6843	8876.22	88.6423	8876.22	87.2288	8876.22	87.2164	8876.22	85.5154	8876.22	85.5367	8876.22	82.8327	8876.22	82.9568	8876.22	81.3419	8876.22	79.9008	8876.22	80.0992	8876.22	80.2003	8876.22	76.1077	8876.22	80.6505	8876.22	75.1061	8876.22	79.1984	8876.22	74.3047	8876.22	79.8216	8876.22	69.9088	8876.22	78.783	8876.22	71.0217	8876.22	74.6659	8876.22	70.4329	8876.22	64.162	8876.22	66.29	8876.22	59.4761	8876.22	67.4674	8876.22	56.3771	8876.22	67.1355	8876.22	66.1568	8876.22	57.2926	8876.22	69.9965	8876.22	67.9226
9189.7	89.717	9189.7	89.6234	9189.7	89.1434	9189.7	88.6663	9189.7	88.1138	9189.7	87.4892	9189.7	86.1012	9189.7	85.4228	9189.7	83.7626	9189.7	82.8939	9189.7	80.3778	9189.7	82.0406	9189.7	75.3335	9189.7	79.8435	9189.7	77.4114	9189.7	74.7307	9189.7	79.2208	9189.7	73.0358	9189.7	78.088	9189.7	72.4656	9189.7	77.9412	9189.7	69.9179	9189.7	76.0963	9189.7	70.4496	9189.7	71.6793	9189.7	67.8051	9189.7	64.5239	9189.7	61.7613	9189.7	60.2302	9189.7	66.273	9189.7	61.3185	9189.7	68.2245	9189.7	63.4461	9189.7	56.6837	9189.7	67.3974	9189.7	66.334
9513.43	89.6338	9513.43	89.5358	9513.43	88.9564	9513.43	88.4119	9513.43	88.078	9513.43	87.3451	9513.43	86.0632	9513.43	85.2525	9513.43	83.4569	9513.43	83.3475	9513.43	79.4988	9513.43	81.8616	9513.43	75.2211	9513.43	78.5467	9513.43	78.6103	9513.43	73.8385	9513.43	78.0767	9513.43	70.5051	9513.43	75.6942	9513.43	70.5464	9513.43	77.4917	9513.43	69.0863	9513.43	77.4678	9513.43	69.3054	9513.43	74.1652	9513.43	69.0855	9513.43	66.4818	9513.43	63.094	9513.43	47.7838	9513.43	62.8795	9513.43	58.4478	9513.43	65.8502	9513.43	63.1033	9513.43	62.6044	9513.43	66.9748	9513.43	64.1425
9848.88	89.7872	9848.88	89.2985	9848.88	89.1123	9848.88	87.8849	9848.88	87.9124	9848.88	86.973	9848.88	85.7757	9848.88	84.9361	9848.88	83.2109	9848.88	83.2679	9848.88	78.7084	9848.88	80.9874	9848.88	74.9128	9848.88	77.1231	9848.88	78.4011	9848.88	73.5681	9848.88	77.0716	9848.88	69.5548	9848.88	75.3007	9848.88	69.223	9848.88	77.1466	9848.88	66.5402	9848.88	77.1657	9848.88	67.6841	9848.88	73.6801	9848.88	69.8312	9848.88	64.8477	9848.88	64.1187	9848.88	59.4382	9848.88	59.1762	9848.88	61.7743	9848.88	63.0522	9848.88	59.0169	9848.88	63.7659	9848.88	66.247	9848.88	63.1387
10196.8	89.9959	10196.8	89.0671	10196.8	89.3796	10196.8	87.3658	10196.8	88.0511	10196.8	86.5125	10196.8	85.9651	10196.8	84.3255	10196.8	83.4495	10196.8	82.2918	10196.8	78.4229	10196.8	78.9479	10196.8	72.6654	10196.8	75.5674	10196.8	77.8329	10196.8	71.6162	10196.8	78.6201	10196.8	70.251	10196.8	76.9267	10196.8	69.9611	10196.8	76.849	10196.8	62.1416	10196.8	76.4731	10196.8	65.0158	10196.8	72.7839	10196.8	68.9498	10196.8	64.1569	10196.8	62.8649	10196.8	59.6861	10196.8	61.3347	10196.8	65.5456	10196.8	59.0025	10196.8	61.7337	10196.8	64.9986	10196.8	64.7353	10196.8	62.4665
10556.4	90.1235	10556.4	88.9417	10556.4	89.5853	10556.4	87.2463	10556.4	88.1204	10556.4	86.4055	10556.4	85.8597	10556.4	83.8823	10556.4	83.3481	10556.4	81.4038	10556.4	76.5632	10556.4	77.324	10556.4	71.84	10556.4	74.5263	10556.4	78.9476	10556.4	69.0836	10556.4	78.4517	10556.4	71.5249	10556.4	75.2642	10556.4	69.5557	10556.4	75.3158	10556.4	37.631	10556.4	75.7215	10556.4	62.8169	10556.4	72.5514	10556.4	64.209	10556.4	63.3797	10556.4	59.4634	10556.4	51.6224	10556.4	66.1445	10556.4	61.7357	10556.4	54.5457	10556.4	57.3235	10556.4	64.2602	10556.4	62.786	10556.4	63.4496
10928.5	89.9879	10928.5	88.7896	10928.5	89.693	10928.5	87.5369	10928.5	88.0706	10928.5	86.523	10928.5	85.5873	10928.5	83.4602	10928.5	83.1313	10928.5	80.7938	10928.5	76.7677	10928.5	77.3871	10928.5	75.6122	10928.5	74.5908	10928.5	78.3294	10928.5	67.817	10928.5	76.4237	10928.5	72.5005	10928.5	74.9931	10928.5	69.5279	10928.5	76.8519	10928.5	56.7104	10928.5	78.0226	10928.5	62.7232	10928.5	75.3483	10928.5	62.2381	10928.5	66.7183	10928.5	63.69	10928.5	42.9559	10928.5	66.3383	10928.5	62.4723	10928.5	62.1819	10928.5	59.2798	10928.5	59.627	10928.5	62.2129	10928.5	62.6828
11313.7	89.7115	11313.7	88.3601	11313.7	89.6518	11313.7	87.389	11313.7	88.0137	11313.7	86.296	11313.7	85.4388	11313.7	83.0588	11313.7	82.9253	11313.7	81.0044	11313.7	77.5951	11313.7	77.9419	11313.7	76.8869	11313.7	74.6252	11313.7	78.2768	11313.7	67.6308	11313.7	76.2484	11313.7	72.4497	11313.7	76.7857	11313.7	69.7436	11313.7	77.5219	11313.7	55.8518	11313.7	77.359	11313.7	61.8979	11313.7	73.9134	11313.7	62.3898	11313.7	66.8802	11313.7	65.0976	11313.7	59.0013	11313.7	64.1997	11313.7	61.1728	11313.7	62.5674	11313.7	62.1805	11313.7	52.5936	11313.7	61.6058	11313.7	62.9617
11712.9	89.4817	11712.9	88.0799	11712.9	89.8699	11712.9	87.1305	11712.9	88.6366	11712.9	85.5393	11712.9	86.3301	11712.9	82.951	11712.9	84.0549	11712.9	81.2439	11712.9	78.9574	11712.9	77.5947	11712.9	78.2309	11712.9	73.3839	11712.9	79.1349	11712.9	62.3319	11712.9	78.1911	11712.9	71.4584	11712.9	78.5063	11712.9	66.772	11712.9	78.8151	11712.9	60.6296	11712.9	78.1657	11712.9	60.0077	11712.9	73.6748	11712.9	62.7371	11712.9	54.4633	11712.9	68.9173	11712.9	61.4205	11712.9	65.2824	11712.9	62.223	11712.9	61.5782	11712.9	52.4502	11712.9	54.7046	11712.9	60.9819	11712.9	61.511
12126	89.6628	12126	88.1845	12126	90.2398	12126	86.931	12126	89.0587	12126	85.2762	12126	86.8347	12126	83.2266	12126	84.8636	12126	80.0561	12126	80.7718	12126	77.0506	12126	80.1851	12126	72.0114	12126	79.5723	12126	61.4676	12126	76.8857	12126	71.0414	12126	77.4695	12126	64.4989	12126	79.4229	12126	62.8325	12126	79.1614	12126	46.867	12126	74.9233	12126	60.3212	12126	60.0944	12126	68.6366	12126	51.42	12126	65.8285	12126	62.1076	12126	52.2965	12126	59.7502	12126	54.7165	12126	62.2535	12126	59.4622
12553.7	89.7087	12553.7	88.1942	12553.7	90.4733	12553.7	87.1688	12553.7	89.3742	12553.7	85.8189	12553.7	87.3438	12553.7	83.0149	12553.7	85.5489	12553.7	79.7955	12553.7	81.4981	12553.7	78.0405	12553.7	80.1552	12553.7	70.9316	12553.7	78.0099	12553.7	67.2273	12553.7	74.8976	12553.7	71.9762	12553.7	77.7135	12553.7	67.1899	12553.7	79.4891	12553.7	65.6232	12553.7	79.1339	12553.7	58.0624	12553.7	75.3104	12553.7	62.5794	12553.7	61.5168	12553.7	69.4049	12553.7	59.933	12553.7	66.7619	12553.7	56.0456	12553.7	57.3712	12553.7	54.9137	12553.7	58.3125	12553.7	63.4756	12553.7	56.1891
12996.1	89.8427	12996.1	88.551	12996.1	90.5581	12996.1	87.575	12996.1	89.5257	12996.1	85.6922	12996.1	87.6575	12996.1	82.5526	12996.1	85.814	12996.1	80.6525	12996.1	81.6	12996.1	78.2927	12996.1	78.7438	12996.1	72.4972	12996.1	76.1728	12996.1	67.4629	12996.1	74.6684	12996.1	70.619	12996.1	77.3672	12996.1	65.1583	12996.1	80.4534	12996.1	63.7642	12996.1	81.4896	12996.1	58.7258	12996.1	77.8983	12996.1	64.1743	12996.1	67.0506	12996.1	70.9357	12996.1	48.1936	12996.1	69.237	12996.1	49.6723	12996.1	62.9974	12996.1	48.9831	12996.1	59.4636	12996.1	62.1648	12996.1	59.1596
13454.6	89.8749	13454.6	88.8452	13454.6	90.4254	13454.6	87.6756	13454.6	89.2947	13454.6	85.5581	13454.6	87.7454	13454.6	83.4514	13454.6	86.0149	13454.6	80.6339	13454.6	81.5688	13454.6	78.034	13454.6	78.9674	13454.6	72.1408	13454.6	74.3665	13454.6	65.6498	13454.6	71.673	13454.6	69.8478	13454.6	76.4444	13454.6	63.8624	13454.6	80.4664	13454.6	66.1622	13454.6	82.1138	13454.6	60.0267	13454.6	78.9323	13454.6	61.5505	13454.6	66.2665	13454.6	71.3392	13454.6	59.8556	13454.6	70.859	13454.6	51.8177	13454.6	63.9782	13454.6	58.1464	13454.6	55.6629	13454.6	62.8074	13454.6	60.9111
13928.5	89.8422	13928.5	88.848	13928.5	90.088	13928.5	87.5774	13928.5	88.9755	13928.5	86.2772	13928.5	87.9645	13928.5	83.9205	13928.5	86.0501	13928.5	80.3037	13928.5	81.7115	13928.5	79.2708	13928.5	78.5924	13928.5	71.9614	13928.5	74.1617	13928.5	69.9669	13928.5	70.2827	13928.5	70.7122	13928.5	72.7838	13928.5	64.7219	13928.5	77.9359	13928.5	66.2621	13928.5	80.5538	13928.5	62.4552	13928.5	77.8485	13928.5	61.9103	13928.5	66.9227	13928.5	69.8123	13928.5	52.7231	13928.5	70.9331	13928.5	55.4992	13928.5	63.4284	13928.5	55.6892	13928.5	48.938	13928.5	62.2685	13928.5	61.4971
14419.9	89.6291	14419.9	88.7281	14419.9	89.6863	14419.9	87.6719	14419.9	88.5394	14419.9	86.386	14419.9	87.4532	14419.9	83.0422	14419.9	85.6212	14419.9	80.8551	14419.9	81.0919	14419.9	79.341	14419.9	77.3491	14419.9	72.8909	14419.9	72.9062	14419.9	69.9656	14419.9	68.3168	14419.9	70.2492	14419.9	72.9976	14419.9	65.8407	14419.9	79.1489	14419.9	63.0495	14419.9	81.7733	14419.9	62.6076	14419.9	79.2187	14419.9	63.6534	14419.9	69.3421	14419.9	68.1885	14419.9	40.7444	14419.9	68.4902	14419.9	45.2637	14419.9	64.6329	14419.9	45.0717	14419.9	58.6985	14419.9	61.7687	14419.9	60.7041
14928.2	89.4015	14928.2	88.4953	14928.2	89.4234	14928.2	87.5935	14928.2	88.1142	14928.2	86.0378	14928.2	86.9227	14928.2	83.0934	14928.2	84.7789	14928.2	81.1951	14928.2	79.8011	14928.2	78.6788	14928.2	76.183	14928.2	71.5332	14928.2	72.3223	14928.2	65.4488	14928.2	66.5815	14928.2	68.5285	14928.2	69.993	14928.2	61.6689	14928.2	76.9704	14928.2	65.1304	14928.2	79.937	14928.2	62.7338	14928.2	77.2545	14928.2	60.9839	14928.2	67.3724	14928.2	67.9083	14928.2	49.9955	14928.2	69.3009	14928.2	51.715	14928.2	67.3654	14928.2	50.5192	14928.2	62.2649	14928.2	62.6477	14928.2	61.7034
15454.8	89.5369	15454.8	88.5814	15454.8	89.3467	15454.8	87.3949	15454.8	87.8111	15454.8	85.6972	15454.8	86.6473	15454.8	83.2557	15454.8	84.2	15454.8	80.6572	15454.8	78.6942	15454.8	78.602	15454.8	75.9778	15454.8	70.514	15454.8	71.142	15454.8	67.7218	15454.8	63.1833	15454.8	67.2487	15454.8	70.3582	15454.8	61.2058	15454.8	77.5801	15454.8	65.2254	15454.8	80.4452	15454.8	63.1593	15454.8	77.8235	15454.8	58.531	15454.8	67.5816	15454.8	65.6751	15454.8	50.4954	15454.8	66.6848	15454.8	52.9698	15454.8	66.2408	15454.8	55.7169	15454.8	63.0841	15454.8	61.7936	15454.8	61.5259
15999.8	89.6133	15999.8	88.7986	15999.8	89.357	15999.8	87.4377	15999.8	87.9163	15999.8	85.5458	15999.8	86.3707	15999.8	82.5619	15999.8	83.0289	15999.8	79.9371	15999.8	76.9885	15999.8	77.8736	15999.8	74.3397	15999.8	69.5007	15999.8	69.5942	15999.8	66.0742	15999.8	62.2234	15999.8	64.968	15999.8	68.4363	15999.8	57.2737	15999.8	76.5282	15999.8	63.1669	15999.8	79.9519	15999.8	62.2505	15999.8	77.27	15999.8	57.5337	15999.8	66.9679	15999.8	61.8838	15999.8	42.6086	15999.8	64.2152	15999.8	49.7174	15999.8	64.0957	15999.8	52.5757	15999.8	61.5218	15999.8	62.0187	15999.8	62.9971
16564.5	89.8134	16564.5	89.0486	16564.5	89.496	16564.5	87.4091	16564.5	87.9485	16564.5	85.0926	16564.5	85.9913	16564.5	81.8932	16564.5	82.129	16564.5	78.7986	16564.5	75.8021	16564.5	76.2081	16564.5	72.6845	16564.5	67.3335	16564.5	67.3747	16564.5	65.0835	16564.5	58.0574	16564.5	62.2358	16564.5	67.5726	16564.5	54.966	16564.5	76.0178	16564.5	61.8523	16564.5	79.9504	16564.5	59.7102	16564.5	77.0795	16564.5	56.0146	16564.5	66.1868	16564.5	60.9717	16564.5	53.6209	16564.5	62.4611	16564.5	55.1362	16564.5	63.3527	16564.5	52.5014	16564.5	61.1522	16564.5	62.6711	16564.5	64.1302
17148.2	90.1028	17148.2	89.1835	17148.2	89.7265	17148.2	87.2305	17148.2	87.8692	17148.2	84.6281	17148.2	85.5443	17148.2	80.8669	17148.2	81.313	17148.2	77.1775	17148.2	74.8606	17148.2	74.5677	17148.2	71.0178	17148.2	66.2462	17148.2	65.7148	17148.2	63.6525	17148.2	54.8448	17148.2	60.3856	17148.2	66.5619	17148.2	51.6665	17148.2	75.322	17148.2	58.5995	17148.2	79.4805	17148.2	56.9884	17148.2	76.649	17148.2	52.3498	17148.2	65.4628	17148.2	57.7532	17148.2	54.7919	17148.2	61.6492	17148.2	55.0747	17148.2	63.2207	17148.2	54.4246	17148.2	61.3829	17148.2	62.7544	17148.2	64.2679
17753.2	90.23	17753.2	89.1932	17753.2	89.9569	17753.2	87.0158	17753.2	87.9491	17753.2	84.2051	17753.2	85.2533	17753.2	79.7546	17753.2	80.4424	17753.2	75.7211	17753.2	73.2485	17753.2	73.1837	17753.2	68.6984	17753.2	63.467	17753.2	64.2291	17753.2	60.7995	17753.2	43.1724	17753.2	60.3036	17753.2	65.2115	17753.2	50.6695	17753.2	74.335	17753.2	55.9444	17753.2	78.9336	17753.2	53.9925	17753.2	76.2066	17753.2	47.7125	17753.2	65.1765	17753.2	50.3414	17753.2	56.5226	17753.2	60.7467	17753.2	52.7898	17753.2	63.1856	17753.2	55.5961	17753.2	61.2113	17753.2	62.9066	17753.2	64.7737
18379.4	90.4716	18379.4	89.3081	18379.4	90.0784	18379.4	86.8839	18379.4	87.8296	18379.4	83.9743	18379.4	85.0728	18379.4	78.7463	18379.4	79.7413	18379.4	75.2971	18379.4	71.4021	18379.4	71.1608	18379.4	66.4924	18379.4	61.2993	18379.4	62.8	18379.4	58.3897	18379.4	48.1919	18379.4	60.0373	18379.4	64.7384	18379.4	42.3906	18379.4	73.4747	18379.4	56.8816	18379.4	78.5683	18379.4	48.3508	18379.4	76.0306	18379.4	47.6136	18379.4	64.9426	18379.4	45.082	18379.4	57.9126	18379.4	60.2614	18379.4	55.7714	18379.4	60.6433	18379.4	55.0531	18379.4	58.9689	18379.4	63.8493	18379.4	65.9653
19027.6	90.2506	19027.6	88.9697	19027.6	89.947	19027.6	86.6766	19027.6	87.6204	19027.6	83.5722	19027.6	84.6844	19027.6	77.5048	19027.6	78.6731	19027.6	74.1774	19027.6	71.8321	19027.6	68.296	19027.6	66.5634	19027.6	58.6885	19027.6	63.2054	19027.6	49.8096	19027.6	55.7528	19027.6	58.4268	19027.6	64.3854	19027.6	46.079	19027.6	73.6749	19027.6	55.0657	19027.6	79.0098	19027.6	49.8236	19027.6	76.6608	19027.6	40.9063	19027.6	64.2971	19027.6	50.0071	19027.6	60.6424	19027.6	60.8661	19027.6	57.4838	19027.6	59.4384	19027.6	55.0414	19027.6	58.0282	19027.6	63.8437	19027.6	66.6814
19698.5	89.9008	19698.5	88.615	19698.5	89.4955	19698.5	86.2809	19698.5	87.1627	19698.5	82.8402	19698.5	84.1294	19698.5	76.2464	19698.5	78.0053	19698.5	73.0008	19698.5	71.4875	19698.5	65.5853	19698.5	64.765	19698.5	52.8989	19698.5	63.5556	19698.5	50.2603	19698.5	56.8574	19698.5	56.8123	19698.5	65.2759	19698.5	49.2214	19698.5	72.9877	19698.5	52.8105	19698.5	78.7074	19698.5	53.5509	19698.5	76.6799	19698.5	50.5748	19698.5	63.1619	19698.5	52.0638	19698.5	61.2099	19698.5	61.7005	19698.5	58.7248	19698.5	56.7405	19698.5	52.6939	19698.5	55.9587	19698.5	63.4037	19698.5	66.7772
19999.5	89.6921	19999.5	88.4098	19999.5	89.168	19999.5	86.011	19999.5	86.5614	19999.5	82.5935	19999.5	83.495	19999.5	75.1561	19999.5	76.9282	19999.5	72.3248	19999.5	71.8485	19999.5	63.1834	19999.5	62.5648	19999.5	53.6707	19999.5	65.328	19999.5	50.0073	19999.5	50.4008	19999.5	54.778	19999.5	65.2164	19999.5	54.8259	19999.5	72.424	19999.5	55.6961	19999.5	77.9858	19999.5	52.4983	19999.5	75.6542	19999.5	52.6287	19999.5	59.7397	19999.5	56.1022	19999.5	59.3961	19999.5	61.5342	19999.5	61.9198	19999.5	57.8383	19999.5	53.9918	19999.5	59.8146	19999.5	63.2623	19999.5	66.7687
