"SPL Horizontal"																																																																							
"On-Axis"		"10°"		"-10°"		"20°"		"-20°"		"30°"		"-30°"		"40°"		"-40°"		"50°"		"-50°"		"60°"		"-60°"		"70°"		"-70°"		"80°"		"-80°"		"90°"		"-90°"		"100°"		"-100°"		"110°"		"-110°"		"120°"		"-120°"		"130°"		"-130°"		"140°"		"-140°"		"150°"		"-150°"		"160°"		"-160°"		"170°"		"-170°"		"180°"	
"Frequency / Hz"	"Sound Pressure Level / dB (re 20 µPa)  [2.83V at 1m]"	"Frequency / Hz"	"Sound Pressure Level / dB (re 20 µPa)  [2.83V at 1m]"	"Frequency / Hz"	"Sound Pressure Level / dB (re 20 µPa)  [2.83V at 1m]"	"Frequency / Hz"	"Sound Pressure Level / dB (re 20 µPa)  [2.83V at 1m]"	"Frequency / Hz"	"Sound Pressure Level / dB (re 20 µPa)  [2.83V at 1m]"	"Frequency / Hz"	"Sound Pressure Level / dB (re 20 µPa)  [2.83V at 1m]"	"Frequency / Hz"	"Sound Pressure Level / dB (re 20 µPa)  [2.83V at 1m]"	"Frequency / Hz"	"Sound Pressure Level / dB (re 20 µPa)  [2.83V at 1m]"	"Frequency / Hz"	"Sound Pressure Level / dB (re 20 µPa)  [2.83V at 1m]"	"Frequency / Hz"	"Sound Pressure Level / dB (re 20 µPa)  [2.83V at 1m]"	"Frequency / Hz"	"Sound Pressure Level / dB (re 20 µPa)  [2.83V at 1m]"	"Frequency / Hz"	"Sound Pressure Level / dB (re 20 µPa)  [2.83V at 1m]"	"Frequency / Hz"	"Sound Pressure Level / dB (re 20 µPa)  [2.83V at 1m]"	"Frequency / Hz"	"Sound Pressure Level / dB (re 20 µPa)  [2.83V at 1m]"	"Frequency / Hz"	"Sound Pressure Level / dB (re 20 µPa)  [2.83V at 1m]"	"Frequency / Hz"	"Sound Pressure Level / dB (re 20 µPa)  [2.83V at 1m]"	"Frequency / Hz"	"Sound Pressure Level / dB (re 20 µPa)  [2.83V at 1m]"	"Frequency / Hz"	"Sound Pressure Level / dB (re 20 µPa)  [2.83V at 1m]"	"Frequency / Hz"	"Sound Pressure Level / dB (re 20 µPa)  [2.83V at 1m]"	"Frequency / Hz"	"Sound Pressure Level / dB (re 20 µPa)  [2.83V at 1m]"	"Frequency / Hz"	"Sound Pressure Level / dB (re 20 µPa)  [2.83V at 1m]"	"Frequency / Hz"	"Sound Pressure Level / dB (re 20 µPa)  [2.83V at 1m]"	"Frequency / Hz"	"Sound Pressure Level / dB (re 20 µPa)  [2.83V at 1m]"	"Frequency / Hz"	"Sound Pressure Level / dB (re 20 µPa)  [2.83V at 1m]"	"Frequency / Hz"	"Sound Pressure Level / dB (re 20 µPa)  [2.83V at 1m]"	"Frequency / Hz"	"Sound Pressure Level / dB (re 20 µPa)  [2.83V at 1m]"	"Frequency / Hz"	"Sound Pressure Level / dB (re 20 µPa)  [2.83V at 1m]"	"Frequency / Hz"	"Sound Pressure Level / dB (re 20 µPa)  [2.83V at 1m]"	"Frequency / Hz"	"Sound Pressure Level / dB (re 20 µPa)  [2.83V at 1m]"	"Frequency / Hz"	"Sound Pressure Level / dB (re 20 µPa)  [2.83V at 1m]"	"Frequency / Hz"	"Sound Pressure Level / dB (re 20 µPa)  [2.83V at 1m]"	"Frequency / Hz"	"Sound Pressure Level / dB (re 20 µPa)  [2.83V at 1m]"	"Frequency / Hz"	"Sound Pressure Level / dB (re 20 µPa)  [2.83V at 1m]"	"Frequency / Hz"	"Sound Pressure Level / dB (re 20 µPa)  [2.83V at 1m]"	"Frequency / Hz"	"Sound Pressure Level / dB (re 20 µPa)  [2.83V at 1m]"	"Frequency / Hz"	"Sound Pressure Level / dB (re 20 µPa)  [2.83V at 1m]"
20.5078	53.7146	20.5078	53.8602	20.5078	53.5941	20.5078	54.0334	20.5078	53.5009	20.5078	54.2391	20.5078	53.4428	20.5078	54.4826	20.5078	53.4328	20.5078	54.767	20.5078	53.487	20.5078	55.091	20.5078	53.6207	20.5078	55.4486	20.5078	53.8429	20.5078	55.8285	20.5078	54.152	20.5078	56.2159	20.5078	54.5347	20.5078	56.5944	20.5078	54.9685	20.5078	56.9478	20.5078	55.4268	20.5078	57.2613	20.5078	55.8844	20.5078	57.5229	20.5078	56.3208	20.5078	57.7226	20.5078	56.7212	20.5078	57.8531	20.5078	57.0754	20.5078	57.9088	20.5078	57.3758	20.5078	57.887	20.5078	57.6156	20.5078	57.788
21.2402	52.3751	21.2402	52.4681	21.2402	52.3193	21.2402	52.5972	21.2402	52.3088	21.2402	52.7669	21.2402	52.3575	21.2402	52.9842	21.2402	52.4832	21.2402	53.2557	21.2402	52.7017	21.2402	53.5844	21.2402	53.0204	21.2402	53.9675	21.2402	53.4341	21.2402	54.3958	21.2402	53.9244	21.2402	54.855	21.2402	54.463	21.2402	55.3276	21.2402	55.0188	21.2402	55.7955	21.2402	55.5625	21.2402	56.241	21.2402	56.0704	21.2402	56.6481	21.2402	56.5249	21.2402	57.0024	21.2402	56.9135	21.2402	57.2909	21.2402	57.2278	21.2402	57.5026	21.2402	57.4612	21.2402	57.629	21.2402	57.6081	21.2402	57.6646
21.9727	54.8984	21.9727	54.981	21.9727	54.8471	21.9727	55.0951	21.9727	54.8312	21.9727	55.2445	21.9727	54.8592	21.9727	55.4345	21.9727	54.9424	21.9727	55.6698	21.9727	55.0926	21.9727	55.9525	21.9727	55.3184	21.9727	56.2804	21.9727	55.6213	21.9727	56.646	21.9727	55.994	21.9727	57.0379	21.9727	56.4209	21.9727	57.4415	21.9727	56.8806	21.9727	57.8409	21.9727	57.3492	21.9727	58.2207	21.9727	57.8043	21.9727	58.5664	21.9727	58.226	21.9727	58.8649	21.9727	58.5982	21.9727	59.1044	21.9727	58.908	21.9727	59.2749	21.9727	59.1456	21.9727	59.368	21.9727	59.3039	21.9727	59.3784
22.7051	56.1713	22.7051	56.1932	22.7051	56.1679	22.7051	56.2354	22.7051	56.1855	22.7051	56.3034	22.7051	56.2307	22.7051	56.4055	22.7051	56.3131	22.7051	56.5504	22.7051	56.4432	22.7051	56.7449	22.7051	56.6299	22.7051	56.9918	22.7051	56.8771	22.7051	57.2882	22.7051	57.182	22.7051	57.6252	22.7051	57.5342	22.7051	57.989	22.7051	57.9175	22.7051	58.3632	22.7051	58.3122	22.7051	58.7302	22.7051	58.698	22.7051	59.0734	22.7051	59.0562	22.7051	59.3777	22.7051	59.3709	22.7051	59.6301	22.7051	59.629	22.7051	59.8194	22.7051	59.8205	22.7051	59.937	22.7051	59.9381	22.7051	59.9773
23.4375	57.6468	23.4375	57.6579	23.4375	57.6462	23.4375	57.6826	23.4375	57.6554	23.4375	57.7266	23.4375	57.6764	23.4375	57.7964	23.4375	57.7141	23.4375	57.8987	23.4375	57.7751	23.4375	58.039	23.4375	57.8671	23.4375	58.2196	23.4375	57.9968	23.4375	58.4394	23.4375	58.1682	23.4375	58.6928	23.4375	58.3814	23.4375	58.9704	23.4375	58.6315	23.4375	59.2593	23.4375	58.909	23.4375	59.545	23.4375	59.2009	23.4375	59.8123	23.4375	59.492	23.4375	60.0467	23.4375	59.7668	23.4375	60.2346	23.4375	60.0101	23.4375	60.365	23.4375	60.208	23.4375	60.4296	23.4375	60.3489	23.4375	60.4243
24.1699	59.1699	24.1699	59.2334	24.1699	59.1261	24.1699	59.3181	24.1699	59.1024	24.1699	59.4272	24.1699	59.1014	24.1699	59.5637	24.1699	59.1278	24.1699	59.7301	24.1699	59.1879	24.1699	59.9267	24.1699	59.2879	24.1699	60.1511	24.1699	59.4325	24.1699	60.3977	24.1699	59.6235	24.1699	60.6586	24.1699	59.8581	24.1699	60.9235	24.1699	60.1292	24.1699	61.1818	24.1699	60.4252	24.1699	61.4228	24.1699	60.732	24.1699	61.6365	24.1699	61.0342	24.1699	61.8139	24.1699	61.3169	24.1699	61.9471	24.1699	61.5666	24.1699	62.0292	24.1699	61.7723	24.1699	62.0546	24.1699	61.9253	24.1699	62.0202
25.6348	61.8478	25.6348	61.8744	25.6348	61.8304	25.6348	61.9106	25.6348	61.8234	25.6348	61.958	25.6348	61.8296	25.6348	62.019	25.6348	61.8527	25.6348	62.0966	25.6348	61.8973	25.6348	62.1937	25.6348	61.9681	25.6348	62.3119	25.6348	62.0685	25.6348	62.4515	25.6348	62.2	25.6348	62.6103	25.6348	62.3609	25.6348	62.7841	25.6348	62.5463	25.6348	62.9663	25.6348	62.7482	25.6348	63.1489	25.6348	62.9562	25.6348	63.3227	25.6348	63.159	25.6348	63.4781	25.6348	63.3454	25.6348	63.6061	25.6348	63.5055	25.6348	63.6987	25.6348	63.631	25.6348	63.7499	25.6348	63.7158	25.6348	63.7559
26.3672	62.7109	26.3672	62.742	26.3672	62.689	26.3672	62.7828	26.3672	62.6771	26.3672	62.8352	26.3672	62.6774	26.3672	62.9015	26.3672	62.6931	26.3672	62.9844	26.3672	62.7283	26.3672	63.086	26.3672	62.7872	26.3672	63.2073	26.3672	62.8732	26.3672	63.3477	26.3672	62.9881	26.3672	63.5043	26.3672	63.131	26.3672	63.672	26.3672	63.2982	26.3672	63.8441	26.3672	63.4831	26.3672	64.0123	26.3672	63.6771	26.3672	64.1679	26.3672	63.8699	26.3672	64.3024	26.3672	64.0514	26.3672	64.4078	26.3672	64.212	26.3672	64.4777	26.3672	64.3434	26.3672	64.5075	26.3672	64.4392	26.3672	64.4947
27.0996	64.1396	27.0996	64.1799	27.0996	64.1147	27.0996	64.2357	27.0996	64.1061	27.0996	64.3073	27.0996	64.1155	27.0996	64.3955	27.0996	64.145	27.0996	64.501	27.0996	64.1972	27.0996	64.6237	27.0996	64.2742	27.0996	64.7626	27.0996	64.3775	27.0996	64.915	27.0996	64.5067	27.0996	65.0772	27.0996	64.6596	27.0996	65.2435	27.0996	64.8316	27.0996	65.4078	27.0996	65.0161	27.0996	65.5631	27.0996	65.2049	27.0996	65.7026	27.0996	65.3893	27.0996	65.8199	27.0996	65.5604	27.0996	65.9097	27.0996	65.7103	27.0996	65.9672	27.0996	65.8323	27.0996	65.9894	27.0996	65.9213	27.0996	65.9742
27.832	65.9834	27.832	66.0134	27.832	65.9728	27.832	66.0621	27.832	65.9822	27.832	66.1292	27.832	66.0126	27.832	66.2143	27.832	66.0649	27.832	66.317	27.832	66.14	27.832	66.4362	27.832	66.238	27.832	66.5703	27.832	66.3584	27.832	66.7167	27.832	66.4993	27.832	66.8721	27.832	66.6573	27.832	67.032	27.832	66.8276	27.832	67.1913	27.832	67.004	27.832	67.3444	27.832	67.1794	27.832	67.4856	27.832	67.3462	27.832	67.609	27.832	67.497	27.832	67.709	27.832	67.6252	27.832	67.7807	27.832	67.7249	27.832	67.82	27.832	67.7921	27.832	67.8241
29.2969	67.9549	29.2969	67.9798	29.2969	67.9416	29.2969	68.0161	29.2969	67.9403	29.2969	68.0636	29.2969	67.9517	29.2969	68.1223	29.2969	67.9764	29.2969	68.1921	29.2969	68.0152	29.2969	68.2724	29.2969	68.0688	29.2969	68.3626	29.2969	68.1375	29.2969	68.4612	29.2969	68.2208	29.2969	68.566	29.2969	68.3177	29.2969	68.6744	29.2969	68.426	29.2969	68.7828	29.2969	68.5427	29.2969	68.887	29.2969	68.6635	29.2969	68.9827	29.2969	68.7837	29.2969	69.0652	29.2969	68.8975	29.2969	69.1301	29.2969	68.9994	29.2969	69.1731	29.2969	69.0838	29.2969	69.1912	29.2969	69.1459	29.2969	69.1822
30.0293	68.8499	30.0293	68.8768	30.0293	68.8299	30.0293	68.9103	30.0293	68.8174	30.0293	68.9502	30.0293	68.8132	30.0293	68.9965	30.0293	68.8184	30.0293	69.0489	30.0293	68.8341	30.0293	69.1074	30.0293	68.8616	30.0293	69.1714	30.0293	68.9018	30.0293	69.2402	30.0293	68.9555	30.0293	69.3124	30.0293	69.0224	30.0293	69.3864	30.0293	69.1014	30.0293	69.4599	30.0293	69.1903	30.0293	69.5303	30.0293	69.2854	30.0293	69.5947	30.0293	69.3822	30.0293	69.6499	30.0293	69.4755	30.0293	69.6926	30.0293	69.5599	30.0293	69.7195	30.0293	69.6305	30.0293	69.7281	30.0293	69.6835	30.0293	69.7163
31.4941	70.6975	31.4941	70.7065	31.4941	70.6936	31.4941	70.7208	31.4941	70.6949	31.4941	70.7404	31.4941	70.7019	31.4941	70.7657	31.4941	70.7151	31.4941	70.7969	31.4941	70.7352	31.4941	70.8339	31.4941	70.7629	31.4941	70.8764	31.4941	70.7988	31.4941	70.9239	31.4941	70.8428	31.4941	70.975	31.4941	70.8946	31.4941	71.0284	31.4941	70.9529	31.4941	71.0825	31.4941	71.0157	31.4941	71.1355	31.4941	71.0803	31.4941	71.1856	31.4941	71.1433	31.4941	71.231	31.4941	71.2012	31.4941	71.2696	31.4941	71.2505	31.4941	71.299	31.4941	71.2883	31.4941	71.3172	31.4941	71.3125	31.4941	71.322
32.2266	71.8157	32.2266	71.8235	32.2266	71.8128	32.2266	71.8363	32.2266	71.815	32.2266	71.854	32.2266	71.8226	32.2266	71.8764	32.2266	71.8358	32.2266	71.9034	32.2266	71.8548	32.2266	71.9346	32.2266	71.8797	32.2266	71.9695	32.2266	71.9106	32.2266	72.0074	32.2266	71.9472	32.2266	72.0472	32.2266	71.9888	32.2266	72.0879	32.2266	72.0341	32.2266	72.1281	32.2266	72.0813	32.2266	72.1666	32.2266	72.1283	32.2266	72.202	32.2266	72.1726	32.2266	72.2329	32.2266	72.2118	32.2266	72.258	32.2266	72.2439	32.2266	72.2763	32.2266	72.2678	32.2266	72.2868	32.2266	72.2828	32.2266	72.2891
33.6914	73.7929	33.6914	73.7946	33.6914	73.795	33.6914	73.8004	33.6914	73.801	33.6914	73.81	33.6914	73.8107	33.6914	73.8234	33.6914	73.824	33.6914	73.8404	33.6914	73.8408	33.6914	73.8608	33.6914	73.8608	33.6914	73.8844	33.6914	73.8837	33.6914	73.9105	33.6914	73.9091	33.6914	73.9386	33.6914	73.9365	33.6914	73.9679	33.6914	73.9651	33.6914	73.9974	33.6914	73.9941	33.6914	74.026	33.6914	74.0222	33.6914	74.0525	33.6914	74.0484	33.6914	74.0757	33.6914	74.0715	33.6914	74.0945	33.6914	74.0907	33.6914	74.1081	33.6914	74.1053	33.6914	74.1161	33.6914	74.1145	33.6914	74.1182
34.4238	74.8539	34.4238	74.8512	34.4238	74.8587	34.4238	74.8506	34.4238	74.8655	34.4238	74.8523	34.4238	74.8741	34.4238	74.8563	34.4238	74.8844	34.4238	74.8627	34.4238	74.8964	34.4238	74.8715	34.4238	74.9099	34.4238	74.8826	34.4238	74.9248	34.4238	74.8958	34.4238	74.9408	34.4238	74.9109	34.4238	74.9578	34.4238	74.9276	34.4238	74.9752	34.4238	74.9454	34.4238	74.9927	34.4238	74.9638	34.4238	75.0094	34.4238	74.9821	34.4238	75.0245	34.4238	74.9999	34.4238	75.0371	34.4238	75.0162	34.4238	75.0465	34.4238	75.0304	34.4238	75.0519	34.4238	75.0417	34.4238	75.0528	34.4238	75.0493
35.8887	76.316	35.8887	76.3172	35.8887	76.3177	35.8887	76.3214	35.8887	76.3222	35.8887	76.3287	35.8887	76.3294	35.8887	76.339	35.8887	76.3393	35.8887	76.3524	35.8887	76.3517	35.8887	76.3687	35.8887	76.3666	35.8887	76.3877	35.8887	76.3839	35.8887	76.4091	35.8887	76.4037	35.8887	76.4324	35.8887	76.4256	35.8887	76.457	35.8887	76.4493	35.8887	76.4822	35.8887	76.4742	35.8887	76.507	35.8887	76.4993	35.8887	76.5304	35.8887	76.5237	35.8887	76.5515	35.8887	76.546	35.8887	76.569	35.8887	76.565	35.8887	76.5821	35.8887	76.5796	35.8887	76.59	35.8887	76.5888	35.8887	76.5924
37.3535	77.5391	37.3535	77.5496	37.3535	77.5301	37.3535	77.5615	37.3535	77.5226	37.3535	77.5746	37.3535	77.517	37.3535	77.5887	37.3535	77.5133	37.3535	77.6037	37.3535	77.5119	37.3535	77.6192	37.3535	77.513	37.3535	77.635	37.3535	77.5169	37.3535	77.6506	37.3535	77.524	37.3535	77.6656	37.3535	77.5345	37.3535	77.6796	37.3535	77.5483	37.3535	77.6919	37.3535	77.5652	37.3535	77.7021	37.3535	77.5846	37.3535	77.7097	37.3535	77.6055	37.3535	77.7141	37.3535	77.6269	37.3535	77.7151	37.3535	77.6476	37.3535	77.7125	37.3535	77.6666	37.3535	77.7062	37.3535	77.683	37.3535	77.6963
38.8184	78.7961	38.8184	78.7994	38.8184	78.793	38.8184	78.8027	38.8184	78.7902	38.8184	78.8058	38.8184	78.7878	38.8184	78.8085	38.8184	78.7858	38.8184	78.8105	38.8184	78.7842	38.8184	78.8118	38.8184	78.7831	38.8184	78.8122	38.8184	78.7824	38.8184	78.8118	38.8184	78.7821	38.8184	78.8106	38.8184	78.7823	38.8184	78.8088	38.8184	78.7829	38.8184	78.8067	38.8184	78.7839	38.8184	78.8044	38.8184	78.7853	38.8184	78.8022	38.8184	78.7868	38.8184	78.8	38.8184	78.7884	38.8184	78.7982	38.8184	78.79	38.8184	78.7965	38.8184	78.7914	38.8184	78.7951	38.8184	78.7927	38.8184	78.7939
39.5508	79.4854	39.5508	79.497	39.5508	79.4759	39.5508	79.5102	39.5508	79.4686	39.5508	79.5246	39.5508	79.4638	39.5508	79.5398	39.5508	79.4617	39.5508	79.5555	39.5508	79.4623	39.5508	79.5711	39.5508	79.4655	39.5508	79.5863	39.5508	79.4714	39.5508	79.6008	39.5508	79.4799	39.5508	79.6142	39.5508	79.4907	39.5508	79.6263	39.5508	79.5037	39.5508	79.6366	39.5508	79.5185	39.5508	79.6448	39.5508	79.5349	39.5508	79.6505	39.5508	79.5522	39.5508	79.6534	39.5508	79.5699	39.5508	79.653	39.5508	79.5874	39.5508	79.6493	39.5508	79.6041	39.5508	79.6422	39.5508	79.6192	39.5508	79.632
41.0156	80.5798	41.0156	80.5861	41.0156	80.5738	41.0156	80.5925	41.0156	80.5683	41.0156	80.5989	41.0156	80.5632	41.0156	80.605	41.0156	80.5588	41.0156	80.6105	41.0156	80.5549	41.0156	80.6154	41.0156	80.5517	41.0156	80.6195	41.0156	80.5491	41.0156	80.6225	41.0156	80.5472	41.0156	80.6245	41.0156	80.546	41.0156	80.6254	41.0156	80.5456	41.0156	80.625	41.0156	80.5462	41.0156	80.6234	41.0156	80.5479	41.0156	80.6203	41.0156	80.5509	41.0156	80.6158	41.0156	80.5553	41.0156	80.6099	41.0156	80.5612	41.0156	80.6026	41.0156	80.5684	41.0156	80.5943	41.0156	80.5766	41.0156	80.5855
42.4805	81.8691	42.4805	81.8721	42.4805	81.8626	42.4805	81.8715	42.4805	81.8526	42.4805	81.8673	42.4805	81.8394	42.4805	81.8597	42.4805	81.8233	42.4805	81.849	42.4805	81.8047	42.4805	81.8357	42.4805	81.7843	42.4805	81.8202	42.4805	81.7627	42.4805	81.8032	42.4805	81.7408	42.4805	81.7854	42.4805	81.7195	42.4805	81.7675	42.4805	81.6999	42.4805	81.75	42.4805	81.6828	42.4805	81.7335	42.4805	81.6689	42.4805	81.718	42.4805	81.6587	42.4805	81.7038	42.4805	81.6523	42.4805	81.6909	42.4805	81.6496	42.4805	81.6793	42.4805	81.6504	42.4805	81.6691	42.4805	81.6543	42.4805	81.6607
43.9453	82.8095	43.9453	82.8109	43.9453	82.8052	43.9453	82.8093	43.9453	82.7979	43.9453	82.8047	43.9453	82.7879	43.9453	82.7971	43.9453	82.7754	43.9453	82.7867	43.9453	82.7605	43.9453	82.7736	43.9453	82.7436	43.9453	82.7582	43.9453	82.7252	43.9453	82.7408	43.9453	82.7058	43.9453	82.7219	43.9453	82.6861	43.9453	82.7021	43.9453	82.6666	43.9453	82.6821	43.9453	82.6482	43.9453	82.6625	43.9453	82.6314	43.9453	82.6442	43.9453	82.6168	43.9453	82.6278	43.9453	82.605	43.9453	82.6139	43.9453	82.5963	43.9453	82.6028	43.9453	82.5909	43.9453	82.5948	43.9453	82.5888	43.9453	82.5901
45.4102	83.5436	45.4102	83.5427	45.4102	83.5406	45.4102	83.5379	45.4102	83.5339	45.4102	83.5291	45.4102	83.5234	45.4102	83.5166	45.4102	83.5095	45.4102	83.5005	45.4102	83.4925	45.4102	83.4813	45.4102	83.4727	45.4102	83.4593	45.4102	83.4507	45.4102	83.4352	45.4102	83.4271	45.4102	83.4097	45.4102	83.4025	45.4102	83.3839	45.4102	83.3778	45.4102	83.3585	45.4102	83.3538	45.4102	83.3346	45.4102	83.3313	45.4102	83.313	45.4102	83.311	45.4102	83.2945	45.4102	83.2935	45.4102	83.2797	45.4102	83.2793	45.4102	83.269	45.4102	83.2689	45.4102	83.2625	45.4102	83.2626	45.4102	83.2604
47.6074	84.5319	47.6074	84.529	47.6074	84.5292	47.6074	84.5207	47.6074	84.521	47.6074	84.5069	47.6074	84.5077	47.6074	84.488	47.6074	84.4894	47.6074	84.4644	47.6074	84.4665	47.6074	84.4365	47.6074	84.4397	47.6074	84.4052	47.6074	84.4097	47.6074	84.3713	47.6074	84.3771	47.6074	84.3359	47.6074	84.3431	47.6074	84.3002	47.6074	84.3087	47.6074	84.2655	47.6074	84.2749	47.6074	84.2331	47.6074	84.243	47.6074	84.2042	47.6074	84.214	47.6074	84.1797	47.6074	84.1887	47.6074	84.1605	47.6074	84.168	47.6074	84.147	47.6074	84.1524	47.6074	84.1395	47.6074	84.1423	47.6074	84.138
49.0723	85.0525	49.0723	85.0484	49.0723	85.0502	49.0723	85.0378	49.0723	85.0414	49.0723	85.0209	49.0723	85.0264	49.0723	84.9981	49.0723	85.0056	49.0723	84.9699	49.0723	84.9795	49.0723	84.9369	49.0723	84.9488	49.0723	84.9001	49.0723	84.9142	49.0723	84.8605	49.0723	84.8769	49.0723	84.8196	49.0723	84.8379	49.0723	84.7786	49.0723	84.7984	49.0723	84.7392	49.0723	84.7598	49.0723	84.7027	49.0723	84.7233	49.0723	84.6704	49.0723	84.69	49.0723	84.6435	49.0723	84.661	49.0723	84.6228	49.0723	84.637	49.0723	84.6086	49.0723	84.6187	49.0723	84.6012	49.0723	84.6065	49.0723	84.6006
50.5371	85.4772	50.5371	85.4705	50.5371	85.4764	50.5371	85.4565	50.5371	85.4682	50.5371	85.4353	50.5371	85.4528	50.5371	85.4075	50.5371	85.4306	50.5371	85.3737	50.5371	85.4022	50.5371	85.3348	50.5371	85.3683	50.5371	85.2918	50.5371	85.3299	50.5371	85.2462	50.5371	85.2881	50.5371	85.1994	50.5371	85.2441	50.5371	85.153	50.5371	85.1994	50.5371	85.1089	50.5371	85.1554	50.5371	85.0686	50.5371	85.1136	50.5371	85.0336	50.5371	85.0751	50.5371	85.005	50.5371	85.0411	50.5371	84.9837	50.5371	85.0126	50.5371	84.97	50.5371	84.9902	50.5371	84.964	50.5371	84.9744	50.5371	84.9655
52.7344	86.0425	52.7344	86.0361	52.7344	86.0402	52.7344	86.0211	52.7344	86.0295	52.7344	85.9978	52.7344	86.0106	52.7344	85.9666	52.7344	85.9842	52.7344	85.9283	52.7344	85.9508	52.7344	85.8838	52.7344	85.9115	52.7344	85.8345	52.7344	85.8673	52.7344	85.7819	52.7344	85.8194	52.7344	85.7279	52.7344	85.7693	52.7344	85.6743	52.7344	85.7186	52.7344	85.6231	52.7344	85.6687	52.7344	85.5764	52.7344	85.6212	52.7344	85.5357	52.7344	85.5777	52.7344	85.5025	52.7344	85.5394	52.7344	85.4775	52.7344	85.5073	52.7344	85.4613	52.7344	85.4822	52.7344	85.4539	52.7344	85.4646	52.7344	85.4551
54.1992	86.3927	54.1992	86.3885	54.1992	86.3874	54.1992	86.3748	54.1992	86.3727	54.1992	86.3518	54.1992	86.3491	54.1992	86.3201	54.1992	86.3172	54.1992	86.2803	54.1992	86.2778	54.1992	86.2335	54.1992	86.232	54.1992	86.181	54.1992	86.1812	54.1992	86.1245	54.1992	86.1268	54.1992	86.0657	54.1992	86.0705	54.1992	86.0067	54.1992	86.0142	54.1992	85.9496	54.1992	85.9596	54.1992	85.8966	54.1992	85.9084	54.1992	85.8495	54.1992	85.8622	54.1992	85.8099	54.1992	85.8223	54.1992	85.7789	54.1992	85.7897	54.1992	85.7573	54.1992	85.7653	54.1992	85.7452	54.1992	85.7494	54.1992	85.7426
56.3965	86.8144	56.3965	86.8103	56.3965	86.8076	56.3965	86.7953	56.3965	86.7897	56.3965	86.7698	56.3965	86.7612	56.3965	86.7345	56.3965	86.7228	56.3965	86.6904	56.3965	86.6753	56.3965	86.6387	56.3965	86.62	56.3965	86.5808	56.3965	86.5585	56.3965	86.5185	56.3965	86.4927	56.3965	86.4537	56.3965	86.4248	56.3965	86.3884	56.3965	86.357	56.3965	86.3247	56.3965	86.2918	56.3965	86.2647	56.3965	86.2316	56.3965	86.2101	56.3965	86.1784	56.3965	86.1626	56.3965	86.134	56.3965	86.1232	56.3965	86.0997	56.3965	86.0931	56.3965	86.0763	56.3965	86.0729	56.3965	86.0641	56.3965	86.0631
58.5938	87.2055	58.5938	87.187	58.5938	87.2114	58.5938	87.1564	58.5938	87.2045	58.5938	87.1143	58.5938	87.1851	58.5938	87.0617	58.5938	87.1536	58.5938	86.9999	58.5938	87.1107	58.5938	86.9305	58.5938	87.0576	58.5938	86.8557	58.5938	86.9957	58.5938	86.7776	58.5938	86.9269	58.5938	86.6988	58.5938	86.8532	58.5938	86.622	58.5938	86.7771	58.5938	86.5501	58.5938	86.701	58.5938	86.4856	58.5938	86.6274	58.5938	86.4308	58.5938	86.5584	58.5938	86.3875	58.5938	86.4962	58.5938	86.3568	58.5938	86.4424	58.5938	86.3394	58.5938	86.3985	58.5938	86.3353	58.5938	86.3654	58.5938	86.3442
60.0586	87.3342	60.0586	87.3156	60.0586	87.34	60.0586	87.2846	60.0586	87.3332	60.0586	87.2416	60.0586	87.3139	60.0586	87.1876	60.0586	87.283	60.0586	87.1239	60.0586	87.2411	60.0586	87.0524	60.0586	87.1897	60.0586	86.9753	60.0586	87.13	60.0586	86.8951	60.0586	87.0637	60.0586	86.8146	60.0586	86.993	60.0586	86.737	60.0586	86.9198	60.0586	86.6652	60.0586	86.8465	60.0586	86.602	60.0586	86.775	60.0586	86.5496	60.0586	86.7076	60.0586	86.5097	60.0586	86.6459	60.0586	86.4834	60.0586	86.5915	60.0586	86.4707	60.0586	86.5459	60.0586	86.4714	60.0586	86.5099	60.0586	86.4848
62.2559	87.6163	62.2559	87.6002	62.2559	87.6207	62.2559	87.5726	62.2559	87.6133	62.2559	87.5341	62.2559	87.5945	62.2559	87.4857	62.2559	87.565	62.2559	87.4289	62.2559	87.5256	62.2559	87.3653	62.2559	87.4775	62.2559	87.2971	62.2559	87.4222	62.2559	87.2267	62.2559	87.3615	62.2559	87.1568	62.2559	87.2973	62.2559	87.0899	62.2559	87.2317	62.2559	87.0287	62.2559	87.1668	62.2559	86.9752	62.2559	87.1046	62.2559	86.9311	62.2559	87.047	62.2559	86.8975	62.2559	86.9955	62.2559	86.8748	62.2559	86.9514	62.2559	86.8629	62.2559	86.9155	62.2559	86.8616	62.2559	86.8883	62.2559	86.8702
64.4531	87.8869	64.4531	87.8717	64.4531	87.8894	64.4531	87.8442	64.4531	87.8795	64.4531	87.8049	64.4531	87.8575	64.4531	87.7549	64.4531	87.8244	64.4531	87.6955	64.4531	87.7812	64.4531	87.6288	64.4531	87.7293	64.4531	87.5569	64.4531	87.6705	64.4531	87.4827	64.4531	87.6068	64.4531	87.4088	64.4531	87.5402	64.4531	87.3384	64.4531	87.4731	64.4531	87.2741	64.4531	87.4075	64.4531	87.2185	64.4531	87.3455	64.4531	87.1732	64.4531	87.2888	64.4531	87.1394	64.4531	87.2386	64.4531	87.1172	64.4531	87.1957	64.4531	87.1064	64.4531	87.1607	64.4531	87.1062	64.4531	87.1339	64.4531	87.1156
66.6504	88.1476	66.6504	88.1333	66.6504	88.1484	66.6504	88.1056	66.6504	88.1359	66.6504	88.0652	66.6504	88.1106	66.6504	88.0129	66.6504	88.0733	66.6504	87.9502	66.6504	88.0254	66.6504	87.8792	66.6504	87.9682	66.6504	87.802	66.6504	87.9037	66.6504	87.7217	66.6504	87.8339	66.6504	87.6413	66.6504	87.7612	66.6504	87.564	66.6504	87.688	66.6504	87.493	66.6504	87.6168	66.6504	87.4309	66.6504	87.5497	66.6504	87.38	66.6504	87.4886	66.6504	87.3415	66.6504	87.435	66.6504	87.3156	66.6504	87.3898	66.6504	87.302	66.6504	87.3535	66.6504	87.2998	66.6504	87.3261	66.6504	87.3081
69.5801	88.4068	69.5801	88.3923	69.5801	88.4073	69.5801	88.364	69.5801	88.3937	69.5801	88.323	69.5801	88.3667	69.5801	88.2706	69.5801	88.3273	69.5801	88.2088	69.5801	88.277	69.5801	88.1401	69.5801	88.218	69.5801	88.0671	69.5801	88.1525	69.5801	87.9931	69.5801	88.0834	69.5801	87.9211	69.5801	88.0134	69.5801	87.8543	69.5801	87.9455	69.5801	87.7952	69.5801	87.8822	69.5801	87.7458	69.5801	87.8256	69.5801	87.7072	69.5801	87.7771	69.5801	87.6794	69.5801	87.7373	69.5801	87.6617	69.5801	87.7061	69.5801	87.6528	69.5801	87.6828	69.5801	87.6512	69.5801	87.6663	69.5801	87.6559
71.7773	88.5441	71.7773	88.5286	71.7773	88.5441	71.7773	88.4981	71.7773	88.5286	71.7773	88.4537	71.7773	88.4985	71.7773	88.3968	71.7773	88.4548	71.7773	88.3299	71.7773	88.3993	71.7773	88.2555	71.7773	88.3343	71.7773	88.1769	71.7773	88.2626	71.7773	88.0977	71.7773	88.1872	71.7773	88.0214	71.7773	88.1115	71.7773	87.9514	71.7773	88.0389	71.7773	87.8905	71.7773	87.9723	71.7773	87.8406	71.7773	87.914	71.7773	87.8027	71.7773	87.8654	71.7773	87.7763	71.7773	87.8271	71.7773	87.7602	71.7773	87.7983	71.7773	87.7525	71.7773	87.7778	71.7773	87.7513	71.7773	87.7639	71.7773	87.7553
73.9746	88.7191	73.9746	88.7005	73.9746	88.7201	73.9746	88.6647	73.9746	88.7036	73.9746	88.6129	73.9746	88.6704	73.9746	88.5468	73.9746	88.6219	73.9746	88.4691	73.9746	88.5599	73.9746	88.3828	73.9746	88.4872	73.9746	88.2918	73.9746	88.4066	73.9746	88.2001	73.9746	88.3217	73.9746	88.1121	73.9746	88.2361	73.9746	88.0318	73.9746	88.1536	73.9746	87.9625	73.9746	88.0775	73.9746	87.9066	73.9746	88.0106	73.9746	87.8648	73.9746	87.9544	73.9746	87.8368	73.9746	87.9096	73.9746	87.8207	73.9746	87.8755	73.9746	87.8143	73.9746	87.8507	73.9746	87.8151	73.9746	87.8332	73.9746	87.8216
76.9043	88.9189	76.9043	88.9007	76.9043	88.9164	76.9043	88.8624	76.9043	88.8937	76.9043	88.805	76.9043	88.8516	76.9043	88.7307	76.9043	88.7919	76.9043	88.642	76.9043	88.7169	76.9043	88.5426	76.9043	88.6297	76.9043	88.437	76.9043	88.534	76.9043	88.3299	76.9043	88.4341	76.9043	88.2267	76.9043	88.3344	76.9043	88.1322	76.9043	88.2396	76.9043	88.0507	76.9043	88.1535	76.9043	87.9852	76.9043	88.0794	76.9043	87.9366	76.9043	88.019	76.9043	87.9045	76.9043	87.9723	76.9043	87.8866	76.9043	87.9382	76.9043	87.8796	76.9043	87.9142	76.9043	87.8805	76.9043	87.8978	76.9043	87.8868
79.834	89.0593	79.834	89.0462	79.834	89.0508	79.834	89.0121	79.834	89.021	79.834	88.9581	79.834	88.9708	79.834	88.8858	79.834	88.9016	79.834	88.7981	79.834	88.8159	79.834	88.6981	79.834	88.7165	79.834	88.5899	79.834	88.6072	79.834	88.4781	79.834	88.4926	79.834	88.3678	79.834	88.3776	79.834	88.2637	79.834	88.2675	79.834	88.1702	79.834	88.1672	79.834	88.0904	79.834	88.081	79.834	88.026	79.834	88.0115	79.834	87.9769	79.834	87.9597	79.834	87.9416	79.834	87.9248	79.834	87.9178	79.834	87.9044	79.834	87.903	79.834	87.8956	79.834	87.8957
82.7637	89.0957	82.7637	89.0776	82.7637	89.0926	82.7637	89.0394	82.7637	89.0678	82.7637	88.9828	82.7637	89.0218	82.7637	88.9103	82.7637	88.9554	82.7637	88.825	82.7637	88.8706	82.7637	88.7304	82.7637	88.7701	82.7637	88.6307	82.7637	88.6575	82.7637	88.5301	82.7637	88.5375	82.7637	88.4331	82.7637	88.4156	82.7637	88.3432	82.7637	88.2978	82.7637	88.2633	82.7637	88.1902	82.7637	88.1948	82.7637	88.0984	82.7637	88.1376	82.7637	88.0265	82.7637	88.0905	82.7637	87.9766	82.7637	88.0512	82.7637	87.9486	82.7637	88.0176	82.7637	87.94	82.7637	87.9885	82.7637	87.9467	82.7637	87.9641
85.6934	89.2806	85.6934	89.2211	85.6934	89.3147	85.6934	89.137	85.6934	89.3236	85.6934	89.0299	85.6934	89.3084	85.6934	88.9031	85.6934	89.2707	85.6934	88.7609	85.6934	89.2129	85.6934	88.6093	85.6934	89.1379	85.6934	88.4557	85.6934	89.0492	85.6934	88.3086	85.6934	88.9507	85.6934	88.1766	85.6934	88.8465	85.6934	88.0675	85.6934	88.7409	85.6934	87.9873	85.6934	88.6379	85.6934	87.9386	85.6934	88.5406	85.6934	87.9209	85.6934	88.4513	85.6934	87.9301	85.6934	88.3708	85.6934	87.9601	85.6934	88.2985	85.6934	88.0042	85.6934	88.2328	85.6934	88.0565	85.6934	88.1715	85.6934	88.1128
88.623	89.5695	88.623	89.5597	88.623	89.5505	88.623	89.5213	88.623	89.5034	88.623	89.4551	88.623	89.4297	88.623	89.363	88.623	89.3317	88.623	89.2478	88.623	89.2127	88.623	89.1134	88.623	89.0768	88.623	88.9649	88.623	88.9293	88.623	88.8088	88.623	88.7763	88.623	88.6522	88.623	88.6248	88.623	88.5027	88.623	88.4816	88.623	88.3677	88.623	88.353	88.623	88.253	88.623	88.2442	88.623	88.162	88.623	88.1578	88.623	88.0952	88.623	88.0942	88.623	88.0506	88.623	88.0511	88.623	88.0238	88.623	88.0248	88.623	88.0104	88.623	88.0111	88.623	88.0066
91.5527	89.4925	91.5527	89.4551	91.5527	89.5029	91.5527	89.3917	91.5527	89.4863	91.5527	89.3041	91.5527	89.4429	91.5527	89.1947	91.5527	89.3739	91.5527	89.0673	91.5527	89.2811	91.5527	88.9265	91.5527	89.1673	91.5527	88.778	91.5527	89.0363	91.5527	88.6285	91.5527	88.8929	91.5527	88.4847	91.5527	88.743	91.5527	88.3535	91.5527	88.5933	91.5527	88.2403	91.5527	88.451	91.5527	88.1487	91.5527	88.3227	91.5527	88.0797	91.5527	88.2137	91.5527	88.0318	91.5527	88.1273	91.5527	88.0016	91.5527	88.0637	91.5527	87.9852	91.5527	88.0209	91.5527	87.9792	91.5527	87.9951	91.5527	87.9822
94.4824	89.5295	94.4824	89.4825	94.4824	89.5492	94.4824	89.4086	94.4824	89.5419	94.4824	89.309	94.4824	89.5086	94.4824	89.1861	94.4824	89.4508	94.4824	89.0437	94.4824	89.3707	94.4824	88.8866	94.4824	89.271	94.4824	88.7212	94.4824	89.1552	94.4824	88.5553	94.4824	89.0272	94.4824	88.3973	94.4824	88.8917	94.4824	88.2553	94.4824	88.7539	94.4824	88.1365	94.4824	88.6189	94.4824	88.0457	94.4824	88.4917	94.4824	87.9846	94.4824	88.3763	94.4824	87.9516	94.4824	88.2754	94.4824	87.9429	94.4824	88.19	94.4824	87.9534	94.4824	88.1192	94.4824	87.9783	94.4824	88.0614	94.4824	88.0147
98.1445	89.3491	98.1445	89.3161	98.1445	89.3557	98.1445	89.2565	98.1445	89.3367	98.1445	89.1712	98.1445	89.2938	98.1445	89.062	98.1445	89.2292	98.1445	88.9322	98.1445	89.1461	98.1445	88.7865	98.1445	89.048	98.1445	88.6314	98.1445	88.9391	98.1445	88.4745	98.1445	88.8242	98.1445	88.325	98.1445	88.7081	98.1445	88.1917	98.1445	88.5959	98.1445	88.0828	98.1445	88.4916	98.1445	88.0039	98.1445	88.3985	98.1445	87.9569	98.1445	88.3182	98.1445	87.94	98.1445	88.2503	98.1445	87.9481	98.1445	88.1928	98.1445	87.974	98.1445	88.1426	98.1445	88.0106	98.1445	88.0965	98.1445	88.0525
101.807	89.234	101.807	89.2186	101.807	89.2202	101.807	89.1736	101.807	89.1785	101.807	89.0997	101.807	89.1114	101.807	88.999	101.807	89.0221	101.807	88.8749	101.807	88.9151	101.807	88.7323	101.807	88.7953	101.807	88.5777	101.807	88.6687	101.807	88.4193	101.807	88.5415	101.807	88.2661	101.807	88.4199	101.807	88.1275	101.807	88.3096	101.807	88.0118	101.807	88.2147	101.807	87.925	101.807	88.1374	101.807	87.8697	101.807	88.0778	101.807	87.8444	101.807	88.0331	101.807	87.8438	101.807	87.9992	101.807	87.8605	101.807	87.971	101.807	87.8866	101.807	87.944	101.807	87.9157
105.469	89.1639	105.469	89.1524	105.469	89.1422	105.469	89.108	105.469	89.0882	105.469	89.032	105.469	89.0038	105.469	88.927	105.469	88.8922	105.469	88.7971	105.469	88.7577	105.469	88.6479	105.469	88.6061	105.469	88.4865	105.469	88.4446	105.469	88.3218	105.469	88.2817	105.469	88.1633	105.469	88.1265	105.469	88.0205	105.469	87.9878	105.469	87.9015	105.469	87.8731	105.469	87.8114	105.469	87.7871	105.469	87.7513	105.469	87.7308	105.469	87.7179	105.469	87.7011	105.469	87.7045	105.469	87.6914	105.469	87.7028	105.469	87.6937	105.469	87.7045	105.469	87.6999	105.469	87.7042
109.131	88.9846	109.131	88.9707	109.131	88.9654	109.131	88.9239	109.131	88.9136	109.131	88.8459	109.131	88.831	109.131	88.7395	109.131	88.7205	109.131	88.6088	109.131	88.586	109.131	88.4596	109.131	88.4329	109.131	88.2991	109.131	88.2682	109.131	88.136	109.131	88.1001	109.131	87.9796	109.131	87.9379	109.131	87.8391	109.131	87.7908	109.131	87.722	109.131	87.6673	109.131	87.6328	109.131	87.5734	109.131	87.5721	109.131	87.5112	109.131	87.5364	109.131	87.4784	109.131	87.5188	109.131	87.4691	109.131	87.5112	109.131	87.4747	109.131	87.5059	109.131	87.4866	109.131	87.498
112.793	88.8121	112.793	88.7936	112.793	88.7958	112.793	88.7409	112.793	88.7452	112.793	88.6557	112.793	88.6618	112.793	88.5413	112.793	88.5487	112.793	88.4024	112.793	88.4099	112.793	88.2455	112.793	88.2513	112.793	88.0787	112.793	88.0803	112.793	87.912	112.793	87.906	112.793	87.7557	112.793	87.7387	112.793	87.6198	112.793	87.5888	112.793	87.512	112.793	87.4657	112.793	87.436	112.793	87.3759	112.793	87.3907	112.793	87.3213	112.793	87.3704	112.793	87.2989	112.793	87.3659	112.793	87.3013	112.793	87.3673	112.793	87.3183	112.793	87.366	112.793	87.3396	112.793	87.3569
116.455	88.7509	116.455	88.7247	116.455	88.739	116.455	88.6609	116.455	88.6894	116.455	88.5613	116.455	88.6038	116.455	88.4288	116.455	88.4849	116.455	88.2685	116.455	88.3368	116.455	88.087	116.455	88.1651	116.455	87.8931	116.455	87.9771	116.455	87.6976	116.455	87.782	116.455	87.5121	116.455	87.5906	116.455	87.3484	116.455	87.4146	116.455	87.2161	116.455	87.2648	116.455	87.1206	116.455	87.1494	116.455	87.062	116.455	87.0721	116.455	87.0351	116.455	87.0307	116.455	87.03	116.455	87.0179	116.455	87.0355	116.455	87.0226	116.455	87.0414	116.455	87.0334	116.455	87.0411
120.85	88.7573	120.85	88.7348	120.85	88.742	120.85	88.6746	120.85	88.6897	120.85	88.5783	120.85	88.6021	120.85	88.4485	120.85	88.4824	120.85	88.2899	120.85	88.3344	120.85	88.1088	120.85	88.164	120.85	87.9142	120.85	87.9784	120.85	87.7169	120.85	87.7862	120.85	87.529	120.85	87.5978	120.85	87.3625	120.85	87.4237	120.85	87.2273	120.85	87.274	120.85	87.1286	120.85	87.1561	120.85	87.0661	120.85	87.0736	120.85	87.034	120.85	87.0252	120.85	87.0228	120.85	87.0047	120.85	87.0217	120.85	87.0031	120.85	87.0218	120.85	87.0104	120.85	87.0181
125.244	88.711	125.244	88.6869	125.244	88.6957	125.244	88.6239	125.244	88.6413	125.244	88.5243	125.244	88.5497	125.244	88.3917	125.244	88.4241	125.244	88.2318	125.244	88.2691	125.244	88.0519	125.244	88.0917	125.244	87.8616	125.244	87.9003	125.244	87.6722	125.244	87.706	125.244	87.4955	125.244	87.5207	125.244	87.3428	125.244	87.3571	125.244	87.2229	125.244	87.2255	125.244	87.1404	125.244	87.1327	125.244	87.0943	125.244	87.0794	125.244	87.0785	125.244	87.0605	125.244	87.0829	125.244	87.0657	125.244	87.096	125.244	87.0828	125.244	87.1071	125.244	87.1	125.244	87.1092
129.639	88.6692	129.639	88.6516	129.639	88.6417	129.639	88.5898	129.639	88.57	129.639	88.4859	129.639	88.4562	129.639	88.3443	129.639	88.3041	129.639	88.1715	129.639	88.1193	129.639	87.9767	129.639	87.9101	129.639	87.7723	129.639	87.6875	129.639	87.5725	129.639	87.4655	129.639	87.3928	129.639	87.2603	129.639	87.247	129.639	87.0885	129.639	87.1445	129.639	86.964	129.639	87.0878	129.639	86.8945	129.639	87.0717	129.639	86.8791	129.639	87.0844	129.639	86.908	129.639	87.1106	129.639	86.9647	129.639	87.1344	129.639	87.0308	129.639	87.143	129.639	87.0893	129.639	87.1285
134.033	88.5209	134.033	88.4867	134.033	88.5098	134.033	88.408	134.033	88.4539	134.033	88.2866	134.033	88.3545	134.033	88.1264	134.033	88.2138	134.033	87.9338	134.033	88.0356	134.033	87.718	134.033	87.8253	134.033	87.4915	134.033	87.5911	134.033	87.2698	134.033	87.3449	134.033	87.0699	134.033	87.102	134.033	86.9075	134.033	86.8812	134.033	86.7937	134.033	86.7015	134.033	86.7315	134.033	86.5783	134.033	86.7144	134.033	86.5188	134.033	86.7283	134.033	86.5184	134.033	86.7546	134.033	86.5623	134.033	86.7752	134.033	86.6293	134.033	86.776	134.033	86.6975	134.033	86.7497
138.428	88.5632	138.428	88.5348	138.428	88.5428	138.428	88.4572	138.428	88.4752	138.428	88.3315	138.428	88.3631	138.428	88.1606	138.428	88.2105	138.428	87.95	138.428	88.023	138.428	87.7086	138.428	87.8079	138.428	87.4493	138.428	87.5747	138.428	87.1888	138.428	87.3355	138.428	86.9471	138.428	87.1047	138.428	86.7446	138.428	86.8977	138.428	86.5974	138.428	86.7295	138.428	86.5131	138.428	86.6109	138.428	86.4877	138.428	86.5456	138.428	86.5067	138.428	86.5284	138.428	86.5494	138.428	86.5462	138.428	86.5945	138.428	86.5811	138.428	86.6251	138.428	86.6146	138.428	86.6319
143.555	88.4099	143.555	88.4055	143.555	88.3627	143.555	88.3502	143.555	88.2639	143.555	88.2459	143.555	88.115	143.555	88.0958	143.555	87.9187	143.555	87.9048	143.555	87.6802	143.555	87.6807	143.555	87.4077	143.555	87.434	143.555	87.1137	143.555	87.1789	143.555	86.8152	143.555	86.9321	143.555	86.5337	143.555	86.7118	143.555	86.2926	143.555	86.5337	143.555	86.113	143.555	86.4079	143.555	86.0079	143.555	86.3352	143.555	85.9773	143.555	86.3068	143.555	86.0082	143.555	86.3064	143.555	86.078	143.555	86.3144	143.555	86.1612	143.555	86.3124	143.555	86.2358	143.555	86.2878
148.682	88.2459	148.682	88.2279	148.682	88.2147	148.682	88.1616	148.682	88.1341	148.682	88.049	148.682	88.0043	148.682	87.8934	148.682	87.8265	148.682	87.7006	148.682	87.6034	148.682	87.479	148.682	87.3403	148.682	87.241	148.682	87.0463	148.682	87.0021	148.682	86.7359	148.682	86.7801	148.682	86.43	148.682	86.5924	148.682	86.1547	148.682	86.4515	148.682	85.9376	148.682	86.3621	148.682	85.8008	148.682	86.3184	148.682	85.753	148.682	86.3061	148.682	85.7856	148.682	86.306	148.682	85.8755	148.682	86.2983	148.682	85.9928	148.682	86.2673	148.682	86.1092	148.682	86.2042
153.809	88.1706	153.809	88.143	153.809	88.1465	153.809	88.0654	153.809	88.07	153.809	87.941	153.809	87.9415	153.809	87.775	153.809	87.7626	153.809	87.5751	153.809	87.5365	153.809	87.3519	153.809	87.269	153.809	87.1193	153.809	86.9697	153.809	86.894	153.809	86.6541	153.809	86.6941	153.809	86.3442	153.809	86.5354	153.809	86.0684	153.809	86.4285	153.809	85.8572	153.809	86.3746	153.809	85.7351	153.809	86.365	153.809	85.7117	153.809	86.3822	153.809	85.7765	153.809	86.4046	153.809	85.9021	153.809	86.4104	153.809	86.0535	153.809	86.3825	153.809	86.1978	153.809	86.3115
159.668	87.9546	159.668	87.9013	159.668	87.9481	159.668	87.7899	159.668	87.8812	159.668	87.6238	159.668	87.7544	159.668	87.4086	159.668	87.5694	159.668	87.1536	159.668	87.3294	159.668	86.8725	159.668	87.0405	159.668	86.584	159.668	86.7134	159.668	86.3117	159.668	86.3651	159.668	86.081	159.668	86.0206	159.668	85.9139	159.668	85.7124	159.668	85.823	159.668	85.4757	159.668	85.8057	159.668	85.3391	159.668	85.845	159.668	85.3134	159.668	85.9136	159.668	85.3857	159.668	85.9814	159.668	85.524	159.668	86.0218	159.668	85.688	159.668	86.0158	159.668	85.8405	159.668	85.9546
164.795	87.8512	164.795	87.7841	164.795	87.8529	164.795	87.6537	164.795	87.7877	164.795	87.4639	164.795	87.655	164.795	87.2211	164.795	87.4547	164.795	86.9358	164.795	87.1881	164.795	86.6238	164.795	86.8593	164.795	86.3072	164.795	86.4775	164.795	86.0136	164.795	86.0602	164.795	85.7725	164.795	85.6365	164.795	85.6081	164.795	85.2488	164.795	85.5319	164.795	84.9479	164.795	85.5376	164.795	84.7788	164.795	85.602	164.795	84.7615	164.795	85.6922	164.795	84.8792	164.795	85.7732	164.795	85.0853	164.795	85.8147	164.795	85.3222	164.795	85.7948	164.795	85.5393	164.795	85.7025
170.654	88.0278	170.654	87.918	170.654	88.0689	170.654	87.7389	170.654	88.0416	170.654	87.4911	170.654	87.9457	170.654	87.177	170.654	87.7803	170.654	86.8041	170.654	87.5444	170.654	86.3872	170.654	87.2381	170.654	85.9519	170.654	86.8649	170.654	85.5357	170.654	86.4349	170.654	85.1847	170.654	85.9691	170.654	84.9426	170.654	85.5034	170.654	84.8346	170.654	85.0891	170.654	84.8542	170.654	84.783	170.654	84.9651	170.654	84.628	170.654	85.1153	170.654	84.6308	170.654	85.2536	170.654	84.7567	170.654	85.3408	170.654	84.9458	170.654	85.3526	170.654	85.1365	170.654	85.2814
176.514	87.9431	176.514	87.8533	176.514	87.9564	176.514	87.685	176.514	87.8943	176.514	87.4364	176.514	87.7576	176.514	87.1071	176.514	87.5458	176.514	86.7	176.514	87.2586	176.514	86.2246	176.514	86.8963	176.514	85.7013	176.514	86.4629	176.514	85.1671	176.514	85.9697	176.514	84.6771	176.514	85.4417	176.514	84.298	176.514	84.9224	176.514	84.0866	176.514	84.4747	176.514	84.0611	176.514	84.1669	176.514	84.1882	176.514	84.0443	176.514	84.3992	176.514	84.1014	176.514	84.6189	176.514	84.2828	176.514	84.787	176.514	84.5102	176.514	84.8658	176.514	84.7122	176.514	84.8394
183.105	87.7498	183.105	87.6482	183.105	87.8005	183.105	87.4931	183.105	87.8006	183.105	87.2806	183.105	87.7478	183.105	87.0062	183.105	87.6374	183.105	86.6662	183.105	87.4624	183.105	86.2605	183.105	87.2147	183.105	85.7951	183.105	86.8858	183.105	85.2866	183.105	86.4701	183.105	84.7662	183.105	85.9684	183.105	84.2806	183.105	85.3944	183.105	83.886	183.105	84.7824	183.105	83.6289	183.105	84.1929	183.105	83.5232	183.105	83.7074	183.105	83.5384	183.105	83.4001	183.105	83.6126	183.105	83.2966	183.105	83.6787	183.105	83.3548	183.105	83.6873	183.105	83.4902	183.105	83.619
189.697	88.1037	189.697	88.0418	189.697	88.1044	189.697	87.9129	189.697	88.049	189.697	87.7115	189.697	87.9418	189.697	87.4336	189.697	87.7853	189.697	87.078	189.697	87.5803	189.697	86.649	189.697	87.3261	189.697	86.1593	189.697	87.0225	189.697	85.6341	189.697	86.6713	189.697	85.1146	189.697	86.28	189.697	84.6561	189.697	85.8656	189.697	84.3169	189.697	85.4569	189.697	84.1357	189.697	85.0928	189.697	84.1117	189.697	84.813	189.697	84.2037	189.697	84.6422	189.697	84.3495	189.697	84.5766	189.697	84.4909	189.697	84.5836	189.697	84.5885	189.697	84.6155	189.697	84.6272
196.289	87.9438	196.289	87.9289	196.289	87.8956	196.289	87.847	196.289	87.7878	196.289	87.6937	196.289	87.623	196.289	87.4652	196.289	87.4027	196.289	87.159	196.289	87.1273	196.289	86.7759	196.289	86.797	196.289	86.3224	196.289	86.4133	196.289	85.8149	196.289	85.9817	196.289	85.2832	196.289	85.5168	196.289	84.7733	196.289	85.0467	196.289	84.3429	196.289	84.6153	196.289	84.0464	196.289	84.2748	196.289	83.911	196.289	84.0677	196.289	83.9207	196.289	84.0035	196.289	84.0225	196.289	84.0506	196.289	84.1502	196.289	84.1502	196.289	84.2475	196.289	84.2415	196.289	84.2804
202.881	87.3475	202.881	87.2545	202.881	87.3674	202.881	87.0865	202.881	87.3158	202.881	86.8421	202.881	87.1939	202.881	86.5211	202.881	87.0022	202.881	86.1268	202.881	86.7414	202.881	85.6686	202.881	86.4132	202.881	85.166	202.881	86.0223	202.881	84.6531	202.881	85.5801	202.881	84.1803	202.881	85.1085	202.881	83.8082	202.881	84.6439	202.881	83.5893	202.881	84.2364	202.881	83.5428	202.881	83.9401	202.881	83.6424	202.881	83.792	202.881	83.828	202.881	83.7925	202.881	84.0314	202.881	83.9022	202.881	84.1962	202.881	84.0593	202.881	84.2864	202.881	84.2028	202.881	84.2869
210.205	87.8103	210.205	87.7598	210.205	87.8036	210.205	87.648	210.205	87.7424	210.205	87.4702	210.205	87.6282	210.205	87.2206	210.205	87.4617	210.205	86.8933	210.205	87.2422	210.205	86.4834	210.205	86.9686	210.205	85.9902	210.205	86.6406	210.205	85.4221	210.205	86.2608	210.205	84.8041	210.205	85.8384	210.205	84.1856	210.205	85.3927	210.205	83.6429	210.205	84.9549	210.205	83.2617	210.205	84.5656	210.205	83.0978	210.205	84.2636	210.205	83.1406	210.205	84.0702	210.205	83.3178	210.205	83.9758	210.205	83.538	210.205	83.9424	210.205	83.7295	210.205	83.9183	210.205	83.8565
217.529	87.9093	217.529	87.9229	217.529	87.8387	217.529	87.874	217.529	87.7173	217.529	87.7572	217.529	87.5516	217.529	87.567	217.529	87.3492	217.529	87.298	217.529	87.118	217.529	86.9462	217.529	86.866	217.529	86.5106	217.529	86.6005	217.529	85.9974	217.529	86.3284	217.529	85.4257	217.529	86.0568	217.529	84.8343	217.529	85.7939	217.529	84.2858	217.529	85.5496	217.529	83.8591	217.529	85.3345	217.529	83.6222	217.529	85.1562	217.529	83.5956	217.529	85.014	217.529	83.7393	217.529	84.8964	217.529	83.9771	217.529	84.7816	217.529	84.2348	217.529	84.6441	217.529	84.4635
225.586	88.0204	225.586	88.0919	225.586	87.8834	225.586	88.1001	225.586	87.6796	225.586	88.0472	225.586	87.4097	225.586	87.9347	225.586	87.0778	225.586	87.7632	225.586	86.6932	225.586	87.5328	225.586	86.2727	225.586	87.2444	225.586	85.8422	225.586	86.9023	225.586	85.4375	225.586	86.5178	225.586	85.1012	225.586	86.1134	225.586	84.8733	225.586	85.7253	225.586	84.7778	225.586	85.4	225.586	84.8106	225.586	85.1819	225.586	84.9395	225.586	85.0936	225.586	85.1149	225.586	85.123	225.586	85.2854	225.586	85.2265	225.586	85.4097	225.586	85.3482	225.586	85.4628	225.586	85.4379
232.91	88.4064	232.91	88.407	232.91	88.3306	232.91	88.3391	232.91	88.1722	232.91	88.2086	232.91	87.9236	232.91	88.0209	232.91	87.578	232.91	87.781	232.91	87.1308	232.91	87.4947	232.91	86.5831	232.91	87.1699	232.91	85.9474	232.91	86.8191	232.91	85.2562	232.91	86.4614	232.91	84.5733	232.91	86.1222	232.91	83.9967	232.91	85.8311	232.91	83.6378	232.91	85.6137	232.91	83.5661	232.91	85.4831	232.91	83.7598	232.91	85.432	232.91	84.1195	232.91	85.4336	232.91	84.5278	232.91	85.4484	232.91	84.896	232.91	85.4336	232.91	85.1755	232.91	85.3515
241.699	88.4648	241.699	88.3095	241.699	88.5484	241.699	88.0865	241.699	88.5556	241.699	87.8003	241.699	88.4802	241.699	87.4572	241.699	88.3145	241.699	87.0667	241.699	88.0491	241.699	86.6438	241.699	87.6745	241.699	86.2107	241.699	87.1841	241.699	85.7985	241.699	86.5791	241.699	85.445	241.699	85.8775	241.699	85.188	241.699	85.1265	241.699	85.0515	241.699	84.4152	241.699	85.0338	241.699	83.8687	241.699	85.103	241.699	83.6026	241.699	85.2077	241.699	83.6493	241.699	85.2919	241.699	83.9331	241.699	85.308	241.699	84.3255	241.699	85.2235	241.699	84.7128	241.699	85.0233
249.756	88.1249	249.756	88.0157	249.756	88.1624	249.756	87.8292	249.756	88.132	249.756	87.5596	249.756	88.0357	249.756	87.2012	249.756	87.8732	249.756	86.7514	249.756	87.6426	249.756	86.214	249.756	87.3416	249.756	85.6063	249.756	86.9707	249.756	84.9686	249.756	86.5381	249.756	84.3737	249.756	86.0659	249.756	83.9237	249.756	85.5953	249.756	83.7158	249.756	85.1866	249.756	83.7843	249.756	84.9048	249.756	84.0722	249.756	84.7921	249.756	84.4663	249.756	84.8422	249.756	84.8561	249.756	85.0011	249.756	85.1653	249.756	85.1928	249.756	85.3539	249.756	85.3467	249.756	85.4108
258.545	88.7006	258.545	88.6953	258.545	88.6277	258.545	88.6086	258.545	88.4749	258.545	88.4322	258.545	88.2356	258.545	88.1529	258.545	87.8994	258.545	87.754	258.545	87.4524	258.545	87.2178	258.545	86.8807	258.545	86.5314	258.545	86.1762	258.545	85.7001	258.545	85.3489	258.545	84.7708	258.545	84.4519	258.545	83.8677	258.545	83.6138	258.545	83.2082	258.545	83.0473	258.545	83.0105	258.545	82.9479	258.545	83.3039	258.545	83.3159	258.545	83.8934	258.545	83.9461	258.545	84.5374	258.545	84.6024	258.545	85.0748	258.545	85.131	258.545	85.4261	258.545	85.4583	258.545	85.5577
268.066	88.9088	268.066	88.8286	268.066	88.9397	268.066	88.6982	268.066	88.9207	268.066	88.5147	268.066	88.8485	268.066	88.2716	268.066	88.7158	268.066	87.9565	268.066	88.5084	268.066	87.5506	268.066	88.2043	268.066	87.03	268.066	87.7749	268.066	86.3703	268.066	87.1882	268.066	85.5584	268.066	86.4162	268.066	84.6132	268.066	85.4488	268.066	83.6198	268.066	84.3214	268.066	82.7615	268.066	83.1626	268.066	82.2729	268.066	82.2327	268.066	82.2572	268.066	81.8238	268.066	82.5657	268.066	81.9814	268.066	82.9359	268.066	82.4411	268.066	83.1668	268.066	82.8947	268.066	83.1586
277.588	88.7979	277.588	88.7204	277.588	88.8028	277.588	88.5684	277.588	88.7366	277.588	88.34	277.588	88.6013	277.588	88.032	277.588	88.3979	277.588	87.6397	277.588	88.1262	277.588	87.1575	277.588	87.7827	277.588	86.5816	277.588	87.3601	277.588	85.9156	277.588	86.8485	277.588	85.1819	277.588	86.2405	277.588	84.4359	277.588	85.5421	277.588	83.7732	277.588	84.7886	277.588	83.3099	277.588	84.0613	277.588	83.1203	277.588	83.4846	277.588	83.179	277.588	83.174	277.588	83.3748	277.588	83.1513	277.588	83.5788	277.588	83.3199	277.588	83.6959	277.588	83.5348	277.588	83.6798
287.109	88.9996	287.109	88.9477	287.109	88.9842	287.109	88.8236	287.109	88.9035	287.109	88.62	287.109	88.7575	287.109	88.3262	287.109	88.5426	287.109	87.9284	287.109	88.2523	287.109	87.4104	287.109	87.8768	287.109	86.7571	287.109	87.4053	287.109	85.9623	287.109	86.8301	287.109	85.0446	287.109	86.1545	287.109	84.0746	287.109	85.4064	287.109	83.2036	287.109	84.6526	287.109	82.6438	287.109	84.0044	287.109	82.5356	287.109	83.5851	287.109	82.8115	287.109	83.4564	287.109	83.2573	287.109	83.5661	287.109	83.6753	287.109	83.784	287.109	83.953	287.109	83.977	287.109	84.0502
297.363	89.0416	297.363	89.032	297.363	89.0045	297.363	88.9713	297.363	88.9234	297.363	88.8527	297.363	88.7986	297.363	88.6652	297.363	88.6263	297.363	88.3911	297.363	88.3966	297.363	88.0064	297.363	88.0924	297.363	87.4823	297.363	87.6914	297.363	86.7915	297.363	87.1716	297.363	85.922	297.363	86.5215	297.363	84.903	297.363	85.7575	297.363	83.8508	297.363	84.9473	297.363	83.0048	297.363	84.2279	297.363	82.6437	297.363	83.774	297.363	82.8336	297.363	83.6841	297.363	83.3475	297.363	83.885	297.363	83.8956	297.363	84.1898	297.363	84.2958	297.363	84.4225	297.363	84.4735
307.617	89.2452	307.617	89.201	307.617	89.2075	307.617	89.0742	307.617	89.0897	307.617	88.865	307.617	88.8944	307.617	88.5732	307.617	88.6234	307.617	88.196	307.617	88.2749	307.617	87.7267	307.617	87.8412	307.617	87.1534	307.617	87.3069	307.617	86.4629	307.617	86.6516	307.617	85.651	307.617	85.8597	307.617	84.7457	307.617	84.9412	307.617	83.8448	307.617	83.9693	307.617	83.1411	307.617	83.1216	307.617	82.8525	307.617	82.6523	307.617	83.0311	307.617	82.705	307.617	83.4897	307.617	83.1484	307.617	83.9681	307.617	83.702	307.617	84.2835	307.617	84.1409	307.617	84.3477
318.604	89.1694	318.604	89.1396	318.604	89.1411	318.604	89.0438	318.604	89.0614	318.604	88.8716	318.604	88.9357	318.604	88.6075	318.604	88.7658	318.604	88.2285	318.604	88.5471	318.604	87.7032	318.604	88.2654	318.604	86.9938	318.604	87.8974	318.604	86.0607	318.604	87.4127	318.604	84.8759	318.604	86.7805	318.604	83.4533	318.604	85.9811	318.604	81.9213	318.604	85.0252	318.604	80.633	318.604	83.9845	318.604	80.0885	318.604	83.0216	318.604	80.4029	318.604	82.3594	318.604	81.1359	318.604	82.1275	318.604	81.8385	318.604	82.2255	318.604	82.302	318.604	82.4131	318.604	82.4793
329.59	89.3147	329.59	89.4171	329.59	89.1419	329.59	89.4553	329.59	88.8935	329.59	89.4331	329.59	88.5681	329.59	89.3463	329.59	88.1687	329.59	89.1792	329.59	87.7008	329.59	88.9025	329.59	87.1687	329.59	88.4746	329.59	86.5725	329.59	87.8447	329.59	85.9076	329.59	86.959	329.59	85.174	329.59	85.77	329.59	84.3975	329.59	84.2635	329.59	83.6567	329.59	82.537	329.59	83.0893	329.59	80.9697	329.59	82.827	329.59	80.252	329.59	82.8771	329.59	80.6443	329.59	83.0939	329.59	81.5637	329.59	83.2814	329.59	82.43	329.59	83.2863	329.59	83.0161
341.309	89.4244	341.309	89.3928	341.309	89.4008	341.309	89.3172	341.309	89.312	341.309	89.2075	341.309	89.1485	341.309	89.0667	341.309	88.8986	341.309	88.8845	341.309	88.5455	341.309	88.6341	341.309	88.0645	341.309	88.2751	341.309	87.4221	341.309	87.7617	341.309	86.5777	341.309	87.0563	341.309	85.4927	341.309	86.1486	341.309	84.1586	341.309	85.0863	341.309	82.6764	341.309	84.0206	341.309	81.4079	341.309	83.2194	341.309	80.9529	341.309	82.93	341.309	81.4818	341.309	83.1346	341.309	82.4491	341.309	83.5625	341.309	83.3207	341.309	83.9322	341.309	83.8741	341.309	84.0665
353.76	88.9065	353.76	88.7608	353.76	88.9972	353.76	88.5631	353.76	89.0368	353.76	88.3251	353.76	89.0305	353.76	88.0638	353.76	88.9779	353.76	87.7921	353.76	88.8673	353.76	87.5054	353.76	88.6714	353.76	87.1725	353.76	88.3469	353.76	86.7402	353.76	87.8387	353.76	86.152	353.76	87.085	353.76	85.3783	353.76	86.0283	353.76	84.4599	353.76	84.6394	353.76	83.5586	353.76	82.9932	353.76	82.9525	353.76	81.4478	353.76	82.8442	353.76	80.7249	353.76	83.1288	353.76	81.1576	353.76	83.4974	353.76	82.1357	353.76	83.6853	353.76	83.0157	353.76	83.5446
366.211	88.7223	366.211	88.6879	366.211	88.6748	366.211	88.5719	366.211	88.5557	366.211	88.3824	366.211	88.3867	366.211	88.1296	366.211	88.1955	366.211	87.8188	366.211	88.0041	366.211	87.4432	366.211	87.8132	366.211	86.9792	366.211	87.5929	366.211	86.3898	366.211	87.2878	366.211	85.6373	366.211	86.8344	366.211	84.7103	366.211	86.1848	366.211	83.675	366.211	85.3358	366.211	82.7403	366.211	84.3711	366.211	82.2374	366.211	83.5031	366.211	82.3473	366.211	83.0201	366.211	82.8676	366.211	83.0458	366.211	83.441	366.211	83.392	366.211	83.8275	366.211	83.7568	366.211	83.9322
378.662	89.1284	378.662	89.039	378.662	89.1521	378.662	88.894	378.662	89.1105	378.662	88.7116	378.662	89.0115	378.662	88.5087	378.662	88.8626	378.662	88.2862	378.662	88.6622	378.662	88.0151	378.662	88.39	378.662	87.6331	378.662	88.0034	378.662	87.056	378.662	87.4408	378.662	86.1991	378.662	86.632	378.662	85.0111	378.662	85.5199	378.662	83.5507	378.662	84.1117	378.662	82.1573	378.662	82.6086	378.662	81.5255	378.662	81.5798	378.662	81.9973	378.662	81.6298	378.662	83.0062	378.662	82.5163	378.662	83.9198	378.662	83.5305	378.662	84.4704	378.662	84.2647	378.662	84.5877
392.578	89.0502	392.578	88.9666	392.578	89.0109	392.578	88.7689	392.578	88.8561	392.578	88.4798	392.578	88.609	392.578	88.133	392.578	88.3071	392.578	87.763	392.578	87.9929	392.578	87.3874	392.578	87.6941	392.578	86.9889	392.578	87.4005	392.578	86.5085	392.578	87.0531	392.578	85.8573	392.578	86.5568	392.578	84.9426	392.578	85.8067	392.578	83.7078	392.578	84.7237	392.578	82.2191	392.578	83.3189	392.578	80.8507	392.578	81.8439	392.578	80.3171	392.578	80.9331	392.578	80.8528	392.578	81.0768	392.578	81.7942	392.578	81.8383	392.578	82.5171	392.578	82.5178	392.578	82.7737
405.762	89.2536	405.762	89.2985	405.762	89.096	405.762	89.2372	405.762	88.8361	405.762	89.0891	405.762	88.5039	405.762	88.8793	405.762	88.1479	405.762	88.6262	405.762	87.8243	405.762	88.3246	405.762	87.5692	405.762	87.932	405.762	87.3662	405.762	87.3644	405.762	87.1355	405.762	86.5046	405.762	86.758	405.762	85.2152	405.762	86.1132	405.762	83.364	405.762	85.115	405.762	80.9488	405.762	83.7619	405.762	78.6676	405.762	82.2563	405.762	78.3935	405.762	81.1603	405.762	79.9535	405.762	81.0532	405.762	81.4974	405.762	81.6906	405.762	82.4104	405.762	82.3728	405.762	82.6722
420.41	88.9571	420.41	88.8185	420.41	88.9047	420.41	88.5043	420.41	88.6679	420.41	88.0606	420.41	88.2738	420.41	87.5724	420.41	87.772	420.41	87.1537	420.41	87.2348	420.41	86.8933	420.41	86.7406	420.41	86.7782	420.41	86.3323	420.41	86.6759	420.41	85.9726	420.41	86.3979	420.41	85.5396	420.41	85.7685	420.41	84.8694	420.41	84.6596	420.41	83.8145	420.41	83.0426	420.41	82.3304	420.41	81.2	420.41	80.7103	420.41	80.1119	420.41	79.9046	420.41	80.6084	420.41	80.569	420.41	81.83	420.41	81.8275	420.41	82.774	420.41	82.7741	420.41	83.1071
435.059	89.3265	435.059	89.2476	435.059	89.2295	435.059	89.0056	435.059	88.9534	435.059	88.6254	435.059	88.5105	435.059	88.152	435.059	87.9418	435.059	87.6539	435.059	87.3302	435.059	87.2042	435.059	86.7928	435.059	86.8329	435.059	86.4258	435.059	86.4837	435.059	86.222	435.059	86.02	435.059	86.0464	435.059	85.271	435.059	85.6985	435.059	84.0694	435.059	84.9823	435.059	82.2825	435.059	83.7351	435.059	79.9361	435.059	81.8632	435.059	77.7424	435.059	79.5442	435.059	77.3564	435.059	77.831	435.059	78.5146	435.059	78.0236	435.059	79.5215	435.059	79.1065	435.059	79.7344
450.439	89.1126	450.439	89.0067	450.439	89.0463	450.439	88.7365	450.439	88.8012	450.439	88.3148	450.439	88.3729	450.439	87.7682	450.439	87.7655	450.439	87.1505	450.439	87.0047	450.439	86.5496	450.439	86.1585	450.439	86.0614	450.439	85.3469	450.439	85.7201	450.439	84.7013	450.439	85.4417	450.439	84.2656	450.439	85.052	450.439	83.9383	450.439	84.3623	450.439	83.5382	450.439	83.2204	450.439	82.9103	450.439	81.5433	450.439	81.9842	450.439	79.4185	450.439	80.8113	450.439	77.3916	450.439	79.5973	450.439	76.4807	450.439	78.6244	450.439	76.7884	450.439	77.9735	450.439	77.418
466.553	89.3104	466.553	89.137	466.553	89.3387	466.553	88.8166	466.553	89.228	466.553	88.356	466.553	88.9839	466.553	87.7745	466.553	88.6079	466.553	87.1064	466.553	88.0971	466.553	86.401	466.553	87.4484	466.553	85.7108	466.553	86.665	466.553	85.063	466.553	85.7613	466.553	84.4325	466.553	84.7617	466.553	83.755	466.553	83.6955	466.553	82.9888	466.553	82.603	466.553	82.1883	466.553	81.577	466.553	81.5309	466.553	80.816	466.553	81.2247	466.553	80.5585	466.553	81.3142	466.553	80.826	466.553	81.6229	466.553	81.3416	466.553	81.9063	466.553	81.7874	466.553	81.9869
482.666	88.8268	482.666	88.7881	482.666	88.7152	482.666	88.601	482.666	88.4628	482.666	88.2781	482.666	88.0957	482.666	87.8432	482.666	87.6621	482.666	87.33	482.666	87.2302	482.666	86.7734	482.666	86.866	482.666	86.1962	482.666	86.5928	482.666	85.5968	482.666	86.3624	482.666	84.9456	482.666	86.0653	482.666	84.1948	482.666	85.5701	482.666	83.3099	482.666	84.7623	482.666	82.3302	482.666	83.5862	482.666	81.4461	482.666	82.133	482.666	80.9727	482.666	80.8092	482.666	81.0547	482.666	80.2784	482.666	81.4437	482.666	80.6575	482.666	81.7541	482.666	81.3161	482.666	81.7348
500.244	88.8451	500.244	88.7938	500.244	88.7358	500.244	88.5879	500.244	88.467	500.244	88.2415	500.244	88.0507	500.244	87.7813	500.244	87.5165	500.244	87.2505	500.244	86.9176	500.244	86.701	500.244	86.326	500.244	86.166	500.244	85.805	500.244	85.6207	500.244	85.3611	500.244	84.9656	500.244	84.9164	500.244	84.0513	500.244	84.3352	500.244	82.7313	500.244	83.4929	500.244	80.9606	500.244	82.3652	500.244	79.0719	500.244	81.1585	500.244	78.1499	500.244	80.3824	500.244	78.8451	500.244	80.4223	500.244	80.1224	500.244	80.967	500.244	81.0943	500.244	81.4467	500.244	81.5315
517.822	89.0908	517.822	88.9399	517.822	89.0352	517.822	88.5935	517.822	88.7616	517.822	88.0688	517.822	88.2595	517.822	87.4085	517.822	87.5333	517.822	86.7056	517.822	86.6328	517.822	86.109	517.822	85.6928	517.822	85.7453	517.822	84.9251	517.822	85.5801	517.822	84.4739	517.822	85.3965	517.822	84.2389	517.822	84.926	517.822	83.9335	517.822	83.96	517.822	83.2791	517.822	82.4053	517.822	82.1062	517.822	80.4556	517.822	80.4613	517.822	79.0436	517.822	78.9737	517.822	79.2969	517.822	78.8755	517.822	80.4874	517.822	80.0359	517.822	81.4215	517.822	81.1731	517.822	81.6741
536.133	89.482	536.133	89.3349	536.133	89.4415	536.133	89.0068	536.133	89.2065	536.133	88.5069	536.133	88.7709	536.133	87.8564	536.133	88.1338	536.133	87.102	536.133	87.308	536.133	86.326	536.133	86.3331	536.133	85.6232	536.133	85.2877	536.133	85.025	536.133	84.2752	536.133	84.4289	536.133	83.3565	536.133	83.6237	536.133	82.4784	536.133	82.3931	536.133	81.5153	536.133	80.6589	536.133	80.445	536.133	78.8457	536.133	79.5674	536.133	78.2895	536.133	79.4497	536.133	79.4256	536.133	80.1907	536.133	80.8842	536.133	81.2018	536.133	81.8569	536.133	81.9515	536.133	82.2014
554.443	89.1762	554.443	88.9963	554.443	89.1923	554.443	88.6474	554.443	89.0544	554.443	88.1383	554.443	88.7707	554.443	87.5031	554.443	88.3468	554.443	86.8124	554.443	87.796	554.443	86.1675	554.443	87.1571	554.443	85.6501	554.443	86.5032	554.443	85.241	554.443	85.907	554.443	84.7909	554.443	85.3531	554.443	84.0832	554.443	84.6774	554.443	82.908	554.443	83.602	554.443	81.1059	554.443	81.7949	554.443	78.7163	554.443	78.8811	554.443	76.6627	554.443	74.7964	554.443	76.8099	554.443	73.2059	554.443	78.335	554.443	76.1968	554.443	79.4348	554.443	78.5578	554.443	79.5672
574.219	89.2374	574.219	89.0662	574.219	89.2152	574.219	88.694	574.219	88.9929	574.219	88.1027	574.219	88.5521	574.219	87.2794	574.219	87.8726	574.219	86.256	574.219	86.9534	574.219	85.1828	574.219	85.8562	574.219	84.3712	574.219	84.7645	574.219	84.0779	574.219	83.9697	574.219	84.1186	574.219	83.625	574.219	83.9818	574.219	83.4967	574.219	83.2076	574.219	83.147	574.219	81.4686	574.219	82.2198	574.219	78.6015	574.219	80.5459	574.219	75.678	574.219	78.4185	574.219	76.3245	574.219	77.3342	574.219	78.6926	574.219	78.331	574.219	80.1385	574.219	79.7518	574.219	80.4487
594.727	89.1824	594.727	89.1576	594.727	89.0738	594.727	88.9732	594.727	88.8462	594.727	88.5945	594.727	88.502	594.727	87.9872	594.727	88.0345	594.727	87.137	594.727	87.4365	594.727	86.0854	594.727	86.7143	594.727	84.9742	594.727	85.9072	594.727	84.0289	594.727	85.0919	594.727	83.3737	594.727	84.3359	594.727	82.829	594.727	83.5967	594.727	82.0042	594.727	82.6652	594.727	80.5093	594.727	81.2193	594.727	78.0914	594.727	78.9384	594.727	75.2918	594.727	75.9388	594.727	75.0108	594.727	74.6289	594.727	77.1378	594.727	76.5701	594.727	78.7551	594.727	78.4753	594.727	79.2151
615.234	88.9169	615.234	88.8316	615.234	88.8413	615.234	88.5826	615.234	88.604	615.234	88.162	615.234	88.1972	615.234	87.5554	615.234	87.605	615.234	86.7528	615.234	86.8151	615.234	85.7844	615.234	85.8612	615.234	84.7796	615.234	84.893	615.234	83.9735	615.234	84.1891	615.234	83.5092	615.234	83.9193	615.234	83.1772	615.234	83.8473	615.234	82.5201	615.234	83.4975	615.234	81.0958	615.234	82.4811	615.234	78.611	615.234	80.6367	615.234	75.6374	615.234	78.4252	615.234	75.5797	615.234	77.6933	615.234	78.065	615.234	78.9489	615.234	79.8954	615.234	80.2107	615.234	80.5839
637.207	89.5531	637.207	89.3705	637.207	89.5935	637.207	89.0636	637.207	89.4718	637.207	88.6395	637.207	89.1704	637.207	88.0873	637.207	88.672	637.207	87.3834	637.207	87.9628	637.207	86.5192	637.207	87.0513	637.207	85.5534	637.207	86.0141	637.207	84.6564	637.207	85.0393	637.207	84.0222	637.207	84.3533	637.207	83.609	637.207	83.9659	637.207	83.0553	637.207	83.5514	637.207	81.891	637.207	82.6449	637.207	79.6573	637.207	80.7864	637.207	76.0469	637.207	77.5435	637.207	73.4375	637.207	73.8351	637.207	75.993	637.207	75.1254	637.207	78.4221	637.207	77.96	637.207	79.082
659.912	89.749	659.912	89.6171	659.912	89.7019	659.912	89.3154	659.912	89.4884	659.912	88.8757	659.912	89.1302	659.912	88.3288	659.912	88.6463	659.912	87.6725	659.912	88.0488	659.912	86.8736	659.912	87.344	659.912	85.9387	659.912	86.5452	659.912	85.0168	659.912	85.7019	659.912	84.3642	659.912	84.9167	659.912	84.0072	659.912	84.2645	659.912	83.5502	659.912	83.6286	659.912	82.4846	659.912	82.669	659.912	80.4622	659.912	80.9886	659.912	77.6324	659.912	78.4947	659.912	76.1436	659.912	76.7476	659.912	77.7657	659.912	77.975	659.912	79.6046	659.912	79.7177	659.912	80.3132
683.35	90.1238	683.35	89.9934	683.35	90.0244	683.35	89.6285	683.35	89.6887	683.35	89.009	683.35	89.1088	683.35	88.1118	683.35	88.2866	683.35	86.9622	683.35	87.2511	683.35	85.742	683.35	86.0982	683.35	84.8545	683.35	85.0437	683.35	84.6027	683.35	84.3838	683.35	84.7263	683.35	84.2235	683.35	84.7034	683.35	84.2876	683.35	84.1971	683.35	84.1522	683.35	83.0784	683.35	83.4814	683.35	81.3968	683.35	82.0442	683.35	79.6285	683.35	79.7972	683.35	78.9478	683.35	77.6863	683.35	79.6891	683.35	78.0098	683.35	80.5713	683.35	79.6944	683.35	80.6692
706.787	89.9148	706.787	89.862	706.787	89.7937	706.787	89.6303	706.787	89.5022	706.787	89.2081	706.787	89.0402	706.787	88.571	706.787	88.393	706.787	87.6747	706.787	87.5205	706.787	86.4532	706.787	86.3665	706.787	84.8712	706.787	84.9187	706.787	83.1169	706.787	83.3653	706.787	81.8595	706.787	82.2263	706.787	81.6203	706.787	81.8381	706.787	81.7094	706.787	81.6528	706.787	81.1885	706.787	80.8746	706.787	79.6877	706.787	79.0938	706.787	77.7486	706.787	76.7344	706.787	77.5125	706.787	76.2781	706.787	79.1311	706.787	78.2411	706.787	80.4448	706.787	79.9975	706.787	80.7505
731.689	88.9952	731.689	88.9213	731.689	88.8966	731.689	88.6572	731.689	88.6522	731.689	88.1966	731.689	88.2767	731.689	87.5308	731.689	87.7438	731.689	86.6334	731.689	86.9685	731.689	85.4798	731.689	85.8333	731.689	84.1379	731.689	84.287	731.689	82.9391	731.689	82.5741	731.689	82.4237	731.689	81.4936	731.689	82.5877	731.689	81.6036	731.689	82.6721	731.689	82.1049	731.689	81.9568	731.689	82.0119	731.689	80.0416	731.689	80.82	731.689	77.1064	731.689	78.2975	731.689	75.6051	731.689	75.2246	731.689	77.1359	731.689	75.3653	731.689	78.5711	731.689	77.5827	731.689	78.7656
758.057	88.5379	758.057	88.4387	758.057	88.4405	758.057	88.1878	758.057	88.1437	758.057	87.845	758.057	87.6744	758.057	87.4193	758.057	87.0597	758.057	86.8286	758.057	86.2955	758.057	85.9458	758.057	85.3284	758.057	84.7045	758.057	84.1035	758.057	83.2309	758.057	82.7416	758.057	81.9365	758.057	81.7554	758.057	81.2118	758.057	81.6155	758.057	80.7811	758.057	81.844	758.057	79.8873	758.057	81.5555	758.057	77.8295	758.057	80.1544	758.057	74.4047	758.057	77.3752	758.057	73.5023	758.057	74.6757	758.057	76.8669	758.057	76.1477	758.057	79.1328	758.057	78.6161	758.057	79.6704
784.424	88.1674	784.424	88.1232	784.424	87.984	784.424	87.8246	784.424	87.6316	784.424	87.2918	784.424	87.1751	784.424	86.586	784.424	86.6441	784.424	85.7473	784.424	85.9956	784.424	84.7132	784.424	85.1276	784.424	83.3615	784.424	83.9532	784.424	81.7643	784.424	82.5204	784.424	80.5197	784.424	81.1925	784.424	80.2749	784.424	80.562	784.424	80.4753	784.424	80.5399	784.424	80.0757	784.424	80.1967	784.424	78.3862	784.424	78.6714	784.424	75.0202	784.424	75.3383	784.424	72.5244	784.424	71.4323	784.424	75.4348	784.424	73.9222	784.424	77.9095	784.424	77.1851	784.424	78.4703
812.256	87.8335	812.256	87.6235	812.256	87.8577	812.256	87.2712	812.256	87.6563	812.256	86.7954	812.256	87.2126	812.256	86.1708	812.256	86.5439	812.256	85.3398	812.256	85.6923	812.256	84.2389	812.256	84.6755	812.256	82.8186	812.256	83.4348	812.256	81.1688	812.256	81.9374	812.256	79.9213	812.256	80.5726	812.256	79.9477	812.256	80.2395	812.256	80.544	812.256	80.8113	812.256	80.3314	812.256	81.0852	812.256	78.5676	812.256	80.2772	812.256	75.1725	812.256	77.9613	812.256	73.5616	812.256	74.4212	812.256	76.2688	812.256	74.3689	812.256	78.3048	812.256	77.2728	812.256	78.6728
840.82	88.1799	840.82	88.0574	840.82	88.0435	840.82	87.6817	840.82	87.7181	840.82	87.1233	840.82	87.3138	840.82	86.4659	840.82	86.8961	840.82	85.708	840.82	86.3976	840.82	84.6808	840.82	85.6058	840.82	83.0927	840.82	84.2326	840.82	80.725	840.82	81.9911	840.82	78.0212	840.82	78.7791	840.82	77.0001	840.82	75.9935	840.82	77.7747	840.82	76.6194	840.82	77.9178	840.82	78.0271	840.82	76.4044	840.82	77.8861	840.82	73.3928	840.82	75.7523	840.82	72.9191	840.82	72.6764	840.82	76.1453	840.82	74.3807	840.82	78.3665	840.82	77.5464	840.82	78.8641
870.85	88.4141	870.85	88.1609	870.85	88.376	870.85	87.6299	870.85	88.0505	870.85	86.9105	870.85	87.45	870.85	86.1774	870.85	86.6557	870.85	85.5536	870.85	85.869	870.85	84.9612	870.85	85.2852	870.85	84.192	870.85	84.8195	870.85	83.0559	870.85	84.1175	870.85	81.4597	870.85	82.8729	870.85	79.6189	870.85	81.1123	870.85	78.2616	870.85	79.3988	870.85	77.5247	870.85	78.2924	870.85	76.0918	870.85	77.1283	870.85	72.5968	870.85	74.5248	870.85	69.7889	870.85	69.6302	870.85	74.0552	870.85	70.9914	870.85	76.8952	870.85	75.5545	870.85	77.3654
901.611	88.7893	901.611	88.5856	901.611	88.6876	901.611	88.0855	901.611	88.2975	901.611	87.3298	901.611	87.6642	901.611	86.3897	901.611	86.8645	901.611	85.3348	901.611	85.9724	901.611	84.1692	901.611	84.9754	901.611	82.7837	901.611	83.7484	901.611	80.9865	901.611	82.1625	901.611	78.7485	901.611	80.281	901.611	76.9512	901.611	78.686	901.611	76.8337	901.611	78.3049	901.611	77.0278	901.611	78.7002	901.611	75.7751	901.611	78.4841	901.611	72.3473	901.611	76.8972	901.611	70.6032	901.611	74.2719	901.611	74.8002	901.611	73.8637	901.611	77.3661	901.611	76.1976	901.611	77.6956
933.105	88.7425	933.105	88.5678	933.105	88.6413	933.105	88.1391	933.105	88.2499	933.105	87.477	933.105	87.5822	933.105	86.6019	933.105	86.708	933.105	85.5504	933.105	85.7575	933.105	84.3764	933.105	84.8427	933.105	83.0862	933.105	83.9118	933.105	81.5904	933.105	82.7166	933.105	79.8549	933.105	80.9945	933.105	78.3186	933.105	78.9447	933.105	77.7969	933.105	77.8605	933.105	77.7397	933.105	78.051	933.105	76.4666	933.105	77.6016	933.105	72.2716	933.105	75.286	933.105	67.8493	933.105	71.6652	933.105	74.235	933.105	72.8732	933.105	77.339	933.105	76.2099	933.105	77.7744
966.064	88.8839	966.064	88.6159	966.064	88.7086	966.064	87.932	966.064	88.0866	966.064	86.8993	966.064	87.0429	966.064	85.6756	966.064	85.6658	966.064	84.5579	966.064	84.1721	966.064	83.7975	966.064	82.9118	966.064	83.1815	966.064	82.1291	966.064	82.1416	966.064	81.6603	966.064	80.4156	966.064	81.0949	966.064	78.8701	966.064	80.2588	966.064	78.8359	966.064	79.5702	966.064	79.0666	966.064	79.3797	966.064	77.8477	966.064	78.7905	966.064	74.2199	966.064	76.3625	966.064	70.0362	966.064	70.6989	966.064	74.3625	966.064	71.9739	966.064	77.7549	966.064	77.0192	966.064	78.6349
999.756	87.8778	999.756	87.7688	999.756	87.7587	999.756	87.4195	999.756	87.3713	999.756	86.7744	999.756	86.6549	999.756	85.7897	999.756	85.5941	999.756	84.5257	999.756	84.3089	999.756	83.1873	999.756	83.0803	999.756	81.9741	999.756	82.1007	999.756	80.8893	999.756	81.1252	999.756	79.8256	999.756	79.7281	999.756	78.7919	999.756	77.8638	999.756	78.0471	999.756	76.1215	999.756	77.5383	999.756	75.1854	999.756	76.2819	999.756	74.6096	999.756	73.1628	999.756	72.8908	999.756	68.9063	999.756	68.045	999.756	70.9911	999.756	67.5138	999.756	74.2714	999.756	73.332	999.756	75.2082
1034.91	87.4526	1034.91	87.2138	1034.91	87.3877	1034.91	86.7016	1034.91	87.0131	1034.91	85.9435	1034.91	86.3562	1034.91	84.9866	1034.91	85.4601	1034.91	83.945	1034.91	84.3979	1034.91	82.9417	1034.91	83.2779	1034.91	81.9298	1034.91	82.139	1034.91	80.6077	1034.91	80.8935	1034.91	78.6644	1034.91	79.4579	1034.91	76.617	1034.91	77.8943	1034.91	76.1065	1034.91	76.563	1034.91	76.2969	1034.91	75.9039	1034.91	75.0676	1034.91	75.4361	1034.91	71.0188	1034.91	73.9177	1034.91	62.2872	1034.91	70.1427	1034.91	69.5411	1034.91	68.4641	1034.91	74.2247	1034.91	73.2468	1034.91	75.2601
1071.53	87.5895	1071.53	87.3187	1071.53	87.5844	1071.53	86.8287	1071.53	87.2193	1071.53	86.0871	1071.53	86.4712	1071.53	85.0209	1071.53	85.4051	1071.53	83.6768	1071.53	84.1102	1071.53	82.3659	1071.53	82.6744	1071.53	81.4628	1071.53	81.379	1071.53	80.8334	1071.53	80.5624	1071.53	79.9065	1071.53	79.812	1071.53	78.4418	1071.53	78.4056	1071.53	77.1652	1071.53	76.9117	1071.53	76.7662	1071.53	76.8963	1071.53	76.0034	1071.53	76.8787	1071.53	73.1034	1071.53	74.8412	1071.53	67.0223	1071.53	69.3978	1071.53	70.7952	1071.53	65.7771	1071.53	74.7595	1071.53	72.3263	1071.53	75.097
1109.62	87.4591	1109.62	87.444	1109.62	87.2178	1109.62	87.0784	1109.62	86.7767	1109.62	86.3456	1109.62	86.1078	1109.62	85.3618	1109.62	85.1446	1109.62	84.2451	1109.62	83.8849	1109.62	82.9634	1109.62	82.4484	1109.62	81.4837	1109.62	80.9309	1109.62	79.9074	1109.62	79.1676	1109.62	78.2509	1109.62	76.9088	1109.62	76.7029	1109.62	74.7731	1109.62	76.4196	1109.62	74.7494	1109.62	77.3317	1109.62	76.2002	1109.62	77.3859	1109.62	76.726	1109.62	75.1867	1109.62	74.9025	1109.62	69.857	1109.62	68.3577	1109.62	69.7559	1109.62	64.305	1109.62	73.9593	1109.62	72.6787	1109.62	74.8976
1148.44	87.6675	1148.44	87.3484	1148.44	87.6027	1148.44	86.7844	1148.44	87.1619	1148.44	86.0914	1148.44	86.4432	1148.44	85.1828	1148.44	85.4359	1148.44	83.9019	1148.44	84.0247	1148.44	82.3879	1148.44	82.3883	1148.44	81.1971	1148.44	81.2143	1148.44	80.4492	1148.44	80.6507	1148.44	79.0956	1148.44	79.805	1148.44	76.1604	1148.44	77.8467	1148.44	73.8794	1148.44	75.1307	1148.44	75.662	1148.44	75.0243	1148.44	76.4149	1148.44	76.3654	1148.44	74.2328	1148.44	75.6319	1148.44	68.1965	1148.44	70.9512	1148.44	67.7233	1148.44	64.7511	1148.44	72.9982	1148.44	72.6323	1148.44	74.6644
1189.45	87.8089	1189.45	87.6235	1189.45	87.7037	1189.45	87.1125	1189.45	87.265	1189.45	86.1928	1189.45	86.5055	1189.45	84.889	1189.45	85.5469	1189.45	83.3633	1189.45	84.4941	1189.45	81.8287	1189.45	83.3357	1189.45	80.5237	1189.45	82.0181	1189.45	79.4779	1189.45	80.5278	1189.45	78.1749	1189.45	78.7829	1189.45	75.9294	1189.45	76.4596	1189.45	73.4362	1189.45	73.7103	1189.45	74.1444	1189.45	73.7431	1189.45	75.6041	1189.45	76.1004	1189.45	74.6293	1189.45	76.6673	1189.45	69.4135	1189.45	73.9332	1189.45	66.1871	1189.45	68.6429	1189.45	73.4134	1189.45	72.7378	1189.45	75.0938
1231.2	87.6588	1231.2	87.3796	1231.2	87.6015	1231.2	86.7877	1231.2	87.1541	1231.2	85.917	1231.2	86.3257	1231.2	84.8544	1231.2	85.243	1231.2	83.5806	1231.2	84.0207	1231.2	81.9247	1231.2	82.6588	1231.2	79.9072	1231.2	81.2647	1231.2	78.2056	1231.2	80.0934	1231.2	77.1608	1231.2	78.9203	1231.2	75.2546	1231.2	77.0758	1231.2	71.6001	1231.2	74.6936	1231.2	71.6955	1231.2	74.2034	1231.2	73.9846	1231.2	75.1752	1231.2	73.6661	1231.2	74.4425	1231.2	69.6603	1231.2	70.3106	1231.2	67.8102	1231.2	65.9222	1231.2	73.4943	1231.2	72.2401	1231.2	74.8128
1274.41	87.5588	1274.41	87.3428	1274.41	87.4014	1274.41	86.7838	1274.41	86.8829	1274.41	85.9059	1274.41	86.051	1274.41	84.6992	1274.41	84.9717	1274.41	83.3064	1274.41	83.6226	1274.41	81.9666	1274.41	81.9962	1274.41	80.6848	1274.41	80.5538	1274.41	79.3534	1274.41	79.6628	1274.41	77.7135	1274.41	78.6651	1274.41	75.3864	1274.41	76.9429	1274.41	72.8348	1274.41	74.9552	1274.41	71.6751	1274.41	74.1351	1274.41	72.8305	1274.41	74.6441	1274.41	73.1951	1274.41	74.1458	1274.41	69.0592	1274.41	70.326	1274.41	65.3673	1274.41	64.124	1274.41	72.4733	1274.41	71.075	1274.41	73.9221
1319.82	87.5916	1319.82	87.2163	1319.82	87.6057	1319.82	86.5789	1319.82	87.0659	1319.82	85.5815	1319.82	86.028	1319.82	84.2014	1319.82	84.8346	1319.82	82.5996	1319.82	83.631	1319.82	80.8454	1319.82	82.0664	1319.82	78.9942	1319.82	80.0466	1319.82	77.4904	1319.82	78.3036	1319.82	76.4269	1319.82	77.0239	1319.82	74.8746	1319.82	75.5333	1319.82	72.6458	1319.82	73.2394	1319.82	73.2152	1319.82	70.6781	1319.82	74.6385	1319.82	72.1738	1319.82	73.3474	1319.82	73.6739	1319.82	67.4274	1319.82	71.11	1319.82	63.537	1319.82	66.1272	1319.82	72.2112	1319.82	72.4338	1319.82	74.4321
1365.97	87.6014	1365.97	87.3393	1365.97	87.4973	1365.97	86.5823	1365.97	86.9523	1365.97	85.3204	1365.97	85.7941	1365.97	83.882	1365.97	84.1849	1365.97	82.571	1365.97	82.6311	1365.97	81.1813	1365.97	81.3123	1365.97	79.2872	1365.97	80.0278	1365.97	77.0314	1365.97	78.6195	1365.97	75.7531	1365.97	76.8858	1365.97	75.5687	1365.97	74.6243	1365.97	74.0406	1365.97	70.7625	1365.97	70.985	1365.97	67.66	1365.97	72.0485	1365.97	72.7444	1365.97	72.7747	1365.97	74.5023	1365.97	69.2989	1365.97	71.5564	1365.97	67.1407	1365.97	64.3432	1365.97	73.368	1365.97	71.3533	1365.97	74.5867
1414.31	87.2974	1414.31	87.073	1414.31	87.2983	1414.31	86.6675	1414.31	86.8512	1414.31	85.8535	1414.31	85.8668	1414.31	84.4981	1414.31	84.5537	1414.31	82.7973	1414.31	83.248	1414.31	81.0675	1414.31	81.8454	1414.31	79.5963	1414.31	79.6382	1414.31	78.4957	1414.31	76.6343	1414.31	77.3021	1414.31	74.773	1414.31	75.7197	1414.31	74.4593	1414.31	74.4076	1414.31	73.4604	1414.31	73.141	1414.31	71.4645	1414.31	72.122	1414.31	71.6249	1414.31	72.1146	1414.31	73.1838	1414.31	69.0482	1414.31	70.8446	1414.31	65.3485	1414.31	59.4261	1414.31	73.4488	1414.31	69.996	1414.31	74.402
1464.11	87.9404	1464.11	87.7682	1464.11	87.6529	1464.11	87.0068	1464.11	87.073	1464.11	85.6313	1464.11	86.2537	1464.11	83.9212	1464.11	85.08	1464.11	82.4722	1464.11	83.3685	1464.11	81.2431	1464.11	81.0641	1464.11	79.2319	1464.11	78.8228	1464.11	76.1354	1464.11	77.4212	1464.11	74.0675	1464.11	76.2304	1464.11	74.2887	1464.11	75.1135	1464.11	73.0917	1464.11	74.1093	1464.11	70.0001	1464.11	72.2421	1464.11	71.1623	1464.11	71.2751	1464.11	71.1979	1464.11	71.1723	1464.11	64.187	1464.11	67.5408	1464.11	64.4275	1464.11	55.5059	1464.11	71.4837	1464.11	66.372	1464.11	71.5437
1515.38	88.085	1515.38	87.8726	1515.38	87.828	1515.38	87.1757	1515.38	87.1196	1515.38	86.0826	1515.38	85.9835	1515.38	84.7806	1515.38	84.5349	1515.38	83.2589	1515.38	83.1062	1515.38	81.2682	1515.38	81.9376	1515.38	79.0331	1515.38	80.6507	1515.38	77.5443	1515.38	78.7123	1515.38	76.6014	1515.38	76.1527	1515.38	75.5521	1515.38	73.688	1515.38	73.6373	1515.38	72.913	1515.38	68.7463	1515.38	72.6045	1515.38	71.3984	1515.38	69.5844	1515.38	72.6373	1515.38	68.5956	1515.38	65.8884	1515.38	68.6374	1515.38	63.4817	1515.38	60.2067	1515.38	71.9189	1515.38	69.3768	1515.38	73.6657
1568.85	87.7187	1568.85	87.4345	1568.85	87.5869	1568.85	86.6471	1568.85	87.0111	1568.85	85.5423	1568.85	85.7877	1568.85	84.294	1568.85	84.2733	1568.85	83.0867	1568.85	83.0623	1568.85	81.9422	1568.85	81.7998	1568.85	80.0497	1568.85	79.9563	1568.85	77.2264	1568.85	77.9056	1568.85	74.8438	1568.85	76.1297	1568.85	73.6618	1568.85	74.5535	1568.85	73.0402	1568.85	73.0494	1568.85	70.9777	1568.85	72.6788	1568.85	69.2889	1568.85	73.1603	1568.85	72.9326	1568.85	73.3212	1568.85	71.5926	1568.85	70.9536	1568.85	64.3041	1568.85	60.5792	1568.85	71.6947	1568.85	69.4033	1568.85	73.1944
1624.51	87.062	1624.51	86.7336	1624.51	86.7334	1624.51	85.9651	1624.51	85.9648	1624.51	85.0395	1624.51	85.0391	1624.51	83.753	1624.51	83.7524	1624.51	82.2274	1624.51	82.2268	1624.51	80.8261	1624.51	80.8255	1624.51	78.8363	1624.51	78.8356	1624.51	77.1636	1624.51	77.1631	1624.51	76.2589	1624.51	76.2585	1624.51	74.2736	1624.51	74.2732	1624.51	73.1818	1624.51	73.1815	1624.51	71.8107	1624.51	71.8107	1624.51	70.998	1624.51	70.9976	1624.51	71.7635	1624.51	71.7632	1624.51	70.6653	1624.51	70.6658	1624.51	62.56	1624.51	62.5643	1624.51	69.0189	1624.51	69.0159	1624.51	73.6714
1681.64	86.9031	1681.64	86.6474	1681.64	86.6471	1681.64	85.9064	1681.64	85.906	1681.64	84.6771	1681.64	84.6766	1681.64	83.2157	1681.64	83.2151	1681.64	81.9846	1681.64	81.984	1681.64	80.5937	1681.64	80.5931	1681.64	79.0851	1681.64	79.0845	1681.64	77.7719	1681.64	77.7714	1681.64	75.4428	1681.64	75.4424	1681.64	73.4223	1681.64	73.4219	1681.64	72.5864	1681.64	72.5861	1681.64	71.1457	1681.64	71.1456	1681.64	69.5297	1681.64	69.5294	1681.64	71.8292	1681.64	71.8284	1681.64	71.8414	1681.64	71.842	1681.64	63.1023	1681.64	63.1064	1681.64	67.0531	1681.64	67.0504	1681.64	71.1405
1740.97	87.3674	1740.97	87.0465	1740.97	87.0463	1740.97	86.2135	1740.97	86.2131	1740.97	85.0918	1740.97	85.0913	1740.97	83.6856	1740.97	83.685	1740.97	81.8816	1740.97	81.8809	1740.97	80.4169	1740.97	80.4164	1740.97	78.8932	1740.97	78.8926	1740.97	76.0193	1740.97	76.0188	1740.97	75.3742	1740.97	75.3738	1740.97	74.4241	1740.97	74.4238	1740.97	71.6326	1740.97	71.6323	1740.97	71.3201	1740.97	71.32	1740.97	68.7159	1740.97	68.7157	1740.97	71.2495	1740.97	71.2487	1740.97	71.2084	1740.97	71.209	1740.97	63.6308	1740.97	63.6333	1740.97	66.658	1740.97	66.6561	1740.97	69.6678
1802.49	87.6452	1802.49	87.5713	1802.49	87.5712	1802.49	86.9146	1802.49	86.9142	1802.49	85.7626	1802.49	85.7621	1802.49	84.5849	1802.49	84.5843	1802.49	82.9165	1802.49	82.9158	1802.49	81.071	1802.49	81.0704	1802.49	79.3455	1802.49	79.3449	1802.49	77.4754	1802.49	77.4749	1802.49	75.905	1802.49	75.9045	1802.49	74.0833	1802.49	74.0829	1802.49	71.546	1802.49	71.5458	1802.49	70.0957	1802.49	70.0954	1802.49	69.2803	1802.49	69.2802	1802.49	70.3138	1802.49	70.3127	1802.49	72.6663	1802.49	72.6662	1802.49	68.0464	1802.49	68.0486	1802.49	66.4012	1802.49	66.3991	1802.49	69.9708
1866.21	87.9843	1866.21	87.4981	1866.21	87.4979	1866.21	86.7756	1866.21	86.7753	1866.21	86.0678	1866.21	86.0674	1866.21	84.7717	1866.21	84.7711	1866.21	83.3425	1866.21	83.3419	1866.21	81.914	1866.21	81.9134	1866.21	80.4212	1866.21	80.4207	1866.21	78.0812	1866.21	78.0807	1866.21	75.4998	1866.21	75.4994	1866.21	75.4132	1866.21	75.4128	1866.21	73.5123	1866.21	73.5121	1866.21	71.7852	1866.21	71.7851	1866.21	69.3939	1866.21	69.3941	1866.21	71.1222	1866.21	71.1211	1866.21	72.4995	1866.21	72.4998	1866.21	65.7149	1866.21	65.718	1866.21	65.4751	1866.21	65.4721	1866.21	70.2014
1932.13	86.9591	1932.13	86.6656	1932.13	86.6653	1932.13	86.0088	1932.13	86.0085	1932.13	85.0922	1932.13	85.0917	1932.13	84.0941	1932.13	84.0936	1932.13	82.8301	1932.13	82.8295	1932.13	81.0624	1932.13	81.0618	1932.13	79.7721	1932.13	79.7716	1932.13	77.8493	1932.13	77.8487	1932.13	75.7866	1932.13	75.7862	1932.13	74.7555	1932.13	74.7552	1932.13	72.7971	1932.13	72.7969	1932.13	71.8123	1932.13	71.8121	1932.13	69.4138	1932.13	69.4141	1932.13	68.431	1932.13	68.4302	1932.13	71.3094	1932.13	71.309	1932.13	67.9135	1932.13	67.9158	1932.13	63.8599	1932.13	63.856	1932.13	69.9678
2000.24	86.6967	2000.24	86.6686	2000.24	86.6685	2000.24	86.0067	2000.24	86.0062	2000.24	84.803	2000.24	84.8025	2000.24	83.7876	2000.24	83.7871	2000.24	82.543	2000.24	82.5424	2000.24	80.8587	2000.24	80.8581	2000.24	79.0358	2000.24	79.0352	2000.24	77.5099	2000.24	77.5094	2000.24	75.5229	2000.24	75.5224	2000.24	73.7838	2000.24	73.7834	2000.24	72.4207	2000.24	72.4205	2000.24	71.2971	2000.24	71.2968	2000.24	69.3493	2000.24	69.3496	2000.24	69.2148	2000.24	69.2137	2000.24	71.2589	2000.24	71.259	2000.24	65.8497	2000.24	65.8523	2000.24	61.2431	2000.24	61.2398	2000.24	66.9196
2070.56	87.5649	2070.56	87.2415	2070.56	87.2413	2070.56	86.6824	2070.56	86.6822	2070.56	85.8663	2070.56	85.8658	2070.56	84.3911	2070.56	84.3905	2070.56	83.0723	2070.56	83.0717	2070.56	81.6018	2070.56	81.6012	2070.56	79.7392	2070.56	79.7387	2070.56	78.0764	2070.56	78.0759	2070.56	74.9088	2070.56	74.9083	2070.56	74.1594	2070.56	74.159	2070.56	72.7557	2070.56	72.7556	2070.56	69.6092	2070.56	69.6088	2070.56	70.1908	2070.56	70.1907	2070.56	68.7659	2070.56	68.7652	2070.56	71.8161	2070.56	71.8158	2070.56	68.2755	2070.56	68.2775	2070.56	61.4321	2070.56	61.4293	2070.56	67.1904
2143.8	87.3664	2143.8	87.1265	2143.8	87.1264	2143.8	86.62	2143.8	86.6197	2143.8	85.9183	2143.8	85.9178	2143.8	84.6626	2143.8	84.662	2143.8	83.0551	2143.8	83.0545	2143.8	81.4498	2143.8	81.4492	2143.8	79.6901	2143.8	79.6895	2143.8	77.9754	2143.8	77.9749	2143.8	75.6607	2143.8	75.6602	2143.8	74.0517	2143.8	74.0513	2143.8	72.6876	2143.8	72.6874	2143.8	70.7681	2143.8	70.7679	2143.8	70.0533	2143.8	70.0532	2143.8	69.1523	2143.8	69.1518	2143.8	71.8427	2143.8	71.8422	2143.8	69.0106	2143.8	69.0126	2143.8	62.0493	2143.8	62.0454	2143.8	68.7851
2219.24	86.4701	2219.24	86.4419	2219.24	86.4418	2219.24	85.9752	2219.24	85.9749	2219.24	85.118	2219.24	85.1176	2219.24	84.2136	2219.24	84.2131	2219.24	82.9336	2219.24	82.933	2219.24	81.0757	2219.24	81.075	2219.24	78.7776	2219.24	78.777	2219.24	77.4444	2219.24	77.444	2219.24	75.808	2219.24	75.8075	2219.24	73.0519	2219.24	73.0516	2219.24	72.4222	2219.24	72.4219	2219.24	71.5011	2219.24	71.5009	2219.24	70.4296	2219.24	70.4293	2219.24	68.7956	2219.24	68.7958	2219.24	70.4747	2219.24	70.4736	2219.24	70.5056	2219.24	70.5068	2219.24	59.7885	2219.24	59.7899	2219.24	63.7083
2297.61	87.063	2297.61	86.7229	2297.61	86.7227	2297.61	86.1712	2297.61	86.1709	2297.61	85.5801	2297.61	85.5797	2297.61	84.5714	2297.61	84.5708	2297.61	83.136	2297.61	83.1353	2297.61	81.4708	2297.61	81.4702	2297.61	79.3861	2297.61	79.3855	2297.61	77.4757	2297.61	77.4752	2297.61	75.9336	2297.61	75.9331	2297.61	73.8509	2297.61	73.8506	2297.61	72.5163	2297.61	72.5161	2297.61	70.5352	2297.61	70.5349	2297.61	70.9107	2297.61	70.9104	2297.61	69.8243	2297.61	69.8241	2297.61	70.7992	2297.61	70.7987	2297.61	69.4629	2297.61	69.4639	2297.61	60.5	2297.61	60.5023	2297.61	63.3679
2378.17	87.3757	2378.17	86.9749	2378.17	86.9747	2378.17	86.4697	2378.17	86.4694	2378.17	85.8021	2378.17	85.8017	2378.17	84.7673	2378.17	84.7668	2378.17	83.6354	2378.17	83.6348	2378.17	81.9023	2378.17	81.9016	2378.17	79.6508	2378.17	79.6501	2378.17	77.553	2378.17	77.5526	2378.17	76.3598	2378.17	76.3594	2378.17	73.5065	2378.17	73.5061	2378.17	71.9588	2378.17	71.9585	2378.17	70.9741	2378.17	70.9739	2378.17	70.5982	2378.17	70.5977	2378.17	71.0409	2378.17	71.0407	2378.17	70.7037	2378.17	70.7036	2378.17	68.7498	2378.17	68.7509	2378.17	62.2331	2378.17	62.2337	2378.17	64.4752
2462.4	86.56	2462.4	86.2863	2462.4	86.2861	2462.4	85.7996	2462.4	85.7994	2462.4	85.3465	2462.4	85.3461	2462.4	84.3818	2462.4	84.3813	2462.4	83.324	2462.4	83.3234	2462.4	81.6831	2462.4	81.6825	2462.4	79.372	2462.4	79.3714	2462.4	76.9482	2462.4	76.9476	2462.4	75.4412	2462.4	75.4408	2462.4	73.8007	2462.4	73.8004	2462.4	72.0455	2462.4	72.0451	2462.4	71.34	2462.4	71.3399	2462.4	70.0801	2462.4	70.0799	2462.4	69.7882	2462.4	69.7879	2462.4	70.7944	2462.4	70.794	2462.4	69.3939	2462.4	69.3947	2462.4	64.6366	2462.4	64.6378	2462.4	62.043
2548.83	86.4019	2548.83	86.3115	2548.83	86.3113	2548.83	85.8481	2548.83	85.8478	2548.83	85.3868	2548.83	85.3864	2548.83	84.451	2548.83	84.4505	2548.83	83.127	2548.83	83.1264	2548.83	81.348	2548.83	81.3473	2548.83	78.9559	2548.83	78.9553	2548.83	76.2378	2548.83	76.2372	2548.83	74.8464	2548.83	74.846	2548.83	73.7875	2548.83	73.7872	2548.83	71.5884	2548.83	71.5881	2548.83	70.4954	2548.83	70.4952	2548.83	69.7514	2548.83	69.7509	2548.83	69.6369	2548.83	69.6365	2548.83	72.0566	2548.83	72.0558	2548.83	70.6369	2548.83	70.6383	2548.83	61.0945	2548.83	61.0958	2548.83	61.1346
2638.92	87.1516	2638.92	87.1143	2638.92	87.1142	2638.92	86.8237	2638.92	86.8235	2638.92	86.2864	2638.92	86.286	2638.92	85.2995	2638.92	85.299	2638.92	83.8456	2638.92	83.845	2638.92	81.6945	2638.92	81.6938	2638.92	79.3287	2638.92	79.3281	2638.92	77.1525	2638.92	77.1519	2638.92	75.0258	2638.92	75.0254	2638.92	73.6142	2638.92	73.6139	2638.92	70.4096	2638.92	70.4094	2638.92	70.8552	2638.92	70.8549	2638.92	69.2101	2638.92	69.2099	2638.92	70.0626	2638.92	70.0624	2638.92	70.3418	2638.92	70.3407	2638.92	71.2603	2638.92	71.2613	2638.92	57.0332	2638.92	57.0379	2638.92	63.8207
2731.93	86.5283	2731.93	86.394	2731.93	86.3939	2731.93	86.3027	2731.93	86.3025	2731.93	85.9931	2731.93	85.9927	2731.93	85.0701	2731.93	85.0696	2731.93	83.7305	2731.93	83.7299	2731.93	81.7136	2731.93	81.7128	2731.93	79.1863	2731.93	79.1857	2731.93	77.4938	2731.93	77.4933	2731.93	75.0564	2731.93	75.056	2731.93	73.3692	2731.93	73.3689	2731.93	71.7096	2731.93	71.7094	2731.93	70.0309	2731.93	70.0305	2731.93	70.8817	2731.93	70.8813	2731.93	70.4616	2731.93	70.4619	2731.93	68.9078	2731.93	68.9066	2731.93	71.5691	2731.93	71.5694	2731.93	61.6592	2731.93	61.6645	2731.93	60.3759
2828.61	86.0093	2828.61	85.8839	2828.61	85.8838	2828.61	85.7449	2828.61	85.7447	2828.61	85.483	2828.61	85.4827	2828.61	84.7351	2828.61	84.7346	2828.61	83.3593	2828.61	83.3587	2828.61	81.3217	2828.61	81.321	2828.61	78.6807	2828.61	78.6801	2828.61	77.1239	2828.61	77.1234	2828.61	75.2957	2828.61	75.2953	2828.61	73.2739	2828.61	73.2736	2828.61	71.9777	2828.61	71.9775	2828.61	69.9237	2828.61	69.9234	2828.61	70.6456	2828.61	70.6451	2828.61	72.1253	2828.61	72.1249	2828.61	69.9148	2828.61	69.9151	2828.61	72.4404	2828.61	72.44	2828.61	66.7626	2828.61	66.7661	2828.61	52.4041
2928.22	86.1891	2928.22	86.138	2928.22	86.1379	2928.22	86.1117	2928.22	86.1116	2928.22	85.7724	2928.22	85.7721	2928.22	84.9254	2928.22	84.9248	2928.22	83.3736	2928.22	83.373	2928.22	81.4762	2928.22	81.4755	2928.22	78.1471	2928.22	78.1464	2928.22	76.321	2928.22	76.3206	2928.22	75.2132	2928.22	75.2128	2928.22	72.5063	2928.22	72.506	2928.22	70.7077	2928.22	70.7074	2928.22	69.7276	2928.22	69.7273	2928.22	70.7018	2928.22	70.7014	2928.22	71.2342	2928.22	71.2336	2928.22	70.9657	2928.22	70.9663	2928.22	69.6791	2928.22	69.6783	2928.22	67.6297	2928.22	67.6319	2928.22	58.3989
3031.49	86.2566	3031.49	86.3359	3031.49	86.3359	3031.49	86.5698	3031.49	86.5696	3031.49	86.005	3031.49	86.0046	3031.49	84.9411	3031.49	84.9405	3031.49	83.1206	3031.49	83.12	3031.49	81.8003	3031.49	81.7997	3031.49	78.8635	3031.49	78.8627	3031.49	75.5601	3031.49	75.5595	3031.49	74.5262	3031.49	74.5257	3031.49	72.2409	3031.49	72.2406	3031.49	68.8952	3031.49	68.895	3031.49	69.0186	3031.49	69.0185	3031.49	66.9402	3031.49	66.9399	3031.49	70.014	3031.49	70.013	3031.49	72.207	3031.49	72.2069	3031.49	70.3625	3031.49	70.363	3031.49	65.5855	3031.49	65.5875	3031.49	60.6526
3138.43	86.1785	3138.43	86.3784	3138.43	86.3785	3138.43	86.6633	3138.43	86.6631	3138.43	86.3774	3138.43	86.377	3138.43	85.4145	3138.43	85.4139	3138.43	83.2308	3138.43	83.23	3138.43	81.1782	3138.43	81.1776	3138.43	79.6665	3138.43	79.6659	3138.43	76.6945	3138.43	76.6938	3138.43	74.0032	3138.43	74.0028	3138.43	72.9736	3138.43	72.9732	3138.43	70.1535	3138.43	70.1535	3138.43	68.2528	3138.43	68.2522	3138.43	68.1189	3138.43	68.1191	3138.43	68.0517	3138.43	68.0504	3138.43	71.571	3138.43	71.5707	3138.43	69.7187	3138.43	69.7194	3138.43	65.2767	3138.43	65.2778	3138.43	64.6536
3249.02	85.9628	3249.02	86.1168	3249.02	86.1168	3249.02	86.5726	3249.02	86.5725	3249.02	86.467	3249.02	86.4667	3249.02	85.6162	3249.02	85.6156	3249.02	83.3408	3249.02	83.34	3249.02	80.7034	3249.02	80.7027	3249.02	79.6032	3249.02	79.6028	3249.02	77.8171	3249.02	77.8164	3249.02	74.6203	3249.02	74.6199	3249.02	73.1644	3249.02	73.164	3249.02	71.6051	3249.02	71.6048	3249.02	69.6007	3249.02	69.6002	3249.02	70.6845	3249.02	70.6846	3249.02	67.8475	3249.02	67.8468	3249.02	70.4631	3249.02	70.4625	3249.02	69.9121	3249.02	69.9128	3249.02	62.9366	3249.02	62.9399	3249.02	61.7847
3363.28	86.3121	3363.28	86.4376	3363.28	86.4376	3363.28	86.5827	3363.28	86.5826	3363.28	86.4087	3363.28	86.4084	3363.28	85.4264	3363.28	85.4258	3363.28	83.2825	3363.28	83.2818	3363.28	80.9886	3363.28	80.9879	3363.28	78.346	3363.28	78.3455	3363.28	77.8346	3363.28	77.8341	3363.28	74.9088	3363.28	74.9084	3363.28	72.6733	3363.28	72.6731	3363.28	70.8121	3363.28	70.8116	3363.28	69.8837	3363.28	69.8833	3363.28	71.6188	3363.28	71.6187	3363.28	68.981	3363.28	68.9805	3363.28	69.8091	3363.28	69.809	3363.28	70.2899	3363.28	70.2899	3363.28	64.8643	3363.28	64.8679	3363.28	55.4032
3481.93	86.5351	3481.93	86.9409	3481.93	86.9409	3481.93	87.028	3481.93	87.0279	3481.93	86.7659	3481.93	86.7656	3481.93	85.5915	3481.93	85.5908	3481.93	83.3463	3481.93	83.3456	3481.93	81.5452	3481.93	81.5446	3481.93	78.8988	3481.93	78.898	3481.93	76.0004	3481.93	76	3481.93	74.3808	3481.93	74.3804	3481.93	72.7338	3481.93	72.7335	3481.93	70.5004	3481.93	70.5	3481.93	70.3995	3481.93	70.3993	3481.93	70.5674	3481.93	70.5674	3481.93	67.8938	3481.93	67.8927	3481.93	70.8566	3481.93	70.8567	3481.93	71.072	3481.93	71.0717	3481.93	64.1815	3481.93	64.186	3481.93	52.5475
3604.98	86.8577	3604.98	87.3708	3604.98	87.3708	3604.98	87.1084	3604.98	87.1081	3604.98	86.6135	3604.98	86.6131	3604.98	85.3909	3604.98	85.3902	3604.98	83.173	3604.98	83.1722	3604.98	80.9652	3604.98	80.9647	3604.98	79.7314	3604.98	79.7309	3604.98	76.8671	3604.98	76.8665	3604.98	73.7878	3604.98	73.7874	3604.98	73.0294	3604.98	73.029	3604.98	70.7198	3604.98	70.7194	3604.98	70.1769	3604.98	70.1769	3604.98	70.0064	3604.98	70.0063	3604.98	67.189	3604.98	67.188	3604.98	71.9532	3604.98	71.9532	3604.98	69.9718	3604.98	69.9714	3604.98	66.768	3604.98	66.771	3604.98	50.9097
3732.42	86.0162	3732.42	86.7567	3732.42	86.7568	3732.42	86.6722	3732.42	86.6719	3732.42	86.2147	3732.42	86.2143	3732.42	84.8542	3732.42	84.8535	3732.42	82.4466	3732.42	82.4458	3732.42	80.3651	3732.42	80.3645	3732.42	80.0349	3732.42	80.0344	3732.42	77.7987	3732.42	77.7981	3732.42	73.3116	3732.42	73.3111	3732.42	73.1497	3732.42	73.1492	3732.42	71.492	3732.42	71.4917	3732.42	70.3375	3732.42	70.3375	3732.42	68.6188	3732.42	68.6185	3732.42	68.9758	3732.42	68.9752	3732.42	70.9855	3732.42	70.9856	3732.42	68.4293	3732.42	68.4292	3732.42	66.1571	3732.42	66.1599	3732.42	54.2366
3863.53	86.5153	3863.53	86.924	3863.53	86.9239	3863.53	86.4606	3863.53	86.4603	3863.53	86.3049	3863.53	86.3046	3863.53	84.9024	3863.53	84.9017	3863.53	83.0021	3863.53	83.0015	3863.53	81.5291	3863.53	81.5285	3863.53	79.4417	3863.53	79.441	3863.53	77.8707	3863.53	77.8703	3863.53	75.9285	3863.53	75.928	3863.53	73.3282	3863.53	73.3278	3863.53	71.8318	3863.53	71.8315	3863.53	71.1271	3863.53	71.1269	3863.53	71.4198	3863.53	71.4194	3863.53	69.3854	3863.53	69.385	3863.53	70.4206	3863.53	70.4211	3863.53	68.3277	3863.53	68.327	3863.53	65.8287	3863.53	65.832	3863.53	56.8265
3999.76	86.1968	3999.76	86.5459	3999.76	86.546	3999.76	86.1213	3999.76	86.1209	3999.76	85.5245	3999.76	85.5242	3999.76	84.6513	3999.76	84.6507	3999.76	83.1963	3999.76	83.1957	3999.76	82.5292	3999.76	82.5287	3999.76	79.9972	3999.76	79.9964	3999.76	76.567	3999.76	76.5665	3999.76	76.698	3999.76	76.6976	3999.76	72.9608	3999.76	72.9605	3999.76	72.1175	3999.76	72.1171	3999.76	71.2389	3999.76	71.2388	3999.76	71.0325	3999.76	71.0318	3999.76	69.6321	3999.76	69.6322	3999.76	72.1408	3999.76	72.1408	3999.76	69.0704	3999.76	69.0699	3999.76	63.6992	3999.76	63.7036	3999.76	46.4112
4141.11	85.8842	4141.11	85.9952	4141.11	85.9951	4141.11	85.4833	4141.11	85.4829	4141.11	84.9138	4141.11	84.9136	4141.11	84.3963	4141.11	84.3959	4141.11	82.9895	4141.11	82.9888	4141.11	82.3489	4141.11	82.3485	4141.11	80.7896	4141.11	80.789	4141.11	77.9097	4141.11	77.9091	4141.11	74.716	4141.11	74.7156	4141.11	73.4218	4141.11	73.4215	4141.11	71.1327	4141.11	71.1322	4141.11	71.3207	4141.11	71.3205	4141.11	69.6393	4141.11	69.6393	4141.11	71.0086	4141.11	71.0082	4141.11	71.661	4141.11	71.6602	4141.11	68.6556	4141.11	68.6569	4141.11	63.187	4141.11	63.1907	4141.11	56.8022
4286.87	85.6194	4286.87	85.0437	4286.87	85.0434	4286.87	84.3576	4286.87	84.3574	4286.87	84.0791	4286.87	84.0788	4286.87	83.8902	4286.87	83.8899	4286.87	82.3654	4286.87	82.3647	4286.87	81.3839	4286.87	81.3834	4286.87	79.1103	4286.87	79.1097	4286.87	77.4874	4286.87	77.4869	4286.87	74.1733	4286.87	74.1728	4286.87	73.39	4286.87	73.3897	4286.87	70.7286	4286.87	70.7283	4286.87	70.267	4286.87	70.2667	4286.87	70.1918	4286.87	70.1919	4286.87	70.8532	4286.87	70.8522	4286.87	71.0851	4286.87	71.0847	4286.87	67.8471	4286.87	67.8485	4286.87	64.4167	4286.87	64.4194	4286.87	59.3406
4438.48	85.6555	4438.48	84.8595	4438.48	84.8591	4438.48	84.0089	4438.48	84.0087	4438.48	84.0142	4438.48	84.0141	4438.48	84.5849	4438.48	84.5846	4438.48	83.5734	4438.48	83.5729	4438.48	82.127	4438.48	82.1263	4438.48	78.9664	4438.48	78.9657	4438.48	76.7246	4438.48	76.7242	4438.48	75.623	4438.48	75.6226	4438.48	71.9719	4438.48	71.9715	4438.48	70.9173	4438.48	70.9168	4438.48	70.3011	4438.48	70.3011	4438.48	71.8133	4438.48	71.8129	4438.48	70.3259	4438.48	70.3254	4438.48	68.5415	4438.48	68.5411	4438.48	68.9146	4438.48	68.9154	4438.48	64.3477	4438.48	64.3511	4438.48	61.2598
4594.48	86.0827	4594.48	85.7395	4594.48	85.7392	4594.48	84.5379	4594.48	84.5374	4594.48	84.0769	4594.48	84.0769	4594.48	85.4434	4594.48	85.4432	4594.48	84.7403	4594.48	84.7398	4594.48	83.3495	4594.48	83.3487	4594.48	81.0459	4594.48	81.0452	4594.48	78.2519	4594.48	78.2512	4594.48	75.7905	4594.48	75.79	4594.48	73.5352	4594.48	73.5348	4594.48	71.6268	4594.48	71.6266	4594.48	71.5204	4594.48	71.5199	4594.48	71.8473	4594.48	71.8471	4594.48	71.5511	4594.48	71.5508	4594.48	71.2206	4594.48	71.2199	4594.48	68.7944	4594.48	68.7956	4594.48	63.0281	4594.48	63.0316	4594.48	62.9626
4757.08	87.279	4757.08	86.4754	4757.08	86.475	4757.08	85.781	4757.08	85.7808	4757.08	85.9531	4757.08	85.9531	4757.08	87.2589	4757.08	87.2587	4757.08	86.684	4757.08	86.6835	4757.08	84.7049	4757.08	84.7042	4757.08	82.61	4757.08	82.6095	4757.08	80.2567	4757.08	80.2561	4757.08	77.29	4757.08	77.2895	4757.08	73.4507	4757.08	73.4505	4757.08	72.6169	4757.08	72.6164	4757.08	69.8334	4757.08	69.8334	4757.08	73.996	4757.08	73.9954	4757.08	74.0387	4757.08	74.0381	4757.08	73.3305	4757.08	73.3299	4757.08	69.7118	4757.08	69.7143	4757.08	67.2188	4757.08	67.2205	4757.08	65.406
4924.8	88.9268	4924.8	87.4549	4924.8	87.4542	4924.8	86.416	4924.8	86.416	4924.8	87.212	4924.8	87.2122	4924.8	88.5452	4924.8	88.5449	4924.8	87.7987	4924.8	87.7981	4924.8	85.3646	4924.8	85.3636	4924.8	82.0108	4924.8	82.0102	4924.8	79.8824	4924.8	79.8819	4924.8	79.0914	4924.8	79.0909	4924.8	74.3309	4924.8	74.3305	4924.8	75.2872	4924.8	75.2869	4924.8	72.1702	4924.8	72.1708	4924.8	75.2751	4924.8	75.2741	4924.8	73.6393	4924.8	73.6392	4924.8	72.1825	4924.8	72.1818	4924.8	69.4664	4924.8	69.4702	4924.8	66.6984	4924.8	66.6984	4924.8	66.8232
5098.39	88.4898	5098.39	87.6008	5098.39	87.6004	5098.39	86.889	5098.39	86.8887	5098.39	87.147	5098.39	87.1471	5098.39	88.6256	5098.39	88.6254	5098.39	88.138	5098.39	88.1375	5098.39	86.4233	5098.39	86.4226	5098.39	83.8341	5098.39	83.8335	5098.39	82.1183	5098.39	82.1177	5098.39	79.1863	5098.39	79.1859	5098.39	75.2976	5098.39	75.2973	5098.39	75.8685	5098.39	75.8683	5098.39	70.9204	5098.39	70.9204	5098.39	71.5904	5098.39	71.5895	5098.39	73.0886	5098.39	73.0884	5098.39	72.1484	5098.39	72.1478	5098.39	69.6323	5098.39	69.6348	5098.39	66.1239	5098.39	66.1258	5098.39	65.5993
5277.83	89.2262	5277.83	87.5225	5277.83	87.522	5277.83	87.5623	5277.83	87.5623	5277.83	87.9015	5277.83	87.9016	5277.83	89.1974	5277.83	89.1972	5277.83	88.2888	5277.83	88.2882	5277.83	85.9966	5277.83	85.9959	5277.83	83.8658	5277.83	83.8652	5277.83	81.086	5277.83	81.0854	5277.83	79.4239	5277.83	79.4234	5277.83	73.839	5277.83	73.8387	5277.83	75.4125	5277.83	75.4121	5277.83	70.8419	5277.83	70.8425	5277.83	74.7054	5277.83	74.7042	5277.83	73.2844	5277.83	73.2842	5277.83	72.4476	5277.83	72.4467	5277.83	70.5136	5277.83	70.5176	5277.83	64.4093	5277.83	64.41	5277.83	66.5522
5463.87	88.9727	5463.87	87.7178	5463.87	87.7173	5463.87	87.445	5463.87	87.4449	5463.87	87.6613	5463.87	87.6612	5463.87	88.6019	5463.87	88.6017	5463.87	87.9767	5463.87	87.9761	5463.87	85.6042	5463.87	85.6034	5463.87	83.5112	5463.87	83.5108	5463.87	82.5244	5463.87	82.5238	5463.87	79.8621	5463.87	79.8617	5463.87	75.7922	5463.87	75.7919	5463.87	75.4296	5463.87	75.4295	5463.87	72.5301	5463.87	72.53	5463.87	72.7808	5463.87	72.7791	5463.87	74.2581	5463.87	74.2584	5463.87	72.7915	5463.87	72.7909	5463.87	70.4159	5463.87	70.4193	5463.87	64.0017	5463.87	64.0019	5463.87	72.0042
5656.49	88.3959	5656.49	87.5115	5656.49	87.5114	5656.49	88.0698	5656.49	88.0696	5656.49	87.4852	5656.49	87.485	5656.49	88.3484	5656.49	88.3483	5656.49	88.0172	5656.49	88.0167	5656.49	85.9293	5656.49	85.9287	5656.49	84.1792	5656.49	84.1786	5656.49	81.2082	5656.49	81.2077	5656.49	79.1354	5656.49	79.135	5656.49	74.8297	5656.49	74.8293	5656.49	76.3475	5656.49	76.3472	5656.49	68.687	5656.49	68.6875	5656.49	71.0375	5656.49	71.0373	5656.49	73.5509	5656.49	73.5501	5656.49	70.5196	5656.49	70.5195	5656.49	68.7646	5656.49	68.7684	5656.49	64.0695	5656.49	64.0702	5656.49	68.0719
5856.45	87.9756	5856.45	87.3748	5856.45	87.3748	5856.45	87.7866	5856.45	87.7864	5856.45	87.1934	5856.45	87.1932	5856.45	87.6608	5856.45	87.6606	5856.45	87.4682	5856.45	87.4678	5856.45	85.5876	5856.45	85.587	5856.45	83.8442	5856.45	83.8436	5856.45	81.3844	5856.45	81.3838	5856.45	78.1141	5856.45	78.1137	5856.45	74.2895	5856.45	74.289	5856.45	73.7317	5856.45	73.7315	5856.45	71.3495	5856.45	71.3498	5856.45	71.675	5856.45	71.6736	5856.45	71.6405	5856.45	71.6398	5856.45	71.0117	5856.45	71.0122	5856.45	69.3339	5856.45	69.3371	5856.45	53.9115	5856.45	53.9064	5856.45	66.1835
6062.99	87.7842	6062.99	87.6627	6062.99	87.6628	6062.99	88.25	6062.99	88.2497	6062.99	86.3335	6062.99	86.3329	6062.99	86.8076	6062.99	86.8076	6062.99	87.0247	6062.99	87.0242	6062.99	84.4806	6062.99	84.4799	6062.99	83.2635	6062.99	83.263	6062.99	81.2754	6062.99	81.2749	6062.99	78.2209	6062.99	78.2205	6062.99	74.6072	6062.99	74.6066	6062.99	75.2469	6062.99	75.2468	6062.99	70.773	6062.99	70.773	6062.99	68.6662	6062.99	68.6653	6062.99	71.8339	6062.99	71.833	6062.99	71.0267	6062.99	71.0273	6062.99	71.2693	6062.99	71.2714	6062.99	59.3825	6062.99	59.3841	6062.99	70.8214
6276.86	87.5058	6276.86	87.7401	6276.86	87.7402	6276.86	87.6429	6276.86	87.6425	6276.86	85.5903	6276.86	85.5896	6276.86	85.9185	6276.86	85.9187	6276.86	87.0536	6276.86	87.0532	6276.86	85.1348	6276.86	85.1341	6276.86	83.1828	6276.86	83.1822	6276.86	81.4414	6276.86	81.4409	6276.86	77.5714	6276.86	77.571	6276.86	75.6981	6276.86	75.6976	6276.86	73.2148	6276.86	73.2144	6276.86	70.9613	6276.86	70.9616	6276.86	69.3813	6276.86	69.3806	6276.86	71.5713	6276.86	71.5699	6276.86	72.2446	6276.86	72.2454	6276.86	70.7414	6276.86	70.7438	6276.86	52.8741	6276.86	52.8801	6276.86	70.9889
6498.05	87.0238	6498.05	87.7534	6498.05	87.7536	6498.05	87.5871	6498.05	87.5865	6498.05	85.2838	6498.05	85.2831	6498.05	85.8392	6498.05	85.8394	6498.05	86.8465	6498.05	86.846	6498.05	84.6297	6498.05	84.6291	6498.05	83.3982	6498.05	83.3975	6498.05	80.7364	6498.05	80.7358	6498.05	76.323	6498.05	76.3226	6498.05	74.3918	6498.05	74.3912	6498.05	72.5	6498.05	72.5002	6498.05	69.7464	6498.05	69.7457	6498.05	67.8501	6498.05	67.849	6498.05	70.6109	6498.05	70.6101	6498.05	69.2396	6498.05	69.2413	6498.05	68.4053	6498.05	68.4079	6498.05	49.9809	6498.05	49.9876	6498.05	66.9718
6727.29	86.5676	6727.29	87.8533	6727.29	87.8534	6727.29	87.3957	6727.29	87.3953	6727.29	85.8186	6727.29	85.8178	6727.29	86.2119	6727.29	86.2122	6727.29	87.0538	6727.29	87.0531	6727.29	84.2988	6727.29	84.2982	6727.29	82.7101	6727.29	82.7094	6727.29	80.8799	6727.29	80.8795	6727.29	76.1764	6727.29	76.176	6727.29	74.9199	6727.29	74.9194	6727.29	72.2231	6727.29	72.2229	6727.29	70.7899	6727.29	70.7901	6727.29	66.7675	6727.29	66.7663	6727.29	69.1763	6727.29	69.1754	6727.29	71.4034	6727.29	71.4047	6727.29	68.9694	6727.29	68.9711	6727.29	43.715	6727.29	43.7204	6727.29	69.1893
6964.6	87.4145	6964.6	88.3521	6964.6	88.3521	6964.6	88.2239	6964.6	88.2236	6964.6	86.8949	6964.6	86.8941	6964.6	86.6462	6964.6	86.6463	6964.6	86.9094	6964.6	86.9087	6964.6	84.1485	6964.6	84.1478	6964.6	82.2059	6964.6	82.2052	6964.6	80.3298	6964.6	80.3293	6964.6	75.4433	6964.6	75.4429	6964.6	75.2675	6964.6	75.267	6964.6	70.755	6964.6	70.7552	6964.6	68.5321	6964.6	68.5318	6964.6	64.165	6964.6	64.1651	6964.6	69.5268	6964.6	69.5257	6964.6	69.8961	6964.6	69.8977	6964.6	68.4773	6964.6	68.4788	6964.6	57.5846	6964.6	57.5846	6964.6	67.4769
7209.96	87.1745	7209.96	88.301	7209.96	88.3011	7209.96	87.9233	7209.96	87.923	7209.96	86.6318	7209.96	86.6311	7209.96	86.1671	7209.96	86.1672	7209.96	86.4615	7209.96	86.4609	7209.96	83.9381	7209.96	83.9375	7209.96	82.1954	7209.96	82.1948	7209.96	80.724	7209.96	80.7235	7209.96	75.2232	7209.96	75.2228	7209.96	75.3077	7209.96	75.3073	7209.96	71.7991	7209.96	71.7991	7209.96	71.1482	7209.96	71.1481	7209.96	65.3228	7209.96	65.3224	7209.96	68.7969	7209.96	68.796	7209.96	71.9137	7209.96	71.9143	7209.96	67.0533	7209.96	67.0551	7209.96	54.4003	7209.96	54.3972	7209.96	67.0545
7464.11	87.6891	7464.11	88.4518	7464.11	88.4518	7464.11	88.1063	7464.11	88.106	7464.11	86.6194	7464.11	86.6185	7464.11	85.9932	7464.11	85.9933	7464.11	86.2114	7464.11	86.2108	7464.11	84.5124	7464.11	84.5119	7464.11	83.162	7464.11	83.1613	7464.11	81.0309	7464.11	81.0304	7464.11	75.5408	7464.11	75.5404	7464.11	75.3496	7464.11	75.3492	7464.11	70.3214	7464.11	70.3216	7464.11	69.7284	7464.11	69.7281	7464.11	64.1646	7464.11	64.1645	7464.11	68.2486	7464.11	68.2474	7464.11	69.947	7464.11	69.9481	7464.11	67.6691	7464.11	67.6709	7464.11	56.0893	7464.11	56.0888	7464.11	66.5048
7727.78	87.4081	7727.78	87.731	7727.78	87.7309	7727.78	87.2819	7727.78	87.2818	7727.78	85.9843	7727.78	85.9834	7727.78	85.0698	7727.78	85.07	7727.78	86.3486	7727.78	86.3483	7727.78	84.9999	7727.78	84.9994	7727.78	83.3606	7727.78	83.36	7727.78	81.3928	7727.78	81.3923	7727.78	75.2007	7727.78	75.2002	7727.78	75.4847	7727.78	75.4843	7727.78	72.2732	7727.78	72.2731	7727.78	72.1589	7727.78	72.1586	7727.78	66.2314	7727.78	66.2321	7727.78	68.3135	7727.78	68.3126	7727.78	71.9245	7727.78	71.9253	7727.78	66.8201	7727.78	66.8225	7727.78	60.16	7727.78	60.1573	7727.78	68.0562
8000.24	87.1795	8000.24	87.0401	8000.24	87.0398	8000.24	87.3246	8000.24	87.3248	8000.24	86.406	8000.24	86.405	8000.24	85.2663	8000.24	85.2665	8000.24	87.6005	8000.24	87.6002	8000.24	86.3792	8000.24	86.3787	8000.24	84.3216	8000.24	84.3209	8000.24	82.9153	8000.24	82.9147	8000.24	77.329	8000.24	77.3286	8000.24	77.1419	8000.24	77.1416	8000.24	72.4031	8000.24	72.4032	8000.24	71.317	8000.24	71.3166	8000.24	66.6556	8000.24	66.6563	8000.24	70.6065	8000.24	70.6063	8000.24	70.8608	8000.24	70.8619	8000.24	67.6986	8000.24	67.7004	8000.24	59.2898	8000.24	59.2902	8000.24	67.966
8282.23	88.167	8282.23	87.2832	8282.23	87.2828	8282.23	87.6296	8282.23	87.6299	8282.23	86.703	8282.23	86.702	8282.23	85.0002	8282.23	85.0005	8282.23	88.6079	8282.23	88.6078	8282.23	87.3863	8282.23	87.3857	8282.23	85.0117	8282.23	85.0111	8282.23	83.1958	8282.23	83.1952	8282.23	77.5041	8282.23	77.5037	8282.23	78.1462	8282.23	78.1459	8282.23	72.4688	8282.23	72.4688	8282.23	73.3778	8282.23	73.3777	8282.23	70.2877	8282.23	70.2881	8282.23	71.9404	8282.23	71.9395	8282.23	73.5539	8282.23	73.555	8282.23	67.5135	8282.23	67.5148	8282.23	62.6226	8282.23	62.6211	8282.23	69.0441
8574.46	88.7274	8574.46	87.7885	8574.46	87.7879	8574.46	87.6425	8574.46	87.6426	8574.46	86.666	8574.46	86.6651	8574.46	85.6448	8574.46	85.6451	8574.46	88.6325	8574.46	88.6324	8574.46	87.7981	8574.46	87.7976	8574.46	85.3622	8574.46	85.3615	8574.46	83.9792	8574.46	83.9786	8574.46	78.3704	8574.46	78.3699	8574.46	77.972	8574.46	77.9717	8574.46	73.37	8574.46	73.37	8574.46	72.2859	8574.46	72.2853	8574.46	69.2461	8574.46	69.2465	8574.46	72.2264	8574.46	72.2258	8574.46	74.0299	8574.46	74.0308	8574.46	67.1536	8574.46	67.1549	8574.46	64.7421	8574.46	64.7401	8574.46	68.4628
8876.22	88.2868	8876.22	87.8843	8876.22	87.8838	8876.22	87.7742	8876.22	87.7744	8876.22	87.4548	8876.22	87.4541	8876.22	86.611	8876.22	86.6111	8876.22	88.4857	8876.22	88.4853	8876.22	87.5706	8876.22	87.5703	8876.22	85.8361	8876.22	85.8355	8876.22	84.9532	8876.22	84.9526	8876.22	79.0771	8876.22	79.0766	8876.22	78.4297	8876.22	78.4294	8876.22	74.4805	8876.22	74.4805	8876.22	73.4087	8876.22	73.4088	8876.22	70.847	8876.22	70.8468	8876.22	73.58	8876.22	73.5792	8876.22	74.1724	8876.22	74.1731	8876.22	67.1529	8876.22	67.1522	8876.22	64.7363	8876.22	64.7341	8876.22	66.0813
9189.7	88.2343	9189.7	88.7862	9189.7	88.786	9189.7	87.9828	9189.7	87.9827	9189.7	88.3721	9189.7	88.3717	9189.7	86.4047	9189.7	86.4044	9189.7	88.0583	9189.7	88.058	9189.7	87.375	9189.7	87.3745	9189.7	85.4507	9189.7	85.4503	9189.7	84.8072	9189.7	84.8065	9189.7	79.32	9189.7	79.3196	9189.7	78.0699	9189.7	78.0697	9189.7	74.2075	9189.7	74.2074	9189.7	71.1495	9189.7	71.1496	9189.7	69.2705	9189.7	69.2707	9189.7	72.1012	9189.7	72.1003	9189.7	73.1794	9189.7	73.1797	9189.7	63.9469	9189.7	63.945	9189.7	64.7174	9189.7	64.7136	9189.7	67.2182
9513.43	88.2603	9513.43	89.4624	9513.43	89.4624	9513.43	87.7456	9513.43	87.7451	9513.43	88.5079	9513.43	88.5078	9513.43	86.7776	9513.43	86.777	9513.43	87.6003	9513.43	87.6001	9513.43	87.169	9513.43	87.1685	9513.43	84.607	9513.43	84.6065	9513.43	83.4454	9513.43	83.4448	9513.43	77.831	9513.43	77.8305	9513.43	76.9072	9513.43	76.907	9513.43	72.1687	9513.43	72.1688	9513.43	71.3078	9513.43	71.3077	9513.43	67.1106	9513.43	67.1099	9513.43	72.0852	9513.43	72.0843	9513.43	72.2366	9513.43	72.237	9513.43	59.7177	9513.43	59.7154	9513.43	64.3225	9513.43	64.3187	9513.43	64.5765
9848.88	88.76	9848.88	89.6724	9848.88	89.6723	9848.88	88.0219	9848.88	88.0215	9848.88	88.6569	9848.88	88.6568	9848.88	87.2216	9848.88	87.221	9848.88	87.211	9848.88	87.2106	9848.88	87.1723	9848.88	87.1718	9848.88	84.5891	9848.88	84.5885	9848.88	82.865	9848.88	82.8643	9848.88	77.489	9848.88	77.4886	9848.88	75.0388	9848.88	75.0387	9848.88	72.4166	9848.88	72.4164	9848.88	69.0091	9848.88	69.0091	9848.88	66.6604	9848.88	66.6592	9848.88	70.7801	9848.88	70.7786	9848.88	71.1925	9848.88	71.1928	9848.88	57.3564	9848.88	57.3489	9848.88	60.9203	9848.88	60.9156	9848.88	65.7333
10196.8	89.1146	10196.8	89.778	10196.8	89.7778	10196.8	88.6126	10196.8	88.6122	10196.8	88.8373	10196.8	88.8369	10196.8	87.1348	10196.8	87.1344	10196.8	87.5885	10196.8	87.5881	10196.8	86.631	10196.8	86.6305	10196.8	84.3148	10196.8	84.3144	10196.8	82.4104	10196.8	82.4096	10196.8	77.324	10196.8	77.3235	10196.8	75.42	10196.8	75.4199	10196.8	71.5149	10196.8	71.5148	10196.8	68.0969	10196.8	68.0967	10196.8	65.0326	10196.8	65.0324	10196.8	70.5563	10196.8	70.5553	10196.8	71.4949	10196.8	71.4948	10196.8	57.3127	10196.8	57.3042	10196.8	63.4795	10196.8	63.4756	10196.8	63.3011
10556.4	89.8773	10556.4	89.7805	10556.4	89.7804	10556.4	88.9669	10556.4	88.9664	10556.4	88.6323	10556.4	88.6321	10556.4	87.4393	10556.4	87.4389	10556.4	87.6888	10556.4	87.6883	10556.4	85.8526	10556.4	85.8518	10556.4	83.3133	10556.4	83.313	10556.4	82.2547	10556.4	82.254	10556.4	77.6543	10556.4	77.6538	10556.4	75.4369	10556.4	75.4367	10556.4	71.2026	10556.4	71.2026	10556.4	67.8379	10556.4	67.838	10556.4	63.642	10556.4	63.641	10556.4	70.4002	10556.4	70.399	10556.4	68.8417	10556.4	68.8413	10556.4	55.3808	10556.4	55.3712	10556.4	63.1009	10556.4	63.0977	10556.4	60.1789
10928.5	90.1217	10928.5	89.586	10928.5	89.586	10928.5	89.5913	10928.5	89.5907	10928.5	88.2254	10928.5	88.2252	10928.5	87.8633	10928.5	87.8629	10928.5	87.4043	10928.5	87.4038	10928.5	86.2459	10928.5	86.2452	10928.5	83.4581	10928.5	83.4577	10928.5	81.6168	10928.5	81.6161	10928.5	77.3392	10928.5	77.3388	10928.5	74.8419	10928.5	74.8418	10928.5	70.3655	10928.5	70.3653	10928.5	68.3387	10928.5	68.3385	10928.5	63.2509	10928.5	63.2485	10928.5	70.2023	10928.5	70.2004	10928.5	68.4807	10928.5	68.4802	10928.5	57.972	10928.5	57.9634	10928.5	62.6276	10928.5	62.6232	10928.5	60.1262
11313.7	90.4557	11313.7	89.554	11313.7	89.5542	11313.7	89.8635	11313.7	89.8628	11313.7	88.1872	11313.7	88.1871	11313.7	88.3799	11313.7	88.3795	11313.7	87.7318	11313.7	87.7312	11313.7	86.503	11313.7	86.5024	11313.7	84.0067	11313.7	84.0063	11313.7	81.295	11313.7	81.2942	11313.7	77.0642	11313.7	77.0638	11313.7	74.3553	11313.7	74.3551	11313.7	70.2693	11313.7	70.2692	11313.7	66.9095	11313.7	66.9095	11313.7	61.1032	11313.7	61.1007	11313.7	68.1252	11313.7	68.1223	11313.7	67.214	11313.7	67.2134	11313.7	57.706	11313.7	57.6979	11313.7	61.6866	11313.7	61.6807	11313.7	60.9491
11712.9	90.6435	11712.9	89.7765	11712.9	89.7767	11712.9	89.8671	11712.9	89.8664	11712.9	88.3516	11712.9	88.3515	11712.9	88.2833	11712.9	88.2829	11712.9	87.9251	11712.9	87.9246	11712.9	86.3815	11712.9	86.3807	11712.9	83.8141	11712.9	83.8138	11712.9	80.955	11712.9	80.9542	11712.9	77.5586	11712.9	77.5582	11712.9	73.9111	11712.9	73.9109	11712.9	69.6424	11712.9	69.6426	11712.9	64.8124	11712.9	64.8121	11712.9	59.1932	11712.9	59.1884	11712.9	68.2418	11712.9	68.239	11712.9	64.9882	11712.9	64.9881	11712.9	60.2622	11712.9	60.256	11712.9	61.5928	11712.9	61.5882	11712.9	57.1987
12126	90.9454	12126	90.4001	12126	90.4	12126	89.8747	12126	89.874	12126	87.9853	12126	87.9849	12126	87.7957	12126	87.7956	12126	87.9958	12126	87.9953	12126	86.3899	12126	86.3891	12126	83.983	12126	83.9826	12126	80.6364	12126	80.6357	12126	77.2203	12126	77.2199	12126	74.3584	12126	74.3582	12126	68.9613	12126	68.9613	12126	66.0826	12126	66.0824	12126	56.5515	12126	56.5452	12126	66.7912	12126	66.7879	12126	63.503	12126	63.5038	12126	59.2885	12126	59.282	12126	60.5109	12126	60.5059	12126	56.3606
12553.7	91.2188	12553.7	90.97	12553.7	90.9698	12553.7	90.2288	12553.7	90.2284	12553.7	87.6551	12553.7	87.6542	12553.7	87.5163	12553.7	87.5164	12553.7	87.441	12553.7	87.4405	12553.7	86.2634	12553.7	86.2627	12553.7	84.2517	12553.7	84.2512	12553.7	81.2909	12553.7	81.2902	12553.7	76.9664	12553.7	76.9659	12553.7	74.9713	12553.7	74.9711	12553.7	68.6614	12553.7	68.6616	12553.7	66.6571	12553.7	66.6574	12553.7	55.6259	12553.7	55.6238	12553.7	64.9341	12553.7	64.9303	12553.7	62.363	12553.7	62.3647	12553.7	60.056	12553.7	60.0499	12553.7	61.5213	12553.7	61.5159	12553.7	56.3448
12996.1	91.5251	12996.1	91.1274	12996.1	91.127	12996.1	90.1663	12996.1	90.166	12996.1	87.2203	12996.1	87.2191	12996.1	86.7744	12996.1	86.7744	12996.1	86.4922	12996.1	86.4918	12996.1	85.7857	12996.1	85.785	12996.1	84.0229	12996.1	84.0224	12996.1	81.2109	12996.1	81.2102	12996.1	76.8326	12996.1	76.8322	12996.1	74.8004	12996.1	74.8001	12996.1	67.7601	12996.1	67.7605	12996.1	66.9857	12996.1	66.9862	12996.1	55.0517	12996.1	55.0515	12996.1	62.3693	12996.1	62.365	12996.1	60.1331	12996.1	60.1378	12996.1	60.2901	12996.1	60.2831	12996.1	61.2214	12996.1	61.2161	12996.1	53.8259
13454.6	91.3185	13454.6	90.5832	13454.6	90.5827	13454.6	89.6431	13454.6	89.6427	13454.6	86.1537	13454.6	86.1524	13454.6	85.429	13454.6	85.429	13454.6	85.5652	13454.6	85.5649	13454.6	85.5851	13454.6	85.5846	13454.6	83.8496	13454.6	83.8489	13454.6	81.0469	13454.6	81.0463	13454.6	75.9377	13454.6	75.9373	13454.6	74.444	13454.6	74.4438	13454.6	67.5542	13454.6	67.5548	13454.6	66.6086	13454.6	66.6089	13454.6	56.9218	13454.6	56.9219	13454.6	59.8087	13454.6	59.8061	13454.6	57.5562	13454.6	57.5622	13454.6	58.0259	13454.6	58.0177	13454.6	59.2846	13454.6	59.2787	13454.6	53.7209
13928.5	90.4401	13928.5	89.3888	13928.5	89.3884	13928.5	88.5241	13928.5	88.5235	13928.5	84.961	13928.5	84.9597	13928.5	82.4261	13928.5	82.426	13928.5	83.8327	13928.5	83.8326	13928.5	84.3618	13928.5	84.3615	13928.5	83.1285	13928.5	83.1278	13928.5	80.7314	13928.5	80.7308	13928.5	75.9026	13928.5	75.9022	13928.5	74.3966	13928.5	74.3963	13928.5	67.8462	13928.5	67.8466	13928.5	65.392	13928.5	65.3919	13928.5	57.9449	13928.5	57.9424	13928.5	58.4543	13928.5	58.4515	13928.5	55.3472	13928.5	55.3526	13928.5	57.2521	13928.5	57.2473	13928.5	56.6377	13928.5	56.6303	13928.5	57.9441
14419.9	88.7266	14419.9	87.4262	14419.9	87.4258	14419.9	86.4856	14419.9	86.485	14419.9	83.3531	14419.9	83.3516	14419.9	78.5094	14419.9	78.5093	14419.9	81.1824	14419.9	81.1823	14419.9	82.5531	14419.9	82.5531	14419.9	82.1252	14419.9	82.1244	14419.9	79.3517	14419.9	79.3512	14419.9	74.475	14419.9	74.4746	14419.9	73.7109	14419.9	73.7106	14419.9	65.1334	14419.9	65.1337	14419.9	62.9684	14419.9	62.9681	14419.9	56.8157	14419.9	56.8117	14419.9	55.776	14419.9	55.7736	14419.9	53.1964	14419.9	53.1988	14419.9	53.6246	14419.9	53.6249	14419.9	54.0632	14419.9	54.0564	14419.9	59.5618
14928.2	86.8393	14928.2	85.831	14928.2	85.8306	14928.2	84.7781	14928.2	84.7775	14928.2	81.6985	14928.2	81.697	14928.2	75.3297	14928.2	75.3289	14928.2	78.2878	14928.2	78.2878	14928.2	80.8487	14928.2	80.8489	14928.2	80.926	14928.2	80.9252	14928.2	77.7967	14928.2	77.7962	14928.2	72.3659	14928.2	72.3654	14928.2	73.0128	14928.2	73.0124	14928.2	61.1669	14928.2	61.1675	14928.2	63.031	14928.2	63.0306	14928.2	54.4587	14928.2	54.4524	14928.2	53.5348	14928.2	53.5325	14928.2	51.8609	14928.2	51.858	14928.2	52.112	14928.2	52.1151	14928.2	50.5689	14928.2	50.5602	14928.2	59.459
15454.8	86.2235	15454.8	85.3818	15454.8	85.3814	15454.8	83.8239	15454.8	83.8231	15454.8	81.0873	15454.8	81.0863	15454.8	74.4713	15454.8	74.4689	15454.8	75.1473	15454.8	75.1479	15454.8	79.6002	15454.8	79.6004	15454.8	80.1238	15454.8	80.1231	15454.8	76.8936	15454.8	76.893	15454.8	71.7393	15454.8	71.7389	15454.8	72.3168	15454.8	72.3164	15454.8	59.5294	15454.8	59.5309	15454.8	63.1018	15454.8	63.1016	15454.8	52.7833	15454.8	52.7764	15454.8	51.0971	15454.8	51.0957	15454.8	50.6956	15454.8	50.6913	15454.8	53.0862	15454.8	53.0895	15454.8	49.8553	15454.8	49.8456	15454.8	57.4022
15999.8	85.7563	15999.8	84.5923	15999.8	84.5919	15999.8	83.1788	15999.8	83.1779	15999.8	80.3684	15999.8	80.3674	15999.8	72.1776	15999.8	72.1743	15999.8	74.0688	15999.8	74.0699	15999.8	78.749	15999.8	78.7492	15999.8	80.1388	15999.8	80.1381	15999.8	77.1341	15999.8	77.1335	15999.8	71.8303	15999.8	71.8299	15999.8	71.6977	15999.8	71.6972	15999.8	59.0382	15999.8	59.0406	15999.8	62.8117	15999.8	62.8114	15999.8	53.0823	15999.8	53.0774	15999.8	49.5243	15999.8	49.5241	15999.8	48.2507	15999.8	48.254	15999.8	54.7408	15999.8	54.7423	15999.8	50.3509	15999.8	50.3407	15999.8	55.5655
16564.5	85.4563	16564.5	84.2554	16564.5	84.2551	16564.5	83.0136	16564.5	83.0127	16564.5	79.4827	16564.5	79.4816	16564.5	71.097	16564.5	71.0933	16564.5	72.0688	16564.5	72.0706	16564.5	78.0829	16564.5	78.0832	16564.5	79.7202	16564.5	79.7195	16564.5	76.3586	16564.5	76.358	16564.5	70.9114	16564.5	70.9109	16564.5	70.7924	16564.5	70.7919	16564.5	57.5468	16564.5	57.5498	16564.5	61.4936	16564.5	61.4931	16564.5	49.6183	16564.5	49.616	16564.5	43.7921	16564.5	43.7921	16564.5	51.164	16564.5	51.1712	16564.5	55.9957	16564.5	55.9976	16564.5	49.2334	16564.5	49.2207	16564.5	51.8398
17148.2	86.2689	17148.2	85.0728	17148.2	85.0724	17148.2	83.2616	17148.2	83.2605	17148.2	77.8951	17148.2	77.8935	17148.2	69.8665	17148.2	69.8635	17148.2	72.2923	17148.2	72.2941	17148.2	77.5928	17148.2	77.593	17148.2	78.8617	17148.2	78.861	17148.2	76.3997	17148.2	76.399	17148.2	70.4007	17148.2	70.4003	17148.2	68.8889	17148.2	68.8883	17148.2	59.5591	17148.2	59.5612	17148.2	61.0739	17148.2	61.0736	17148.2	49.1864	17148.2	49.192	17148.2	44.9117	17148.2	44.9131	17148.2	49.5235	17148.2	49.5325	17148.2	54.4573	17148.2	54.4608	17148.2	46.7295	17148.2	46.7155	17148.2	47.4779
17753.2	86.8882	17753.2	85.7832	17753.2	85.7828	17753.2	84.0529	17753.2	84.0517	17753.2	77.0852	17753.2	77.0831	17753.2	68.2739	17753.2	68.2707	17753.2	73.203	17753.2	73.2053	17753.2	77.7049	17753.2	77.7047	17753.2	78.8795	17753.2	78.879	17753.2	76.7505	17753.2	76.7498	17753.2	70.5702	17753.2	70.5697	17753.2	67.3301	17753.2	67.3296	17753.2	61.4283	17753.2	61.4297	17753.2	60.4925	17753.2	60.4923	17753.2	48.1975	17753.2	48.2049	17753.2	46.8547	17753.2	46.8542	17753.2	52.7341	17753.2	52.7404	17753.2	51.8772	17753.2	51.883	17753.2	25.0466	17753.2	24.9846	17753.2	47.9045
18379.4	87.3089	18379.4	86.2063	18379.4	86.2059	18379.4	84.3459	18379.4	84.3447	18379.4	76.9197	18379.4	76.9173	18379.4	70.483	18379.4	70.4816	18379.4	73.7811	18379.4	73.7832	18379.4	77.5235	18379.4	77.5235	18379.4	78.6304	18379.4	78.6297	18379.4	76.1229	18379.4	76.1222	18379.4	70.4059	18379.4	70.4055	18379.4	66.9725	18379.4	66.9722	18379.4	62.7086	18379.4	62.7094	18379.4	60.5272	18379.4	60.5265	18379.4	45.1072	18379.4	45.1102	18379.4	49.1244	18379.4	49.1221	18379.4	51.9614	18379.4	51.9672	18379.4	47.877	18379.4	47.8872	18379.4	45.5164	18379.4	45.5127	18379.4	38.6297
19027.6	87.7949	19027.6	86.6276	19027.6	86.627	19027.6	84.3986	19027.6	84.3974	19027.6	76.2322	19027.6	76.2294	19027.6	70.7633	19027.6	70.7623	19027.6	73.5349	19027.6	73.5359	19027.6	77.107	19027.6	77.1073	19027.6	77.4262	19027.6	77.4255	19027.6	74.911	19027.6	74.9102	19027.6	69.5954	19027.6	69.5949	19027.6	65.6725	19027.6	65.6721	19027.6	62.0122	19027.6	62.0129	19027.6	57.9825	19027.6	57.9814	19027.6	38.2265	19027.6	38.2177	19027.6	50.8632	19027.6	50.861	19027.6	53.7503	19027.6	53.7556	19027.6	36.8389	19027.6	36.8817	19027.6	52.8207	19027.6	52.8145	19027.6	41.1326
19698.5	87.8236	19698.5	86.6696	19698.5	86.669	19698.5	83.9853	19698.5	83.9839	19698.5	75.1652	19698.5	75.1623	19698.5	68.0567	19698.5	68.0557	19698.5	74.0079	19698.5	74.0085	19698.5	77.2654	19698.5	77.2655	19698.5	76.7985	19698.5	76.798	19698.5	74.9697	19698.5	74.9689	19698.5	70.7073	19698.5	70.7069	19698.5	65.2898	19698.5	65.2894	19698.5	63.84	19698.5	63.8406	19698.5	57.3266	19698.5	57.3256	19698.5	21.8579	19698.5	21.6115	19698.5	52.024	19698.5	52.0187	19698.5	52.7338	19698.5	52.739	19698.5	41.5789	19698.5	41.5762	19698.5	52.234	19698.5	52.2252	19698.5	48.9701
19999.5	87.9456	19999.5	86.9291	19999.5	86.9286	19999.5	84.0518	19999.5	84.0503	19999.5	75.0319	19999.5	75.0291	19999.5	66.8377	19999.5	66.8353	19999.5	72.9745	19999.5	72.9753	19999.5	76.8091	19999.5	76.809	19999.5	76.5107	19999.5	76.5103	19999.5	75.058	19999.5	75.0573	19999.5	70.5513	19999.5	70.5508	19999.5	64.1623	19999.5	64.1618	19999.5	63.8489	19999.5	63.8494	19999.5	60.1707	19999.5	60.1701	19999.5	43.431	19999.5	43.4071	19999.5	54.5408	19999.5	54.5364	19999.5	58.1582	19999.5	58.1607	19999.5	49.6908	19999.5	49.6777	19999.5	51.7229	19999.5	51.7111	19999.5	54.1842
