"SPL Vertical"																																																																							
"On-Axis"		"10°"		"-10°"		"20°"		"-20°"		"30°"		"-30°"		"40°"		"-40°"		"50°"		"-50°"		"60°"		"-60°"		"70°"		"-70°"		"80°"		"-80°"		"90°"		"-90°"		"100°"		"-100°"		"110°"		"-110°"		"120°"		"-120°"		"130°"		"-130°"		"140°"		"-140°"		"150°"		"-150°"		"160°"		"-160°"		"170°"		"-170°"		"180°"	
"Frequency / Hz"	"Sound Pressure Level / dB (re 20 µPa)  [2.83V at 1m]"	"Frequency / Hz"	"Sound Pressure Level / dB (re 20 µPa)  [2.83V at 1m]"	"Frequency / Hz"	"Sound Pressure Level / dB (re 20 µPa)  [2.83V at 1m]"	"Frequency / Hz"	"Sound Pressure Level / dB (re 20 µPa)  [2.83V at 1m]"	"Frequency / Hz"	"Sound Pressure Level / dB (re 20 µPa)  [2.83V at 1m]"	"Frequency / Hz"	"Sound Pressure Level / dB (re 20 µPa)  [2.83V at 1m]"	"Frequency / Hz"	"Sound Pressure Level / dB (re 20 µPa)  [2.83V at 1m]"	"Frequency / Hz"	"Sound Pressure Level / dB (re 20 µPa)  [2.83V at 1m]"	"Frequency / Hz"	"Sound Pressure Level / dB (re 20 µPa)  [2.83V at 1m]"	"Frequency / Hz"	"Sound Pressure Level / dB (re 20 µPa)  [2.83V at 1m]"	"Frequency / Hz"	"Sound Pressure Level / dB (re 20 µPa)  [2.83V at 1m]"	"Frequency / Hz"	"Sound Pressure Level / dB (re 20 µPa)  [2.83V at 1m]"	"Frequency / Hz"	"Sound Pressure Level / dB (re 20 µPa)  [2.83V at 1m]"	"Frequency / Hz"	"Sound Pressure Level / dB (re 20 µPa)  [2.83V at 1m]"	"Frequency / Hz"	"Sound Pressure Level / dB (re 20 µPa)  [2.83V at 1m]"	"Frequency / Hz"	"Sound Pressure Level / dB (re 20 µPa)  [2.83V at 1m]"	"Frequency / Hz"	"Sound Pressure Level / dB (re 20 µPa)  [2.83V at 1m]"	"Frequency / Hz"	"Sound Pressure Level / dB (re 20 µPa)  [2.83V at 1m]"	"Frequency / Hz"	"Sound Pressure Level / dB (re 20 µPa)  [2.83V at 1m]"	"Frequency / Hz"	"Sound Pressure Level / dB (re 20 µPa)  [2.83V at 1m]"	"Frequency / Hz"	"Sound Pressure Level / dB (re 20 µPa)  [2.83V at 1m]"	"Frequency / Hz"	"Sound Pressure Level / dB (re 20 µPa)  [2.83V at 1m]"	"Frequency / Hz"	"Sound Pressure Level / dB (re 20 µPa)  [2.83V at 1m]"	"Frequency / Hz"	"Sound Pressure Level / dB (re 20 µPa)  [2.83V at 1m]"	"Frequency / Hz"	"Sound Pressure Level / dB (re 20 µPa)  [2.83V at 1m]"	"Frequency / Hz"	"Sound Pressure Level / dB (re 20 µPa)  [2.83V at 1m]"	"Frequency / Hz"	"Sound Pressure Level / dB (re 20 µPa)  [2.83V at 1m]"	"Frequency / Hz"	"Sound Pressure Level / dB (re 20 µPa)  [2.83V at 1m]"	"Frequency / Hz"	"Sound Pressure Level / dB (re 20 µPa)  [2.83V at 1m]"	"Frequency / Hz"	"Sound Pressure Level / dB (re 20 µPa)  [2.83V at 1m]"	"Frequency / Hz"	"Sound Pressure Level / dB (re 20 µPa)  [2.83V at 1m]"	"Frequency / Hz"	"Sound Pressure Level / dB (re 20 µPa)  [2.83V at 1m]"	"Frequency / Hz"	"Sound Pressure Level / dB (re 20 µPa)  [2.83V at 1m]"	"Frequency / Hz"	"Sound Pressure Level / dB (re 20 µPa)  [2.83V at 1m]"	"Frequency / Hz"	"Sound Pressure Level / dB (re 20 µPa)  [2.83V at 1m]"	"Frequency / Hz"	"Sound Pressure Level / dB (re 20 µPa)  [2.83V at 1m]"
20.5078	43.3708	20.5078	42.8033	20.5078	43.6865	20.5078	41.9833	20.5078	43.7392	20.5078	40.9029	20.5078	43.502	20.5078	39.5623	20.5078	42.9251	20.5078	38.0198	20.5078	41.9209	20.5078	36.543	20.5078	40.3274	20.5078	35.8233	20.5078	37.8035	20.5078	36.5247	20.5078	33.4159	20.5078	38.2569	20.5078	21.9219	20.5078	40.2225	20.5078	27.8115	20.5078	42.0308	20.5078	35.9065	20.5078	43.5781	20.5078	39.9764	20.5078	44.8539	20.5078	42.602	20.5078	45.8681	20.5078	44.4304	20.5078	46.6299	20.5078	45.723	20.5078	47.1441	20.5078	46.6096	20.5078	47.4096	20.5078	47.1614	20.5078	47.42
21.2402	42.1023	21.2402	41.7841	21.2402	42.1553	21.2402	41.2355	21.2402	41.9037	21.2402	40.5072	21.2402	41.2919	21.2402	39.7072	21.2402	40.2427	21.2402	39.0677	21.2402	38.6798	21.2402	38.9594	21.2402	36.7266	21.2402	39.6575	21.2402	35.5683	21.2402	41.0321	21.2402	37.16	21.2402	42.7084	21.2402	40.2103	21.2402	44.3968	21.2402	43.0397	21.2402	45.9566	21.2402	45.338	21.2402	47.3346	21.2402	47.1581	21.2402	48.514	21.2402	48.5809	21.2402	49.4909	21.2402	49.6685	21.2402	50.2649	21.2402	50.464	21.2402	50.8351	21.2402	50.9972	21.2402	51.1991	21.2402	51.2886	21.2402	51.3526
21.9727	45.1845	21.9727	44.5542	21.9727	45.5765	21.9727	43.6866	21.9727	45.7274	21.9727	42.5965	21.9727	45.6291	21.9727	41.3557	21.9727	45.269	21.9727	40.1962	21.9727	44.6381	21.9727	39.6149	21.9727	43.7582	21.9727	40.0896	21.9727	42.7558	21.9727	41.4576	21.9727	42.0035	21.9727	43.1596	21.9727	42.0968	21.9727	44.8254	21.9727	43.229	21.9727	46.318	21.9727	44.8945	21.9727	47.6062	21.9727	46.5691	21.9727	48.6909	21.9727	48.0197	21.9727	49.5785	21.9727	49.1851	21.9727	50.2727	21.9727	50.065	21.9727	50.7724	21.9727	50.676	21.9727	51.0724	21.9727	51.0369	21.9727	51.1644
22.7051	49.2183	22.7051	48.8166	22.7051	49.4562	22.7051	48.2649	22.7051	49.5163	22.7051	47.5818	22.7051	49.3805	22.7051	46.8008	22.7051	49.026	22.7051	45.9871	22.7051	48.4241	22.7051	45.2596	22.7051	47.5437	22.7051	44.7946	22.7051	46.3676	22.7051	44.7648	22.7051	44.9504	22.7051	45.2168	22.7051	43.5829	22.7051	46.0284	22.7051	42.9796	22.7051	47.0073	22.7051	43.7061	22.7051	47.9957	22.7051	45.2708	22.7051	48.8971	22.7051	46.9201	22.7051	49.6593	22.7051	48.3204	22.7051	50.2545	22.7051	49.3986	22.7051	50.6657	22.7051	50.1656	22.7051	50.8791	22.7051	50.65	22.7051	50.88
23.4375	44.3347	23.4375	43.5881	23.4375	44.7041	23.4375	42.4138	23.4375	44.7029	23.4375	40.7021	23.4375	44.297	23.4375	38.2679	23.4375	43.3993	23.4375	35.0467	23.4375	41.8324	23.4375	33.1586	23.4375	39.2286	23.4375	36.1548	23.4375	34.8774	23.4375	40.0227	23.4375	31.5607	23.4375	43.0867	23.4375	37.3309	23.4375	45.4712	23.4375	42.1489	23.4375	47.366	23.4375	45.4185	23.4375	48.8913	23.4375	47.7681	23.4375	50.1193	23.4375	49.5059	23.4375	51.0935	23.4375	50.7912	23.4375	51.8397	23.4375	51.7154	23.4375	52.3717	23.4375	52.3356	23.4375	52.6939	23.4375	52.6896	23.4375	52.8033
24.1699	41.5126	24.1699	41.2196	24.1699	41.7789	24.1699	41.2111	24.1699	41.8416	24.1699	41.8059	24.1699	41.6461	24.1699	43.0437	24.1699	41.2713	24.1699	44.6593	24.1699	41.0291	24.1699	46.3631	24.1699	41.4877	24.1699	47.989	24.1699	42.959	24.1699	49.4701	24.1699	45.0481	24.1699	50.7878	24.1699	47.2121	24.1699	51.9421	24.1699	49.1773	24.1699	52.9387	24.1699	50.864	24.1699	53.7844	24.1699	52.2679	24.1699	54.4854	24.1699	53.4077	24.1699	55.0467	24.1699	54.3069	24.1699	55.4714	24.1699	54.9883	24.1699	55.7605	24.1699	55.4729	24.1699	55.9121	24.1699	55.7787	24.1699	55.9211
25.6348	50.639	25.6348	50.3045	25.6348	50.8255	25.6348	49.8542	25.6348	50.8414	25.6348	49.3402	25.6348	50.6697	25.6348	48.8469	25.6348	50.2985	25.6348	48.4968	25.6348	49.7304	25.6348	48.4261	25.6348	49.0061	25.6348	48.7188	25.6348	48.2564	25.6348	49.3487	25.6348	47.7623	25.6348	50.2009	25.6348	47.8826	25.6348	51.1446	25.6348	48.7252	25.6348	52.0814	25.6348	50.0096	25.6348	52.9516	25.6348	51.3797	25.6348	53.7224	25.6348	52.6237	25.6348	54.3747	25.6348	53.6568	25.6348	54.8946	25.6348	54.4569	25.6348	55.2691	25.6348	55.0269	25.6348	55.4844	25.6348	55.3784	25.6348	55.5259
26.3672	51.037	26.3672	50.8409	26.3672	51.1694	26.3672	50.645	26.3672	51.1986	26.3672	50.5352	26.3672	51.1085	26.3672	50.6032	26.3672	50.9109	26.3672	50.9121	26.3672	50.6584	26.3672	51.4641	26.3672	50.4631	26.3672	52.2014	26.3672	50.4954	26.3672	53.04	26.3672	50.9141	26.3672	53.9046	26.3672	51.7453	26.3672	54.7433	26.3672	52.8552	26.3672	55.5264	26.3672	54.0552	26.3672	56.2387	26.3672	55.1998	26.3672	56.8716	26.3672	56.206	26.3672	57.4173	26.3672	57.0353	26.3672	57.8655	26.3672	57.6744	26.3672	58.2026	26.3672	58.123	26.3672	58.413	26.3672	58.3879	26.3672	58.48
27.0996	51.8349	27.0996	51.7196	27.0996	51.9029	27.0996	51.6062	27.0996	51.892	27.0996	51.5565	27.0996	51.7913	27.0996	51.6334	27.0996	51.6181	27.0996	51.8821	27.0996	51.4295	27.0996	52.3136	27.0996	51.334	27.0996	52.902	27.0996	51.4763	27.0996	53.5991	27.0996	51.968	27.0996	54.353	27.0996	52.802	27.0996	55.1203	27.0996	53.8533	27.0996	55.8685	27.0996	54.9649	27.0996	56.5736	27.0996	56.016	27.0996	57.2167	27.0996	56.9354	27.0996	57.7813	27.0996	57.6887	27.0996	58.2511	27.0996	58.2635	27.0996	58.6107	27.0996	58.659	27.0996	58.8448	27.0996	58.8812	27.0996	58.9394
27.832	53.7218	27.832	53.6656	27.832	53.7527	27.832	53.6169	27.832	53.7388	27.832	53.6169	27.832	53.6776	27.832	53.7077	27.832	53.5894	27.832	53.9226	27.832	53.5236	27.832	54.2761	27.832	53.5587	27.832	54.7601	27.832	53.7847	27.832	55.348	27.832	54.2608	27.832	56.0036	27.832	54.9757	27.832	56.6897	27.832	55.8496	27.832	57.373	27.832	56.7776	27.832	58.0257	27.832	57.6688	27.832	58.6247	27.832	58.4614	27.832	59.1509	27.832	59.1199	27.832	59.5879	27.832	59.6275	27.832	59.9214	27.832	59.9792	27.832	60.1383	27.832	60.1769	27.832	60.227
29.2969	56.471	29.2969	56.3731	29.2969	56.567	29.2969	56.3026	29.2969	56.6432	29.2969	56.2952	29.2969	56.6955	29.2969	56.3861	29.2969	56.7362	29.2969	56.6004	29.2969	56.7951	29.2969	56.9452	29.2969	56.9175	29.2969	57.4073	29.2969	57.1541	29.2969	57.9581	29.2969	57.5415	29.2969	58.5625	29.2969	58.0826	29.2969	59.1864	29.2969	58.7419	29.2969	59.8008	29.2969	59.459	29.2969	60.3829	29.2969	60.1697	29.2969	60.9142	29.2969	60.8208	29.2969	61.3799	29.2969	61.3753	29.2969	61.7666	29.2969	61.8107	29.2969	62.062	29.2969	62.1164	29.2969	62.2545	29.2969	62.2896	29.2969	62.3334
30.0293	58.4659	30.0293	58.4362	30.0293	58.5074	30.0293	58.4371	30.0293	58.548	30.0293	58.4902	30.0293	58.5852	30.0293	58.6148	30.0293	58.6278	30.0293	58.8227	30.0293	58.6975	30.0293	59.1153	30.0293	58.8263	30.0293	59.483	30.0293	59.0486	30.0293	59.9086	30.0293	59.3887	30.0293	60.3714	30.0293	59.8479	30.0293	60.8511	30.0293	60.4009	30.0293	61.3296	30.0293	61.0028	30.0293	61.7913	30.0293	61.6033	30.0293	62.2224	30.0293	62.1577	30.0293	62.6094	30.0293	62.6326	30.0293	62.9386	30.0293	63.0064	30.0293	63.1961	30.0293	63.2676	30.0293	63.3687	30.0293	63.4128	30.0293	63.4442
31.4941	59.6125	31.4941	59.5472	31.4941	59.6835	31.4941	59.503	31.4941	59.7509	31.4941	59.4995	31.4941	59.8144	31.4941	59.5567	31.4941	59.8839	31.4941	59.6911	31.4941	59.9795	31.4941	59.9117	31.4941	60.1294	31.4941	60.2184	31.4941	60.3631	31.4941	60.6021	31.4941	60.7009	31.4941	61.0468	31.4941	61.1433	31.4941	61.5327	31.4941	61.6679	31.4941	62.038	31.4941	62.2352	31.4941	62.5412	31.4941	62.7997	31.4941	63.0214	31.4941	63.3195	31.4941	63.4592	31.4941	63.7624	31.4941	63.8364	31.4941	64.1065	31.4941	64.1373	31.4941	64.3392	31.4941	64.3479	31.4941	64.4557	31.4941	64.4569
32.2266	61.1965	32.2266	61.1519	32.2266	61.2639	32.2266	61.1425	32.2266	61.3464	32.2266	61.183	32.2266	61.4427	32.2266	61.287	32.2266	61.559	32.2266	61.464	32.2266	61.7084	32.2266	61.7172	32.2266	61.9085	32.2266	62.0422	32.2266	62.1764	32.2266	62.4281	32.2266	62.5222	32.2266	62.8591	32.2266	62.9426	32.2266	63.3168	32.2266	63.4196	32.2266	63.7825	32.2266	63.9238	32.2266	64.2379	32.2266	64.421	32.2266	64.6658	32.2266	64.8786	32.2266	65.0509	32.2266	65.2703	32.2266	65.3791	32.2266	65.577	32.2266	65.6378	32.2266	65.7873	32.2266	65.8161	32.2266	65.8965	32.2266	65.9047
33.6914	63.2039	33.6914	63.1711	33.6914	63.2553	33.6914	63.1655	33.6914	63.3205	33.6914	63.197	33.6914	63.3987	33.6914	63.2757	33.6914	63.4947	33.6914	63.4091	33.6914	63.6179	33.6914	63.6011	33.6914	63.7808	33.6914	63.8507	33.6914	63.9961	33.6914	64.1516	33.6914	64.2715	33.6914	64.4934	33.6914	64.6061	33.6914	64.8628	33.6914	64.9879	33.6914	65.2446	33.6914	65.3957	33.6914	65.6235	33.6914	65.8029	33.6914	65.9843	33.6914	66.1827	33.6914	66.3124	33.6914	66.5115	33.6914	66.5946	33.6914	66.7715	33.6914	66.8185	33.6914	66.9512	33.6914	66.9736	33.6914	67.0446	33.6914	67.0511
34.4238	64.3576	34.4238	64.3273	34.4238	64.4048	34.4238	64.3211	34.4238	64.4643	34.4238	64.3475	34.4238	64.5356	34.4238	64.4152	34.4238	64.6222	34.4238	64.5312	34.4238	64.732	34.4238	64.6994	34.4238	64.8753	34.4238	64.9196	34.4238	65.0631	34.4238	65.1873	34.4238	65.3027	34.4238	65.494	34.4238	65.5945	34.4238	65.8278	34.4238	65.9297	34.4238	66.1751	34.4238	66.291	34.4238	66.5212	34.4238	66.6557	34.4238	66.8513	34.4238	66.9997	34.4238	67.1513	34.4238	67.3009	34.4238	67.4083	34.4238	67.5422	34.4238	67.6107	34.4238	67.7117	34.4238	67.7488	34.4238	67.8031	34.4238	67.8147
35.8887	64.956	35.8887	64.9136	35.8887	65.0126	35.8887	64.8923	35.8887	65.0793	35.8887	64.9	35.8887	65.1553	35.8887	64.9452	35.8887	65.2436	35.8887	65.035	35.8887	65.3509	35.8887	65.1738	35.8887	65.4864	35.8887	65.3628	35.8887	65.66	35.8887	65.5987	35.8887	65.8787	35.8887	65.8747	35.8887	66.1439	35.8887	66.1806	35.8887	66.4484	35.8887	66.5038	35.8887	66.7772	35.8887	66.8307	35.8887	67.1096	35.8887	67.1471	35.8887	67.423	35.8887	67.4392	35.8887	67.696	35.8887	67.6941	35.8887	67.9117	35.8887	67.8999	35.8887	68.0585	35.8887	68.0464	35.8887	68.1301	35.8887	68.1251
37.3535	65.8794	37.3535	65.8553	37.3535	65.9232	37.3535	65.8554	37.3535	65.9842	37.3535	65.8846	37.3535	66.0622	37.3535	65.9482	37.3535	66.1599	37.3535	66.0501	37.3535	66.282	37.3535	66.1924	37.3535	66.4348	37.3535	66.3744	37.3535	66.6241	37.3535	66.5929	37.3535	66.853	37.3535	66.8423	37.3535	67.1192	37.3535	67.1146	37.3535	67.4144	37.3535	67.4006	37.3535	67.724	37.3535	67.6901	37.3535	68.0298	37.3535	67.9725	37.3535	68.3123	37.3535	68.2365	37.3535	68.5537	37.3535	68.4712	37.3535	68.7397	37.3535	68.6656	37.3535	68.8608	37.3535	68.8094	37.3535	68.9122	37.3535	68.8939
38.8184	67.2231	38.8184	67.1768	38.8184	67.2856	38.8184	67.1501	38.8184	67.3618	38.8184	67.1472	38.8184	67.4515	38.8184	67.1726	38.8184	67.5557	38.8184	67.2301	38.8184	67.6775	38.8184	67.3226	38.8184	67.8206	38.8184	67.4511	38.8184	67.9886	38.8184	67.6152	38.8184	68.1833	38.8184	67.8121	38.8184	68.403	38.8184	68.0369	38.8184	68.6415	38.8184	68.2828	38.8184	68.8883	38.8184	68.5409	38.8184	69.1294	38.8184	68.8008	38.8184	69.3495	38.8184	69.0509	38.8184	69.5339	38.8184	69.2795	38.8184	69.6703	38.8184	69.475	38.8184	69.7504	38.8184	69.6271	38.8184	69.7695	38.8184	69.7274
39.5508	67.4118	39.5508	67.361	39.5508	67.478	39.5508	67.3288	39.5508	67.5572	39.5508	67.3195	39.5508	67.6488	39.5508	67.3374	39.5508	67.754	39.5508	67.3865	39.5508	67.8754	39.5508	67.4698	39.5508	68.0163	39.5508	67.5889	39.5508	68.18	39.5508	67.7436	39.5508	68.368	39.5508	67.9315	39.5508	68.5788	39.5508	68.1482	39.5508	68.8066	39.5508	68.3868	39.5508	69.0415	39.5508	68.6387	39.5508	69.2703	39.5508	68.8934	39.5508	69.4784	39.5508	69.1397	39.5508	69.6517	39.5508	69.3658	39.5508	69.7785	39.5508	69.5605	39.5508	69.8505	39.5508	69.7137	39.5508	69.8634	39.5508	69.8167
41.0156	67.8972	41.0156	67.85	41.0156	67.9631	41.0156	67.8244	41.0156	68.0454	41.0156	67.8241	41.0156	68.1432	41.0156	67.8526	41.0156	68.2569	41.0156	67.9131	41.0156	68.3879	41.0156	68.0074	41.0156	68.5381	41.0156	68.1361	41.0156	68.709	41.0156	68.2979	41.0156	68.9009	41.0156	68.4893	41.0156	69.1111	41.0156	68.7053	41.0156	69.3338	41.0156	68.9389	41.0156	69.5596	41.0156	69.1815	41.0156	69.7769	41.0156	69.424	41.0156	69.9728	41.0156	69.6561	41.0156	70.1349	41.0156	69.8679	41.0156	70.253	41.0156	70.0495	41.0156	70.3197	41.0156	70.192	41.0156	70.3314	41.0156	70.2879
42.4805	68.7713	42.4805	68.7275	42.4805	68.8327	42.4805	68.7036	42.4805	68.9099	42.4805	68.7023	42.4805	69.002	42.4805	68.7263	42.4805	69.109	42.4805	68.7776	42.4805	69.2314	42.4805	68.8577	42.4805	69.3702	42.4805	68.9669	42.4805	69.5258	42.4805	69.1041	42.4805	69.6974	42.4805	69.2669	42.4805	69.8824	42.4805	69.4511	42.4805	70.0751	42.4805	69.6512	42.4805	70.2679	42.4805	69.8601	42.4805	70.4507	42.4805	70.07	42.4805	70.6129	42.4805	70.2723	42.4805	70.7445	42.4805	70.4585	42.4805	70.8372	42.4805	70.6201	42.4805	70.8852	42.4805	70.7493	42.4805	70.8859	42.4805	70.8396
43.9453	69.3653	43.9453	69.3202	43.9453	69.429	43.9453	69.2956	43.9453	69.5096	43.9453	69.2935	43.9453	69.6063	43.9453	69.3159	43.9453	69.7183	43.9453	69.3643	43.9453	69.8455	43.9453	69.4397	43.9453	69.9877	43.9453	69.5422	43.9453	70.1442	43.9453	69.6704	43.9453	70.3133	43.9453	69.8223	43.9453	70.4915	43.9453	69.994	43.9453	70.6735	43.9453	70.1807	43.9453	70.8519	43.9453	70.3766	43.9453	71.0183	43.9453	70.5747	43.9453	71.1632	43.9453	70.7676	43.9453	71.2781	43.9453	70.9472	43.9453	71.3557	43.9453	71.1056	43.9453	71.3911	43.9453	71.2351	43.9453	71.382	43.9453	71.3289
45.4102	70.0129	45.4102	69.9564	45.4102	70.0862	45.4102	69.9187	45.4102	70.1747	45.4102	69.9017	45.4102	70.2771	45.4102	69.9072	45.4102	70.3921	45.4102	69.9369	45.4102	70.5188	45.4102	69.9916	45.4102	70.6564	45.4102	70.0716	45.4102	70.8034	45.4102	70.1764	45.4102	70.9577	45.4102	70.3043	45.4102	71.116	45.4102	70.4527	45.4102	71.2735	45.4102	70.6178	45.4102	71.4239	45.4102	70.7947	45.4102	71.5601	45.4102	70.9774	45.4102	71.6744	45.4102	71.1592	45.4102	71.7597	45.4102	71.3325	45.4102	71.8101	45.4102	71.4895	45.4102	71.8218	45.4102	71.6229	45.4102	71.7934	45.4102	71.726
47.6074	70.814	47.6074	70.7555	47.6074	70.8882	47.6074	70.7145	47.6074	70.9767	47.6074	70.6926	47.6074	71.0778	47.6074	70.6912	47.6074	71.1902	47.6074	70.7117	47.6074	71.3126	47.6074	70.7549	47.6074	71.4434	47.6074	70.8212	47.6074	71.5807	47.6074	70.9101	47.6074	71.7221	47.6074	71.0205	47.6074	71.864	47.6074	71.1503	47.6074	72.0022	47.6074	71.2966	47.6074	72.1312	47.6074	71.4552	47.6074	72.2449	47.6074	71.6208	47.6074	72.3372	47.6074	71.7874	47.6074	72.4023	47.6074	71.9481	47.6074	72.4356	47.6074	72.096	47.6074	72.4342	47.6074	72.224	47.6074	72.3972	47.6074	72.3261
49.0723	71.3607	49.0723	71.2933	49.0723	71.4433	49.0723	71.2427	49.0723	71.5391	49.0723	71.2107	49.0723	71.6465	49.0723	71.1987	49.0723	71.7637	49.0723	71.2082	49.0723	71.8887	49.0723	71.24	49.0723	72.0197	49.0723	71.2947	49.0723	72.1542	49.0723	71.372	49.0723	72.2894	49.0723	71.4711	49.0723	72.4218	49.0723	71.5901	49.0723	72.547	49.0723	71.7262	49.0723	72.6603	49.0723	71.8755	49.0723	72.7563	49.0723	72.0335	49.0723	72.8297	49.0723	72.1944	49.0723	72.8757	49.0723	72.352	49.0723	72.8909	49.0723	72.4999	49.0723	72.8731	49.0723	72.6314	49.0723	72.8224	49.0723	72.7406
50.5371	71.7262	50.5371	71.6484	50.5371	71.8188	50.5371	71.5874	50.5371	71.9243	50.5371	71.5449	50.5371	72.0406	50.5371	71.5227	50.5371	72.1655	50.5371	71.5218	50.5371	72.2967	50.5371	71.5434	50.5371	72.4317	50.5371	71.5878	50.5371	72.5677	50.5371	71.6552	50.5371	72.7015	50.5371	71.7446	50.5371	72.8293	50.5371	71.8549	50.5371	72.9468	50.5371	71.9837	50.5371	73.0495	50.5371	72.1279	50.5371	73.1322	50.5371	72.2831	50.5371	73.1905	50.5371	72.4443	50.5371	73.2201	50.5371	72.6053	50.5371	73.2184	50.5371	72.7596	50.5371	73.184	50.5371	72.9005	50.5371	73.1176	50.5371	73.0217
52.7344	72.6356	52.7344	72.5482	52.7344	72.7358	52.7344	72.4755	52.7344	72.8465	52.7344	72.4197	52.7344	72.9654	52.7344	72.3825	52.7344	73.0901	52.7344	72.3655	52.7344	73.2179	52.7344	72.3701	52.7344	73.346	52.7344	72.3974	52.7344	73.4712	52.7344	72.4477	52.7344	73.5902	52.7344	72.5209	52.7344	73.6995	52.7344	72.6157	52.7344	73.7952	52.7344	72.7302	52.7344	73.8736	52.7344	72.8612	52.7344	73.931	52.7344	73.0044	52.7344	73.9639	52.7344	73.1551	52.7344	73.97	52.7344	73.3075	52.7344	73.9478	52.7344	73.4558	52.7344	73.8971	52.7344	73.5941	52.7344	73.8192	52.7344	73.7169
54.1992	73.129	54.1992	73.0376	54.1992	73.2311	54.1992	72.9589	54.1992	73.3417	54.1992	72.895	54.1992	73.4584	54.1992	72.8475	54.1992	73.5787	54.1992	72.8181	54.1992	73.6998	54.1992	72.8083	54.1992	73.8187	54.1992	72.8193	54.1992	73.9324	54.1992	72.8518	54.1992	74.0375	54.1992	72.9058	54.1992	74.1306	54.1992	72.981	54.1992	74.2082	54.1992	73.0759	54.1992	74.2669	54.1992	73.1881	54.1992	74.3038	54.1992	73.3145	54.1992	74.3162	54.1992	73.451	54.1992	74.3026	54.1992	73.5928	54.1992	74.2625	54.1992	73.7348	54.1992	74.1965	54.1992	73.8713	54.1992	74.1069	54.1992	73.9971
56.3965	73.6428	56.3965	73.5474	56.3965	73.7492	56.3965	73.4654	56.3965	73.8641	56.3965	73.399	56.3965	73.9847	56.3965	73.35	56.3965	74.1079	56.3965	73.3198	56.3965	74.2305	56.3965	73.3097	56.3965	74.3492	56.3965	73.3204	56.3965	74.4605	56.3965	73.3519	56.3965	74.561	56.3965	73.4041	56.3965	74.6475	56.3965	73.4758	56.3965	74.7166	56.3965	73.5657	56.3965	74.7656	56.3965	73.6715	56.3965	74.7922	56.3965	73.7905	56.3965	74.7945	56.3965	73.9194	56.3965	74.7716	56.3965	74.0543	56.3965	74.7236	56.3965	74.1906	56.3965	74.6518	56.3965	74.3235	56.3965	74.5587	56.3965	74.4478
58.5938	74.5228	58.5938	74.454	58.5938	74.6002	58.5938	74.3946	58.5938	74.685	58.5938	74.3452	58.5938	74.7755	58.5938	74.3061	58.5938	74.8696	58.5938	74.2774	58.5938	74.965	58.5938	74.2593	58.5938	75.0586	58.5938	74.2523	58.5938	75.1476	58.5938	74.257	58.5938	75.2284	58.5938	74.2745	58.5938	75.2979	58.5938	74.3064	58.5938	75.3527	58.5938	74.3543	58.5938	75.39	58.5938	74.4192	58.5938	75.4073	58.5938	74.501	58.5938	75.4027	58.5938	74.5983	58.5938	75.3753	58.5938	74.7078	58.5938	75.3251	58.5938	74.8249	58.5938	75.2537	58.5938	74.9438	58.5938	75.1635	58.5938	75.0585
60.0586	74.9058	60.0586	74.8481	60.0586	74.9736	60.0586	74.8009	60.0586	75.0502	60.0586	74.7645	60.0586	75.134	60.0586	74.7387	60.0586	75.2228	60.0586	74.7229	60.0586	75.3139	60.0586	74.7165	60.0586	75.4043	60.0586	74.7191	60.0586	75.4907	60.0586	74.7306	60.0586	75.5696	60.0586	74.7513	60.0586	75.6376	60.0586	74.7824	60.0586	75.6915	60.0586	74.8253	60.0586	75.7284	60.0586	74.8812	60.0586	75.746	60.0586	74.9509	60.0586	75.7428	60.0586	75.0338	60.0586	75.7183	60.0586	75.1277	60.0586	75.6729	60.0586	75.2289	60.0586	75.6083	60.0586	75.3328	60.0586	75.5274	60.0586	75.434
62.2559	75.717	62.2559	75.6536	62.2559	75.7898	62.2559	75.6009	62.2559	75.8703	62.2559	75.5601	62.2559	75.9563	62.2559	75.5316	62.2559	76.0452	62.2559	75.5158	62.2559	76.1344	62.2559	75.5128	62.2559	76.2207	62.2559	75.5223	62.2559	76.3011	62.2559	75.544	62.2559	76.3725	62.2559	75.5773	62.2559	76.432	62.2559	75.6216	62.2559	76.4771	62.2559	75.6764	62.2559	76.5059	62.2559	75.7409	62.2559	76.5172	62.2559	75.814	62.2559	76.5103	62.2559	75.8943	62.2559	76.4857	62.2559	75.9798	62.2559	76.4443	62.2559	76.068	62.2559	76.388	62.2559	76.1561	62.2559	76.3193	62.2559	76.241
64.4531	76.3926	64.4531	76.3293	64.4531	76.4646	64.4531	76.2761	64.4531	76.5435	64.4531	76.234	64.4531	76.6272	64.4531	76.2035	64.4531	76.7131	64.4531	76.1849	64.4531	76.7984	64.4531	76.1781	64.4531	76.88	64.4531	76.1829	64.4531	76.9548	64.4531	76.1989	64.4531	77.0199	64.4531	76.2256	64.4531	77.0723	64.4531	76.2626	64.4531	77.1099	64.4531	76.3094	64.4531	77.1309	64.4531	76.3655	64.4531	77.1342	64.4531	76.4301	64.4531	77.1197	64.4531	76.5023	64.4531	77.0881	64.4531	76.5805	64.4531	77.0408	64.4531	76.663	64.4531	76.9802	64.4531	76.7471	64.4531	76.9089	64.4531	76.8302
66.6504	77.0798	66.6504	77.0109	66.6504	77.1555	66.6504	76.9506	66.6504	77.2362	66.6504	76.8998	66.6504	77.3196	66.6504	76.8594	66.6504	77.4031	66.6504	76.8299	66.6504	77.4839	66.6504	76.8116	66.6504	77.5591	66.6504	76.8044	66.6504	77.6256	66.6504	76.8084	66.6504	77.6806	66.6504	76.8234	66.6504	77.7217	66.6504	76.8492	66.6504	77.747	66.6504	76.8858	66.6504	77.7551	66.6504	76.9328	66.6504	77.7454	66.6504	76.9899	66.6504	77.7182	66.6504	77.0564	66.6504	77.6747	66.6504	77.1309	66.6504	77.6166	66.6504	77.212	66.6504	77.5466	66.6504	77.2971	66.6504	77.4678	66.6504	77.3834
69.5801	78.0556	69.5801	77.9847	69.5801	78.1322	69.5801	77.9207	69.5801	78.2124	69.5801	77.8648	69.5801	78.2943	69.5801	77.8177	69.5801	78.3754	69.5801	77.7801	69.5801	78.4527	69.5801	77.7521	69.5801	78.5234	69.5801	77.7342	69.5801	78.5845	69.5801	77.7264	69.5801	78.6332	69.5801	77.7291	69.5801	78.6667	69.5801	77.7424	69.5801	78.6833	69.5801	77.7668	69.5801	78.6815	69.5801	77.8026	69.5801	78.661	69.5801	77.8501	69.5801	78.6223	69.5801	77.9093	69.5801	78.5669	69.5801	77.9794	69.5801	78.4972	69.5801	78.059	69.5801	78.4165	69.5801	78.1458	69.5801	78.3284	69.5801	78.2368
71.7773	78.6973	71.7773	78.6259	71.7773	78.774	71.7773	78.5614	71.7773	78.8544	71.7773	78.5049	71.7773	78.936	71.7773	78.4569	71.7773	79.0162	71.7773	78.4179	71.7773	79.092	71.7773	78.388	71.7773	79.1605	71.7773	78.3673	71.7773	79.2185	71.7773	78.3558	71.7773	79.2631	71.7773	78.3537	71.7773	79.2919	71.7773	78.3614	71.7773	79.3031	71.7773	78.3797	71.7773	79.2955	71.7773	78.4093	71.7773	79.2691	71.7773	78.4508	71.7773	79.2245	71.7773	78.5047	71.7773	79.1638	71.7773	78.5705	71.7773	79.0896	71.7773	78.647	71.7773	79.0054	71.7773	78.732	71.7773	78.915	71.7773	78.8225
73.9746	79.3052	73.9746	79.2337	73.9746	79.3817	73.9746	79.1685	73.9746	79.4612	73.9746	79.1108	73.9746	79.5413	73.9746	79.0613	73.9746	79.6194	73.9746	79.0202	73.9746	79.6926	73.9746	78.9876	73.9746	79.7577	73.9746	78.9637	73.9746	79.8119	73.9746	78.9485	73.9746	79.8524	73.9746	78.9422	73.9746	79.8768	73.9746	78.9455	73.9746	79.8833	73.9746	78.9591	73.9746	79.8711	73.9746	78.9839	73.9746	79.8399	73.9746	79.0209	73.9746	79.791	73.9746	79.0704	73.9746	79.7262	73.9746	79.1323	73.9746	79.6486	73.9746	79.2055	73.9746	79.5619	73.9746	79.2882	73.9746	79.4701	73.9746	79.3776
76.9043	80.1154	76.9043	80.0391	76.9043	80.196	76.9043	79.9687	76.9043	80.2788	76.9043	79.9054	76.9043	80.3612	76.9043	79.8502	76.9043	80.4405	76.9043	79.8034	76.9043	80.5138	76.9043	79.7654	76.9043	80.5779	76.9043	79.7363	76.9043	80.6298	76.9043	79.7165	76.9043	80.6669	76.9043	79.7062	76.9043	80.6869	76.9043	79.7062	76.9043	80.6881	76.9043	79.7172	76.9043	80.6697	76.9043	79.7401	76.9043	80.6318	76.9043	79.7757	76.9043	80.5759	76.9043	79.8243	76.9043	80.5042	76.9043	79.8858	76.9043	80.42	76.9043	79.9593	76.9043	80.3274	76.9043	80.0432	76.9043	80.2309	76.9043	80.1348
79.834	80.9242	79.834	80.8512	79.834	81.0008	79.834	80.7834	79.834	81.0789	79.834	80.7222	79.834	81.156	79.834	80.6681	79.834	81.2291	79.834	80.6215	79.834	81.2953	79.834	80.5825	79.834	81.3518	79.834	80.5509	79.834	81.3956	79.834	80.5271	79.834	81.4244	79.834	80.5113	79.834	81.4362	79.834	80.5044	79.834	81.4299	79.834	80.5075	79.834	81.405	79.834	80.5219	79.834	81.3621	79.834	80.5487	79.834	81.3028	79.834	80.5888	79.834	81.2296	79.834	80.6421	79.834	81.1458	79.834	80.7081	79.834	81.0553	79.834	80.7851	79.834	80.9622	79.834	80.8709
82.7637	81.5671	82.7637	81.4819	82.7637	81.6559	82.7637	81.403	82.7637	81.7452	82.7637	81.3321	82.7637	81.8316	82.7637	81.2705	82.7637	81.9117	82.7637	81.2188	82.7637	81.9819	82.7637	81.1769	82.7637	82.039	82.7637	81.1445	82.7637	82.08	82.7637	81.1211	82.7637	82.1027	82.7637	81.1064	82.7637	82.1055	82.7637	81.1008	82.7637	82.0878	82.7637	81.1047	82.7637	82.0498	82.7637	81.1191	82.7637	81.9932	82.7637	81.1448	82.7637	81.9205	82.7637	81.1826	82.7637	81.8352	82.7637	81.2328	82.7637	81.7415	82.7637	81.2955	82.7637	81.6439	82.7637	81.3698	82.7637	81.5468	82.7637	81.4544
85.6934	82.2124	85.6934	82.1116	85.6934	82.3151	85.6934	82.0163	85.6934	82.416	85.6934	81.9298	85.6934	82.5115	85.6934	81.8552	85.6934	82.5982	85.6934	81.7946	85.6934	82.6729	85.6934	81.7495	85.6934	82.7325	85.6934	81.7205	85.6934	82.7747	85.6934	81.7071	85.6934	82.7971	85.6934	81.7078	85.6934	82.7985	85.6934	81.721	85.6934	82.7782	85.6934	81.7444	85.6934	82.7368	85.6934	81.7762	85.6934	82.676	85.6934	81.8151	85.6934	82.5988	85.6934	81.8608	85.6934	82.5094	85.6934	81.9139	85.6934	82.4128	85.6934	81.9756	85.6934	82.3139	85.6934	82.0468	85.6934	82.2177	85.6934	82.1278
88.623	82.9819	88.623	82.8875	88.623	83.0738	88.623	82.793	88.623	83.1608	88.623	82.701	88.623	83.2405	88.623	82.6142	88.623	83.3109	88.623	82.5351	88.623	83.3696	88.623	82.4664	88.623	83.4147	88.623	82.4103	88.623	83.4441	88.623	82.3687	88.623	83.4563	88.623	82.3425	88.623	83.45	88.623	82.3321	88.623	83.4244	88.623	82.337	88.623	83.3797	88.623	82.3565	88.623	83.3169	88.623	82.3896	88.623	83.2381	88.623	82.4356	88.623	83.1466	88.623	82.4941	88.623	83.0464	88.623	82.5646	88.623	82.942	88.623	82.6465	88.623	82.838	88.623	82.7384
91.5527	83.5251	91.5527	83.4453	91.5527	83.6031	91.5527	83.3658	91.5527	83.6769	91.5527	83.2885	91.5527	83.7438	91.5527	83.215	91.5527	83.8014	91.5527	83.1465	91.5527	83.8472	91.5527	83.0842	91.5527	83.8788	91.5527	83.029	91.5527	83.8944	91.5527	82.9816	91.5527	83.8926	91.5527	82.943	91.5527	83.8725	91.5527	82.9138	91.5527	83.8341	91.5527	82.8951	91.5527	83.7783	91.5527	82.8877	91.5527	83.7066	91.5527	82.8929	91.5527	83.6217	91.5527	82.9119	91.5527	83.527	91.5527	82.9457	91.5527	83.4267	91.5527	82.9949	91.5527	83.3254	91.5527	83.0594	91.5527	83.2276	91.5527	83.1378
94.4824	83.9575	94.4824	83.872	94.4824	84.0414	94.4824	83.7871	94.4824	84.1207	94.4824	83.7051	94.4824	84.1923	94.4824	83.6274	94.4824	84.2532	94.4824	83.555	94.4824	84.3001	94.4824	83.4885	94.4824	84.3304	94.4824	83.4282	94.4824	84.3416	94.4824	83.3744	94.4824	84.3323	94.4824	83.3273	94.4824	84.3017	94.4824	83.2876	94.4824	84.2499	94.4824	83.2563	94.4824	84.1783	94.4824	83.2353	94.4824	84.0894	94.4824	83.2266	94.4824	83.9867	94.4824	83.2328	94.4824	83.8748	94.4824	83.2562	94.4824	83.7588	94.4824	83.2986	94.4824	83.6442	94.4824	83.3603	94.4824	83.5364	94.4824	83.4405
98.1445	84.2105	98.1445	84.1272	98.1445	84.2931	98.1445	84.0458	98.1445	84.3723	98.1445	83.9685	98.1445	84.4453	98.1445	83.8968	98.1445	84.5092	98.1445	83.8322	98.1445	84.5615	98.1445	83.7752	98.1445	84.5996	98.1445	83.7262	98.1445	84.6215	98.1445	83.6853	98.1445	84.6253	98.1445	83.6524	98.1445	84.61	98.1445	83.6277	98.1445	84.5749	98.1445	83.6116	98.1445	84.5205	98.1445	83.6053	98.1445	84.4482	98.1445	83.6102	98.1445	84.3608	98.1445	83.6281	98.1445	84.2621	98.1445	83.6608	98.1445	84.1569	98.1445	83.7095	98.1445	84.0505	98.1445	83.7746	98.1445	83.9482	98.1445	83.8549
101.807	84.4278	101.807	84.3396	101.807	84.5138	101.807	84.2518	101.807	84.595	101.807	84.1669	101.807	84.6684	101.807	84.0868	101.807	84.7314	101.807	84.0127	101.807	84.7818	101.807	83.9456	101.807	84.8176	101.807	83.8858	101.807	84.8371	101.807	83.8338	101.807	84.8388	101.807	83.79	101.807	84.8219	101.807	83.7551	101.807	84.7855	101.807	83.7304	101.807	84.7297	101.807	83.7178	101.807	84.6553	101.807	83.7197	101.807	84.5642	101.807	83.7384	101.807	84.4594	101.807	83.7761	101.807	84.3454	101.807	83.8337	101.807	84.2276	101.807	83.9106	101.807	84.1121	101.807	84.0047
105.469	84.5351	105.469	84.4467	105.469	84.621	105.469	84.3592	105.469	84.701	105.469	84.2757	105.469	84.772	105.469	84.1986	105.469	84.8312	105.469	84.1298	105.469	84.8764	105.469	84.0703	105.469	84.9062	105.469	84.0204	105.469	84.9197	105.469	83.9801	105.469	84.9164	105.469	83.9493	105.469	84.8963	105.469	83.9279	105.469	84.8599	105.469	83.9162	105.469	84.8078	105.469	83.9151	105.469	84.7412	105.469	83.9258	105.469	84.662	105.469	83.9498	105.469	84.5726	105.469	83.9881	105.469	84.4764	105.469	84.0414	105.469	84.3776	105.469	84.1093	105.469	84.2807	105.469	84.1899
109.131	84.5052	109.131	84.4094	109.131	84.5963	109.131	84.313	109.131	84.6789	109.131	84.2195	109.131	84.7494	109.131	84.1322	109.131	84.8051	109.131	84.0536	109.131	84.8438	109.131	83.9851	109.131	84.8642	109.131	83.9275	109.131	84.866	109.131	83.8808	109.131	84.8493	109.131	83.8447	109.131	84.815	109.131	83.819	109.131	84.7643	109.131	83.8037	109.131	84.6988	109.131	83.799	109.131	84.6205	109.131	83.806	109.131	84.5316	109.131	83.8258	109.131	84.4352	109.131	83.8596	109.131	84.3347	109.131	83.9082	109.131	84.234	109.131	83.9716	109.131	84.1374	109.131	84.0488
112.793	84.4022	112.793	84.2902	112.793	84.5068	112.793	84.1755	112.793	84.5994	112.793	84.0631	112.793	84.6762	112.793	83.9573	112.793	84.7344	112.793	83.8616	112.793	84.772	112.793	83.7783	112.793	84.7884	112.793	83.7083	112.793	84.7835	112.793	83.6518	112.793	84.7582	112.793	83.6082	112.793	84.7139	112.793	83.5767	112.793	84.6525	112.793	83.557	112.793	84.5758	112.793	83.5495	112.793	84.486	112.793	83.5554	112.793	84.3853	112.793	83.5762	112.793	84.2763	112.793	83.6139	112.793	84.1623	112.793	83.6696	112.793	84.0474	112.793	83.7433	112.793	83.9361	112.793	83.8333
116.455	84.3637	116.455	84.252	116.455	84.4638	116.455	84.1327	116.455	84.549	116.455	84.0104	116.455	84.6165	116.455	83.8892	116.455	84.664	116.455	83.7734	116.455	84.6906	116.455	83.6667	116.455	84.6956	116.455	83.5718	116.455	84.6796	116.455	83.4907	116.455	84.6433	116.455	83.4247	116.455	84.5884	116.455	83.3744	116.455	84.5165	116.455	83.3406	116.455	84.4296	116.455	83.3238	116.455	84.3299	116.455	83.3253	116.455	84.2198	116.455	83.346	116.455	84.1019	116.455	83.387	116.455	83.9796	116.455	83.4485	116.455	83.8566	116.455	83.5293	116.455	83.7375	116.455	83.6269
120.85	84.2405	120.85	84.1357	120.85	84.3336	120.85	84.0223	120.85	84.4121	120.85	83.9035	120.85	84.4734	120.85	83.7822	120.85	84.5155	120.85	83.6612	120.85	84.5372	120.85	83.5428	120.85	84.538	120.85	83.4293	120.85	84.5182	120.85	83.3229	120.85	84.4785	120.85	83.2257	120.85	84.4201	120.85	83.1404	120.85	84.3441	120.85	83.0702	120.85	84.2515	120.85	83.0188	120.85	84.1433	120.85	82.9906	120.85	84.0206	120.85	82.9901	120.85	83.885	120.85	83.021	120.85	83.7394	120.85	83.0846	120.85	83.5887	120.85	83.1793	120.85	83.4396	120.85	83.3002
125.244	84.0447	125.244	83.9317	125.244	84.1459	125.244	83.8108	125.244	84.2317	125.244	83.6862	125.244	84.299	125.244	83.5614	125.244	84.3458	125.244	83.4396	125.244	84.3708	125.244	83.3233	125.244	84.374	125.244	83.2144	125.244	84.3561	125.244	83.1149	125.244	84.3184	125.244	83.0267	125.244	84.2625	125.244	82.9527	125.244	84.1904	125.244	82.8963	125.244	84.1034	125.244	82.8615	125.244	84.003	125.244	82.8522	125.244	83.8902	125.244	82.8714	125.244	83.7665	125.244	82.9205	125.244	83.6339	125.244	82.9983	125.244	83.4957	125.244	83.101	125.244	83.3567	125.244	83.2228
129.639	83.7158	129.639	83.6182	129.639	83.8047	129.639	83.5154	129.639	83.8809	129.639	83.4105	129.639	83.9407	129.639	83.3058	129.639	83.9812	129.639	83.2028	129.639	84.0001	129.639	83.1027	129.639	83.9969	129.639	83.0066	129.639	83.9723	129.639	82.9162	129.639	83.9285	129.639	82.8343	129.639	83.8688	129.639	82.7644	129.639	83.7968	129.639	82.711	129.639	83.7159	129.639	82.6788	129.639	83.6283	129.639	82.6716	129.639	83.5353	129.639	82.6916	129.639	83.437	129.639	82.7386	129.639	83.3334	129.639	82.8098	129.639	83.225	129.639	82.9003	129.639	83.1138	129.639	83.0038
134.033	83.2441	134.033	83.1311	134.033	83.3508	134.033	83.0174	134.033	83.446	134.033	82.9076	134.033	83.5245	134.033	82.8058	134.033	83.5825	134.033	82.7142	134.033	83.6171	134.033	82.6343	134.033	83.6271	134.033	82.5659	134.033	83.6123	134.033	82.5084	134.033	83.5742	134.033	82.4605	134.033	83.5151	134.033	82.4213	134.033	83.438	134.033	82.3907	134.033	83.3462	134.033	82.3694	134.033	83.2432	134.033	82.3597	134.033	83.1319	134.033	82.3642	134.033	83.0154	134.033	82.3861	134.033	82.8969	134.033	82.4277	134.033	82.7803	134.033	82.4901	134.033	82.6703	134.033	82.572
138.428	83.024	138.428	82.8839	138.428	83.1525	138.428	82.7387	138.428	83.2632	138.428	82.5947	138.428	83.351	138.428	82.4565	138.428	83.4128	138.428	82.3269	138.428	83.4475	138.428	82.207	138.428	83.4555	138.428	82.097	138.428	83.4391	138.428	81.997	138.428	83.4013	138.428	81.9081	138.428	83.3453	138.428	81.8328	138.428	83.2744	138.428	81.7755	138.428	83.1907	138.428	81.7421	138.428	83.095	138.428	81.739	138.428	82.9868	138.428	81.7718	138.428	82.8648	138.428	81.8432	138.428	82.7277	138.428	81.9515	138.428	82.5762	138.428	82.0901	138.428	82.4138	138.428	82.2482
143.555	82.9004	143.555	82.7434	143.555	83.041	143.555	82.5784	143.555	83.1578	143.555	82.4135	143.555	83.2453	143.555	82.2552	143.555	83.3001	143.555	82.108	143.555	83.3215	143.555	81.9736	143.555	83.3108	143.555	81.8524	143.555	83.2718	143.555	81.7443	143.555	83.2098	143.555	81.6507	143.555	83.1311	143.555	81.5751	143.555	83.042	143.555	81.5233	143.555	82.9475	143.555	81.5022	143.555	82.8504	143.555	81.5177	143.555	82.7505	143.555	81.573	143.555	82.6446	143.555	81.6668	143.555	82.5284	143.555	81.7928	143.555	82.3982	143.555	81.9407	143.555	82.2535	143.555	82.0982
148.682	82.7748	148.682	82.6058	148.682	82.9206	148.682	82.4225	148.682	83.036	148.682	82.2358	148.682	83.1167	148.682	82.0563	148.682	83.1605	148.682	81.8928	148.682	83.1672	148.682	81.7515	148.682	83.1387	148.682	81.6344	148.682	83.0784	148.682	81.5411	148.682	82.9914	148.682	81.47	148.682	82.8839	148.682	81.4201	148.682	82.7631	148.682	81.3919	148.682	82.6365	148.682	81.3874	148.682	82.5106	148.682	81.4087	148.682	82.3899	148.682	81.4564	148.682	82.2757	148.682	81.5288	148.682	82.1665	148.682	81.6212	148.682	82.0589	148.682	81.7267	148.682	81.9497	148.682	81.8381
153.809	82.4817	153.809	82.3296	153.809	82.6121	153.809	82.1638	153.809	82.715	153.809	81.9939	153.809	82.787	153.809	81.8304	153.809	82.8268	153.809	81.6828	153.809	82.835	153.809	81.5588	153.809	82.8138	153.809	81.4626	153.809	82.7663	153.809	81.3948	153.809	82.6963	153.809	81.3536	153.809	82.608	153.809	81.3358	153.809	82.5061	153.809	81.3384	153.809	82.3956	153.809	81.3592	153.809	82.2822	153.809	81.3967	153.809	82.1712	153.809	81.4488	153.809	82.0672	153.809	81.5122	153.809	81.9727	153.809	81.5831	153.809	81.8872	153.809	81.6573	153.809	81.8083	153.809	81.7324
159.668	82.1148	159.668	81.9516	159.668	82.2453	159.668	81.7636	159.668	82.3383	159.668	81.5614	159.668	82.3916	159.668	81.3575	159.668	82.4057	159.668	81.1657	159.668	82.3838	159.668	80.9985	159.668	82.3313	159.668	80.8659	159.668	82.2552	159.668	80.7732	159.668	82.1636	159.668	80.7207	159.668	82.0641	159.668	80.7047	159.668	81.9629	159.668	80.7193	159.668	81.8634	159.668	80.7576	159.668	81.7668	159.668	80.8134	159.668	81.6722	159.668	80.8812	159.668	81.578	159.668	80.9568	159.668	81.4837	159.668	81.037	159.668	81.3896	159.668	81.1206	159.668	81.2971	159.668	81.2072
164.795	82.2849	164.795	82.1355	164.795	82.3987	164.795	81.9544	164.795	82.4742	164.795	81.7472	164.795	82.5103	164.795	81.5216	164.795	82.5068	164.795	81.2873	164.795	82.4648	164.795	81.0558	164.795	82.387	164.795	80.8389	164.795	82.2781	164.795	80.6474	164.795	82.1442	164.795	80.4889	164.795	81.9926	164.795	80.3673	164.795	81.8313	164.795	80.283	164.795	81.6674	164.795	80.2345	164.795	81.506	164.795	80.22	164.795	81.3492	164.795	80.2385	164.795	81.1966	164.795	80.2891	164.795	81.0462	164.795	80.3703	164.795	80.8965	164.795	80.4783	164.795	80.7486	164.795	80.6068
170.654	82.0544	170.654	81.9177	170.654	82.1642	170.654	81.7588	170.654	82.2431	170.654	81.583	170.654	82.2887	170.654	81.3959	170.654	82.3	170.654	81.2037	170.654	82.2776	170.654	81.0129	170.654	82.2242	170.654	80.8306	170.654	82.1437	170.654	80.664	170.654	82.0416	170.654	80.52	170.654	81.9235	170.654	80.4042	170.654	81.7951	170.654	80.3211	170.654	81.6608	170.654	80.2731	170.654	81.5234	170.654	80.2614	170.654	81.3843	170.654	80.2856	170.654	81.2435	170.654	80.3436	170.654	81.1007	170.654	80.4314	170.654	80.9563	170.654	80.5434	170.654	80.8122	170.654	80.6727
176.514	81.725	176.514	81.5977	176.514	81.8269	176.514	81.4498	176.514	81.8991	176.514	81.2863	176.514	81.9388	176.514	81.1124	176.514	81.9449	176.514	80.9335	176.514	81.918	176.514	80.755	176.514	81.861	176.514	80.5827	176.514	81.7787	176.514	80.4229	176.514	81.6773	176.514	80.2815	176.514	81.5631	176.514	80.1641	176.514	81.4419	176.514	80.0752	176.514	81.3178	176.514	80.018	176.514	81.192	176.514	79.9946	176.514	81.0638	176.514	80.0058	176.514	80.9311	176.514	80.0512	176.514	80.7922	176.514	80.1287	176.514	80.6479	176.514	80.2343	176.514	80.502	176.514	80.3614
183.105	81.4379	183.105	81.2945	183.105	81.5507	183.105	81.1266	183.105	81.6282	183.105	80.9407	183.105	81.6675	183.105	80.7438	183.105	81.6679	183.105	80.5428	183.105	81.6316	183.105	80.3445	183.105	81.5631	183.105	80.156	183.105	81.4696	183.105	79.9837	183.105	81.3595	183.105	79.8333	183.105	81.2418	183.105	79.7097	183.105	81.1237	183.105	79.6171	183.105	81.0093	183.105	79.5599	183.105	80.8985	183.105	79.5423	183.105	80.7872	183.105	79.5676	183.105	80.6687	183.105	79.6369	183.105	80.5365	183.105	79.747	183.105	80.3874	183.105	79.8899	183.105	80.2236	183.105	80.0536
189.697	81.2851	189.697	81.1635	189.697	81.3844	189.697	81.0255	189.697	81.4546	189.697	80.875	189.697	81.4901	189.697	80.7133	189.697	81.4872	189.697	80.5407	189.697	81.4458	189.697	80.3576	189.697	81.3694	189.697	80.1674	189.697	81.265	189.697	79.9777	189.697	81.143	189.697	79.7999	189.697	81.0153	189.697	79.6472	189.697	80.8931	189.697	79.5316	189.697	80.7842	189.697	79.4619	189.697	80.6903	189.697	79.4432	189.697	80.6064	189.697	79.4765	189.697	80.522	189.697	79.5591	189.697	80.425	189.697	79.6833	189.697	80.3062	189.697	79.8365	189.697	80.1632	189.697	80.0022
196.289	80.9123	196.289	80.7656	196.289	81.0331	196.289	80.6036	196.289	81.1177	196.289	80.4358	196.289	81.159	196.289	80.2682	196.289	81.1534	196.289	80.1028	196.289	81.1018	196.289	79.9391	196.289	81.0091	196.289	79.7767	196.289	80.8845	196.289	79.6182	196.289	80.7402	196.289	79.4707	196.289	80.5904	196.289	79.3451	196.289	80.4491	196.289	79.2542	196.289	80.3278	196.289	79.209	196.289	80.2324	196.289	79.2157	196.289	80.1616	196.289	79.2734	196.289	80.106	196.289	79.3738	196.289	80.0518	196.289	79.5028	196.289	79.9845	196.289	79.6433	196.289	79.894	196.289	79.7781
202.881	81.0367	202.881	80.8892	202.881	81.1422	202.881	80.7103	202.881	81.1997	202.881	80.5135	202.881	81.2074	202.881	80.3116	202.881	81.168	202.881	80.114	202.881	81.0873	202.881	79.9254	202.881	80.9737	202.881	79.7471	202.881	80.8373	202.881	79.5807	202.881	80.689	202.881	79.4308	202.881	80.5389	202.881	79.3053	202.881	80.3958	202.881	79.2134	202.881	80.2658	202.881	79.1626	202.881	80.1528	202.881	79.1567	202.881	80.0571	202.881	79.1949	202.881	79.9753	202.881	79.2718	202.881	79.8993	202.881	79.3771	202.881	79.8191	202.881	79.497	202.881	79.726	202.881	79.6171
210.205	80.6629	210.205	80.4953	210.205	80.7925	210.205	80.2989	210.205	80.8772	210.205	80.0853	210.205	80.9121	210.205	79.8685	210.205	80.8953	210.205	79.6624	210.205	80.829	210.205	79.4782	210.205	80.72	210.205	79.3213	210.205	80.5806	210.205	79.1917	210.205	80.4265	210.205	79.0863	210.205	80.2746	210.205	79.0029	210.205	80.1385	210.205	78.9425	210.205	80.0253	210.205	78.9094	210.205	79.9338	210.205	78.9087	210.205	79.8563	210.205	78.9432	210.205	79.7813	210.205	79.0119	210.205	79.6978	210.205	79.1097	210.205	79.5987	210.205	79.2281	210.205	79.4831	210.205	79.3563
217.529	80.768	217.529	80.5802	217.529	80.9139	217.529	80.3633	217.529	81.007	217.529	80.1299	217.529	81.0395	217.529	79.8909	217.529	81.0078	217.529	79.6541	217.529	80.9128	217.529	79.4254	217.529	80.7604	217.529	79.2102	217.529	80.5619	217.529	79.0146	217.529	80.3336	217.529	78.8459	217.529	80.0962	217.529	78.7116	217.529	79.8715	217.529	78.6185	217.529	79.6781	217.529	78.5712	217.529	79.5273	217.529	78.572	217.529	79.4203	217.529	78.6195	217.529	79.348	217.529	78.7073	217.529	79.2938	217.529	78.823	217.529	79.2385	217.529	78.9495	217.529	79.1659	217.529	79.0683
225.586	80.5885	225.586	80.4118	225.586	80.7106	225.586	80.1843	225.586	80.7768	225.586	79.9147	225.586	80.7872	225.586	79.6179	225.586	80.7422	225.586	79.3153	225.586	80.6438	225.586	79.0316	225.586	80.4961	225.586	78.7895	225.586	80.3076	225.586	78.6032	225.586	80.0914	225.586	78.4748	225.586	79.8654	225.586	78.3955	225.586	79.6496	225.586	78.3516	225.586	79.4612	225.586	78.3317	225.586	79.3093	225.586	78.3301	225.586	79.1903	225.586	78.3471	225.586	79.0905	225.586	78.3863	225.586	78.9931	225.586	78.4509	225.586	78.8865	225.586	78.5407	225.586	78.7696	225.586	78.6504
232.91	80.4333	232.91	80.2634	232.91	80.566	232.91	80.0633	232.91	80.6525	232.91	79.8369	232.91	80.6851	232.91	79.5853	232.91	80.6586	232.91	79.3098	232.91	80.5723	232.91	79.0176	232.91	80.4296	232.91	78.7253	232.91	80.238	232.91	78.4572	232.91	80.0088	232.91	78.2387	232.91	79.7565	232.91	78.0856	232.91	79.4996	232.91	77.9987	232.91	79.2596	232.91	77.9684	232.91	79.0581	232.91	77.983	232.91	78.9091	232.91	78.0356	232.91	78.8114	232.91	78.1222	232.91	78.7462	232.91	78.2373	232.91	78.6854	232.91	78.3684	232.91	78.6053	232.91	78.4971
241.699	80.0517	241.699	79.8566	241.699	80.2096	241.699	79.6374	241.699	80.3184	241.699	79.4033	241.699	80.37	241.699	79.1561	241.699	80.3619	241.699	78.8897	241.699	80.2968	241.699	78.5954	241.699	80.1817	241.699	78.2701	241.699	80.026	241.699	77.9245	241.699	79.8397	241.699	77.5858	241.699	79.632	241.699	77.2921	241.699	79.4117	241.699	77.0802	241.699	79.1883	241.699	76.9729	241.699	78.9731	241.699	76.9735	241.699	78.7766	241.699	77.0685	241.699	78.6027	241.699	77.2351	241.699	78.4442	241.699	77.4467	241.699	78.2846	241.699	77.677	241.699	78.1068	241.699	77.9026
249.756	80.2838	249.756	80.0576	249.756	80.4437	249.756	79.7859	249.756	80.5263	249.756	79.4969	249.756	80.5302	249.756	79.2182	249.756	80.4614	249.756	78.9664	249.756	80.3323	249.756	78.74	249.756	80.1603	249.756	78.5221	249.756	79.9656	249.756	78.2924	249.756	79.7682	249.756	78.041	249.756	79.5829	249.756	77.7763	249.756	79.4156	249.756	77.5245	249.756	79.2643	249.756	77.3208	249.756	79.1223	249.756	77.1988	249.756	78.9828	249.756	77.1813	249.756	78.8391	249.756	77.2748	249.756	78.6811	249.756	77.4662	249.756	78.4949	249.756	77.7237	249.756	78.2687	249.756	78.0043
258.545	79.8435	258.545	79.6482	258.545	80.0027	258.545	79.4262	258.545	80.1157	258.545	79.1864	258.545	80.1739	258.545	78.9393	258.545	80.1723	258.545	78.6967	258.545	80.1118	258.545	78.4709	258.545	79.9999	258.545	78.2689	258.545	79.848	258.545	78.0895	258.545	79.669	258.545	77.9225	258.545	79.4738	258.545	77.7536	258.545	79.2707	258.545	77.5735	258.545	79.0664	258.545	77.3869	258.545	78.8675	258.545	77.2175	258.545	78.6801	258.545	77.1049	258.545	78.5042	258.545	77.0905	258.545	78.3298	258.545	77.1939	258.545	78.1375	258.545	77.3976	258.545	77.9112	258.545	77.654
268.066	80.0839	268.066	79.7313	268.066	80.3335	268.066	79.2969	268.066	80.4696	268.066	78.8101	268.066	80.4939	268.066	78.3094	268.066	80.4211	268.066	77.8427	268.066	80.2781	268.066	77.4641	268.066	80.1029	268.066	77.218	268.066	79.9386	268.066	77.1176	268.066	79.8225	268.066	77.14	268.066	79.771	268.066	77.2455	268.066	79.7705	268.066	77.4034	268.066	79.7842	268.066	77.603	268.066	79.7712	268.066	77.8444	268.066	79.7061	268.066	78.1219	268.066	79.5908	268.066	78.413	268.066	79.4504	268.066	78.683	268.066	79.3143	268.066	78.9029	268.066	79.1926	268.066	79.0661
277.588	80.5392	277.588	80.3268	277.588	80.6473	277.588	80.017	277.588	80.6482	277.588	79.6228	277.588	80.5412	277.588	79.1637	277.588	80.3268	277.588	78.6674	277.588	80.0111	277.588	78.1733	277.588	79.6135	277.588	77.7356	277.588	79.1782	277.588	77.4174	277.588	78.7784	277.588	77.2702	277.588	78.5032	277.588	77.3099	277.588	78.4189	277.588	77.5123	277.588	78.5288	277.588	77.8283	277.588	78.7722	277.588	78.2041	277.588	79.0633	277.588	78.5908	277.588	79.3298	277.588	78.948	277.588	79.5281	277.588	79.2462	277.588	79.6407	277.588	79.4682	277.588	79.6664	277.588	79.6084
287.109	80.5421	287.109	80.2644	287.109	80.7409	287.109	79.9166	287.109	80.8503	287.109	79.5069	287.109	80.858	287.109	79.0454	287.109	80.752	287.109	78.5483	287.109	80.5249	287.109	78.0438	287.109	80.1787	287.109	77.5789	287.109	79.7322	287.109	77.2172	287.109	79.2293	287.109	77.0203	287.109	78.7438	287.109	77.0161	287.109	78.3687	287.109	77.1819	287.109	78.1802	287.109	77.4597	287.109	78.1933	287.109	77.7866	287.109	78.3537	287.109	78.1147	287.109	78.5751	287.109	78.4134	287.109	78.7816	287.109	78.6634	287.109	78.9263	287.109	78.85	287.109	78.9878	287.109	78.9612
297.363	80.4765	297.363	80.2788	297.363	80.6324	297.363	80.0382	297.363	80.7315	297.363	79.7366	297.363	80.7508	297.363	79.349	297.363	80.6693	297.363	78.8576	297.363	80.4738	297.363	78.2647	297.363	80.1613	297.363	77.6046	297.363	79.7399	297.363	76.95	297.363	79.2333	297.363	76.4057	297.363	78.6894	297.363	76.0731	297.363	78.188	297.363	75.9963	297.363	77.8314	297.363	76.1421	297.363	77.6996	297.363	76.4364	297.363	77.7905	297.363	76.8102	297.363	78.0115	297.363	77.2139	297.363	78.2375	297.363	77.6088	297.363	78.3717	297.363	77.9575	297.363	78.3678	297.363	78.2221
307.617	80.3749	307.617	80.0462	307.617	80.6244	307.617	79.6832	307.617	80.7599	307.617	79.3199	307.617	80.7661	307.617	78.9574	307.617	80.6452	307.617	78.5625	307.617	80.4114	307.617	78.0921	307.617	80.0849	307.617	77.5269	307.617	79.6879	307.617	76.8963	307.617	79.2431	307.617	76.2867	307.617	78.7765	307.617	75.822	307.617	78.3245	307.617	75.6096	307.617	77.941	307.617	75.6817	307.617	77.6913	307.617	75.9846	307.617	77.62	307.617	76.4231	307.617	77.7099	307.617	76.9043	307.617	77.8786	307.617	77.355	307.617	78.023	307.617	77.7212	307.617	78.0643	307.617	77.9647
318.604	80.4856	318.604	80.2777	318.604	80.585	318.604	79.9659	318.604	80.5823	318.604	79.5724	318.604	80.4883	318.604	79.136	318.604	80.3128	318.604	78.6983	318.604	80.0632	318.604	78.2807	318.604	79.7467	318.604	77.8723	318.604	79.3753	318.604	77.4446	318.604	78.9708	318.604	76.987	318.604	78.5663	318.604	76.5382	318.604	78.2016	318.604	76.189	318.604	77.9146	318.604	76.0423	318.604	77.7346	318.604	76.1455	318.604	77.6783	318.604	76.4592	318.604	77.7403	318.604	76.8903	318.604	77.8787	318.604	77.339	318.604	78.0165	318.604	77.7211	318.604	78.0681	318.604	77.9742
329.59	80.7563	329.59	80.5225	329.59	80.9137	329.59	80.2169	329.59	80.989	329.59	79.8483	329.59	80.9729	329.59	79.4335	329.59	80.852	329.59	78.9953	329.59	80.6125	329.59	78.5558	329.59	80.247	329.59	78.1266	329.59	79.7648	329.59	77.7091	329.59	79.2025	329.59	77.3052	329.59	78.6307	329.59	76.9336	329.59	78.1428	329.59	76.6377	329.59	77.8194	329.59	76.4781	329.59	77.6892	329.59	76.5061	329.59	77.7227	329.59	76.7301	329.59	77.86	329.59	77.0995	329.59	78.0348	329.59	77.5202	329.59	78.1795	329.59	77.8913	329.59	78.2298	329.59	78.1383
341.309	80.4254	341.309	80.1931	341.309	80.5899	341.309	79.8999	341.309	80.6768	341.309	79.5469	341.309	80.6764	341.309	79.1306	341.309	80.5807	341.309	78.6519	341.309	80.3842	341.309	78.1275	341.309	80.0827	341.309	77.597	341.309	79.6742	341.309	77.1171	341.309	79.1647	341.309	76.7436	341.309	78.5821	341.309	76.5131	341.309	77.9963	341.309	76.4342	341.309	77.5267	341.309	76.4916	341.309	77.2957	341.309	76.6559	341.309	77.3353	341.309	76.8941	341.309	77.5493	341.309	77.174	341.309	77.791	341.309	77.4608	341.309	77.9522	341.309	77.7163	341.309	77.9891	341.309	77.903
353.76	80.3561	353.76	80.11	353.76	80.5297	353.76	79.7927	353.76	80.6272	353.76	79.4037	353.76	80.6416	353.76	78.9421	353.76	80.5642	353.76	78.4107	353.76	80.3863	353.76	77.8257	353.76	80.1025	353.76	77.2275	353.76	79.7134	353.76	76.6801	353.76	79.2294	353.76	76.2485	353.76	78.6767	353.76	75.9698	353.76	78.1045	353.76	75.8492	353.76	77.5903	353.76	75.884	353.76	77.2331	353.76	76.079	353.76	77.1186	353.76	76.4321	353.76	77.2622	353.76	76.905	353.76	77.5762	353.76	77.412	353.76	77.9068	353.76	77.8404	353.76	78.1074	353.76	78.09
366.211	80.579	366.211	80.2936	366.211	80.7692	366.211	79.9344	366.211	80.8534	366.211	79.5293	366.211	80.8283	366.211	79.0973	366.211	80.6923	366.211	78.6323	366.211	80.4436	366.211	78.103	366.211	80.0802	366.211	77.4786	366.211	79.602	366.211	76.7668	366.211	79.0142	366.211	76.0428	366.211	78.3338	366.211	75.4423	366.211	77.6035	366.211	75.1014	366.211	76.9114	366.211	75.078	366.211	76.3955	366.211	75.3354	366.211	76.1958	366.211	75.7875	366.211	76.3503	366.211	76.3335	366.211	76.7405	366.211	76.8662	366.211	77.1636	366.211	77.2799	366.211	77.4444	366.211	77.4881
378.662	80.2711	378.662	80.037	378.662	80.4314	378.662	79.7445	378.662	80.497	378.662	79.4021	378.662	80.4473	378.662	79.0126	378.662	80.2705	378.662	78.5704	378.662	79.9687	378.662	78.0609	378.662	79.5575	378.662	77.4736	378.662	79.065	378.662	76.824	378.662	78.5305	378.662	76.1718	378.662	78.0029	378.662	75.6193	378.662	77.5374	378.662	75.2782	378.662	77.1854	378.662	75.2178	378.662	76.9776	378.662	75.4322	378.662	76.9054	378.662	75.8496	378.662	76.9286	378.662	76.3585	378.662	77.0103	378.662	76.8311	378.662	77.1299	378.662	77.1575	378.662	77.2492	378.662	77.287
392.578	80.6551	392.578	80.4274	392.578	80.7533	392.578	80.0602	392.578	80.7483	392.578	79.5798	392.578	80.6633	392.578	79.0515	392.578	80.5066	392.578	78.549	392.578	80.2684	392.578	78.0971	392.578	79.9247	392.578	77.6493	392.578	79.4458	392.578	77.1357	392.578	78.8112	392.578	76.5342	392.578	78.0355	392.578	75.905	392.578	77.2042	392.578	75.3741	392.578	76.4939	392.578	75.0739	392.578	76.1076	392.578	75.0741	392.578	76.1217	392.578	75.3502	392.578	76.4196	392.578	75.8056	392.578	76.7996	392.578	76.3176	392.578	77.0921	392.578	76.7734	392.578	77.1983	392.578	77.0858
405.762	80.2464	405.762	80.0312	405.762	80.4185	405.762	79.7537	405.762	80.5319	405.762	79.3737	405.762	80.5563	405.762	78.8743	405.762	80.4711	405.762	78.2945	405.762	80.2728	405.762	77.7133	405.762	79.9687	405.762	77.1861	405.762	79.5653	405.762	76.6962	405.762	79.0608	405.762	76.1849	405.762	78.4491	405.762	75.6273	405.762	77.7417	405.762	75.0826	405.762	77.0023	405.762	74.6881	405.762	76.361	405.762	74.5926	405.762	75.963	405.762	74.8659	405.762	75.8791	405.762	75.4392	405.762	76.0784	405.762	76.1153	405.762	76.4434	405.762	76.6552	405.762	76.7809	405.762	76.8885
420.41	80.7138	420.41	80.4913	420.41	80.8104	420.41	80.1784	420.41	80.7816	420.41	79.8197	420.41	80.654	420.41	79.4222	420.41	80.4537	420.41	78.9413	420.41	80.1888	420.41	78.3289	420.41	79.8508	420.41	77.5949	420.41	79.4282	420.41	76.831	420.41	78.9164	420.41	76.1751	420.41	78.3188	420.41	75.7386	420.41	77.6504	420.41	75.5651	420.41	76.9624	420.41	75.6447	420.41	76.3785	420.41	75.9256	420.41	76.0634	420.41	76.3039	420.41	76.0723	420.41	76.6445	420.41	76.2713	420.41	76.8422	420.41	76.4874	420.41	76.8725	420.41	76.6552	420.41	76.7881
435.059	80.5603	435.059	80.4067	435.059	80.6424	435.059	80.1468	435.059	80.6672	435.059	79.7549	435.059	80.6192	435.059	79.2439	435.059	80.4679	435.059	78.6697	435.059	80.187	435.059	78.0945	435.059	79.7641	435.059	77.5347	435.059	79.2032	435.059	76.9542	435.059	78.5249	435.059	76.325	435.059	77.773	435.059	75.6988	435.059	77.0279	435.059	75.2235	435.059	76.4181	435.059	75.0675	435.059	76.084	435.059	75.2861	435.059	76.0727	435.059	75.7719	435.059	76.285	435.059	76.3415	435.059	76.5763	435.059	76.8316	435.059	76.8619	435.059	77.1353	435.059	77.0962	435.059	77.2129
450.439	80.125	450.439	79.8876	450.439	80.3367	450.439	79.6665	450.439	80.4646	450.439	79.4503	450.439	80.4741	450.439	79.1769	450.439	80.3626	450.439	78.7743	450.439	80.1427	450.439	78.2024	450.439	79.8226	450.439	77.4859	450.439	79.4003	450.439	76.7278	450.439	78.8722	450.439	76.0811	450.439	78.2496	450.439	75.6648	450.439	77.5733	450.439	75.5017	450.439	76.9208	450.439	75.5518	450.439	76.4116	450.439	75.7768	450.439	76.1927	450.439	76.1491	450.439	76.3458	450.439	76.6227	450.439	76.7716	450.439	77.1089	450.439	77.2444	450.439	77.4886	450.439	77.5721	450.439	77.659
466.553	80.0611	466.553	79.8794	466.553	80.1021	466.553	79.5607	466.553	80.0387	466.553	79.1563	466.553	79.9136	466.553	78.7319	466.553	79.7455	466.553	78.3084	466.553	79.5247	466.553	77.8308	466.553	79.2306	466.553	77.2085	466.553	78.8456	466.553	76.3935	466.553	78.3532	466.553	75.4516	466.553	77.7394	466.553	74.5964	466.553	77.0215	466.553	74.1097	466.553	76.3044	466.553	74.1386	466.553	75.7896	466.553	74.6172	466.553	75.6385	466.553	75.3816	466.553	75.8186	466.553	76.2274	466.553	76.1852	466.553	76.9291	466.553	76.6273	466.553	77.3143	466.553	77.0533	466.553	77.3308
482.666	80.0716	482.666	79.7797	482.666	80.3348	482.666	79.493	482.666	80.5131	482.666	79.1993	482.666	80.5663	482.666	78.8623	482.666	80.48	482.666	78.453	482.666	80.253	482.666	77.9391	482.666	79.8791	482.666	77.2561	482.666	79.3407	482.666	76.3223	482.666	78.6173	482.666	75.1037	482.666	77.7103	482.666	73.7059	482.666	76.6783	482.666	72.5022	482.666	75.6769	482.666	72.1227	482.666	74.9618	482.666	72.8076	482.666	74.7631	482.666	73.9808	482.666	75.0733	482.666	75.0194	482.666	75.6294	482.666	75.7114	482.666	76.1213	482.666	76.1186	482.666	76.3643	482.666	76.3399
500.244	79.6091	500.244	79.3502	500.244	79.7741	500.244	79.0412	500.244	79.8544	500.244	78.7643	500.244	79.883	500.244	78.5741	500.244	79.8808	500.244	78.4434	500.244	79.8374	500.244	78.2856	500.244	79.7102	500.244	78.0102	500.244	79.436	500.244	77.5483	500.244	78.9467	500.244	76.8608	500.244	78.1899	500.244	75.961	500.244	77.1612	500.244	74.9695	500.244	75.9692	500.244	74.1817	500.244	74.927	500.244	73.9847	500.244	74.489	500.244	74.4951	500.244	74.8186	500.244	75.4167	500.244	75.5996	500.244	76.3547	500.244	76.4313	500.244	77.0236	500.244	77.0427	500.244	77.2652
517.822	79.9318	517.822	79.7607	517.822	80.0225	517.822	79.499	517.822	80.0431	517.822	79.1644	517.822	79.9959	517.822	78.8142	517.822	79.8894	517.822	78.5137	517.822	79.7475	517.822	78.2847	517.822	79.5975	517.822	78.079	517.822	79.4386	517.822	77.7937	517.822	79.2161	517.822	77.3204	517.822	78.828	517.822	76.6055	517.822	78.1659	517.822	75.7037	517.822	77.1842	517.822	74.8194	517.822	76.0211	517.822	74.3003	517.822	75.1479	517.822	74.4553	517.822	75.115	517.822	75.2303	517.822	75.7846	517.822	76.2003	517.822	76.5576	517.822	76.9347	517.822	77.0803	517.822	77.2296
536.133	79.9181	536.133	79.4895	536.133	80.1987	536.133	79.0105	536.133	80.2528	536.133	78.5363	536.133	80.0625	536.133	78.074	536.133	79.6656	536.133	77.6244	536.133	79.1317	536.133	77.1865	536.133	78.5455	536.133	76.7313	536.133	77.9941	536.133	76.2066	536.133	77.5323	536.133	75.5651	536.133	77.1296	536.133	74.8034	536.133	76.6687	536.133	74.0328	536.133	76.0371	536.133	73.5302	536.133	75.248	536.133	73.5912	536.133	74.5129	536.133	74.2129	536.133	74.1948	536.133	75.0689	536.133	74.5164	536.133	75.8076	536.133	75.2437	536.133	76.2325	536.133	75.9217	536.133	76.2746
554.443	79.7874	554.443	79.4789	554.443	80.0237	554.443	79.1486	554.443	80.1251	554.443	78.7871	554.443	80.066	554.443	78.3503	554.443	79.8588	554.443	77.8263	554.443	79.528	554.443	77.2578	554.443	79.0968	554.443	76.7034	554.443	78.5893	554.443	76.1922	554.443	78.0212	554.443	75.7209	554.443	77.3669	554.443	75.2772	554.443	76.5478	554.443	74.8592	554.443	75.49	554.443	74.4916	554.443	74.2574	554.443	74.2469	554.443	73.2539	554.443	74.2331	554.443	73.1988	554.443	74.5149	554.443	74.1788	554.443	75.0453	554.443	75.3443	554.443	75.6581	554.443	76.0299	554.443	76.0825
574.219	79.5043	574.219	78.9211	574.219	79.809	574.219	78.194	574.219	79.8498	574.219	77.5341	574.219	79.7229	574.219	77.0589	574.219	79.5073	574.219	76.7769	574.219	79.2224	574.219	76.6675	574.219	78.8588	574.219	76.6254	574.219	78.4256	574.219	76.4511	574.219	77.9596	574.219	75.9792	574.219	77.4755	574.219	75.1713	574.219	76.9085	574.219	74.158	574.219	76.163	574.219	73.2901	574.219	75.2756	574.219	73.0389	574.219	74.5047	574.219	73.5743	574.219	74.1313	574.219	74.5713	574.219	74.2677	574.219	75.558	574.219	74.902	574.219	76.1806	574.219	75.7226	574.219	76.2391
594.727	80.3222	594.727	80.107	594.727	80.2916	594.727	79.5482	594.727	80.1251	594.727	78.6934	594.727	79.8477	594.727	77.781	594.727	79.4385	594.727	77.1021	594.727	78.9277	594.727	76.7243	594.727	78.4149	594.727	76.4295	594.727	77.9891	594.727	75.9433	594.727	77.6411	594.727	75.1365	594.727	77.2722	594.727	74.0992	594.727	76.7664	594.727	73.1339	594.727	76.0392	594.727	72.6522	594.727	75.0913	594.727	72.9478	594.727	74.152	594.727	73.9183	594.727	73.7068	594.727	75.092	594.727	74.0341	594.727	76.0361	594.727	74.903	594.727	76.5315	594.727	75.8571	594.727	76.4717
615.234	80.5306	615.234	80.1343	615.234	80.7757	615.234	79.6905	615.234	80.7204	615.234	79.0794	615.234	80.349	615.234	78.1378	615.234	79.7558	615.234	76.994	615.234	79.0387	615.234	76.1125	615.234	78.2548	615.234	75.7818	615.234	77.4826	615.234	75.7468	615.234	76.8546	615.234	75.6484	615.234	76.4252	615.234	75.32	615.234	76.036	615.234	74.7419	615.234	75.4458	615.234	74.0641	615.234	74.5601	615.234	73.696	615.234	73.624	615.234	74.0433	615.234	73.3444	615.234	75.0183	615.234	74.1506	615.234	76.1484	615.234	75.4283	615.234	76.9297	615.234	76.5018	615.234	77.0561
637.207	81.8885	637.207	81.5182	637.207	81.8512	637.207	80.7726	637.207	81.5877	637.207	79.9743	637.207	81.2689	637.207	79.4125	637.207	80.9093	637.207	78.9482	637.207	80.4321	637.207	78.341	637.207	79.8039	637.207	77.6613	637.207	79.0859	637.207	77.1019	637.207	78.4042	637.207	76.5811	637.207	77.8461	637.207	75.8196	637.207	77.3272	637.207	74.7105	637.207	76.6159	637.207	73.5261	637.207	75.5774	637.207	72.8812	637.207	74.4223	637.207	73.2319	637.207	73.613	637.207	74.3153	637.207	73.4655	637.207	75.4596	637.207	74.1132	637.207	76.1241	637.207	75.2205	637.207	76.0376
659.912	82.1796	659.912	81.8619	659.912	82.2914	659.912	81.3462	659.912	82.1767	659.912	80.6293	659.912	81.8327	659.912	79.7261	659.912	81.3054	659.912	78.7319	659.912	80.6785	659.912	77.8878	659.912	80.0356	659.912	77.4375	659.912	79.4365	659.912	77.2898	659.912	78.8996	659.912	77.0898	659.912	78.3689	659.912	76.5882	659.912	77.7285	659.912	75.7505	659.912	76.8668	659.912	74.7328	659.912	75.737	659.912	73.9933	659.912	74.5869	659.912	74.2191	659.912	74.3323	659.912	75.3938	659.912	75.3729	659.912	76.6773	659.912	76.6176	659.912	77.467	659.912	77.383	659.912	77.6645
683.35	82.9615	683.35	82.7625	683.35	82.8611	683.35	82.2493	683.35	82.5412	683.35	81.3998	683.35	82.113	683.35	80.2086	683.35	81.5891	683.35	78.865	683.35	80.8706	683.35	77.7565	683.35	79.894	683.35	77.0408	683.35	78.7662	683.35	76.541	683.35	77.7615	683.35	76.1368	683.35	77.0835	683.35	75.7495	683.35	76.5865	683.35	75.243	683.35	75.9393	683.35	74.6706	683.35	75.0239	683.35	74.4491	683.35	74.1586	683.35	74.9832	683.35	73.9871	683.35	76.1001	683.35	74.7828	683.35	77.2136	683.35	76.0494	683.35	77.8447	683.35	77.1701	683.35	77.8172
706.787	83.127	706.787	82.9837	706.787	83.035	706.787	82.4286	706.787	82.8355	706.787	81.5253	706.787	82.481	706.787	80.5916	706.787	81.8948	706.787	79.7787	706.787	81.0856	706.787	78.924	706.787	80.137	706.787	78.0187	706.787	79.1988	706.787	77.3024	706.787	78.4836	706.787	76.7531	706.787	78.0839	706.787	76.0092	706.787	77.733	706.787	74.8802	706.787	76.9844	706.787	73.6263	706.787	75.5556	706.787	73.0078	706.787	73.6051	706.787	73.6474	706.787	72.3418	706.787	74.9583	706.787	73.1458	706.787	76.2084	706.787	74.9897	706.787	77.1102	706.787	76.5772	706.787	77.3242
731.689	83.2287	731.689	83.0156	731.689	83.2812	731.689	82.7629	731.689	83.0124	731.689	82.2765	731.689	82.4622	731.689	81.2737	731.689	81.7836	731.689	79.8688	731.689	81.0445	731.689	78.7878	731.689	80.1859	731.689	78.4674	731.689	79.1471	731.689	78.2991	731.689	78.0146	731.689	77.8174	731.689	77.1295	731.689	77.1368	731.689	76.8056	731.689	76.4017	731.689	76.713	731.689	75.4412	731.689	76.1508	731.689	74.2493	731.689	74.7045	731.689	73.7554	731.689	72.7726	731.689	74.8526	731.689	72.5869	731.689	76.3124	731.689	74.359	731.689	76.9028	731.689	75.7863	731.689	76.5996
758.057	83.9018	758.057	83.6512	758.057	83.743	758.057	83.0342	758.057	83.3372	758.057	82.2804	758.057	82.8264	758.057	81.4939	758.057	82.188	758.057	80.5484	758.057	81.3365	758.057	79.4893	758.057	80.2349	758.057	78.8405	758.057	78.9026	758.057	78.9967	758.057	77.4937	758.057	79.4235	758.057	76.4719	758.057	79.3597	758.057	76.2139	758.057	78.4512	758.057	76.2435	758.057	76.785	758.057	75.7779	758.057	75.0323	758.057	74.5844	758.057	74.3875	758.057	73.6645	758.057	75.2836	758.057	73.9734	758.057	76.7071	758.057	74.4352	758.057	77.4396	758.057	75.3569	758.057	76.8504
784.424	84.3777	784.424	84.4517	784.424	84.2074	784.424	84.3324	784.424	83.8706	784.424	83.7507	784.424	83.3474	784.424	82.6523	784.424	82.6648	784.424	81.4061	784.424	81.821	784.424	80.2773	784.424	80.788	784.424	78.9661	784.424	79.5182	784.424	77.4941	784.424	77.9931	784.424	76.725	784.424	76.4464	784.424	76.8266	784.424	75.378	784.424	76.9685	784.424	74.7964	784.424	76.7448	784.424	74.2215	784.424	76.2415	784.424	73.2438	784.424	76.0088	784.424	71.9757	784.424	76.5505	784.424	73.4075	784.424	77.1808	784.424	76.4567	784.424	77.3756	784.424	77.8369	784.424	77.7055
812.256	83.864	812.256	83.6554	812.256	83.7361	812.256	83.2528	812.256	83.4052	812.256	82.9967	812.256	82.9512	812.256	82.7178	812.256	82.3519	812.256	81.9094	812.256	81.6	812.256	80.5736	812.256	80.6726	812.256	79.3078	812.256	79.5355	812.256	78.4609	812.256	78.2923	812.256	77.8454	812.256	77.1833	812.256	77.4591	812.256	76.2868	812.256	77.2327	812.256	75.3478	812.256	76.7214	812.256	74.07	812.256	75.6675	812.256	72.5875	812.256	74.6005	812.256	71.345	812.256	74.4657	812.256	70.5328	812.256	74.9235	812.256	71.9049	812.256	75.5084	812.256	74.5334	812.256	75.7226
840.82	84.5871	840.82	84.6553	840.82	84.2396	840.82	84.2643	840.82	83.8041	840.82	83.5727	840.82	83.2483	840.82	82.9428	840.82	82.4717	840.82	82.3295	840.82	81.5064	840.82	81.3443	840.82	80.4786	840.82	79.9635	840.82	79.4288	840.82	78.8225	840.82	78.2404	840.82	78.4531	840.82	76.9038	840.82	78.3312	840.82	75.8334	840.82	77.8001	840.82	75.1714	840.82	76.7014	840.82	74.1389	840.82	75.2189	840.82	72.1944	840.82	74.0083	840.82	70.4146	840.82	74.1133	840.82	71.4376	840.82	75.3465	840.82	73.7119	840.82	76.3289	840.82	75.3809	840.82	76.3163
870.85	84.7405	870.85	84.9297	870.85	84.2358	870.85	84.7198	870.85	83.6051	870.85	84.132	870.85	82.9773	870.85	83.185	870.85	82.3487	870.85	82.0112	870.85	81.6233	870.85	80.9678	870.85	80.6617	870.85	80.2233	870.85	79.4048	870.85	79.5764	870.85	78.0312	870.85	78.9971	870.85	76.9	870.85	78.6874	870.85	76.2701	870.85	78.6316	870.85	75.9929	870.85	78.4318	870.85	75.3052	870.85	77.5712	870.85	73.159	870.85	76.026	870.85	68.5397	870.85	75.0831	870.85	66.4354	870.85	75.7143	870.85	72.7772	870.85	76.9107	870.85	76.4534	870.85	77.5353
901.611	85.3436	901.611	85.5561	901.611	84.619	901.611	85.1218	901.611	83.6489	901.611	84.351	901.611	82.522	901.611	83.6166	901.611	81.2798	901.611	82.6584	901.611	80.0756	901.611	81.1232	901.611	79.0286	901.611	79.3522	901.611	77.9647	901.611	78.0302	901.611	76.4537	901.611	77.2771	901.611	74.5909	901.611	76.9289	901.611	73.744	901.611	76.7251	901.611	74.0718	901.611	76.1899	901.611	74.1293	901.611	75.215	901.611	73.291	901.611	74.2323	901.611	71.2514	901.611	73.9659	901.611	70.522	901.611	74.887	901.611	73.6267	901.611	76.0536	901.611	75.9193	901.611	76.5554
933.105	85.0797	933.105	85.3988	933.105	84.4256	933.105	85.2832	933.105	83.5436	933.105	84.7256	933.105	82.4872	933.105	83.8189	933.105	81.3172	933.105	82.6638	933.105	80.1577	933.105	81.2519	933.105	79.092	933.105	79.5595	933.105	78.0405	933.105	77.9286	933.105	76.8297	933.105	77.0619	933.105	75.4391	933.105	76.9304	933.105	74.3847	933.105	76.857	933.105	74.1286	933.105	76.5056	933.105	73.694	933.105	75.8581	933.105	72.0231	933.105	75.1483	933.105	68.6526	933.105	75.0701	933.105	65.2253	933.105	75.9731	933.105	70.8785	933.105	76.9644	933.105	75.3335	933.105	77.0303
966.064	84.6115	966.064	85.0071	966.064	83.8141	966.064	84.7998	966.064	82.7621	966.064	84.0306	966.064	81.4737	966.064	83.1149	966.064	79.9371	966.064	82.2336	966.064	78.2806	966.064	81.1298	966.064	76.7847	966.064	79.981	966.064	75.5909	966.064	79.2185	966.064	74.4741	966.064	78.6288	966.064	73.1675	966.064	77.8637	966.064	72.4026	966.064	76.879	966.064	72.8519	966.064	75.6155	966.064	73.0352	966.064	74.2373	966.064	71.8205	966.064	73.3658	966.064	68.009	966.064	73.5519	966.064	63.9281	966.064	74.7077	966.064	70.393	966.064	75.8131	966.064	73.9952	966.064	75.6738
999.756	83.4775	999.756	84.0656	999.756	82.8607	999.756	84.2791	999.756	82.0263	999.756	83.827	999.756	80.5988	999.756	82.8945	999.756	78.685	999.756	81.8904	999.756	76.8973	999.756	80.9354	999.756	75.6493	999.756	79.8434	999.756	74.7899	999.756	78.5441	999.756	73.7559	999.756	77.6303	999.756	71.6993	999.756	77.6717	999.756	69.2672	999.756	77.6727	999.756	69.9149	999.756	76.6987	999.756	70.8213	999.756	74.6662	999.756	69.3488	999.756	72.7182	999.756	64.4831	999.756	72.9827	999.756	56.288	999.756	74.2441	999.756	67.4806	999.756	75.3132	999.756	73.0438	999.756	75.2636
1034.91	82.7081	1034.91	83.4633	1034.91	81.5324	1034.91	83.8997	1034.91	79.7237	1034.91	83.8619	1034.91	77.4518	1034.91	83.2386	1034.91	75.3178	1034.91	82.0712	1034.91	73.6364	1034.91	80.4878	1034.91	72.6143	1034.91	78.8283	1034.91	72.888	1034.91	77.4217	1034.91	73.5084	1034.91	76.1297	1034.91	73.0152	1034.91	75.3874	1034.91	70.6821	1034.91	75.7857	1034.91	67.4352	1034.91	76.0581	1034.91	67.2463	1034.91	75.1155	1034.91	67.8391	1034.91	73.5553	1034.91	65.5162	1034.91	73.9066	1034.91	49.5338	1034.91	75.6985	1034.91	65.8475	1034.91	76.2933	1034.91	72.1533	1034.91	75.067
1071.53	81.9405	1071.53	82.8978	1071.53	80.486	1071.53	83.4499	1071.53	78.3446	1071.53	83.4204	1071.53	75.4754	1071.53	82.8149	1071.53	71.5605	1071.53	81.7289	1071.53	67.1597	1071.53	80.0929	1071.53	67.4493	1071.53	78.0511	1071.53	70.7876	1071.53	75.8332	1071.53	72.8029	1071.53	73.4644	1071.53	73.1608	1071.53	72.4402	1071.53	72.2009	1071.53	74.0171	1071.53	70.3607	1071.53	75.4541	1071.53	69.4163	1071.53	75.4	1071.53	70.2255	1071.53	74.4793	1071.53	69.444	1071.53	73.8123	1071.53	63.7217	1071.53	73.7947	1071.53	60.3009	1071.53	73.8938	1071.53	70.384	1071.53	73.3012
1109.62	81.2281	1109.62	82.4267	1109.62	79.2098	1109.62	83.0266	1109.62	76.0731	1109.62	83.15	1109.62	71.4493	1109.62	82.9406	1109.62	64.7807	1109.62	82.3356	1109.62	64.2942	1109.62	81.0982	1109.62	69.0519	1109.62	79.5326	1109.62	71.7149	1109.62	78.5549	1109.62	72.8976	1109.62	78.0975	1109.62	72.3671	1109.62	77.2385	1109.62	69.7859	1109.62	76.0339	1109.62	67.3119	1109.62	75.2935	1109.62	68.887	1109.62	74.3413	1109.62	70.4088	1109.62	72.8191	1109.62	70.1617	1109.62	72.636	1109.62	65.4004	1109.62	74.0455	1109.62	63.4204	1109.62	74.5366	1109.62	71.704	1109.62	73.9176
1148.44	81.7349	1148.44	82.9622	1148.44	79.3739	1148.44	83.5416	1148.44	75.3613	1148.44	83.6434	1148.44	68.7546	1148.44	83.304	1148.44	63.0426	1148.44	82.6863	1148.44	69.0984	1148.44	81.7394	1148.44	72.565	1148.44	80.4264	1148.44	74.3208	1148.44	79.2107	1148.44	75.2188	1148.44	78.4417	1148.44	75.4938	1148.44	77.9151	1148.44	74.5182	1148.44	77.3835	1148.44	71.3806	1148.44	76.5468	1148.44	69.1575	1148.44	75.3332	1148.44	71.8189	1148.44	74.4709	1148.44	72.5047	1148.44	74.459	1148.44	69.4487	1148.44	74.7567	1148.44	55.8119	1148.44	74.7929	1148.44	68.6606	1148.44	73.5654
1189.45	81.8821	1189.45	83.6302	1189.45	78.3824	1189.45	84.0933	1189.45	71.8751	1189.45	83.7041	1189.45	56.2887	1189.45	83.2937	1189.45	68.5457	1189.45	83.0695	1189.45	72.8878	1189.45	82.2986	1189.45	75.3682	1189.45	80.8323	1189.45	77.1023	1189.45	79.2879	1189.45	77.2013	1189.45	78.561	1189.45	76.0849	1189.45	78.8014	1189.45	75.3225	1189.45	78.7923	1189.45	74.1263	1189.45	77.4416	1189.45	71.0006	1189.45	74.7647	1189.45	71.9769	1189.45	72.4356	1189.45	73.5779	1189.45	73.009	1189.45	71.4758	1189.45	75.0725	1189.45	63.8175	1189.45	76.1699	1189.45	69.6868	1189.45	75.316
1231.2	81.8155	1231.2	83.8609	1231.2	77.9011	1231.2	84.6259	1231.2	70.9355	1231.2	84.677	1231.2	59.0614	1231.2	83.934	1231.2	73.5715	1231.2	82.86	1231.2	76.8443	1231.2	82.1791	1231.2	77.6561	1231.2	81.7003	1231.2	77.6548	1231.2	81.34	1231.2	77.4336	1231.2	80.9526	1231.2	76.8637	1231.2	80.3931	1231.2	75.9451	1231.2	80.0304	1231.2	75.5402	1231.2	79.0197	1231.2	74.589	1231.2	76.8398	1231.2	73.1741	1231.2	74.2488	1231.2	74.3622	1231.2	73.961	1231.2	72.2282	1231.2	75.6511	1231.2	60.9382	1231.2	75.8262	1231.2	68.4537	1231.2	74.0549
1274.41	81.071	1274.41	83.8621	1274.41	76.0159	1274.41	85.3367	1274.41	55.0987	1274.41	85.429	1274.41	73.2314	1274.41	84.7109	1274.41	77.9123	1274.41	83.6957	1274.41	79.6595	1274.41	82.4772	1274.41	80.4253	1274.41	81.6602	1274.41	80.4846	1274.41	81.2011	1274.41	80.1333	1274.41	79.8713	1274.41	79.8022	1274.41	78.3932	1274.41	78.848	1274.41	79.2949	1274.41	76.4962	1274.41	80.42	1274.41	74.8794	1274.41	80.1033	1274.41	74.482	1274.41	77.4542	1274.41	74.1846	1274.41	74.3093	1274.41	73.8743	1274.41	75.1849	1274.41	68.9083	1274.41	76.2056	1274.41	67.0226	1274.41	74.454
1319.82	80.6434	1319.82	84.081	1319.82	72.8732	1319.82	85.4237	1319.82	66.4283	1319.82	85.1685	1319.82	77.6736	1319.82	84.1211	1319.82	80.5646	1319.82	84.2306	1319.82	81.0303	1319.82	84.4738	1319.82	81.2481	1319.82	82.6844	1319.82	81.6723	1319.82	80.7485	1319.82	81.1069	1319.82	81.6326	1319.82	79.4533	1319.82	81.2808	1319.82	78.8241	1319.82	79.2741	1319.82	78.3576	1319.82	79.1044	1319.82	76.2865	1319.82	78.9973	1319.82	76.8432	1319.82	76.8813	1319.82	77.163	1319.82	75.1064	1319.82	75.7057	1319.82	77.8539	1319.82	72.3499	1319.82	78.7445	1319.82	66.5147	1319.82	75.9399
1365.97	80.394	1365.97	84.3695	1365.97	70.1153	1365.97	85.9972	1365.97	72.087	1365.97	86.5946	1365.97	77.4004	1365.97	85.8783	1365.97	80.6403	1365.97	84.1772	1365.97	82.4013	1365.97	83.9906	1365.97	82.5715	1365.97	84.1254	1365.97	82.1278	1365.97	82.038	1365.97	81.9893	1365.97	79.4321	1365.97	81.6037	1365.97	79.8089	1365.97	79.7233	1365.97	80.8417	1365.97	77.9208	1365.97	81.8452	1365.97	76.9658	1365.97	82.1035	1365.97	75.4238	1365.97	79.7595	1365.97	79.0165	1365.97	74.6229	1365.97	78.8153	1365.97	76.1443	1365.97	73.3957	1365.97	77.8875	1365.97	55.2251	1365.97	74.5146
1414.31	80.1557	1414.31	83.9797	1414.31	71.5646	1414.31	85.9714	1414.31	76.3783	1414.31	87.3049	1414.31	82.7594	1414.31	88.0792	1414.31	84.0059	1414.31	86.5312	1414.31	83.3121	1414.31	82.9083	1414.31	82.6987	1414.31	81.7943	1414.31	82.7232	1414.31	80.5005	1414.31	82.9453	1414.31	78.0179	1414.31	83.8888	1414.31	77.1585	1414.31	84.1725	1414.31	76.7151	1414.31	81.4233	1414.31	78.4709	1414.31	76.5722	1414.31	79.2671	1414.31	73.1909	1414.31	77.5622	1414.31	74.5173	1414.31	72.681	1414.31	79.9784	1414.31	75.5593	1414.31	77.3811	1414.31	78.8035	1414.31	50.0494	1414.31	75.0747
1464.11	81.1473	1464.11	85.9483	1464.11	70.9694	1464.11	87.0866	1464.11	77.7332	1464.11	86.6317	1464.11	82.3561	1464.11	86.2376	1464.11	84.6821	1464.11	86.5466	1464.11	85.2131	1464.11	86.2306	1464.11	84.1691	1464.11	84.1201	1464.11	83.3703	1464.11	81.4067	1464.11	82.7941	1464.11	81.2586	1464.11	80.3395	1464.11	80.1643	1464.11	79.5944	1464.11	73.0066	1464.11	81.8711	1464.11	62.9502	1464.11	79.1807	1464.11	76.7416	1464.11	77.0618	1464.11	80.2975	1464.11	78.2007	1464.11	77.2554	1464.11	74.1938	1464.11	73.855	1464.11	74.9142	1464.11	77.6173	1464.11	64.5117	1464.11	75.9065
1515.38	81.5802	1515.38	85.3256	1515.38	71.9075	1515.38	87.0965	1515.38	80.7548	1515.38	87.2034	1515.38	85.2143	1515.38	87.1229	1515.38	86.1163	1515.38	85.8312	1515.38	85.7436	1515.38	83.0463	1515.38	84.9331	1515.38	83.7528	1515.38	83.9806	1515.38	83.7986	1515.38	83.519	1515.38	80.7105	1515.38	83.4319	1515.38	79.6812	1515.38	82.0285	1515.38	80.367	1515.38	80.3105	1515.38	76.4184	1515.38	79.2259	1515.38	75.6255	1515.38	74.1236	1515.38	79.9463	1515.38	77.0242	1515.38	77.8583	1515.38	79.3149	1515.38	74.7102	1515.38	73.903	1515.38	77.8708	1515.38	63.2644	1515.38	76.4939
1568.85	80.0284	1568.85	84.5187	1568.85	71.164	1568.85	86.4468	1568.85	81.5476	1568.85	87.4505	1568.85	85.1833	1568.85	87.0322	1568.85	86.9575	1568.85	86.6883	1568.85	85.999	1568.85	84.5798	1568.85	83.8306	1568.85	80.8308	1568.85	83.4927	1568.85	81.2974	1568.85	84.5104	1568.85	80.9797	1568.85	84.558	1568.85	79.3146	1568.85	82.8083	1568.85	80.5274	1568.85	79.698	1568.85	80.425	1568.85	78.6813	1568.85	77.5053	1568.85	76.8754	1568.85	78.2285	1568.85	76.6874	1568.85	75.4755	1568.85	79.0888	1568.85	71.4298	1568.85	72.5921	1568.85	76.1959	1568.85	64.4106	1568.85	74.3739
1624.51	77.8267	1624.51	84.0978	1624.51	75.3513	1624.51	86.5833	1624.51	79.1311	1624.51	87.6265	1624.51	85.2728	1624.51	85.7361	1624.51	87.3201	1624.51	83.8745	1624.51	86.7256	1624.51	84.4381	1624.51	84.4086	1624.51	82.7858	1624.51	82.4578	1624.51	79.9988	1624.51	82.7709	1624.51	78.5721	1624.51	82.7754	1624.51	73.9114	1624.51	82.7179	1624.51	72.9062	1624.51	81.4374	1624.51	76.8839	1624.51	78.9455	1624.51	76.6993	1624.51	79.9364	1624.51	74.8299	1624.51	77.5156	1624.51	73.3918	1624.51	78.51	1624.51	72.8438	1624.51	72.4104	1624.51	77.0199	1624.51	66.5298	1624.51	75.413
1681.64	78.9931	1681.64	84.0099	1681.64	72.8644	1681.64	86.5467	1681.64	81.8333	1681.64	87.6014	1681.64	86.0768	1681.64	85.5271	1681.64	87.0825	1681.64	84.1055	1681.64	86.5648	1681.64	83.8249	1681.64	85.5981	1681.64	80.9489	1681.64	84.0174	1681.64	80.1276	1681.64	81.677	1681.64	76.0303	1681.64	78.672	1681.64	64.8575	1681.64	74.0013	1681.64	75.3377	1681.64	80.1151	1681.64	78.4859	1681.64	78.3585	1681.64	73.5885	1681.64	72.8555	1681.64	72.7036	1681.64	78.0025	1681.64	75.3224	1681.64	78.135	1681.64	73.151	1681.64	74.7375	1681.64	72.43	1681.64	60.7029	1681.64	73.5013
1740.97	80.2341	1740.97	85.3008	1740.97	74.4474	1740.97	85.5799	1740.97	82.248	1740.97	85.952	1740.97	86.0098	1740.97	84.8577	1740.97	87.3832	1740.97	83.2125	1740.97	86.4583	1740.97	80.8727	1740.97	85.3649	1740.97	76.5398	1740.97	85.9783	1740.97	76.4858	1740.97	83.9171	1740.97	78.9575	1740.97	79.1408	1740.97	80.6587	1740.97	79.122	1740.97	73.2356	1740.97	71.3182	1740.97	72.618	1740.97	74.5089	1740.97	77.7817	1740.97	71.9485	1740.97	73.6262	1740.97	73.0112	1740.97	73.9804	1740.97	77.4475	1740.97	74.1695	1740.97	74.8582	1740.97	73.1766	1740.97	50.9243	1740.97	72.4921
1802.49	79.5868	1802.49	85.6726	1802.49	74.45	1802.49	86.3178	1802.49	82.5672	1802.49	85.0041	1802.49	86.3152	1802.49	85.2562	1802.49	87.0304	1802.49	82.9205	1802.49	86.2737	1802.49	80.8281	1802.49	85.5864	1802.49	80.0818	1802.49	85.2374	1802.49	80.4566	1802.49	84.1192	1802.49	76.8312	1802.49	81.1259	1802.49	77.8911	1802.49	75.1615	1802.49	78.8045	1802.49	74.4258	1802.49	70.7886	1802.49	72.1449	1802.49	77.6003	1802.49	72.5067	1802.49	76.1194	1802.49	72.3877	1802.49	68.3991	1802.49	77.0561	1802.49	69.3434	1802.49	72.943	1802.49	73.3794	1802.49	56.6018	1802.49	73.1007
1866.21	80.7395	1866.21	85.4941	1866.21	75.3027	1866.21	86.836	1866.21	83.4153	1866.21	84.8715	1866.21	86.9731	1866.21	84.4997	1866.21	88.044	1866.21	83.2542	1866.21	86.2667	1866.21	81.2248	1866.21	83.309	1866.21	81.2127	1866.21	84.5151	1866.21	80.2751	1866.21	85.1568	1866.21	78.7489	1866.21	80.7098	1866.21	70.6043	1866.21	76.2991	1866.21	75.4651	1866.21	71.6464	1866.21	73.7041	1866.21	72.5239	1866.21	57.5603	1866.21	72.9425	1866.21	74.3706	1866.21	76.1433	1866.21	71.7788	1866.21	74.627	1866.21	70.6579	1866.21	74.1344	1866.21	72.9063	1866.21	55.5356	1866.21	69.0693
1932.13	80.1377	1932.13	83.9858	1932.13	73.893	1932.13	85.834	1932.13	82.0453	1932.13	86.2074	1932.13	86.5391	1932.13	84.2409	1932.13	87.8207	1932.13	83.0827	1932.13	86.8781	1932.13	81.8869	1932.13	84.0872	1932.13	81.1936	1932.13	81.7404	1932.13	77.8113	1932.13	83.6942	1932.13	75.5112	1932.13	83.1804	1932.13	75.0161	1932.13	75.8057	1932.13	68.3171	1932.13	69.783	1932.13	73.0805	1932.13	71.8374	1932.13	71.987	1932.13	74.2714	1932.13	74.1345	1932.13	74.7241	1932.13	73.6035	1932.13	76.5128	1932.13	65.8118	1932.13	75.0634	1932.13	72.0786	1932.13	65.6295	1932.13	72.8783
2000.24	79.6803	2000.24	83.9406	2000.24	74.7627	2000.24	84.8842	2000.24	82.3145	2000.24	85.7153	2000.24	86.053	2000.24	84.7997	2000.24	87.8983	2000.24	83.4067	2000.24	87.3488	2000.24	81.4452	2000.24	84.3705	2000.24	77.397	2000.24	81.9865	2000.24	76.5146	2000.24	83.6778	2000.24	77.6005	2000.24	82.9345	2000.24	74.8238	2000.24	79.5937	2000.24	73.6164	2000.24	75.4437	2000.24	75.7626	2000.24	72.7687	2000.24	71.8167	2000.24	70.8251	2000.24	72.5734	2000.24	74.7254	2000.24	72.4837	2000.24	77.4564	2000.24	63.7184	2000.24	74.314	2000.24	70.3282	2000.24	66.1411	2000.24	73.2383
2070.56	79.787	2070.56	84.326	2070.56	74.4568	2070.56	85.5214	2070.56	81.9335	2070.56	85.9922	2070.56	85.9819	2070.56	84.8294	2070.56	87.3268	2070.56	83.0553	2070.56	87.0837	2070.56	81.1286	2070.56	85.51	2070.56	78.5809	2070.56	80.4551	2070.56	76.6912	2070.56	79.9445	2070.56	77.656	2070.56	82.2291	2070.56	79.1543	2070.56	79.5629	2070.56	69.5181	2070.56	77.8705	2070.56	72.9758	2070.56	75.0203	2070.56	74.9539	2070.56	73.4352	2070.56	67.5163	2070.56	71.6053	2070.56	72.8616	2070.56	76.1024	2070.56	69.2108	2070.56	73.3077	2070.56	67.7679	2070.56	64.2488	2070.56	72.629
2143.8	78.649	2143.8	84.3911	2143.8	71.1933	2143.8	86.6793	2143.8	81.4905	2143.8	85.5242	2143.8	85.9142	2143.8	84.4244	2143.8	86.6847	2143.8	82.7469	2143.8	85.8141	2143.8	82.3319	2143.8	84.35	2143.8	79.2555	2143.8	82.0938	2143.8	76.2452	2143.8	79.2441	2143.8	71.9764	2143.8	77.2873	2143.8	70.3056	2143.8	76.002	2143.8	72.0985	2143.8	74.53	2143.8	67.0841	2143.8	74.6497	2143.8	72.3579	2143.8	71.5705	2143.8	66.0771	2143.8	72.0542	2143.8	69.336	2143.8	76.3246	2143.8	72.422	2143.8	71.3745	2143.8	69.3861	2143.8	63.2528	2143.8	71.1095
2219.24	78.7989	2219.24	84.3179	2219.24	70.5566	2219.24	86.7845	2219.24	80.7975	2219.24	85.1062	2219.24	85.7202	2219.24	84.4065	2219.24	86.7972	2219.24	83.8439	2219.24	86.2274	2219.24	80.8033	2219.24	83.7667	2219.24	78.877	2219.24	80.3962	2219.24	76.8888	2219.24	79.7442	2219.24	76.7451	2219.24	79.0933	2219.24	74.5311	2219.24	75.0245	2219.24	70.8391	2219.24	70.1978	2219.24	63.9795	2219.24	69.1858	2219.24	69.9009	2219.24	71.6985	2219.24	69.9802	2219.24	65.7399	2219.24	67.8261	2219.24	74.8283	2219.24	68.5727	2219.24	71.0316	2219.24	65.3526	2219.24	61.7562	2219.24	71.1708
2297.61	79.6626	2297.61	84.7372	2297.61	73.725	2297.61	85.7205	2297.61	81.5214	2297.61	86.2416	2297.61	85.1589	2297.61	84.8628	2297.61	86.4517	2297.61	82.6372	2297.61	86.2133	2297.61	78.626	2297.61	84.5829	2297.61	77.7828	2297.61	80.5578	2297.61	76.1146	2297.61	76.1747	2297.61	68.3936	2297.61	76.3631	2297.61	70.5762	2297.61	74.2382	2297.61	72.6249	2297.61	73.9542	2297.61	67.1053	2297.61	68.2967	2297.61	66.1054	2297.61	71.5677	2297.61	64.8962	2297.61	67.3669	2297.61	63.73	2297.61	70.1039	2297.61	68.0613	2297.61	67.4168	2297.61	66.8174	2297.61	62.1397	2297.61	69.5749
2378.17	81.6031	2378.17	85.6403	2378.17	76.9104	2378.17	86.1608	2378.17	83.7261	2378.17	86.1234	2378.17	86.1946	2378.17	84.5555	2378.17	86.6843	2378.17	81.1327	2378.17	86.2357	2378.17	79.1486	2378.17	84.0683	2378.17	74.2881	2378.17	81.0557	2378.17	70.0073	2378.17	73.7995	2378.17	70.2289	2378.17	71.463	2378.17	66.3397	2378.17	67.9696	2378.17	67.4056	2378.17	71.5497	2378.17	65.3283	2378.17	71.3899	2378.17	55.956	2378.17	69.8562	2378.17	62.0296	2378.17	68.6253	2378.17	57.3138	2378.17	71.9715	2378.17	67.1244	2378.17	67.3784	2378.17	63.1357	2378.17	59.1451	2378.17	64.2955
2462.4	82.4883	2462.4	85.4372	2462.4	78.2659	2462.4	86.8806	2462.4	83.5178	2462.4	86.0009	2462.4	86.3792	2462.4	83.2169	2462.4	87.3794	2462.4	79.9231	2462.4	86.2979	2462.4	78.8299	2462.4	83.3169	2462.4	73.4545	2462.4	79.9279	2462.4	68.9294	2462.4	75.1338	2462.4	68.1045	2462.4	69.4247	2462.4	66.332	2462.4	70.4158	2462.4	64.3315	2462.4	66.2272	2462.4	58.1177	2462.4	68.6774	2462.4	61.6889	2462.4	64.4352	2462.4	58.9281	2462.4	67.3727	2462.4	55.7613	2462.4	71.6028	2462.4	59.498	2462.4	69.2334	2462.4	63.1872	2462.4	57.4676	2462.4	63.9503
2548.83	83.787	2548.83	85.9796	2548.83	79.1157	2548.83	86.1295	2548.83	82.2076	2548.83	85.3939	2548.83	85.6206	2548.83	82.516	2548.83	86.732	2548.83	78.9174	2548.83	85.8591	2548.83	71.4245	2548.83	83.5995	2548.83	67.1895	2548.83	80.128	2548.83	66.9526	2548.83	75.0156	2548.83	65.4384	2548.83	69.3604	2548.83	67.381	2548.83	71.6804	2548.83	61.139	2548.83	72.0587	2548.83	61.929	2548.83	65.9172	2548.83	64.0969	2548.83	68.6886	2548.83	61.1358	2548.83	63.8821	2548.83	60.7537	2548.83	70.2577	2548.83	51.9527	2548.83	69.9691	2548.83	63.4428	2548.83	52.6489	2548.83	65.0748
2638.92	84.0705	2638.92	86.6452	2638.92	78.6621	2638.92	86.2085	2638.92	80.8147	2638.92	83.5027	2638.92	84.5339	2638.92	80.933	2638.92	85.573	2638.92	77.2796	2638.92	85.0605	2638.92	69.1974	2638.92	82.9048	2638.92	64.2212	2638.92	79.3343	2638.92	61.4088	2638.92	73.1043	2638.92	66.1476	2638.92	71.51	2638.92	64.6841	2638.92	71.2754	2638.92	63.4824	2638.92	73.9364	2638.92	62.3014	2638.92	69.5382	2638.92	64.4404	2638.92	70.9811	2638.92	62.762	2638.92	67.8051	2638.92	60.8307	2638.92	72.4336	2638.92	50.324	2638.92	69.958	2638.92	59.0738	2638.92	59.9479	2638.92	66.2378
2731.93	83.9762	2731.93	85.7144	2731.93	78.2306	2731.93	85.2623	2731.93	78.68	2731.93	83.5249	2731.93	83.5958	2731.93	78.6027	2731.93	84.7132	2731.93	70.7951	2731.93	84.4116	2731.93	64.4788	2731.93	82.8059	2731.93	55.9473	2731.93	79.7153	2731.93	62.4719	2731.93	74.6889	2731.93	65.287	2731.93	71.9532	2731.93	68.5117	2731.93	75.9252	2731.93	67.1385	2731.93	73.4956	2731.93	65.0261	2731.93	71.5966	2731.93	66.107	2731.93	66.5967	2731.93	65.5874	2731.93	70.3419	2731.93	64.6686	2731.93	72.2633	2731.93	56.1106	2731.93	63.7255	2731.93	58.1738	2731.93	55.9635	2731.93	62.8806
2828.61	82.9723	2828.61	84.8818	2828.61	78.1295	2828.61	84.479	2828.61	75.3534	2828.61	81.1283	2828.61	82.6416	2828.61	77.2881	2828.61	83.6964	2828.61	68.4772	2828.61	82.8837	2828.61	56.9074	2828.61	81.3384	2828.61	64.6929	2828.61	78.704	2828.61	65.3174	2828.61	72.3674	2828.61	68.5215	2828.61	57.4528	2828.61	67.3387	2828.61	71.4405	2828.61	65.7597	2828.61	74.9569	2828.61	67.0874	2828.61	70.9837	2828.61	67.7665	2828.61	66.7263	2828.61	68.3597	2828.61	65.7728	2828.61	68.4764	2828.61	71.0218	2828.61	58.2073	2828.61	65.428	2828.61	53.4512	2828.61	59.2105	2828.61	61.9912
2928.22	82.6533	2928.22	84.9403	2928.22	76.5122	2928.22	83.8488	2928.22	70.55	2928.22	79.1448	2928.22	81.5349	2928.22	73.6318	2928.22	83.4521	2928.22	51.6531	2928.22	82.3855	2928.22	65.6821	2928.22	80.4068	2928.22	70.3244	2928.22	77.3331	2928.22	71.4246	2928.22	70.9706	2928.22	68.4839	2928.22	66.8839	2928.22	70.7836	2928.22	65.8822	2928.22	68.9788	2928.22	70.4539	2928.22	65.7751	2928.22	68.9105	2928.22	70.3198	2928.22	65.4665	2928.22	69.0295	2928.22	63.8251	2928.22	68.0683	2928.22	69.9759	2928.22	64.1043	2928.22	65.2695	2928.22	60.5284	2928.22	51.1152	2928.22	53.1706
3031.49	84.0235	3031.49	84.9502	3031.49	76.2548	3031.49	83.2719	3031.49	71.7546	3031.49	77.6568	3031.49	80.7884	3031.49	63.7209	3031.49	83.9792	3031.49	66.7866	3031.49	82.4183	3031.49	70.7787	3031.49	80.3118	3031.49	71.9787	3031.49	76.3472	3031.49	72.7988	3031.49	69.9589	3031.49	71.7508	3031.49	67.9188	3031.49	68.4233	3031.49	69.7577	3031.49	70.4843	3031.49	66.3825	3031.49	68.9682	3031.49	64.5131	3031.49	69.6557	3031.49	67.1708	3031.49	69.7277	3031.49	67.0495	3031.49	70.7811	3031.49	70.8912	3031.49	65.0874	3031.49	66.393	3031.49	60.564	3031.49	55.3271	3031.49	36.0583
3138.43	83.516	3138.43	84.3114	3138.43	75.3301	3138.43	82.7276	3138.43	72.1035	3138.43	76.858	3138.43	80.5131	3138.43	67.0874	3138.43	83.1064	3138.43	71.8179	3138.43	82.8123	3138.43	74.0678	3138.43	79.6601	3138.43	75.2625	3138.43	75.482	3138.43	72.7686	3138.43	72.6039	3138.43	74.3175	3138.43	66.2354	3138.43	71.6326	3138.43	65.6356	3138.43	67.7235	3138.43	62.7604	3138.43	69.059	3138.43	67.1804	3138.43	68.8825	3138.43	69.7209	3138.43	68.5727	3138.43	67.4638	3138.43	69.0928	3138.43	70.6572	3138.43	68.2751	3138.43	62.2759	3138.43	63.3842	3138.43	59.8199	3138.43	55.4794
3249.02	84.1101	3249.02	85.5525	3249.02	76.8944	3249.02	82.1055	3249.02	68.9083	3249.02	74.1103	3249.02	79.6025	3249.02	67.1619	3249.02	82.1988	3249.02	75.0125	3249.02	82.2659	3249.02	74.6682	3249.02	78.7242	3249.02	72.4824	3249.02	75.1512	3249.02	72.8832	3249.02	69.7363	3249.02	69.179	3249.02	65.2876	3249.02	70.8561	3249.02	65.4734	3249.02	70.2654	3249.02	63.6271	3249.02	70.4258	3249.02	62.7199	3249.02	68.1142	3249.02	67.8156	3249.02	71.9249	3249.02	66.1255	3249.02	70.6565	3249.02	69.3909	3249.02	66.9518	3249.02	66.9227	3249.02	62.3382	3249.02	58.8067	3249.02	56.6634
3363.28	85.2523	3363.28	85.3169	3363.28	79.2664	3363.28	80.6774	3363.28	65.1294	3363.28	65.9503	3363.28	77.868	3363.28	73.8395	3363.28	80.4014	3363.28	76.8683	3363.28	81.0513	3363.28	76.5116	3363.28	79.4301	3363.28	76.1255	3363.28	76.2859	3363.28	74.2201	3363.28	71.0686	3363.28	74.8959	3363.28	60.2328	3363.28	72.0643	3363.28	57.9056	3363.28	67.8476	3363.28	65.7437	3363.28	69.7058	3363.28	68.0732	3363.28	69.0187	3363.28	67.4912	3363.28	72.0456	3363.28	66.4048	3363.28	69.7251	3363.28	70.6282	3363.28	69.0088	3363.28	61.744	3363.28	62.8177	3363.28	56.0572	3363.28	58.0717
3481.93	85.1252	3481.93	83.9424	3481.93	80.5169	3481.93	77.4891	3481.93	60.1493	3481.93	68.965	3481.93	76.0818	3481.93	75.9728	3481.93	79.2867	3481.93	78.1854	3481.93	79.7561	3481.93	76.2495	3481.93	78.9355	3481.93	75.283	3481.93	76.8402	3481.93	72.2044	3481.93	73.6722	3481.93	69.7799	3481.93	63.0198	3481.93	71.0797	3481.93	58.3685	3481.93	68.4062	3481.93	65.463	3481.93	68.7079	3481.93	70.127	3481.93	65.7839	3481.93	68.1421	3481.93	70.3339	3481.93	66.3422	3481.93	70.0897	3481.93	69.146	3481.93	67.5617	3481.93	64.2956	3481.93	62.5646	3481.93	57.5835	3481.93	59.092
3604.98	83.9549	3604.98	82.7617	3604.98	79.7962	3604.98	76.2635	3604.98	71.1224	3604.98	72.5176	3604.98	75.649	3604.98	77.668	3604.98	77.6492	3604.98	77.5348	3604.98	77.9167	3604.98	75.9537	3604.98	78.689	3604.98	71.3634	3604.98	77.1091	3604.98	71.7875	3604.98	75.252	3604.98	73.9095	3604.98	71.1713	3604.98	70.391	3604.98	67.7716	3604.98	66.2039	3604.98	57.9636	3604.98	69.081	3604.98	69.6789	3604.98	69.567	3604.98	65.734	3604.98	70.3698	3604.98	66.4205	3604.98	69.1466	3604.98	69.743	3604.98	67.0197	3604.98	63.7421	3604.98	62.0914	3604.98	58.1619	3604.98	60.2656
3732.42	83.2455	3732.42	81.0163	3732.42	79.5348	3732.42	75.085	3732.42	73.4898	3732.42	76.3891	3732.42	76.2767	3732.42	77.6553	3732.42	76.8179	3732.42	77.4842	3732.42	75.8953	3732.42	75.1726	3732.42	77.9397	3732.42	74.1545	3732.42	78.7123	3732.42	72.4355	3732.42	76.2082	3732.42	68.9412	3732.42	73.0143	3732.42	68.154	3732.42	72.3879	3732.42	68.3393	3732.42	66.8056	3732.42	67.5101	3732.42	62.8243	3732.42	67.3052	3732.42	66.633	3732.42	67.2881	3732.42	65.5851	3732.42	68.44	3732.42	68.6486	3732.42	67.595	3732.42	65.1972	3732.42	63.9053	3732.42	57.2624	3732.42	56.3916
3863.53	82.9266	3863.53	81.1914	3863.53	79.6191	3863.53	76.6148	3863.53	74.0393	3863.53	76.2567	3863.53	77.5309	3863.53	78.0902	3863.53	75.6882	3863.53	76.3244	3863.53	74.7036	3863.53	74.7216	3863.53	77.3296	3863.53	70.7224	3863.53	78.599	3863.53	70.5699	3863.53	74.9942	3863.53	73.3983	3863.53	70.9843	3863.53	68.658	3863.53	70.357	3863.53	65.6207	3863.53	71.3673	3863.53	67.2931	3863.53	67.2804	3863.53	67.8185	3863.53	68.2221	3863.53	67.8364	3863.53	66.0716	3863.53	70.0325	3863.53	69.0309	3863.53	68.2365	3863.53	64.1024	3863.53	64.635	3863.53	58.4834	3863.53	57.3832
3999.76	82.7468	3999.76	80.758	3999.76	79.4565	3999.76	76.3198	3999.76	75.5697	3999.76	77.5326	3999.76	79.0455	3999.76	77.4733	3999.76	74.7407	3999.76	76.9707	3999.76	73.4521	3999.76	74.7021	3999.76	77.1	3999.76	71.547	3999.76	78.5899	3999.76	71.9873	3999.76	74.9058	3999.76	70.7546	3999.76	74.1734	3999.76	68.0408	3999.76	66.117	3999.76	68.2501	3999.76	69.1885	3999.76	66.6762	3999.76	66.9364	3999.76	66.6905	3999.76	69.9759	3999.76	66.8866	3999.76	66.3979	3999.76	68.3057	3999.76	66.6914	3999.76	67.2611	3999.76	65.4332	3999.76	64.4903	3999.76	56.3844	3999.76	58.7708
4141.11	82.2786	4141.11	80.7861	4141.11	79.5538	4141.11	77.268	4141.11	75.4774	4141.11	77.3268	4141.11	80.2018	4141.11	78.0024	4141.11	76.693	4141.11	76.3177	4141.11	69.5097	4141.11	75.2498	4141.11	75.4796	4141.11	73.7066	4141.11	76.9399	4141.11	71.1085	4141.11	74.8535	4141.11	72.0836	4141.11	75.3972	4141.11	69.4065	4141.11	62.1387	4141.11	68.6554	4141.11	69.2576	4141.11	65.4681	4141.11	64.5958	4141.11	68.5837	4141.11	68.7321	4141.11	67.3281	4141.11	62.2295	4141.11	67.6324	4141.11	63.6779	4141.11	67.837	4141.11	66.6053	4141.11	63.4811	4141.11	54.1847	4141.11	59.0838
4286.87	82.7071	4286.87	80.5472	4286.87	80.1668	4286.87	76.823	4286.87	75.5114	4286.87	78.4119	4286.87	80.3998	4286.87	78.0383	4286.87	77.86	4286.87	78.003	4286.87	70.651	4286.87	76.5653	4286.87	74.078	4286.87	72.946	4286.87	75.731	4286.87	72.7204	4286.87	72.1315	4286.87	73.198	4286.87	72.0904	4286.87	67.5065	4286.87	72.0191	4286.87	67.573	4286.87	70.2127	4286.87	66.061	4286.87	60.2397	4286.87	65.4164	4286.87	65.4739	4286.87	62.8702	4286.87	63.2139	4286.87	69.6614	4286.87	65.974	4286.87	68.4267	4286.87	65.1935	4286.87	64.4172	4286.87	56.7432	4286.87	60.8831
4438.48	82.1333	4438.48	79.2495	4438.48	79.9797	4438.48	77.9205	4438.48	75.9821	4438.48	78.6534	4438.48	80.5702	4438.48	79.3571	4438.48	78.1531	4438.48	77.4143	4438.48	72.821	4438.48	74.2748	4438.48	75.5395	4438.48	73.8486	4438.48	76.2167	4438.48	72.7237	4438.48	72.8187	4438.48	67.4393	4438.48	64.1014	4438.48	69.6165	4438.48	74.1253	4438.48	66.724	4438.48	65.8761	4438.48	65.965	4438.48	65.7035	4438.48	61.9541	4438.48	64.8689	4438.48	63.9579	4438.48	61.4495	4438.48	67.8083	4438.48	63.7446	4438.48	67.8202	4438.48	63.7769	4438.48	64.196	4438.48	55.7957	4438.48	59.3075
4594.48	81.523	4594.48	79.8723	4594.48	80.7904	4594.48	77.8913	4594.48	75.8847	4594.48	79.6189	4594.48	80.4177	4594.48	78.9865	4594.48	78.0544	4594.48	76.9779	4594.48	70.7459	4594.48	75.9109	4594.48	76.1059	4594.48	70.6222	4594.48	77.0681	4594.48	70.2047	4594.48	73.0485	4594.48	72.4351	4594.48	73.374	4594.48	67.0727	4594.48	73.4778	4594.48	66.3261	4594.48	38.9351	4594.48	65.5998	4594.48	61.5647	4594.48	61.9308	4594.48	59.3278	4594.48	63.0152	4594.48	57.6182	4594.48	66.8905	4594.48	64.8824	4594.48	66.7339	4594.48	65.1412	4594.48	66.3829	4594.48	60.5285	4594.48	55.39
4757.08	81.0225	4757.08	79.8931	4757.08	80.5193	4757.08	78.325	4757.08	76.5511	4757.08	79.5655	4757.08	80.3699	4757.08	78.1388	4757.08	79.1641	4757.08	76.7588	4757.08	69.2378	4757.08	74.7853	4757.08	75.1031	4757.08	72.9546	4757.08	75.8563	4757.08	72.195	4757.08	72.9186	4757.08	67.617	4757.08	74.7762	4757.08	67.7708	4757.08	72.0117	4757.08	65.8596	4757.08	60.8338	4757.08	65.6833	4757.08	59.995	4757.08	63.3815	4757.08	64.2804	4757.08	64.1946	4757.08	58.2053	4757.08	67.6727	4757.08	61.5168	4757.08	66.5235	4757.08	64.2893	4757.08	65.0053	4757.08	60.739	4757.08	56.027
4924.8	80.201	4924.8	80.203	4924.8	80.3133	4924.8	79.0604	4924.8	77.4369	4924.8	79.421	4924.8	80.674	4924.8	77.8276	4924.8	79.9846	4924.8	77.1716	4924.8	71.5587	4924.8	74.4067	4924.8	74.2468	4924.8	70.3717	4924.8	75.678	4924.8	69.3008	4924.8	75.0768	4924.8	70.5885	4924.8	74.0378	4924.8	66.4172	4924.8	72.2029	4924.8	65.2473	4924.8	70.4594	4924.8	63.1756	4924.8	58.326	4924.8	63.9103	4924.8	63.0019	4924.8	65.1254	4924.8	65.0439	4924.8	67.3276	4924.8	60.95	4924.8	66.9689	4924.8	59.9968	4924.8	64.6696	4924.8	53.9166	4924.8	53.1865
5098.39	80.8001	5098.39	80.2426	5098.39	79.8877	5098.39	78.9074	5098.39	77.0936	5098.39	79.1531	5098.39	79.3036	5098.39	78.1115	5098.39	79.8239	5098.39	75.9704	5098.39	71.2194	5098.39	73.4904	5098.39	72.3572	5098.39	72.8971	5098.39	76.2023	5098.39	72.4548	5098.39	75.3055	5098.39	68.9732	5098.39	73.1872	5098.39	69.858	5098.39	74.5946	5098.39	66.0608	5098.39	70.5497	5098.39	66.134	5098.39	60.6514	5098.39	64.8383	5098.39	67.1093	5098.39	62.5436	5098.39	64.3425	5098.39	64.9247	5098.39	60.848	5098.39	65.6785	5098.39	63.2286	5098.39	66.168	5098.39	59.0459	5098.39	56.1601
5277.83	80.5581	5277.83	80.2456	5277.83	79.1089	5277.83	78.8891	5277.83	78.429	5277.83	79.031	5277.83	79.2293	5277.83	78.6505	5277.83	80.2518	5277.83	76.016	5277.83	73.1958	5277.83	75.5759	5277.83	72.0136	5277.83	72.135	5277.83	75.89	5277.83	71.3907	5277.83	74.4201	5277.83	70.1685	5277.83	72.8304	5277.83	67.5747	5277.83	69.739	5277.83	66.6	5277.83	59.4874	5277.83	63.9256	5277.83	60.7429	5277.83	64.129	5277.83	67.4955	5277.83	63.0303	5277.83	63.4888	5277.83	66.5943	5277.83	58.2377	5277.83	65.9541	5277.83	63.9407	5277.83	64.9568	5277.83	62.1788	5277.83	57.8345
5463.87	80.6111	5463.87	80.082	5463.87	78.64	5463.87	78.7151	5463.87	78.0863	5463.87	79.7596	5463.87	79.631	5463.87	77.5854	5463.87	80.3927	5463.87	76.3274	5463.87	74.7657	5463.87	75.6581	5463.87	70.1995	5463.87	72.4213	5463.87	74.9104	5463.87	71.2961	5463.87	72.5209	5463.87	67.476	5463.87	65.1457	5463.87	68.0533	5463.87	68.2348	5463.87	62.1455	5463.87	59.4514	5463.87	64.0937	5463.87	63.2781	5463.87	62.7235	5463.87	67.7902	5463.87	61.4077	5463.87	62.2985	5463.87	61.7507	5463.87	56.9182	5463.87	65.0683	5463.87	61.7934	5463.87	63.2385	5463.87	61.934	5463.87	52.7285
5656.49	81.3227	5656.49	79.4213	5656.49	78.795	5656.49	79.1169	5656.49	76.9326	5656.49	79.9438	5656.49	79.0229	5656.49	77.0623	5656.49	81.0462	5656.49	76.8741	5656.49	75.8595	5656.49	74.8343	5656.49	69.5004	5656.49	69.8527	5656.49	76.038	5656.49	68.565	5656.49	73.2343	5656.49	67.3046	5656.49	67.3496	5656.49	67.3125	5656.49	65.9128	5656.49	63.8526	5656.49	65.042	5656.49	62.51	5656.49	65.5783	5656.49	63.1057	5656.49	68.191	5656.49	62.511	5656.49	63.4418	5656.49	61.9832	5656.49	56.6657	5656.49	63.5366	5656.49	61.3253	5656.49	64.3531	5656.49	60.7064	5656.49	57.4426
5856.45	80.8928	5856.45	77.7775	5856.45	78.3635	5856.45	80.2276	5856.45	77.8557	5856.45	79.4211	5856.45	77.3077	5856.45	77.6102	5856.45	80.6411	5856.45	76.7137	5856.45	76.5876	5856.45	73.2024	5856.45	66.9025	5856.45	70.5721	5856.45	73.7401	5856.45	69.2365	5856.45	73.698	5856.45	68.4713	5856.45	72.0809	5856.45	66.9387	5856.45	66.0075	5856.45	65.8522	5856.45	59.2027	5856.45	63.5667	5856.45	58.7963	5856.45	64.3119	5856.45	63.908	5856.45	60.8661	5856.45	63.2977	5856.45	60.7035	5856.45	56.8703	5856.45	63.6887	5856.45	60.0082	5856.45	61.1841	5856.45	57.7685	5856.45	57.9511
6062.99	80.5335	6062.99	77.3544	6062.99	78.1912	6062.99	80.803	6062.99	77.4213	6062.99	78.9572	6062.99	76.8663	6062.99	78.2199	6062.99	79.649	6062.99	75.2361	6062.99	77.8954	6062.99	73.9239	6062.99	68.7346	6062.99	69.6832	6062.99	73.7944	6062.99	66.796	6062.99	74.7119	6062.99	68.5594	6062.99	72.8585	6062.99	65.2802	6062.99	66.9128	6062.99	64.4974	6062.99	70.334	6062.99	60.7093	6062.99	65.4051	6062.99	64.1277	6062.99	64.2699	6062.99	61.0154	6062.99	59.6047	6062.99	61.2722	6062.99	51.5469	6062.99	62.2586	6062.99	58.0817	6062.99	60.8874	6062.99	60.1134	6062.99	58.3856
6276.86	79.3969	6276.86	78.0465	6276.86	78.7802	6276.86	80.8356	6276.86	78.1261	6276.86	79.0612	6276.86	76.8192	6276.86	77.7366	6276.86	79.0928	6276.86	74.8698	6276.86	77.5474	6276.86	71.9176	6276.86	69.6577	6276.86	69.2453	6276.86	74.0943	6276.86	64.2377	6276.86	74.654	6276.86	67.7622	6276.86	73.8304	6276.86	61.1802	6276.86	65.2147	6276.86	65.8628	6276.86	65.0947	6276.86	59.1048	6276.86	56.2129	6276.86	62.0082	6276.86	60.2391	6276.86	55.7079	6276.86	60.084	6276.86	59.3383	6276.86	50.6157	6276.86	59.8288	6276.86	60.659	6276.86	60.6105	6276.86	59.8231	6276.86	55.5158
6498.05	79.3456	6498.05	78.8003	6498.05	78.4085	6498.05	80.5785	6498.05	77.7395	6498.05	79.1822	6498.05	77.3326	6498.05	76.9876	6498.05	78.9249	6498.05	74.6567	6498.05	78.9003	6498.05	71.9793	6498.05	71.9614	6498.05	70.0054	6498.05	74.27	6498.05	68.5777	6498.05	72.9234	6498.05	68.96	6498.05	72.0228	6498.05	64.7193	6498.05	73.3797	6498.05	65.226	6498.05	71.525	6498.05	62.4671	6498.05	63.8801	6498.05	55.2115	6498.05	57.2329	6498.05	60.747	6498.05	54.642	6498.05	57.9323	6498.05	55.6708	6498.05	60.7519	6498.05	60.391	6498.05	60.591	6498.05	55.4021	6498.05	57.0551
6727.29	79.0904	6727.29	78.9477	6727.29	78.0993	6727.29	80.2912	6727.29	78.1144	6727.29	78.5558	6727.29	77.5982	6727.29	75.7756	6727.29	77.8915	6727.29	74.942	6727.29	78.6923	6727.29	73.1909	6727.29	72.5154	6727.29	69.828	6727.29	74.1259	6727.29	69.0969	6727.29	67.8637	6727.29	65.6918	6727.29	68.9491	6727.29	63.99	6727.29	72.0492	6727.29	62.4587	6727.29	66.9446	6727.29	62.907	6727.29	62.8239	6727.29	60.6116	6727.29	49.6764	6727.29	59.8274	6727.29	43.5688	6727.29	50.9661	6727.29	53.8327	6727.29	59.7583	6727.29	55.1592	6727.29	58.1004	6727.29	59.5541	6727.29	57.2045
6964.6	79.9211	6964.6	79.1816	6964.6	78.8375	6964.6	80.008	6964.6	77.127	6964.6	77.3943	6964.6	78.1059	6964.6	75.8641	6964.6	77.8714	6964.6	75.0278	6964.6	78.3893	6964.6	72.7049	6964.6	72.1698	6964.6	68.0645	6964.6	72.9185	6964.6	67.1962	6964.6	67.2969	6964.6	65.9267	6964.6	62.73	6964.6	62.526	6964.6	71.0703	6964.6	60.389	6964.6	70.5437	6964.6	61.6969	6964.6	63.2934	6964.6	60.3667	6964.6	48.2491	6964.6	58.8748	6964.6	42.3413	6964.6	55.5433	6964.6	39.5757	6964.6	57.1028	6964.6	56.1891	6964.6	52.9814	6964.6	58.2711	6964.6	56.2769
7209.96	79.1155	7209.96	79.4596	7209.96	79.541	7209.96	79.5952	7209.96	77.7773	7209.96	77.2621	7209.96	77.4055	7209.96	76.262	7209.96	77.5993	7209.96	74.8414	7209.96	76.5678	7209.96	72.9229	7209.96	69.1753	7209.96	68.4367	7209.96	70.6666	7209.96	66.315	7209.96	68.6111	7209.96	63.9517	7209.96	64.1253	7209.96	62.0789	7209.96	68.4807	7209.96	60.0851	7209.96	69.5273	7209.96	61.7969	7209.96	60.9505	7209.96	62.013	7209.96	48.1044	7209.96	57.9629	7209.96	48.6673	7209.96	57.065	7209.96	48.8235	7209.96	56.4474	7209.96	54.3606	7209.96	53.0171	7209.96	55.1596	7209.96	56.3011
7464.11	79.8352	7464.11	80.107	7464.11	79.3512	7464.11	78.9662	7464.11	78.0066	7464.11	77.4651	7464.11	77.0148	7464.11	76.3317	7464.11	76.3078	7464.11	75.0185	7464.11	74.1147	7464.11	71.6927	7464.11	70.4007	7464.11	68.0756	7464.11	69.425	7464.11	66.2941	7464.11	70.6544	7464.11	64.9144	7464.11	66.1872	7464.11	62.6994	7464.11	59.4559	7464.11	60.1172	7464.11	62.8891	7464.11	61.4212	7464.11	52.0131	7464.11	61.7036	7464.11	52.8143	7464.11	58.9544	7464.11	52.8816	7464.11	56.3218	7464.11	48.4753	7464.11	54.8982	7464.11	55.5892	7464.11	51.6894	7464.11	53.8565	7464.11	51.7448
7727.78	80.86	7727.78	79.6919	7727.78	79.2403	7727.78	78.8127	7727.78	78.347	7727.78	77.7079	7727.78	76.7285	7727.78	76.2738	7727.78	75.7344	7727.78	74.9765	7727.78	74.2629	7727.78	70.4139	7727.78	69.9556	7727.78	67.9191	7727.78	65.7455	7727.78	64.2887	7727.78	69.5815	7727.78	65.4917	7727.78	69.5301	7727.78	59.7883	7727.78	62.899	7727.78	60.2577	7727.78	60.2194	7727.78	59.5538	7727.78	58.3752	7727.78	58.6909	7727.78	53.9951	7727.78	58.6185	7727.78	50.541	7727.78	57.2634	7727.78	38.0197	7727.78	55.5836	7727.78	49.5294	7727.78	54.6063	7727.78	53.5487	7727.78	45.4373
8000.24	80.9862	8000.24	79.3058	8000.24	80.0417	8000.24	79.3112	8000.24	78.6679	8000.24	77.6553	8000.24	76.0289	8000.24	76.457	8000.24	75.0848	8000.24	73.7539	8000.24	75.1781	8000.24	71.1079	8000.24	70.5059	8000.24	66.246	8000.24	60.0743	8000.24	61.8378	8000.24	70.8377	8000.24	61.3476	8000.24	66.5572	8000.24	58.7809	8000.24	58.7197	8000.24	60.7218	8000.24	59.9245	8000.24	59.6959	8000.24	59.5159	8000.24	59.0762	8000.24	53.791	8000.24	58.9806	8000.24	49.4073	8000.24	58.3293	8000.24	45.4951	8000.24	56.0727	8000.24	52.5706	8000.24	52.2284	8000.24	51.5449	8000.24	47.9013
8282.23	80.7478	8282.23	79.5278	8282.23	80.9812	8282.23	79.4103	8282.23	78.7169	8282.23	77.733	8282.23	76.4876	8282.23	75.8835	8282.23	73.6175	8282.23	73.2439	8282.23	75.2051	8282.23	71.0872	8282.23	69.1725	8282.23	65.7223	8282.23	61.8207	8282.23	63.1183	8282.23	67.9502	8282.23	63.9188	8282.23	67.0023	8282.23	60.0978	8282.23	66.2109	8282.23	60.0198	8282.23	61.171	8282.23	59.5855	8282.23	53.2377	8282.23	53.4683	8282.23	46.6317	8282.23	59.2518	8282.23	49.6208	8282.23	58.7576	8282.23	14.9505	8282.23	58.2068	8282.23	54.032	8282.23	53.9571	8282.23	48.396	8282.23	39.6217
8574.46	80.6513	8574.46	79.9515	8574.46	80.6892	8574.46	78.6645	8574.46	79.0034	8574.46	77.8865	8574.46	76.9888	8574.46	75.0484	8574.46	71.3601	8574.46	73.6234	8574.46	72.7347	8574.46	70.856	8574.46	67.6531	8574.46	67.0169	8574.46	61.4764	8574.46	63.6228	8574.46	66.5868	8574.46	61.82	8574.46	65.6688	8574.46	56.6286	8574.46	66.8482	8574.46	58.1909	8574.46	64.0455	8574.46	59.2671	8574.46	57.0712	8574.46	59.1066	8574.46	44.6205	8574.46	58.9184	8574.46	47.3858	8574.46	58.3074	8574.46	47.5214	8574.46	57.3741	8574.46	47.6169	8574.46	51.4108	8574.46	44.9289	8574.46	38.7689
8876.22	80.5735	8876.22	79.4459	8876.22	80.6614	8876.22	78.8152	8876.22	79.2913	8876.22	77.6634	8876.22	77.172	8876.22	75.1003	8876.22	72.2314	8876.22	72.9111	8876.22	70.6393	8876.22	70.7168	8876.22	68.18	8876.22	65.6562	8876.22	61.6207	8876.22	63.7813	8876.22	66.7603	8876.22	62.5174	8876.22	62.3526	8876.22	56.4432	8876.22	66.1157	8876.22	57.6129	8876.22	63.8998	8876.22	58.4494	8876.22	54.688	8876.22	59.8145	8876.22	48.2223	8876.22	57.3153	8876.22	49.2785	8876.22	57.8203	8876.22	44.4927	8876.22	59.0329	8876.22	47.1808	8876.22	53.4669	8876.22	52.8909	8876.22	45.2982
9189.7	80.3119	9189.7	79.1874	9189.7	81.1161	9189.7	79.0654	9189.7	79.3198	9189.7	77.1096	9189.7	77.3861	9189.7	74.9884	9189.7	73.2686	9189.7	72.8476	9189.7	71.3389	9189.7	68.5532	9189.7	67.4048	9189.7	66.8955	9189.7	64.4265	9189.7	64.1015	9189.7	66.2707	9189.7	62.3466	9189.7	58.1695	9189.7	55.3142	9189.7	60.1552	9189.7	58.1154	9189.7	61.8574	9189.7	57.155	9189.7	59.4326	9189.7	58.7781	9189.7	52.9109	9189.7	56.8705	9189.7	53.3178	9189.7	57.8374	9189.7	42.0078	9189.7	57.9201	9189.7	45.1984	9189.7	53.9326	9189.7	47.4919	9189.7	44.4974
9513.43	80.1134	9513.43	79.7773	9513.43	80.7693	9513.43	78.1899	9513.43	79.4515	9513.43	77.5293	9513.43	77.5134	9513.43	75.0517	9513.43	72.8134	9513.43	72.4495	9513.43	71.5625	9513.43	69.7833	9513.43	67.8362	9513.43	66.4769	9513.43	63.1794	9513.43	64.0978	9513.43	65.4725	9513.43	58.8931	9513.43	60.0997	9513.43	57.5186	9513.43	54.8744	9513.43	53.1948	9513.43	61.7006	9513.43	55.4019	9513.43	59.8971	9513.43	55.4466	9513.43	52.9034	9513.43	56.7832	9513.43	49.8363	9513.43	54.0686	9513.43	44.9209	9513.43	57.1216	9513.43	46.3404	9513.43	52.4659	9513.43	47.4002	9513.43	44.7618
9848.88	80.3417	9848.88	79.4397	9848.88	80.1851	9848.88	78.2114	9848.88	79.5301	9848.88	77.6136	9848.88	77.7828	9848.88	74.5416	9848.88	73.5475	9848.88	71.6634	9848.88	70.3167	9848.88	68.8988	9848.88	67.5968	9848.88	64.8799	9848.88	64.9853	9848.88	62.6826	9848.88	63.7547	9848.88	60.7071	9848.88	60.8036	9848.88	53.4886	9848.88	62.0259	9848.88	53.7227	9848.88	62.4649	9848.88	50.5799	9848.88	59.2222	9848.88	54.7506	9848.88	50.4137	9848.88	53.402	9848.88	50.4041	9848.88	53.885	9848.88	47.4742	9848.88	56.1997	9848.88	47.7727	9848.88	53.0283	9848.88	46.2933	9848.88	47.0297
10196.8	80.1986	10196.8	79.2844	10196.8	80.2753	10196.8	78.7883	10196.8	79.4925	10196.8	76.8394	10196.8	77.605	10196.8	74.6423	10196.8	73.5044	10196.8	71.1724	10196.8	70.829	10196.8	67.6334	10196.8	68.5774	10196.8	64.6821	10196.8	65.4681	10196.8	63.1549	10196.8	63.4417	10196.8	58.3747	10196.8	61.3948	10196.8	56.5166	10196.8	58.2594	10196.8	49.0436	10196.8	64.5234	10196.8	52.1479	10196.8	62.0254	10196.8	47.7181	10196.8	46.7374	10196.8	53.8285	10196.8	51.5778	10196.8	51.333	10196.8	44.2763	10196.8	54.4181	10196.8	38.2975	10196.8	54.8549	10196.8	46.4897	10196.8	47.3348
10556.4	80.416	10556.4	79.9146	10556.4	80.2373	10556.4	78.3147	10556.4	79.115	10556.4	77.2985	10556.4	77.2315	10556.4	74.1421	10556.4	73.3463	10556.4	70.7951	10556.4	70.9333	10556.4	68.6238	10556.4	70.0344	10556.4	62.1651	10556.4	62.7272	10556.4	62.6973	10556.4	59.7836	10556.4	52.0116	10556.4	59.2612	10556.4	54.103	10556.4	53.5953	10556.4	54.2944	10556.4	61.4831	10556.4	53.528	10556.4	58.7327	10556.4	54.7832	10556.4	49.3713	10556.4	53.1785	10556.4	51.6088	10556.4	51.3725	10556.4	33.1392	10556.4	56.2081	10556.4	48.4676	10556.4	52.7813	10556.4	42.4472	10556.4	49.1162
10928.5	80.769	10928.5	80.093	10928.5	79.8338	10928.5	78.7031	10928.5	78.9527	10928.5	76.8315	10928.5	77.3603	10928.5	73.9997	10928.5	73.1335	10928.5	70.8689	10928.5	69.8637	10928.5	66.1965	10928.5	70.1585	10928.5	62.1631	10928.5	56.1769	10928.5	61.9572	10928.5	55.3608	10928.5	58.3554	10928.5	57.2119	10928.5	52.7473	10928.5	51.171	10928.5	55.6523	10928.5	58.1909	10928.5	51.5672	10928.5	58.0583	10928.5	55.1441	10928.5	35.4214	10928.5	52.2175	10928.5	50.6773	10928.5	54.3628	10928.5	36.1021	10928.5	56.8023	10928.5	46.9891	10928.5	54.5294	10928.5	45.7542	10928.5	48.6621
11313.7	81.2058	11313.7	80.0408	11313.7	79.7897	11313.7	78.768	11313.7	78.6721	11313.7	76.1754	11313.7	77.543	11313.7	74.0345	11313.7	73.4594	11313.7	70.1663	11313.7	71.2048	11313.7	66.0768	11313.7	68.4076	11313.7	62.3928	11313.7	58.1237	11313.7	61.1177	11313.7	53.314	11313.7	56.105	11313.7	49.7998	11313.7	53.9831	11313.7	50.308	11313.7	53.5744	11313.7	49.5168	11313.7	52.7227	11313.7	47.1726	11313.7	51.4189	11313.7	45.63	11313.7	55.0398	11313.7	45.6264	11313.7	52.8124	11313.7	43.1094	11313.7	55.0995	11313.7	46.6858	11313.7	54.5634	11313.7	43.9564	11313.7	47.3268
11712.9	81.5373	11712.9	80.2742	11712.9	80.0564	11712.9	78.3784	11712.9	78.7979	11712.9	76.0452	11712.9	77.6884	11712.9	73.2094	11712.9	73.414	11712.9	70.6536	11712.9	71.2116	11712.9	65.9383	11712.9	68.192	11712.9	63.8825	11712.9	57.3233	11712.9	60.5243	11712.9	54.3673	11712.9	56.4136	11712.9	50.9289	11712.9	50.9584	11712.9	54.202	11712.9	53.5756	11712.9	54.3043	11712.9	52.2974	11712.9	48.4339	11712.9	54.4968	11712.9	41.1993	11712.9	53.1835	11712.9	28.42	11712.9	53.1664	11712.9	36.6588	11712.9	53.1032	11712.9	48.586	11712.9	53.6663	11712.9	37.806	11712.9	46.9341
12126	81.9594	12126	80.6428	12126	80.5232	12126	78.445	12126	78.7093	12126	75.8653	12126	77.5993	12126	73.4593	12126	73.1633	12126	70.5847	12126	71.167	12126	66.3908	12126	67.4168	12126	61.4097	12126	58.9263	12126	56.67	12126	47.9736	12126	55.9366	12126	43.2084	12126	49.7828	12126	44.5962	12126	51.9561	12126	55.1376	12126	49.7099	12126	52.2321	12126	50.8979	12126	39.6268	12126	52.4304	12126	46.1618	12126	52.7518	12126	41.1491	12126	50.9263	12126	43.2829	12126	50.9006	12126	37.9965	12126	43.5808
12553.7	82.2327	12553.7	80.7341	12553.7	80.7781	12553.7	78.0772	12553.7	79.0938	12553.7	75.5255	12553.7	77.7473	12553.7	72.7707	12553.7	73.7955	12553.7	70.0919	12553.7	71.0499	12553.7	63.8646	12553.7	64.4862	12553.7	58.391	12553.7	62.1171	12553.7	54.547	12553.7	50.6511	12553.7	52.6768	12553.7	39.4918	12553.7	50.7618	12553.7	51.5498	12553.7	44.9904	12553.7	51.6286	12553.7	45.8945	12553.7	50.9735	12553.7	48.7949	12553.7	39.9727	12553.7	50.0944	12553.7	43.378	12553.7	49.3878	12553.7	44.3581	12553.7	46.756	12553.7	41.2576	12553.7	49.1804	12553.7	39.6479	12553.7	45.3475
12996.1	82.6479	12996.1	80.9196	12996.1	81.121	12996.1	78.2947	12996.1	79.4559	12996.1	75.3284	12996.1	78.0659	12996.1	72.9528	12996.1	72.9198	12996.1	68.8703	12996.1	70.0728	12996.1	61.7381	12996.1	62.9793	12996.1	56.4789	12996.1	62.1409	12996.1	51.6508	12996.1	44.9255	12996.1	50.4423	12996.1	42.7098	12996.1	50.2394	12996.1	52.8196	12996.1	43.7758	12996.1	48.075	12996.1	45.4381	12996.1	28.0519	12996.1	46.9952	12996.1	15.3331	12996.1	47.8742	12996.1	47.8505	12996.1	49.5251	12996.1	41.3425	12996.1	44.2811	12996.1	43.6732	12996.1	45.9354	12996.1	36.3152	12996.1	45.6324
13454.6	82.7446	13454.6	80.99	13454.6	81.1966	13454.6	78.5473	13454.6	79.1414	13454.6	75.4086	13454.6	77.4542	13454.6	71.9411	13454.6	72.1048	13454.6	67.9533	13454.6	69.55	13454.6	59.6447	13454.6	60.5749	13454.6	54.9349	13454.6	61.0692	13454.6	46.0297	13454.6	49.2218	13454.6	48.6498	13454.6	42.8724	13454.6	50.3589	13454.6	46.9201	13454.6	24.3633	13454.6	17.8308	13454.6	44.6523	13454.6	47.3413	13454.6	37.8741	13454.6	37.4721	13454.6	46.4273	13454.6	49.0473	13454.6	48.7577	13454.6	38.5546	13454.6	41.1873	13454.6	42.4153	13454.6	44.412	13454.6	34.6951	13454.6	42.0563
13928.5	82.5924	13928.5	80.7125	13928.5	81.1275	13928.5	78.4694	13928.5	78.6054	13928.5	75.5099	13928.5	76.5358	13928.5	71.2238	13928.5	71.1187	13928.5	66.4667	13928.5	66.7758	13928.5	57.3008	13928.5	60.8393	13928.5	48.0076	13928.5	59.577	13928.5	43.786	13928.5	52.7445	13928.5	44.1496	13928.5	36.7758	13928.5	44.3914	13928.5	46.7035	13928.5	44.6139	13928.5	46.8312	13928.5	43.4841	13928.5	46.5709	13928.5	21.7274	13928.5	42.8036	13928.5	40.5779	13928.5	46.4255	13928.5	43.966	13928.5	41.2419	13928.5	30.2927	13928.5	42.5006	13928.5	40.9594	13928.5	26.9264	13928.5	40.5747
14419.9	82.5583	14419.9	80.7895	14419.9	80.8797	14419.9	78.2577	14419.9	77.9099	14419.9	75.056	14419.9	75.7823	14419.9	69.3619	14419.9	70.5028	14419.9	64.9057	14419.9	66.7477	14419.9	52.1672	14419.9	59.7425	14419.9	46.0214	14419.9	60.0112	14419.9	50.1215	14419.9	50.6565	14419.9	45.926	14419.9	44.2711	14419.9	35.8802	14419.9	46.4793	14419.9	46.7155	14419.9	51.3464	14419.9	42.1266	14419.9	39.2083	14419.9	20.4921	14419.9	38.6356	14419.9	35.5872	14419.9	43.3361	14419.9	46.5706	14419.9	42.5959	14419.9	34.5574	14419.9	41.3694	14419.9	30.1082	14419.9	41.8222	14419.9	37.2799
14928.2	82.4992	14928.2	80.6362	14928.2	80.6336	14928.2	77.5983	14928.2	77.7157	14928.2	73.8481	14928.2	75.448	14928.2	67.265	14928.2	69.8815	14928.2	60.6983	14928.2	64.2906	14928.2	45.268	14928.2	61.6958	14928.2	51.5269	14928.2	57.1195	14928.2	51.8168	14928.2	49.3117	14928.2	51.2872	14928.2	33.4273	14928.2	42.0962	14928.2	45.5334	14928.2	49.7011	14928.2	49.7787	14928.2	45.1367	14928.2	39.1983	14928.2	41.4187	14928.2	28.8915	14928.2	41.0215	14928.2	42.8362	14928.2	47.779	14928.2	36.4341	14928.2	43.0436	14928.2	39.3593	14928.2	36.0533	14928.2	38.8002	14928.2	34.8045
15454.8	82.3172	15454.8	80.3815	15454.8	80.4796	15454.8	76.9469	15454.8	77.8194	15454.8	72.0254	15454.8	75.5029	15454.8	63.9843	15454.8	69.755	15454.8	53.8945	15454.8	65.3304	15454.8	54.2048	15454.8	62.0949	15454.8	55.6779	15454.8	51.7635	15454.8	51.7382	15454.8	50.2745	15454.8	51.659	15454.8	35.9401	15454.8	42.3002	15454.8	40.2491	15454.8	48.434	15454.8	48.3517	15454.8	46.4182	15454.8	43.0817	15454.8	39.2059	15454.8	24.9058	15454.8	41.3305	15454.8	39.8692	15454.8	47.2358	15454.8	37.4257	15454.8	42.9666	15454.8	34.5966	15454.8	32.444	15454.8	39.6817	15454.8	37.383
15999.8	82.0146	15999.8	79.9525	15999.8	80.383	15999.8	75.9611	15999.8	78.236	15999.8	70.0145	15999.8	75.6774	15999.8	60.6699	15999.8	69.4107	15999.8	47.7972	15999.8	63.5237	15999.8	55.9928	15999.8	57.176	15999.8	56.869	15999.8	51.4577	15999.8	51.5667	15999.8	46.3429	15999.8	52.0352	15999.8	35.9114	15999.8	43.2667	15999.8	38.0723	15999.8	47.3979	15999.8	44.6845	15999.8	43.8787	15999.8	41.5282	15999.8	42.2806	15999.8	18.6095	15999.8	44.3582	15999.8	19.9687	15999.8	43.6643	15999.8	35.7592	15999.8	42.7803	15999.8	37.331	15999.8	35.4137	15999.8	38.1683	15999.8	37.0777
16564.5	81.8884	16564.5	79.468	16564.5	80.1519	16564.5	75.1081	16564.5	78.384	16564.5	68.472	16564.5	75.6332	16564.5	57.8156	16564.5	68.6789	16564.5	54.5015	16564.5	62.5273	16564.5	57.3836	16564.5	55.3044	16564.5	56.3678	16564.5	48.1372	16564.5	51.488	16564.5	42.6076	16564.5	51.5867	16564.5	39.7464	16564.5	42.1475	16564.5	45.5547	16564.5	46.5492	16564.5	49.2074	16564.5	42.065	16564.5	34.691	16564.5	38.1625	16564.5	24.9839	16564.5	46.0957	16564.5	25.6167	16564.5	45.3734	16564.5	29.8301	16564.5	41.7998	16564.5	38.8757	16564.5	34.9245	16564.5	39.2938	16564.5	37.0338
17148.2	81.7568	17148.2	79.1236	17148.2	80.1412	17148.2	74.6368	17148.2	78.2805	17148.2	67.4485	17148.2	75.1217	17148.2	55.102	17148.2	67.1626	17148.2	57.193	17148.2	60.2103	17148.2	57.7915	17148.2	53.0121	17148.2	56.1168	17148.2	44.531	17148.2	50.4377	17148.2	42.7714	17148.2	49.7145	17148.2	33.2262	17148.2	39.3917	17148.2	42.7363	17148.2	44.0577	17148.2	47.1795	17148.2	40.0487	17148.2	33.896	17148.2	40.2555	17148.2	27.8531	17148.2	44.6316	17148.2	37.985	17148.2	46.8194	17148.2	31.8096	17148.2	39.6896	17148.2	39.6791	17148.2	33.0409	17148.2	38.2475	17148.2	26.0464
17753.2	81.4098	17753.2	78.8015	17753.2	80.0551	17753.2	74.7171	17753.2	77.8915	17753.2	67.165	17753.2	74.1997	17753.2	51.6853	17753.2	64.9308	17753.2	57.2258	17753.2	56.9615	17753.2	57.4191	17753.2	44.8175	17753.2	54.4779	17753.2	44.0914	17753.2	45.8081	17753.2	43.3707	17753.2	49.414	17753.2	34.2068	17753.2	32.9964	17753.2	41.906	17753.2	40.5951	17753.2	49.0317	17753.2	36.7135	17753.2	30.7641	17753.2	34.6556	17753.2	26.7528	17753.2	43.7897	17753.2	34.7421	17753.2	45.0254	17753.2	20.6768	17753.2	31.81	17753.2	39.0754	17753.2	35.5803	17753.2	40.2091	17753.2	32.3471
18379.4	81.2616	18379.4	78.7265	18379.4	79.8274	18379.4	74.6752	18379.4	77.4512	18379.4	65.7577	18379.4	73.0023	18379.4	52.8118	18379.4	60.3539	18379.4	58.132	18379.4	52.7834	18379.4	58.0162	18379.4	39.7128	18379.4	52.0621	18379.4	46.9109	18379.4	43.1544	18379.4	44.7606	18379.4	45.974	18379.4	28.9158	18379.4	37.3381	18379.4	23.5177	18379.4	36.6337	18379.4	46.23	18379.4	33.856	18379.4	38.2525	18379.4	42.2397	18379.4	34.4279	18379.4	41.1678	18379.4	35.4634	18379.4	39.0088	18379.4	37.3738	18379.4	28.6443	18379.4	37.3401	18379.4	38.0218	18379.4	40.4772	18379.4	36.8218
19027.6	80.7729	19027.6	78.4042	19027.6	79.4004	19027.6	73.9884	19027.6	76.6954	19027.6	63.4346	19027.6	71.0067	19027.6	56.9535	19027.6	52.2358	19027.6	59.5618	19027.6	52.4657	19027.6	57.2952	19027.6	44.5191	19027.6	51.6191	19027.6	47.1469	19027.6	42.8435	19027.6	44.5773	19027.6	39.9902	19027.6	30.8297	19027.6	37.3753	19027.6	35.9028	19027.6	24.1793	19027.6	44.1905	19027.6	36.174	19027.6	37.5423	19027.6	43.8954	19027.6	36.1866	19027.6	40.61	19027.6	26.6313	19027.6	39.4167	19027.6	36.7509	19027.6	33.0585	19027.6	38.5144	19027.6	37.8083	19027.6	39.1134	19027.6	37.08
19698.5	80.7158	19698.5	78.1716	19698.5	78.8213	19698.5	73.0843	19698.5	75.3702	19698.5	61.9891	19698.5	68.6798	19698.5	59.5808	19698.5	41.898	19698.5	60.1014	19698.5	54.2648	19698.5	56.1012	19698.5	47.789	19698.5	52.5327	19698.5	45.5322	19698.5	43.953	19698.5	41.5569	19698.5	38.24	19698.5	34.0122	19698.5	39.1895	19698.5	36.8132	19698.5	31.3448	19698.5	39.5867	19698.5	35.5571	19698.5	16.4504	19698.5	44.47	19698.5	27.9556	19698.5	39.7275	19698.5	31.2998	19698.5	40.2346	19698.5	37.4852	19698.5	32.1252	19698.5	40.5426	19698.5	36.7439	19698.5	37.6559	19698.5	38.5191
19999.5	80.926	19999.5	77.7641	19999.5	78.8061	19999.5	72.4299	19999.5	74.3119	19999.5	62.8874	19999.5	67.4679	19999.5	60.4222	19999.5	49.0582	19999.5	59.0834	19999.5	54.787	19999.5	57.1273	19999.5	53.0403	19999.5	57.4823	19999.5	49.2078	19999.5	46.9247	19999.5	43.3305	19999.5	30.6822	19999.5	48.5854	19999.5	51.8409	19999.5	31.923	19999.5	32.8673	19999.5	50.9172	19999.5	45.4932	19999.5	46.2866	19999.5	51.4305	19999.5	45.8512	19999.5	46.9012	19999.5	48.9885	19999.5	50.1303	19999.5	42.2597	19999.5	40.9377	19999.5	45.7228	19999.5	43.8285	19999.5	40.3921	19999.5	47.6904
