"SPL Vertical"																																																																							
"On-Axis"		"10°"		"-10°"		"20°"		"-20°"		"30°"		"-30°"		"40°"		"-40°"		"50°"		"-50°"		"60°"		"-60°"		"70°"		"-70°"		"80°"		"-80°"		"90°"		"-90°"		"100°"		"-100°"		"110°"		"-110°"		"120°"		"-120°"		"130°"		"-130°"		"140°"		"-140°"		"150°"		"-150°"		"160°"		"-160°"		"170°"		"-170°"		"180°"	
"Frequency / Hz"	"Sound Pressure Level / dB (re 20 µPa/V)  [2.83  V @ 1. m]"	"Frequency / Hz"	"Sound Pressure Level / dB (re 20 µPa/V)  [2.83  V @ 1. m]"	"Frequency / Hz"	"Sound Pressure Level / dB (re 20 µPa/V)  [2.83  V @ 1. m]"	"Frequency / Hz"	"Sound Pressure Level / dB (re 20 µPa/V)  [2.83  V @ 1. m]"	"Frequency / Hz"	"Sound Pressure Level / dB (re 20 µPa/V)  [2.83  V @ 1. m]"	"Frequency / Hz"	"Sound Pressure Level / dB (re 20 µPa/V)  [2.83  V @ 1. m]"	"Frequency / Hz"	"Sound Pressure Level / dB (re 20 µPa/V)  [2.83  V @ 1. m]"	"Frequency / Hz"	"Sound Pressure Level / dB (re 20 µPa/V)  [2.83  V @ 1. m]"	"Frequency / Hz"	"Sound Pressure Level / dB (re 20 µPa/V)  [2.83  V @ 1. m]"	"Frequency / Hz"	"Sound Pressure Level / dB (re 20 µPa/V)  [2.83  V @ 1. m]"	"Frequency / Hz"	"Sound Pressure Level / dB (re 20 µPa/V)  [2.83  V @ 1. m]"	"Frequency / Hz"	"Sound Pressure Level / dB (re 20 µPa/V)  [2.83  V @ 1. m]"	"Frequency / Hz"	"Sound Pressure Level / dB (re 20 µPa/V)  [2.83  V @ 1. m]"	"Frequency / Hz"	"Sound Pressure Level / dB (re 20 µPa/V)  [2.83  V @ 1. m]"	"Frequency / Hz"	"Sound Pressure Level / dB (re 20 µPa/V)  [2.83  V @ 1. m]"	"Frequency / Hz"	"Sound Pressure Level / dB (re 20 µPa/V)  [2.83  V @ 1. m]"	"Frequency / Hz"	"Sound Pressure Level / dB (re 20 µPa/V)  [2.83  V @ 1. m]"	"Frequency / Hz"	"Sound Pressure Level / dB (re 20 µPa/V)  [2.83  V @ 1. m]"	"Frequency / Hz"	"Sound Pressure Level / dB (re 20 µPa/V)  [2.83  V @ 1. m]"	"Frequency / Hz"	"Sound Pressure Level / dB (re 20 µPa/V)  [2.83  V @ 1. m]"	"Frequency / Hz"	"Sound Pressure Level / dB (re 20 µPa/V)  [2.83  V @ 1. m]"	"Frequency / Hz"	"Sound Pressure Level / dB (re 20 µPa/V)  [2.83  V @ 1. m]"	"Frequency / Hz"	"Sound Pressure Level / dB (re 20 µPa/V)  [2.83  V @ 1. m]"	"Frequency / Hz"	"Sound Pressure Level / dB (re 20 µPa/V)  [2.83  V @ 1. m]"	"Frequency / Hz"	"Sound Pressure Level / dB (re 20 µPa/V)  [2.83  V @ 1. m]"	"Frequency / Hz"	"Sound Pressure Level / dB (re 20 µPa/V)  [2.83  V @ 1. m]"	"Frequency / Hz"	"Sound Pressure Level / dB (re 20 µPa/V)  [2.83  V @ 1. m]"	"Frequency / Hz"	"Sound Pressure Level / dB (re 20 µPa/V)  [2.83  V @ 1. m]"	"Frequency / Hz"	"Sound Pressure Level / dB (re 20 µPa/V)  [2.83  V @ 1. m]"	"Frequency / Hz"	"Sound Pressure Level / dB (re 20 µPa/V)  [2.83  V @ 1. m]"	"Frequency / Hz"	"Sound Pressure Level / dB (re 20 µPa/V)  [2.83  V @ 1. m]"	"Frequency / Hz"	"Sound Pressure Level / dB (re 20 µPa/V)  [2.83  V @ 1. m]"	"Frequency / Hz"	"Sound Pressure Level / dB (re 20 µPa/V)  [2.83  V @ 1. m]"	"Frequency / Hz"	"Sound Pressure Level / dB (re 20 µPa/V)  [2.83  V @ 1. m]"	"Frequency / Hz"	"Sound Pressure Level / dB (re 20 µPa/V)  [2.83  V @ 1. m]"	"Frequency / Hz"	"Sound Pressure Level / dB (re 20 µPa/V)  [2.83  V @ 1. m]"
20.5078	44.5112	20.5078	44.1328	20.5078	44.9668	20.5078	44.1191	20.5078	45.3162	20.5078	44.7169	20.5078	45.4817	20.5078	45.9065	20.5078	45.4712	20.5078	47.4367	20.5078	45.3983	20.5078	49.0591	20.5078	45.532	20.5078	50.6318	20.5078	46.2383	20.5078	52.0956	20.5078	47.6633	20.5078	53.4323	20.5078	49.5513	20.5078	54.6401	20.5078	51.5368	20.5078	55.7209	20.5078	53.39	20.5078	56.676	20.5078	55.0127	20.5078	57.5034	20.5078	56.3741	20.5078	58.1977	20.5078	57.4714	20.5078	58.75	20.5078	58.3122	20.5078	59.1485	20.5078	58.9088	20.5078	59.3792	20.5078	59.2753	20.5078	59.4268
21.9727	53.584	21.9727	53.5158	21.9727	53.6765	21.9727	53.5433	21.9727	53.739	21.9727	53.7396	21.9727	53.7427	21.9727	54.1552	21.9727	53.6909	21.9727	54.796	21.9727	53.6327	21.9727	55.6232	21.9727	53.6786	21.9727	56.5738	21.9727	53.9906	21.9727	57.5839	21.9727	54.7047	21.9727	58.6019	21.9727	55.8196	21.9727	59.5904	21.9727	57.1883	21.9727	60.5231	21.9727	58.6239	21.9727	61.3801	21.9727	59.9844	21.9727	62.1447	21.9727	61.1861	21.9727	62.8013	21.9727	62.187	21.9727	63.3335	21.9727	62.9696	21.9727	63.7244	21.9727	63.5305	21.9727	63.9562	21.9727	63.8744	21.9727	64.0116
23.4375	56.8371	23.4375	56.7491	23.4375	56.9446	23.4375	56.7401	23.4375	57.0282	23.4375	56.8745	23.4375	57.0661	23.4375	57.2026	23.4375	57.0644	23.4375	57.7415	23.4375	57.0661	23.4375	58.4685	23.4375	57.1605	23.4375	59.3331	23.4375	57.4728	23.4375	60.2767	23.4375	58.1099	23.4375	61.247	23.4375	59.0829	23.4375	62.2032	23.4375	60.2901	23.4375	63.1151	23.4375	61.5819	23.4375	63.9596	23.4375	62.8294	23.4375	64.7176	23.4375	63.9475	23.4375	65.3717	23.4375	64.888	23.4375	65.9046	23.4375	65.6276	23.4375	66.2989	23.4375	66.158	23.4375	66.5372	23.4375	66.4804	23.4375	66.6028
24.9023	60.6254	24.9023	60.5514	24.9023	60.7161	24.9023	60.5341	24.9023	60.7953	24.9023	60.6179	24.9023	60.8496	24.9023	60.8423	24.9023	60.8858	24.9023	61.2298	24.9023	60.9353	24.9023	61.7784	24.9023	61.0588	24.9023	62.4627	24.9023	61.3381	24.9023	63.2432	24.9023	61.8474	24.9023	64.0768	24.9023	62.6093	24.9023	64.9243	24.9023	63.5736	24.9023	65.7526	24.9023	64.6409	24.9023	66.5347	24.9023	65.7066	24.9023	67.2472	24.9023	66.6878	24.9023	67.8695	24.9023	67.5292	24.9023	68.3819	24.9023	68.1989	24.9023	68.7655	24.9023	68.6812	24.9023	69.0024	24.9023	68.9721	24.9023	69.0759
26.3672	63.5204	26.3672	63.4738	26.3672	63.5919	26.3672	63.4828	26.3672	63.6659	26.3672	63.5815	26.3672	63.7326	26.3672	63.7996	26.3672	63.7981	26.3672	64.1544	26.3672	63.8886	26.3672	64.6457	26.3672	64.0513	26.3672	65.256	26.3672	64.3473	26.3672	65.9555	26.3672	64.8306	26.3672	66.7098	26.3672	65.5184	26.3672	67.4851	26.3672	66.3757	26.3672	68.2509	26.3672	67.3275	26.3672	68.9808	26.3672	68.288	26.3672	69.6511	26.3672	69.183	26.3672	70.2404	26.3672	69.9587	26.3672	70.7285	26.3672	70.5809	26.3672	71.0958	26.3672	71.0311	26.3672	71.3242	26.3672	71.3026	26.3672	71.3975
27.832	66.5965	27.832	66.5676	27.832	66.6517	27.832	66.5859	27.832	66.7183	27.832	66.6751	27.832	66.7905	27.832	66.8568	27.832	66.8742	27.832	67.1458	27.832	66.9892	27.832	67.5459	27.832	67.1688	27.832	68.0489	27.832	67.4552	27.832	68.6363	27.832	67.885	27.832	69.2833	27.832	68.4722	27.832	69.9622	27.832	69.196	27.832	70.6458	27.832	70.0048	27.832	71.3082	27.832	70.8325	27.832	71.9253	27.832	71.6158	27.832	72.4744	27.832	72.3036	27.832	72.9342	27.832	72.8604	27.832	73.2844	27.832	73.2643	27.832	73.5063	27.832	73.5058	27.832	73.5842
29.2969	69.1829	29.2969	69.1643	29.2969	69.2316	29.2969	69.1913	29.2969	69.2995	29.2969	69.2807	29.2969	69.3825	29.2969	69.4482	29.2969	69.4848	29.2969	69.7046	29.2969	69.6208	29.2969	70.0534	29.2969	69.8141	29.2969	70.4897	29.2969	70.0939	29.2969	71.0009	29.2969	70.4861	29.2969	71.5683	29.2969	71.0014	29.2969	72.17	29.2969	71.627	29.2969	72.7826	29.2969	72.3261	29.2969	73.3828	29.2969	73.0478	29.2969	73.9476	29.2969	73.7386	29.2969	74.4548	29.2969	74.3517	29.2969	74.8829	29.2969	74.8521	29.2969	75.2116	29.2969	75.2165	29.2969	75.4226	29.2969	75.4333	29.2969	75.5002
30.7617	71.5535	30.7617	71.5467	30.7617	71.5926	30.7617	71.5829	30.7617	71.6567	30.7617	71.6738	30.7617	71.7429	30.7617	71.8302	30.7617	71.8548	30.7617	72.06	30.7617	72.0027	30.7617	72.3662	30.7617	72.2033	30.7617	72.7461	30.7617	72.4767	30.7617	73.1912	30.7617	72.8406	30.7617	73.6881	30.7617	73.3023	30.7617	74.2196	30.7617	73.8523	30.7617	74.7663	30.7617	74.4636	30.7617	75.3077	30.7617	75.0963	30.7617	75.8223	30.7617	75.7059	30.7617	76.2887	30.7617	76.2511	30.7617	76.686	30.7617	76.6984	30.7617	76.994	30.7617	77.0247	30.7617	77.1945	30.7617	77.2172	30.7617	77.2724
32.2266	73.5922	32.2266	73.5875	32.2266	73.628	32.2266	73.6218	32.2266	73.6898	32.2266	73.7036	32.2266	73.7759	32.2266	73.8412	32.2266	73.8889	32.2266	74.0409	32.2266	74.0367	32.2266	74.3057	32.2266	74.2318	32.2266	74.6346	32.2266	74.4888	32.2266	75.0221	32.2266	74.8207	32.2266	75.4583	32.2266	75.2329	32.2266	75.9298	32.2266	75.7186	32.2266	76.4202	32.2266	76.2569	32.2266	76.9111	32.2266	76.8158	32.2266	77.3828	32.2266	77.3571	32.2266	77.8146	32.2266	77.8438	32.2266	78.186	32.2266	78.2446	32.2266	78.4771	32.2266	78.5366	32.2266	78.6699	32.2266	78.7064	32.2266	78.7496
33.6914	75.4578	33.6914	75.4498	33.6914	75.4969	33.6914	75.4783	33.6914	75.5632	33.6914	75.5498	33.6914	75.6557	33.6914	75.6705	33.6914	75.7763	33.6914	75.8452	33.6914	75.9306	33.6914	76.0767	33.6914	76.1271	33.6914	76.3646	33.6914	76.3756	33.6914	76.7054	33.6914	76.6845	33.6914	77.0916	33.6914	77.0572	33.6914	77.5124	33.6914	77.4879	33.6914	77.9543	33.6914	77.9604	33.6914	78.4008	33.6914	78.4494	33.6914	78.834	33.6914	78.9235	33.6914	79.2344	33.6914	79.3506	33.6914	79.5824	33.6914	79.7022	33.6914	79.8587	33.6914	79.9568	33.6914	80.0458	33.6914	80.1009	33.6914	80.1296
35.1562	77.0523	35.1562	77.0405	35.1562	77.0949	35.1562	77.0635	35.1562	77.1651	35.1562	77.1261	35.1562	77.262	35.1562	77.233	35.1562	77.3866	35.1562	77.3881	35.1562	77.5424	35.1562	77.5934	35.1562	77.7353	35.1562	77.8491	35.1562	77.9717	35.1562	78.1522	35.1562	78.2573	35.1562	78.4973	35.1562	78.594	35.1562	78.8756	35.1562	78.9775	35.1562	79.2754	35.1562	79.395	35.1562	79.6825	35.1562	79.8262	35.1562	80.0805	35.1562	80.2448	35.1562	80.4514	35.1562	80.6228	35.1562	80.7763	35.1562	80.9342	35.1562	81.0369	35.1562	81.1586	35.1562	81.2164	35.1562	81.2827	35.1562	81.3012
36.6211	78.4464	36.6211	78.4323	36.6211	78.4907	36.6211	78.4517	36.6211	78.563	36.6211	78.508	36.6211	78.6622	36.6211	78.6047	36.6211	78.7889	36.6211	78.7446	36.6211	78.9451	36.6211	78.9294	36.6211	79.1346	36.6211	79.159	36.6211	79.3614	36.6211	79.4315	36.6211	79.629	36.6211	79.7423	36.6211	79.9383	36.6211	80.0844	36.6211	80.285	36.6211	80.4479	36.6211	80.6591	36.6211	80.8205	36.6211	81.0434	36.6211	81.1872	36.6211	81.4158	36.6211	81.5315	36.6211	81.7519	36.6211	81.8357	36.6211	82.0283	36.6211	82.0822	36.6211	82.2258	36.6211	82.2549	36.6211	82.3317	36.6211	82.3408
38.0859	79.7371	38.0859	79.7198	38.0859	79.7841	38.0859	79.7346	38.0859	79.8592	38.0859	79.784	38.0859	79.9612	38.0859	79.8702	38.0859	80.0902	38.0859	79.9952	38.0859	80.2471	38.0859	80.1603	38.0859	80.4336	38.0859	80.3654	38.0859	80.6519	38.0859	80.6089	38.0859	80.9033	38.0859	80.8875	38.0859	81.1876	38.0859	81.1953	38.0859	81.5008	38.0859	81.5242	38.0859	81.8344	38.0859	81.8635	38.0859	82.1743	38.0859	82.2001	38.0859	82.502	38.0859	82.5187	38.0859	82.7966	38.0859	82.8029	38.0859	83.0373	38.0859	83.0362	38.0859	83.2068	38.0859	83.2031	38.0859	83.2932	38.0859	83.2914
39.5508	81.0329	39.5508	81.013	39.5508	81.082	39.5508	81.0238	39.5508	81.1591	39.5508	81.0671	39.5508	81.2632	39.5508	81.1444	39.5508	81.3936	39.5508	81.2572	39.5508	81.5503	39.5508	81.4063	39.5508	81.7335	39.5508	81.5919	39.5508	81.9436	39.5508	81.813	39.5508	82.1805	39.5508	82.067	39.5508	82.4432	39.5508	82.3494	39.5508	82.7283	39.5508	82.6532	39.5508	83.0289	39.5508	82.9691	39.5508	83.3341	39.5508	83.285	39.5508	83.6284	39.5508	83.5864	39.5508	83.8937	39.5508	83.8575	39.5508	84.111	39.5508	84.0818	39.5508	84.2635	39.5508	84.2442	39.5508	84.3393	39.5508	84.3324
41.0156	81.847	41.0156	81.8274	41.0156	81.8943	41.0156	81.8366	41.0156	81.968	41.0156	81.8759	41.0156	82.067	41.0156	81.9464	41.0156	82.1903	41.0156	82.0491	41.0156	82.3372	41.0156	82.1846	41.0156	82.5072	41.0156	82.3529	41.0156	82.6998	41.0156	82.5532	41.0156	82.9148	41.0156	82.7832	41.0156	83.1509	41.0156	83.0392	41.0156	83.4056	41.0156	83.3152	41.0156	83.6736	41.0156	83.6028	41.0156	83.9461	41.0156	83.8913	41.0156	84.2102	41.0156	84.1673	41.0156	84.4498	41.0156	84.4161	41.0156	84.6475	41.0156	84.6223	41.0156	84.7875	41.0156	84.7714	41.0156	84.8576	41.0156	84.8521
42.4805	82.8146	42.4805	82.7896	42.4805	82.867	42.4805	82.7928	42.4805	82.946	42.4805	82.8249	42.4805	83.0505	42.4805	82.8864	42.4805	83.1791	42.4805	82.9777	42.4805	83.3305	42.4805	83.0989	42.4805	83.5032	42.4805	83.25	42.4805	83.6955	42.4805	83.4301	42.4805	83.9056	42.4805	83.6376	42.4805	84.1312	42.4805	83.8695	42.4805	84.3689	42.4805	84.1211	42.4805	84.6135	42.4805	84.3853	42.4805	84.8568	42.4805	84.6529	42.4805	85.088	42.4805	84.9121	42.4805	85.2933	42.4805	85.1495	42.4805	85.458	42.4805	85.3506	42.4805	85.5686	42.4805	85.5019	42.4805	85.6149	42.4805	85.5923
43.9453	83.4285	43.9453	83.3979	43.9453	83.4855	43.9453	83.3943	43.9453	83.5681	43.9453	83.4182	43.9453	83.6749	43.9453	83.4696	43.9453	83.8043	43.9453	83.5486	43.9453	83.9542	43.9453	83.6553	43.9453	84.1224	43.9453	83.7894	43.9453	84.3064	43.9453	83.9502	43.9453	84.5038	43.9453	84.1363	43.9453	84.7117	43.9453	84.3454	43.9453	84.9268	43.9453	84.5736	43.9453	85.1444	43.9453	84.815	43.9453	85.3579	43.9453	85.0613	43.9453	85.5582	43.9453	85.3022	43.9453	85.7336	43.9453	85.5253	43.9453	85.8716	43.9453	85.7171	43.9453	85.9602	43.9453	85.865	43.9453	85.9905	43.9453	85.9583
45.4102	83.8953	45.4102	83.8614	45.4102	83.9549	45.4102	83.8536	45.4102	84.0393	45.4102	83.8719	45.4102	84.1471	45.4102	83.9162	45.4102	84.2763	45.4102	83.9861	45.4102	84.4245	45.4102	84.0815	45.4102	84.5887	45.4102	84.2018	45.4102	84.7658	45.4102	84.3464	45.4102	84.9526	45.4102	84.5143	45.4102	85.1459	45.4102	84.7033	45.4102	85.3422	45.4102	84.9105	45.4102	85.5371	45.4102	85.1307	45.4102	85.7252	45.4102	85.357	45.4102	85.8987	45.4102	85.5801	45.4102	86.0481	45.4102	85.7887	45.4102	86.1627	45.4102	85.9707	45.4102	86.2321	45.4102	86.114	45.4102	86.2486	45.4102	86.2088
46.875	84.2201	46.875	84.1824	46.875	84.2826	46.875	84.1697	46.875	84.369	46.875	84.1819	46.875	84.4777	46.875	84.2187	46.875	84.6065	46.875	84.2795	46.875	84.7525	46.875	84.3638	46.875	84.9123	46.875	84.4709	46.875	85.0824	46.875	84.6002	46.875	85.2591	46.875	84.7507	46.875	85.4387	46.875	84.921	46.875	85.6176	46.875	85.1083	46.875	85.7918	46.875	85.3087	46.875	85.9565	46.875	85.5162	46.875	86.1053	46.875	85.7226	46.875	86.2302	46.875	85.9179	46.875	86.3223	46.875	86.091	46.875	86.373	46.875	86.2307	46.875	86.3757	46.875	86.3277
48.3398	84.4587	48.3398	84.418	48.3398	84.5228	48.3398	84.401	48.3398	84.6097	48.3398	84.4072	48.3398	84.7176	48.3398	84.4362	48.3398	84.8442	48.3398	84.4872	48.3398	84.9865	48.3398	84.5594	48.3398	85.1406	48.3398	84.6522	48.3398	85.3027	48.3398	84.7649	48.3398	85.4685	48.3398	84.897	48.3398	85.634	48.3398	85.0472	48.3398	85.7956	48.3398	85.2137	48.3398	85.9494	48.3398	85.3932	48.3398	86.091	48.3398	85.581	48.3398	86.2155	48.3398	85.7701	48.3398	86.3162	48.3398	85.9517	48.3398	86.3861	48.3398	86.1156	48.3398	86.418	48.3398	86.2515	48.3398	86.4068	48.3398	86.3506
51.2695	84.6612	51.2695	84.6112	51.2695	84.733	51.2695	84.5833	51.2695	84.8257	51.2695	84.5771	51.2695	84.9373	51.2695	84.5917	51.2695	85.065	51.2695	84.6263	51.2695	85.2051	51.2695	84.6799	51.2695	85.3533	51.2695	84.7517	51.2695	85.5049	51.2695	84.8411	51.2695	85.6552	51.2695	84.9476	51.2695	85.7999	51.2695	85.0703	51.2695	85.9348	51.2695	85.2084	51.2695	86.0567	51.2695	85.3596	51.2695	86.1622	51.2695	85.5205	51.2695	86.2479	51.2695	85.6861	51.2695	86.3098	51.2695	85.8491	51.2695	86.3434	51.2695	86.0013	51.2695	86.3443	51.2695	86.1337	51.2695	86.3094	51.2695	86.2384
52.7344	84.662	52.7344	84.611	52.7344	84.7355	52.7344	84.5828	52.7344	84.8303	52.7344	84.5768	52.7344	84.9443	52.7344	84.5921	52.7344	85.0744	52.7344	84.6274	52.7344	85.2168	52.7344	84.6816	52.7344	85.3668	52.7344	84.7534	52.7344	85.5194	52.7344	84.8417	52.7344	85.6696	52.7344	84.9457	52.7344	85.8127	52.7344	85.0646	52.7344	85.9444	52.7344	85.1971	52.7344	86.061	52.7344	85.3415	52.7344	86.1593	52.7344	85.4949	52.7344	86.2363	52.7344	85.6528	52.7344	86.2886	52.7344	85.809	52.7344	86.3128	52.7344	85.9559	52.7344	86.3055	52.7344	86.0855	52.7344	86.2646	52.7344	86.1903
54.1992	84.7462	54.1992	84.6997	54.1992	84.8153	54.1992	84.6757	54.1992	84.9061	54.1992	84.6734	54.1992	85.0167	54.1992	84.6914	54.1992	85.144	54.1992	84.7281	54.1992	85.2841	54.1992	84.7817	54.1992	85.4321	54.1992	84.8507	54.1992	85.5827	54.1992	84.9337	54.1992	85.7304	54.1992	85.0296	54.1992	85.8698	54.1992	85.1378	54.1992	85.9962	54.1992	85.2573	54.1992	86.1055	54.1992	85.3869	54.1992	86.1944	54.1992	85.5247	54.1992	86.2602	54.1992	85.6673	54.1992	86.3005	54.1992	85.8098	54.1992	86.313	54.1992	85.946	54.1992	86.2958	54.1992	86.0688	54.1992	86.2482	54.1992	86.1714
55.6641	84.8515	55.6641	84.8029	55.6641	84.9203	55.6641	84.7745	55.6641	85.0087	55.6641	84.7654	55.6641	85.1149	55.6641	84.7741	55.6641	85.2359	55.6641	84.799	55.6641	85.3679	55.6641	84.8383	55.6641	85.506	55.6641	84.8907	55.6641	85.6448	55.6641	84.955	55.6641	85.7787	55.6641	85.0305	55.6641	85.9022	55.6641	85.1168	55.6641	86.0103	55.6641	85.2137	55.6641	86.0991	55.6641	85.3209	55.6641	86.1658	55.6641	85.4374	55.6641	86.2084	55.6641	85.561	55.6641	86.2256	55.6641	85.6881	55.6641	86.2166	55.6641	85.8137	55.6641	86.1812	55.6641	85.9316	55.6641	86.1201	55.6641	86.0356
58.5938	84.9941	58.5938	84.9319	58.5938	85.0727	58.5938	84.8864	58.5938	85.1666	58.5938	84.8569	58.5938	85.2737	58.5938	84.8422	58.5938	85.3906	58.5938	84.841	58.5938	85.5133	58.5938	84.8516	58.5938	85.6365	58.5938	84.8728	58.5938	85.7549	58.5938	84.9036	58.5938	85.8626	58.5938	84.9435	58.5938	85.9544	58.5938	84.9928	58.5938	86.0257	58.5938	85.052	58.5938	86.0729	58.5938	85.122	58.5938	86.0943	58.5938	85.2035	58.5938	86.0893	58.5938	85.2965	58.5938	86.0589	58.5938	85.3996	58.5938	86.0051	58.5938	85.51	58.5938	85.9307	58.5938	85.6237	58.5938	85.8393	58.5938	85.7353
60.0586	85.069	60.0586	85.0009	60.0586	85.1528	60.0586	84.9488	60.0586	85.251	60.0586	84.9122	60.0586	85.361	60.0586	84.8897	60.0586	85.4791	60.0586	84.8796	60.0586	85.6005	60.0586	84.8803	60.0586	85.7198	60.0586	84.8903	60.0586	85.8314	60.0586	84.9085	60.0586	85.9292	60.0586	84.9347	60.0586	86.0081	60.0586	84.9692	60.0586	86.0636	60.0586	85.0131	60.0586	86.0925	60.0586	85.0677	60.0586	86.0934	60.0586	85.1345	60.0586	86.0669	60.0586	85.2142	60.0586	86.0151	60.0586	85.3067	60.0586	85.9414	60.0586	85.41	60.0586	85.8503	60.0586	85.5209	60.0586	85.7463	60.0586	85.6348
62.9883	85.1339	62.9883	85.0686	62.9883	85.2172	62.9883	85.0216	62.9883	85.3172	62.9883	84.9922	62.9883	85.4313	62.9883	84.9789	62.9883	85.5557	62.9883	84.9797	62.9883	85.6856	62.9883	84.9923	62.9883	85.8155	62.9883	85.0147	62.9883	85.939	62.9883	85.0451	62.9883	86.0498	62.9883	85.0825	62.9883	86.1416	62.9883	85.1265	62.9883	86.2092	62.9883	85.1777	62.9883	86.2486	62.9883	85.2372	62.9883	86.2579	62.9883	85.3066	62.9883	86.2372	62.9883	85.3871	62.9883	86.1886	62.9883	85.4792	62.9883	86.116	62.9883	85.5818	62.9883	86.0243	62.9883	85.6924	62.9883	85.9192	62.9883	85.8066
64.4531	85.2251	64.4531	85.1559	64.4531	85.3114	64.4531	85.104	64.4531	85.4134	64.4531	85.0688	64.4531	85.5285	64.4531	85.0487	64.4531	85.6528	64.4531	85.0416	64.4531	85.7815	64.4531	85.0455	64.4531	85.9088	64.4531	85.0583	64.4531	86.0284	64.4531	85.0782	64.4531	86.1339	64.4531	85.1045	64.4531	86.2188	64.4531	85.1369	64.4531	86.2779	64.4531	85.1764	64.4531	86.3071	64.4531	85.2245	64.4531	86.3044	64.4531	85.2835	64.4531	86.2699	64.4531	85.3554	64.4531	86.2065	64.4531	85.4414	64.4531	86.1186	64.4531	85.5414	64.4531	86.0125	64.4531	85.6532	64.4531	85.8949	64.4531	85.7729
67.3828	85.3024	67.3828	85.2244	67.3828	85.3963	67.3828	85.1627	67.3828	85.504	67.3828	85.1172	67.3828	85.6228	67.3828	85.0864	67.3828	85.7487	67.3828	85.0687	67.3828	85.8768	67.3828	85.0618	67.3828	86.0015	67.3828	85.0637	67.3828	86.1167	67.3828	85.0725	67.3828	86.216	67.3828	85.0873	67.3828	86.2931	67.3828	85.108	67.3828	86.3423	67.3828	85.1355	67.3828	86.3592	67.3828	85.1719	67.3828	86.3415	67.3828	85.2198	67.3828	86.2895	67.3828	85.2824	67.3828	86.2063	67.3828	85.3619	67.3828	86.0978	67.3828	85.4594	67.3828	85.9717	67.3828	85.5738	67.3828	85.8367	67.3828	85.7015
68.8477	85.3592	68.8477	85.2792	68.8477	85.454	68.8477	85.2148	68.8477	85.5619	68.8477	85.1658	68.8477	85.68	68.8477	85.1311	68.8477	85.8042	68.8477	85.1089	68.8477	85.9301	68.8477	85.0971	68.8477	86.052	68.8477	85.0936	68.8477	86.164	68.8477	85.0967	68.8477	86.2597	68.8477	85.1053	68.8477	86.3328	68.8477	85.1195	68.8477	86.3773	68.8477	85.1402	68.8477	86.3887	68.8477	85.1696	68.8477	86.3644	68.8477	85.2109	68.8477	86.3048	68.8477	85.2674	68.8477	86.2133	68.8477	85.3421	68.8477	86.0961	68.8477	85.4367	68.8477	85.9619	68.8477	85.5505	68.8477	85.8201	68.8477	85.6803
71.7773	85.5185	71.7773	85.4387	71.7773	85.6114	71.7773	85.3727	71.7773	85.7154	71.7773	85.3205	71.7773	85.8279	71.7773	85.281	71.7773	85.9451	71.7773	85.2525	71.7773	86.0627	71.7773	85.2329	71.7773	86.1755	71.7773	85.2201	71.7773	86.2777	71.7773	85.2124	71.7773	86.3633	71.7773	85.2087	71.7773	86.4258	71.7773	85.2089	71.7773	86.4593	71.7773	85.2144	71.7773	86.4589	71.7773	85.2277	71.7773	86.4219	71.7773	85.2525	71.7773	86.3486	71.7773	85.2931	71.7773	86.243	71.7773	85.3537	71.7773	86.1124	71.7773	85.4373	71.7773	85.9665	71.7773	85.5445	71.7773	85.8165	71.7773	85.6729
74.707	85.6346	74.707	85.5525	74.707	85.7291	74.707	85.4838	74.707	85.834	74.707	85.4284	74.707	85.9464	74.707	85.3852	74.707	86.0624	74.707	85.3526	74.707	86.1778	74.707	85.3284	74.707	86.2873	74.707	85.3102	74.707	86.3853	74.707	85.296	74.707	86.4656	74.707	85.2848	74.707	86.5217	74.707	85.2762	74.707	86.5475	74.707	85.2716	74.707	86.538	74.707	85.2739	74.707	86.4904	74.707	85.2872	74.707	86.4051	74.707	85.3167	74.707	86.2866	74.707	85.3677	74.707	86.143	74.707	85.4443	74.707	85.9854	74.707	85.5481	74.707	85.8263	74.707	85.6774
77.6367	85.7076	77.6367	85.6205	77.6367	85.8062	77.6367	85.5462	77.6367	85.9141	77.6367	85.4849	77.6367	86.028	77.6367	85.4358	77.6367	86.1443	77.6367	85.3971	77.6367	86.2582	77.6367	85.3667	77.6367	86.365	77.6367	85.342	77.6367	86.4589	77.6367	85.3212	77.6367	86.534	77.6367	85.3026	77.6367	86.5838	77.6367	85.2863	77.6367	86.6022	77.6367	85.2733	77.6367	86.5841	77.6367	85.2669	77.6367	86.5264	77.6367	85.2716	77.6367	86.4297	77.6367	85.2933	77.6367	86.2987	77.6367	85.338	77.6367	86.1422	77.6367	85.4109	77.6367	85.9726	77.6367	85.5144	77.6367	85.8032	77.6367	85.6472
79.1016	85.7745	79.1016	85.6853	79.1016	85.874	79.1016	85.608	79.1016	85.9816	79.1016	85.5429	79.1016	86.0941	79.1016	85.4893	79.1016	86.2076	79.1016	85.4456	79.1016	86.3178	79.1016	85.4097	79.1016	86.4198	79.1016	85.3793	79.1016	86.5083	79.1016	85.3523	79.1016	86.5775	79.1016	85.3274	79.1016	86.6212	79.1016	85.3044	79.1016	86.6333	79.1016	85.2848	79.1016	86.6086	79.1016	85.2718	79.1016	86.5443	79.1016	85.2701	79.1016	86.4408	79.1016	85.2861	79.1016	86.303	79.1016	85.3263	79.1016	86.14	79.1016	85.396	79.1016	85.9646	79.1016	85.4983	79.1016	85.7907	79.1016	85.6318
82.0312	85.9256	82.0312	85.8327	82.0312	86.0274	82.0312	85.7505	82.0312	86.1356	82.0312	85.6797	82.0312	86.2468	82.0312	85.6198	82.0312	86.3573	82.0312	85.5695	82.0312	86.4629	82.0312	85.5267	82.0312	86.5589	82.0312	85.4892	82.0312	86.6404	82.0312	85.455	82.0312	86.7017	82.0312	85.4226	82.0312	86.7369	82.0312	85.3919	82.0312	86.74	82.0312	85.3642	82.0312	86.706	82.0312	85.3428	82.0312	86.6319	82.0312	85.3329	82.0312	86.5183	82.0312	85.3411	82.0312	86.3705	82.0312	85.3743	82.0312	86.198	82.0312	85.4389	82.0312	86.0144	82.0312	85.5385	82.0312	85.8344	82.0312	85.6722
84.9609	86.0004	84.9609	85.9023	84.9609	86.104	84.9609	85.8119	84.9609	86.2105	84.9609	85.7301	84.9609	86.3166	84.9609	85.6569	84.9609	86.4185	84.9609	85.5913	84.9609	86.5124	84.9609	85.5317	84.9609	86.5941	84.9609	85.4761	84.9609	86.6589	84.9609	85.4225	84.9609	86.7019	84.9609	85.37	84.9609	86.7174	84.9609	85.3186	84.9609	86.6999	84.9609	85.27	84.9609	86.6444	84.9609	85.2281	84.9609	86.5484	84.9609	85.1985	84.9609	86.4129	84.9609	85.189	84.9609	86.2439	84.9609	85.2076	84.9609	86.0519	84.9609	85.2617	84.9609	85.8517	84.9609	85.356	84.9609	85.6596	84.9609	85.4906
87.8906	85.9644	87.8906	85.8676	87.8906	86.0714	87.8906	85.7827	87.8906	86.1858	87.8906	85.7103	87.8906	86.3043	87.8906	85.6498	87.8906	86.4228	87.8906	85.5995	87.8906	86.5369	87.8906	85.5569	87.8906	86.6417	87.8906	85.5191	87.8906	86.7316	87.8906	85.4836	87.8906	86.8004	87.8906	85.4484	87.8906	86.841	87.8906	85.413	87.8906	86.8462	87.8906	85.3787	87.8906	86.8098	87.8906	85.3492	87.8906	86.7281	87.8906	85.3303	87.8906	86.6016	87.8906	85.3299	87.8906	86.4361	87.8906	85.3565	87.8906	86.2432	87.8906	85.4184	87.8906	86.0385	87.8906	85.5204	87.8906	85.8396	87.8906	85.6629
90.8203	85.8827	90.8203	85.7801	90.8203	85.9921	90.8203	85.687	90.8203	86.1048	90.8203	85.6055	90.8203	86.2172	90.8203	85.5362	90.8203	86.3259	90.8203	85.4789	90.8203	86.4278	90.8203	85.4321	90.8203	86.5197	90.8203	85.3937	90.8203	86.5981	90.8203	85.3614	90.8203	86.6589	90.8203	85.3333	90.8203	86.6968	90.8203	85.3087	90.8203	86.7057	90.8203	85.2884	90.8203	86.6797	90.8203	85.2751	90.8203	86.6142	90.8203	85.2736	90.8203	86.508	90.8203	85.2903	90.8203	86.365	90.8203	85.332	90.8203	86.194	90.8203	85.4051	90.8203	86.0083	90.8203	85.5129	90.8203	85.8236	90.8203	85.6545
95.2148	86.0774	95.2148	85.9673	95.2148	86.1893	95.2148	85.8618	95.2148	86.2996	95.2148	85.7627	95.2148	86.4045	95.2148	85.6707	95.2148	86.5002	95.2148	85.5852	95.2148	86.583	95.2148	85.5047	95.2148	86.6495	95.2148	85.4271	95.2148	86.6957	95.2148	85.3503	95.2148	86.7175	95.2148	85.2729	95.2148	86.7095	95.2148	85.195	95.2148	86.6663	95.2148	85.1183	95.2148	86.5827	95.2148	85.0473	95.2148	86.4556	95.2148	84.9891	95.2148	86.2862	95.2148	84.9529	95.2148	86.0813	95.2148	84.9493	95.2148	85.8537	95.2148	84.9884	95.2148	85.621	95.2148	85.0773	95.2148	85.4029	95.2148	85.2173
98.1445	85.8818	98.1445	85.7734	98.1445	85.9946	98.1445	85.6723	98.1445	86.1083	98.1445	85.5806	98.1445	86.2192	98.1445	85.499	98.1445	86.3238	98.1445	85.4271	98.1445	86.4187	98.1445	85.3634	98.1445	86.5008	98.1445	85.3057	98.1445	86.5665	98.1445	85.2514	98.1445	86.6113	98.1445	85.199	98.1445	86.6297	98.1445	85.1478	98.1445	86.6152	98.1445	85.0991	98.1445	86.5617	98.1445	85.0564	98.1445	86.465	98.1445	85.0257	98.1445	86.3247	98.1445	85.015	98.1445	86.1462	98.1445	85.0337	98.1445	85.941	98.1445	85.0903	98.1445	85.7253	98.1445	85.1906	98.1445	85.5175	98.1445	85.3351
101.074	85.6335	101.074	85.5161	101.074	85.7529	101.074	85.4045	101.074	85.8702	101.074	85.302	101.074	85.9817	101.074	85.2106	101.074	86.0842	101.074	85.1309	101.074	86.1755	101.074	85.0626	101.074	86.254	101.074	85.0042	101.074	86.3179	101.074	84.9539	101.074	86.3646	101.074	84.9105	101.074	86.3898	101.074	84.8733	101.074	86.3879	101.074	84.8435	101.074	86.3522	101.074	84.824	101.074	86.2774	101.074	84.8195	101.074	86.1611	101.074	84.8366	101.074	86.0062	101.074	84.8824	101.074	85.8215	101.074	84.9628	101.074	85.6207	101.074	85.0812	101.074	85.4202	101.074	85.2361
105.469	85.7992	105.469	85.6805	105.469	85.9116	105.469	85.5596	105.469	86.0135	105.469	85.4403	105.469	86.1014	105.469	85.3255	105.469	86.1728	105.469	85.2167	105.469	86.2263	105.469	85.1145	105.469	86.2614	105.469	85.0183	105.469	86.2778	105.469	84.9272	105.469	86.2748	105.469	84.8407	105.469	86.2499	105.469	84.7593	105.469	86.1993	105.469	84.685	105.469	86.1182	105.469	84.6218	105.469	86.0022	105.469	84.576	105.469	85.8505	105.469	84.5553	105.469	85.6669	105.469	84.5679	105.469	85.4609	105.469	84.6213	105.469	85.247	105.469	84.7196	105.469	85.042	105.469	84.8621
108.398	85.9148	108.398	85.7995	108.398	86.0214	108.398	85.6798	108.398	86.1153	108.398	85.5593	108.398	86.1927	108.398	85.4409	108.398	86.2513	108.398	85.3263	108.398	86.2896	108.398	85.2159	108.398	86.3072	108.398	85.1092	108.398	86.3042	108.398	85.0055	108.398	86.2804	108.398	84.9043	108.398	86.2343	108.398	84.8063	108.398	86.1628	108.398	84.7137	108.398	86.0618	108.398	84.6311	108.398	85.9282	108.398	84.565	108.398	85.7616	108.398	84.5238	108.398	85.5666	108.398	84.5167	108.398	85.3537	108.398	84.5517	108.398	85.1378	108.398	84.6341	108.398	84.936	108.398	84.7642
112.793	85.9641	112.793	85.843	112.793	86.0762	112.793	85.7173	112.793	86.1748	112.793	85.5908	112.793	86.2559	112.793	85.4661	112.793	86.3165	112.793	85.3447	112.793	86.3545	112.793	85.2265	112.793	86.3691	112.793	85.1107	112.793	86.36	112.793	84.9963	112.793	86.3265	112.793	84.8826	112.793	86.267	112.793	84.7703	112.793	86.1786	112.793	84.6618	112.793	86.0575	112.793	84.5622	112.793	85.9012	112.793	84.4789	112.793	85.7106	112.793	84.4215	112.793	85.4919	112.793	84.4002	112.793	85.2572	112.793	84.4245	112.793	85.0233	112.793	84.5009	112.793	84.8089	112.793	84.6308
117.188	85.9276	117.188	85.8033	117.188	86.0414	117.188	85.6735	117.188	86.1401	117.188	85.5423	117.188	86.2192	117.188	85.4125	117.188	86.2755	117.188	85.2857	117.188	86.3072	117.188	85.1619	117.188	86.3133	117.188	85.0399	117.188	86.294	117.188	84.9184	117.188	86.2488	117.188	84.7964	117.188	86.1766	117.188	84.6745	117.188	86.0745	117.188	84.5551	117.188	85.9392	117.188	84.4433	117.188	85.7687	117.188	84.3472	117.188	85.5643	117.188	84.2767	117.188	85.3329	117.188	84.2431	117.188	85.0877	117.188	84.2568	117.188	84.8464	117.188	84.3252	117.188	84.6283	117.188	84.4507
120.117	85.8507	120.117	85.7254	120.117	85.9665	120.117	85.5959	120.117	86.0678	120.117	85.4666	120.117	86.1501	120.117	85.3406	120.117	86.2102	120.117	85.2197	120.117	86.2462	120.117	85.1039	120.117	86.2573	120.117	84.9918	120.117	86.2434	120.117	84.8818	120.117	86.2042	120.117	84.7723	120.117	86.1381	120.117	84.6632	120.117	86.0422	120.117	84.5563	120.117	85.9129	120.117	84.4559	120.117	85.7482	120.117	84.3691	120.117	85.5496	120.117	84.3053	120.117	85.3245	120.117	84.2751	120.117	85.0863	120.117	84.2887	120.117	84.8529	120.117	84.3538	120.117	84.643	120.117	84.4731
124.512	85.6828	124.512	85.5475	124.512	85.809	124.512	85.4088	124.512	85.9205	124.512	85.272	124.512	86.0126	124.512	85.1411	124.512	86.0823	124.512	85.0183	124.512	86.1278	124.512	84.9043	124.512	86.1489	124.512	84.7979	124.512	86.146	124.512	84.6974	124.512	86.1189	124.512	84.6012	124.512	86.0661	124.512	84.5085	124.512	85.9842	124.512	84.4206	124.512	85.8689	124.512	84.3412	124.512	85.717	124.512	84.2764	124.512	85.5294	124.512	84.2344	124.512	85.3128	124.512	84.2246	124.512	85.0803	124.512	84.2558	124.512	84.8494	124.512	84.3347	124.512	84.6385	124.512	84.4635
128.906	85.6254	128.906	85.4789	128.906	85.7589	128.906	85.3258	128.906	85.8733	128.906	85.1725	128.906	85.9639	128.906	85.0241	128.906	86.0277	128.906	84.8841	128.906	86.0638	128.906	84.7539	128.906	86.0731	128.906	84.6335	128.906	86.0571	128.906	84.5216	128.906	86.0171	128.906	84.417	128.906	85.9526	128.906	84.3193	128.906	85.8608	128.906	84.2298	128.906	85.7377	128.906	84.1521	128.906	85.58	128.906	84.0918	128.906	85.3884	128.906	84.0566	128.906	85.1693	128.906	84.0548	128.906	84.9353	128.906	84.0938	128.906	84.7032	128.906	84.1794	128.906	84.4908	128.906	84.3129
133.301	85.5419	133.301	85.3912	133.301	85.6748	133.301	85.2293	133.301	85.7843	133.301	85.0624	133.301	85.8662	133.301	84.8961	133.301	85.9183	133.301	84.7345	133.301	85.9405	133.301	84.5801	133.301	85.9342	133.301	84.4338	133.301	85.902	133.301	84.2957	133.301	85.8456	133.301	84.1658	133.301	85.765	133.301	84.0448	133.301	85.6574	133.301	83.9353	133.301	85.5183	133.301	83.8415	133.301	85.3443	133.301	83.7696	133.301	85.1358	133.301	83.7272	133.301	84.8997	133.301	83.7223	133.301	84.6492	133.301	83.7618	133.301	84.4025	133.301	83.8509	133.301	84.1779	133.301	83.9908
139.16	85.3514	139.16	85.1904	139.16	85.4927	139.16	85.0167	139.16	85.6078	139.16	84.8373	139.16	85.6917	139.16	84.6582	139.16	85.7412	139.16	84.4836	139.16	85.7556	139.16	84.316	139.16	85.7364	139.16	84.1565	139.16	85.6867	139.16	84.005	139.16	85.61	139.16	83.8618	139.16	85.5085	139.16	83.7281	139.16	85.3819	139.16	83.607	139.16	85.2281	139.16	83.504	139.16	85.0445	139.16	83.4266	139.16	84.8315	139.16	83.383	139.16	84.5945	139.16	83.3815	139.16	84.3446	139.16	83.4283	139.16	84.0974	139.16	83.5267	139.16	83.8694	139.16	83.6757
143.555	85.2224	143.555	85.0554	143.555	85.3684	143.555	84.8752	143.555	85.4867	143.555	84.6894	143.555	85.5724	143.555	84.5047	143.555	85.6229	143.555	84.3261	143.555	85.6378	143.555	84.1564	143.555	85.6189	143.555	83.9966	143.555	85.569	143.555	83.8463	143.555	85.4901	143.555	83.7049	143.555	85.3826	143.555	83.5728	143.555	85.2445	143.555	83.452	143.555	85.0729	143.555	83.3469	143.555	84.8663	143.555	83.264	143.555	84.628	143.555	83.211	143.555	84.3676	143.555	83.1959	143.555	84.1007	143.555	83.226	143.555	83.846	143.555	83.3062	143.555	83.6209	143.555	83.4385
147.949	85.0228	147.949	84.8611	147.949	85.1623	147.949	84.6845	147.949	85.2738	147.949	84.5009	147.949	85.3533	147.949	84.3173	147.949	85.3997	147.949	84.1392	147.949	85.4144	147.949	83.9705	147.949	85.4009	147.949	83.8128	147.949	85.3638	147.949	83.6666	147.949	85.3059	147.949	83.532	147.949	85.2275	147.949	83.41	147.949	85.1245	147.949	83.3031	147.949	84.9906	147.949	83.2156	147.949	84.8204	147.949	83.1537	147.949	84.6131	147.949	83.1244	147.949	84.3754	147.949	83.1343	147.949	84.1214	147.949	83.1889	147.949	83.8695	147.949	83.2916	147.949	83.6383	147.949	83.4426
153.809	84.9481	153.809	84.7644	153.809	85.104	153.809	84.5612	153.809	85.2251	153.809	84.3473	153.809	85.3069	153.809	84.131	153.809	85.3477	153.809	83.9191	153.809	85.3489	153.809	83.7166	153.809	85.3147	153.809	83.5267	153.809	85.2512	153.809	83.351	153.809	85.1636	153.809	83.1911	153.809	85.0547	153.809	83.0492	153.809	84.9231	153.809	82.9288	153.809	84.7641	153.809	82.8351	153.809	84.5732	153.809	82.7744	153.809	84.3497	153.809	82.7528	153.809	84.0997	153.809	82.7756	153.809	83.8361	153.809	82.8457	153.809	83.5759	153.809	82.964	153.809	83.3357	153.809	83.1289
159.668	85.0986	159.668	84.9229	159.668	85.2428	159.668	84.7232	159.668	85.3495	159.668	84.5079	159.668	85.4151	159.668	84.2852	159.668	85.4392	159.668	84.0624	159.668	85.4247	159.668	83.8453	159.668	85.3777	159.668	83.6384	159.668	85.3062	159.668	83.4452	159.668	85.2175	159.668	83.269	159.668	85.1158	159.668	83.1141	159.668	84.9997	159.668	82.9861	159.668	84.8632	159.668	82.8916	159.668	84.6987	159.668	82.8381	159.668	84.5017	159.668	82.8316	159.668	84.2744	159.668	82.8759	159.668	84.0259	159.668	82.9715	159.668	83.7708	159.668	83.1156	159.668	83.525	159.668	83.3029
165.527	85.1498	165.527	84.9754	165.527	85.2914	165.527	84.777	165.527	85.3924	165.527	84.5642	165.527	85.4473	165.527	84.3454	165.527	85.4542	165.527	84.1281	165.527	85.415	165.527	83.9178	165.527	85.336	165.527	83.7188	165.527	85.2267	165.527	83.5342	165.527	85.0978	165.527	83.3675	165.527	84.958	165.527	83.2229	165.527	84.8118	165.527	83.1061	165.527	84.6588	165.527	83.0234	165.527	84.4959	165.527	82.981	165.527	84.3208	165.527	82.9828	165.527	84.1343	165.527	83.0294	165.527	83.9412	165.527	83.1175	165.527	83.7484	165.527	83.2406	165.527	83.563	165.527	83.3915
171.387	85.076	171.387	84.8964	171.387	85.2172	171.387	84.6879	171.387	85.3125	171.387	84.4607	171.387	85.3574	171.387	84.2246	171.387	85.3508	171.387	83.988	171.387	85.2955	171.387	83.7572	171.387	85.1978	171.387	83.5369	171.387	85.0666	171.387	83.3305	171.387	84.9112	171.387	83.1419	171.387	84.7396	171.387	82.9761	171.387	84.556	171.387	82.8397	171.387	84.3624	171.387	82.7402	171.387	84.1597	171.387	82.6844	171.387	83.9513	171.387	82.6756	171.387	83.7432	171.387	82.7127	171.387	83.5428	171.387	82.7899	171.387	83.3559	171.387	82.899	171.387	83.1854	171.387	83.0325
177.246	84.925	177.246	84.7535	177.246	85.0546	177.246	84.5486	177.246	85.1359	177.246	84.3206	177.246	85.1657	177.246	84.0799	177.246	85.1448	177.246	83.836	177.246	85.0776	177.246	83.5969	177.246	84.9721	177.246	83.3689	177.246	84.8381	177.246	83.1568	177.246	84.6842	177.246	82.9648	177.246	84.5157	177.246	82.7977	177.246	84.3328	177.246	82.6611	177.246	84.1335	177.246	82.561	177.246	83.9177	177.246	82.5024	177.246	83.691	177.246	82.4875	177.246	83.4655	177.246	82.5141	177.246	83.2552	177.246	82.5761	177.246	83.0697	177.246	82.6658	177.246	82.9116	177.246	82.778
183.105	84.4996	183.105	84.3384	183.105	84.6202	183.105	84.1454	183.105	84.6931	183.105	83.9303	183.105	84.7143	183.105	83.7027	183.105	84.6842	183.105	83.471	183.105	84.6081	183.105	83.2421	183.105	84.4963	183.105	83.022	183.105	84.3624	183.105	82.816	183.105	84.2195	183.105	82.63	183.105	84.075	183.105	82.4707	183.105	83.9281	183.105	82.3457	183.105	83.7711	183.105	82.2618	183.105	83.5966	183.105	82.2228	183.105	83.4034	183.105	82.2279	183.105	83.2006	183.105	82.271	183.105	83.0033	183.105	82.343	183.105	82.8255	183.105	82.4357	183.105	82.6734	183.105	82.5451
188.965	84.7513	188.965	84.5372	188.965	84.9119	188.965	84.281	188.965	85.0098	188.965	83.9947	188.965	85.0384	188.965	83.6902	188.965	84.996	188.965	83.3788	188.965	84.8863	188.965	83.0705	188.965	84.7203	188.965	82.7748	188.965	84.5153	188.965	82.5013	188.965	84.2928	188.965	82.2607	188.965	84.0727	188.965	82.0648	188.965	83.8676	188.965	81.9258	188.965	83.6794	188.965	81.8533	188.965	83.5022	188.965	81.8505	188.965	83.3287	188.965	81.9121	188.965	83.1556	188.965	82.0245	188.965	82.9843	188.965	82.1691	188.965	82.8171	188.965	82.3287	188.965	82.6538	188.965	82.4916
196.289	84.7452	196.289	84.5611	196.289	84.8797	196.289	84.3384	196.289	84.9556	196.289	84.0891	196.289	84.9684	196.289	83.8241	196.289	84.9181	196.289	83.5517	196.289	84.8101	196.289	83.2773	196.289	84.6545	196.289	83.0039	196.289	84.4639	196.289	82.7335	196.289	84.2498	196.289	82.4697	196.289	84.0188	196.289	82.22	196.289	83.7711	196.289	81.9962	196.289	83.5035	196.289	81.8137	196.289	83.2158	196.289	81.6867	196.289	82.9173	196.289	81.6233	196.289	82.6274	196.289	81.6212	196.289	82.3689	196.289	81.6686	196.289	82.156	196.289	81.7506	196.289	81.9889	196.289	81.8571
203.613	84.8224	203.613	84.6105	203.613	84.9811	203.613	84.356	203.613	85.0778	203.613	84.0698	203.613	85.1057	203.613	83.7618	203.613	85.0613	203.613	83.4398	203.613	84.9453	203.613	83.1095	203.613	84.7635	203.613	82.7745	203.613	84.527	203.613	82.439	203.613	84.2506	203.613	82.1106	203.613	83.9496	203.613	81.8026	203.613	83.6367	203.613	81.535	203.613	83.3211	203.613	81.3315	203.613	83.0108	203.613	81.2127	203.613	82.7157	203.613	81.1871	203.613	82.4474	203.613	81.2456	203.613	82.2145	203.613	81.3646	203.613	82.0161	203.613	81.5156	203.613	81.8416	203.613	81.677
210.938	84.7004	210.938	84.5017	210.938	84.8449	210.938	84.2611	210.938	84.9254	210.938	83.9921	210.938	84.9361	210.938	83.7073	210.938	84.8767	210.938	83.417	210.938	84.7525	210.938	83.128	210.938	84.5755	210.938	82.8438	210.938	84.3615	210.938	82.5661	210.938	84.1263	210.938	82.2968	210.938	83.8804	210.938	82.0412	210.938	83.6248	210.938	81.8091	210.938	83.3541	210.938	81.6152	210.938	83.0643	210.938	81.4752	210.938	82.7611	210.938	81.4002	210.938	82.4629	210.938	81.3915	210.938	82.1931	210.938	81.439	210.938	81.9678	210.938	81.5273	210.938	81.788	210.938	81.6441
218.262	84.4285	218.262	84.2119	218.262	84.5912	218.262	83.9574	218.262	84.6872	218.262	83.6823	218.262	84.7093	218.262	83.4027	218.262	84.6568	218.262	83.1311	218.262	84.537	218.262	82.8743	218.262	84.3657	218.262	82.6341	218.262	84.1648	218.262	82.4094	218.262	83.9563	218.262	82.1995	218.262	83.7541	218.262	82.0077	218.262	83.5582	218.262	81.8426	218.262	83.3572	218.262	81.717	218.262	83.1386	218.262	81.6437	218.262	82.9012	218.262	81.6286	218.262	82.6586	218.262	81.6671	218.262	82.4332	218.262	81.7451	218.262	82.2422	218.262	81.846	218.262	82.0877	218.262	81.9595
225.586	84.6738	225.586	84.4129	225.586	84.8623	225.586	84.098	225.586	84.964	225.586	83.75	225.586	84.9702	225.586	83.3908	225.586	84.8784	225.586	83.0399	225.586	84.6944	225.586	82.7117	225.586	84.4344	225.586	82.4143	225.586	84.1257	225.586	82.1505	225.586	83.8025	225.586	81.921	225.586	83.4972	225.586	81.7287	225.586	83.2288	225.586	81.5813	225.586	82.9987	225.586	81.4908	225.586	82.7973	225.586	81.468	225.586	82.6168	225.586	81.5151	225.586	82.4585	225.586	81.6196	225.586	82.3275	225.586	81.7567	225.586	82.2217	225.586	81.8979	225.586	82.1266	225.586	82.0227
232.91	84.7624	232.91	84.4833	232.91	84.9617	232.91	84.1417	232.91	85.0684	232.91	83.7594	232.91	85.075	232.91	83.3603	232.91	84.98	232.91	82.968	232.91	84.7887	232.91	82.6013	232.91	84.5145	232.91	82.2716	232.91	84.1796	232.91	81.9815	232.91	83.8115	232.91	81.7279	232.91	83.4351	232.91	81.5068	232.91	83.064	232.91	81.3177	232.91	82.6979	232.91	81.1659	232.91	82.3313	232.91	81.0597	232.91	81.9699	232.91	81.0039	232.91	81.6392	232.91	80.9931	232.91	81.376	232.91	81.0112	232.91	81.2031	232.91	81.0389	232.91	81.1117	232.91	81.0679
241.699	84.98	241.699	84.7082	241.699	85.16	241.699	84.356	241.699	85.2405	241.699	83.9391	241.699	85.2172	241.699	83.4778	241.699	85.0901	241.699	82.996	241.699	84.8644	241.699	82.5202	241.699	84.554	241.699	82.0765	241.699	84.1833	241.699	81.6867	241.699	83.7875	241.699	81.3665	241.699	83.4056	241.699	81.1239	241.699	83.0679	241.699	80.9611	241.699	82.7836	241.699	80.8759	241.699	82.5408	241.699	80.8621	241.699	82.3189	241.699	80.9086	241.699	82.1041	241.699	80.9994	241.699	81.8965	241.699	81.1166	241.699	81.7046	241.699	81.2466	241.699	81.5347	241.699	81.3845
250.488	85.356	250.488	85.0556	250.488	85.5644	250.488	84.6731	250.488	85.6731	250.488	84.221	250.488	85.6767	250.488	83.7145	250.488	85.5729	250.488	83.1722	250.488	85.364	250.488	82.6162	250.488	85.059	250.488	82.0727	250.488	84.6765	250.488	81.5711	250.488	84.2447	250.488	81.1427	250.488	83.7981	250.488	80.817	250.488	83.3698	250.488	80.617	250.488	82.9831	250.488	80.552	250.488	82.6491	250.488	80.613	250.488	82.3714	250.488	80.772	250.488	82.1503	250.488	80.9881	250.488	81.9816	250.488	81.218	250.488	81.8509	250.488	81.4272	250.488	81.7325	250.488	81.5979
259.277	85.3412	259.277	85.0905	259.277	85.5165	259.277	84.7722	259.277	85.61	259.277	84.3947	259.277	85.616	259.277	83.9677	259.277	85.5305	259.277	83.5015	259.277	85.3522	259.277	83.0081	259.277	85.084	259.277	82.5016	259.277	84.735	259.277	81.9995	259.277	84.3215	259.277	81.5242	259.277	83.8654	259.277	81.1046	259.277	83.3915	259.277	80.7744	259.277	82.9251	259.277	80.5658	259.277	82.4928	259.277	80.4978	259.277	82.1228	259.277	80.5636	259.277	81.8388	259.277	80.7278	259.277	81.6465	259.277	80.9375	259.277	81.5229	259.277	81.1409	259.277	81.4238	259.277	81.3047
268.066	85.0543	268.066	84.772	268.066	85.2584	268.066	84.4202	268.066	85.3774	268.066	84.0088	268.066	85.4059	268.066	83.5487	268.066	85.3408	268.066	83.0524	268.066	85.1824	268.066	82.5346	268.066	84.9357	268.066	82.014	268.066	84.6124	268.066	81.5157	268.066	84.2303	268.066	81.0722	268.066	83.8106	268.066	80.7215	268.066	83.3741	268.066	80.4999	268.066	82.9384	268.066	80.429	268.066	82.5226	268.066	80.5031	268.066	82.1527	268.066	80.6862	268.066	81.8605	268.066	80.922	268.066	81.6675	268.066	81.1524	268.066	81.5652	268.066	81.3335	268.066	81.5108	268.066	81.4481
276.855	84.9576	276.855	84.7241	276.855	85.1134	276.855	84.4199	276.855	85.1869	276.855	84.0534	276.855	85.1769	276.855	83.6336	276.855	85.0872	276.855	83.1691	276.855	84.9273	276.855	82.6679	276.855	84.7122	276.855	82.1391	276.855	84.4601	276.855	81.5952	276.855	84.1864	276.855	81.0573	276.855	83.8966	276.855	80.5611	276.855	83.5844	276.855	80.1588	276.855	83.2378	276.855	79.9093	276.855	82.8524	276.855	79.853	276.855	82.4446	276.855	79.983	276.855	82.0526	276.855	80.2416	276.855	81.7196	276.855	80.5475	276.855	81.4639	276.855	80.8331	276.855	81.2631	276.855	81.0676
287.109	84.9145	287.109	84.657	287.109	85.0855	287.109	84.3267	287.109	85.1575	287.109	83.9361	287.109	85.1205	287.109	83.4966	287.109	84.9706	287.109	83.0178	287.109	84.7145	287.109	82.5098	287.109	84.3745	287.109	81.9844	287.109	83.9921	287.109	81.4581	287.109	83.6218	287.109	80.9559	287.109	83.3112	287.109	80.5137	287.109	83.0768	287.109	80.1795	287.109	82.8986	287.109	80.0045	287.109	82.74	287.109	80.0229	287.109	82.5766	287.109	80.2272	287.109	82.406	287.109	80.5637	287.109	82.2368	287.109	80.9538	287.109	82.0676	287.109	81.3258	287.109	81.8775	287.109	81.6366
297.363	85.2625	297.363	84.9605	297.363	85.4791	297.363	84.5888	297.363	85.5939	297.363	84.1611	297.363	85.5917	297.363	83.6872	297.363	85.4598	297.363	83.1726	297.363	85.1908	297.363	82.6206	297.363	84.7877	297.363	82.0368	297.363	84.2728	297.363	81.4357	297.363	83.6946	297.363	80.8477	297.363	83.1266	297.363	80.3244	297.363	82.6457	297.363	79.9354	297.363	82.2978	297.363	79.7497	297.363	82.0789	297.363	79.8013	297.363	81.9531	297.363	80.063	297.363	81.883	297.363	80.4538	297.363	81.8391	297.363	80.8758	297.363	81.7907	297.363	81.2483	297.363	81.699	297.363	81.5255
307.617	85.177	307.617	84.8119	307.617	85.4602	307.617	84.3822	307.617	85.6451	307.617	83.9041	307.617	85.7176	307.617	83.3902	307.617	85.6665	307.617	82.8471	307.617	85.4846	307.617	82.2763	307.617	85.1711	307.617	81.6776	307.617	84.7339	307.617	81.0561	307.617	84.1917	307.617	80.4309	307.617	83.5751	307.617	79.8457	307.617	82.9253	307.617	79.3734	307.617	82.2936	307.617	79.1028	307.617	81.74	307.617	79.0962	307.617	81.3241	307.617	79.3402	307.617	81.08	307.617	79.743	307.617	80.9877	307.617	80.1827	307.617	80.9726	307.617	80.5587	307.617	80.94	307.617	80.8142
319.336	85.8779	319.336	85.5147	319.336	86.1337	319.336	85.0601	319.336	86.2666	319.336	84.5291	319.336	86.2642	319.336	83.9326	319.336	86.1186	319.336	83.2761	319.336	85.8284	319.336	82.5604	319.336	85.403	319.336	81.7856	319.336	84.8681	319.336	80.9581	319.336	84.2692	319.336	80.102	319.336	83.6667	319.336	79.2744	319.336	83.1197	319.336	78.5818	319.336	82.6652	319.336	78.1733	319.336	82.3135	319.336	78.1731	319.336	82.0599	319.336	78.5784	319.336	81.8928	319.336	79.2443	319.336	81.7826	319.336	79.9808	319.336	81.6704	319.336	80.6414	319.336	81.4803	319.336	81.1474
329.59	86.0597	329.59	85.7803	329.59	86.2497	329.59	85.4282	329.59	86.3358	329.59	85.0184	329.59	86.3066	329.59	84.5602	329.59	86.1539	329.59	84.054	329.59	85.8723	329.59	83.4904	329.59	85.4602	329.59	82.8555	329.59	84.9223	329.59	82.1366	329.59	84.2736	329.59	81.3326	329.59	83.5443	329.59	80.4667	329.59	82.7838	329.59	79.606	329.59	82.0597	329.59	78.8814	329.59	81.4516	329.59	78.469	329.59	81.0283	329.59	78.4888	329.59	80.8131	329.59	78.8866	329.59	80.7568	329.59	79.4665	329.59	80.751	329.59	80.0274	329.59	80.6757	329.59	80.4442
341.309	86.315	341.309	85.9922	341.309	86.5438	341.309	85.601	341.309	86.6586	341.309	85.1682	341.309	86.6466	341.309	84.7155	341.309	86.5028	341.309	84.2523	341.309	86.2295	341.309	83.7736	341.309	85.8353	341.309	83.2617	341.309	85.3326	341.309	82.6942	341.309	84.7324	341.309	82.0541	341.309	84.0395	341.309	81.3425	341.309	83.2563	341.309	80.5964	341.309	82.4058	341.309	79.9107	341.309	81.571	341.309	79.4392	341.309	80.9147	341.309	79.3264	341.309	80.5992	341.309	79.582	341.309	80.6247	341.309	80.0492	341.309	80.8033	341.309	80.5169	341.309	80.9152	341.309	80.8284
353.027	86.3469	353.027	86.0677	353.027	86.5391	353.027	85.7203	353.027	86.6279	353.027	85.3228	353.027	86.6014	353.027	84.8889	353.027	86.4527	353.027	84.4255	353.027	86.1826	353.027	83.9317	353.027	85.8011	353.027	83.4023	353.027	85.3278	353.027	82.831	353.027	84.7857	353.027	82.2153	353.027	84.1871	353.027	81.5618	353.027	83.5214	353.027	80.8957	353.027	82.7635	353.027	80.2754	353.027	81.9136	353.027	79.7987	353.027	81.057	353.027	79.5716	353.027	80.3872	353.027	79.6277	353.027	80.0862	353.027	79.8751	353.027	80.12	353.027	80.1452	353.027	80.2585	353.027	80.2917
366.211	87.0117	366.211	86.7055	366.211	87.2209	366.211	86.3339	366.211	87.3086	366.211	85.929	366.211	87.2592	366.211	85.5133	366.211	87.067	366.211	85.0899	366.211	86.7374	366.211	84.6419	366.211	86.291	366.211	84.1409	366.211	85.7671	366.211	83.5613	366.211	85.2173	366.211	82.8934	366.211	84.6824	366.211	82.1539	366.211	84.1611	366.211	81.3966	366.211	83.6042	366.211	80.7195	366.211	82.954	366.211	80.2486	366.211	82.2081	366.211	80.0749	366.211	81.4714	366.211	80.1759	366.211	80.9314	366.211	80.4158	366.211	80.7051	366.211	80.6325	366.211	80.7033	366.211	80.7249
379.395	86.557	379.395	86.2333	379.395	86.8056	379.395	85.8761	379.395	86.9495	379.395	85.5328	379.395	86.9716	379.395	85.2388	379.395	86.8647	379.395	84.9997	379.395	86.6297	379.395	84.786	379.395	86.2781	379.395	84.5479	379.395	85.8346	379.395	84.2378	379.395	85.3363	379.395	83.8273	379.395	84.8233	379.395	83.3179	379.395	84.3211	379.395	82.7481	379.395	83.8327	379.395	82.2007	379.395	83.3558	379.395	81.7936	379.395	82.9177	379.395	81.6302	379.395	82.5866	379.395	81.7236	379.395	82.4255	379.395	81.9751	379.395	82.4152	379.395	82.2399	379.395	82.4486	379.395	82.4084
392.578	85.639	392.578	85.308	392.578	85.8333	392.578	84.8815	392.578	85.8772	392.578	84.4315	392.578	85.7781	392.578	84.0456	392.578	85.5568	392.578	83.7876	392.578	85.2455	392.578	83.6583	392.578	84.8866	392.578	83.5939	392.578	84.5307	392.578	83.5074	392.578	84.2243	392.578	83.3308	392.578	83.9832	392.578	83.0371	392.578	83.7707	392.578	82.6506	392.578	83.5123	392.578	82.2526	392.578	83.147	392.578	81.9695	392.578	82.6927	392.578	81.9134	392.578	82.285	392.578	82.0901	392.578	82.1142	392.578	82.3767	392.578	82.2349	392.578	82.6024	392.578	82.4843	392.578	82.6446
405.762	85.6406	405.762	85.2673	405.762	85.805	405.762	84.7073	405.762	85.7577	405.762	84.015	405.762	85.5071	405.762	83.2885	405.762	85.0699	405.762	82.6625	405.762	84.4738	405.762	82.2531	405.762	83.7717	405.762	82.08	405.762	83.0619	405.762	82.0534	405.762	82.4905	405.762	82.0471	405.762	82.1872	405.762	81.9758	405.762	82.1554	405.762	81.8271	405.762	82.2585	405.762	81.6635	405.762	82.337	405.762	81.5963	405.762	82.3189	405.762	81.7153	405.762	82.2496	405.762	82.0073	405.762	82.2436	405.762	82.3513	405.762	82.3671	405.762	82.601	405.762	82.555	405.762	82.6669
420.41	86.5925	420.41	86.2607	420.41	86.7511	420.41	85.7681	420.41	86.7344	420.41	85.1437	420.41	86.5448	420.41	84.4368	420.41	86.185	420.41	83.7159	420.41	85.6575	420.41	83.0524	420.41	84.9716	420.41	82.4938	420.41	84.161	420.41	82.0412	420.41	83.3074	420.41	81.6573	420.41	82.5434	420.41	81.3018	420.41	81.9939	420.41	80.9733	420.41	81.6779	420.41	80.7364	420.41	81.5002	420.41	80.704	420.41	81.3705	420.41	80.9464	420.41	81.309	420.41	81.397	420.41	81.416	420.41	81.8756	420.41	81.7135	420.41	82.1991	420.41	82.0601	420.41	82.2608
435.059	86.5916	435.059	86.2656	435.059	86.7389	435.059	85.7685	435.059	86.7084	435.059	85.123	435.059	86.5056	435.059	84.3738	435.059	86.1362	435.059	83.5928	435.059	85.6051	435.059	82.8725	435.059	84.9208	435.059	82.2966	435.059	84.111	435.059	81.899	435.059	83.2496	435.059	81.6478	435.059	82.4771	435.059	81.4791	435.059	81.9625	435.059	81.3529	435.059	81.7807	435.059	81.2926	435.059	81.8416	435.059	81.378	435.059	81.9927	435.059	81.6736	435.059	82.1606	435.059	82.1385	435.059	82.371	435.059	82.6243	435.059	82.6495	435.059	82.9658	435.059	82.9261	435.059	83.065
451.172	87.2942	451.172	86.936	451.172	87.4537	451.172	86.3918	451.172	87.4098	451.172	85.6861	451.172	87.1622	451.172	84.8585	451.172	86.7088	451.172	83.9652	451.172	86.0422	451.172	83.0754	451.172	85.1515	451.172	82.2569	451.172	84.0426	451.172	81.5526	451.172	82.786	451.172	80.967	451.172	81.5837	451.172	80.4872	451.172	80.7519	451.172	80.1371	451.172	80.4803	451.172	80.0246	451.172	80.6366	451.172	80.2943	451.172	80.9878	451.172	80.9616	451.172	81.4448	451.172	81.8312	451.172	82.0118	451.172	82.6318	451.172	82.6238	451.172	83.1621	451.172	83.116	451.172	83.3246
465.82	87.1832	465.82	86.922	465.82	87.2582	465.82	86.4774	465.82	87.1569	465.82	85.8645	465.82	86.8989	465.82	85.1097	465.82	86.505	465.82	84.2496	465.82	85.9839	465.82	83.3306	465.82	85.3227	465.82	82.4076	465.82	84.4868	465.82	81.5374	465.82	83.438	465.82	80.7625	465.82	82.1729	465.82	80.1024	465.82	80.7872	465.82	79.5777	465.82	79.5436	465.82	79.2677	465.82	78.8151	465.82	79.3211	465.82	78.792	465.82	79.8159	465.82	79.3248	465.82	80.5993	465.82	80.1413	465.82	81.3708	465.82	80.9933	465.82	81.876	465.82	81.661	465.82	81.9805
483.398	86.8097	483.398	86.5253	483.398	86.897	483.398	86.0595	483.398	86.7915	483.398	85.4508	483.398	86.5112	483.398	84.7561	483.398	86.0775	483.398	84.0378	483.398	85.5089	483.398	83.3388	483.398	84.8233	483.398	82.6618	483.398	84.0501	483.398	81.9701	483.398	83.237	483.398	81.2127	483.398	82.4354	483.398	80.3651	483.398	81.6703	483.398	79.4914	483.398	80.9304	483.398	78.83	483.398	80.2173	483.398	78.7626	483.398	79.6493	483.398	79.431	483.398	79.5116	483.398	80.4806	483.398	80.001	483.398	81.4386	483.398	80.8773	483.398	82.018	483.398	81.681	483.398	82.1008
499.512	86.9203	499.512	86.5945	499.512	87.049	499.512	86.0741	499.512	86.9949	499.512	85.3832	499.512	86.7792	499.512	84.5713	499.512	86.4169	499.512	83.7103	499.512	85.9051	499.512	82.8803	499.512	85.2262	499.512	82.1389	499.512	84.3687	499.512	81.4908	499.512	83.3675	499.512	80.8815	499.512	82.3457	499.512	80.2295	499.512	81.5005	499.512	79.491	499.512	80.9598	499.512	78.7651	499.512	80.64	499.512	78.3949	499.512	80.3588	499.512	78.7599	499.512	80.0998	499.512	79.7261	499.512	80.1036	499.512	80.7469	499.512	80.5433	499.512	81.4035	499.512	81.161	499.512	81.5303
517.09	86.2421	517.09	85.9553	517.09	86.2806	517.09	85.4315	517.09	86.0949	517.09	84.7197	517.09	85.739	517.09	83.905	517.09	85.2844	517.09	83.097	517.09	84.7985	517.09	82.3965	517.09	84.3127	517.09	81.8482	517.09	83.7908	517.09	81.4144	517.09	83.1307	517.09	80.9939	517.09	82.2256	517.09	80.4698	517.09	81.0714	517.09	79.7749	517.09	79.8973	517.09	79.004	517.09	79.2044	517.09	78.5648	517.09	79.3614	517.09	78.9798	517.09	80.1413	517.09	80.1333	517.09	81.0924	517.09	81.3762	517.09	81.9285	517.09	82.2553	517.09	82.4815	517.09	82.6203
536.133	86.0481	536.133	85.7808	536.133	86.0221	536.133	85.2173	536.133	85.7214	536.133	84.3885	536.133	85.1625	536.133	83.3832	536.133	84.3479	536.133	82.3651	536.133	83.2785	536.133	81.5346	536.133	82.0156	536.133	81.0079	536.133	80.7939	536.133	80.728	536.133	80.0268	536.133	80.5291	536.133	79.898	536.133	80.2525	536.133	80.0328	536.133	79.8102	536.133	79.9237	536.133	79.2397	536.133	79.3367	536.133	78.7996	536.133	78.4973	536.133	78.9245	536.133	78.2717	536.133	79.7396	536.133	79.2346	536.133	80.8082	536.133	80.6075	536.133	81.629	536.133	81.5871	536.133	81.9267
555.176	85.8894	555.176	85.6529	555.176	85.9037	555.176	85.1661	555.176	85.7187	555.176	84.4105	555.176	85.3377	555.176	83.3952	555.176	84.7355	555.176	82.1829	555.176	83.8583	555.176	80.9278	555.176	82.6342	555.176	79.8839	555.176	81.0165	555.176	79.2793	555.176	79.1447	555.176	79.0944	555.176	77.6505	555.176	79.0655	555.176	77.2693	555.176	78.9315	555.176	77.5243	555.176	78.6327	555.176	77.4418	555.176	78.41	555.176	76.6912	555.176	78.6842	555.176	75.9405	555.176	79.5243	555.176	76.7003	555.176	80.4799	555.176	78.6171	555.176	81.0768	555.176	80.2258	555.176	81.0409
574.219	86.1999	574.219	85.9876	574.219	86.1936	574.219	85.5243	574.219	85.9973	574.219	84.7922	574.219	85.6188	574.219	83.8045	574.219	85.0362	574.219	82.6219	574.219	84.2	574.219	81.3655	574.219	83.0488	574.219	80.215	574.219	81.5519	574.219	79.3487	574.219	79.8146	574.219	78.8138	574.219	78.2084	574.219	78.467	574.219	77.1758	574.219	78.1114	574.219	76.6733	574.219	77.7272	574.219	76.3548	574.219	77.6347	574.219	76.2395	574.219	78.2592	574.219	76.7605	574.219	79.4688	574.219	78.0644	574.219	80.671	574.219	79.6313	574.219	81.4151	574.219	80.8767	574.219	81.4999
594.727	86.1214	594.727	85.9623	594.727	86.0295	594.727	85.5275	594.727	85.7211	594.727	84.8296	594.727	85.2189	594.727	83.9306	594.727	84.5262	594.727	82.9151	594.727	83.6306	594.727	81.8304	594.727	82.5074	594.727	80.6683	594.727	81.139	594.727	79.4474	594.727	79.5808	594.727	78.3319	594.727	78.0516	594.727	77.5835	594.727	76.8638	594.727	77.2533	594.727	76.1314	594.727	77.1329	594.727	75.76	594.727	77.1884	594.727	75.7719	594.727	77.7029	594.727	76.3077	594.727	78.7343	594.727	77.3446	594.727	79.8199	594.727	78.6257	594.727	80.4688	594.727	79.7759	594.727	80.4536
615.234	86.4255	615.234	86.1967	615.234	86.3629	615.234	85.6475	615.234	86.0341	615.234	84.7757	615.234	85.4554	615.234	83.6561	615.234	84.6413	615.234	82.4716	615.234	83.593	615.234	81.4333	615.234	82.2674	615.234	80.5969	615.234	80.5906	615.234	79.8307	615.234	78.626	615.234	79.005	615.234	76.9169	615.234	78.1131	615.234	76.2375	615.234	77.1912	615.234	76.2106	615.234	76.2345	615.234	75.7172	615.234	75.4834	615.234	74.056	615.234	75.8215	615.234	71.9809	615.234	77.4958	615.234	73.75	615.234	79.3268	615.234	77.3111	615.234	80.4584	615.234	79.6255	615.234	80.6077
637.207	86.6127	637.207	86.462	637.207	86.4515	637.207	85.9167	637.207	86.0637	637.207	84.9179	637.207	85.5247	637.207	83.478	637.207	84.8772	637.207	81.7696	637.207	84.0934	637.207	80.191	637.207	83.0485	637.207	79.1513	637.207	81.5342	637.207	78.6456	637.207	79.3631	637.207	78.3745	637.207	76.8083	637.207	78.1128	637.207	75.4797	637.207	77.721	637.207	76.0959	637.207	77.1171	637.207	76.6614	637.207	76.5472	637.207	76.0991	637.207	76.8733	637.207	74.8542	637.207	78.4257	637.207	75.4867	637.207	80.1635	637.207	78.1435	637.207	81.2295	637.207	80.302	637.207	81.3172
659.18	86.2348	659.18	86.3128	659.18	85.8742	659.18	86.0423	659.18	85.3077	659.18	85.3704	659.18	84.6147	659.18	84.2675	659.18	83.8496	659.18	82.7523	659.18	83.0094	659.18	80.9296	659.18	82.0142	659.18	79.0367	659.18	80.7083	659.18	77.4574	659.18	78.8912	659.18	76.5705	659.18	76.4244	659.18	76.4049	659.18	73.6076	659.18	76.5687	659.18	72.1014	659.18	76.6437	659.18	73.0185	659.18	76.574	659.18	74.154	659.18	76.7895	659.18	74.0599	659.18	77.6423	659.18	73.1265	659.18	78.6732	659.18	74.1013	659.18	79.154	659.18	76.7805	659.18	78.6088
682.617	86.796	682.617	86.883	682.617	86.4547	682.617	86.6505	682.617	85.9396	682.617	86.0448	682.617	85.3293	682.617	85.0296	682.617	84.6512	682.617	83.6285	682.617	83.8456	682.617	81.9941	682.617	82.7914	682.617	80.4077	682.617	81.3901	682.617	79.0706	682.617	79.7254	682.617	77.9222	682.617	78.2116	682.617	76.8804	682.617	77.2422	682.617	76.0477	682.617	76.5965	682.617	75.3597	682.617	75.7713	682.617	74.6737	682.617	74.2888	682.617	74.9814	682.617	72.0033	682.617	77.1118	682.617	72.3643	682.617	79.404	682.617	76.3913	682.617	80.7033	682.617	79.3825	682.617	80.745
707.52	86.6812	707.52	86.8615	707.52	86.3115	707.52	86.7146	707.52	85.8787	707.52	86.1253	707.52	85.4429	707.52	85.0393	707.52	84.9583	707.52	83.5387	707.52	84.2943	707.52	81.9532	707.52	83.2597	707.52	80.7784	707.52	81.6266	707.52	80.1139	707.52	79.3215	707.52	79.4753	707.52	76.8961	707.52	78.4742	707.52	75.4547	707.52	77.3136	707.52	75.4043	707.52	76.4854	707.52	76.3598	707.52	75.8154	707.52	77.1258	707.52	75.2592	707.52	76.4394	707.52	76.2678	707.52	74.6508	707.52	78.6353	707.52	76.0775	707.52	80.3677	707.52	79.1533	707.52	80.6317
732.422	86.3945	732.422	86.7933	732.422	85.7529	732.422	86.8148	732.422	85.0618	732.422	86.39	732.422	84.4849	732.422	85.4953	732.422	84.0412	732.422	84.1374	732.422	83.5939	732.422	82.3734	732.422	82.8911	732.422	80.4387	732.422	81.6083	732.422	78.9645	732.422	79.5099	732.422	78.5425	732.422	76.7807	732.422	78.7106	732.422	74.1473	732.422	78.6552	732.422	72.372	732.422	78.0304	732.422	72.9948	732.422	76.8059	732.422	75.3893	732.422	75.4236	732.422	76.3348	732.422	75.5857	732.422	74.8868	732.422	77.5897	732.422	74.0085	732.422	79.1537	732.422	77.0287	732.422	79.1003
757.324	86.7093	757.324	86.8885	757.324	86.2281	757.324	86.7505	757.324	85.5105	757.324	86.3058	757.324	84.6729	757.324	85.5424	757.324	83.8427	757.324	84.3969	757.324	83.0638	757.324	82.8086	757.324	82.1924	757.324	80.8429	757.324	80.9324	757.324	78.8228	757.324	79.0701	757.324	77.289	757.324	76.7346	757.324	76.5787	757.324	74.4523	757.324	76.5724	757.324	73.0684	757.324	76.849	757.324	73.2975	757.324	76.9123	757.324	74.1169	757.324	76.8094	757.324	73.7748	757.324	77.6075	757.324	72.1589	757.324	79.3717	757.324	73.7861	757.324	80.5071	757.324	77.7668	757.324	80.0862
785.156	88.3307	785.156	88.172	785.156	86.7213	785.156	86.2278	785.156	83.066	785.156	82.7186	785.156	78.1505	785.156	81.4925	785.156	80.1632	785.156	84.0139	785.156	83.826	785.156	85.6327	785.156	85.371	785.156	85.8628	785.156	84.9854	785.156	85.0354	785.156	82.9627	785.156	83.4461	785.156	80.2155	785.156	81.6847	785.156	77.6344	785.156	80.8703	785.156	73.1222	785.156	81.0828	785.156	58.1847	785.156	80.8855	785.156	76.1576	785.156	79.3622	785.156	80.5289	785.156	78.0267	785.156	80.6925	785.156	79.6306	785.156	77.4598	785.156	80.6582	785.156	74.9683	785.156	78.9418
811.523	86.6372	811.523	87.9815	811.523	83.6484	811.523	87.6415	811.523	80.7647	811.523	85.5894	811.523	81.9546	811.523	82.1333	811.523	84.0889	811.523	80.446	811.523	85.3567	811.523	82.2132	811.523	85.7316	811.523	83.5494	811.523	84.9909	811.523	83.6591	811.523	82.9577	811.523	82.8228	811.523	80.4428	811.523	81.7093	811.523	79.483	811.523	81.5744	811.523	79.202	811.523	82.3714	811.523	76.8187	811.523	82.4241	811.523	68.6507	811.523	81.0211	811.523	73.8126	811.523	79.4099	811.523	79.1375	811.523	78.7616	811.523	79.9212	811.523	76.3173	811.523	77.0958	811.523	72.2306
840.82	86.1593	840.82	87.2293	840.82	83.8281	840.82	86.8778	840.82	81.4014	840.82	85.1926	840.82	81.4195	840.82	82.9964	840.82	82.8582	840.82	82.288	840.82	83.9539	840.82	82.9896	840.82	84.4259	840.82	83.4506	840.82	84.0328	840.82	83.1825	840.82	82.6258	840.82	82.2253	840.82	80.6924	840.82	80.9535	840.82	78.9693	840.82	80.1961	840.82	77.3358	840.82	79.9997	840.82	76.2495	840.82	79.0229	840.82	76.4879	840.82	75.974	840.82	75.1426	840.82	71.4728	840.82	70.1806	840.82	71.2104	840.82	73.2651	840.82	73.9484	840.82	76.9911	840.82	76.7865
870.117	85.7842	870.117	86.1435	870.117	84.907	870.117	85.9378	870.117	83.7461	870.117	85.2829	870.117	83.0291	870.117	84.6029	870.117	83.2825	870.117	84.1644	870.117	84.0189	870.117	83.6035	870.117	84.6326	870.117	82.5469	870.117	84.4771	870.117	80.9922	870.117	83.1336	870.117	79.1104	870.117	81.3606	870.117	77.0778	870.117	80.4639	870.117	76.0387	870.117	79.3694	870.117	77.8893	870.117	74.9264	870.117	79.9775	870.117	59.9865	870.117	80	870.117	77.3914	870.117	77.888	870.117	80.3584	870.117	76.8835	870.117	78.7926	870.117	77.7866	870.117	74.7849	870.117	76.3811
900.879	86.5932	900.879	87.4225	900.879	83.4532	900.879	86.0607	900.879	80.0686	900.879	82.4513	900.879	82.9156	900.879	79.8685	900.879	85.5263	900.879	82.8197	900.879	86.4593	900.879	85.0521	900.879	86.2275	900.879	85.7405	900.879	84.5521	900.879	85.2346	900.879	80.964	900.879	83.5321	900.879	77.6532	900.879	80.6633	900.879	78.9485	900.879	78.1357	900.879	80.6728	900.879	78.6311	900.879	80.8605	900.879	79.4377	900.879	77.899	900.879	77.9616	900.879	65.4685	900.879	74.5049	900.879	75.8946	900.879	73.4842	900.879	80.9053	900.879	75.9095	900.879	81.7039	900.879	79.738
933.105	86.0448	933.105	87.7238	933.105	83.024	933.105	87.21	933.105	83.4349	933.105	84.2808	933.105	85.7767	933.105	79.6472	933.105	86.3091	933.105	80.0388	933.105	85.5193	933.105	82.6055	933.105	84.6608	933.105	83.6903	933.105	83.8075	933.105	83.6142	933.105	82.143	933.105	82.8002	933.105	79.8771	933.105	81.6489	933.105	78.594	933.105	79.8199	933.105	78.7227	933.105	77.6623	933.105	79.0532	933.105	80.2821	933.105	76.9922	933.105	82.0546	933.105	58.1685	933.105	79.8667	933.105	77.2045	933.105	76.2805	933.105	81.5371	933.105	76.0614	933.105	81.0797	933.105	78.0745
965.332	84.8641	965.332	86.1423	965.332	84.5876	965.332	86.6274	965.332	85.6838	965.332	85.5595	965.332	86.0818	965.332	82.5438	965.332	84.682	965.332	77.3255	965.332	81.6161	965.332	76.0494	965.332	78.3511	965.332	79.8767	965.332	76.2028	965.332	81.4402	965.332	73.1816	965.332	81.1448	965.332	65.8803	965.332	80.5989	965.332	52.5797	965.332	80.0686	965.332	69.5133	965.332	78.703	965.332	76.6691	965.332	79.3018	965.332	79.8309	965.332	79.0697	965.332	78.5374	965.332	74.797	965.332	65.4738	965.332	72.641	965.332	76.78	965.332	78.2468	965.332	82.3349	965.332	82.2995
1,000.49	85.0407	1,000.49	86.7769	1,000.49	84.0119	1,000.49	87.036	1,000.49	85.3205	1,000.49	85.129	1,000.49	86.5743	1,000.49	81.2732	1,000.49	86.3952	1,000.49	79.3836	1,000.49	84.8039	1,000.49	81.4537	1,000.49	82.3692	1,000.49	83.3301	1,000.49	79.5764	1,000.49	84.318	1,000.49	76.348	1,000.49	84.3135	1,000.49	74.3928	1,000.49	83.1089	1,000.49	74.3563	1,000.49	80.9999	1,000.49	76.4128	1,000.49	79.2423	1,000.49	79.9223	1,000.49	79.6405	1,000.49	80.9716	1,000.49	80.0619	1,000.49	75.9945	1,000.49	77.7148	1,000.49	66.188	1,000.49	74.8096	1,000.49	78.5231	1,000.49	75.4663	1,000.49	80.665	1,000.49	79.183
1,035.64	85.678	1,035.64	85.4425	1,035.64	86.0596	1,035.64	85.7427	1,035.64	85.7307	1,035.64	85.6711	1,035.64	84.5801	1,035.64	84.3806	1,035.64	83.3668	1,035.64	81.5217	1,035.64	82.3196	1,035.64	77.0479	1,035.64	80.9587	1,035.64	74.1764	1,035.64	79.9463	1,035.64	75.9016	1,035.64	78.6658	1,035.64	76.0574	1,035.64	76.0093	1,035.64	74.5321	1,035.64	74.4515	1,035.64	74.152	1,035.64	74.9852	1,035.64	73.9828	1,035.64	69.7672	1,035.64	74.8959	1,035.64	73.2384	1,035.64	74.0884	1,035.64	76.7534	1,035.64	71.9997	1,035.64	72.1258	1,035.64	74.6507	1,035.64	67.7687	1,035.64	79.183	1,035.64	78.8962	1,035.64	81.2467
1,072.27	84.802	1,072.27	86.9317	1,072.27	82.3263	1,072.27	86.7133	1,072.27	84.5686	1,072.27	83.8312	1,072.27	87.1229	1,072.27	79.5843	1,072.27	87.0024	1,072.27	80.5656	1,072.27	83.6908	1,072.27	83.2668	1,072.27	76.8829	1,072.27	84.9133	1,072.27	71.2258	1,072.27	85.5509	1,072.27	72.8673	1,072.27	85.1546	1,072.27	73.4203	1,072.27	83.8012	1,072.27	69.178	1,072.27	81.4467	1,072.27	68.0469	1,072.27	76.9133	1,072.27	77.0153	1,072.27	75.7419	1,072.27	81.525	1,072.27	78.4976	1,072.27	80.5547	1,072.27	76.1338	1,072.27	72.1124	1,072.27	73.0144	1,072.27	71.4346	1,072.27	75.4688	1,072.27	77.6932	1,072.27	78.3882
1,108.89	85.3176	1,108.89	85.8637	1,108.89	85.4548	1,108.89	86.4862	1,108.89	85.3042	1,108.89	85.9102	1,108.89	84.4923	1,108.89	84.0122	1,108.89	83.8984	1,108.89	81.0437	1,108.89	83.861	1,108.89	76.3418	1,108.89	83.2503	1,108.89	73.6329	1,108.89	81.7437	1,108.89	77.7425	1,108.89	79.6017	1,108.89	78.7104	1,108.89	77.0766	1,108.89	77.2415	1,108.89	75.0988	1,108.89	76.6165	1,108.89	74.196	1,108.89	75.5042	1,108.89	70.8211	1,108.89	75.3347	1,108.89	74.0266	1,108.89	75.6927	1,108.89	78.4245	1,108.89	69.8174	1,108.89	76.6352	1,108.89	67.6394	1,108.89	63.5066	1,108.89	76.6612	1,108.89	77.787	1,108.89	80.4345
1,148.44	85.6638	1,148.44	86.5606	1,148.44	84.9802	1,148.44	86.6197	1,148.44	85.3209	1,148.44	85.0511	1,148.44	85.7955	1,148.44	82.272	1,148.44	85.1186	1,148.44	80.8139	1,148.44	83.6175	1,148.44	80.5837	1,148.44	82.521	1,148.44	78.8871	1,148.44	81.2918	1,148.44	77.7505	1,148.44	78.8933	1,148.44	78.6291	1,148.44	74.8018	1,148.44	77.0335	1,148.44	69.1148	1,148.44	72.2764	1,148.44	72.8009	1,148.44	61.8296	1,148.44	70.3697	1,148.44	61.9248	1,148.44	73.7333	1,148.44	66.5822	1,148.44	77.3743	1,148.44	71.6164	1,148.44	77.5168	1,148.44	73.4634	1,148.44	73.4096	1,148.44	77.3224	1,148.44	73.1286	1,148.44	78.7976
1,189.45	85.9813	1,189.45	86.1779	1,189.45	84.8128	1,189.45	85.702	1,189.45	84.2266	1,189.45	84.7872	1,189.45	85.2243	1,189.45	83.5456	1,189.45	85.7936	1,189.45	82.6769	1,189.45	85.2475	1,189.45	81.2315	1,189.45	84.0898	1,189.45	76.6816	1,189.45	82.4648	1,189.45	73.2248	1,189.45	80.2045	1,189.45	77.3677	1,189.45	77.537	1,189.45	77.8298	1,189.45	74.8588	1,189.45	76.8162	1,189.45	76.5637	1,189.45	74.4523	1,189.45	76.9207	1,189.45	71.4363	1,189.45	65.905	1,189.45	64.4181	1,189.45	73.8456	1,189.45	70.7101	1,189.45	78.6527	1,189.45	74.4848	1,189.45	75.5452	1,189.45	79.3358	1,189.45	68.0985	1,189.45	79.8931
1,230.47	85.3779	1,230.47	86.8764	1,230.47	85.2526	1,230.47	86.9204	1,230.47	86.2683	1,230.47	84.7749	1,230.47	85.4155	1,230.47	80.9033	1,230.47	82.2124	1,230.47	79.8514	1,230.47	81.349	1,230.47	82.5715	1,230.47	83.0776	1,230.47	83.2302	1,230.47	83.6202	1,230.47	81.3531	1,230.47	83.1693	1,230.47	79.0856	1,230.47	81.8075	1,230.47	77.9401	1,230.47	79.1842	1,230.47	75.2765	1,230.47	75.1612	1,230.47	72.5106	1,230.47	60.378	1,230.47	73.1657	1,230.47	73.8593	1,230.47	74.5198	1,230.47	74.5923	1,230.47	74.9906	1,230.47	72.3983	1,230.47	74.0247	1,230.47	74.2251	1,230.47	74.5524	1,230.47	70.5202	1,230.47	73.7324
1,274.41	86.0845	1,274.41	86.4255	1,274.41	84.6647	1,274.41	85.3229	1,274.41	84.7992	1,274.41	83.9649	1,274.41	85.242	1,274.41	82.5411	1,274.41	83.9569	1,274.41	81.5312	1,274.41	82.2327	1,274.41	81.6431	1,274.41	81.6919	1,274.41	80.4109	1,274.41	81.0021	1,274.41	74.9183	1,274.41	79.4378	1,274.41	69.6348	1,274.41	76.6421	1,274.41	73.5815	1,274.41	70.7226	1,274.41	71.6249	1,274.41	69.1353	1,274.41	71.9075	1,274.41	76.0768	1,274.41	68.1666	1,274.41	76.7884	1,274.41	68.6039	1,274.41	70.1238	1,274.41	75.4712	1,274.41	72.0392	1,274.41	76.0359	1,274.41	77.897	1,274.41	77.5356	1,274.41	69.892	1,274.41	74.4428
1,319.82	85.5874	1,319.82	85.7113	1,319.82	85.9367	1,319.82	85.8556	1,319.82	85.4057	1,319.82	84.5571	1,319.82	82.9315	1,319.82	81.008	1,319.82	82.4585	1,319.82	76.9749	1,319.82	85.0325	1,319.82	81.1004	1,319.82	85.08	1,319.82	82.9144	1,319.82	82.7633	1,319.82	80.7752	1,319.82	79.8185	1,319.82	76.7439	1,319.82	76.56	1,319.82	74.9169	1,319.82	74.2793	1,319.82	71.6875	1,319.82	74.5	1,319.82	68.3298	1,319.82	72.8612	1,319.82	72.0886	1,319.82	65.2415	1,319.82	74.0135	1,319.82	69.5556	1,319.82	71.2282	1,319.82	66.7732	1,319.82	68.526	1,319.82	73.5157	1,319.82	73.4214	1,319.82	71.6136	1,319.82	73.2149
1,366.7	84.9244	1,366.7	85.5621	1,366.7	84.2856	1,366.7	84.7557	1,366.7	84.3172	1,366.7	83.5454	1,366.7	83.0005	1,366.7	82.0266	1,366.7	82.6836	1,366.7	79.4739	1,366.7	84.1305	1,366.7	80.8404	1,366.7	82.7401	1,366.7	82.476	1,366.7	78.8593	1,366.7	81.293	1,366.7	77.724	1,366.7	77.8831	1,366.7	77.8405	1,366.7	74.3737	1,366.7	77.9736	1,366.7	70.2407	1,366.7	75.9815	1,366.7	55.1186	1,366.7	70.5409	1,366.7	73.3882	1,366.7	68.5815	1,366.7	75.6587	1,366.7	73.952	1,366.7	74.0594	1,366.7	63.2713	1,366.7	71.4025	1,366.7	74.2796	1,366.7	74.1897	1,366.7	71.0354	1,366.7	72.512
1,413.57	85.2262	1,413.57	85.2405	1,413.57	85.0457	1,413.57	84.2868	1,413.57	84.143	1,413.57	83.0846	1,413.57	82.364	1,413.57	81.6165	1,413.57	82.8001	1,413.57	77.6913	1,413.57	83.1471	1,413.57	77.7588	1,413.57	80.9572	1,413.57	80.6199	1,413.57	75.2593	1,413.57	80.1852	1,413.57	67.1648	1,413.57	77.5056	1,413.57	73.6726	1,413.57	74.3313	1,413.57	78.6235	1,413.57	72.6195	1,413.57	76.9762	1,413.57	68.9181	1,413.57	70.142	1,413.57	60.9772	1,413.57	70.2096	1,413.57	75.4158	1,413.57	74.2977	1,413.57	76.3695	1,413.57	66.5689	1,413.57	70.1215	1,413.57	73.0887	1,413.57	70.1644	1,413.57	73.9512	1,413.57	71.062
1,463.38	85.477	1,463.38	84.4219	1,463.38	85.8048	1,463.38	83.7339	1,463.38	84.1534	1,463.38	82.6602	1,463.38	82.6171	1,463.38	80.8237	1,463.38	83.4722	1,463.38	77.3059	1,463.38	82.3807	1,463.38	77.2613	1,463.38	77.5936	1,463.38	81.1692	1,463.38	65.4152	1,463.38	82.3432	1,463.38	73.484	1,463.38	79.9176	1,463.38	70.0738	1,463.38	76.615	1,463.38	68.8122	1,463.38	75.2913	1,463.38	76.2993	1,463.38	74.1408	1,463.38	76.6161	1,463.38	66.178	1,463.38	70.3106	1,463.38	73.7703	1,463.38	71.9279	1,463.38	76.3847	1,463.38	71.8152	1,463.38	71.9253	1,463.38	70.1804	1,463.38	70.7434	1,463.38	74.7119	1,463.38	68.7267
1,516.11	86.0435	1,516.11	85.2677	1,516.11	86.4236	1,516.11	83.7329	1,516.11	85.3841	1,516.11	81.705	1,516.11	82.9953	1,516.11	80.5808	1,516.11	82.251	1,516.11	78.4192	1,516.11	80.1979	1,516.11	77.5843	1,516.11	73.1348	1,516.11	81.8195	1,516.11	73.729	1,516.11	83.1179	1,516.11	78.5359	1,516.11	80.6327	1,516.11	77.5445	1,516.11	78.1567	1,516.11	62.6194	1,516.11	77.1028	1,516.11	74.0256	1,516.11	74.3519	1,516.11	76.4637	1,516.11	70.8799	1,516.11	74.9299	1,516.11	73.6737	1,516.11	70.4357	1,516.11	78.0813	1,516.11	75.6922	1,516.11	75.1012	1,516.11	66.6469	1,516.11	70.2441	1,516.11	76.08	1,516.11	66.2467
1,568.85	85.7307	1,568.85	85.1217	1,568.85	86.5277	1,568.85	83.829	1,568.85	85.4383	1,568.85	80.2966	1,568.85	81.952	1,568.85	79.2384	1,568.85	80.457	1,568.85	80.1172	1,568.85	79.0612	1,568.85	79.3341	1,568.85	75.1853	1,568.85	80.3484	1,568.85	74.887	1,568.85	81.2755	1,568.85	77.5749	1,568.85	78.8703	1,568.85	77.3359	1,568.85	76.028	1,568.85	69.327	1,568.85	75.9551	1,568.85	72.4208	1,568.85	74.9464	1,568.85	76.3843	1,568.85	75.2414	1,568.85	76.1014	1,568.85	75.1352	1,568.85	63.5107	1,568.85	76.2796	1,568.85	74.7351	1,568.85	69.3388	1,568.85	65.2772	1,568.85	59.3183	1,568.85	74.5899	1,568.85	64.8542
1,624.51	85.7696	1,624.51	84.136	1,624.51	86.6694	1,624.51	82.2447	1,624.51	85.0428	1,624.51	78.422	1,624.51	80.3836	1,624.51	76.7006	1,624.51	78.8601	1,624.51	78.9307	1,624.51	77.7129	1,624.51	79.3884	1,624.51	77.8887	1,624.51	80.0877	1,624.51	76.8648	1,624.51	80.0969	1,624.51	78.3576	1,624.51	78.2293	1,624.51	80.5701	1,624.51	77.611	1,624.51	75.8015	1,624.51	76.3321	1,624.51	67.2891	1,624.51	73.9373	1,624.51	67.2567	1,624.51	75.2736	1,624.51	75.5297	1,624.51	72.9557	1,624.51	64.252	1,624.51	76.2987	1,624.51	69.2422	1,624.51	72.093	1,624.51	66.9053	1,624.51	68.5089	1,624.51	73.6546	1,624.51	46.9284
1,681.64	85.445	1,681.64	83.3203	1,681.64	85.6732	1,681.64	78.9942	1,681.64	83.4182	1,681.64	76.1	1,681.64	77.9246	1,681.64	76.775	1,681.64	78.3156	1,681.64	77.3218	1,681.64	79.7734	1,681.64	75.4615	1,681.64	80.209	1,681.64	77.6129	1,681.64	76.2009	1,681.64	78.6713	1,681.64	71.8085	1,681.64	73.6701	1,681.64	74.2555	1,681.64	73.2634	1,681.64	72.2495	1,681.64	75.2642	1,681.64	71.6018	1,681.64	72.9596	1,681.64	64.8024	1,681.64	75.7736	1,681.64	73.3012	1,681.64	72.4258	1,681.64	69.8599	1,681.64	74.9962	1,681.64	63.9719	1,681.64	73.4999	1,681.64	67.3755	1,681.64	64.0296	1,681.64	72.9136	1,681.64	65.8864
1,741.7	85.0901	1,741.7	81.8085	1,741.7	85.5283	1,741.7	74.4041	1,741.7	81.7536	1,741.7	65.0361	1,741.7	78.3062	1,741.7	75.5357	1,741.7	78.3586	1,741.7	80.4681	1,741.7	76.6198	1,741.7	80.1779	1,741.7	79.3777	1,741.7	73.7213	1,741.7	79.7624	1,741.7	61.9349	1,741.7	77.8226	1,741.7	59.3602	1,741.7	74.5979	1,741.7	59.7041	1,741.7	71.9673	1,741.7	57.8499	1,741.7	55.068	1,741.7	68.5015	1,741.7	73.3928	1,741.7	71.0662	1,741.7	74.4033	1,741.7	70.1585	1,741.7	63.5458	1,741.7	74.0597	1,741.7	65.4912	1,741.7	71.6481	1,741.7	63.542	1,741.7	53.6561	1,741.7	72.087	1,741.7	69.1739
1,803.22	85.3872	1,803.22	81.4381	1,803.22	85.5867	1,803.22	72.5427	1,803.22	82.4679	1,803.22	66.6129	1,803.22	74.3437	1,803.22	76.7427	1,803.22	72.2268	1,803.22	78.7468	1,803.22	79.0759	1,803.22	78.6299	1,803.22	81.1266	1,803.22	76.8939	1,803.22	78.8266	1,803.22	75.4672	1,803.22	74.2466	1,803.22	73.7446	1,803.22	73.8151	1,803.22	68.8045	1,803.22	70.0594	1,803.22	71.757	1,803.22	63.6008	1,803.22	69.0832	1,803.22	66.4311	1,803.22	68.7603	1,803.22	67.253	1,803.22	71.7338	1,803.22	68.5432	1,803.22	68.7643	1,803.22	67.0486	1,803.22	62.8862	1,803.22	64.7289	1,803.22	50.1281	1,803.22	71.3717	1,803.22	65.3298
1,866.21	85.0035	1,866.21	82.128	1,866.21	85.3165	1,866.21	75.6597	1,866.21	82.7821	1,866.21	67.56	1,866.21	74.2294	1,866.21	78.1555	1,866.21	74.5587	1,866.21	78.0725	1,866.21	80.7832	1,866.21	77.5591	1,866.21	81.9687	1,866.21	77.5247	1,866.21	80.0108	1,866.21	73.2812	1,866.21	74.893	1,866.21	71.3499	1,866.21	72.6334	1,866.21	71.9103	1,866.21	71.7493	1,866.21	70.3188	1,866.21	66.3553	1,866.21	71.2916	1,866.21	64.4661	1,866.21	68.3338	1,866.21	68.8023	1,866.21	71.3453	1,866.21	63.5326	1,866.21	70.9232	1,866.21	65.5968	1,866.21	63.6079	1,866.21	64.8634	1,866.21	42.5534	1,866.21	71.6338	1,866.21	66.7337
1,932.13	84.8025	1,932.13	82.8528	1,932.13	84.6345	1,932.13	74.996	1,932.13	82.2652	1,932.13	73.7438	1,932.13	72.6547	1,932.13	78.0023	1,932.13	75.3414	1,932.13	78.2407	1,932.13	81.7895	1,932.13	78.5193	1,932.13	83.1626	1,932.13	76.9861	1,932.13	80.6132	1,932.13	75.5932	1,932.13	76.44	1,932.13	74.514	1,932.13	75.7021	1,932.13	73.6581	1,932.13	70.8275	1,932.13	70.3903	1,932.13	65.4541	1,932.13	70.5882	1,932.13	63.2003	1,932.13	70.1976	1,932.13	69.0537	1,932.13	69.4289	1,932.13	67.0448	1,932.13	70.5296	1,932.13	66.9569	1,932.13	63.2736	1,932.13	64.3971	1,932.13	58.1373	1,932.13	71.648	1,932.13	65.9289
1,999.51	85.7209	1,999.51	82.7585	1,999.51	84.7359	1,999.51	74.4863	1,999.51	81.5501	1,999.51	75.2575	1,999.51	70.8462	1,999.51	78.0661	1,999.51	76.7222	1,999.51	79.9989	1,999.51	82.3073	1,999.51	79.4344	1,999.51	83.1611	1,999.51	78.5391	1,999.51	80.5643	1,999.51	77.1079	1,999.51	75.6088	1,999.51	74.3754	1,999.51	75.2989	1,999.51	73.9428	1,999.51	73.0353	1,999.51	72.8056	1,999.51	64.2084	1,999.51	68.9826	1,999.51	64.0608	1,999.51	72.5033	1,999.51	66.929	1,999.51	69.0763	1,999.51	66.6655	1,999.51	70.8773	1,999.51	64.6548	1,999.51	65.0742	1,999.51	66.0648	1,999.51	50.9232	1,999.51	72.4158	1,999.51	66.5605
2,069.82	86.2624	2,069.82	83.3453	2,069.82	85.2736	2,069.82	78.1286	2,069.82	82.0096	2,069.82	76.6414	2,069.82	71.3771	2,069.82	79.9084	2,069.82	77.4239	2,069.82	81.2387	2,069.82	82.8957	2,069.82	80.5878	2,069.82	83.5588	2,069.82	79.0275	2,069.82	81.1088	2,069.82	76.9951	2,069.82	74.5588	2,069.82	74.1548	2,069.82	74.0863	2,069.82	73.0305	2,069.82	74.3068	2,069.82	74.3208	2,069.82	69.0247	2,069.82	69.6404	2,069.82	64.7555	2,069.82	71.6713	2,069.82	66.5093	2,069.82	70.3761	2,069.82	65.5411	2,069.82	70.1074	2,069.82	66.2508	2,069.82	65.9168	2,069.82	65.0215	2,069.82	61.3723	2,069.82	72.3812	2,069.82	62.1565
2,143.07	86.1439	2,143.07	84.0586	2,143.07	84.9306	2,143.07	79.5214	2,143.07	82.4068	2,143.07	78.673	2,143.07	73.6553	2,143.07	81.7101	2,143.07	77.9186	2,143.07	81.9583	2,143.07	83.6311	2,143.07	80.212	2,143.07	83.8649	2,143.07	79.0619	2,143.07	80.809	2,143.07	77.4161	2,143.07	75.5516	2,143.07	76.9795	2,143.07	74.0563	2,143.07	74.9736	2,143.07	72.8013	2,143.07	71.9997	2,143.07	66.4719	2,143.07	71.3105	2,143.07	67.0376	2,143.07	70.5488	2,143.07	64.1752	2,143.07	72.6506	2,143.07	64.4827	2,143.07	69.3009	2,143.07	63.619	2,143.07	68.8555	2,143.07	68.3602	2,143.07	57.6017	2,143.07	72.9322	2,143.07	63.0369
2,219.24	85.8523	2,219.24	83.9336	2,219.24	84.293	2,219.24	79.4219	2,219.24	81.6581	2,219.24	80.6321	2,219.24	76.8058	2,219.24	82.7337	2,219.24	77.62	2,219.24	81.0703	2,219.24	84.2732	2,219.24	80.7208	2,219.24	84.3524	2,219.24	79.5585	2,219.24	81.2383	2,219.24	76.154	2,219.24	76.8111	2,219.24	74.1645	2,219.24	72.3556	2,219.24	73.6783	2,219.24	69.7925	2,219.24	72.4139	2,219.24	68.2486	2,219.24	70.8297	2,219.24	66.9035	2,219.24	71.6227	2,219.24	66.7759	2,219.24	72.7676	2,219.24	60.8225	2,219.24	68.1576	2,219.24	64.0316	2,219.24	68.0878	2,219.24	67.7887	2,219.24	52.2506	2,219.24	72.2717	2,219.24	63.1927
2,296.88	86.6086	2,296.88	84.3837	2,296.88	85.3292	2,296.88	80.1534	2,296.88	81.3666	2,296.88	82.4963	2,296.88	76.5871	2,296.88	82.8869	2,296.88	76.5264	2,296.88	82.7239	2,296.88	83.6189	2,296.88	81.0156	2,296.88	84.1523	2,296.88	80.0128	2,296.88	80.9635	2,296.88	79.0551	2,296.88	77.615	2,296.88	76.5133	2,296.88	72.6663	2,296.88	75.109	2,296.88	68.2357	2,296.88	72.0486	2,296.88	67.5629	2,296.88	71.6497	2,296.88	65.616	2,296.88	70.7965	2,296.88	67.6389	2,296.88	72.5749	2,296.88	63.9392	2,296.88	69.6461	2,296.88	64.6233	2,296.88	68.4707	2,296.88	68.6317	2,296.88	57.1583	2,296.88	70.9389	2,296.88	64.0296
2,378.91	86.6755	2,378.91	84.4915	2,378.91	85.5771	2,378.91	81.9913	2,378.91	83.0344	2,378.91	83.0995	2,378.91	77.0529	2,378.91	83.8609	2,378.91	78.2471	2,378.91	82.3212	2,378.91	83.731	2,378.91	81.6404	2,378.91	84.719	2,378.91	78.6282	2,378.91	81.9887	2,378.91	76.7367	2,378.91	78.7752	2,378.91	77.6084	2,378.91	75.5721	2,378.91	73.2742	2,378.91	73.2654	2,378.91	73.6704	2,378.91	57.1669	2,378.91	70.7989	2,378.91	66.6613	2,378.91	70.034	2,378.91	66.7666	2,378.91	72.3377	2,378.91	68.4666	2,378.91	69.0554	2,378.91	63.3812	2,378.91	67.6458	2,378.91	69.7699	2,378.91	51.7504	2,378.91	71.726	2,378.91	66.5592
2,462.4	85.4536	2,462.4	83.6554	2,462.4	84.7831	2,462.4	82.6025	2,462.4	83.9601	2,462.4	84.2276	2,462.4	78.9496	2,462.4	83.7168	2,462.4	76.3516	2,462.4	82.1083	2,462.4	83.5262	2,462.4	80.9691	2,462.4	84.9351	2,462.4	80.2137	2,462.4	82.1594	2,462.4	77.742	2,462.4	76.9023	2,462.4	76.8984	2,462.4	73.4495	2,462.4	75.3305	2,462.4	74.6431	2,462.4	73.0428	2,462.4	67.3814	2,462.4	73.4333	2,462.4	63.9249	2,462.4	70.2975	2,462.4	64.649	2,462.4	72.8874	2,462.4	66.9021	2,462.4	71.0905	2,462.4	64.8197	2,462.4	67.6148	2,462.4	70.8675	2,462.4	47.9352	2,462.4	70.0191	2,462.4	64.0926
2,548.83	85.8087	2,548.83	83.8116	2,548.83	84.3296	2,548.83	83.1947	2,548.83	82.6864	2,548.83	84.6193	2,548.83	81.3772	2,548.83	83.5759	2,548.83	75.8871	2,548.83	83.2539	2,548.83	82.9715	2,548.83	82.4832	2,548.83	84.6622	2,548.83	80.6788	2,548.83	81.5498	2,548.83	77.7368	2,548.83	77.7978	2,548.83	76.803	2,548.83	76.2099	2,548.83	75.2696	2,548.83	75.6627	2,548.83	73.4398	2,548.83	65.5386	2,548.83	73.7784	2,548.83	61.4613	2,548.83	70.6804	2,548.83	65.9674	2,548.83	72.4085	2,548.83	68.8808	2,548.83	70.9118	2,548.83	62.0042	2,548.83	68.1521	2,548.83	69.7935	2,548.83	60.522	2,548.83	68.1346	2,548.83	64.7237
2,639.65	86.3242	2,639.65	84.5388	2,639.65	85.4396	2,639.65	84.6067	2,639.65	83.6169	2,639.65	84.0277	2,639.65	81.762	2,639.65	84.1489	2,639.65	77.2774	2,639.65	83.212	2,639.65	81.8968	2,639.65	82.0366	2,639.65	84.5874	2,639.65	80.6135	2,639.65	81.9061	2,639.65	76.5658	2,639.65	79.7358	2,639.65	74.6275	2,639.65	75.7038	2,639.65	72.4459	2,639.65	74.8292	2,639.65	72.0252	2,639.65	66.9525	2,639.65	71.8957	2,639.65	57.0834	2,639.65	69.6139	2,639.65	60.6837	2,639.65	71.3734	2,639.65	67.584	2,639.65	71.6199	2,639.65	59.7574	2,639.65	66.6399	2,639.65	68.8351	2,639.65	62.8517	2,639.65	69.1675	2,639.65	59.1377
2,731.93	85.3768	2,731.93	84.3552	2,731.93	84.5707	2,731.93	84.8764	2,731.93	84.3235	2,731.93	84.72	2,731.93	83.4114	2,731.93	84.5936	2,731.93	78.9275	2,731.93	83.0526	2,731.93	80.7073	2,731.93	81.4262	2,731.93	83.8578	2,731.93	78.8201	2,731.93	81.7855	2,731.93	78.0936	2,731.93	80.8522	2,731.93	76.2759	2,731.93	74.4759	2,731.93	74.7955	2,731.93	74.9501	2,731.93	71.3842	2,731.93	71.3836	2,731.93	71.7442	2,731.93	57.2693	2,731.93	69.8919	2,731.93	58.2058	2,731.93	71.4515	2,731.93	64.9071	2,731.93	70.9876	2,731.93	51.5652	2,731.93	66.5312	2,731.93	68.4694	2,731.93	59.309	2,731.93	70.3586	2,731.93	65.0334
2,828.61	85.1547	2,828.61	84.2358	2,828.61	84.4917	2,828.61	84.3275	2,828.61	83.6751	2,828.61	85.3943	2,828.61	84.1666	2,828.61	84.6953	2,828.61	80.453	2,828.61	83.2183	2,828.61	81.0474	2,828.61	81.1323	2,828.61	83.7495	2,828.61	79.5516	2,828.61	82.3151	2,828.61	78.0134	2,828.61	82.4156	2,828.61	77.4483	2,828.61	75.2589	2,828.61	74.3137	2,828.61	68.8539	2,828.61	72.7667	2,828.61	66.2609	2,828.61	72.6902	2,828.61	62.9472	2,828.61	69.6614	2,828.61	62.377	2,828.61	70.0159	2,828.61	65.0842	2,828.61	71.0733	2,828.61	55.8796	2,828.61	67.0504	2,828.61	68.6622	2,828.61	54.7691	2,828.61	69.6319	2,828.61	63.1793
2,928.22	85.7793	2,928.22	85.2247	2,928.22	85.1081	2,928.22	85.1978	2,928.22	83.1399	2,928.22	85.1945	2,928.22	84.6086	2,928.22	84.6185	2,928.22	81.0264	2,928.22	81.9209	2,928.22	80.2875	2,928.22	80.2184	2,928.22	83.7041	2,928.22	78.6954	2,928.22	81.9231	2,928.22	76.0075	2,928.22	80.6816	2,928.22	74.3853	2,928.22	72.8324	2,928.22	73.0097	2,928.22	55.7597	2,928.22	73.3035	2,928.22	71.452	2,928.22	71.9009	2,928.22	62.329	2,928.22	69.3094	2,928.22	39.5966	2,928.22	69.4663	2,928.22	59.2992	2,928.22	71.4841	2,928.22	52.2838	2,928.22	69.4383	2,928.22	69.9765	2,928.22	65.1831	2,928.22	69.5439	2,928.22	63.1914
3,030.76	85.8395	3,030.76	85.5179	3,030.76	85.4346	3,030.76	85.2384	3,030.76	83.7525	3,030.76	85.758	3,030.76	83.9433	3,030.76	83.9385	3,030.76	82.6373	3,030.76	81.6826	3,030.76	79.0321	3,030.76	81.4808	3,030.76	83.9935	3,030.76	78.3571	3,030.76	83.4997	3,030.76	78.595	3,030.76	81.0596	3,030.76	77.5228	3,030.76	73.3656	3,030.76	75.1853	3,030.76	66.2403	3,030.76	72.9144	3,030.76	70.4493	3,030.76	72.196	3,030.76	58.9264	3,030.76	68.3982	3,030.76	57.1895	3,030.76	70.4973	3,030.76	53.4608	3,030.76	71.0383	3,030.76	55.8501	3,030.76	69.181	3,030.76	69.5779	3,030.76	65.8362	3,030.76	68.312	3,030.76	62.2442
3,137.7	85.6286	3,137.7	85.1159	3,137.7	85.0651	3,137.7	85.3603	3,137.7	84.4543	3,137.7	86.1567	3,137.7	84.6375	3,137.7	83.4642	3,137.7	83.1617	3,137.7	82.3253	3,137.7	79.0772	3,137.7	81.255	3,137.7	83.6082	3,137.7	80.0866	3,137.7	83.6549	3,137.7	78.222	3,137.7	80.6314	3,137.7	73.4396	3,137.7	77.1046	3,137.7	72.4714	3,137.7	69.5142	3,137.7	71.5199	3,137.7	67.6292	3,137.7	72.1102	3,137.7	58.3598	3,137.7	70.0148	3,137.7	50.7383	3,137.7	71.2408	3,137.7	56.8683	3,137.7	71.3004	3,137.7	54.1294	3,137.7	67.9524	3,137.7	69.2604	3,137.7	62.8449	3,137.7	66.5862	3,137.7	48.1684
3,249.02	86.3265	3,249.02	85.3789	3,249.02	85.4471	3,249.02	85.7832	3,249.02	83.7967	3,249.02	85.5591	3,249.02	85.1287	3,249.02	83.4537	3,249.02	83.8725	3,249.02	82.2844	3,249.02	79.7447	3,249.02	81.7068	3,249.02	83.4616	3,249.02	78.479	3,249.02	83.7211	3,249.02	76.5999	3,249.02	80.0138	3,249.02	77.0388	3,249.02	77.8346	3,249.02	74.464	3,249.02	70.5145	3,249.02	73.5608	3,249.02	70.1095	3,249.02	71.85	3,249.02	52.7571	3,249.02	70.558	3,249.02	47.3776	3,249.02	70.2816	3,249.02	60.3929	3,249.02	71.9677	3,249.02	59.9255	3,249.02	69.7452	3,249.02	68.7891	3,249.02	66.7434	3,249.02	68.1671	3,249.02	59.7923
3,363.28	86.78	3,363.28	85.4092	3,363.28	85.9162	3,363.28	86.5376	3,363.28	84.6163	3,363.28	85.1923	3,363.28	84.3908	3,363.28	83.6642	3,363.28	83.909	3,363.28	82.9671	3,363.28	80.0098	3,363.28	81.6673	3,363.28	83.0674	3,363.28	78.8237	3,363.28	81.9707	3,363.28	78.6864	3,363.28	79.0529	3,363.28	74.4843	3,363.28	77.5874	3,363.28	72.7274	3,363.28	72.4794	3,363.28	72.3052	3,363.28	69.2174	3,363.28	69.9123	3,363.28	59.0878	3,363.28	69.2403	3,363.28	47.2459	3,363.28	68.9392	3,363.28	65.3596	3,363.28	71.7104	3,363.28	60.8623	3,363.28	69.5653	3,363.28	69.4768	3,363.28	68.1197	3,363.28	67.0235	3,363.28	62.6587
3,481.93	86.8656	3,481.93	85.1966	3,481.93	86.2704	3,481.93	86.9445	3,481.93	84.9985	3,481.93	85.3015	3,481.93	84.7453	3,481.93	84.0309	3,481.93	83.3907	3,481.93	82.8136	3,481.93	80.2504	3,481.93	80.2921	3,481.93	83.2731	3,481.93	79.5281	3,481.93	80.5987	3,481.93	76.1441	3,481.93	79.259	3,481.93	75.675	3,481.93	73.4053	3,481.93	75.1758	3,481.93	59.637	3,481.93	73.5081	3,481.93	72.6737	3,481.93	71.5991	3,481.93	68.0168	3,481.93	71.0951	3,481.93	50.528	3,481.93	71.0062	3,481.93	65.0115	3,481.93	71.4559	3,481.93	63.3482	3,481.93	70.4539	3,481.93	68.356	3,481.93	68.5948	3,481.93	67.0202	3,481.93	64.4706
3,604.98	86.4181	3,604.98	85.9344	3,604.98	86.8838	3,604.98	86.8363	3,604.98	84.7751	3,604.98	85.2753	3,604.98	85.3305	3,604.98	84.6989	3,604.98	83.5312	3,604.98	81.951	3,604.98	78.9337	3,604.98	82.2617	3,604.98	81.9489	3,604.98	79.421	3,604.98	79.47	3,604.98	78.9022	3,604.98	79.6794	3,604.98	75.8433	3,604.98	72.8178	3,604.98	73.7306	3,604.98	62.6664	3,604.98	72.2263	3,604.98	73.9266	3,604.98	70.4035	3,604.98	67.5908	3,604.98	69.7138	3,604.98	54.5601	3,604.98	69.683	3,604.98	65.8285	3,604.98	71.9305	3,604.98	62.0657	3,604.98	71.452	3,604.98	67.1678	3,604.98	67.8781	3,604.98	65.649	3,604.98	59.2624
3,732.42	86.5967	3,732.42	86.9099	3,732.42	87.5781	3,732.42	87.2415	3,732.42	85.1505	3,732.42	85.9204	3,732.42	85.5296	3,732.42	83.7791	3,732.42	83.9148	3,732.42	83.3406	3,732.42	79.3078	3,732.42	81.3885	3,732.42	81.3346	3,732.42	79.5029	3,732.42	79.5743	3,732.42	76.7494	3,732.42	79.1727	3,732.42	74.0982	3,732.42	74.2927	3,732.42	73.6579	3,732.42	69.3907	3,732.42	71.6437	3,732.42	72.2574	3,732.42	70.8067	3,732.42	62.7937	3,732.42	69.9054	3,732.42	59.4611	3,732.42	69.6872	3,732.42	64.7459	3,732.42	71.3192	3,732.42	60.5248	3,732.42	71.7992	3,732.42	66.1544	3,732.42	69.818	3,732.42	65.8868	3,732.42	61.2717
3,864.26	85.7995	3,864.26	87.1667	3,864.26	87.7189	3,864.26	86.1846	3,864.26	86.079	3,864.26	86.1854	3,864.26	85.2361	3,864.26	83.7987	3,864.26	83.9872	3,864.26	83.2246	3,864.26	79.9622	3,864.26	81.4374	3,864.26	80.9038	3,864.26	79.291	3,864.26	80.4288	3,864.26	77.3213	3,864.26	78.5291	3,864.26	77.0567	3,864.26	76.4626	3,864.26	73.1559	3,864.26	71.6089	3,864.26	71.39	3,864.26	71.7667	3,864.26	68.9364	3,864.26	66.8931	3,864.26	71.0375	3,864.26	64.5269	3,864.26	69.3397	3,864.26	65.5679	3,864.26	71.5636	3,864.26	62.4418	3,864.26	71.5668	3,864.26	66.8176	3,864.26	70.1115	3,864.26	61.706	3,864.26	64.282
4,000.49	86.3245	4,000.49	87.0717	4,000.49	87.139	4,000.49	87.0183	4,000.49	85.8182	4,000.49	86.111	4,000.49	86.0872	4,000.49	84.4125	4,000.49	84.131	4,000.49	82.9526	4,000.49	79.6366	4,000.49	81.8384	4,000.49	79.4167	4,000.49	79.5462	4,000.49	80.8665	4,000.49	79.4779	4,000.49	79.7822	4,000.49	74.7743	4,000.49	78.4982	4,000.49	74.4501	4,000.49	60.2627	4,000.49	70.3251	4,000.49	71.0942	4,000.49	70.157	4,000.49	68.9175	4,000.49	68.1026	4,000.49	66.2926	4,000.49	69.0461	4,000.49	62.4769	4,000.49	72.5093	4,000.49	63.983	4,000.49	72.364	4,000.49	67.7962	4,000.49	70.0727	4,000.49	59.5814	4,000.49	65.4566
4,141.11	86.4915	4,141.11	87.3009	4,141.11	87.22	4,141.11	87.2184	4,141.11	86.4775	4,141.11	86.1754	4,141.11	84.7884	4,141.11	84.2524	4,141.11	84.8311	4,141.11	83.2339	4,141.11	80.1087	4,141.11	82.4099	4,141.11	78.0097	4,141.11	80.3502	4,141.11	81.7342	4,141.11	77.2876	4,141.11	78.3015	4,141.11	76.8983	4,141.11	70.7445	4,141.11	74.2464	4,141.11	66.901	4,141.11	71.7129	4,141.11	72.3131	4,141.11	70.0051	4,141.11	63.8328	4,141.11	67.6941	4,141.11	61.5987	4,141.11	69.1056	4,141.11	59.736	4,141.11	72.2253	4,141.11	62.8106	4,141.11	72.4849	4,141.11	66.7984	4,141.11	70.3104	4,141.11	63.3671	4,141.11	62.1932
4,287.6	86.4671	4,287.6	86.5473	4,287.6	87.1286	4,287.6	86.9287	4,287.6	87.2822	4,287.6	85.9345	4,287.6	85.4078	4,287.6	84.1917	4,287.6	84.5589	4,287.6	83.454	4,287.6	81.7333	4,287.6	82.5561	4,287.6	77.922	4,287.6	79.3284	4,287.6	81.2416	4,287.6	78.0916	4,287.6	79.9047	4,287.6	72.7879	4,287.6	76.314	4,287.6	72.4275	4,287.6	65.1202	4,287.6	70.5777	4,287.6	71.4878	4,287.6	69.5601	4,287.6	62.4125	4,287.6	68.9615	4,287.6	59.256	4,287.6	66.0236	4,287.6	60.8877	4,287.6	70.8007	4,287.6	63.3266	4,287.6	72.3894	4,287.6	66.1109	4,287.6	70.4658	4,287.6	62.9361	4,287.6	63.7234
4,438.48	86.634	4,438.48	87.1761	4,438.48	86.5232	4,438.48	87.4764	4,438.48	87.0465	4,438.48	86.0008	4,438.48	85.8334	4,438.48	84.5515	4,438.48	84.3316	4,438.48	84.4266	4,438.48	83.0912	4,438.48	82.1077	4,438.48	80.7916	4,438.48	79.6469	4,438.48	81.8924	4,438.48	77.784	4,438.48	79.3883	4,438.48	77.3124	4,438.48	74.7732	4,438.48	73.5469	4,438.48	66.8908	4,438.48	71.852	4,438.48	71.4844	4,438.48	68.779	4,438.48	67.7092	4,438.48	69.6862	4,438.48	53.2759	4,438.48	66.0444	4,438.48	61.826	4,438.48	70.2752	4,438.48	63.6171	4,438.48	72.0563	4,438.48	63.8406	4,438.48	70.2657	4,438.48	63.593	4,438.48	65.3112
4,595.21	86.2465	4,595.21	86.353	4,595.21	86.561	4,595.21	86.6739	4,595.21	86.6095	4,595.21	85.6992	4,595.21	86.191	4,595.21	85.0036	4,595.21	84.2036	4,595.21	84.1125	4,595.21	84.8845	4,595.21	81.9524	4,595.21	81.5854	4,595.21	79.4419	4,595.21	82.1363	4,595.21	76.9449	4,595.21	79.3328	4,595.21	72.7876	4,595.21	72.6893	4,595.21	72.9795	4,595.21	64.0093	4,595.21	69.4422	4,595.21	68.4783	4,595.21	69.9222	4,595.21	70.387	4,595.21	68.5088	4,595.21	50.3707	4,595.21	65.614	4,595.21	63.7711	4,595.21	69.7397	4,595.21	62.8453	4,595.21	72.0531	4,595.21	63.1931	4,595.21	70.8248	4,595.21	64.2417	4,595.21	66.1183
4,756.35	85.6583	4,756.35	86.4487	4,756.35	85.8598	4,756.35	86.7602	4,756.35	86.479	4,756.35	85.9058	4,756.35	85.7427	4,756.35	85.5351	4,756.35	83.2654	4,756.35	83.9697	4,756.35	84	4,756.35	82.1431	4,756.35	80.8772	4,756.35	78.8641	4,756.35	81.9192	4,756.35	77.5488	4,756.35	78.4753	4,756.35	74.7888	4,756.35	74.0536	4,756.35	70.863	4,756.35	51.7839	4,756.35	70.412	4,756.35	65.9874	4,756.35	67.8196	4,756.35	66.401	4,756.35	68.6622	4,756.35	60.7144	4,756.35	66.9403	4,756.35	62.5451	4,756.35	68.8861	4,756.35	66.8235	4,756.35	72.0659	4,756.35	59.1452	4,756.35	70.2965	4,756.35	61.8267	4,756.35	67.1253
4,924.8	85.4426	4,924.8	86.2191	4,924.8	86.1927	4,924.8	85.701	4,924.8	85.9468	4,924.8	86.0841	4,924.8	85.773	4,924.8	85.5706	4,924.8	81.4472	4,924.8	83.8969	4,924.8	83.3998	4,924.8	81.967	4,924.8	79.8989	4,924.8	78.9223	4,924.8	78.9161	4,924.8	75.3797	4,924.8	76.8953	4,924.8	74.9328	4,924.8	73.9308	4,924.8	72.9734	4,924.8	57.1288	4,924.8	69.99	4,924.8	59.5985	4,924.8	69.4121	4,924.8	59.8953	4,924.8	67.3777	4,924.8	57.4082	4,924.8	66.0691	4,924.8	62.8324	4,924.8	68.9075	4,924.8	66.1923	4,924.8	72.1813	4,924.8	60.2644	4,924.8	70.8671	4,924.8	60.6839	4,924.8	66.3093
5,097.66	85.3902	5,097.66	85.2291	5,097.66	85.2265	5,097.66	85.9249	5,097.66	85.8308	5,097.66	86.6565	5,097.66	86.262	5,097.66	85.1465	5,097.66	80.6394	5,097.66	84.3489	5,097.66	84.2611	5,097.66	81.7655	5,097.66	79.0363	5,097.66	79.3195	5,097.66	73.9806	5,097.66	77.9858	5,097.66	78.969	5,097.66	73.744	5,097.66	75.9495	5,097.66	71.9917	5,097.66	65.4385	5,097.66	69.858	5,097.66	69.6047	5,097.66	67.039	5,097.66	60.3264	5,097.66	68.0743	5,097.66	53.4784	5,097.66	67.2061	5,097.66	61.653	5,097.66	68.3254	5,097.66	65.5444	5,097.66	71.5103	5,097.66	60.9614	5,097.66	70.6276	5,097.66	57.6827	5,097.66	66.5934
5,277.83	84.4805	5,277.83	85.4003	5,277.83	86.2794	5,277.83	85.2759	5,277.83	84.55	5,277.83	86.1027	5,277.83	85.7041	5,277.83	85.125	5,277.83	80.7395	5,277.83	84.1496	5,277.83	84.2191	5,277.83	81.7782	5,277.83	79.7598	5,277.83	79.2842	5,277.83	77.1853	5,277.83	75.6089	5,277.83	79.3873	5,277.83	74.5876	5,277.83	76.5744	5,277.83	70.8112	5,277.83	66.9642	5,277.83	69.3384	5,277.83	65.7152	5,277.83	68.5483	5,277.83	68.3879	5,277.83	66.2534	5,277.83	57.3949	5,277.83	66.0852	5,277.83	64.0171	5,277.83	67.6628	5,277.83	65.5151	5,277.83	71.2979	5,277.83	58.1902	5,277.83	70.4794	5,277.83	57.5953	5,277.83	65.3881
5,463.87	85.192	5,463.87	84.9161	5,463.87	85.5993	5,463.87	85.5884	5,463.87	84.4026	5,463.87	85.8337	5,463.87	84.8983	5,463.87	85.126	5,463.87	79.8612	5,463.87	83.6467	5,463.87	83.8555	5,463.87	81.2829	5,463.87	79.9195	5,463.87	78.6883	5,463.87	80.2922	5,463.87	75.2538	5,463.87	78.4868	5,463.87	74.8268	5,463.87	76.3569	5,463.87	71.0749	5,463.87	64.1647	5,463.87	68.6599	5,463.87	65.0155	5,463.87	68.188	5,463.87	67.0778	5,463.87	66.797	5,463.87	50.9145	5,463.87	64.7503	5,463.87	61.3322	5,463.87	65.7566	5,463.87	62.953	5,463.87	71.3674	5,463.87	48.5208	5,463.87	69.3558	5,463.87	57.446	5,463.87	64.7145
5,657.23	84.8956	5,657.23	84.308	5,657.23	85.9033	5,657.23	85.4246	5,657.23	84.7959	5,657.23	85.5667	5,657.23	85.1032	5,657.23	85.074	5,657.23	79.915	5,657.23	83.8504	5,657.23	83.8683	5,657.23	81.3118	5,657.23	80.9697	5,657.23	79.9909	5,657.23	81.1091	5,657.23	76.5152	5,657.23	77.0731	5,657.23	74.9237	5,657.23	75.1799	5,657.23	70.6276	5,657.23	55.1525	5,657.23	70.3783	5,657.23	71.367	5,657.23	67.3547	5,657.23	68.5023	5,657.23	66.5176	5,657.23	59.4789	5,657.23	63.7102	5,657.23	57.7853	5,657.23	65.4483	5,657.23	62.3311	5,657.23	70.6532	5,657.23	52.4171	5,657.23	68.6136	5,657.23	53.6138	5,657.23	64.5913
5,856.45	84.9536	5,856.45	84.6934	5,856.45	85.7241	5,856.45	85.2904	5,856.45	84.1886	5,856.45	85.395	5,856.45	85.0915	5,856.45	84.3368	5,856.45	80.917	5,856.45	83.8242	5,856.45	83.3904	5,856.45	81.3402	5,856.45	80.5528	5,856.45	80.2781	5,856.45	79.1578	5,856.45	76.1438	5,856.45	78.7394	5,856.45	75.6173	5,856.45	73.3343	5,856.45	70.3211	5,856.45	56.3375	5,856.45	69.1815	5,856.45	68.0697	5,856.45	67.2583	5,856.45	62.3543	5,856.45	64.3085	5,856.45	59.6168	5,856.45	64.6141	5,856.45	60.104	5,856.45	65.0404	5,856.45	62.2755	5,856.45	70.307	5,856.45	58.3556	5,856.45	68.6502	5,856.45	42.0397	5,856.45	63.2032
6,062.99	85.0796	6,062.99	84.7441	6,062.99	86.1702	6,062.99	85.4007	6,062.99	83.8371	6,062.99	84.834	6,062.99	84.7532	6,062.99	84.5252	6,062.99	81.7665	6,062.99	83.6448	6,062.99	81.4121	6,062.99	81.8431	6,062.99	81.4281	6,062.99	79.6806	6,062.99	77.3369	6,062.99	75.8259	6,062.99	77.5201	6,062.99	74.5065	6,062.99	67.5627	6,062.99	71.5647	6,062.99	66.2773	6,062.99	68.4934	6,062.99	71.4595	6,062.99	66.9921	6,062.99	53.3499	6,062.99	65.4322	6,062.99	53.9074	6,062.99	64.4516	6,062.99	61.0179	6,062.99	63.2673	6,062.99	64.3234	6,062.99	68.3303	6,062.99	55.7387	6,062.99	67.3277	6,062.99	48.958	6,062.99	65.8995
6,276.86	85.4093	6,276.86	85.4525	6,276.86	85.4861	6,276.86	85.0685	6,276.86	83.6459	6,276.86	84.7122	6,276.86	84.8055	6,276.86	84.1714	6,276.86	81.2437	6,276.86	83.882	6,276.86	80.5087	6,276.86	81.9451	6,276.86	81.3477	6,276.86	80.2385	6,276.86	75.5046	6,276.86	76.9675	6,276.86	75.8464	6,276.86	74.8437	6,276.86	68.9805	6,276.86	71.5675	6,276.86	65.6476	6,276.86	68.4974	6,276.86	69.1889	6,276.86	67.3991	6,276.86	60.8747	6,276.86	65.5913	6,276.86	58.4203	6,276.86	65.5884	6,276.86	52.1814	6,276.86	61.4165	6,276.86	63.4541	6,276.86	67.0486	6,276.86	55.5003	6,276.86	68.0214	6,276.86	55.6268	6,276.86	64.9029
6,498.05	85.095	6,498.05	85.4929	6,498.05	85.3782	6,498.05	84.9881	6,498.05	84.1615	6,498.05	84.7794	6,498.05	84.812	6,498.05	83.6686	6,498.05	82.3655	6,498.05	83.989	6,498.05	79.9657	6,498.05	81.7443	6,498.05	81.814	6,498.05	80.3262	6,498.05	73.2484	6,498.05	75.8619	6,498.05	75.7207	6,498.05	73.9068	6,498.05	70.185	6,498.05	70.6215	6,498.05	65.2364	6,498.05	67.5873	6,498.05	70.9828	6,498.05	67.0498	6,498.05	59.0654	6,498.05	64.4161	6,498.05	61.1286	6,498.05	64.4078	6,498.05	54.3264	6,498.05	60.639	6,498.05	62.0612	6,498.05	66.1534	6,498.05	52.5026	6,498.05	65.0882	6,498.05	54.8303	6,498.05	63.5477
6,726.56	85.2581	6,726.56	85.6856	6,726.56	84.9398	6,726.56	85.2847	6,726.56	84.2192	6,726.56	84.4815	6,726.56	84.921	6,726.56	84.0526	6,726.56	81.7186	6,726.56	84.1155	6,726.56	79.6712	6,726.56	81.6158	6,726.56	81.5065	6,726.56	79.5237	6,726.56	72.6069	6,726.56	75.0813	6,726.56	79.0702	6,726.56	72.7402	6,726.56	69.4646	6,726.56	69.7597	6,726.56	66.1163	6,726.56	66.3416	6,726.56	71.6417	6,726.56	65.3801	6,726.56	58.2627	6,726.56	63.7981	6,726.56	58.8547	6,726.56	63.6399	6,726.56	61.025	6,726.56	61.7735	6,726.56	50.8742	6,726.56	64.3005	6,726.56	47.1716	6,726.56	64.3498	6,726.56	45.0758	6,726.56	62.9128
6,963.87	85.3402	6,963.87	85.231	6,963.87	84.5274	6,963.87	85.3668	6,963.87	84.4562	6,963.87	84.1999	6,963.87	84.9656	6,963.87	84.4897	6,963.87	81.1044	6,963.87	83.991	6,963.87	76.7894	6,963.87	81.3152	6,963.87	80.0859	6,963.87	78.7704	6,963.87	75.5267	6,963.87	74.4445	6,963.87	78.4319	6,963.87	72.9363	6,963.87	72.6743	6,963.87	68.6847	6,963.87	58.212	6,963.87	66.5811	6,963.87	68.1586	6,963.87	64.8882	6,963.87	49.4369	6,963.87	62.1418	6,963.87	61.0178	6,963.87	63.5334	6,963.87	54.295	6,963.87	63.2788	6,963.87	51.3434	6,963.87	62.0711	6,963.87	51.2847	6,963.87	61.1441	6,963.87	49.2521	6,963.87	60.6876
7,209.96	84.777	7,209.96	85.7343	7,209.96	84.092	7,209.96	85.3323	7,209.96	84.4507	7,209.96	84.6119	7,209.96	84.9599	7,209.96	84.523	7,209.96	82.4175	7,209.96	84.2144	7,209.96	74.4713	7,209.96	80.534	7,209.96	79.16	7,209.96	78.5303	7,209.96	77.7397	7,209.96	74.8116	7,209.96	77.6169	7,209.96	72.613	7,209.96	68.1492	7,209.96	69.4087	7,209.96	65.899	7,209.96	66.284	7,209.96	69.8006	7,209.96	65.2182	7,209.96	47.5053	7,209.96	61.4506	7,209.96	61.65	7,209.96	63.284	7,209.96	57.9065	7,209.96	63.8969	7,209.96	57.0381	7,209.96	59.3698	7,209.96	56.893	7,209.96	59.1431	7,209.96	53.4869	7,209.96	60.5101
7,464.84	84.7287	7,464.84	85.7382	7,464.84	84.1916	7,464.84	85.4199	7,464.84	84.4558	7,464.84	84.9259	7,464.84	84.5415	7,464.84	84.9733	7,464.84	83.0695	7,464.84	84.0519	7,464.84	76.2853	7,464.84	80.5969	7,464.84	80.8468	7,464.84	78.6575	7,464.84	75.8595	7,464.84	74.9608	7,464.84	71.8308	7,464.84	72.1225	7,464.84	68.7093	7,464.84	69.8571	7,464.84	62.7677	7,464.84	66.7229	7,464.84	67.1776	7,464.84	65.6638	7,464.84	44.9462	7,464.84	63.154	7,464.84	60.4183	7,464.84	64.3967	7,464.84	55.5747	7,464.84	65.1318	7,464.84	49.571	7,464.84	58.966	7,464.84	55.9873	7,464.84	59.3088	7,464.84	54.7313	7,464.84	61.3444
7,727.05	84.5129	7,727.05	85.4524	7,727.05	83.8872	7,727.05	84.9847	7,727.05	84.6379	7,727.05	85.2382	7,727.05	84.2096	7,727.05	84.9811	7,727.05	82.5138	7,727.05	83.6822	7,727.05	78.478	7,727.05	81.083	7,727.05	82.7666	7,727.05	78.7918	7,727.05	70.8561	7,727.05	75.3988	7,727.05	75.2169	7,727.05	72.7178	7,727.05	69.2835	7,727.05	70.0672	7,727.05	65.4115	7,727.05	66.0293	7,727.05	71.4097	7,727.05	65.5779	7,727.05	55.7943	7,727.05	61.714	7,727.05	55.6623	7,727.05	63.6834	7,727.05	55.9721	7,727.05	65.0933	7,727.05	53.8648	7,727.05	61.9874	7,727.05	59.3486	7,727.05	58.5981	7,727.05	54.4004	7,727.05	59.9402
7,999.51	84.4973	7,999.51	85.3056	7,999.51	83.9358	7,999.51	84.863	7,999.51	84.4818	7,999.51	85.4565	7,999.51	84.4648	7,999.51	84.341	7,999.51	82.4247	7,999.51	83.7226	7,999.51	79.9557	7,999.51	80.8406	7,999.51	82.3376	7,999.51	78.9843	7,999.51	72.8975	7,999.51	75.0167	7,999.51	76.7865	7,999.51	72.0236	7,999.51	70.0362	7,999.51	68.4945	7,999.51	66.8708	7,999.51	64.7989	7,999.51	70.9811	7,999.51	64.6584	7,999.51	57.9881	7,999.51	61.1193	7,999.51	50.6259	7,999.51	63.3094	7,999.51	52.3665	7,999.51	65.2214	7,999.51	56.037	7,999.51	61.7791	7,999.51	59.0797	7,999.51	58.6583	7,999.51	57.1916	7,999.51	59.5257
8,282.23	85.105	8,282.23	85.1533	8,282.23	84.3636	8,282.23	85.3592	8,282.23	84.5726	8,282.23	85.049	8,282.23	83.9299	8,282.23	84.1871	8,282.23	81.9103	8,282.23	82.9784	8,282.23	79.1606	8,282.23	81.1486	8,282.23	80.0667	8,282.23	78.4312	8,282.23	75.5982	8,282.23	75.0937	8,282.23	73.4198	8,282.23	71.2759	8,282.23	68.4873	8,282.23	68.5768	8,282.23	65.4835	8,282.23	65.6381	8,282.23	67.7279	8,282.23	62.6246	8,282.23	56.5181	8,282.23	59.0575	8,282.23	52.5944	8,282.23	62.3276	8,282.23	27.9294	8,282.23	65.8569	8,282.23	54.0263	8,282.23	62.9909	8,282.23	58.8471	8,282.23	57.3904	8,282.23	55.449	8,282.23	58.4351
8,573.73	85.3306	8,573.73	85.128	8,573.73	84.8896	8,573.73	85.5756	8,573.73	84.4544	8,573.73	84.9587	8,573.73	84.3016	8,573.73	83.4671	8,573.73	81.4565	8,573.73	82.9821	8,573.73	78.212	8,573.73	80.8795	8,573.73	79.1822	8,573.73	78.4453	8,573.73	75.5991	8,573.73	74.0725	8,573.73	64.5367	8,573.73	70.3486	8,573.73	68.2358	8,573.73	67.2971	8,573.73	64.2159	8,573.73	64.7206	8,573.73	66.7894	8,573.73	61.2786	8,573.73	49.3022	8,573.73	59.4073	8,573.73	51.6427	8,573.73	61.4953	8,573.73	53.5829	8,573.73	64.5575	8,573.73	54.548	8,573.73	62.8766	8,573.73	53.7324	8,573.73	54.5665	8,573.73	55.8319	8,573.73	57.4968
8,876.95	85.4526	8,876.95	85.1916	8,876.95	85.5658	8,876.95	85.8442	8,876.95	83.7901	8,876.95	84.7515	8,876.95	83.9135	8,876.95	83.1307	8,876.95	82.3782	8,876.95	82.9562	8,876.95	77.8524	8,876.95	80.6248	8,876.95	80.4698	8,876.95	77.5464	8,876.95	72.4465	8,876.95	73.4304	8,876.95	66.8219	8,876.95	69.6779	8,876.95	68.2308	8,876.95	66.9426	8,876.95	62.0516	8,876.95	63.9307	8,876.95	67.2276	8,876.95	62.37	8,876.95	54.4576	8,876.95	58.3036	8,876.95	48.027	8,876.95	60.7325	8,876.95	48.5169	8,876.95	64.285	8,876.95	46.0389	8,876.95	63.165	8,876.95	55.7684	8,876.95	56.7814	8,876.95	54.1799	8,876.95	55.1493
9,188.96	85.8705	9,188.96	85.3452	9,188.96	85.6685	9,188.96	86.0882	9,188.96	83.7823	9,188.96	84.374	9,188.96	83.2417	9,188.96	82.9678	9,188.96	81.9967	9,188.96	83.0625	9,188.96	77.6414	9,188.96	80.1686	9,188.96	80.0606	9,188.96	76.9299	9,188.96	70.6299	9,188.96	72.8517	9,188.96	69.5286	9,188.96	68.4796	9,188.96	64.0064	9,188.96	66.7067	9,188.96	65.118	9,188.96	63.3329	9,188.96	69.1575	9,188.96	62.0187	9,188.96	47.2548	9,188.96	55.7462	9,188.96	43.9973	9,188.96	60.9961	9,188.96	45.22	9,188.96	63.9206	9,188.96	46.499	9,188.96	62.8042	9,188.96	56.5281	9,188.96	52.9376	9,188.96	54.4752	9,188.96	54.2703
9,514.16	85.6357	9,514.16	85.5844	9,514.16	86.0482	9,514.16	85.9923	9,514.16	83.86	9,514.16	84.0835	9,514.16	83.1937	9,514.16	83.1313	9,514.16	82.4705	9,514.16	82.883	9,514.16	77.3956	9,514.16	79.3419	9,514.16	78.7626	9,514.16	76.3109	9,514.16	73.1941	9,514.16	72.448	9,514.16	65.6028	9,514.16	67.6314	9,514.16	65.6796	9,514.16	64.915	9,514.16	67.308	9,514.16	62.2893	9,514.16	67.6488	9,514.16	60.4813	9,514.16	52.2774	9,514.16	56.1476	9,514.16	50.5598	9,514.16	59.965	9,514.16	44.0885	9,514.16	63.3482	9,514.16	52.6868	9,514.16	62.3954	9,514.16	56.908	9,514.16	53.62	9,514.16	54.8938	9,514.16	51.3649
9,849.61	85.9985	9,849.61	85.5446	9,849.61	85.8817	9,849.61	85.7347	9,849.61	84.2327	9,849.61	83.8394	9,849.61	83.5218	9,849.61	83.3817	9,849.61	81.3553	9,849.61	82.0277	9,849.61	74.8831	9,849.61	78.8736	9,849.61	78.9814	9,849.61	75.371	9,849.61	70.9141	9,849.61	71.6313	9,849.61	62.6454	9,849.61	67.1302	9,849.61	64.5667	9,849.61	63.9085	9,849.61	66.5021	9,849.61	60.1623	9,849.61	66.8373	9,849.61	59.2359	9,849.61	42.0372	9,849.61	53.6035	9,849.61	42.2036	9,849.61	57.6412	9,849.61	39.2398	9,849.61	62.4918	9,849.61	50.0488	9,849.61	61.7622	9,849.61	52.9095	9,849.61	55.5142	9,849.61	50.7501	9,849.61	51.9752
10,196.8	86.2906	10,196.8	86.1229	10,196.8	85.9183	10,196.8	85.5918	10,196.8	84.1969	10,196.8	84.0229	10,196.8	83.9077	10,196.8	82.9181	10,196.8	80.9539	10,196.8	81.3617	10,196.8	71.4236	10,196.8	78.0034	10,196.8	79.6715	10,196.8	74.6466	10,196.8	68.9126	10,196.8	70.3605	10,196.8	63.7266	10,196.8	65.6194	10,196.8	61.5098	10,196.8	62.7325	10,196.8	65.3002	10,196.8	58.6948	10,196.8	67.1875	10,196.8	58.3177	10,196.8	48.8651	10,196.8	51.9279	10,196.8	45.6957	10,196.8	56.7387	10,196.8	38.4297	10,196.8	60.9802	10,196.8	48.4732	10,196.8	59.33	10,196.8	37.5982	10,196.8	54.8179	10,196.8	42.9129	10,196.8	52.1764
10,555.7	86.502	10,555.7	86.2885	10,555.7	85.9902	10,555.7	85.4537	10,555.7	84.2432	10,555.7	84.187	10,555.7	83.1689	10,555.7	82.1793	10,555.7	80.8442	10,555.7	80.4645	10,555.7	73.2892	10,555.7	77.5198	10,555.7	78.5394	10,555.7	73.2469	10,555.7	67.7761	10,555.7	69.4127	10,555.7	60.0626	10,555.7	63.981	10,555.7	61.991	10,555.7	61.4489	10,555.7	65.4111	10,555.7	57.1943	10,555.7	65.4259	10,555.7	57.3514	10,555.7	46.4865	10,555.7	52.7599	10,555.7	33.5658	10,555.7	57.0688	10,555.7	43.7333	10,555.7	59.3194	10,555.7	26.1125	10,555.7	57.4652	10,555.7	36.1368	10,555.7	52.8298	10,555.7	43.5411	10,555.7	51.4523
10,927.7	86.7242	10,927.7	86.3334	10,927.7	86.0423	10,927.7	85.5446	10,927.7	84.6484	10,927.7	84.0111	10,927.7	82.6802	10,927.7	81.3079	10,927.7	80.667	10,927.7	79.6908	10,927.7	73.7412	10,927.7	76.5689	10,927.7	77.4915	10,927.7	71.7926	10,927.7	62.8533	10,927.7	67.2584	10,927.7	57.9053	10,927.7	61.4925	10,927.7	58.7799	10,927.7	58.7006	10,927.7	63.4479	10,927.7	53.4789	10,927.7	65.3722	10,927.7	52.869	10,927.7	51.066	10,927.7	50.4364	10,927.7	47.84	10,927.7	53.6777	10,927.7	48.3864	10,927.7	57.3083	10,927.7	43.2984	10,927.7	54.2147	10,927.7	47.0843	10,927.7	51.9138	10,927.7	42.0878	10,927.7	49.1531
11,313	86.9451	11,313	86.4324	11,313	85.9429	11,313	85.5928	11,313	84.7683	11,313	83.7033	11,313	82.1793	11,313	80.7176	11,313	79.7027	11,313	78.7527	11,313	71.8495	11,313	75.2547	11,313	75.3307	11,313	70.0991	11,313	64.2204	11,313	65.8528	11,313	52.0266	11,313	59.944	11,313	56.5528	11,313	56.3717	11,313	62.6955	11,313	52.1682	11,313	63.9168	11,313	50.0003	11,313	49.1932	11,313	47.5129	11,313	48.9802	11,313	50.9271	11,313	49.9793	11,313	54.3441	11,313	46.99	11,313	52.7459	11,313	45.1199	11,313	51.4911	11,313	39.7564	11,313	45.4833
11,712.9	87.0875	11,712.9	86.6141	11,712.9	86.2169	11,712.9	85.6493	11,712.9	84.7	11,712.9	83.1584	11,712.9	81.9228	11,712.9	80.1013	11,712.9	78.2411	11,712.9	77.4094	11,712.9	69.2024	11,712.9	73.6094	11,712.9	73.1311	11,712.9	68.1797	11,712.9	61.9618	11,712.9	63.3378	11,712.9	51.5379	11,712.9	55.8085	11,712.9	53.5453	11,712.9	54.3662	11,712.9	60.6083	11,712.9	48.0578	11,712.9	63.3046	11,712.9	47.638	11,712.9	47.2596	11,712.9	45.8801	11,712.9	46.6222	11,712.9	48.2381	11,712.9	47.1007	11,712.9	51.5023	11,712.9	46.1781	11,712.9	50.1104	11,712.9	43.9492	11,712.9	47.7275	11,712.9	38.4044	11,712.9	42.4664
12,126	87.2203	12,126	86.7471	12,126	86.4461	12,126	85.5872	12,126	84.5645	12,126	82.7767	12,126	81.5267	12,126	79.2447	12,126	77.3113	12,126	75.4308	12,126	68.0144	12,126	70.9855	12,126	71.2207	12,126	65.1337	12,126	57.7318	12,126	58.7758	12,126	52.8926	12,126	50.9542	12,126	50.405	12,126	48.3372	12,126	58.863	12,126	40.8384	12,126	61.8035	12,126	42.1563	12,126	42.725	12,126	40.9715	12,126	44.7179	12,126	42.5115	12,126	43.484	12,126	46.198	12,126	43.1158	12,126	43.6433	12,126	41.9641	12,126	43.3344	12,126	24.4763	12,126	32.805
12,553.7	87.1105	12,553.7	86.7504	12,553.7	86.4795	12,553.7	85.5557	12,553.7	84.4283	12,553.7	82.5107	12,553.7	81.2061	12,553.7	78.2793	12,553.7	76.3766	12,553.7	73.7	12,553.7	64.4941	12,553.7	68.166	12,553.7	67.574	12,553.7	60.0614	12,553.7	57.5421	12,553.7	52.5786	12,553.7	52.6003	12,553.7	36.6453	12,553.7	45.4404	12,553.7	32.7173	12,553.7	58.0366	12,553.7	32.9712	12,553.7	60.197	12,553.7	39.2626	12,553.7	40.0452	12,553.7	32.0535	12,553.7	41.7114	12,553.7	35.8278	12,553.7	35.7231	12,553.7	37.777	12,553.7	42.2072	12,553.7	38.3109	12,553.7	37.7141	12,553.7	37.234	12,553.7	31.2365	12,553.7	29.4649
12,996.1	87.1119	12,996.1	86.7068	12,996.1	86.362	12,996.1	85.3939	12,996.1	84.2226	12,996.1	82.2017	12,996.1	80.9447	12,996.1	77.636	12,996.1	75.3419	12,996.1	71.7326	12,996.1	63.6703	12,996.1	63.5861	12,996.1	61.6535	12,996.1	49.9116	12,996.1	56.1902	12,996.1	45.5662	12,996.1	54.8269	12,996.1	43.2901	12,996.1	48.7365	12,996.1	42.9311	12,996.1	55.6835	12,996.1	38.4372	12,996.1	55.6306	12,996.1	38.7082	12,996.1	24.8465	12,996.1	42.044	12,996.1	34.2099	12,996.1	38.956	12,996.1	39.7061	12,996.1	38.092	12,996.1	32.4238	12,996.1	43.4043	12,996.1	32.1179	12,996.1	39.4013	12,996.1	30.1611	12,996.1	36.6204
13,454.6	87.023	13,454.6	86.4858	13,454.6	86.2546	13,454.6	85.2435	13,454.6	84.1294	13,454.6	81.7559	13,454.6	80.5659	13,454.6	77.222	13,454.6	74.2781	13,454.6	69.613	13,454.6	62.3154	13,454.6	58.3421	13,454.6	54.8405	13,454.6	48.7765	13,454.6	59.4548	13,454.6	55.0408	13,454.6	56.2043	13,454.6	50.9572	13,454.6	48.3442	13,454.6	49.3478	13,454.6	55.7589	13,454.6	45.4656	13,454.6	53.5832	13,454.6	41.8979	13,454.6	39.3033	13,454.6	45.1611	13,454.6	38.9596	13,454.6	43.3288	13,454.6	42.7139	13,454.6	44.6777	13,454.6	36.8292	13,454.6	46.8714	13,454.6	41.6618	13,454.6	45.8931	13,454.6	42.173	13,454.6	40.2291
13,929.2	86.9058	13,929.2	86.3177	13,929.2	86.148	13,929.2	85.0274	13,929.2	83.9942	13,929.2	81.3494	13,929.2	80.5238	13,929.2	76.6518	13,929.2	74.7654	13,929.2	68.5103	13,929.2	63.4362	13,929.2	56.1207	13,929.2	50.3389	13,929.2	58.3403	13,929.2	63.622	13,929.2	59.0946	13,929.2	57.1376	13,929.2	53.7193	13,929.2	50.5445	13,929.2	51.6114	13,929.2	53.5303	13,929.2	47.4344	13,929.2	47.7754	13,929.2	43.1582	13,929.2	39.9163	13,929.2	44.7641	13,929.2	41.6933	13,929.2	42.6814	13,929.2	48.2706	13,929.2	45.8216	13,929.2	42.6751	13,929.2	47.2376	13,929.2	47.9418	13,929.2	48.8874	13,929.2	46.3064	13,929.2	41.981
14,419.9	86.425	14,419.9	86.0083	14,419.9	85.7948	14,419.9	84.5364	14,419.9	83.7102	14,419.9	81.0068	14,419.9	80.1235	14,419.9	75.5375	14,419.9	74.104	14,419.9	68.085	14,419.9	59.5721	14,419.9	60.868	14,419.9	60.4498	14,419.9	61.9439	14,419.9	65.039	14,419.9	59.8623	14,419.9	59.0883	14,419.9	54.0439	14,419.9	52.3969	14,419.9	53.4005	14,419.9	52.6557	14,419.9	44.7531	14,419.9	50.4698	14,419.9	39.1806	14,419.9	44.6881	14,419.9	45.3785	14,419.9	47.7756	14,419.9	40.5571	14,419.9	51.0892	14,419.9	45.2417	14,419.9	44.1465	14,419.9	48.03	14,419.9	49.1933	14,419.9	49.1869	14,419.9	46.6543	14,419.9	38.9103
14,928.2	85.889	14,928.2	85.7289	14,928.2	85.4229	14,928.2	84.0753	14,928.2	83.1091	14,928.2	80.5068	14,928.2	79.1623	14,928.2	74.4546	14,928.2	71.6637	14,928.2	65.5972	14,928.2	60.7153	14,928.2	65.3416	14,928.2	64.592	14,928.2	64.1113	14,928.2	66.3991	14,928.2	59.8699	14,928.2	61.4692	14,928.2	55.7757	14,928.2	51.5371	14,928.2	54.9002	14,928.2	52.719	14,928.2	45.8359	14,928.2	48.6077	14,928.2	40.9084	14,928.2	45.5395	14,928.2	45.1032	14,928.2	48.2891	14,928.2	41.6235	14,928.2	51.4776	14,928.2	46.2853	14,928.2	42.9068	14,928.2	45.8465	14,928.2	47.9266	14,928.2	47.4319	14,928.2	44.5104	14,928.2	41.7473
15,455.6	85.4107	15,455.6	85.2899	15,455.6	85.0011	15,455.6	83.5512	15,455.6	82.3644	15,455.6	79.5492	15,455.6	78.4566	15,455.6	73.6667	15,455.6	69.0277	15,455.6	63.7796	15,455.6	60.5238	15,455.6	67.9353	15,455.6	67.9384	15,455.6	65.8225	15,455.6	66.7858	15,455.6	62.5882	15,455.6	60.0637	15,455.6	58.1361	15,455.6	49.9352	15,455.6	56.6847	15,455.6	52.2591	15,455.6	44.3852	15,455.6	42.3772	15,455.6	45.5553	15,455.6	41.9795	15,455.6	47.1562	15,455.6	43.7056	15,455.6	44.7315	15,455.6	51.9106	15,455.6	48.8778	15,455.6	42.9679	15,455.6	45.5764	15,455.6	46.7306	15,455.6	41.63	15,455.6	42.0201	15,455.6	45.14
16,000.5	85.3074	16,000.5	84.7271	16,000.5	84.7409	16,000.5	82.9935	16,000.5	82.1543	16,000.5	78.5389	16,000.5	77.8773	16,000.5	72.463	16,000.5	69.7327	16,000.5	66.3253	16,000.5	62.941	16,000.5	67.914	16,000.5	68.0621	16,000.5	67.0094	16,000.5	65.7991	16,000.5	63.9681	16,000.5	64.1516	16,000.5	59.2284	16,000.5	48.4927	16,000.5	56.8969	16,000.5	50.5046	16,000.5	47.8713	16,000.5	42.1842	16,000.5	45.837	16,000.5	42.0406	16,000.5	47.7223	16,000.5	45.9583	16,000.5	44.648	16,000.5	51.3046	16,000.5	48.4801	16,000.5	41.2118	16,000.5	45.4443	16,000.5	45.9173	16,000.5	46.2455	16,000.5	30.6687	16,000.5	42.7418
16,564.5	85.2115	16,564.5	84.2694	16,564.5	84.2518	16,564.5	82.6614	16,564.5	81.7045	16,564.5	77.7293	16,564.5	77.3088	16,564.5	69.7505	16,564.5	68.3855	16,564.5	66.9275	16,564.5	61.9796	16,564.5	68.5255	16,564.5	69.4755	16,564.5	67.4826	16,564.5	64.3458	16,564.5	63.1122	16,564.5	61.8046	16,564.5	58.1195	16,564.5	48.7746	16,564.5	54.1073	16,564.5	48.8276	16,564.5	47.8978	16,564.5	48.4912	16,564.5	43.8585	16,564.5	49.3707	16,564.5	46.2067	16,564.5	47.8186	16,564.5	44.6646	16,564.5	49.5301	16,564.5	46.285	16,564.5	42.6543	16,564.5	43.1322	16,564.5	45.8233	16,564.5	44.0576	16,564.5	24.4155	16,564.5	42.707
17,148.9	84.8692	17,148.9	83.8077	17,148.9	83.6788	17,148.9	81.9078	17,148.9	80.9525	17,148.9	76.7619	17,148.9	76.1188	17,148.9	67.3058	17,148.9	60.4646	17,148.9	65.6808	17,148.9	59.294	17,148.9	69.7949	17,148.9	67.9419	17,148.9	67.1771	17,148.9	62.4275	17,148.9	61.0542	17,148.9	62.3752	17,148.9	57.1295	17,148.9	34.6129	17,148.9	52.7027	17,148.9	52.1788	17,148.9	47.379	17,148.9	45.532	17,148.9	41.429	17,148.9	47.2908	17,148.9	44.4271	17,148.9	46.5787	17,148.9	42.9172	17,148.9	47.4318	17,148.9	43.1287	17,148.9	40.5064	17,148.9	39.7216	17,148.9	43.9924	17,148.9	41.8458	17,148.9	31.3317	17,148.9	40.9924
17,752.4	84.2352	17,752.4	83.2615	17,752.4	82.8856	17,752.4	80.8558	17,752.4	79.7158	17,752.4	74.9488	17,752.4	74.1652	17,752.4	66.5545	17,752.4	56.1384	17,752.4	66.3845	17,752.4	56.5609	17,752.4	69.0787	17,752.4	67.2388	17,752.4	65.6489	17,752.4	62.258	17,752.4	59.4421	17,752.4	60.0156	17,752.4	55.832	17,752.4	39.474	17,752.4	50.5553	17,752.4	52.3301	17,752.4	47.5095	17,752.4	48.6466	17,752.4	41.085	17,752.4	45.9448	17,752.4	41.1106	17,752.4	38.5868	17,752.4	39.8658	17,752.4	44.8615	17,752.4	34.7498	17,752.4	32.1834	17,752.4	39.1109	17,752.4	35.166	17,752.4	41.7065	17,752.4	36.4466	17,752.4	41.4919
18,379.4	83.3481	18,379.4	82.4602	18,379.4	82.1403	18,379.4	79.5946	18,379.4	78.4224	18,379.4	72.8581	18,379.4	72.2544	18,379.4	65.4264	18,379.4	61.3929	18,379.4	65.5031	18,379.4	49.7884	18,379.4	66.152	18,379.4	65.1081	18,379.4	63.3736	18,379.4	60.2294	18,379.4	57.444	18,379.4	59.548	18,379.4	53.4724	18,379.4	45.4222	18,379.4	46.1089	18,379.4	51.8535	18,379.4	45.0262	18,379.4	44.2979	18,379.4	42.2897	18,379.4	37.1038	18,379.4	23.4537	18,379.4	40.0169	18,379.4	39.1681	18,379.4	37.1449	18,379.4	32.7246	18,379.4	25.0086	18,379.4	35.5567	18,379.4	41.8706	18,379.4	44.8295	18,379.4	44.3824	18,379.4	48.3664
19,026.9	82.7442	19,026.9	81.8483	19,026.9	81.5322	19,026.9	78.3049	19,026.9	76.9456	19,026.9	70.216	19,026.9	68.9099	19,026.9	64.6013	19,026.9	60.0749	19,026.9	66.9187	19,026.9	51.4373	19,026.9	66.2031	19,026.9	64.1347	19,026.9	62.0987	19,026.9	61.3783	19,026.9	55.2249	19,026.9	56.0094	19,026.9	52.0858	19,026.9	46.8379	19,026.9	40.8446	19,026.9	52.6794	19,026.9	44.5734	19,026.9	41.066	19,026.9	40.1232	19,026.9	40.2389	19,026.9	41.8681	19,026.9	42.3981	19,026.9	40.7011	19,026.9	44.3814	19,026.9	37.4528	19,026.9	40.0278	19,026.9	39.0022	19,026.9	40.8374	19,026.9	42.8134	19,026.9	40.5067	19,026.9	33.8134
19,697.8	81.9862	19,697.8	80.9313	19,697.8	80.6732	19,697.8	76.9539	19,697.8	75.1973	19,697.8	68.6143	19,697.8	64.3152	19,697.8	63.5231	19,697.8	63.943	19,697.8	66.0666	19,697.8	54.8114	19,697.8	65.1553	19,697.8	63.8388	19,697.8	61.1952	19,697.8	60.3178	19,697.8	54.4036	19,697.8	51.6852	19,697.8	51.5194	19,697.8	46.5371	19,697.8	38.4929	19,697.8	50.0308	19,697.8	42.3119	19,697.8	22.7915	19,697.8	37.5865	19,697.8	44.0439	19,697.8	40.2995	19,697.8	40.9126	19,697.8	42.4579	19,697.8	44.9592	19,697.8	36.1831	19,697.8	36.8981	19,697.8	42.4726	19,697.8	40.3628	19,697.8	45.1424	19,697.8	42.7302	19,697.8	34.3459
19,999.5	81.7331	19,999.5	80.455	19,999.5	80.4528	19,999.5	76.1889	19,999.5	74.2953	19,999.5	68.5099	19,999.5	59.7954	19,999.5	63.855	19,999.5	65.2178	19,999.5	66.1152	19,999.5	57.932	19,999.5	64.8801	19,999.5	63.1171	19,999.5	60.9369	19,999.5	59.7869	19,999.5	54.1346	19,999.5	45.3648	19,999.5	51.4965	19,999.5	41.0844	19,999.5	41.3614	19,999.5	53.2912	19,999.5	40.7639	19,999.5	40.28	19,999.5	41.3494	19,999.5	44.9198	19,999.5	47.8566	19,999.5	46.1587	19,999.5	44.0464	19,999.5	47.9618	19,999.5	47.2473	19,999.5	45.6362	19,999.5	41.3702	19,999.5	44.8687	19,999.5	43.464	19,999.5	45.5347	19,999.5	33.2141
