"SPL Vertical"																																																																							
"On-Axis"		"10°"		"-10°"		"20°"		"-20°"		"30°"		"-30°"		"40°"		"-40°"		"50°"		"-50°"		"60°"		"-60°"		"70°"		"-70°"		"80°"		"-80°"		"90°"		"-90°"		"100°"		"-100°"		"110°"		"-110°"		"120°"		"-120°"		"130°"		"-130°"		"140°"		"-140°"		"150°"		"-150°"		"160°"		"-160°"		"170°"		"-170°"		"180°"	
"Frequency / Hz"	"Sound Pressure Level / dB (re 20 µPa/V)  [2.83  V @ 1. m]"	"Frequency / Hz"	"Sound Pressure Level / dB (re 20 µPa/V)  [2.83  V @ 1. m]"	"Frequency / Hz"	"Sound Pressure Level / dB (re 20 µPa/V)  [2.83  V @ 1. m]"	"Frequency / Hz"	"Sound Pressure Level / dB (re 20 µPa/V)  [2.83  V @ 1. m]"	"Frequency / Hz"	"Sound Pressure Level / dB (re 20 µPa/V)  [2.83  V @ 1. m]"	"Frequency / Hz"	"Sound Pressure Level / dB (re 20 µPa/V)  [2.83  V @ 1. m]"	"Frequency / Hz"	"Sound Pressure Level / dB (re 20 µPa/V)  [2.83  V @ 1. m]"	"Frequency / Hz"	"Sound Pressure Level / dB (re 20 µPa/V)  [2.83  V @ 1. m]"	"Frequency / Hz"	"Sound Pressure Level / dB (re 20 µPa/V)  [2.83  V @ 1. m]"	"Frequency / Hz"	"Sound Pressure Level / dB (re 20 µPa/V)  [2.83  V @ 1. m]"	"Frequency / Hz"	"Sound Pressure Level / dB (re 20 µPa/V)  [2.83  V @ 1. m]"	"Frequency / Hz"	"Sound Pressure Level / dB (re 20 µPa/V)  [2.83  V @ 1. m]"	"Frequency / Hz"	"Sound Pressure Level / dB (re 20 µPa/V)  [2.83  V @ 1. m]"	"Frequency / Hz"	"Sound Pressure Level / dB (re 20 µPa/V)  [2.83  V @ 1. m]"	"Frequency / Hz"	"Sound Pressure Level / dB (re 20 µPa/V)  [2.83  V @ 1. m]"	"Frequency / Hz"	"Sound Pressure Level / dB (re 20 µPa/V)  [2.83  V @ 1. m]"	"Frequency / Hz"	"Sound Pressure Level / dB (re 20 µPa/V)  [2.83  V @ 1. m]"	"Frequency / Hz"	"Sound Pressure Level / dB (re 20 µPa/V)  [2.83  V @ 1. m]"	"Frequency / Hz"	"Sound Pressure Level / dB (re 20 µPa/V)  [2.83  V @ 1. m]"	"Frequency / Hz"	"Sound Pressure Level / dB (re 20 µPa/V)  [2.83  V @ 1. m]"	"Frequency / Hz"	"Sound Pressure Level / dB (re 20 µPa/V)  [2.83  V @ 1. m]"	"Frequency / Hz"	"Sound Pressure Level / dB (re 20 µPa/V)  [2.83  V @ 1. m]"	"Frequency / Hz"	"Sound Pressure Level / dB (re 20 µPa/V)  [2.83  V @ 1. m]"	"Frequency / Hz"	"Sound Pressure Level / dB (re 20 µPa/V)  [2.83  V @ 1. m]"	"Frequency / Hz"	"Sound Pressure Level / dB (re 20 µPa/V)  [2.83  V @ 1. m]"	"Frequency / Hz"	"Sound Pressure Level / dB (re 20 µPa/V)  [2.83  V @ 1. m]"	"Frequency / Hz"	"Sound Pressure Level / dB (re 20 µPa/V)  [2.83  V @ 1. m]"	"Frequency / Hz"	"Sound Pressure Level / dB (re 20 µPa/V)  [2.83  V @ 1. m]"	"Frequency / Hz"	"Sound Pressure Level / dB (re 20 µPa/V)  [2.83  V @ 1. m]"	"Frequency / Hz"	"Sound Pressure Level / dB (re 20 µPa/V)  [2.83  V @ 1. m]"	"Frequency / Hz"	"Sound Pressure Level / dB (re 20 µPa/V)  [2.83  V @ 1. m]"	"Frequency / Hz"	"Sound Pressure Level / dB (re 20 µPa/V)  [2.83  V @ 1. m]"	"Frequency / Hz"	"Sound Pressure Level / dB (re 20 µPa/V)  [2.83  V @ 1. m]"	"Frequency / Hz"	"Sound Pressure Level / dB (re 20 µPa/V)  [2.83  V @ 1. m]"	"Frequency / Hz"	"Sound Pressure Level / dB (re 20 µPa/V)  [2.83  V @ 1. m]"	"Frequency / Hz"	"Sound Pressure Level / dB (re 20 µPa/V)  [2.83  V @ 1. m]"
20.5078	88.9942	20.5078	88.9997	20.5078	89.0059	20.5078	89.0223	20.5078	89.0347	20.5078	89.0617	20.5078	89.0799	20.5078	89.1172	20.5078	89.141	20.5078	89.188	20.5078	89.217	20.5078	89.2729	20.5078	89.3066	20.5078	89.3702	20.5078	89.4083	20.5078	89.4781	20.5078	89.52	20.5078	89.5941	20.5078	89.6393	20.5078	89.7153	20.5078	89.7632	20.5078	89.8385	20.5078	89.8878	20.5078	89.9597	20.5078	90.0091	20.5078	90.0747	20.5078	90.1222	20.5078	90.1791	20.5078	90.2221	20.5078	90.2683	20.5078	90.304	20.5078	90.338	20.5078	90.3636	20.5078	90.3844	20.5078	90.3978	20.5078	90.4048
21.9727	90.092	21.9727	90.0959	21.9727	90.1046	21.9727	90.1161	21.9727	90.1335	21.9727	90.1522	21.9727	90.1784	21.9727	90.2037	21.9727	90.2384	21.9727	90.2695	21.9727	90.3128	21.9727	90.3484	21.9727	90.4	21.9727	90.4389	21.9727	90.4985	21.9727	90.5391	21.9727	90.6062	21.9727	90.6469	21.9727	90.7204	21.9727	90.7599	21.9727	90.8383	21.9727	90.8752	21.9727	90.9563	21.9727	90.9896	21.9727	91.0705	21.9727	91.0995	21.9727	91.1765	21.9727	91.2008	21.9727	91.2697	21.9727	91.2889	21.9727	91.3454	21.9727	91.3594	21.9727	91.3996	21.9727	91.4081	21.9727	91.429	21.9727	91.4319
23.4375	90.9129	23.4375	90.9188	23.4375	90.9231	23.4375	90.9405	23.4375	90.949	23.4375	90.9777	23.4375	90.9904	23.4375	91.0296	23.4375	91.0463	23.4375	91.0953	23.4375	91.1159	23.4375	91.1734	23.4375	91.1978	23.4375	91.2622	23.4375	91.2902	23.4375	91.3598	23.4375	91.3913	23.4375	91.4639	23.4375	91.4985	23.4375	91.5719	23.4375	91.6092	23.4375	91.681	23.4375	91.7202	23.4375	91.788	23.4375	91.8279	23.4375	91.8895	23.4375	91.9284	23.4375	91.9819	23.4375	92.0175	23.4375	92.0611	23.4375	92.091	23.4375	92.1232	23.4375	92.1448	23.4375	92.1646	23.4375	92.176	23.4375	92.1826
24.9023	91.6203	24.9023	91.6258	24.9023	91.6302	24.9023	91.6465	24.9023	91.6555	24.9023	91.6821	24.9023	91.6957	24.9023	91.7316	24.9023	91.7501	24.9023	91.7941	24.9023	91.8176	24.9023	91.8682	24.9023	91.897	24.9023	91.9522	24.9023	91.9865	24.9023	92.0442	24.9023	92.0843	24.9023	92.1422	24.9023	92.1878	24.9023	92.2439	24.9023	92.2945	24.9023	92.3467	24.9023	92.4012	24.9023	92.4481	24.9023	92.5045	24.9023	92.545	24.9023	92.6006	24.9023	92.6341	24.9023	92.6854	24.9023	92.7116	24.9023	92.7546	24.9023	92.7735	24.9023	92.8046	24.9023	92.8159	24.9023	92.8323	24.9023	92.8361
26.3672	92.2624	26.3672	92.2635	26.3672	92.2761	26.3672	92.2793	26.3672	92.3044	26.3672	92.3094	26.3672	92.3469	26.3672	92.3532	26.3672	92.4029	26.3672	92.4096	26.3672	92.4712	26.3672	92.4774	26.3672	92.5505	26.3672	92.555	26.3672	92.6392	26.3672	92.6408	26.3672	92.7353	26.3672	92.7328	26.3672	92.8363	26.3672	92.8289	26.3672	92.9396	26.3672	92.9269	26.3672	93.0421	26.3672	93.0246	26.3672	93.1404	26.3672	93.1194	26.3672	93.2306	26.3672	93.2082	26.3672	93.3086	26.3672	93.2875	26.3672	93.3705	26.3672	93.3531	26.3672	93.4127	26.3672	93.4012	26.3672	93.4323	26.3672	93.4284
27.832	92.8834	27.832	92.8837	27.832	92.8974	27.832	92.898	27.832	92.9255	27.832	92.9259	27.832	92.9675	27.832	92.9666	27.832	93.0225	27.832	93.0191	27.832	93.0896	27.832	93.082	27.832	93.1674	27.832	93.1541	27.832	93.2542	27.832	93.2337	27.832	93.348	27.832	93.3191	27.832	93.4464	27.832	93.4087	27.832	93.5467	27.832	93.5009	27.832	93.6458	27.832	93.5938	27.832	93.7404	27.832	93.6855	27.832	93.8267	27.832	93.7732	27.832	93.9009	27.832	93.8533	27.832	93.9589	27.832	93.9215	27.832	93.9971	27.832	93.9733	27.832	94.0127	27.832	94.0045
29.2969	93.4213	29.2969	93.422	29.2969	93.4349	29.2969	93.4368	29.2969	93.4628	29.2969	93.4652	29.2969	93.5045	29.2969	93.5065	29.2969	93.5595	29.2969	93.5595	29.2969	93.6266	29.2969	93.623	29.2969	93.7045	29.2969	93.6954	29.2969	93.7915	29.2969	93.7753	29.2969	93.8856	29.2969	93.8609	29.2969	93.9844	29.2969	93.9505	29.2969	94.085	29.2969	94.0426	29.2969	94.1846	29.2969	94.1355	29.2969	94.2795	29.2969	94.227	29.2969	94.3662	29.2969	94.3144	29.2969	94.4405	29.2969	94.3942	29.2969	94.4986	29.2969	94.462	29.2969	94.5368	29.2969	94.5134	29.2969	94.5524	29.2969	94.5444
30.7617	93.9524	30.7617	93.953	30.7617	93.966	30.7617	93.9678	30.7617	93.9938	30.7617	93.996	30.7617	94.0354	30.7617	94.0371	30.7617	94.0902	30.7617	94.0901	30.7617	94.1571	30.7617	94.1536	30.7617	94.2349	30.7617	94.2265	30.7617	94.3219	30.7617	94.307	30.7617	94.4161	30.7617	94.3937	30.7617	94.515	30.7617	94.4849	30.7617	94.6161	30.7617	94.5788	30.7617	94.7161	30.7617	94.6736	30.7617	94.8117	30.7617	94.7669	30.7617	94.8993	30.7617	94.8557	30.7617	94.9747	30.7617	94.9362	30.7617	95.034	30.7617	95.004	30.7617	95.0737	30.7617	95.0546	30.7617	95.0909	30.7617	95.0844
32.2266	94.3654	32.2266	94.3687	32.2266	94.3768	32.2266	94.3865	32.2266	94.4029	32.2266	94.4183	32.2266	94.4434	32.2266	94.4633	32.2266	94.4974	32.2266	94.5204	32.2266	94.564	32.2266	94.5885	32.2266	94.6419	32.2266	94.6658	32.2266	94.7294	32.2266	94.7507	32.2266	94.8245	32.2266	94.8414	32.2266	94.9247	32.2266	94.9358	32.2266	95.0272	32.2266	95.032	32.2266	95.1291	32.2266	95.1277	32.2266	95.2268	32.2266	95.2205	32.2266	95.3165	32.2266	95.3071	32.2266	95.3943	32.2266	95.384	32.2266	95.4564	32.2266	95.4473	32.2266	95.4992	32.2266	95.493	32.2266	95.5201	32.2266	95.5179
33.6914	94.7428	33.6914	94.7456	33.6914	94.7546	33.6914	94.763	33.6914	94.7811	33.6914	94.7944	33.6914	94.8217	33.6914	94.8391	33.6914	94.8759	33.6914	94.8961	33.6914	94.9425	33.6914	94.964	33.6914	95.0201	33.6914	95.0413	33.6914	95.1072	33.6914	95.1263	33.6914	95.2016	33.6914	95.2172	33.6914	95.301	33.6914	95.3119	33.6914	95.4026	33.6914	95.4083	33.6914	95.5034	33.6914	95.5041	33.6914	95.6	33.6914	95.5966	33.6914	95.6886	33.6914	95.6827	33.6914	95.7656	33.6914	95.7588	33.6914	95.827	33.6914	95.8209	33.6914	95.8696	33.6914	95.8654	33.6914	95.8908	33.6914	95.8893
35.1562	95.046	35.1562	95.0486	35.1562	95.058	35.1562	95.0656	35.1562	95.0845	35.1562	95.0966	35.1562	95.1249	35.1562	95.1407	35.1562	95.1787	35.1562	95.1971	35.1562	95.2448	35.1562	95.2643	35.1562	95.3217	35.1562	95.341	35.1562	95.4077	35.1562	95.4253	35.1562	95.501	35.1562	95.5154	35.1562	95.599	35.1562	95.6092	35.1562	95.6991	35.1562	95.7045	35.1562	95.7981	35.1562	95.799	35.1562	95.8929	35.1562	95.89	35.1562	95.9797	35.1562	95.9743	35.1562	96.0549	35.1562	96.0486	35.1562	96.1148	35.1562	96.1091	35.1562	96.1563	35.1562	96.1523	35.1562	96.1769	35.1562	96.1755
36.6211	95.3086	36.6211	95.3109	36.6211	95.3207	36.6211	95.3273	36.6211	95.347	36.6211	95.3576	36.6211	95.3871	36.6211	95.4008	36.6211	95.4402	36.6211	95.4561	36.6211	95.5054	36.6211	95.522	36.6211	95.5811	36.6211	95.5972	36.6211	95.6658	36.6211	95.68	36.6211	95.7573	36.6211	95.7684	36.6211	95.8534	36.6211	95.8604	36.6211	95.9514	36.6211	95.954	36.6211	96.0484	36.6211	96.0469	36.6211	96.141	36.6211	96.1362	36.6211	96.2259	36.6211	96.2191	36.6211	96.2993	36.6211	96.2921	36.6211	96.3578	36.6211	96.3516	36.6211	96.3983	36.6211	96.3941	36.6211	96.4184	36.6211	96.4169
38.0859	95.5693	38.0859	95.5715	38.0859	95.5811	38.0859	95.5876	38.0859	95.6068	38.0859	95.617	38.0859	95.646	38.0859	95.6591	38.0859	95.6979	38.0859	95.7128	38.0859	95.7616	38.0859	95.7768	38.0859	95.8356	38.0859	95.8497	38.0859	95.9184	38.0859	95.9297	38.0859	96.0079	38.0859	96.0153	38.0859	96.1017	38.0859	96.1043	38.0859	96.1973	38.0859	96.1949	38.0859	96.2917	38.0859	96.2847	38.0859	96.3817	38.0859	96.3714	38.0859	96.4638	38.0859	96.4519	38.0859	96.5347	38.0859	96.523	38.0859	96.5908	38.0859	96.5811	38.0859	96.6294	38.0859	96.623	38.0859	96.648	38.0859	96.6458
39.5508	95.7703	39.5508	95.7727	39.5508	95.7817	39.5508	95.7889	39.5508	95.8069	39.5508	95.8184	39.5508	95.8455	39.5508	95.8605	39.5508	95.8967	39.5508	95.9142	39.5508	95.9594	39.5508	95.9781	39.5508	96.0324	39.5508	96.051	39.5508	96.1138	39.5508	96.1311	39.5508	96.2019	39.5508	96.2166	39.5508	96.2942	39.5508	96.3054	39.5508	96.3882	39.5508	96.3956	39.5508	96.4811	39.5508	96.4847	39.5508	96.5698	39.5508	96.5702	39.5508	96.6509	39.5508	96.649	39.5508	96.721	39.5508	96.7181	39.5508	96.7769	39.5508	96.7739	39.5508	96.8156	39.5508	96.8135	39.5508	96.8352	39.5508	96.8344
41.0156	95.9383	41.0156	95.9384	41.0156	95.9519	41.0156	95.9521	41.0156	95.9791	41.0156	95.979	41.0156	96.0194	41.0156	96.0184	41.0156	96.0721	41.0156	96.0694	41.0156	96.1361	41.0156	96.1307	41.0156	96.21	41.0156	96.2011	41.0156	96.2922	41.0156	96.279	41.0156	96.3806	41.0156	96.3625	41.0156	96.4729	41.0156	96.45	41.0156	96.5665	41.0156	96.5393	41.0156	96.6585	41.0156	96.6282	41.0156	96.7458	41.0156	96.7142	41.0156	96.8249	41.0156	96.7942	41.0156	96.8924	41.0156	96.8652	41.0156	96.9451	41.0156	96.9238	41.0156	96.9803	41.0156	96.9667	41.0156	96.996	41.0156	96.9913
42.4805	96.0773	42.4805	96.0785	42.4805	96.0898	42.4805	96.0933	42.4805	96.1157	42.4805	96.1213	42.4805	96.1548	42.4805	96.1617	42.4805	96.206	42.4805	96.2137	42.4805	96.2685	42.4805	96.276	42.4805	96.3408	42.4805	96.3473	42.4805	96.4212	42.4805	96.4259	42.4805	96.5079	42.4805	96.5099	42.4805	96.5985	42.4805	96.5974	42.4805	96.6906	42.4805	96.686	42.4805	96.7812	42.4805	96.7734	42.4805	96.8673	42.4805	96.8569	42.4805	96.9455	42.4805	96.9338	42.4805	97.0127	42.4805	97.0011	42.4805	97.0656	42.4805	97.0557	42.4805	97.1015	42.4805	97.0949	42.4805	97.1187	42.4805	97.1164
43.9453	96.2215	43.9453	96.2218	43.9453	96.2346	43.9453	96.2353	43.9453	96.2609	43.9453	96.2619	43.9453	96.2998	43.9453	96.3007	43.9453	96.3506	43.9453	96.3511	43.9453	96.4122	43.9453	96.4117	43.9453	96.4833	43.9453	96.4812	43.9453	96.5622	43.9453	96.5581	43.9453	96.6471	43.9453	96.6403	43.9453	96.7357	43.9453	96.726	43.9453	96.8256	43.9453	96.8128	43.9453	96.914	43.9453	96.8985	43.9453	96.9978	43.9453	96.9803	43.9453	97.0738	43.9453	97.0558	43.9453	97.1388	43.9453	97.1219	43.9453	97.1897	43.9453	97.1758	43.9453	97.224	43.9453	97.2148	43.9453	97.2399	43.9453	97.2367
45.4102	96.3458	45.4102	96.3462	45.4102	96.3585	45.4102	96.3595	45.4102	96.3841	45.4102	96.3854	45.4102	96.422	45.4102	96.4231	45.4102	96.4715	45.4102	96.4719	45.4102	96.5315	45.4102	96.5305	45.4102	96.6008	45.4102	96.5977	45.4102	96.6776	45.4102	96.6717	45.4102	96.7602	45.4102	96.7509	45.4102	96.8462	45.4102	96.8333	45.4102	96.9334	45.4102	96.9169	45.4102	97.0189	45.4102	96.9995	45.4102	97.0998	45.4102	97.0787	45.4102	97.173	45.4102	97.1518	45.4102	97.2355	45.4102	97.2161	45.4102	97.2843	45.4102	97.2686	45.4102	97.317	45.4102	97.3068	45.4102	97.3319	45.4102	97.3284
46.875	96.4482	46.875	96.449	46.875	96.4602	46.875	96.4623	46.875	96.4847	46.875	96.4879	46.875	96.5212	46.875	96.525	46.875	96.5691	46.875	96.5727	46.875	96.6272	46.875	96.6299	46.875	96.6942	46.875	96.6952	46.875	96.7686	46.875	96.767	46.875	96.8484	46.875	96.8437	46.875	96.9316	46.875	96.9234	46.875	97.0156	46.875	97.004	46.875	97.098	46.875	97.0835	46.875	97.1759	46.875	97.1594	46.875	97.2463	46.875	97.2294	46.875	97.3064	46.875	97.2906	46.875	97.3533	46.875	97.3405	46.875	97.3849	46.875	97.3765	46.875	97.3995	46.875	97.3966
48.3398	96.5307	48.3398	96.5307	48.3398	96.5428	48.3398	96.5429	48.3398	96.5669	48.3398	96.5668	48.3398	96.6026	48.3398	96.6018	48.3398	96.649	48.3398	96.647	48.3398	96.7051	48.3398	96.7014	48.3398	96.7696	48.3398	96.7637	48.3398	96.8408	48.3398	96.8323	48.3398	96.917	48.3398	96.9056	48.3398	96.9961	48.3398	96.9819	48.3398	97.0758	48.3398	97.0592	48.3398	97.1536	48.3398	97.1353	48.3398	97.2269	48.3398	97.2079	48.3398	97.293	48.3398	97.2747	48.3398	97.3492	48.3398	97.333	48.3398	97.3931	48.3398	97.3803	48.3398	97.4226	48.3398	97.4144	48.3398	97.4362	48.3398	97.4334
51.2695	96.664	51.2695	96.6641	51.2695	96.6754	51.2695	96.6756	51.2695	96.698	51.2695	96.6983	51.2695	96.7314	51.2695	96.7315	51.2695	96.7747	51.2695	96.7746	51.2695	96.827	51.2695	96.8264	51.2695	96.8869	51.2695	96.8856	51.2695	96.9528	51.2695	96.9509	51.2695	97.023	51.2695	97.0205	51.2695	97.0956	51.2695	97.0927	51.2695	97.1685	51.2695	97.1653	51.2695	97.2394	51.2695	97.2361	51.2695	97.3061	51.2695	97.3029	51.2695	97.3662	51.2695	97.3633	51.2695	97.4175	51.2695	97.4151	51.2695	97.458	51.2695	97.4561	51.2695	97.4858	51.2695	97.4846	51.2695	97.4998	51.2695	97.4994
52.7344	96.6836	52.7344	96.6847	52.7344	96.6937	52.7344	96.697	52.7344	96.7149	52.7344	96.7203	52.7344	96.7465	52.7344	96.7538	52.7344	96.7879	52.7344	96.797	52.7344	96.8381	52.7344	96.8486	52.7344	96.8957	52.7344	96.9076	52.7344	96.9594	52.7344	96.9723	52.7344	97.0274	52.7344	97.0411	52.7344	97.0978	52.7344	97.1121	52.7344	97.1688	52.7344	97.1831	52.7344	97.2381	52.7344	97.2521	52.7344	97.3036	52.7344	97.3165	52.7344	97.363	52.7344	97.3744	52.7344	97.4142	52.7344	97.4234	52.7344	97.455	52.7344	97.4617	52.7344	97.4837	52.7344	97.4878	52.7344	97.4991	52.7344	97.5004
54.1992	96.7065	54.1992	96.7091	54.1992	96.7148	54.1992	96.7225	54.1992	96.7337	54.1992	96.7464	54.1992	96.7627	54.1992	96.7803	54.1992	96.8012	54.1992	96.8232	54.1992	96.8483	54.1992	96.8742	54.1992	96.9026	54.1992	96.9319	54.1992	96.9629	54.1992	96.9948	54.1992	97.0275	54.1992	97.0611	54.1992	97.0948	54.1992	97.129	54.1992	97.1628	54.1992	97.1964	54.1992	97.2295	54.1992	97.2613	54.1992	97.2928	54.1992	97.3214	54.1992	97.3505	54.1992	97.3749	54.1992	97.4005	54.1992	97.4199	54.1992	97.4408	54.1992	97.4547	54.1992	97.4695	54.1992	97.4779	54.1992	97.4856	54.1992	97.4884
55.6641	96.7429	55.6641	96.7436	55.6641	96.7525	55.6641	96.7545	55.6641	96.7721	55.6641	96.7753	55.6641	96.8013	55.6641	96.8054	55.6641	96.8393	55.6641	96.8441	55.6641	96.8854	55.6641	96.8904	55.6641	96.9381	55.6641	96.943	55.6641	96.9963	55.6641	97.0005	55.6641	97.0582	55.6641	97.0615	55.6641	97.1223	55.6641	97.1242	55.6641	97.1866	55.6641	97.1869	55.6641	97.2491	55.6641	97.2478	55.6641	97.3079	55.6641	97.3052	55.6641	97.3609	55.6641	97.3572	55.6641	97.406	55.6641	97.402	55.6641	97.4415	55.6641	97.4379	55.6641	97.4658	55.6641	97.4632	55.6641	97.4777	55.6641	97.4768
58.5938	96.802	58.5938	96.8009	58.5938	96.812	58.5938	96.8087	58.5938	96.8308	58.5938	96.8252	58.5938	96.858	58.5938	96.8498	58.5938	96.8928	58.5938	96.882	58.5938	96.9343	58.5938	96.9207	58.5938	96.9815	58.5938	96.9649	58.5938	97.0329	58.5938	97.0133	58.5938	97.0871	58.5938	97.0648	58.5938	97.1424	58.5938	97.1177	58.5938	97.1971	58.5938	97.1708	58.5938	97.2496	58.5938	97.2226	58.5938	97.298	58.5938	97.2716	58.5938	97.3408	58.5938	97.3164	58.5938	97.3764	58.5938	97.3555	58.5938	97.4035	58.5938	97.3874	58.5938	97.421	58.5938	97.4109	58.5938	97.4281	58.5938	97.4247
60.0586	96.8094	60.0586	96.8082	60.0586	96.819	60.0586	96.8153	60.0586	96.8367	60.0586	96.8306	60.0586	96.8622	60.0586	96.8537	60.0586	96.8947	60.0586	96.8838	60.0586	96.9334	60.0586	96.9201	60.0586	96.977	60.0586	96.9616	60.0586	97.0244	60.0586	97.007	60.0586	97.0739	60.0586	97.0551	60.0586	97.1242	60.0586	97.1045	60.0586	97.1736	60.0586	97.1538	60.0586	97.2207	60.0586	97.2014	60.0586	97.2639	60.0586	97.2459	60.0586	97.3019	60.0586	97.286	60.0586	97.3336	60.0586	97.3204	60.0586	97.3578	60.0586	97.3479	60.0586	97.3737	60.0586	97.3676	60.0586	97.3808	60.0586	97.3787
62.9883	96.8591	62.9883	96.8557	62.9883	96.8697	62.9883	96.8595	62.9883	96.8871	62.9883	96.8705	62.9883	96.9109	62.9883	96.8884	62.9883	96.9402	62.9883	96.9126	62.9883	96.9742	62.9883	96.9425	62.9883	97.0119	62.9883	96.9769	62.9883	97.052	62.9883	97.0149	62.9883	97.0932	62.9883	97.0551	62.9883	97.1341	62.9883	97.0963	62.9883	97.1735	62.9883	97.1371	62.9883	97.2102	62.9883	97.1762	62.9883	97.243	62.9883	97.2126	62.9883	97.2712	62.9883	97.2452	62.9883	97.2939	62.9883	97.2731	62.9883	97.3107	62.9883	97.2955	62.9883	97.3211	62.9883	97.3119	62.9883	97.3248	62.9883	97.3217
64.4531	96.8856	64.4531	96.8812	64.4531	96.8963	64.4531	96.8833	64.4531	96.9131	64.4531	96.8917	64.4531	96.9355	64.4531	96.9062	64.4531	96.9628	64.4531	96.9263	64.4531	96.9943	64.4531	96.9513	64.4531	97.0288	64.4531	96.9803	64.4531	97.0652	64.4531	97.0123	64.4531	97.1021	64.4531	97.0463	64.4531	97.1383	64.4531	97.0811	64.4531	97.1724	64.4531	97.1156	64.4531	97.2032	64.4531	97.1488	64.4531	97.2299	64.4531	97.1797	64.4531	97.2519	64.4531	97.2077	64.4531	97.2685	64.4531	97.2321	64.4531	97.2796	64.4531	97.2525	64.4531	97.285	64.4531	97.2683	64.4531	97.2848	64.4531	97.2792
67.3828	96.9197	67.3828	96.9108	67.3828	96.9327	67.3828	96.9061	67.3828	96.9496	67.3828	96.9058	67.3828	96.9697	67.3828	96.9099	67.3828	96.9927	67.3828	96.9179	67.3828	97.0176	67.3828	96.9296	67.3828	97.0436	67.3828	96.9444	67.3828	97.0695	67.3828	96.9616	67.3828	97.0942	67.3828	96.9804	67.3828	97.1164	67.3828	97.0001	67.3828	97.1351	67.3828	97.02	67.3828	97.1496	67.3828	97.0395	67.3828	97.1593	67.3828	97.0582	67.3828	97.1643	67.3828	97.0758	67.3828	97.1648	67.3828	97.0924	67.3828	97.1614	67.3828	97.1077	67.3828	97.1548	67.3828	97.1218	67.3828	97.1456	67.3828	97.1345
68.8477	96.9388	68.8477	96.9291	68.8477	96.9512	68.8477	96.9221	68.8477	96.9659	68.8477	96.918	68.8477	96.9824	68.8477	96.9168	68.8477	97.0004	68.8477	96.9183	68.8477	97.0191	68.8477	96.9223	68.8477	97.0376	68.8477	96.9283	68.8477	97.0549	68.8477	96.9358	68.8477	97.0699	68.8477	96.9442	68.8477	97.0816	68.8477	96.9529	68.8477	97.0892	68.8477	96.9615	68.8477	97.0921	68.8477	96.9696	68.8477	97.0902	68.8477	96.9774	68.8477	97.084	68.8477	96.985	68.8477	97.0741	68.8477	96.9929	68.8477	97.0619	68.8477	97.0015	68.8477	97.0485	68.8477	97.0113	68.8477	97.035	68.8477	97.0225
71.7773	96.977	71.7773	96.9684	71.7773	96.985	71.7773	96.9594	71.7773	96.9922	71.7773	96.9499	71.7773	96.9986	71.7773	96.9401	71.7773	97.0037	71.7773	96.9297	71.7773	97.0071	71.7773	96.9187	71.7773	97.0081	71.7773	96.9067	71.7773	97.0061	71.7773	96.8936	71.7773	97	71.7773	96.8792	71.7773	96.9893	71.7773	96.8632	71.7773	96.9735	71.7773	96.8461	71.7773	96.9526	71.7773	96.8284	71.7773	96.9272	71.7773	96.8111	71.7773	96.8987	71.7773	96.7955	71.7773	96.8689	71.7773	96.7832	71.7773	96.84	71.7773	96.7759	71.7773	96.8145	71.7773	96.7748	71.7773	96.7943	71.7773	96.7809
74.707	97.0208	74.707	97.0153	74.707	97.0233	74.707	97.0067	74.707	97.0226	74.707	96.9951	74.707	97.0186	74.707	96.9806	74.707	97.0111	74.707	96.963	74.707	96.9999	74.707	96.9423	74.707	96.9844	74.707	96.9181	74.707	96.9642	74.707	96.8901	74.707	96.9386	74.707	96.8584	74.707	96.9074	74.707	96.823	74.707	96.8705	74.707	96.7845	74.707	96.8285	74.707	96.7441	74.707	96.783	74.707	96.7036	74.707	96.7361	74.707	96.6654	74.707	96.6908	74.707	96.6321	74.707	96.6504	74.707	96.6065	74.707	96.6182	74.707	96.591	74.707	96.5967	74.707	96.5875
77.6367	97.0155	77.6367	97.0079	77.6367	97.017	77.6367	96.9943	77.6367	97.0122	77.6367	96.9748	77.6367	97.0012	77.6367	96.9498	77.6367	96.9837	77.6367	96.9192	77.6367	96.9598	77.6367	96.8832	77.6367	96.929	77.6367	96.8417	77.6367	96.891	77.6367	96.7946	77.6367	96.8457	77.6367	96.7421	77.6367	96.7928	77.6367	96.6848	77.6367	96.7329	77.6367	96.6235	77.6367	96.6671	77.6367	96.5602	77.6367	96.5976	77.6367	96.4975	77.6367	96.5277	77.6367	96.4388	77.6367	96.4615	77.6367	96.3877	77.6367	96.4033	77.6367	96.3481	77.6367	96.3577	77.6367	96.3235	77.6367	96.328	77.6367	96.3164
79.1016	97.0223	79.1016	97.0133	79.1016	97.0234	79.1016	96.9966	79.1016	97.0165	79.1016	96.9724	79.1016	97.0015	79.1016	96.941	79.1016	96.9786	79.1016	96.9026	79.1016	96.9474	79.1016	96.8573	79.1016	96.9078	79.1016	96.8051	79.1016	96.8597	79.1016	96.7462	79.1016	96.8027	79.1016	96.6809	79.1016	96.737	79.1016	96.6097	79.1016	96.6632	79.1016	96.5343	79.1016	96.5828	79.1016	96.4567	79.1016	96.4985	79.1016	96.3801	79.1016	96.414	79.1016	96.3087	79.1016	96.3342	79.1016	96.2467	79.1016	96.2644	79.1016	96.1988	79.1016	96.2096	79.1016	96.1691	79.1016	96.1741	79.1016	96.1604
82.0312	97.0506	82.0312	97.04	82.0312	97.0496	82.0312	97.0179	82.0312	97.0369	82.0312	96.9848	82.0312	97.0125	82.0312	96.9408	82.0312	96.9764	82.0312	96.8864	82.0312	96.9288	82.0312	96.8217	82.0312	96.8694	82.0312	96.747	82.0312	96.7982	82.0312	96.6625	82.0312	96.7151	82.0312	96.5687	82.0312	96.6204	82.0312	96.4667	82.0312	96.5152	82.0312	96.3584	82.0312	96.4016	82.0312	96.247	82.0312	96.2833	82.0312	96.137	82.0312	96.1655	82.0312	96.0339	82.0312	96.0545	82.0312	95.9442	82.0312	95.9577	82.0312	95.8743	82.0312	95.8821	82.0312	95.8302	82.0312	95.8336	82.0312	95.816
84.9609	97.1301	84.9609	97.1171	84.9609	97.1271	84.9609	97.0882	84.9609	97.108	84.9609	97.0438	84.9609	97.0731	84.9609	96.9842	84.9609	97.0224	84.9609	96.9099	84.9609	96.9562	84.9609	96.8212	84.9609	96.8744	84.9609	96.7184	84.9609	96.7772	84.9609	96.6021	84.9609	96.6645	84.9609	96.4731	84.9609	96.537	84.9609	96.333	84.9609	96.396	84.9609	96.1847	84.9609	96.2444	84.9609	96.0326	84.9609	96.0867	84.9609	95.883	84.9609	95.9295	84.9609	95.7435	84.9609	95.7811	84.9609	95.6228	84.9609	95.6509	84.9609	95.5298	84.9609	95.5483	84.9609	95.4723	84.9609	95.4814	84.9609	95.4555
87.8906	97.0944	87.8906	97.0792	87.8906	97.0899	87.8906	97.0444	87.8906	97.0655	87.8906	96.9905	87.8906	97.0216	87.8906	96.9181	87.8906	96.9584	87.8906	96.8276	87.8906	96.8761	87.8906	96.7197	87.8906	96.7751	87.8906	96.5948	87.8906	96.6554	87.8906	96.4535	87.8906	96.5173	87.8906	96.2968	87.8906	96.3617	87.8906	96.1268	87.8906	96.1902	87.8906	95.9467	87.8906	96.0063	87.8906	95.7617	87.8906	95.8154	87.8906	95.5793	87.8906	95.6252	87.8906	95.4088	87.8906	95.4458	87.8906	95.261	87.8906	95.2885	87.8906	95.1466	87.8906	95.1646	87.8906	95.0753	87.8906	95.0842	87.8906	95.0536
90.8203	97.1857	90.8203	97.1718	90.8203	97.176	90.8203	97.1344	90.8203	97.1429	90.8203	97.074	90.8203	97.0866	90.8203	96.9909	90.8203	97.0075	90.8203	96.8857	90.8203	96.9061	90.8203	96.7588	90.8203	96.7826	90.8203	96.6106	90.8203	96.6372	90.8203	96.4415	90.8203	96.4701	90.8203	96.2526	90.8203	96.2822	90.8203	96.0462	90.8203	96.0753	90.8203	95.8261	90.8203	95.8533	90.8203	95.5988	90.8203	95.6226	90.8203	95.3733	90.8203	95.3924	90.8203	95.161	90.8203	95.175	90.8203	94.9755	90.8203	94.9845	90.8203	94.8303	90.8203	94.8353	90.8203	94.7377	90.8203	94.7398	90.8203	94.7064
95.2148	97.3447	95.2148	97.3275	95.2148	97.3318	95.2148	97.2801	95.2148	97.2888	95.2148	97.203	95.2148	97.2163	95.2148	97.0967	95.2148	97.1149	95.2148	96.9618	95.2148	96.985	95.2148	96.7986	95.2148	96.827	95.2148	96.6076	95.2148	96.641	95.2148	96.3894	95.2148	96.4271	95.2148	96.1453	95.2148	96.1861	95.2148	95.878	95.2148	95.9199	95.2148	95.5923	95.2148	95.6332	95.2148	95.2964	95.2148	95.3338	95.2148	95.0019	95.2148	95.0335	95.2148	94.7239	95.2148	94.7482	95.2148	94.4801	95.2148	94.4968	95.2148	94.289	95.2148	94.2989	95.2148	94.1672	95.2148	94.1717	95.2148	94.1265
98.1445	97.341	98.1445	97.3255	98.1445	97.3223	98.1445	97.2758	98.1445	97.2696	98.1445	97.1922	98.1445	97.1835	98.1445	97.0753	98.1445	97.0647	98.1445	96.9256	98.1445	96.9138	98.1445	96.7434	98.1445	96.7311	98.1445	96.5291	98.1445	96.5168	98.1445	96.283	98.1445	96.2709	98.1445	96.0062	98.1445	95.9943	98.1445	95.7013	98.1445	95.689	98.1445	95.3737	98.1445	95.3602	98.1445	95.0322	98.1445	95.0165	98.1445	94.6898	98.1445	94.6716	98.1445	94.3639	98.1445	94.3441	98.1445	94.0755	98.1445	94.0559	98.1445	93.8465	98.1445	93.8305	98.1445	93.6972	98.1445	93.6881	98.1445	93.6423
101.074	97.3069	101.074	97.2905	101.074	97.2835	101.074	97.2344	101.074	97.2205	101.074	97.1389	101.074	97.1185	101.074	97.0049	101.074	96.9785	101.074	96.8328	101.074	96.8009	101.074	96.6233	101.074	96.5862	101.074	96.3767	101.074	96.3345	101.074	96.0933	101.074	96.0461	101.074	95.7742	101.074	95.7215	101.074	95.422	101.074	95.3633	101.074	95.042	101.074	94.9772	101.074	94.6437	101.074	94.5733	101.074	94.2417	101.074	94.1677	101.074	93.8558	101.074	93.7824	101.074	93.5104	101.074	93.4443	101.074	93.2323	101.074	93.1816	101.074	93.0467	101.074	93.019	101.074	92.9727
105.469	97.5094	105.469	97.4926	105.469	97.4798	105.469	97.4297	105.469	97.4043	105.469	97.3211	105.469	97.2836	105.469	97.1676	105.469	97.119	105.469	96.9702	105.469	96.9114	105.469	96.7296	105.469	96.6617	105.469	96.4461	105.469	96.3706	105.469	96.1204	105.469	96.0386	105.469	95.754	105.469	95.667	105.469	95.3501	105.469	95.259	105.469	94.9153	105.469	94.8212	105.469	94.461	105.469	94.3653	105.469	94.0043	105.469	93.9094	105.469	93.5682	105.469	93.4782	105.469	93.18	105.469	93.1013	105.469	92.869	105.469	92.8097	105.469	92.6622	105.469	92.6301	105.469	92.5795
108.398	97.5909	108.398	97.5725	108.398	97.56	108.398	97.5048	108.398	97.4799	108.398	97.3885	108.398	97.3514	108.398	97.2245	108.398	97.1753	108.398	97.0134	108.398	96.9524	108.398	96.7555	108.398	96.6831	108.398	96.451	108.398	96.3674	108.398	96.0997	108.398	96.0052	108.398	95.7022	108.398	95.5971	108.398	95.2611	108.398	95.1459	108.398	94.7823	108.398	94.658	108.398	94.2772	108.398	94.1458	108.398	93.7637	108.398	93.6294	108.398	93.2673	108.398	93.1372	108.398	92.8197	108.398	92.7044	108.398	92.4561	108.398	92.3685	108.398	92.2103	108.398	92.1627	108.398	92.1083
112.793	97.6304	112.793	97.6105	112.793	97.5952	112.793	97.5357	112.793	97.5053	112.793	97.4063	112.793	97.3613	112.793	97.2231	112.793	97.1638	112.793	96.9861	112.793	96.913	112.793	96.6953	112.793	96.6087	112.793	96.3497	112.793	96.2497	112.793	95.9482	112.793	95.8347	112.793	95.4902	112.793	95.3627	112.793	94.977	112.793	94.8351	112.793	94.4139	112.793	94.2577	112.793	93.8124	112.793	93.6438	112.793	93.1928	112.793	93.0168	112.793	92.5855	112.793	92.4117	112.793	92.0302	112.793	91.8737	112.793	91.5734	112.793	91.4531	112.793	91.2608	112.793	91.1949	112.793	91.1287
117.188	97.7451	117.188	97.7276	117.188	97.7017	117.188	97.6491	117.188	97.5978	117.188	97.5102	117.188	97.4343	117.188	97.3112	117.188	97.2118	117.188	97.0522	117.188	96.9306	117.188	96.7327	117.188	96.5903	117.188	96.3511	117.188	96.1892	117.188	95.9052	117.188	95.7251	117.188	95.3932	117.188	95.1961	117.188	94.8149	117.188	94.6025	117.188	94.1749	117.188	93.9497	117.188	93.4853	117.188	93.2516	117.188	92.7687	117.188	92.5341	117.188	92.0611	117.188	91.8378	117.188	91.4111	117.188	91.216	117.188	90.875	117.188	90.7285	117.188	90.5081	117.188	90.4291	117.188	90.3529
120.117	97.8916	120.117	97.8761	120.117	97.8435	120.117	97.7972	120.117	97.7325	120.117	97.6552	120.117	97.5594	120.117	97.4507	120.117	97.3252	120.117	97.1838	120.117	97.0303	120.117	96.8541	120.117	96.6745	120.117	96.4598	120.117	96.2563	120.117	95.9987	120.117	95.7735	120.117	95.4688	120.117	95.2243	120.117	94.8701	120.117	94.609	120.117	94.2072	120.117	93.9334	120.117	93.4929	120.117	93.212	120.117	92.7512	120.117	92.4721	120.117	92.0195	120.117	91.7561	120.117	91.3481	120.117	91.1197	120.117	90.7948	120.117	90.6241	120.117	90.415	120.117	90.3232	120.117	90.2511
124.512	97.8665	124.512	97.8417	124.512	97.8244	124.512	97.7503	124.512	97.7155	124.512	97.5929	124.512	97.5407	124.512	97.3703	124.512	97.3008	124.512	97.083	124.512	96.9961	124.512	96.7299	124.512	96.6258	124.512	96.309	124.512	96.1877	124.512	95.8166	124.512	95.6782	124.512	95.2489	124.512	95.0939	124.512	94.6038	124.512	94.4331	124.512	93.8837	124.512	93.6992	124.512	93.0998	124.512	92.9055	124.512	92.2766	124.512	92.0796	124.512	91.4557	124.512	91.2672	124.512	90.6962	124.512	90.5316	124.512	90.0689	124.512	89.9458	124.512	89.6436	124.512	89.5775	124.512	89.4725
128.906	97.8256	128.906	97.7937	128.906	97.7856	128.906	97.6904	128.906	97.6743	128.906	97.5164	128.906	97.4924	128.906	97.2726	128.906	97.241	128.906	96.9593	128.906	96.9203	128.906	96.5753	128.906	96.5292	128.906	96.1178	128.906	96.0648	128.906	95.5822	128.906	95.5224	128.906	94.963	128.906	94.8966	128.906	94.256	128.906	94.1836	128.906	93.462	128.906	93.3845	128.906	92.5915	128.906	92.5107	128.906	91.6708	128.906	91.5901	128.906	90.7476	128.906	90.672	128.906	89.8924	128.906	89.8283	128.906	89.191	128.906	89.1447	128.906	88.7261	128.906	88.7019	128.906	88.5559
133.301	97.8177	133.301	97.7798	133.301	97.7798	133.301	97.6662	133.301	97.6664	133.301	97.4779	133.301	97.4785	133.301	97.2158	133.301	97.2171	133.301	96.8798	133.301	96.8824	133.301	96.4686	133.301	96.4729	133.301	95.9782	133.301	95.985	133.301	95.4026	133.301	95.4125	133.301	94.7343	133.301	94.7482	133.301	93.9671	133.301	93.9853	133.301	93.0995	133.301	93.1225	133.301	92.1408	133.301	92.169	133.301	91.1193	133.301	91.1523	133.301	90.0893	133.301	90.1262	133.301	89.1345	133.301	89.1722	133.301	88.3575	133.301	88.3899	133.301	87.8541	133.301	87.8733	133.301	87.6866
139.16	97.7534	139.16	97.7107	139.16	97.7152	139.16	97.5875	139.16	97.5967	139.16	97.3847	139.16	97.3991	139.16	97.1034	139.16	97.1235	139.16	96.7438	139.16	96.7701	139.16	96.3038	139.16	96.3372	139.16	95.7788	139.16	95.8201	139.16	95.1611	139.16	95.211	139.16	94.4407	139.16	94.5	139.16	93.6082	139.16	93.6774	139.16	92.659	139.16	92.7385	139.16	91.601	139.16	91.6904	139.16	90.4651	139.16	90.5625	139.16	89.3161	139.16	89.4166	139.16	88.2565	139.16	88.3511	139.16	87.4088	139.16	87.4842	139.16	86.8753	139.16	86.9175	139.16	86.7083
143.555	97.6809	143.555	97.6307	143.555	97.6471	143.555	97.4967	143.555	97.5298	143.555	97.2801	143.555	97.3305	143.555	96.9824	143.555	97.0506	143.555	96.6038	143.555	96.6907	143.555	96.1425	143.555	96.2487	143.555	95.5934	143.555	95.7194	143.555	94.9481	143.555	95.0939	143.555	94.1951	143.555	94.3605	143.555	93.3232	143.555	93.5072	143.555	92.3263	143.555	92.5269	143.555	91.2119	143.555	91.4254	143.555	90.0143	143.555	90.2335	143.555	88.8075	143.555	89.0201	143.555	87.7091	143.555	87.8964	143.555	86.8529	143.555	86.9931	143.555	86.3353	143.555	86.4101	143.555	86.1882
147.949	97.5662	147.949	97.5157	147.949	97.529	147.949	97.3782	147.949	97.4051	147.949	97.1551	147.949	97.1959	147.949	96.8479	147.949	96.9035	147.949	96.4573	147.949	96.5284	147.949	95.9811	147.949	96.069	147.949	95.414	147.949	95.5198	147.949	94.7462	147.949	94.8709	147.949	93.9651	147.949	94.109	147.949	93.0574	147.949	93.2195	147.949	92.015	147.949	92.1923	147.949	90.8446	147.949	91.0313	147.949	89.5821	147.949	89.7682	147.949	88.3092	147.949	88.4807	147.949	87.1571	147.949	87.2978	147.949	86.2714	147.949	86.3682	147.949	85.7435	147.949	85.7915	147.949	85.5864
153.809	97.5749	153.809	97.5222	153.809	97.5338	153.809	97.3762	153.809	97.4	153.809	97.1386	153.809	97.1758	153.809	96.8116	153.809	96.8639	153.809	96.3963	153.809	96.4657	153.809	95.8914	153.809	95.98	153.809	95.2915	153.809	95.4014	153.809	94.5865	153.809	94.7197	153.809	93.7623	153.809	93.9205	153.809	92.8035	153.809	92.9885	153.809	91.7007	153.809	91.9134	153.809	90.4622	153.809	90.7018	153.809	89.1348	153.809	89.3951	153.809	87.8252	153.809	88.0903	153.809	86.6993	153.809	86.9396	153.809	85.912	153.809	86.0922	153.809	85.5059	153.809	85.6007	153.809	85.4176
159.668	97.5688	159.668	97.5198	159.668	97.5218	159.668	97.3752	159.668	97.3802	159.668	97.1371	159.668	97.1469	159.668	96.8081	159.668	96.8254	159.668	96.3902	159.668	96.4179	159.668	95.8825	159.668	95.9239	159.668	95.2803	159.668	95.3382	159.668	94.5738	159.668	94.6502	159.668	93.749	159.668	93.8441	159.668	92.7908	159.668	92.9025	159.668	91.6898	159.668	91.8121	159.668	90.455	159.668	90.5763	159.668	89.1323	159.668	89.2345	159.668	87.8257	159.668	87.8866	159.668	86.6926	159.668	86.6989	159.668	85.8766	159.668	85.8429	159.668	85.4171	159.668	85.3833	159.668	85.2614
165.527	97.6787	165.527	97.6371	165.527	97.6215	165.527	97.4972	165.527	97.467	165.527	97.2611	165.527	97.2184	165.527	96.9318	165.527	96.8794	165.527	96.5114	165.527	96.4523	165.527	95.9992	165.527	95.9364	165.527	95.3899	165.527	95.3256	165.527	94.6727	165.527	94.6075	165.527	93.831	165.527	93.7638	165.527	92.8457	165.527	92.7728	165.527	91.7013	165.527	91.6165	165.527	90.3987	165.527	90.2934	165.527	88.9763	165.527	88.842	165.527	87.5391	165.527	87.3737	165.527	86.2669	165.527	86.0858	165.527	85.3437	165.527	85.1855	165.527	84.8269	165.527	84.7353	165.527	84.6407
171.387	97.6794	171.387	97.6309	171.387	97.6265	171.387	97.4817	171.387	97.4735	171.387	97.2344	171.387	97.2236	171.387	96.8925	171.387	96.8807	171.387	96.4583	171.387	96.4473	171.387	95.9307	171.387	95.9223	171.387	95.3036	171.387	95.299	171.387	94.5637	171.387	94.5634	171.387	93.6912	171.387	93.6944	171.387	92.6623	171.387	92.6663	171.387	91.4558	171.387	91.4557	171.387	90.067	171.387	90.0547	171.387	88.5338	171.387	88.4986	171.387	86.976	171.387	86.9082	171.387	85.6134	171.387	85.5155	171.387	84.6713	171.387	84.5707	171.387	84.1922	171.387	84.1291	171.387	84.0386
177.246	97.511	177.246	97.4574	177.246	97.4616	177.246	97.3017	177.246	97.3107	177.246	97.0471	177.246	97.062	177.246	96.6979	177.246	96.72	177.246	96.257	177.246	96.288	177.246	95.7242	177.246	95.7652	177.246	95.0929	177.246	95.1446	177.246	94.3489	177.246	94.4107	177.246	93.4701	177.246	93.5398	177.246	92.4295	177.246	92.5025	177.246	91.2019	177.246	91.2705	177.246	89.78	177.246	89.8324	177.246	88.2056	177.246	88.2252	177.246	86.618	177.246	86.5878	177.246	85.2748	177.246	85.1941	177.246	84.4188	177.246	84.3213	177.246	84.0411	177.246	83.9772	177.246	83.9304
183.105	97.2629	183.105	97.2104	183.105	97.2107	183.105	97.0542	183.105	97.0554	183.105	96.7981	183.105	96.8013	183.105	96.4468	183.105	96.4536	183.105	96.0041	183.105	96.0161	183.105	95.4698	183.105	95.4884	183.105	94.8372	183.105	94.8629	183.105	94.0908	183.105	94.1223	183.105	93.2063	183.105	93.2397	183.105	92.1527	183.105	92.1803	183.105	90.8991	183.105	90.9082	183.105	89.4301	183.105	89.4015	183.105	87.7773	183.105	87.6856	183.105	86.0764	183.105	85.899	183.105	84.6059	183.105	84.3552	183.105	83.6558	183.105	83.4092	183.105	83.2321	183.105	83.0851	183.105	83.0859
188.965	97.4224	188.965	97.3765	188.965	97.3598	188.965	97.2233	188.965	97.1907	188.965	96.9668	188.965	96.9198	188.965	96.6124	188.965	96.5534	188.965	96.1642	188.965	96.096	188.965	95.6221	188.965	95.5476	188.965	94.979	188.965	94.9001	188.965	94.2183	188.965	94.1343	188.965	93.3132	188.965	93.2193	188.965	92.2284	188.965	92.1137	188.965	90.9267	188.965	90.7719	188.965	89.3835	188.965	89.1603	188.965	87.6217	188.965	87.2966	188.965	85.7822	188.965	85.3402	188.965	84.1935	188.965	83.6954	188.965	83.222	188.965	82.8164	188.965	82.8546	188.965	82.6457	188.965	82.7304
196.289	97.5354	196.289	97.4905	196.289	97.4708	196.289	97.3378	196.289	97.2987	196.289	97.0823	196.289	97.0247	196.289	96.7306	196.289	96.6555	196.289	96.288	196.289	96.1968	196.289	95.755	196.289	95.6486	196.289	95.1236	196.289	95.0021	196.289	94.3742	196.289	94.2356	196.289	93.4739	196.289	93.3129	196.289	92.3773	196.289	92.1844	196.289	91.0321	196.289	90.7926	196.289	89.3929	196.289	89.0886	196.289	87.4654	196.289	87.085	196.289	85.4182	196.289	84.9923	196.289	83.7432	196.289	83.391	196.289	82.9994	196.289	82.8289	196.289	83.0077	196.289	82.965	196.289	83.1036
203.613	97.6339	203.613	97.5803	203.613	97.566	203.613	97.4076	203.613	97.3786	203.613	97.1223	203.613	97.078	203.613	96.7329	203.613	96.6728	203.613	96.2473	203.613	96.1712	203.613	95.6686	203.613	95.5767	203.613	94.9912	203.613	94.884	203.613	94.1974	203.613	94.0749	203.613	93.2559	203.613	93.1166	203.613	92.1237	203.613	91.9631	203.613	90.7548	203.613	90.5638	203.613	89.1248	203.613	88.8881	203.613	87.2943	203.613	86.9947	203.613	85.5385	203.613	85.1816	203.613	84.3884	203.613	84.0463	203.613	84.1244	203.613	83.8904	203.613	84.3205	203.613	84.2124	203.613	84.4198
210.938	97.6972	210.938	97.639	210.938	97.6303	210.938	97.4581	210.938	97.4412	210.938	97.1614	210.938	97.1369	210.938	96.7585	210.938	96.7274	210.938	96.2586	210.938	96.222	210.938	95.6669	210.938	95.6255	210.938	94.98	210.938	94.9333	210.938	94.1824	210.938	94.1278	210.938	93.245	210.938	93.1759	210.938	92.1276	210.938	92.0314	210.938	90.7867	210.938	90.644	210.938	89.2002	210.938	88.9858	210.938	87.4263	210.938	87.1225	210.938	85.7207	210.938	85.3595	210.938	84.5762	210.938	84.2747	210.938	84.278	210.938	84.1232	210.938	84.4561	210.938	84.408	210.938	84.5741
218.262	97.382	218.262	97.3252	218.262	97.3152	218.262	97.1478	218.262	97.1279	218.262	96.8584	218.262	96.8288	218.262	96.4691	218.262	96.4298	218.262	95.9922	218.262	95.9433	218.262	95.4356	218.262	95.3767	218.262	94.7978	218.262	94.7278	218.262	94.0632	218.262	93.9804	218.262	93.2006	218.262	93.1017	218.262	92.164	218.262	92.0434	218.262	90.8995	218.262	90.7494	218.262	89.3614	218.262	89.1736	218.262	87.5563	218.262	87.3318	218.262	85.6464	218.262	85.4199	218.262	84.0828	218.262	83.938	218.262	83.3676	218.262	83.3467	218.262	83.3571	218.262	83.3851	218.262	83.4612
225.586	97.6184	225.586	97.5595	225.586	97.5403	225.586	97.3665	225.586	97.3283	225.586	97.0485	225.586	96.9917	225.586	96.6181	225.586	96.5437	225.586	96.0885	225.586	95.9976	225.586	95.4683	225.586	95.3623	225.586	94.7563	225.586	94.6357	225.586	93.9356	225.586	93.7991	225.586	92.9701	225.586	92.8127	225.586	91.8025	225.586	91.6142	225.586	90.3564	225.586	90.1206	225.586	88.5482	225.586	88.2398	225.586	86.3337	225.586	85.9218	225.586	83.8856	225.586	83.3664	225.586	81.9822	225.586	81.4939	225.586	81.5729	225.586	81.3116	225.586	82.0624	225.586	81.9776	225.586	82.3276
232.91	97.6057	232.91	97.5421	232.91	97.5274	232.91	97.3409	232.91	97.3104	232.91	97.0125	232.91	96.9647	232.91	96.5715	232.91	96.5046	232.91	96.0328	232.91	95.9452	232.91	95.4061	232.91	95.2972	232.91	94.6899	232.91	94.5599	232.91	93.8658	232.91	93.7153	232.91	92.895	232.91	92.7234	232.91	91.7171	232.91	91.5213	232.91	90.2549	232.91	90.0286	232.91	88.4332	232.91	88.1702	232.91	86.2551	232.91	85.9669	232.91	84.0561	232.91	83.8244	232.91	82.8205	232.91	82.7838	232.91	83.0919	232.91	83.1936	232.91	83.8664	232.91	83.95	232.91	84.236
241.699	97.7435	241.699	97.6638	241.699	97.6707	241.699	97.4358	241.699	97.4489	241.699	97.0712	241.699	97.0891	241.699	96.5873	241.699	96.6072	241.699	96.0032	241.699	96.021	241.699	95.3341	241.699	95.344	241.699	94.5847	241.699	94.5795	241.699	93.742	241.699	93.7133	241.699	92.7703	241.699	92.7085	241.699	91.6098	241.699	91.5047	241.699	90.1813	241.699	90.0233	241.699	88.4049	241.699	88.1907	241.699	86.2693	241.699	86.0218	241.699	84.0616	241.699	83.8814	241.699	82.6958	241.699	82.7303	241.699	82.814	241.699	82.9847	241.699	83.53	241.699	83.6521	241.699	83.9015
250.488	97.8719	250.488	97.7872	250.488	97.8016	250.488	97.5526	250.488	97.5793	250.488	97.1804	250.488	97.2154	250.488	96.6879	250.488	96.7262	250.488	96.0936	250.488	96.1301	250.488	95.4115	250.488	95.4416	250.488	94.6445	250.488	94.6644	250.488	93.777	250.488	93.7835	250.488	92.7701	250.488	92.7592	250.488	91.5593	250.488	91.5248	250.488	90.0585	250.488	89.9887	250.488	88.1761	250.488	88.0504	250.488	85.8827	250.488	85.6692	250.488	83.4692	250.488	83.1518	250.488	81.9864	250.488	81.6748	250.488	82.1843	250.488	82.021	250.488	82.9735	250.488	82.9194	250.488	83.3118
259.277	97.7431	259.277	97.6766	259.277	97.6528	259.277	97.4572	259.277	97.4113	259.277	97.0977	259.277	97.0327	259.277	96.6173	259.277	96.5373	259.277	96.0377	259.277	95.9469	259.277	95.3764	259.277	95.2787	259.277	94.6394	259.277	94.5374	259.277	93.8125	259.277	93.7079	259.277	92.8556	259.277	92.7497	259.277	91.7009	259.277	91.5967	259.277	90.2578	259.277	90.1642	259.277	88.4366	259.277	88.3763	259.277	86.2416	259.277	86.2662	259.277	84.09	259.277	84.279	259.277	83.1338	259.277	83.4529	259.277	83.7445	259.277	84.0037	259.277	84.6816	259.277	84.808	259.277	85.0976
268.066	97.2331	268.066	97.1277	268.066	97.175	268.066	96.8671	268.066	96.9571	268.066	96.47	268.066	96.5939	268.066	95.963	268.066	96.1082	268.066	95.375	268.066	95.5267	268.066	94.7295	268.066	94.8729	268.066	94.0346	268.066	94.1576	268.066	93.2749	268.066	93.3693	268.066	92.4051	268.066	92.4669	268.066	91.3503	268.066	91.3776	268.066	90.0099	268.066	90.0009	268.066	88.269	268.066	88.2216	268.066	86.0411	268.066	85.9598	268.066	83.4572	268.066	83.379	268.066	81.4089	268.066	81.4287	268.066	81.1611	268.066	81.2744	268.066	81.9289	268.066	82.0112	268.066	82.3437
276.855	96.9435	276.855	96.8623	276.855	96.8642	276.855	96.628	276.855	96.6306	276.855	96.2596	276.855	96.2605	276.855	95.7852	276.855	95.7815	276.855	95.2355	276.855	95.2247	276.855	94.635	276.855	94.6175	276.855	93.9913	276.855	93.972	276.855	93.2842	276.855	93.2747	276.855	92.4595	276.855	92.4778	276.855	91.4272	276.855	91.4964	276.855	90.0635	276.855	90.2106	276.855	88.214	276.855	88.4707	276.855	85.7171	276.855	86.125	276.855	82.607	276.855	83.2034	276.855	80.1076	276.855	80.7356	276.855	80.3662	276.855	80.6697	276.855	81.7226	276.855	81.8113	276.855	82.3065
287.109	97.0227	287.109	96.9296	287.109	96.9376	287.109	96.6692	287.109	96.6809	287.109	96.2677	287.109	96.2747	287.109	95.7625	287.109	95.7535	287.109	95.1938	287.109	95.1565	287.109	94.5931	287.109	94.5171	287.109	93.9704	287.109	93.8498	287.109	93.3042	287.109	93.1379	287.109	92.5356	287.109	92.3249	287.109	91.5673	287.109	91.3108	287.109	90.264	287.109	89.9489	287.109	88.4481	287.109	88.0348	287.109	85.9024	287.109	85.2935	287.109	82.5273	287.109	81.5307	287.109	79.6042	287.109	78.437	287.109	80.2045	287.109	79.8344	287.109	82.0148	287.109	81.9728	287.109	82.7191
297.363	97.0738	297.363	96.9552	297.363	96.9776	297.363	96.6358	297.363	96.6732	297.363	96.1499	297.363	96.1862	297.363	95.5481	297.363	95.5585	297.363	94.8874	297.363	94.8411	297.363	94.2144	297.363	94.0842	297.363	93.5454	297.363	93.3209	297.363	92.8516	297.363	92.5508	297.363	92.0537	297.363	91.7258	297.363	91.0232	297.363	90.7423	297.363	89.5769	297.363	89.4336	297.363	87.4488	297.363	87.551	297.363	84.2221	297.363	84.7169	297.363	79.4822	297.363	80.5036	297.363	77.2141	297.363	77.3187	297.363	80.8976	297.363	80.3187	297.363	83.392	297.363	83.0895	297.363	84.0718
307.617	97.5374	307.617	97.3919	307.617	97.4285	307.617	96.9972	307.617	97.0781	307.617	96.3772	307.617	96.5152	307.617	95.5764	307.617	95.7836	307.617	94.6584	307.617	94.9369	307.617	93.6988	307.617	94.0298	307.617	92.766	307.617	93.1035	307.617	91.8913	307.617	92.1672	307.617	91.0384	307.617	91.1826	307.617	90.0903	307.617	90.0532	307.617	88.8551	307.617	88.617	307.617	87.0781	307.617	86.627	307.617	84.4755	307.617	83.7137	307.617	81.1508	307.617	79.599	307.617	79.758	307.617	77.4334	307.617	81.8763	307.617	80.6323	307.617	83.7555	307.617	83.2621	307.617	84.2535
319.336	97.8723	319.336	97.717	319.336	97.7491	319.336	97.2896	319.336	97.3546	319.336	96.611	319.336	96.7094	319.336	95.7174	319.336	95.8466	319.336	94.6605	319.336	94.812	319.336	93.5051	319.336	93.6592	319.336	92.3203	319.336	92.442	319.336	91.1616	319.336	91.1983	319.336	90.0416	319.336	89.9288	319.336	88.8992	319.336	88.5736	319.336	87.5763	319.336	86.9898	319.336	85.8074	319.336	84.9152	319.336	83.1972	319.336	81.8589	319.336	79.2103	319.336	76.614	319.336	74.6837	319.336	64.0833	319.336	76.1972	319.336	72.8986	319.336	78.9818	319.336	78.1043	319.336	79.6768
329.59	98.1011	329.59	97.944	329.59	97.9861	329.59	97.5182	329.59	97.6087	329.59	96.8411	329.59	96.99	329.59	95.9453	329.59	96.1605	329.59	94.8765	329.59	95.1567	329.59	93.6889	329.59	94.015	329.59	92.4349	329.59	92.7618	329.59	91.1508	329.59	91.3983	329.59	89.8406	329.59	89.8842	329.59	88.4612	329.59	88.1217	329.59	86.9048	329.59	85.9328	329.59	84.9649	329.59	82.9885	329.59	82.2508	329.59	78.5399	329.59	77.8841	329.59	69.762	329.59	68.3236	329.59	65.9593	329.59	66.9901	329.59	75.0099	329.59	75.4308	329.59	77.7668	329.59	77.8967
341.309	97.7887	341.309	97.6487	341.309	97.651	341.309	97.2348	341.309	97.2471	341.309	96.5651	341.309	96.6024	341.309	95.6709	341.309	95.7544	341.309	94.5932	341.309	94.7475	341.309	93.3762	341.309	93.624	341.309	92.0553	341.309	92.4103	341.309	90.6386	341.309	91.0959	341.309	89.086	341.309	89.609	341.309	87.2887	341.309	87.7877	341.309	85.0417	341.309	85.3217	341.309	81.966	341.309	81.544	341.309	77.3063	341.309	74.196	341.309	71.8587	341.309	65.2598	341.309	76.2678	341.309	77.925	341.309	80.7443	341.309	82.0512	341.309	83.1534	341.309	83.8123	341.309	84.1183
353.027	97.4372	353.027	97.3023	353.027	97.2823	353.027	96.8829	353.027	96.8499	353.027	96.2017	353.027	96.1693	353.027	95.2981	353.027	95.2855	353.027	94.2245	353.027	94.2547	353.027	93.0389	353.027	93.135	353.027	91.7888	353.027	91.9688	353.027	90.485	353.027	90.7573	353.027	89.0689	353.027	89.43	353.027	87.3792	353.027	87.8168	353.027	85.1002	353.027	85.6012	353.027	81.5765	353.027	82.1414	353.027	74.7804	353.027	75.4183	353.027	67.2264	353.027	63.4787	353.027	78.5118	353.027	78.2281	353.027	82.864	353.027	82.7972	353.027	84.907	353.027	84.8902	353.027	85.5234
366.211	97.3198	366.211	97.1583	366.211	97.1561	366.211	96.6788	366.211	96.68	366.211	95.9082	366.211	95.9223	366.211	94.8929	366.211	94.93	366.211	93.6946	366.211	93.7615	366.211	92.3812	366.211	92.4786	366.211	91.0076	366.211	91.1298	366.211	89.5837	366.211	89.7235	366.211	88.0323	366.211	88.1919	366.211	86.1422	366.211	86.3468	366.211	83.4749	366.211	83.7893	366.211	78.9495	366.211	79.534	366.211	66.6861	366.211	68.7534	366.211	74.2895	366.211	73.5358	366.211	81.7369	366.211	81.5974	366.211	85.2487	366.211	85.2503	366.211	87.0445	366.211	87.0684	366.211	87.6194
379.395	97.2665	379.395	97.0993	379.395	97.0864	379.395	96.5837	379.395	96.5822	379.395	95.7415	379.395	95.798	379.395	94.6167	379.395	94.7951	379.395	93.2722	379.395	93.6439	379.395	91.7827	379.395	92.408	379.395	90.2172	379.395	91.1215	379.395	88.6044	379.395	89.7572	379.395	86.8785	379.395	88.1888	379.395	84.8096	379.395	86.1406	379.395	81.8608	379.395	83.0539	379.395	76.5293	379.395	77.3677	379.395	63.1175	379.395	53.6554	379.395	77.3052	379.395	77.535	379.395	83.1206	379.395	83.2488	379.395	86.1634	379.395	86.1858	379.395	87.7383	379.395	87.7265	379.395	88.2231
392.578	97.4325	392.578	97.2609	392.578	97.2383	392.578	96.737	392.578	96.6872	392.578	95.8959	392.578	95.8113	392.578	94.7922	392.578	94.667	392.578	93.4935	392.578	93.3335	392.578	92.0692	392.578	91.9033	392.578	90.573	392.578	90.4549	392.578	89.0138	392.578	89.0048	392.578	87.309	392.578	87.441	392.578	85.2238	392.578	85.4478	392.578	82.2493	392.578	82.3463	392.578	77.0265	392.578	76.388	392.578	66.3915	392.578	72.3254	392.578	77.723	392.578	81.2064	392.578	83.6221	392.578	85.732	392.578	86.8974	392.578	88.1977	392.578	88.7586	392.578	89.3868	392.578	89.5562
405.762	97.5404	405.762	97.359	405.762	97.3025	405.762	96.7652	405.762	96.6595	405.762	95.7884	405.762	95.6479	405.762	94.4858	405.762	94.3311	405.762	92.9478	405.762	92.8008	405.762	91.2942	405.762	91.1711	405.762	89.6464	405.762	89.5522	405.762	88.0609	405.762	87.9931	405.762	86.4366	405.762	86.3996	405.762	84.4388	405.762	84.4678	405.762	81.406	405.762	81.6553	405.762	76.0682	405.762	77.6328	405.762	73.6767	405.762	77.7909	405.762	80.7186	405.762	82.7911	405.762	85.1093	405.762	86.4162	405.762	87.773	405.762	88.6261	405.762	89.3256	405.762	89.7581	405.762	89.9736
420.41	97.6086	420.41	97.4013	420.41	97.401	420.41	96.7894	420.41	96.7901	420.41	95.8069	420.41	95.8119	420.41	94.5164	420.41	94.5309	420.41	93.015	420.41	93.0461	420.41	91.4359	420.41	91.4901	420.41	89.9269	420.41	90.0042	420.41	88.5831	420.41	88.674	420.41	87.3434	420.41	87.4396	420.41	85.9303	420.41	86.0514	420.41	83.8881	420.41	84.1161	420.41	80.8726	420.41	81.3889	420.41	79.4345	420.41	79.9434	420.41	83.235	420.41	83.1271	420.41	87.0412	420.41	86.7971	420.41	89.5167	420.41	89.3135	420.41	90.8717	420.41	90.761	420.41	91.2683
435.059	97.577	435.059	97.3503	435.059	97.3363	435.059	96.6645	435.059	96.6423	435.059	95.5551	435.059	95.534	435.059	94.0933	435.059	94.0819	435.059	92.3995	435.059	92.399	435.059	90.6491	435.059	90.6467	435.059	89.0439	435.059	89.0134	435.059	87.7159	435.059	87.6364	435.059	86.5934	435.059	86.4788	435.059	85.3525	435.059	85.2721	435.059	83.5002	435.059	83.5975	435.059	80.6893	435.059	81.2143	435.059	79.3223	435.059	79.9504	435.059	83.0291	435.059	82.9181	435.059	86.8524	435.059	86.557	435.059	89.3606	435.059	89.1143	435.059	90.7348	435.059	90.6014	435.059	91.1306
451.172	98.2166	451.172	97.9468	451.172	98.0015	451.172	97.2028	451.172	97.3107	451.172	96.0183	451.172	96.1749	451.172	94.461	451.172	94.6549	451.172	92.6459	451.172	92.8563	451.172	90.7475	451.172	90.9456	451.172	88.9842	451.172	89.1394	451.172	87.5335	451.172	87.6206	451.172	86.3828	451.172	86.3809	451.172	85.2626	451.172	85.1342	451.172	83.7732	451.172	83.4135	451.172	81.8127	451.172	81.0024	451.172	81.2998	451.172	80.3294	451.172	84.3819	451.172	83.9957	451.172	87.9209	451.172	87.7737	451.172	90.4372	451.172	90.3571	451.172	91.8812	451.172	91.8401	451.172	92.337
465.82	98.3424	465.82	98.0741	465.82	98.1266	465.82	97.3331	465.82	97.4328	465.82	96.1512	465.82	96.2867	465.82	94.5891	465.82	94.741	465.82	92.7539	465.82	92.8927	465.82	90.8229	465.82	90.9079	465.82	89.0448	465.82	89.0293	465.82	87.647	465.82	87.4976	465.82	86.646	465.82	86.3621	465.82	85.7777	465.82	85.3826	465.82	84.6766	465.82	84.2143	465.82	83.2102	465.82	82.8627	465.82	82.2971	465.82	82.5605	465.82	83.8188	465.82	84.5915	465.82	86.6867	465.82	87.3636	465.82	89.0955	465.82	89.5326	465.82	90.6003	465.82	90.8102	465.82	91.1678
483.398	97.9529	483.398	97.695	483.398	97.6974	483.398	96.9334	483.398	96.939	483.398	95.7022	483.398	95.7112	483.398	94.0726	483.398	94.0807	483.398	92.1724	483.398	92.1672	483.398	90.2057	483.398	90.169	483.398	88.4493	483.398	88.3737	483.398	87.1664	483.398	87.0774	483.398	86.3996	483.398	86.3628	483.398	85.8486	483.398	85.9554	483.398	85.0377	483.398	85.3887	483.398	83.5412	483.398	84.2935	483.398	81.4614	483.398	82.9272	483.398	81.4492	483.398	83.2295	483.398	84.7681	483.398	85.8179	483.398	87.8571	483.398	88.3653	483.398	89.714	483.398	89.9203	483.398	90.3769
499.512	97.6488	499.512	97.3332	499.512	97.3974	499.512	96.4521	499.512	96.5884	499.512	95.0222	499.512	95.2409	499.512	93.0854	499.512	93.3867	499.512	90.7377	499.512	91.0881	499.512	88.1879	499.512	88.4862	499.512	85.8242	499.512	85.8891	499.512	84.1313	499.512	83.8027	499.512	83.2789	499.512	82.6011	499.512	82.8044	499.512	82.0219	499.512	81.875	499.512	81.3326	499.512	79.5189	499.512	79.7558	499.512	75.32	499.512	77.0556	499.512	78.4553	499.512	77.9755	499.512	84.2549	499.512	83.0743	499.512	87.7267	499.512	86.8661	499.512	89.5062	499.512	89.0707	499.512	89.9252
517.09	97.972	517.09	97.6869	517.09	97.6208	517.09	96.7634	517.09	96.6451	517.09	95.2067	517.09	95.0708	517.09	93.0307	517.09	92.9456	517.09	90.2762	517.09	90.3615	517.09	87.0738	517.09	87.5141	517.09	83.7916	517.09	84.8395	517.09	81.1716	517.09	83.0375	517.09	79.8817	517.09	82.3289	517.09	79.5688	517.09	81.9359	517.09	79.1936	517.09	80.971	517.09	78.1714	517.09	78.9543	517.09	78.3526	517.09	77.1507	517.09	82.2364	517.09	80.3067	517.09	86.3515	517.09	84.9235	517.09	89.1775	517.09	88.251	517.09	90.7152	517.09	90.2569	517.09	91.064
536.133	98.0074	536.133	97.7299	536.133	97.6339	536.133	96.8033	536.133	96.6119	536.133	95.23	536.133	94.9507	536.133	93.0108	536.133	92.6754	536.133	90.1574	536.133	89.8545	536.133	86.7701	536.133	86.6913	536.133	83.3454	536.133	83.7508	536.133	81.1132	536.133	82.0539	536.133	80.5091	536.133	81.9098	536.133	80.3189	536.133	82.2277	536.133	79.7938	536.133	81.9937	536.133	78.9801	536.133	80.9764	536.133	78.9649	536.133	80.6712	536.133	81.6393	536.133	83.2807	536.133	85.4745	536.133	86.6636	536.133	88.5091	536.133	89.1836	536.133	90.3528	536.133	90.6409	536.133	91.0406
555.176	97.8287	555.176	97.489	555.176	97.496	555.176	96.4746	555.176	96.4883	555.176	94.7833	555.176	94.7903	555.176	92.4142	555.176	92.367	555.176	89.3844	555.176	89.1689	555.176	85.8377	555.176	85.2059	555.176	82.526	555.176	80.9697	555.176	81.2199	555.176	78.5344	555.176	81.8561	555.176	79.1836	555.176	82.5088	555.176	80.7505	555.176	82.3709	555.176	81.864	555.176	81.5119	555.176	82.1197	555.176	80.8029	555.176	81.8951	555.176	81.9647	555.176	82.9661	555.176	84.8416	555.176	85.7214	555.176	87.5873	555.176	88.2422	555.176	89.3897	555.176	89.7285	555.176	90.1058
574.219	97.7161	574.219	97.2992	574.219	97.4072	574.219	96.1736	574.219	96.3544	574.219	94.3529	574.219	94.5345	574.219	91.8365	574.219	91.91	574.219	88.6144	574.219	88.4345	574.219	84.8377	574.219	84.1626	574.219	81.7262	574.219	79.9895	574.219	81.4412	574.219	78.7184	574.219	82.5507	574.219	79.9149	574.219	83.157	574.219	80.8594	574.219	82.8685	574.219	80.7741	574.219	81.7529	574.219	79.6788	574.219	80.5913	574.219	78.6616	574.219	81.9305	574.219	80.9899	574.219	85.5431	574.219	85.3787	574.219	88.7258	574.219	88.8212	574.219	90.7093	574.219	90.8132	574.219	91.4162
594.727	97.2427	594.727	96.8548	594.727	96.8756	594.727	95.7158	594.727	95.7337	594.727	93.8273	594.727	93.7613	594.727	91.1888	594.727	90.8422	594.727	87.7803	594.727	86.7959	594.727	83.6304	594.727	81.7039	594.727	79.8538	594.727	78.3202	594.727	79.6292	594.727	79.4776	594.727	81.0577	594.727	81.2178	594.727	81.6065	594.727	82.2132	594.727	81.1629	594.727	82.1862	594.727	80.2213	594.727	80.9869	594.727	79.5795	594.727	79.5858	594.727	80.7615	594.727	81.0208	594.727	83.9543	594.727	84.3355	594.727	87.023	594.727	87.1332	594.727	88.934	594.727	88.9107	594.727	89.5435
615.234	97.5589	615.234	97.0245	615.234	97.2727	615.234	95.6737	615.234	96.1577	615.234	93.5185	615.234	94.1676	615.234	90.5516	615.234	91.1576	615.234	86.6645	615.234	86.7829	615.234	81.7561	615.234	80.5382	615.234	78.3135	615.234	76.1444	615.234	80.3001	615.234	78.5511	615.234	82.637	615.234	79.9313	615.234	83.7906	615.234	80.1071	615.234	83.7784	615.234	80.0967	615.234	82.623	615.234	80.5212	615.234	80.8593	615.234	81.6645	615.234	80.5474	615.234	84.152	615.234	82.8965	615.234	87.2014	615.234	85.9902	615.234	89.3939	615.234	88.4741	615.234	90.2926	615.234	89.948
637.207	97.8888	637.207	97.3126	637.207	97.5765	637.207	95.8187	637.207	96.3815	637.207	93.3301	637.207	94.2693	637.207	89.6556	637.207	91.0992	637.207	84.3616	637.207	86.4967	637.207	76.8394	637.207	80.1995	637.207	74.2636	637.207	78.884	637.207	78.8975	637.207	82.283	637.207	82.1308	637.207	83.941	637.207	83.8984	637.207	84.1265	637.207	84.2241	637.207	83.3657	637.207	83.2315	637.207	82.4377	637.207	81.6373	637.207	82.3141	637.207	82.0374	637.207	83.987	637.207	85.2683	637.207	87.0939	637.207	88.5105	637.207	89.7968	637.207	90.6667	637.207	91.32	637.207	91.602
659.18	97.7039	659.18	97.2769	659.18	97.165	659.18	95.8369	659.18	95.6564	659.18	93.2914	659.18	93.0928	659.18	89.4667	659.18	89.2218	659.18	83.9671	659.18	83.4319	659.18	76.7614	659.18	76.9628	659.18	77.4312	659.18	80.4674	659.18	81.2166	659.18	84.0535	659.18	83.1117	659.18	85.9386	659.18	83.7869	659.18	86.6585	659.18	83.5513	659.18	86.2968	659.18	82.4223	659.18	84.8437	659.18	80.5421	659.18	82.7281	659.18	80.1474	659.18	81.7593	659.18	83.7873	659.18	83.7688	659.18	87.6187	659.18	87.1099	659.18	89.951	659.18	89.6431	659.18	90.6301
682.617	98.0707	682.617	97.4802	682.617	97.7239	682.617	95.9525	682.617	96.4568	682.617	93.5335	682.617	94.2278	682.617	90.2455	682.617	90.8107	682.617	85.8934	682.617	85.5659	682.617	80.6618	682.617	77.833	682.617	79.9369	682.617	78.8323	682.617	82.7574	682.617	82.6384	682.617	84.6333	682.617	84.5072	682.617	85.6593	682.617	85.5116	682.617	85.8026	682.617	85.7995	682.617	84.8829	682.617	85.3127	682.617	83.4787	682.617	84.6144	682.617	83.7338	682.617	85.261	682.617	86.3136	682.617	87.808	682.617	89.3366	682.617	90.5594	682.617	91.5944	682.617	92.275	682.617	92.6223
707.52	98.0726	707.52	97.4974	707.52	97.5624	707.52	95.7774	707.52	96.025	707.52	92.863	707.52	93.4732	707.52	88.6415	707.52	89.7512	707.52	82.4918	707.52	84.1311	707.52	70.5033	707.52	75.0512	707.52	69.5776	707.52	79.9334	707.52	75.4177	707.52	84.8309	707.52	78.4937	707.52	87.0039	707.52	81.638	707.52	87.6705	707.52	83.1689	707.52	87.2249	707.52	82.8422	707.52	85.985	707.52	81.5906	707.52	84.6932	707.52	82.1668	707.52	84.5181	707.52	85.5737	707.52	86.1785	707.52	88.8243	707.52	88.5391	707.52	90.6893	707.52	90.3196	707.52	91.1155
732.422	97.5177	732.422	97.266	732.422	96.8081	732.422	95.9868	732.422	95.1601	732.422	93.5128	732.422	92.5261	732.422	89.3356	732.422	88.6724	732.422	81.5932	732.422	82.9819	732.422	72.3156	732.422	77.1699	732.422	80.9531	732.422	80.77	732.422	82.6294	732.422	84.3421	732.422	82.4002	732.422	86.5582	732.422	82.4135	732.422	87.8177	732.422	82.6629	732.422	88.0965	732.422	82.6883	732.422	87.3778	732.422	83.2761	732.422	85.7981	732.422	85.206	732.422	84.0637	732.422	87.6911	732.422	83.8944	732.422	89.7734	732.422	85.8148	732.422	90.8554	732.422	88.5321	732.422	90.4679
757.324	97.2567	757.324	96.9694	757.324	96.858	757.324	96.0781	757.324	95.6515	757.324	94.4293	757.324	93.5576	757.324	91.4672	757.324	90.4724	757.324	86.0053	757.324	85.9858	757.324	78.1677	757.324	78.4072	757.324	83.0498	757.324	67.8377	757.324	86.0899	757.324	78.7531	757.324	86.8959	757.324	83.0528	757.324	86.7587	757.324	85.7038	757.324	86.562	757.324	87.4315	757.324	86.8049	757.324	88.2886	757.324	87.2703	757.324	88.3312	757.324	87.8041	757.324	88.0149	757.324	88.7076	757.324	88.4016	757.324	90.0508	757.324	89.6052	757.324	91.2125	757.324	90.83	757.324	91.5069
785.156	97.3777	785.156	96.9338	785.156	96.8887	785.156	95.6278	785.156	95.5162	785.156	93.6519	785.156	93.2682	785.156	91.1169	785.156	89.8351	785.156	87.6277	785.156	84.2633	785.156	81.5726	785.156	74.0093	785.156	74.5609	785.156	76.7135	785.156	83.4286	785.156	82.1364	785.156	87.5878	785.156	84.7172	785.156	89.5413	785.156	85.6622	785.156	90.3387	785.156	85.585	785.156	90.4476	785.156	85.4944	785.156	90.1201	785.156	85.7335	785.156	89.3376	785.156	85.8913	785.156	88.1242	785.156	86.5253	785.156	87.464	785.156	88.2572	785.156	88.4467	785.156	89.6719	785.156	89.6753
811.523	97.877	811.523	97.2991	811.523	97.3959	811.523	95.7813	811.523	95.8979	811.523	93.4793	811.523	93.5508	811.523	90.4334	811.523	90.4389	811.523	87.0232	811.523	86.0961	811.523	83.9987	811.523	78.8088	811.523	79.9698	811.523	76.4832	811.523	79.012	811.523	82.5829	811.523	84.1211	811.523	85.2155	811.523	86.8068	811.523	86.4222	811.523	88.017	811.523	87.5101	811.523	88.4959	811.523	88.4245	811.523	88.2935	811.523	88.0072	811.523	87.4054	811.523	85.8194	811.523	86.0588	811.523	83.4776	811.523	86.2777	811.523	84.3069	811.523	88.1646	811.523	87.1386	811.523	88.7273
840.82	97.9741	840.82	97.4219	840.82	97.072	840.82	95.4301	840.82	94.7642	840.82	92.0686	840.82	91.4711	840.82	88.1447	840.82	88.4371	840.82	86.0474	840.82	86.1756	840.82	84.7613	840.82	83.2862	840.82	82.8424	840.82	80.8165	840.82	83.9234	840.82	83.2857	840.82	85.8363	840.82	85.9765	840.82	86.3669	840.82	86.947	840.82	86.2705	840.82	87.0347	840.82	85.9587	840.82	87.0979	840.82	85.5107	840.82	86.6097	840.82	84.7401	840.82	85.2386	840.82	83.1606	840.82	84.2569	840.82	83.0665	840.82	85.6572	840.82	86.5628	840.82	88.1615	840.82	88.7443
870.117	97.7573	870.117	96.9464	870.117	96.9561	870.117	94.4886	870.117	94.6016	870.117	90.6274	870.117	90.8761	870.117	86.7529	870.117	86.7612	870.117	84.7406	870.117	84.3393	870.117	83.7167	870.117	83.2708	870.117	82.4898	870.117	81.9599	870.117	81.257	870.117	81.3194	870.117	82.7022	870.117	83.6874	870.117	85.5809	870.117	86.2059	870.117	86.9531	870.117	87.1687	870.117	86.3485	870.117	86.5412	870.117	84.5456	870.117	84.0057	870.117	82.9437	870.117	80.8892	870.117	80.7083	870.117	81.3551	870.117	79.8999	870.117	83.8038	870.117	84.1004	870.117	86.6458	870.117	86.8856
900.879	97.9755	900.879	97.0803	900.879	97.0648	900.879	94.4527	900.879	94.4028	900.879	90.6623	900.879	90.4878	900.879	87.1979	900.879	87.4817	900.879	85.2735	900.879	86.5442	900.879	84.9584	900.879	85.9115	900.879	84.6811	900.879	85.4364	900.879	83.9427	900.879	85.0995	900.879	83.7915	900.879	84.6081	900.879	84.2493	900.879	84.1234	900.879	85.3162	900.879	84.3682	900.879	85.4809	900.879	85.415	900.879	83.7826	900.879	85.6236	900.879	81.8066	900.879	83.8874	900.879	80.6915	900.879	80.0311	900.879	82.041	900.879	79.5773	900.879	85.9204	900.879	84.497	900.879	86.9672
933.105	98.1174	933.105	97.2613	933.105	97.2198	933.105	94.6174	933.105	94.5525	933.105	90.0901	933.105	90.2839	933.105	85.5152	933.105	86.0454	933.105	86.2619	933.105	84.7643	933.105	87.0188	933.105	84.4769	933.105	85.3264	933.105	83.3548	933.105	82.2562	933.105	81.4202	933.105	81.9082	933.105	80.5678	933.105	82.9436	933.105	82.6713	933.105	84.0411	933.105	84.7478	933.105	85.1784	933.105	84.7537	933.105	84.6121	933.105	82.314	933.105	81.2175	933.105	79.2146	933.105	75.7163	933.105	75.7388	933.105	75.6053	933.105	77.6756	933.105	83.084	933.105	84.8641	933.105	86.3208
965.332	97.7812	965.332	97.0336	965.332	96.7727	965.332	94.5663	965.332	94.0529	965.332	90.9283	965.332	90.1165	965.332	87.7787	965.332	87.0288	965.332	85.8865	965.332	86.1855	965.332	85.5371	965.332	86.0744	965.332	85.4867	965.332	85.8319	965.332	84.2211	965.332	84.9617	965.332	83.1345	965.332	83.5742	965.332	82.9337	965.332	82.9288	965.332	82.9471	965.332	83.4214	965.332	83.1883	965.332	83.9502	965.332	82.5207	965.332	83.3923	965.332	81.1535	965.332	80.4913	965.332	79.2892	965.332	75.6677	965.332	77.3425	965.332	78.0109	965.332	82.6059	965.332	83.031	965.332	84.9074
1,000.49	97.8031	1,000.49	96.9678	1,000.49	96.8712	1,000.49	94.3926	1,000.49	94.2132	1,000.49	90.3462	1,000.49	90.2652	1,000.49	86.5795	1,000.49	86.8292	1,000.49	85.868	1,000.49	85.3299	1,000.49	86.0461	1,000.49	84.5238	1,000.49	85.1348	1,000.49	84.2326	1,000.49	83.2193	1,000.49	84.6245	1,000.49	82.0361	1,000.49	84.5928	1,000.49	82.0938	1,000.49	83.1707	1,000.49	82.4396	1,000.49	81.5862	1,000.49	82.9527	1,000.49	80.6388	1,000.49	82.2278	1,000.49	76.8815	1,000.49	79.3617	1,000.49	75.477	1,000.49	76.3674	1,000.49	75.7868	1,000.49	79.6226	1,000.49	78.689	1,000.49	83.9124	1,000.49	83.2087	1,000.49	85.0042
1,035.64	97.7745	1,035.64	97.0668	1,035.64	96.7625	1,035.64	94.6697	1,035.64	94.1579	1,035.64	91.0258	1,035.64	90.8362	1,035.64	88.2512	1,035.64	88.7124	1,035.64	87.113	1,035.64	87.5324	1,035.64	85.8778	1,035.64	85.7338	1,035.64	84.3816	1,035.64	83.7938	1,035.64	81.3799	1,035.64	82.5682	1,035.64	76.8299	1,035.64	81.2137	1,035.64	74.4313	1,035.64	82.275	1,035.64	79.5113	1,035.64	84.2008	1,035.64	84.0275	1,035.64	84.1744	1,035.64	83.4767	1,035.64	83.54	1,035.64	78.5225	1,035.64	81.953	1,035.64	75.9984	1,035.64	77.6522	1,035.64	75.183	1,035.64	76.2354	1,035.64	81.5104	1,035.64	81.1621	1,035.64	83.7243
1,072.27	96.9848	1,072.27	96.1634	1,072.27	96.164	1,072.27	93.8299	1,072.27	93.8523	1,072.27	90.671	1,072.27	91.0174	1,072.27	88.6152	1,072.27	88.7764	1,072.27	87.8095	1,072.27	86.58	1,072.27	86.7831	1,072.27	84.7613	1,072.27	85.6749	1,072.27	84.0411	1,072.27	83.9742	1,072.27	83.367	1,072.27	81.7581	1,072.27	82.4726	1,072.27	80.1678	1,072.27	81.589	1,072.27	77.929	1,072.27	80.4411	1,072.27	78.9481	1,072.27	80.631	1,072.27	81.8156	1,072.27	78.1686	1,072.27	81.1527	1,072.27	77.8377	1,072.27	78.2539	1,072.27	79.984	1,072.27	75.7025	1,072.27	78.7871	1,072.27	79.607	1,072.27	80.8286	1,072.27	82.108
1,108.89	97.1438	1,108.89	96.3005	1,108.89	95.9299	1,108.89	93.828	1,108.89	93.0381	1,108.89	91.2218	1,108.89	90.9509	1,108.89	90.4081	1,108.89	90.4168	1,108.89	89.6243	1,108.89	89.0001	1,108.89	87.4341	1,108.89	86.939	1,108.89	85.6068	1,108.89	85.0077	1,108.89	84.5845	1,108.89	83.9586	1,108.89	82.7988	1,108.89	84.0782	1,108.89	80.3197	1,108.89	82.3922	1,108.89	77.7373	1,108.89	80.9209	1,108.89	81.9461	1,108.89	83.5547	1,108.89	83.7891	1,108.89	84.4773	1,108.89	81.0858	1,108.89	82.4238	1,108.89	77.8536	1,108.89	75.5701	1,108.89	75.5081	1,108.89	71.3376	1,108.89	79.3288	1,108.89	77.6677	1,108.89	81.8555
1,148.44	97.7159	1,148.44	96.5776	1,148.44	96.5643	1,148.44	93.5949	1,148.44	93.3279	1,148.44	90.7922	1,148.44	90.8226	1,148.44	90.091	1,148.44	91.0787	1,148.44	89.5528	1,148.44	89.9423	1,148.44	87.8131	1,148.44	86.8324	1,148.44	84.3821	1,148.44	84.4388	1,148.44	82.7483	1,148.44	84.1026	1,148.44	84.8556	1,148.44	82.7173	1,148.44	85.6676	1,148.44	80.7531	1,148.44	83.931	1,148.44	81.5133	1,148.44	80.5366	1,148.44	82.3723	1,148.44	80.3327	1,148.44	79.2568	1,148.44	78.5106	1,148.44	79.177	1,148.44	75.4734	1,148.44	81.6662	1,148.44	75.7725	1,148.44	78.829	1,148.44	80.657	1,148.44	78.7048	1,148.44	81.4875
1,189.45	98.2568	1,189.45	97.1733	1,189.45	97.0622	1,189.45	93.993	1,189.45	93.585	1,189.45	90.8425	1,189.45	89.8804	1,189.45	90.2899	1,189.45	90.0937	1,189.45	89.5276	1,189.45	90.1406	1,189.45	87.7606	1,189.45	88.9337	1,189.45	85.9942	1,189.45	86.9916	1,189.45	84.4772	1,189.45	84.3655	1,189.45	82.1879	1,189.45	83.1468	1,189.45	82.5187	1,189.45	82.0775	1,189.45	83.1474	1,189.45	75.7297	1,189.45	80.2488	1,189.45	79.9796	1,189.45	79.1074	1,189.45	82.7324	1,189.45	80.2763	1,189.45	83.1974	1,189.45	79.3589	1,189.45	79.05	1,189.45	75.4575	1,189.45	77.375	1,189.45	79.7882	1,189.45	78.6677	1,189.45	82.5938
1,230.47	98.5169	1,230.47	97.4814	1,230.47	97.3429	1,230.47	94.5462	1,230.47	94.1791	1,230.47	91.7488	1,230.47	90.7214	1,230.47	90.8598	1,230.47	90.0129	1,230.47	90.1352	1,230.47	89.6772	1,230.47	88.5171	1,230.47	88.0049	1,230.47	85.6568	1,230.47	85.1784	1,230.47	83.2526	1,230.47	84.0224	1,230.47	82.0411	1,230.47	82.8679	1,230.47	79.1697	1,230.47	82.1328	1,230.47	82.4723	1,230.47	83.4346	1,230.47	82.5802	1,230.47	80.2499	1,230.47	81.4877	1,230.47	80.1022	1,230.47	79.9472	1,230.47	78.5828	1,230.47	73.9959	1,230.47	81.5321	1,230.47	76.4681	1,230.47	80.5937	1,230.47	82.004	1,230.47	77.5048	1,230.47	81.1737
1,274.41	98.0673	1,274.41	96.8036	1,274.41	97.3561	1,274.41	94.1577	1,274.41	94.6905	1,274.41	91.1104	1,274.41	91.9222	1,274.41	89.5774	1,274.41	90.9155	1,274.41	89.0243	1,274.41	89.3252	1,274.41	87.4651	1,274.41	86.2621	1,274.41	85.2363	1,274.41	84.3408	1,274.41	83.3498	1,274.41	84.4106	1,274.41	82.7841	1,274.41	83.4145	1,274.41	81.5337	1,274.41	82.6533	1,274.41	78.6142	1,274.41	81.3826	1,274.41	79.922	1,274.41	76.6332	1,274.41	79.1977	1,274.41	80.0922	1,274.41	78.5302	1,274.41	82.1751	1,274.41	79.5683	1,274.41	80.5247	1,274.41	79.4098	1,274.41	77.6864	1,274.41	81.2691	1,274.41	80.3206	1,274.41	83.6248
1,319.82	97.7246	1,319.82	96.8513	1,319.82	96.8062	1,319.82	94.6138	1,319.82	94.3817	1,319.82	92.6779	1,319.82	91.9333	1,319.82	91.7605	1,319.82	90.7479	1,319.82	90.3747	1,319.82	89.7165	1,319.82	88.8651	1,319.82	88.0244	1,319.82	87.3262	1,319.82	85.2585	1,319.82	84.64	1,319.82	81.621	1,319.82	82.3986	1,319.82	81.7457	1,319.82	81.2078	1,319.82	83.5186	1,319.82	82.1239	1,319.82	81.9281	1,319.82	82.3282	1,319.82	81.2213	1,319.82	78.4824	1,319.82	81.4017	1,319.82	80.9368	1,319.82	81.2211	1,319.82	80.341	1,319.82	79.7677	1,319.82	80.6893	1,319.82	82.3374	1,319.82	80.2311	1,319.82	77.7055	1,319.82	79.7598
1,366.7	97.4275	1,366.7	96.3994	1,366.7	96.2885	1,366.7	94.3873	1,366.7	94.2107	1,366.7	93.5215	1,366.7	92.5743	1,366.7	91.8968	1,366.7	91.4303	1,366.7	90.1141	1,366.7	90.275	1,366.7	88.1725	1,366.7	88.4319	1,366.7	85.2296	1,366.7	85.3244	1,366.7	85.8305	1,366.7	83.1051	1,366.7	86.2417	1,366.7	85.4606	1,366.7	82.8057	1,366.7	85.5681	1,366.7	78.6775	1,366.7	82.1545	1,366.7	75.1068	1,366.7	79.5534	1,366.7	78.8306	1,366.7	74.6284	1,366.7	79.6493	1,366.7	81.8896	1,366.7	73.047	1,366.7	83.4641	1,366.7	77.048	1,366.7	81.9514	1,366.7	81.5978	1,366.7	78.0073	1,366.7	81.6744
1,413.57	97.6144	1,413.57	96.2774	1,413.57	96.1276	1,413.57	93.9266	1,413.57	92.8482	1,413.57	92.9407	1,413.57	92.1436	1,413.57	91.242	1,413.57	92.4854	1,413.57	89.4429	1,413.57	91.3475	1,413.57	87.8681	1,413.57	89.2544	1,413.57	85.5117	1,413.57	87.4606	1,413.57	83.7063	1,413.57	84.3911	1,413.57	85.962	1,413.57	83.4161	1,413.57	85.1678	1,413.57	86.7795	1,413.57	79.6268	1,413.57	84.4923	1,413.57	82.3724	1,413.57	75.3747	1,413.57	79.0239	1,413.57	79.4821	1,413.57	82.1598	1,413.57	83.3503	1,413.57	80.6004	1,413.57	79.476	1,413.57	80.8854	1,413.57	81.0885	1,413.57	83.5754	1,413.57	69.6982	1,413.57	82.7106
1,463.38	98.4296	1,463.38	96.8961	1,463.38	96.5855	1,463.38	93.1208	1,463.38	92.9921	1,463.38	91.9112	1,463.38	91.8146	1,463.38	91.0458	1,463.38	91.9331	1,463.38	89.5355	1,463.38	91.8092	1,463.38	89.8198	1,463.38	90.3614	1,463.38	89.0504	1,463.38	87.62	1,463.38	85.8069	1,463.38	85.2777	1,463.38	85.1477	1,463.38	85.6649	1,463.38	86.2057	1,463.38	87.1527	1,463.38	86.3888	1,463.38	84.2463	1,463.38	82.5168	1,463.38	83.7088	1,463.38	72.7112	1,463.38	77.0854	1,463.38	82.1901	1,463.38	77.5974	1,463.38	79.365	1,463.38	80.8295	1,463.38	74.9579	1,463.38	81.092	1,463.38	80.5085	1,463.38	75.4336	1,463.38	80.0659
1,516.11	98.7514	1,516.11	97.0059	1,516.11	97.1961	1,516.11	92.9087	1,516.11	93.3184	1,516.11	91.0426	1,516.11	91.4091	1,516.11	92.0843	1,516.11	92.0923	1,516.11	92.2559	1,516.11	91.9249	1,516.11	90.5422	1,516.11	90.3714	1,516.11	88.2047	1,516.11	87.5676	1,516.11	85.7425	1,516.11	85.2726	1,516.11	84.954	1,516.11	84.5182	1,516.11	85.1151	1,516.11	85.7478	1,516.11	85.7899	1,516.11	87.0669	1,516.11	83.3748	1,516.11	83.6848	1,516.11	81.3725	1,516.11	77.7008	1,516.11	81.9393	1,516.11	80.7659	1,516.11	82.805	1,516.11	82.5849	1,516.11	78.0872	1,516.11	75.6956	1,516.11	79.0538	1,516.11	79.4752	1,516.11	85.4117
1,568.85	98.4617	1,568.85	96.8585	1,568.85	96.9904	1,568.85	92.8768	1,568.85	93.5379	1,568.85	91.2301	1,568.85	91.6219	1,568.85	91.3083	1,568.85	91.727	1,568.85	91.071	1,568.85	91.6953	1,568.85	90.3881	1,568.85	90.9551	1,568.85	88.6624	1,568.85	88.7242	1,568.85	85.8541	1,568.85	86.4865	1,568.85	85.6136	1,568.85	86.4887	1,568.85	83.8181	1,568.85	83.9409	1,568.85	76.5978	1,568.85	82.1058	1,568.85	82.7724	1,568.85	82.0028	1,568.85	77.9534	1,568.85	78.4173	1,568.85	79.8333	1,568.85	83.735	1,568.85	81.7707	1,568.85	80.8771	1,568.85	72.6707	1,568.85	78.4307	1,568.85	80.236	1,568.85	76.6743	1,568.85	83.5495
1,624.51	97.5637	1,624.51	96.2071	1,624.51	95.9578	1,624.51	92.5937	1,624.51	93.2447	1,624.51	91.2445	1,624.51	91.8679	1,624.51	91.4815	1,624.51	91.7707	1,624.51	91.8657	1,624.51	92.0909	1,624.51	91.1776	1,624.51	90.6941	1,624.51	89.0093	1,624.51	87.3893	1,624.51	86.7407	1,624.51	85.6453	1,624.51	85.1986	1,624.51	84.5098	1,624.51	83.5175	1,624.51	83.7701	1,624.51	81.9056	1,624.51	84.5732	1,624.51	81.0926	1,624.51	81.2046	1,624.51	80.5154	1,624.51	83.2571	1,624.51	73.99	1,624.51	78.6927	1,624.51	81.8388	1,624.51	78.0321	1,624.51	67.2493	1,624.51	79.8336	1,624.51	73.3931	1,624.51	80.2972	1,624.51	83.2678
1,681.64	97.3889	1,681.64	95.7126	1,681.64	94.8517	1,681.64	91.4543	1,681.64	90.6236	1,681.64	91.0003	1,681.64	89.8598	1,681.64	91.8745	1,681.64	91.3921	1,681.64	91.7159	1,681.64	91.7811	1,681.64	90.7735	1,681.64	90.534	1,681.64	88.0858	1,681.64	88.3158	1,681.64	85.1476	1,681.64	85.1071	1,681.64	84.9707	1,681.64	82.6626	1,681.64	83.4287	1,681.64	85.7594	1,681.64	77.127	1,681.64	85.4225	1,681.64	74.6678	1,681.64	82.4673	1,681.64	79.0275	1,681.64	84.7384	1,681.64	78.6813	1,681.64	75.9543	1,681.64	81.703	1,681.64	81.9739	1,681.64	75.2468	1,681.64	68.5606	1,681.64	73.1672	1,681.64	75.9366	1,681.64	82.3054
1,741.7	97.5595	1,741.7	94.8645	1,741.7	95.703	1,741.7	90.067	1,741.7	89.3685	1,741.7	89.0047	1,741.7	88.499	1,741.7	91.3213	1,741.7	90.9489	1,741.7	91.5233	1,741.7	92.0005	1,741.7	89.5704	1,741.7	92.1728	1,741.7	89.7796	1,741.7	89.7388	1,741.7	88.6496	1,741.7	85.1529	1,741.7	82.7791	1,741.7	83.9356	1,741.7	87.4399	1,741.7	82.0233	1,741.7	85.115	1,741.7	81.7467	1,741.7	82.2872	1,741.7	79.3108	1,741.7	81.3832	1,741.7	78.3774	1,741.7	77.6164	1,741.7	77.035	1,741.7	81.7404	1,741.7	83.0939	1,741.7	76.2977	1,741.7	64.3288	1,741.7	77.6218	1,741.7	75.0508	1,741.7	81.891
1,803.22	97.9825	1,803.22	96.0614	1,803.22	96.2331	1,803.22	91.6584	1,803.22	91.0617	1,803.22	89.3337	1,803.22	88.3616	1,803.22	90.8972	1,803.22	90.7536	1,803.22	91.3328	1,803.22	92.1361	1,803.22	91.2294	1,803.22	91.4791	1,803.22	89.8531	1,803.22	90.1773	1,803.22	87.7597	1,803.22	86.8876	1,803.22	84.9567	1,803.22	83.0836	1,803.22	84.4781	1,803.22	84.6831	1,803.22	81.5777	1,803.22	77.6682	1,803.22	82.232	1,803.22	80.1442	1,803.22	77.2555	1,803.22	80.2356	1,803.22	78.0138	1,803.22	79.7368	1,803.22	80.1128	1,803.22	81.4004	1,803.22	75.6214	1,803.22	71.8608	1,803.22	71.5441	1,803.22	74.5456	1,803.22	80.7834
1,866.21	97.4603	1,866.21	96.2882	1,866.21	96.1571	1,866.21	92.9898	1,866.21	92.1712	1,866.21	88.5479	1,866.21	89.3179	1,866.21	90.1161	1,866.21	90.8248	1,866.21	93.0886	1,866.21	92.2759	1,866.21	92.0406	1,866.21	92.0137	1,866.21	90.0245	1,866.21	89.662	1,866.21	87.4249	1,866.21	86.6809	1,866.21	85.3349	1,866.21	83.3245	1,866.21	81.2934	1,866.21	84.0814	1,866.21	84.5189	1,866.21	81.1047	1,866.21	78.276	1,866.21	78.2217	1,866.21	81.1758	1,866.21	82.1538	1,866.21	76.7057	1,866.21	79.3486	1,866.21	76.5627	1,866.21	81.2244	1,866.21	73.5489	1,866.21	69.8167	1,866.21	70.7698	1,866.21	76.2241	1,866.21	80.8769
1,932.13	96.8833	1,932.13	95.991	1,932.13	95.5167	1,932.13	93.1841	1,932.13	92.6632	1,932.13	89.839	1,932.13	90.7139	1,932.13	91.8109	1,932.13	91.2594	1,932.13	93.461	1,932.13	92.5576	1,932.13	92.194	1,932.13	92.6782	1,932.13	90.8684	1,932.13	90.4644	1,932.13	87.2517	1,932.13	87.5116	1,932.13	84.269	1,932.13	82.7923	1,932.13	84.4159	1,932.13	81.6548	1,932.13	81.896	1,932.13	81.182	1,932.13	81.1349	1,932.13	76.8228	1,932.13	81.2594	1,932.13	81.7232	1,932.13	78.6821	1,932.13	79.5892	1,932.13	78.7344	1,932.13	80.2013	1,932.13	72.5878	1,932.13	70.2521	1,932.13	71.3899	1,932.13	70.5725	1,932.13	79.2938
1,999.51	97.4887	1,999.51	96.3714	1,999.51	95.9413	1,999.51	92.316	1,999.51	92.5702	1,999.51	91.4958	1,999.51	91.5797	1,999.51	93.0811	1,999.51	92.4755	1,999.51	92.9176	1,999.51	92.5516	1,999.51	92.069	1,999.51	92.6768	1,999.51	89.6277	1,999.51	90.6274	1,999.51	87.7809	1,999.51	87.487	1,999.51	83.0334	1,999.51	83.5513	1,999.51	79.9063	1,999.51	82.066	1,999.51	81.0388	1,999.51	80.369	1,999.51	80.0048	1,999.51	76.6883	1,999.51	79.3097	1,999.51	82.6268	1,999.51	76.9631	1,999.51	81.601	1,999.51	78.2202	1,999.51	78.1877	1,999.51	75.3288	1,999.51	73.1162	1,999.51	70.8145	1,999.51	73.0111	1,999.51	80.6033
2,069.82	97.8649	2,069.82	96.8344	2,069.82	96.8306	2,069.82	93.5718	2,069.82	93.8222	2,069.82	92.3133	2,069.82	91.2223	2,069.82	93.4749	2,069.82	93.1857	2,069.82	93.3154	2,069.82	93.4763	2,069.82	93.235	2,069.82	92.692	2,069.82	91.2535	2,069.82	90.769	2,069.82	88.4111	2,069.82	86.3644	2,069.82	85.2468	2,069.82	84.4736	2,069.82	85.0787	2,069.82	81.2414	2,069.82	79.7297	2,069.82	81.8131	2,069.82	81.7192	2,069.82	79.1333	2,069.82	76.8444	2,069.82	78.3262	2,069.82	78.6967	2,069.82	81.2389	2,069.82	79.3725	2,069.82	79.1121	2,069.82	74.6004	2,069.82	72.0476	2,069.82	70.2682	2,069.82	74.9842	2,069.82	81.5696
2,143.07	97.3093	2,143.07	96.7626	2,143.07	96.7317	2,143.07	95.2293	2,143.07	95.0715	2,143.07	91.6851	2,143.07	92.222	2,143.07	93.0297	2,143.07	93.3051	2,143.07	94.1846	2,143.07	94.3327	2,143.07	93.517	2,143.07	93.2995	2,143.07	91.0128	2,143.07	91.2019	2,143.07	86.2211	2,143.07	86.3251	2,143.07	83.7854	2,143.07	84.2825	2,143.07	81.6172	2,143.07	81.1854	2,143.07	81.7291	2,143.07	81.5885	2,143.07	79.1688	2,143.07	80.6304	2,143.07	78.7984	2,143.07	76.2918	2,143.07	78.6227	2,143.07	80.2155	2,143.07	75.7644	2,143.07	76.35	2,143.07	76.0962	2,143.07	73.2929	2,143.07	73.3752	2,143.07	74.0805	2,143.07	79.9665
2,219.24	96.7852	2,219.24	96.3033	2,219.24	96.23	2,219.24	95.4062	2,219.24	94.9183	2,219.24	92.6664	2,219.24	93.0219	2,219.24	93.2485	2,219.24	93.0872	2,219.24	95.2857	2,219.24	94.4138	2,219.24	92.7928	2,219.24	93.282	2,219.24	90.7395	2,219.24	90.9121	2,219.24	88.2334	2,219.24	85.5749	2,219.24	84.6227	2,219.24	80.8651	2,219.24	81.9692	2,219.24	80.7964	2,219.24	80.4132	2,219.24	81.4444	2,219.24	80.4556	2,219.24	80.5479	2,219.24	79.1917	2,219.24	77.8895	2,219.24	78.3317	2,219.24	79.9486	2,219.24	75.8237	2,219.24	76.3692	2,219.24	75.5096	2,219.24	71.721	2,219.24	74.1152	2,219.24	77.4381	2,219.24	79.7726
2,296.88	97.4149	2,296.88	97.361	2,296.88	97.2685	2,296.88	95.1902	2,296.88	94.8615	2,296.88	93.6555	2,296.88	93.4791	2,296.88	93.1893	2,296.88	93.254	2,296.88	93.9426	2,296.88	94.1762	2,296.88	93.3855	2,296.88	93.3708	2,296.88	89.2772	2,296.88	91.0503	2,296.88	86.5438	2,296.88	87.3344	2,296.88	82.1396	2,296.88	81.2271	2,296.88	76.543	2,296.88	80.0734	2,296.88	83.2172	2,296.88	81.3822	2,296.88	78.3712	2,296.88	78.2038	2,296.88	80.828	2,296.88	77.2205	2,296.88	77.7122	2,296.88	79.2512	2,296.88	76.5672	2,296.88	76.4825	2,296.88	75.2558	2,296.88	71.1868	2,296.88	73.639	2,296.88	76.9514	2,296.88	80.3594
2,378.91	97.0755	2,378.91	97.6423	2,378.91	97.7409	2,378.91	96.0511	2,378.91	96.0535	2,378.91	93.1375	2,378.91	92.528	2,378.91	93.0509	2,378.91	93.644	2,378.91	94.0299	2,378.91	93.6786	2,378.91	93.0811	2,378.91	92.6983	2,378.91	90.9151	2,378.91	90.661	2,378.91	88.7243	2,378.91	88.7393	2,378.91	81.9165	2,378.91	84.8635	2,378.91	83.1638	2,378.91	83.7952	2,378.91	78.0196	2,378.91	73.5185	2,378.91	79.1574	2,378.91	81.4046	2,378.91	80.3812	2,378.91	76.3479	2,378.91	73.1926	2,378.91	78.5338	2,378.91	73.5032	2,378.91	74.3028	2,378.91	77.0106	2,378.91	69.9949	2,378.91	73.4362	2,378.91	76.6414	2,378.91	77.5241
2,462.4	96.1703	2,462.4	96.5147	2,462.4	96.7296	2,462.4	96.5854	2,462.4	96.6738	2,462.4	93.1502	2,462.4	93.3105	2,462.4	93.304	2,462.4	92.7428	2,462.4	93.5493	2,462.4	93.5669	2,462.4	92.8848	2,462.4	92.6569	2,462.4	89.9432	2,462.4	89.824	2,462.4	86.4284	2,462.4	86.1552	2,462.4	85.7732	2,462.4	83.3839	2,462.4	82.1241	2,462.4	84.0191	2,462.4	79.879	2,462.4	80.6778	2,462.4	78.6193	2,462.4	79.9956	2,462.4	78.2976	2,462.4	79.8533	2,462.4	70.9771	2,462.4	79.5061	2,462.4	74.7857	2,462.4	75.8265	2,462.4	75.4889	2,462.4	71.2988	2,462.4	74.2494	2,462.4	78.3213	2,462.4	74.8629
2,548.83	97.0306	2,548.83	97.0263	2,548.83	96.6945	2,548.83	95.9437	2,548.83	95.9559	2,548.83	93.8596	2,548.83	93.9036	2,548.83	92.7685	2,548.83	92.8199	2,548.83	93.413	2,548.83	93.569	2,548.83	92.2915	2,548.83	92.8486	2,548.83	90.4722	2,548.83	90.6371	2,548.83	87.2039	2,548.83	86.6097	2,548.83	83.9676	2,548.83	86.8588	2,548.83	73.3123	2,548.83	84.3455	2,548.83	82.4524	2,548.83	82.4638	2,548.83	76.552	2,548.83	75.4357	2,548.83	79.6088	2,548.83	79.8369	2,548.83	75.1054	2,548.83	79.7241	2,548.83	77.4584	2,548.83	76.4513	2,548.83	72.592	2,548.83	70.8655	2,548.83	75.0303	2,548.83	77.6816	2,548.83	73.1562
2,639.65	97.8811	2,639.65	97.9293	2,639.65	97.8417	2,639.65	96.8489	2,639.65	96.6831	2,639.65	94.3286	2,639.65	94.0244	2,639.65	91.9016	2,639.65	92.4348	2,639.65	93.282	2,639.65	93.1691	2,639.65	93.3541	2,639.65	93.2036	2,639.65	90.7209	2,639.65	91.1568	2,639.65	88.4052	2,639.65	85.8146	2,639.65	84.0476	2,639.65	83.5017	2,639.65	79.5927	2,639.65	83.107	2,639.65	82.5859	2,639.65	80.6131	2,639.65	79.7349	2,639.65	75.6457	2,639.65	79.1959	2,639.65	78.0921	2,639.65	73.2765	2,639.65	79.5775	2,639.65	76.812	2,639.65	78.6624	2,639.65	70.9232	2,639.65	64.9763	2,639.65	77.0293	2,639.65	78.4358	2,639.65	75.2866
2,731.93	97.3717	2,731.93	96.6586	2,731.93	96.9626	2,731.93	96.8701	2,731.93	96.9216	2,731.93	94.3539	2,731.93	94.795	2,731.93	91.9458	2,731.93	92.3428	2,731.93	92.2848	2,731.93	93.1723	2,731.93	92.42	2,731.93	92.7126	2,731.93	90.6296	2,731.93	90.9111	2,731.93	87.6976	2,731.93	88.228	2,731.93	83.5868	2,731.93	82.2735	2,731.93	82.1374	2,731.93	81.7698	2,731.93	78.645	2,731.93	80.6672	2,731.93	79.8966	2,731.93	71.4778	2,731.93	78.5186	2,731.93	77.4085	2,731.93	72.0766	2,731.93	76.1634	2,731.93	75.4013	2,731.93	75.9317	2,731.93	64.7073	2,731.93	68.4181	2,731.93	74.1181	2,731.93	77.8649	2,731.93	72.6668
2,828.61	97.2132	2,828.61	96.5222	2,828.61	96.6338	2,828.61	96.1739	2,828.61	96.2464	2,828.61	94.4709	2,828.61	95.3269	2,828.61	92.3632	2,828.61	92.1805	2,828.61	92.384	2,828.61	92.4706	2,828.61	91.4084	2,828.61	91.344	2,828.61	89.4115	2,828.61	89.1189	2,828.61	85.0855	2,828.61	88.5772	2,828.61	83.4621	2,828.61	82.8812	2,828.61	77.3546	2,828.61	73.6935	2,828.61	77.5313	2,828.61	71.179	2,828.61	79.9287	2,828.61	73.5083	2,828.61	74.8679	2,828.61	77.1809	2,828.61	73.2518	2,828.61	79.3887	2,828.61	73.957	2,828.61	74.3971	2,828.61	66.9737	2,828.61	67.3567	2,828.61	73.5122	2,828.61	74.3721	2,828.61	71.094
2,928.22	97.8766	2,928.22	97.1579	2,928.22	97.0065	2,928.22	96.227	2,928.22	96.0578	2,928.22	94.7007	2,928.22	94.5897	2,928.22	91.4833	2,928.22	91.9209	2,928.22	92.315	2,928.22	92.4468	2,928.22	92.1732	2,928.22	91.1287	2,928.22	88.7306	2,928.22	87.0277	2,928.22	86.1128	2,928.22	84.7495	2,928.22	84.4735	2,928.22	78.4066	2,928.22	78.093	2,928.22	70.5311	2,928.22	78.4462	2,928.22	75.5848	2,928.22	77.7474	2,928.22	75.3411	2,928.22	76.4798	2,928.22	75.0176	2,928.22	74.6202	2,928.22	76.4509	2,928.22	73.4375	2,928.22	74.0157	2,928.22	57.7406	2,928.22	67.5868	2,928.22	66.1975	2,928.22	75.005	2,928.22	67.2367
3,030.76	97.868	3,030.76	97.0155	3,030.76	97.1458	3,030.76	96.7383	3,030.76	96.6808	3,030.76	94.9506	3,030.76	94.6443	3,030.76	91.4929	3,030.76	91.9485	3,030.76	92.3609	3,030.76	92.015	3,030.76	91.1617	3,030.76	90.6733	3,030.76	88.5029	3,030.76	87.6098	3,030.76	85.7163	3,030.76	84.8562	3,030.76	79.9769	3,030.76	79.9788	3,030.76	79.3713	3,030.76	80.6703	3,030.76	76.398	3,030.76	77.6762	3,030.76	75.1024	3,030.76	75.4075	3,030.76	75.4168	3,030.76	77.881	3,030.76	76.2812	3,030.76	76.2048	3,030.76	72.2186	3,030.76	68.1974	3,030.76	62.1927	3,030.76	70.7258	3,030.76	71.8959	3,030.76	75.6442	3,030.76	72.0074
3,137.7	97.3536	3,137.7	96.6121	3,137.7	96.6706	3,137.7	96.4444	3,137.7	96.7006	3,137.7	95.4334	3,137.7	95.2778	3,137.7	91.859	3,137.7	91.4965	3,137.7	91.2291	3,137.7	91.4687	3,137.7	90.7636	3,137.7	90.2413	3,137.7	88.8718	3,137.7	88.1009	3,137.7	84.0444	3,137.7	86.1795	3,137.7	81.153	3,137.7	83.6281	3,137.7	80.9275	3,137.7	83.4438	3,137.7	76.5835	3,137.7	76.2641	3,137.7	76.3942	3,137.7	75.2029	3,137.7	75.8154	3,137.7	73.3689	3,137.7	75.3136	3,137.7	76.033	3,137.7	74.3442	3,137.7	68.1946	3,137.7	47.8375	3,137.7	70.3122	3,137.7	73.8939	3,137.7	74.626	3,137.7	76.1087
3,249.02	97.8746	3,249.02	97.1498	3,249.02	96.9495	3,249.02	96.3581	3,249.02	96.4415	3,249.02	95.5269	3,249.02	95.4768	3,249.02	91.7737	3,249.02	91.3199	3,249.02	90.12	3,249.02	90.0804	3,249.02	90.9586	3,249.02	89.8955	3,249.02	89.2253	3,249.02	90.0411	3,249.02	87.6267	3,249.02	88.4249	3,249.02	83.2985	3,249.02	84.9577	3,249.02	81.519	3,249.02	84.806	3,249.02	77.2782	3,249.02	75.6556	3,249.02	77.6961	3,249.02	72.2367	3,249.02	77.6986	3,249.02	76.4183	3,249.02	68.5558	3,249.02	73.757	3,249.02	72.2979	3,249.02	62.0703	3,249.02	61.9243	3,249.02	70.4606	3,249.02	72.1415	3,249.02	72.5621	3,249.02	73.5484
3,363.28	97.97	3,363.28	97.2568	3,363.28	97.1758	3,363.28	96.8767	3,363.28	97.0403	3,363.28	95.7212	3,363.28	95.972	3,363.28	91.174	3,363.28	91.347	3,363.28	89.1186	3,363.28	88.4779	3,363.28	90.3898	3,363.28	90.343	3,363.28	90.3505	3,363.28	90.5673	3,363.28	87.5222	3,363.28	88.5743	3,363.28	81.4336	3,363.28	85.6169	3,363.28	80.1978	3,363.28	86.4234	3,363.28	75.4678	3,363.28	79.3383	3,363.28	75.8931	3,363.28	61.074	3,363.28	79.869	3,363.28	71.4321	3,363.28	74.6859	3,363.28	75.1125	3,363.28	70.8792	3,363.28	63.888	3,363.28	63.4095	3,363.28	72.1695	3,363.28	68.703	3,363.28	72.7205	3,363.28	70.4606
3,481.93	97.9515	3,481.93	97.2863	3,481.93	97.3746	3,481.93	96.3746	3,481.93	96.5738	3,481.93	96.219	3,481.93	96.3198	3,481.93	90.507	3,481.93	90.5975	3,481.93	88.7636	3,481.93	89.006	3,481.93	91.3878	3,481.93	91.8581	3,481.93	90.3502	3,481.93	90.7356	3,481.93	86.6944	3,481.93	88.5709	3,481.93	84.3948	3,481.93	84.3005	3,481.93	79.639	3,481.93	81.2637	3,481.93	77.8455	3,481.93	81.074	3,481.93	74.5802	3,481.93	76.7635	3,481.93	75.9732	3,481.93	74.9074	3,481.93	76.3395	3,481.93	73.8411	3,481.93	73.6404	3,481.93	61.25	3,481.93	65.4637	3,481.93	71.6259	3,481.93	71.221	3,481.93	73.5134	3,481.93	69.3994
3,604.98	97.8049	3,604.98	97.8606	3,604.98	97.7733	3,604.98	96.0313	3,604.98	96.1058	3,604.98	95.5131	3,604.98	96.3793	3,604.98	91.0128	3,604.98	91.2726	3,604.98	88.452	3,604.98	89.257	3,604.98	91.6147	3,604.98	91.9226	3,604.98	89.4454	3,604.98	90.2765	3,604.98	87.6105	3,604.98	86.7972	3,604.98	80.6053	3,604.98	81.5996	3,604.98	77.9301	3,604.98	79.1816	3,604.98	76.8888	3,604.98	77.957	3,604.98	79.0978	3,604.98	78.2992	3,604.98	77.6347	3,604.98	67.6159	3,604.98	64.7332	3,604.98	74.3213	3,604.98	70.1226	3,604.98	56.7323	3,604.98	63.9381	3,604.98	73.9523	3,604.98	74.7116	3,604.98	74.6249	3,604.98	70.3537
3,732.42	98.943	3,732.42	97.9983	3,732.42	98.1687	3,732.42	96.8403	3,732.42	96.3203	3,732.42	95.4043	3,732.42	95.4661	3,732.42	91.6805	3,732.42	92.2629	3,732.42	89.7181	3,732.42	89.9208	3,732.42	90.8725	3,732.42	91.7257	3,732.42	90.6637	3,732.42	89.787	3,732.42	84.9769	3,732.42	87.449	3,732.42	84.2572	3,732.42	78.2132	3,732.42	76.4349	3,732.42	76.6115	3,732.42	76.1476	3,732.42	80.4297	3,732.42	76.0722	3,732.42	75.6712	3,732.42	76.9502	3,732.42	73.7074	3,732.42	74.7156	3,732.42	69.1058	3,732.42	67.5124	3,732.42	59.7334	3,732.42	69.4437	3,732.42	72.7289	3,732.42	74.3069	3,732.42	71.4951	3,732.42	72.5041
3,864.26	98.4682	3,864.26	98.0984	3,864.26	98.2946	3,864.26	96.2405	3,864.26	96.6025	3,864.26	95.3034	3,864.26	95.3027	3,864.26	92.5483	3,864.26	93.3882	3,864.26	88.4338	3,864.26	89.2633	3,864.26	90.4481	3,864.26	91.4451	3,864.26	88.0625	3,864.26	89.4109	3,864.26	87.4024	3,864.26	86.0662	3,864.26	82.3013	3,864.26	79.6768	3,864.26	77.5833	3,864.26	73.5115	3,864.26	77.3172	3,864.26	79.5981	3,864.26	77.2963	3,864.26	72.0122	3,864.26	76.4764	3,864.26	72.036	3,864.26	67.0224	3,864.26	68.083	3,864.26	68.9665	3,864.26	64.5421	3,864.26	66.1567	3,864.26	70.7786	3,864.26	69.8506	3,864.26	70.5234	3,864.26	70.9815
4,000.49	99.2294	4,000.49	98.1037	4,000.49	98.181	4,000.49	96.4951	4,000.49	97.0718	4,000.49	94.557	4,000.49	94.7923	4,000.49	93.0774	4,000.49	93.406	4,000.49	87.8677	4,000.49	88.655	4,000.49	89.6347	4,000.49	91.4622	4,000.49	90.5498	4,000.49	88.6189	4,000.49	85.3177	4,000.49	82.7709	4,000.49	80.8029	4,000.49	82.3335	4,000.49	77.2256	4,000.49	72.137	4,000.49	77.7024	4,000.49	72.9171	4,000.49	74.2259	4,000.49	48.4353	4,000.49	75.5961	4,000.49	74.2943	4,000.49	72.6032	4,000.49	71.0484	4,000.49	59.3911	4,000.49	47.0461	4,000.49	67.5843	4,000.49	68.5252	4,000.49	71.204	4,000.49	72.1961	4,000.49	69.0863
4,141.11	98.7961	4,141.11	98.3848	4,141.11	98.2955	4,141.11	95.8134	4,141.11	96.3833	4,141.11	94.9777	4,141.11	94.5334	4,141.11	93.3689	4,141.11	93.031	4,141.11	87.2446	4,141.11	87.9404	4,141.11	89.3838	4,141.11	90.2619	4,141.11	88.9492	4,141.11	86.1054	4,141.11	87.7591	4,141.11	83.8981	4,141.11	84.6837	4,141.11	81.7859	4,141.11	75.9654	4,141.11	81.1472	4,141.11	77.7659	4,141.11	81.7673	4,141.11	75.4524	4,141.11	59.5636	4,141.11	77.2796	4,141.11	76.3945	4,141.11	65.0363	4,141.11	70.0357	4,141.11	63.782	4,141.11	66.9417	4,141.11	71.4725	4,141.11	71.7513	4,141.11	72.4522	4,141.11	69.4491	4,141.11	73.0247
4,287.6	98.8496	4,287.6	98.1805	4,287.6	98.2596	4,287.6	95.7822	4,287.6	95.6816	4,287.6	94.9024	4,287.6	95.5684	4,287.6	93.3198	4,287.6	93.2213	4,287.6	88.1517	4,287.6	87.788	4,287.6	89.6195	4,287.6	87.9256	4,287.6	89.5503	4,287.6	85.8237	4,287.6	85.7838	4,287.6	86.1838	4,287.6	79.0237	4,287.6	84.7942	4,287.6	77.8378	4,287.6	82.9188	4,287.6	72.5821	4,287.6	82.4289	4,287.6	74.7938	4,287.6	63.1357	4,287.6	68.952	4,287.6	72.8952	4,287.6	69.6604	4,287.6	61.7895	4,287.6	56.5066	4,287.6	69.4683	4,287.6	66.8976	4,287.6	69.4314	4,287.6	66.763	4,287.6	61.7866	4,287.6	72.072
4,438.48	98.5955	4,438.48	98.1812	4,438.48	98.293	4,438.48	95.8616	4,438.48	96.0077	4,438.48	94.6614	4,438.48	95.2042	4,438.48	93.3277	4,438.48	93.1615	4,438.48	88.8067	4,438.48	87.6498	4,438.48	88.8223	4,438.48	87.1294	4,438.48	88.2894	4,438.48	87.7963	4,438.48	86.5772	4,438.48	88.7557	4,438.48	82.7636	4,438.48	81.881	4,438.48	78.1512	4,438.48	77.6428	4,438.48	75.6033	4,438.48	80.5149	4,438.48	74.5622	4,438.48	56.2951	4,438.48	72.9261	4,438.48	69.3058	4,438.48	70.4468	4,438.48	64.776	4,438.48	65.5138	4,438.48	60.9011	4,438.48	63.1279	4,438.48	70.2028	4,438.48	69.0869	4,438.48	68.3545	4,438.48	68.0148
4,595.21	98.6941	4,595.21	98.3598	4,595.21	98.6564	4,595.21	96.1906	4,595.21	96.3625	4,595.21	95.3324	4,595.21	94.8847	4,595.21	93.3596	4,595.21	93.3923	4,595.21	88.8336	4,595.21	88.0637	4,595.21	88.3552	4,595.21	87.7977	4,595.21	87.3268	4,595.21	89.4074	4,595.21	84.7514	4,595.21	88.2812	4,595.21	77.958	4,595.21	78.9036	4,595.21	78.3163	4,595.21	72.8262	4,595.21	70.0988	4,595.21	74.0131	4,595.21	70.7078	4,595.21	71.2335	4,595.21	72.5337	4,595.21	72.8275	4,595.21	70.6048	4,595.21	52.8412	4,595.21	56.9722	4,595.21	66.0232	4,595.21	68.753	4,595.21	70.1807	4,595.21	69.3122	4,595.21	63.7102	4,595.21	70.4211
4,756.35	99.5446	4,756.35	98.5944	4,756.35	98.2277	4,756.35	96.7765	4,756.35	96.6728	4,756.35	94.6902	4,756.35	94.3689	4,756.35	94.1077	4,756.35	93.9879	4,756.35	88.7538	4,756.35	89.4165	4,756.35	87.7276	4,756.35	88.0529	4,756.35	87.1888	4,756.35	91.2062	4,756.35	85.1267	4,756.35	85.4126	4,756.35	81.2103	4,756.35	80.721	4,756.35	78.1872	4,756.35	74.8482	4,756.35	72.1798	4,756.35	74.0516	4,756.35	72.4237	4,756.35	66.6867	4,756.35	72.3926	4,756.35	75.3753	4,756.35	62.3552	4,756.35	64.3679	4,756.35	53.4943	4,756.35	60.7925	4,756.35	67.7997	4,756.35	70.2722	4,756.35	58.2431	4,756.35	65.4914	4,756.35	69.8041
4,924.8	99.0482	4,924.8	98.0884	4,924.8	98.6147	4,924.8	96.4363	4,924.8	96.7913	4,924.8	94.1565	4,924.8	94.3532	4,924.8	94.36	4,924.8	94.689	4,924.8	89.126	4,924.8	89.6011	4,924.8	87.0993	4,924.8	87.1608	4,924.8	88.2165	4,924.8	90.1936	4,924.8	84.1474	4,924.8	83.5734	4,924.8	81.7871	4,924.8	80.1365	4,924.8	78.5108	4,924.8	75.7245	4,924.8	68.9809	4,924.8	74.5969	4,924.8	71.3045	4,924.8	70.2997	4,924.8	72.4512	4,924.8	70.8877	4,924.8	62.7857	4,924.8	64.6679	4,924.8	56.1446	4,924.8	54.8262	4,924.8	59.5556	4,924.8	70.965	4,924.8	63.2228	4,924.8	60.1271	4,924.8	71.4037
5,097.66	99.5914	5,097.66	97.941	5,097.66	97.7695	5,097.66	96.9819	5,097.66	96.7268	5,097.66	94.46	5,097.66	94.559	5,097.66	94.3073	5,097.66	94.6845	5,097.66	90.4563	5,097.66	91.4622	5,097.66	86.8413	5,097.66	88.6895	5,097.66	87.8169	5,097.66	88.1711	5,097.66	86.2163	5,097.66	82.188	5,097.66	79.5294	5,097.66	78.634	5,097.66	78.7408	5,097.66	77.6636	5,097.66	71.0448	5,097.66	74.8581	5,097.66	71.2928	5,097.66	64.0389	5,097.66	71.5411	5,097.66	69.4222	5,097.66	52.8634	5,097.66	70.739	5,097.66	52.7097	5,097.66	51.3386	5,097.66	61.841	5,097.66	67.3557	5,097.66	63.0368	5,097.66	64.3614	5,097.66	65.9012
5,277.83	99.186	5,277.83	97.9994	5,277.83	98.2652	5,277.83	97.198	5,277.83	97.2852	5,277.83	94.546	5,277.83	94.9043	5,277.83	94.5887	5,277.83	94.8033	5,277.83	90.4777	5,277.83	91.5189	5,277.83	86.7747	5,277.83	88.4698	5,277.83	87.7095	5,277.83	84.9513	5,277.83	83.6566	5,277.83	84.6267	5,277.83	81.7621	5,277.83	80.2804	5,277.83	78.6776	5,277.83	79.2872	5,277.83	66.4218	5,277.83	78.526	5,277.83	70.5551	5,277.83	65.4733	5,277.83	66.064	5,277.83	67.8269	5,277.83	54.9421	5,277.83	65.6162	5,277.83	56.5847	5,277.83	64.492	5,277.83	64.0918	5,277.83	68.134	5,277.83	62.7856	5,277.83	64.6782	5,277.83	67.2663
5,463.87	99.3782	5,463.87	98.1884	5,463.87	98.1657	5,463.87	97.077	5,463.87	96.9555	5,463.87	94.9821	5,463.87	94.9619	5,463.87	94.2984	5,463.87	94.8284	5,463.87	90.6506	5,463.87	90.8727	5,463.87	86.2352	5,463.87	85.4208	5,463.87	86.509	5,463.87	86.1636	5,463.87	84.9841	5,463.87	81.808	5,463.87	79.4006	5,463.87	81.0415	5,463.87	77.8331	5,463.87	80.5454	5,463.87	60.7546	5,463.87	74.1366	5,463.87	68.5681	5,463.87	73.1849	5,463.87	61.1979	5,463.87	63.7006	5,463.87	66.4745	5,463.87	61.1115	5,463.87	57.4634	5,463.87	61.6682	5,463.87	63.5846	5,463.87	69.9781	5,463.87	64.3274	5,463.87	66.3421	5,463.87	65.8514
5,657.23	98.469	5,657.23	97.7867	5,657.23	97.8326	5,657.23	96.7824	5,657.23	96.7671	5,657.23	95.0925	5,657.23	95.1612	5,657.23	93.8528	5,657.23	93.9278	5,657.23	90.9433	5,657.23	90.8742	5,657.23	84.6679	5,657.23	84.283	5,657.23	87.5117	5,657.23	86.8162	5,657.23	83.1763	5,657.23	83.45	5,657.23	82.3055	5,657.23	82.8121	5,657.23	77.3707	5,657.23	74.151	5,657.23	59.0217	5,657.23	72.7501	5,657.23	64.5224	5,657.23	71.3982	5,657.23	54.6904	5,657.23	65.613	5,657.23	72.9653	5,657.23	59.9028	5,657.23	53.9305	5,657.23	43.0451	5,657.23	57.9243	5,657.23	69.2998	5,657.23	65.272	5,657.23	64.0606	5,657.23	62.2661
5,856.45	98.1042	5,856.45	97.7028	5,856.45	97.7066	5,856.45	96.8155	5,856.45	96.7673	5,856.45	95.315	5,856.45	95.298	5,856.45	93.0754	5,856.45	93.3347	5,856.45	90.767	5,856.45	91.2338	5,856.45	84.6171	5,856.45	82.4128	5,856.45	86.4513	5,856.45	88.237	5,856.45	81.9642	5,856.45	82.493	5,856.45	81.6944	5,856.45	83.6264	5,856.45	72.6085	5,856.45	68.7205	5,856.45	67.4848	5,856.45	72.8305	5,856.45	67.0225	5,856.45	69.917	5,856.45	64.9093	5,856.45	51.3422	5,856.45	73.3858	5,856.45	52.0687	5,856.45	55.163	5,856.45	62.0237	5,856.45	60.2844	5,856.45	66.0742	5,856.45	65.4124	5,856.45	62.676	5,856.45	64.0259
6,062.99	97.8311	6,062.99	97.641	6,062.99	97.774	6,062.99	96.9161	6,062.99	96.9288	6,062.99	95.0705	6,062.99	95.2239	6,062.99	92.978	6,062.99	93.3955	6,062.99	90.7663	6,062.99	90.9817	6,062.99	84.2548	6,062.99	84.2164	6,062.99	86.0462	6,062.99	86.2878	6,062.99	80.4019	6,062.99	83.1237	6,062.99	80.8678	6,062.99	83.6855	6,062.99	71.0628	6,062.99	65.1933	6,062.99	69.9846	6,062.99	74.6073	6,062.99	72.5871	6,062.99	69.902	6,062.99	66.7996	6,062.99	60.3145	6,062.99	53.6349	6,062.99	67.2845	6,062.99	53.6009	6,062.99	56.3811	6,062.99	58.3506	6,062.99	65.9883	6,062.99	65.6594	6,062.99	63.8402	6,062.99	60.3721
6,276.86	97.9129	6,276.86	97.3915	6,276.86	97.3571	6,276.86	97.1468	6,276.86	96.9551	6,276.86	94.9003	6,276.86	94.9401	6,276.86	93.5039	6,276.86	93.9589	6,276.86	90.8919	6,276.86	90.9072	6,276.86	83.1786	6,276.86	82.7358	6,276.86	84.7381	6,276.86	86.5035	6,276.86	82.6792	6,276.86	84.6336	6,276.86	80.4387	6,276.86	81.1997	6,276.86	72.4257	6,276.86	70.5696	6,276.86	72.9723	6,276.86	73.8026	6,276.86	69.171	6,276.86	72.2834	6,276.86	57.5073	6,276.86	55.6004	6,276.86	72.9631	6,276.86	64.0551	6,276.86	62.4979	6,276.86	58.9508	6,276.86	61.5662	6,276.86	66.4097	6,276.86	58.2912	6,276.86	65.7707	6,276.86	62.6337
6,498.05	97.1751	6,498.05	96.9311	6,498.05	96.9716	6,498.05	97.3997	6,498.05	97.3468	6,498.05	95.0666	6,498.05	94.7839	6,498.05	93.183	6,498.05	93.3033	6,498.05	91.2985	6,498.05	90.6558	6,498.05	82.6477	6,498.05	84.0554	6,498.05	84.7288	6,498.05	86.8831	6,498.05	83.2685	6,498.05	81.8582	6,498.05	76.8593	6,498.05	78.6041	6,498.05	71.7995	6,498.05	72.5444	6,498.05	70.804	6,498.05	72.6879	6,498.05	73.3684	6,498.05	66.8519	6,498.05	62.8025	6,498.05	62.9918	6,498.05	52.3071	6,498.05	60.1969	6,498.05	56.7813	6,498.05	58.4628	6,498.05	53.2478	6,498.05	66.6597	6,498.05	63.5544	6,498.05	64.8857	6,498.05	57.9542
6,726.56	97.0422	6,726.56	97.0274	6,726.56	96.8289	6,726.56	97.308	6,726.56	97.5789	6,726.56	95.0686	6,726.56	95.6892	6,726.56	93.2509	6,726.56	93.6498	6,726.56	91.4458	6,726.56	91.3417	6,726.56	83.5284	6,726.56	86.3968	6,726.56	83.3856	6,726.56	84.9438	6,726.56	83.7325	6,726.56	80.7539	6,726.56	76.5999	6,726.56	72.7807	6,726.56	74.0523	6,726.56	73.4567	6,726.56	71.3011	6,726.56	68.3667	6,726.56	66.3025	6,726.56	62.3241	6,726.56	59.8587	6,726.56	63.4974	6,726.56	67.1919	6,726.56	57.565	6,726.56	64.6776	6,726.56	56.0945	6,726.56	57.1215	6,726.56	63.0267	6,726.56	58.966	6,726.56	63.0677	6,726.56	61.2893
6,963.87	96.5633	6,963.87	96.8109	6,963.87	96.6854	6,963.87	97.0782	6,963.87	97.0721	6,963.87	95.4821	6,963.87	95.7828	6,963.87	93.5779	6,963.87	94.2808	6,963.87	90.7062	6,963.87	91.1855	6,963.87	84.2439	6,963.87	85.5034	6,963.87	82.9022	6,963.87	77.9561	6,963.87	83.9841	6,963.87	84.188	6,963.87	79.4707	6,963.87	80.6618	6,963.87	74.1192	6,963.87	75.5093	6,963.87	70.5287	6,963.87	50.5877	6,963.87	66.2132	6,963.87	61.9289	6,963.87	63.741	6,963.87	62.1422	6,963.87	63.976	6,963.87	45.5767	6,963.87	65.6237	6,963.87	63.2972	6,963.87	60.3881	6,963.87	67.5679	6,963.87	66.3047	6,963.87	60.9801	6,963.87	54.6159
7,209.96	96.5936	7,209.96	96.8452	7,209.96	96.766	7,209.96	97.1174	7,209.96	97.2722	7,209.96	95.6905	7,209.96	95.4511	7,209.96	93.0681	7,209.96	92.7948	7,209.96	90.5381	7,209.96	90.3737	7,209.96	84.8127	7,209.96	84.1636	7,209.96	83.4916	7,209.96	79.5585	7,209.96	82.277	7,209.96	85.6653	7,209.96	77.3052	7,209.96	78.4722	7,209.96	70.1558	7,209.96	74.67	7,209.96	71.6082	7,209.96	70.294	7,209.96	64.1251	7,209.96	60.0288	7,209.96	65.6518	7,209.96	65.882	7,209.96	68.2372	7,209.96	50.064	7,209.96	60.8609	7,209.96	64.0182	7,209.96	59.7635	7,209.96	60.1098	7,209.96	61.3636	7,209.96	62.6129	7,209.96	58.9643
7,464.84	96.4542	7,464.84	97.1716	7,464.84	97.0855	7,464.84	96.9535	7,464.84	96.9053	7,464.84	95.8547	7,464.84	95.999	7,464.84	92.3286	7,464.84	92.1014	7,464.84	90.8876	7,464.84	90.5482	7,464.84	85.2042	7,464.84	83.9363	7,464.84	82.2167	7,464.84	82.9932	7,464.84	81.9272	7,464.84	85.5914	7,464.84	74.4971	7,464.84	76.0665	7,464.84	68.6377	7,464.84	74.4247	7,464.84	69.793	7,464.84	67.5633	7,464.84	70.1844	7,464.84	62.3748	7,464.84	59.9748	7,464.84	59.804	7,464.84	66.7533	7,464.84	56.1644	7,464.84	63.3046	7,464.84	59.3189	7,464.84	59.3983	7,464.84	56.882	7,464.84	64.0043	7,464.84	62.593	7,464.84	54.631
7,727.05	96.4091	7,727.05	97.3819	7,727.05	97.3628	7,727.05	96.9515	7,727.05	96.7813	7,727.05	95.6213	7,727.05	95.2647	7,727.05	91.9208	7,727.05	92.0237	7,727.05	90.6744	7,727.05	90.6661	7,727.05	85.3587	7,727.05	83.9058	7,727.05	80.532	7,727.05	84.8291	7,727.05	81.9472	7,727.05	79.3429	7,727.05	77.4415	7,727.05	73.2012	7,727.05	71.2714	7,727.05	76.2464	7,727.05	73.18	7,727.05	59.5549	7,727.05	64.6302	7,727.05	67.0238	7,727.05	66.3632	7,727.05	48.4288	7,727.05	66.1501	7,727.05	59.1532	7,727.05	58.33	7,727.05	55.4666	7,727.05	61.5761	7,727.05	54.0746	7,727.05	61.3966	7,727.05	64.5184	7,727.05	50.6775
7,999.51	96.272	7,999.51	97.267	7,999.51	97.069	7,999.51	97.1033	7,999.51	97.0423	7,999.51	95.1842	7,999.51	94.9063	7,999.51	91.9913	7,999.51	91.2805	7,999.51	90.3934	7,999.51	90.3557	7,999.51	84.3195	7,999.51	84.8655	7,999.51	79.3521	7,999.51	80.6435	7,999.51	81.0151	7,999.51	78.8346	7,999.51	75.5849	7,999.51	73.5465	7,999.51	67.1648	7,999.51	73.9896	7,999.51	72.7041	7,999.51	63.3122	7,999.51	66.0663	7,999.51	64.0342	7,999.51	69.6027	7,999.51	60.438	7,999.51	66.3396	7,999.51	35.9614	7,999.51	38.9061	7,999.51	49.8118	7,999.51	56.8324	7,999.51	62.5427	7,999.51	60.243	7,999.51	64.548	7,999.51	51.0644
8,282.23	96.1398	8,282.23	96.6095	8,282.23	96.7189	8,282.23	97.1499	8,282.23	97.0648	8,282.23	94.7169	8,282.23	94.7596	8,282.23	92.0411	8,282.23	91.371	8,282.23	90.8882	8,282.23	90.3378	8,282.23	84.5122	8,282.23	84.7318	8,282.23	79.2389	8,282.23	73.845	8,282.23	81.8737	8,282.23	84.0331	8,282.23	76.1912	8,282.23	75.7336	8,282.23	67.714	8,282.23	73.618	8,282.23	74.2249	8,282.23	63.6196	8,282.23	68.5709	8,282.23	64.9938	8,282.23	67.229	8,282.23	53.6699	8,282.23	68.2987	8,282.23	64.6016	8,282.23	50.8222	8,282.23	55.3558	8,282.23	44.4643	8,282.23	57.5879	8,282.23	62.3701	8,282.23	54.306	8,282.23	57.2442
8,573.73	96.3006	8,573.73	96.4409	8,573.73	96.6157	8,573.73	97.0517	8,573.73	97.0314	8,573.73	94.6167	8,573.73	94.5937	8,573.73	92.1413	8,573.73	92.4059	8,573.73	90.3316	8,573.73	90.1259	8,573.73	85.1048	8,573.73	83.1969	8,573.73	77.4554	8,573.73	80.5149	8,573.73	81.9448	8,573.73	83.7679	8,573.73	77.9784	8,573.73	76.7625	8,573.73	73.8127	8,573.73	77.0664	8,573.73	75.8465	8,573.73	68.9303	8,573.73	67.039	8,573.73	62.4527	8,573.73	64.1663	8,573.73	54.5025	8,573.73	57.0678	8,573.73	67.1616	8,573.73	58.645	8,573.73	59.0625	8,573.73	52.1428	8,573.73	62.1676	8,573.73	61.1439	8,573.73	62.4387	8,573.73	58.5976
8,876.95	96.7656	8,876.95	96.6523	8,876.95	96.6937	8,876.95	97.0996	8,876.95	97.0177	8,876.95	94.6304	8,876.95	94.4854	8,876.95	92.5332	8,876.95	92.9373	8,876.95	89.9807	8,876.95	90.063	8,876.95	84.5307	8,876.95	84.0172	8,876.95	78.9041	8,876.95	83.3119	8,876.95	81.7402	8,876.95	83.7901	8,876.95	76.1094	8,876.95	76.3072	8,876.95	73.2237	8,876.95	77.1476	8,876.95	68.4104	8,876.95	71.9889	8,876.95	65.374	8,876.95	64.4632	8,876.95	64.5536	8,876.95	56.4416	8,876.95	64.5982	8,876.95	62.55	8,876.95	58.6434	8,876.95	54.3523	8,876.95	46.0401	8,876.95	63.7639	8,876.95	61.7525	8,876.95	63.2529	8,876.95	52.988
9,188.96	97.105	9,188.96	96.5678	9,188.96	96.5667	9,188.96	97.1378	9,188.96	97.0761	9,188.96	94.9432	9,188.96	94.981	9,188.96	92.7699	9,188.96	93.0286	9,188.96	90.0898	9,188.96	90.607	9,188.96	85.5606	9,188.96	84.8751	9,188.96	78.2958	9,188.96	82.3009	9,188.96	80.6886	9,188.96	78.4965	9,188.96	76.1783	9,188.96	75.0442	9,188.96	69.3916	9,188.96	76.1563	9,188.96	67.0958	9,188.96	76.5099	9,188.96	61.0944	9,188.96	71.0653	9,188.96	60.9645	9,188.96	56.5675	9,188.96	49.709	9,188.96	46.3474	9,188.96	57.1197	9,188.96	57.1182	9,188.96	58.2514	9,188.96	61.2324	9,188.96	58.165	9,188.96	58.7233	9,188.96	56.1352
9,514.16	96.8213	9,514.16	96.7371	9,514.16	96.8307	9,514.16	96.9706	9,514.16	96.9662	9,514.16	95.0851	9,514.16	95.2836	9,514.16	92.7145	9,514.16	92.8236	9,514.16	89.2953	9,514.16	88.9461	9,514.16	85.6768	9,514.16	85.0876	9,514.16	79.2373	9,514.16	80.4235	9,514.16	80.216	9,514.16	78.0804	9,514.16	76.2012	9,514.16	74.282	9,514.16	69.1737	9,514.16	77.7073	9,514.16	69.287	9,514.16	79.1535	9,514.16	55.3417	9,514.16	74.3258	9,514.16	63.2375	9,514.16	48.8828	9,514.16	59.5661	9,514.16	57.2215	9,514.16	59.6654	9,514.16	64.926	9,514.16	48.2332	9,514.16	51.1591	9,514.16	57.266	9,514.16	57.4728	9,514.16	62.1258
9,849.61	96.5077	9,849.61	96.6545	9,849.61	96.7617	9,849.61	96.3164	9,849.61	96.5687	9,849.61	95.2595	9,849.61	95.4108	9,849.61	92.621	9,849.61	92.7552	9,849.61	89.6701	9,849.61	89.1877	9,849.61	85.3148	9,849.61	84.7845	9,849.61	80.295	9,849.61	80.8459	9,849.61	78.7061	9,849.61	79.5606	9,849.61	72.8845	9,849.61	72.771	9,849.61	65.6938	9,849.61	75.3848	9,849.61	69.9962	9,849.61	80.3998	9,849.61	58.1039	9,849.61	75.1622	9,849.61	62.2927	9,849.61	57.5901	9,849.61	57.5467	9,849.61	55.5339	9,849.61	59.3011	9,849.61	62.5726	9,849.61	49.152	9,849.61	47.0604	9,849.61	62.4797	9,849.61	62.4133	9,849.61	60.7003
10,196.8	96.4851	10,196.8	96.2937	10,196.8	96.5367	10,196.8	95.4864	10,196.8	95.7708	10,196.8	95.2246	10,196.8	95.2718	10,196.8	92.5155	10,196.8	92.5127	10,196.8	89.7667	10,196.8	90.1796	10,196.8	85.5658	10,196.8	86.5628	10,196.8	80.0229	10,196.8	81.3516	10,196.8	79.5582	10,196.8	80.3093	10,196.8	74.7656	10,196.8	75.0381	10,196.8	68.6718	10,196.8	77.4134	10,196.8	64.9375	10,196.8	81.5374	10,196.8	57.6109	10,196.8	75.9014	10,196.8	64.6369	10,196.8	63.4331	10,196.8	56.6734	10,196.8	49.8426	10,196.8	54.3554	10,196.8	59.8408	10,196.8	54.3855	10,196.8	48.2697	10,196.8	59.5681	10,196.8	60.6326	10,196.8	60.4872
10,555.7	96.4803	10,555.7	96.4103	10,555.7	96.4241	10,555.7	95.0529	10,555.7	94.9862	10,555.7	95.1317	10,555.7	94.909	10,555.7	92.4088	10,555.7	92.5438	10,555.7	90.0673	10,555.7	90.0672	10,555.7	84.5138	10,555.7	85.1005	10,555.7	80.486	10,555.7	82.0131	10,555.7	76.469	10,555.7	74.8902	10,555.7	72.572	10,555.7	72.9322	10,555.7	59.4895	10,555.7	77.249	10,555.7	67.9814	10,555.7	82.3089	10,555.7	52.6884	10,555.7	76.8264	10,555.7	61.4061	10,555.7	62.1408	10,555.7	52.3909	10,555.7	51.6259	10,555.7	51.5472	10,555.7	56.4224	10,555.7	58.3275	10,555.7	53.4284	10,555.7	60.3171	10,555.7	57.1596	10,555.7	61.8815
10,927.7	96.284	10,927.7	96.5352	10,927.7	96.3973	10,927.7	94.8672	10,927.7	94.6278	10,927.7	95.0986	10,927.7	95.0953	10,927.7	92.4609	10,927.7	92.0074	10,927.7	89.8345	10,927.7	89.9507	10,927.7	84.9383	10,927.7	83.831	10,927.7	79.6698	10,927.7	80.4852	10,927.7	75.4001	10,927.7	72.0741	10,927.7	68.6753	10,927.7	67.3431	10,927.7	64.0718	10,927.7	75.6672	10,927.7	69.4817	10,927.7	82.294	10,927.7	57.4299	10,927.7	78.5824	10,927.7	56.9903	10,927.7	60.9593	10,927.7	66.0444	10,927.7	61.1485	10,927.7	47.4362	10,927.7	45.3763	10,927.7	59.0372	10,927.7	61.1384	10,927.7	63.0168	10,927.7	58.7104	10,927.7	59.1222
11,313	96.0925	11,313	96.3668	11,313	96.3354	11,313	95.0185	11,313	95.042	11,313	94.7689	11,313	94.9286	11,313	92.5259	11,313	92.7984	11,313	89.8164	11,313	89.7984	11,313	85.0958	11,313	84.3975	11,313	79.997	11,313	80.0831	11,313	75.1843	11,313	73.1481	11,313	69.4583	11,313	70.8736	11,313	66.5645	11,313	75.759	11,313	67.9643	11,313	83.2792	11,313	65.504	11,313	79.6401	11,313	64.6012	11,313	58.258	11,313	61.7741	11,313	60.4039	11,313	55.9521	11,313	56.9109	11,313	55.8881	11,313	60.0646	11,313	60.2331	11,313	55.0802	11,313	56.7693
11,712.9	96.8402	11,712.9	95.808	11,712.9	95.9919	11,712.9	95.1539	11,712.9	95.1919	11,712.9	94.3126	11,712.9	94.789	11,712.9	92.3469	11,712.9	92.7884	11,712.9	89.873	11,712.9	89.8094	11,712.9	85.4246	11,712.9	86.2957	11,712.9	78.7364	11,712.9	77.2822	11,712.9	75.4054	11,712.9	76.522	11,712.9	69.2528	11,712.9	71.9114	11,712.9	69.982	11,712.9	77.6348	11,712.9	70.7127	11,712.9	83.5934	11,712.9	60.7885	11,712.9	79.7017	11,712.9	39.6518	11,712.9	46.3706	11,712.9	61.8404	11,712.9	63.4051	11,712.9	59.235	11,712.9	62.8036	11,712.9	56.8496	11,712.9	49.5468	11,712.9	61.3617	11,712.9	51.9372	11,712.9	57.2985
12,126	97.0527	12,126	95.6157	12,126	95.4287	12,126	95.4262	12,126	95.2109	12,126	94.3113	12,126	94.3483	12,126	92.3399	12,126	92.9412	12,126	89.4169	12,126	90.1592	12,126	85.025	12,126	85.4951	12,126	79.4588	12,126	78.9188	12,126	74.1372	12,126	71.334	12,126	70.2443	12,126	69.375	12,126	69.2935	12,126	77.3688	12,126	68.5587	12,126	84.6802	12,126	65.0524	12,126	80.1898	12,126	64.4637	12,126	51.4911	12,126	49.3721	12,126	63.3609	12,126	54.0147	12,126	60.2958	12,126	50.173	12,126	55.2718	12,126	57.8613	12,126	51.48	12,126	56.1125
12,553.7	96.9769	12,553.7	95.4578	12,553.7	95.2909	12,553.7	96.026	12,553.7	95.7444	12,553.7	94.5045	12,553.7	94.0694	12,553.7	92.1257	12,553.7	92.947	12,553.7	88.9941	12,553.7	88.98	12,553.7	84.4513	12,553.7	84.0369	12,553.7	79.3319	12,553.7	77.1166	12,553.7	68.2224	12,553.7	67.1912	12,553.7	68.4806	12,553.7	67.3976	12,553.7	62.7393	12,553.7	77.4578	12,553.7	59.5679	12,553.7	86.0792	12,553.7	61.1022	12,553.7	80.4556	12,553.7	61.9983	12,553.7	53.5531	12,553.7	40.5982	12,553.7	59.9044	12,553.7	57.3403	12,553.7	55.0876	12,553.7	58.5156	12,553.7	54.2476	12,553.7	57.5665	12,553.7	55.3857	12,553.7	50.6588
12,996.1	96.932	12,996.1	95.5087	12,996.1	95.3622	12,996.1	96.4473	12,996.1	96.0303	12,996.1	94.6185	12,996.1	94.282	12,996.1	91.9795	12,996.1	92.2812	12,996.1	88.7623	12,996.1	87.973	12,996.1	84.5391	12,996.1	85.292	12,996.1	77.6614	12,996.1	76.2071	12,996.1	65.0237	12,996.1	66.7569	12,996.1	64.3968	12,996.1	68.3918	12,996.1	57.8591	12,996.1	77.3458	12,996.1	55.7386	12,996.1	86.0296	12,996.1	58.0343	12,996.1	80.1725	12,996.1	59.3553	12,996.1	52.5927	12,996.1	53.8116	12,996.1	64.246	12,996.1	55.3283	12,996.1	53.5719	12,996.1	50.5862	12,996.1	53.9875	12,996.1	58.3445	12,996.1	58.068	12,996.1	45.2648
13,454.6	96.844	13,454.6	95.7826	13,454.6	95.3598	13,454.6	96.1275	13,454.6	95.9144	13,454.6	94.6423	13,454.6	94.398	13,454.6	91.598	13,454.6	91.5131	13,454.6	88.0163	13,454.6	87.3941	13,454.6	83.6398	13,454.6	84.3045	13,454.6	77.063	13,454.6	74.5394	13,454.6	66.1239	13,454.6	70.0415	13,454.6	62.3304	13,454.6	62.3859	13,454.6	58.0218	13,454.6	74.222	13,454.6	57.8396	13,454.6	85.8441	13,454.6	47.3765	13,454.6	79.8967	13,454.6	58.2861	13,454.6	43.9404	13,454.6	61.5373	13,454.6	58.6753	13,454.6	54.5878	13,454.6	50.6606	13,454.6	63.2821	13,454.6	57.0596	13,454.6	53.4622	13,454.6	59.0736	13,454.6	54.56
13,929.2	96.3562	13,929.2	95.9379	13,929.2	95.8618	13,929.2	95.8614	13,929.2	95.6327	13,929.2	94.4597	13,929.2	94.241	13,929.2	91.2443	13,929.2	91.2401	13,929.2	87.847	13,929.2	87.5952	13,929.2	81.9961	13,929.2	81.46	13,929.2	76.3414	13,929.2	76.1812	13,929.2	68.3025	13,929.2	64.7187	13,929.2	63.1005	13,929.2	64.9448	13,929.2	61.7161	13,929.2	75.5079	13,929.2	62.1187	13,929.2	85.6773	13,929.2	60.9082	13,929.2	80.2215	13,929.2	51.375	13,929.2	43.0153	13,929.2	52.7137	13,929.2	58.7227	13,929.2	53.8722	13,929.2	44.2043	13,929.2	59.9735	13,929.2	55.4551	13,929.2	53.3634	13,929.2	56.8544	13,929.2	57.675
14,419.9	95.5618	14,419.9	96.0731	14,419.9	95.7325	14,419.9	95.6612	14,419.9	95.3049	14,419.9	94.4029	14,419.9	93.9928	14,419.9	91.4582	14,419.9	91.5349	14,419.9	87.3565	14,419.9	87.5971	14,419.9	81.2862	14,419.9	81.8217	14,419.9	75.3098	14,419.9	73.8736	14,419.9	64.8629	14,419.9	70.3088	14,419.9	65.2855	14,419.9	66.0238	14,419.9	63.1623	14,419.9	74.4296	14,419.9	64.1324	14,419.9	85.3035	14,419.9	50.5725	14,419.9	80.5775	14,419.9	59.002	14,419.9	56.8283	14,419.9	61.8771	14,419.9	57.667	14,419.9	55.2689	14,419.9	39.22	14,419.9	57.1407	14,419.9	52.7641	14,419.9	55.8719	14,419.9	51.9089	14,419.9	58.015
14,928.2	95.5955	14,928.2	96.4205	14,928.2	95.9591	14,928.2	95.4174	14,928.2	94.9904	14,928.2	94.2362	14,928.2	93.8904	14,928.2	91.7714	14,928.2	91.2734	14,928.2	86.9055	14,928.2	86.5885	14,928.2	81.2618	14,928.2	82.435	14,928.2	75.3139	14,928.2	75.5627	14,928.2	63.2247	14,928.2	62.0098	14,928.2	66.3713	14,928.2	65.2334	14,928.2	60.5904	14,928.2	74.8661	14,928.2	62.6639	14,928.2	85.2322	14,928.2	60.137	14,928.2	80.3771	14,928.2	54.8351	14,928.2	60.4199	14,928.2	62.5928	14,928.2	55.8853	14,928.2	50.1026	14,928.2	36.848	14,928.2	56.1431	14,928.2	51.7541	14,928.2	56.4447	14,928.2	51.5865	14,928.2	59.5488
15,455.6	95.6228	15,455.6	96.4443	15,455.6	96.0814	15,455.6	95.2767	15,455.6	94.666	15,455.6	94.3085	15,455.6	93.9162	15,455.6	91.3491	15,455.6	90.9396	15,455.6	86.2707	15,455.6	86.7925	15,455.6	80.3179	15,455.6	79.3432	15,455.6	73.6078	15,455.6	74.8705	15,455.6	67.1671	15,455.6	69.0563	15,455.6	61.5271	15,455.6	62.1243	15,455.6	52.5814	15,455.6	74.4057	15,455.6	56.2404	15,455.6	84.9499	15,455.6	58.3377	15,455.6	79.4422	15,455.6	46.0634	15,455.6	58.7159	15,455.6	57.8432	15,455.6	53.969	15,455.6	47.9178	15,455.6	49.5117	15,455.6	49.3794	15,455.6	54.3872	15,455.6	58.0067	15,455.6	51.2682	15,455.6	61.3055
16,000.5	95.7021	16,000.5	96.5717	16,000.5	96.1529	16,000.5	95.4421	16,000.5	95.06	16,000.5	94.1243	16,000.5	93.517	16,000.5	90.5249	16,000.5	90.2903	16,000.5	85.4895	16,000.5	86.2968	16,000.5	78.3828	16,000.5	79.037	16,000.5	73.4758	16,000.5	73.8179	16,000.5	67.8291	16,000.5	69.6584	16,000.5	60.706	16,000.5	59.4581	16,000.5	49.3304	16,000.5	73.3031	16,000.5	52.8803	16,000.5	84.6585	16,000.5	56.9065	16,000.5	79.2211	16,000.5	43.5108	16,000.5	59.7016	16,000.5	58.47	16,000.5	51.8803	16,000.5	58.2541	16,000.5	51.6823	16,000.5	59.7252	16,000.5	55.3556	16,000.5	55.1915	16,000.5	54.2633	16,000.5	62.9664
16,564.5	95.8102	16,564.5	96.4509	16,564.5	95.9491	16,564.5	95.439	16,564.5	94.9778	16,564.5	93.6368	16,564.5	93.2458	16,564.5	90.1864	16,564.5	90.1622	16,564.5	85.2538	16,564.5	85.7079	16,564.5	78.3264	16,564.5	77.8626	16,564.5	73.198	16,564.5	73.7502	16,564.5	64.0482	16,564.5	64.098	16,564.5	61.5222	16,564.5	59.4755	16,564.5	53.4082	16,564.5	72.9119	16,564.5	54.5422	16,564.5	84.1428	16,564.5	57.1366	16,564.5	78.7652	16,564.5	60.4023	16,564.5	55.6552	16,564.5	61.3551	16,564.5	53.376	16,564.5	54.5155	16,564.5	40.4309	16,564.5	56.5398	16,564.5	53.3994	16,564.5	56.2863	16,564.5	53.9621	16,564.5	62.9183
17,148.9	95.511	17,148.9	95.9319	17,148.9	95.5474	17,148.9	95.4137	17,148.9	94.9673	17,148.9	93.6142	17,148.9	93.2968	17,148.9	90.1608	17,148.9	90.1538	17,148.9	84.8188	17,148.9	84.5553	17,148.9	77.5999	17,148.9	78.6914	17,148.9	73.32	17,148.9	71.535	17,148.9	66.0398	17,148.9	65.8534	17,148.9	59.6881	17,148.9	54.3962	17,148.9	53.0124	17,148.9	73.0052	17,148.9	57.3566	17,148.9	83.7043	17,148.9	57.1354	17,148.9	78.328	17,148.9	50.9937	17,148.9	56.2218	17,148.9	60.9544	17,148.9	54.0369	17,148.9	56.9436	17,148.9	32.6059	17,148.9	54.7694	17,148.9	53.7402	17,148.9	61.2941	17,148.9	54.3657	17,148.9	63.8662
17,752.4	94.5936	17,752.4	95.108	17,752.4	94.6743	17,752.4	95.2153	17,752.4	94.7578	17,752.4	93.866	17,752.4	93.3143	17,752.4	89.9196	17,752.4	89.897	17,752.4	84.4147	17,752.4	83.0501	17,752.4	76.5438	17,752.4	76.1834	17,752.4	73.121	17,752.4	71.8685	17,752.4	66.7933	17,752.4	65.4137	17,752.4	52.4745	17,752.4	48.8064	17,752.4	47.758	17,752.4	71.6477	17,752.4	56.2022	17,752.4	83.1876	17,752.4	54.6465	17,752.4	77.5417	17,752.4	48.0121	17,752.4	54.8026	17,752.4	46.0748	17,752.4	49.0503	17,752.4	54.0081	17,752.4	47.2012	17,752.4	58.2148	17,752.4	54.3099	17,752.4	61.5335	17,752.4	55.8608	17,752.4	63.5206
18,379.4	93.6627	18,379.4	94.2363	18,379.4	93.7188	18,379.4	95.0009	18,379.4	94.3712	18,379.4	93.6625	18,379.4	92.9371	18,379.4	89.4025	18,379.4	89.1049	18,379.4	83.444	18,379.4	81.5945	18,379.4	76.7034	18,379.4	74.8481	18,379.4	70.5861	18,379.4	68.7301	18,379.4	63.274	18,379.4	61.3923	18,379.4	53.321	18,379.4	44.3656	18,379.4	44.6967	18,379.4	70.9632	18,379.4	49.9586	18,379.4	82.4986	18,379.4	52.0284	18,379.4	76.8849	18,379.4	50.8533	18,379.4	55.3676	18,379.4	56.4145	18,379.4	50.969	18,379.4	56.3226	18,379.4	46.0044	18,379.4	49.851	18,379.4	53.1891	18,379.4	59.8249	18,379.4	53.7737	18,379.4	61.9348
19,026.9	92.2967	19,026.9	93.0324	19,026.9	92.6826	19,026.9	94.644	19,026.9	93.9914	19,026.9	93.1287	19,026.9	92.5448	19,026.9	88.6906	19,026.9	88.2426	19,026.9	81.864	19,026.9	80.1266	19,026.9	76.8584	19,026.9	72.6849	19,026.9	71.2534	19,026.9	66.5802	19,026.9	64.0916	19,026.9	61.1266	19,026.9	55.9034	19,026.9	47.2093	19,026.9	42.6669	19,026.9	69.6707	19,026.9	43.6106	19,026.9	81.603	19,026.9	55.0663	19,026.9	76.2869	19,026.9	51.3226	19,026.9	51.5374	19,026.9	54.0806	19,026.9	49.7748	19,026.9	51.867	19,026.9	44.7087	19,026.9	49.5908	19,026.9	53.5816	19,026.9	58.971	19,026.9	54.644	19,026.9	62.0777
19,697.8	89.9615	19,697.8	91.5702	19,697.8	91.4235	19,697.8	94.2458	19,697.8	93.6751	19,697.8	92.9748	19,697.8	92.1061	19,697.8	87.9831	19,697.8	87.3849	19,697.8	80.776	19,697.8	79.0715	19,697.8	76.3776	19,697.8	73.5019	19,697.8	72.5147	19,697.8	68.7706	19,697.8	66.6722	19,697.8	62.7595	19,697.8	48.5938	19,697.8	51.6711	19,697.8	45.2275	19,697.8	68.5188	19,697.8	55.718	19,697.8	80.4586	19,697.8	55.741	19,697.8	75.4477	19,697.8	52.9315	19,697.8	52.452	19,697.8	56.9782	19,697.8	53.3107	19,697.8	54.3405	19,697.8	44.8198	19,697.8	57.5426	19,697.8	56.0196	19,697.8	59.9694	19,697.8	58.2757	19,697.8	63.874
19,999.5	89.3354	19,999.5	91.04	19,999.5	91.2409	19,999.5	94.0315	19,999.5	93.3959	19,999.5	92.8505	19,999.5	91.6447	19,999.5	87.5281	19,999.5	86.4137	19,999.5	81.3837	19,999.5	79.268	19,999.5	75.4748	19,999.5	73.7428	19,999.5	73.1614	19,999.5	66.8733	19,999.5	67.5532	19,999.5	66.9004	19,999.5	61.7283	19,999.5	66.2771	19,999.5	59.1183	19,999.5	71.6406	19,999.5	52.7599	19,999.5	79.8972	19,999.5	62.235	19,999.5	75.3632	19,999.5	62.6436	19,999.5	51.5453	19,999.5	55.8866	19,999.5	57.9852	19,999.5	55.216	19,999.5	49.2217	19,999.5	63.2541	19,999.5	59.3227	19,999.5	56.2538	19,999.5	59.2179	19,999.5	66.8127
