"SPL Vertical"																																																																							
"On-Axis"		"10°"		"-10°"		"20°"		"-20°"		"30°"		"-30°"		"40°"		"-40°"		"50°"		"-50°"		"60°"		"-60°"		"70°"		"-70°"		"80°"		"-80°"		"90°"		"-90°"		"100°"		"-100°"		"110°"		"-110°"		"120°"		"-120°"		"130°"		"-130°"		"140°"		"-140°"		"150°"		"-150°"		"160°"		"-160°"		"170°"		"-170°"		"180°"	
"Frequency / Hz"	"Sound Pressure Level / dB (re 20 µPa/V)  [2.83  V @ 1. m]"	"Frequency / Hz"	"Sound Pressure Level / dB (re 20 µPa/V)  [2.83  V @ 1. m]"	"Frequency / Hz"	"Sound Pressure Level / dB (re 20 µPa/V)  [2.83  V @ 1. m]"	"Frequency / Hz"	"Sound Pressure Level / dB (re 20 µPa/V)  [2.83  V @ 1. m]"	"Frequency / Hz"	"Sound Pressure Level / dB (re 20 µPa/V)  [2.83  V @ 1. m]"	"Frequency / Hz"	"Sound Pressure Level / dB (re 20 µPa/V)  [2.83  V @ 1. m]"	"Frequency / Hz"	"Sound Pressure Level / dB (re 20 µPa/V)  [2.83  V @ 1. m]"	"Frequency / Hz"	"Sound Pressure Level / dB (re 20 µPa/V)  [2.83  V @ 1. m]"	"Frequency / Hz"	"Sound Pressure Level / dB (re 20 µPa/V)  [2.83  V @ 1. m]"	"Frequency / Hz"	"Sound Pressure Level / dB (re 20 µPa/V)  [2.83  V @ 1. m]"	"Frequency / Hz"	"Sound Pressure Level / dB (re 20 µPa/V)  [2.83  V @ 1. m]"	"Frequency / Hz"	"Sound Pressure Level / dB (re 20 µPa/V)  [2.83  V @ 1. m]"	"Frequency / Hz"	"Sound Pressure Level / dB (re 20 µPa/V)  [2.83  V @ 1. m]"	"Frequency / Hz"	"Sound Pressure Level / dB (re 20 µPa/V)  [2.83  V @ 1. m]"	"Frequency / Hz"	"Sound Pressure Level / dB (re 20 µPa/V)  [2.83  V @ 1. m]"	"Frequency / Hz"	"Sound Pressure Level / dB (re 20 µPa/V)  [2.83  V @ 1. m]"	"Frequency / Hz"	"Sound Pressure Level / dB (re 20 µPa/V)  [2.83  V @ 1. m]"	"Frequency / Hz"	"Sound Pressure Level / dB (re 20 µPa/V)  [2.83  V @ 1. m]"	"Frequency / Hz"	"Sound Pressure Level / dB (re 20 µPa/V)  [2.83  V @ 1. m]"	"Frequency / Hz"	"Sound Pressure Level / dB (re 20 µPa/V)  [2.83  V @ 1. m]"	"Frequency / Hz"	"Sound Pressure Level / dB (re 20 µPa/V)  [2.83  V @ 1. m]"	"Frequency / Hz"	"Sound Pressure Level / dB (re 20 µPa/V)  [2.83  V @ 1. m]"	"Frequency / Hz"	"Sound Pressure Level / dB (re 20 µPa/V)  [2.83  V @ 1. m]"	"Frequency / Hz"	"Sound Pressure Level / dB (re 20 µPa/V)  [2.83  V @ 1. m]"	"Frequency / Hz"	"Sound Pressure Level / dB (re 20 µPa/V)  [2.83  V @ 1. m]"	"Frequency / Hz"	"Sound Pressure Level / dB (re 20 µPa/V)  [2.83  V @ 1. m]"	"Frequency / Hz"	"Sound Pressure Level / dB (re 20 µPa/V)  [2.83  V @ 1. m]"	"Frequency / Hz"	"Sound Pressure Level / dB (re 20 µPa/V)  [2.83  V @ 1. m]"	"Frequency / Hz"	"Sound Pressure Level / dB (re 20 µPa/V)  [2.83  V @ 1. m]"	"Frequency / Hz"	"Sound Pressure Level / dB (re 20 µPa/V)  [2.83  V @ 1. m]"	"Frequency / Hz"	"Sound Pressure Level / dB (re 20 µPa/V)  [2.83  V @ 1. m]"	"Frequency / Hz"	"Sound Pressure Level / dB (re 20 µPa/V)  [2.83  V @ 1. m]"	"Frequency / Hz"	"Sound Pressure Level / dB (re 20 µPa/V)  [2.83  V @ 1. m]"	"Frequency / Hz"	"Sound Pressure Level / dB (re 20 µPa/V)  [2.83  V @ 1. m]"	"Frequency / Hz"	"Sound Pressure Level / dB (re 20 µPa/V)  [2.83  V @ 1. m]"	"Frequency / Hz"	"Sound Pressure Level / dB (re 20 µPa/V)  [2.83  V @ 1. m]"
20.5078	40.3385	20.5078	40.1307	20.5078	40.3923	20.5078	39.7861	20.5078	40.2746	20.5078	39.3269	20.5078	39.9658	20.5078	38.789	20.5078	39.4453	20.5078	38.2366	20.5078	38.6997	20.5078	37.7774	20.5078	37.75	20.5078	37.5602	20.5078	36.7248	20.5078	37.7228	20.5078	35.9901	20.5078	38.3017	20.5078	36.1045	20.5078	39.201	20.5078	37.2258	20.5078	40.2623	20.5078	38.8662	20.5078	41.3461	20.5078	40.5233	20.5078	42.3597	20.5078	41.9657	20.5078	43.2476	20.5078	43.1257	20.5078	43.9769	20.5078	43.9969	20.5078	44.5258	20.5078	44.5913	20.5078	44.877	20.5078	44.9253	20.5078	45.0152
21.9727	40.8171	21.9727	40.6112	21.9727	41.001	21.9727	40.4388	21.9727	41.1375	21.9727	40.382	21.9727	41.2322	21.9727	40.5315	21.9727	41.3231	21.9727	40.9505	21.9727	41.4819	21.9727	41.6413	21.9727	41.8013	21.9727	42.5447	21.9727	42.3595	21.9727	43.5728	21.9727	43.1743	21.9727	44.6438	21.9727	44.1881	21.9727	45.6963	21.9727	45.3006	21.9727	46.6897	21.9727	46.4125	21.9727	47.5972	21.9727	47.4489	21.9727	48.4008	21.9727	48.361	21.9727	49.0866	21.9727	49.1201	21.9727	49.6427	21.9727	49.7104	21.9727	50.0581	21.9727	50.1252	21.9727	50.3226	21.9727	50.363	21.9727	50.4269
23.4375	47.6263	23.4375	47.4095	23.4375	47.8033	23.4375	47.1619	23.4375	47.935	23.4375	46.8963	23.4375	48.0188	23.4375	46.6297	23.4375	48.0558	23.4375	46.3845	23.4375	48.0513	23.4375	46.1871	23.4375	48.0156	23.4375	46.0661	23.4375	47.9647	23.4375	46.0473	23.4375	47.9203	23.4375	46.1468	23.4375	47.9069	23.4375	46.3653	23.4375	47.9468	23.4375	46.6865	23.4375	48.0525	23.4375	47.0801	23.4375	48.2211	23.4375	47.5085	23.4375	48.4329	23.4375	47.9334	23.4375	48.656	23.4375	48.3208	23.4375	48.8545	23.4375	48.643	23.4375	48.9959	23.4375	48.8796	23.4375	49.0555	23.4375	49.0184
24.9023	51.0139	24.9023	50.7877	24.9023	51.1779	24.9023	50.5023	24.9023	51.2763	24.9023	50.1611	24.9023	51.3059	24.9023	49.7679	24.9023	51.2632	24.9023	49.328	24.9023	51.1452	24.9023	48.8487	24.9023	50.9498	24.9023	48.3412	24.9023	50.6767	24.9023	47.8217	24.9023	50.3286	24.9023	47.3126	24.9023	49.9127	24.9023	46.8426	24.9023	49.4423	24.9023	46.4432	24.9023	48.9376	24.9023	46.1431	24.9023	48.4252	24.9023	45.9591	24.9023	47.935	24.9023	45.8907	24.9023	47.494	24.9023	45.9203	24.9023	47.1184	24.9023	46.0215	24.9023	46.8103	24.9023	46.1693	24.9023	46.5589	24.9023	46.3488
26.3672	49.6026	26.3672	49.2765	26.3672	49.8143	26.3672	48.8337	26.3672	49.9106	26.3672	48.2682	26.3672	49.887	26.3672	47.5691	26.3672	49.7358	26.3672	46.7204	26.3672	49.4456	26.3672	45.6982	26.3672	49.0009	26.3672	44.4678	26.3672	48.3812	26.3672	42.9783	26.3672	47.5596	26.3672	41.1517	26.3672	46.5004	26.3672	38.8604	26.3672	45.1545	26.3672	35.8721	26.3672	43.4512	26.3672	31.6809	26.3672	41.2811	26.3672	24.7168	26.3672	38.4561	26.3672	8.62451	26.3672	34.5963	26.3672	23.2346	26.3672	28.685	26.3672	27.1422	26.3672	15.4016	26.3672	28.0461	26.3672	21.266	26.3672	26.6627
27.832	48.7519	27.832	48.3965	27.832	48.9503	27.832	47.8896	27.832	48.9847	27.832	47.2396	27.832	48.8458	27.832	46.4661	27.832	48.5207	27.832	45.6172	27.832	47.9958	27.832	44.7982	27.832	47.2621	27.832	44.1967	27.832	46.3336	27.832	44.0435	27.832	45.2912	27.832	44.4561	27.832	44.3672	27.832	45.3222	27.832	43.9806	27.832	46.4052	27.832	44.4467	27.832	47.5047	27.832	45.5766	27.832	48.5032	27.832	46.9189	27.832	49.342	27.832	48.164	27.832	49.9926	27.832	49.1829	27.832	50.4388	27.832	49.9391	27.832	50.6686	27.832	50.4314	27.832	50.6703
29.2969	55.057	29.2969	54.8669	29.2969	55.1848	29.2969	54.6203	29.2969	55.246	29.2969	54.3255	29.2969	55.2378	29.2969	53.9944	29.2969	55.1598	29.2969	53.6436	29.2969	55.0143	29.2969	53.2965	29.2969	54.8087	29.2969	52.9837	29.2969	54.5579	29.2969	52.741	29.2969	54.2868	29.2969	52.6041	29.2969	54.0312	29.2969	52.5986	29.2969	53.8344	29.2969	52.7301	29.2969	53.7365	29.2969	52.9797	29.2969	53.7584	29.2969	53.3088	29.2969	53.8899	29.2969	53.6694	29.2969	54.0921	29.2969	54.014	29.2969	54.3107	29.2969	54.303	29.2969	54.4935	29.2969	54.5069	29.2969	54.6006	29.2969	54.6079
30.7617	54.7357	30.7617	54.4339	30.7617	54.9382	30.7617	54.0326	30.7617	55.0396	30.7617	53.5297	30.7617	55.0363	30.7617	52.9212	30.7617	54.9225	30.7617	52.2014	30.7617	54.6911	30.7617	51.3639	30.7617	54.3333	30.7617	50.4038	30.7617	53.839	30.7617	49.3215	30.7617	53.1982	30.7617	48.1322	30.7617	52.4021	30.7617	46.882	30.7617	51.4473	30.7617	45.6709	30.7617	50.3425	30.7617	44.6625	30.7617	49.1204	30.7617	44.0302	30.7617	47.8553	30.7617	43.831	30.7617	46.6744	30.7617	43.948	30.7617	45.7306	30.7617	44.1914	30.7617	45.1165	30.7617	44.4225	30.7617	44.7878	30.7617	44.6016
32.2266	51.8362	32.2266	51.4393	32.2266	52.0621	32.2266	50.8796	32.2266	52.1095	32.2266	50.1732	32.2266	51.9679	32.2266	49.3587	32.2266	51.6234	32.2266	48.5262	32.2266	51.0598	32.2266	47.852	32.2266	50.2655	32.2266	47.5877	32.2266	49.2559	32.2266	47.9146	32.2266	48.1352	32.2266	48.7703	32.2266	47.2153	32.2266	49.9105	32.2266	47.0337	32.2266	51.1045	32.2266	47.8624	32.2266	52.2139	32.2266	49.3111	32.2266	53.1718	32.2266	50.8549	32.2266	53.9485	32.2266	52.2211	32.2266	54.5293	32.2266	53.3224	32.2266	54.9049	32.2266	54.1453	32.2266	55.066	32.2266	54.7001	32.2266	55.0021
33.6914	56.8779	33.6914	56.6743	33.6914	57.0032	33.6914	56.4104	33.6914	57.0395	33.6914	56.1143	33.6914	56.9827	33.6914	55.8269	33.6914	56.836	33.6914	55.6031	33.6914	56.6141	33.6914	55.5062	33.6914	56.3494	33.6914	55.5919	33.6914	56.1	33.6914	55.8863	33.6914	55.9509	33.6914	56.3725	33.6914	55.9973	33.6914	56.9975	33.6914	56.3015	33.6914	57.6934	33.6914	56.8514	33.6914	58.3957	33.6914	57.5644	33.6914	59.0527	33.6914	58.3313	33.6914	59.6259	33.6914	59.0574	33.6914	60.0872	33.6914	59.6781	33.6914	60.4158	33.6914	60.1553	33.6914	60.596	33.6914	60.4702	33.6914	60.6166
35.1562	60.4223	35.1562	60.1998	35.1562	60.573	35.1562	59.9145	35.1562	60.6458	35.1562	59.5803	35.1562	60.6372	35.1562	59.2172	35.1562	60.547	35.1562	58.8542	35.1562	60.3793	35.1562	58.5305	35.1562	60.1453	35.1562	58.2928	35.1562	59.8673	35.1562	58.1877	35.1562	59.5822	35.1562	58.2469	35.1562	59.3423	35.1562	58.4737	35.1562	59.2079	35.1562	58.8392	35.1562	59.2274	35.1562	59.2924	35.1562	59.4136	35.1562	59.7753	35.1562	59.7334	35.1562	60.2346	35.1562	60.1218	35.1562	60.6276	35.1562	60.507	35.1562	60.9224	35.1562	60.8294	35.1562	61.0975	35.1562	61.0482	35.1562	61.1403
36.6211	59.9748	36.6211	59.6756	36.6211	60.1708	36.6211	59.2796	36.6211	60.2587	36.6211	58.7963	36.6211	60.234	36.6211	58.2419	36.6211	60.093	36.6211	57.6446	36.6211	59.8336	36.6211	57.051	36.6211	59.458	36.6211	56.5316	36.6211	58.9775	36.6211	56.1744	36.6211	58.4204	36.6211	56.0592	36.6211	57.8427	36.6211	56.2164	36.6211	57.3357	36.6211	56.6057	36.6211	57.014	36.6211	57.1368	36.6211	56.9675	36.6211	57.71	36.6211	57.2015	36.6211	58.2435	36.6211	57.6287	36.6211	58.6798	36.6211	58.123	36.6211	58.9817	36.6211	58.576	36.6211	59.1271	36.6211	58.9161	36.6211	59.105
38.0859	58.3227	38.0859	57.9945	38.0859	58.5204	38.0859	57.5509	38.0859	58.5774	38.0859	57.0176	38.0859	58.4855	38.0859	56.4406	38.0859	58.2381	38.0859	55.8977	38.0859	57.8326	38.0859	55.504	38.0859	57.2773	38.0859	55.3877	38.0859	56.6071	38.0859	55.6272	38.0859	55.9113	38.0859	56.1961	38.0859	55.364	38.0859	56.98	38.0859	55.2013	38.0859	57.8456	38.0859	55.572	38.0859	58.6882	38.0859	56.3905	38.0859	59.4398	38.0859	57.4179	38.0859	60.0598	38.0859	58.4402	38.0859	60.5235	38.0859	59.3329	38.0859	60.8147	38.0859	60.0394	38.0859	60.9211	38.0859	60.5401	38.0859	60.8323
39.5508	59.9567	39.5508	59.8384	39.5508	60.0219	39.5508	59.6939	39.5508	60.0181	39.5508	59.5617	39.5508	59.9403	39.5508	59.49	39.5508	59.7961	39.5508	59.5305	39.5508	59.6106	39.5508	59.7247	39.5508	59.432	39.5508	60.0891	39.5508	59.3344	39.5508	60.6082	39.5508	59.4066	39.5508	61.24	39.5508	59.7183	39.5508	61.9313	39.5508	60.2791	39.5508	62.6306	39.5508	61.029	39.5508	63.2949	39.5508	61.87	39.5508	63.8908	39.5508	62.7071	39.5508	64.3933	39.5508	63.4696	39.5508	64.7831	39.5508	64.1128	39.5508	65.0448	39.5508	64.6116	39.5508	65.1665	39.5508	64.9545	39.5508	65.1386
41.0156	63.5682	41.0156	63.4696	41.0156	63.6368	41.0156	63.3567	41.0156	63.6664	41.0156	63.252	41.0156	63.6549	41.0156	63.1831	41.0156	63.6084	41.0156	63.1807	41.0156	63.5425	41.0156	63.2725	41.0156	63.4842	41.0156	63.4768	41.0156	63.4711	41.0156	63.796	41.0156	63.5466	41.0156	64.2155	41.0156	63.7476	41.0156	64.7071	41.0156	64.0896	41.0156	65.2353	41.0156	64.5566	41.0156	65.764	41.0156	65.1054	41.0156	66.2604	41.0156	65.68	41.0156	66.6964	41.0156	66.2262	41.0156	67.049	41.0156	66.7003	41.0156	67.2998	41.0156	67.0719	41.0156	67.4347	41.0156	67.3227	41.0156	67.444
42.4805	65.6167	42.4805	65.4845	42.4805	65.7131	42.4805	65.3294	42.4805	65.766	42.4805	65.1696	42.4805	65.7731	42.4805	65.0285	42.4805	65.7375	42.4805	64.9338	42.4805	65.6697	42.4805	64.914	42.4805	65.5888	42.4805	64.9925	42.4805	65.5231	42.4805	65.182	42.4805	65.5087	42.4805	65.4793	42.4805	65.5826	42.4805	65.8652	42.4805	65.7705	42.4805	66.3094	42.4805	66.0756	42.4805	66.7762	42.4805	66.4741	42.4805	67.2306	42.4805	66.9224	42.4805	67.6411	42.4805	67.3698	42.4805	67.9813	42.4805	67.7704	42.4805	68.2304	42.4805	68.089	42.4805	68.3726	42.4805	68.3023	42.4805	68.3979
43.9453	66.5956	43.9453	66.4382	43.9453	66.7097	43.9453	66.251	43.9453	66.7723	43.9453	66.0534	43.9453	66.78	43.9453	65.871	43.9453	66.7354	43.9453	65.7343	43.9453	66.6479	43.9453	65.6758	43.9453	66.5359	43.9453	65.7234	43.9453	66.428	43.9453	65.8926	43.9453	66.3624	43.9453	66.1808	43.9453	66.381	43.9453	66.567	43.9453	66.517	43.9453	67.0172	43.9453	66.7807	43.9453	67.4921	43.9453	67.1527	43.9453	67.9536	43.9453	67.589	43.9453	68.3683	43.9453	68.0361	43.9453	68.7091	43.9453	68.4438	43.9453	68.9549	43.9453	68.7734	43.9453	69.0903	43.9453	68.9988	43.9453	69.106
45.4102	68.1976	45.4102	68.0543	45.4102	68.3025	45.4102	67.8864	45.4102	68.3601	45.4102	67.7131	45.4102	68.3667	45.4102	67.5589	45.4102	68.3245	45.4102	67.4523	45.4102	68.2421	45.4102	67.4221	45.4102	68.1372	45.4102	67.4919	45.4102	68.0373	45.4102	67.6735	45.4102	67.979	45.4102	67.9624	45.4102	68.002	45.4102	68.3383	45.4102	68.1379	45.4102	68.7696	45.4102	68.3968	45.4102	69.2204	45.4102	68.7605	45.4102	69.6557	45.4102	69.1876	45.4102	70.0444	45.4102	69.6268	45.4102	70.361	45.4102	70.03	45.4102	70.5855	45.4102	70.3593	45.4102	70.7034	45.4102	70.5892	45.4102	70.7055
46.875	70.2755	46.875	70.1319	46.875	70.3802	46.875	69.9631	46.875	70.4375	46.875	69.7881	46.875	70.4443	46.875	69.6317	46.875	70.403	46.875	69.5227	46.875	70.3232	46.875	69.4905	46.875	70.2229	46.875	69.5592	46.875	70.1301	46.875	69.7411	46.875	70.0811	46.875	70.0318	46.875	70.1148	46.875	70.4106	46.875	70.2611	46.875	70.8457	46.875	70.5281	46.875	71.3007	46.875	70.8961	46.875	71.7404	46.875	71.3237	46.875	72.1338	46.875	71.7603	46.875	72.4553	46.875	72.1587	46.875	72.6849	46.875	72.4822	46.875	72.8081	46.875	72.7059	46.875	72.816
48.3398	72.2772	48.3398	72.1386	48.3398	72.3813	48.3398	71.9785	48.3398	72.4428	48.3398	71.8147	48.3398	72.4585	48.3398	71.6699	48.3398	72.4304	48.3398	71.5704	48.3398	72.3672	48.3398	71.5425	48.3398	72.285	48.3398	71.608	48.3398	72.2091	48.3398	71.7781	48.3398	72.1719	48.3398	72.0494	48.3398	72.208	48.3398	72.4041	48.3398	72.3445	48.3398	72.8134	48.3398	72.5896	48.3398	73.2441	48.3398	72.9275	48.3398	73.6628	48.3398	73.3218	48.3398	74.0397	48.3398	73.7265	48.3398	74.3497	48.3398	74.0976	48.3398	74.5731	48.3398	74.3993	48.3398	74.6954	48.3398	74.6073	48.3398	74.7077
51.2695	75.2103	51.2695	75.057	51.2695	75.3277	51.2695	74.8801	51.2695	75.4012	51.2695	74.6969	51.2695	75.4273	51.2695	74.529	51.2695	75.4073	51.2695	74.402	51.2695	75.3481	51.2695	74.3422	51.2695	75.2638	51.2695	74.3724	51.2695	75.1763	51.2695	74.5055	51.2695	75.1148	51.2695	74.7408	51.2695	75.1124	51.2695	75.0626	51.2695	75.1974	51.2695	75.444	51.2695	75.3832	51.2695	75.852	51.2695	75.6614	51.2695	76.2533	51.2695	76.0023	51.2695	76.6173	51.2695	76.364	51.2695	76.9185	51.2695	76.7033	51.2695	77.1366	51.2695	76.9835	51.2695	77.257	51.2695	77.1781	51.2695	77.2715
52.7344	76.1629	52.7344	76.0096	52.7344	76.2808	52.7344	75.833	52.7344	76.3553	52.7344	75.6499	52.7344	76.3826	52.7344	75.4812	52.7344	76.3636	52.7344	75.3517	52.7344	76.3045	52.7344	75.2868	52.7344	76.2183	52.7344	75.3085	52.7344	76.1256	52.7344	75.4298	52.7344	76.0544	52.7344	75.6504	52.7344	76.0369	52.7344	75.956	52.7344	76.1017	52.7344	76.3206	52.7344	76.2641	52.7344	76.7125	52.7344	76.5186	52.7344	77.0989	52.7344	76.8383	52.7344	77.4498	52.7344	77.1833	52.7344	77.7397	52.7344	77.511	52.7344	77.9485	52.7344	77.7847	52.7344	78.062	52.7344	77.9772	52.7344	78.0719
54.1992	77.1085	54.1992	76.9595	54.1992	77.2226	54.1992	76.7873	54.1992	77.2939	54.1992	76.6083	54.1992	77.3187	54.1992	76.4426	54.1992	77.2975	54.1992	76.3141	54.1992	77.2363	54.1992	76.2472	54.1992	77.1474	54.1992	76.2633	54.1992	77.0505	54.1992	76.3751	54.1992	76.9728	54.1992	76.5829	54.1992	76.9455	54.1992	76.8735	54.1992	76.9972	54.1992	77.2221	54.1992	77.144	54.1992	77.5982	54.1992	77.382	54.1992	77.9699	54.1992	77.6866	54.1992	78.3074	54.1992	78.0194	54.1992	78.5858	54.1992	78.3387	54.1992	78.785	54.1992	78.6077	54.1992	78.8911	54.1992	78.7992	54.1992	78.8961
55.6641	78.0464	55.6641	77.9003	55.6641	78.157	55.6641	77.7303	55.6641	78.2247	55.6641	77.552	55.6641	78.2456	55.6641	77.385	55.6641	78.2203	55.6641	77.2525	55.6641	78.1545	55.6641	77.1786	55.6641	78.06	55.6641	77.1846	55.6641	77.956	55.6641	77.2839	55.6641	77.8692	55.6641	77.4779	55.6641	77.8306	55.6641	77.7543	55.6641	77.8692	55.6641	78.0896	55.6641	78.002	55.6641	78.4539	55.6641	78.2268	55.6641	78.8154	55.6641	78.5202	55.6641	79.1446	55.6641	78.8446	55.6641	79.4161	55.6641	79.1585	55.6641	79.6099	55.6641	79.4248	55.6641	79.7119	55.6641	79.6158	55.6641	79.7141
58.5938	79.6357	58.5938	79.4903	58.5938	79.7481	58.5938	79.3227	58.5938	79.8203	58.5938	79.1472	58.5938	79.8488	58.5938	78.9821	58.5938	79.8337	58.5938	78.8484	58.5938	79.7796	58.5938	78.7685	58.5938	79.697	58.5938	78.7621	58.5938	79.6026	58.5938	78.8422	58.5938	79.5196	58.5938	79.0114	58.5938	79.4756	58.5938	79.2596	58.5938	79.4972	58.5938	79.5663	58.5938	79.6015	58.5938	79.9038	58.5938	79.7892	58.5938	80.2424	58.5938	80.0421	58.5938	80.5535	58.5938	80.3277	58.5938	80.8124	58.5938	80.6082	58.5938	80.9993	58.5938	80.8483	58.5938	81.1001	58.5938	81.0206	58.5938	81.1072
60.0586	80.2193	60.0586	80.0716	60.0586	80.332	60.0586	79.8993	60.0586	80.4029	60.0586	79.7163	60.0586	80.4283	60.0586	79.5399	60.0586	80.4079	60.0586	79.3907	60.0586	80.346	60.0586	79.2908	60.0586	80.252	60.0586	79.2606	60.0586	80.142	60.0586	79.3145	60.0586	80.0384	60.0586	79.4569	60.0586	79.969	60.0586	79.6799	60.0586	79.9611	60.0586	79.9644	60.0586	80.0346	60.0586	80.2837	60.0586	80.1931	60.0586	80.6079	60.0586	80.4212	60.0586	80.9082	60.0586	80.688	60.0586	81.1591	60.0586	80.9556	60.0586	81.3403	60.0586	81.1881	60.0586	81.4374	60.0586	81.3568	60.0586	81.4429
62.9883	80.8308	62.9883	80.6926	62.9883	80.9383	62.9883	80.5333	62.9883	81.0088	62.9883	80.3656	62.9883	81.039	62.9883	80.2056	62.9883	81.029	62.9883	80.0718	62.9883	80.9828	62.9883	79.9839	62.9883	80.9092	62.9883	79.96	62.9883	80.8225	62.9883	80.0127	62.9883	80.7423	62.9883	80.1461	62.9883	80.6921	62.9883	80.3533	62.9883	80.695	62.9883	80.6178	62.9883	80.7673	62.9883	80.9154	62.9883	80.9122	62.9883	81.2192	62.9883	81.1168	62.9883	81.5022	62.9883	81.355	62.9883	81.7405	62.9883	81.5937	62.9883	81.9148	62.9883	81.8007	62.9883	82.0113	62.9883	81.9497	62.9883	82.0228
64.4531	81.3879	64.4531	81.2542	64.4531	81.4935	64.4531	81.1011	64.4531	81.565	64.4531	80.9401	64.4531	81.5992	64.4531	80.7854	64.4531	81.5955	64.4531	80.6533	64.4531	81.5569	64.4531	80.5615	64.4531	81.4906	64.4531	80.5262	64.4531	81.4085	64.4531	80.5595	64.4531	81.3274	64.4531	80.6661	64.4531	81.2679	64.4531	80.8413	64.4531	81.2514	64.4531	81.0715	64.4531	81.2941	64.4531	81.3356	64.4531	81.4018	64.4531	81.6089	64.4531	81.566	64.4531	81.8663	64.4531	81.7654	64.4531	82.0849	64.4531	81.9708	64.4531	82.2458	64.4531	82.1522	64.4531	82.3359	64.4531	82.284	64.4531	82.3483
67.3828	82.2974	67.3828	82.1701	67.3828	82.3978	67.3828	82.0239	67.3828	82.4659	67.3828	81.8688	67.3828	82.4985	67.3828	81.7173	67.3828	82.4948	67.3828	81.5839	67.3828	82.4571	67.3828	81.4843	67.3828	82.3914	67.3828	81.4332	67.3828	82.3078	67.3828	81.4423	67.3828	82.2211	67.3828	81.5172	67.3828	82.1497	67.3828	81.6556	67.3828	82.1129	67.3828	81.8469	67.3828	82.1267	67.3828	82.0732	67.3828	82.1988	67.3828	82.3126	67.3828	82.3241	67.3828	82.5416	67.3828	82.4855	67.3828	82.7385	67.3828	82.6576	67.3828	82.885	67.3828	82.8129	67.3828	82.9682	67.3828	82.9268	67.3828	82.9817
68.8477	82.8171	68.8477	82.6966	68.8477	82.9134	68.8477	82.5591	68.8477	82.9801	68.8477	82.4138	68.8477	83.0142	68.8477	82.2722	68.8477	83.0147	68.8477	82.1471	68.8477	82.9835	68.8477	82.0526	68.8477	82.9258	68.8477	82.0018	68.8477	82.8503	68.8477	82.0051	68.8477	82.77	68.8477	82.068	68.8477	82.7012	68.8477	82.1889	68.8477	82.6614	68.8477	82.3588	68.8477	82.6653	68.8477	82.5622	68.8477	82.7208	68.8477	82.7792	68.8477	82.8247	68.8477	82.9885	68.8477	82.9628	68.8477	83.1696	68.8477	83.1129	68.8477	83.3054	68.8477	83.2497	68.8477	83.3836	68.8477	83.3504	68.8477	83.3981
71.7773	83.4656	71.7773	83.356	71.7773	83.5545	71.7773	83.2317	71.7773	83.6183	71.7773	83.1003	71.7773	83.6541	71.7773	82.9709	71.7773	83.661	71.7773	82.854	71.7773	83.64	71.7773	82.7608	71.7773	83.5951	71.7773	82.7024	71.7773	83.5329	71.7773	82.6879	71.7773	83.4635	71.7773	82.723	71.7773	83.3997	71.7773	82.8082	71.7773	83.3557	71.7773	82.9378	71.7773	83.3438	71.7773	83.1003	71.7773	83.3718	71.7773	83.2799	71.7773	83.4388	71.7773	83.4583	71.7773	83.535	71.7773	83.6172	71.7773	83.6431	71.7773	83.7408	71.7773	83.7426	71.7773	83.8175	71.7773	83.8137	71.7773	83.8414
74.707	84.3122	74.707	84.2136	74.707	84.394	74.707	84.1031	74.707	84.4551	74.707	83.9867	74.707	84.4931	74.707	83.8718	74.707	84.5068	74.707	83.7666	74.707	84.4966	74.707	83.6801	74.707	84.4652	74.707	83.6211	74.707	84.4174	74.707	83.5973	74.707	84.3608	74.707	83.614	74.707	84.305	74.707	83.6725	74.707	84.2611	74.707	83.7696	74.707	84.2395	74.707	83.8969	74.707	84.2468	74.707	84.0421	74.707	84.284	74.707	84.1904	74.707	84.3448	74.707	84.3261	74.707	84.4164	74.707	84.4355	74.707	84.4827	74.707	84.508	74.707	84.5276	74.707	84.5385
77.6367	84.9662	77.6367	84.8766	77.6367	85.0421	77.6367	84.7773	77.6367	85.1011	77.6367	84.673	77.6367	85.1411	77.6367	84.5696	77.6367	85.1606	77.6367	84.4733	77.6367	85.1597	77.6367	84.3913	77.6367	85.1397	77.6367	84.3307	77.6367	85.1039	77.6367	84.2979	77.6367	85.0575	77.6367	84.2976	77.6367	85.0077	77.6367	84.332	77.6367	84.9628	77.6367	84.3994	77.6367	84.931	77.6367	84.4943	77.6367	84.9187	77.6367	84.6075	77.6367	84.9278	77.6367	84.7271	77.6367	84.9551	77.6367	84.8406	77.6367	84.992	77.6367	84.936	77.6367	85.0266	77.6367	85.0043	77.6367	85.0463	77.6367	85.0409
79.1016	85.3873	79.1016	85.3034	79.1016	85.4595	79.1016	85.2114	79.1016	85.5172	79.1016	85.1155	79.1016	85.5583	79.1016	85.0207	79.1016	85.5813	79.1016	84.9324	79.1016	85.5859	79.1016	84.8568	79.1016	85.5731	79.1016	84.8001	79.1016	85.5452	79.1016	84.7679	79.1016	85.5067	79.1016	84.7646	79.1016	85.4632	79.1016	84.7921	79.1016	85.4221	79.1016	84.8495	79.1016	85.3904	79.1016	84.9323	79.1016	85.374	79.1016	85.0326	79.1016	85.3749	79.1016	85.1401	79.1016	85.391	79.1016	85.2436	79.1016	85.4155	79.1016	85.3323	79.1016	85.4381	79.1016	85.3981	79.1016	85.4482	79.1016	85.4366
82.0312	86.2558	82.0312	86.1809	82.0312	86.3227	82.0312	86.1009	82.0312	86.3791	82.0312	86.0189	82.0312	86.4231	82.0312	85.9387	82.0312	86.4532	82.0312	85.8645	82.0312	86.4685	82.0312	85.8009	82.0312	86.4691	82.0312	85.7525	82.0312	86.4563	82.0312	85.7237	82.0312	86.4326	82.0312	85.718	82.0312	86.4021	82.0312	85.7375	82.0312	86.3699	82.0312	85.7818	82.0312	86.3414	82.0312	85.8478	82.0312	86.3214	82.0312	85.93	82.0312	86.3121	82.0312	86.0204	82.0312	86.3128	82.0312	86.1099	82.0312	86.3188	82.0312	86.1898	82.0312	86.3232	82.0312	86.253	82.0312	86.3177	82.0312	86.2956
84.9609	86.9919	84.9609	86.9249	84.9609	87.0547	84.9609	86.8557	84.9609	87.111	84.9609	86.7867	84.9609	87.1589	84.9609	86.7203	84.9609	87.1966	84.9609	86.6594	84.9609	87.2225	84.9609	86.607	84.9609	87.2358	84.9609	86.5662	84.9609	87.2364	84.9609	86.5403	84.9609	87.2253	84.9609	86.5321	84.9609	87.2049	84.9609	86.5434	84.9609	87.1786	84.9609	86.5745	84.9609	87.1505	84.9609	86.624	84.9609	87.1248	84.9609	86.6881	84.9609	87.1041	84.9609	86.7612	84.9609	87.0889	84.9609	86.8364	84.9609	87.077	84.9609	86.9068	84.9609	87.0639	84.9609	86.9667	84.9609	87.044	84.9609	87.0125
87.8906	87.7039	87.8906	87.6463	87.8906	87.7629	87.8906	87.5918	87.8906	87.822	87.8906	87.5417	87.8906	87.8794	87.8906	87.4976	87.8906	87.9334	87.8906	87.461	87.8906	87.9824	87.8906	87.4338	87.8906	88.0248	87.8906	87.4179	87.8906	88.0593	87.8906	87.4152	87.8906	88.0854	87.8906	87.4274	87.8906	88.1031	87.8906	87.4556	87.8906	88.1132	87.8906	87.4998	87.8906	88.1171	87.8906	87.5589	87.8906	88.1163	87.8906	87.63	87.8906	88.1118	87.8906	87.7088	87.8906	88.1037	87.8906	87.7899	87.8906	88.0905	87.8906	87.8677	87.8906	88.0698	87.8906	87.9371	87.8906	88.0385	87.8906	87.9946
90.8203	88.6359	90.8203	88.5819	90.8203	88.6905	90.8203	88.529	90.8203	88.7446	90.8203	88.4777	90.8203	88.7969	90.8203	88.4281	90.8203	88.8453	90.8203	88.3808	90.8203	88.8874	90.8203	88.3366	90.8203	88.9208	90.8203	88.2967	90.8203	88.943	90.8203	88.263	90.8203	88.9521	90.8203	88.2377	90.8203	88.9471	90.8203	88.223	90.8203	88.9281	90.8203	88.2211	90.8203	88.8965	90.8203	88.2332	90.8203	88.8547	90.8203	88.2593	90.8203	88.8058	90.8203	88.2982	90.8203	88.7525	90.8203	88.3473	90.8203	88.697	90.8203	88.4033	90.8203	88.6402	90.8203	88.4627	90.8203	88.5822	90.8203	88.5228
95.2148	89.6276	95.2148	89.5724	95.2148	89.6871	95.2148	89.5223	95.2148	89.7497	95.2148	89.4776	95.2148	89.8139	95.2148	89.4385	95.2148	89.8773	95.2148	89.4054	95.2148	89.9375	95.2148	89.3786	95.2148	89.9913	95.2148	89.3588	95.2148	90.0359	95.2148	89.3468	95.2148	90.0685	95.2148	89.344	95.2148	90.0872	95.2148	89.3514	95.2148	90.0909	95.2148	89.3699	95.2148	90.0799	95.2148	89.4002	95.2148	90.0556	95.2148	89.4416	95.2148	90.02	95.2148	89.493	95.2148	89.9758	95.2148	89.552	95.2148	89.9251	95.2148	89.6158	95.2148	89.8694	95.2148	89.6815	95.2148	89.8097	95.2148	89.7468
98.1445	90.3135	98.1445	90.2607	98.1445	90.3753	98.1445	90.2173	98.1445	90.4453	98.1445	90.1828	98.1445	90.5214	98.1445	90.1563	98.1445	90.6007	98.1445	90.137	98.1445	90.6797	98.1445	90.1239	98.1445	90.7542	98.1445	90.1166	98.1445	90.8197	98.1445	90.1151	98.1445	90.8723	98.1445	90.1197	98.1445	90.9084	98.1445	90.1316	98.1445	90.926	98.1445	90.1518	98.1445	90.9241	98.1445	90.1815	98.1445	90.9038	98.1445	90.2213	98.1445	90.867	98.1445	90.2711	98.1445	90.8167	98.1445	90.3301	98.1445	90.7562	98.1445	90.3965	98.1445	90.6885	98.1445	90.468	98.1445	90.6163	98.1445	90.542
101.074	90.8696	101.074	90.8186	101.074	90.9304	101.074	90.7773	101.074	91.0006	101.074	90.7445	101.074	91.0786	101.074	90.7187	101.074	91.1615	101.074	90.6984	101.074	91.2456	101.074	90.6824	101.074	91.3263	101.074	90.6699	101.074	91.3985	101.074	90.661	101.074	91.4575	101.074	90.6564	101.074	91.4987	101.074	90.6575	101.074	91.5189	101.074	90.6662	101.074	91.5166	101.074	90.6847	101.074	91.4916	101.074	90.7148	101.074	91.446	101.074	90.7575	101.074	91.3829	101.074	90.8132	101.074	91.3065	101.074	90.8808	101.074	91.2215	101.074	90.9585	101.074	91.1324	101.074	91.0435
105.469	91.2259	105.469	91.1736	105.469	91.2873	105.469	91.1298	105.469	91.3573	105.469	91.0935	105.469	91.4345	105.469	91.0631	105.469	91.5162	105.469	91.037	105.469	91.5986	105.469	91.0141	105.469	91.677	105.469	90.9936	105.469	91.7463	105.469	90.9753	105.469	91.801	105.469	90.96	105.469	91.8363	105.469	90.9491	105.469	91.8485	105.469	90.9448	105.469	91.8354	105.469	90.9495	105.469	91.7971	105.469	90.9657	105.469	91.7357	105.469	90.9956	105.469	91.6554	105.469	91.0405	105.469	91.5618	105.469	91.1009	105.469	91.4613	105.469	91.1758	105.469	91.3599	105.469	91.2632
108.398	91.3793	108.398	91.3325	108.398	91.4358	108.398	91.2947	108.398	91.5019	108.398	91.2646	108.398	91.5763	108.398	91.2402	108.398	91.6564	108.398	91.2199	108.398	91.7385	108.398	91.202	108.398	91.8179	108.398	91.1855	108.398	91.889	108.398	91.1699	108.398	91.9462	108.398	91.1557	108.398	91.9841	108.398	91.1439	108.398	91.9986	108.398	91.1367	108.398	91.9871	108.398	91.1366	108.398	91.9493	108.398	91.1464	108.398	91.8874	108.398	91.1688	108.398	91.8058	108.398	91.2061	108.398	91.7107	108.398	91.2594	108.398	91.6089	108.398	91.3287	108.398	91.5074	108.398	91.4125
112.793	91.2567	112.793	91.2178	112.793	91.3054	112.793	91.1877	112.793	91.3642	112.793	91.1644	112.793	91.4323	112.793	91.1458	112.793	91.5073	112.793	91.1295	112.793	91.5857	112.793	91.1136	112.793	91.6626	112.793	91.0965	112.793	91.7322	112.793	91.0776	112.793	91.7884	112.793	91.0569	112.793	91.8253	112.793	91.0355	112.793	91.8379	112.793	91.0158	112.793	91.8233	112.793	91.0009	112.793	91.7808	112.793	90.9945	112.793	91.7124	112.793	91.0007	112.793	91.6229	112.793	91.0232	112.793	91.5195	112.793	91.0647	112.793	91.4102	112.793	91.1264	112.793	91.3036	112.793	91.2071
117.188	90.9074	117.188	90.8813	117.188	90.943	117.188	90.8629	117.188	90.9885	117.188	90.8501	117.188	91.0436	117.188	90.8402	117.188	91.1061	117.188	90.8305	117.188	91.1728	117.188	90.8185	117.188	91.2388	117.188	90.8022	117.188	91.2984	117.188	90.7804	117.188	91.3454	117.188	90.7527	117.188	91.3736	117.188	90.7202	117.188	91.378	117.188	90.6851	117.188	91.3553	117.188	90.6509	117.188	91.305	117.188	90.6222	117.188	91.2295	117.188	90.6043	117.188	91.1343	117.188	90.6024	117.188	91.0274	117.188	90.6212	117.188	90.9181	117.188	90.6634	117.188	90.816	117.188	90.7292
120.117	90.5817	120.117	90.5688	120.117	90.6046	120.117	90.5638	120.117	90.6386	120.117	90.5639	120.117	90.6836	120.117	90.5659	120.117	90.7381	120.117	90.5668	120.117	90.7991	120.117	90.5636	120.117	90.862	120.117	90.5538	120.117	90.921	120.117	90.5359	120.117	90.9694	120.117	90.5091	120.117	91.0008	120.117	90.4743	120.117	91.0094	120.117	90.4336	120.117	90.9915	120.117	90.391	120.117	90.9461	120.117	90.3516	120.117	90.8751	120.117	90.3214	120.117	90.7841	120.117	90.3068	120.117	90.6813	120.117	90.3132	120.117	90.5767	120.117	90.3443	120.117	90.4803	120.117	90.4008
124.512	90.2208	124.512	90.2108	124.512	90.2412	124.512	90.2084	124.512	90.2736	124.512	90.2103	124.512	90.3182	124.512	90.2125	124.512	90.3736	124.512	90.2112	124.512	90.4362	124.512	90.203	124.512	90.501	124.512	90.1849	124.512	90.5613	124.512	90.1552	124.512	90.6097	124.512	90.1134	124.512	90.6388	124.512	90.0609	124.512	90.6422	124.512	90.0006	124.512	90.6155	124.512	89.9378	124.512	90.5574	124.512	89.8791	124.512	90.4703	124.512	89.8325	124.512	90.3602	124.512	89.806	124.512	90.2368	124.512	89.8066	124.512	90.1117	124.512	89.8388	124.512	89.997	124.512	89.9035
128.906	89.6207	128.906	89.6085	128.906	89.6442	128.906	89.6047	128.906	89.6807	128.906	89.6056	128.906	89.7302	128.906	89.6072	128.906	89.7911	128.906	89.6053	128.906	89.8599	128.906	89.5963	128.906	89.9309	128.906	89.5769	128.906	89.9971	128.906	89.5453	128.906	90.0506	128.906	89.501	128.906	90.0833	128.906	89.4451	128.906	90.0881	128.906	89.381	128.906	90.0604	128.906	89.3141	128.906	89.9985	128.906	89.2516	128.906	89.9047	128.906	89.2021	128.906	89.7855	128.906	89.1746	128.906	89.6511	128.906	89.1766	128.906	89.5142	128.906	89.2131	128.906	89.3881	128.906	89.2849
133.301	88.9538	133.301	88.943	133.301	88.9771	133.301	88.9418	133.301	89.0148	133.301	88.9462	133.301	89.0672	133.301	88.9518	133.301	89.1323	133.301	88.9542	133.301	89.2067	133.301	88.9493	133.301	89.2844	133.301	88.9338	133.301	89.3581	133.301	88.9054	133.301	89.4195	133.301	88.8636	133.301	89.4599	133.301	88.8095	133.301	89.4719	133.301	88.7466	133.301	89.4501	133.301	88.6804	133.301	89.3925	133.301	88.6186	133.301	89.301	133.301	88.5702	133.301	89.1819	133.301	88.5444	133.301	89.0457	133.301	88.5492	133.301	88.9052	133.301	88.5896	133.301	88.7745	133.301	88.6662
139.16	88.2196	139.16	88.2135	139.16	88.237	139.16	88.2151	139.16	88.2678	139.16	88.2203	139.16	88.313	139.16	88.2242	139.16	88.3715	139.16	88.2224	139.16	88.44	139.16	88.2106	139.16	88.5133	139.16	88.1856	139.16	88.584	139.16	88.1453	139.16	88.6436	139.16	88.0893	139.16	88.683	139.16	88.0196	139.16	88.6939	139.16	87.9402	139.16	88.67	139.16	87.8578	139.16	88.6083	139.16	87.7813	139.16	88.5103	139.16	87.7209	139.16	88.3818	139.16	87.6874	139.16	88.2337	139.16	87.6895	139.16	88.08	139.16	87.7325	139.16	87.9361	139.16	87.8166
143.555	87.6803	143.555	87.6777	143.555	87.6939	143.555	87.6828	143.555	87.7213	143.555	87.6913	143.555	87.7633	143.555	87.6986	143.555	87.8194	143.555	87.7002	143.555	87.8869	143.555	87.692	143.555	87.9607	143.555	87.6706	143.555	88.0339	143.555	87.634	143.555	88.0979	143.555	87.5817	143.555	88.1433	143.555	87.5154	143.555	88.1615	143.555	87.4393	143.555	88.1456	143.555	87.36	143.555	88.0922	143.555	87.2862	143.555	88.0019	143.555	87.2282	143.555	87.8804	143.555	87.1967	143.555	87.7379	143.555	87.2003	143.555	87.5883	143.555	87.2443	143.555	87.4469	143.555	87.3286
147.949	87.2488	147.949	87.2455	147.949	87.2612	147.949	87.2475	147.949	87.2852	147.949	87.2509	147.949	87.3221	147.949	87.2509	147.949	87.3716	147.949	87.2433	147.949	87.4311	147.949	87.2239	147.949	87.4961	147.949	87.1896	147.949	87.5598	147.949	87.1386	147.949	87.6136	147.949	87.0707	147.949	87.6485	147.949	86.988	147.949	87.6556	147.949	86.8953	147.949	87.6283	147.949	86.7997	147.949	87.5627	147.949	86.7111	147.949	87.4598	147.949	86.6407	147.949	87.3254	147.949	86.6001	147.949	87.17	147.949	86.5988	147.949	87.0083	147.949	86.6423	147.949	86.8565	147.949	86.7304
153.809	86.6523	153.809	86.659	153.809	86.6542	153.809	86.6707	153.809	86.6678	153.809	86.6829	153.809	86.6949	153.809	86.6911	153.809	86.7357	153.809	86.6909	153.809	86.7885	153.809	86.678	153.809	86.849	153.809	86.6491	153.809	86.9108	153.809	86.6018	153.809	86.9651	153.809	86.5357	153.809	87.0024	153.809	86.4525	153.809	87.0134	153.809	86.3564	153.809	86.9905	153.809	86.2548	153.809	86.9295	153.809	86.1575	153.809	86.8307	153.809	86.0765	153.809	86.6999	153.809	86.0242	153.809	86.5479	153.809	86.0113	153.809	86.39	153.809	86.0443	153.809	86.2431	153.809	86.1238
159.668	86.2214	159.668	86.2351	159.668	86.2187	159.668	86.2561	159.668	86.2298	159.668	86.2799	159.668	86.2564	159.668	86.3017	159.668	86.2985	159.668	86.3165	159.668	86.3541	159.668	86.3193	159.668	86.4193	159.668	86.3061	159.668	86.4874	159.668	86.2739	159.668	86.5501	159.668	86.2216	159.668	86.5979	159.668	86.1503	159.668	86.6211	159.668	86.0641	159.668	86.6121	159.668	85.9701	159.668	86.5661	159.668	85.8784	159.668	86.483	159.668	85.801	159.668	86.3678	159.668	85.7502	159.668	86.2307	159.668	85.7365	159.668	86.0861	159.668	85.7663	159.668	85.9505	159.668	85.8397
165.527	86.0312	165.527	86.0418	165.527	86.0294	165.527	86.0579	165.527	86.0393	165.527	86.0753	165.527	86.0621	165.527	86.0893	165.527	86.0979	165.527	86.0949	165.527	86.1451	165.527	86.0875	165.527	86.1995	165.527	86.0628	165.527	86.2549	165.527	86.018	165.527	86.3031	165.527	85.952	165.527	86.3348	165.527	85.8662	165.527	86.3408	165.527	85.7647	165.527	86.3137	165.527	85.6552	165.527	86.2494	165.527	85.548	165.527	86.1485	165.527	85.4557	165.527	86.0171	165.527	85.3914	165.527	85.8663	165.527	85.3666	165.527	85.7116	165.527	85.3887	165.527	85.5702	165.527	85.4585
171.387	85.545	171.387	85.5574	171.387	85.5414	171.387	85.5747	171.387	85.5494	171.387	85.5927	171.387	85.5711	171.387	85.6067	171.387	85.6071	171.387	85.6116	171.387	85.6561	171.387	85.6028	171.387	85.7147	171.387	85.5762	171.387	85.7767	171.387	85.5291	171.387	85.8335	171.387	85.4608	171.387	85.8751	171.387	85.3731	171.387	85.8914	171.387	85.2707	171.387	85.8738	171.387	85.1617	171.387	85.8173	171.387	85.0569	171.387	85.7216	171.387	84.9693	171.387	85.592	171.387	84.9121	171.387	85.4396	171.387	84.8964	171.387	85.2799	171.387	84.9288	171.387	85.1308	171.387	85.0093
177.246	85.0846	177.246	85.0977	177.246	85.0814	177.246	85.1172	177.246	85.091	177.246	85.1394	177.246	85.1157	177.246	85.16	177.246	85.157	177.246	85.1746	177.246	85.2142	177.246	85.1786	177.246	85.2846	177.246	85.1677	177.246	85.3621	177.246	85.139	177.246	85.4378	177.246	85.0908	177.246	85.5009	177.246	85.0242	177.246	85.5401	177.246	84.9431	177.246	85.5454	177.246	84.8545	177.246	85.5106	177.246	84.7685	177.246	85.4342	177.246	84.6972	177.246	85.3211	177.246	84.6533	177.246	85.1818	177.246	84.6473	177.246	85.0315	177.246	84.6857	177.246	84.888	177.246	84.7683
183.105	84.73	183.105	84.7498	183.105	84.7196	183.105	84.7754	183.105	84.7222	183.105	84.8035	183.105	84.7411	183.105	84.8301	183.105	84.7794	183.105	84.8514	183.105	84.8382	183.105	84.8634	183.105	84.9161	183.105	84.8622	183.105	85.008	183.105	84.8452	183.105	85.1049	183.105	84.8113	183.105	85.1951	183.105	84.7615	183.105	85.2654	183.105	84.6997	183.105	85.3038	183.105	84.6329	183.105	85.3019	183.105	84.5704	183.105	85.2563	183.105	84.5231	183.105	85.17	183.105	84.5022	183.105	85.052	183.105	84.5162	183.105	84.9166	183.105	84.5695	183.105	84.7805	183.105	84.6603
188.965	84.6756	188.965	84.6988	188.965	84.6534	188.965	84.7194	188.965	84.6356	188.965	84.7341	188.965	84.6263	188.965	84.7393	188.965	84.6287	188.965	84.7315	188.965	84.645	188.965	84.707	188.965	84.6754	188.965	84.6631	188.965	84.7166	188.965	84.5978	188.965	84.7619	188.965	84.5114	188.965	84.802	188.965	84.4069	188.965	84.8256	188.965	84.2903	188.965	84.8224	188.965	84.1712	188.965	84.7846	188.965	84.0615	188.965	84.7092	188.965	83.9747	188.965	84.5988	188.965	83.9233	188.965	84.4622	188.965	83.9165	188.965	84.3132	188.965	83.9582	188.965	84.1685	188.965	84.0453
196.289	84.5923	196.289	84.6243	196.289	84.5639	196.289	84.6558	196.289	84.5432	196.289	84.6823	196.289	84.5337	196.289	84.699	196.289	84.5386	196.289	84.7008	196.289	84.5597	196.289	84.6827	196.289	84.5962	196.289	84.6406	196.289	84.6442	196.289	84.5718	196.289	84.6956	196.289	84.4762	196.289	84.7397	196.289	84.3566	196.289	84.764	196.289	84.22	196.289	84.7567	196.289	84.0771	196.289	84.7097	196.289	83.942	196.289	84.6199	196.289	83.8309	196.289	84.4912	196.289	83.7592	196.289	84.3339	196.289	83.739	196.289	84.1643	196.289	83.7758	196.289	84.002	196.289	83.8669
203.613	84.4032	203.613	84.4309	203.613	84.3753	203.613	84.4558	203.613	84.3506	203.613	84.4749	203.613	84.3327	203.613	84.4849	203.613	84.3253	203.613	84.482	203.613	84.3316	203.613	84.4622	203.613	84.3526	203.613	84.4215	203.613	84.3859	203.613	84.3573	203.613	84.4253	203.613	84.2685	203.613	84.4609	203.613	84.1569	203.613	84.4809	203.613	84.028	203.613	84.4735	203.613	83.8912	203.613	84.43	203.613	83.7594	203.613	84.347	203.613	83.6481	203.613	84.2274	203.613	83.5726	203.613	84.0811	203.613	83.5453	203.613	83.9237	203.613	83.5722	203.613	83.7742	203.613	83.6517
210.938	84.3433	210.938	84.373	210.938	84.3128	210.938	84.3996	210.938	84.2846	210.938	84.4203	210.938	84.2623	210.938	84.4324	210.938	84.2499	210.938	84.4319	210.938	84.2508	210.938	84.4147	210.938	84.2663	210.938	84.3766	210.938	84.2946	210.938	84.3139	210.938	84.3292	210.938	84.2252	210.938	84.3602	210.938	84.1116	210.938	84.3755	210.938	83.9781	210.938	84.363	210.938	83.834	210.938	84.3141	210.938	83.6926	210.938	84.2256	210.938	83.57	210.938	84.1012	210.938	83.4823	210.938	83.9518	210.938	83.4429	210.938	83.7938	210.938	83.459	210.938	83.6467	210.938	83.5299
218.262	83.9841	218.262	84.0296	218.262	83.9355	218.262	84.0692	218.262	83.8868	218.262	84.1005	218.262	83.8425	218.262	84.1207	218.262	83.8073	218.262	84.126	218.262	83.7862	218.262	84.1125	218.262	83.782	218.262	84.0759	218.262	83.7945	218.262	84.0126	218.262	83.8186	218.262	83.9211	218.262	83.8451	218.262	83.8025	218.262	83.8617	218.262	83.662	218.262	83.8558	218.262	83.5093	218.262	83.8179	218.262	83.3581	218.262	83.7435	218.262	83.2248	218.262	83.6356	218.262	83.1258	218.262	83.5038	218.262	83.0744	218.262	83.3637	218.262	83.0773	218.262	83.234	218.262	83.1335
225.586	83.1268	225.586	83.1774	225.586	83.0765	225.586	83.226	225.586	83.029	225.586	83.2701	225.586	82.9872	225.586	83.306	225.586	82.9546	225.586	83.3289	225.586	82.9342	225.586	83.3335	225.586	82.9281	225.586	83.3139	225.586	82.9354	225.586	83.2652	225.586	82.9521	225.586	83.1845	225.586	82.9701	225.586	83.0723	225.586	82.9792	225.586	82.9333	225.586	82.9685	225.586	82.7771	225.586	82.9294	225.586	82.618	225.586	82.8583	225.586	82.4733	225.586	82.7579	225.586	82.3601	225.586	82.6376	225.586	82.2925	225.586	82.5121	225.586	82.2781	225.586	82.3991	225.586	82.3164
232.91	83.0616	232.91	83.0912	232.91	83.0286	232.91	83.1161	232.91	82.9935	232.91	83.1342	232.91	82.9583	232.91	83.1426	232.91	82.9252	232.91	83.1367	232.91	82.8967	232.91	83.1112	232.91	82.8743	232.91	83.0605	232.91	82.8574	232.91	82.9799	232.91	82.8425	232.91	82.8673	232.91	82.8231	232.91	82.7241	232.91	82.7907	232.91	82.5564	232.91	82.737	232.91	82.3754	232.91	82.6558	232.91	82.1968	232.91	82.5458	232.91	82.0389	232.91	82.4113	232.91	81.9193	232.91	82.2627	232.91	81.8513	232.91	82.1146	232.91	81.8415	232.91	81.9843	232.91	81.8887
241.699	82.9982	241.699	83.0171	241.699	82.9773	241.699	83.033	241.699	82.9552	241.699	83.0442	241.699	82.9337	241.699	83.0473	241.699	82.9152	241.699	83.0374	241.699	82.9022	241.699	83.0082	241.699	82.896	241.699	82.9531	241.699	82.8951	241.699	82.8664	241.699	82.8941	241.699	82.7452	241.699	82.8839	241.699	82.5905	241.699	82.853	241.699	82.4087	241.699	82.7908	241.699	82.2118	241.699	82.6902	241.699	82.0173	241.699	82.5505	241.699	81.8458	241.699	82.3786	241.699	81.7174	241.699	82.1888	241.699	81.6481	241.699	82.0003	241.699	81.6462	241.699	81.8344	241.699	81.7112
250.488	82.9268	250.488	82.9328	250.488	82.9104	250.488	82.9299	250.488	82.8835	250.488	82.9189	250.488	82.8478	250.488	82.8998	250.488	82.8073	250.488	82.8702	250.488	82.7673	250.488	82.8258	250.488	82.7328	250.488	82.7612	250.488	82.7063	250.488	82.6709	250.488	82.6857	250.488	82.5517	250.488	82.6643	250.488	82.4035	250.488	82.6316	250.488	82.2318	250.488	82.576	250.488	82.0473	250.488	82.489	250.488	81.8665	250.488	82.3675	250.488	81.7088	250.488	82.2158	250.488	81.593	250.488	82.0456	250.488	81.5337	250.488	81.8738	250.488	81.5375	250.488	81.7199	250.488	81.6027
259.277	82.9741	259.277	82.9804	259.277	82.9624	259.277	82.9817	259.277	82.946	259.277	82.9779	259.277	82.9271	259.277	82.9677	259.277	82.9091	259.277	82.9478	259.277	82.896	259.277	82.9126	259.277	82.8902	259.277	82.8558	259.277	82.8907	259.277	82.771	259.277	82.8919	259.277	82.6538	259.277	82.8836	259.277	82.5041	259.277	82.8527	259.277	82.3268	259.277	82.7874	259.277	82.1333	259.277	82.6798	259.277	81.9409	259.277	82.5296	259.277	81.7703	259.277	82.3453	259.277	81.6424	259.277	82.1428	259.277	81.5737	259.277	81.9434	259.277	81.5732	259.277	81.7695	259.277	81.6411
268.066	82.7852	268.066	82.7763	268.066	82.7837	268.066	82.7596	268.066	82.7707	268.066	82.7378	268.066	82.7485	268.066	82.7122	268.066	82.7224	268.066	82.6814	268.066	82.7005	268.066	82.6417	268.066	82.6908	268.066	82.5875	268.066	82.6978	268.066	82.5128	268.066	82.7196	268.066	82.4133	268.066	82.7464	268.066	82.2883	268.066	82.7622	268.066	82.142	268.066	82.7491	268.066	81.9849	268.066	82.6925	268.066	81.8324	268.066	82.586	268.066	81.7036	268.066	82.4333	268.066	81.6171	268.066	82.2481	268.066	81.5874	268.066	82.0514	268.066	81.6216	268.066	81.8673	268.066	81.7183
276.855	82.6332	276.855	82.619	276.855	82.6299	276.855	82.5906	276.855	82.608	276.855	82.5515	276.855	82.5696	276.855	82.5041	276.855	82.5208	276.855	82.4483	276.855	82.4703	276.855	82.3813	276.855	82.4275	276.855	82.2988	276.855	82.3991	276.855	82.196	276.855	82.3858	276.855	82.0696	276.855	82.3808	276.855	81.9203	276.855	82.3702	276.855	81.7534	276.855	82.3372	276.855	81.5801	276.855	82.2676	276.855	81.4164	276.855	82.1538	276.855	81.2809	276.855	81.9982	276.855	81.1913	276.855	81.8131	276.855	81.1604	276.855	81.6183	276.855	81.194	276.855	81.4365	276.855	81.2895
287.109	82.5943	287.109	82.5908	287.109	82.5741	287.109	82.5685	287.109	82.5289	287.109	82.534	287.109	82.4626	287.109	82.4927	287.109	82.3849	287.109	82.4474	287.109	82.3096	287.109	82.3966	287.109	82.2523	287.109	82.3355	287.109	82.2251	287.109	82.2578	287.109	82.2322	287.109	82.1577	287.109	82.2666	287.109	82.0333	287.109	82.3112	287.109	81.8883	287.109	82.3432	287.109	81.7333	287.109	82.3411	287.109	81.585	287.109	82.2904	287.109	81.4637	287.109	82.1876	287.109	81.3888	287.109	82.0403	287.109	81.3742	287.109	81.8664	287.109	81.4248	287.109	81.6895	287.109	81.5349
297.363	82.6106	297.363	82.5968	297.363	82.584	297.363	82.5488	297.363	82.5143	297.363	82.4747	297.363	82.4043	297.363	82.3828	297.363	82.2625	297.363	82.2802	297.363	82.1042	297.363	82.1711	297.363	81.9496	297.363	82.0576	297.363	81.821	297.363	81.9399	297.363	81.7363	297.363	81.8178	297.363	81.7033	297.363	81.6931	297.363	81.7152	297.363	81.5705	297.363	81.7534	297.363	81.4585	297.363	81.7932	297.363	81.3678	297.363	81.8129	297.363	81.3095	297.363	81.7988	297.363	81.2912	297.363	81.7479	297.363	81.3149	297.363	81.6665	297.363	81.3762	297.363	81.5669	297.363	81.4649
307.617	82.7648	307.617	82.7268	307.617	82.774	307.617	82.6662	307.617	82.7505	307.617	82.59	307.617	82.6942	307.617	82.5047	307.617	82.6089	307.617	82.4138	307.617	82.5022	307.617	82.3181	307.617	82.3846	307.617	82.2154	307.617	82.2667	307.617	82.1015	307.617	82.1575	307.617	81.9725	307.617	82.0613	307.617	81.8267	307.617	81.9767	307.617	81.6674	307.617	81.8973	307.617	81.5032	307.617	81.8148	307.617	81.3486	307.617	81.7221	307.617	81.2204	307.617	81.6165	307.617	81.1339	307.617	81.5002	307.617	81.098	307.617	81.3801	307.617	81.1136	307.617	81.2671	307.617	81.1738
319.336	82.4644	319.336	82.4423	319.336	82.4538	319.336	82.392	319.336	82.4089	319.336	82.3199	319.336	82.3327	319.336	82.2321	319.336	82.2332	319.336	82.1337	319.336	82.1226	319.336	82.0278	319.336	82.0155	319.336	81.9159	319.336	81.9261	319.336	81.7985	319.336	81.8631	319.336	81.6765	319.336	81.8271	319.336	81.5523	319.336	81.8097	319.336	81.4309	319.336	81.7968	319.336	81.3202	319.336	81.774	319.336	81.2301	319.336	81.7315	319.336	81.1703	319.336	81.6662	319.336	81.1474	319.336	81.5812	319.336	81.1629	319.336	81.484	319.336	81.213	319.336	81.3836	319.336	81.2898
329.59	82.4708	329.59	82.4123	329.59	82.5007	329.59	82.3344	329.59	82.4955	329.59	82.2466	329.59	82.4524	329.59	82.1561	329.59	82.373	329.59	82.0665	329.59	82.2637	329.59	81.9774	329.59	82.1341	329.59	81.8848	329.59	81.9959	329.59	81.7839	329.59	81.8597	329.59	81.671	329.59	81.7324	329.59	81.5463	329.59	81.6159	329.59	81.4151	329.59	81.5085	329.59	81.2873	329.59	81.4075	329.59	81.1749	329.59	81.3129	329.59	81.0885	329.59	81.2273	329.59	81.0336	329.59	81.1548	329.59	81.0088	329.59	81.0974	329.59	81.0082	329.59	81.0546	329.59	81.0248
341.309	82.4764	341.309	82.3452	341.309	82.5631	341.309	82.178	341.309	82.6023	341.309	81.9872	341.309	82.5975	341.309	81.7864	341.309	82.5569	341.309	81.5878	341.309	82.4922	341.309	81.3993	341.309	82.4142	341.309	81.2236	341.309	82.3292	341.309	81.0583	341.309	82.2361	341.309	80.899	341.309	82.126	341.309	80.7418	341.309	81.9862	341.309	80.5871	341.309	81.8057	341.309	80.441	341.309	81.5817	341.309	80.3142	341.309	81.3233	341.309	80.2188	341.309	81.051	341.309	80.1639	341.309	80.7909	341.309	80.153	341.309	80.5663	341.309	80.1865	341.309	80.39	341.309	80.2645
353.027	82.409	353.027	82.2897	353.027	82.4632	353.027	82.113	353.027	82.4504	353.027	81.8898	353.027	82.3764	353.027	81.6323	353.027	82.2553	353.027	81.3515	353.027	82.1087	353.027	81.0563	353.027	81.9622	353.027	80.7538	353.027	81.8376	353.027	80.4504	353.027	81.7444	353.027	80.1538	353.027	81.6745	353.027	79.875	353.027	81.6044	353.027	79.6288	353.027	81.5048	353.027	79.432	353.027	81.3521	353.027	79.2998	353.027	81.1368	353.027	79.2413	353.027	80.8659	353.027	79.2579	353.027	80.5604	353.027	79.3446	353.027	80.2481	353.027	79.4942	353.027	79.955	353.027	79.7
366.211	82.3242	366.211	82.2848	366.211	82.3006	366.211	82.1907	366.211	82.2114	366.211	82.0526	366.211	82.0618	366.211	81.8815	366.211	81.8661	366.211	81.6854	366.211	81.6481	366.211	81.4685	366.211	81.4379	366.211	81.2307	366.211	81.2654	366.211	80.9702	366.211	81.15	366.211	80.6866	366.211	81.0913	366.211	80.3851	366.211	81.0681	366.211	80.0806	366.211	81.0467	366.211	79.7981	366.211	80.9936	366.211	79.5692	366.211	80.8872	366.211	79.4233	366.211	80.7218	366.211	79.3774	366.211	80.5066	366.211	79.431	366.211	80.2607	366.211	79.5689	366.211	80.007	366.211	79.7688
379.395	81.6819	379.395	81.6814	379.395	81.63	379.395	81.6336	379.395	81.5275	379.395	81.5481	379.395	81.384	379.395	81.4366	379.395	81.2164	379.395	81.3098	379.395	81.0472	379.395	81.1752	379.395	80.9007	379.395	81.0351	379.395	80.7963	379.395	80.887	379.395	80.7412	379.395	80.7262	379.395	80.7254	379.395	80.5489	379.395	80.7256	379.395	80.3572	379.395	80.7135	379.395	80.1614	379.395	80.6671	379.395	79.9795	379.395	80.577	379.395	79.8334	379.395	80.4472	379.395	79.7417	379.395	80.2911	379.395	79.7144	379.395	80.1266	379.395	79.7506	379.395	79.971	379.395	79.8407
392.578	80.5805	392.578	80.5434	392.578	80.55	392.578	80.454	392.578	80.4429	392.578	80.3299	392.578	80.2597	392.578	80.188	392.578	80.0151	392.578	80.0404	392.578	79.7441	392.578	79.8929	392.578	79.5034	392.578	79.746	392.578	79.3597	392.578	79.5991	392.578	79.3606	392.578	79.4552	392.578	79.5043	392.578	79.3238	392.578	79.7379	392.578	79.2203	392.578	79.9855	392.578	79.1622	392.578	80.1828	392.578	79.1622	392.578	80.2944	392.578	79.2231	392.578	80.3143	392.578	79.3368	392.578	80.2566	392.578	79.4875	392.578	80.144	392.578	79.6575	392.578	79.9972	392.578	79.8314
405.762	81.7712	405.762	81.6531	405.762	81.8023	405.762	81.4679	405.762	81.7311	405.762	81.2377	405.762	81.5502	405.762	80.9842	405.762	81.2641	405.762	80.7258	405.762	80.8957	405.762	80.4747	405.762	80.4923	405.762	80.2369	405.762	80.1263	405.762	80.0146	405.762	79.8798	405.762	79.8121	405.762	79.81	405.762	79.6398	405.762	79.9154	405.762	79.5168	405.762	80.1362	405.762	79.466	405.762	80.3901	405.762	79.505	405.762	80.6088	405.762	79.6346	405.762	80.7538	405.762	79.8358	405.762	80.8124	405.762	80.0747	405.762	80.7877	405.762	80.315	405.762	80.6888	405.762	80.5266
420.41	82.878	420.41	82.7343	420.41	82.9264	420.41	82.5118	420.41	82.8656	420.41	82.2277	420.41	82.6867	420.41	81.8992	420.41	82.3894	420.41	81.5429	420.41	81.9877	420.41	81.1739	420.41	81.5166	420.41	80.8067	420.41	81.0375	420.41	80.4556	420.41	80.6326	420.41	80.1369	420.41	80.3799	420.41	79.871	420.41	80.3125	420.41	79.6825	420.41	80.3989	420.41	79.5955	420.41	80.5659	420.41	79.6247	420.41	80.741	420.41	79.7648	420.41	80.8758	420.41	79.9875	420.41	80.9471	420.41	80.2494	420.41	80.946	420.41	80.5054	420.41	80.8695	420.41	80.7195
435.059	83.1507	435.059	83.0424	435.059	83.1718	435.059	82.8597	435.059	83.096	435.059	82.6166	435.059	82.9178	435.059	82.3283	435.059	82.6387	435.059	82.0107	435.059	82.271	435.059	81.6789	435.059	81.843	435.059	81.3467	435.059	81.4036	435.059	81.0255	435.059	81.0204	435.059	80.7255	435.059	80.7614	435.059	80.4594	435.059	80.6633	435.059	80.245	435.059	80.7084	435.059	80.1058	435.059	80.8366	435.059	80.0634	435.059	80.98	435.059	80.1258	435.059	81.0896	435.059	80.2781	435.059	81.1406	435.059	80.4852	435.059	81.125	435.059	80.7044	435.059	81.0427	435.059	80.8984
451.172	83.0933	451.172	82.9911	451.172	83.1059	451.172	82.8119	451.172	83.0171	451.172	82.5678	451.172	82.818	451.172	82.27	451.172	82.5051	451.172	81.9282	451.172	82.0848	451.172	81.5522	451.172	81.5793	451.172	81.1525	451.172	81.0353	451.172	80.7431	451.172	80.5279	451.172	80.3445	451.172	80.1467	451.172	79.9869	451.172	79.957	451.172	79.7094	451.172	79.9601	451.172	79.5521	451.172	80.095	451.172	79.5382	451.172	80.2813	451.172	79.6589	451.172	80.4563	451.172	79.8734	451.172	80.5838	451.172	80.1241	451.172	80.6453	451.172	80.3567	451.172	80.6298	451.172	80.532
465.82	83.1014	465.82	83.0238	465.82	83.1013	465.82	82.8798	465.82	83.0144	465.82	82.6822	465.82	82.8353	465.82	82.4432	465.82	82.5623	465.82	82.1726	465.82	82.1996	465.82	81.8765	465.82	81.7613	465.82	81.5564	465.82	81.2783	465.82	81.2119	465.82	80.8044	465.82	80.8456	465.82	80.4108	465.82	80.472	465.82	80.1621	465.82	80.1253	465.82	80.082	465.82	79.8583	465.82	80.1394	465.82	79.7241	465.82	80.271	465.82	79.7452	465.82	80.4152	465.82	79.8951	465.82	80.5296	465.82	80.1111	465.82	80.589	465.82	80.3253	465.82	80.5782	465.82	80.489
483.398	83.4426	483.398	83.3338	483.398	83.4735	483.398	83.1587	483.398	83.4166	483.398	82.9299	483.398	83.2635	483.398	82.6605	483.398	83.0074	483.398	82.3627	483.398	82.6461	483.398	82.0466	483.398	82.1883	483.398	81.7198	483.398	81.6647	483.398	81.3865	483.398	81.1372	483.398	81.0506	483.398	80.6923	483.398	80.7208	483.398	80.409	483.398	80.4185	483.398	80.3139	483.398	80.1806	483.398	80.3689	483.398	80.0504	483.398	80.5032	483.398	80.055	483.398	80.6537	483.398	80.1832	483.398	80.7782	483.398	80.3853	483.398	80.8491	483.398	80.5959	483.398	80.8466	483.398	80.76
499.512	84.144	499.512	84.0219	499.512	84.1869	499.512	83.8328	499.512	84.1384	499.512	83.5875	499.512	83.9863	499.512	83.2959	499.512	83.7214	499.512	82.9676	499.512	83.3402	499.512	82.6117	499.512	82.8515	499.512	82.2369	499.512	82.2838	499.512	81.8521	499.512	81.6927	499.512	81.4677	499.512	81.158	499.512	81.1005	499.512	80.7631	499.512	80.7784	499.512	80.5576	499.512	80.5402	499.512	80.5328	499.512	80.4234	499.512	80.634	499.512	80.443	499.512	80.7936	499.512	80.576	499.512	80.9544	499.512	80.7673	499.512	81.0737	499.512	80.9524	499.512	81.1209	499.512	81.0795
517.09	84.4475	517.09	84.3785	517.09	84.4466	517.09	84.2483	517.09	84.3661	517.09	84.064	517.09	84.1961	517.09	83.8291	517.09	83.9268	517.09	83.5433	517.09	83.5516	517.09	83.2029	517.09	83.0741	517.09	82.8032	517.09	82.5202	517.09	82.3419	517.09	81.9476	517.09	81.826	517.09	81.4416	517.09	81.2812	517.09	81.083	517.09	80.7636	517.09	80.9014	517.09	80.3587	517.09	80.8625	517.09	80.1532	517.09	80.9068	517.09	80.1821	517.09	80.9905	517.09	80.3968	517.09	81.0887	517.09	80.6921	517.09	81.1738	517.09	80.9628	517.09	81.205	517.09	81.1409
536.133	83.658	536.133	83.5617	536.133	83.693	536.133	83.4153	536.133	83.6577	536.133	83.232	536.133	83.5426	536.133	83.0258	536.133	83.3365	536.133	82.8072	536.133	83.0294	536.133	82.5789	536.133	82.621	536.133	82.334	536.133	82.1304	536.133	82.0569	536.133	81.6055	536.133	81.7298	536.133	81.1221	536.133	81.3445	536.133	80.7635	536.133	80.9183	536.133	80.5804	536.133	80.5073	536.133	80.563	536.133	80.2	536.133	80.6547	536.133	80.0783	536.133	80.7901	536.133	80.1608	536.133	80.9159	536.133	80.3847	536.133	80.9899	536.133	80.6476	536.133	80.9781	536.133	80.8613
555.176	82.6009	555.176	82.4683	555.176	82.6573	555.176	82.2757	555.176	82.6191	555.176	82.0346	555.176	82.469	555.176	81.7507	555.176	82.1946	555.176	81.4257	555.176	81.7913	555.176	81.0601	555.176	81.2677	555.176	80.6561	555.176	80.6504	555.176	80.2197	555.176	79.9904	555.176	79.7606	555.176	79.3618	555.176	79.2952	555.176	78.8438	555.176	78.8524	555.176	78.4868	555.176	78.4773	555.176	78.2926	555.176	78.224	555.176	78.232	555.176	78.1296	555.176	78.2717	555.176	78.1851	555.176	78.3767	555.176	78.3311	555.176	78.4989	555.176	78.4856	555.176	78.5813	555.176	78.58
574.219	81.2857	574.219	81.185	574.219	81.3356	574.219	81.053	574.219	81.3139	574.219	80.9024	574.219	81.2005	574.219	80.7349	574.219	80.9777	574.219	80.5401	574.219	80.6324	574.219	80.3005	574.219	80.1639	574.219	79.9977	574.219	79.5967	574.219	79.6174	574.219	78.9905	574.219	79.1518	574.219	78.4293	574.219	78.6062	574.219	77.9789	574.219	78.012	574.219	77.6444	574.219	77.4403	574.219	77.3839	574.219	76.9953	574.219	77.1711	574.219	76.766	574.219	77.0288	574.219	76.7609	574.219	76.993	574.219	76.8954	574.219	77.0493	574.219	77.0504	574.219	77.124	574.219	77.1363
594.727	80.5049	594.727	80.3962	594.727	80.5878	594.727	80.2914	594.727	80.6288	594.727	80.2259	594.727	80.6192	594.727	80.2213	594.727	80.5463	594.727	80.2673	594.727	80.3934	594.727	80.3238	594.727	80.1557	594.727	80.3374	594.727	79.8641	594.727	80.2573	594.727	79.5882	594.727	80.0448	594.727	79.3977	594.727	79.6848	594.727	79.3015	594.727	79.2027	594.727	79.2348	594.727	78.6764	594.727	79.1185	594.727	78.2212	594.727	78.9258	594.727	77.9377	594.727	78.6981	594.727	77.8544	594.727	78.5025	594.727	77.9205	594.727	78.3707	594.727	78.0511	594.727	78.278	594.727	78.1786
615.234	80.0377	615.234	79.83	615.234	80.1624	615.234	79.5464	615.234	80.2085	615.234	79.2357	615.234	80.1633	615.234	78.9989	615.234	79.9888	615.234	78.9562	615.234	79.6364	615.234	79.1695	615.234	79.0748	615.234	79.5831	615.234	78.3284	615.234	80.0495	615.234	77.5367	615.234	80.4082	615.234	77.0151	615.234	80.5476	615.234	77.1162	615.234	80.4339	615.234	77.8189	615.234	80.1193	615.234	78.7179	615.234	79.7306	615.234	79.4589	615.234	79.4228	615.234	79.9076	615.234	79.3008	615.234	80.0807	615.234	79.3641	615.234	80.0587	615.234	79.5369	615.234	79.9261	615.234	79.7402
637.207	81.5981	637.207	81.3389	637.207	81.7559	637.207	80.9774	637.207	81.8018	637.207	80.5084	637.207	81.7168	637.207	79.9329	637.207	81.4825	637.207	79.2698	637.207	81.0914	637.207	78.5701	637.207	80.5485	637.207	77.9313	637.207	79.8653	637.207	77.4933	637.207	79.0555	637.207	77.3714	637.207	78.1584	637.207	77.557	637.207	77.3071	637.207	77.9194	637.207	76.7985	637.207	78.3229	637.207	76.946	637.207	78.7105	637.207	77.6995	637.207	79.0921	637.207	78.6689	637.207	79.4849	637.207	79.5151	637.207	79.8696	637.207	80.0878	637.207	80.1905	637.207	80.3635	637.207	80.3779
659.18	82.3851	659.18	82.0356	659.18	82.6418	659.18	81.6341	659.18	82.7694	659.18	81.2188	659.18	82.7381	659.18	80.8109	659.18	82.5266	659.18	80.4036	659.18	82.1275	659.18	79.9689	659.18	81.555	659.18	79.481	659.18	80.8502	659.18	78.9446	659.18	80.0752	659.18	78.4078	659.18	79.2916	659.18	77.9443	659.18	78.5479	659.18	77.6116	659.18	77.9312	659.18	77.4395	659.18	77.6451	659.18	77.467	659.18	77.8914	659.18	77.7465	659.18	78.569	659.18	78.2693	659.18	79.3242	659.18	78.9181	659.18	79.8672	659.18	79.5247	659.18	80.0764	659.18	79.9441
682.617	82.8225	682.617	82.4096	682.617	83.1022	682.617	81.8834	682.617	83.2411	682.617	81.2887	682.617	83.2325	682.617	80.693	682.617	83.064	682.617	80.1568	682.617	82.7199	682.617	79.6949	682.617	82.1938	682.617	79.2748	682.617	81.509	682.617	78.8625	682.617	80.7284	682.617	78.4688	682.617	79.929	682.617	78.149	682.617	79.1586	682.617	77.9525	682.617	78.4703	682.617	77.8838	682.617	78.044	682.617	77.9435	682.617	78.1389	682.617	78.1838	682.617	78.7428	682.617	78.6538	682.617	79.5108	682.617	79.2856	682.617	80.1138	682.617	79.8984	682.617	80.3919	682.617	80.3065
707.52	83.8672	707.52	83.4579	707.52	84.093	707.52	82.8804	707.52	84.1357	707.52	82.1732	707.52	84.0043	707.52	81.4017	707.52	83.7069	707.52	80.6429	707.52	83.2456	707.52	79.9438	707.52	82.6233	707.52	79.2883	707.52	81.8601	707.52	78.623	707.52	81.0055	707.52	77.9529	707.52	80.1258	707.52	77.4353	707.52	79.2794	707.52	77.2807	707.52	78.5565	707.52	77.456	707.52	78.1938	707.52	77.7341	707.52	78.4628	707.52	78.037	707.52	79.2445	707.52	78.4797	707.52	80.0855	707.52	79.1332	707.52	80.6374	707.52	79.8745	707.52	80.7674	707.52	80.4804
732.422	83.9409	732.422	83.6216	732.422	84.1217	732.422	83.1586	732.422	84.1829	732.422	82.5778	732.422	84.1357	732.422	81.9453	732.422	83.9668	732.422	81.355	732.422	83.6413	732.422	80.8815	732.422	83.1296	732.422	80.5164	732.422	82.4403	732.422	80.1549	732.422	81.636	732.422	79.6704	732.422	80.8028	732.422	79.035	732.422	79.9772	732.422	78.3856	732.422	79.1396	732.422	77.9367	732.422	78.3831	732.422	77.8088	732.422	78.0726	732.422	78.0153	732.422	78.5042	732.422	78.537	732.422	79.3829	732.422	79.2751	732.422	80.1757	732.422	80.0119	732.422	80.5759	732.422	80.5021
757.324	84.2288	757.324	83.9087	757.324	84.4437	757.324	83.4723	757.324	84.5712	757.324	82.9465	757.324	84.6036	757.324	82.4057	757.324	84.4973	757.324	81.9466	757.324	84.1932	757.324	81.6208	757.324	83.6564	757.324	81.3725	757.324	82.9113	757.324	81.0575	757.324	82.0561	757.324	80.5464	757.324	81.2162	757.324	79.8361	757.324	80.4245	757.324	79.0847	757.324	79.6037	757.324	78.5138	757.324	78.8134	757.324	78.2713	757.324	78.472	757.324	78.4235	757.324	78.9182	757.324	78.9672	757.324	79.8073	757.324	79.7524	757.324	80.5956	757.324	80.5028	757.324	81.0078	757.324	80.967
785.156	84.8042	785.156	84.4089	785.156	85.1024	785.156	83.9358	785.156	85.2792	785.156	83.408	785.156	85.3069	785.156	82.8691	785.156	85.156	785.156	82.3904	785.156	84.7957	785.156	82.0424	785.156	84.1999	785.156	81.8261	785.156	83.359	785.156	81.6271	785.156	82.2943	785.156	81.2709	785.156	81.0674	785.156	80.6522	785.156	79.7926	785.156	79.8333	785.156	78.6879	785.156	79.0438	785.156	78.111	785.156	78.5607	785.156	78.2855	785.156	78.5549	785.156	78.9676	785.156	79.0125	785.156	79.7508	785.156	79.7269	785.156	80.394	785.156	80.3954	785.156	80.767	785.156	80.7758
811.523	84.9865	811.523	84.8716	811.523	85.0352	811.523	84.6567	811.523	85.0482	811.523	84.3206	811.523	85.027	811.523	83.8553	811.523	84.9271	811.523	83.2633	811.523	84.6723	811.523	82.5673	811.523	84.1939	811.523	81.8266	811.523	83.4734	811.523	81.1361	811.523	82.5663	811.523	80.573	811.523	81.5732	811.523	80.1143	811.523	80.5247	811.523	79.6399	811.523	79.3404	811.523	79.0687	811.523	78.1519	811.523	78.5123	811.523	77.6941	811.523	78.2885	811.523	78.4176	811.523	78.646	811.523	79.5599	811.523	79.4227	811.523	80.4162	811.523	80.2117	811.523	80.7998	811.523	80.7147
840.82	84.6943	840.82	84.6366	840.82	84.7609	840.82	84.5298	840.82	84.8669	840.82	84.3138	840.82	84.9916	840.82	83.9529	840.82	85.0619	840.82	83.46	840.82	84.9839	840.82	82.8812	840.82	84.6963	840.82	82.2271	840.82	84.2046	840.82	81.4343	840.82	83.5657	840.82	80.4792	840.82	82.8167	840.82	79.5519	840.82	81.8774	840.82	78.8856	840.82	80.5759	840.82	78.3907	840.82	78.9664	840.82	77.9728	840.82	77.8415	840.82	77.9402	840.82	78.2102	840.82	78.7279	840.82	79.5847	840.82	80.1755	840.82	80.9898	840.82	81.505	840.82	81.9302	840.82	82.1396
870.117	85.4291	870.117	85.0505	870.117	85.6737	870.117	84.6693	870.117	85.714	870.117	84.3843	870.117	85.5696	870.117	84.1927	870.117	85.3067	870.117	84.037	870.117	84.9698	870.117	83.8769	870.117	84.5613	870.117	83.656	870.117	84.0701	870.117	83.2149	870.117	83.5065	870.117	82.3399	870.117	82.9094	870.117	81.0084	870.117	82.2515	870.117	79.6613	870.117	81.4209	870.117	78.9835	870.117	80.5169	870.117	78.9789	870.117	80.027	870.117	79.0983	870.117	80.1309	870.117	79.269	870.117	80.3324	870.117	79.7996	870.117	80.398	870.117	80.4362	870.117	80.5345	870.117	80.674
900.879	86.5432	900.879	86.2156	900.879	86.5485	900.879	85.5782	900.879	86.2713	900.879	84.7223	900.879	85.783	900.879	83.807	900.879	85.193	900.879	82.9993	900.879	84.6443	900.879	82.4148	900.879	84.2374	900.879	82.0643	900.879	83.9347	900.879	81.7813	900.879	83.5877	900.879	81.2873	900.879	83.0534	900.879	80.4647	900.879	82.237	900.879	79.5913	900.879	81.0968	900.879	79.1323	900.879	79.8438	900.879	79.1387	900.879	79.2577	900.879	79.3225	900.879	79.898	900.879	79.6342	900.879	81.0531	900.879	80.2974	900.879	81.9421	900.879	81.2399	900.879	82.2817	900.879	82.0144
933.105	86.737	933.105	86.6285	933.105	86.6563	933.105	86.2659	933.105	86.3873	933.105	85.5161	933.105	85.976	933.105	84.3054	933.105	85.5517	933.105	82.8281	933.105	85.2134	933.105	81.7394	933.105	84.9244	933.105	81.5755	933.105	84.5867	933.105	81.7573	933.105	84.1902	933.105	81.3997	933.105	83.7579	933.105	80.1536	933.105	83.144	933.105	78.3043	933.105	82.0914	933.105	76.8139	933.105	80.4389	933.105	76.571	933.105	78.3777	933.105	77.4547	933.105	77.5602	933.105	78.8852	933.105	79.4789	933.105	80.4168	933.105	81.658	933.105	81.7726	933.105	82.717	933.105	82.6554
965.332	87.2263	965.332	86.7972	965.332	87.2563	965.332	86.027	965.332	86.8867	965.332	84.9935	965.332	86.2157	965.332	83.7763	965.332	85.4413	965.332	82.4809	965.332	84.7608	965.332	81.3437	965.332	84.2233	965.332	80.7378	965.332	83.7534	965.332	80.6807	965.332	83.3274	965.332	80.552	965.332	82.892	965.332	79.7627	965.332	82.1693	965.332	78.3337	965.332	81.0104	965.332	77.07	965.332	79.9104	965.332	76.9695	965.332	79.491	965.332	77.9667	965.332	79.5402	965.332	79.3248	965.332	79.9215	965.332	80.573	965.332	80.7085	965.332	81.443	965.332	81.4694	965.332	81.7592
1,000.49	86.7753	1,000.49	86.5521	1,000.49	86.5856	1,000.49	85.8058	1,000.49	86.1515	1,000.49	84.4698	1,000.49	85.7234	1,000.49	82.571	1,000.49	85.5235	1,000.49	80.3133	1,000.49	85.5416	1,000.49	78.1187	1,000.49	85.5092	1,000.49	76.6748	1,000.49	85.1436	1,000.49	76.8095	1,000.49	84.4597	1,000.49	77.8977	1,000.49	83.7405	1,000.49	78.2909	1,000.49	83.0092	1,000.49	77.283	1,000.49	81.886	1,000.49	75.2202	1,000.49	80.0586	1,000.49	73.5115	1,000.49	77.6294	1,000.49	73.7577	1,000.49	76.2795	1,000.49	75.7411	1,000.49	78.3823	1,000.49	78.2532	1,000.49	80.9676	1,000.49	80.4792	1,000.49	82.1597	1,000.49	81.9066
1,035.64	86.0517	1,035.64	85.5331	1,035.64	86.1816	1,035.64	84.708	1,035.64	85.9491	1,035.64	83.6777	1,035.64	85.5043	1,035.64	82.4748	1,035.64	85.028	1,035.64	81.0739	1,035.64	84.6016	1,035.64	79.4389	1,035.64	84.1595	1,035.64	77.499	1,035.64	83.5497	1,035.64	75.3022	1,035.64	82.7667	1,035.64	73.6387	1,035.64	82.0905	1,035.64	73.3597	1,035.64	81.5784	1,035.64	73.7622	1,035.64	80.7782	1,035.64	74.4546	1,035.64	79.5191	1,035.64	75.3052	1,035.64	78.4593	1,035.64	76.0271	1,035.64	78.134	1,035.64	76.9526	1,035.64	78.2145	1,035.64	78.4935	1,035.64	78.9594	1,035.64	80.0171	1,035.64	80.1401	1,035.64	80.6552
1,072.27	83.5183	1,072.27	85.2445	1,072.27	85.4704	1,072.27	87.1529	1,072.27	88.2424	1,072.27	88.0443	1,072.27	89.4503	1,072.27	88.216	1,072.27	89.0317	1,072.27	88.0393	1,072.27	87.3389	1,072.27	87.8933	1,072.27	84.9809	1,072.27	88.0907	1,072.27	82.5015	1,072.27	88.6112	1,072.27	80.7668	1,072.27	89.1188	1,072.27	81.3688	1,072.27	89.2233	1,072.27	82.8876	1,072.27	88.7223	1,072.27	84.249	1,072.27	87.8901	1,072.27	85.7213	1,072.27	87.332	1,072.27	87.069	1,072.27	87.0924	1,072.27	87.5575	1,072.27	86.7393	1,072.27	86.3477	1,072.27	85.9166	1,072.27	82.0979	1,072.27	83.9422	1,072.27	68.0718	1,072.27	78.7068
1,108.89	84.3413	1,108.89	87.0884	1,108.89	82.2083	1,108.89	87.9935	1,108.89	85.4936	1,108.89	87.4729	1,108.89	88.1122	1,108.89	85.9151	1,108.89	88.6857	1,108.89	83.7613	1,108.89	87.5566	1,108.89	81.8597	1,108.89	85.0587	1,108.89	81.2365	1,108.89	81.6411	1,108.89	81.9467	1,108.89	77.9273	1,108.89	83.2002	1,108.89	76.2406	1,108.89	84.3098	1,108.89	78.0816	1,108.89	85.1073	1,108.89	80.4962	1,108.89	85.8738	1,108.89	82.935	1,108.89	86.3099	1,108.89	84.9349	1,108.89	85.9231	1,108.89	85.7601	1,108.89	85.1422	1,108.89	84.5947	1,108.89	84.376	1,108.89	79.921	1,108.89	82.7422	1,108.89	64.6005	1,108.89	78.2411
1,148.44	79.577	1,148.44	83.8236	1,148.44	81.1669	1,148.44	86.1076	1,148.44	85.7502	1,148.44	86.5898	1,148.44	87.8641	1,148.44	85.8067	1,148.44	88.0176	1,148.44	84.2751	1,148.44	86.6061	1,148.44	82.7696	1,148.44	83.8269	1,148.44	82.1285	1,148.44	80.3476	1,148.44	82.3096	1,148.44	78.0449	1,148.44	82.3315	1,148.44	77.6142	1,148.44	82.0442	1,148.44	77.9915	1,148.44	82.4469	1,148.44	79.0566	1,148.44	82.8392	1,148.44	80.8239	1,148.44	82.4329	1,148.44	82.4477	1,148.44	82.251	1,148.44	83.0756	1,148.44	82.735	1,148.44	81.8767	1,148.44	82.9095	1,148.44	77.251	1,148.44	81.6202	1,148.44	61.2332	1,148.44	77.109
1,189.45	80.4554	1,189.45	74.7325	1,189.45	85.9724	1,189.45	81.5502	1,189.45	88.0699	1,189.45	85.0343	1,189.45	87.5153	1,189.45	86.4829	1,189.45	84.1089	1,189.45	87.1222	1,189.45	75.2113	1,189.45	87.6756	1,189.45	74.7337	1,189.45	88.2508	1,189.45	82.5793	1,189.45	88.5885	1,189.45	85.1241	1,189.45	88.5264	1,189.45	85.9111	1,189.45	88.2387	1,189.45	85.694	1,189.45	88.1772	1,189.45	84.2091	1,189.45	88.1498	1,189.45	81.4888	1,189.45	87.1837	1,189.45	80.1165	1,189.45	85.0591	1,189.45	82.3842	1,189.45	83.6224	1,189.45	84.2019	1,189.45	82.8093	1,189.45	83.9031	1,189.45	79.27	1,189.45	80.7861	1,189.45	74.59
1,230.47	82.2175	1,230.47	79.2667	1,230.47	86.9167	1,230.47	83.7896	1,230.47	88.8765	1,230.47	86.2337	1,230.47	88.2912	1,230.47	86.6486	1,230.47	84.8767	1,230.47	86.0163	1,230.47	77.2655	1,230.47	85.2546	1,230.47	73.1435	1,230.47	84.9575	1,230.47	80.9542	1,230.47	85.0434	1,230.47	83.8505	1,230.47	85.1553	1,230.47	84.5118	1,230.47	85.2549	1,230.47	84.1004	1,230.47	85.8934	1,230.47	82.6262	1,230.47	86.6581	1,230.47	78.9807	1,230.47	86.2369	1,230.47	71.3851	1,230.47	83.8853	1,230.47	77.674	1,230.47	80.8033	1,230.47	82.6522	1,230.47	79.5433	1,230.47	83.8224	1,230.47	75.0743	1,230.47	81.6272	1,230.47	73.7155
1,274.41	88.3046	1,274.41	83.3493	1,274.41	90.1369	1,274.41	78.3215	1,274.41	89.7258	1,274.41	84.9935	1,274.41	86.3874	1,274.41	88.2096	1,274.41	76.1454	1,274.41	89.3677	1,274.41	82.8705	1,274.41	89.6644	1,274.41	88.2338	1,274.41	89.7539	1,274.41	90.0331	1,274.41	89.8858	1,274.41	90.37	1,274.41	89.6753	1,274.41	90.172	1,274.41	88.5522	1,274.41	89.6049	1,274.41	87.4053	1,274.41	88.2021	1,274.41	87.7076	1,274.41	85.5051	1,274.41	86.9424	1,274.41	80.6495	1,274.41	83.0556	1,274.41	69.804	1,274.41	77.6434	1,274.41	78.8499	1,274.41	75.8363	1,274.41	83.4542	1,274.41	68.7143	1,274.41	83.5022	1,274.41	78.927
1,319.82	88.6376	1,319.82	85.5986	1,319.82	89.5428	1,319.82	81.5696	1,319.82	88.5432	1,319.82	83.5856	1,319.82	85.2775	1,319.82	86.3298	1,319.82	82.7667	1,319.82	87.406	1,319.82	86.7143	1,319.82	87.6204	1,319.82	89.222	1,319.82	87.6589	1,319.82	90.1951	1,319.82	88.0338	1,319.82	90.506	1,319.82	88.5483	1,319.82	90.3206	1,319.82	88.3916	1,319.82	89.8094	1,319.82	87.7169	1,319.82	88.8717	1,319.82	88.0174	1,319.82	86.8471	1,319.82	87.8518	1,319.82	82.646	1,319.82	84.5748	1,319.82	70.6437	1,319.82	77.5343	1,319.82	77.1429	1,319.82	76.3202	1,319.82	83.6113	1,319.82	69.5332	1,319.82	84.1998	1,319.82	79.4508
1,366.7	90.8898	1,366.7	86.9688	1,366.7	91.4539	1,366.7	74.1992	1,366.7	89.0619	1,366.7	84.5321	1,366.7	80.9692	1,366.7	89.475	1,366.7	85.2034	1,366.7	91.475	1,366.7	91.58	1,366.7	92.3592	1,366.7	93.8949	1,366.7	92.522	1,366.7	94.4382	1,366.7	92.4011	1,366.7	94.2411	1,366.7	92.2049	1,366.7	93.9582	1,366.7	91.5095	1,366.7	93.5242	1,366.7	90.1305	1,366.7	92.397	1,366.7	89.5061	1,366.7	90.1415	1,366.7	89.5844	1,366.7	85.948	1,366.7	87.3851	1,366.7	75.3901	1,366.7	81.2741	1,366.7	80.236	1,366.7	78.4106	1,366.7	85.6508	1,366.7	76.5114	1,366.7	85.3645	1,366.7	80.1573
1,413.57	90.9288	1,413.57	89.7093	1,413.57	88.5064	1,413.57	83.6083	1,413.57	81.6993	1,413.57	72.8546	1,413.57	86.9136	1,413.57	85.765	1,413.57	92.6064	1,413.57	90.4939	1,413.57	95.0337	1,413.57	93.2058	1,413.57	95.4993	1,413.57	94.6851	1,413.57	94.9658	1,413.57	95.5157	1,413.57	94.3026	1,413.57	95.767	1,413.57	94.0197	1,413.57	95.1717	1,413.57	94.1377	1,413.57	94.0375	1,413.57	94.1876	1,413.57	93.2999	1,413.57	93.7323	1,413.57	92.077	1,413.57	92.4701	1,413.57	87.3626	1,413.57	89.6354	1,413.57	80.5523	1,413.57	82.2685	1,413.57	84.3026	1,413.57	76.9427	1,413.57	83.37	1,413.57	85.3698	1,413.57	85.1379
1,463.38	90.2014	1,463.38	89.837	1,463.38	86.8418	1,463.38	85.5713	1,463.38	84.7195	1,463.38	79.6673	1,463.38	90.8664	1,463.38	86.16	1,463.38	94.5066	1,463.38	91.353	1,463.38	95.8083	1,463.38	94.2035	1,463.38	95.6113	1,463.38	95.5516	1,463.38	94.5561	1,463.38	96.3117	1,463.38	93.2166	1,463.38	96.6038	1,463.38	93.0041	1,463.38	96.0155	1,463.38	93.4374	1,463.38	94.5239	1,463.38	93.2751	1,463.38	93.0546	1,463.38	92.7783	1,463.38	91.8427	1,463.38	92.44	1,463.38	87.6345	1,463.38	91.3604	1,463.38	81.0888	1,463.38	87.0447	1,463.38	85.0235	1,463.38	65.1157	1,463.38	84.2106	1,463.38	83.5474	1,463.38	84.9841
1,516.11	89.1545	1,516.11	89.8434	1,516.11	88.6676	1,516.11	88.4635	1,516.11	92.1919	1,516.11	85.9957	1,516.11	94.9628	1,516.11	84.4326	1,516.11	95.5603	1,516.11	89.0537	1,516.11	93.6708	1,516.11	92.8101	1,516.11	89.538	1,516.11	94.773	1,516.11	87.185	1,516.11	96.1674	1,516.11	88.198	1,516.11	96.9108	1,516.11	90.655	1,516.11	96.6868	1,516.11	91.41	1,516.11	95.507	1,516.11	90.3789	1,516.11	93.4785	1,516.11	89.5813	1,516.11	91.6649	1,516.11	91.2104	1,516.11	87.1798	1,516.11	93.2219	1,516.11	85.5763	1,516.11	92.5825	1,516.11	87.3548	1,516.11	87.1769	1,516.11	84.4236	1,516.11	73.4828	1,516.11	82.381
1,568.85	90.2109	1,568.85	89.4304	1,568.85	93.2465	1,568.85	89.8953	1,568.85	95.8247	1,568.85	89.567	1,568.85	96.5695	1,568.85	86.6461	1,568.85	95.0992	1,568.85	87.2471	1,568.85	90.0731	1,568.85	91.278	1,568.85	70.1399	1,568.85	93.0918	1,568.85	87.4821	1,568.85	94.2048	1,568.85	90.7696	1,568.85	94.6341	1,568.85	92.2327	1,568.85	94.2847	1,568.85	92.237	1,568.85	93.0041	1,568.85	90.6682	1,568.85	89.9124	1,568.85	87.973	1,568.85	88.407	1,568.85	84.1452	1,568.85	86.9472	1,568.85	89.7788	1,568.85	87.8667	1,568.85	92.8364	1,568.85	85.8357	1,568.85	91.5605	1,568.85	77.5049	1,568.85	86.2298	1,568.85	77.7931
1,624.51	93.228	1,624.51	90.087	1,624.51	95.7789	1,624.51	89.1726	1,624.51	96.5393	1,624.51	89.3816	1,624.51	95.3949	1,624.51	86.9577	1,624.51	92.7326	1,624.51	84.1772	1,624.51	90.3389	1,624.51	84.7668	1,624.51	90.6092	1,624.51	83.0237	1,624.51	91.0825	1,624.51	81.8571	1,624.51	89.9612	1,624.51	82.7669	1,624.51	90.0387	1,624.51	86.0187	1,624.51	90.6827	1,624.51	86.0691	1,624.51	90.8418	1,624.51	82.2417	1,624.51	90.6143	1,624.51	86.8042	1,624.51	86.8685	1,624.51	86.4742	1,624.51	72.4542	1,624.51	85.156	1,624.51	88.5495	1,624.51	76.1579	1,624.51	90.7489	1,624.51	79.2234	1,624.51	88.0916	1,624.51	83.1463
1,681.64	93.8912	1,681.64	92.3209	1,681.64	94.9867	1,681.64	90.5619	1,681.64	95.3079	1,681.64	88.61	1,681.64	94.7022	1,681.64	85.1835	1,681.64	93.1101	1,681.64	82.9223	1,681.64	90.6166	1,681.64	83.6139	1,681.64	88.4734	1,681.64	84.2143	1,681.64	87.0601	1,681.64	80.0832	1,681.64	83.2931	1,681.64	68.1322	1,681.64	82.2555	1,681.64	79.9502	1,681.64	85.4707	1,681.64	82.918	1,681.64	87.9672	1,681.64	80.9159	1,681.64	90.0715	1,681.64	86.778	1,681.64	89.1294	1,681.64	87.7639	1,681.64	78.33	1,681.64	83.775	1,681.64	85.2051	1,681.64	61.7252	1,681.64	89.4503	1,681.64	81.9013	1,681.64	87.8076	1,681.64	84.5323
1,741.7	93.7546	1,741.7	91.7968	1,741.7	94.4203	1,741.7	88.822	1,741.7	93.6656	1,741.7	85.8162	1,741.7	92.1646	1,741.7	83.7529	1,741.7	91.2489	1,741.7	83.779	1,741.7	90.7097	1,741.7	83.0019	1,741.7	90.0238	1,741.7	82.6296	1,741.7	88.4671	1,741.7	80.6233	1,741.7	84.2593	1,741.7	85.601	1,741.7	84.2246	1,741.7	88.8889	1,741.7	86.5325	1,741.7	88.0453	1,741.7	87.4476	1,741.7	80.0757	1,741.7	88.8431	1,741.7	87.4059	1,741.7	88.4522	1,741.7	88.8817	1,741.7	80.9248	1,741.7	83.1963	1,741.7	81.5372	1,741.7	69.9123	1,741.7	87.1591	1,741.7	83.4794	1,741.7	87.1287	1,741.7	86.0191
1,803.22	93.0749	1,803.22	91.7692	1,803.22	93.1357	1,803.22	88.8425	1,803.22	92.6161	1,803.22	85.2821	1,803.22	91.5657	1,803.22	82.8908	1,803.22	89.6934	1,803.22	82.5316	1,803.22	87.5642	1,803.22	82.7338	1,803.22	86.183	1,803.22	78.0043	1,803.22	85.2257	1,803.22	71.8274	1,803.22	83.1111	1,803.22	74.636	1,803.22	77.094	1,803.22	72.522	1,803.22	78.5218	1,803.22	74.9726	1,803.22	82.8414	1,803.22	82.5678	1,803.22	81.5952	1,803.22	84.2967	1,803.22	63.8512	1,803.22	82.3447	1,803.22	80.7608	1,803.22	80.0141	1,803.22	85.3656	1,803.22	81.435	1,803.22	86.0035	1,803.22	83.8165	1,803.22	85.2173	1,803.22	84.846
1,866.21	93.1617	1,866.21	91.7305	1,866.21	93.2049	1,866.21	88.9209	1,866.21	92.5041	1,866.21	85.9809	1,866.21	91.2875	1,866.21	83.2652	1,866.21	89.173	1,866.21	80.9899	1,866.21	85.7722	1,866.21	79.4854	1,866.21	81.1645	1,866.21	79.0765	1,866.21	79.2663	1,866.21	80.5344	1,866.21	78.5377	1,866.21	78.906	1,866.21	70.0816	1,866.21	76.02	1,866.21	69.236	1,866.21	74.1558	1,866.21	78.3563	1,866.21	78.7414	1,866.21	80.0993	1,866.21	82.0363	1,866.21	75.5674	1,866.21	81.8987	1,866.21	72.543	1,866.21	79.9952	1,866.21	78.1622	1,866.21	79.288	1,866.21	81.5077	1,866.21	80.6791	1,866.21	82.8367	1,866.21	82.3631
1,932.13	92.8798	1,932.13	91.6503	1,932.13	93.2059	1,932.13	89.6618	1,932.13	92.8942	1,932.13	87.2175	1,932.13	91.8418	1,932.13	83.3586	1,932.13	89.8595	1,932.13	78.5211	1,932.13	87.1147	1,932.13	76.6674	1,932.13	83.2208	1,932.13	76.9912	1,932.13	77.2389	1,932.13	77.0246	1,932.13	73.6977	1,932.13	76.0161	1,932.13	72.0796	1,932.13	74.4443	1,932.13	67.2296	1,932.13	72.7509	1,932.13	67.8048	1,932.13	73.9643	1,932.13	76.4489	1,932.13	76.4507	1,932.13	76.6653	1,932.13	76.4762	1,932.13	71.4331	1,932.13	74.2879	1,932.13	65.5789	1,932.13	72.3049	1,932.13	75.6216	1,932.13	73.1928	1,932.13	77.6932	1,932.13	76.2951
1,999.51	91.9916	1,999.51	90.3682	1,999.51	92.4554	1,999.51	88.4424	1,999.51	91.9775	1,999.51	86.5738	1,999.51	90.9744	1,999.51	83.237	1,999.51	89.4705	1,999.51	78.7683	1,999.51	87.385	1,999.51	74.0043	1,999.51	84.1868	1,999.51	71.6148	1,999.51	79.6595	1,999.51	74.7977	1,999.51	76.2076	1,999.51	74.7932	1,999.51	74.5184	1,999.51	73.8824	1,999.51	70.0398	1,999.51	73.451	1,999.51	65.8927	1,999.51	72.3415	1,999.51	73.9301	1,999.51	73.3844	1,999.51	75.3798	1,999.51	74.0713	1,999.51	73.8527	1,999.51	71.5467	1,999.51	74.2173	1,999.51	63.8746	1,999.51	76.2357	1,999.51	66.655	1,999.51	75.8098	1,999.51	72.4852
2,069.82	91.1994	2,069.82	89.4286	2,069.82	91.7387	2,069.82	87.3016	2,069.82	90.9827	2,069.82	84.3392	2,069.82	89.7361	2,069.82	80.2527	2,069.82	88.2411	2,069.82	76.6004	2,069.82	86.1591	2,069.82	74.3615	2,069.82	83.2062	2,069.82	75.2689	2,069.82	79.1005	2,069.82	74.8177	2,069.82	75.1908	2,069.82	73.48	2,069.82	72.294	2,069.82	72.6873	2,069.82	67.936	2,069.82	74.1345	2,069.82	68.922	2,069.82	75.2253	2,069.82	71.6514	2,069.82	74.4727	2,069.82	71.8601	2,069.82	72.6205	2,069.82	71.4594	2,069.82	69.2234	2,069.82	74.2021	2,069.82	62.5965	2,069.82	76.0283	2,069.82	68.2041	2,069.82	74.712	2,069.82	72.4943
2,143.07	89.9785	2,143.07	88.8418	2,143.07	90.6236	2,143.07	86.4999	2,143.07	90.2563	2,143.07	82.4801	2,143.07	88.5709	2,143.07	79.2329	2,143.07	86.2989	2,143.07	76.1272	2,143.07	84.2736	2,143.07	73.1349	2,143.07	81.5378	2,143.07	74.0424	2,143.07	77.9114	2,143.07	75.7363	2,143.07	75.6507	2,143.07	76.6273	2,143.07	73.0743	2,143.07	75.8101	2,143.07	68.8126	2,143.07	74.4488	2,143.07	69.4333	2,143.07	75.8231	2,143.07	69.9231	2,143.07	75.2518	2,143.07	66.8141	2,143.07	72.4498	2,143.07	68.1388	2,143.07	69.3342	2,143.07	73.1119	2,143.07	62.7273	2,143.07	75.1987	2,143.07	65.5002	2,143.07	75.1972	2,143.07	72.6645
2,219.24	88.6709	2,219.24	87.7224	2,219.24	88.9494	2,219.24	85.7666	2,219.24	88.8619	2,219.24	83.6475	2,219.24	87.6405	2,219.24	80.2609	2,219.24	84.988	2,219.24	74.9662	2,219.24	82.3438	2,219.24	74.1224	2,219.24	80.1378	2,219.24	74.1416	2,219.24	77.0932	2,219.24	75.4499	2,219.24	75.6813	2,219.24	76.3953	2,219.24	73.0547	2,219.24	76.3591	2,219.24	70.9695	2,219.24	75.0015	2,219.24	71.7316	2,219.24	74.5289	2,219.24	68.8526	2,219.24	75.571	2,219.24	66.4341	2,219.24	73.2525	2,219.24	69.689	2,219.24	67.5636	2,219.24	71.6143	2,219.24	62.7504	2,219.24	73.4176	2,219.24	59.7298	2,219.24	73.8204	2,219.24	71.2392
2,296.88	88.9559	2,296.88	87.7501	2,296.88	88.6165	2,296.88	85.9025	2,296.88	87.1963	2,296.88	83.0551	2,296.88	85.9843	2,296.88	79.192	2,296.88	83.8566	2,296.88	78.1032	2,296.88	80.5483	2,296.88	77.0345	2,296.88	78.4421	2,296.88	77.5702	2,296.88	75.2016	2,296.88	77.8375	2,296.88	73.6711	2,296.88	75.6686	2,296.88	72.0247	2,296.88	75.3356	2,296.88	71.5177	2,296.88	75.8189	2,296.88	74.1548	2,296.88	73.7671	2,296.88	70.229	2,296.88	74.5089	2,296.88	66.1947	2,296.88	74.1207	2,296.88	68.827	2,296.88	67.8009	2,296.88	70.9859	2,296.88	61.4929	2,296.88	73.7495	2,296.88	63.5539	2,296.88	74.8096	2,296.88	72.001
2,378.91	89.7923	2,378.91	88.7446	2,378.91	89.4076	2,378.91	86.3217	2,378.91	87.317	2,378.91	82.6666	2,378.91	84.3001	2,378.91	80.5341	2,378.91	81.9194	2,378.91	79.0084	2,378.91	78.935	2,378.91	78.1739	2,378.91	77.0564	2,378.91	76.291	2,378.91	76.1209	2,378.91	74.8389	2,378.91	75.1814	2,378.91	75.4119	2,378.91	73.9968	2,378.91	73.0715	2,378.91	71.035	2,378.91	75.0574	2,378.91	72.9116	2,378.91	76.0219	2,378.91	70.5739	2,378.91	73.6994	2,378.91	67.4865	2,378.91	72.4258	2,378.91	66.9778	2,378.91	67.2148	2,378.91	68.8188	2,378.91	57.9333	2,378.91	73.7298	2,378.91	67.3513	2,378.91	76.055	2,378.91	73.8724
2,462.4	89.1433	2,462.4	88.6709	2,462.4	89.0635	2,462.4	86.7699	2,462.4	87.8232	2,462.4	84.5957	2,462.4	84.2305	2,462.4	82.3468	2,462.4	80.2522	2,462.4	78.9894	2,462.4	78.5302	2,462.4	74.4165	2,462.4	77.5608	2,462.4	74.1604	2,462.4	78.0921	2,462.4	75.8602	2,462.4	76.6503	2,462.4	75.9365	2,462.4	74.2791	2,462.4	74.7443	2,462.4	68.6856	2,462.4	71.0905	2,462.4	70.8482	2,462.4	74.7338	2,462.4	70.3463	2,462.4	74.2114	2,462.4	67.6306	2,462.4	71.6169	2,462.4	67.625	2,462.4	67.1848	2,462.4	67.9008	2,462.4	54.5422	2,462.4	73.5572	2,462.4	65.8807	2,462.4	76.1205	2,462.4	72.912
2,548.83	88.9556	2,548.83	88.3235	2,548.83	88.2348	2,548.83	86.7954	2,548.83	86.8368	2,548.83	85.3836	2,548.83	84.1144	2,548.83	82.2327	2,548.83	79.4094	2,548.83	75.3843	2,548.83	76.8118	2,548.83	74.5215	2,548.83	77.5366	2,548.83	72.9765	2,548.83	77.6053	2,548.83	75.1225	2,548.83	76.7217	2,548.83	77.0016	2,548.83	76.4896	2,548.83	74.9987	2,548.83	71.3027	2,548.83	72.392	2,548.83	72.6144	2,548.83	72.6235	2,548.83	72.6142	2,548.83	74.3525	2,548.83	68.4002	2,548.83	72.3687	2,548.83	68.6489	2,548.83	67.72	2,548.83	64.8216	2,548.83	46.117	2,548.83	72.6432	2,548.83	64.3349	2,548.83	75.248	2,548.83	71.1722
2,639.65	90.4276	2,639.65	89.5258	2,639.65	89.2754	2,639.65	87.4742	2,639.65	86.3134	2,639.65	84.6591	2,639.65	82.7101	2,639.65	78.7215	2,639.65	79.4574	2,639.65	76.1478	2,639.65	77.1791	2,639.65	74.8116	2,639.65	76.0052	2,639.65	77.2141	2,639.65	78.6004	2,639.65	76.6178	2,639.65	79.48	2,639.65	72.6465	2,639.65	78.0424	2,639.65	75.8098	2,639.65	71.7817	2,639.65	75.9574	2,639.65	70.6788	2,639.65	71.9239	2,639.65	74.5559	2,639.65	73.6167	2,639.65	71.6627	2,639.65	74.0581	2,639.65	70.798	2,639.65	68.6711	2,639.65	64.2861	2,639.65	51.1872	2,639.65	72.7898	2,639.65	63.8111	2,639.65	75.1567	2,639.65	71.0156
2,731.93	90.4194	2,731.93	89.6913	2,731.93	89.8979	2,731.93	87.8753	2,731.93	87.2146	2,731.93	83.157	2,731.93	81.9825	2,731.93	78.2077	2,731.93	78.3553	2,731.93	75.4324	2,731.93	79.1033	2,731.93	74.7815	2,731.93	78.65	2,731.93	69.9764	2,731.93	78.7387	2,731.93	73.3366	2,731.93	77.9849	2,731.93	76.4489	2,731.93	73.934	2,731.93	75.1155	2,731.93	68.254	2,731.93	75.5554	2,731.93	69.6299	2,731.93	74.3473	2,731.93	73.4241	2,731.93	72.8899	2,731.93	69.2311	2,731.93	72.554	2,731.93	70.0698	2,731.93	72.1561	2,731.93	61.0776	2,731.93	62.6819	2,731.93	72.821	2,731.93	62.3272	2,731.93	75.0228	2,731.93	69.9623
2,828.61	89.8257	2,828.61	89.1668	2,828.61	89.582	2,828.61	86.9312	2,828.61	87.266	2,828.61	83.3151	2,828.61	81.4569	2,828.61	79.0583	2,828.61	76.5737	2,828.61	74.5281	2,828.61	79.6755	2,828.61	72.783	2,828.61	79.474	2,828.61	74.2941	2,828.61	78.3611	2,828.61	75.1171	2,828.61	78.9789	2,828.61	75.8537	2,828.61	74.6471	2,828.61	75.9297	2,828.61	69.8658	2,828.61	75.4083	2,828.61	68.4129	2,828.61	73.9626	2,828.61	75.4596	2,828.61	73.0926	2,828.61	71.8437	2,828.61	73.5286	2,828.61	68.9385	2,828.61	73.4358	2,828.61	61.1815	2,828.61	65.3009	2,828.61	73.8332	2,828.61	58.5365	2,828.61	74.1953	2,828.61	63.9467
2,928.22	90.4313	2,928.22	89.5871	2,928.22	89.6451	2,928.22	86.1428	2,928.22	87.4041	2,928.22	82.5156	2,928.22	81.4936	2,928.22	77.8698	2,928.22	77.0039	2,928.22	75.7064	2,928.22	80.4688	2,928.22	74.1864	2,928.22	81.9971	2,928.22	78.0252	2,928.22	81.7546	2,928.22	79.2173	2,928.22	79.1985	2,928.22	75.9776	2,928.22	67.9806	2,928.22	75.8331	2,928.22	76.8595	2,928.22	75.7295	2,928.22	76.8639	2,928.22	75.4306	2,928.22	74.0891	2,928.22	75.3636	2,928.22	73.7489	2,928.22	73.8183	2,928.22	70.2217	2,928.22	72.5433	2,928.22	64.2696	2,928.22	64.5466	2,928.22	73.6614	2,928.22	66.8643	2,928.22	74.2438	2,928.22	67.3573
3,030.76	91.1422	3,030.76	89.7446	3,030.76	90.0767	3,030.76	86.5055	3,030.76	87.4058	3,030.76	81.6954	3,030.76	80.8106	3,030.76	76.6388	3,030.76	77.2822	3,030.76	74.9438	3,030.76	80.6531	3,030.76	76.7479	3,030.76	81.3622	3,030.76	76.9605	3,030.76	80.2628	3,030.76	70.453	3,030.76	77.3503	3,030.76	76.1643	3,030.76	77.3458	3,030.76	76.7362	3,030.76	76.255	3,030.76	77.8165	3,030.76	79.6914	3,030.76	76.6995	3,030.76	73.0685	3,030.76	75.7572	3,030.76	74.5069	3,030.76	74.8384	3,030.76	72.5525	3,030.76	71.794	3,030.76	59.0411	3,030.76	66.4859	3,030.76	74.2728	3,030.76	63.2312	3,030.76	75.6961	3,030.76	69.7696
3,137.7	90.9436	3,137.7	89.1809	3,137.7	90.0435	3,137.7	85.3513	3,137.7	87.6204	3,137.7	80.915	3,137.7	81.1637	3,137.7	77.7993	3,137.7	78.1884	3,137.7	73.7336	3,137.7	82.6917	3,137.7	76.925	3,137.7	82.6466	3,137.7	75.3234	3,137.7	81.5816	3,137.7	79.0591	3,137.7	79.5299	3,137.7	81.2392	3,137.7	81.0082	3,137.7	77.9047	3,137.7	74.0415	3,137.7	76.7891	3,137.7	76.8725	3,137.7	76.2571	3,137.7	73.1183	3,137.7	75.4701	3,137.7	74.0621	3,137.7	76.0883	3,137.7	73.3885	3,137.7	73.8826	3,137.7	60.6899	3,137.7	69.6898	3,137.7	75.0247	3,137.7	62.8371	3,137.7	74.9081	3,137.7	66.0619
3,249.02	90.8655	3,249.02	88.2595	3,249.02	90.0065	3,249.02	84.5367	3,249.02	86.8083	3,249.02	80.5673	3,249.02	80.9274	3,249.02	75.0166	3,249.02	78.8834	3,249.02	75.3562	3,249.02	83.8375	3,249.02	78.9746	3,249.02	83.7726	3,249.02	81.6171	3,249.02	82.907	3,249.02	81.983	3,249.02	83.4728	3,249.02	78.1493	3,249.02	82.1691	3,249.02	78.6559	3,249.02	74.607	3,249.02	76.3692	3,249.02	74.7274	3,249.02	77.7497	3,249.02	76.3204	3,249.02	77.1299	3,249.02	73.0286	3,249.02	75.423	3,249.02	73.7592	3,249.02	74.3672	3,249.02	62.0654	3,249.02	70.8086	3,249.02	75.3534	3,249.02	51.1645	3,249.02	73.8016	3,249.02	61.9246
3,363.28	90.4225	3,363.28	88.1173	3,363.28	90.3517	3,363.28	84.9667	3,363.28	86.386	3,363.28	79.9525	3,363.28	79.3517	3,363.28	71.0298	3,363.28	80.5441	3,363.28	79.3251	3,363.28	83.886	3,363.28	81.5543	3,363.28	84.8756	3,363.28	83.4513	3,363.28	84.4813	3,363.28	77.8579	3,363.28	84.82	3,363.28	77.3634	3,363.28	80.8006	3,363.28	79.9796	3,363.28	75.8957	3,363.28	77.3557	3,363.28	75.9375	3,363.28	77.6337	3,363.28	77.7485	3,363.28	77.4243	3,363.28	73.3885	3,363.28	76.3783	3,363.28	72.9854	3,363.28	73.8806	3,363.28	62.8344	3,363.28	70.0326	3,363.28	76.0517	3,363.28	48.8417	3,363.28	73.3439	3,363.28	66.4783
3,481.93	90.1107	3,481.93	87.9631	3,481.93	89.8435	3,481.93	84.883	3,481.93	86.1893	3,481.93	78.9143	3,481.93	76.2332	3,481.93	77.087	3,481.93	81.1992	3,481.93	81.0152	3,481.93	84.9684	3,481.93	82.1228	3,481.93	85.4279	3,481.93	80.7434	3,481.93	84.782	3,481.93	77.9593	3,481.93	84.5352	3,481.93	81.7476	3,481.93	75.9065	3,481.93	78.5631	3,481.93	72.7222	3,481.93	76.5416	3,481.93	77.6105	3,481.93	73.2126	3,481.93	77.5924	3,481.93	76.5964	3,481.93	73.0909	3,481.93	76.6825	3,481.93	72.4731	3,481.93	73.1997	3,481.93	61.6855	3,481.93	70.7293	3,481.93	75.0057	3,481.93	51.4315	3,481.93	72.3768	3,481.93	65.7534
3,604.98	90.269	3,604.98	87.6263	3,604.98	90.0147	3,604.98	84.9367	3,604.98	85.7213	3,604.98	75.9474	3,604.98	74.3424	3,604.98	80.1803	3,604.98	80.9235	3,604.98	80.8231	3,604.98	86.1288	3,604.98	82.4614	3,604.98	86.3018	3,604.98	79.2392	3,604.98	85.772	3,604.98	81.9059	3,604.98	84.1399	3,604.98	77.3613	3,604.98	69.5387	3,604.98	77.3233	3,604.98	72.0877	3,604.98	77.0619	3,604.98	78.2136	3,604.98	76.4103	3,604.98	76.614	3,604.98	75.1544	3,604.98	73.2519	3,604.98	75.848	3,604.98	72.4712	3,604.98	71.7791	3,604.98	62.0589	3,604.98	71.0564	3,604.98	73.7379	3,604.98	58.5614	3,604.98	71.2003	3,604.98	67.0461
3,732.42	89.6533	3,732.42	88.1045	3,732.42	90.024	3,732.42	84.4066	3,732.42	85.3852	3,732.42	78.6793	3,732.42	72.5774	3,732.42	79.8867	3,732.42	81.1705	3,732.42	82.3141	3,732.42	86.0325	3,732.42	80.4647	3,732.42	86.6769	3,732.42	81.6139	3,732.42	84.7545	3,732.42	76.3524	3,732.42	80.6816	3,732.42	77.8775	3,732.42	78.2517	3,732.42	78.9886	3,732.42	74.9686	3,732.42	73.2512	3,732.42	76.4869	3,732.42	76.2004	3,732.42	75.8378	3,732.42	75.9895	3,732.42	72.9558	3,732.42	75.1694	3,732.42	68.8322	3,732.42	72.6283	3,732.42	64.5038	3,732.42	69.0154	3,732.42	72.5983	3,732.42	64.3637	3,732.42	68.6364	3,732.42	62.0126
3,864.26	89.4035	3,864.26	88.1115	3,864.26	90.4222	3,864.26	83.1264	3,864.26	86.428	3,864.26	79.3405	3,864.26	71.2346	3,864.26	81.8863	3,864.26	81.726	3,864.26	81.1849	3,864.26	86.1738	3,864.26	79.5936	3,864.26	86.5161	3,864.26	79.4675	3,864.26	85.1104	3,864.26	76.7498	3,864.26	80.8384	3,864.26	77.5008	3,864.26	81.4706	3,864.26	76.4748	3,864.26	78.6141	3,864.26	76.3181	3,864.26	73.7145	3,864.26	74.6937	3,864.26	75.8984	3,864.26	76.5017	3,864.26	72.3545	3,864.26	75.1927	3,864.26	70.2327	3,864.26	72.7178	3,864.26	65.4391	3,864.26	70.4697	3,864.26	73.2659	3,864.26	67.2538	3,864.26	64.8774	3,864.26	61.7698
4,000.49	89.3621	4,000.49	87.9832	4,000.49	89.584	4,000.49	82.8348	4,000.49	86.9079	4,000.49	81.0679	4,000.49	74.7711	4,000.49	82.0964	4,000.49	82.1072	4,000.49	81.4634	4,000.49	86.5792	4,000.49	81.198	4,000.49	86.5433	4,000.49	79.084	4,000.49	84.1271	4,000.49	80.8109	4,000.49	79.7132	4,000.49	77.2137	4,000.49	78.7735	4,000.49	77.0142	4,000.49	78.9673	4,000.49	75.2491	4,000.49	63.3265	4,000.49	73.1858	4,000.49	77.1268	4,000.49	75.9429	4,000.49	71.3118	4,000.49	76.4602	4,000.49	71.9307	4,000.49	73.7691	4,000.49	63.5279	4,000.49	66.9332	4,000.49	72.6249	4,000.49	67.1985	4,000.49	66.0118	4,000.49	56.2328
4,141.11	90.1134	4,141.11	88.0994	4,141.11	90.0171	4,141.11	82.8149	4,141.11	87.2077	4,141.11	80.2151	4,141.11	75.9404	4,141.11	81.5778	4,141.11	81.4785	4,141.11	81.2303	4,141.11	86.8303	4,141.11	79.3147	4,141.11	86.7763	4,141.11	78.5157	4,141.11	82.487	4,141.11	79.0639	4,141.11	79.8365	4,141.11	74.7485	4,141.11	82.6503	4,141.11	76.2864	4,141.11	76.9849	4,141.11	74.8886	4,141.11	75.1137	4,141.11	74.1996	4,141.11	73.7556	4,141.11	74.8667	4,141.11	70.1029	4,141.11	76.6836	4,141.11	70.8697	4,141.11	75.1449	4,141.11	62.9506	4,141.11	66.672	4,141.11	73.7427	4,141.11	61.4423	4,141.11	67.0113	4,141.11	59.8056
4,287.6	89.3662	4,287.6	87.5362	4,287.6	89.0561	4,287.6	81.9132	4,287.6	86.8157	4,287.6	80.4137	4,287.6	75.1224	4,287.6	80.8399	4,287.6	83.2555	4,287.6	81.6733	4,287.6	86.439	4,287.6	81.2769	4,287.6	86.3081	4,287.6	80.3203	4,287.6	79.2482	4,287.6	78.5143	4,287.6	82.3203	4,287.6	80.7889	4,287.6	82.6684	4,287.6	75.1223	4,287.6	56.349	4,287.6	77.0584	4,287.6	75.7001	4,287.6	71.8857	4,287.6	72.4086	4,287.6	75.8138	4,287.6	74.138	4,287.6	75.275	4,287.6	68.9138	4,287.6	76.7432	4,287.6	67.5814	4,287.6	71.7999	4,287.6	74.0154	4,287.6	66.0792	4,287.6	67.021	4,287.6	59.8353
4,438.48	89.7495	4,438.48	86.9244	4,438.48	88.6579	4,438.48	81.5338	4,438.48	85.5886	4,438.48	80.3195	4,438.48	74.3631	4,438.48	81.616	4,438.48	82.5681	4,438.48	81.3055	4,438.48	85.8088	4,438.48	81.3282	4,438.48	83.6941	4,438.48	78.1782	4,438.48	80.3159	4,438.48	80.4177	4,438.48	83.9093	4,438.48	74.9313	4,438.48	78.9488	4,438.48	76.2708	4,438.48	72.8389	4,438.48	74.9841	4,438.48	66.9631	4,438.48	75.0149	4,438.48	72.7284	4,438.48	74.6452	4,438.48	73.7309	4,438.48	75.6534	4,438.48	67.4077	4,438.48	75.1147	4,438.48	68.2263	4,438.48	73.1977	4,438.48	73.3769	4,438.48	65.1819	4,438.48	68.5946	4,438.48	53.4865
4,595.21	90.3066	4,595.21	86.6901	4,595.21	88.9112	4,595.21	83.4161	4,595.21	85.719	4,595.21	80.9098	4,595.21	73.9978	4,595.21	81.6027	4,595.21	79.9645	4,595.21	82.9718	4,595.21	83.7907	4,595.21	82.4444	4,595.21	81.6603	4,595.21	82.5208	4,595.21	82.6426	4,595.21	78.0759	4,595.21	83.2756	4,595.21	79.7244	4,595.21	74.9925	4,595.21	75.4566	4,595.21	75.2767	4,595.21	75.3761	4,595.21	73.5465	4,595.21	72.2535	4,595.21	72.0846	4,595.21	74.5633	4,595.21	71.8022	4,595.21	74.4733	4,595.21	67.3782	4,595.21	75.5552	4,595.21	71.2491	4,595.21	72.7791	4,595.21	72.9425	4,595.21	66.9835	4,595.21	65.2558	4,595.21	46.5981
4,756.35	89.2239	4,756.35	86.2368	4,756.35	88.6325	4,756.35	81.1183	4,756.35	86.3936	4,756.35	81.3074	4,756.35	79.088	4,756.35	82.8058	4,756.35	79.7414	4,756.35	83.6496	4,756.35	83.1835	4,756.35	82.9098	4,756.35	83.2835	4,756.35	80.4528	4,756.35	84.6575	4,756.35	79.4717	4,756.35	79.4644	4,756.35	76.3833	4,756.35	78.1301	4,756.35	74.5423	4,756.35	70.0328	4,756.35	73.7394	4,756.35	74.7103	4,756.35	72.697	4,756.35	68.8336	4,756.35	73.107	4,756.35	70.0838	4,756.35	75.0657	4,756.35	66.7379	4,756.35	74.1528	4,756.35	68.6958	4,756.35	72.5696	4,756.35	71.9814	4,756.35	66.0081	4,756.35	66.117	4,756.35	50.2492
4,924.8	89.6565	4,924.8	85.7735	4,924.8	88.7597	4,924.8	82.8621	4,924.8	85.0996	4,924.8	82.7253	4,924.8	79.9769	4,924.8	83.9046	4,924.8	79.5103	4,924.8	84.0406	4,924.8	83.4453	4,924.8	82.7477	4,924.8	84.3611	4,924.8	80.6367	4,924.8	84.8703	4,924.8	78.251	4,924.8	76.1442	4,924.8	76.494	4,924.8	78.0335	4,924.8	74.8211	4,924.8	69.5885	4,924.8	73.0647	4,924.8	73.8295	4,924.8	72.5811	4,924.8	73.4534	4,924.8	72.2967	4,924.8	67.6381	4,924.8	74.3846	4,924.8	62.7015	4,924.8	73.9881	4,924.8	67.8807	4,924.8	72.4309	4,924.8	72.0428	4,924.8	66.1071	4,924.8	64.4668	4,924.8	50.927
5,097.66	88.892	5,097.66	86.4773	5,097.66	88.2881	5,097.66	83.0653	5,097.66	84.0263	5,097.66	82.6532	5,097.66	81.744	5,097.66	84.3724	5,097.66	80.4608	5,097.66	84.4684	5,097.66	84.8173	5,097.66	82.6276	5,097.66	85.2613	5,097.66	79.6658	5,097.66	82.7257	5,097.66	77.4142	5,097.66	77.8161	5,097.66	75.0245	5,097.66	75.7242	5,097.66	74.233	5,097.66	71.5295	5,097.66	72.5619	5,097.66	74.9625	5,097.66	71.0765	5,097.66	74.0797	5,097.66	72.0405	5,097.66	68.4596	5,097.66	73.4666	5,097.66	58.0313	5,097.66	73.8596	5,097.66	66.6235	5,097.66	73.1723	5,097.66	70.1482	5,097.66	70.0956	5,097.66	54.2831	5,097.66	60.0486
5,277.83	89.1732	5,277.83	86.8033	5,277.83	88.895	5,277.83	81.7588	5,277.83	83.0182	5,277.83	82.8565	5,277.83	82.3584	5,277.83	85.6338	5,277.83	80.6097	5,277.83	84.7332	5,277.83	85.0568	5,277.83	82.1875	5,277.83	84.9319	5,277.83	79.7219	5,277.83	78.67	5,277.83	77.1285	5,277.83	77.5617	5,277.83	74.051	5,277.83	72.559	5,277.83	72.8948	5,277.83	73.22	5,277.83	72.2406	5,277.83	75.0695	5,277.83	71.2403	5,277.83	70.0245	5,277.83	68.7148	5,277.83	67.9	5,277.83	72.2183	5,277.83	60.1621	5,277.83	72.5454	5,277.83	67.2043	5,277.83	71.2331	5,277.83	70.3819	5,277.83	68.1588	5,277.83	57.592	5,277.83	55.7628
5,463.87	88.921	5,463.87	86.9192	5,463.87	88.3581	5,463.87	81.8205	5,463.87	84.1445	5,463.87	83.9674	5,463.87	81.3709	5,463.87	85.6222	5,463.87	81.6699	5,463.87	84.7203	5,463.87	82.5687	5,463.87	82.5265	5,463.87	82.7805	5,463.87	78.7663	5,463.87	75.7697	5,463.87	76.4026	5,463.87	75.5263	5,463.87	74.3517	5,463.87	73.7657	5,463.87	72.1777	5,463.87	69.513	5,463.87	70.1038	5,463.87	73.6613	5,463.87	70.3416	5,463.87	67.3004	5,463.87	66.9962	5,463.87	67.3706	5,463.87	69.9862	5,463.87	50.8142	5,463.87	71.1526	5,463.87	66.4677	5,463.87	70.8146	5,463.87	70.9703	5,463.87	67.6643	5,463.87	52.2943	5,463.87	44.4611
5,657.23	89.6249	5,657.23	87.6549	5,657.23	88.5978	5,657.23	81.7621	5,657.23	83.3049	5,657.23	84.8004	5,657.23	82.0125	5,657.23	85.7722	5,657.23	81.6713	5,657.23	84.5406	5,657.23	81.1066	5,657.23	82.1752	5,657.23	81.0642	5,657.23	79.2509	5,657.23	76.8509	5,657.23	75.5456	5,657.23	76.3982	5,657.23	72.9436	5,657.23	73.5712	5,657.23	72.779	5,657.23	69.4965	5,657.23	71.0221	5,657.23	72.3864	5,657.23	71.186	5,657.23	68.311	5,657.23	68.6122	5,657.23	69.6462	5,657.23	68.1386	5,657.23	62.285	5,657.23	70.4485	5,657.23	66.9868	5,657.23	67.3899	5,657.23	68.1918	5,657.23	67.2313	5,657.23	56.358	5,657.23	56.7286
5,856.45	90.0217	5,856.45	86.9187	5,856.45	88.5193	5,856.45	82.2763	5,856.45	83.2138	5,856.45	85.764	5,856.45	83.2306	5,856.45	85.931	5,856.45	82.0606	5,856.45	84.6365	5,856.45	80.5993	5,856.45	81.5304	5,856.45	80.8729	5,856.45	77.2481	5,856.45	77.8952	5,856.45	75.5243	5,856.45	74.8144	5,856.45	73.2554	5,856.45	73.6651	5,856.45	72.4073	5,856.45	68.9887	5,856.45	70.3683	5,856.45	69.9821	5,856.45	70.9178	5,856.45	66.7141	5,856.45	70.0463	5,856.45	65.7916	5,856.45	67.2248	5,856.45	57.7942	5,856.45	71.0613	5,856.45	69.62	5,856.45	70.0676	5,856.45	68.7376	5,856.45	66.2713	5,856.45	57.6768	5,856.45	62.3208
6,062.99	90.913	6,062.99	86.7638	6,062.99	89.1921	6,062.99	83.5448	6,062.99	83.2483	6,062.99	85.9371	6,062.99	84.07	6,062.99	86.261	6,062.99	84.0286	6,062.99	83.9289	6,062.99	78.9303	6,062.99	80.3099	6,062.99	81.0883	6,062.99	77.496	6,062.99	79.7102	6,062.99	75.9339	6,062.99	76.9923	6,062.99	71.9823	6,062.99	73.8398	6,062.99	72.3532	6,062.99	69.9724	6,062.99	70.2868	6,062.99	69.9592	6,062.99	70.3187	6,062.99	67.0304	6,062.99	69.2421	6,062.99	66.169	6,062.99	68.275	6,062.99	61.0807	6,062.99	68.2127	6,062.99	67.233	6,062.99	71.4397	6,062.99	69.4576	6,062.99	67.4088	6,062.99	61.1037	6,062.99	63.1485
6,276.86	90.7713	6,276.86	85.5966	6,276.86	89.4426	6,276.86	83.3909	6,276.86	83.0099	6,276.86	86.1281	6,276.86	84.1692	6,276.86	86.5697	6,276.86	84.5709	6,276.86	82.9018	6,276.86	78.2608	6,276.86	80.7665	6,276.86	79.6211	6,276.86	76.3227	6,276.86	81.2079	6,276.86	75.1469	6,276.86	78.091	6,276.86	72.3842	6,276.86	75.0569	6,276.86	69.3028	6,276.86	68.4583	6,276.86	70.1995	6,276.86	70.8486	6,276.86	69.2482	6,276.86	64.6815	6,276.86	68.4885	6,276.86	61.0637	6,276.86	68.222	6,276.86	58.6039	6,276.86	66.0038	6,276.86	64.9691	6,276.86	68.5004	6,276.86	68.4004	6,276.86	64.2285	6,276.86	64.0138	6,276.86	64.0211
6,498.05	90.407	6,498.05	83.7993	6,498.05	90.2913	6,498.05	84.6109	6,498.05	83.2323	6,498.05	86.9967	6,498.05	83.9301	6,498.05	86.1163	6,498.05	84.8897	6,498.05	83.3681	6,498.05	79.2743	6,498.05	79.2481	6,498.05	77.82	6,498.05	75.958	6,498.05	81.0573	6,498.05	70.1724	6,498.05	77.6168	6,498.05	70.7779	6,498.05	73.6893	6,498.05	68.1039	6,498.05	73.18	6,498.05	68.3648	6,498.05	70.5889	6,498.05	67.7588	6,498.05	64.0516	6,498.05	68.0668	6,498.05	57.442	6,498.05	67.7097	6,498.05	58.2109	6,498.05	67.5736	6,498.05	64.403	6,498.05	67.6176	6,498.05	65.9553	6,498.05	65.825	6,498.05	61.0597	6,498.05	62.339
6,726.56	89.4503	6,726.56	83.4947	6,726.56	90.4755	6,726.56	86.6224	6,726.56	85.3358	6,726.56	87.8559	6,726.56	83.2761	6,726.56	86.0182	6,726.56	84.6483	6,726.56	82.0482	6,726.56	81.6371	6,726.56	75.4562	6,726.56	79.2631	6,726.56	71.6051	6,726.56	80.3818	6,726.56	72.4799	6,726.56	68.7895	6,726.56	69.5196	6,726.56	72.2625	6,726.56	68.872	6,726.56	71.3919	6,726.56	68.5825	6,726.56	69.6688	6,726.56	67.552	6,726.56	63.8132	6,726.56	69.5688	6,726.56	61.8628	6,726.56	68.4262	6,726.56	62.5513	6,726.56	67.8761	6,726.56	65.3212	6,726.56	66.9509	6,726.56	66.5407	6,726.56	65.4046	6,726.56	62.2428	6,726.56	62.7209
6,963.87	88.2528	6,963.87	85.8816	6,963.87	89.0031	6,963.87	88.1461	6,963.87	85.6917	6,963.87	87.7582	6,963.87	85.4081	6,963.87	84.2954	6,963.87	84.3584	6,963.87	79.6751	6,963.87	80.7322	6,963.87	75.9562	6,963.87	81.7113	6,963.87	75.5452	6,963.87	78.8068	6,963.87	74.9521	6,963.87	73.482	6,963.87	73.5599	6,963.87	74.0373	6,963.87	70.6249	6,963.87	69.7243	6,963.87	70.2707	6,963.87	68.5881	6,963.87	68.6169	6,963.87	64.5632	6,963.87	68.8519	6,963.87	55.7253	6,963.87	69.7022	6,963.87	53.978	6,963.87	70.6968	6,963.87	64.9811	6,963.87	69.5761	6,963.87	65.4388	6,963.87	65.9976	6,963.87	59.819	6,963.87	62.6438
7,209.96	89.591	7,209.96	87.9305	7,209.96	88.5144	7,209.96	87.3695	7,209.96	84.0761	7,209.96	86.2268	7,209.96	85.8167	7,209.96	84.1001	7,209.96	85.1924	7,209.96	79.4545	7,209.96	78.8567	7,209.96	79.4479	7,209.96	80.8574	7,209.96	78.5837	7,209.96	75.5256	7,209.96	75.7118	7,209.96	77.3475	7,209.96	73.1002	7,209.96	71.4772	7,209.96	70.056	7,209.96	66.6193	7,209.96	69.5821	7,209.96	70.2451	7,209.96	67.9271	7,209.96	62.3671	7,209.96	68.1621	7,209.96	58.1794	7,209.96	68.9234	7,209.96	56.6814	7,209.96	70.8891	7,209.96	66.3365	7,209.96	69.9967	7,209.96	64.3044	7,209.96	66.6804	7,209.96	58.0107	7,209.96	64.444
7,464.84	90.3186	7,464.84	87.0903	7,464.84	88.994	7,464.84	86.1722	7,464.84	84.4277	7,464.84	85.8882	7,464.84	85.1329	7,464.84	83.7866	7,464.84	84.5742	7,464.84	81.0835	7,464.84	78.0568	7,464.84	79.8842	7,464.84	77.0708	7,464.84	77.065	7,464.84	78.3462	7,464.84	74.611	7,464.84	79.2924	7,464.84	70.5721	7,464.84	71.3107	7,464.84	67.7869	7,464.84	73.3763	7,464.84	66.9856	7,464.84	69.6958	7,464.84	64.8879	7,464.84	61.1179	7,464.84	65.6183	7,464.84	54.3223	7,464.84	65.5446	7,464.84	59.3699	7,464.84	68.6986	7,464.84	62.7189	7,464.84	70.4718	7,464.84	62.5631	7,464.84	66.1661	7,464.84	49.7903	7,464.84	63.2779
7,727.05	90.6056	7,727.05	86.6237	7,727.05	88.9693	7,727.05	86.1149	7,727.05	84.602	7,727.05	86.57	7,727.05	85.7156	7,727.05	83.7365	7,727.05	84.3029	7,727.05	80.6785	7,727.05	77.0398	7,727.05	77.9347	7,727.05	72.6697	7,727.05	74.1902	7,727.05	81.8053	7,727.05	71.4114	7,727.05	77.3634	7,727.05	71.083	7,727.05	74.1427	7,727.05	67.9097	7,727.05	71.6185	7,727.05	67.451	7,727.05	68.2556	7,727.05	64.815	7,727.05	61.253	7,727.05	64.7512	7,727.05	56.8706	7,727.05	63.423	7,727.05	60.9113	7,727.05	67.9729	7,727.05	58.5426	7,727.05	69.3284	7,727.05	61.8733	7,727.05	66.1982	7,727.05	55.4257	7,727.05	63.6693
7,999.51	90.9281	7,999.51	85.9014	7,999.51	89.3552	7,999.51	87.2492	7,999.51	84.4941	7,999.51	86.6779	7,999.51	85.9441	7,999.51	82.8115	7,999.51	84.4365	7,999.51	80.0732	7,999.51	80.1933	7,999.51	77.1386	7,999.51	74.997	7,999.51	76.0067	7,999.51	81.0981	7,999.51	72.5977	7,999.51	72.3267	7,999.51	71.1176	7,999.51	72.3615	7,999.51	69.2848	7,999.51	68.0336	7,999.51	67.923	7,999.51	69.1878	7,999.51	65.6401	7,999.51	63.2759	7,999.51	65.8139	7,999.51	56.2628	7,999.51	63.1363	7,999.51	62.8688	7,999.51	67.7652	7,999.51	52.9831	7,999.51	69.6807	7,999.51	62.1103	7,999.51	67.7165	7,999.51	57.5127	7,999.51	63.0906
8,282.23	91.6487	8,282.23	84.9216	8,282.23	89.5295	8,282.23	87.5676	8,282.23	83.9548	8,282.23	86.1415	8,282.23	86.1866	8,282.23	82.1466	8,282.23	84.5806	8,282.23	80.5119	8,282.23	80.3419	8,282.23	78.354	8,282.23	77.5561	8,282.23	76.0842	8,282.23	77.0831	8,282.23	73.5997	8,282.23	75.8067	8,282.23	69.3398	8,282.23	68.816	8,282.23	67.2687	8,282.23	67.1575	8,282.23	67.0051	8,282.23	67.6093	8,282.23	64.9961	8,282.23	60.8925	8,282.23	64.7251	8,282.23	51.8518	8,282.23	62.5125	8,282.23	62.6036	8,282.23	65.6853	8,282.23	59.3639	8,282.23	69.0515	8,282.23	59.7689	8,282.23	66.7273	8,282.23	58.0846	8,282.23	58.1649
8,573.73	91.8229	8,573.73	82.6968	8,573.73	90.3328	8,573.73	88.4392	8,573.73	84.1533	8,573.73	85.2209	8,573.73	86.715	8,573.73	81.8249	8,573.73	84.605	8,573.73	80.4195	8,573.73	80.1489	8,573.73	78.3552	8,573.73	76.2746	8,573.73	73.8647	8,573.73	72.7261	8,573.73	71.0777	8,573.73	76.0875	8,573.73	67.5785	8,573.73	69.0561	8,573.73	63.9563	8,573.73	65.2031	8,573.73	65.3552	8,573.73	66.7497	8,573.73	63.5995	8,573.73	58.5011	8,573.73	62.7078	8,573.73	54.4847	8,573.73	58.4965	8,573.73	58.3052	8,573.73	64.0632	8,573.73	62.2155	8,573.73	67.2723	8,573.73	61.5495	8,573.73	66.5336	8,573.73	60.3648	8,573.73	61.3139
8,876.95	91.5198	8,876.95	82.1417	8,876.95	91.0271	8,876.95	89.0606	8,876.95	83.1967	8,876.95	84.8167	8,876.95	86.9419	8,876.95	81.6991	8,876.95	84.2935	8,876.95	80.5907	8,876.95	80.4153	8,876.95	76.9815	8,876.95	71.071	8,876.95	69.8817	8,876.95	76.6948	8,876.95	66.9238	8,876.95	75.3671	8,876.95	68.2347	8,876.95	70.9144	8,876.95	65.8589	8,876.95	59.8723	8,876.95	64.7724	8,876.95	65.3106	8,876.95	64.9032	8,876.95	58.8816	8,876.95	63.3287	8,876.95	61.2684	8,876.95	59.8424	8,876.95	60.4262	8,876.95	63.4997	8,876.95	60.5671	8,876.95	66.5024	8,876.95	58.4006	8,876.95	66.3533	8,876.95	59.671	8,876.95	60.5809
9,188.96	89.8513	9,188.96	84.9659	9,188.96	91.3952	9,188.96	89.0706	9,188.96	84.1882	9,188.96	85.3705	9,188.96	85.9809	9,188.96	82.417	9,188.96	83.8173	9,188.96	79.6585	9,188.96	82.0719	9,188.96	73.4384	9,188.96	72.5703	9,188.96	71.0724	9,188.96	77.682	9,188.96	70.3183	9,188.96	75.1469	9,188.96	70.9998	9,188.96	72.1419	9,188.96	68.7163	9,188.96	54.1576	9,188.96	67.3333	9,188.96	64.3378	9,188.96	66.0248	9,188.96	61.2917	9,188.96	66.2377	9,188.96	63.918	9,188.96	64.1163	9,188.96	61.1645	9,188.96	64.2702	9,188.96	60.4739	9,188.96	68.2031	9,188.96	50.6884	9,188.96	64.5698	9,188.96	65.3177	9,188.96	63.0264
9,514.16	88.2081	9,514.16	87.2078	9,514.16	90.8263	9,514.16	89.1181	9,514.16	85.0838	9,514.16	85.164	9,514.16	86.6473	9,514.16	82.4854	9,514.16	83.8085	9,514.16	78.8691	9,514.16	83.1796	9,514.16	75.1094	9,514.16	74.2269	9,514.16	75.7459	9,514.16	76.3406	9,514.16	72.8154	9,514.16	74.843	9,514.16	72.1104	9,514.16	71.07	9,514.16	69.704	9,514.16	59.6853	9,514.16	68.2121	9,514.16	67.3463	9,514.16	65.8772	9,514.16	63.835	9,514.16	65.9612	9,514.16	60.9767	9,514.16	63.3921	9,514.16	61.9127	9,514.16	66.4157	9,514.16	56.6507	9,514.16	68.4012	9,514.16	55.6643	9,514.16	64.2425	9,514.16	64.3727	9,514.16	62.2886
9,849.61	87.2827	9,849.61	88.489	9,849.61	90.128	9,849.61	89.0276	9,849.61	84.8024	9,849.61	83.8157	9,849.61	86.5991	9,849.61	83.0803	9,849.61	83.877	9,849.61	78.0618	9,849.61	83.4059	9,849.61	78.3418	9,849.61	73.2057	9,849.61	76.6389	9,849.61	72.9446	9,849.61	72.8681	9,849.61	72.9335	9,849.61	71.2964	9,849.61	68.5392	9,849.61	69.4026	9,849.61	54.2907	9,849.61	67.2524	9,849.61	65.587	9,849.61	65.2621	9,849.61	61.2327	9,849.61	65.0808	9,849.61	63.2691	9,849.61	62.8161	9,849.61	64.9579	9,849.61	63.217	9,849.61	59.4768	9,849.61	68.2235	9,849.61	57.7321	9,849.61	62.281	9,849.61	65.5697	9,849.61	61.4415
10,196.8	87.3774	10,196.8	89.0122	10,196.8	89.8054	10,196.8	88.0003	10,196.8	84.4695	10,196.8	83.6705	10,196.8	86.0967	10,196.8	83.3715	10,196.8	83.0496	10,196.8	78.8167	10,196.8	83.2536	10,196.8	78.9278	10,196.8	75.0836	10,196.8	75.7058	10,196.8	70.5739	10,196.8	70.9705	10,196.8	74.2891	10,196.8	68.2087	10,196.8	65.0785	10,196.8	68.158	10,196.8	65.0238	10,196.8	65.6855	10,196.8	64.5749	10,196.8	64.1766	10,196.8	57.8662	10,196.8	65.5446	10,196.8	65.0234	10,196.8	61.9733	10,196.8	66.541	10,196.8	61.2815	10,196.8	64.7402	10,196.8	65.6249	10,196.8	61.6535	10,196.8	59.1164	10,196.8	65.6134	10,196.8	58.6829
10,555.7	87.8183	10,555.7	89.0727	10,555.7	90.0129	10,555.7	87.0214	10,555.7	84.5062	10,555.7	85.086	10,555.7	85.8219	10,555.7	82.719	10,555.7	81.4425	10,555.7	79.2842	10,555.7	83.3518	10,555.7	78.0995	10,555.7	74.9605	10,555.7	74.1989	10,555.7	72.2779	10,555.7	71.1164	10,555.7	77.0561	10,555.7	67.8114	10,555.7	68.429	10,555.7	68.0013	10,555.7	70.4358	10,555.7	66.2588	10,555.7	39.8455	10,555.7	63.6411	10,555.7	56.7687	10,555.7	66.5945	10,555.7	64.6994	10,555.7	63.9007	10,555.7	66.3269	10,555.7	63.9845	10,555.7	62.7689	10,555.7	63.7368	10,555.7	63.0106	10,555.7	61.1167	10,555.7	63.0499	10,555.7	56.2076
10,927.7	86.6022	10,927.7	89.6689	10,927.7	90.2306	10,927.7	86.8012	10,927.7	84.2861	10,927.7	85.3469	10,927.7	86.4835	10,927.7	82.3497	10,927.7	81.3905	10,927.7	78.6346	10,927.7	83.0796	10,927.7	78.3569	10,927.7	76.9327	10,927.7	75.2927	10,927.7	72.2033	10,927.7	72.0273	10,927.7	75.5574	10,927.7	69.1625	10,927.7	62.9123	10,927.7	68.1589	10,927.7	70.5085	10,927.7	66.8292	10,927.7	52.2211	10,927.7	63.3217	10,927.7	58.9386	10,927.7	64.9197	10,927.7	65.6981	10,927.7	64.6127	10,927.7	66.1274	10,927.7	64.2337	10,927.7	63.5413	10,927.7	64.9986	10,927.7	63.7202	10,927.7	58.9292	10,927.7	64.6713	10,927.7	57.1649
11,313	85.6849	11,313	90.1505	11,313	89.7046	11,313	86.0471	11,313	84.9899	11,313	84.0663	11,313	85.8986	11,313	82.6129	11,313	82.3044	11,313	79.585	11,313	81.9948	11,313	77.0401	11,313	76.9366	11,313	75.5084	11,313	69.99	11,313	70.4105	11,313	74.9724	11,313	65.785	11,313	61.8144	11,313	66.4991	11,313	70.8567	11,313	65.4241	11,313	55.3684	11,313	62.3894	11,313	62.7278	11,313	63.6202	11,313	65.7403	11,313	63.6936	11,313	68.0518	11,313	60.0063	11,313	64.7551	11,313	61.9763	11,313	63.3975	11,313	52.363	11,313	63.2276	11,313	60.7289
11,712.9	87.2659	11,712.9	89.8394	11,712.9	89.0577	11,712.9	85.7203	11,712.9	85.7303	11,712.9	83.94	11,712.9	84.5411	11,712.9	82.952	11,712.9	81.73	11,712.9	80.2754	11,712.9	80.9372	11,712.9	76.3613	11,712.9	75.5867	11,712.9	73.6716	11,712.9	63.0692	11,712.9	68.7676	11,712.9	76.6834	11,712.9	65.3047	11,712.9	67.2728	11,712.9	65.8154	11,712.9	70.0396	11,712.9	64.3946	11,712.9	61.0686	11,712.9	63.3333	11,712.9	63.0769	11,712.9	62.8987	11,712.9	61.7052	11,712.9	64.9798	11,712.9	66.5833	11,712.9	62.2018	11,712.9	59.3795	11,712.9	62.2632	11,712.9	57.9646	11,712.9	56.6012	11,712.9	63.1288	11,712.9	61.0681
12,126	87.7698	12,126	89.6702	12,126	88.8389	12,126	85.8121	12,126	85.7846	12,126	84.3027	12,126	83.6477	12,126	82.765	12,126	81.3352	12,126	79.8327	12,126	79.5431	12,126	75.9415	12,126	75.6338	12,126	73.3599	12,126	59.4315	12,126	70.9507	12,126	75.0159	12,126	66.3111	12,126	67.1953	12,126	65.8719	12,126	70.9255	12,126	64.2222	12,126	64.2349	12,126	62.4089	12,126	63.799	12,126	61.882	12,126	61.7173	12,126	64.5822	12,126	60.9027	12,126	62.5178	12,126	54.7369	12,126	62.3534	12,126	57.0815	12,126	57.0726	12,126	62.9079	12,126	60.8926
12,553.7	87.6775	12,553.7	89.4536	12,553.7	88.7261	12,553.7	85.3662	12,553.7	85.5067	12,553.7	83.825	12,553.7	83.9364	12,553.7	81.9263	12,553.7	80.9237	12,553.7	79.0229	12,553.7	78.3694	12,553.7	75.3216	12,553.7	75.6468	12,553.7	73.9205	12,553.7	64.6143	12,553.7	69.9719	12,553.7	72.4038	12,553.7	65.2427	12,553.7	68.396	12,553.7	64.1498	12,553.7	70.3256	12,553.7	62.6108	12,553.7	65.6074	12,553.7	60.6702	12,553.7	65.4776	12,553.7	59.3437	12,553.7	57.8384	12,553.7	63.2739	12,553.7	61.947	12,553.7	61.792	12,553.7	55.9542	12,553.7	61.5048	12,553.7	54.1616	12,553.7	57.4258	12,553.7	61.4402	12,553.7	59.4914
12,996.1	87.2757	12,996.1	88.8041	12,996.1	88.0387	12,996.1	84.7955	12,996.1	84.6766	12,996.1	82.6215	12,996.1	82.9815	12,996.1	82.2366	12,996.1	79.7538	12,996.1	78.2888	12,996.1	77.1449	12,996.1	73.9644	12,996.1	74.0405	12,996.1	71.3704	12,996.1	66.5045	12,996.1	68.3781	12,996.1	68.4811	12,996.1	63.4722	12,996.1	68.9681	12,996.1	63.6387	12,996.1	68.6015	12,996.1	62.7385	12,996.1	63.4538	12,996.1	62.1884	12,996.1	65.5321	12,996.1	57.8934	12,996.1	62.6026	12,996.1	62.8055	12,996.1	63.2462	12,996.1	63.0736	12,996.1	48.0793	12,996.1	59.7926	12,996.1	50.8342	12,996.1	56.5646	12,996.1	61.2085	12,996.1	56.9265
13,454.6	86.9072	13,454.6	87.7541	13,454.6	86.89	13,454.6	83.8771	13,454.6	83.7969	13,454.6	81.7875	13,454.6	83.08	13,454.6	81.9828	13,454.6	78.667	13,454.6	76.8638	13,454.6	76.7996	13,454.6	71.9894	13,454.6	73.4872	13,454.6	71.6538	13,454.6	68.7338	13,454.6	68.9147	13,454.6	63.8276	13,454.6	63.6636	13,454.6	68.8641	13,454.6	63.0367	13,454.6	68.6823	13,454.6	61.3768	13,454.6	60.1851	13,454.6	61.8025	13,454.6	68.6967	13,454.6	56.5644	13,454.6	61.4621	13,454.6	61.7834	13,454.6	61.6563	13,454.6	63.331	13,454.6	46.5048	13,454.6	61.485	13,454.6	55.2193	13,454.6	58.5868	13,454.6	58.6361	13,454.6	54.9834
13,929.2	85.8251	13,929.2	86.2806	13,929.2	85.9043	13,929.2	82.3121	13,929.2	82.5302	13,929.2	81.041	13,929.2	81.1148	13,929.2	79.9331	13,929.2	78.3275	13,929.2	76.5278	13,929.2	77.2842	13,929.2	71.7874	13,929.2	74.2797	13,929.2	70.2389	13,929.2	71.2943	13,929.2	68.0334	13,929.2	62.9872	13,929.2	61.8858	13,929.2	68.8238	13,929.2	60.6982	13,929.2	69.7927	13,929.2	55.6911	13,929.2	62.8539	13,929.2	58.7443	13,929.2	69.0941	13,929.2	56.2539	13,929.2	59.6431	13,929.2	59.3169	13,929.2	59.9726	13,929.2	62.7743	13,929.2	41.3985	13,929.2	58.4005	13,929.2	54.7939	13,929.2	58.6245	13,929.2	58.2422	13,929.2	51.8158
14,419.9	84.6431	14,419.9	83.8031	14,419.9	84.2909	14,419.9	81.4735	14,419.9	81.3323	14,419.9	78.8823	14,419.9	81.4994	14,419.9	79.0859	14,419.9	77.4478	14,419.9	77.1901	14,419.9	77.9952	14,419.9	73.0618	14,419.9	74.0875	14,419.9	70.2763	14,419.9	72.9261	14,419.9	66.1689	14,419.9	56.9977	14,419.9	62.1796	14,419.9	68.4144	14,419.9	60.752	14,419.9	69.6483	14,419.9	55.9893	14,419.9	64.4299	14,419.9	58.2243	14,419.9	68.9189	14,419.9	56.9433	14,419.9	62.1868	14,419.9	58.1419	14,419.9	61.342	14,419.9	62.0742	14,419.9	37.8528	14,419.9	61.6584	14,419.9	55.5997	14,419.9	60.1565	14,419.9	58.199	14,419.9	39.5114
14,928.2	82.4245	14,928.2	81.5579	14,928.2	82.8754	14,928.2	79.918	14,928.2	81.9028	14,928.2	79.0311	14,928.2	82.0975	14,928.2	80.5915	14,928.2	80.2219	14,928.2	78.4027	14,928.2	80.0462	14,928.2	74.9861	14,928.2	74.5012	14,928.2	70.9127	14,928.2	74.0218	14,928.2	66.5729	14,928.2	63.1715	14,928.2	62.8619	14,928.2	68.5447	14,928.2	60.7599	14,928.2	72.1522	14,928.2	57.1822	14,928.2	67.299	14,928.2	56.3472	14,928.2	68.7422	14,928.2	56.3906	14,928.2	61.1879	14,928.2	58.9168	14,928.2	56.371	14,928.2	62.2678	14,928.2	41.1687	14,928.2	63.188	14,928.2	55.7917	14,928.2	60.1525	14,928.2	54.772	14,928.2	46.1076
15,455.6	80.0853	15,455.6	79.2325	15,455.6	82.7239	15,455.6	81.2836	15,455.6	84.2682	15,455.6	81.3644	15,455.6	83.4842	15,455.6	82.0244	15,455.6	83.1138	15,455.6	80.6268	15,455.6	82.8957	15,455.6	75.5415	15,455.6	79.2715	15,455.6	71.7836	15,455.6	76.1947	15,455.6	67.8492	15,455.6	61.8769	15,455.6	63.3769	15,455.6	68.7991	15,455.6	61.3984	15,455.6	74.0037	15,455.6	56.0064	15,455.6	69.9475	15,455.6	55.2297	15,455.6	69.6844	15,455.6	54.7643	15,455.6	59.8116	15,455.6	60.337	15,455.6	58.5966	15,455.6	61.7674	15,455.6	41.2219	15,455.6	63.8222	15,455.6	52.0498	15,455.6	62.1906	15,455.6	55.9533	15,455.6	48.2867
16,000.5	83.2831	16,000.5	83.2194	16,000.5	85.5707	16,000.5	84.9821	16,000.5	86.8592	16,000.5	83.5972	16,000.5	86.1291	16,000.5	83.4169	16,000.5	84.7961	16,000.5	81.4187	16,000.5	83.099	16,000.5	76.2423	16,000.5	78.72	16,000.5	72.2933	16,000.5	76.5686	16,000.5	66.1847	16,000.5	52.7808	16,000.5	62.8338	16,000.5	68.5151	16,000.5	61.1014	16,000.5	74.7542	16,000.5	57.0659	16,000.5	71.4038	16,000.5	51.4445	16,000.5	68.2028	16,000.5	54.5905	16,000.5	60.0892	16,000.5	59.6146	16,000.5	57.609	16,000.5	61.032	16,000.5	47.0735	16,000.5	63.8593	16,000.5	53.8317	16,000.5	59.827	16,000.5	54.6398	16,000.5	50.3522
16,564.5	86.7959	16,564.5	86.6747	16,564.5	87.1719	16,564.5	87.032	16,564.5	87.8053	16,564.5	85.2753	16,564.5	86.4697	16,564.5	84.0069	16,564.5	84.2167	16,564.5	81.1447	16,564.5	82.1041	16,564.5	76.0277	16,564.5	76.4678	16,564.5	70.8602	16,564.5	73.461	16,564.5	65.9432	16,564.5	58.1869	16,564.5	61.1502	16,564.5	65.6557	16,564.5	59.6728	16,564.5	73.9819	16,564.5	57.8814	16,564.5	70.2889	16,564.5	52.184	16,564.5	65.0253	16,564.5	52.2627	16,564.5	56.0597	16,564.5	58.6755	16,564.5	54.828	16,564.5	58.4933	16,564.5	51.6185	16,564.5	62.4877	16,564.5	51.8278	16,564.5	58.2839	16,564.5	51.8157	16,564.5	49.7091
17,148.9	88.4032	17,148.9	87.8676	17,148.9	87.9008	17,148.9	87.7674	17,148.9	87.4868	17,148.9	85.5986	17,148.9	85.1526	17,148.9	83.8405	17,148.9	81.7191	17,148.9	80.5696	17,148.9	78.7658	17,148.9	74.6383	17,148.9	73.9015	17,148.9	70.9347	17,148.9	68.7585	17,148.9	65.0629	17,148.9	54.65	17,148.9	58.741	17,148.9	63.4432	17,148.9	57.2543	17,148.9	71.539	17,148.9	56.1974	17,148.9	66.4516	17,148.9	50.8043	17,148.9	66.9148	17,148.9	49.4749	17,148.9	57.3488	17,148.9	56.6553	17,148.9	49.8252	17,148.9	55.3753	17,148.9	45.6681	17,148.9	60.1997	17,148.9	48.9052	17,148.9	55.528	17,148.9	53.8678	17,148.9	51.32
17,752.4	89.3251	17,752.4	88.4984	17,752.4	88.4824	17,752.4	87.7994	17,752.4	87.2255	17,752.4	85.0471	17,752.4	84.0087	17,752.4	82.4955	17,752.4	79.4855	17,752.4	78.3999	17,752.4	74.7623	17,752.4	72.9114	17,752.4	68.2563	17,752.4	67.254	17,752.4	61.8404	17,752.4	60.8065	17,752.4	51.8274	17,752.4	55.0697	17,752.4	57.9267	17,752.4	52.7988	17,752.4	69.5548	17,752.4	53.7839	17,752.4	62.799	17,752.4	43.1699	17,752.4	67.4019	17,752.4	50.3715	17,752.4	56.5334	17,752.4	52.0404	17,752.4	50.992	17,752.4	54.4808	17,752.4	44.6085	17,752.4	56.3389	17,752.4	46.5287	17,752.4	48.3162	17,752.4	55.2507	17,752.4	52.2598
18,379.4	89.4927	18,379.4	88.5586	18,379.4	88.803	18,379.4	87.5483	18,379.4	87.0619	18,379.4	84.5165	18,379.4	82.7606	18,379.4	81.8897	18,379.4	76.6959	18,379.4	77.3109	18,379.4	70.2156	18,379.4	72.1565	18,379.4	56.1115	18,379.4	66.1394	18,379.4	43.2118	18,379.4	60.5203	18,379.4	56.8231	18,379.4	53.4493	18,379.4	54.1468	18,379.4	44.663	18,379.4	67.8686	18,379.4	51.9602	18,379.4	61.7367	18,379.4	42.008	18,379.4	67.5569	18,379.4	51.3485	18,379.4	56.8723	18,379.4	52.6267	18,379.4	51.0147	18,379.4	55.6945	18,379.4	38.1511	18,379.4	50.9808	18,379.4	47.6251	18,379.4	41.6274	18,379.4	57.4588	18,379.4	51.7907
19,026.9	88.9269	19,026.9	87.8624	19,026.9	88.2016	19,026.9	86.87	19,026.9	86.3885	19,026.9	84.3024	19,026.9	81.7232	19,026.9	81.7731	19,026.9	75.1711	19,026.9	77.3438	19,026.9	66.8126	19,026.9	71.8886	19,026.9	56.1542	19,026.9	66.2457	19,026.9	55.9138	19,026.9	60.0405	19,026.9	59.2057	19,026.9	53.8776	19,026.9	54.8539	19,026.9	38.7139	19,026.9	66.2173	19,026.9	50.0266	19,026.9	62.1536	19,026.9	45.4479	19,026.9	66.882	19,026.9	50.0544	19,026.9	56.1047	19,026.9	52.2902	19,026.9	48.199	19,026.9	55.619	19,026.9	40.5451	19,026.9	45.1897	19,026.9	46.5909	19,026.9	48.655	19,026.9	56.1657	19,026.9	50.1485
19,697.8	87.2024	19,697.8	86.2543	19,697.8	85.9488	19,697.8	85.3741	19,697.8	83.2765	19,697.8	82.6132	19,697.8	77.9744	19,697.8	80.1681	19,697.8	69.8155	19,697.8	75.334	19,697.8	64.0788	19,697.8	69.2106	19,697.8	62.6993	19,697.8	61.882	19,697.8	53.9653	19,697.8	54.9564	19,697.8	58.1234	19,697.8	48.2294	19,697.8	53.6281	19,697.8	30.0661	19,697.8	63.1242	19,697.8	44.7299	19,697.8	61.6059	19,697.8	41.6758	19,697.8	65.8017	19,697.8	43.8761	19,697.8	53.2915	19,697.8	45.0759	19,697.8	40.5146	19,697.8	49.8498	19,697.8	37.8002	19,697.8	30.3489	19,697.8	41.9059	19,697.8	43.389	19,697.8	50.8156	19,697.8	46.4037
19,999.5	85.8623	19,999.5	85.2446	19,999.5	84.5135	19,999.5	84.4904	19,999.5	81.739	19,999.5	81.8496	19,999.5	76.4055	19,999.5	79.419	19,999.5	69.3924	19,999.5	74.1133	19,999.5	62.9003	19,999.5	66.3701	19,999.5	62.9377	19,999.5	60.5281	19,999.5	62.5046	19,999.5	52.5883	19,999.5	61.5934	19,999.5	41.9018	19,999.5	53.0153	19,999.5	42.0661	19,999.5	63.3608	19,999.5	44.6323	19,999.5	61.6334	19,999.5	40.6308	19,999.5	65.9952	19,999.5	42.2515	19,999.5	49.5511	19,999.5	40.0476	19,999.5	50.5953	19,999.5	49.3047	19,999.5	41.8651	19,999.5	53.4612	19,999.5	44.8483	19,999.5	49.308	19,999.5	47.9052	19,999.5	50.1584
