"SPL Vertical"																																																																							
"On-Axis"		"10°"		"-10°"		"20°"		"-20°"		"30°"		"-30°"		"40°"		"-40°"		"50°"		"-50°"		"60°"		"-60°"		"70°"		"-70°"		"80°"		"-80°"		"90°"		"-90°"		"100°"		"-100°"		"110°"		"-110°"		"120°"		"-120°"		"130°"		"-130°"		"140°"		"-140°"		"150°"		"-150°"		"160°"		"-160°"		"170°"		"-170°"		"180°"	
"Frequency / Hz"	"Sound Pressure Level / dB (re 20 µPa)  [2.83V at 1m]"	"Frequency / Hz"	"Sound Pressure Level / dB (re 20 µPa)  [2.83V at 1m]"	"Frequency / Hz"	"Sound Pressure Level / dB (re 20 µPa)  [2.83V at 1m]"	"Frequency / Hz"	"Sound Pressure Level / dB (re 20 µPa)  [2.83V at 1m]"	"Frequency / Hz"	"Sound Pressure Level / dB (re 20 µPa)  [2.83V at 1m]"	"Frequency / Hz"	"Sound Pressure Level / dB (re 20 µPa)  [2.83V at 1m]"	"Frequency / Hz"	"Sound Pressure Level / dB (re 20 µPa)  [2.83V at 1m]"	"Frequency / Hz"	"Sound Pressure Level / dB (re 20 µPa)  [2.83V at 1m]"	"Frequency / Hz"	"Sound Pressure Level / dB (re 20 µPa)  [2.83V at 1m]"	"Frequency / Hz"	"Sound Pressure Level / dB (re 20 µPa)  [2.83V at 1m]"	"Frequency / Hz"	"Sound Pressure Level / dB (re 20 µPa)  [2.83V at 1m]"	"Frequency / Hz"	"Sound Pressure Level / dB (re 20 µPa)  [2.83V at 1m]"	"Frequency / Hz"	"Sound Pressure Level / dB (re 20 µPa)  [2.83V at 1m]"	"Frequency / Hz"	"Sound Pressure Level / dB (re 20 µPa)  [2.83V at 1m]"	"Frequency / Hz"	"Sound Pressure Level / dB (re 20 µPa)  [2.83V at 1m]"	"Frequency / Hz"	"Sound Pressure Level / dB (re 20 µPa)  [2.83V at 1m]"	"Frequency / Hz"	"Sound Pressure Level / dB (re 20 µPa)  [2.83V at 1m]"	"Frequency / Hz"	"Sound Pressure Level / dB (re 20 µPa)  [2.83V at 1m]"	"Frequency / Hz"	"Sound Pressure Level / dB (re 20 µPa)  [2.83V at 1m]"	"Frequency / Hz"	"Sound Pressure Level / dB (re 20 µPa)  [2.83V at 1m]"	"Frequency / Hz"	"Sound Pressure Level / dB (re 20 µPa)  [2.83V at 1m]"	"Frequency / Hz"	"Sound Pressure Level / dB (re 20 µPa)  [2.83V at 1m]"	"Frequency / Hz"	"Sound Pressure Level / dB (re 20 µPa)  [2.83V at 1m]"	"Frequency / Hz"	"Sound Pressure Level / dB (re 20 µPa)  [2.83V at 1m]"	"Frequency / Hz"	"Sound Pressure Level / dB (re 20 µPa)  [2.83V at 1m]"	"Frequency / Hz"	"Sound Pressure Level / dB (re 20 µPa)  [2.83V at 1m]"	"Frequency / Hz"	"Sound Pressure Level / dB (re 20 µPa)  [2.83V at 1m]"	"Frequency / Hz"	"Sound Pressure Level / dB (re 20 µPa)  [2.83V at 1m]"	"Frequency / Hz"	"Sound Pressure Level / dB (re 20 µPa)  [2.83V at 1m]"	"Frequency / Hz"	"Sound Pressure Level / dB (re 20 µPa)  [2.83V at 1m]"	"Frequency / Hz"	"Sound Pressure Level / dB (re 20 µPa)  [2.83V at 1m]"	"Frequency / Hz"	"Sound Pressure Level / dB (re 20 µPa)  [2.83V at 1m]"	"Frequency / Hz"	"Sound Pressure Level / dB (re 20 µPa)  [2.83V at 1m]"	"Frequency / Hz"	"Sound Pressure Level / dB (re 20 µPa)  [2.83V at 1m]"	"Frequency / Hz"	"Sound Pressure Level / dB (re 20 µPa)  [2.83V at 1m]"	"Frequency / Hz"	"Sound Pressure Level / dB (re 20 µPa)  [2.83V at 1m]"
20.5078	65.3065	20.5078	65.3026	20.5078	65.3445	20.5078	65.3326	20.5078	65.4175	20.5078	65.3963	20.5078	65.5266	20.5078	65.4939	20.5078	65.6734	20.5078	65.6255	20.5078	65.8593	20.5078	65.7905	20.5078	66.0851	20.5078	65.9882	20.5078	66.3508	20.5078	66.2178	20.5078	66.6547	20.5078	66.4783	20.5078	66.9929	20.5078	66.7687	20.5078	67.3588	20.5078	67.0874	20.5078	67.7418	20.5078	67.4308	20.5078	68.1269	20.5078	67.7921	20.5078	68.4942	20.5078	68.1593	20.5078	68.8199	20.5078	68.5139	20.5078	69.078	20.5078	68.8315	20.5078	69.2448	20.5078	69.0846	20.5078	69.3035	20.5078	69.2479
21.2402	64.6834	21.2402	64.6784	21.2402	64.706	21.2402	64.6913	21.2402	64.7462	21.2402	64.7227	21.2402	64.8045	21.2402	64.7735	21.2402	64.8817	21.2402	64.8444	21.2402	64.9784	21.2402	64.9355	21.2402	65.0953	21.2402	65.0463	21.2402	65.233	21.2402	65.1762	21.2402	65.3918	21.2402	65.3243	21.2402	65.5718	21.2402	65.49	21.2402	65.7721	21.2402	65.6727	21.2402	65.9898	21.2402	65.8709	21.2402	66.2186	21.2402	66.0817	21.2402	66.4468	21.2402	66.299	21.2402	66.6577	21.2402	66.5123	21.2402	66.8311	21.2402	66.7064	21.2402	66.9476	21.2402	66.8629	21.2402	66.9932	21.2402	66.9631
21.9727	65.2362	21.9727	65.2258	21.9727	65.2541	21.9727	65.2236	21.9727	65.279	21.9727	65.2307	21.9727	65.3115	21.9727	65.2487	21.9727	65.3522	21.9727	65.279	21.9727	65.4021	21.9727	65.3226	21.9727	65.4626	21.9727	65.3804	21.9727	65.5351	21.9727	65.4525	21.9727	65.6212	21.9727	65.5395	21.9727	65.7225	21.9727	65.6415	21.9727	65.8404	21.9727	65.7587	21.9727	65.9747	21.9727	65.8902	21.9727	66.1226	21.9727	66.0336	21.9727	66.2765	21.9727	66.1842	21.9727	66.4238	21.9727	66.3338	21.9727	66.5487	21.9727	66.471	21.9727	66.6349	21.9727	66.5817	21.9727	66.6708	21.9727	66.6518
22.7051	65.9932	22.7051	66.0027	22.7051	65.9864	22.7051	66.015	22.7051	65.9829	22.7051	66.03	22.7051	65.9835	22.7051	66.048	22.7051	65.989	22.7051	66.0691	22.7051	66.0006	22.7051	66.0935	22.7051	66.0195	22.7051	66.1213	22.7051	66.0474	22.7051	66.1528	22.7051	66.0858	22.7051	66.1891	22.7051	66.1365	22.7051	66.2315	22.7051	66.2012	22.7051	66.2816	22.7051	66.2802	22.7051	66.3409	22.7051	66.3718	22.7051	66.4094	22.7051	66.4706	22.7051	66.4853	22.7051	66.5679	22.7051	66.5641	22.7051	66.6524	22.7051	66.6384	22.7051	66.7129	22.7051	66.699	22.7051	66.7416	22.7051	66.7359
23.4375	65.6469	23.4375	65.6354	23.4375	65.6558	23.4375	65.6216	23.4375	65.6623	23.4375	65.6062	23.4375	65.6669	23.4375	65.5905	23.4375	65.6706	23.4375	65.5758	23.4375	65.6745	23.4375	65.5636	23.4375	65.6801	23.4375	65.5554	23.4375	65.6888	23.4375	65.5528	23.4375	65.7025	23.4375	65.5579	23.4375	65.7234	23.4375	65.5728	23.4375	65.7532	23.4375	65.6	23.4375	65.7932	23.4375	65.6408	23.4375	65.8429	23.4375	65.695	23.4375	65.8986	23.4375	65.7604	23.4375	65.9538	23.4375	65.8321	23.4375	65.9998	23.4375	65.9031	23.4375	66.028	23.4375	65.9653	23.4375	66.0322	23.4375	66.0104
24.1699	66.8384	24.1699	66.8448	24.1699	66.8287	24.1699	66.8478	24.1699	66.8161	24.1699	66.8478	24.1699	66.8017	24.1699	66.8458	24.1699	66.7869	24.1699	66.8428	24.1699	66.7736	24.1699	66.8399	24.1699	66.7641	24.1699	66.8381	24.1699	66.7609	24.1699	66.8387	24.1699	66.7668	24.1699	66.8431	24.1699	66.784	24.1699	66.8528	24.1699	66.8143	24.1699	66.8697	24.1699	66.8579	24.1699	66.8955	24.1699	66.9129	24.1699	66.9308	24.1699	66.9749	24.1699	66.9744	24.1699	67.037	24.1699	67.0232	24.1699	67.0909	24.1699	67.0717	24.1699	67.1289	24.1699	67.1128	24.1699	67.1456	24.1699	67.1394
25.6348	68.1852	25.6348	68.1798	25.6348	68.1916	25.6348	68.1758	25.6348	68.1993	25.6348	68.1737	25.6348	68.2088	25.6348	68.1746	25.6348	68.2211	25.6348	68.1796	25.6348	68.2375	25.6348	68.1903	25.6348	68.2596	25.6348	68.2086	25.6348	68.2892	25.6348	68.2365	25.6348	68.3285	25.6348	68.2762	25.6348	68.3792	25.6348	68.3293	25.6348	68.4429	25.6348	68.3964	25.6348	68.5201	25.6348	68.4766	25.6348	68.609	25.6348	68.5672	25.6348	68.705	25.6348	68.6639	25.6348	68.8	25.6348	68.7604	25.6348	68.8831	25.6348	68.8485	25.6348	68.9428	25.6348	68.9188	25.6348	68.9703	25.6348	68.9617
26.3672	68.9244	26.3672	68.9099	26.3672	68.945	26.3672	68.9028	26.3672	68.9708	26.3672	68.9044	26.3672	69.0015	26.3672	68.9163	26.3672	69.0375	26.3672	68.9402	26.3672	69.08	26.3672	68.9779	26.3672	69.1314	26.3672	69.0308	26.3672	69.1949	26.3672	69.1003	26.3672	69.2739	26.3672	69.1876	26.3672	69.3719	26.3672	69.293	26.3672	69.4908	26.3672	69.4159	26.3672	69.6301	26.3672	69.5547	26.3672	69.7855	26.3672	69.7055	26.3672	69.9477	26.3672	69.8627	26.3672	70.1026	26.3672	70.0176	26.3672	70.2333	26.3672	70.1585	26.3672	70.3234	26.3672	70.2714	26.3672	70.3612	26.3672	70.3425
27.0996	68.5436	27.0996	68.5409	27.0996	68.5431	27.0996	68.5349	27.0996	68.54	27.0996	68.5259	27.0996	68.5354	27.0996	68.515	27.0996	68.5305	27.0996	68.5037	27.0996	68.527	27.0996	68.4939	27.0996	68.5264	27.0996	68.4877	27.0996	68.5306	27.0996	68.4873	27.0996	68.5414	27.0996	68.4948	27.0996	68.5604	27.0996	68.5123	27.0996	68.5888	27.0996	68.5412	27.0996	68.6272	27.0996	68.5821	27.0996	68.675	27.0996	68.6342	27.0996	68.7298	27.0996	68.6949	27.0996	68.7869	27.0996	68.7589	27.0996	68.8394	27.0996	68.819	27.0996	68.8793	27.0996	68.8669	27.0996	68.8993	27.0996	68.8951
27.832	69.3205	27.832	69.3224	27.832	69.3153	27.832	69.321	27.832	69.3074	27.832	69.3162	27.832	69.2972	27.832	69.3083	27.832	69.2854	27.832	69.2979	27.832	69.2724	27.832	69.2853	27.832	69.2587	27.832	69.2713	27.832	69.2449	27.832	69.2562	27.832	69.2314	27.832	69.2408	27.832	69.2185	27.832	69.2255	27.832	69.2068	27.832	69.2113	27.832	69.1968	27.832	69.199	27.832	69.1891	27.832	69.1894	27.832	69.1842	27.832	69.1832	27.832	69.1822	27.832	69.1805	27.832	69.1826	27.832	69.1807	27.832	69.1839	27.832	69.1825	27.832	69.1848	27.832	69.1843
29.2969	69.976	29.2969	69.9612	29.2969	69.9871	29.2969	69.9431	29.2969	69.9942	29.2969	69.9226	29.2969	69.9976	29.2969	69.9011	29.2969	69.998	29.2969	69.8802	29.2969	69.9963	29.2969	69.8618	29.2969	69.994	29.2969	69.8482	29.2969	69.9925	29.2969	69.8418	29.2969	69.9941	29.2969	69.8447	29.2969	70.0008	29.2969	69.8589	29.2969	70.0149	29.2969	69.8854	29.2969	70.038	29.2969	69.924	29.2969	70.0708	29.2969	69.9732	29.2969	70.1116	29.2969	70.03	29.2969	70.1559	29.2969	70.0899	29.2969	70.1968	29.2969	70.1472	29.2969	70.2262	29.2969	70.1949	29.2969	70.2372	29.2969	70.2265
30.0293	70.4805	30.0293	70.4668	30.0293	70.4912	30.0293	70.4506	30.0293	70.4987	30.0293	70.4327	30.0293	70.5033	30.0293	70.4145	30.0293	70.5058	30.0293	70.3971	30.0293	70.5073	30.0293	70.3825	30.0293	70.509	30.0293	70.3722	30.0293	70.5125	30.0293	70.3684	30.0293	70.5192	30.0293	70.3729	30.0293	70.5305	30.0293	70.3873	30.0293	70.5476	30.0293	70.4128	30.0293	70.5711	30.0293	70.4494	30.0293	70.6011	30.0293	70.4956	30.0293	70.6362	30.0293	70.5487	30.0293	70.673	30.0293	70.6041	30.0293	70.7062	30.0293	70.6562	30.0293	70.7296	30.0293	70.6991	30.0293	70.7377	30.0293	70.7274
31.4941	71.1317	31.4941	71.1312	31.4941	71.1227	31.4941	71.121	31.4941	71.1046	31.4941	71.1014	31.4941	71.0784	31.4941	71.073	31.4941	71.045	31.4941	71.0368	31.4941	71.0061	31.4941	70.9941	31.4941	70.9635	31.4941	70.9468	31.4941	70.919	31.4941	70.897	31.4941	70.8747	31.4941	70.8471	31.4941	70.8323	31.4941	70.7997	31.4941	70.7936	31.4941	70.7571	31.4941	70.7596	31.4941	70.7212	31.4941	70.7311	31.4941	70.6928	31.4941	70.7084	31.4941	70.6724	31.4941	70.6911	31.4941	70.6595	31.4941	70.6783	31.4941	70.6534	31.4941	70.6687	31.4941	70.6526	31.4941	70.6613	31.4941	70.6557
32.2266	71.8791	32.2266	71.885	32.2266	71.8639	32.2266	71.8815	32.2266	71.8395	32.2266	71.8691	32.2266	71.8066	32.2266	71.8483	32.2266	71.7661	32.2266	71.8202	32.2266	71.7194	32.2266	71.7857	32.2266	71.6682	32.2266	71.7462	32.2266	71.6143	32.2266	71.7032	32.2266	71.5602	32.2266	71.6585	32.2266	71.508	32.2266	71.6137	32.2266	71.4602	32.2266	71.5704	32.2266	71.419	32.2266	71.5297	32.2266	71.3862	32.2266	71.4924	32.2266	71.3628	32.2266	71.4587	32.2266	71.349	32.2266	71.4288	32.2266	71.3437	32.2266	71.4031	32.2266	71.3455	32.2266	71.3818	32.2266	71.3529	32.2266	71.3651
33.6914	72.6819	33.6914	72.6832	33.6914	72.6716	33.6914	72.6752	33.6914	72.6529	33.6914	72.6582	33.6914	72.6267	33.6914	72.6328	33.6914	72.5942	33.6914	72.5998	33.6914	72.5567	33.6914	72.5606	33.6914	72.5157	33.6914	72.5167	33.6914	72.4729	33.6914	72.4698	33.6914	72.43	33.6914	72.4219	33.6914	72.3886	33.6914	72.3747	33.6914	72.3507	33.6914	72.3305	33.6914	72.3177	33.6914	72.2909	33.6914	72.2907	33.6914	72.2578	33.6914	72.2698	33.6914	72.2327	33.6914	72.2542	33.6914	72.2164	33.6914	72.2423	33.6914	72.209	33.6914	72.2322	33.6914	72.2091	33.6914	72.2228	33.6914	72.2146
34.4238	73.0903	34.4238	73.0938	34.4238	73.0774	34.4238	73.0878	34.4238	73.0555	34.4238	73.0725	34.4238	73.0254	34.4238	73.0486	34.4238	72.988	34.4238	73.017	34.4238	72.9446	34.4238	72.9786	34.4238	72.8966	34.4238	72.9349	34.4238	72.8456	34.4238	72.8872	34.4238	72.7933	34.4238	72.8371	34.4238	72.7415	34.4238	72.7861	34.4238	72.692	34.4238	72.7359	34.4238	72.6465	34.4238	72.6881	34.4238	72.6069	34.4238	72.6442	34.4238	72.5743	34.4238	72.6057	34.4238	72.5494	34.4238	72.5735	34.4238	72.532	34.4238	72.5486	34.4238	72.5217	34.4238	72.5312	34.4238	72.5181	34.4238	72.5212
35.8887	73.7498	35.8887	73.7475	35.8887	73.741	35.8887	73.7338	35.8887	73.7213	35.8887	73.7094	35.8887	73.6915	35.8887	73.6748	35.8887	73.6528	35.8887	73.6314	35.8887	73.6065	35.8887	73.5806	35.8887	73.5546	35.8887	73.5244	35.8887	73.4991	35.8887	73.4648	35.8887	73.4422	35.8887	73.4044	35.8887	73.3863	35.8887	73.3455	35.8887	73.3334	35.8887	73.2905	35.8887	73.2854	35.8887	73.2417	35.8887	73.2437	35.8887	73.2008	35.8887	73.209	35.8887	73.1691	35.8887	73.1816	35.8887	73.1469	35.8887	73.161	35.8887	73.1339	35.8887	73.1461	35.8887	73.1288	35.8887	73.1359	35.8887	73.13
37.3535	74.5129	37.3535	74.5159	37.3535	74.4982	37.3535	74.5067	37.3535	74.472	37.3535	74.4855	37.3535	74.4348	37.3535	74.4522	37.3535	74.387	37.3535	74.4072	37.3535	74.3296	37.3535	74.3508	37.3535	74.2633	37.3535	74.284	37.3535	74.1892	37.3535	74.208	37.3535	74.1086	37.3535	74.1244	37.3535	74.0232	37.3535	74.0351	37.3535	73.9349	37.3535	73.9425	37.3535	73.8459	37.3535	73.8494	37.3535	73.759	37.3535	73.759	37.3535	73.6773	37.3535	73.6748	37.3535	73.6046	37.3535	73.6007	37.3535	73.5447	37.3535	73.5407	37.3535	73.5016	37.3535	73.4987	37.3535	73.4786	37.3535	73.4775
38.8184	74.7531	38.8184	74.755	38.8184	74.7444	38.8184	74.7502	38.8184	74.7293	38.8184	74.7388	38.8184	74.7083	38.8184	74.7214	38.8184	74.6823	38.8184	74.6988	38.8184	74.6521	38.8184	74.6719	38.8184	74.6192	38.8184	74.642	38.8184	74.5847	38.8184	74.6104	38.8184	74.55	38.8184	74.5785	38.8184	74.5167	38.8184	74.5476	38.8184	74.4863	38.8184	74.5191	38.8184	74.4599	38.8184	74.4937	38.8184	74.4385	38.8184	74.472	38.8184	74.4227	38.8184	74.4542	38.8184	74.4125	38.8184	74.44	38.8184	74.4074	38.8184	74.4288	38.8184	74.4065	38.8184	74.4202	38.8184	74.4088	38.8184	74.4136
39.5508	75.0523	39.5508	75.0481	39.5508	75.0497	39.5508	75.037	39.5508	75.0406	39.5508	75.0194	39.5508	75.0259	39.5508	74.9961	39.5508	75.0069	39.5508	74.9684	39.5508	74.9848	39.5508	74.9377	39.5508	74.9614	39.5508	74.9058	39.5508	74.9383	39.5508	74.8746	39.5508	74.9169	39.5508	74.846	39.5508	74.8985	39.5508	74.8216	39.5508	74.8838	39.5508	74.8028	39.5508	74.873	39.5508	74.7904	39.5508	74.8655	39.5508	74.7846	39.5508	74.8604	39.5508	74.7852	39.5508	74.8563	39.5508	74.7914	39.5508	74.8518	39.5508	74.8015	39.5508	74.8457	39.5508	74.8138	39.5508	74.8371	39.5508	74.8262
41.0156	75.9094	41.0156	75.9029	41.0156	75.9041	41.0156	75.8848	41.0156	75.8876	41.0156	75.8554	41.0156	75.8604	41.0156	75.8154	41.0156	75.8235	41.0156	75.766	41.0156	75.7781	41.0156	75.7089	41.0156	75.7257	41.0156	75.646	41.0156	75.668	41.0156	75.5797	41.0156	75.6066	41.0156	75.5121	41.0156	75.5434	41.0156	75.4456	41.0156	75.48	41.0156	75.382	41.0156	75.4177	41.0156	75.3229	41.0156	75.3578	41.0156	75.2699	41.0156	75.3017	41.0156	75.2243	41.0156	75.251	41.0156	75.1873	41.0156	75.2077	41.0156	75.1605	41.0156	75.174	41.0156	75.145	41.0156	75.1516	41.0156	75.1419
42.4805	76.4162	42.4805	76.4103	42.4805	76.4092	42.4805	76.3913	42.4805	76.3898	42.4805	76.3598	42.4805	76.3588	42.4805	76.3166	42.4805	76.3176	42.4805	76.2632	42.4805	76.2676	42.4805	76.2014	42.4805	76.2107	42.4805	76.1336	42.4805	76.1489	42.4805	76.0622	42.4805	76.0844	42.4805	75.99	42.4805	76.0193	42.4805	75.9198	42.4805	75.956	42.4805	75.8543	42.4805	75.8966	42.4805	75.796	42.4805	75.8427	42.4805	75.7467	42.4805	75.7956	42.4805	75.7079	42.4805	75.7554	42.4805	75.6804	42.4805	75.7222	42.4805	75.6641	42.4805	75.6956	42.4805	75.6587	42.4805	75.6756	42.4805	75.6629
43.9453	77.2321	43.9453	77.2319	43.9453	77.2174	43.9453	77.2168	43.9453	77.1881	43.9453	77.187	43.9453	77.1448	43.9453	77.1433	43.9453	77.0887	43.9453	77.0868	43.9453	77.021	43.9453	77.019	43.9453	76.9436	43.9453	76.9417	43.9453	76.8585	43.9453	76.8573	43.9453	76.7681	43.9453	76.7682	43.9453	76.675	43.9453	76.6773	43.9453	76.5818	43.9453	76.5872	43.9453	76.4916	43.9453	76.5007	43.9453	76.4071	43.9453	76.42	43.9453	76.3315	43.9453	76.3473	43.9453	76.2675	43.9453	76.2846	43.9453	76.218	43.9453	76.2335	43.9453	76.1852	43.9453	76.1962	43.9453	76.1707	43.9453	76.1747
45.4102	77.6637	45.4102	77.6642	45.4102	77.6486	45.4102	77.6499	45.4102	77.6194	45.4102	77.6211	45.4102	77.5769	45.4102	77.5783	45.4102	77.5222	45.4102	77.5226	45.4102	77.4569	45.4102	77.4554	45.4102	77.3826	45.4102	77.3786	45.4102	77.3015	45.4102	77.2944	45.4102	77.2159	45.4102	77.2056	45.4102	77.1283	45.4102	77.1151	45.4102	77.041	45.4102	77.0257	45.4102	76.9565	45.4102	76.9403	45.4102	76.8773	45.4102	76.8613	45.4102	76.8055	45.4102	76.7913	45.4102	76.7436	45.4102	76.7321	45.4102	76.694	45.4102	76.6858	45.4102	76.6588	45.4102	76.6541	45.4102	76.64	45.4102	76.6385
47.6074	78.4652	47.6074	78.4634	47.6074	78.4521	47.6074	78.4467	47.6074	78.4244	47.6074	78.4155	47.6074	78.3829	47.6074	78.3705	47.6074	78.3287	47.6074	78.313	47.6074	78.2634	47.6074	78.2448	47.6074	78.189	47.6074	78.168	47.6074	78.1079	47.6074	78.0851	47.6074	78.0227	47.6074	77.9989	47.6074	77.9361	47.6074	77.9124	47.6074	77.8508	47.6074	77.8283	47.6074	77.7695	47.6074	77.749	47.6074	77.6943	47.6074	77.6767	47.6074	77.6273	47.6074	77.6131	47.6074	77.5703	47.6074	77.5598	47.6074	77.5253	47.6074	77.5182	47.6074	77.4937	47.6074	77.4897	47.6074	77.477	47.6074	77.4757
49.0723	79.0123	49.0723	79.0114	49.0723	78.9975	49.0723	78.9948	49.0723	78.9675	49.0723	78.9628	49.0723	78.9231	49.0723	78.9164	49.0723	78.8655	49.0723	78.8567	49.0723	78.7963	49.0723	78.7856	49.0723	78.7176	49.0723	78.7052	49.0723	78.6315	49.0723	78.6181	49.0723	78.5409	49.0723	78.5273	49.0723	78.4486	49.0723	78.4357	49.0723	78.3575	49.0723	78.3462	49.0723	78.2704	49.0723	78.2617	49.0723	78.19	49.0723	78.1845	49.0723	78.1189	49.0723	78.1167	49.0723	78.0591	49.0723	78.0597	49.0723	78.0127	49.0723	78.015	49.0723	77.9813	49.0723	77.9837	49.0723	77.966	49.0723	77.967
50.5371	79.5084	50.5371	79.5051	50.5371	79.4938	50.5371	79.4841	50.5371	79.4618	50.5371	79.4459	50.5371	79.4132	50.5371	79.3917	50.5371	79.349	50.5371	79.3229	50.5371	79.2711	50.5371	79.2416	50.5371	79.1816	50.5371	79.1504	50.5371	79.083	50.5371	79.0522	50.5371	78.9785	50.5371	78.9502	50.5371	78.8712	50.5371	78.8478	50.5371	78.7645	50.5371	78.748	50.5371	78.6619	50.5371	78.6536	50.5371	78.5668	50.5371	78.5669	50.5371	78.4823	50.5371	78.4896	50.5371	78.4116	50.5371	78.4235	50.5371	78.3573	50.5371	78.37	50.5371	78.3215	50.5371	78.3312	50.5371	78.3054	50.5371	78.309
52.7344	80.2393	52.7344	80.2382	52.7344	80.2242	52.7344	80.2208	52.7344	80.1933	52.7344	80.1877	52.7344	80.1474	52.7344	80.1396	52.7344	80.0877	52.7344	80.0778	52.7344	80.0158	52.7344	80.0041	52.7344	79.9337	52.7344	79.9205	52.7344	79.8437	52.7344	79.8295	52.7344	79.7484	52.7344	79.7341	52.7344	79.6507	52.7344	79.6369	52.7344	79.5532	52.7344	79.541	52.7344	79.4587	52.7344	79.449	52.7344	79.37	52.7344	79.3635	52.7344	79.2899	52.7344	79.2869	52.7344	79.2212	52.7344	79.2213	52.7344	79.1669	52.7344	79.1689	52.7344	79.1297	52.7344	79.132	52.7344	79.1113	52.7344	79.1122
54.1992	80.5777	54.1992	80.5712	54.1992	80.5672	54.1992	80.5479	54.1992	80.5399	54.1992	80.5085	54.1992	80.4968	54.1992	80.4545	54.1992	80.4391	54.1992	80.3876	54.1992	80.3686	54.1992	80.3102	54.1992	80.2878	54.1992	80.2251	54.1992	80.1992	54.1992	80.1354	54.1992	80.106	54.1992	80.0442	54.1992	80.0115	54.1992	79.9546	54.1992	79.919	54.1992	79.8694	54.1992	79.8315	54.1992	79.7908	54.1992	79.7518	54.1992	79.7207	54.1992	79.6823	54.1992	79.6605	54.1992	79.6248	54.1992	79.611	54.1992	79.5805	54.1992	79.573	54.1992	79.5505	54.1992	79.5471	54.1992	79.5351	54.1992	79.5342
56.3965	81.2409	56.3965	81.2342	56.3965	81.2286	56.3965	81.2084	56.3965	81.198	56.3965	81.1641	56.3965	81.1505	56.3965	81.1026	56.3965	81.0879	56.3965	81.026	56.3965	81.0125	56.3965	80.9371	56.3965	80.9274	56.3965	80.8394	56.3965	80.8355	56.3965	80.7368	56.3965	80.7404	56.3965	80.6336	56.3965	80.6455	56.3965	80.534	56.3965	80.5538	56.3965	80.4418	56.3965	80.4682	56.3965	80.3599	56.3965	80.3907	56.3965	80.2905	56.3965	80.3227	56.3965	80.2348	56.3965	80.2651	56.3965	80.1931	56.3965	80.2186	56.3965	80.1652	56.3965	80.1835	56.3965	80.1508	56.3965	80.1603	56.3965	80.1493
58.5938	82.0636	58.5938	82.0729	58.5938	82.0318	58.5938	82.0592	58.5938	81.9787	58.5938	82.0226	58.5938	81.9061	58.5938	81.9641	58.5938	81.8162	58.5938	81.8857	58.5938	81.7118	58.5938	81.7901	58.5938	81.5963	58.5938	81.6813	58.5938	81.4733	58.5938	81.5635	58.5938	81.3468	58.5938	81.4415	58.5938	81.221	58.5938	81.3196	58.5938	81.1	58.5938	81.2018	58.5938	80.9877	58.5938	81.0908	58.5938	80.8879	58.5938	80.9889	58.5938	80.8034	58.5938	80.8979	58.5938	80.7368	58.5938	80.8193	58.5938	80.6899	58.5938	80.7545	58.5938	80.6637	58.5938	80.705	58.5938	80.6581	58.5938	80.6724
60.0586	82.3734	60.0586	82.3816	60.0586	82.3461	60.0586	82.3707	60.0586	82.3003	60.0586	82.3411	60.0586	82.2372	60.0586	82.2937	60.0586	82.1582	60.0586	82.2297	60.0586	82.0657	60.0586	82.1511	60.0586	81.9625	60.0586	82.0607	60.0586	81.852	60.0586	81.9616	60.0586	81.7379	60.0586	81.8575	60.0586	81.6243	60.0586	81.7519	60.0586	81.5151	60.0586	81.6483	60.0586	81.4143	60.0586	81.5492	60.0586	81.3255	60.0586	81.4568	60.0586	81.2515	60.0586	81.3727	60.0586	81.1946	60.0586	81.2986	60.0586	81.1561	60.0586	81.2361	60.0586	81.1366	60.0586	81.187	60.0586	81.1358	60.0586	81.1531
62.2559	82.8223	62.2559	82.813	62.2559	82.8104	62.2559	82.783	62.2559	82.7771	62.2559	82.7335	62.2559	82.7233	62.2559	82.6662	62.2559	82.6502	62.2559	82.5835	62.2559	82.5601	62.2559	82.4883	62.2559	82.4558	62.2559	82.3839	62.2559	82.341	62.2559	82.2741	62.2559	82.2199	62.2559	82.1627	62.2559	82.0974	62.2559	82.0537	62.2559	81.9783	62.2559	81.9506	62.2559	81.8677	62.2559	81.8566	62.2559	81.7698	62.2559	81.7736	62.2559	81.6878	62.2559	81.7029	62.2559	81.6239	62.2559	81.645	62.2559	81.5788	62.2559	81.5998	62.2559	81.552	62.2559	81.5673	62.2559	81.5423	62.2559	81.5479
64.4531	83.3743	64.4531	83.3587	64.4531	83.3691	64.4531	83.3224	64.4531	83.3436	64.4531	83.266	64.4531	83.2984	64.4531	83.1906	64.4531	83.2349	64.4531	83.0979	64.4531	83.1548	64.4531	82.9902	64.4531	83.0602	64.4531	82.8707	64.4531	82.9536	64.4531	82.7429	64.4531	82.8381	64.4531	82.6113	64.4531	82.7171	64.4531	82.4804	64.4531	82.5942	64.4531	82.3551	64.4531	82.4731	64.4531	82.2399	64.4531	82.3576	64.4531	82.139	64.4531	82.2509	64.4531	82.0558	64.4531	82.1559	64.4531	81.9929	64.4531	82.0751	64.4531	81.9521	64.4531	82.0107	64.4531	81.934	64.4531	81.9645	64.4531	81.9385
66.6504	83.4529	66.6504	83.4538	66.6504	83.4351	66.6504	83.4375	66.6504	83.4007	66.6504	83.4046	66.6504	83.3512	66.6504	83.3561	66.6504	83.2882	66.6504	83.2937	66.6504	83.2138	66.6504	83.2197	66.6504	83.1306	66.6504	83.1369	66.6504	83.0416	66.6504	83.0485	66.6504	82.9502	66.6504	82.9581	66.6504	82.8597	66.6504	82.8693	66.6504	82.7736	66.6504	82.7855	66.6504	82.6951	66.6504	82.7095	66.6504	82.6267	66.6504	82.6434	66.6504	82.5703	66.6504	82.5882	66.6504	82.5269	66.6504	82.5442	66.6504	82.4964	66.6504	82.511	66.6504	82.4782	66.6504	82.488	66.6504	82.4713	66.6504	82.4747
69.5801	84.113	69.5801	84.1093	69.5801	84.096	69.5801	84.0855	69.5801	84.0589	69.5801	84.0425	69.5801	84.0027	69.5801	83.9822	69.5801	83.9293	69.5801	83.9069	69.5801	83.8413	69.5801	83.8201	69.5801	83.7424	69.5801	83.7254	69.5801	83.6367	69.5801	83.6273	69.5801	83.5291	69.5801	83.5301	69.5801	83.4246	69.5801	83.4379	69.5801	83.3283	69.5801	83.3545	69.5801	83.2443	69.5801	83.2823	69.5801	83.1759	69.5801	83.2224	69.5801	83.1245	69.5801	83.1747	69.5801	83.09	69.5801	83.138	69.5801	83.0706	69.5801	83.1102	69.5801	83.0635	69.5801	83.0896	69.5801	83.0657	69.5801	83.0748
71.7773	84.3591	71.7773	84.3553	71.7773	84.3431	71.7773	84.3317	71.7773	84.3078	71.7773	84.2892	71.7773	84.2544	71.7773	84.2295	71.7773	84.185	71.7773	84.1549	71.7773	84.1022	71.7773	84.0682	71.7773	84.0092	71.7773	83.9731	71.7773	83.9098	71.7773	83.8734	71.7773	83.808	71.7773	83.7735	71.7773	83.7081	71.7773	83.6774	71.7773	83.6141	71.7773	83.5888	71.7773	83.5295	71.7773	83.5108	71.7773	83.4572	71.7773	83.4452	71.7773	83.3989	71.7773	83.3928	71.7773	83.3549	71.7773	83.3531	71.7773	83.3244	71.7773	83.325	71.7773	83.3059	71.7773	83.3071	71.7773	83.2976	71.7773	83.2981
73.9746	84.4691	73.9746	84.4656	73.9746	84.4522	73.9746	84.4421	73.9746	84.4153	73.9746	84.4001	73.9746	84.3599	73.9746	84.3417	73.9746	84.2883	73.9746	84.2699	73.9746	84.2038	73.9746	84.1883	73.9746	84.1105	73.9746	84.1013	73.9746	84.0132	73.9746	84.0132	73.9746	83.917	73.9746	83.9284	73.9746	83.8271	73.9746	83.851	73.9746	83.7479	73.9746	83.7839	73.9746	83.683	73.9746	83.7289	73.9746	83.6343	73.9746	83.6862	73.9746	83.6019	73.9746	83.6549	73.9746	83.5842	73.9746	83.6327	73.9746	83.5782	73.9746	83.617	73.9746	83.5802	73.9746	83.6052	73.9746	83.5867	73.9746	83.5953
76.9043	84.9342	76.9043	84.9233	76.9043	84.9214	76.9043	84.8892	76.9043	84.8851	76.9043	84.8332	76.9043	84.8265	76.9043	84.7574	76.9043	84.7476	76.9043	84.6649	76.9043	84.6516	76.9043	84.5594	76.9043	84.5421	76.9043	84.4456	76.9043	84.4241	76.9043	84.3284	76.9043	84.3029	76.9043	84.2135	76.9043	84.1843	76.9043	84.106	76.9043	84.0741	76.9043	84.0104	76.9043	83.9771	76.9043	83.9301	76.9043	83.8969	76.9043	83.8666	76.9043	83.8354	76.9043	83.8195	76.9043	83.7922	76.9043	83.787	76.9043	83.765	76.9043	83.7659	76.9043	83.7506	76.9043	83.7532	76.9043	83.7454	76.9043	83.7467
79.834	85.141	79.834	85.1329	79.834	85.1264	79.834	85.1025	79.834	85.0897	79.834	85.051	79.834	85.0326	79.834	84.9807	79.834	84.9574	79.834	84.8946	79.834	84.8675	79.834	84.7969	79.834	84.7671	79.834	84.6924	79.834	84.661	79.834	84.5863	79.834	84.5545	79.834	84.4841	79.834	84.4529	79.834	84.391	79.834	84.3615	79.834	84.3113	79.834	84.2841	79.834	84.2477	79.834	84.2236	79.834	84.2008	79.834	84.1805	79.834	84.1696	79.834	84.1535	79.834	84.1511	79.834	84.1393	79.834	84.1415	79.834	84.134	79.834	84.137	79.834	84.1333	79.834	84.1347
82.7637	85.3056	82.7637	85.2949	82.7637	85.2917	82.7637	85.2597	82.7637	85.2538	82.7637	85.2013	82.7637	85.1937	82.7637	85.1221	82.7637	85.1143	82.7637	85.0253	82.7637	85.0194	82.7637	84.9153	82.7637	84.9135	82.7637	84.7974	82.7637	84.8021	82.7637	84.6777	82.7637	84.6912	82.7637	84.5625	82.7637	84.5865	82.7637	84.4583	82.7637	84.4934	82.7637	84.3704	82.7637	84.4158	82.7637	84.3025	82.7637	84.3558	82.7637	84.2559	82.7637	84.3131	82.7637	84.2294	82.7637	84.2853	82.7637	84.2195	82.7637	84.2683	82.7637	84.2211	82.7637	84.2574	82.7637	84.2291	82.7637	84.2485	82.7637	84.239
85.6934	85.6543	85.6934	85.6467	85.6934	85.6326	85.6934	85.6105	85.6934	85.5822	85.6934	85.5474	85.6934	85.5046	85.6934	85.4599	85.6934	85.4026	85.6934	85.3519	85.6934	85.2803	85.6934	85.2281	85.6934	85.143	85.6934	85.0942	85.6934	84.9975	85.6934	84.9565	85.6934	84.8512	85.6934	84.8218	85.6934	84.7123	85.6934	84.6965	85.6934	84.5884	85.6934	84.5866	85.6934	84.4856	85.6934	84.496	85.6934	84.4076	85.6934	84.4268	85.6934	84.3546	85.6934	84.3784	85.6934	84.3239	85.6934	84.3478	85.6934	84.3103	85.6934	84.3302	85.6934	84.3075	85.6934	84.3206	85.6934	84.3101	85.6934	84.3146
88.623	85.6405	88.623	85.6403	88.623	85.6158	88.623	85.6156	88.623	85.567	88.623	85.5675	88.623	85.4954	88.623	85.4977	88.623	85.4033	88.623	85.4091	88.623	85.2941	88.623	85.3053	88.623	85.1718	88.623	85.1906	88.623	85.0417	88.623	85.0698	88.623	84.9096	88.623	84.9484	88.623	84.7819	88.623	84.8314	88.623	84.6645	88.623	84.7236	88.623	84.5628	88.623	84.6286	88.623	84.4804	88.623	84.5486	88.623	84.4187	88.623	84.4843	88.623	84.3771	88.623	84.4347	88.623	84.3529	88.623	84.3979	88.623	84.343	88.623	84.3715	88.623	84.344	88.623	84.3538
91.5527	85.8272	91.5527	85.8235	91.5527	85.8047	91.5527	85.7941	91.5527	85.7566	91.5527	85.7402	91.5527	85.6845	91.5527	85.6642	91.5527	85.5912	91.5527	85.5697	91.5527	85.4804	91.5527	85.4608	91.5527	85.357	91.5527	85.343	91.5527	85.2268	91.5527	85.2221	91.5527	85.0964	91.5527	85.1044	91.5527	84.9727	91.5527	84.9957	91.5527	84.8623	91.5527	84.9009	91.5527	84.7704	91.5527	84.823	91.5527	84.7001	91.5527	84.7631	91.5527	84.6524	91.5527	84.7195	91.5527	84.6251	91.5527	84.6892	91.5527	84.6147	91.5527	84.6678	91.5527	84.6162	91.5527	84.6514	91.5527	84.625	91.5527	84.6373
94.4824	85.9472	94.4824	85.9425	94.4824	85.9254	94.4824	85.9119	94.4824	85.8776	94.4824	85.857	94.4824	85.8054	94.4824	85.7806	94.4824	85.7113	94.4824	85.6861	94.4824	85.5992	94.4824	85.5781	94.4824	85.4738	94.4824	85.4616	94.4824	85.3409	94.4824	85.3422	94.4824	85.2072	94.4824	85.2255	94.4824	85.0795	94.4824	85.1169	94.4824	84.9644	94.4824	85.0207	94.4824	84.8675	94.4824	84.9396	94.4824	84.7924	94.4824	84.8748	94.4824	84.7403	94.4824	84.8252	94.4824	84.7098	94.4824	84.7885	94.4824	84.6973	94.4824	84.7611	94.4824	84.6981	94.4824	84.7396	94.4824	84.7075	94.4824	84.7219
98.1445	86.0343	98.1445	86.0278	98.1445	86.0141	98.1445	85.9955	98.1445	85.9676	98.1445	85.9397	98.1445	85.8962	98.1445	85.8634	98.1445	85.8026	98.1445	85.7711	98.1445	85.6907	98.1445	85.6678	98.1445	85.5655	98.1445	85.5592	98.1445	85.4333	98.1445	85.4509	98.1445	85.3008	98.1445	85.3486	98.1445	85.1756	98.1445	85.2567	98.1445	85.0645	98.1445	85.1784	98.1445	84.9735	98.1445	85.1148	98.1445	84.9064	98.1445	85.0651	98.1445	84.8645	98.1445	85.0268	98.1445	84.8461	98.1445	84.9961	98.1445	84.8474	98.1445	84.969	98.1445	84.863	98.1445	84.9423	98.1445	84.8871	98.1445	84.9146
101.807	86.0257	101.807	86.0142	101.807	86.0101	101.807	85.9763	101.807	85.968	101.807	85.914	101.807	85.901	101.807	85.8306	101.807	85.8118	101.807	85.7306	101.807	85.7046	101.807	85.6195	101.807	85.5842	101.807	85.5038	101.807	85.4567	101.807	85.3905	101.807	85.329	101.807	85.2862	101.807	85.2084	101.807	85.1964	101.807	85.1018	101.807	85.1249	101.807	85.015	101.807	85.0729	101.807	84.9521	101.807	85.0389	101.807	84.9141	101.807	85.0186	101.807	84.8993	101.807	85.0064	101.807	84.9034	101.807	84.996	101.807	84.92	101.807	84.9829	101.807	84.9424	101.807	84.9647
105.469	86.0268	105.469	86.0048	105.469	86.0187	105.469	85.9532	105.469	85.9816	105.469	85.8745	105.469	85.918	105.469	85.7725	105.469	85.8321	105.469	85.653	105.469	85.7293	105.469	85.5233	105.469	85.616	105.469	85.392	105.469	85.4995	105.469	85.2678	105.469	85.3874	105.469	85.1595	105.469	85.2866	105.469	85.074	105.469	85.2028	105.469	85.0154	105.469	85.1395	105.469	84.9844	105.469	85.0975	105.469	84.978	105.469	85.0751	105.469	84.9903	105.469	85.0681	105.469	85.0133	105.469	85.0705	105.469	85.039	105.469	85.076	105.469	85.0607	105.469	85.0787	105.469	85.0742
109.131	86.1078	109.131	86.0991	109.131	86.0848	109.131	86.059	109.131	86.0311	109.131	85.9893	109.131	85.9494	109.131	85.8931	109.131	85.8434	109.131	85.7751	109.131	85.7188	109.131	85.6414	109.131	85.5825	109.131	85.4995	109.131	85.4429	109.131	85.3582	109.131	85.3093	109.131	85.2264	109.131	85.1905	109.131	85.1124	109.131	85.0938	109.131	85.0228	109.131	85.0237	109.131	84.9611	109.131	84.9805	109.131	84.9269	109.131	84.9607	109.131	84.9166	109.131	84.9579	109.131	84.9233	109.131	84.964	109.131	84.9392	109.131	84.9715	109.131	84.9566	109.131	84.9743	109.131	84.9693
112.793	85.9392	112.793	85.9286	112.793	85.9163	112.793	85.8853	112.793	85.8604	112.793	85.8122	112.793	85.7743	112.793	85.7138	112.793	85.6622	112.793	85.5965	112.793	85.5304	112.793	85.4678	112.793	85.3867	112.793	85.3367	112.793	85.2406	112.793	85.212	112.793	85.1023	112.793	85.1022	112.793	84.982	112.793	85.014	112.793	84.8884	112.793	84.9512	112.793	84.8267	112.793	84.9143	112.793	84.798	112.793	84.9005	112.793	84.7984	112.793	84.9037	112.793	84.8201	112.793	84.9163	112.793	84.8534	112.793	84.93	112.793	84.8883	112.793	84.9375	112.793	84.9169	112.793	84.9338
116.455	86.0461	116.455	86.0227	116.455	86.0296	116.455	85.96	116.455	85.9742	116.455	85.8606	116.455	85.8827	116.455	85.7293	116.455	85.7596	116.455	85.5731	116.455	85.611	116.455	85.4014	116.455	85.4448	116.455	85.2256	116.455	85.2706	116.455	85.0584	116.455	85.0995	116.455	84.9124	116.455	84.9434	116.455	84.7977	116.455	84.8132	116.455	84.7206	116.455	84.7176	116.455	84.6813	116.455	84.6608	116.455	84.6747	116.455	84.6413	116.455	84.6912	116.455	84.652	116.455	84.7189	116.455	84.6816	116.455	84.7461	116.455	84.7174	116.455	84.7631	116.455	84.7477	116.455	84.7641
120.85	86.3395	120.85	86.3185	120.85	86.3186	120.85	86.2552	120.85	86.2575	120.85	86.1512	120.85	86.1598	120.85	86.01	120.85	86.0305	120.85	85.8375	120.85	85.876	120.85	85.642	120.85	85.7046	120.85	85.4347	120.85	85.5257	120.85	85.229	120.85	85.3499	120.85	85.0396	120.85	85.1879	120.85	84.8803	120.85	85.0491	120.85	84.7618	120.85	84.9405	120.85	84.6888	120.85	84.8648	120.85	84.6591	120.85	84.8203	120.85	84.6642	120.85	84.8007	120.85	84.6915	120.85	84.7969	120.85	84.7276	120.85	84.7988	120.85	84.7613	120.85	84.797	120.85	84.7853
125.244	86.5434	125.244	86.5297	125.244	86.5158	125.244	86.4754	125.244	86.4474	125.244	86.3826	125.244	86.3403	125.244	86.2545	125.244	86.1979	125.244	86.0961	125.244	86.026	125.244	85.914	125.244	85.8324	125.244	85.717	125.244	85.6273	125.244	85.5161	125.244	85.423	125.244	85.3238	125.244	85.2332	125.244	85.153	125.244	85.0712	125.244	85.015	125.244	84.9476	125.244	84.9172	125.244	84.868	125.244	84.8614	125.244	84.8308	125.244	84.8424	125.244	84.8281	125.244	84.8499	125.244	84.8469	125.244	84.8702	125.244	84.8726	125.244	84.89	125.244	84.8927	125.244	84.899
129.639	86.4153	129.639	86.399	129.639	86.3936	129.639	86.3452	129.639	86.3345	129.639	86.2561	129.639	86.2403	129.639	86.1355	129.639	86.1147	129.639	85.9888	129.639	85.9633	129.639	85.8238	129.639	85.7935	129.639	85.6499	129.639	85.6146	129.639	85.4786	129.639	85.4372	129.639	85.3217	129.639	85.2729	129.639	85.19	129.639	85.1322	129.639	85.0911	129.639	85.0235	129.639	85.0276	129.639	84.9512	129.639	84.9965	129.639	84.9147	129.639	84.9898	129.639	84.9089	129.639	84.9966	129.639	84.9249	129.639	85.006	129.639	84.952	129.639	85.0089	129.639	84.9799	129.639	85.0004
134.033	86.2592	134.033	86.2464	134.033	86.23	134.033	86.1918	134.033	86.1597	134.033	86.0977	134.033	86.0509	134.033	85.9675	134.033	85.908	134.033	85.8073	134.033	85.7374	134.033	85.6255	134.033	85.5477	134.033	85.4333	134.033	85.3499	134.033	85.2444	134.033	85.1573	134.033	85.0739	134.033	84.9846	134.033	84.9361	134.033	84.8455	134.033	84.841	134.033	84.7509	134.033	84.7925	134.033	84.7054	134.033	84.7862	134.033	84.7059	134.033	84.8109	134.033	84.7416	134.033	84.8511	134.033	84.7965	134.033	84.8909	134.033	84.8534	134.033	84.9168	134.033	84.8978	134.033	84.9201
138.428	86.1746	138.428	86.1496	138.428	86.1545	138.428	86.0801	138.428	86.09	138.428	85.9687	138.428	85.9834	138.428	85.8195	138.428	85.8385	138.428	85.6391	138.428	85.6614	138.428	85.4367	138.428	85.4603	138.428	85.2242	138.428	85.246	138.428	85.0161	138.428	85.0319	138.428	84.8281	138.428	84.8328	138.428	84.675	138.428	84.6643	138.428	84.5671	138.428	84.5391	138.428	84.5081	138.428	84.4648	138.428	84.4937	138.428	84.4411	138.428	84.5124	138.428	84.4591	138.428	84.549	138.428	84.5032	138.428	84.5872	138.428	84.5546	138.428	84.6131	138.428	84.5965	138.428	84.6173
143.555	86.3427	143.555	86.3136	143.555	86.3227	143.555	86.2353	143.555	86.255	143.555	86.1092	143.555	86.1428	143.555	85.9385	143.555	85.991	143.555	85.729	143.555	85.8067	143.555	85.49	143.555	85.5997	143.555	85.2347	143.555	85.3821	143.555	84.9817	143.555	85.1684	143.555	84.7527	143.555	84.9743	143.555	84.5704	143.555	84.8143	143.555	84.4519	143.555	84.6996	143.555	84.4041	143.555	84.6351	143.555	84.4203	143.555	84.618	143.555	84.4825	143.555	84.6376	143.555	84.5668	143.555	84.6776	143.555	84.6497	143.555	84.7196	143.555	84.7131	143.555	84.7466	143.555	84.7462
148.682	86.4856	148.682	86.4651	148.682	86.4566	148.682	86.3955	148.682	86.3786	148.682	86.2785	148.682	86.2539	148.682	86.1169	148.682	86.0863	148.682	85.9151	148.682	85.8822	148.682	85.6796	148.682	85.6503	148.682	85.4206	148.682	85.4022	148.682	85.1525	148.682	85.1525	148.682	84.8945	148.682	84.9181	148.682	84.6691	148.682	84.7166	148.682	84.4978	148.682	84.5631	148.682	84.3947	148.682	84.4672	148.682	84.3611	148.682	84.4289	148.682	84.3842	148.682	84.4387	148.682	84.4409	148.682	84.4789	148.682	84.5052	148.682	84.5278	148.682	84.555	148.682	84.5652	148.682	84.5763
153.809	86.3149	153.809	86.2793	153.809	86.3041	153.809	86.1988	153.809	86.2465	153.809	86.0758	153.809	86.1429	153.809	85.9137	153.809	85.9958	153.809	85.7172	153.809	85.8104	153.809	85.493	153.809	85.595	153.809	85.2505	153.809	85.3613	153.809	85.003	153.809	85.1246	153.809	84.7672	153.809	84.9022	153.809	84.5631	153.809	84.711	153.809	84.4097	153.809	84.5649	153.809	84.3202	153.809	84.4712	153.809	84.2961	153.809	84.429	153.809	84.3256	153.809	84.4296	153.809	84.3866	153.809	84.4578	153.809	84.4538	153.809	84.4953	153.809	84.5058	153.809	84.5241	153.809	84.53
159.668	86.1228	159.668	86.0964	159.668	86.0985	159.668	86.0192	159.668	86.025	159.668	85.8928	159.668	85.9047	159.668	85.7208	159.668	85.7413	159.668	85.5097	159.668	85.5401	159.668	85.2687	159.668	85.3093	159.668	85.0108	159.668	85.0613	159.668	84.7523	159.668	84.8131	159.668	84.5119	159.668	84.5862	159.668	84.3093	159.668	84.4025	159.668	84.1621	159.668	84.2794	159.668	84.0811	159.668	84.2231	159.668	84.0673	159.668	84.2263	159.668	84.1098	159.668	84.2704	159.668	84.1882	159.668	84.3308	159.668	84.2775	159.668	84.3837	159.668	84.3543	159.668	84.4108	159.668	84.4015
164.795	86.2889	164.795	86.2707	164.795	86.2453	164.795	86.19	164.795	86.1412	164.795	86.0475	164.795	85.9792	164.795	85.8456	164.795	85.7638	164.795	85.5895	164.795	85.5018	164.795	85.2889	164.795	85.2047	164.795	84.9599	164.795	84.8894	164.795	84.6263	164.795	84.58	164.795	84.319	164.795	84.3061	164.795	84.0722	164.795	84.0983	164.795	83.9144	164.795	83.9797	164.795	83.8592	164.795	83.957	164.795	83.8987	164.795	84.0166	164.795	84.0067	164.795	84.1288	164.795	84.147	164.795	84.2569	164.795	84.284	164.795	84.3666	164.795	84.3884	164.795	84.4327	164.795	84.4409
170.654	86.4914	170.654	86.4947	170.654	86.4379	170.654	86.4462	170.654	86.3354	170.654	86.344	170.654	86.185	170.654	86.1867	170.654	85.988	170.654	85.9736	170.654	85.747	170.654	85.7064	170.654	85.4672	170.654	85.3905	170.654	85.1582	170.654	85.0382	170.654	84.8357	170.654	84.6706	170.654	84.5226	170.654	84.3189	170.654	84.2473	170.654	84.0225	170.654	84.0383	170.654	83.8185	170.654	83.915	170.654	83.728	170.654	83.8795	170.654	83.7445	170.654	83.9142	170.654	83.8343	170.654	83.9873	170.654	83.9511	170.654	84.063	170.654	84.052	170.654	84.1102	170.654	84.1086
176.514	86.1315	176.514	86.1424	176.514	86.065	176.514	86.0963	176.514	85.9454	176.514	85.994	176.514	85.7765	176.514	85.8386	176.514	85.5631	176.514	85.6354	176.514	85.311	176.514	85.3928	176.514	85.0285	176.514	85.122	176.514	84.7283	176.514	84.8371	176.514	84.4293	176.514	84.5561	176.514	84.157	176.514	84.3	176.514	83.9401	176.514	84.0911	176.514	83.8028	176.514	83.949	176.514	83.7558	176.514	83.884	176.514	83.79	176.514	83.8919	176.514	83.879	176.514	83.9531	176.514	83.9881	176.514	84.0371	176.514	84.0843	176.514	84.1119	176.514	84.1431	176.514	84.152
183.105	86.3252	183.105	86.2926	183.105	86.286	183.105	86.1917	183.105	86.173	183.105	86.0274	183.105	85.986	183.105	85.8066	183.105	85.7269	183.105	85.5381	183.105	85.4002	183.105	85.2338	183.105	85.0154	183.105	84.9101	183.105	84.5892	183.105	84.5882	183.105	84.1491	183.105	84.2942	183.105	83.7351	183.105	84.0552	183.105	83.3968	183.105	83.8932	183.105	83.1824	183.105	83.8182	183.105	83.1197	183.105	83.824	183.105	83.2014	183.105	83.8894	183.105	83.3866	183.105	83.9829	183.105	83.617	183.105	84.0694	183.105	83.8367	183.105	84.1163	183.105	84.0046	183.105	84.0989
189.697	86.5642	189.697	86.5267	189.697	86.5399	189.697	86.4271	189.697	86.454	189.697	86.2654	189.697	86.3067	189.697	86.0426	189.697	86.0982	189.697	85.7612	189.697	85.8296	189.697	85.427	189.697	85.5042	189.697	85.0511	189.697	85.1301	189.697	84.6526	189.697	84.7229	189.697	84.2601	189.697	84.3092	189.697	83.9112	189.697	83.9269	189.697	83.6451	189.697	83.6204	189.697	83.4901	189.697	83.4277	189.697	83.4506	189.697	83.3632	189.697	83.5029	189.697	83.4093	189.697	83.605	189.697	83.5226	189.697	83.7112	189.697	83.6519	189.697	83.7842	189.697	83.7538	189.697	83.801
196.289	86.3756	196.289	86.3226	196.289	86.3605	196.289	86.2009	196.289	86.2787	196.289	86.0111	196.289	86.1327	196.289	85.7559	196.289	85.925	196.289	85.4402	196.289	85.6589	196.289	85.0732	196.289	85.3395	196.289	84.6704	196.289	84.9753	196.289	84.2562	196.289	84.5813	196.289	83.8651	196.289	84.1822	196.289	83.5392	196.289	83.8137	196.289	83.318	196.289	83.5175	196.289	83.2239	196.289	83.3302	196.289	83.2502	196.289	83.2674	196.289	83.3625	196.289	83.3152	196.289	83.5112	196.289	83.4343	196.289	83.6472	196.289	83.5747	196.289	83.7331	196.289	83.6902	196.289	83.7482
202.881	86.4857	202.881	86.4843	202.881	86.423	202.881	86.4188	202.881	86.2953	202.881	86.2874	202.881	86.1017	202.881	86.0863	202.881	85.8427	202.881	85.8112	202.881	85.522	202.881	85.4591	202.881	85.1478	202.881	85.0327	202.881	84.7351	202.881	84.5464	202.881	84.307	202.881	84.0324	202.881	83.8966	202.881	83.5443	202.881	83.5437	202.881	83.1496	202.881	83.2879	202.881	82.9078	202.881	83.1548	202.881	82.8409	202.881	83.1434	202.881	82.9207	202.881	83.2232	202.881	83.0858	202.881	83.3451	202.881	83.2702	202.881	83.4575	202.881	83.4223	202.881	83.5201	202.881	83.51
210.205	86.8424	210.205	86.8254	210.205	86.7966	210.205	86.7493	210.205	86.6843	210.205	86.6178	210.205	86.5015	210.205	86.4346	210.205	86.2442	210.205	86.2028	210.205	85.9091	210.205	85.9254	210.205	85.4969	210.205	85.6053	210.205	85.0157	210.205	85.2473	210.205	84.487	210.205	84.8614	210.205	83.9503	210.205	84.4665	210.205	83.4634	210.205	84.0929	210.205	83.0905	210.205	83.7794	210.205	82.8792	210.205	83.5617	210.205	82.8371	210.205	83.4546	210.205	82.9285	210.205	83.4404	210.205	83.0932	210.205	83.4747	210.205	83.2696	210.205	83.5052	210.205	83.4109	210.205	83.4906
217.529	86.9075	217.529	86.8397	217.529	86.9046	217.529	86.7029	217.529	86.8304	217.529	86.5008	217.529	86.6858	217.529	86.2387	217.529	86.4726	217.529	85.9242	217.529	86.1925	217.529	85.5685	217.529	85.8483	217.529	85.1886	217.529	85.445	217.529	84.8096	217.529	84.9942	217.529	84.4652	217.529	84.5202	217.529	84.1937	217.529	84.0643	217.529	84.0265	217.529	83.6833	217.529	83.9742	217.529	83.4349	217.529	84.0195	217.529	83.3532	217.529	84.1218	217.529	83.4296	217.529	84.2319	217.529	83.6165	217.529	84.3049	217.529	83.8492	217.529	84.3089	217.529	84.0677	217.529	84.2286
225.586	86.9925	225.586	86.9108	225.586	87.0002	225.586	86.7532	225.586	86.935	225.586	86.5173	225.586	86.7969	225.586	86.2011	225.586	86.5854	225.586	85.8051	225.586	86.3012	225.586	85.3355	225.586	85.9482	225.586	84.8095	225.586	85.5371	225.586	84.262	225.586	85.0889	225.586	83.7501	225.586	84.638	225.586	83.3485	225.586	84.233	225.586	83.1259	225.586	83.929	225.586	83.1102	225.586	83.7694	225.586	83.2703	225.586	83.7634	225.586	83.534	225.586	83.8769	225.586	83.8228	225.586	84.048	225.586	84.0753	225.586	84.2114	225.586	84.2523	225.586	84.3167	225.586	84.3342
232.91	87.3681	232.91	87.3598	232.91	87.3127	232.91	87.2856	232.91	87.1937	232.91	87.1402	232.91	87.0096	232.91	86.9159	232.91	86.7588	232.91	86.6029	232.91	86.4401	232.91	86.1918	232.91	86.0551	232.91	85.6773	232.91	85.611	232.91	85.0644	232.91	85.125	232.91	84.3791	232.91	84.6296	232.91	83.6828	232.91	84.1743	232.91	83.081	232.91	83.8189	232.91	82.7019	232.91	83.6138	232.91	82.6273	232.91	83.5742	232.91	82.8272	232.91	83.6673	232.91	83.1801	232.91	83.8261	232.91	83.5512	232.91	83.9755	232.91	83.8454	232.91	84.0527	232.91	84.0157
241.699	87.4342	241.699	87.4091	241.699	87.3935	241.699	87.3208	241.699	87.2836	241.699	87.1703	241.699	87.1009	241.699	86.9567	241.699	86.8425	241.699	86.6788	241.699	86.506	241.699	86.3373	241.699	86.0907	241.699	85.9384	241.699	85.5998	241.699	85.4969	241.699	85.046	241.699	85.0379	241.699	84.4613	241.699	84.5966	241.699	83.9076	241.699	84.2153	241.699	83.4744	241.699	83.9374	241.699	83.2479	241.699	83.7952	241.699	83.2571	241.699	83.7933	241.699	83.4484	241.699	83.8977	241.699	83.7195	241.699	84.0454	241.699	83.9735	241.699	84.1678	241.699	84.1469	241.699	84.2111
249.756	87.5585	249.756	87.5194	249.756	87.522	249.756	87.4029	249.756	87.4119	249.756	87.208	249.756	87.2298	249.756	86.9335	249.756	86.9762	249.756	86.5779	249.756	86.65	249.756	86.1422	249.756	86.25	249.756	85.6365	249.756	85.7784	249.756	85.0915	249.756	85.246	249.756	84.5675	249.756	84.6809	249.756	84.1498	249.756	84.1376	249.756	83.916	249.756	83.7	249.756	83.8907	249.756	83.4615	249.756	84.0303	249.756	83.4729	249.756	84.2556	249.756	83.6999	249.756	84.4909	249.756	84.0392	249.756	84.68	249.756	84.3778	249.756	84.7831	249.756	84.6354	249.756	84.7729
258.545	87.6825	258.545	87.6412	258.545	87.6677	258.545	87.54	258.545	87.5997	258.545	87.3722	258.545	87.4793	258.545	87.1268	258.545	87.3048	258.545	86.7862	258.545	87.0705	258.545	86.3267	258.545	86.7676	258.545	85.7223	258.545	86.3858	258.545	84.9562	258.545	85.9178	258.545	84.0427	258.545	85.3656	258.545	83.0639	258.545	84.7501	258.545	82.2101	258.545	84.124	258.545	81.743	258.545	83.5798	258.545	81.8002	258.545	83.2311	258.545	82.2469	258.545	83.1471	258.545	82.8195	258.545	83.2892	258.545	83.3196	258.545	83.5289	258.545	83.651	258.545	83.7263	258.545	83.7833
268.066	87.3792	268.066	87.4396	268.066	87.2464	268.066	87.4167	268.066	87.0539	268.066	87.3045	268.066	86.8122	268.066	87.1042	268.066	86.5266	268.066	86.8233	268.066	86.1974	268.066	86.4714	268.066	85.8226	268.066	86.0542	268.066	85.4062	268.066	85.5711	268.066	84.9676	268.066	85.0228	268.066	84.5476	268.066	84.4299	268.066	84.2024	268.066	83.8568	268.066	83.983	268.066	83.4153	268.066	83.9096	268.066	83.2166	268.066	83.9623	268.066	83.2872	268.066	84.0927	268.066	83.5437	268.066	84.2429	268.066	83.8601	268.066	84.3575	268.066	84.1373	268.066	84.3926	268.066	84.3212
277.588	87.7103	277.588	87.7192	277.588	87.6265	277.588	87.6531	277.588	87.4653	277.588	87.5062	277.588	87.2234	277.588	87.2675	277.588	86.8989	277.588	86.9224	277.588	86.4923	277.588	86.4577	277.588	86.0061	277.588	85.8673	277.588	85.4483	277.588	85.1613	277.588	84.8389	277.588	84.3798	277.588	84.2197	277.588	83.6105	277.588	83.6629	277.588	82.9939	277.588	83.2622	277.588	82.678	277.588	83.0977	277.588	82.7198	277.588	83.185	277.588	83.0356	277.588	83.4574	277.588	83.4688	277.588	83.8016	277.588	83.8808	277.588	84.1081	277.588	84.1824	277.588	84.2977	277.588	84.3266
287.109	87.7665	287.109	87.7164	287.109	87.7568	287.109	87.6245	287.109	87.6671	287.109	87.4998	287.109	87.4792	287.109	87.3372	287.109	87.1787	287.109	87.1169	287.109	86.7539	287.109	86.8099	287.109	86.1956	287.109	86.3845	287.109	85.5009	287.109	85.8158	287.109	84.6885	287.109	85.0981	287.109	83.8242	287.109	84.2691	287.109	83.0463	287.109	83.447	287.109	82.539	287.109	82.8372	287.109	82.4152	287.109	82.6254	287.109	82.6153	287.109	82.8021	287.109	82.9719	287.109	83.1733	287.109	83.3391	287.109	83.5378	287.109	83.6358	287.109	83.7845	287.109	83.8233	287.109	83.8786
297.363	87.5695	297.363	87.5776	297.363	87.4757	297.363	87.4944	297.363	87.311	297.363	87.3278	297.363	87.0905	297.363	87.0946	297.363	86.821	297.363	86.8091	297.363	86.4945	297.363	86.4701	297.363	86.0859	297.363	86.0571	297.363	85.5562	297.363	85.5406	297.363	84.8636	297.363	84.8969	297.363	83.9869	297.363	84.124	297.363	82.973	297.363	83.2729	297.363	82.0194	297.363	82.5054	297.363	81.5069	297.363	82.1194	297.363	81.7338	297.363	82.35	297.363	82.5338	297.363	83.0637	297.363	83.4752	297.363	83.8812	297.363	84.2455	297.363	84.5036	297.363	84.7018	297.363	84.7908
307.617	87.8479	307.617	87.8011	307.617	87.8286	307.617	87.6875	307.617	87.7361	307.617	87.4986	307.617	87.5577	307.617	87.2208	307.617	87.2779	307.617	86.8392	307.617	86.8828	307.617	86.3418	307.617	86.3629	307.617	85.7251	307.617	85.7143	307.617	85.0039	307.617	84.9413	307.617	84.2283	307.617	84.0633	307.617	83.493	307.617	83.1369	307.617	82.9142	307.617	82.2891	307.617	82.5705	307.617	81.7185	307.617	82.4637	307.617	81.5829	307.617	82.5408	307.617	81.8424	307.617	82.7272	307.617	82.2888	307.617	82.9397	307.617	82.7169	307.617	83.0971	307.617	83.0112	307.617	83.1345
318.604	87.8193	318.604	87.7999	318.604	87.7625	318.604	87.7093	318.604	87.6254	318.604	87.55	318.604	87.4053	318.604	87.3212	318.604	87.1006	318.604	87.0168	318.604	86.7073	318.604	86.6249	318.604	86.2143	318.604	86.1249	318.604	85.6009	318.604	85.4881	318.604	84.8378	318.604	84.6893	318.604	83.9001	318.604	83.7371	318.604	82.8046	318.604	82.7257	318.604	81.6846	318.604	81.8808	318.604	80.8674	318.604	81.4883	318.604	80.7249	318.604	81.6433	318.604	81.2416	318.604	82.1401	318.604	82.0162	318.604	82.6872	318.604	82.6943	318.604	83.0876	318.604	83.1169	318.604	83.2447
329.59	88.4717	329.59	88.3891	329.59	88.5005	329.59	88.2515	329.59	88.4733	329.59	88.0554	329.59	88.3824	329.59	87.7928	329.59	88.2129	329.59	87.4489	329.59	87.9434	329.59	87.0007	329.59	87.5486	329.59	86.4199	329.59	87.0019	329.59	85.6835	329.59	86.2782	329.59	84.7918	329.59	85.3559	329.59	83.7949	329.59	84.2254	329.59	82.8176	329.59	82.9169	329.59	82.0524	329.59	81.5719	329.59	81.6701	329.59	80.5357	329.59	81.6868	329.59	80.2286	329.59	81.9499	329.59	80.6585	329.59	82.2534	329.59	81.3841	329.59	82.4293	329.59	82.0103	329.59	82.3665
341.309	88.0398	341.309	88.0013	341.309	88.0342	341.309	87.9139	341.309	87.9899	341.309	87.771	341.309	87.9119	341.309	87.5601	341.309	87.7977	341.309	87.2628	341.309	87.6305	341.309	86.8577	341.309	87.3775	341.309	86.3219	341.309	86.9973	341.309	85.6287	341.309	86.4541	341.309	84.7472	341.309	85.7342	341.309	83.6712	341.309	84.863	341.309	82.5049	341.309	83.9244	341.309	81.5837	341.309	83.0765	341.309	81.3612	341.309	82.527	341.309	81.8669	341.309	82.4162	341.309	82.6435	341.309	82.6872	341.309	83.2945	341.309	83.1275	341.309	83.6624	341.309	83.5213	341.309	83.726
353.76	87.9763	353.76	87.9835	353.76	87.8869	353.76	87.908	353.76	87.7221	353.76	87.7564	353.76	87.4902	353.76	87.5374	353.76	87.1966	353.76	87.2512	353.76	86.84	353.76	86.8799	353.76	86.4116	353.76	86.3864	353.76	85.894	353.76	85.7257	353.76	85.2644	353.76	84.8643	353.76	84.5045	353.76	83.8056	353.76	83.6252	353.76	82.6279	353.76	82.7127	353.76	81.5483	353.76	81.9751	353.76	80.9393	353.76	81.6811	353.76	81.0659	353.76	81.9123	353.76	81.7362	353.76	82.4488	353.76	82.5147	353.76	82.9884	353.76	83.1018	353.76	83.3306	353.76	83.3798
366.211	87.9071	366.211	87.9904	366.211	87.7811	366.211	88.0216	366.211	87.6272	366.211	87.9932	366.211	87.4644	366.211	87.8942	366.211	87.3056	366.211	87.7065	366.211	87.1433	366.211	87.4015	366.211	86.9386	366.211	86.9408	366.211	86.6224	366.211	86.2794	366.211	86.1094	366.211	85.376	366.211	85.3212	366.211	84.2146	366.211	84.2232	366.211	82.854	366.211	82.8895	366.211	81.5211	366.211	81.6067	366.211	80.665	366.211	80.8817	366.211	80.6491	366.211	81.0161	366.211	81.2829	366.211	81.7026	366.211	82.0786	366.211	82.4332	366.211	82.6996	366.211	82.9012	366.211	82.993
378.662	87.5919	378.662	87.5769	378.662	87.5411	378.662	87.5074	378.662	87.4263	378.662	87.4053	378.662	87.2572	378.662	87.2912	378.662	87.0417	378.662	87.168	378.662	86.774	378.662	87.0096	378.662	86.4301	378.662	86.762	378.662	85.9732	378.662	86.3521	378.662	85.3692	378.662	85.6997	378.662	84.6056	378.662	84.736	378.662	83.7137	378.662	83.4576	378.662	82.804	378.662	82.0563	378.662	82.0974	378.662	81.0764	378.662	81.8497	378.662	81.0857	378.662	82.1167	378.662	81.8727	378.662	82.6736	378.662	82.7824	378.662	83.2358	378.662	83.4281	378.662	83.614	378.662	83.7001
392.578	87.7696	392.578	87.7109	392.578	87.7802	392.578	87.6409	392.578	87.7164	392.578	87.5958	392.578	87.5627	392.578	87.5883	392.578	87.3101	392.578	87.5862	392.578	86.9506	392.578	87.5126	392.578	86.4744	392.578	87.2704	392.578	85.8688	392.578	86.7701	392.578	85.1115	392.578	85.9449	392.578	84.1569	392.578	84.7542	392.578	82.9357	392.578	83.203	392.578	81.4231	392.578	81.4462	392.578	79.8842	392.578	80.0403	392.578	79.1884	392.578	79.8327	392.578	79.929	392.578	80.7611	392.578	81.2957	392.578	81.9368	392.578	82.4406	392.578	82.8093	392.578	83.09	392.578	83.208
405.762	87.3599	405.762	87.3188	405.762	87.3408	405.762	87.207	405.762	87.2701	405.762	87.0224	405.762	87.1567	405.762	86.7837	405.762	87.016	405.762	86.528	405.762	86.8629	405.762	86.2843	405.762	86.6851	405.762	86.0423	405.762	86.4248	405.762	85.7489	405.762	85.9899	405.762	85.3321	405.762	85.2863	405.762	84.7264	405.762	84.2493	405.762	83.8959	405.762	82.888	405.762	82.8863	405.762	81.3919	405.762	81.9261	405.762	80.2885	405.762	81.4359	405.762	80.1893	405.762	81.6366	405.762	80.9498	405.762	82.2111	405.762	81.8898	405.762	82.6996	405.762	82.5719	405.762	82.8471
420.41	88.4357	420.41	88.3668	420.41	88.4001	420.41	88.1798	420.41	88.2797	420.41	87.8721	420.41	88.0908	420.41	87.4556	420.41	87.8396	420.41	86.956	420.41	87.5183	420.41	86.4003	420.41	87.0986	420.41	85.7872	420.41	86.5225	420.41	85.0623	420.41	85.7037	420.41	84.1328	420.41	84.546	420.41	82.918	420.41	82.9625	420.41	81.4329	420.41	80.901	420.41	79.9478	420.41	78.4999	420.41	79.1383	420.41	76.7484	420.41	79.5224	420.41	77.3167	420.41	80.6289	420.41	79.2895	420.41	81.7165	420.41	81.037	420.41	82.41	420.41	82.1317	420.41	82.5708
435.059	88.3414	435.059	88.2108	435.059	88.3628	435.059	88.0096	435.059	88.2746	435.059	87.7952	435.059	88.1059	435.059	87.606	435.059	87.8907	435.059	87.4337	435.059	87.6485	435.059	87.2305	435.059	87.3774	435.059	86.9345	435.059	87.0418	435.059	86.4846	435.059	86.5571	435.059	85.8118	435.059	85.8012	435.059	84.8213	435.059	84.6537	435.059	83.3903	435.059	83.0396	435.059	81.4336	435.059	81.0074	435.059	79.1982	435.059	78.9843	435.059	77.8833	435.059	78.0817	435.059	78.5389	435.059	78.8498	435.059	79.9711	435.059	80.1879	435.059	81.0486	435.059	81.1585	435.059	81.462
450.439	87.295	450.439	87.3365	450.439	87.2717	450.439	87.3671	450.439	87.2837	450.439	87.3665	450.439	87.3289	450.439	87.3384	450.439	87.3864	450.439	87.295	450.439	87.4254	450.439	87.2223	450.439	87.4218	450.439	87.0602	450.439	87.3638	450.439	86.7066	450.439	87.2266	450.439	86.0356	450.439	86.9375	450.439	84.93	450.439	86.3805	450.439	83.3547	450.439	85.4468	450.439	81.5338	450.439	84.1182	450.439	80.1892	450.439	82.5937	450.439	80.0153	450.439	81.3835	450.439	80.5863	450.439	80.9535	450.439	81.1643	450.439	81.1232	450.439	81.49	450.439	81.4118	450.439	81.5599
466.553	87.6528	466.553	87.7224	466.553	87.393	466.553	87.6129	466.553	86.9807	466.553	87.3704	466.553	86.5103	466.553	87.0661	466.553	86.1057	466.553	86.7795	466.553	85.8432	466.553	86.561	466.553	85.6857	466.553	86.3874	466.553	85.5193	466.553	86.15	466.553	85.2366	466.553	85.6904	466.553	84.7521	466.553	84.8456	466.553	83.9588	466.553	83.4669	466.553	82.7337	466.553	81.451	466.553	81.0915	466.553	79.0365	466.553	79.5507	466.553	77.7541	466.553	79.1963	466.553	78.9174	466.553	80.133	466.553	80.7024	466.553	81.3194	466.553	81.8919	466.553	82.1217	466.553	82.3422
482.666	88.0635	482.666	87.8918	482.666	88.0674	482.666	87.5976	482.666	87.8888	482.666	87.2596	482.666	87.5587	482.666	86.9781	482.666	87.1759	482.666	86.8189	482.666	86.8714	482.666	86.7448	482.666	86.6817	482.666	86.6216	482.666	86.4703	482.666	86.2988	482.666	86.0252	482.666	85.667	482.666	85.1847	482.666	84.6592	482.666	83.8597	482.666	83.2398	482.666	81.9954	482.666	81.4722	482.666	79.6347	482.666	79.8087	482.666	77.5921	482.666	79.3027	482.666	77.9236	482.666	80.256	482.666	79.9699	482.666	81.6082	482.666	81.7362	482.666	82.6012	482.666	82.7376	482.666	83.003
500.244	87.8269	500.244	87.6734	500.244	87.8267	500.244	87.384	500.244	87.6614	500.244	86.9783	500.244	87.335	500.244	86.4992	500.244	86.8789	500.244	86.0477	500.244	86.3757	500.244	85.7535	500.244	85.9534	500.244	85.6558	500.244	85.6884	500.244	85.6346	500.244	85.4836	500.244	85.4749	500.244	85.1026	500.244	84.9423	500.244	84.3241	500.244	83.8039	500.244	83.0432	500.244	81.8585	500.244	81.3318	500.244	79.2014	500.244	79.6229	500.244	77.3942	500.244	78.9029	500.244	78.466	500.244	79.624	500.244	80.3748	500.244	80.8443	500.244	81.6081	500.244	81.7415	500.244	82.0328
517.822	88.3224	517.822	88.2776	517.822	88.2163	517.822	88.0427	517.822	87.997	517.822	87.5975	517.822	87.6866	517.822	86.9715	517.822	87.3014	517.822	86.2937	517.822	86.8918	517.822	85.8057	517.822	86.5578	517.822	85.691	517.822	86.3626	517.822	85.8046	517.822	86.211	517.822	85.7575	517.822	85.871	517.822	85.2241	517.822	85.0973	517.822	84.0377	517.822	83.689	517.822	82.1095	517.822	81.4603	517.822	79.4023	517.822	78.2238	517.822	76.7028	517.822	74.5934	517.822	76.9689	517.822	74.8506	517.822	79.2444	517.822	77.9457	517.822	80.7571	517.822	80.1242	517.822	81.0437
536.133	88.2932	536.133	88.2209	536.133	88.2109	536.133	87.9822	536.133	88.0125	536.133	87.6134	536.133	87.7245	536.133	87.1849	536.133	87.3457	536.133	86.7477	536.133	86.8908	536.133	86.2824	536.133	86.4488	536.133	85.7289	536.133	86.1394	536.133	85.0909	536.133	85.9498	536.133	84.4532	536.133	85.6685	536.133	83.8053	536.133	85.0057	536.133	82.9069	536.133	83.6903	536.133	81.4436	536.133	81.4767	536.133	79.3157	536.133	78.2523	536.133	77.0121	536.133	75.2339	536.133	76.035	536.133	75.8924	536.133	77.1452	536.133	78.118	536.133	78.7273	536.133	79.4299	536.133	79.5973
554.443	87.9864	554.443	87.9136	554.443	87.8505	554.443	87.7335	554.443	87.4246	554.443	87.4756	554.443	86.7604	554.443	87.109	554.443	86.0689	554.443	86.6451	554.443	85.5748	554.443	86.2088	554.443	85.3247	554.443	85.9296	554.443	85.2314	554.443	85.7361	554.443	85.2277	554.443	85.3833	554.443	85.2296	554.443	84.6535	554.443	85.0228	554.443	83.4299	554.443	84.3177	554.443	81.6527	554.443	82.9356	554.443	79.4578	554.443	81.0427	554.443	77.8874	554.443	79.4771	554.443	78.332	554.443	79.2474	554.443	79.6941	554.443	79.963	554.443	80.6594	554.443	80.6872	554.443	80.9718
574.219	88.4767	574.219	88.4102	574.219	88.3001	574.219	88.07	574.219	87.8731	574.219	87.4544	574.219	87.155	574.219	86.6626	574.219	86.1709	574.219	85.917	574.219	85.1724	574.219	85.4858	574.219	84.6313	574.219	85.4976	574.219	84.7258	574.219	85.7898	574.219	85.0425	574.219	85.9993	574.219	85.0924	574.219	85.7894	574.219	84.6341	574.219	84.9467	574.219	83.5981	574.219	83.3153	574.219	81.9536	574.219	80.7538	574.219	79.7588	574.219	77.7679	574.219	77.8376	574.219	77.3266	574.219	78.0046	574.219	79.4088	574.219	79.6127	574.219	80.9673	574.219	80.9336	574.219	81.4373
594.727	89.1131	594.727	88.9788	594.727	89.0003	594.727	88.5659	594.727	88.6841	594.727	87.8704	594.727	88.1649	594.727	86.9156	594.727	87.3798	594.727	85.8027	594.727	86.3034	594.727	84.8085	594.727	85.1464	594.727	84.3168	594.727	84.4288	594.727	84.4184	594.727	84.4807	594.727	84.7833	594.727	84.9023	594.727	84.9725	594.727	85.014	594.727	84.5734	594.727	84.2964	594.727	83.1851	594.727	82.3596	594.727	80.5012	594.727	78.8869	594.727	77.2627	594.727	74.939	594.727	77.2641	594.727	76.0902	594.727	79.3871	594.727	78.9954	594.727	80.7012	594.727	80.5788	594.727	81.0668
615.234	89.0095	615.234	88.8523	615.234	88.9705	615.234	88.5405	615.234	88.6985	615.234	88.0884	615.234	88.1641	615.234	87.4521	615.234	87.3588	615.234	86.5702	615.234	86.3395	615.234	85.5014	615.234	85.2792	615.234	84.5722	615.234	84.4601	615.234	84.1824	615.234	84.0764	615.234	84.2115	615.234	83.9655	615.234	84.0875	615.234	83.7414	615.234	83.3608	615.234	83.0876	615.234	81.8037	615.234	81.7272	615.234	79.1863	615.234	79.2045	615.234	75.2254	615.234	75.1062	615.234	72.4557	615.234	73.6856	615.234	75.751	615.234	77.3104	615.234	78.8107	615.234	79.5775	615.234	80.0431
637.207	88.9359	637.207	88.922	637.207	88.6701	637.207	88.6291	637.207	88.1556	637.207	88.0556	637.207	87.4984	637.207	87.235	637.207	86.8085	637.207	86.2699	637.207	86.0716	637.207	85.2909	637.207	85.201	637.207	84.3939	637.207	84.3202	637.207	83.6941	637.207	83.8936	637.207	83.3692	637.207	84.0786	637.207	83.3272	637.207	84.2935	637.207	83.044	637.207	83.9105	637.207	81.9771	637.207	82.578	637.207	79.8105	637.207	80.2107	637.207	77.0032	637.207	77.2217	637.207	76.2629	637.207	75.1965	637.207	77.797	637.207	75.8247	637.207	78.8733	637.207	77.6083	637.207	78.7994
659.912	89.0539	659.912	88.9894	659.912	89.0592	659.912	88.8687	659.912	88.9023	659.912	88.5964	659.912	88.4283	659.912	88.0209	659.912	87.5317	659.912	87.04	659.912	86.2801	659.912	85.7724	659.912	85.0085	659.912	84.6857	659.912	84.192	659.912	84.239	659.912	83.9743	659.912	84.2734	659.912	84.0486	659.912	84.3393	659.912	84.0268	659.912	84.1238	659.912	83.5142	659.912	83.3446	659.912	82.1085	659.912	81.5508	659.912	79.5491	659.912	78.1122	659.912	76.1485	659.912	73.7866	659.912	75.0645	659.912	75.241	659.912	77.3657	659.912	78.1455	659.912	79.0802	659.912	79.3573
683.35	89.5004	683.35	89.3513	683.35	89.4263	683.35	88.9465	683.35	89.145	683.35	88.262	683.35	88.6281	683.35	87.309	683.35	87.7978	683.35	86.1463	683.35	86.6016	683.35	84.9244	683.35	85.1782	683.35	84.0586	683.35	84.0342	683.35	84.1276	683.35	83.7265	683.35	84.8533	683.35	84.0471	683.35	85.1761	683.35	84.3354	683.35	84.4355	683.35	84.1733	683.35	82.5267	683.35	83.2977	683.35	79.655	683.35	81.2782	683.35	76.4769	683.35	77.4521	683.35	75.261	683.35	74.0611	683.35	77.1889	683.35	77.2283	683.35	79.3437	683.35	79.7531	683.35	80.3172
706.787	89.0234	706.787	88.8893	706.787	88.9051	706.787	88.5568	706.787	88.5304	706.787	88.0559	706.787	87.9601	706.787	87.3413	706.787	87.2647	706.787	86.312	706.787	86.4239	706.787	84.8373	706.787	85.2878	706.787	82.8719	706.787	83.7928	706.787	81.0765	706.787	82.4884	706.787	81.0481	706.787	82.3325	706.787	82.2774	706.787	82.8451	706.787	83.023	706.787	82.8759	706.787	82.5313	706.787	81.9045	706.787	80.4283	706.787	79.6377	706.787	76.4214	706.787	75.7477	706.787	71.83	706.787	71.8312	706.787	72.8941	706.787	73.8041	706.787	75.5381	706.787	76.2521	706.787	76.742
731.689	88.223	731.689	88.2688	731.689	87.9628	731.689	88.0931	731.689	87.6376	731.689	87.7484	731.689	87.3657	731.689	87.1609	731.689	86.9922	731.689	86.1659	731.689	86.1678	731.689	84.8071	731.689	84.7214	731.689	83.4951	731.689	82.9678	731.689	82.5389	731.689	81.7419	731.689	81.8702	731.689	81.7942	731.689	81.7994	731.689	82.7126	731.689	82.3629	731.689	83.2812	731.689	82.4697	731.689	82.6475	731.689	81.0649	731.689	80.5394	731.689	77.5246	731.689	77.1552	731.689	72.3693	731.689	73.2772	731.689	73.2187	731.689	72.2829	731.689	76.046	731.689	75.0076	731.689	76.595
758.057	87.9226	758.057	87.939	758.057	87.9448	758.057	87.8898	758.057	87.8492	758.057	87.5634	758.057	87.3998	758.057	86.8795	758.057	86.5485	758.057	85.9014	758.057	85.4337	758.057	84.6467	758.057	84.1825	758.057	83.1796	758.057	82.9535	758.057	82.1646	758.057	82.2972	758.057	82.3431	758.057	82.4807	758.057	82.9	758.057	82.7574	758.057	82.8618	758.057	82.6293	758.057	82.0584	758.057	81.974	758.057	80.2423	758.057	80.3821	758.057	76.5333	758.057	77.0803	758.057	70.5487	758.057	72.0212	758.057	72.3628	758.057	73.6606	758.057	76.3271	758.057	77.1582	758.057	77.8911
784.424	87.7149	784.424	87.3904	784.424	87.7615	784.424	86.9482	784.424	87.4507	784.424	86.4501	784.424	86.8194	784.424	85.7995	784.424	85.9259	784.424	84.8158	784.424	84.8657	784.424	83.3391	784.424	83.6813	784.424	81.3577	784.424	81.9966	784.424	79.4128	784.424	79.5672	784.424	79.2875	784.424	78.7198	784.424	80.912	784.424	80.3045	784.424	81.929	784.424	81.285	784.424	81.5831	784.424	81.1381	784.424	80.0841	784.424	80.1891	784.424	77.842	784.424	78.2305	784.424	75.1112	784.424	74.8806	784.424	74.0217	784.424	73.576	784.424	75.4842	784.424	75.2728	784.424	76.1156
812.256	87.195	812.256	87.2626	812.256	87.0451	812.256	87.1861	812.256	86.9177	812.256	87.0085	812.256	86.7947	812.256	86.7224	812.256	86.5254	812.256	86.189	812.256	85.8445	812.256	85.2272	812.256	84.4819	812.256	83.6393	812.256	82.4667	812.256	81.1313	812.256	80.2448	812.256	77.8008	812.256	78.7092	812.256	76.9532	812.256	79.1946	812.256	79.2709	812.256	80.642	812.256	80.3471	812.256	80.8227	812.256	79.1217	812.256	79.0814	812.256	75.3359	812.256	75.3734	812.256	70.0014	812.256	70.4701	812.256	71.343	812.256	71.2559	812.256	74.7803	812.256	74.861	812.256	76.0875
840.82	86.7458	840.82	86.802	840.82	86.5692	840.82	86.7285	840.82	86.3031	840.82	86.5312	840.82	86.1324	840.82	86.2289	840.82	86.202	840.82	85.8118	840.82	86.1817	840.82	85.2047	840.82	85.5395	840.82	84.1955	840.82	84.1049	840.82	82.5739	840.82	82.1836	840.82	80.4292	840.82	80.1127	840.82	78.4977	840.82	78.5362	840.82	78.6391	840.82	78.8579	840.82	80.1265	840.82	79.5637	840.82	79.9331	840.82	78.4146	840.82	76.6896	840.82	74.7754	840.82	71.2059	840.82	70.6016	840.82	72.857	840.82	72.6836	840.82	74.6913	840.82	74.7198	840.82	75.0764
870.85	86.3683	870.85	86.3337	870.85	86.0982	870.85	85.9875	870.85	85.6128	870.85	85.4226	870.85	85.0667	870.85	84.744	870.85	84.5105	870.85	84.0936	870.85	83.8739	870.85	83.6646	870.85	83.3068	870.85	83.1478	870.85	82.8221	870.85	81.9406	870.85	81.7768	870.85	80.8001	870.85	80.2512	870.85	81.0644	870.85	80.3477	870.85	81.3606	870.85	81.6503	870.85	80.7606	870.85	81.9656	870.85	80.1748	870.85	80.9402	870.85	79.1259	870.85	78.2798	870.85	75.0435	870.85	72.3978	870.85	66.112	870.85	67.7619	870.85	72.5766	870.85	73.3443	870.85	74.884
901.611	86.7965	901.611	86.7017	901.611	86.9715	901.611	86.6101	901.611	86.7279	901.611	86.1537	901.611	85.98	901.611	85.5165	901.611	85.196	901.611	84.9308	901.611	84.3651	901.611	84.0146	901.611	82.8994	901.611	82.3681	901.611	80.6532	901.611	79.9168	901.611	78.3888	901.611	76.8788	901.611	76.8217	901.611	76.3647	901.611	76.9998	901.611	78.5756	901.611	78.9087	901.611	79.5887	901.611	79.7982	901.611	79.0427	901.611	79.2093	901.611	77.4239	901.611	77.7902	901.611	75.2294	901.611	75.1479	901.611	72.2981	901.611	69.9456	901.611	70.7085	901.611	70.3231	901.611	71.8172
933.105	86.2189	933.105	86.1484	933.105	86.1497	933.105	85.8325	933.105	85.9494	933.105	85.2214	933.105	85.3025	933.105	84.4025	933.105	84.6082	933.105	83.9129	933.105	84.7016	933.105	83.9077	933.105	84.9508	933.105	83.6292	933.105	83.9203	933.105	82.3294	933.105	81.0525	933.105	79.4722	933.105	77.0469	933.105	76.6493	933.105	76.303	933.105	77.7893	933.105	78.9157	933.105	79.4068	933.105	80.2658	933.105	79.0889	933.105	79.4598	933.105	76.3286	933.105	76.4423	933.105	71.3309	933.105	70.56	933.105	68.9321	933.105	67.2961	933.105	71.6863	933.105	71.2647	933.105	72.6704
966.064	86.9363	966.064	86.6134	966.064	86.6031	966.064	85.9734	966.064	85.8438	966.064	85.3263	966.064	85.006	966.064	84.6087	966.064	84.0945	966.064	83.9804	966.064	83.5168	966.064	83.4888	966.064	83.5713	966.064	82.6476	966.064	83.1715	966.064	81.595	966.064	82.0651	966.064	80.3881	966.064	80.4963	966.064	78.145	966.064	77.921	966.064	76.7993	966.064	75.663	966.064	78.6389	966.064	77.0302	966.064	78.2783	966.064	76.876	966.064	75.1185	966.064	74.068	966.064	69.8189	966.064	70.2861	966.064	70.6213	966.064	68.783	966.064	73.9493	966.064	71.749	966.064	74.3534
999.756	85.6439	999.756	85.6356	999.756	85.1749	999.756	85.1717	999.756	84.7678	999.756	84.5052	999.756	84.7628	999.756	83.4699	999.756	84.2577	999.756	81.8699	999.756	82.4609	999.756	80.8032	999.756	80.6238	999.756	80.4481	999.756	80.5702	999.756	79.0713	999.756	80.5821	999.756	75.9219	999.756	79.1481	999.756	74.6124	999.756	76.9198	999.756	76.5801	999.756	76.5944	999.756	78.0926	999.756	78.3004	999.756	78.5218	999.756	79.1808	999.756	77.6028	999.756	77.7863	999.756	75.3028	999.756	72.9247	999.756	71.4153	999.756	67.6814	999.756	70.1534	999.756	69.937	999.756	71.3926
1034.91	85.7872	1034.91	86.052	1034.91	85.58	1034.91	85.6477	1034.91	84.9384	1034.91	84.4867	1034.91	83.5586	1034.91	83.8376	1034.91	82.7296	1034.91	83.4879	1034.91	82.6205	1034.91	82.2098	1034.91	81.9078	1034.91	80.5327	1034.91	80.9884	1034.91	79.2681	1034.91	79.7871	1034.91	78.1584	1034.91	77.0859	1034.91	76.5411	1034.91	75.4661	1034.91	72.7015	1034.91	74.8591	1034.91	72.6973	1034.91	74.2428	1034.91	75.4889	1034.91	76.8741	1034.91	74.7298	1034.91	76.7878	1034.91	73.258	1034.91	72.2522	1034.91	74.546	1034.91	70.4638	1034.91	71.9449	1034.91	72.0228	1034.91	70.7537
1071.53	85.7777	1071.53	85.5496	1071.53	85.9311	1071.53	85.0279	1071.53	86.1215	1071.53	83.9697	1071.53	85.5905	1071.53	82.2526	1071.53	83.8244	1071.53	81.1285	1071.53	81.7696	1071.53	80.5834	1071.53	80.3397	1071.53	79.8132	1071.53	79.735	1071.53	79.3208	1071.53	79.7217	1071.53	78.6752	1071.53	78.0326	1071.53	77.1764	1071.53	74.655	1071.53	75.2473	1071.53	74.8615	1071.53	71.9924	1071.53	76.6891	1071.53	73.6203	1071.53	76.8293	1071.53	77.5389	1071.53	77.7004	1071.53	74.0324	1071.53	76.9844	1071.53	60.3464	1071.53	70.2877	1071.53	70.3313	1071.53	68.2564	1071.53	70.4024
1109.62	86.2139	1109.62	85.8695	1109.62	85.7179	1109.62	85.6244	1109.62	84.2838	1109.62	85.3959	1109.62	83.6471	1109.62	84.3981	1109.62	83.9509	1109.62	82.4564	1109.62	83.3683	1109.62	81.0406	1109.62	82.2181	1109.62	80.69	1109.62	81.0676	1109.62	79.4981	1109.62	78.8043	1109.62	77.0971	1109.62	76.6731	1109.62	72.4269	1109.62	74.9791	1109.62	69.6497	1109.62	73.5972	1109.62	76.591	1109.62	76.0367	1109.62	78.4356	1109.62	76.7862	1109.62	76.1628	1109.62	75.4776	1109.62	73.6135	1109.62	75.6703	1109.62	69.2383	1109.62	73.8268	1109.62	69.6636	1109.62	72.2316	1109.62	74.5132
1148.44	86.3012	1148.44	86.082	1148.44	86.2848	1148.44	86.2216	1148.44	85.7034	1148.44	85.3427	1148.44	84.5908	1148.44	83.0755	1148.44	82.9834	1148.44	81.7761	1148.44	82.8297	1148.44	80.5489	1148.44	82.1379	1148.44	80.0174	1148.44	80.4891	1148.44	80.8607	1148.44	81.081	1148.44	76.6562	1148.44	78.7201	1148.44	76.1336	1148.44	75.1512	1148.44	75.5222	1148.44	70.0127	1148.44	72.4124	1148.44	69.5838	1148.44	77.6267	1148.44	76.4985	1148.44	74.8758	1148.44	74.5561	1148.44	73.1717	1148.44	70.6467	1148.44	71.6322	1148.44	64.1496	1148.44	66.8329	1148.44	71.364	1148.44	76.4908
1189.45	86.6384	1189.45	86.9177	1189.45	86.5931	1189.45	86.2378	1189.45	86.5896	1189.45	85.1968	1189.45	86.3357	1189.45	85.0912	1189.45	85.404	1189.45	84.4022	1189.45	82.5077	1189.45	82.9078	1189.45	80.5894	1189.45	79.2268	1189.45	79.4861	1189.45	77.1592	1189.45	77.5421	1189.45	79.6811	1189.45	78.8292	1189.45	76.3498	1189.45	78.0682	1189.45	74.4348	1189.45	76.346	1189.45	75.0096	1189.45	73.2798	1189.45	76.4056	1189.45	73.6389	1189.45	77.5051	1189.45	75.6923	1189.45	73.327	1189.45	72.7034	1189.45	69.5064	1189.45	72.3999	1189.45	66.9375	1189.45	72.508	1189.45	68.8612
1231.2	87.8966	1231.2	87.1602	1231.2	87.4791	1231.2	86.3673	1231.2	86.8186	1231.2	86.0721	1231.2	85.9846	1231.2	85.096	1231.2	85.1147	1231.2	83.2654	1231.2	85.4396	1231.2	81.7308	1231.2	83.7927	1231.2	81.7513	1231.2	81.1802	1231.2	79.8894	1231.2	80.345	1231.2	76.2917	1231.2	78.7299	1231.2	78.4844	1231.2	78.1381	1231.2	75.4153	1231.2	76.3639	1231.2	73.1601	1231.2	77.4237	1231.2	75.0036	1231.2	76.8444	1231.2	77.2688	1231.2	76.2022	1231.2	76.3462	1231.2	74.1219	1231.2	71.3116	1231.2	69.9435	1231.2	74.3532	1231.2	72.8798	1231.2	72.5148
1274.41	87.431	1274.41	87.2623	1274.41	87.071	1274.41	86.9778	1274.41	86.5438	1274.41	86.3934	1274.41	86.6312	1274.41	84.7636	1274.41	85.4845	1274.41	84.3768	1274.41	82.2798	1274.41	83.8732	1274.41	82.0687	1274.41	81.1729	1274.41	81.1834	1274.41	80.348	1274.41	79.2698	1274.41	79.267	1274.41	78.1918	1274.41	75.4955	1274.41	77.6971	1274.41	76.5098	1274.41	76.4567	1274.41	74.0149	1274.41	73.9206	1274.41	73.9556	1274.41	78.2043	1274.41	74.1795	1274.41	78.3949	1274.41	71.4929	1274.41	75.8809	1274.41	72.4235	1274.41	66.7292	1274.41	70.5932	1274.41	68.3719	1274.41	71.7631
1319.82	86.7629	1319.82	87.1095	1319.82	87.4249	1319.82	86.7729	1319.82	87.0379	1319.82	85.9868	1319.82	84.8928	1319.82	85.6249	1319.82	85.2104	1319.82	83.956	1319.82	84.8764	1319.82	81.7815	1319.82	82.0353	1319.82	81.033	1319.82	81.1319	1319.82	78.7477	1319.82	80.0504	1319.82	78.0582	1319.82	78.7039	1319.82	77.9432	1319.82	74.7265	1319.82	73.7281	1319.82	73.2883	1319.82	74.3211	1319.82	70.5169	1319.82	73.3865	1319.82	73.6821	1319.82	73.6043	1319.82	76.174	1319.82	74.3762	1319.82	74.8075	1319.82	70.1082	1319.82	73.8359	1319.82	72.0197	1319.82	72.8653	1319.82	75.3083
1365.97	88.4054	1365.97	87.8483	1365.97	87.5175	1365.97	86.9287	1365.97	87.2871	1365.97	86.5961	1365.97	86.8181	1365.97	84.8489	1365.97	84.2765	1365.97	83.8558	1365.97	83.2213	1365.97	83.5639	1365.97	82.8232	1365.97	81.103	1365.97	80.7383	1365.97	80.8244	1365.97	80.3424	1365.97	79.2704	1365.97	79.9495	1365.97	77.461	1365.97	78.3634	1365.97	76.3726	1365.97	74.2632	1365.97	71.5598	1365.97	75.1163	1365.97	74.5609	1365.97	73.7083	1365.97	76.0416	1365.97	74.1101	1365.97	73.368	1365.97	71.8212	1365.97	67.5251	1365.97	72.0528	1365.97	74.4702	1365.97	75.2452	1365.97	74.7508
1414.31	88.7627	1414.31	88.6154	1414.31	88.4026	1414.31	88.2147	1414.31	86.9925	1414.31	86.9716	1414.31	85.8606	1414.31	86.5115	1414.31	85.2315	1414.31	84.5453	1414.31	83.0904	1414.31	82.8655	1414.31	81.323	1414.31	82.8247	1414.31	80.3853	1414.31	79.6081	1414.31	77.6577	1414.31	79.0963	1414.31	77.974	1414.31	78.4148	1414.31	77.8904	1414.31	75.4493	1414.31	77.0467	1414.31	74.646	1414.31	71.8101	1414.31	73.3761	1414.31	73.923	1414.31	75.8581	1414.31	72.9667	1414.31	75.358	1414.31	71.637	1414.31	69.9586	1414.31	68.9884	1414.31	71.797	1414.31	74.2211	1414.31	72.4318
1464.11	89.2411	1464.11	89.134	1464.11	89.225	1464.11	88.3763	1464.11	88.6587	1464.11	87.8358	1464.11	87.3727	1464.11	86.2698	1464.11	86.5626	1464.11	85.7199	1464.11	85.124	1464.11	85.1018	1464.11	83.2372	1464.11	83.123	1464.11	82.3729	1464.11	82.3361	1464.11	81.1919	1464.11	80.3078	1464.11	78.5378	1464.11	78.7373	1464.11	77.2899	1464.11	77.9025	1464.11	76.1167	1464.11	73.4664	1464.11	72.7013	1464.11	74.5499	1464.11	74.0553	1464.11	74.6415	1464.11	75.6128	1464.11	76.1042	1464.11	65.5749	1464.11	72.2991	1464.11	66.8152	1464.11	69.4989	1464.11	72.2028	1464.11	74.3869
1515.38	89.332	1515.38	88.8096	1515.38	89.2705	1515.38	88.6484	1515.38	87.9918	1515.38	87.2867	1515.38	87.0604	1515.38	86.5978	1515.38	85.5732	1515.38	85.1924	1515.38	84.5624	1515.38	82.9462	1515.38	82.3991	1515.38	82.4293	1515.38	78.914	1515.38	80.6402	1515.38	78.5013	1515.38	78.9122	1515.38	78.1861	1515.38	77.1049	1515.38	77.1348	1515.38	74.6027	1515.38	75.821	1515.38	73.2684	1515.38	74.2011	1515.38	71.91	1515.38	70.199	1515.38	71.5923	1515.38	73.5199	1515.38	70.4171	1515.38	75.1914	1515.38	68.2859	1515.38	66.8968	1515.38	69.2596	1515.38	72.7597	1515.38	74.8382
1568.85	88.9596	1568.85	88.81	1568.85	88.4031	1568.85	87.7345	1568.85	87.815	1568.85	87.2982	1568.85	86.2757	1568.85	85.749	1568.85	85.2042	1568.85	84.4926	1568.85	83.6885	1568.85	83.2101	1568.85	82.3119	1568.85	80.8279	1568.85	81.0738	1568.85	80.3684	1568.85	79.4462	1568.85	78.6723	1568.85	78.0157	1568.85	76.9377	1568.85	74.9552	1568.85	74.2987	1568.85	73.9593	1568.85	71.9003	1568.85	71.8186	1568.85	73.1759	1568.85	73.7901	1568.85	76.3208	1568.85	71.7337	1568.85	68.7233	1568.85	69.1334	1568.85	68.1435	1568.85	70.5301	1568.85	72.1519	1568.85	69.3222	1568.85	75.9184
1624.51	88.0622	1624.51	87.9449	1624.51	87.3848	1624.51	87.6621	1624.51	86.3511	1624.51	86.0386	1624.51	86.3324	1624.51	85.6404	1624.51	84.6539	1624.51	84.0009	1624.51	82.968	1624.51	81.3455	1624.51	81.7865	1624.51	81.6804	1624.51	79.9579	1624.51	79.9831	1624.51	76.9115	1624.51	77.5783	1624.51	77.812	1624.51	77.0848	1624.51	75.654	1624.51	75.2213	1624.51	73.6799	1624.51	72.426	1624.51	69.4584	1624.51	70.9249	1624.51	72.3574	1624.51	75.1589	1624.51	74.2775	1624.51	74.7479	1624.51	70.7987	1624.51	58.7093	1624.51	60.3583	1624.51	72.0895	1624.51	70.8453	1624.51	71.1324
1681.64	88.4512	1681.64	88.2135	1681.64	87.9201	1681.64	87.4263	1681.64	87.2333	1681.64	86.9059	1681.64	84.9207	1681.64	84.9029	1681.64	83.551	1681.64	84.2319	1681.64	82.8068	1681.64	82.7263	1681.64	80.6843	1681.64	79.9071	1681.64	78.1812	1681.64	79.5913	1681.64	77.484	1681.64	78.8409	1681.64	75.4239	1681.64	75.7964	1681.64	76.3916	1681.64	75.1068	1681.64	74.2783	1681.64	73.2241	1681.64	74.7673	1681.64	70.6212	1681.64	70.4926	1681.64	69.944	1681.64	72.8676	1681.64	73.3064	1681.64	69.9807	1681.64	66.4381	1681.64	59.6912	1681.64	61.8446	1681.64	74.4393	1681.64	70.38
1740.97	88.5077	1740.97	88.5183	1740.97	88.2638	1740.97	87.8748	1740.97	87.549	1740.97	86.771	1740.97	86.3207	1740.97	85.9234	1740.97	84.7111	1740.97	82.5608	1740.97	82.7245	1740.97	81.4165	1740.97	81.2796	1740.97	81.818	1740.97	80.0366	1740.97	80.7222	1740.97	79.7581	1740.97	78.7254	1740.97	76.7996	1740.97	77.9138	1740.97	71.6493	1740.97	73.6489	1740.97	71.6653	1740.97	71.9259	1740.97	72.4499	1740.97	75.0493	1740.97	64.9692	1740.97	72.6255	1740.97	73.6521	1740.97	68.5273	1740.97	71.1969	1740.97	64.6971	1740.97	61.6867	1740.97	67.8073	1740.97	56.0871	1740.97	71.7193
1802.49	88.805	1802.49	88.7126	1802.49	87.7634	1802.49	87.8918	1802.49	87.3957	1802.49	86.7853	1802.49	86.5059	1802.49	85.5516	1802.49	84.9579	1802.49	84.0161	1802.49	82.882	1802.49	80.8422	1802.49	81.6229	1802.49	79.5603	1802.49	79.5534	1802.49	78.5015	1802.49	78.455	1802.49	77.7182	1802.49	76.9058	1802.49	75.1524	1802.49	75.6891	1802.49	75.2278	1802.49	74.5161	1802.49	75.4862	1802.49	73.3069	1802.49	74.7087	1802.49	74.7399	1802.49	72.6008	1802.49	70.3641	1802.49	73.1283	1802.49	72.421	1802.49	66.1222	1802.49	63.3045	1802.49	63.809	1802.49	65.5426	1802.49	67.0535
1866.21	87.9642	1866.21	87.7424	1866.21	87.4823	1866.21	86.8186	1866.21	86.7388	1866.21	86.0103	1866.21	85.7146	1866.21	84.5901	1866.21	84.0681	1866.21	82.9564	1866.21	83.4386	1866.21	82.194	1866.21	82.0431	1866.21	78.4615	1866.21	81.1478	1866.21	76.511	1866.21	79.4901	1866.21	75.6362	1866.21	75.2083	1866.21	73.9577	1866.21	74.6987	1866.21	74.5252	1866.21	73.8487	1866.21	72.1075	1866.21	73.7412	1866.21	71.4151	1866.21	69.2019	1866.21	72.1436	1866.21	71.3971	1866.21	74.6194	1866.21	73.677	1866.21	67.2293	1866.21	66.7304	1866.21	67.2982	1866.21	58.0741	1866.21	66.6731
1932.13	86.8157	1932.13	86.8119	1932.13	86.7714	1932.13	86.7289	1932.13	85.6932	1932.13	85.7662	1932.13	85.3327	1932.13	84.7526	1932.13	84.1567	1932.13	82.6324	1932.13	82.4172	1932.13	81.7299	1932.13	81.7457	1932.13	81.5451	1932.13	80.4882	1932.13	78.1665	1932.13	73.5636	1932.13	74.8688	1932.13	72.3551	1932.13	76.8072	1932.13	76.1306	1932.13	73.9598	1932.13	75.2974	1932.13	73.0387	1932.13	71.6137	1932.13	69.9443	1932.13	70.5175	1932.13	69.797	1932.13	66.739	1932.13	66.8449	1932.13	68.9498	1932.13	68.9741	1932.13	63.7548	1932.13	64.3711	1932.13	58.3628	1932.13	73.2656
2000.24	87.0615	2000.24	87.2076	2000.24	86.2526	2000.24	86.7306	2000.24	85.8494	2000.24	85.4862	2000.24	84.4016	2000.24	84.4385	2000.24	83.155	2000.24	83.5531	2000.24	81.5208	2000.24	81.8558	2000.24	79.3187	2000.24	79.9567	2000.24	78.263	2000.24	78.5715	2000.24	79.663	2000.24	77.218	2000.24	78.0357	2000.24	75.1226	2000.24	74.8811	2000.24	74.6535	2000.24	72.4052	2000.24	76.1372	2000.24	70.6228	2000.24	64.546	2000.24	71.4041	2000.24	70.3078	2000.24	71.5125	2000.24	74.2284	2000.24	71.8239	2000.24	65.4224	2000.24	69.0958	2000.24	65.8682	2000.24	57.4667	2000.24	65.0258
2070.56	86.3658	2070.56	87.2396	2070.56	86.0656	2070.56	86.4581	2070.56	85.9472	2070.56	85.4928	2070.56	84.6122	2070.56	83.3944	2070.56	83.1119	2070.56	83.1137	2070.56	82.3681	2070.56	82.5838	2070.56	80.442	2070.56	80.8993	2070.56	79.4475	2070.56	79.6258	2070.56	75.5678	2070.56	77.6042	2070.56	70.8363	2070.56	77.1518	2070.56	73.9227	2070.56	76.12	2070.56	73.7627	2070.56	71.5079	2070.56	71.6686	2070.56	73.0873	2070.56	64.8271	2070.56	70.1292	2070.56	68.5372	2070.56	73.1308	2070.56	72.0879	2070.56	69.3383	2070.56	68.0899	2070.56	63.4594	2070.56	57.0621	2070.56	63.0706
2143.8	86.8893	2143.8	86.7235	2143.8	86.7198	2143.8	86.5017	2143.8	85.7949	2143.8	84.7306	2143.8	84.8086	2143.8	84.3562	2143.8	84.194	2143.8	83.5178	2143.8	82.5601	2143.8	81.6796	2143.8	80.8035	2143.8	79.1456	2143.8	79.0467	2143.8	78.6999	2143.8	77.5237	2143.8	73.548	2143.8	78.5429	2143.8	73.1425	2143.8	74.242	2143.8	71.9369	2143.8	75.0827	2143.8	72.3308	2143.8	72.1997	2143.8	73.6958	2143.8	73.798	2143.8	64.5832	2143.8	67.4353	2143.8	67.5237	2143.8	69.0876	2143.8	64.5198	2143.8	65.5185	2143.8	65.3137	2143.8	62.6947	2143.8	59.6523
2219.24	86.9508	2219.24	86.9637	2219.24	86.6061	2219.24	85.9346	2219.24	85.8324	2219.24	85.2027	2219.24	84.8276	2219.24	84.563	2219.24	83.8858	2219.24	82.8491	2219.24	81.1237	2219.24	81.0067	2219.24	80.2308	2219.24	79.1539	2219.24	79.3864	2219.24	77.1996	2219.24	78.7189	2219.24	77.9931	2219.24	76.7712	2219.24	72.8123	2219.24	75.4657	2219.24	73.3159	2219.24	73.2453	2219.24	73.9719	2219.24	73.2104	2219.24	72.3339	2219.24	71.1358	2219.24	71.9121	2219.24	72.6871	2219.24	72.3233	2219.24	73.8463	2219.24	70.1203	2219.24	72.1099	2219.24	65.7244	2219.24	70.6276	2219.24	69.0582
2297.61	87.2094	2297.61	87.5166	2297.61	87.4922	2297.61	87.3486	2297.61	86.9281	2297.61	86.4669	2297.61	86.1975	2297.61	84.9756	2297.61	84.7252	2297.61	83.9195	2297.61	83.8602	2297.61	82.4745	2297.61	81.7718	2297.61	81.31	2297.61	79.7763	2297.61	79.0452	2297.61	78.9952	2297.61	76.227	2297.61	76.8703	2297.61	75.7394	2297.61	74.3996	2297.61	74.7431	2297.61	74.291	2297.61	70.9178	2297.61	71.1148	2297.61	74.0413	2297.61	72.8317	2297.61	72.1728	2297.61	68.0099	2297.61	71.7875	2297.61	69.7533	2297.61	73.043	2297.61	67.9124	2297.61	64.489	2297.61	58.3122	2297.61	67.0648
2378.17	86.9686	2378.17	86.9093	2378.17	86.6989	2378.17	86.0359	2378.17	86.1714	2378.17	85.895	2378.17	85.1086	2378.17	84.975	2378.17	84.49	2378.17	83.4208	2378.17	83.4599	2378.17	80.9082	2378.17	82.1421	2378.17	77.908	2378.17	78.6145	2378.17	76.001	2378.17	77.429	2378.17	76.2275	2378.17	74.4777	2378.17	72.4292	2378.17	72.7934	2378.17	72.3987	2378.17	72.4035	2378.17	71.0961	2378.17	70.8788	2378.17	71.3284	2378.17	72.6967	2378.17	71.2319	2378.17	72.5399	2378.17	68.7605	2378.17	70.27	2378.17	69.2133	2378.17	69.8272	2378.17	65.9002	2378.17	64.7619	2378.17	67.1903
2462.4	87.2982	2462.4	87.1922	2462.4	87.1618	2462.4	86.927	2462.4	86.4365	2462.4	85.7356	2462.4	86.1502	2462.4	84.5541	2462.4	84.8979	2462.4	83.6506	2462.4	83.0699	2462.4	81.7519	2462.4	81.069	2462.4	79.8114	2462.4	79.5961	2462.4	75.4371	2462.4	76.909	2462.4	73.8927	2462.4	75.3044	2462.4	73.9	2462.4	73.5207	2462.4	73.6719	2462.4	71.9035	2462.4	65.9505	2462.4	70.0237	2462.4	69.3704	2462.4	70.2952	2462.4	71.7706	2462.4	70.5604	2462.4	70.119	2462.4	68.5355	2462.4	68.7304	2462.4	67.8327	2462.4	58.2674	2462.4	53.4898	2462.4	68.3708
2548.83	87.8526	2548.83	87.7509	2548.83	87.9275	2548.83	87.3073	2548.83	87.1606	2548.83	86.4433	2548.83	86.0767	2548.83	85.5626	2548.83	85.1828	2548.83	84.0209	2548.83	83.7966	2548.83	81.8276	2548.83	81.7737	2548.83	79.6509	2548.83	78.5938	2548.83	78.5905	2548.83	76.3984	2548.83	76.0825	2548.83	74.819	2548.83	73.0169	2548.83	72.5689	2548.83	71.8666	2548.83	71.3655	2548.83	71.4514	2548.83	71.4967	2548.83	69.9801	2548.83	70.911	2548.83	69.0505	2548.83	73.0696	2548.83	68.7534	2548.83	71.7617	2548.83	70.4219	2548.83	70.1364	2548.83	65.7692	2548.83	64.2083	2548.83	67.3208
2638.92	88.2412	2638.92	88.4086	2638.92	88.0507	2638.92	88.3066	2638.92	87.6009	2638.92	87.1221	2638.92	87.321	2638.92	85.5102	2638.92	86.2335	2638.92	84.5495	2638.92	84.0551	2638.92	82.602	2638.92	82.2369	2638.92	81.0426	2638.92	80.3012	2638.92	77.6637	2638.92	78.2144	2638.92	74.7844	2638.92	75.8601	2638.92	74.3727	2638.92	75.1621	2638.92	72.0418	2638.92	70.4977	2638.92	70.9065	2638.92	70.7323	2638.92	67.0557	2638.92	67.4114	2638.92	71.0247	2638.92	70.0855	2638.92	69.2185	2638.92	69.0878	2638.92	69.7448	2638.92	71.1314	2638.92	59.5702	2638.92	62.6118	2638.92	68.0423
2731.93	88.1312	2731.93	87.8446	2731.93	88.1096	2731.93	87.3591	2731.93	87.2731	2731.93	87.0959	2731.93	86.7584	2731.93	86.2149	2731.93	85.3168	2731.93	84.1774	2731.93	83.5924	2731.93	81.3867	2731.93	81.294	2731.93	79.8061	2731.93	78.8131	2731.93	77.4122	2731.93	75.9989	2731.93	75.2925	2731.93	74.532	2731.93	74.0426	2731.93	72.7001	2731.93	70.8974	2731.93	71.8733	2731.93	71.345	2731.93	71.6725	2731.93	67.583	2731.93	70.4225	2731.93	70.5085	2731.93	71.8235	2731.93	70.6752	2731.93	71.1524	2731.93	68.9382	2731.93	67.1898	2731.93	66.521	2731.93	62.7535	2731.93	65.9773
2828.61	87.2992	2828.61	87.5411	2828.61	87.4208	2828.61	87.2782	2828.61	87.2038	2828.61	86.7368	2828.61	86.4156	2828.61	85.264	2828.61	85.3596	2828.61	83.5941	2828.61	84.0435	2828.61	82.2481	2828.61	82.1313	2828.61	78.8783	2828.61	78.628	2828.61	77.0318	2828.61	78.46	2828.61	74.8005	2828.61	74.9331	2828.61	71.3272	2828.61	73.1142	2828.61	71.0291	2828.61	72.1987	2828.61	68.5511	2828.61	70.2758	2828.61	66.587	2828.61	64.1838	2828.61	70.5788	2828.61	64.912	2828.61	67.375	2828.61	62.2852	2828.61	69.1222	2828.61	68.9876	2828.61	63.6631	2828.61	60.5874	2828.61	65.885
2928.22	87.092	2928.22	86.3845	2928.22	87.1053	2928.22	86.3485	2928.22	86.8514	2928.22	86.095	2928.22	85.6988	2928.22	85.0234	2928.22	84.6485	2928.22	83.0198	2928.22	83.1218	2928.22	81.0173	2928.22	80.2296	2928.22	77.3867	2928.22	77.9279	2928.22	75.4446	2928.22	76.1698	2928.22	73.4491	2928.22	72.3084	2928.22	71.9586	2928.22	73.1931	2928.22	67.7299	2928.22	67.6595	2928.22	68.8358	2928.22	70.2609	2928.22	66.3842	2928.22	66.7885	2928.22	65.9097	2928.22	68.8739	2928.22	66.2115	2928.22	69.2008	2928.22	69.3066	2928.22	66.0536	2928.22	49.2544	2928.22	60.8755	2928.22	66.6994
3031.49	86.4247	3031.49	86.8934	3031.49	86.7898	3031.49	87.1534	3031.49	86.7739	3031.49	86.5927	3031.49	86.448	3031.49	84.998	3031.49	84.7799	3031.49	83.2415	3031.49	82.2006	3031.49	80.2402	3031.49	79.7089	3031.49	78.663	3031.49	77.609	3031.49	75.9996	3031.49	74.0047	3031.49	73.511	3031.49	74.8508	3031.49	71.3659	3031.49	72.2524	3031.49	70.2856	3031.49	69.115	3031.49	67.6536	3031.49	69.5071	3031.49	66.5985	3031.49	62.4384	3031.49	66.1648	3031.49	66.7944	3031.49	64.931	3031.49	63.6588	3031.49	64.1034	3031.49	68.7673	3031.49	54.9457	3031.49	57.6155	3031.49	60.3567
3138.43	86.9587	3138.43	87.0649	3138.43	86.6132	3138.43	86.7048	3138.43	86.4821	3138.43	85.8549	3138.43	85.7624	3138.43	84.7617	3138.43	84.2414	3138.43	82.5956	3138.43	82.1663	3138.43	79.3095	3138.43	79.9276	3138.43	76.696	3138.43	76.868	3138.43	74.7657	3138.43	75.701	3138.43	73.6423	3138.43	72.2634	3138.43	71.0386	3138.43	72.5134	3138.43	69.0965	3138.43	72.0069	3138.43	69.2704	3138.43	71.6007	3138.43	63.2573	3138.43	69.5405	3138.43	65.8523	3138.43	65.3839	3138.43	58.9121	3138.43	66.8815	3138.43	66.4173	3138.43	66.6415	3138.43	62.625	3138.43	64.1683	3138.43	68.3887
3249.02	86.4223	3249.02	86.7677	3249.02	86.9959	3249.02	86.6624	3249.02	86.5674	3249.02	85.7462	3249.02	85.4765	3249.02	84.0821	3249.02	83.4798	3249.02	81.0838	3249.02	80.6366	3249.02	79.1345	3249.02	78.9123	3249.02	77.3006	3249.02	76.6242	3249.02	73.6897	3249.02	72.5204	3249.02	70.2842	3249.02	72.3995	3249.02	69.3793	3249.02	71.0351	3249.02	69.6879	3249.02	69.9686	3249.02	67.4413	3249.02	65.1855	3249.02	66.4337	3249.02	68.0257	3249.02	61.4128	3249.02	63.1456	3249.02	65.8433	3249.02	62.1096	3249.02	64.9457	3249.02	60.8141	3249.02	50.3418	3249.02	60.9566	3249.02	64.0403
3363.28	88.2672	3363.28	87.7916	3363.28	88.0427	3363.28	87.4718	3363.28	87.4555	3363.28	86.1825	3363.28	85.7676	3363.28	84.2874	3363.28	84.0992	3363.28	81.6304	3363.28	82.5179	3363.28	78.7611	3363.28	78.6827	3363.28	76.3679	3363.28	76.7789	3363.28	74.9075	3363.28	74.7969	3363.28	72.9207	3363.28	72.2894	3363.28	69.5201	3363.28	69.8802	3363.28	67.7697	3363.28	68.8257	3363.28	66.4578	3363.28	68.7909	3363.28	67.0876	3363.28	63.1068	3363.28	64.0591	3363.28	66.9836	3363.28	63.6885	3363.28	66.7744	3363.28	64.415	3363.28	67.266	3363.28	53.5998	3363.28	57.9106	3363.28	64.4481
3481.93	88.741	3481.93	88.6417	3481.93	88.6705	3481.93	88.31	3481.93	88.1545	3481.93	87.0677	3481.93	87.1564	3481.93	85.0116	3481.93	85.3184	3481.93	82.937	3481.93	82.3164	3481.93	80.1274	3481.93	79.9138	3481.93	77.8747	3481.93	77.9018	3481.93	75.2071	3481.93	73.8923	3481.93	74.0199	3481.93	73.8218	3481.93	71.029	3481.93	70.6286	3481.93	70.4911	3481.93	70.2608	3481.93	68.8878	3481.93	66.6837	3481.93	68.7454	3481.93	69.8256	3481.93	65.1165	3481.93	66.0092	3481.93	66.6908	3481.93	65.9431	3481.93	65.711	3481.93	65.4393	3481.93	53.3582	3481.93	58.5511	3481.93	62.4686
3604.98	88.6945	3604.98	88.5998	3604.98	88.7679	3604.98	88.2909	3604.98	88.3603	3604.98	86.9762	3604.98	87.2184	3604.98	85.0165	3604.98	85.1751	3604.98	82.6684	3604.98	82.5489	3604.98	80.6794	3604.98	80.2248	3604.98	78.021	3604.98	77.3223	3604.98	74.9206	3604.98	75.0323	3604.98	72.8387	3604.98	74.1782	3604.98	72.0459	3604.98	70.6394	3604.98	70.797	3604.98	69.2021	3604.98	68.9204	3604.98	67.4641	3604.98	65.9858	3604.98	68.2987	3604.98	66.8332	3604.98	63.2874	3604.98	68.741	3604.98	66.0755	3604.98	64.8693	3604.98	67.6304	3604.98	58.3425	3604.98	52.1189	3604.98	66.8745
3732.42	88.3132	3732.42	88.3087	3732.42	88.4178	3732.42	87.895	3732.42	88.1034	3732.42	86.8129	3732.42	86.9862	3732.42	85.2338	3732.42	84.8029	3732.42	83.0092	3732.42	82.8486	3732.42	80.803	3732.42	80.3168	3732.42	77.5419	3732.42	77.4731	3732.42	75.9974	3732.42	75.6674	3732.42	73.544	3732.42	74.2973	3732.42	71.0085	3732.42	70.697	3732.42	68.9742	3732.42	69.769	3732.42	66.5765	3732.42	68.4899	3732.42	68.7299	3732.42	68.1106	3732.42	64.895	3732.42	63.5719	3732.42	66.1601	3732.42	66.8149	3732.42	65.3086	3732.42	65.6036	3732.42	59.3918	3732.42	53.6732	3732.42	64.9894
3863.53	88.0887	3863.53	88.2282	3863.53	88.001	3863.53	88.0254	3863.53	87.6481	3863.53	86.7323	3863.53	86.2654	3863.53	85.0182	3863.53	84.2761	3863.53	82.5648	3863.53	81.413	3863.53	80.328	3863.53	79.6275	3863.53	77.2433	3863.53	76.6808	3863.53	75.0259	3863.53	73.4314	3863.53	72.7179	3863.53	73.6269	3863.53	72.0437	3863.53	70.6261	3863.53	70.1579	3863.53	68.1016	3863.53	67.9675	3863.53	67.2074	3863.53	67.8341	3863.53	67.6026	3863.53	63.255	3863.53	63.666	3863.53	66.0504	3863.53	65.5532	3863.53	62.3859	3863.53	62.9415	3863.53	59.9023	3863.53	59.2066	3863.53	61.7548
3999.76	88.7157	3999.76	88.3899	3999.76	88.57	3999.76	87.8934	3999.76	88.1894	3999.76	86.6181	3999.76	86.736	3999.76	84.4281	3999.76	84.7115	3999.76	82.0905	3999.76	82.7034	3999.76	80.0657	3999.76	79.5816	3999.76	78.1243	3999.76	77.7301	3999.76	75.8226	3999.76	74.6915	3999.76	72.9759	3999.76	72.1794	3999.76	70.2021	3999.76	69.2856	3999.76	67.357	3999.76	67.5935	3999.76	66.7732	3999.76	64.5946	3999.76	64.0883	3999.76	66.0997	3999.76	63.5479	3999.76	62.6452	3999.76	65.1155	3999.76	63.5617	3999.76	63.1359	3999.76	64.5927	3999.76	59.9784	3999.76	57.9643	3999.76	63.9238
4141.11	88.0799	4141.11	88.1606	4141.11	87.9992	4141.11	87.3787	4141.11	87.1005	4141.11	86.1653	4141.11	85.4704	4141.11	84.2382	4141.11	83.5008	4141.11	81.8743	4141.11	80.8396	4141.11	79.1991	4141.11	78.8157	4141.11	77.6239	4141.11	76.5021	4141.11	74.3209	4141.11	74.1453	4141.11	72.3301	4141.11	71.3623	4141.11	70.5351	4141.11	70.4598	4141.11	68.0759	4141.11	67.8936	4141.11	64.6253	4141.11	68.1431	4141.11	66.9597	4141.11	65.2206	4141.11	64.1314	4141.11	65.4327	4141.11	66.1433	4141.11	65.7363	4141.11	63.1883	4141.11	63.098	4141.11	62.5526	4141.11	54.6607	4141.11	62.0671
4286.87	88.9786	4286.87	88.7694	4286.87	88.6621	4286.87	87.8577	4286.87	88.2586	4286.87	86.3369	4286.87	87.0671	4286.87	85.0962	4286.87	84.6049	4286.87	82.754	4286.87	82.7166	4286.87	80.7058	4286.87	80.1388	4286.87	77.7483	4286.87	77.1206	4286.87	74.8028	4286.87	75.7337	4286.87	72.3168	4286.87	72.2382	4286.87	70.1937	4286.87	69.819	4286.87	67.9964	4286.87	67.1926	4286.87	67.3348	4286.87	65.7185	4286.87	65.3292	4286.87	66.3128	4286.87	64.5113	4286.87	63.5159	4286.87	65.6146	4286.87	64.7227	4286.87	64.7292	4286.87	63.169	4286.87	57.8102	4286.87	57.8385	4286.87	59.1372
4438.48	88.3308	4438.48	87.8949	4438.48	87.6854	4438.48	87.1081	4438.48	87.0799	4438.48	86.0566	4438.48	85.1521	4438.48	84.948	4438.48	83.2514	4438.48	83.1246	4438.48	81.5976	4438.48	81.0024	4438.48	79.0679	4438.48	77.7166	4438.48	76.2493	4438.48	75.1905	4438.48	75.402	4438.48	72.3277	4438.48	71.6084	4438.48	69.7076	4438.48	70.1944	4438.48	66.3611	4438.48	68.6747	4438.48	67.9374	4438.48	68.5388	4438.48	60.0983	4438.48	66.6202	4438.48	62.2876	4438.48	64.9068	4438.48	64.7096	4438.48	66.052	4438.48	64.5038	4438.48	66.4784	4438.48	61.0255	4438.48	61.1802	4438.48	62.9268
4594.48	88.6622	4594.48	88.0372	4594.48	88.481	4594.48	87.2548	4594.48	87.0142	4594.48	85.8294	4594.48	85.9301	4594.48	84.507	4594.48	84.5473	4594.48	82.6188	4594.48	83.1287	4594.48	80.507	4594.48	80.1053	4594.48	77.0123	4594.48	77.8465	4594.48	74.6616	4594.48	74.6717	4594.48	71.8683	4594.48	71.9885	4594.48	68.9866	4594.48	68.3502	4594.48	67.0612	4594.48	67.1079	4594.48	66.1117	4594.48	66.3582	4594.48	65.893	4594.48	63.9619	4594.48	63.2253	4594.48	65.1371	4594.48	65.7066	4594.48	64.7029	4594.48	61.7362	4594.48	61.5745	4594.48	60.3664	4594.48	60.8527	4594.48	62.5937
4757.08	89.1762	4757.08	88.5037	4757.08	88.2693	4757.08	87.2743	4757.08	87.3041	4757.08	85.9157	4757.08	85.6615	4757.08	84.8279	4757.08	83.9701	4757.08	83.4933	4757.08	80.8386	4757.08	81.2533	4757.08	78.7996	4757.08	77.2914	4757.08	74.268	4757.08	73.8928	4757.08	72.5372	4757.08	71.3928	4757.08	69.5392	4757.08	70.0375	4757.08	67.1333	4757.08	68.1128	4757.08	66.3708	4757.08	65.5434	4757.08	66.58	4757.08	66.7887	4757.08	64.9384	4757.08	62.3046	4757.08	63.7093	4757.08	63.4376	4757.08	66.8917	4757.08	62.6805	4757.08	61.9371	4757.08	59.5076	4757.08	57.0974	4757.08	61.5303
4924.8	88.0918	4924.8	87.476	4924.8	87.8024	4924.8	86.6073	4924.8	86.6262	4924.8	85.9705	4924.8	85.7639	4924.8	84.3054	4924.8	84.2078	4924.8	82.7141	4924.8	81.6837	4924.8	78.9543	4924.8	78.5465	4924.8	75.7646	4924.8	77.1056	4924.8	73.6677	4924.8	72.744	4924.8	69.2247	4924.8	72.3189	4924.8	69.6774	4924.8	69.3341	4924.8	66.7324	4924.8	67.4059	4924.8	65.6061	4924.8	66.9598	4924.8	64.2779	4924.8	60.0998	4924.8	64.5052	4924.8	64.682	4924.8	62.6573	4924.8	63.0606	4924.8	63.5645	4924.8	62.8681	4924.8	60.179	4924.8	60.7873	4924.8	60.2439
5098.39	88.7101	5098.39	88.1471	5098.39	88.4194	5098.39	87.3109	5098.39	87.3426	5098.39	86.3499	5098.39	86.3243	5098.39	84.9847	5098.39	84.0454	5098.39	81.9364	5098.39	81.5305	5098.39	79.196	5098.39	77.8678	5098.39	76.3548	5098.39	75.8072	5098.39	73.2034	5098.39	70.8538	5098.39	71.6964	5098.39	72.3224	5098.39	70.105	5098.39	68.2402	5098.39	69.6881	5098.39	67.5143	5098.39	64.2884	5098.39	60.9179	5098.39	61.9403	5098.39	67.06	5098.39	65.3483	5098.39	62.897	5098.39	64.9883	5098.39	61.0982	5098.39	60.6613	5098.39	61.5513	5098.39	58.8081	5098.39	59.6219	5098.39	59.5937
5277.83	88.7069	5277.83	87.9124	5277.83	87.5848	5277.83	86.7497	5277.83	86.8492	5277.83	86.404	5277.83	85.9087	5277.83	85.1727	5277.83	84.0206	5277.83	82.4195	5277.83	82.0367	5277.83	78.6876	5277.83	79.2109	5277.83	77.4197	5277.83	73.9182	5277.83	74.1867	5277.83	74.5894	5277.83	71.3112	5277.83	73.1349	5277.83	69.9847	5277.83	69.6284	5277.83	70.4183	5277.83	67.7286	5277.83	66.4636	5277.83	66.7645	5277.83	63.861	5277.83	66.1201	5277.83	66.0942	5277.83	62.9413	5277.83	63.5191	5277.83	62.6315	5277.83	63.1232	5277.83	64.037	5277.83	61.6213	5277.83	59.5588	5277.83	59.2823
5463.87	88.2629	5463.87	87.4201	5463.87	87.8048	5463.87	86.5298	5463.87	86.9991	5463.87	86.1851	5463.87	86.4065	5463.87	84.9486	5463.87	84.661	5463.87	81.8619	5463.87	81.3311	5463.87	79.1694	5463.87	79.1301	5463.87	76.4566	5463.87	76.2381	5463.87	74.4911	5463.87	74.3638	5463.87	70.0764	5463.87	72.1417	5463.87	67.8366	5463.87	68.7561	5463.87	65.6175	5463.87	67.0787	5463.87	67.2084	5463.87	65.1197	5463.87	63.1974	5463.87	62.295	5463.87	60.443	5463.87	64.2008	5463.87	61.5917	5463.87	63.1834	5463.87	61.6224	5463.87	62.5187	5463.87	59.0869	5463.87	58.0935	5463.87	58.5814
5656.49	89.3421	5656.49	88.2703	5656.49	88.5718	5656.49	87.6495	5656.49	87.8099	5656.49	86.5652	5656.49	86.2707	5656.49	84.8388	5656.49	83.8245	5656.49	82.2675	5656.49	80.6372	5656.49	80.0203	5656.49	78.0674	5656.49	76.6852	5656.49	76.1814	5656.49	75.0721	5656.49	73.0783	5656.49	72.2159	5656.49	73.1919	5656.49	68.039	5656.49	65.3088	5656.49	66.0757	5656.49	68.4401	5656.49	64.6234	5656.49	64.8533	5656.49	66.2675	5656.49	62.7753	5656.49	63.1364	5656.49	63.5457	5656.49	61.6642	5656.49	63.5849	5656.49	58.8824	5656.49	62.5137	5656.49	60.1863	5656.49	59.5994	5656.49	61.6314
5856.45	88.4286	5856.45	87.9601	5856.45	87.8747	5856.45	87.4047	5856.45	86.6355	5856.45	86.3668	5856.45	85.3252	5856.45	83.6804	5856.45	83.3428	5856.45	81.8439	5856.45	80.7304	5856.45	79.5235	5856.45	79.4286	5856.45	77.7458	5856.45	78.0366	5856.45	75.2734	5856.45	74.3591	5856.45	73.6478	5856.45	73.5452	5856.45	70.4569	5856.45	68.3499	5856.45	67.8064	5856.45	69.46	5856.45	66.8938	5856.45	67.0588	5856.45	63.9575	5856.45	64.3511	5856.45	64.1702	5856.45	67.4498	5856.45	61.5172	5856.45	63.0321	5856.45	62.5787	5856.45	63.0389	5856.45	62.3977	5856.45	61.4914	5856.45	60.5007
6062.99	88.7193	6062.99	88.2475	6062.99	88.0514	6062.99	87.5091	6062.99	87.4333	6062.99	86.0335	6062.99	85.6644	6062.99	83.7725	6062.99	83.7949	6062.99	82.2802	6062.99	82.2837	6062.99	79.7922	6062.99	80.8925	6062.99	78.0155	6062.99	78.8725	6062.99	73.1932	6062.99	73.1641	6062.99	71.9259	6062.99	71.5819	6062.99	70.2047	6062.99	68.9663	6062.99	64.8147	6062.99	68.0761	6062.99	64.6051	6062.99	64.8378	6062.99	64.4914	6062.99	62.7489	6062.99	64.6323	6062.99	63.1463	6062.99	61.3027	6062.99	61.9717	6062.99	61.2848	6062.99	61.2878	6062.99	59.0771	6062.99	60.3878	6062.99	58.1344
6276.86	88.3805	6276.86	88.0928	6276.86	88.1332	6276.86	87.2007	6276.86	87.4374	6276.86	85.6676	6276.86	86.2796	6276.86	83.5462	6276.86	84.1249	6276.86	82.0289	6276.86	82.1665	6276.86	79.4685	6276.86	79.9064	6276.86	76.4333	6276.86	76.299	6276.86	72.3735	6276.86	74.493	6276.86	68.7533	6276.86	69.3428	6276.86	68.2288	6276.86	68.5591	6276.86	63.7655	6276.86	66.3141	6276.86	65.5984	6276.86	64.2062	6276.86	62.2573	6276.86	61.6276	6276.86	62.9857	6276.86	65.5046	6276.86	56.991	6276.86	61.3894	6276.86	63.7058	6276.86	60.2498	6276.86	59.6979	6276.86	55.947	6276.86	58.2816
6498.05	88.6536	6498.05	88.6455	6498.05	88.5514	6498.05	87.6853	6498.05	87.874	6498.05	86.1217	6498.05	86.0739	6498.05	84.4059	6498.05	83.8756	6498.05	83.4949	6498.05	82.1363	6498.05	81.2346	6498.05	79.3318	6498.05	77.0322	6498.05	76.5808	6498.05	74.7566	6498.05	73.766	6498.05	69.5007	6498.05	71.9442	6498.05	68.7683	6498.05	67.2389	6498.05	66.3563	6498.05	67.0582	6498.05	64.6727	6498.05	63.6191	6498.05	64.8569	6498.05	63.4176	6498.05	61.7032	6498.05	61.7233	6498.05	60.8762	6498.05	62.5851	6498.05	63.3244	6498.05	59.3177	6498.05	59.8747	6498.05	58.1266	6498.05	56.7047
6727.29	88.0841	6727.29	87.9058	6727.29	87.9001	6727.29	86.9162	6727.29	87.1547	6727.29	85.4929	6727.29	85.5964	6727.29	83.8903	6727.29	83.3248	6727.29	83.2515	6727.29	82.2278	6727.29	79.4218	6727.29	79.3983	6727.29	76.5795	6727.29	76.8198	6727.29	75.3003	6727.29	73.1122	6727.29	71.0619	6727.29	73.898	6727.29	67.7035	6727.29	65.8769	6727.29	67.211	6727.29	67.7386	6727.29	64.608	6727.29	65.1271	6727.29	63.1721	6727.29	63.4161	6727.29	61.0345	6727.29	63.7026	6727.29	59.4342	6727.29	58.5089	6727.29	63.3763	6727.29	59.6963	6727.29	58.3759	6727.29	55.247	6727.29	57.7215
6964.6	88.1927	6964.6	88.2744	6964.6	87.9487	6964.6	87.3919	6964.6	87.1602	6964.6	85.6143	6964.6	85.5593	6964.6	84.8963	6964.6	84.513	6964.6	83.0641	6964.6	82.6829	6964.6	79.2028	6964.6	79.4378	6964.6	78.1122	6964.6	76.3866	6964.6	73.9145	6964.6	73.0029	6964.6	70.069	6964.6	72.1104	6964.6	70.7209	6964.6	68.7574	6964.6	67.8275	6964.6	67.1306	6964.6	66.1671	6964.6	64.5545	6964.6	62.9914	6964.6	64.8512	6964.6	61.4801	6964.6	63.1589	6964.6	61.6736	6964.6	61.8825	6964.6	64.0283	6964.6	61.5054	6964.6	60.2804	6964.6	57.3564	6964.6	58.8582
7209.96	87.4169	7209.96	87.7254	7209.96	87.246	7209.96	86.3583	7209.96	86.4388	7209.96	85.0963	7209.96	85.293	7209.96	84.7081	7209.96	84.2345	7209.96	82.8571	7209.96	81.8731	7209.96	79.3999	7209.96	78.9144	7209.96	76.7234	7209.96	76.6085	7209.96	74.8821	7209.96	74.116	7209.96	73.0324	7209.96	71.6815	7209.96	69.3108	7209.96	68.7705	7209.96	66.4287	7209.96	65.6942	7209.96	66.1074	7209.96	62.2594	7209.96	62.2251	7209.96	61.1779	7209.96	62.7276	7209.96	65.6612	7209.96	60.3634	7209.96	60.8944	7209.96	64.0923	7209.96	59.6174	7209.96	56.6604	7209.96	55.06	7209.96	56.0912
7464.11	87.5195	7464.11	87.576	7464.11	87.1423	7464.11	86.1051	7464.11	86.244	7464.11	84.8088	7464.11	85.3239	7464.11	84.6255	7464.11	84.5736	7464.11	83.2308	7464.11	81.6701	7464.11	81.0189	7464.11	79.2065	7464.11	77.4162	7464.11	78.0511	7464.11	75.8432	7464.11	74.3684	7464.11	72.5389	7464.11	72.3703	7464.11	69.3576	7464.11	66.5051	7464.11	65.7996	7464.11	67.3762	7464.11	66.8447	7464.11	64.7545	7464.11	63.5641	7464.11	62.8058	7464.11	63.1829	7464.11	63.5505	7464.11	60.3625	7464.11	60.4132	7464.11	63.8965	7464.11	61.3659	7464.11	60.9825	7464.11	57.6579	7464.11	56.7118
7727.78	87.617	7727.78	87.522	7727.78	86.7363	7727.78	85.8101	7727.78	85.5922	7727.78	85.3239	7727.78	84.9772	7727.78	84.0334	7727.78	83.7206	7727.78	82.2005	7727.78	81.2268	7727.78	80.689	7727.78	79.8649	7727.78	78.9937	7727.78	77.7862	7727.78	75.5365	7727.78	72.7739	7727.78	70.8104	7727.78	70.1093	7727.78	67.7821	7727.78	65.8114	7727.78	64.6214	7727.78	66.1234	7727.78	66.1653	7727.78	61.3001	7727.78	60.9531	7727.78	62.011	7727.78	61.8918	7727.78	62.384	7727.78	58.1547	7727.78	56.0667	7727.78	58.069	7727.78	55.3425	7727.78	58.8239	7727.78	48.1195	7727.78	53.52
8000.24	88.1126	8000.24	87.4948	8000.24	86.9507	8000.24	85.9431	8000.24	85.4711	8000.24	85.099	8000.24	84.5662	8000.24	83.0012	8000.24	82.6744	8000.24	81.6089	8000.24	80.9202	8000.24	79.4304	8000.24	79.3994	8000.24	77.1181	8000.24	75.2386	8000.24	72.8233	8000.24	71.2502	8000.24	68.892	8000.24	67.6897	8000.24	67.5271	8000.24	65.5966	8000.24	64.5411	8000.24	62.3742	8000.24	63.4143	8000.24	59.5162	8000.24	55.9787	8000.24	57.3864	8000.24	60.0951	8000.24	62.8471	8000.24	59.2631	8000.24	55.9507	8000.24	58.6642	8000.24	61.4416	8000.24	56.8953	8000.24	56.2299	8000.24	52.2168
8282.23	88.6375	8282.23	87.8354	8282.23	87.6343	8282.23	86.3693	8282.23	85.899	8282.23	84.9482	8282.23	84.7844	8282.23	82.781	8282.23	83.0612	8282.23	81.7819	8282.23	81.6026	8282.23	80.2659	8282.23	79.1486	8282.23	76.8495	8282.23	75.1034	8282.23	73.2321	8282.23	71.5084	8282.23	69.1311	8282.23	67.1998	8282.23	66.5952	8282.23	65.3747	8282.23	64.7874	8282.23	61.2618	8282.23	62.1377	8282.23	60.5764	8282.23	59.8602	8282.23	58.2831	8282.23	60.3246	8282.23	61.0041	8282.23	57.4215	8282.23	56.1003	8282.23	60.2005	8282.23	59.4839	8282.23	55.6906	8282.23	54.1921	8282.23	53.0251
8574.46	88.8658	8574.46	87.8917	8574.46	87.8225	8574.46	86.4261	8574.46	86.2834	8574.46	85.0582	8574.46	84.7972	8574.46	82.7948	8574.46	83.1859	8574.46	82.378	8574.46	81.3869	8574.46	79.9583	8574.46	78.3885	8574.46	75.8943	8574.46	74.3331	8574.46	71.5222	8574.46	70.9659	8574.46	68.4487	8574.46	64.7739	8574.46	64.7443	8574.46	65.0053	8574.46	64.2734	8574.46	61.8531	8574.46	61.1197	8574.46	58.4394	8574.46	58.1423	8574.46	57.8079	8574.46	58.5805	8574.46	59.4076	8574.46	56.3834	8574.46	56.9294	8574.46	59.9791	8574.46	55.0279	8574.46	55.3114	8574.46	52.9975	8574.46	52.209
8876.22	88.6584	8876.22	87.7541	8876.22	87.5706	8876.22	86.3886	8876.22	86.0024	8876.22	84.6955	8876.22	84.4977	8876.22	82.389	8876.22	82.8418	8876.22	81.8626	8876.22	81.2487	8876.22	78.5764	8876.22	77.9543	8876.22	74.8029	8876.22	72.6593	8876.22	70.4978	8876.22	70.9503	8876.22	66.2944	8876.22	65.1385	8876.22	65.7209	8876.22	64.4038	8876.22	64.0777	8876.22	62.0527	8876.22	59.0248	8876.22	61.0616	8876.22	56.8289	8876.22	56.671	8876.22	60.7612	8876.22	58.7621	8876.22	54.9538	8876.22	55.8521	8876.22	59.5483	8876.22	56.219	8876.22	55.0672	8876.22	55.4334	8876.22	51.0098
9189.7	88.3253	9189.7	87.2979	9189.7	87.3394	9189.7	86.4664	9189.7	86.1468	9189.7	84.6468	9189.7	84.842	9189.7	82.8977	9189.7	83.5188	9189.7	81.8353	9189.7	81.4893	9189.7	78.4295	9189.7	78.0522	9189.7	75.1167	9189.7	73.4128	9189.7	71.5638	9189.7	71.6198	9189.7	66.9954	9189.7	64.8995	9189.7	65.0868	9189.7	64.9918	9189.7	62.5093	9189.7	60.6406	9189.7	61.809	9189.7	60.566	9189.7	57.3005	9189.7	55.3538	9189.7	58.199	9189.7	59.1388	9189.7	56.9172	9189.7	56.5297	9189.7	57.4344	9189.7	55.9928	9189.7	56.0942	9189.7	56.0705	9189.7	53.4861
9513.43	88.1227	9513.43	87.1812	9513.43	87.1244	9513.43	86.6491	9513.43	86.3538	9513.43	84.7557	9513.43	85.0134	9513.43	83.1774	9513.43	83.605	9513.43	81.8741	9513.43	81.1	9513.43	78.8382	9513.43	78.1112	9513.43	75.1748	9513.43	74.2486	9513.43	71.957	9513.43	71.0648	9513.43	68.5137	9513.43	64.9772	9513.43	64.3863	9513.43	63.623	9513.43	60.5741	9513.43	61.8121	9513.43	59.9201	9513.43	61.3947	9513.43	59.0169	9513.43	58.2807	9513.43	57.4942	9513.43	58.8213	9513.43	55.9217	9513.43	54.5539	9513.43	56.852	9513.43	56.0562	9513.43	53.6958	9513.43	54.3786	9513.43	53.838
9848.88	87.7328	9848.88	87.0848	9848.88	86.815	9848.88	86.8403	9848.88	85.963	9848.88	84.8954	9848.88	84.6849	9848.88	83.4896	9848.88	83.4192	9848.88	81.7733	9848.88	80.8383	9848.88	79.0279	9848.88	78.2584	9848.88	75.2493	9848.88	73.6344	9848.88	70.7832	9848.88	71.4763	9848.88	65.9176	9848.88	65.6595	9848.88	64.2203	9848.88	64.0139	9848.88	59.7283	9848.88	60.8454	9848.88	61.4058	9848.88	60.1999	9848.88	59.043	9848.88	56.3706	9848.88	57.1688	9848.88	57.2034	9848.88	56.1851	9848.88	51.5549	9848.88	56.5427	9848.88	55.6588	9848.88	55.8122	9848.88	52.853	9848.88	53.3635
10196.8	87.3892	10196.8	87.0414	10196.8	86.4398	10196.8	86.7217	10196.8	85.7123	10196.8	85.053	10196.8	84.9822	10196.8	83.4428	10196.8	82.9713	10196.8	81.691	10196.8	80.8573	10196.8	79.6409	10196.8	78.4994	10196.8	74.8642	10196.8	74.1651	10196.8	71.1709	10196.8	71.6962	10196.8	67.5672	10196.8	66.5817	10196.8	64.4362	10196.8	63.7196	10196.8	62.0252	10196.8	62.1848	10196.8	61.0258	10196.8	58.8478	10196.8	58.9611	10196.8	57.8466	10196.8	57.505	10196.8	58.3196	10196.8	56.4035	10196.8	53.1212	10196.8	54.9309	10196.8	55.1029	10196.8	55.1473	10196.8	53.9834	10196.8	52.6091
10556.4	87.1101	10556.4	86.8624	10556.4	86.385	10556.4	86.2297	10556.4	86.0461	10556.4	85.0713	10556.4	85.2727	10556.4	83.0561	10556.4	82.7115	10556.4	81.6299	10556.4	81.0237	10556.4	79.5033	10556.4	78.2885	10556.4	74.9682	10556.4	74.2479	10556.4	71.6664	10556.4	71.8629	10556.4	67.7276	10556.4	68.03	10556.4	65.0202	10556.4	63.3782	10556.4	62.491	10556.4	62.9025	10556.4	59.9784	10556.4	58.1588	10556.4	59.0276	10556.4	57.4065	10556.4	56.4306	10556.4	56.2494	10556.4	56.0649	10556.4	54.1567	10556.4	55.2579	10556.4	53.9668	10556.4	57.1146	10556.4	54.1887	10556.4	52.7753
10928.5	87.1159	10928.5	87.0078	10928.5	86.5985	10928.5	86.0391	10928.5	86.0985	10928.5	85.0188	10928.5	85.1759	10928.5	82.267	10928.5	82.5258	10928.5	80.7911	10928.5	80.9152	10928.5	78.3109	10928.5	77.8814	10928.5	74.8716	10928.5	73.6772	10928.5	70.7385	10928.5	70.7347	10928.5	67.1536	10928.5	65.9847	10928.5	64.2567	10928.5	61.7848	10928.5	61.0061	10928.5	60.6037	10928.5	60.5103	10928.5	58.8417	10928.5	56.3158	10928.5	56.617	10928.5	55.2232	10928.5	52.7833	10928.5	54.1319	10928.5	51.8236	10928.5	53.4131	10928.5	51.3515	10928.5	57.3146	10928.5	52.7773	10928.5	51.3775
11313.7	86.8272	11313.7	87.0884	11313.7	86.5326	11313.7	86.0157	11313.7	86.1476	11313.7	84.8535	11313.7	84.9934	11313.7	82.1602	11313.7	82.5398	11313.7	80.6026	11313.7	80.5573	11313.7	77.5146	11313.7	77.3838	11313.7	74.0276	11313.7	72.7886	11313.7	69.6802	11313.7	69.7189	11313.7	65.6574	11313.7	65.1829	11313.7	63.2073	11313.7	60.0258	11313.7	59.0512	11313.7	61.3108	11313.7	58.8632	11313.7	57.6248	11313.7	56.5733	11313.7	53.7016	11313.7	54.9463	11313.7	52.3102	11313.7	51.0793	11313.7	51.5294	11313.7	50.6845	11313.7	49.5865	11313.7	58.1387	11313.7	53.4813	11313.7	50.8626
11712.9	86.7815	11712.9	86.9274	11712.9	86.7884	11712.9	85.568	11712.9	86.2783	11712.9	84.5957	11712.9	84.7593	11712.9	82.2098	11712.9	82.479	11712.9	79.7483	11712.9	79.9783	11712.9	77.4794	11712.9	76.3828	11712.9	73.2136	11712.9	71.6049	11712.9	69.0649	11712.9	69.4389	11712.9	62.8574	11712.9	65.7869	11712.9	62.6594	11712.9	61.2474	11712.9	59.4061	11712.9	61.6582	11712.9	55.8037	11712.9	58.7691	11712.9	53.219	11712.9	51.1052	11712.9	55.1718	11712.9	55.8408	11712.9	51.8007	11712.9	52.6891	11712.9	50.9431	11712.9	50.2046	11712.9	56.0401	11712.9	52.8386	11712.9	49.9222
12126	86.569	12126	86.8751	12126	86.4416	12126	85.6154	12126	85.8129	12126	84.784	12126	84.1967	12126	82.7738	12126	82.5924	12126	79.4038	12126	79.7236	12126	77.4709	12126	76.4919	12126	73.4784	12126	72.2487	12126	69.1095	12126	70.0848	12126	63.8233	12126	66.4942	12126	63.814	12126	61.9565	12126	60.1447	12126	61.7244	12126	57.05	12126	56.2001	12126	52.696	12126	48.191	12126	54.8705	12126	55.1862	12126	53.5348	12126	54.7274	12126	52.3023	12126	53.637	12126	55.3216	12126	53.1527	12126	51.3357
12553.7	86.5375	12553.7	86.7612	12553.7	86.0627	12553.7	85.9436	12553.7	85.8535	12553.7	84.6806	12553.7	84.1342	12553.7	82.9096	12553.7	82.5601	12553.7	79.4868	12553.7	79.7342	12553.7	77.8892	12553.7	77.1045	12553.7	74.3905	12553.7	73.4377	12553.7	70.8085	12553.7	71.3656	12553.7	66.2084	12553.7	67.1962	12553.7	64.2237	12553.7	61.5723	12553.7	59.9466	12553.7	63.2826	12553.7	59.3959	12553.7	56.8647	12553.7	57.3195	12553.7	58.1908	12553.7	55.7011	12553.7	57.6815	12553.7	54.478	12553.7	55.3858	12553.7	47.8651	12553.7	52.2609	12553.7	57.6453	12553.7	54.1345	12553.7	52.4249
12996.1	86.674	12996.1	86.3956	12996.1	85.8958	12996.1	85.9015	12996.1	85.9333	12996.1	84.9314	12996.1	84.2981	12996.1	82.6296	12996.1	82.3264	12996.1	79.6659	12996.1	79.9656	12996.1	78.2331	12996.1	77.3276	12996.1	74.6991	12996.1	73.2898	12996.1	70.5129	12996.1	70.987	12996.1	66.159	12996.1	66.6845	12996.1	63.5334	12996.1	61.4339	12996.1	59.4823	12996.1	62.9897	12996.1	59.9177	12996.1	60.775	12996.1	54.036	12996.1	57.4109	12996.1	55.7634	12996.1	56.3976	12996.1	52.132	12996.1	52.3563	12996.1	41.7113	12996.1	51.922	12996.1	57.814	12996.1	52.886	12996.1	50.6661
13454.6	86.7182	13454.6	85.9229	13454.6	85.6049	13454.6	85.5629	13454.6	85.677	13454.6	84.7471	13454.6	84.0097	13454.6	81.6259	13454.6	81.4773	13454.6	79.5686	13454.6	79.3826	13454.6	78.2974	13454.6	77.7388	13454.6	74.2712	13454.6	73.1709	13454.6	69.185	13454.6	70.2085	13454.6	65.4247	13454.6	66.0293	13454.6	62.8875	13454.6	62.4116	13454.6	60.2914	13454.6	61.4463	13454.6	59.0386	13454.6	57.9006	13454.6	52.4093	13454.6	55.0995	13454.6	55.6078	13454.6	51.6608	13454.6	49.9001	13454.6	51.5988	13454.6	46.43	13454.6	52.6126	13454.6	56.07	13454.6	54.2219	13454.6	41.6879
13928.5	86.913	13928.5	85.8676	13928.5	85.6196	13928.5	85.4056	13928.5	85.2885	13928.5	84.5533	13928.5	83.6658	13928.5	81.5278	13928.5	81.3134	13928.5	79.493	13928.5	79.3019	13928.5	78.5609	13928.5	77.9064	13928.5	74.0823	13928.5	73.5653	13928.5	70.1646	13928.5	70.3178	13928.5	64.6077	13928.5	66.2313	13928.5	62.9155	13928.5	61.8357	13928.5	61.7061	13928.5	61.5441	13928.5	56.384	13928.5	60.7612	13928.5	52.0378	13928.5	53.5577	13928.5	53.6422	13928.5	52.2328	13928.5	51.7099	13928.5	52.8881	13928.5	44.4671	13928.5	50.3131	13928.5	54.8345	13928.5	51.0103	13928.5	36.1755
14419.9	87.2442	14419.9	86.155	14419.9	86.3028	14419.9	85.5432	14419.9	85.4816	14419.9	84.6651	14419.9	83.5778	14419.9	81.7673	14419.9	81.3277	14419.9	79.7246	14419.9	79.6058	14419.9	78.7644	14419.9	77.4103	14419.9	74.4198	14419.9	73.6906	14419.9	70.7891	14419.9	69.1619	14419.9	66.8459	14419.9	64.35	14419.9	62.6203	14419.9	60.9081	14419.9	62.0706	14419.9	62.2107	14419.9	56.6563	14419.9	57.1791	14419.9	55.7771	14419.9	43.4128	14419.9	52.6399	14419.9	51.3025	14419.9	50.1405	14419.9	50.1292	14419.9	47.284	14419.9	47.7438	14419.9	54.0743	14419.9	49.9979	14419.9	43.3334
14928.2	87.2499	14928.2	86.7227	14928.2	86.9097	14928.2	86.0358	14928.2	85.6586	14928.2	84.5045	14928.2	83.4537	14928.2	81.9938	14928.2	81.6006	14928.2	79.89	14928.2	79.8709	14928.2	78.5533	14928.2	77.1276	14928.2	74.2656	14928.2	72.9191	14928.2	70.4883	14928.2	68.1405	14928.2	65.9041	14928.2	63.1448	14928.2	62.1561	14928.2	61.8112	14928.2	60.9887	14928.2	60.1873	14928.2	51.9201	14928.2	58.0098	14928.2	54.5937	14928.2	49.3771	14928.2	52.3764	14928.2	52.3418	14928.2	50.0489	14928.2	47.4288	14928.2	47.5151	14928.2	46.5083	14928.2	52.8914	14928.2	51.9892	14928.2	48.3493
15454.8	86.8249	15454.8	86.8058	15454.8	87.0472	15454.8	86.2657	15454.8	85.1778	15454.8	84.2009	15454.8	83.2145	15454.8	82.062	15454.8	81.6203	15454.8	79.683	15454.8	79.9853	15454.8	78.5281	15454.8	77.4594	15454.8	74.1519	15454.8	72.8921	15454.8	69.0321	15454.8	68.5613	15454.8	63.6241	15454.8	59.9412	15454.8	61.6797	15454.8	62.833	15454.8	59.9371	15454.8	56.9988	15454.8	54.3053	15454.8	56.7221	15454.8	53.8615	15454.8	51.9167	15454.8	49.151	15454.8	51.5009	15454.8	48.5649	15454.8	49.1265	15454.8	48.0093	15454.8	46.7577	15454.8	51.2896	15454.8	51.7081	15454.8	50.3099
15999.8	86.4415	15999.8	86.4872	15999.8	86.6037	15999.8	85.9928	15999.8	84.7421	15999.8	84.1385	15999.8	83.2667	15999.8	82.0083	15999.8	81.6064	15999.8	79.478	15999.8	79.8064	15999.8	78.9135	15999.8	77.0405	15999.8	74.3157	15999.8	72.6358	15999.8	68.6449	15999.8	68.6756	15999.8	61.7916	15999.8	63.1351	15999.8	62.6205	15999.8	62.041	15999.8	59.8689	15999.8	57.4713	15999.8	51.4677	15999.8	56.681	15999.8	51.8796	15999.8	49.056	15999.8	52.0447	15999.8	48.0207	15999.8	47.6725	15999.8	46.5573	15999.8	46.7577	15999.8	46.3546	15999.8	54.2384	15999.8	52.648	15999.8	50.8874
16564.5	87.0819	16564.5	86.5382	16564.5	86.6573	16564.5	85.8195	16564.5	85.0311	16564.5	83.9481	16564.5	83.2199	16564.5	82.2858	16564.5	81.277	16564.5	79.3382	16564.5	79.6868	16564.5	79.0639	16564.5	76.2347	16564.5	74.5004	16564.5	72.8683	16564.5	68.4726	16564.5	68.519	16564.5	62.4473	16564.5	62.3998	16564.5	62.9434	16564.5	61.1996	16564.5	60.0591	16564.5	58.672	16564.5	44.4803	16564.5	57.1916	16564.5	53.316	16564.5	45.3168	16564.5	51.2264	16564.5	47.9814	16564.5	48.6001	16564.5	43.7018	16564.5	48.3945	16564.5	44.2035	16564.5	53.0425	16564.5	51.5264	16564.5	49.48
17148.2	87.6436	17148.2	86.6746	17148.2	86.6028	17148.2	85.4415	17148.2	85.2918	17148.2	83.9792	17148.2	82.9534	17148.2	82.4642	17148.2	81.6375	17148.2	79.0454	17148.2	79.393	17148.2	78.8276	17148.2	76.8433	17148.2	73.0386	17148.2	72.4599	17148.2	68.7432	17148.2	68.5529	17148.2	61.8603	17148.2	61.8509	17148.2	62.9302	17148.2	60.8262	17148.2	58.2391	17148.2	58.7338	17148.2	42.0803	17148.2	56.9591	17148.2	54.9482	17148.2	43.7599	17148.2	49.1878	17148.2	50.9904	17148.2	50.2211	17148.2	43.407	17148.2	47.7499	17148.2	36.7765	17148.2	52.9628	17148.2	50.1715	17148.2	46.3079
17753.2	87.4444	17753.2	86.3361	17753.2	85.5987	17753.2	84.9776	17753.2	85.0114	17753.2	84.3092	17753.2	82.9386	17753.2	82.6898	17753.2	82.2845	17753.2	79.2592	17753.2	79.8947	17753.2	78.2313	17753.2	77.3703	17753.2	73.4695	17753.2	72.4001	17753.2	69.2916	17753.2	67.8456	17753.2	61.7966	17753.2	61.6211	17753.2	62.0969	17753.2	60.8167	17753.2	57.1222	17753.2	56.7111	17753.2	37.1705	17753.2	53.2028	17753.2	53.4037	17753.2	36.5451	17753.2	49.5128	17753.2	46.6123	17753.2	48.3357	17753.2	45.2481	17753.2	50.8884	17753.2	43.4885	17753.2	50.173	17753.2	52.3674	17753.2	44.2045
18379.4	87.3011	18379.4	86.1773	18379.4	85.0677	18379.4	85.0268	18379.4	85.0208	18379.4	84.5752	18379.4	83.0837	18379.4	83.2908	18379.4	82.8605	18379.4	79.2058	18379.4	79.5849	18379.4	77.5919	18379.4	76.7031	18379.4	74.0768	18379.4	71.3659	18379.4	68.0425	18379.4	65.8902	18379.4	62.5724	18379.4	60.2147	18379.4	61.6221	18379.4	59.8889	18379.4	57.1527	18379.4	57.158	18379.4	45.4296	18379.4	51.8192	18379.4	49.3576	18379.4	42.0816	18379.4	50.2963	18379.4	50.8304	18379.4	49.0222	18379.4	49.3109	18379.4	53.911	18379.4	46.9655	18379.4	51.6737	18379.4	54.3625	18379.4	50.7551
19027.6	86.6199	19027.6	85.4219	19027.6	84.1263	19027.6	84.8389	19027.6	84.9907	19027.6	84.1244	19027.6	83.0342	19027.6	83.4005	19027.6	82.8159	19027.6	78.4034	19027.6	79.2187	19027.6	78.0652	19027.6	76.3945	19027.6	73.3699	19027.6	69.7326	19027.6	67.283	19027.6	66.9442	19027.6	63.8266	19027.6	60.1811	19027.6	61.6077	19027.6	60.9597	19027.6	57.2925	19027.6	59.0934	19027.6	54.5602	19027.6	56.6369	19027.6	50.0647	19027.6	47.6263	19027.6	49.3841	19027.6	42.5826	19027.6	48.0136	19027.6	51.6792	19027.6	55.7712	19027.6	51.0957	19027.6	56.1694	19027.6	54.4063	19027.6	55.3316
19698.5	86.615	19698.5	85.1353	19698.5	84.1739	19698.5	84.3814	19698.5	84.6583	19698.5	84.098	19698.5	83.2587	19698.5	83.3986	19698.5	81.8919	19698.5	78.6645	19698.5	79.3417	19698.5	77.4535	19698.5	75.2523	19698.5	73.2426	19698.5	72.7007	19698.5	68.7087	19698.5	68.7454	19698.5	66.2589	19698.5	56.6228	19698.5	63.5861	19698.5	61.874	19698.5	55.7888	19698.5	60.8591	19698.5	61.16	19698.5	61.0254	19698.5	55.899	19698.5	38.8529	19698.5	47.6436	19698.5	45.3622	19698.5	52.0914	19698.5	54.2631	19698.5	58.4866	19698.5	53.0844	19698.5	57.6818	19698.5	56.0074	19698.5	58.5354
19999.5	86.2622	19999.5	84.9806	19999.5	83.4518	19999.5	84.6185	19999.5	84.5434	19999.5	84.1594	19999.5	83.3236	19999.5	82.8999	19999.5	82.0379	19999.5	78.1902	19999.5	79.709	19999.5	76.9698	19999.5	76.0837	19999.5	74.1575	19999.5	73.1277	19999.5	69.5313	19999.5	68.7574	19999.5	69.9393	19999.5	58.691	19999.5	62.8306	19999.5	59.0046	19999.5	59.9184	19999.5	61.5006	19999.5	61.6692	19999.5	63.2878	19999.5	49.7359	19999.5	49.038	19999.5	46.9308	19999.5	59.4955	19999.5	56.3457	19999.5	53.9968	19999.5	59.5094	19999.5	57.563	19999.5	57.9388	19999.5	57.3641	19999.5	57.8542
