"SPL Vertical"																																																																							
"On-Axis"		"10°"		"-10°"		"20°"		"-20°"		"30°"		"-30°"		"40°"		"-40°"		"50°"		"-50°"		"60°"		"-60°"		"70°"		"-70°"		"80°"		"-80°"		"90°"		"-90°"		"100°"		"-100°"		"110°"		"-110°"		"120°"		"-120°"		"130°"		"-130°"		"140°"		"-140°"		"150°"		"-150°"		"160°"		"-160°"		"170°"		"-170°"		"180°"	
"Frequency / Hz"	"Sound Pressure Level / dB (re 20 µPa/V)  [2.83  V @ 1. m]"	"Frequency / Hz"	"Sound Pressure Level / dB (re 20 µPa/V)  [2.83  V @ 1. m]"	"Frequency / Hz"	"Sound Pressure Level / dB (re 20 µPa/V)  [2.83  V @ 1. m]"	"Frequency / Hz"	"Sound Pressure Level / dB (re 20 µPa/V)  [2.83  V @ 1. m]"	"Frequency / Hz"	"Sound Pressure Level / dB (re 20 µPa/V)  [2.83  V @ 1. m]"	"Frequency / Hz"	"Sound Pressure Level / dB (re 20 µPa/V)  [2.83  V @ 1. m]"	"Frequency / Hz"	"Sound Pressure Level / dB (re 20 µPa/V)  [2.83  V @ 1. m]"	"Frequency / Hz"	"Sound Pressure Level / dB (re 20 µPa/V)  [2.83  V @ 1. m]"	"Frequency / Hz"	"Sound Pressure Level / dB (re 20 µPa/V)  [2.83  V @ 1. m]"	"Frequency / Hz"	"Sound Pressure Level / dB (re 20 µPa/V)  [2.83  V @ 1. m]"	"Frequency / Hz"	"Sound Pressure Level / dB (re 20 µPa/V)  [2.83  V @ 1. m]"	"Frequency / Hz"	"Sound Pressure Level / dB (re 20 µPa/V)  [2.83  V @ 1. m]"	"Frequency / Hz"	"Sound Pressure Level / dB (re 20 µPa/V)  [2.83  V @ 1. m]"	"Frequency / Hz"	"Sound Pressure Level / dB (re 20 µPa/V)  [2.83  V @ 1. m]"	"Frequency / Hz"	"Sound Pressure Level / dB (re 20 µPa/V)  [2.83  V @ 1. m]"	"Frequency / Hz"	"Sound Pressure Level / dB (re 20 µPa/V)  [2.83  V @ 1. m]"	"Frequency / Hz"	"Sound Pressure Level / dB (re 20 µPa/V)  [2.83  V @ 1. m]"	"Frequency / Hz"	"Sound Pressure Level / dB (re 20 µPa/V)  [2.83  V @ 1. m]"	"Frequency / Hz"	"Sound Pressure Level / dB (re 20 µPa/V)  [2.83  V @ 1. m]"	"Frequency / Hz"	"Sound Pressure Level / dB (re 20 µPa/V)  [2.83  V @ 1. m]"	"Frequency / Hz"	"Sound Pressure Level / dB (re 20 µPa/V)  [2.83  V @ 1. m]"	"Frequency / Hz"	"Sound Pressure Level / dB (re 20 µPa/V)  [2.83  V @ 1. m]"	"Frequency / Hz"	"Sound Pressure Level / dB (re 20 µPa/V)  [2.83  V @ 1. m]"	"Frequency / Hz"	"Sound Pressure Level / dB (re 20 µPa/V)  [2.83  V @ 1. m]"	"Frequency / Hz"	"Sound Pressure Level / dB (re 20 µPa/V)  [2.83  V @ 1. m]"	"Frequency / Hz"	"Sound Pressure Level / dB (re 20 µPa/V)  [2.83  V @ 1. m]"	"Frequency / Hz"	"Sound Pressure Level / dB (re 20 µPa/V)  [2.83  V @ 1. m]"	"Frequency / Hz"	"Sound Pressure Level / dB (re 20 µPa/V)  [2.83  V @ 1. m]"	"Frequency / Hz"	"Sound Pressure Level / dB (re 20 µPa/V)  [2.83  V @ 1. m]"	"Frequency / Hz"	"Sound Pressure Level / dB (re 20 µPa/V)  [2.83  V @ 1. m]"	"Frequency / Hz"	"Sound Pressure Level / dB (re 20 µPa/V)  [2.83  V @ 1. m]"	"Frequency / Hz"	"Sound Pressure Level / dB (re 20 µPa/V)  [2.83  V @ 1. m]"	"Frequency / Hz"	"Sound Pressure Level / dB (re 20 µPa/V)  [2.83  V @ 1. m]"	"Frequency / Hz"	"Sound Pressure Level / dB (re 20 µPa/V)  [2.83  V @ 1. m]"	"Frequency / Hz"	"Sound Pressure Level / dB (re 20 µPa/V)  [2.83  V @ 1. m]"	"Frequency / Hz"	"Sound Pressure Level / dB (re 20 µPa/V)  [2.83  V @ 1. m]"
20.5078	49.6501	20.5078	49.2822	20.5078	49.9942	20.5078	48.9045	20.5078	50.3046	20.5078	48.5337	20.5078	50.5746	20.5078	48.1879	20.5078	50.8006	20.5078	47.8845	20.5078	50.9813	20.5078	47.6379	20.5078	51.1171	20.5078	47.4589	20.5078	51.2092	20.5078	47.3548	20.5078	51.2593	20.5078	47.3305	20.5078	51.269	20.5078	47.3876	20.5078	51.2398	20.5078	47.5236	20.5078	51.1724	20.5078	47.7306	20.5078	51.0673	20.5078	47.9962	20.5078	50.9245	20.5078	48.3048	20.5078	50.7439	20.5078	48.6406	20.5078	50.526	20.5078	48.9886	20.5078	50.2723	20.5078	49.3358	20.5078	49.9857	20.5078	49.6712
21.9727	49.5463	21.9727	49.0424	21.9727	50.0018	21.9727	48.5026	21.9727	50.402	21.9727	47.9466	21.9727	50.7439	21.9727	47.4024	21.9727	51.0272	21.9727	46.906	21.9727	51.253	21.9727	46.4979	21.9727	51.4234	21.9727	46.2162	21.9727	51.541	21.9727	46.0881	21.9727	51.6083	21.9727	46.1227	21.9727	51.6275	21.9727	46.3089	21.9727	51.6006	21.9727	46.6197	21.9727	51.5287	21.9727	47.02	21.9727	51.4125	21.9727	47.4752	21.9727	51.2519	21.9727	47.9561	21.9727	51.0465	21.9727	48.4407	21.9727	50.796	21.9727	48.9132	21.9727	50.5006	21.9727	49.3625	21.9727	50.1612	21.9727	49.7805
23.4375	47.4091	23.4375	46.9242	23.4375	47.8942	23.4375	46.4718	23.4375	48.3538	23.4375	46.0856	23.4375	48.7699	23.4375	45.7921	23.4375	49.1314	23.4375	45.6021	23.4375	49.4325	23.4375	45.5078	23.4375	49.6708	23.4375	45.4895	23.4375	49.846	23.4375	45.5263	23.4375	49.9594	23.4375	45.606	23.4375	50.0127	23.4375	45.7271	23.4375	50.008	23.4375	45.8953	23.4375	49.9476	23.4375	46.1168	23.4375	49.8338	23.4375	46.3921	23.4375	49.669	23.4375	46.7146	23.4375	49.4562	23.4375	47.072	23.4375	49.1987	23.4375	47.4498	23.4375	48.9012	23.4375	47.8336	23.4375	48.5693	23.4375	48.2104
24.9023	44.9764	24.9023	43.862	24.9023	45.9859	24.9023	42.7021	24.9023	46.8658	24.9023	41.6048	24.9023	47.6106	24.9023	40.7152	24.9023	48.2242	24.9023	40.1504	24.9023	48.7141	24.9023	39.9161	24.9023	49.0891	24.9023	39.9112	24.9023	49.3571	24.9023	40.0192	24.9023	49.5256	24.9023	40.1839	24.9023	49.6003	24.9023	40.4218	24.9023	49.5857	24.9023	40.7902	24.9023	49.485	24.9023	41.3368	24.9023	49.2997	24.9023	42.0609	24.9023	49.0302	24.9023	42.9125	24.9023	48.6757	24.9023	43.8221	24.9023	48.2346	24.9023	44.7284	24.9023	47.7052	24.9023	45.5891	24.9023	47.0864	24.9023	46.3793
26.3672	45.8675	26.3672	44.897	26.3672	46.7828	26.3672	43.9422	26.3672	47.6035	26.3672	43.1034	26.3672	48.3121	26.3672	42.4793	26.3672	48.9044	26.3672	42.1119	26.3672	49.3822	26.3672	41.9558	26.3672	49.7506	26.3672	41.914	26.3672	50.0151	26.3672	41.9019	26.3672	50.1811	26.3672	41.8885	26.3672	50.2532	26.3672	41.9049	26.3672	50.2348	26.3672	42.0267	26.3672	50.1283	26.3672	42.3343	26.3672	49.9349	26.3672	42.8631	26.3672	49.6548	26.3672	43.582	26.3672	49.2876	26.3672	44.4168	26.3672	48.8321	26.3672	45.2895	26.3672	48.2876	26.3672	46.1413	26.3672	47.6546	26.3672	46.9361
27.832	47.1306	27.832	46.1378	27.832	48.0618	27.832	45.1518	27.832	48.8945	27.832	44.2723	27.832	49.613	27.832	43.6024	27.832	50.2143	27.832	43.193	27.832	50.7013	27.832	43.0085	27.832	51.0795	27.832	42.9579	27.832	51.3552	27.832	42.9598	27.832	51.5342	27.832	42.9867	27.832	51.6215	27.832	43.0723	27.832	51.6208	27.832	43.2893	27.832	51.5348	27.832	43.7045	27.832	51.3648	27.832	44.3322	27.832	51.1107	27.832	45.1249	27.832	50.7715	27.832	46.0036	27.832	50.3452	27.832	46.8945	27.832	49.8298	27.832	47.7457	27.832	49.2234	27.832	48.5269
29.2969	48.3892	29.2969	47.484	29.2969	49.2453	29.2969	46.5911	29.2969	50.0164	29.2969	45.7938	29.2969	50.6852	29.2969	45.1734	29.2969	51.2459	29.2969	44.7691	29.2969	51.6994	29.2969	44.5531	29.2969	52.0492	29.2969	44.4536	29.2969	52.3001	29.2969	44.4034	29.2969	52.4567	29.2969	44.3771	29.2969	52.5233	29.2969	44.401	29.2969	52.5033	29.2969	44.5398	29.2969	52.3989	29.2969	44.8599	29.2969	52.2117	29.2969	45.3873	29.2969	51.9419	29.2969	46.0903	29.2969	51.5889	29.2969	46.8996	29.2969	51.1517	29.2969	47.7427	29.2969	50.6291	29.2969	48.5643	29.2969	50.021	29.2969	49.3299
30.7617	49.7156	30.7617	49.193	30.7617	50.2954	30.7617	48.7846	30.7617	50.8789	30.7617	48.5302	30.7617	51.4262	30.7617	48.4317	30.7617	51.9117	30.7617	48.4502	30.7617	52.3214	30.7617	48.5239	30.7617	52.6488	30.7617	48.5941	30.7617	52.8916	30.7617	48.6222	30.7617	53.0504	30.7617	48.5973	30.7617	53.1266	30.7617	48.5356	30.7617	53.1224	30.7617	48.4756	30.7617	53.04	30.7617	48.4679	30.7617	52.8818	30.7617	48.5593	30.7617	52.6503	30.7617	48.7767	30.7617	52.3488	30.7617	49.118	30.7617	51.9817	30.7617	49.5567	30.7617	51.5556	30.7617	50.0543	30.7617	51.0808	30.7617	50.5728
32.2266	49.8625	32.2266	49.343	32.2266	50.4644	32.2266	48.975	32.2266	51.0812	32.2266	48.7989	32.2266	51.6626	32.2266	48.802	32.2266	52.1772	32.2266	48.9227	32.2266	52.6085	32.2266	49.0806	32.2266	52.9495	32.2266	49.2074	32.2266	53.1987	32.2266	49.2621	32.2266	53.3574	32.2266	49.2343	32.2266	53.4284	32.2266	49.1417	32.2266	53.4149	32.2266	49.0262	32.2266	53.3205	32.2266	48.945	32.2266	53.1485	32.2266	48.9563	32.2266	52.9025	32.2266	49.0999	32.2266	52.5867	32.2266	49.384	32.2266	52.2063	32.2266	49.7856	32.2266	51.7691	32.2266	50.2639	32.2266	51.2865	32.2266	50.7761
33.6914	50.088	33.6914	49.3709	33.6914	50.8489	33.6914	48.7908	33.6914	51.5812	33.6914	48.4281	33.6914	52.24	33.6914	48.3039	33.6914	52.8023	33.6914	48.3617	33.6914	53.2586	33.6914	48.4999	33.6914	53.6073	33.6914	48.6218	33.6914	53.8501	33.6914	48.6637	33.6914	53.9904	33.6914	48.6019	33.6914	54.0318	33.6914	48.4503	33.6914	53.9779	33.6914	48.2576	33.6914	53.8313	33.6914	48.1009	33.6914	53.5947	33.6914	48.0684	33.6914	53.2701	33.6914	48.2287	33.6914	52.8599	33.6914	48.5997	33.6914	52.3676	33.6914	49.1443	33.6914	51.7991	33.6914	49.7956	33.6914	51.1654	33.6914	50.4864
35.1562	52.1513	35.1562	51.5889	35.1562	52.7545	35.1562	51.1257	35.1562	53.3467	35.1562	50.8071	35.1562	53.8904	35.1562	50.6427	35.1562	54.3624	35.1562	50.5994	35.1562	54.7502	35.1562	50.6161	35.1562	55.0484	35.1562	50.6298	35.1562	55.2552	35.1562	50.595	35.1562	55.3711	35.1562	50.4929	35.1562	55.3977	35.1562	50.3337	35.1562	55.3366	35.1562	50.1547	35.1562	55.1896	35.1562	50.0151	35.1562	54.9585	35.1562	49.9821	35.1562	54.6453	35.1562	50.1088	35.1562	54.253	35.1562	50.413	35.1562	53.7863	35.1562	50.872	35.1562	53.253	35.1562	51.436	35.1562	52.6669	35.1562	52.0499
36.6211	53.2001	36.6211	52.7072	36.6211	53.7481	36.6211	52.3214	36.6211	54.3008	36.6211	52.0762	36.6211	54.8185	36.6211	51.9701	36.6211	55.2754	36.6211	51.9644	36.6211	55.6561	36.6211	52.0006	36.6211	55.953	36.6211	52.0223	36.6211	56.163	36.6211	51.9913	36.6211	56.2856	36.6211	51.894	36.6211	56.3218	36.6211	51.743	36.6211	56.2733	36.6211	51.575	36.6211	56.142	36.6211	51.4449	36.6211	55.9304	36.6211	51.4126	36.6211	55.6413	36.6211	51.5241	36.6211	55.2784	36.6211	51.7941	36.6211	54.8476	36.6211	52.2029	36.6211	54.3574	36.6211	52.708	36.6211	53.8216	36.6211	53.2615
38.0859	54.8066	38.0859	54.3862	38.0859	55.273	38.0859	54.0497	38.0859	55.7457	38.0859	53.8208	38.0859	56.192	38.0859	53.6976	38.0859	56.5886	38.0859	53.6522	38.0859	56.9208	38.0859	53.6413	38.0859	57.1804	38.0859	53.6221	38.0859	57.3634	38.0859	53.5653	38.0859	57.4687	38.0859	53.4611	38.0859	57.4967	38.0859	53.322	38.0859	57.4486	38.0859	53.1803	38.0859	57.3265	38.0859	53.0824	38.0859	57.1327	38.0859	53.0759	38.0859	56.8703	38.0859	53.195	38.0859	56.5433	38.0859	53.4476	38.0859	56.1573	38.0859	53.8153	38.0859	55.7206	38.0859	54.2629	38.0859	55.2458	38.0859	54.7511
39.5508	55.9126	39.5508	55.5725	39.5508	56.3093	39.5508	55.3217	39.5508	56.7255	39.5508	55.1761	39.5508	57.1279	39.5508	55.1277	39.5508	57.4916	39.5508	55.1463	39.5508	57.7999	39.5508	55.1904	39.5508	58.0427	39.5508	55.2214	39.5508	58.2148	39.5508	55.2125	39.5508	58.3141	39.5508	55.154	39.5508	58.3407	39.5508	55.0543	39.5508	58.2959	39.5508	54.9376	39.5508	58.1822	39.5508	54.8392	39.5508	58.0029	39.5508	54.7974	39.5508	57.7624	39.5508	54.8431	39.5508	57.4665	39.5508	54.9913	39.5508	57.1234	39.5508	55.2381	39.5508	56.744	39.5508	55.564	39.5508	56.3436	39.5508	55.9419
41.0156	57.5045	41.0156	57.1644	41.0156	57.8883	41.0156	56.8949	41.0156	58.2854	41.0156	56.7112	41.0156	58.6685	41.0156	56.6105	41.0156	59.0166	41.0156	56.5722	41.0156	59.3148	41.0156	56.5653	41.0156	59.5539	41.0156	56.5588	41.0156	59.7284	41.0156	56.5305	41.0156	59.8356	41.0156	56.4723	41.0156	59.8748	41.0156	56.3919	41.0156	59.8463	41.0156	56.3105	41.0156	59.7513	41.0156	56.2591	41.0156	59.5919	41.0156	56.2696	41.0156	59.371	41.0156	56.3668	41.0156	59.0929	41.0156	56.5605	41.0156	58.7641	41.0156	56.8434	41.0156	58.3939	41.0156	57.195	41.0156	57.9958	41.0156	57.5883
42.4805	58.385	42.4805	58.0688	42.4805	58.7425	42.4805	57.8197	42.4805	59.1121	42.4805	57.6526	42.4805	59.4677	42.4805	57.5651	42.4805	59.7892	42.4805	57.5383	42.4805	60.0624	42.4805	57.543	42.4805	60.2788	42.4805	57.5497	42.4805	60.4334	42.4805	57.5365	42.4805	60.5244	42.4805	57.4946	42.4805	60.5518	42.4805	57.4294	42.4805	60.5164	42.4805	57.3591	42.4805	60.4204	42.4805	57.3104	42.4805	60.2661	42.4805	57.312	42.4805	60.057	42.4805	57.387	42.4805	59.7976	42.4805	57.546	42.4805	59.4945	42.4805	57.7854	42.4805	59.1569	42.4805	58.0893	42.4805	58.7979	42.4805	58.4348
43.9453	59.3535	43.9453	59.1387	43.9453	59.618	43.9453	58.9917	43.9453	59.9079	43.9453	58.9178	43.9453	60.1985	43.9453	58.9071	43.9453	60.4687	43.9453	58.937	43.9453	60.7026	43.9453	58.9787	43.9453	60.8894	43.9453	59.0055	43.9453	61.0227	43.9453	58.9984	43.9453	61.0989	43.9453	58.9496	43.9453	61.117	43.9453	58.8635	43.9453	61.0775	43.9453	58.7559	43.9453	60.9821	43.9453	58.6508	43.9453	60.8337	43.9453	58.5762	43.9453	60.6365	43.9453	58.558	43.9453	60.3961	43.9453	58.6141	43.9453	60.121	43.9453	58.7496	43.9453	59.8223	43.9453	58.9573	43.9453	59.5156	43.9453	59.2199
45.4102	60.3137	45.4102	60.1145	45.4102	60.5581	45.4102	59.9771	45.4102	60.8252	45.4102	59.9061	45.4102	61.092	45.4102	59.8925	45.4102	61.3387	45.4102	59.9153	45.4102	61.55	45.4102	59.9479	45.4102	61.7158	45.4102	59.9653	45.4102	61.8297	45.4102	59.9501	45.4102	61.8884	45.4102	59.8949	45.4102	61.8912	45.4102	59.8042	45.4102	61.8389	45.4102	59.6928	45.4102	61.7339	45.4102	59.5831	45.4102	61.5796	45.4102	59.5015	45.4102	61.3811	45.4102	59.4719	45.4102	61.145	45.4102	59.5111	45.4102	60.88	45.4102	59.6246	45.4102	60.5976	45.4102	59.8065	45.4102	60.3124	45.4102	60.0422
46.875	61.3498	46.875	61.1225	46.875	61.6134	46.875	60.9481	46.875	61.8923	46.875	60.8341	46.875	62.1657	46.875	60.7756	46.875	62.4158	46.875	60.7565	46.875	62.6292	46.875	60.7548	46.875	62.7968	46.875	60.7486	46.875	62.9128	46.875	60.722	46.875	62.9742	46.875	60.6685	46.875	62.9801	46.875	60.5922	46.875	62.9312	46.875	60.5067	46.875	62.8292	46.875	60.4325	46.875	62.6774	46.875	60.3927	46.875	62.4803	46.875	60.4071	46.875	62.2438	46.875	60.4882	46.875	61.9761	46.875	60.6384	46.875	61.6879	46.875	60.8497	46.875	61.3928	46.875	61.1072
48.3398	62.3702	48.3398	62.1729	48.3398	62.6023	48.3398	62.0255	48.3398	62.85	48.3398	61.9339	48.3398	63.0935	48.3398	61.893	48.3398	63.3161	48.3398	61.8876	48.3398	63.5046	48.3398	61.8968	48.3398	63.65	48.3398	61.8998	48.3398	63.7467	48.3398	61.8809	48.3398	63.7919	48.3398	61.8329	48.3398	63.7847	48.3398	61.7581	48.3398	63.726	48.3398	61.6678	48.3398	63.6182	48.3398	61.5801	48.3398	63.4649	48.3398	61.5163	48.3398	63.2712	48.3398	61.4964	48.3398	63.044	48.3398	61.535	48.3398	62.7921	48.3398	61.6379	48.3398	62.527	48.3398	61.8016	48.3398	62.2626	48.3398	62.0151
51.2695	64.4667	51.2695	64.3106	51.2695	64.6498	51.2695	64.1928	51.2695	64.8451	51.2695	64.1175	51.2695	65.0368	51.2695	64.0807	51.2695	65.2111	51.2695	64.0708	51.2695	65.3569	51.2695	64.0715	51.2695	65.4661	51.2695	64.0667	51.2695	65.5336	51.2695	64.0439	51.2695	65.5569	51.2695	63.9969	51.2695	65.5352	51.2695	63.9271	51.2695	65.4697	51.2695	63.8431	51.2695	65.3631	51.2695	63.7589	51.2695	65.2193	51.2695	63.6913	51.2695	65.0438	51.2695	63.6564	51.2695	64.8438	51.2695	63.6669	51.2695	64.628	51.2695	63.7293	51.2695	64.4074	51.2695	63.8431	51.2695	64.1941	51.2695	64.0017
52.7344	65.7133	52.7344	65.5726	52.7344	65.8756	52.7344	65.4626	52.7344	66.0466	52.7344	65.3868	52.7344	66.2132	52.7344	65.3418	52.7344	66.3631	52.7344	65.318	52.7344	66.4864	52.7344	65.3019	52.7344	66.5758	52.7344	65.2801	52.7344	66.6265	52.7344	65.2421	52.7344	66.6361	52.7344	65.183	52.7344	66.6039	52.7344	65.1045	52.7344	66.5312	52.7344	65.0144	52.7344	66.4203	52.7344	64.9256	52.7344	66.2755	52.7344	64.8532	52.7344	66.102	52.7344	64.8121	52.7344	65.907	52.7344	64.8139	52.7344	65.6993	52.7344	64.8651	52.7344	65.4892	52.7344	64.9657	52.7344	65.2886	52.7344	65.1101
54.1992	66.7281	54.1992	66.6056	54.1992	66.8693	54.1992	66.5097	54.1992	67.0185	54.1992	66.4428	54.1992	67.1636	54.1992	66.401	54.1992	67.2934	54.1992	66.3752	54.1992	67.3986	54.1992	66.3528	54.1992	67.4723	54.1992	66.3217	54.1992	67.5098	54.1992	66.2724	54.1992	67.5087	54.1992	66.2008	54.1992	67.4682	54.1992	66.1091	54.1992	67.3895	54.1992	66.0051	54.1992	67.275	54.1992	65.9018	54.1992	67.1285	54.1992	65.8142	54.1992	66.9556	54.1992	65.7575	54.1992	66.7632	54.1992	65.7437	54.1992	66.5602	54.1992	65.7795	54.1992	66.3568	54.1992	65.8658	54.1992	66.1651	54.1992	65.9975
55.6641	67.7268	55.6641	67.6207	55.6641	67.8497	55.6641	67.5379	55.6641	67.9799	55.6641	67.48	55.6641	68.1069	55.6641	67.4431	55.6641	68.2203	55.6641	67.4187	55.6641	68.3116	55.6641	67.3956	55.6641	68.3743	55.6641	67.3628	55.6641	68.4041	55.6641	67.3122	55.6641	68.3984	55.6641	67.2404	55.6641	68.3569	55.6641	67.1495	55.6641	68.2803	55.6641	67.0473	55.6641	68.1711	55.6641	66.9457	55.6641	68.0331	55.6641	66.8587	55.6641	67.8716	55.6641	66.8001	55.6641	67.6932	55.6641	66.7811	55.6641	67.5064	55.6641	66.8079	55.6641	67.3207	55.6641	66.8814	55.6641	67.1472	55.6641	66.9972
58.5938	69.4833	58.5938	69.4006	58.5938	69.581	58.5938	69.3385	58.5938	69.6855	58.5938	69.2984	58.5938	69.7876	58.5938	69.2773	58.5938	69.8782	58.5938	69.2677	58.5938	69.95	58.5938	69.26	58.5938	69.9973	58.5938	69.2444	58.5938	70.0162	58.5938	69.2132	58.5938	70.0051	58.5938	69.1627	58.5938	69.9635	58.5938	69.0936	58.5938	69.8929	58.5938	69.0113	58.5938	69.796	58.5938	68.9249	58.5938	69.6767	58.5938	68.8453	58.5938	69.5404	58.5938	68.7839	58.5938	69.3934	58.5938	68.7505	58.5938	69.2437	58.5938	68.7518	58.5938	69.0996	58.5938	68.7904	58.5938	68.9705	58.5938	68.8649
60.0586	70.2948	60.0586	70.2113	60.0586	70.3912	60.0586	70.146	60.0586	70.4925	60.0586	70.101	60.0586	70.5902	60.0586	70.0738	60.0586	70.6762	60.0586	70.0584	60.0586	70.7436	60.0586	70.0465	60.0586	70.7872	60.0586	70.0293	60.0586	70.8036	60.0586	69.9996	60.0586	70.791	60.0586	69.9537	60.0586	70.7494	60.0586	69.8917	60.0586	70.68	60.0586	69.818	60.0586	70.5853	60.0586	69.7401	60.0586	70.4693	60.0586	69.6678	60.0586	70.337	60.0586	69.6115	60.0586	70.1948	60.0586	69.5804	60.0586	70.0502	60.0586	69.5812	60.0586	69.9117	60.0586	69.6172	60.0586	69.788	60.0586	69.6875
62.9883	72.252	62.9883	72.1867	62.9883	72.3248	62.9883	72.1329	62.9883	72.3987	62.9883	72.0924	62.9883	72.4672	62.9883	72.0634	62.9883	72.5238	62.9883	72.0413	62.9883	72.563	62.9883	72.0198	62.9883	72.581	62.9883	71.992	62.9883	72.5752	62.9883	71.9526	62.9883	72.545	62.9883	71.8988	62.9883	72.4907	62.9883	71.8311	62.9883	72.4142	62.9883	71.7535	62.9883	72.3185	62.9883	71.6726	62.9883	72.2076	62.9883	71.5969	62.9883	72.0866	62.9883	71.5353	62.9883	71.9611	62.9883	71.4954	62.9883	71.8378	62.9883	71.4831	62.9883	71.7236	62.9883	71.5012	62.9883	71.6254	62.9883	71.5496
64.4531	73.1083	64.4531	73.05	64.4531	73.1716	64.4531	73.0009	64.4531	73.2344	64.4531	72.9623	64.4531	73.2907	64.4531	72.933	64.4531	73.3347	64.4531	72.909	64.4531	73.3616	64.4531	72.8847	64.4531	73.368	64.4531	72.854	64.4531	73.3519	64.4531	72.812	64.4531	73.3126	64.4531	72.7561	64.4531	73.2511	64.4531	72.6866	64.4531	73.1693	64.4531	72.6069	64.4531	73.0704	64.4531	72.5231	64.4531	72.9586	64.4531	72.4429	64.4531	72.8391	64.4531	72.3746	64.4531	72.7177	64.4531	72.326	64.4531	72.6009	64.4531	72.3029	64.4531	72.4956	64.4531	72.3088	64.4531	72.4083	64.4531	72.3446
67.3828	74.8149	67.3828	74.7685	67.3828	74.863	67.3828	74.7267	67.3828	74.9084	67.3828	74.6907	67.3828	74.9465	67.3828	74.6594	67.3828	74.9728	67.3828	74.6299	67.3828	74.9836	67.3828	74.5976	67.3828	74.9762	67.3828	74.558	67.3828	74.9491	67.3828	74.5074	67.3828	74.9021	67.3828	74.444	67.3828	74.836	67.3828	74.3685	67.3828	74.7528	67.3828	74.2843	67.3828	74.6554	67.3828	74.197	67.3828	74.5477	67.3828	74.1136	67.3828	74.4343	67.3828	74.0417	67.3828	74.3207	67.3828	73.9885	67.3828	74.213	67.3828	73.9596	67.3828	74.1174	67.3828	73.9583	67.3828	74.0398	67.3828	73.9855
68.8477	75.6548	68.8477	75.6143	68.8477	75.6956	68.8477	75.5767	68.8477	75.733	68.8477	75.5432	68.8477	75.7627	68.8477	75.513	68.8477	75.7808	68.8477	75.4833	68.8477	75.7841	68.8477	75.4505	68.8477	75.7705	68.8477	75.4104	68.8477	75.7387	68.8477	75.3599	68.8477	75.6887	68.8477	75.2974	68.8477	75.6216	68.8477	75.2236	68.8477	75.5394	68.8477	75.1417	68.8477	75.445	68.8477	75.0566	68.8477	75.3423	68.8477	74.975	68.8477	75.2356	68.8477	74.9036	68.8477	75.1301	68.8477	74.8492	68.8477	75.0314	68.8477	74.8171	68.8477	74.9451	68.8477	74.8106	68.8477	74.8768	68.8477	74.8309
71.7773	77.342	71.7773	77.3136	71.7773	77.3678	71.7773	77.2847	71.7773	77.3882	71.7773	77.2563	71.7773	77.3999	71.7773	77.2278	71.7773	77.4002	71.7773	77.1973	71.7773	77.3869	71.7773	77.1622	71.7773	77.3585	71.7773	77.1195	71.7773	77.3146	71.7773	77.0669	71.7773	77.2558	71.7773	77.0033	71.7773	77.1835	71.7773	76.9294	71.7773	77.1	71.7773	76.848	71.7773	77.0083	71.7773	76.7632	71.7773	76.912	71.7773	76.6805	71.7773	76.8154	71.7773	76.6059	71.7773	76.723	71.7773	76.5454	71.7773	76.6398	71.7773	76.5039	71.7773	76.5705	71.7773	76.485	71.7773	76.5195	71.7773	76.4903
74.707	78.9349	74.707	78.9148	74.707	78.9497	74.707	78.8912	74.707	78.9571	74.707	78.865	74.707	78.9548	74.707	78.836	74.707	78.9409	74.707	78.8031	74.707	78.914	74.707	78.7646	74.707	78.8736	74.707	78.7185	74.707	78.8197	74.707	78.6633	74.707	78.7536	74.707	78.5985	74.707	78.6771	74.707	78.5249	74.707	78.5928	74.707	78.4448	74.707	78.5036	74.707	78.3618	74.707	78.4133	74.707	78.2804	74.707	78.3255	74.707	78.2057	74.707	78.2445	74.707	78.143	74.707	78.1743	74.707	78.0966	74.707	78.1189	74.707	78.0699	74.707	78.0815	74.707	78.0648
77.6367	80.4497	77.6367	80.4396	77.6367	80.4524	77.6367	80.4232	77.6367	80.4459	77.6367	80.4014	77.6367	80.429	77.6367	80.3742	77.6367	80.4003	77.6367	80.341	77.6367	80.3593	77.6367	80.3008	77.6367	80.3062	77.6367	80.2523	77.6367	80.2418	77.6367	80.1948	77.6367	80.1678	77.6367	80.1283	77.6367	80.0864	77.6367	80.0535	77.6367	80.0005	77.6367	79.9727	77.6367	79.9133	77.6367	79.889	77.6367	79.8283	77.6367	79.8064	77.6367	79.7491	77.6367	79.7292	77.6367	79.6793	77.6367	79.6619	77.6367	79.6224	77.6367	79.6086	77.6367	79.5813	77.6367	79.5723	77.6367	79.5584	77.6367	79.5553
79.1016	81.1906	79.1016	81.1842	79.1016	81.1884	79.1016	81.1703	79.1016	81.1763	79.1016	81.1497	79.1016	81.1531	79.1016	81.1227	79.1016	81.1181	79.1016	81.0888	79.1016	81.0711	79.1016	81.0475	79.1016	81.0126	79.1016	80.9979	79.1016	80.9438	79.1016	80.9397	79.1016	80.8666	79.1016	80.8729	79.1016	80.7834	79.1016	80.7984	79.1016	80.6972	79.1016	80.7184	79.1016	80.6113	79.1016	80.6355	79.1016	80.529	79.1016	80.5534	79.1016	80.454	79.1016	80.4761	79.1016	80.3896	79.1016	80.4077	79.1016	80.3387	79.1016	80.3519	79.1016	80.3041	79.1016	80.312	79.1016	80.2876	79.1016	80.2902
82.0312	82.6317	82.0312	82.6313	82.0312	82.6213	82.0312	82.6212	82.0312	82.5993	82.0312	82.602	82.0312	82.5652	82.0312	82.5744	82.0312	82.5189	82.0312	82.5387	82.0312	82.4609	82.0312	82.495	82.0312	82.3924	82.0312	82.4433	82.0312	82.3152	82.0312	82.3838	82.0312	82.2317	82.0312	82.3169	82.0312	82.1448	82.0312	82.2436	82.0312	82.0579	82.0312	82.1657	82.0312	81.9743	82.0312	82.0853	82.0312	81.8973	82.0312	82.0052	82.0312	81.8302	82.0312	81.9286	82.0312	81.7758	82.0312	81.859	82.0312	81.7366	82.0312	81.7996	82.0312	81.7141	82.0312	81.7535	82.0312	81.7095	82.0312	81.7229
84.9609	83.9656	84.9609	83.9701	84.9609	83.9485	84.9609	83.9627	84.9609	83.9183	84.9609	83.9444	84.9609	83.8748	84.9609	83.9163	84.9609	83.8187	84.9609	83.8791	84.9609	83.7511	84.9609	83.8339	84.9609	83.6739	84.9609	83.7812	84.9609	83.5896	84.9609	83.7219	84.9609	83.501	84.9609	83.6567	84.9609	83.4117	84.9609	83.5866	84.9609	83.3252	84.9609	83.5128	84.9609	83.2449	84.9609	83.4368	84.9609	83.1743	84.9609	83.3607	84.9609	83.1161	84.9609	83.2867	84.9609	83.0727	84.9609	83.2175	84.9609	83.0456	84.9609	83.1559	84.9609	83.0356	84.9609	83.1047	84.9609	83.0427	84.9609	83.0662
87.8906	85.2906	87.8906	85.3023	87.8906	85.2624	87.8906	85.2977	87.8906	85.2178	87.8906	85.2777	87.8906	85.1576	87.8906	85.2431	87.8906	85.083	87.8906	85.1954	87.8906	84.9959	87.8906	85.136	87.8906	84.8989	87.8906	85.0666	87.8906	84.7949	87.8906	84.989	87.8906	84.6875	87.8906	84.9051	87.8906	84.5804	87.8906	84.8167	87.8906	84.4779	87.8906	84.7258	87.8906	84.3838	87.8906	84.6341	87.8906	84.302	87.8906	84.5437	87.8906	84.2357	87.8906	84.4567	87.8906	84.1874	87.8906	84.3755	87.8906	84.159	87.8906	84.3027	87.8906	84.1509	87.8906	84.2412	87.8906	84.163	87.8906	84.1938
90.8203	86.2743	90.8203	86.2901	90.8203	86.2428	90.8203	86.2905	90.8203	86.1958	90.8203	86.2764	90.8203	86.1344	90.8203	86.2491	90.8203	86.0603	90.8203	86.2104	90.8203	85.9759	90.8203	86.1621	90.8203	85.8841	90.8203	86.1062	90.8203	85.7882	90.8203	86.0444	90.8203	85.6921	90.8203	85.9781	90.8203	85.5996	90.8203	85.9083	90.8203	85.5144	90.8203	85.8361	90.8203	85.4399	90.8203	85.7621	90.8203	85.379	90.8203	85.6874	90.8203	85.3337	90.8203	85.6133	90.8203	85.3057	90.8203	85.5415	90.8203	85.2953	90.8203	85.4742	90.8203	85.3023	90.8203	85.4141	90.8203	85.3257	90.8203	85.3637
95.2148	87.7593	95.2148	87.7805	95.2148	87.7181	95.2148	87.7814	95.2148	87.6576	95.2148	87.7633	95.2148	87.5797	95.2148	87.7279	95.2148	87.487	95.2148	87.6777	95.2148	87.3829	95.2148	87.6159	95.2148	87.2713	95.2148	87.5457	95.2148	87.1568	95.2148	87.4703	95.2148	87.044	95.2148	87.3922	95.2148	86.9376	95.2148	87.3132	95.2148	86.842	95.2148	87.2344	95.2148	86.7612	95.2148	87.1561	95.2148	86.6983	95.2148	87.0787	95.2148	86.6552	95.2148	87.0023	95.2148	86.6329	95.2148	86.9276	95.2148	86.631	95.2148	86.8559	95.2148	86.6483	95.2148	86.7893	95.2148	86.6824	95.2148	86.7305
98.1445	88.5186	98.1445	88.5434	98.1445	88.4718	98.1445	88.546	98.1445	88.4042	98.1445	88.5275	98.1445	88.3181	98.1445	88.4899	98.1445	88.2167	98.1445	88.4362	98.1445	88.104	98.1445	88.37	98.1445	87.9846	98.1445	88.2954	98.1445	87.8634	98.1445	88.2158	98.1445	87.7457	98.1445	88.1344	98.1445	87.6364	98.1445	88.0533	98.1445	87.5402	98.1445	87.9734	98.1445	87.4609	98.1445	87.8952	98.1445	87.4013	98.1445	87.8182	98.1445	87.363	98.1445	87.7424	98.1445	87.3465	98.1445	87.6679	98.1445	87.3508	98.1445	87.5957	98.1445	87.374	98.1445	87.5274	98.1445	87.4134	98.1445	87.4656
101.074	89.1624	101.074	89.1901	101.074	89.1109	101.074	89.1938	101.074	89.0371	101.074	89.1746	101.074	88.9436	101.074	89.135	101.074	88.834	101.074	89.0784	101.074	88.7129	101.074	89.0091	101.074	88.5856	101.074	88.9315	101.074	88.4576	101.074	88.85	101.074	88.3348	101.074	88.7678	101.074	88.2225	101.074	88.6871	101.074	88.1258	101.074	88.6087	101.074	88.0485	101.074	88.5325	101.074	87.9933	101.074	88.4577	101.074	87.9614	101.074	88.3835	101.074	87.9524	101.074	88.3097	101.074	87.9649	101.074	88.2369	101.074	87.9961	101.074	88.1663	101.074	88.0425	101.074	88.1005
105.469	89.823	105.469	89.8571	105.469	89.7623	105.469	89.864	105.469	89.6768	105.469	89.845	105.469	89.5697	105.469	89.8029	105.469	89.4455	105.469	89.7419	105.469	89.3096	105.469	89.6673	105.469	89.1682	105.469	89.5846	105.469	89.0278	105.469	89.4991	105.469	88.895	105.469	89.4148	105.469	88.7762	105.469	89.3342	105.469	88.6768	105.469	89.2579	105.469	88.6011	105.469	89.1848	105.469	88.5517	105.469	89.1132	105.469	88.5295	105.469	89.0412	105.469	88.5333	105.469	88.9673	105.469	88.5604	105.469	88.8913	105.469	88.6069	105.469	88.8143	105.469	88.6679	105.469	88.7386
108.398	90.1979	108.398	90.2352	108.398	90.1324	108.398	90.2438	108.398	90.0407	108.398	90.225	108.398	89.9263	108.398	90.1818	108.398	89.7942	108.398	90.1188	108.398	89.65	108.398	90.0417	108.398	89.5006	108.398	89.9566	108.398	89.353	108.398	89.869	108.398	89.2145	108.398	89.7835	108.398	89.0917	108.398	89.7023	108.398	88.9905	108.398	89.6262	108.398	88.9154	108.398	89.5538	108.398	88.8689	108.398	89.4829	108.398	88.8516	108.398	89.4111	108.398	88.862	108.398	89.3366	108.398	88.8967	108.398	89.2585	108.398	88.9511	108.398	89.1778	108.398	89.0197	108.398	89.0969
112.793	90.6397	112.793	90.6763	112.793	90.5713	112.793	90.6809	112.793	90.4736	112.793	90.655	112.793	90.3504	112.793	90.6022	112.793	90.2073	112.793	90.5279	112.793	90.0508	112.793	90.4391	112.793	89.8883	112.793	90.3429	112.793	89.7277	112.793	90.2462	112.793	89.577	112.793	90.154	112.793	89.4437	112.793	90.0692	112.793	89.3342	112.793	89.9919	112.793	89.2535	112.793	89.9201	112.793	89.2043	112.793	89.8507	112.793	89.1871	112.793	89.7801	112.793	89.2002	112.793	89.7058	112.793	89.2396	112.793	89.6265	112.793	89.2998	112.793	89.5428	112.793	89.3745	112.793	89.4574
117.188	90.9282	117.188	90.9668	117.188	90.8554	117.188	90.9705	117.188	90.7511	117.188	90.941	117.188	90.6199	117.188	90.8822	117.188	90.4677	117.188	90.8001	117.188	90.3018	117.188	90.7026	117.188	90.1303	117.188	90.598	117.188	89.9619	117.188	90.4943	117.188	89.8051	117.188	90.3975	117.188	89.6679	117.188	90.311	117.188	89.5571	117.188	90.2349	117.188	89.4776	117.188	90.1668	117.188	89.432	117.188	90.1023	117.188	89.4203	117.188	90.0371	117.188	89.4401	117.188	89.9672	117.188	89.4867	117.188	89.8908	117.188	89.5536	117.188	89.8078	117.188	89.634	117.188	89.7207
120.117	91.1301	120.117	91.1702	120.117	91.0537	120.117	91.1733	120.117	90.9443	120.117	91.1409	120.117	90.8065	120.117	91.0769	120.117	90.647	120.117	90.9878	120.117	90.4734	120.117	90.8819	120.117	90.2942	120.117	90.7684	120.117	90.1185	120.117	90.6561	120.117	89.9552	120.117	90.5522	120.117	89.8128	120.117	90.4605	120.117	89.6981	120.117	90.3817	120.117	89.6164	120.117	90.313	120.117	89.5701	120.117	90.2497	120.117	89.5593	120.117	90.1864	120.117	89.5811	120.117	90.1186	120.117	89.6305	120.117	90.0434	120.117	89.7005	120.117	89.9607	120.117	89.7837	120.117	89.8726
124.512	91.4017	124.512	91.4447	124.512	91.3213	124.512	91.4492	124.512	91.2066	124.512	91.4167	124.512	91.0631	124.512	91.3514	124.512	90.8975	124.512	91.2598	124.512	90.7183	124.512	91.1505	124.512	90.5343	124.512	91.0331	124.512	90.3554	124.512	90.9168	124.512	90.1907	124.512	90.809	124.512	90.0487	124.512	90.7144	124.512	89.9365	124.512	90.6336	124.512	89.8587	124.512	90.5643	124.512	89.8173	124.512	90.5018	124.512	89.8117	124.512	90.4405	124.512	89.8383	124.512	90.3753	124.512	89.8915	124.512	90.3031	124.512	89.964	124.512	90.2229	124.512	90.0482	124.512	90.1366
128.906	91.5514	128.906	91.5945	128.906	91.4688	128.906	91.5971	128.906	91.3501	128.906	91.561	128.906	91.201	128.906	91.4908	128.906	91.0291	128.906	91.3939	128.906	90.8431	128.906	91.2797	128.906	90.6532	128.906	91.1587	128.906	90.4696	128.906	91.041	128.906	90.3026	128.906	90.9347	128.906	90.1611	128.906	90.8444	128.906	90.0525	128.906	90.7706	128.906	89.9814	128.906	90.7103	128.906	89.9494	128.906	90.6577	128.906	89.9549	128.906	90.6063	128.906	89.9932	128.906	90.5499	128.906	90.0575	128.906	90.4843	128.906	90.1394	128.906	90.4078	128.906	90.2301	128.906	90.3217
133.301	91.6879	133.301	91.73	133.301	91.6033	133.301	91.7284	133.301	91.4798	133.301	91.6852	133.301	91.3236	133.301	91.6054	133.301	91.1427	133.301	91.4971	133.301	90.9469	133.301	91.371	133.301	90.7469	133.301	91.2389	133.301	90.5539	133.301	91.1122	133.301	90.379	133.301	91.0002	133.301	90.2319	133.301	90.9079	133.301	90.1206	133.301	90.836	133.301	90.0497	133.301	90.7808	133.301	90.0209	133.301	90.7355	133.301	90.0318	133.301	90.6921	133.301	90.077	133.301	90.6433	133.301	90.1484	133.301	90.5838	133.301	90.2366	133.301	90.5109	133.301	90.332	133.301	90.4256
139.16	91.8759	139.16	91.9197	139.16	91.7859	139.16	91.9158	139.16	91.654	139.16	91.866	139.16	91.487	139.16	91.7756	139.16	91.2939	139.16	91.6533	139.16	91.0852	139.16	91.5109	139.16	90.8725	139.16	91.3615	139.16	90.668	139.16	91.2183	139.16	90.4832	139.16	91.0922	139.16	90.3286	139.16	90.9896	139.16	90.2123	139.16	90.9118	139.16	90.1394	139.16	90.8551	139.16	90.1109	139.16	90.8122	139.16	90.1241	139.16	90.7738	139.16	90.1727	139.16	90.7314	139.16	90.2478	139.16	90.6781	139.16	90.339	139.16	90.6104	139.16	90.4355	139.16	90.5283
143.555	92.0885	143.555	92.1377	143.555	91.991	143.555	92.1369	143.555	91.8501	143.555	92.0878	143.555	91.6734	143.555	91.9956	143.555	91.4703	143.555	91.8695	143.555	91.2522	143.555	91.7219	143.555	91.0315	143.555	91.5669	143.555	90.8209	143.555	91.4188	143.555	90.6327	143.555	91.2895	143.555	90.4776	143.555	91.1862	143.555	90.3638	143.555	91.1103	143.555	90.296	143.555	91.0574	143.555	90.2749	143.555	91.0194	143.555	90.2972	143.555	90.9859	143.555	90.3556	143.555	90.9473	143.555	90.4405	143.555	90.8959	143.555	90.5405	143.555	90.8278	143.555	90.6445	143.555	90.7427
147.949	92.2084	147.949	92.2605	147.949	92.1057	147.949	92.26	147.949	91.9576	147.949	92.2084	147.949	91.772	147.949	92.1113	147.949	91.5593	147.949	91.9782	147.949	91.3316	147.949	91.822	147.949	91.102	147.949	91.6578	147.949	90.8842	147.949	91.501	147.949	90.6912	147.949	91.3647	147.949	90.534	147.949	91.2571	147.949	90.4211	147.949	91.1802	147.949	90.3569	147.949	91.1297	147.949	90.3415	147.949	91.0965	147.949	90.3707	147.949	91.0692	147.949	90.4366	147.949	91.0368	147.949	90.5283	147.949	90.9905	147.949	90.634	147.949	90.9256	147.949	90.7418	147.949	90.8415
153.809	92.4271	153.809	92.4813	153.809	92.3177	153.809	92.4781	153.809	92.1584	153.809	92.4195	153.809	91.9577	153.809	92.3118	153.809	91.7269	153.809	92.1651	153.809	91.4792	153.809	91.9936	153.809	91.2291	153.809	91.8137	153.809	90.9918	153.809	91.6421	153.809	90.7819	153.809	91.493	153.809	90.6119	153.809	91.3754	153.809	90.4911	153.809	91.2917	153.809	90.4243	153.809	91.2376	153.809	90.4114	153.809	91.2038	153.809	90.4469	153.809	91.1781	153.809	90.5215	153.809	91.1483	153.809	90.6228	153.809	91.1045	153.809	90.7372	153.809	91.0407	153.809	90.8517	153.809	90.9554
159.668	92.6936	159.668	92.7516	159.668	92.5769	159.668	92.7485	159.668	92.4078	159.668	92.6854	159.668	92.1957	159.668	92.5686	159.668	91.9526	159.668	92.4084	159.668	91.6926	159.668	92.2198	159.668	91.4314	159.668	92.021	159.668	91.1849	159.668	91.8307	159.668	90.9682	159.668	91.6656	159.668	90.7944	159.668	91.5369	159.668	90.6726	159.668	91.4481	159.668	90.6073	159.668	91.3948	159.668	90.5977	159.668	91.3661	159.668	90.6376	159.668	91.3483	159.668	90.7166	159.668	91.3272	159.668	90.8214	159.668	91.2916	159.668	90.9377	159.668	91.2344	159.668	91.0522	159.668	91.1536
165.527	92.9827	165.527	93.0498	165.527	92.8547	165.527	93.0534	165.527	92.6723	165.527	92.995	165.527	92.4455	165.527	92.8811	165.527	92.1873	165.527	92.7225	165.527	91.9129	165.527	92.5348	165.527	91.6393	165.527	92.3364	165.527	91.3839	165.527	92.1469	165.527	91.1633	165.527	91.9832	165.527	90.9911	165.527	91.857	165.527	90.8771	165.527	91.7718	165.527	90.825	165.527	91.7233	165.527	90.8329	165.527	91.7003	165.527	90.8931	165.527	91.6882	165.527	90.9933	165.527	91.6717	165.527	91.1186	165.527	91.6384	165.527	91.2531	165.527	91.58	165.527	91.3821	165.527	91.4936
171.387	93.1422	171.387	93.2076	171.387	93.0125	171.387	93.2062	171.387	92.8249	171.387	93.14	171.387	92.5897	171.387	93.0158	171.387	92.3201	171.387	92.8455	171.387	92.0323	171.387	92.6454	171.387	91.7445	171.387	92.4356	171.387	91.4755	171.387	92.2369	171.387	91.2435	171.387	92.068	171.387	91.0638	171.387	91.9416	171.387	90.947	171.387	91.8616	171.387	90.8975	171.387	91.8227	171.387	90.9128	171.387	91.8119	171.387	90.9838	171.387	91.8121	171.387	91.0969	171.387	91.8061	171.387	91.2351	171.387	91.7799	171.387	91.3813	171.387	91.7244	171.387	91.5194	171.387	91.6365
177.246	93.2602	177.246	93.3236	177.246	93.1285	177.246	93.3161	177.246	92.9351	177.246	93.24	177.246	92.6905	177.246	93.1024	177.246	92.4085	177.246	92.916	177.246	92.1058	177.246	92.6984	177.246	91.8013	177.246	92.4709	177.246	91.5148	177.246	92.2559	177.246	91.2656	177.246	92.0734	177.246	91.0702	177.246	91.9371	177.246	90.9404	177.246	91.8511	177.246	90.8815	177.246	91.8097	177.246	90.8915	177.246	91.7993	177.246	90.9613	177.246	91.8017	177.246	91.0764	177.246	91.7987	177.246	91.2189	177.246	91.775	177.246	91.3699	177.246	91.7207	177.246	91.5123	177.246	91.6322
183.105	93.3743	183.105	93.4426	183.105	93.2359	183.105	93.4377	183.105	93.0347	183.105	93.3612	183.105	92.7822	183.105	93.2199	183.105	92.4933	183.105	93.0263	183.105	92.1856	183.105	92.7983	183.105	91.8793	183.105	92.5581	183.105	91.5949	183.105	92.3303	183.105	91.3519	183.105	92.1373	183.105	91.1666	183.105	91.9952	183.105	91.0494	183.105	91.9096	183.105	91.0038	183.105	91.8747	183.105	91.0256	183.105	91.8751	183.105	91.1042	183.105	91.8903	183.105	91.2241	183.105	91.9001	183.105	91.3673	183.105	91.8883	183.105	91.5155	183.105	91.8444	183.105	91.6524	183.105	91.7649
188.965	93.4457	188.965	93.5228	188.965	93.2939	188.965	93.5225	188.965	93.0748	188.965	93.4472	188.965	92.8004	188.965	93.3045	188.965	92.4867	188.965	93.1077	188.965	92.1535	188.965	92.8752	188.965	91.8231	188.965	92.6296	188.965	91.5195	188.965	92.3952	188.965	91.2658	188.965	92.1951	188.965	91.0809	188.965	92.0469	188.965	90.9772	188.965	91.9587	188.965	90.9578	188.965	91.9273	188.965	91.0157	188.965	91.9388	188.965	91.1356	188.965	91.9718	188.965	91.2965	188.965	92.0032	188.965	91.475	188.965	92.0126	188.965	91.6491	188.965	91.9855	188.965	91.8001	188.965	91.9147
196.289	93.7043	196.289	93.7788	196.289	93.5477	196.289	93.7685	196.289	93.3167	196.289	93.6767	196.289	93.0235	196.289	93.5125	196.289	92.6851	196.289	93.2915	196.289	92.3219	196.289	93.0355	196.289	91.9576	196.289	92.7706	196.289	91.6176	196.289	92.5243	196.289	91.3269	196.289	92.321	196.289	91.1071	196.289	92.1769	196.289	90.9737	196.289	92.0968	196.289	90.9329	196.289	92.0733	196.289	90.9805	196.289	92.0892	196.289	91.1024	196.289	92.1217	196.289	91.277	196.289	92.147	196.289	91.4786	196.289	92.1444	196.289	91.6812	196.289	92.0993	196.289	91.8623	196.289	92.0049
203.613	93.8421	203.613	93.9143	203.613	93.6788	203.613	93.8928	203.613	93.4324	203.613	93.7803	203.613	93.116	203.613	93.5863	203.613	92.7469	203.613	93.3269	203.613	92.3473	203.613	93.0253	203.613	91.9429	203.613	92.7108	203.613	91.5619	203.613	92.4158	203.613	91.2324	203.613	92.1706	203.613	90.9789	203.613	91.997	203.613	90.8191	203.613	91.9023	203.613	90.7598	203.613	91.8777	203.613	90.7965	203.613	91.9012	203.613	90.9135	203.613	91.9439	203.613	91.0878	203.613	91.9775	203.613	91.2922	203.613	91.9789	203.613	91.4997	203.613	91.9334	203.613	91.6868	203.613	91.835
210.938	94.0241	210.938	94.1031	210.938	93.8531	210.938	94.0872	210.938	93.5979	210.938	93.9788	210.938	93.271	210.938	93.7859	210.938	92.8897	210.938	93.5225	210.938	92.4753	210.938	93.209	210.938	92.0532	210.938	92.8713	210.938	91.6512	210.938	92.5392	210.938	91.2977	210.938	92.2432	210.938	91.0179	210.938	92.0088	210.938	90.8307	210.938	91.8514	210.938	90.7447	210.938	91.7711	210.938	90.7564	210.938	91.7526	210.938	90.8507	210.938	91.7701	210.938	91.0042	210.938	91.7937	210.938	91.1892	210.938	91.7971	210.938	91.3781	210.938	91.7616	210.938	91.5469	210.938	91.678
218.262	93.9032	218.262	93.9809	218.262	93.7374	218.262	93.9688	218.262	93.491	218.262	93.871	218.262	93.1771	218.262	93.698	218.262	92.8137	218.262	93.4664	218.262	92.4233	218.262	93.1981	218.262	92.0323	218.262	92.9185	218.262	91.6686	218.262	92.6537	218.262	91.3595	218.262	92.427	218.262	91.1281	218.262	92.2556	218.262	90.9898	218.262	92.1473	218.262	90.9497	218.262	92.0992	218.262	91.0015	218.262	92.0975	218.262	91.1284	218.262	92.1207	218.262	91.3065	218.262	92.1442	218.262	91.5088	218.262	92.1451	218.262	91.7089	218.262	92.1067	218.262	91.8846	218.262	92.0199
225.586	93.6176	225.586	93.6854	225.586	93.4491	225.586	93.6513	225.586	93.1884	225.586	93.5216	225.586	92.8506	225.586	93.3106	225.586	92.4577	225.586	93.0413	225.586	92.0382	225.586	92.7437	225.586	91.6254	225.586	92.4525	225.586	91.2553	225.586	92.2022	225.586	90.9622	225.586	92.0206	225.586	90.773	225.586	91.9233	225.586	90.7016	225.586	91.9104	225.586	90.7469	225.586	91.9672	225.586	90.8927	225.586	92.0679	225.586	91.1125	225.586	92.1815	225.586	91.3739	225.586	92.2776	225.586	91.6445	225.586	92.3308	225.586	91.8948	225.586	92.3234	225.586	92.1011	225.586	92.2468
232.91	93.5537	232.91	93.6135	232.91	93.3744	232.91	93.5517	232.91	93.0841	232.91	93.3735	232.91	92.6978	232.91	93.093	232.91	92.2369	232.91	92.7346	232.91	91.7302	232.91	92.3333	232.91	91.2135	232.91	91.934	232.91	90.7292	232.91	91.5849	232.91	90.3227	232.91	91.3288	232.91	90.0359	232.91	91.1918	232.91	89.8983	232.91	91.1767	232.91	89.9187	232.91	91.2631	232.91	90.082	232.91	91.4145	232.91	90.353	232.91	91.5871	232.91	90.6853	232.91	91.7388	232.91	91.0311	232.91	91.8348	232.91	91.3479	232.91	91.8508	232.91	91.6028	232.91	91.7738
241.699	93.7166	241.699	93.7825	241.699	93.5301	241.699	93.7246	241.699	93.2317	241.699	93.5462	241.699	92.8357	241.699	93.2579	241.699	92.3619	241.699	92.8795	241.699	91.8362	241.699	92.4419	241.699	91.2908	241.699	91.9863	241.699	90.7636	241.699	91.5613	241.699	90.2956	241.699	91.2153	241.699	89.9271	241.699	90.9846	241.699	89.6911	241.699	90.8831	241.699	89.6058	241.699	90.8985	241.699	89.6699	241.699	90.9964	241.699	89.861	241.699	91.131	241.699	90.1399	241.699	91.2549	241.699	90.4592	241.699	91.3284	241.699	90.7715	241.699	91.3232	241.699	91.0367	241.699	91.2257
250.488	93.7147	250.488	93.7761	250.488	93.5272	250.488	93.7082	250.488	93.2227	250.488	93.5135	250.488	92.8158	250.488	93.2019	250.488	92.3272	250.488	92.7923	250.488	91.7849	250.488	92.3147	250.488	91.2237	250.488	91.8122	250.488	90.6848	250.488	91.3389	250.488	90.2123	250.488	90.9523	250.488	89.8476	250.488	90.6983	250.488	89.6211	250.488	90.5955	250.488	89.5459	250.488	90.6275	250.488	89.6146	250.488	90.7514	250.488	89.8012	250.488	90.9131	250.488	90.0673	250.488	91.061	250.488	90.3689	250.488	91.1542	250.488	90.6625	250.488	91.1657	250.488	90.9102	250.488	91.0834
259.277	94.0223	259.277	94.0956	259.277	93.8195	259.277	94.0362	259.277	93.4957	259.277	93.846	259.277	93.0644	259.277	93.533	259.277	92.5449	259.277	93.1126	259.277	91.9635	259.277	92.6096	259.277	91.3537	259.277	92.0602	259.277	90.7567	259.277	91.5137	259.277	90.2191	259.277	91.029	259.277	89.7881	259.277	90.6646	259.277	89.5027	259.277	90.4605	259.277	89.3842	259.277	90.4202	259.277	89.4296	259.277	90.5083	259.277	89.6115	259.277	90.6651	259.277	89.8852	259.277	90.8277	259.277	90.1983	259.277	90.9439	259.277	90.5004	259.277	90.9782	259.277	90.7488	259.277	90.9133
268.066	93.6038	268.066	93.6769	268.066	93.4064	268.066	93.6229	268.066	93.0932	268.066	93.4445	268.066	92.678	268.066	93.1507	268.066	92.1811	268.066	92.7572	268.066	91.6292	268.066	92.2878	268.066	91.0559	268.066	91.7757	268.066	90.5015	268.066	91.2643	268.066	90.0102	268.066	90.8058	268.066	89.6247	268.066	90.4535	268.066	89.3781	268.066	90.2468	268.066	89.2852	268.066	90.1944	268.066	89.3385	268.066	90.2682	268.066	89.5104	268.066	90.4142	268.066	89.7602	268.066	90.5716	268.066	90.0423	268.066	90.6887	268.066	90.3128	268.066	90.73	268.066	90.5342	268.066	90.6784
276.855	93.3602	276.855	93.4367	276.855	93.1523	276.855	93.38	276.855	92.8207	276.855	93.1949	276.855	92.3792	276.855	92.893	276.855	91.8487	276.855	92.493	276.855	91.2574	276.855	92.0207	276.855	90.6413	276.855	91.5077	276.855	90.0439	276.855	90.9921	276.855	89.5133	276.855	90.5178	276.855	89.0965	276.855	90.133	276.855	88.8306	276.855	89.8816	276.855	88.7336	276.855	89.7855	276.855	88.7979	276.855	89.8291	276.855	88.9918	276.855	89.9616	276.855	89.268	276.855	90.1177	276.855	89.5742	276.855	90.2392	276.855	89.8619	276.855	90.2861	276.855	90.0921	276.855	90.2379
287.109	93.1736	287.109	93.2613	287.109	92.9497	287.109	93.2089	287.109	92.6002	287.109	93.0199	287.109	92.142	287.109	92.7064	287.109	91.5987	287.109	92.2907	287.109	91.0013	287.109	91.8057	287.109	90.3891	287.109	91.294	287.109	89.8091	287.109	90.8038	287.109	89.3134	287.109	90.3815	287.109	88.9513	287.109	90.0639	287.109	88.7569	287.109	89.8721	287.109	88.7385	287.109	89.8088	287.109	88.8747	287.109	89.8571	287.109	89.1218	287.109	89.9818	287.109	89.4266	287.109	90.1354	287.109	89.7373	287.109	90.2686	287.109	90.0103	287.109	90.3405	287.109	90.2129	287.109	90.3251
297.363	93.0022	297.363	93.0903	297.363	92.7615	297.363	93.0224	297.363	92.3796	297.363	92.8037	297.363	91.8761	297.363	92.4493	297.363	91.2787	297.363	91.986	297.363	90.6237	297.363	91.4532	297.363	89.955	297.363	90.9029	297.363	89.3237	297.363	90.3958	297.363	88.7861	297.363	89.9914	297.363	88.3995	297.363	89.7352	297.363	88.212	297.363	89.6448	297.363	88.2455	297.363	89.7058	297.363	88.4822	297.363	89.8776	297.363	88.8657	297.363	90.1061	297.363	89.3192	297.363	90.3356	297.363	89.7676	297.363	90.516	297.363	90.1511	297.363	90.6076	297.363	90.4298	297.363	90.5831
307.617	93.0507	307.617	93.1235	307.617	92.8105	307.617	93.0278	307.617	92.4122	307.617	92.7713	307.617	91.8746	307.617	92.3714	307.617	91.2277	307.617	91.8579	307.617	90.5152	307.617	91.2749	307.617	89.7944	307.617	90.6805	307.617	89.1317	307.617	90.1414	307.617	88.5922	307.617	89.721	307.617	88.2258	307.617	89.4631	307.617	88.0579	307.617	89.3802	307.617	88.088	307.617	89.4518	307.617	88.2932	307.617	89.6326	307.617	88.6315	307.617	89.8656	307.617	89.0461	307.617	90.0938	307.617	89.4735	307.617	90.2674	307.617	89.8542	307.617	90.3478	307.617	90.1421	307.617	90.3093
319.336	92.9697	319.336	93.0465	319.336	92.6925	319.336	92.9253	319.336	92.2182	319.336	92.6135	319.336	91.5569	319.336	92.1249	319.336	90.7296	319.336	91.4823	319.336	89.7755	319.336	90.7227	319.336	88.7628	319.336	89.9064	319.336	87.8027	319.336	89.1275	319.336	87.0477	319.336	88.5163	319.336	86.6518	319.336	88.2078	319.336	86.6889	319.336	88.2703	319.336	87.1061	319.336	88.6536	319.336	87.7678	319.336	89.2218	319.336	88.5321	319.336	89.8304	319.336	89.2888	319.336	90.3706	319.336	89.9608	319.336	90.7736	319.336	90.496	319.336	90.9999	319.336	90.8594	319.336	91.0301
329.59	93.4861	329.59	93.4612	329.59	93.3216	329.59	93.2551	329.59	92.9647	329.59	92.8804	329.59	92.4163	329.59	92.3557	329.59	91.6822	329.59	91.705	329.59	90.7744	329.59	90.959	329.59	89.7141	329.59	90.156	329.59	88.5402	329.59	89.346	329.59	87.3253	329.59	88.5963	329.59	86.1995	329.59	87.9942	329.59	85.3642	329.59	87.6337	329.59	85.0331	329.59	87.5735	329.59	85.282	329.59	87.7936	329.59	85.9693	329.59	88.1948	329.59	86.8508	329.59	88.6439	329.59	87.7193	329.59	89.0184	329.59	88.4437	329.59	89.2276	329.59	88.9526	329.59	89.2145
341.309	93.2749	341.309	93.2652	341.309	93.1049	341.309	93.0763	341.309	92.7604	341.309	92.7167	341.309	92.2528	341.309	92.2035	341.309	91.5992	341.309	91.5648	341.309	90.8227	341.309	90.8403	341.309	89.9533	341.309	90.0815	341.309	89.0294	341.309	89.3487	341.309	88.1019	341.309	88.7078	341.309	87.2403	341.309	88.2254	341.309	86.5391	341.309	87.9566	341.309	86.1088	341.309	87.9224	341.309	86.0349	341.309	88.0899	341.309	86.3185	341.309	88.3774	341.309	86.8592	341.309	88.6834	341.309	87.5058	341.309	88.9149	341.309	88.1194	341.309	89.0023	341.309	88.6031	341.309	88.903
353.027	92.8708	353.027	92.8745	353.027	92.6783	353.027	92.6904	353.027	92.3019	353.027	92.3262	353.027	91.7529	353.027	91.7981	353.027	91.0491	353.027	91.1326	353.027	90.2177	353.027	90.3695	353.027	89.2973	353.027	89.5639	353.027	88.3413	353.027	88.7877	353.027	87.4201	353.027	88.1267	353.027	86.6189	353.027	87.6679	353.027	86.0286	353.027	87.47	353.027	85.7263	353.027	87.5313	353.027	85.7488	353.027	87.7849	353.027	86.0712	353.027	88.129	353.027	86.6079	353.027	88.4614	353.027	87.2401	353.027	88.6975	353.027	87.8496	353.027	88.7757	353.027	88.3428	353.027	88.6599
366.211	93.0407	366.211	93.0681	366.211	92.809	366.211	92.889	366.211	92.3806	366.211	92.5069	366.211	91.7692	366.211	91.933	366.211	90.9965	366.211	91.1909	366.211	90.0954	366.211	90.3229	366.211	89.1128	366.211	89.397	366.211	88.1126	366.211	88.5107	366.211	87.1753	366.211	87.7823	366.211	86.3926	366.211	87.3231	366.211	85.8538	366.211	87.1915	366.211	85.6257	366.211	87.3627	366.211	85.7305	366.211	87.7393	366.211	86.1306	366.211	88.195	366.211	86.7334	366.211	88.6134	366.211	87.4174	366.211	88.9059	366.211	88.0641	366.211	89.0136	366.211	88.5803	366.211	88.9059
379.395	93.3982	379.395	93.409	379.395	93.1808	379.395	93.2145	379.395	92.7611	379.395	92.8213	379.395	92.1487	379.395	92.2426	379.395	91.3596	379.395	91.5	379.395	90.4173	379.395	90.6258	379.395	89.3574	379.395	89.669	379.395	88.2339	379.395	88.7022	379.395	87.1304	379.395	87.8325	379.395	86.1689	379.395	87.1961	379.395	85.4987	379.395	86.9134	379.395	85.2451	379.395	87.0095	379.395	85.4344	379.395	87.3889	379.395	85.9724	379.395	87.897	379.395	86.7004	379.395	88.3923	379.395	87.4627	379.395	88.7701	379.395	88.1372	379.395	88.9597	379.395	88.6397	379.395	88.9201
392.578	93.2046	392.578	93.191	392.578	93.012	392.578	92.9688	392.578	92.6187	392.578	92.54	392.578	92.0334	392.578	91.9135	392.578	91.2697	392.578	91.1101	392.578	90.3486	392.578	90.1662	392.578	89.302	392.578	89.1381	392.578	88.1775	392.578	88.1074	392.578	87.0462	392.578	87.1895	392.578	86.0133	392.578	86.5361	392.578	85.2243	392.578	86.2952	392.578	84.8419	392.578	86.5093	392.578	84.9654	392.578	87.0601	392.578	85.5451	392.578	87.7457	392.578	86.3987	392.578	88.3874	392.578	87.3149	392.578	88.8641	392.578	88.127	392.578	89.1017	392.578	88.7281	392.578	89.0599
405.762	92.8923	405.762	92.876	405.762	92.7084	405.762	92.6541	405.762	92.332	405.762	92.2254	405.762	91.7737	405.762	91.5941	405.762	91.0477	405.762	90.7737	405.762	90.1732	405.762	89.7906	405.762	89.1772	405.762	88.6905	405.762	88.0986	405.762	87.5489	405.762	86.9947	405.762	86.4897	405.762	85.9518	405.762	85.6961	405.762	85.0953	405.762	85.3585	405.762	84.5799	405.762	85.5355	405.762	84.5295	405.762	86.0851	405.762	84.9433	405.762	86.7788	405.762	85.674	405.762	87.4297	405.762	86.5126	405.762	87.9191	405.762	87.2779	405.762	88.1744	405.762	87.8475	405.762	88.1543
420.41	93.16	420.41	93.1108	420.41	92.9938	420.41	92.8439	420.41	92.6156	420.41	92.3587	420.41	92.0308	420.41	91.6579	420.41	91.249	420.41	90.7513	420.41	90.2869	420.41	89.6603	420.41	89.1729	420.41	88.4243	420.41	87.9539	420.41	87.1141	420.41	86.7048	420.41	85.8595	420.41	85.5389	420.41	84.8833	420.41	84.612	420.41	84.4645	420.41	84.1021	420.41	84.7333	420.41	84.1373	420.41	85.5117	420.41	84.6973	420.41	86.4752	420.41	85.5984	420.41	87.3669	420.41	86.5943	420.41	88.0371	420.41	87.4783	420.41	88.4058	420.41	88.116	420.41	88.4344
435.059	92.6136	435.059	92.5411	435.059	92.4934	435.059	92.2733	435.059	92.1835	435.059	91.8089	435.059	91.6878	435.059	91.1508	435.059	91.0131	435.059	90.3079	435.059	90.1716	435.059	89.2959	435.059	89.1849	435.059	88.1373	435.059	88.0904	435.059	86.8675	435.059	86.9523	435.059	85.563	435.059	85.8741	435.059	84.4019	435.059	85.0017	435.059	83.6957	435.059	84.4895	435.059	83.7091	435.059	84.4278	435.059	84.354	435.059	84.787	435.059	85.2834	435.059	85.4329	435.059	86.2008	435.059	86.1859	435.059	86.938	435.059	86.8725	435.059	87.4024	435.059	87.355	435.059	87.5443
451.172	92.5246	451.172	92.4353	451.172	92.3967	451.172	92.1295	451.172	92.0538	451.172	91.6124	451.172	91.5003	451.172	90.8975	451.172	90.7445	451.172	90.0072	451.172	89.8004	451.172	88.97	451.172	88.69	451.172	87.8106	451.172	87.4455	451.172	86.5405	451.172	86.1193	451.172	85.1663	451.172	84.8073	451.172	83.7646	451.172	83.6932	451.172	82.6683	451.172	83.0613	451.172	82.5086	451.172	83.1495	451.172	83.4691	451.172	83.8982	451.172	84.9103	451.172	84.9859	451.172	86.2326	451.172	86.0917	451.172	87.1977	451.172	87.0106	451.172	87.7494	451.172	87.6296	451.172	87.8873
465.82	92.7388	465.82	92.6799	465.82	92.5812	465.82	92.4053	465.82	92.2092	465.82	91.9191	465.82	91.6277	465.82	91.2311	465.82	90.8461	465.82	90.3583	465.82	89.8785	465.82	89.3262	465.82	88.7439	465.82	88.1662	465.82	87.4655	465.82	86.9058	465.82	86.0717	465.82	85.5581	465.82	84.6089	465.82	84.1407	465.82	83.1839	465.82	82.792	465.82	82.0546	465.82	81.9886	465.82	81.6538	465.82	82.3309	465.82	82.2314	465.82	83.6122	465.82	83.4677	465.82	85.0591	465.82	84.829	465.82	86.1958	465.82	85.9699	465.82	86.866	465.82	86.7304	465.82	87.0403
483.398	92.3659	483.398	92.3419	483.398	92.1883	483.398	92.1184	483.398	91.8103	483.398	91.7008	483.398	91.2381	483.398	91.0992	483.398	90.4845	483.398	90.3293	483.398	89.5697	483.398	89.4124	483.398	88.5214	483.398	88.373	483.398	87.3704	483.398	87.2309	483.398	86.1453	483.398	85.9897	483.398	84.8664	483.398	84.6324	483.398	83.5522	483.398	83.1624	483.398	82.271	483.398	81.7679	483.398	81.275	483.398	81.0754	483.398	81.0649	483.398	81.6976	483.398	81.89	483.398	83.143	483.398	83.2664	483.398	84.5299	483.398	84.5597	483.398	85.4324	483.398	85.427	483.398	85.7336
499.512	91.8844	499.512	91.8266	499.512	91.7309	499.512	91.5625	499.512	91.3661	499.512	91.1021	499.512	90.7967	499.512	90.4615	499.512	90.0401	499.512	89.6623	499.512	89.1253	499.512	88.73	499.512	88.0918	499.512	87.692	499.512	86.9867	499.512	86.5809	499.512	85.8617	499.512	85.4438	499.512	84.7721	499.512	84.3522	499.512	83.7764	499.512	83.406	499.512	82.9393	499.512	82.7398	499.512	82.3551	499.512	82.5327	499.512	82.174	499.512	82.9078	499.512	82.5253	499.512	83.7198	499.512	83.325	499.512	84.5924	499.512	84.2591	499.512	85.1891	499.512	84.9985	499.512	85.3356
517.09	92.4701	517.09	92.3689	517.09	92.3345	517.09	92.034	517.09	91.9667	517.09	91.4812	517.09	91.375	517.09	90.742	517.09	90.5715	517.09	89.8594	517.09	89.5743	517.09	88.8771	517.09	88.4109	517.09	87.8256	517.09	87.1202	517.09	86.7109	517.09	85.7547	517.09	85.514	517.09	84.385	517.09	84.2128	517.09	83.1177	517.09	82.8472	517.09	82.1299	517.09	81.6737	517.09	81.6865	517.09	81.3144	517.09	82.0087	517.09	82.2072	517.09	83.0083	517.09	83.7911	517.09	84.2962	517.09	85.2564	517.09	85.4716	517.09	86.2089	517.09	86.2703	517.09	86.5422
536.133	91.4036	536.133	91.2958	536.133	91.3036	536.133	90.9794	536.133	91.0035	536.133	90.4629	536.133	90.515	536.133	89.7653	536.133	89.851	536.133	88.9182	536.133	89.026	536.133	87.9708	536.133	88.0589	536.133	86.9901	536.133	86.9755	536.133	86.0392	536.133	85.8096	536.133	85.1328	536.133	84.6006	536.133	84.2066	536.133	83.3979	536.133	83.1569	536.133	82.2946	536.133	81.9626	536.133	81.5041	536.133	80.8953	536.133	81.3605	536.133	80.6491	536.133	82.003	536.133	81.5975	536.133	83.0961	536.133	83.0564	536.133	84.137	536.133	84.2454	536.133	84.7779	536.133	84.8377
555.176	91.1569	555.176	91.1798	555.176	90.8795	555.176	90.9574	555.176	90.3568	555.176	90.5104	555.176	89.619	555.176	89.8634	555.176	88.7143	555.176	89.0422	555.176	87.7022	555.176	88.0769	555.176	86.644	555.176	87.0115	555.176	85.5946	555.176	85.9157	555.176	84.5956	555.176	84.8804	555.176	83.6672	555.176	83.9724	555.176	82.8024	555.176	83.1826	555.176	81.9883	555.176	82.4645	555.176	81.2858	555.176	81.8571	555.176	80.9278	555.176	81.547	555.176	81.1956	555.176	81.729	555.176	82.0011	555.176	82.3424	555.176	82.8811	555.176	83.046	555.176	83.4312	555.176	83.4778
574.219	91.8869	574.219	91.7736	574.219	91.7422	574.219	91.4168	574.219	91.3272	574.219	90.8331	574.219	90.6355	574.219	90.0439	574.219	89.6746	574.219	89.0793	574.219	88.4756	574.219	87.9814	574.219	87.1032	574.219	86.8077	574.219	85.6554	574.219	85.6293	574.219	84.2451	574.219	84.5008	574.219	82.9663	574.219	83.404	574.219	81.877	574.219	82.2694	574.219	81.0417	574.219	81.2019	574.219	80.6191	574.219	80.7423	574.219	80.8332	574.219	81.3529	574.219	81.6934	574.219	82.5846	574.219	82.8593	574.219	83.7566	574.219	83.9218	574.219	84.5436	574.219	84.6211	574.219	84.8396
594.727	91.1982	594.727	91.0684	594.727	91.1274	594.727	90.7435	594.727	90.8367	594.727	90.2212	594.727	90.3013	594.727	89.5057	594.727	89.5055	594.727	88.6209	594.727	88.4559	594.727	87.6127	594.727	87.1909	594.727	86.5502	594.727	85.7821	594.727	85.5291	594.727	84.3252	594.727	84.6379	594.727	82.9167	594.727	83.8515	594.727	81.6348	594.727	82.9819	594.727	80.5841	594.727	81.8842	594.727	80.0033	594.727	80.8854	594.727	80.1932	594.727	80.8964	594.727	81.1185	594.727	82.0477	594.727	82.3525	594.727	83.3729	594.727	83.4789	594.727	84.2509	594.727	84.2518	594.727	84.536
615.234	91.8089	615.234	91.7349	615.234	91.6532	615.234	91.4175	615.234	91.2822	615.234	90.8559	615.234	90.704	615.234	90.0706	615.234	89.9244	615.234	89.0983	615.234	88.9573	615.234	87.9807	615.234	87.8335	615.234	86.7692	615.234	86.5989	615.234	85.5506	615.234	85.2973	615.234	84.4511	615.234	83.9365	615.234	83.5402	615.234	82.4586	615.234	82.6734	615.234	80.771	615.234	81.5152	615.234	78.9849	615.234	79.9118	615.234	78.0571	615.234	78.822	615.234	79.2012	615.234	79.9887	615.234	81.3746	615.234	82.1905	615.234	83.208	615.234	83.8047	615.234	84.2786	615.234	84.4943
637.207	91.9714	637.207	91.8965	637.207	91.8016	637.207	91.5784	637.207	91.3914	637.207	91.0348	637.207	90.7487	637.207	90.3004	637.207	89.8945	637.207	89.4088	637.207	88.8722	637.207	88.3767	637.207	87.7445	637.207	87.2276	637.207	86.5804	637.207	86.0492	637.207	85.4419	637.207	85.011	637.207	84.3698	637.207	84.2289	637.207	83.3604	637.207	83.5833	637.207	82.351	637.207	82.7965	637.207	81.31	637.207	81.7572	637.207	80.5202	637.207	80.9637	637.207	80.7077	637.207	81.4182	637.207	82.0094	637.207	82.8824	637.207	83.5275	637.207	84.193	637.207	84.5413	637.207	84.7832
659.18	93.0603	659.18	92.8916	659.18	92.8999	659.18	92.4009	659.18	92.4341	659.18	91.6336	659.18	91.7067	659.18	90.6658	659.18	90.7721	659.18	89.5788	659.18	89.6849	659.18	88.4272	659.18	88.4946	659.18	87.229	659.18	87.2489	659.18	85.9932	659.18	85.9971	659.18	84.8007	659.18	84.7783	659.18	83.8891	659.18	83.6129	659.18	83.4745	659.18	82.5645	659.18	83.3058	659.18	81.8454	659.18	82.8374	659.18	81.7602	659.18	81.9832	659.18	82.4116	659.18	81.7225	659.18	83.5513	659.18	82.9176	659.18	84.7143	659.18	84.4836	659.18	85.435	659.18	85.3979
682.617	93.2703	682.617	93.2195	682.617	92.998	682.617	92.8247	682.617	92.4588	682.617	92.1208	682.617	91.7138	682.617	91.1876	682.617	90.8108	682.617	90.109	682.617	89.7846	682.617	88.9414	682.617	88.6665	682.617	87.7276	682.617	87.4954	682.617	86.5341	682.617	86.3234	682.617	85.4559	682.617	85.1973	682.617	84.5618	682.617	84.0988	682.617	83.8301	682.617	82.8944	682.617	83.1408	682.617	81.444	682.617	82.3435	682.617	80.0944	682.617	81.5092	682.617	80.2295	682.617	81.3015	682.617	82.0574	682.617	82.3142	682.617	83.8848	682.617	83.7995	682.617	84.8418	682.617	84.7798
707.52	92.8027	707.52	92.7359	707.52	92.6531	707.52	92.465	707.52	92.2514	707.52	91.9751	707.52	91.5649	707.52	91.2416	707.52	90.5944	707.52	90.26	707.52	89.3987	707.52	89.0764	707.52	88.1058	707.52	87.8015	707.52	86.884	707.52	86.573	707.52	85.8468	707.52	85.4956	707.52	84.9629	707.52	84.6784	707.52	84.0826	707.52	84.1986	707.52	83.049	707.52	83.8223	707.52	81.847	707.52	83.155	707.52	80.8461	707.52	82.1389	707.52	80.7983	707.52	81.3445	707.52	81.8453	707.52	81.7286	707.52	83.1707	707.52	83.0106	707.52	84.0054	707.52	83.9614
732.422	93.2265	732.422	93.2467	732.422	92.8668	732.422	92.8851	732.422	92.2562	732.422	92.1846	732.422	91.4701	732.422	91.2527	732.422	90.5444	732.422	90.1804	732.422	89.4986	732.422	88.966	732.422	88.372	732.422	87.5341	732.422	87.2399	732.422	85.8694	732.422	86.2008	732.422	84.192	732.422	85.3254	732.422	83.0139	732.422	84.5722	732.422	82.7387	732.422	83.7493	732.422	83.0376	732.422	82.6593	732.422	83.1926	732.422	81.5281	732.422	82.8556	732.422	81.4031	732.422	82.2455	732.422	82.6429	732.422	82.0851	732.422	83.9675	732.422	82.8994	732.422	84.4806	732.422	84.0091
757.324	92.6879	757.324	92.6426	757.324	92.3333	757.324	92.2563	757.324	91.6054	757.324	91.6448	757.324	90.6043	757.324	90.8972	757.324	89.4717	757.324	90.001	757.324	88.3486	757.324	88.8668	757.324	87.3341	757.324	87.4127	757.324	86.4736	757.324	85.6411	757.324	85.7663	757.324	83.749	757.324	85.1491	757.324	82.1756	757.324	84.4733	757.324	81.2145	757.324	83.5155	757.324	80.7936	757.324	82.0216	757.324	80.9421	757.324	80.0118	757.324	81.6061	757.324	79.0775	757.324	82.3075	757.324	80.8229	757.324	82.6158	757.324	82.7572	757.324	82.7462	757.324	83.4773	757.324	83.1867
785.156	92.5055	785.156	92.5661	785.156	92.228	785.156	92.2814	785.156	91.8349	785.156	91.6065	785.156	91.304	785.156	90.6026	785.156	90.5339	785.156	89.3923	785.156	89.4485	785.156	88.1043	785.156	88.0334	785.156	86.8301	785.156	86.3336	785.156	85.5717	785.156	84.529	785.156	84.2293	785.156	83.0743	785.156	82.856	785.156	82.394	785.156	81.9682	785.156	82.184	785.156	81.6855	785.156	81.8011	785.156	81.2498	785.156	81.0089	785.156	80.6012	785.156	80.2488	785.156	80.6681	785.156	80.451	785.156	81.52	785.156	81.559	785.156	82.3835	785.156	82.5327	785.156	82.8061
811.523	92.4694	811.523	92.3433	811.523	92.0731	811.523	91.7589	811.523	91.2297	811.523	90.8694	811.523	90.1784	811.523	89.8632	811.523	89.2399	811.523	88.9104	811.523	88.5783	811.523	88.0683	811.523	88.0795	811.523	87.2063	811.523	87.5388	811.523	86.0463	811.523	86.8529	811.523	84.2563	811.523	86.034	811.523	81.6823	811.523	85.1115	811.523	79.4998	811.523	84.0345	811.523	80.2172	811.523	82.702	811.523	81.838	811.523	81.1867	811.523	82.5763	811.523	80.1875	811.523	82.691	811.523	80.6478	811.523	82.5368	811.523	81.7947	811.523	82.3054	811.523	82.4026	811.523	82.357
840.82	91.3062	840.82	90.9574	840.82	91.448	840.82	90.9189	840.82	90.9752	840.82	91.1283	840.82	89.8363	840.82	91.0917	840.82	88.2347	840.82	90.5426	840.82	86.5059	840.82	89.4952	840.82	84.94	840.82	88.0395	840.82	83.6023	840.82	86.2228	840.82	82.4239	840.82	84.0241	840.82	81.494	840.82	81.3125	840.82	81.0287	840.82	78.6132	840.82	80.9249	840.82	79.0084	840.82	80.6512	840.82	80.9102	840.82	79.542	840.82	80.9737	840.82	77.1085	840.82	78.958	840.82	75.5943	840.82	78.4533	840.82	78.8545	840.82	81.0599	840.82	81.6691	840.82	82.4054
870.117	93.6047	870.117	93.728	870.117	92.7685	870.117	93.0838	870.117	91.5479	870.117	91.9244	870.117	90.4527	870.117	90.7986	870.117	89.7898	870.117	90.1389	870.117	89.362	870.117	89.7737	870.117	88.7755	870.117	89.3123	870.117	87.8194	870.117	88.6285	870.117	86.5473	870.117	87.8132	870.117	85.2207	870.117	86.8282	870.117	84.2191	870.117	85.1697	870.117	83.8665	870.117	81.7033	870.117	84.0142	870.117	74.8898	870.117	83.9811	870.117	78.1303	870.117	83.2525	870.117	82.3979	870.117	82.1267	870.117	83.0135	870.117	81.6169	870.117	81.7447	870.117	81.4775	870.117	81.0717
900.879	93.6183	900.879	93.6257	900.879	93.4663	900.879	93.6134	900.879	92.8864	900.879	93.339	900.879	91.7519	900.879	92.543	900.879	90.0839	900.879	91.2464	900.879	88.0011	900.879	89.6737	900.879	85.8953	900.879	87.9718	900.879	84.4414	900.879	86.0921	900.879	83.6245	900.879	84.2239	900.879	82.7246	900.879	82.8451	900.879	81.572	900.879	81.6407	900.879	80.6319	900.879	80.9102	900.879	80.1136	900.879	81.826	900.879	79.3587	900.879	82.4801	900.879	77.666	900.879	81.3207	900.879	78.1262	900.879	80.0755	900.879	82.0756	900.879	82.2886	900.879	84.4199	900.879	84.4003
933.105	93.9775	933.105	93.3112	933.105	93.9064	933.105	92.3719	933.105	93.0134	933.105	91.7461	933.105	91.5001	933.105	91.4147	933.105	89.8045	933.105	90.9352	933.105	88.4258	933.105	90.1166	933.105	87.45	933.105	89.0165	933.105	86.5412	933.105	87.6498	933.105	85.5786	933.105	85.9898	933.105	84.8616	933.105	84.5406	933.105	84.6352	933.105	84.111	933.105	84.6641	933.105	83.8981	933.105	84.4079	933.105	82.321	933.105	83.4154	933.105	78.4155	933.105	81.7641	933.105	77.9367	933.105	80.4168	933.105	82.1019	933.105	80.2587	933.105	83.5929	933.105	81.1834	933.105	82.816
965.332	93.5328	965.332	93.9142	965.332	93.3402	965.332	93.9953	965.332	93.1344	965.332	93.3235	965.332	92.4845	965.332	92.0219	965.332	91.2457	965.332	90.6466	965.332	89.4359	965.332	89.5955	965.332	87.3272	965.332	88.7408	965.332	85.6471	965.332	87.6442	965.332	84.5809	965.332	85.9248	965.332	83.3598	965.332	83.5988	965.332	81.7891	965.332	80.8545	965.332	80.7642	965.332	78.4582	965.332	80.8438	965.332	80.3161	965.332	81.0326	965.332	82.8595	965.332	80.1837	965.332	82.8297	965.332	79.1981	965.332	80.3411	965.332	81.5117	965.332	80.0555	965.332	83.6318	965.332	83.014
1,000.49	94.1882	1,000.49	93.7674	1,000.49	93.9314	1,000.49	93.1317	1,000.49	93.0812	1,000.49	92.8664	1,000.49	91.9258	1,000.49	92.6921	1,000.49	90.5949	1,000.49	91.9946	1,000.49	89.0759	1,000.49	90.6381	1,000.49	87.4744	1,000.49	88.9193	1,000.49	85.9989	1,000.49	87.2047	1,000.49	84.7305	1,000.49	85.4883	1,000.49	83.6758	1,000.49	83.5162	1,000.49	82.9686	1,000.49	81.9538	1,000.49	82.8358	1,000.49	82.2091	1,000.49	82.9991	1,000.49	82.4825	1,000.49	82.5282	1,000.49	80.4771	1,000.49	80.7961	1,000.49	77.6591	1,000.49	78.598	1,000.49	80.6139	1,000.49	78.8509	1,000.49	82.7583	1,000.49	80.9274	1,000.49	82.563
1,035.64	93.0993	1,035.64	93.1121	1,035.64	93.6093	1,035.64	93.7711	1,035.64	93.6949	1,035.64	93.9016	1,035.64	92.9796	1,035.64	92.949	1,035.64	91.3052	1,035.64	91.2376	1,035.64	88.5255	1,035.64	89.5004	1,035.64	85.3356	1,035.64	88.0159	1,035.64	84.1949	1,035.64	86.5048	1,035.64	84.1275	1,035.64	85.4117	1,035.64	82.8072	1,035.64	84.9416	1,035.64	80.4523	1,035.64	83.385	1,035.64	78.6696	1,035.64	80.3645	1,035.64	77.6244	1,035.64	82.945	1,035.64	75.6914	1,035.64	85.1511	1,035.64	72.0051	1,035.64	82.1745	1,035.64	69.3124	1,035.64	77.1438	1,035.64	75.2226	1,035.64	82.9288	1,035.64	81.0724	1,035.64	83.8568
1,072.27	93.8448	1,072.27	93.5897	1,072.27	93.7534	1,072.27	93.3356	1,072.27	93.1513	1,072.27	92.9405	1,072.27	92.1767	1,072.27	91.9824	1,072.27	90.9746	1,072.27	90.6442	1,072.27	89.455	1,072.27	89.6312	1,072.27	87.4679	1,072.27	89.0672	1,072.27	85.5386	1,072.27	88.1396	1,072.27	84.656	1,072.27	85.9499	1,072.27	83.9688	1,072.27	83.0094	1,072.27	82.1361	1,072.27	82.8661	1,072.27	79.5243	1,072.27	83.3669	1,072.27	79.8785	1,072.27	81.6173	1,072.27	82.2078	1,072.27	81.168	1,072.27	82.4515	1,072.27	81.3434	1,072.27	80.0122	1,072.27	80.6532	1,072.27	78.8856	1,072.27	82.753	1,072.27	81.9183	1,072.27	83.5725
1,108.89	92.4838	1,108.89	93.8882	1,108.89	92.6922	1,108.89	94.649	1,108.89	93.6477	1,108.89	93.4789	1,108.89	93.9213	1,108.89	91.0221	1,108.89	93.2083	1,108.89	89.9289	1,108.89	91.2052	1,108.89	90.082	1,108.89	87.4947	1,108.89	89.4888	1,108.89	82.905	1,108.89	87.7814	1,108.89	81.2479	1,108.89	85.1445	1,108.89	80.6306	1,108.89	82.4154	1,108.89	79.0435	1,108.89	81.5724	1,108.89	77.8012	1,108.89	80.2774	1,108.89	77.8146	1,108.89	79.9996	1,108.89	78.7139	1,108.89	84.861	1,108.89	78.9733	1,108.89	84.6656	1,108.89	78.1205	1,108.89	79.2313	1,108.89	78.8079	1,108.89	81.3228	1,108.89	81.6932	1,108.89	83.2812
1,148.44	93.8809	1,148.44	94.1561	1,148.44	93.4506	1,148.44	93.8271	1,148.44	93.2202	1,148.44	92.9472	1,148.44	93.1633	1,148.44	92.3076	1,148.44	92.9199	1,148.44	92.0978	1,148.44	91.9321	1,148.44	91.5742	1,148.44	89.6879	1,148.44	90.447	1,148.44	86.5469	1,148.44	88.9343	1,148.44	85.4113	1,148.44	87.3005	1,148.44	85.8408	1,148.44	84.6815	1,148.44	84.7329	1,148.44	79.9998	1,148.44	81.9465	1,148.44	81.5254	1,148.44	80.5549	1,148.44	83.6251	1,148.44	81.5345	1,148.44	84.2669	1,148.44	81.1752	1,148.44	82.8485	1,148.44	79.2584	1,148.44	75.5309	1,148.44	78.948	1,148.44	82.6235	1,148.44	83.0819	1,148.44	85.1761
1,189.45	94.8158	1,189.45	94.9274	1,189.45	94.1316	1,189.45	94.3111	1,189.45	93.5837	1,189.45	93.8783	1,189.45	93.5524	1,189.45	94.2224	1,189.45	93.6532	1,189.45	94.1711	1,189.45	93.1697	1,189.45	92.9915	1,189.45	91.5139	1,189.45	91.0879	1,189.45	88.5946	1,189.45	89.0967	1,189.45	85.6601	1,189.45	87.1366	1,189.45	84.1755	1,189.45	85.0896	1,189.45	83.0338	1,189.45	82.9961	1,189.45	82.1624	1,189.45	83.1411	1,189.45	82.1968	1,189.45	82.7131	1,189.45	83.2803	1,189.45	81.3713	1,189.45	84.3025	1,189.45	83.4783	1,189.45	82.8419	1,189.45	82.079	1,189.45	80.9361	1,189.45	78.8549	1,189.45	82.5582	1,189.45	81.8594
1,230.47	95.422	1,230.47	94.9948	1,230.47	95.7285	1,230.47	95.0585	1,230.47	95.4161	1,230.47	95.198	1,230.47	94.4912	1,230.47	94.7572	1,230.47	93.2582	1,230.47	93.6101	1,230.47	92.309	1,230.47	92.109	1,230.47	91.4312	1,230.47	90.7154	1,230.47	89.7829	1,230.47	89.2839	1,230.47	88.0775	1,230.47	87.7186	1,230.47	87.7948	1,230.47	85.9822	1,230.47	87.3319	1,230.47	81.6743	1,230.47	85.3955	1,230.47	80.7848	1,230.47	83.3696	1,230.47	84.5703	1,230.47	83.5173	1,230.47	84.5421	1,230.47	84.3027	1,230.47	84.6636	1,230.47	83.3444	1,230.47	80.6449	1,230.47	81.2789	1,230.47	80.5123	1,230.47	83.1188	1,230.47	84.4092
1,274.41	95.3551	1,274.41	95.849	1,274.41	95.6496	1,274.41	95.7054	1,274.41	96.3235	1,274.41	93.9728	1,274.41	96.286	1,274.41	91.6033	1,274.41	94.9665	1,274.41	90.4574	1,274.41	92.6879	1,274.41	89.9845	1,274.41	90.8399	1,274.41	89.4712	1,274.41	89.8653	1,274.41	88.9658	1,274.41	89.4587	1,274.41	87.4884	1,274.41	89.9764	1,274.41	84.2354	1,274.41	90.2486	1,274.41	77.9841	1,274.41	89.5651	1,274.41	72.69	1,274.41	88.7001	1,274.41	84.804	1,274.41	88.1469	1,274.41	86.3922	1,274.41	86.9337	1,274.41	81.9803	1,274.41	82.9928	1,274.41	79.4712	1,274.41	75.9978	1,274.41	82.7814	1,274.41	75.5779	1,274.41	80.8299
1,319.82	93.5511	1,319.82	93.481	1,319.82	94.7328	1,319.82	93.5041	1,319.82	96.0341	1,319.82	92.6293	1,319.82	96.5248	1,319.82	92.0172	1,319.82	95.8019	1,319.82	92.2064	1,319.82	94.0849	1,319.82	92.2611	1,319.82	92.5349	1,319.82	91.8269	1,319.82	91.8231	1,319.82	91.1032	1,319.82	91.434	1,319.82	90.3359	1,319.82	91.0797	1,319.82	88.7272	1,319.82	90.1478	1,319.82	85.3929	1,319.82	88.2828	1,319.82	78.4036	1,319.82	86.9084	1,319.82	71.4068	1,319.82	87.0932	1,319.82	82.1561	1,319.82	87.3789	1,319.82	84.7152	1,319.82	86.4849	1,319.82	83.8488	1,319.82	84.5472	1,319.82	81.8719	1,319.82	84.0907	1,319.82	83.5857
1,366.7	92.5526	1,366.7	93.7693	1,366.7	93.0876	1,366.7	94.6959	1,366.7	94.4048	1,366.7	94.4142	1,366.7	94.8703	1,366.7	93.6879	1,366.7	93.8321	1,366.7	93.1575	1,366.7	91.9932	1,366.7	92.5329	1,366.7	91.3546	1,366.7	91.323	1,366.7	90.8132	1,366.7	89.8985	1,366.7	89.1928	1,366.7	88.4809	1,366.7	88.6994	1,366.7	87.6834	1,366.7	88.5623	1,366.7	87.6639	1,366.7	86.5521	1,366.7	84.0919	1,366.7	85.4007	1,366.7	77.7277	1,366.7	86.8944	1,366.7	82.4306	1,366.7	86.9182	1,366.7	85.3592	1,366.7	84.1571	1,366.7	83.1919	1,366.7	80.4666	1,366.7	80.6514	1,366.7	83.0641	1,366.7	85.2352
1,413.57	91.6375	1,413.57	93.2401	1,413.57	91.1654	1,413.57	93.4604	1,413.57	93.2052	1,413.57	93.2518	1,413.57	94.4136	1,413.57	93.8876	1,413.57	93.4989	1,413.57	93.5451	1,413.57	90.8606	1,413.57	91.7107	1,413.57	88.6925	1,413.57	89.0567	1,413.57	88.7582	1,413.57	86.6647	1,413.57	88.5789	1,413.57	85.1523	1,413.57	87.7654	1,413.57	82.9363	1,413.57	87.5417	1,413.57	80.2971	1,413.57	87.2087	1,413.57	77.8993	1,413.57	85.7539	1,413.57	80.4253	1,413.57	85.0986	1,413.57	83.6364	1,413.57	86.2758	1,413.57	79.0032	1,413.57	86.3716	1,413.57	82.539	1,413.57	83.7217	1,413.57	82.0388	1,413.57	79.4132	1,413.57	74.0365
1,463.38	92.3393	1,463.38	93.0168	1,463.38	91.3941	1,463.38	92.4291	1,463.38	92.8286	1,463.38	92.4176	1,463.38	94.2505	1,463.38	93.6411	1,463.38	93.4394	1,463.38	93.7602	1,463.38	90.3486	1,463.38	92.1659	1,463.38	87.663	1,463.38	89.1227	1,463.38	88.6733	1,463.38	84.9401	1,463.38	89.1589	1,463.38	82.7549	1,463.38	89.1	1,463.38	83.5167	1,463.38	89.58	1,463.38	84.3429	1,463.38	89.0995	1,463.38	85.1688	1,463.38	87.0894	1,463.38	75.0733	1,463.38	86.0366	1,463.38	82.1955	1,463.38	86.1906	1,463.38	85.0521	1,463.38	83.2885	1,463.38	81.8715	1,463.38	77.3491	1,463.38	82.3199	1,463.38	77.1223	1,463.38	81.5293
1,516.11	93.5588	1,516.11	92.0989	1,516.11	92.9029	1,516.11	91.6013	1,516.11	91.6852	1,516.11	93.1055	1,516.11	93.0045	1,516.11	92.827	1,516.11	93.3627	1,516.11	90.5611	1,516.11	91.1727	1,516.11	87.4533	1,516.11	86.9096	1,516.11	84.7182	1,516.11	84.6332	1,516.11	82.8439	1,516.11	86.5522	1,516.11	80.0403	1,516.11	86.9988	1,516.11	78.0861	1,516.11	85.8139	1,516.11	78.1657	1,516.11	84.9277	1,516.11	80.8895	1,516.11	84.1317	1,516.11	80.0779	1,516.11	84.6323	1,516.11	71.4791	1,516.11	84.781	1,516.11	82.8393	1,516.11	81.4179	1,516.11	79.6488	1,516.11	76.3069	1,516.11	81.9132	1,516.11	79.0552	1,516.11	83.5313
1,568.85	92.8331	1,568.85	92.5138	1,568.85	92.3821	1,568.85	91.741	1,568.85	91.7637	1,568.85	90.9405	1,568.85	91.6778	1,568.85	89.5706	1,568.85	90.9508	1,568.85	87.172	1,568.85	88.3441	1,568.85	83.86	1,568.85	84.9317	1,568.85	82.152	1,568.85	84.4302	1,568.85	82.7208	1,568.85	84.7958	1,568.85	82.6562	1,568.85	84.0122	1,568.85	81.2197	1,568.85	82.6567	1,568.85	79.3806	1,568.85	80.2279	1,568.85	76.1847	1,568.85	77.0975	1,568.85	76.2233	1,568.85	79.0689	1,568.85	68.471	1,568.85	81.2123	1,568.85	75.701	1,568.85	80.4775	1,568.85	79.0164	1,568.85	76.4832	1,568.85	79.8678	1,568.85	74.5719	1,568.85	79.2863
1,624.51	91.2601	1,624.51	91.4406	1,624.51	91.7648	1,624.51	91.7646	1,624.51	91.4319	1,624.51	90.1027	1,624.51	90.1519	1,624.51	87.6351	1,624.51	89.1488	1,624.51	87.2535	1,624.51	88.0186	1,624.51	87.4851	1,624.51	85.8657	1,624.51	87.439	1,624.51	81.9274	1,624.51	86.6427	1,624.51	76.6655	1,624.51	85.9244	1,624.51	74.9813	1,624.51	85.1642	1,624.51	72.0556	1,624.51	83.2337	1,624.51	73.8019	1,624.51	75.6564	1,624.51	74.3738	1,624.51	75.1612	1,624.51	74.3327	1,624.51	79.8552	1,624.51	71.6612	1,624.51	68.0887	1,624.51	79.4313	1,624.51	81.6541	1,624.51	80.2694	1,624.51	81.6993	1,624.51	78.4909	1,624.51	78.7096
1,681.64	89.2449	1,681.64	90.0377	1,681.64	90.3713	1,681.64	90.6527	1,681.64	90.9004	1,681.64	88.1833	1,681.64	89.0846	1,681.64	85.873	1,681.64	86.5757	1,681.64	86.7928	1,681.64	86.4651	1,681.64	86.0758	1,681.64	85.5971	1,681.64	84.3745	1,681.64	81.84	1,681.64	82.7587	1,681.64	74.7332	1,681.64	81.9945	1,681.64	59.0799	1,681.64	81.8028	1,681.64	65.908	1,681.64	81.3663	1,681.64	64.2438	1,681.64	77.6988	1,681.64	52.3126	1,681.64	71.8672	1,681.64	68.4777	1,681.64	75.6374	1,681.64	75.9345	1,681.64	73.2162	1,681.64	77.963	1,681.64	78.4702	1,681.64	75.6251	1,681.64	80.894	1,681.64	75.0608	1,681.64	78.9106
1,741.7	90.3391	1,741.7	89.4691	1,741.7	89.7632	1,741.7	86.8278	1,741.7	89.4479	1,741.7	84.3541	1,741.7	88.5169	1,741.7	85.6552	1,741.7	83.6339	1,741.7	83.3979	1,741.7	78.6899	1,741.7	80.1361	1,741.7	83.4347	1,741.7	81.694	1,741.7	83.3591	1,741.7	80.9099	1,741.7	79.5094	1,741.7	76.812	1,741.7	74.529	1,741.7	75.9916	1,741.7	70.6152	1,741.7	78.4371	1,741.7	62.6656	1,741.7	79.1866	1,741.7	62.4407	1,741.7	73.3783	1,741.7	67.6039	1,741.7	71.8044	1,741.7	73.6975	1,741.7	71.3811	1,741.7	76.8692	1,741.7	75.0754	1,741.7	73.4816	1,741.7	81.0013	1,741.7	70.177	1,741.7	76.5806
1,803.22	91.2043	1,803.22	89.2698	1,803.22	90.8422	1,803.22	85.5418	1,803.22	88.6588	1,803.22	82.4811	1,803.22	86.4114	1,803.22	73.9507	1,803.22	81.965	1,803.22	80.9722	1,803.22	63.2566	1,803.22	86.5009	1,803.22	79.7803	1,803.22	87.2101	1,803.22	80.9815	1,803.22	86.326	1,803.22	77.3047	1,803.22	83.5181	1,803.22	70.9136	1,803.22	77.6946	1,803.22	64.6607	1,803.22	75.6417	1,803.22	57.2255	1,803.22	80.0925	1,803.22	60.2671	1,803.22	79.4841	1,803.22	64.5294	1,803.22	66.7542	1,803.22	65.8787	1,803.22	74.5563	1,803.22	76.2735	1,803.22	66.4264	1,803.22	72.7085	1,803.22	81.2097	1,803.22	61.503	1,803.22	78.1372
1,866.21	91.1078	1,866.21	88.9054	1,866.21	92.6409	1,866.21	86.444	1,866.21	91.5635	1,866.21	76.063	1,866.21	87.0932	1,866.21	82.1485	1,866.21	79.5508	1,866.21	87.1765	1,866.21	68.1074	1,866.21	87.9623	1,866.21	70.792	1,866.21	87.489	1,866.21	78.3255	1,866.21	85.2935	1,866.21	81.2504	1,866.21	82.3712	1,866.21	82.5219	1,866.21	78.2921	1,866.21	83.2973	1,866.21	79.0653	1,866.21	81.8903	1,866.21	81.1717	1,866.21	78.25	1,866.21	75.5599	1,866.21	70.8106	1,866.21	76.4006	1,866.21	68.4299	1,866.21	72.2045	1,866.21	69.4358	1,866.21	62.8488	1,866.21	43.5678	1,866.21	79.0037	1,866.21	59.2416	1,866.21	77.7959
1,932.13	90.8346	1,932.13	87.6778	1,932.13	92.6912	1,932.13	84.2665	1,932.13	91.8542	1,932.13	69.2477	1,932.13	89.1283	1,932.13	82.6893	1,932.13	84.424	1,932.13	88.2953	1,932.13	80.9597	1,932.13	90.4013	1,932.13	78.2642	1,932.13	90.0827	1,932.13	67.705	1,932.13	89.0225	1,932.13	81.3523	1,932.13	87.6263	1,932.13	86.0737	1,932.13	84.3899	1,932.13	85.9796	1,932.13	72.8923	1,932.13	84.5867	1,932.13	80.4291	1,932.13	80.0817	1,932.13	81.7122	1,932.13	74.4381	1,932.13	75.343	1,932.13	71.1475	1,932.13	76.334	1,932.13	73.1906	1,932.13	51.8505	1,932.13	48.7331	1,932.13	80.0758	1,932.13	71.5124	1,932.13	78.9539
1,999.51	90.745	1,999.51	87.6995	1,999.51	92.5183	1,999.51	84.592	1,999.51	92.3461	1,999.51	78.0108	1,999.51	89.5677	1,999.51	83.8095	1,999.51	85.8107	1,999.51	89.6699	1,999.51	84.27	1,999.51	90.9339	1,999.51	82.8701	1,999.51	90.3003	1,999.51	80.9973	1,999.51	87.8868	1,999.51	79.6571	1,999.51	85.1777	1,999.51	78.6562	1,999.51	84.6342	1,999.51	80.5493	1,999.51	81.8675	1,999.51	81.5419	1,999.51	79.1783	1,999.51	79.6863	1,999.51	81.9487	1,999.51	73.6069	1,999.51	76.387	1,999.51	74.0206	1,999.51	79.4339	1,999.51	72.12	1,999.51	68.0657	1,999.51	71.131	1,999.51	80.687	1,999.51	75.0348	1,999.51	78.5991
2,069.82	91.6977	2,069.82	87.394	2,069.82	92.7773	2,069.82	82.7825	2,069.82	91.8259	2,069.82	80.483	2,069.82	89.468	2,069.82	87.0015	2,069.82	87.0807	2,069.82	91.3004	2,069.82	86.103	2,069.82	92.7779	2,069.82	85.0486	2,069.82	91.8915	2,069.82	82.6753	2,069.82	88.2498	2,069.82	82.4035	2,069.82	84.5719	2,069.82	82.7489	2,069.82	81.9211	2,069.82	81.8313	2,069.82	83.6088	2,069.82	82.529	2,069.82	78.2726	2,069.82	80.4243	2,069.82	82.8066	2,069.82	75.6361	2,069.82	77.0968	2,069.82	74.8795	2,069.82	80.0142	2,069.82	76.5996	2,069.82	71.549	2,069.82	67.781	2,069.82	82.0548	2,069.82	76.9513	2,069.82	79.3428
2,143.07	91.889	2,143.07	86.74	2,143.07	93.0469	2,143.07	83.0152	2,143.07	91.7201	2,143.07	82.3705	2,143.07	89.6189	2,143.07	88.1828	2,143.07	88.3645	2,143.07	92.4571	2,143.07	87.8704	2,143.07	93.2899	2,143.07	86.9568	2,143.07	91.5874	2,143.07	84.0925	2,143.07	88.8782	2,143.07	82.9246	2,143.07	85.9946	2,143.07	85.0785	2,143.07	81.5669	2,143.07	85.1832	2,143.07	82.9131	2,143.07	83.7	2,143.07	81.8901	2,143.07	81.3949	2,143.07	82.1329	2,143.07	79.0676	2,143.07	79.639	2,143.07	78.4953	2,143.07	80.5262	2,143.07	77.9796	2,143.07	74.2979	2,143.07	73.6818	2,143.07	82.9595	2,143.07	78.7818	2,143.07	80.114
2,219.24	91.778	2,219.24	86.3595	2,219.24	92.6781	2,219.24	85.5541	2,219.24	91.5939	2,219.24	86.9139	2,219.24	91.1196	2,219.24	88.9128	2,219.24	90.1257	2,219.24	92.1705	2,219.24	88.5961	2,219.24	92.9738	2,219.24	87.8571	2,219.24	91.5194	2,219.24	86.5395	2,219.24	89.1819	2,219.24	84.2605	2,219.24	85.485	2,219.24	83.447	2,219.24	81.2122	2,219.24	85.6873	2,219.24	81.9395	2,219.24	84.9043	2,219.24	82.5776	2,219.24	81.1973	2,219.24	82.1976	2,219.24	79.6231	2,219.24	80.5865	2,219.24	78.6673	2,219.24	77.7912	2,219.24	78.6786	2,219.24	75.3325	2,219.24	71.0532	2,219.24	82.9351	2,219.24	79.7103	2,219.24	79.0763
2,296.88	92.3737	2,296.88	85.6142	2,296.88	93.2427	2,296.88	86.4563	2,296.88	91.4804	2,296.88	89.8875	2,296.88	91.3484	2,296.88	87.9161	2,296.88	90.8722	2,296.88	91.2761	2,296.88	89.4872	2,296.88	92.7785	2,296.88	88.4241	2,296.88	90.4327	2,296.88	86.9665	2,296.88	88.7607	2,296.88	84.7086	2,296.88	88.3215	2,296.88	83.2169	2,296.88	83.1084	2,296.88	81.443	2,296.88	78.1556	2,296.88	83.2554	2,296.88	82.1812	2,296.88	80.7531	2,296.88	82.7993	2,296.88	80.4249	2,296.88	82.3096	2,296.88	77.3764	2,296.88	74.6449	2,296.88	78.634	2,296.88	73.7447	2,296.88	70.3295	2,296.88	83.438	2,296.88	79.6857	2,296.88	79.3859
2,378.91	92.5083	2,378.91	88.0985	2,378.91	93.6996	2,378.91	88.9867	2,378.91	92.856	2,378.91	90.1505	2,378.91	91.7206	2,378.91	86.8796	2,378.91	90.5793	2,378.91	89.9504	2,378.91	89.5728	2,378.91	92.5201	2,378.91	88.9748	2,378.91	93.746	2,378.91	88.0455	2,378.91	90.3076	2,378.91	87.7044	2,378.91	84.8774	2,378.91	88.3798	2,378.91	86.6483	2,378.91	84.1086	2,378.91	76.8054	2,378.91	75.7812	2,378.91	82.8195	2,378.91	79.028	2,378.91	80.3625	2,378.91	80.4111	2,378.91	83.7007	2,378.91	76.0996	2,378.91	70.94	2,378.91	76.1426	2,378.91	68.0098	2,378.91	70.4636	2,378.91	83.6157	2,378.91	79.2678	2,378.91	79.0279
2,462.4	91.4323	2,462.4	89.374	2,462.4	92.8989	2,462.4	89.3423	2,462.4	93.6351	2,462.4	89.6921	2,462.4	92.2201	2,462.4	88.7514	2,462.4	90.4397	2,462.4	90.8693	2,462.4	90.1536	2,462.4	94.3052	2,462.4	89.9437	2,462.4	92.9266	2,462.4	89.4001	2,462.4	89.0836	2,462.4	88.0913	2,462.4	86.1326	2,462.4	86.0103	2,462.4	83.9431	2,462.4	84.058	2,462.4	83.5651	2,462.4	81.826	2,462.4	79.8699	2,462.4	80.9966	2,462.4	83.1153	2,462.4	82.3509	2,462.4	81.4319	2,462.4	79.6166	2,462.4	73.1641	2,462.4	76.3561	2,462.4	61.4174	2,462.4	72.5756	2,462.4	83.0386	2,462.4	79.2536	2,462.4	78.0943
2,548.83	91.4171	2,548.83	90.23	2,548.83	92.0071	2,548.83	89.5171	2,548.83	93.8346	2,548.83	91.6194	2,548.83	92.8706	2,548.83	91.6274	2,548.83	91.5316	2,548.83	93.0739	2,548.83	91.9221	2,548.83	94.069	2,548.83	91.0028	2,548.83	93.7273	2,548.83	88.4403	2,548.83	90.0289	2,548.83	85.9858	2,548.83	83.7259	2,548.83	83.6034	2,548.83	86.4843	2,548.83	67.2614	2,548.83	83.0839	2,548.83	77.4835	2,548.83	82.1139	2,548.83	84.7339	2,548.83	84.0059	2,548.83	82.0008	2,548.83	79.6576	2,548.83	80.9302	2,548.83	74.4119	2,548.83	69.2689	2,548.83	68.3283	2,548.83	75.2459	2,548.83	81.5015	2,548.83	76.2384	2,548.83	78.3177
2,639.65	93.0494	2,639.65	93.1586	2,639.65	92.9233	2,639.65	90.0931	2,639.65	94.0867	2,639.65	93.2883	2,639.65	93.4811	2,639.65	92.5727	2,639.65	92.4741	2,639.65	91.5665	2,639.65	91.2462	2,639.65	93.7019	2,639.65	90.0436	2,639.65	91.2164	2,639.65	90.0568	2,639.65	90.159	2,639.65	89.2709	2,639.65	89.0066	2,639.65	85.2174	2,639.65	81.3518	2,639.65	82.7547	2,639.65	84.2823	2,639.65	82.0101	2,639.65	81.5196	2,639.65	87.2212	2,639.65	83.9684	2,639.65	82.8349	2,639.65	81.1768	2,639.65	82.8494	2,639.65	74.0591	2,639.65	78.9174	2,639.65	71.9403	2,639.65	79.0951	2,639.65	82.6455	2,639.65	75.256	2,639.65	76.8496
2,731.93	93.6144	2,731.93	94.4427	2,731.93	94.4864	2,731.93	93.3226	2,731.93	94.9527	2,731.93	94.1961	2,731.93	95.0124	2,731.93	91.6505	2,731.93	93.9293	2,731.93	89.4887	2,731.93	91.2334	2,731.93	92.0917	2,731.93	89.5771	2,731.93	93.7627	2,731.93	90.695	2,731.93	92.1687	2,731.93	88.9675	2,731.93	86.8985	2,731.93	82.815	2,731.93	83.4944	2,731.93	88.0532	2,731.93	79.9761	2,731.93	87.027	2,731.93	82.5332	2,731.93	85.8479	2,731.93	84.6824	2,731.93	84.6593	2,731.93	81.9105	2,731.93	81.2539	2,731.93	74.3172	2,731.93	80.6861	2,731.93	74.4593	2,731.93	78.299	2,731.93	83.9996	2,731.93	79.6199	2,731.93	79.5224
2,828.61	93.0348	2,828.61	94.0938	2,828.61	94.6121	2,828.61	94.8314	2,828.61	94.9964	2,828.61	95.0621	2,828.61	95.0301	2,828.61	93.2251	2,828.61	94.0936	2,828.61	89.852	2,828.61	91.546	2,828.61	94.0015	2,828.61	90.2767	2,828.61	93.8514	2,828.61	88.7822	2,828.61	89.8416	2,828.61	86.7177	2,828.61	86.7948	2,828.61	85.8317	2,828.61	81.0571	2,828.61	90.9621	2,828.61	83.0024	2,828.61	87.1515	2,828.61	77.2839	2,828.61	83.5814	2,828.61	84.8143	2,828.61	84.3146	2,828.61	81.605	2,828.61	82.1415	2,828.61	60.5628	2,828.61	80.8301	2,828.61	72.2461	2,828.61	76.8906	2,828.61	83.6156	2,828.61	65.3294	2,828.61	80.6384
2,928.22	93.0746	2,928.22	95.9836	2,928.22	94.9025	2,928.22	96.4819	2,928.22	95.6598	2,928.22	95.3895	2,928.22	95.6452	2,928.22	93.8557	2,928.22	94.21	2,928.22	90.9219	2,928.22	93.3394	2,928.22	93.0541	2,928.22	93.6498	2,928.22	94.5334	2,928.22	92.2255	2,928.22	89.4204	2,928.22	87.794	2,928.22	83.9542	2,928.22	88.7487	2,928.22	86.9677	2,928.22	92.2305	2,928.22	80.1807	2,928.22	88.298	2,928.22	83.8071	2,928.22	64.5551	2,928.22	84.687	2,928.22	84.6539	2,928.22	79.8273	2,928.22	81.3823	2,928.22	65.9971	2,928.22	84.765	2,928.22	75.8629	2,928.22	77.1666	2,928.22	80.5949	2,928.22	79.2972	2,928.22	82.8965
3,030.76	94.6139	3,030.76	97.3561	3,030.76	95.1113	3,030.76	98.2686	3,030.76	96.241	3,030.76	96.5883	3,030.76	96.1173	3,030.76	94.2963	3,030.76	94.107	3,030.76	88.228	3,030.76	93.8778	3,030.76	93.529	3,030.76	93.8668	3,030.76	90.8761	3,030.76	89.9548	3,030.76	91.3997	3,030.76	88.0704	3,030.76	89.7906	3,030.76	93.553	3,030.76	80.7754	3,030.76	92.6275	3,030.76	83.549	3,030.76	88.9153	3,030.76	82.9137	3,030.76	86.6432	3,030.76	78.8694	3,030.76	84.0105	3,030.76	82.4669	3,030.76	81.8037	3,030.76	71.7105	3,030.76	83.4719	3,030.76	78.4269	3,030.76	78.3337	3,030.76	81.1153	3,030.76	78.4133	3,030.76	84.7707
3,137.7	94.8015	3,137.7	97.5895	3,137.7	94.2492	3,137.7	99.298	3,137.7	96.009	3,137.7	96.7073	3,137.7	95.5352	3,137.7	93.8359	3,137.7	94.2838	3,137.7	89.8354	3,137.7	94.4829	3,137.7	91.4437	3,137.7	92.8621	3,137.7	92.2044	3,137.7	89.9516	3,137.7	92.8449	3,137.7	91.4971	3,137.7	85.4821	3,137.7	93.6332	3,137.7	77.0079	3,137.7	90.8886	3,137.7	82.4274	3,137.7	89.4846	3,137.7	78.5442	3,137.7	88.5049	3,137.7	82.8139	3,137.7	82.1556	3,137.7	81.6719	3,137.7	82.5662	3,137.7	67.2911	3,137.7	82.7738	3,137.7	78.8101	3,137.7	80.3626	3,137.7	80.3389	3,137.7	78.0023	3,137.7	83.0493
3,249.02	95.0712	3,249.02	97.3995	3,249.02	93.3985	3,249.02	98.383	3,249.02	94.0886	3,249.02	96.3332	3,249.02	93.6484	3,249.02	93.4417	3,249.02	93.8405	3,249.02	88.8444	3,249.02	94.2217	3,249.02	90.2534	3,249.02	91.6653	3,249.02	94.8622	3,249.02	88.5149	3,249.02	90.0929	3,249.02	91.7472	3,249.02	86.4585	3,249.02	91.4868	3,249.02	85.8141	3,249.02	89.1324	3,249.02	81.118	3,249.02	90.5391	3,249.02	80.7444	3,249.02	87.4785	3,249.02	83.8761	3,249.02	83.8835	3,249.02	79.6162	3,249.02	82.3266	3,249.02	59.6312	3,249.02	81.9003	3,249.02	74.1275	3,249.02	80.2874	3,249.02	81.5799	3,249.02	73.9538	3,249.02	80.6544
3,363.28	95.0924	3,363.28	96.8528	3,363.28	93.7015	3,363.28	97.9432	3,363.28	93.632	3,363.28	94.4207	3,363.28	92.9129	3,363.28	93.066	3,363.28	94.4593	3,363.28	86.78	3,363.28	93.6596	3,363.28	92.0032	3,363.28	91.0418	3,363.28	93.6185	3,363.28	90.8913	3,363.28	88.8201	3,363.28	92.3397	3,363.28	89.09	3,363.28	87.6972	3,363.28	84.0494	3,363.28	86.819	3,363.28	79.0025	3,363.28	88.2223	3,363.28	82.8843	3,363.28	87.2266	3,363.28	82.3475	3,363.28	83.0127	3,363.28	76.7869	3,363.28	84.7089	3,363.28	66.4669	3,363.28	79.0952	3,363.28	71.1891	3,363.28	77.0348	3,363.28	79.6801	3,363.28	74.8101	3,363.28	78.5496
3,481.93	93.8947	3,481.93	95.6546	3,481.93	92.6829	3,481.93	97.1005	3,481.93	93.1875	3,481.93	93.5265	3,481.93	94.4225	3,481.93	93.2754	3,481.93	95.0754	3,481.93	89.872	3,481.93	92.7536	3,481.93	92.3328	3,481.93	91.7446	3,481.93	91.9947	3,481.93	91.789	3,481.93	91.3098	3,481.93	89.3094	3,481.93	86.2471	3,481.93	78.7808	3,481.93	80.588	3,481.93	82.5671	3,481.93	78.1763	3,481.93	83.6234	3,481.93	82.7267	3,481.93	82.9444	3,481.93	78.5627	3,481.93	81.0769	3,481.93	79.2257	3,481.93	83.7368	3,481.93	67.81	3,481.93	79.4401	3,481.93	72.4294	3,481.93	74.6285	3,481.93	79.6083	3,481.93	75.3873	3,481.93	79.6691
3,604.98	94.3073	3,604.98	96.0475	3,604.98	92.2482	3,604.98	95.8031	3,604.98	92.3127	3,604.98	94.0333	3,604.98	94.3207	3,604.98	93.7315	3,604.98	93.9965	3,604.98	90.1794	3,604.98	91.9583	3,604.98	89.5296	3,604.98	90.3268	3,604.98	90.0231	3,604.98	91.2474	3,604.98	91.5078	3,604.98	84.0289	3,604.98	80.4257	3,604.98	65.3095	3,604.98	80.286	3,604.98	71.7297	3,604.98	79.2623	3,604.98	78.5944	3,604.98	78.7839	3,604.98	79.4527	3,604.98	76.897	3,604.98	79.4551	3,604.98	78.6338	3,604.98	80.6169	3,604.98	67.8617	3,604.98	75.2683	3,604.98	72.4107	3,604.98	75.3111	3,604.98	74.5015	3,604.98	77.7439	3,604.98	77.5406
3,732.42	93.9618	3,732.42	94.7994	3,732.42	91.8411	3,732.42	93.8962	3,732.42	92.4934	3,732.42	92.664	3,732.42	94.364	3,732.42	92.6121	3,732.42	93.4116	3,732.42	90.0289	3,732.42	91.9073	3,732.42	87.723	3,732.42	90.3228	3,732.42	91.8199	3,732.42	89.6242	3,732.42	84.3915	3,732.42	81.2114	3,732.42	83.6783	3,732.42	83.3858	3,732.42	80.8396	3,732.42	77.075	3,732.42	76.7553	3,732.42	77.5338	3,732.42	79.658	3,732.42	78.6902	3,732.42	73.7441	3,732.42	80.6165	3,732.42	78.2901	3,732.42	73.2144	3,732.42	64.8496	3,732.42	73.2863	3,732.42	66.2809	3,732.42	75.1151	3,732.42	76.0594	3,732.42	75.3199	3,732.42	76.258
3,864.26	93.2496	3,864.26	92.5565	3,864.26	92.7745	3,864.26	93.1954	3,864.26	92.7263	3,864.26	93.0206	3,864.26	93.8648	3,864.26	93.2108	3,864.26	92.9514	3,864.26	90.248	3,864.26	92.224	3,864.26	88.3868	3,864.26	91.6845	3,864.26	90.9889	3,864.26	89.6417	3,864.26	87.5506	3,864.26	86.3591	3,864.26	85.087	3,864.26	85.7574	3,864.26	79.7293	3,864.26	85.9668	3,864.26	73.3402	3,864.26	84.0797	3,864.26	74.1325	3,864.26	79.779	3,864.26	75.4786	3,864.26	75.3345	3,864.26	78.223	3,864.26	75.0791	3,864.26	62.7033	3,864.26	75.9886	3,864.26	66.9272	3,864.26	73.2372	3,864.26	75.1964	3,864.26	74.6197	3,864.26	73.1798
4,000.49	93.7996	4,000.49	92.77	4,000.49	92.816	4,000.49	93.2216	4,000.49	92.8238	4,000.49	92.5255	4,000.49	94.0275	4,000.49	91.6677	4,000.49	93.1441	4,000.49	88.307	4,000.49	92.2527	4,000.49	86.2961	4,000.49	91.9447	4,000.49	87.5896	4,000.49	89.1155	4,000.49	87.0312	4,000.49	84.3616	4,000.49	84.9179	4,000.49	84.4	4,000.49	78.2599	4,000.49	85.9869	4,000.49	76.0699	4,000.49	83.9365	4,000.49	74.918	4,000.49	72.6805	4,000.49	74.0012	4,000.49	73.0224	4,000.49	76.5128	4,000.49	75.5309	4,000.49	63.8101	4,000.49	76.2127	4,000.49	70.1678	4,000.49	71.4125	4,000.49	74.3321	4,000.49	74.5884	4,000.49	78.0259
4,141.11	93.7685	4,141.11	92.3287	4,141.11	92.9425	4,141.11	93.3192	4,141.11	92.8333	4,141.11	91.0458	4,141.11	92.8605	4,141.11	90.2022	4,141.11	93.2608	4,141.11	88.4624	4,141.11	92.5908	4,141.11	86.5664	4,141.11	92.3659	4,141.11	87.2542	4,141.11	86.3987	4,141.11	87.947	4,141.11	87.8389	4,141.11	78.1885	4,141.11	86.7906	4,141.11	78.7338	4,141.11	83.1749	4,141.11	73.0875	4,141.11	76.2518	4,141.11	70.1357	4,141.11	74.0266	4,141.11	74.022	4,141.11	75.3788	4,141.11	76.0175	4,141.11	69.3882	4,141.11	65.6441	4,141.11	73.376	4,141.11	69.0329	4,141.11	74.6397	4,141.11	73.462	4,141.11	74.7382	4,141.11	79.2234
4,287.6	92.7329	4,287.6	91.9221	4,287.6	92.5843	4,287.6	92.536	4,287.6	93.4358	4,287.6	90.8959	4,287.6	92.3169	4,287.6	90.2633	4,287.6	93.4931	4,287.6	88.5918	4,287.6	94.1014	4,287.6	83.118	4,287.6	90.9794	4,287.6	88.9936	4,287.6	84.7893	4,287.6	81.0868	4,287.6	88.1833	4,287.6	83.7747	4,287.6	84.9758	4,287.6	78.0411	4,287.6	63.3333	4,287.6	68.269	4,287.6	76.0401	4,287.6	68.2662	4,287.6	75.9759	4,287.6	75.3796	4,287.6	78.3375	4,287.6	75.4063	4,287.6	69.7143	4,287.6	68.4749	4,287.6	74.934	4,287.6	66.9529	4,287.6	73.8016	4,287.6	72.8941	4,287.6	74.0016	4,287.6	78.134
4,438.48	92.7641	4,438.48	92.633	4,438.48	94.2705	4,438.48	90.1079	4,438.48	93.9484	4,438.48	91.8837	4,438.48	93.1441	4,438.48	89.3698	4,438.48	94.1243	4,438.48	88.3171	4,438.48	94.5114	4,438.48	83.862	4,438.48	88.3508	4,438.48	89.7332	4,438.48	88.7719	4,438.48	86.802	4,438.48	88.8881	4,438.48	86.4267	4,438.48	79.7529	4,438.48	76.6059	4,438.48	77.5462	4,438.48	75.7966	4,438.48	81.3475	4,438.48	75.5986	4,438.48	74.3192	4,438.48	75.6076	4,438.48	76.2302	4,438.48	69.8352	4,438.48	77.2061	4,438.48	63.0561	4,438.48	73.9561	4,438.48	70.8559	4,438.48	72.5883	4,438.48	69.253	4,438.48	72.3562	4,438.48	77.1426
4,595.21	94.4562	4,595.21	93.5388	4,595.21	95.0032	4,595.21	92.4198	4,595.21	93.859	4,595.21	91.5334	4,595.21	93.859	4,595.21	90.0901	4,595.21	94.8484	4,595.21	88.2148	4,595.21	93.461	4,595.21	86.5341	4,595.21	86.4686	4,595.21	84.5479	4,595.21	91.0325	4,595.21	87.8235	4,595.21	87.7356	4,595.21	78.9399	4,595.21	78.6224	4,595.21	76.2528	4,595.21	82.7961	4,595.21	73.5156	4,595.21	77.1932	4,595.21	68.9035	4,595.21	74.3802	4,595.21	71.2947	4,595.21	74.57	4,595.21	73.7488	4,595.21	77.1353	4,595.21	66.299	4,595.21	70.3309	4,595.21	68.5447	4,595.21	72.889	4,595.21	68.1953	4,595.21	74.697	4,595.21	74.7415
4,756.35	94.6293	4,756.35	93.9237	4,756.35	94.8849	4,756.35	92.2484	4,756.35	93.8876	4,756.35	91.2765	4,756.35	94.0832	4,756.35	89.8811	4,756.35	94.4874	4,756.35	89.5211	4,756.35	92.4354	4,756.35	83.2754	4,756.35	90.5847	4,756.35	87.5272	4,756.35	90.8526	4,756.35	82.0776	4,756.35	83.0956	4,756.35	81.3637	4,756.35	85.3482	4,756.35	75.8226	4,756.35	72.3695	4,756.35	68.268	4,756.35	63.0489	4,756.35	73.1108	4,756.35	78.5494	4,756.35	71.5538	4,756.35	73.0031	4,756.35	73.9579	4,756.35	71.0086	4,756.35	71.2747	4,756.35	68.9826	4,756.35	68.087	4,756.35	69.9903	4,756.35	64.9539	4,756.35	73.5598	4,756.35	71.4758
4,924.8	93.9281	4,924.8	93.2542	4,924.8	95.5145	4,924.8	89.985	4,924.8	93.9982	4,924.8	90.8931	4,924.8	93.1	4,924.8	88.7677	4,924.8	92.6231	4,924.8	88.2393	4,924.8	91.0239	4,924.8	81.3511	4,924.8	92.0363	4,924.8	85.756	4,924.8	89.4831	4,924.8	80.1869	4,924.8	86.1778	4,924.8	80.5218	4,924.8	84.8415	4,924.8	73.5184	4,924.8	74.3942	4,924.8	69.5572	4,924.8	70.2002	4,924.8	72.7714	4,924.8	78.7352	4,924.8	69.8449	4,924.8	68.3899	4,924.8	68.2394	4,924.8	74.7266	4,924.8	69.2718	4,924.8	71.8091	4,924.8	68.2822	4,924.8	65.5038	4,924.8	68.8691	4,924.8	67.6419	4,924.8	72.726
5,097.66	92.6064	5,097.66	91.904	5,097.66	95.1515	5,097.66	89.616	5,097.66	94.5549	5,097.66	89.1434	5,097.66	92.2984	5,097.66	88.1838	5,097.66	91.4995	5,097.66	85.4019	5,097.66	92.3178	5,097.66	80.5597	5,097.66	93.0685	5,097.66	75.5707	5,097.66	85.7839	5,097.66	80.8255	5,097.66	85.6644	5,097.66	68.8887	5,097.66	80.4577	5,097.66	74.0641	5,097.66	76.1249	5,097.66	56.9131	5,097.66	66.1478	5,097.66	68.015	5,097.66	74.0308	5,097.66	59.7895	5,097.66	69.3234	5,097.66	64.0804	5,097.66	77.1082	5,097.66	66.4472	5,097.66	73.1828	5,097.66	69.9388	5,097.66	64.4934	5,097.66	66.0092	5,097.66	67.3538	5,097.66	75.5341
5,277.83	94.1805	5,277.83	93.0824	5,277.83	95.0496	5,277.83	90.4437	5,277.83	94.3974	5,277.83	90.663	5,277.83	92.5327	5,277.83	86.4553	5,277.83	92.0837	5,277.83	84.5417	5,277.83	91.9509	5,277.83	72.2206	5,277.83	91.8702	5,277.83	82.6045	5,277.83	85.8075	5,277.83	74.1157	5,277.83	83.9092	5,277.83	77.6307	5,277.83	79.3742	5,277.83	75.0477	5,277.83	79.1713	5,277.83	52.0714	5,277.83	76.3469	5,277.83	64.0698	5,277.83	70.751	5,277.83	66.2099	5,277.83	64.5372	5,277.83	64.2575	5,277.83	74.1181	5,277.83	66.8997	5,277.83	75.2467	5,277.83	65.6572	5,277.83	68.0774	5,277.83	57.9402	5,277.83	67.9226	5,277.83	74.7942
5,463.87	94.4306	5,463.87	92.7622	5,463.87	93.7762	5,463.87	90.3009	5,463.87	94.6167	5,463.87	89.4491	5,463.87	92.5013	5,463.87	86.1884	5,463.87	91.8791	5,463.87	81.2311	5,463.87	92.0269	5,463.87	79.1907	5,463.87	89.0369	5,463.87	79.4283	5,463.87	85.5612	5,463.87	82.5565	5,463.87	82.0454	5,463.87	77.9927	5,463.87	80.2797	5,463.87	73.0825	5,463.87	74.8394	5,463.87	69.136	5,463.87	73.4385	5,463.87	66.303	5,463.87	67.2538	5,463.87	72.8457	5,463.87	67.1201	5,463.87	65.8552	5,463.87	67.6685	5,463.87	61.2132	5,463.87	74.9788	5,463.87	57.3043	5,463.87	66.0872	5,463.87	69.012	5,463.87	65.4763	5,463.87	72.5795
5,657.23	94.5784	5,657.23	92.8545	5,657.23	94.6845	5,657.23	90.1672	5,657.23	94.0787	5,657.23	88.1305	5,657.23	93.1086	5,657.23	84.974	5,657.23	91.7152	5,657.23	80.8526	5,657.23	92.2479	5,657.23	78.3568	5,657.23	87.8629	5,657.23	78.9094	5,657.23	86.3044	5,657.23	82.5327	5,657.23	81.3363	5,657.23	74.9894	5,657.23	81.0592	5,657.23	74.1406	5,657.23	73.8487	5,657.23	68.539	5,657.23	68.0498	5,657.23	69.1074	5,657.23	61.5171	5,657.23	70.5792	5,657.23	62.065	5,657.23	62.5064	5,657.23	60.7264	5,657.23	58.6549	5,657.23	74.047	5,657.23	62.5107	5,657.23	67.8267	5,657.23	68.9539	5,657.23	64.4491	5,657.23	69.336
5,856.45	94.4117	5,856.45	92.3069	5,856.45	94.3821	5,856.45	90.6158	5,856.45	93.6468	5,856.45	87.8255	5,856.45	93.0166	5,856.45	83.7333	5,856.45	90.8351	5,856.45	80.6092	5,856.45	90.0002	5,856.45	80.0035	5,856.45	86.4442	5,856.45	80.3644	5,856.45	85.4681	5,856.45	80.142	5,856.45	83.1129	5,856.45	78.0292	5,856.45	81.53	5,856.45	72.3025	5,856.45	74.1134	5,856.45	68.9261	5,856.45	63.9067	5,856.45	70.5293	5,856.45	53.7448	5,856.45	70.6697	5,856.45	64.331	5,856.45	68.3549	5,856.45	67.6911	5,856.45	59.6728	5,856.45	68.9169	5,856.45	65.2305	5,856.45	69.6901	5,856.45	61.5086	5,856.45	59.9165	5,856.45	60.6943
6,062.99	94.3944	6,062.99	92.6301	6,062.99	94.4758	6,062.99	90.5813	6,062.99	93.7038	6,062.99	86.6475	6,062.99	92.12	6,062.99	82.8445	6,062.99	89.9348	6,062.99	82.463	6,062.99	87.3404	6,062.99	80.9001	6,062.99	85.142	6,062.99	76.479	6,062.99	81.6724	6,062.99	81.4819	6,062.99	84.1673	6,062.99	71.8544	6,062.99	80.1187	6,062.99	68.7035	6,062.99	73.9404	6,062.99	67.8311	6,062.99	62.4379	6,062.99	72.0439	6,062.99	60.1443	6,062.99	68.5115	6,062.99	59.8928	6,062.99	66.2807	6,062.99	74.4176	6,062.99	52.686	6,062.99	55.0244	6,062.99	63.7178	6,062.99	71.136	6,062.99	64.7561	6,062.99	62.6446	6,062.99	67.6576
6,276.86	93.1244	6,276.86	92.2582	6,276.86	94.4764	6,276.86	89.1573	6,276.86	93.7742	6,276.86	84.76	6,276.86	90.9854	6,276.86	83.0101	6,276.86	89.5056	6,276.86	81.7458	6,276.86	88.1025	6,276.86	79.92	6,276.86	86.9442	6,276.86	79.0928	6,276.86	85.1698	6,276.86	75.9859	6,276.86	83.0112	6,276.86	74.5324	6,276.86	73.7321	6,276.86	68.7289	6,276.86	74.6268	6,276.86	60.5816	6,276.86	68.8632	6,276.86	69.9907	6,276.86	51.9377	6,276.86	59.4252	6,276.86	63.9514	6,276.86	63.0232	6,276.86	73.8296	6,276.86	56.229	6,276.86	72.0688	6,276.86	59.9847	6,276.86	72.9646	6,276.86	65.4774	6,276.86	64.233	6,276.86	63.64
6,498.05	92.4138	6,498.05	91.2173	6,498.05	94.4322	6,498.05	88.5128	6,498.05	93.5407	6,498.05	85.2321	6,498.05	91.2181	6,498.05	83.4308	6,498.05	89.6698	6,498.05	82.2285	6,498.05	88.8037	6,498.05	77.8252	6,498.05	85.9172	6,498.05	72.4067	6,498.05	86.8362	6,498.05	75.6102	6,498.05	80.6285	6,498.05	72.4874	6,498.05	80.4067	6,498.05	58.5537	6,498.05	78.3945	6,498.05	67.7021	6,498.05	72.3996	6,498.05	59.2194	6,498.05	69.0819	6,498.05	61.0966	6,498.05	70.2491	6,498.05	60.3057	6,498.05	70.2723	6,498.05	57.8164	6,498.05	74.2985	6,498.05	63.4712	6,498.05	71.4153	6,498.05	67.8888	6,498.05	63.9928	6,498.05	60.1468
6,726.56	92.026	6,726.56	91.1714	6,726.56	93.5532	6,726.56	87.3853	6,726.56	92.7014	6,726.56	84.3842	6,726.56	90.9511	6,726.56	83.3163	6,726.56	88.9471	6,726.56	79.2478	6,726.56	87.6817	6,726.56	74.0826	6,726.56	85.6709	6,726.56	74.0722	6,726.56	85.5418	6,726.56	73.1073	6,726.56	76.7699	6,726.56	69.76	6,726.56	80.9414	6,726.56	62.2965	6,726.56	74.9583	6,726.56	70.5051	6,726.56	67.2542	6,726.56	62.1703	6,726.56	69.7482	6,726.56	64.2795	6,726.56	68.4531	6,726.56	53.5151	6,726.56	65.7514	6,726.56	63.849	6,726.56	72.227	6,726.56	56.3894	6,726.56	67.4271	6,726.56	61.2961	6,726.56	59.739	6,726.56	54.8628
6,963.87	91.8332	6,963.87	90.9483	6,963.87	92.7272	6,963.87	86.1348	6,963.87	92.3651	6,963.87	84.2993	6,963.87	90.5567	6,963.87	83.6328	6,963.87	87.6373	6,963.87	78.0205	6,963.87	85.6526	6,963.87	74.6001	6,963.87	86.2066	6,963.87	72.2133	6,963.87	80.9247	6,963.87	78.5836	6,963.87	79.5037	6,963.87	71.1389	6,963.87	78.1142	6,963.87	65.2103	6,963.87	65.5809	6,963.87	71.831	6,963.87	67.5848	6,963.87	63.8419	6,963.87	67.802	6,963.87	64.074	6,963.87	70.0852	6,963.87	63.0839	6,963.87	65.8184	6,963.87	57.7858	6,963.87	68.3861	6,963.87	48.6494	6,963.87	65.4301	6,963.87	55.8098	6,963.87	54.7123	6,963.87	60.8272
7,209.96	90.7676	7,209.96	89.4861	7,209.96	92.8244	7,209.96	86.7711	7,209.96	91.6497	7,209.96	85.3672	7,209.96	89.4045	7,209.96	82.8834	7,209.96	87.5709	7,209.96	75.6006	7,209.96	84.4583	7,209.96	76.2901	7,209.96	86.046	7,209.96	75.9331	7,209.96	76.3093	7,209.96	76.9653	7,209.96	80.3792	7,209.96	72.8707	7,209.96	64.6592	7,209.96	68.0239	7,209.96	71.1642	7,209.96	70.428	7,209.96	67.1016	7,209.96	63.1919	7,209.96	68.2356	7,209.96	58.8666	7,209.96	66.764	7,209.96	63.0664	7,209.96	68.0031	7,209.96	60.4957	7,209.96	59.3997	7,209.96	51.8539	7,209.96	64.6077	7,209.96	61.3143	7,209.96	58.3626	7,209.96	54.6069
7,464.84	90.617	7,464.84	89.5533	7,464.84	91.0454	7,464.84	86.8604	7,464.84	90.4549	7,464.84	84.906	7,464.84	87.9335	7,464.84	81.8999	7,464.84	86.0564	7,464.84	75.2397	7,464.84	85.5085	7,464.84	77.1565	7,464.84	83.5583	7,464.84	73.4302	7,464.84	80.8234	7,464.84	76.9012	7,464.84	78.2348	7,464.84	73.1376	7,464.84	74.0161	7,464.84	65.6056	7,464.84	66.6892	7,464.84	66.95	7,464.84	51.8639	7,464.84	59.1202	7,464.84	65.6463	7,464.84	56.3606	7,464.84	58.3426	7,464.84	60.5689	7,464.84	60.7024	7,464.84	59.7883	7,464.84	65.0126	7,464.84	51.9624	7,464.84	63.6966	7,464.84	56.9243	7,464.84	57.6528	7,464.84	42.1018
7,727.05	90.1117	7,727.05	88.6964	7,727.05	89.778	7,727.05	86.4313	7,727.05	89.6655	7,727.05	84.1983	7,727.05	86.708	7,727.05	80.8992	7,727.05	85.5584	7,727.05	76.0266	7,727.05	85.1083	7,727.05	77.0888	7,727.05	79.2545	7,727.05	74.346	7,727.05	82.3153	7,727.05	73.178	7,727.05	75.5446	7,727.05	69.7331	7,727.05	72.6368	7,727.05	60.6036	7,727.05	60.6478	7,727.05	67.4159	7,727.05	68.703	7,727.05	57.9364	7,727.05	63.6277	7,727.05	56.243	7,727.05	61.5305	7,727.05	59.8123	7,727.05	56.1553	7,727.05	57.3463	7,727.05	60.7156	7,727.05	56.4716	7,727.05	62.858	7,727.05	49.2994	7,727.05	59.6238	7,727.05	54.0988
7,999.51	90.1076	7,999.51	87.1427	7,999.51	89.7689	7,999.51	86.8204	7,999.51	88.5742	7,999.51	83.3745	7,999.51	85.8539	7,999.51	78.953	7,999.51	84.5588	7,999.51	76.3738	7,999.51	84.3481	7,999.51	74.281	7,999.51	79.8957	7,999.51	68.9277	7,999.51	80.4258	7,999.51	71.7241	7,999.51	65.6806	7,999.51	65.5162	7,999.51	68.3732	7,999.51	59.564	7,999.51	59.5205	7,999.51	68.2297	7,999.51	67.9842	7,999.51	53.5037	7,999.51	64.8334	7,999.51	62.0222	7,999.51	65.9177	7,999.51	58.3935	7,999.51	58.9162	7,999.51	55.1715	7,999.51	55.914	7,999.51	52.332	7,999.51	61.1363	7,999.51	54.9305	7,999.51	55.2697	7,999.51	56.507
8,282.23	89.4313	8,282.23	87.6042	8,282.23	89.4828	8,282.23	86.588	8,282.23	88.1235	8,282.23	82.4068	8,282.23	86.5036	8,282.23	77.4557	8,282.23	85.0666	8,282.23	76.7993	8,282.23	81.5695	8,282.23	70.4699	8,282.23	82.4883	8,282.23	68.6594	8,282.23	73.8034	8,282.23	70.843	8,282.23	72.7678	8,282.23	65.3056	8,282.23	60.4583	8,282.23	66.2056	8,282.23	57.6183	8,282.23	67.8438	8,282.23	52.942	8,282.23	58.6255	8,282.23	62.2379	8,282.23	63.5299	8,282.23	57.8849	8,282.23	58.0751	8,282.23	56.0481	8,282.23	54.6796	8,282.23	56.3289	8,282.23	44.1685	8,282.23	60.9988	8,282.23	39.8733	8,282.23	46.0075	8,282.23	56.6785
8,573.73	89.3294	8,573.73	87.8775	8,573.73	89.4545	8,573.73	86.1862	8,573.73	88.7674	8,573.73	82.3177	8,573.73	86.7356	8,573.73	77.6162	8,573.73	85.0966	8,573.73	74.2272	8,573.73	81.4679	8,573.73	68.1176	8,573.73	81.7199	8,573.73	65.7639	8,573.73	70.8029	8,573.73	70.4421	8,573.73	71.2389	8,573.73	64.0816	8,573.73	61.6914	8,573.73	64.4151	8,573.73	60.356	8,573.73	64.0717	8,573.73	61.4304	8,573.73	57.9684	8,573.73	61.8095	8,573.73	59.1444	8,573.73	57.497	8,573.73	54.6007	8,573.73	50.7941	8,573.73	57.1175	8,573.73	59.9342	8,573.73	51.3306	8,573.73	59.5996	8,573.73	50.998	8,573.73	46.8627	8,573.73	49.784
8,876.95	89.5734	8,876.95	87.3176	8,876.95	89.824	8,876.95	86.011	8,876.95	89.0315	8,876.95	81.886	8,876.95	87.094	8,876.95	77.5753	8,876.95	85.0656	8,876.95	72.5633	8,876.95	83.3016	8,876.95	70.7418	8,876.95	78.4314	8,876.95	65.6719	8,876.95	73.9289	8,876.95	70.8858	8,876.95	66.3219	8,876.95	69.7996	8,876.95	65.9813	8,876.95	63.6425	8,876.95	53.683	8,876.95	62.7796	8,876.95	63.48	8,876.95	55.4952	8,876.95	62.1839	8,876.95	58.3652	8,876.95	59.7886	8,876.95	37.7501	8,876.95	51.5444	8,876.95	52.537	8,876.95	49.6044	8,876.95	54.4898	8,876.95	56.7246	8,876.95	53.3774	8,876.95	42.1452	8,876.95	45.7343
9,188.96	88.9475	9,188.96	87.3996	9,188.96	89.7404	9,188.96	85.0286	9,188.96	88.6238	9,188.96	81.357	9,188.96	87.4565	9,188.96	76.3209	9,188.96	85.9751	9,188.96	73.5154	9,188.96	83.5807	9,188.96	71.4356	9,188.96	75.1548	9,188.96	67.987	9,188.96	73.0409	9,188.96	70.2429	9,188.96	66.6907	9,188.96	70.2044	9,188.96	64.5875	9,188.96	64.678	9,188.96	56.0775	9,188.96	64.8742	9,188.96	62.954	9,188.96	39.9078	9,188.96	65.2446	9,188.96	60.5821	9,188.96	55.6697	9,188.96	52.1999	9,188.96	52.8231	9,188.96	45.9099	9,188.96	54.2953	9,188.96	53.1152	9,188.96	52.3297	9,188.96	50.8533	9,188.96	45.4845	9,188.96	46.3491
9,514.16	88.1411	9,514.16	87.3417	9,514.16	89.5403	9,514.16	84.096	9,514.16	88.4665	9,514.16	81.3765	9,514.16	87.4573	9,514.16	77.4445	9,514.16	85.9249	9,514.16	74.9487	9,514.16	82.4294	9,514.16	74.6541	9,514.16	75.5472	9,514.16	71.1152	9,514.16	70.5075	9,514.16	71.003	9,514.16	70.177	9,514.16	71.1533	9,514.16	66.499	9,514.16	64.2941	9,514.16	60.4556	9,514.16	63.1651	9,514.16	63.0898	9,514.16	41.8697	9,514.16	65.1225	9,514.16	61.7741	9,514.16	53.4678	9,514.16	58.8065	9,514.16	53.2417	9,514.16	51.5839	9,514.16	57.1729	9,514.16	51.5334	9,514.16	47.4056	9,514.16	49.4585	9,514.16	52.8536	9,514.16	48.7348
9,849.61	88.91	9,849.61	87.9678	9,849.61	90.1081	9,849.61	84.715	9,849.61	89.4655	9,849.61	81.817	9,849.61	87.9903	9,849.61	78.9919	9,849.61	85.8767	9,849.61	77.4795	9,849.61	80.7669	9,849.61	77.0421	9,849.61	74.8342	9,849.61	72.0432	9,849.61	71.0234	9,849.61	70.7124	9,849.61	71.5024	9,849.61	71.1074	9,849.61	66.1044	9,849.61	65.5228	9,849.61	61.5506	9,849.61	61.5908	9,849.61	66.3515	9,849.61	52.5573	9,849.61	66.0692	9,849.61	59.5265	9,849.61	51.8643	9,849.61	57.9523	9,849.61	56.9383	9,849.61	47.9557	9,849.61	58.168	9,849.61	38.0328	9,849.61	51.0504	9,849.61	48.4057	9,849.61	54.8825	9,849.61	53.1233
10,196.8	88.7368	10,196.8	87.673	10,196.8	89.6714	10,196.8	83.861	10,196.8	89.532	10,196.8	81.585	10,196.8	88.1323	10,196.8	79.7493	10,196.8	84.8264	10,196.8	77.6929	10,196.8	78.1245	10,196.8	77.3167	10,196.8	75.8662	10,196.8	70.7491	10,196.8	68.7309	10,196.8	68.0934	10,196.8	71.8297	10,196.8	68.0793	10,196.8	67.2286	10,196.8	62.3318	10,196.8	63.586	10,196.8	57.174	10,196.8	65.4177	10,196.8	55.593	10,196.8	65.3334	10,196.8	55.3005	10,196.8	51.1428	10,196.8	58.3367	10,196.8	53.6909	10,196.8	34.0844	10,196.8	55.8591	10,196.8	45.7837	10,196.8	47.1279	10,196.8	41.8515	10,196.8	52.5508	10,196.8	49.0936
10,555.7	88.6146	10,555.7	87.1987	10,555.7	89.2133	10,555.7	83.6324	10,555.7	89.3236	10,555.7	80.9474	10,555.7	87.7042	10,555.7	80.2394	10,555.7	83.4782	10,555.7	77.7616	10,555.7	76.8231	10,555.7	76.2514	10,555.7	73.6357	10,555.7	69.3725	10,555.7	71.394	10,555.7	64.0573	10,555.7	71.4935	10,555.7	66.8074	10,555.7	66.9125	10,555.7	59.5262	10,555.7	62.5227	10,555.7	53.2142	10,555.7	65.726	10,555.7	56.8826	10,555.7	65.9658	10,555.7	41.7124	10,555.7	56.1992	10,555.7	58.0883	10,555.7	58.3544	10,555.7	53.4013	10,555.7	51.6815	10,555.7	40.8233	10,555.7	34.3502	10,555.7	52.0417	10,555.7	51.2681	10,555.7	49.6837
10,927.7	88.3376	10,927.7	86.6496	10,927.7	88.6882	10,927.7	83.3557	10,927.7	89.1868	10,927.7	80.5255	10,927.7	86.7495	10,927.7	81.037	10,927.7	82.0517	10,927.7	77.4008	10,927.7	75.349	10,927.7	75.8052	10,927.7	72.773	10,927.7	68.7166	10,927.7	72.8139	10,927.7	58.6517	10,927.7	68.4552	10,927.7	65.3299	10,927.7	66.8082	10,927.7	57.5478	10,927.7	60.0972	10,927.7	53.0832	10,927.7	66.0139	10,927.7	55.3178	10,927.7	63.5522	10,927.7	50.547	10,927.7	51.0371	10,927.7	57.1486	10,927.7	50.9352	10,927.7	50.6035	10,927.7	49.2124	10,927.7	43.8851	10,927.7	46.5942	10,927.7	47.0367	10,927.7	52.7238	10,927.7	46.6337
11,313	88.8725	11,313	86.9886	11,313	88.8846	11,313	84.0346	11,313	89.5073	11,313	80.761	11,313	86.1825	11,313	81.5726	11,313	82.11	11,313	76.6607	11,313	74.9038	11,313	75.1232	11,313	72.9448	11,313	67.7117	11,313	72.4696	11,313	59.3385	11,313	67.2872	11,313	61.8344	11,313	64.9908	11,313	55.8899	11,313	62.4278	11,313	53.4373	11,313	67.1003	11,313	53.4407	11,313	63.9453	11,313	47.7754	11,313	52.5084	11,313	54.9857	11,313	52.4403	11,313	53.3093	11,313	50.0265	11,313	29.0364	11,313	45.4707	11,313	50.5402	11,313	45.7527	11,313	48.5542
11,712.9	88.2735	11,712.9	86.5463	11,712.9	88.4793	11,712.9	83.8421	11,712.9	88.9899	11,712.9	81.5219	11,712.9	85.4673	11,712.9	81.1426	11,712.9	78.7729	11,712.9	76.8446	11,712.9	73.3669	11,712.9	73.9696	11,712.9	73.4095	11,712.9	69.2544	11,712.9	68.4729	11,712.9	57.9513	11,712.9	68.8303	11,712.9	59.5215	11,712.9	63.35	11,712.9	56.0647	11,712.9	62.4691	11,712.9	54.3329	11,712.9	66.7144	11,712.9	52.4646	11,712.9	62.5703	11,712.9	53.4377	11,712.9	54.7579	11,712.9	45.5445	11,712.9	46.5419	11,712.9	38.4827	11,712.9	34.5806	11,712.9	43.9076	11,712.9	53.3273	11,712.9	40.3683	11,712.9	51.2637	11,712.9	43.1613
12,126	87.7602	12,126	86.6056	12,126	88.238	12,126	83.9953	12,126	88.2036	12,126	81.7359	12,126	83.2171	12,126	80.231	12,126	77.0158	12,126	76.8843	12,126	71.1758	12,126	73.0054	12,126	71.4694	12,126	69.3213	12,126	66.6077	12,126	60.897	12,126	61.9592	12,126	51.8734	12,126	63.5509	12,126	53.7018	12,126	62.1007	12,126	53.6023	12,126	64.7301	12,126	53.216	12,126	60.7065	12,126	55.5434	12,126	49.7019	12,126	49.0968	12,126	21.9148	12,126	37.2031	12,126	46.7411	12,126	40.1129	12,126	51.792	12,126	49.1272	12,126	44.7343	12,126	42.9614
12,553.7	88.2582	12,553.7	86.8808	12,553.7	88.8875	12,553.7	83.8307	12,553.7	88.0452	12,553.7	81.9169	12,553.7	81.8659	12,553.7	79.6497	12,553.7	76.8493	12,553.7	75.3377	12,553.7	71.5818	12,553.7	70.4103	12,553.7	69.118	12,553.7	67.261	12,553.7	67.91	12,553.7	61.7809	12,553.7	63.6356	12,553.7	54.1268	12,553.7	65.6674	12,553.7	50.9197	12,553.7	65.4472	12,553.7	51.9312	12,553.7	66.386	12,553.7	48.803	12,553.7	62.1249	12,553.7	52.5028	12,553.7	49.5604	12,553.7	50.3429	12,553.7	38.5937	12,553.7	46.1892	12,553.7	42.9487	12,553.7	42.8932	12,553.7	47.8082	12,553.7	49.4168	12,553.7	46.9373	12,553.7	43.1449
12,996.1	88.3516	12,996.1	86.756	12,996.1	88.823	12,996.1	83.389	12,996.1	87.7071	12,996.1	81.7422	12,996.1	81.6703	12,996.1	78.5904	12,996.1	77.2305	12,996.1	73.5445	12,996.1	71.8529	12,996.1	68.1887	12,996.1	65.5986	12,996.1	66.4009	12,996.1	67.5425	12,996.1	60.2389	12,996.1	66.6763	12,996.1	53.3994	12,996.1	65.2466	12,996.1	46.3994	12,996.1	67.1434	12,996.1	41.2937	12,996.1	68.3782	12,996.1	46.7339	12,996.1	65.3634	12,996.1	37.7742	12,996.1	49.0967	12,996.1	42.5314	12,996.1	44.5947	12,996.1	46.1328	12,996.1	42.696	12,996.1	40.834	12,996.1	48.1821	12,996.1	43.6167	12,996.1	46.1866	12,996.1	43.6231
13,454.6	88.863	13,454.6	87.1048	13,454.6	89.3246	13,454.6	84.1716	13,454.6	87.4076	13,454.6	82.047	13,454.6	82.0411	13,454.6	78.0551	13,454.6	76.8239	13,454.6	73.7891	13,454.6	66.5569	13,454.6	67.1767	13,454.6	66.4863	13,454.6	67.5732	13,454.6	66.1131	13,454.6	59.5179	13,454.6	65.7263	13,454.6	55.3858	13,454.6	66.2997	13,454.6	49.8993	13,454.6	68.8866	13,454.6	32.5332	13,454.6	70.4901	13,454.6	48.2589	13,454.6	67.0892	13,454.6	41.0905	13,454.6	52.1653	13,454.6	39.4421	13,454.6	43.8465	13,454.6	39.0945	13,454.6	38.0421	13,454.6	34.5663	13,454.6	46.9075	13,454.6	37.0545	13,454.6	47.371	13,454.6	34.2006
13,929.2	89.1539	13,929.2	86.6615	13,929.2	89.4705	13,929.2	83.7607	13,929.2	87.3084	13,929.2	81.3585	13,929.2	81.3363	13,929.2	76.9661	13,929.2	76.5393	13,929.2	72.3607	13,929.2	67.8806	13,929.2	68.3722	13,929.2	66.9868	13,929.2	67.7007	13,929.2	66.9895	13,929.2	58.5124	13,929.2	65.2226	13,929.2	50.0322	13,929.2	68.0568	13,929.2	45.7042	13,929.2	69.5491	13,929.2	39.6005	13,929.2	71.4406	13,929.2	43.1809	13,929.2	68.0886	13,929.2	39.4099	13,929.2	53.922	13,929.2	41.9409	13,929.2	44.8526	13,929.2	42.8	13,929.2	34.8398	13,929.2	43.4564	13,929.2	45.6912	13,929.2	48.947	13,929.2	47.8081	13,929.2	44.6215
14,419.9	89.6391	14,419.9	86.804	14,419.9	89.7716	14,419.9	83.7249	14,419.9	86.8838	14,419.9	80.447	14,419.9	82.3853	14,419.9	76.341	14,419.9	76.0533	14,419.9	72.7577	14,419.9	64.5748	14,419.9	69.2894	14,419.9	68.0129	14,419.9	64.5065	14,419.9	65.7442	14,419.9	58.5559	14,419.9	64.8978	14,419.9	39.0123	14,419.9	68.6961	14,419.9	31.1004	14,419.9	71.0216	14,419.9	39.2328	14,419.9	72.4912	14,419.9	41.9415	14,419.9	69.2071	14,419.9	48.1759	14,419.9	56.3964	14,419.9	47.4909	14,419.9	48.3202	14,419.9	47.7643	14,419.9	24.4253	14,419.9	38.5113	14,419.9	38.2911	14,419.9	36.9819	14,419.9	43.479	14,419.9	43.0334
14,928.2	89.7953	14,928.2	86.934	14,928.2	90.0082	14,928.2	83.7743	14,928.2	86.7248	14,928.2	79.2362	14,928.2	80.7947	14,928.2	76.1721	14,928.2	73.5757	14,928.2	73.9954	14,928.2	68.0148	14,928.2	68.5312	14,928.2	67.0563	14,928.2	61.9977	14,928.2	65.2931	14,928.2	59.3325	14,928.2	63.8442	14,928.2	52.3946	14,928.2	68.2891	14,928.2	48.3005	14,928.2	70.4324	14,928.2	50.9883	14,928.2	72.4893	14,928.2	43.7627	14,928.2	69.0301	14,928.2	47.5713	14,928.2	56.5241	14,928.2	48.7711	14,928.2	46.4974	14,928.2	34.8949	14,928.2	36.4798	14,928.2	39.5184	14,928.2	44.7416	14,928.2	40.9413	14,928.2	41.648	14,928.2	27.6548
15,455.6	90.5635	15,455.6	87.1807	15,455.6	90.3058	15,455.6	84.1793	15,455.6	86.5852	15,455.6	79.5444	15,455.6	81.3351	15,455.6	77.5471	15,455.6	73.6113	15,455.6	75.0987	15,455.6	69.9256	15,455.6	69.324	15,455.6	67.7637	15,455.6	64.927	15,455.6	66.5023	15,455.6	59.565	15,455.6	64.7631	15,455.6	55.01	15,455.6	69.0282	15,455.6	45.8775	15,455.6	71.6216	15,455.6	51.2123	15,455.6	73.157	15,455.6	41.9267	15,455.6	69.4952	15,455.6	49.7486	15,455.6	56.8918	15,455.6	50.7846	15,455.6	48.7857	15,455.6	47.318	15,455.6	44.5362	15,455.6	41.6554	15,455.6	44.2661	15,455.6	41.0902	15,455.6	44.1026	15,455.6	36.9108
16,000.5	91.3749	16,000.5	87.5849	16,000.5	90.9951	16,000.5	84.2221	16,000.5	86.8019	16,000.5	80.6663	16,000.5	80.4008	16,000.5	79.4607	16,000.5	72.4771	16,000.5	75.3598	16,000.5	71.4127	16,000.5	70.653	16,000.5	68.2792	16,000.5	66.9279	16,000.5	65.8925	16,000.5	62.075	16,000.5	63.144	16,000.5	55.6883	16,000.5	69.1477	16,000.5	44.8945	16,000.5	73.1778	16,000.5	50.2928	16,000.5	74.3038	16,000.5	47.3788	16,000.5	70.7059	16,000.5	54.7241	16,000.5	57.5179	16,000.5	47.9837	16,000.5	25.6143	16,000.5	46.881	16,000.5	37.2147	16,000.5	39.6642	16,000.5	48.5791	16,000.5	42.3408	16,000.5	36.4183	16,000.5	18.0133
16,564.5	91.9455	16,564.5	87.4871	16,564.5	91.4739	16,564.5	83.7279	16,564.5	87.9341	16,564.5	81.1372	16,564.5	80.6962	16,564.5	79.7016	16,564.5	76.1695	16,564.5	74.3368	16,564.5	73.4689	16,564.5	71.4385	16,564.5	70.0258	16,564.5	67.3881	16,564.5	65.688	16,564.5	62.7987	16,564.5	62.067	16,564.5	56.5469	16,564.5	70.0213	16,564.5	43.3975	16,564.5	74.1393	16,564.5	50.7084	16,564.5	75.2151	16,564.5	45.3262	16,564.5	71.7932	16,564.5	52.825	16,564.5	58.1311	16,564.5	52.4551	16,564.5	42.5803	16,564.5	45.6964	16,564.5	37.2301	16,564.5	35.3465	16,564.5	49.2223	16,564.5	42.4892	16,564.5	49.1114	16,564.5	37.7868
17,148.9	89.8758	17,148.9	84.9727	17,148.9	89.712	17,148.9	81.232	17,148.9	86.9237	17,148.9	79.6162	17,148.9	80.0965	17,148.9	76.5494	17,148.9	74.2473	17,148.9	69.5204	17,148.9	71.3539	17,148.9	70.0789	17,148.9	68.3026	17,148.9	64.5675	17,148.9	62.5215	17,148.9	60.6138	17,148.9	57.7291	17,148.9	54.5607	17,148.9	67.3273	17,148.9	36.4129	17,148.9	72.0403	17,148.9	50.5388	17,148.9	73.2952	17,148.9	48.4607	17,148.9	70.4291	17,148.9	54.3427	17,148.9	58.0818	17,148.9	51.2798	17,148.9	40.4069	17,148.9	46.6287	17,148.9	30.7931	17,148.9	45.1585	17,148.9	41.1775	17,148.9	38.4637	17,148.9	40.0422	17,148.9	39.7081
17,752.4	90.9371	17,752.4	86.1479	17,752.4	91.2286	17,752.4	83.0704	17,752.4	88.9158	17,752.4	80.9187	17,752.4	81.7668	17,752.4	75.6065	17,752.4	75.4793	17,752.4	70.6593	17,752.4	73.0143	17,752.4	71.5105	17,752.4	69.078	17,752.4	65.1685	17,752.4	62.0701	17,752.4	60.2771	17,752.4	54.7351	17,752.4	51.5869	17,752.4	67.1974	17,752.4	43.0049	17,752.4	73.1233	17,752.4	52.3171	17,752.4	74.713	17,752.4	51.0012	17,752.4	72.465	17,752.4	55.6791	17,752.4	59.2714	17,752.4	49.5995	17,752.4	43.4471	17,752.4	45.7407	17,752.4	33.7088	17,752.4	44.8275	17,752.4	26.2451	17,752.4	42.6013	17,752.4	42.5928	17,752.4	39.7874
18,379.4	92.3406	18,379.4	88.3294	18,379.4	92.6137	18,379.4	85.5995	18,379.4	89.9241	18,379.4	82.8715	18,379.4	81.5603	18,379.4	77.039	18,379.4	74.5731	18,379.4	74.1536	18,379.4	73.8063	18,379.4	73.3446	18,379.4	67.8277	18,379.4	67.032	18,379.4	61.1381	18,379.4	61.1065	18,379.4	57.7885	18,379.4	56.5141	18,379.4	67.2807	18,379.4	47.5167	18,379.4	73.5393	18,379.4	55.9752	18,379.4	75.4688	18,379.4	53.4575	18,379.4	73.2812	18,379.4	55.1182	18,379.4	62.0544	18,379.4	55.9435	18,379.4	33.757	18,379.4	49.6264	18,379.4	36.779	18,379.4	47.6956	18,379.4	45.9099	18,379.4	45.6591	18,379.4	40.5364	18,379.4	43.9255
19,026.9	87.483	19,026.9	83.624	19,026.9	87.272	19,026.9	80.2325	19,026.9	83.4249	19,026.9	77.7658	19,026.9	73.4668	19,026.9	70.7159	19,026.9	73.0943	19,026.9	69.0796	19,026.9	70.1897	19,026.9	68.0607	19,026.9	60.1577	19,026.9	60.0741	19,026.9	60.9436	19,026.9	56.4272	19,026.9	56.3747	19,026.9	47.3373	19,026.9	62.1572	19,026.9	38.1141	19,026.9	68.5189	19,026.9	48.6456	19,026.9	69.7992	19,026.9	47.7223	19,026.9	66.9722	19,026.9	49.047	19,026.9	53.4155	19,026.9	50.3962	19,026.9	26.5685	19,026.9	43.7808	19,026.9	37.8577	19,026.9	39.2697	19,026.9	40.5555	19,026.9	47.2799	19,026.9	34.3288	19,026.9	37.4844
19,697.8	78.3727	19,697.8	73.5759	19,697.8	80.1071	19,697.8	70.4378	19,697.8	77.927	19,697.8	66.6226	19,697.8	70.9836	19,697.8	62.3076	19,697.8	67.7413	19,697.8	61.0067	19,697.8	63.2381	19,697.8	58.1039	19,697.8	54.6055	19,697.8	51.9429	19,697.8	52.0378	19,697.8	48.3717	19,697.8	47.7784	19,697.8	39.4659	19,697.8	53.7664	19,697.8	29.2356	19,697.8	60.298	19,697.8	41.379	19,697.8	62.523	19,697.8	37.2069	19,697.8	61.0579	19,697.8	42.5535	19,697.8	50.7621	19,697.8	42.9618	19,697.8	28.8697	19,697.8	35.2377	19,697.8	26.8823	19,697.8	31.3182	19,697.8	37.9999	19,697.8	37.1958	19,697.8	30.4802	19,697.8	18.4844
19,999.5	76.4954	19,999.5	73.5408	19,999.5	76.3925	19,999.5	70.5326	19,999.5	73.0847	19,999.5	67.0572	19,999.5	64.3754	19,999.5	63.3395	19,999.5	57.2462	19,999.5	59.3835	19,999.5	52.7769	19,999.5	58.1136	19,999.5	37.8437	19,999.5	55.397	19,999.5	37.6115	19,999.5	46.8952	19,999.5	36.0518	19,999.5	39.5177	19,999.5	44.324	19,999.5	31.1101	19,999.5	53.7249	19,999.5	42.1877	19,999.5	57.556	19,999.5	42.3993	19,999.5	55.9305	19,999.5	45.5898	19,999.5	47.4103	19,999.5	40.6113	19,999.5	34.8227	19,999.5	39.7736	19,999.5	32.6493	19,999.5	31.3415	19,999.5	40.3651	19,999.5	31.8541	19,999.5	37.2469	19,999.5	29.0984
