"SPL Vertical"																																																																							
"On-Axis"		"10°"		"-10°"		"20°"		"-20°"		"30°"		"-30°"		"40°"		"-40°"		"50°"		"-50°"		"60°"		"-60°"		"70°"		"-70°"		"80°"		"-80°"		"90°"		"-90°"		"100°"		"-100°"		"110°"		"-110°"		"120°"		"-120°"		"130°"		"-130°"		"140°"		"-140°"		"150°"		"-150°"		"160°"		"-160°"		"170°"		"-170°"		"180°"	
"Frequency / Hz"	"Sound Pressure Level / dB (re 20 µPa)   /[0.3V at 1m]"	"Frequency / Hz"	"Sound Pressure Level / dB (re 20 µPa)   /[0.3V at 1m]"	"Frequency / Hz"	"Sound Pressure Level / dB (re 20 µPa)   /[0.3V at 1m]"	"Frequency / Hz"	"Sound Pressure Level / dB (re 20 µPa)   /[0.3V at 1m]"	"Frequency / Hz"	"Sound Pressure Level / dB (re 20 µPa)   /[0.3V at 1m]"	"Frequency / Hz"	"Sound Pressure Level / dB (re 20 µPa)   /[0.3V at 1m]"	"Frequency / Hz"	"Sound Pressure Level / dB (re 20 µPa)   /[0.3V at 1m]"	"Frequency / Hz"	"Sound Pressure Level / dB (re 20 µPa)   /[0.3V at 1m]"	"Frequency / Hz"	"Sound Pressure Level / dB (re 20 µPa)   /[0.3V at 1m]"	"Frequency / Hz"	"Sound Pressure Level / dB (re 20 µPa)   /[0.3V at 1m]"	"Frequency / Hz"	"Sound Pressure Level / dB (re 20 µPa)   /[0.3V at 1m]"	"Frequency / Hz"	"Sound Pressure Level / dB (re 20 µPa)   /[0.3V at 1m]"	"Frequency / Hz"	"Sound Pressure Level / dB (re 20 µPa)   /[0.3V at 1m]"	"Frequency / Hz"	"Sound Pressure Level / dB (re 20 µPa)   /[0.3V at 1m]"	"Frequency / Hz"	"Sound Pressure Level / dB (re 20 µPa)   /[0.3V at 1m]"	"Frequency / Hz"	"Sound Pressure Level / dB (re 20 µPa)   /[0.3V at 1m]"	"Frequency / Hz"	"Sound Pressure Level / dB (re 20 µPa)   /[0.3V at 1m]"	"Frequency / Hz"	"Sound Pressure Level / dB (re 20 µPa)   /[0.3V at 1m]"	"Frequency / Hz"	"Sound Pressure Level / dB (re 20 µPa)   /[0.3V at 1m]"	"Frequency / Hz"	"Sound Pressure Level / dB (re 20 µPa)   /[0.3V at 1m]"	"Frequency / Hz"	"Sound Pressure Level / dB (re 20 µPa)   /[0.3V at 1m]"	"Frequency / Hz"	"Sound Pressure Level / dB (re 20 µPa)   /[0.3V at 1m]"	"Frequency / Hz"	"Sound Pressure Level / dB (re 20 µPa)   /[0.3V at 1m]"	"Frequency / Hz"	"Sound Pressure Level / dB (re 20 µPa)   /[0.3V at 1m]"	"Frequency / Hz"	"Sound Pressure Level / dB (re 20 µPa)   /[0.3V at 1m]"	"Frequency / Hz"	"Sound Pressure Level / dB (re 20 µPa)   /[0.3V at 1m]"	"Frequency / Hz"	"Sound Pressure Level / dB (re 20 µPa)   /[0.3V at 1m]"	"Frequency / Hz"	"Sound Pressure Level / dB (re 20 µPa)   /[0.3V at 1m]"	"Frequency / Hz"	"Sound Pressure Level / dB (re 20 µPa)   /[0.3V at 1m]"	"Frequency / Hz"	"Sound Pressure Level / dB (re 20 µPa)   /[0.3V at 1m]"	"Frequency / Hz"	"Sound Pressure Level / dB (re 20 µPa)   /[0.3V at 1m]"	"Frequency / Hz"	"Sound Pressure Level / dB (re 20 µPa)   /[0.3V at 1m]"	"Frequency / Hz"	"Sound Pressure Level / dB (re 20 µPa)   /[0.3V at 1m]"	"Frequency / Hz"	"Sound Pressure Level / dB (re 20 µPa)   /[0.3V at 1m]"	"Frequency / Hz"	"Sound Pressure Level / dB (re 20 µPa)   /[0.3V at 1m]"	"Frequency / Hz"	"Sound Pressure Level / dB (re 20 µPa)   /[0.3V at 1m]"
20.5078	53.2877	20.5078	53.306	20.5078	53.2679	20.5078	53.3241	20.5078	53.2467	20.5078	53.3447	20.5078	53.2262	20.5078	53.3715	20.5078	53.2101	20.5078	53.408	20.5078	53.2034	20.5078	53.4573	20.5078	53.2121	20.5078	53.5205	20.5078	53.2417	20.5078	53.5969	20.5078	53.2964	20.5078	53.6838	20.5078	53.3779	20.5078	53.777	20.5078	53.4844	20.5078	53.872	20.5078	53.6107	20.5078	53.9648	20.5078	53.7487	20.5078	54.0521	20.5078	53.8882	20.5078	54.1311	20.5078	54.0185	20.5078	54.1987	20.5078	54.1297	20.5078	54.251	20.5078	54.2144	20.5078	54.2833	20.5078	54.2682	20.5078	54.2905
21.2402	42.9917	21.2402	43.314	21.2402	42.7185	21.2402	43.6755	21.2402	42.5068	21.2402	44.0682	21.2402	42.3719	21.2402	44.4846	21.2402	42.3311	21.2402	44.9172	21.2402	42.4014	21.2402	45.3577	21.2402	42.5958	21.2402	45.7968	21.2402	42.9186	21.2402	46.2242	21.2402	43.3623	21.2402	46.6296	21.2402	43.9066	21.2402	47.0031	21.2402	44.5205	21.2402	47.3364	21.2402	45.1675	21.2402	47.6235	21.2402	45.81	21.2402	47.8605	21.2402	46.4137	21.2402	48.0449	21.2402	46.9511	21.2402	48.174	21.2402	47.4026	21.2402	48.2434	21.2402	47.7573	21.2402	48.2462	21.2402	48.0127	21.2402	48.1727
21.9727	45.7475	21.9727	45.7324	21.9727	45.7736	21.9727	45.7368	21.9727	45.8048	21.9727	45.7711	21.9727	45.8382	21.9727	45.8466	21.9727	45.8749	21.9727	45.974	21.9727	45.9208	21.9727	46.1619	21.9727	45.9866	21.9727	46.4136	21.9727	46.0877	21.9727	46.7255	21.9727	46.2408	21.9727	47.0865	21.9727	46.4601	21.9727	47.4789	21.9727	46.7515	21.9727	47.8811	21.9727	47.1085	21.9727	48.2708	21.9727	47.5123	21.9727	48.6267	21.9727	47.9347	21.9727	48.9305	21.9727	48.3444	21.9727	49.1665	21.9727	48.7121	21.9727	49.3222	21.9727	49.014	21.9727	49.3883	21.9727	49.233	21.9727	49.3591
22.7051	45.1311	22.7051	45.1404	22.7051	45.1103	22.7051	45.1495	22.7051	45.0711	22.7051	45.1722	22.7051	45.0111	22.7051	45.2241	22.7051	44.9328	22.7051	45.319	22.7051	44.8445	22.7051	45.4655	22.7051	44.7606	22.7051	45.6646	22.7051	44.7014	22.7051	45.9086	22.7051	44.6912	22.7051	46.1826	22.7051	44.7537	22.7051	46.4683	22.7051	44.9055	22.7051	46.747	22.7051	45.1496	22.7051	47.002	22.7051	45.472	22.7051	47.2195	22.7051	45.8455	22.7051	47.3878	22.7051	46.2359	22.7051	47.4971	22.7051	46.6095	22.7051	47.5389	22.7051	46.9388	22.7051	47.5064	22.7051	47.2045	22.7051	47.3952
23.4375	27.154	23.4375	24.3345	23.4375	28.9929	23.4375	22.2975	23.4375	29.973	23.4375	25.4292	23.4375	30.2285	23.4375	29.7804	23.4375	29.7677	23.4375	33.2522	23.4375	28.4616	23.4375	35.9849	23.4375	26.0389	23.4375	38.1977	23.4375	22.9436	23.4375	40.0265	23.4375	24.6711	23.4375	41.552	23.4375	29.7006	23.4375	42.8229	23.4375	33.7357	23.4375	43.8698	23.4375	36.7986	23.4375	44.7127	23.4375	39.1902	23.4375	45.3647	23.4375	41.0924	23.4375	45.8338	23.4375	42.612	23.4375	46.1241	23.4375	43.8151	23.4375	46.2353	23.4375	44.7453	23.4375	46.1634	23.4375	45.4328	23.4375	45.8999
24.1699	37.9039	24.1699	36.0048	24.1699	39.2339	24.1699	33.2106	24.1699	40.1448	24.1699	28.6512	24.1699	40.7106	24.1699	19.2046	24.1699	40.9642	24.1699	24.1916	24.1699	40.9118	24.1699	31.2001	24.1699	40.5366	24.1699	35.0887	24.1699	39.7981	24.1699	37.7077	24.1699	38.6277	24.1699	39.6258	24.1699	36.9268	24.1699	41.0835	24.1699	34.6287	24.1699	42.2009	24.1699	32.1878	24.1699	43.0431	24.1699	31.8631	24.1699	43.6459	24.1699	34.3732	24.1699	44.0269	24.1699	37.1952	24.1699	44.1908	24.1699	39.4512	24.1699	44.1315	24.1699	41.1479	24.1699	43.8324	24.1699	42.3911	24.1699	43.266
25.6348	43.2994	25.6348	42.5589	25.6348	43.8124	25.6348	41.5572	25.6348	44.1146	25.6348	40.2345	25.6348	44.2098	25.6348	38.4853	25.6348	44.0906	25.6348	36.113	25.6348	43.7371	25.6348	32.7148	25.6348	43.1141	25.6348	27.5074	25.6348	42.163	25.6348	24.1382	25.6348	40.7848	25.6348	29.8561	25.6348	38.799	25.6348	34.1772	25.6348	35.8235	25.6348	37.0331	25.6348	30.8068	25.6348	39.0435	25.6348	19.7904	25.6348	40.4931	25.6348	28.0696	25.6348	41.5162	25.6348	34.3417	25.6348	42.1755	25.6348	37.732	25.6348	42.4938	25.6348	39.8611	25.6348	42.4668	25.6348	41.2338	25.6348	42.0662
26.3672	47.6973	26.3672	47.1269	26.3672	48.1231	26.3672	46.4066	26.3672	48.4078	26.3672	45.531	26.3672	48.5526	26.3672	44.4996	26.3672	48.5556	26.3672	43.3279	26.3672	48.4123	26.3672	42.0712	26.3672	48.116	26.3672	40.869	26.3672	47.6579	26.3672	39.9789	26.3672	47.0287	26.3672	39.6869	26.3672	46.222	26.3672	40.0514	26.3672	45.2415	26.3672	40.8282	26.3672	44.1173	26.3672	41.7099	26.3672	42.9393	26.3672	42.4949	26.3672	41.8988	26.3672	43.0833	26.3672	41.2729	26.3672	43.4308	26.3672	41.2417	26.3672	43.5199	26.3672	41.6943	26.3672	43.349	26.3672	42.3407	26.3672	42.9368
27.0996	41.8911	27.0996	42.3258	27.0996	41.6936	27.0996	43.0132	27.0996	41.678	27.0996	43.9132	27.0996	41.7863	27.0996	44.9501	27.0996	41.9897	27.0996	46.0448	27.0996	42.3001	27.0996	47.1347	27.0996	42.7617	27.0996	48.1785	27.0996	43.422	27.0996	49.1511	27.0996	44.2961	27.0996	50.0382	27.0996	45.3475	27.0996	50.8312	27.0996	46.5021	27.0996	51.5238	27.0996	47.6786	27.0996	52.1102	27.0996	48.81	27.0996	52.5841	27.0996	49.8502	27.0996	52.9384	27.0996	50.7705	27.0996	53.166	27.0996	51.5543	27.0996	53.2598	27.0996	52.193	27.0996	53.2136	27.0996	52.6826	27.0996	53.0223
27.832	39.44	27.832	37.9922	27.832	40.4093	27.832	36.099	27.832	40.9441	27.832	34.3475	27.832	41.07	27.832	34.5483	27.832	40.7801	27.832	37.0089	27.832	40.0319	27.832	39.8742	27.832	38.7526	27.832	42.3739	27.832	36.9131	27.832	44.4507	27.832	35.022	27.832	46.1714	27.832	35.1941	27.832	47.5987	27.832	37.9902	27.832	48.776	27.832	41.1257	27.832	49.7298	27.832	43.7562	27.832	50.475	27.832	45.8643	27.832	51.0184	27.832	47.5416	27.832	51.3612	27.832	48.8642	27.832	51.5012	27.832	49.8847	27.832	51.4331	27.832	50.6385	27.832	51.1493
29.2969	45.948	29.2969	44.9406	29.2969	46.661	29.2969	43.5613	29.2969	47.1196	29.2969	41.6609	29.2969	47.3408	29.2969	38.9225	29.2969	47.3245	29.2969	34.5057	29.2969	47.0549	29.2969	24.7939	29.2969	46.498	29.2969	28.3315	29.2969	45.593	29.2969	36.226	29.2969	44.2327	29.2969	40.3319	29.2969	42.2133	29.2969	43.0297	29.2969	39.0793	29.2969	44.9551	29.2969	33.4336	29.2969	46.3611	29.2969	20.4185	29.2969	47.3679	29.2969	33.8856	29.2969	48.0359	29.2969	39.6414	29.2969	48.3935	29.2969	42.9372	29.2969	48.4481	29.2969	45.1106	29.2969	48.19	29.2969	46.5977	29.2969	47.5912
30.0293	43.5214	30.0293	42.0178	30.0293	44.5259	30.0293	39.7814	30.0293	45.1395	30.0293	36.2294	30.0293	45.4106	30.0293	29.1903	30.0293	45.3504	30.0293	21.5179	30.0293	44.9385	30.0293	34.3132	30.0293	44.118	30.0293	39.4725	30.0293	42.7732	30.0293	42.7178	30.0293	40.6737	30.0293	45.0493	30.0293	37.3243	30.0293	46.8206	30.0293	31.9142	30.0293	48.1931	30.0293	31.6427	30.0293	49.2493	30.0293	37.8425	30.0293	50.033	30.0293	41.9954	30.0293	50.5663	30.0293	44.8268	30.0293	50.8577	30.0293	46.8711	30.0293	50.9067	30.0293	48.3778	30.0293	50.7052	30.0293	49.4756	30.0293	50.237
31.4941	42.79	31.4941	42.623	31.4941	43.0742	31.4941	42.811	31.4941	43.2966	31.4941	43.5168	31.4941	43.362	31.4941	44.6883	31.4941	43.2435	31.4941	46.118	31.4941	42.9834	31.4941	47.6065	31.4941	42.7278	31.4941	49.0326	31.4941	42.7587	31.4941	50.3386	31.4941	43.3853	31.4941	51.502	31.4941	44.6568	31.4941	52.5159	31.4941	46.3064	31.4941	53.3793	31.4941	48.0274	31.4941	54.0928	31.4941	49.6382	31.4941	54.6559	31.4941	51.0625	31.4941	55.0672	31.4941	52.2778	31.4941	55.3234	31.4941	53.2831	31.4941	55.42	31.4941	54.0847	31.4941	55.3512	31.4941	54.6911	31.4941	55.1106
32.2266	45.998	32.2266	45.243	32.2266	46.5975	32.2266	44.4723	32.2266	46.9872	32.2266	43.971	32.2266	47.1496	32.2266	44.1053	32.2266	47.0831	32.2266	45.0054	32.2266	46.8	32.2266	46.4123	32.2266	46.3421	32.2266	47.9749	32.2266	45.8172	32.2266	49.4782	32.2266	45.4509	32.2266	50.8328	32.2266	45.5635	32.2266	52.0113	32.2266	46.3449	32.2266	53.0096	32.2266	47.6451	32.2266	53.8302	32.2266	49.1445	32.2266	54.4753	32.2266	50.6025	32.2266	54.9455	32.2266	51.9014	32.2266	55.2388	32.2266	52.9971	32.2266	55.3515	32.2266	53.879	32.2266	55.2782	32.2266	54.5489	32.2266	55.013
33.6914	49.8878	33.6914	49.59	33.6914	50.1909	33.6914	49.3989	33.6914	50.4298	33.6914	49.4305	33.6914	50.5641	33.6914	49.7671	33.6914	50.5767	33.6914	50.4095	33.6914	50.4712	33.6914	51.2779	33.6914	50.2766	33.6914	52.2618	33.6914	50.0585	33.6914	53.2656	33.6914	49.9277	33.6914	54.2238	33.6914	50.0261	33.6914	55.0965	33.6914	50.4629	33.6914	55.8598	33.6914	51.2383	33.6914	56.4985	33.6914	52.2413	33.6914	57.0018	33.6914	53.3263	33.6914	57.3607	33.6914	54.3762	33.6914	57.5673	33.6914	55.3187	33.6914	57.6143	33.6914	56.115	33.6914	57.496	33.6914	56.7471	33.6914	57.2077
34.4238	50.9928	34.4238	50.7364	34.4238	51.2377	34.4238	50.5496	34.4238	51.4156	34.4238	50.5292	34.4238	51.4939	34.4238	50.7568	34.4238	51.4595	34.4238	51.2583	34.4238	51.3177	34.4238	51.9893	34.4238	51.0984	34.4238	52.8623	34.4238	50.8657	34.4238	53.7874	34.4238	50.7265	34.4238	54.6947	34.4238	50.8142	34.4238	55.5373	34.4238	51.2295	34.4238	56.2853	34.4238	51.9706	34.4238	56.9194	34.4238	52.9324	34.4238	57.4256	34.4238	53.9761	34.4238	57.7929	34.4238	54.9885	34.4238	58.0122	34.4238	55.898	34.4238	58.0754	34.4238	56.6653	34.4238	57.9758	34.4238	57.2713	34.4238	57.7086
35.8887	54.928	35.8887	54.731	35.8887	55.1077	35.8887	54.5615	35.8887	55.2381	35.8887	54.4741	35.8887	55.2999	35.8887	54.5231	35.8887	55.2852	35.8887	54.7459	35.8887	55.1982	35.8887	55.1478	35.8887	55.058	35.8887	55.6994	35.8887	54.9028	35.8887	56.349	35.8887	54.7915	35.8887	57.0395	35.8887	54.7985	35.8887	57.7203	35.8887	54.9913	35.8887	58.3517	35.8887	55.3991	35.8887	58.904	35.8887	55.9944	35.8887	59.3552	35.8887	56.7063	35.8887	59.6892	35.8887	57.452	35.8887	59.8936	35.8887	58.1611	35.8887	59.9596	35.8887	58.7835	35.8887	59.8814	35.8887	59.288	35.8887	59.6568
37.3535	55.8761	37.3535	55.6188	37.3535	56.1063	37.3535	55.382	37.3535	56.2774	37.3535	55.2268	37.3535	56.3709	37.3535	55.2184	37.3535	56.38	37.3535	55.4057	37.3535	56.3105	37.3535	55.8007	37.3535	56.1832	37.3535	56.3723	37.3535	56.0382	37.3535	57.0609	37.3535	55.9373	37.3535	57.8002	37.3535	55.9574	37.3535	58.5327	37.3535	56.1668	37.3535	59.2147	37.3535	56.5925	37.3535	59.8149	37.3535	57.2027	37.3535	60.3112	37.3535	57.9228	37.3535	60.6874	37.3535	58.6682	37.3535	60.9317	37.3535	59.3686	37.3535	61.0353	37.3535	59.9751	37.3535	60.9919	37.3535	60.4574	37.3535	60.7989
38.8184	57.7673	38.8184	57.596	38.8184	57.9366	38.8184	57.4651	38.8184	58.0721	38.8184	57.4232	38.8184	58.1535	38.8184	57.515	38.8184	58.1719	38.8184	57.7673	38.8184	58.1301	38.8184	58.1786	38.8184	58.0446	38.8184	58.7191	38.8184	57.9484	38.8184	59.342	38.8184	57.8916	38.8184	59.9971	38.8184	57.9357	38.8184	60.6398	38.8184	58.1359	38.8184	61.2346	38.8184	58.5176	38.8184	61.7547	38.8184	59.0612	38.8184	62.1797	38.8184	59.7106	38.8184	62.4944	38.8184	60.3958	38.8184	62.6869	38.8184	61.0533	38.8184	62.7484	38.8184	61.6356	38.8184	62.6734	38.8184	62.1107	38.8184	62.4599
39.5508	59.0596	39.5508	58.9207	39.5508	59.1974	39.5508	58.8161	39.5508	59.3071	39.5508	58.7853	39.5508	59.3711	39.5508	58.8651	39.5508	59.3817	39.5508	59.0788	39.5508	59.3419	39.5508	59.4282	39.5508	59.2672	39.5508	59.8932	39.5508	59.1874	39.5508	60.4377	39.5508	59.1469	39.5508	61.0202	39.5508	59.1985	39.5508	61.6013	39.5508	59.3888	39.5508	62.1474	39.5508	59.7393	39.5508	62.6318	39.5508	60.2338	39.5508	63.0333	39.5508	60.8246	39.5508	63.3355	39.5508	61.4501	39.5508	63.5252	39.5508	62.0528	39.5508	63.5931	39.5508	62.5877	39.5508	63.5327	39.5508	63.0237	39.5508	63.3419
41.0156	60.9908	41.0156	60.8538	41.0156	61.121	41.0156	60.7372	41.0156	61.2235	41.0156	60.6726	41.0156	61.2847	41.0156	60.6908	41.0156	61.2987	41.0156	60.8154	41.0156	61.2677	41.0156	61.056	41.0156	61.204	41.0156	61.4048	41.0156	61.1306	41.0156	61.8385	41.0156	61.082	41.0156	62.3245	41.0156	61.1	41.0156	62.8275	41.0156	61.224	41.0156	63.3145	41.0156	61.4775	41.0156	63.7571	41.0156	61.8564	41.0156	64.1318	41.0156	62.3289	41.0156	64.4199	41.0156	62.8466	41.0156	64.607	41.0156	63.3585	41.0156	64.6825	41.0156	63.8208	41.0156	64.6401	41.0156	64.2011	41.0156	64.4781
42.4805	62.2849	42.4805	62.1374	42.4805	62.4241	42.4805	62.0086	42.4805	62.5346	42.4805	61.93	42.4805	62.603	42.4805	61.933	42.4805	62.6233	42.4805	62.0423	42.4805	62.5977	42.4805	62.2687	42.4805	62.5375	42.4805	62.6053	42.4805	62.4644	42.4805	63.0293	42.4805	62.4111	42.4805	63.5076	42.4805	62.4178	42.4805	64.0047	42.4805	62.5236	42.4805	64.4868	42.4805	62.7533	42.4805	64.9253	42.4805	63.1059	42.4805	65.2965	42.4805	63.5533	42.4805	65.5818	42.4805	64.0496	42.4805	65.7668	42.4805	64.5448	42.4805	65.8413	42.4805	64.9951	42.4805	65.7993	42.4805	65.3674	42.4805	65.6397
43.9453	63.6393	43.9453	63.5175	43.9453	63.756	43.9453	63.4149	43.9453	63.8489	43.9453	63.3589	43.9453	63.9055	43.9453	63.3764	43.9453	63.9199	43.9453	63.4881	43.9453	63.8938	43.9453	63.7029	43.9453	63.8375	43.9453	64.0152	43.9453	63.7707	43.9453	64.4056	43.9453	63.7233	43.9453	64.8457	43.9453	63.7316	43.9453	65.3041	43.9453	63.8315	43.9453	65.7501	43.9453	64.046	43.9453	66.1568	43.9453	64.3754	43.9453	66.5015	43.9453	64.7953	43.9453	66.7657	43.9453	65.2643	43.9453	66.9351	43.9453	65.7356	43.9453	66.9993	43.9453	66.1675	43.9453	66.9523	43.9453	66.5274	43.9453	66.7933
45.4102	64.7245	45.4102	64.6088	45.4102	64.8401	45.4102	64.5159	45.4102	64.9379	45.4102	64.472	45.4102	65.0061	45.4102	64.5025	45.4102	65.0396	45.4102	64.6265	45.4102	65.0405	45.4102	64.8522	45.4102	65.0189	45.4102	65.1734	45.4102	64.9937	45.4102	65.5708	45.4102	64.9916	45.4102	66.0169	45.4102	65.0443	45.4102	66.4806	45.4102	65.1809	45.4102	66.9319	45.4102	65.4186	45.4102	67.3445	45.4102	65.7549	45.4102	67.6959	45.4102	66.1668	45.4102	67.9683	45.4102	66.6171	45.4102	68.1476	45.4102	67.0643	45.4102	68.2241	45.4102	67.4707	45.4102	68.1921	45.4102	67.8066	45.4102	68.0512
47.6074	66.86	47.6074	66.7809	47.6074	66.9476	47.6074	66.7294	47.6074	67.0285	47.6074	66.7254	47.6074	67.0921	47.6074	66.7876	47.6074	67.1331	47.6074	66.9284	47.6074	67.1527	47.6074	67.1516	47.6074	67.1585	47.6074	67.4504	47.6074	67.165	47.6074	67.8089	47.6074	67.1927	47.6074	68.2048	47.6074	67.2657	47.6074	68.6131	47.6074	67.4057	47.6074	69.0092	47.6074	67.626	47.6074	69.3706	47.6074	67.9252	47.6074	69.6779	47.6074	68.2865	47.6074	69.9149	47.6074	68.6812	47.6074	70.0687	47.6074	69.0756	47.6074	70.1305	47.6074	69.4374	47.6074	70.0953	47.6074	69.7398	47.6074	69.9632
49.0723	68.2205	49.0723	68.15	49.0723	68.3001	49.0723	68.105	49.0723	68.3756	49.0723	68.1022	49.0723	68.4371	49.0723	68.1567	49.0723	68.4794	49.0723	68.2786	49.0723	68.5025	49.0723	68.4711	49.0723	68.5121	49.0723	68.7287	49.0723	68.5197	49.0723	69.0387	49.0723	68.5422	49.0723	69.3827	49.0723	68.5996	49.0723	69.7397	49.0723	68.7113	49.0723	70.0881	49.0723	68.8902	49.0723	70.4078	49.0723	69.1382	49.0723	70.6807	49.0723	69.4436	49.0723	70.8914	49.0723	69.7834	49.0723	71.0277	49.0723	70.1286	49.0723	71.081	49.0723	70.4499	49.0723	71.0466	49.0723	70.7218	49.0723	70.9248
50.5371	69.4402	50.5371	69.3835	50.5371	69.5028	50.5371	69.346	50.5371	69.5602	50.5371	69.3416	50.5371	69.6044	50.5371	69.383	50.5371	69.631	50.5371	69.4797	50.5371	69.6404	50.5371	69.6356	50.5371	69.6378	50.5371	69.8484	50.5371	69.6336	50.5371	70.1091	50.5371	69.6429	50.5371	70.4037	50.5371	69.6841	50.5371	70.7146	50.5371	69.7749	50.5371	71.0229	50.5371	69.9279	50.5371	71.3098	50.5371	70.1457	50.5371	71.5576	50.5371	70.4186	50.5371	71.7508	50.5371	70.7265	50.5371	71.8768	50.5371	71.0426	50.5371	71.9262	50.5371	71.3391	50.5371	71.8941	50.5371	71.5915	50.5371	71.7806
52.7344	70.9294	52.7344	70.8696	52.7344	70.9934	52.7344	70.8257	52.7344	71.0519	52.7344	70.8105	52.7344	71.0982	52.7344	70.8361	52.7344	71.1288	52.7344	70.9125	52.7344	71.1441	52.7344	71.0451	52.7344	71.149	52.7344	71.2335	52.7344	71.1527	52.7344	71.4713	52.7344	71.1684	52.7344	71.746	52.7344	71.2121	52.7344	72.0413	52.7344	71.2992	52.7344	72.3386	52.7344	71.4408	52.7344	72.6188	52.7344	71.6395	52.7344	72.8638	52.7344	71.8876	52.7344	73.0579	52.7344	72.1674	52.7344	73.188	52.7344	72.4552	52.7344	73.2449	52.7344	72.7254	52.7344	73.2238	52.7344	72.9548	52.7344	73.1251
54.1992	71.8623	54.1992	71.8065	54.1992	71.9254	54.1992	71.7693	54.1992	71.987	54.1992	71.7622	54.1992	72.0403	54.1992	71.7965	54.1992	72.0819	54.1992	71.8809	54.1992	72.112	54.1992	72.0198	54.1992	72.1344	54.1992	72.2122	54.1992	72.1569	54.1992	72.4512	54.1992	72.1909	54.1992	72.7248	54.1992	72.25	54.1992	73.0167	54.1992	72.3471	54.1992	73.3092	54.1992	72.4915	54.1992	73.5838	54.1992	72.6856	54.1992	73.8234	54.1992	72.9224	54.1992	74.0128	54.1992	73.1867	54.1992	74.1401	54.1992	73.4572	54.1992	74.1966	54.1992	73.711	54.1992	74.1784	54.1992	73.9264	54.1992	74.0863
56.3965	73.2945	56.3965	73.2534	56.3965	73.3443	56.3965	73.23	56.3965	73.3951	56.3965	73.2337	56.3965	73.4415	56.3965	73.2734	56.3965	73.4804	56.3965	73.3559	56.3965	73.5118	56.3965	73.4847	56.3965	73.5387	56.3965	73.6588	56.3965	73.5674	56.3965	73.8724	56.3965	73.607	56.3965	74.1154	56.3965	73.6683	56.3965	74.3743	56.3965	73.7617	56.3965	74.6337	56.3965	73.8947	56.3965	74.8773	56.3965	74.0693	56.3965	75.09	56.3965	74.2799	56.3965	75.2581	56.3965	74.5142	56.3965	75.3705	56.3965	74.7543	56.3965	75.4195	56.3965	74.9803	56.3965	75.4015	56.3965	75.1733	56.3965	75.3174
58.5938	74.4206	58.5938	74.3764	58.5938	74.4725	58.5938	74.3476	58.5938	74.5255	58.5938	74.3425	58.5938	74.575	58.5938	74.3687	58.5938	74.6182	58.5938	74.4326	58.5938	74.6547	58.5938	74.5378	58.5938	74.6869	58.5938	74.6844	58.5938	74.7196	58.5938	74.8681	58.5938	74.7601	58.5938	75.0808	58.5938	74.8172	58.5938	75.311	58.5938	74.8995	58.5938	75.5447	58.5938	75.0136	58.5938	75.7675	58.5938	75.1617	58.5938	75.9649	58.5938	75.3399	58.5938	76.124	58.5938	75.5382	58.5938	76.2342	58.5938	75.7418	58.5938	76.2879	58.5938	75.9335	58.5938	76.2815	58.5938	76.0963	58.5938	76.2157
60.0586	75.079	60.0586	75.0345	60.0586	75.1329	60.0586	75.0066	60.0586	75.1901	60.0586	75.0024	60.0586	75.2461	60.0586	75.029	60.0586	75.298	60.0586	75.0914	60.0586	75.3451	60.0586	75.1926	60.0586	75.3889	60.0586	75.3321	60.0586	75.4333	60.0586	75.5058	60.0586	75.484	60.0586	75.706	60.0586	75.5483	60.0586	75.9222	60.0586	75.633	60.0586	76.1419	60.0586	75.7434	60.0586	76.352	60.0586	75.8812	60.0586	76.5394	60.0586	76.0429	60.0586	76.6924	60.0586	76.2201	60.0586	76.8011	60.0586	76.4002	60.0586	76.8586	60.0586	76.568	60.0586	76.8612	60.0586	76.7088	60.0586	76.8096
62.2559	76.2229	62.2559	76.1875	62.2559	76.2677	62.2559	76.1668	62.2559	76.317	62.2559	76.1665	62.2559	76.3671	62.2559	76.1919	62.2559	76.4156	62.2559	76.2471	62.2559	76.4615	62.2559	76.3344	62.2559	76.506	62.2559	76.4537	62.2559	76.5514	62.2559	76.602	62.2559	76.6021	62.2559	76.7734	62.2559	76.6632	62.2559	76.9596	62.2559	76.74	62.2559	77.1503	62.2559	76.8368	62.2559	77.3341	62.2559	76.955	62.2559	77.4994	62.2559	77.0925	62.2559	77.6354	62.2559	77.2428	62.2559	77.7328	62.2559	77.3958	62.2559	77.7852	62.2559	77.539	62.2559	77.7893	62.2559	77.6595	62.2559	77.7458
64.4531	77.1757	64.4531	77.146	64.4531	77.2147	64.4531	77.1301	64.4531	77.2589	64.4531	77.1324	64.4531	77.3053	64.4531	77.1572	64.4531	77.3516	64.4531	77.2076	64.4531	77.3968	64.4531	77.2854	64.4531	77.4411	64.4531	77.3905	64.4531	77.4864	64.4531	77.5202	64.4531	77.5356	64.4531	77.6697	64.4531	77.5925	64.4531	77.8319	64.4531	77.6613	64.4531	77.9979	64.4531	77.7454	64.4531	78.1579	64.4531	77.8463	64.4531	78.3019	64.4531	77.9626	64.4531	78.4203	64.4531	78.0894	64.4531	78.5052	64.4531	78.2188	64.4531	78.5509	64.4531	78.3404	64.4531	78.5546	64.4531	78.4433	64.4531	78.5173
66.6504	77.8675	66.6504	77.8426	66.6504	77.9012	66.6504	77.8299	66.6504	77.9408	66.6504	77.8328	66.6504	77.9837	66.6504	77.8542	66.6504	78.0281	66.6504	77.8968	66.6504	78.073	66.6504	77.9621	66.6504	78.1183	66.6504	78.05	66.6504	78.1648	66.6504	78.1591	66.6504	78.2145	66.6504	78.2856	66.6504	78.27	66.6504	78.4242	66.6504	78.3341	66.6504	78.5677	66.6504	78.4094	66.6504	78.7079	66.6504	78.4969	66.6504	78.836	66.6504	78.5957	66.6504	78.9434	66.6504	78.7021	66.6504	79.0227	66.6504	78.8097	66.6504	79.0685	66.6504	78.9098	66.6504	79.0779	66.6504	78.9934	66.6504	79.0517
69.5801	78.7226	69.5801	78.6984	69.5801	78.7555	69.5801	78.6855	69.5801	78.795	69.5801	78.6861	69.5801	78.839	69.5801	78.7025	69.5801	78.8859	69.5801	78.7365	69.5801	78.9345	69.5801	78.7894	69.5801	78.9842	69.5801	78.8613	69.5801	79.0349	69.5801	78.951	69.5801	79.0873	69.5801	79.0561	69.5801	79.1426	69.5801	79.1724	69.5801	79.2023	69.5801	79.2944	69.5801	79.2679	69.5801	79.4152	69.5801	79.3401	69.5801	79.5276	69.5801	79.4184	69.5801	79.6242	69.5801	79.5003	69.5801	79.6987	69.5801	79.5811	69.5801	79.746	69.5801	79.6546	69.5801	79.7637	69.5801	79.7139	69.5801	79.752
71.7773	79.2797	71.7773	79.2589	71.7773	79.3091	71.7773	79.2485	71.7773	79.3455	71.7773	79.2499	71.7773	79.3874	71.7773	79.2648	71.7773	79.4335	71.7773	79.2943	71.7773	79.4823	71.7773	79.3394	71.7773	79.5331	71.7773	79.4001	71.7773	79.585	71.7773	79.4758	71.7773	79.6381	71.7773	79.5646	71.7773	79.6924	71.7773	79.6633	71.7773	79.7487	71.7773	79.7675	71.7773	79.8076	71.7773	79.8718	71.7773	79.8696	71.7773	79.97	71.7773	79.9342	71.7773	80.0559	71.7773	79.9997	71.7773	80.124	71.7773	80.0627	71.7773	80.1698	71.7773	80.1188	71.7773	80.191	71.7773	80.1622	71.7773	80.1877
73.9746	79.7217	73.9746	79.702	73.9746	79.75	73.9746	79.6921	73.9746	79.7858	73.9746	79.6928	73.9746	79.8279	73.9746	79.7053	73.9746	79.875	73.9746	79.7302	73.9746	79.9257	73.9746	79.768	73.9746	79.9786	73.9746	79.819	73.9746	80.0326	73.9746	79.8825	73.9746	80.0868	73.9746	79.9571	73.9746	80.1406	73.9746	80.0407	73.9746	80.1937	73.9746	80.1297	73.9746	80.2464	73.9746	80.2198	73.9746	80.2986	73.9746	80.3061	73.9746	80.3502	73.9746	80.3833	73.9746	80.4	73.9746	80.4466	73.9746	80.4458	73.9746	80.4924	73.9746	80.4845	73.9746	80.5184	73.9746	80.512	73.9746	80.5243
76.9043	80.232	76.9043	80.2163	76.9043	80.2564	76.9043	80.2096	76.9043	80.289	76.9043	80.212	76.9043	80.329	76.9043	80.2236	76.9043	80.3754	76.9043	80.2445	76.9043	80.4267	76.9043	80.2747	76.9043	80.4812	76.9043	80.314	76.9043	80.537	76.9043	80.3622	76.9043	80.5923	76.9043	80.4185	76.9043	80.6455	76.9043	80.4818	76.9043	80.6954	76.9043	80.5499	76.9043	80.7412	76.9043	80.6202	76.9043	80.7827	76.9043	80.6894	76.9043	80.8195	76.9043	80.7538	76.9043	80.8513	76.9043	80.8097	76.9043	80.8771	76.9043	80.854	76.9043	80.8955	76.9043	80.8847	76.9043	80.9043	76.9043	80.9012
79.834	80.6352	79.834	80.6214	79.834	80.6574	79.834	80.6159	79.834	80.6881	79.834	80.6181	79.834	80.7269	79.834	80.6277	79.834	80.7728	79.834	80.644	79.834	80.8243	79.834	80.667	79.834	80.8794	79.834	80.6963	79.834	80.9359	79.834	80.7319	79.834	80.9911	79.834	80.7735	79.834	81.0427	79.834	80.8206	79.834	81.0887	79.834	80.8721	79.834	81.1279	79.834	80.9265	79.834	81.1593	79.834	80.9817	79.834	81.1831	79.834	81.0352	79.834	81.1992	79.834	81.0844	79.834	81.2078	79.834	81.127	79.834	81.2089	79.834	81.1612	79.834	81.2019	79.834	81.1862
82.7637	80.9586	82.7637	80.9445	82.7637	80.9811	82.7637	80.938	82.7637	81.0124	82.7637	80.938	82.7637	81.0522	82.7637	80.9437	82.7637	81.0998	82.7637	80.9542	82.7637	81.1535	82.7637	80.9688	82.7637	81.211	82.7637	80.9874	82.7637	81.2694	82.7637	81.0098	82.7637	81.3256	82.7637	81.0364	82.7637	81.3765	82.7637	81.0673	82.7637	81.4193	82.7637	81.1026	82.7637	81.452	82.7637	81.1421	82.7637	81.4735	82.7637	81.1849	82.7637	81.4837	82.7637	81.2298	82.7637	81.4833	82.7637	81.2752	82.7637	81.4733	82.7637	81.3194	82.7637	81.455	82.7637	81.3607	82.7637	81.4295	82.7637	81.3978
85.6934	81.1728	85.6934	81.1612	85.6934	81.1928	85.6934	81.1566	85.6934	81.2219	85.6934	81.1575	85.6934	81.2603	85.6934	81.1625	85.6934	81.3072	85.6934	81.1704	85.6934	81.361	85.6934	81.1801	85.6934	81.4192	85.6934	81.1914	85.6934	81.4786	85.6934	81.2042	85.6934	81.5354	85.6934	81.2191	85.6934	81.5858	85.6934	81.2369	85.6934	81.6266	85.6934	81.2585	85.6934	81.6552	85.6934	81.2845	85.6934	81.67	85.6934	81.3155	85.6934	81.6709	85.6934	81.3512	85.6934	81.6589	85.6934	81.3911	85.6934	81.6357	85.6934	81.4341	85.6934	81.6037	85.6934	81.4786	85.6934	81.5653	85.6934	81.5229
88.623	81.3608	88.623	81.3486	88.623	81.3813	88.623	81.3433	88.623	81.4112	88.623	81.343	88.623	81.4507	88.623	81.3461	88.623	81.4989	88.623	81.3508	88.623	81.5543	88.623	81.3561	88.623	81.6139	88.623	81.3614	88.623	81.6742	88.623	81.3667	88.623	81.7312	88.623	81.3726	88.623	81.7806	88.623	81.3802	88.623	81.8186	88.623	81.3909	88.623	81.8422	88.623	81.4063	88.623	81.8497	88.623	81.4276	88.623	81.841	88.623	81.4558	88.623	81.8172	88.623	81.4912	88.623	81.7811	88.623	81.5334	88.623	81.7358	88.623	81.5811	88.623	81.6851	88.623	81.6325
91.5527	81.453	91.5527	81.4434	91.5527	81.4708	91.5527	81.44	91.5527	81.4979	91.5527	81.4406	91.5527	81.535	91.5527	81.4431	91.5527	81.5816	91.5527	81.4455	91.5527	81.6358	91.5527	81.4465	91.5527	81.6949	91.5527	81.4452	91.5527	81.755	91.5527	81.4416	91.5527	81.8116	91.5527	81.4366	91.5527	81.86	91.5527	81.4315	91.5527	81.8958	91.5527	81.4287	91.5527	81.9154	91.5527	81.4305	91.5527	81.9168	91.5527	81.4396	91.5527	81.8996	91.5527	81.4579	91.5527	81.8653	91.5527	81.4868	91.5527	81.8171	91.5527	81.5267	91.5527	81.7593	91.5527	81.5766	91.5527	81.6968	91.5527	81.6344
94.4824	81.5177	94.4824	81.5069	94.4824	81.5365	94.4824	81.5018	94.4824	81.5648	94.4824	81.5001	94.4824	81.6033	94.4824	81.4992	94.4824	81.6514	94.4824	81.4972	94.4824	81.7074	94.4824	81.4923	94.4824	81.7682	94.4824	81.4837	94.4824	81.8298	94.4824	81.4717	94.4824	81.8871	94.4824	81.4572	94.4824	81.9351	94.4824	81.4423	94.4824	81.9689	94.4824	81.4296	94.4824	81.9846	94.4824	81.4226	94.4824	81.9799	94.4824	81.4244	94.4824	81.9543	94.4824	81.4381	94.4824	81.9096	94.4824	81.4656	94.4824	81.8494	94.4824	81.5076	94.4824	81.7787	94.4824	81.5633	94.4824	81.7036	94.4824	81.63
98.1445	81.5243	98.1445	81.5113	98.1445	81.5445	98.1445	81.5033	98.1445	81.5737	98.1445	81.4975	98.1445	81.6126	98.1445	81.4912	98.1445	81.6609	98.1445	81.4821	98.1445	81.7168	98.1445	81.4686	98.1445	81.777	98.1445	81.4497	98.1445	81.8373	98.1445	81.4259	98.1445	81.8925	98.1445	81.3984	98.1445	81.9371	98.1445	81.3698	98.1445	81.9659	98.1445	81.3437	98.1445	81.9746	98.1445	81.3242	98.1445	81.9607	98.1445	81.3158	98.1445	81.9238	98.1445	81.3224	98.1445	81.8657	98.1445	81.3468	98.1445	81.7906	98.1445	81.3902	98.1445	81.7046	98.1445	81.4517	98.1445	81.6147	98.1445	81.5282
101.807	81.4277	101.807	81.4127	101.807	81.4497	101.807	81.4021	101.807	81.4804	101.807	81.3929	101.807	81.5207	101.807	81.3825	101.807	81.5704	101.807	81.3683	101.807	81.6275	101.807	81.3486	101.807	81.6888	101.807	81.3227	101.807	81.7499	101.807	81.2909	101.807	81.8053	101.807	81.2548	101.807	81.8492	101.807	81.2174	101.807	81.8759	101.807	81.1827	101.807	81.8808	101.807	81.1556	101.807	81.8611	101.807	81.1409	101.807	81.8163	101.807	81.1435	101.807	81.7483	101.807	81.1668	101.807	81.6618	101.807	81.2123	101.807	81.5636	101.807	81.2794	101.807	81.4617	101.807	81.3644
105.469	81.237	105.469	81.2221	105.469	81.2592	105.469	81.2119	105.469	81.2907	105.469	81.2033	105.469	81.3324	105.469	81.1931	105.469	81.384	105.469	81.1787	105.469	81.4434	105.469	81.1581	105.469	81.5072	105.469	81.1302	105.469	81.5708	105.469	81.0952	105.469	81.6282	105.469	81.0548	105.469	81.6733	105.469	81.0119	105.469	81.7001	105.469	80.9709	105.469	81.7037	105.469	80.9372	105.469	81.6808	105.469	80.9164	105.469	81.631	105.469	80.9141	105.469	81.5563	105.469	80.9345	105.469	81.4617	105.469	80.9798	105.469	81.3547	105.469	81.0494	105.469	81.2443	105.469	81.1397
109.131	80.9138	109.131	80.8939	109.131	80.9412	109.131	80.879	109.131	80.978	109.131	80.866	109.131	81.0248	109.131	80.8518	109.131	81.081	109.131	80.8336	109.131	81.1446	109.131	80.8092	109.131	81.2121	109.131	80.7776	109.131	81.2785	109.131	80.7387	109.131	81.3379	109.131	80.6941	109.131	81.3838	109.131	80.647	109.131	81.41	109.131	80.6021	109.131	81.4114	109.131	80.565	109.131	81.3845	109.131	80.5421	109.131	81.3287	109.131	80.5395	109.131	81.2461	109.131	80.5618	109.131	81.142	109.131	80.6117	109.131	81.0244	109.131	80.6884	109.131	80.9029	109.131	80.7878
112.793	80.5009	112.793	80.48	112.793	80.5288	112.793	80.4637	112.793	80.5655	112.793	80.4489	112.793	80.6119	112.793	80.4326	112.793	80.6674	112.793	80.4122	112.793	80.7304	112.793	80.3855	112.793	80.7972	112.793	80.3512	112.793	80.8632	112.793	80.3094	112.793	80.9224	112.793	80.2614	112.793	80.9683	112.793	80.2103	112.793	80.9944	112.793	80.1608	112.793	80.995	112.793	80.119	112.793	80.9666	112.793	80.0916	112.793	80.9081	112.793	80.0855	112.793	80.8214	112.793	80.106	112.793	80.712	112.793	80.156	112.793	80.5882	112.793	80.2352	112.793	80.4603	112.793	80.3392
116.455	80.0645	116.455	80.0396	116.455	80.0942	116.455	80.0167	116.455	80.1308	116.455	79.9928	116.455	80.1754	116.455	79.9649	116.455	80.228	116.455	79.9305	116.455	80.2868	116.455	79.8876	116.455	80.3488	116.455	79.8353	116.455	80.4092	116.455	79.7742	116.455	80.4619	116.455	79.7064	116.455	80.5002	116.455	79.6357	116.455	80.5171	116.455	79.5679	116.455	80.5068	116.455	79.51	116.455	80.4653	116.455	79.47	116.455	80.3914	116.455	79.4558	116.455	80.2875	116.455	79.4736	116.455	80.1593	116.455	79.5266	116.455	80.016	116.455	79.6143	116.455	79.8692	116.455	79.7315
120.85	79.52	120.85	79.4998	120.85	79.5444	120.85	79.4798	120.85	79.5757	120.85	79.456	120.85	79.6158	120.85	79.4242	120.85	79.6648	120.85	79.3809	120.85	79.7213	120.85	79.3237	120.85	79.7819	120.85	79.2516	120.85	79.8412	120.85	79.1656	120.85	79.8926	120.85	79.0689	120.85	79.9285	120.85	78.9671	120.85	79.9409	120.85	78.8681	120.85	79.9232	120.85	78.7818	120.85	79.8704	120.85	78.7189	120.85	79.7809	120.85	78.6894	120.85	79.6568	120.85	78.7013	120.85	79.5045	120.85	78.7585	120.85	79.3346	120.85	78.8594	120.85	79.1605	120.85	78.9973
125.244	78.8488	125.244	78.8238	125.244	78.8782	125.244	78.8001	125.244	78.9142	125.244	78.7743	125.244	78.9578	125.244	78.7429	125.244	79.009	125.244	78.7023	125.244	79.0663	125.244	78.6502	125.244	79.1267	125.244	78.5852	125.244	79.1854	125.244	78.5079	125.244	79.2363	125.244	78.4211	125.244	79.2724	125.244	78.3299	125.244	79.2863	125.244	78.2418	125.244	79.2715	125.244	78.1658	125.244	79.2232	125.244	78.1118	125.244	79.1397	125.244	78.0893	125.244	79.0228	125.244	78.1053	125.244	78.8787	125.244	78.1634	125.244	78.7173	125.244	78.2622	125.244	78.5513	125.244	78.3951
129.639	78.4367	129.639	78.4206	129.639	78.4565	129.639	78.4043	129.639	78.4826	129.639	78.384	129.639	78.5172	129.639	78.356	129.639	78.5608	129.639	78.317	129.639	78.6122	129.639	78.2647	129.639	78.6688	129.639	78.1986	129.639	78.7259	129.639	78.1196	129.639	78.7772	129.639	78.0309	129.639	78.8154	129.639	77.938	129.639	78.8328	129.639	77.8484	129.639	78.8224	129.639	77.7709	129.639	78.7792	129.639	77.7153	129.639	78.701	129.639	77.6907	129.639	78.5895	129.639	77.7041	129.639	78.4508	129.639	77.7588	129.639	78.2945	129.639	77.8536	129.639	78.1336	129.639	77.9821
134.033	78.3517	134.033	78.3386	134.033	78.37	134.033	78.327	134.033	78.3965	134.033	78.3125	134.033	78.4325	134.033	78.2905	134.033	78.4784	134.033	78.2567	134.033	78.5326	134.033	78.2081	134.033	78.5919	134.033	78.143	134.033	78.6516	134.033	78.0617	134.033	78.7051	134.033	77.9673	134.033	78.745	134.033	77.8655	134.033	78.7633	134.033	77.7643	134.033	78.7528	134.033	77.6744	134.033	78.708	134.033	77.607	134.033	78.6265	134.033	77.5731	134.033	78.5099	134.033	77.5811	134.033	78.3641	134.033	77.635	134.033	78.1992	134.033	77.7333	134.033	78.0289	134.033	77.8686
138.428	78.5313	138.428	78.5093	138.428	78.559	138.428	78.4897	138.428	78.5944	138.428	78.469	138.428	78.6387	138.428	78.4427	138.428	78.6917	138.428	78.4069	138.428	78.7519	138.428	78.358	138.428	78.8163	138.428	78.2941	138.428	78.8804	138.428	78.2149	138.428	78.9378	138.428	78.1232	138.428	78.9811	138.428	78.0243	138.428	79.0024	138.428	77.9269	138.428	78.9943	138.428	77.8416	138.428	78.9512	138.428	77.7803	138.428	78.8702	138.428	77.7542	138.428	78.7528	138.428	77.7715	138.428	78.6044	138.428	77.8358	138.428	78.4352	138.428	77.9446	138.428	78.2584	138.428	78.0898
143.555	78.969	143.555	78.9336	143.555	79.0065	143.555	78.8979	143.555	79.0481	143.555	78.859	143.555	79.0947	143.555	78.8136	143.555	79.1466	143.555	78.7587	143.555	79.2029	143.555	78.6921	143.555	79.2615	143.555	78.6129	143.555	79.3187	143.555	78.5224	143.555	79.3691	143.555	78.4239	143.555	79.4059	143.555	78.3237	143.555	79.4214	143.555	78.2301	143.555	79.4081	143.555	78.1534	143.555	79.3603	143.555	78.1039	143.555	79.275	143.555	78.0911	143.555	79.1532	143.555	78.1217	143.555	79.0004	143.555	78.1978	143.555	78.8263	143.555	78.3164	143.555	78.6443	143.555	78.4694
148.682	79.2611	148.682	79.2282	148.682	79.2929	148.682	79.1918	148.682	79.3251	148.682	79.1494	148.682	79.3591	148.682	79.0984	148.682	79.3955	148.682	79.0359	148.682	79.4339	148.682	78.96	148.682	79.4731	148.682	78.8698	148.682	79.51	148.682	78.766	148.682	79.5399	148.682	78.6518	148.682	79.5567	148.682	78.5331	148.682	79.553	148.682	78.4181	148.682	79.5218	148.682	78.3176	148.682	79.4575	148.682	78.243	148.682	79.3573	148.682	78.2054	148.682	79.2226	148.682	78.2132	148.682	79.0594	148.682	78.2705	148.682	78.8783	148.682	78.3755	148.682	78.6933	148.682	78.5206
153.809	79.3604	153.809	79.329	153.809	79.3898	153.809	79.2928	153.809	79.4195	153.809	79.2488	153.809	79.4513	153.809	79.1938	153.809	79.4861	153.809	79.125	153.809	79.5238	153.809	79.0405	153.809	79.5628	153.809	78.9396	153.809	79.5999	153.809	78.8238	153.809	79.6301	153.809	78.6968	153.809	79.6466	153.809	78.5653	153.809	79.6417	153.809	78.4385	153.809	79.6078	153.809	78.328	153.809	79.5388	153.809	78.2461	153.809	79.432	153.809	78.2046	153.809	79.2885	153.809	78.2122	153.809	79.1147	153.809	78.2731	153.809	78.9217	153.809	78.3851	153.809	78.7245	153.809	78.5401
159.668	79.3314	159.668	79.2993	159.668	79.3611	159.668	79.2621	159.668	79.3906	159.668	79.2169	159.668	79.4219	159.668	79.1612	159.668	79.4564	159.668	79.0922	159.668	79.4946	159.668	79.0084	159.668	79.5356	159.668	78.9092	159.668	79.5766	159.668	78.796	159.668	79.6127	159.668	78.6729	159.668	79.6369	159.668	78.5463	159.668	79.641	159.668	78.4257	159.668	79.6166	159.668	78.3224	159.668	79.557	159.668	78.2489	159.668	79.4584	159.668	78.2163	159.668	79.3218	159.668	78.2328	159.668	79.1529	159.668	78.3018	159.668	78.9627	159.668	78.4204	159.668	78.766	159.668	78.5797
164.795	79.466	164.795	79.4304	164.795	79.4965	164.795	79.3871	164.795	79.5241	164.795	79.3334	164.795	79.5509	164.795	79.2667	164.795	79.5782	164.795	79.1847	164.795	79.6068	164.795	79.0861	164.795	79.6362	164.795	78.9711	164.795	79.6642	164.795	78.8417	164.795	79.6866	164.795	78.7025	164.795	79.6969	164.795	78.5607	164.795	79.6874	164.795	78.4264	164.795	79.65	164.795	78.3113	164.795	79.578	164.795	78.228	164.795	79.4678	164.795	78.1879	164.795	79.3201	164.795	78.1995	164.795	79.1412	164.795	78.2661	164.795	78.9422	164.795	78.3848	164.795	78.7383	164.795	78.5469
170.654	79.7734	170.654	79.7279	170.654	79.8115	170.654	79.6728	170.654	79.8441	170.654	79.6059	170.654	79.8729	170.654	79.5251	170.654	79.8992	170.654	79.4285	170.654	79.9237	170.654	79.3151	170.654	79.9459	170.654	79.1851	170.654	79.9635	170.654	79.0405	170.654	79.9724	170.654	78.8857	170.654	79.9661	170.654	78.7278	170.654	79.9369	170.654	78.5765	170.654	79.8768	170.654	78.4437	170.654	79.7795	170.654	78.3425	170.654	79.6424	170.654	78.2854	170.654	79.4675	170.654	78.2824	170.654	79.2626	170.654	78.3386	170.654	79.0409	170.654	78.453	170.654	78.8198	170.654	78.618
176.514	79.794	176.514	79.7582	176.514	79.8248	176.514	79.7146	176.514	79.8528	176.514	79.66	176.514	79.8801	176.514	79.5914	176.514	79.9082	176.514	79.5062	176.514	79.9377	176.514	79.4026	176.514	79.9678	176.514	79.2804	176.514	79.9961	176.514	79.1416	176.514	80.0181	176.514	78.991	176.514	80.0269	176.514	78.8363	176.514	80.0141	176.514	78.6884	176.514	79.9714	176.514	78.5602	176.514	79.8919	176.514	78.4657	176.514	79.772	176.514	78.4177	176.514	79.6128	176.514	78.4256	176.514	79.421	176.514	78.4931	176.514	79.2086	176.514	78.6173	176.514	78.9916	176.514	78.7885
183.105	79.7657	183.105	79.7261	183.105	79.7983	183.105	79.6772	183.105	79.8261	183.105	79.6167	183.105	79.8508	183.105	79.5421	183.105	79.8741	183.105	79.4517	183.105	79.8971	183.105	79.3445	183.105	79.92	183.105	79.2213	183.105	79.9411	183.105	79.0844	183.105	79.9564	183.105	78.9386	183.105	79.9594	183.105	78.7911	183.105	79.9417	183.105	78.6516	183.105	79.8944	183.105	78.5314	183.105	79.8105	183.105	78.4425	183.105	79.6867	183.105	78.3959	183.105	79.5252	183.105	78.3998	183.105	79.3338	183.105	78.4583	183.105	79.1256	183.105	78.5696	183.105	78.9175	183.105	78.7268
189.697	80.012	189.697	79.9767	189.697	80.0387	189.697	79.93	189.697	80.0592	189.697	79.8684	189.697	80.0754	189.697	79.7884	189.697	80.0889	189.697	79.6873	189.697	80.1011	189.697	79.5637	189.697	80.1126	189.697	79.4183	189.697	80.1228	189.697	79.2546	189.697	80.1288	189.697	79.0791	189.697	80.1251	189.697	78.9016	189.697	80.104	189.697	78.7343	189.697	80.0563	189.697	78.5917	189.697	79.9738	189.697	78.4883	189.697	79.8514	189.697	78.4368	189.697	79.6886	189.697	78.4459	189.697	79.4911	189.697	78.5185	189.697	79.2709	189.697	78.6506	189.697	79.0445	189.697	78.8313
196.289	79.8962	196.289	79.8548	196.289	79.9321	196.289	79.8058	196.289	79.9635	196.289	79.7459	196.289	79.9909	196.289	79.671	196.289	80.0148	196.289	79.577	196.289	80.0356	196.289	79.4608	196.289	80.0537	196.289	79.3218	196.289	80.0679	196.289	79.1629	196.289	80.0752	196.289	78.9905	196.289	80.0703	196.289	78.8148	196.289	80.0453	196.289	78.649	196.289	79.992	196.289	78.5081	196.289	79.9031	196.289	78.4068	196.289	79.7744	196.289	78.3575	196.289	79.6068	196.289	78.3682	196.289	79.4066	196.289	78.4412	196.289	79.186	196.289	78.5721	196.289	78.9612	196.289	78.7505
202.881	80.0048	202.881	79.9522	202.881	80.0465	202.881	79.8875	202.881	80.078	202.881	79.8093	202.881	80.0999	202.881	79.715	202.881	80.1137	202.881	79.6023	202.881	80.1212	202.881	79.4691	202.881	80.1242	202.881	79.3153	202.881	80.1233	202.881	79.1432	202.881	80.1169	202.881	78.9588	202.881	80.1001	202.881	78.772	202.881	80.0656	202.881	78.5961	202.881	80.0045	202.881	78.4468	202.881	79.9088	202.881	78.34	202.881	79.7735	202.881	78.2891	202.881	79.5991	202.881	78.3024	202.881	79.3917	202.881	78.3816	202.881	79.163	202.881	78.5212	202.881	78.9294	202.881	78.7092
210.205	80.0004	210.205	79.9453	210.205	80.0453	210.205	79.8798	210.205	80.0798	210.205	79.8031	210.205	80.1042	210.205	79.713	210.205	80.1197	210.205	79.607	210.205	80.1282	210.205	79.4824	210.205	80.1315	210.205	79.3383	210.205	80.1306	210.205	79.176	210.205	80.1237	210.205	79.0007	210.205	80.1063	210.205	78.8215	210.205	80.0709	210.205	78.6512	210.205	80.009	210.205	78.5054	210.205	79.9127	210.205	78.3996	210.205	79.7777	210.205	78.3472	210.205	79.6048	210.205	78.3566	210.205	79.4008	210.205	78.4296	210.205	79.1777	210.205	78.5611	210.205	78.9515	210.205	78.7401
217.529	79.9367	217.529	79.8746	217.529	79.9825	217.529	79.7953	217.529	80.013	217.529	79.6983	217.529	80.03	217.529	79.5829	217.529	80.036	217.529	79.4493	217.529	80.0344	217.529	79.2987	217.529	80.0284	217.529	79.1337	217.529	80.0201	217.529	78.9592	217.529	80.0087	217.529	78.782	217.529	79.9897	217.529	78.6114	217.529	79.955	217.529	78.4585	217.529	79.895	217.529	78.3354	217.529	79.8006	217.529	78.2535	217.529	79.6667	217.529	78.2222	217.529	79.4941	217.529	78.2467	217.529	79.2904	217.529	78.3277	217.529	79.0686	217.529	78.4609	217.529	78.8452	217.529	78.6375
225.586	79.8606	225.586	79.7956	225.586	79.9062	225.586	79.7106	225.586	79.9338	225.586	79.6046	225.586	79.945	225.586	79.4772	225.586	79.9426	225.586	79.3286	225.586	79.9302	225.586	79.1602	225.586	79.9116	225.586	78.9753	225.586	79.8893	225.586	78.7797	225.586	79.8629	225.586	78.5815	225.586	79.8282	225.586	78.3914	225.586	79.7772	225.586	78.2217	225.586	79.7002	225.586	78.0853	225.586	79.5883	225.586	77.9941	225.586	79.4372	225.586	77.9569	225.586	79.2487	225.586	77.9778	225.586	79.0319	225.586	78.0564	225.586	78.8009	225.586	78.1877	225.586	78.5726	225.586	78.3635
232.91	80.0115	232.91	79.9396	232.91	80.0655	232.91	79.8484	232.91	80.1017	232.91	79.7357	232.91	80.1206	232.91	79.5991	232.91	80.1232	232.91	79.4371	232.91	80.1122	232.91	79.2502	232.91	80.0914	232.91	79.0425	232.91	80.0642	232.91	78.8211	232.91	80.032	232.91	78.5965	232.91	79.9916	232.91	78.3815	232.91	79.9354	232.91	78.1903	232.91	79.8523	232.91	78.0369	232.91	79.7313	232.91	77.9337	232.91	79.5652	232.91	77.8896	232.91	79.3544	232.91	77.9094	232.91	79.1077	232.91	77.9937	232.91	78.8419	232.91	78.1392	232.91	78.5783	232.91	78.3382
241.699	79.8583	241.699	79.7789	241.699	79.9192	241.699	79.6801	241.699	79.961	241.699	79.5594	241.699	79.9838	241.699	79.413	241.699	79.9894	241.699	79.2374	241.699	79.9813	241.699	79.0318	241.699	79.9644	241.699	78.8005	241.699	79.9429	241.699	78.5526	241.699	79.918	241.699	78.3017	241.699	79.887	241.699	78.0639	241.699	79.842	241.699	77.8553	241.699	79.7713	241.699	77.6905	241.699	79.6613	241.699	77.5817	241.699	79.5005	241.699	77.5381	241.699	79.2833	241.699	77.5663	241.699	79.0139	241.699	77.6705	241.699	78.7082	241.699	77.8502	241.699	78.3923	241.699	78.097
249.756	80.0059	249.756	79.9462	249.756	80.0384	249.756	79.8576	249.756	80.0451	249.756	79.7385	249.756	80.0287	249.756	79.5864	249.756	79.9938	249.756	79.3999	249.756	79.9467	249.756	79.1795	249.756	79.8944	249.756	78.9296	249.756	79.8429	249.756	78.6599	249.756	79.7947	249.756	78.3853	249.756	79.7471	249.756	78.1249	249.756	79.6926	249.756	77.8997	249.756	79.6209	249.756	77.7295	249.756	79.5218	249.756	77.63	249.756	79.3875	249.756	77.6104	249.756	79.2146	249.756	77.6722	249.756	79.0045	249.756	77.8089	249.756	78.7641	249.756	78.0066	249.756	78.5055	249.756	78.2461
258.545	80.0082	258.545	79.9555	258.545	80.0423	258.545	79.8827	258.545	80.0566	258.545	79.7841	258.545	80.0491	258.545	79.6514	258.545	80.0197	258.545	79.4757	258.545	79.9718	258.545	79.2516	258.545	79.9122	258.545	78.9799	258.545	79.8484	258.545	78.6699	258.545	79.7862	258.545	78.3396	258.545	79.7263	258.545	78.0146	258.545	79.6631	258.545	77.7241	258.545	79.5858	258.545	77.4965	258.545	79.4817	258.545	77.354	258.545	79.3388	258.545	77.3098	258.545	79.1495	258.545	77.3662	258.545	78.9124	258.545	77.516	258.545	78.6341	258.545	77.743	258.545	78.33	258.545	78.0236
268.066	79.9427	268.066	79.8506	268.066	80.0095	268.066	79.739	268.066	80.0452	268.066	79.6115	268.066	80.0476	268.066	79.4667	268.066	80.0187	268.066	79.2989	268.066	79.965	268.066	79.101	268.066	79.8958	268.066	78.8687	268.066	79.8204	268.066	78.6044	268.066	79.7448	268.066	78.3192	268.066	79.6686	268.066	78.0331	268.066	79.5853	268.066	77.7727	268.066	79.4843	268.066	77.5668	268.066	79.3562	268.066	77.4407	268.066	79.1966	268.066	77.4097	268.066	79.0073	268.066	77.475	268.066	78.7939	268.066	77.6232	268.066	78.5624	268.066	77.8304	268.066	78.3184	268.066	78.0696
277.588	80.072	277.588	79.9961	277.588	80.12	277.588	79.8951	277.588	80.1372	277.588	79.7694	277.588	80.1223	277.588	79.6165	277.588	80.0776	277.588	79.432	277.588	80.01	277.588	79.212	277.588	79.9302	277.588	78.9564	277.588	79.8497	277.588	78.6716	277.588	79.7768	277.588	78.3718	277.588	79.7122	277.588	78.0787	277.588	79.6471	277.588	77.8179	277.588	79.5657	277.588	77.6153	277.588	79.4506	277.588	77.4911	277.588	79.2899	277.588	77.4551	277.588	79.0818	277.588	77.5057	277.588	78.8357	277.588	77.6313	277.588	78.5683	277.588	77.8157	277.588	78.2984	277.588	78.0429
287.109	79.8994	287.109	79.7725	287.109	79.9896	287.109	79.6193	287.109	80.0367	287.109	79.4509	287.109	80.0401	287.109	79.2753	287.109	80.005	287.109	79.094	287.109	79.9421	287.109	78.9022	287.109	79.8654	287.109	78.6921	287.109	79.7889	287.109	78.4587	287.109	79.7222	287.109	78.2057	287.109	79.6666	287.109	77.9477	287.109	79.6131	287.109	77.7092	287.109	79.5445	287.109	77.519	287.109	79.4414	287.109	77.4022	287.109	79.2892	287.109	77.3735	287.109	79.084	287.109	77.4331	287.109	78.8341	287.109	77.5697	287.109	78.5575	287.109	77.7664	287.109	78.2753	287.109	78.0065
297.363	79.8377	297.363	79.7862	297.363	79.8538	297.363	79.6969	297.363	79.8345	297.363	79.5647	297.363	79.7791	297.363	79.3839	297.363	79.6894	297.363	79.1506	297.363	79.5724	297.363	78.8659	297.363	79.4415	297.363	78.5379	297.363	79.3146	297.363	78.1828	297.363	79.2095	297.363	77.8246	297.363	79.1374	297.363	77.4934	297.363	79.0967	297.363	77.2211	297.363	79.0719	297.363	77.0365	297.363	79.0383	297.363	76.9585	297.363	78.9697	297.363	76.9909	297.363	78.8473	297.363	77.1219	297.363	78.6647	297.363	77.3288	297.363	78.4289	297.363	77.5857	297.363	78.1567	297.363	77.8687
307.617	79.7597	307.617	79.6501	307.617	79.8353	307.617	79.5187	307.617	79.8646	307.617	79.3714	307.617	79.8394	307.617	79.2058	307.617	79.7594	307.617	79.0123	307.617	79.6318	307.617	78.7799	307.617	79.4703	307.617	78.5028	307.617	79.2925	307.617	78.185	307.617	79.1168	307.617	77.8432	307.617	78.9587	307.617	77.5044	307.617	78.826	307.617	77.2014	307.617	78.7154	307.617	76.9645	307.617	78.6113	307.617	76.8138	307.617	78.4898	307.617	76.7552	307.617	78.3269	307.617	76.7825	307.617	78.1095	307.617	76.885	307.617	77.8441	307.617	77.0547	307.617	77.5571	307.617	77.284
318.604	79.6228	318.604	79.5424	318.604	79.6657	318.604	79.4241	318.604	79.6756	318.604	79.2715	318.604	79.6597	318.604	79.0909	318.604	79.6256	318.604	78.8886	318.604	79.5801	318.604	78.6686	318.604	79.5268	318.604	78.4323	318.604	79.4651	318.604	78.1802	318.604	79.3893	318.604	77.9143	318.604	79.2901	318.604	77.6429	318.604	79.159	318.604	77.3824	318.604	78.9935	318.604	77.1577	318.604	78.8017	318.604	76.9978	318.604	78.6007	318.604	76.9288	318.604	78.4069	318.604	76.9662	318.604	78.2228	318.604	77.1066	318.604	78.0337	318.604	77.324	318.604	77.8194	318.604	77.5755
329.59	79.9308	329.59	79.8403	329.59	79.9815	329.59	79.7181	329.59	79.9834	329.59	79.5674	329.59	79.9317	329.59	79.3844	329.59	79.8298	329.59	79.1604	329.59	79.6907	329.59	78.8871	329.59	79.5352	329.59	78.5624	329.59	79.3871	329.59	78.1949	329.59	79.2639	329.59	77.8039	329.59	79.17	329.59	77.417	329.59	79.0931	329.59	77.0663	329.59	79.0088	329.59	76.7843	329.59	78.8904	329.59	76.6001	329.59	78.7192	329.59	76.5332	329.59	78.4909	329.59	76.5878	329.59	78.2152	329.59	76.7498	329.59	77.91	329.59	76.9912	329.59	77.5932	329.59	77.2809
341.309	79.6032	341.309	79.5232	341.309	79.6544	341.309	79.4206	341.309	79.6704	341.309	79.2986	341.309	79.648	341.309	79.1555	341.309	79.5909	341.309	78.9853	341.309	79.5093	341.309	78.7816	341.309	79.4189	341.309	78.5407	341.309	79.3357	341.309	78.2655	341.309	79.2701	341.309	77.9681	341.309	79.2212	341.309	77.67	341.309	79.1764	341.309	77.3994	341.309	79.1156	341.309	77.1874	341.309	79.0188	341.309	77.0605	341.309	78.8739	341.309	77.0334	341.309	78.6814	341.309	77.1044	341.309	78.4528	341.309	77.2559	341.309	78.2041	341.309	77.4621	341.309	77.9495	341.309	77.6988
353.76	79.3212	353.76	79.2121	353.76	79.3837	353.76	79.0694	353.76	79.3902	353.76	78.9047	353.76	79.3406	353.76	78.7239	353.76	79.2474	353.76	78.5277	353.76	79.1352	353.76	78.3138	353.76	79.0347	353.76	78.0813	353.76	78.9726	353.76	77.8327	353.76	78.9591	353.76	77.575	353.76	78.9816	353.76	77.3193	353.76	79.0085	353.76	77.0817	353.76	79.0012	353.76	76.8835	353.76	78.9272	353.76	76.7501	353.76	78.77	353.76	76.7037	353.76	78.5341	353.76	76.7535	353.76	78.2433	353.76	76.891	353.76	77.9309	353.76	77.0949	353.76	77.6258	353.76	77.3442
366.211	79.0369	366.211	78.9323	366.211	79.083	366.211	78.8046	366.211	79.0379	366.211	78.6743	366.211	78.8856	366.211	78.5394	366.211	78.6361	366.211	78.3825	366.211	78.3306	366.211	78.19	366.211	78.0403	366.211	77.9683	366.211	77.8512	366.211	77.7462	366.211	77.8286	366.211	77.5608	366.211	77.9777	366.211	77.4356	366.211	78.2393	366.211	77.3693	366.211	78.5232	366.211	77.3423	366.211	78.7475	366.211	77.3351	366.211	78.8587	366.211	77.3427	366.211	78.8337	366.211	77.3773	366.211	78.6791	366.211	77.4613	366.211	78.4273	366.211	77.6153	366.211	78.1301	366.211	77.8448
378.662	79.9583	378.662	79.7061	378.662	80.0874	378.662	79.3723	378.662	80.0691	378.662	79.0073	378.662	79.897	378.662	78.6509	378.662	79.5795	378.662	78.3155	378.662	79.1399	378.662	77.9868	378.662	78.6228	378.662	77.6469	378.662	78.1046	378.662	77.3018	378.662	77.6943	378.662	76.9961	378.662	77.5032	378.662	76.799	378.662	77.5828	378.662	76.7677	378.662	77.8873	378.662	76.9127	378.662	78.3065	378.662	77.1984	378.662	78.7281	378.662	77.5705	378.662	79.0702	378.662	77.9795	378.662	79.2848	378.662	78.3867	378.662	79.3514	378.662	78.7592	378.662	79.2719	378.662	79.0649
392.578	80.4842	392.578	80.2695	392.578	80.6059	392.578	79.9756	392.578	80.6253	392.578	79.6225	392.578	80.5347	392.578	79.2312	392.578	80.3278	392.578	78.8151	392.578	80.004	392.578	78.3768	392.578	79.5768	392.578	77.9158	392.578	79.0829	392.578	77.444	392.578	78.5859	392.578	76.9975	392.578	78.1677	392.578	76.6352	392.578	77.8983	392.578	76.421	392.578	77.7997	392.578	76.3934	392.578	77.8361	392.578	76.5461	392.578	77.9426	392.578	76.832	392.578	78.061	392.578	77.1847	392.578	78.1536	392.578	77.5383	392.578	78.1966	392.578	77.8391	392.578	78.1693	392.578	78.0531
405.762	80.4001	405.762	80.1624	405.762	80.537	405.762	79.8404	405.762	80.5616	405.762	79.4555	405.762	80.4672	405.762	79.03	405.762	80.2528	405.762	78.5797	405.762	79.9243	405.762	78.108	405.762	79.4981	405.762	77.611	405.762	79.0058	405.762	77.0935	405.762	78.4993	405.762	76.5853	405.762	78.0497	405.762	76.1474	405.762	77.7295	405.762	75.8578	405.762	77.5809	405.762	75.778	405.762	77.5931	405.762	75.9211	405.762	77.7114	405.762	76.2457	405.762	77.8663	405.762	76.6759	405.762	77.9957	405.762	77.1277	405.762	78.0522	405.762	77.5283	405.762	78.0024	405.762	77.8278
420.41	80.4997	420.41	80.3078	420.41	80.611	420.41	80.049	420.41	80.6299	420.41	79.7381	420.41	80.5478	420.41	79.3874	420.41	80.3594	420.41	79.0018	420.41	80.0643	420.41	78.5773	420.41	79.6703	420.41	78.1077	420.41	79.1994	420.41	77.6013	420.41	78.6942	420.41	77.0959	420.41	78.219	420.41	76.6608	420.41	77.8467	420.41	76.3752	420.41	77.6316	420.41	76.2897	420.41	77.5819	420.41	76.3968	420.41	77.6561	420.41	76.6383	420.41	77.7814	420.41	76.9381	420.41	77.8835	420.41	77.2351	420.41	77.9113	420.41	77.4952	420.41	77.8481	420.41	77.7037
435.059	80.7135	435.059	80.5489	435.059	80.7736	435.059	80.283	435.059	80.734	435.059	79.9309	435.059	80.6023	435.059	79.5196	435.059	80.3854	435.059	79.0788	435.059	80.0902	435.059	78.6286	435.059	79.7273	435.059	78.1728	435.059	79.3151	435.059	77.7075	435.059	78.8843	435.059	77.242	435.059	78.4775	435.059	76.8155	435.059	78.14	435.059	76.495	435.059	77.9021	435.059	76.3487	435.059	77.7672	435.059	76.4083	435.059	77.7178	435.059	76.6483	435.059	77.7326	435.059	76.9963	435.059	77.7915	435.059	77.3608	435.059	77.8636	435.059	77.6598	435.059	77.8987	435.059	77.8418
450.439	80.541	450.439	80.4348	450.439	80.5808	450.439	80.2504	450.439	80.5523	450.439	79.9707	450.439	80.4438	450.439	79.5861	450.439	80.2433	450.439	79.105	450.439	79.9477	450.439	78.5538	450.439	79.5681	450.439	77.9708	450.439	79.1322	450.439	77.4002	450.439	78.6848	450.439	76.892	450.439	78.2836	450.439	76.5044	450.439	77.9862	450.439	76.2936	450.439	77.8286	450.439	76.2881	450.439	77.8068	450.439	76.4654	450.439	77.8757	450.439	76.7563	450.439	77.9674	450.439	77.0782	450.439	78.0208	450.439	77.3692	450.439	78.0047	450.439	77.6036	450.439	77.9206	450.439	77.7848
466.553	80.4112	466.553	80.1582	466.553	80.5585	466.553	79.8424	466.553	80.5792	466.553	79.512	466.553	80.4731	466.553	79.1896	466.553	80.251	466.553	78.8536	466.553	79.9284	466.553	78.456	466.553	79.5243	466.553	77.9609	466.553	79.0667	466.553	77.3753	466.553	78.5952	466.553	76.758	466.553	78.1556	466.553	76.2096	466.553	77.7855	466.553	75.8393	466.553	77.5022	466.553	75.7171	466.553	77.3138	466.553	75.8406	466.553	77.2408	466.553	76.1482	466.553	77.3059	466.553	76.5593	466.553	77.4822	466.553	76.9973	466.553	77.6702	466.553	77.3876	466.553	77.7517	466.553	77.6569
482.666	80.6827	482.666	80.4818	482.666	80.8068	482.666	80.2198	482.666	80.8319	482.666	79.898	482.666	80.7392	482.666	79.5038	482.666	80.5188	482.666	79.0166	482.666	80.1692	482.666	78.4147	482.666	79.6967	482.666	77.6838	482.666	79.1186	482.666	76.8326	482.666	78.4708	482.666	75.9187	482.666	77.8196	482.666	75.0712	482.666	77.2657	482.666	74.4761	482.666	76.9168	482.666	74.2887	482.666	76.8172	482.666	74.5179	482.666	76.8921	482.666	75.0169	482.666	76.9947	482.666	75.5867	482.666	77.0131	482.666	76.075	482.666	76.9296	482.666	76.4168	482.666	76.7928	482.666	76.6339
500.244	80.8799	500.244	80.7054	500.244	80.9445	500.244	80.4387	500.244	80.8975	500.244	80.1158	500.244	80.7446	500.244	79.7758	500.244	80.494	500.244	79.4313	500.244	80.1561	500.244	79.0522	500.244	79.7459	500.244	78.5864	500.244	79.2877	500.244	77.9995	500.244	78.818	500.244	77.3059	500.244	78.3793	500.244	76.5821	500.244	78.0037	500.244	75.9576	500.244	77.7	500.244	75.5712	500.244	77.4665	500.244	75.4972	500.244	77.3213	500.244	75.7047	500.244	77.2962	500.244	76.0931	500.244	77.3791	500.244	76.5528	500.244	77.4798	500.244	76.988	500.244	77.4819	500.244	77.3167
517.822	80.7801	517.822	80.692	517.822	80.7854	517.822	80.4983	517.822	80.723	517.822	80.1814	517.822	80.5959	517.822	79.7494	517.822	80.3971	517.822	79.2465	517.822	80.1157	517.822	78.7346	517.822	79.7456	517.822	78.247	517.822	79.297	517.822	77.7618	517.822	78.8047	517.822	77.2343	517.822	78.3276	517.822	76.6566	517.822	77.9273	517.822	76.0959	517.822	77.6363	517.822	75.6866	517.822	77.4501	517.822	75.5664	517.822	77.3609	517.822	75.782	517.822	77.3807	517.822	76.2513	517.822	77.5065	517.822	76.8165	517.822	77.6695	517.822	77.3189	517.822	77.7499	517.822	77.6448
536.133	80.6356	536.133	80.4066	536.133	80.7735	536.133	80.1214	536.133	80.7942	536.133	79.8117	536.133	80.6841	536.133	79.4849	536.133	80.4427	536.133	79.1136	536.133	80.0802	536.133	78.6541	536.133	79.6136	536.133	78.0819	536.133	79.0666	536.133	77.4175	536.133	78.4753	536.133	76.729	536.133	77.9001	536.133	76.1176	536.133	77.4277	536.133	75.691	536.133	77.1453	536.133	75.527	536.133	77.088	536.133	75.6385	536.133	77.209	536.133	75.9645	536.133	77.4082	536.133	76.3993	536.133	77.5848	536.133	76.8377	536.133	77.6702	536.133	77.2084	536.133	77.635	536.133	77.4783
554.443	81.0057	554.443	80.7568	554.443	81.1606	554.443	80.4486	554.443	81.2071	554.443	80.1251	554.443	81.1418	554.443	79.8093	554.443	80.9607	554.443	79.4797	554.443	80.6572	554.443	79.0798	554.443	80.2297	554.443	78.5527	554.443	79.69	554.443	77.8767	554.443	79.0685	554.443	77.0902	554.443	78.4144	554.443	76.3028	554.443	77.7882	554.443	75.6786	554.443	77.2537	554.443	75.3684	554.443	76.8812	554.443	75.4196	554.443	76.7469	554.443	75.7559	554.443	76.8783	554.443	76.2452	554.443	77.1821	554.443	76.7649	554.443	77.4775	554.443	77.2166	554.443	77.611	554.443	77.5188
574.219	80.7238	574.219	80.435	574.219	80.9173	574.219	80.0891	574.219	80.9838	574.219	79.729	574.219	80.9061	574.219	79.3921	574.219	80.6898	574.219	79.0774	574.219	80.3573	574.219	78.73	574.219	79.935	574.219	78.2763	574.219	79.4455	574.219	77.68	574.219	78.9131	574.219	76.9752	574.219	78.3723	574.219	76.2703	574.219	77.8636	574.219	75.729	574.219	77.421	574.219	75.5102	574.219	77.0783	574.219	75.6767	574.219	76.9027	574.219	76.1553	574.219	76.985	574.219	76.7931	574.219	77.329	574.219	77.4293	574.219	77.7759	574.219	77.9233	574.219	78.1047	574.219	78.1661
594.727	81.3193	594.727	81.0079	594.727	81.4602	594.727	80.5701	594.727	81.4091	594.727	80.061	594.727	81.1782	594.727	79.548	594.727	80.8059	594.727	79.0882	594.727	80.3399	594.727	78.6679	594.727	79.8243	594.727	78.1858	594.727	79.2941	594.727	77.5367	594.727	78.7706	594.727	76.7147	594.727	78.2614	594.727	75.8598	594.727	77.7744	594.727	75.2291	594.727	77.3451	594.727	75.0618	594.727	77.0439	594.727	75.39	594.727	76.9296	594.727	76.0064	594.727	76.9863	594.727	76.6344	594.727	77.1306	594.727	77.0931	594.727	77.2782	594.727	77.3382	594.727	77.3815	594.727	77.4141
615.234	81.5325	615.234	81.2408	615.234	81.6362	615.234	80.7884	615.234	81.5646	615.234	80.2454	615.234	81.3493	615.234	79.7033	615.234	81.0125	615.234	79.2345	615.234	80.5559	615.234	78.8426	615.234	79.9729	615.234	78.4431	615.234	79.2753	615.234	77.908	615.234	78.5223	615.234	77.1398	615.234	77.8245	615.234	76.1326	615.234	77.2778	615.234	75.0276	615.234	76.8602	615.234	74.1543	615.234	76.4614	615.234	73.8943	615.234	76.0802	615.234	74.3357	615.234	75.9353	615.234	75.2154	615.234	76.2193	615.234	76.1795	615.234	76.7643	615.234	76.9335	615.234	77.2071	615.234	77.2933
637.207	81.3376	637.207	81.037	637.207	81.559	637.207	80.6974	637.207	81.6487	637.207	80.3215	637.207	81.5703	637.207	79.8869	637.207	81.317	637.207	79.3976	637.207	80.9058	637.207	78.9105	637.207	80.3607	637.207	78.4771	637.207	79.6985	637.207	78.0602	637.207	78.9415	637.207	77.5515	637.207	78.1629	637.207	76.8765	637.207	77.5286	637.207	76.0855	637.207	77.2218	637.207	75.3881	637.207	77.2288	637.207	75.0829	637.207	77.3165	637.207	75.3193	637.207	77.3016	637.207	75.9272	637.207	77.2218	637.207	76.5901	637.207	77.2212	637.207	77.0792	637.207	77.3037	637.207	77.3057
659.912	81.8748	659.912	81.5239	659.912	82.0103	659.912	80.969	659.912	81.9625	659.912	80.2868	659.912	81.7802	659.912	79.6226	659.912	81.4955	659.912	79.121	659.912	81.1053	659.912	78.7979	659.912	80.5811	659.912	78.5269	659.912	79.9015	659.912	78.1741	659.912	79.0889	659.912	77.6954	659.912	78.2336	659.912	77.1308	659.912	77.4765	659.912	76.5657	659.912	76.9518	659.912	76.1204	659.912	76.7643	659.912	75.9507	659.912	76.9762	659.912	76.1682	659.912	77.482	659.912	76.7151	659.912	78.0115	659.912	77.388	659.912	78.3567	659.912	77.9735	659.912	78.4655	659.912	78.3418
683.35	81.9719	683.35	81.817	683.35	81.8946	683.35	81.3366	683.35	81.7114	683.35	80.5347	683.35	81.5015	683.35	79.5351	683.35	81.2724	683.35	78.5655	683.35	80.9932	683.35	77.8702	683.35	80.618	683.35	77.5388	683.35	80.0792	683.35	77.432	683.35	79.2934	683.35	77.3306	683.35	78.2128	683.35	77.0925	683.35	76.9506	683.35	76.689	683.35	75.9412	683.35	76.2076	683.35	75.7383	683.35	75.8656	683.35	76.3247	683.35	75.9383	683.35	77.2241	683.35	76.53	683.35	78.0867	683.35	77.4359	683.35	78.7233	683.35	78.3052	683.35	79.0078	683.35	78.8682
706.787	81.9075	706.787	81.8674	706.787	81.8925	706.787	81.6834	706.787	81.8199	706.787	81.2336	706.787	81.6494	706.787	80.4559	706.787	81.3834	706.787	79.384	706.787	81.0729	706.787	78.1394	706.787	80.7602	706.787	76.919	706.787	80.4221	706.787	75.9669	706.787	79.958	706.787	75.4639	706.787	79.2218	706.787	75.3922	706.787	78.0795	706.787	75.5912	706.787	76.5318	706.787	75.9463	706.787	75.0488	706.787	76.4626	706.787	74.7921	706.787	77.1815	706.787	76.0406	706.787	78.0556	706.787	77.657	706.787	78.9204	706.787	78.9204	706.787	79.5734	706.787	79.6534	706.787	79.8524
731.689	81.9071	731.689	81.6794	731.689	81.9445	731.689	81.3755	731.689	81.743	731.689	81.0642	731.689	81.3387	731.689	80.7023	731.689	80.8111	731.689	80.2145	731.689	80.2533	731.689	79.5748	731.689	79.7663	731.689	78.7758	731.689	79.4294	731.689	77.7803	731.689	79.2377	731.689	76.5793	731.689	79.0616	731.689	75.3359	731.689	78.6784	731.689	74.4641	731.689	77.8587	731.689	74.3869	731.689	76.5305	731.689	75.08	731.689	75.1624	731.689	76.158	731.689	74.8998	731.689	77.2721	731.689	75.8962	731.689	78.1804	731.689	77.1453	731.689	78.6889	731.689	78.1257	731.689	78.6724
758.057	81.8384	758.057	81.4782	758.057	82.0312	758.057	80.9024	758.057	82.073	758.057	80.1543	758.057	81.906	758.057	79.4296	758.057	81.4709	758.057	78.9604	758.057	80.7918	758.057	78.7903	758.057	79.9867	758.057	78.7458	758.057	79.2016	758.057	78.614	758.057	78.5192	758.057	78.2642	758.057	77.9266	758.057	77.6831	758.057	77.3543	758.057	77.0092	758.057	76.7034	758.057	76.5293	758.057	75.8623	758.057	76.4809	758.057	74.9177	758.057	76.8253	758.057	74.5531	758.057	77.3578	758.057	75.3825	758.057	77.8766	758.057	76.6992	758.057	78.2001	758.057	77.6954	758.057	78.1769
784.424	82.2467	784.424	81.9266	784.424	82.3977	784.424	81.4442	784.424	82.3225	784.424	80.7517	784.424	81.9904	784.424	79.8136	784.424	81.4449	784.424	78.671	784.424	80.778	784.424	77.5345	784.424	80.0781	784.424	76.8514	784.424	79.4057	784.424	76.9122	784.424	78.7781	784.424	77.3564	784.424	78.1297	784.424	77.6403	784.424	77.3075	784.424	77.5498	784.424	76.1818	784.424	77.2225	784.424	74.9042	784.424	77.0348	784.424	74.1845	784.424	77.3082	784.424	74.6589	784.424	77.9688	784.424	75.8627	784.424	78.6515	784.424	77.1391	784.424	79.0136	784.424	78.2014	784.424	78.8682
812.256	82.5521	812.256	82.5877	812.256	82.3154	812.256	82.3426	812.256	81.9592	812.256	81.7568	812.256	81.5324	812.256	80.7814	812.256	81.0557	812.256	79.4039	812.256	80.5521	812.256	77.7723	812.256	80.0525	812.256	76.4046	812.256	79.5828	812.256	76.0215	812.256	79.1588	812.256	76.5984	812.256	78.7504	812.256	77.4326	812.256	78.1836	812.256	78.0733	812.256	77.0766	812.256	78.452	812.256	74.9238	812.256	78.7091	812.256	72.0296	812.256	79.035	812.256	72.9728	812.256	79.4651	812.256	76.5721	812.256	79.8429	812.256	78.8775	812.256	80.0583	812.256	79.8797	812.256	80.1215
840.82	82.6405	840.82	82.7973	840.82	82.5153	840.82	83.0465	840.82	82.1627	840.82	83.1411	840.82	81.4392	840.82	82.8012	840.82	80.4046	840.82	81.879	840.82	79.2757	840.82	80.3058	840.82	78.3856	840.82	78.0126	840.82	78.0358	840.82	75.0099	840.82	78.2037	840.82	72.2727	840.82	78.5423	840.82	72.5948	840.82	78.6633	840.82	74.9032	840.82	78.2013	840.82	76.8458	840.82	76.6344	840.82	78.1507	840.82	72.8582	840.82	79.0922	840.82	64.2758	840.82	79.9083	840.82	70.8439	840.82	80.6059	840.82	76.6976	840.82	80.9716	840.82	79.473	840.82	80.7076
870.85	82.4852	870.85	82.3576	870.85	82.4864	870.85	82.2427	870.85	82.3184	870.85	82.3451	870.85	81.9548	870.85	82.6469	870.85	81.3509	870.85	82.7706	870.85	80.4688	870.85	82.2891	870.85	79.3274	870.85	80.9534	870.85	78.1581	870.85	78.6898	870.85	77.6539	870.85	75.6827	870.85	78.3155	870.85	72.9159	870.85	79.4207	870.85	72.1769	870.85	80.0387	870.85	73.2207	870.85	79.6515	870.85	74.7442	870.85	77.7826	870.85	76.3173	870.85	73.3873	870.85	77.7657	870.85	65.5231	870.85	78.876	870.85	72.4309	870.85	79.396	870.85	77.0753	870.85	78.983
901.611	83.4948	901.611	82.8598	901.611	83.9327	901.611	82.2456	901.611	83.9626	901.611	81.7346	901.611	83.5214	901.611	81.3835	901.611	82.6811	901.611	81.2199	901.611	81.5652	901.611	80.9765	901.611	80.2748	901.611	80.1789	901.611	78.9099	901.611	78.4166	901.611	77.7207	901.611	75.4064	901.611	77.2289	901.611	71.7661	901.611	77.764	901.611	71.8116	901.611	78.726	901.611	74.3793	901.611	79.1192	901.611	75.9323	901.611	78.1863	901.611	76.669	901.611	75.2895	901.611	77.3986	901.611	70.8507	901.611	78.3807	901.611	72.8328	901.611	79.0703	901.611	76.808	901.611	78.7381
933.105	84.0358	933.105	83.3016	933.105	84.3444	933.105	82.4101	933.105	84.2389	933.105	81.8107	933.105	83.8627	933.105	81.6717	933.105	83.3196	933.105	81.7334	933.105	82.5796	933.105	81.6503	933.105	81.4894	933.105	81.1373	933.105	79.8878	933.105	79.9211	933.105	77.9233	933.105	77.6616	933.105	76.6524	933.105	73.8273	933.105	77.1721	933.105	68.3366	933.105	78.3471	933.105	69.4067	933.105	78.757	933.105	73.8762	933.105	77.665	933.105	76.541	933.105	74.2158	933.105	77.953	933.105	66.7004	933.105	78.5113	933.105	69.4365	933.105	78.3403	933.105	74.8672	933.105	77.3085
966.064	84.2399	966.064	83.7863	966.064	84.1878	966.064	82.854	966.064	83.8106	966.064	81.7082	966.064	83.2729	966.064	80.8367	966.064	82.6148	966.064	80.8165	966.064	81.8202	966.064	81.383	966.064	80.7893	966.064	81.6359	966.064	79.3013	966.064	81.0805	966.064	77.2121	966.064	79.5852	966.064	75.2679	966.064	76.9939	966.064	75.6594	966.064	72.745	966.064	77.5195	966.064	67.2901	966.064	78.5374	966.064	70.9057	966.064	78.0207	966.064	75.2586	966.064	75.6422	966.064	77.5248	966.064	70.6002	966.064	78.3354	966.064	65.4523	966.064	77.854	966.064	71.8355	966.064	75.9145
999.756	84.4651	999.756	83.9735	999.756	84.539	999.756	82.9576	999.756	84.2945	999.756	81.5505	999.756	83.7819	999.756	80.269	999.756	83.0729	999.756	79.6539	999.756	82.2189	999.756	79.7265	999.756	81.1626	999.756	80.0129	999.756	79.7134	999.756	79.9755	999.756	77.5261	999.756	79.3076	999.756	74.3482	999.756	77.8603	999.756	73.0115	999.756	75.3553	999.756	76.1447	999.756	71.2672	999.756	78.4808	999.756	68.5522	999.756	78.8091	999.756	72.5672	999.756	77.051	999.756	75.8782	999.756	72.5812	999.756	77.538	999.756	65.0633	999.756	77.6234	999.756	71.1538	999.756	75.8075
1034.91	84.6163	1034.91	84.2441	1034.91	84.617	1034.91	83.3704	1034.91	84.3174	1034.91	81.881	1034.91	83.7697	1034.91	79.9204	1034.91	83.1057	1034.91	78.4517	1034.91	82.4689	1034.91	78.5616	1034.91	81.7931	1034.91	79.3214	1034.91	80.8151	1034.91	79.5861	1034.91	79.2336	1034.91	79.0342	1034.91	76.6817	1034.91	77.5842	1034.91	73.3093	1034.91	75.0908	1034.91	73.4581	1034.91	71.4912	1034.91	76.6015	1034.91	68.9662	1034.91	78.0879	1034.91	71.141	1034.91	77.4222	1034.91	74.0628	1034.91	74.5397	1034.91	75.7608	1034.91	69.2152	1034.91	75.6787	1034.91	68.1806	1034.91	73.2497
1071.53	84.8272	1071.53	84.7145	1071.53	84.7663	1071.53	84.3426	1071.53	84.3456	1071.53	83.3243	1071.53	83.6027	1071.53	81.4852	1071.53	82.851	1071.53	79.2879	1071.53	82.268	1071.53	77.9987	1071.53	81.6645	1071.53	78.1061	1071.53	80.717	1071.53	78.3635	1071.53	79.1958	1071.53	77.8047	1071.53	76.9626	1071.53	76.1188	1071.53	74.1085	1071.53	73.328	1071.53	73.0211	1071.53	70.0229	1071.53	75.7362	1071.53	68.108	1071.53	77.8967	1071.53	69.5303	1071.53	77.9422	1071.53	72.629	1071.53	75.8323	1071.53	74.7424	1071.53	72.3951	1071.53	74.7518	1071.53	70.7338	1071.53	72.7176
1109.62	86.0191	1109.62	85.9062	1109.62	85.3915	1109.62	85.4354	1109.62	84.2244	1109.62	84.7867	1109.62	83.1078	1109.62	83.4153	1109.62	82.3959	1109.62	81.1518	1109.62	82.076	1109.62	79.3055	1109.62	81.9013	1109.62	78.9264	1109.62	81.4787	1109.62	78.772	1109.62	80.441	1109.62	78.2416	1109.62	78.409	1109.62	77.5218	1109.62	75.0984	1109.62	76.3403	1109.62	72.2538	1109.62	73.6443	1109.62	73.9506	1109.62	69.1528	1109.62	76.2505	1109.62	71.2079	1109.62	76.4971	1109.62	74.6777	1109.62	73.8418	1109.62	75.3325	1109.62	68.5741	1109.62	74.1873	1109.62	69.8891	1109.62	72.5583
1148.44	86.0384	1148.44	86.056	1148.44	85.4621	1148.44	85.4469	1148.44	84.4514	1148.44	84.3832	1148.44	83.141	1148.44	83.0419	1148.44	81.77	1148.44	81.2283	1148.44	80.6625	1148.44	79.0539	1148.44	80.1163	1148.44	77.9593	1148.44	80.0647	1148.44	78.5649	1148.44	79.8984	1148.44	79.2398	1148.44	78.8059	1148.44	79.0831	1148.44	76.174	1148.44	77.9304	1148.44	73.0146	1148.44	75.7442	1148.44	73.8549	1148.44	72.8153	1148.44	76.0735	1148.44	71.9777	1148.44	76.8656	1148.44	73.9896	1148.44	75.6831	1148.44	75.2238	1148.44	72.3027	1148.44	75.6327	1148.44	72.0741	1148.44	74.9042
1189.45	86.0428	1189.45	86.082	1189.45	85.1759	1189.45	85.3058	1189.45	84.0027	1189.45	84.2395	1189.45	82.8015	1189.45	82.9498	1189.45	81.5668	1189.45	81.0837	1189.45	80.5662	1189.45	79.0865	1189.45	80.0169	1189.45	78.0763	1189.45	79.6634	1189.45	77.9611	1189.45	79.0083	1189.45	78.1365	1189.45	77.6211	1189.45	78.3036	1189.45	75.3181	1189.45	77.693	1189.45	72.961	1189.45	75.2052	1189.45	73.0075	1189.45	70.2978	1189.45	74.85	1189.45	69.3379	1189.45	75.9083	1189.45	73.1796	1189.45	75.0586	1189.45	75.5457	1189.45	72.3434	1189.45	76.005	1189.45	71.8017	1189.45	74.525
1231.2	85.8219	1231.2	86.0066	1231.2	85.1974	1231.2	85.2153	1231.2	84.4241	1231.2	83.6642	1231.2	83.2653	1231.2	82.2732	1231.2	81.6612	1231.2	81.0012	1231.2	79.8677	1231.2	79.2692	1231.2	78.5569	1231.2	77.9809	1231.2	78.4846	1231.2	77.9044	1231.2	78.9211	1231.2	77.8056	1231.2	78.3851	1231.2	77.45	1231.2	76.1781	1231.2	77.3928	1231.2	73.8125	1231.2	76.8746	1231.2	74.3891	1231.2	74.7867	1231.2	75.5797	1231.2	71.0245	1231.2	76.2953	1231.2	71.3677	1231.2	75.7228	1231.2	74.5613	1231.2	72.6406	1231.2	76.076	1231.2	72.8252	1231.2	75.7934
1274.41	85.2272	1274.41	85.7443	1274.41	84.493	1274.41	85.4927	1274.41	83.7438	1274.41	84.4036	1274.41	82.6513	1274.41	82.7886	1274.41	81.2948	1274.41	80.8535	1274.41	80.0009	1274.41	78.9508	1274.41	78.7632	1274.41	77.8299	1274.41	77.8836	1274.41	77.1496	1274.41	77.7836	1274.41	76.0325	1274.41	77.5993	1274.41	74.8952	1274.41	75.9222	1274.41	74.6413	1274.41	72.4341	1274.41	74.15	1274.41	73.4942	1274.41	72.0939	1274.41	76.2974	1274.41	69.4164	1274.41	76.1678	1274.41	70.4643	1274.41	74.2291	1274.41	74.1206	1274.41	72.1607	1274.41	76.0667	1274.41	71.586	1274.41	74.8551
1319.82	84.7845	1319.82	85.3453	1319.82	84.3241	1319.82	85.4196	1319.82	83.4553	1319.82	84.4791	1319.82	82.1606	1319.82	83.0115	1319.82	81.0075	1319.82	81.443	1319.82	79.7412	1319.82	79.8179	1319.82	78.4009	1319.82	79.1069	1319.82	77.6782	1319.82	79.3644	1319.82	77.3839	1319.82	78.91	1319.82	76.5782	1319.82	76.9034	1319.82	74.7825	1319.82	74.0118	1319.82	72.3469	1319.82	71.7762	1319.82	71.6169	1319.82	69.6411	1319.82	74.1626	1319.82	68.0304	1319.82	76.0349	1319.82	71.332	1319.82	75.1456	1319.82	74.48	1319.82	71.1098	1319.82	75.2597	1319.82	70.8994	1319.82	74.1286
1365.97	84.8069	1365.97	84.8928	1365.97	84.2932	1365.97	84.6736	1365.97	83.2647	1365.97	83.6181	1365.97	82.2269	1365.97	81.8778	1365.97	81.0031	1365.97	80.3609	1365.97	79.298	1365.97	78.9746	1365.97	77.5354	1365.97	77.7109	1365.97	76.4229	1365.97	77.8645	1365.97	76.4897	1365.97	78.1248	1365.97	76.4633	1365.97	77.1353	1365.97	74.8138	1365.97	75.3691	1365.97	70.3529	1365.97	73.8279	1365.97	70.0372	1365.97	72.0446	1365.97	74.6748	1365.97	69.3068	1365.97	76.0761	1365.97	69.0553	1365.97	75.1692	1365.97	73.115	1365.97	72.1435	1365.97	75.2551	1365.97	70.4927	1365.97	74.1397
1414.31	84.3294	1414.31	84.4466	1414.31	83.9167	1414.31	84.5374	1414.31	83.1071	1414.31	84.0723	1414.31	82.244	1414.31	82.7268	1414.31	81.136	1414.31	80.8395	1414.31	79.5296	1414.31	78.4304	1414.31	77.6285	1414.31	75.9223	1414.31	76.0215	1414.31	75.0538	1414.31	76.3155	1414.31	74.4079	1414.31	77.3612	1414.31	72.6023	1414.31	76.6781	1414.31	71.0522	1414.31	73.1663	1414.31	72.3638	1414.31	68.7275	1414.31	72.4872	1414.31	72.8661	1414.31	70.9418	1414.31	75.525	1414.31	68.3299	1414.31	75.0215	1414.31	71.6828	1414.31	71.4383	1414.31	74.2146	1414.31	71.1096	1414.31	73.9754
1464.11	84.9746	1464.11	85.1722	1464.11	84.159	1464.11	84.9064	1464.11	83.0435	1464.11	84.3705	1464.11	81.8469	1464.11	83.0081	1464.11	80.8653	1464.11	80.6123	1464.11	80.0347	1464.11	77.9465	1464.11	78.9418	1464.11	75.9063	1464.11	77.5811	1464.11	75.3187	1464.11	76.2185	1464.11	75.6087	1464.11	75.3168	1464.11	74.0751	1464.11	74.292	1464.11	67.9667	1464.11	71.3131	1464.11	57.6362	1464.11	67.9423	1464.11	66.9105	1464.11	71.6621	1464.11	72.1036	1464.11	73.7512	1464.11	73.3623	1464.11	73.7725	1464.11	73.6422	1464.11	72.2411	1464.11	74.1625	1464.11	70.5058	1464.11	72.9392
1515.38	84.547	1515.38	84.7313	1515.38	83.6854	1515.38	84.4892	1515.38	82.5566	1515.38	83.7635	1515.38	81.6719	1515.38	82.2453	1515.38	80.6527	1515.38	80.0699	1515.38	79.2689	1515.38	77.2725	1515.38	77.6419	1515.38	74.463	1515.38	74.9387	1515.38	75.2353	1515.38	73.3053	1515.38	77.4104	1515.38	75.1891	1515.38	77.1384	1515.38	75.726	1515.38	73.3608	1515.38	73.0876	1515.38	65.7813	1515.38	68.7053	1515.38	64.6967	1515.38	72.7164	1515.38	68.546	1515.38	74.7143	1515.38	69.7875	1515.38	72.7301	1515.38	71.7715	1515.38	66.8886	1515.38	73.9266	1515.38	71.0078	1515.38	74.2619
1568.85	83.8714	1568.85	84.2164	1568.85	83.32	1568.85	83.782	1568.85	82.3977	1568.85	82.5234	1568.85	81.1239	1568.85	80.9739	1568.85	79.9279	1568.85	79.151	1568.85	79.0243	1568.85	76.7653	1568.85	78.3037	1568.85	73.9222	1568.85	76.2743	1568.85	72.9162	1568.85	72.129	1568.85	75.2391	1568.85	69.5472	1568.85	76.423	1568.85	71.1206	1568.85	75.1122	1568.85	70.6801	1568.85	71.6191	1568.85	63.1055	1568.85	66.76	1568.85	69.8904	1568.85	68.2411	1568.85	74.3996	1568.85	71.5959	1568.85	73.2882	1568.85	73.3905	1568.85	65.3074	1568.85	73.7429	1568.85	64.7402	1568.85	71.8945
1624.51	83.451	1624.51	83.73	1624.51	82.9673	1624.51	83.6145	1624.51	81.9776	1624.51	82.9578	1624.51	80.2265	1624.51	81.3905	1624.51	78.523	1624.51	78.5993	1624.51	77.8506	1624.51	75.3326	1624.51	77.423	1624.51	72.5858	1624.51	76.2214	1624.51	71.2952	1624.51	74.5787	1624.51	73.7066	1624.51	73.5383	1624.51	74.9381	1624.51	73.8828	1624.51	73.5065	1624.51	72.8835	1624.51	71.5249	1624.51	66.176	1624.51	68.2096	1624.51	64.3911	1624.51	66.0613	1624.51	72.6655	1624.51	66.0733	1624.51	74.5771	1624.51	67.1172	1624.51	72.0493	1624.51	70.2883	1624.51	52.5131	1624.51	69.0542
1681.64	83.4354	1681.64	83.3047	1681.64	82.2791	1681.64	82.7409	1681.64	80.4538	1681.64	82.204	1681.64	78.7358	1681.64	80.9574	1681.64	76.7166	1681.64	78.7401	1681.64	75.2843	1681.64	75.8949	1681.64	74.8921	1681.64	72.2769	1681.64	74.7575	1681.64	66.8886	1681.64	74.2229	1681.64	68.1225	1681.64	72.0799	1681.64	72.2756	1681.64	70.8293	1681.64	73.8449	1681.64	73.5321	1681.64	72.6022	1681.64	73.5876	1681.64	67.4467	1681.64	65.4058	1681.64	59.7858	1681.64	67.5698	1681.64	64.4429	1681.64	73.2604	1681.64	67.6699	1681.64	72.4575	1681.64	66.598	1681.64	67.5184	1681.64	60.917
1740.97	84.1073	1740.97	84.0503	1740.97	82.8273	1740.97	82.4138	1740.97	80.7525	1740.97	81.4785	1740.97	77.8373	1740.97	80.4192	1740.97	75.28	1740.97	79.2035	1740.97	74.2402	1740.97	77.9178	1740.97	75.8845	1740.97	73.3831	1740.97	77.5921	1740.97	67.8231	1740.97	77.0683	1740.97	61.8715	1740.97	73.3738	1740.97	53.4642	1740.97	69.0404	1740.97	70.0894	1740.97	70.5482	1740.97	71.852	1740.97	70.5403	1740.97	68.4018	1740.97	64.3655	1740.97	61.6628	1740.97	66.859	1740.97	62.9214	1740.97	71.2513	1740.97	65.3758	1740.97	70.7191	1740.97	67.8935	1740.97	70.4936	1740.97	69.7007
1802.49	84.4518	1802.49	84.6426	1802.49	82.9033	1802.49	83.3008	1802.49	80.6673	1802.49	81.9491	1802.49	77.9704	1802.49	81.3902	1802.49	75.2422	1802.49	78.9408	1802.49	74.7916	1802.49	75.4414	1802.49	75.5572	1802.49	70.5893	1802.49	76.8474	1802.49	66.4175	1802.49	77.3314	1802.49	70.2392	1802.49	75.7984	1802.49	69.3617	1802.49	73.2258	1802.49	58.0236	1802.49	71.3979	1802.49	66.7275	1802.49	70.5752	1802.49	67.0341	1802.49	66.2413	1802.49	62.6486	1802.49	57.5616	1802.49	66.7785	1802.49	67.4328	1802.49	68.9513	1802.49	68.2792	1802.49	68.4361	1802.49	70.113	1802.49	69.919
1866.21	84.5399	1866.21	84.9961	1866.21	83.1935	1866.21	84.4012	1866.21	80.6174	1866.21	82.8952	1866.21	76.9637	1866.21	81.6174	1866.21	74.4302	1866.21	78.9859	1866.21	73.2951	1866.21	74.2007	1866.21	75.5841	1866.21	72.2479	1866.21	77.8852	1866.21	69.9112	1866.21	77.2183	1866.21	68.9468	1866.21	73.7478	1866.21	70.5621	1866.21	71.5399	1866.21	63.3138	1866.21	73.6959	1866.21	58.5707	1866.21	71.7002	1866.21	66.6129	1866.21	68.1802	1866.21	66.1421	1866.21	61.8846	1866.21	65.9506	1866.21	63.4129	1866.21	69.9716	1866.21	63.0115	1866.21	71.3155	1866.21	68.6087	1866.21	70.9079
1932.13	84.5804	1932.13	84.8487	1932.13	83.0895	1932.13	84.8983	1932.13	80.3193	1932.13	83.7563	1932.13	76.6542	1932.13	80.8577	1932.13	72.657	1932.13	77.8121	1932.13	71.6701	1932.13	73.8362	1932.13	72.1756	1932.13	72.1877	1932.13	75.081	1932.13	71.9498	1932.13	77.2192	1932.13	68.6971	1932.13	76.4003	1932.13	68.5986	1932.13	72.3062	1932.13	67.5821	1932.13	69.7557	1932.13	63.7616	1932.13	69.5744	1932.13	58.9452	1932.13	66.0233	1932.13	63.8434	1932.13	66.6291	1932.13	66.2041	1932.13	67.0838	1932.13	71.3615	1932.13	55.765	1932.13	72.5239	1932.13	68.2368	1932.13	71.2748
2000.24	85.3672	2000.24	85.5916	2000.24	83.5928	2000.24	84.6386	2000.24	80.6081	2000.24	83.4385	2000.24	75.9015	2000.24	79.664	2000.24	72.5913	2000.24	75.9602	2000.24	71.8313	2000.24	75.8358	2000.24	70.78	2000.24	73.1934	2000.24	72.8962	2000.24	65.9015	2000.24	76.118	2000.24	66.1185	2000.24	76.9613	2000.24	70.2743	2000.24	74.6662	2000.24	71.4225	2000.24	73.3688	2000.24	65.9832	2000.24	73.2496	2000.24	58.9521	2000.24	67.7544	2000.24	67.9808	2000.24	67.0402	2000.24	67.0362	2000.24	71.525	2000.24	70.7976	2000.24	65.8357	2000.24	73.6084	2000.24	67.657	2000.24	73.1983
2070.56	85.531	2070.56	86.2953	2070.56	83.3404	2070.56	84.4681	2070.56	79.6818	2070.56	81.7046	2070.56	73.9804	2070.56	78.8167	2070.56	70.1333	2070.56	76.592	2070.56	72.82	2070.56	76.0976	2070.56	72.5578	2070.56	71.6864	2070.56	70.8321	2070.56	59.925	2070.56	73.8475	2070.56	62.6299	2070.56	76.6584	2070.56	66.8129	2070.56	75.4279	2070.56	70.9844	2070.56	73.2687	2070.56	68.9701	2070.56	75.0999	2070.56	54.9534	2070.56	72.3263	2070.56	63.7332	2070.56	64.2172	2070.56	65.9014	2070.56	71.1536	2070.56	68.7716	2070.56	68.4284	2070.56	70.8294	2070.56	59.4371	2070.56	69.5848
2143.8	84.5937	2143.8	86.0148	2143.8	81.6416	2143.8	85.0899	2143.8	76.9228	2143.8	81.6897	2143.8	68.4907	2143.8	78.4876	2143.8	69.3612	2143.8	75.1653	2143.8	75.1185	2143.8	71.3164	2143.8	76.165	2143.8	68.8294	2143.8	74.0318	2143.8	68.9119	2143.8	73.7891	2143.8	62.6598	2143.8	76.0657	2143.8	61.8842	2143.8	73.6361	2143.8	68.1125	2143.8	68.8546	2143.8	68.5806	2143.8	74.2453	2143.8	63.0236	2143.8	72.5853	2143.8	56.4638	2143.8	56.4798	2143.8	64.2351	2143.8	68.1395	2143.8	67.1484	2143.8	67.0632	2143.8	70.4425	2143.8	58.1086	2143.8	68.9417
2219.24	84.053	2219.24	85.246	2219.24	80.4132	2219.24	85.0817	2219.24	74.2324	2219.24	83.0471	2219.24	56.8315	2219.24	78.1237	2219.24	70.5403	2219.24	71.168	2219.24	75.9805	2219.24	67.2447	2219.24	77.2271	2219.24	69.2961	2219.24	75.1414	2219.24	64.3501	2219.24	73.2726	2219.24	66.6093	2219.24	76.2468	2219.24	69.5358	2219.24	75.4888	2219.24	67.5254	2219.24	67.5817	2219.24	67.9273	2219.24	69.149	2219.24	66.3713	2219.24	74.8674	2219.24	55.6645	2219.24	68.1236	2219.24	63.1544	2219.24	66.7088	2219.24	61.0919	2219.24	69.0479	2219.24	65.3614	2219.24	57.1384	2219.24	64.8712
2297.61	84.4772	2297.61	84.7226	2297.61	81.75	2297.61	84.0776	2297.61	75.059	2297.61	82.9527	2297.61	58.9954	2297.61	79.4348	2297.61	73.7807	2297.61	73.6502	2297.61	77.5484	2297.61	66.4666	2297.61	78.6763	2297.61	66.8509	2297.61	77.3021	2297.61	60.9305	2297.61	73.9542	2297.61	70.1844	2297.61	73.4191	2297.61	73.3923	2297.61	76.467	2297.61	71.1067	2297.61	75.8524	2297.61	66.6944	2297.61	66.6932	2297.61	64.2733	2297.61	73.8175	2297.61	59.7874	2297.61	74.3167	2297.61	54.0419	2297.61	66.0954	2297.61	60.563	2297.61	69.4285	2297.61	59.6166	2297.61	68.8009	2297.61	64.0199
2378.17	84.3869	2378.17	85.1638	2378.17	81.9086	2378.17	83.7951	2378.17	75.5743	2378.17	80.9912	2378.17	67.6062	2378.17	77.4423	2378.17	77.3822	2378.17	74.822	2378.17	80.0052	2378.17	74.058	2378.17	80.259	2378.17	75.0469	2378.17	79.0124	2378.17	70.8659	2378.17	76.6297	2378.17	56.1265	2378.17	76.4102	2378.17	67.9524	2378.17	77.6329	2378.17	71.5476	2378.17	74.9983	2378.17	65.5517	2378.17	71.0472	2378.17	44.5683	2378.17	68.5072	2378.17	53.7303	2378.17	71.2906	2378.17	56.1042	2378.17	71.1232	2378.17	67.0394	2378.17	64.1549	2378.17	69.7446	2378.17	68.3076	2378.17	71.2242
2462.4	83.5992	2462.4	85.2996	2462.4	79.534	2462.4	83.8755	2462.4	72.3438	2462.4	79.8477	2462.4	72.767	2462.4	77.2028	2462.4	78.7739	2462.4	75.9716	2462.4	81.1302	2462.4	73.9592	2462.4	81.3646	2462.4	70.8569	2462.4	80.1001	2462.4	68.9819	2462.4	77.3098	2462.4	70.3477	2462.4	75.611	2462.4	69.8651	2462.4	75.5165	2462.4	68.6449	2462.4	73.0786	2462.4	65.1601	2462.4	72.2956	2462.4	63.0925	2462.4	72.3187	2462.4	62.834	2462.4	71.2503	2462.4	58.8328	2462.4	69.931	2462.4	63.5072	2462.4	63.7492	2462.4	69.5894	2462.4	64.167	2462.4	69.7734
2548.83	84.3371	2548.83	85.0556	2548.83	79.6021	2548.83	82.7752	2548.83	71.3922	2548.83	80.6769	2548.83	75.8638	2548.83	79.0747	2548.83	79.4477	2548.83	76.088	2548.83	81.057	2548.83	72.3257	2548.83	81.6493	2548.83	67.6374	2548.83	80.9059	2548.83	68.2187	2548.83	78.0406	2548.83	68.3728	2548.83	71.6546	2548.83	57.2232	2548.83	69.2477	2548.83	63.7122	2548.83	71.5123	2548.83	64.0795	2548.83	73.7793	2548.83	63.5094	2548.83	74.2168	2548.83	65.8417	2548.83	72.48	2548.83	59.9986	2548.83	70.4443	2548.83	63.8861	2548.83	59.0256	2548.83	66.3943	2548.83	63.9472	2548.83	68.9431
2638.92	84.3978	2638.92	84.9201	2638.92	79.6469	2638.92	82.723	2638.92	72.3209	2638.92	81.1805	2638.92	78.0712	2638.92	79.35	2638.92	81.1832	2638.92	75.0766	2638.92	81.4361	2638.92	72.0479	2638.92	80.9182	2638.92	70.6423	2638.92	80.9849	2638.92	68.9841	2638.92	79.0666	2638.92	70.9015	2638.92	73.5759	2638.92	69.4541	2638.92	71.2134	2638.92	59.0568	2638.92	72.654	2638.92	62.178	2638.92	73.3893	2638.92	65.009	2638.92	75.1014	2638.92	61.5641	2638.92	72.7843	2638.92	59.3781	2638.92	70.4862	2638.92	58.2163	2638.92	60.5418	2638.92	65.8599	2638.92	67.5488	2638.92	69.3293
2731.93	83.9133	2731.93	84.455	2731.93	79.4196	2731.93	83.5598	2731.93	72.0761	2731.93	81.2862	2731.93	79.0955	2731.93	78.3627	2731.93	81.3673	2731.93	75.543	2731.93	81.8225	2731.93	72.4544	2731.93	81.2076	2731.93	69.1021	2731.93	79.9733	2731.93	63.3905	2731.93	76.3722	2731.93	67.0081	2731.93	66.6292	2731.93	70.6285	2731.93	67.8728	2731.93	66.5335	2731.93	72.7373	2731.93	53.4337	2731.93	68.2175	2731.93	62.8481	2731.93	68.6578	2731.93	62.4387	2731.93	68.744	2731.93	58.4996	2731.93	62.2697	2731.93	61.5337	2731.93	57.9715	2731.93	61.539	2731.93	67.3686	2731.93	67.8921
2828.61	83.3929	2828.61	84.0875	2828.61	78.3937	2828.61	83.1693	2828.61	74.7399	2828.61	81.6251	2828.61	80.0677	2828.61	78.1953	2828.61	81.7604	2828.61	75.7149	2828.61	81.7422	2828.61	72.3443	2828.61	81.1743	2828.61	72.0704	2828.61	80.4457	2828.61	72.5176	2828.61	78.7049	2828.61	68.4174	2828.61	75.8604	2828.61	70.5201	2828.61	74.3358	2828.61	70.6296	2828.61	75.2583	2828.61	62.4059	2828.61	72.7231	2828.61	59.1191	2828.61	70.3356	2828.61	66.0408	2828.61	68.407	2828.61	62.0792	2828.61	67.0107	2828.61	62.2497	2828.61	62.8542	2828.61	64.103	2828.61	69.2343	2828.61	69.3905
2928.22	82.9696	2928.22	83.9174	2928.22	78.8758	2928.22	83.1211	2928.22	74.8631	2928.22	80.8933	2928.22	81.5605	2928.22	78.7244	2928.22	82.7752	2928.22	76.0931	2928.22	81.5682	2928.22	74.0216	2928.22	80.2226	2928.22	71.0504	2928.22	79.2621	2928.22	69.4027	2928.22	77.2187	2928.22	72.0465	2928.22	73.6467	2928.22	67.9453	2928.22	73.5093	2928.22	67.4947	2928.22	75.9523	2928.22	68.2924	2928.22	74.1359	2928.22	61.4409	2928.22	71.3161	2928.22	65.7959	2928.22	69.7604	2928.22	59.7325	2928.22	65.1502	2928.22	62.9853	2928.22	61.6432	2928.22	61.4988	2928.22	66.0483	2928.22	58.6789
3031.49	82.1236	3031.49	83.5842	3031.49	78.2951	3031.49	83.4514	3031.49	75.3279	3031.49	81.0128	3031.49	81.2415	3031.49	78.6746	3031.49	82.3468	3031.49	75.802	3031.49	80.7326	3031.49	73.8664	3031.49	77.9879	3031.49	73.9153	3031.49	75.9233	3031.49	70.0974	3031.49	73.9298	3031.49	66.8762	3031.49	75.4643	3031.49	68.2346	3031.49	73.0514	3031.49	67.401	3031.49	68.9813	3031.49	68.5654	3031.49	69.7874	3031.49	65.9573	3031.49	70.6982	3031.49	64.0452	3031.49	69.007	3031.49	65.8202	3031.49	67.3369	3031.49	62.9523	3031.49	65.0704	3031.49	66.1216	3031.49	65.4634	3031.49	61.4584
3138.43	81.6434	3138.43	83.5886	3138.43	77.3615	3138.43	83.4047	3138.43	75.7482	3138.43	81.401	3138.43	81.0732	3138.43	78.618	3138.43	82.6024	3138.43	75.4385	3138.43	81.3873	3138.43	74.2132	3138.43	78.2733	3138.43	72.8836	3138.43	74.2616	3138.43	70.6003	3138.43	73.8713	3138.43	71.5753	3138.43	75.7943	3138.43	71.9	3138.43	74.3648	3138.43	66.8897	3138.43	72.1844	3138.43	68.3836	3138.43	70.6453	3138.43	69.1295	3138.43	69.4471	3138.43	62.4562	3138.43	69.2801	3138.43	65.8113	3138.43	68.7756	3138.43	60.9468	3138.43	64.5532	3138.43	67.4024	3138.43	66.048	3138.43	66.0525
3249.02	80.0734	3249.02	82.5873	3249.02	75.9809	3249.02	82.734	3249.02	77.1194	3249.02	81.2349	3249.02	80.3412	3249.02	78.5092	3249.02	81.8695	3249.02	76.696	3249.02	81.4854	3249.02	72.7064	3249.02	78.8316	3249.02	70.2298	3249.02	74.7964	3249.02	72.0623	3249.02	73.7052	3249.02	70.3148	3249.02	74.9958	3249.02	67.0587	3249.02	74.7428	3249.02	63.3219	3249.02	73.6332	3249.02	66.9676	3249.02	73.5569	3249.02	68.5413	3249.02	72.5238	3249.02	55.6598	3249.02	70.2091	3249.02	65.5231	3249.02	70.8092	3249.02	59.6488	3249.02	69.3385	3249.02	64.6126	3249.02	67.4788	3249.02	65.3945
3363.28	80.0882	3363.28	82.3863	3363.28	76.1965	3363.28	83.0249	3363.28	78.181	3363.28	81.7352	3363.28	80.8948	3363.28	79.1252	3363.28	81.3253	3363.28	76.2557	3363.28	80.9844	3363.28	72.0683	3363.28	80.2038	3363.28	70.9127	3363.28	76.9333	3363.28	69.2136	3363.28	73.4596	3363.28	68.0923	3363.28	71.8449	3363.28	69.3439	3363.28	73.4348	3363.28	68.0544	3363.28	73.5003	3363.28	66.5253	3363.28	72.357	3363.28	68.288	3363.28	73.0274	3363.28	61.6097	3363.28	69.7044	3363.28	52.3588	3363.28	70.8396	3363.28	55.5887	3363.28	67.9253	3363.28	62.4996	3363.28	65.7859	3363.28	67.1702
3481.93	79.2216	3481.93	82.4403	3481.93	76.4955	3481.93	82.7027	3481.93	77.2451	3481.93	80.8959	3481.93	80.9448	3481.93	78.8623	3481.93	80.8826	3481.93	73.6772	3481.93	79.8342	3481.93	71.8272	3481.93	79.132	3481.93	70.5679	3481.93	75.7454	3481.93	71.4179	3481.93	70.0342	3481.93	72.8872	3481.93	58.591	3481.93	70.4478	3481.93	64.019	3481.93	66.4618	3481.93	68.6733	3481.93	67.2191	3481.93	67.9745	3481.93	67.7917	3481.93	69.6165	3481.93	62.3865	3481.93	66.5996	3481.93	47.816	3481.93	67.502	3481.93	54.2619	3481.93	65.4556	3481.93	61.2866	3481.93	66.6819	3481.93	66.6265
3604.98	79.1841	3604.98	82.8013	3604.98	75.8948	3604.98	82.5761	3604.98	78.53	3604.98	80.9313	3604.98	80.08	3604.98	77.3595	3604.98	80.1521	3604.98	74.1672	3604.98	79.116	3604.98	72.4659	3604.98	77.1322	3604.98	71.5476	3604.98	73.8488	3604.98	72.2743	3604.98	66.5352	3604.98	69.6329	3604.98	59.1761	3604.98	69.6473	3604.98	47.8911	3604.98	68.6809	3604.98	60.6741	3604.98	66.9733	3604.98	63.3498	3604.98	65.0029	3604.98	64.8947	3604.98	62.2995	3604.98	61.0177	3604.98	56.1793	3604.98	63.4279	3604.98	55.3104	3604.98	66.2961	3604.98	64.0126	3604.98	66.465	3604.98	64.1786
3732.42	78.8934	3732.42	82.0856	3732.42	73.9566	3732.42	82.2237	3732.42	78.8443	3732.42	80.4636	3732.42	79.7284	3732.42	76.4521	3732.42	78.7196	3732.42	73.4534	3732.42	78.1667	3732.42	72.3989	3732.42	75.5487	3732.42	73.3612	3732.42	68.9141	3732.42	71.1816	3732.42	64.3165	3732.42	70.816	3732.42	62.8261	3732.42	70.5108	3732.42	63.5444	3732.42	68.2285	3732.42	64.8871	3732.42	67.8431	3732.42	64.8026	3732.42	65.8338	3732.42	63.6589	3732.42	63.8412	3732.42	59.5457	3732.42	57.539	3732.42	63.5806	3732.42	53.4949	3732.42	67.494	3732.42	63.1649	3732.42	65.1256	3732.42	63.9319
3863.53	79.2293	3863.53	82.6559	3863.53	74.1882	3863.53	82.3803	3863.53	78.3333	3863.53	78.4521	3863.53	78.8753	3863.53	74.9683	3863.53	76.972	3863.53	73.1585	3863.53	76.6516	3863.53	74.0639	3863.53	74.6901	3863.53	72.8807	3863.53	71.0183	3863.53	72.7106	3863.53	70.2793	3863.53	71.6417	3863.53	64.9156	3863.53	70.9923	3863.53	69.1419	3863.53	68.8364	3863.53	73.3864	3863.53	67.5808	3863.53	70.5011	3863.53	66.8287	3863.53	68.485	3863.53	63.8696	3863.53	62.6786	3863.53	60.7221	3863.53	65.8103	3863.53	51.5042	3863.53	67.9083	3863.53	62.593	3863.53	64.4428	3863.53	64.8288
3999.76	79.4354	3999.76	82.5622	3999.76	74.7861	3999.76	82.1185	3999.76	78.5666	3999.76	78.3475	3999.76	78.3418	3999.76	74.0985	3999.76	76.9257	3999.76	73.0814	3999.76	76.5626	3999.76	71.7293	3999.76	74.6983	3999.76	71.5137	3999.76	72.8877	3999.76	71.8393	3999.76	72.5511	3999.76	68.4926	3999.76	64.5926	3999.76	68.0159	3999.76	70.2503	3999.76	68.7897	3999.76	72.6582	3999.76	68.5718	3999.76	67.9731	3999.76	65.8213	3999.76	67.3761	3999.76	66.8439	3999.76	63.177	3999.76	64.2632	3999.76	60.244	3999.76	54.1966	3999.76	68.7695	3999.76	62.9852	3999.76	66.7437	3999.76	64.0076
4141.11	79.2524	4141.11	82.6603	4141.11	74.1389	4141.11	82.0192	4141.11	78.5652	4141.11	77.4325	4141.11	78.1201	4141.11	74.1145	4141.11	75.7471	4141.11	73.3444	4141.11	75.8586	4141.11	73.2769	4141.11	74.6144	4141.11	72.6026	4141.11	73.5564	4141.11	71.5858	4141.11	74.7661	4141.11	70.3687	4141.11	61.7787	4141.11	69.7801	4141.11	72.2936	4141.11	69.4073	4141.11	73.0794	4141.11	67.9592	4141.11	71.6477	4141.11	66.8937	4141.11	66.9655	4141.11	68.82	4141.11	62.4016	4141.11	66.6476	4141.11	58.2154	4141.11	51.1449	4141.11	70.3353	4141.11	61.9353	4141.11	67.2407	4141.11	59.1242
4286.87	79.4481	4286.87	82.3663	4286.87	74.298	4286.87	81.2297	4286.87	77.6357	4286.87	76.8302	4286.87	77.3862	4286.87	76.1291	4286.87	75.5347	4286.87	73.1911	4286.87	75.4075	4286.87	73.3721	4286.87	73.9728	4286.87	72.4351	4286.87	73.6258	4286.87	73.8586	4286.87	75.7509	4286.87	73.5256	4286.87	58.014	4286.87	70.6264	4286.87	68.3518	4286.87	70.1611	4286.87	70.7189	4286.87	67.2844	4286.87	69.2804	4286.87	65.8258	4286.87	65.8074	4286.87	68.2304	4286.87	63.6828	4286.87	66.0864	4286.87	56.3688	4286.87	55.4403	4286.87	67.1504	4286.87	59.94	4286.87	65.005	4286.87	63.0686
4438.48	79.4955	4438.48	82.568	4438.48	75.3278	4438.48	80.1517	4438.48	76.9715	4438.48	77.6413	4438.48	75.0048	4438.48	75.4213	4438.48	72.9594	4438.48	75.0519	4438.48	75.4394	4438.48	74.9282	4438.48	75.8384	4438.48	75.3051	4438.48	74.6144	4438.48	73.1823	4438.48	71.8575	4438.48	70.5436	4438.48	56.427	4438.48	71.1382	4438.48	66.3509	4438.48	70.2359	4438.48	75.6756	4438.48	67.9517	4438.48	70.0241	4438.48	68.0794	4438.48	64.4975	4438.48	68.5645	4438.48	64.5274	4438.48	65.7936	4438.48	49.9527	4438.48	59.857	4438.48	65.0809	4438.48	59.1562	4438.48	65.8014	4438.48	63.5954
4594.48	79.8258	4594.48	81.5661	4594.48	75.3784	4594.48	78.634	4594.48	77.6017	4594.48	78.7562	4594.48	75.568	4594.48	76.9109	4594.48	73.1049	4594.48	75.8657	4594.48	73.7497	4594.48	75.9559	4594.48	76.0621	4594.48	75.6894	4594.48	76.7195	4594.48	73.7717	4594.48	72.5887	4594.48	73.8626	4594.48	68.1905	4594.48	70.2048	4594.48	72.1512	4594.48	70.4114	4594.48	78.8842	4594.48	66.7432	4594.48	72.02	4594.48	68.6762	4594.48	63.1072	4594.48	69.0106	4594.48	60.364	4594.48	65.9766	4594.48	48.9417	4594.48	59.8194	4594.48	65.6097	4594.48	58.3388	4594.48	65.8772	4594.48	67.0822
4757.08	80.5047	4757.08	80.7602	4757.08	75.9355	4757.08	79.5648	4757.08	77.5462	4757.08	79.5392	4757.08	78.4502	4757.08	77.5126	4757.08	75.3071	4757.08	78.4268	4757.08	71.982	4757.08	76.9981	4757.08	75.6281	4757.08	74.6914	4757.08	75.7825	4757.08	73.4405	4757.08	73.641	4757.08	68.8891	4757.08	71.9074	4757.08	68.3555	4757.08	74.4578	4757.08	68.8591	4757.08	78.0069	4757.08	68.2159	4757.08	71.2648	4757.08	67.4356	4757.08	48.3748	4757.08	69.092	4757.08	57.921	4757.08	66.9802	4757.08	46.6847	4757.08	60.9845	4757.08	65.4215	4757.08	60.264	4757.08	65.9527	4757.08	66.1275
4924.8	80.2413	4924.8	81.377	4924.8	76.9388	4924.8	80.4711	4924.8	76.872	4924.8	79.3301	4924.8	77.7398	4924.8	77.2981	4924.8	77.0899	4924.8	78.7184	4924.8	73.2106	4924.8	76.5734	4924.8	75.1457	4924.8	74.652	4924.8	74.4311	4924.8	69.1549	4924.8	73.2162	4924.8	70.0302	4924.8	72.8624	4924.8	67.3629	4924.8	69.811	4924.8	66.554	4924.8	76.4698	4924.8	64.405	4924.8	71.6684	4924.8	65.3908	4924.8	61.5852	4924.8	65.1124	4924.8	55.7715	4924.8	68.6224	4924.8	58.5948	4924.8	53.4221	4924.8	60.9989	4924.8	59.8012	4924.8	61.0097	4924.8	63.8636
5098.39	80.4727	5098.39	80.3518	5098.39	77.1912	5098.39	80.9963	5098.39	76.6517	5098.39	79.3604	5098.39	78.0294	5098.39	78.5161	5098.39	76.0894	5098.39	77.1281	5098.39	74.4516	5098.39	73.8671	5098.39	74.5238	5098.39	71.3732	5098.39	76.231	5098.39	70.7869	5098.39	76.8585	5098.39	67.6804	5098.39	72.2247	5098.39	66.9145	5098.39	69.7686	5098.39	66.1711	5098.39	74.0605	5098.39	65.6361	5098.39	67.8271	5098.39	63.2964	5098.39	46.5709	5098.39	68.614	5098.39	54.1258	5098.39	66.9027	5098.39	57.0032	5098.39	62.949	5098.39	59.3645	5098.39	56.7316	5098.39	60.6129	5098.39	64.4897
5277.83	80.6192	5277.83	80.7998	5277.83	78.794	5277.83	81.5445	5277.83	78.9032	5277.83	79.0622	5277.83	79.7513	5277.83	79.0295	5277.83	77.0759	5277.83	76.1124	5277.83	73.5862	5277.83	71.9652	5277.83	75.6244	5277.83	71.3942	5277.83	78.5053	5277.83	71.5149	5277.83	76.695	5277.83	70.7552	5277.83	70.0819	5277.83	68.8497	5277.83	60.3452	5277.83	67.0431	5277.83	63.2642	5277.83	66.1153	5277.83	66.7596	5277.83	62.5529	5277.83	65.6265	5277.83	64.2949	5277.83	61.2704	5277.83	66.4946	5277.83	54.7593	5277.83	65.0048	5277.83	60.387	5277.83	61.9375	5277.83	66.5972	5277.83	65.8485
5463.87	80.5963	5463.87	81.4114	5463.87	78.5661	5463.87	81.0086	5463.87	78.0408	5463.87	78.8912	5463.87	79.9926	5463.87	79.0899	5463.87	77.9064	5463.87	74.68	5463.87	73.5431	5463.87	74.4507	5463.87	76.9842	5463.87	73.8507	5463.87	77.5787	5463.87	71.2574	5463.87	74.8167	5463.87	70.8072	5463.87	68.6373	5463.87	68.4685	5463.87	61.4537	5463.87	67.54	5463.87	72.994	5463.87	65.2708	5463.87	70.9162	5463.87	65.9369	5463.87	66.794	5463.87	64.3107	5463.87	67.0793	5463.87	67.8177	5463.87	51.5688	5463.87	65.9987	5463.87	63.5665	5463.87	61.2638	5463.87	65.9636	5463.87	60.681
5656.49	80.6223	5656.49	81.7439	5656.49	79.8604	5656.49	80.7245	5656.49	78.6932	5656.49	79.1143	5656.49	80.9764	5656.49	78.2107	5656.49	79.1554	5656.49	76.0678	5656.49	71.748	5656.49	75.4522	5656.49	76.3715	5656.49	74.4115	5656.49	76.9557	5656.49	71.8075	5656.49	70.4066	5656.49	70.2231	5656.49	68.3783	5656.49	68.7565	5656.49	69.5795	5656.49	65.6597	5656.49	74.7327	5656.49	65.2394	5656.49	71.2434	5656.49	65.545	5656.49	61.5271	5656.49	61.9665	5656.49	64.5801	5656.49	66.2237	5656.49	56.2117	5656.49	59.9973	5656.49	62.2197	5656.49	62.405	5656.49	63.9457	5656.49	48.4507
5856.45	80.403	5856.45	82.4521	5856.45	79.5352	5856.45	80.5312	5856.45	79.2757	5856.45	79.7679	5856.45	80.6434	5856.45	77.2711	5856.45	79.2069	5856.45	77.6699	5856.45	70.97	5856.45	74.8912	5856.45	76.8128	5856.45	74.0651	5856.45	76.6114	5856.45	68.212	5856.45	73.6262	5856.45	68.6417	5856.45	70.8644	5856.45	68.2049	5856.45	69.7433	5856.45	64.0024	5856.45	74.5466	5856.45	62.7341	5856.45	70.3951	5856.45	65.458	5856.45	63.208	5856.45	62.6971	5856.45	59.7777	5856.45	66.7762	5856.45	58.0885	5856.45	56.207	5856.45	57.6058	5856.45	63.2638	5856.45	59.6761	5856.45	56.6011
6062.99	82.2297	6062.99	82.5673	6062.99	80.1718	6062.99	80.6982	6062.99	79.2854	6062.99	79.9158	6062.99	81.0682	6062.99	78.3245	6062.99	79.6345	6062.99	78.2317	6062.99	70.1679	6062.99	73.4661	6062.99	74.5168	6062.99	71.7148	6062.99	76.0485	6062.99	71.0556	6062.99	75.7255	6062.99	68.8653	6062.99	72.4993	6062.99	69.0765	6062.99	69.1092	6062.99	60.2243	6062.99	72.3181	6062.99	64.9226	6062.99	68.5531	6062.99	64.6935	6062.99	62.6795	6062.99	63.9858	6062.99	56.0906	6062.99	67.1159	6062.99	49.6142	6062.99	59.8626	6062.99	57.9502	6062.99	64.9017	6062.99	60.6627	6062.99	59.4604
6276.86	82.6074	6276.86	82.4621	6276.86	81.7691	6276.86	81.5347	6276.86	80.0127	6276.86	80.4365	6276.86	80.788	6276.86	79.6285	6276.86	79.5965	6276.86	77.8818	6276.86	72.1256	6276.86	72.9347	6276.86	74.8931	6276.86	71.8582	6276.86	76.3377	6276.86	70.4796	6276.86	76.2791	6276.86	70.823	6276.86	72.2561	6276.86	69.4855	6276.86	69.1773	6276.86	63.2547	6276.86	67.778	6276.86	64.7332	6276.86	60.1115	6276.86	66.5885	6276.86	61.5123	6276.86	64.0115	6276.86	52.393	6276.86	66.6036	6276.86	47.4128	6276.86	63.2802	6276.86	57.4938	6276.86	64.7045	6276.86	60.8076	6276.86	55.8436
6498.05	83.1487	6498.05	82.6497	6498.05	81.9697	6498.05	81.7741	6498.05	80.4022	6498.05	81.0715	6498.05	81.3175	6498.05	80.5489	6498.05	78.7524	6498.05	77.0541	6498.05	71.2725	6498.05	74.7586	6498.05	73.1121	6498.05	74.3872	6498.05	76.1087	6498.05	72.6841	6498.05	74.4753	6498.05	70.0545	6498.05	69.599	6498.05	68.807	6498.05	64.6153	6498.05	65.3313	6498.05	62.8116	6498.05	63.4836	6498.05	67.3435	6498.05	64.9451	6498.05	60.3895	6498.05	64.7384	6498.05	57.193	6498.05	66.1959	6498.05	55.7474	6498.05	64.5468	6498.05	57.9287	6498.05	62.1102	6498.05	59.3474	6498.05	56.7554
6727.29	82.9265	6727.29	83.167	6727.29	83.0925	6727.29	82.206	6727.29	80.7285	6727.29	82.032	6727.29	80.5611	6727.29	80.4991	6727.29	78.9103	6727.29	76.8656	6727.29	73.8342	6727.29	77.2827	6727.29	72.3313	6727.29	74.0374	6727.29	73.9192	6727.29	71.9268	6727.29	66.7029	6727.29	68.5558	6727.29	65.4212	6727.29	68.8265	6727.29	53.5436	6727.29	64.0257	6727.29	70.8359	6727.29	65.3953	6727.29	73.6784	6727.29	62.9911	6727.29	68.2091	6727.29	66.6101	6727.29	54.2757	6727.29	66.7367	6727.29	56.9812	6727.29	64.4222	6727.29	48.1615	6727.29	64.6101	6727.29	59.7027	6727.29	57.7588
6964.6	83.6547	6964.6	83.9064	6964.6	83.525	6964.6	82.1454	6964.6	81.6512	6964.6	83.048	6964.6	80.8755	6964.6	80.3675	6964.6	79.6221	6964.6	78.7884	6964.6	74.7735	6964.6	77.3169	6964.6	69.2535	6964.6	73.7902	6964.6	72.0588	6964.6	70.6953	6964.6	69.8634	6964.6	66.9062	6964.6	69.0143	6964.6	67.8705	6964.6	67.0299	6964.6	63.2669	6964.6	75.9573	6964.6	64.8826	6964.6	74.902	6964.6	61.4741	6964.6	68.7851	6964.6	65.6257	6964.6	56.2386	6964.6	67.372	6964.6	56.997	6964.6	65.3567	6964.6	57.4151	6964.6	62.8901	6964.6	57.9042	6964.6	57.5921
7209.96	83.7849	7209.96	84.1842	7209.96	84.0058	7209.96	82.8506	7209.96	82.4766	7209.96	83.6116	7209.96	81.3791	7209.96	80.1494	7209.96	79.7622	7209.96	80.0469	7209.96	74.2726	7209.96	76.7429	7209.96	62.7077	7209.96	73.6329	7209.96	74.9907	7209.96	72.5089	7209.96	72.9606	7209.96	69.5275	7209.96	70.5695	7209.96	69.6298	7209.96	71.2083	7209.96	65.4154	7209.96	74.6247	7209.96	65.5516	7209.96	67.9954	7209.96	58.8656	7209.96	62.9986	7209.96	65.3354	7209.96	56.1549	7209.96	66.2572	7209.96	56.8111	7209.96	66.1225	7209.96	58.427	7209.96	64.5759	7209.96	46.8891	7209.96	59.4624
7464.11	84.7248	7464.11	84.4426	7464.11	84.3848	7464.11	83.6322	7464.11	82.8831	7464.11	83.5021	7464.11	82.1092	7464.11	80.9646	7464.11	80.4738	7464.11	80.109	7464.11	73.5826	7464.11	77.2437	7464.11	65.4878	7464.11	74.4548	7464.11	75.8419	7464.11	72.339	7464.11	73.6909	7464.11	68.7572	7464.11	72.7713	7464.11	68.6815	7464.11	70.122	7464.11	65.8069	7464.11	71.7147	7464.11	66.3116	7464.11	52.6878	7464.11	59.734	7464.11	56.7868	7464.11	63.8039	7464.11	61.5645	7464.11	65.4002	7464.11	45.0922	7464.11	67.5795	7464.11	54.7446	7464.11	65.0733	7464.11	55.5762	7464.11	59.7582
7727.78	84.988	7727.78	84.3184	7727.78	84.8829	7727.78	84.5161	7727.78	83.451	7727.78	83.4929	7727.78	82.7044	7727.78	81.8206	7727.78	80.6117	7727.78	79.7132	7727.78	74.5583	7727.78	78.4339	7727.78	70.8079	7727.78	73.9345	7727.78	76.108	7727.78	72.5213	7727.78	73.312	7727.78	67.3847	7727.78	69.1721	7727.78	66.2376	7727.78	69.284	7727.78	66.0001	7727.78	71.9438	7727.78	66.4405	7727.78	61.3045	7727.78	63.1916	7727.78	60.5284	7727.78	64.6347	7727.78	66.3531	7727.78	64.7613	7727.78	49.1899	7727.78	67.8644	7727.78	59.2568	7727.78	61.4042	7727.78	54.6712	7727.78	59.8577
8000.24	85.1723	8000.24	84.5135	8000.24	85.4938	8000.24	85.1489	8000.24	84.1378	8000.24	83.4102	8000.24	83.6021	8000.24	82.0996	8000.24	81.5406	8000.24	79.7488	8000.24	75.5871	8000.24	78.9827	8000.24	74.0056	8000.24	73.1289	8000.24	73.169	8000.24	72.4601	8000.24	71.7339	8000.24	68.6719	8000.24	69.3992	8000.24	66.8571	8000.24	68.6657	8000.24	66.6767	8000.24	68.7896	8000.24	65.3564	8000.24	66.2614	8000.24	64.572	8000.24	61.7535	8000.24	63.8948	8000.24	65.2304	8000.24	66.2978	8000.24	54.7294	8000.24	68.5686	8000.24	63.1923	8000.24	62.217	8000.24	58.8277	8000.24	60.2624
8282.23	85.1371	8282.23	84.6301	8282.23	85.4099	8282.23	84.6378	8282.23	84.405	8282.23	83.8106	8282.23	84.0228	8282.23	82.4725	8282.23	81.7858	8282.23	80.5959	8282.23	76.7725	8282.23	77.6247	8282.23	77.7264	8282.23	74.4794	8282.23	75.1833	8282.23	72.1403	8282.23	71.5212	8282.23	70.9519	8282.23	66.0739	8282.23	68.5107	8282.23	61.2023	8282.23	66.9863	8282.23	66.7682	8282.23	65.0956	8282.23	67.5708	8282.23	66.6318	8282.23	64.0107	8282.23	64.3388	8282.23	62.5327	8282.23	67.2325	8282.23	49.651	8282.23	67.9446	8282.23	58.2259	8282.23	62.1875	8282.23	57.0587	8282.23	60.4277
8574.46	84.4403	8574.46	84.7645	8574.46	84.6055	8574.46	83.7872	8574.46	84.4518	8574.46	84.2777	8574.46	84.2404	8574.46	82.533	8574.46	81.7353	8574.46	80.5236	8574.46	77.9168	8574.46	76.1443	8574.46	77.9161	8574.46	75.6309	8574.46	74.8663	8574.46	71.2355	8574.46	76.097	8574.46	68.4039	8574.46	70.2039	8574.46	66.7602	8574.46	70.4	8574.46	67.3357	8574.46	71.3475	8574.46	62.9926	8574.46	64.4334	8574.46	67.0047	8574.46	61.3437	8574.46	63.4992	8574.46	59.6379	8574.46	66.0994	8574.46	47.5254	8574.46	68.2601	8574.46	55.3412	8574.46	63.9432	8574.46	59.4453	8574.46	62.736
8876.22	83.8001	8876.22	84.4286	8876.22	83.8994	8876.22	83.7177	8876.22	83.5962	8876.22	84.4416	8876.22	84.1696	8876.22	82.2391	8876.22	82.3247	8876.22	79.979	8876.22	78.9963	8876.22	77.2491	8876.22	78.4809	8876.22	74.9061	8876.22	75.0131	8876.22	72.8832	8876.22	74.9722	8876.22	68.4689	8876.22	70.0173	8876.22	65.0385	8876.22	72.9821	8876.22	67.5811	8876.22	73.0638	8876.22	62.3699	8876.22	59.987	8876.22	65.3035	8876.22	59.596	8876.22	60.5181	8876.22	61.1828	8876.22	64.0287	8876.22	56.4289	8876.22	70.9753	8876.22	54.628	8876.22	64.612	8876.22	57.9424	8876.22	63.443
9189.7	83.2482	9189.7	82.8699	9189.7	83.781	9189.7	83.7738	9189.7	83.04	9189.7	84.077	9189.7	83.1841	9189.7	81.778	9189.7	81.3859	9189.7	79.9249	9189.7	78.5377	9189.7	78.272	9189.7	79.3338	9189.7	74.2063	9189.7	72.1213	9189.7	73.3735	9189.7	75.668	9189.7	68.1434	9189.7	70.3475	9189.7	65.6101	9189.7	73.1753	9189.7	67.4616	9189.7	74.475	9189.7	64.4372	9189.7	64.9331	9189.7	66.2965	9189.7	56.8213	9189.7	59.7726	9189.7	60.0241	9189.7	64.9976	9189.7	54.0978	9189.7	70.4331	9189.7	54.6823	9189.7	63.6687	9189.7	56.894	9189.7	64.5912
9513.43	82.255	9513.43	81.1288	9513.43	83.5638	9513.43	83.2831	9513.43	82.9065	9513.43	83.0691	9513.43	82.6679	9513.43	81.1223	9513.43	80.909	9513.43	79.8598	9513.43	79.4155	9513.43	77.3828	9513.43	78.7439	9513.43	74.7349	9513.43	68.9513	9513.43	73.6752	9513.43	73.788	9513.43	68.2904	9513.43	65.4398	9513.43	66.3849	9513.43	73.8262	9513.43	67.4391	9513.43	76.8096	9513.43	65.57	9513.43	68.5419	9513.43	66.6154	9513.43	55.639	9513.43	62.5679	9513.43	46.8557	9513.43	62.3432	9513.43	41.6216	9513.43	70.1494	9513.43	59.0552	9513.43	63.2541	9513.43	57.3201	9513.43	63.1872
9848.88	81.1242	9848.88	79.9895	9848.88	82.7466	9848.88	81.9884	9848.88	82.3901	9848.88	81.7582	9848.88	82.1287	9848.88	80.3523	9848.88	80.4539	9848.88	78.7081	9848.88	79.7148	9848.88	76.9914	9848.88	77.9541	9848.88	75.3323	9848.88	67.5779	9848.88	73.5615	9848.88	71.3049	9848.88	67.4203	9848.88	61.1683	9848.88	65.7143	9848.88	69.6283	9848.88	66.3866	9848.88	74.165	9848.88	65.487	9848.88	65.151	9848.88	66.4066	9848.88	49.6223	9848.88	60.4801	9848.88	52.9555	9848.88	61.9073	9848.88	48.1016	9848.88	69.7282	9848.88	53.5096	9848.88	62.6755	9848.88	56.9464	9848.88	60.7551
10196.8	80.6265	10196.8	79.5063	10196.8	81.7359	10196.8	80.7591	10196.8	81.2777	10196.8	80.5098	10196.8	81.5884	10196.8	79.2227	10196.8	80.2814	10196.8	78.5331	10196.8	79.9551	10196.8	77.1304	10196.8	76.3927	10196.8	74.2116	10196.8	67.5699	10196.8	70.8819	10196.8	73.8921	10196.8	65.9659	10196.8	67.6336	10196.8	64.7428	10196.8	69.5044	10196.8	64.5899	10196.8	75.137	10196.8	64.3242	10196.8	66.931	10196.8	65.3122	10196.8	46.0705	10196.8	59.1969	10196.8	51.0145	10196.8	61.3018	10196.8	59.0297	10196.8	67.4701	10196.8	54.4209	10196.8	62.6203	10196.8	56.9204	10196.8	59.365
10556.4	80.6972	10556.4	79.2093	10556.4	81.0969	10556.4	80.0451	10556.4	79.3445	10556.4	79.0663	10556.4	80.1788	10556.4	79.3207	10556.4	78.5021	10556.4	78.8763	10556.4	79.3077	10556.4	75.5006	10556.4	74.7602	10556.4	72.3	10556.4	72.1071	10556.4	70.4297	10556.4	73.6841	10556.4	63.2788	10556.4	65.3393	10556.4	65.7086	10556.4	69.1574	10556.4	61.8766	10556.4	73.2573	10556.4	63.5094	10556.4	66.9968	10556.4	62.242	10556.4	52.1386	10556.4	61.532	10556.4	54.3151	10556.4	56.2946	10556.4	56.5648	10556.4	65.9264	10556.4	59.1471	10556.4	64.4147	10556.4	59.0333	10556.4	58.8082
10928.5	81.1424	10928.5	80.0797	10928.5	80.9437	10928.5	79.2622	10928.5	78.4272	10928.5	78.7798	10928.5	78.493	10928.5	79.6168	10928.5	77.032	10928.5	78.1246	10928.5	77.2629	10928.5	73.841	10928.5	74.0103	10928.5	72.7715	10928.5	70.7051	10928.5	71.1339	10928.5	65.8862	10928.5	61.5983	10928.5	55.1334	10928.5	62.9968	10928.5	71.7634	10928.5	60.419	10928.5	75.1768	10928.5	62.1657	10928.5	69.3817	10928.5	58.3876	10928.5	49.6258	10928.5	61.2401	10928.5	54.4799	10928.5	45.9021	10928.5	52.0657	10928.5	66.4255	10928.5	49.9396	10928.5	63.4679	10928.5	59.1844	10928.5	57.3901
11313.7	81.8009	11313.7	80.7465	11313.7	81.085	11313.7	78.7699	11313.7	79.0778	11313.7	79.095	11313.7	78.4387	11313.7	79.162	11313.7	77.0484	11313.7	76.6286	11313.7	76.3583	11313.7	73.636	11313.7	73.8265	11313.7	70.6271	11313.7	69.0735	11313.7	69.0303	11313.7	63.5182	11313.7	61.2898	11313.7	59.1008	11313.7	60.256	11313.7	67.6901	11313.7	58.6433	11313.7	70.6653	11313.7	60.7793	11313.7	64.8367	11313.7	55.6782	11313.7	54.2619	11313.7	63.2596	11313.7	47.5046	11313.7	55.2307	11313.7	58.8405	11313.7	65.3298	11313.7	50.5266	11313.7	62.5125	11313.7	55.7482	11313.7	56.2526
11712.9	82.0064	11712.9	80.8715	11712.9	80.7884	11712.9	78.999	11712.9	79.2726	11712.9	79.0287	11712.9	79.3462	11712.9	77.9992	11712.9	76.9018	11712.9	76.0387	11712.9	75.1858	11712.9	71.5019	11712.9	71.3782	11712.9	69.1446	11712.9	68.5732	11712.9	67.879	11712.9	63.5829	11712.9	59.8306	11712.9	53.4332	11712.9	58.893	11712.9	66.3101	11712.9	55.433	11712.9	69.2852	11712.9	56.2846	11712.9	62.2748	11712.9	48.6961	11712.9	55.7342	11712.9	61.8088	11712.9	48.6095	11712.9	53.6658	11712.9	52.7482	11712.9	63.137	11712.9	50.694	11712.9	60.9933	11712.9	55.3768	11712.9	54.2847
12126	82.2338	12126	81.2174	12126	81.0777	12126	79.8241	12126	79.615	12126	79.0479	12126	80.0304	12126	77.7741	12126	76.9746	12126	75.5687	12126	73.5227	12126	70.0248	12126	68.7889	12126	67.9461	12126	67.4755	12126	66.3212	12126	50.1501	12126	55.0746	12126	50.6146	12126	56.9962	12126	66.7081	12126	52.3408	12126	69.227	12126	53.878	12126	60.9364	12126	49.994	12126	50.7368	12126	60.0246	12126	45.8786	12126	53.7758	12126	49.5046	12126	61.1276	12126	54.4485	12126	58.3287	12126	52.5051	12126	46.6197
12553.7	82.507	12553.7	81.6162	12553.7	81.2859	12553.7	79.8273	12553.7	79.8853	12553.7	78.9506	12553.7	80.0771	12553.7	77.7159	12553.7	77.1593	12553.7	74.5199	12553.7	73.2217	12553.7	70.2151	12553.7	68.0349	12553.7	64.8452	12553.7	63.1014	12553.7	64.5454	12553.7	55.7278	12553.7	58.4386	12553.7	50.7975	12553.7	54.979	12553.7	66.7002	12553.7	52.0833	12553.7	68.5356	12553.7	42.9494	12553.7	58.8408	12553.7	52.0683	12553.7	51.3745	12553.7	58.1038	12553.7	36.0961	12553.7	55.7881	12553.7	49.8556	12553.7	59.3876	12553.7	50.8587	12553.7	58.4532	12553.7	42.7262	12553.7	47.1526
12996.1	82.5412	12996.1	82.0643	12996.1	81.361	12996.1	80.499	12996.1	80.3009	12996.1	79.1365	12996.1	80.4628	12996.1	77.0007	12996.1	76.9634	12996.1	74.446	12996.1	71.6097	12996.1	68.418	12996.1	66.3397	12996.1	65.0693	12996.1	62.5316	12996.1	63.5974	12996.1	51.3241	12996.1	59.0508	12996.1	55.6228	12996.1	55.3549	12996.1	67.0078	12996.1	50.9849	12996.1	69.2017	12996.1	44.6977	12996.1	58.602	12996.1	53.9655	12996.1	52.0923	12996.1	57.715	12996.1	43.1678	12996.1	58.4942	12996.1	48.5651	12996.1	57.0563	12996.1	53.3085	12996.1	58.9237	12996.1	48.9483	12996.1	50.2645
13454.6	82.4235	13454.6	82.0747	13454.6	81.457	13454.6	80.8164	13454.6	80.1992	13454.6	79.0139	13454.6	80.1888	13454.6	76.7308	13454.6	76.1133	13454.6	73.6279	13454.6	70.9423	13454.6	67.5395	13454.6	65.6313	13454.6	63.4628	13454.6	61.5679	13454.6	61.1477	13454.6	53.54	13454.6	57.3898	13454.6	54.6687	13454.6	54.3572	13454.6	66.5471	13454.6	52.8391	13454.6	69.0971	13454.6	52.7814	13454.6	58.832	13454.6	54.7038	13454.6	50.5584	13454.6	55.9219	13454.6	29.7659	13454.6	59.3408	13454.6	48.4112	13454.6	53.5965	13454.6	52.7905	13454.6	58.973	13454.6	42.7716	13454.6	50.226
13928.5	82.2723	13928.5	81.9039	13928.5	81.3338	13928.5	80.8381	13928.5	80.3314	13928.5	78.829	13928.5	80.2486	13928.5	76.459	13928.5	76.1712	13928.5	72.7843	13928.5	70.4249	13928.5	67.6044	13928.5	64.4945	13928.5	62.2167	13928.5	63.1115	13928.5	60.1328	13928.5	48.9647	13928.5	57.7818	13928.5	57.9872	13928.5	54.1683	13928.5	68.1254	13928.5	52.8485	13928.5	70.6979	13928.5	57.0888	13928.5	61.2113	13928.5	56.1366	13928.5	48.8099	13928.5	54.2359	13928.5	41.2692	13928.5	59.921	13928.5	47.4333	13928.5	50.3386	13928.5	52.8291	13928.5	58.5499	13928.5	48.4814	13928.5	53.4383
14419.9	82.2068	14419.9	81.9268	14419.9	81.3835	14419.9	80.912	14419.9	80.3762	14419.9	79.0529	14419.9	79.6517	14419.9	76.1727	14419.9	75.4204	14419.9	72.843	14419.9	69.9857	14419.9	65.3996	14419.9	66.1793	14419.9	62.1405	14419.9	64.093	14419.9	55.4221	14419.9	49.4049	14419.9	56.6828	14419.9	57.2067	14419.9	54.3137	14419.9	69.4154	14419.9	52.2468	14419.9	72.2605	14419.9	58.8409	14419.9	62.5847	14419.9	58.2543	14419.9	49.2487	14419.9	52.835	14419.9	37.5887	14419.9	59.4208	14419.9	50.7509	14419.9	48.2263	14419.9	55.3914	14419.9	57.3608	14419.9	51.4019	14419.9	54.4841
14928.2	82.5218	14928.2	82.2621	14928.2	81.6146	14928.2	81.0337	14928.2	80.6178	14928.2	78.8449	14928.2	79.5044	14928.2	76.6258	14928.2	75.0976	14928.2	72.0453	14928.2	70.0122	14928.2	65.242	14928.2	67.8046	14928.2	61.2668	14928.2	65.164	14928.2	47.8934	14928.2	36.7749	14928.2	56.8601	14928.2	59.8408	14928.2	56.3703	14928.2	69.4364	14928.2	52.3798	14928.2	72.5635	14928.2	59.5136	14928.2	63.6991	14928.2	58.7682	14928.2	50.2864	14928.2	50.0105	14928.2	47.6302	14928.2	58.1963	14928.2	51.3753	14928.2	37.9458	14928.2	55.7767	14928.2	54.7104	14928.2	50.4146	14928.2	56.0131
15454.8	82.8111	15454.8	82.7289	15454.8	82.1182	15454.8	81.1885	15454.8	80.9952	15454.8	78.6836	15454.8	79.4397	15454.8	76.3092	15454.8	74.816	15454.8	71.8375	15454.8	69.6432	15454.8	64.1696	15454.8	67.5723	15454.8	63.5206	15454.8	64.6871	15454.8	46.1503	15454.8	52.1979	15454.8	54.6522	15454.8	58.4045	15454.8	54.0007	15454.8	70.439	15454.8	51.4985	15454.8	73.101	15454.8	60.4535	15454.8	64.6158	15454.8	58.8259	15454.8	50.9486	15454.8	43.1204	15454.8	51.183	15454.8	55.5234	15454.8	53.5512	15454.8	42.2127	15454.8	54.8922	15454.8	51.8083	15454.8	49.9112	15454.8	54.9492
15999.8	82.9474	15999.8	83.0277	15999.8	82.4161	15999.8	81.4733	15999.8	81.2763	15999.8	78.8181	15999.8	79.2859	15999.8	75.8652	15999.8	74.1868	15999.8	70.7038	15999.8	69.2616	15999.8	64.3267	15999.8	66.8761	15999.8	62.184	15999.8	61.4265	15999.8	52.3284	15999.8	48.114	15999.8	51.0602	15999.8	55.9267	15999.8	51.6538	15999.8	69.5974	15999.8	48.5605	15999.8	72.9453	15999.8	60.0047	15999.8	63.8623	15999.8	56.4691	15999.8	50.1314	15999.8	41.9464	15999.8	49.7074	15999.8	48.4447	15999.8	54.8578	15999.8	35.6944	15999.8	55.538	15999.8	47.8842	15999.8	53.4493	15999.8	54.7551
16564.5	83.0555	16564.5	83.0866	16564.5	82.5135	16564.5	81.593	16564.5	81.396	16564.5	78.7162	16564.5	78.9737	16564.5	75.521	16564.5	73.6989	16564.5	70.1954	16564.5	67.5074	16564.5	64.2956	16564.5	63.3599	16564.5	60.714	16564.5	59.7934	16564.5	53.5687	16564.5	44.0019	16564.5	41.9939	16564.5	51.7093	16564.5	48.7974	16564.5	70.3992	16564.5	45.565	16564.5	73.9579	16564.5	59.7997	16564.5	65.6649	16564.5	50.9186	16564.5	47.3908	16564.5	49.2598	16564.5	50.619	16564.5	38.8911	16564.5	53.5293	16564.5	29.1936	16564.5	55.5344	16564.5	45.642	16564.5	52.9555	16564.5	54.3868
17148.2	83.1589	17148.2	83.1983	17148.2	82.5516	17148.2	81.7116	17148.2	81.3228	17148.2	78.587	17148.2	78.6859	17148.2	75.5033	17148.2	72.9953	17148.2	69.8214	17148.2	65.5695	17148.2	63.9728	17148.2	60.1729	17148.2	61.9823	17148.2	54.9822	17148.2	56.8992	17148.2	48.918	17148.2	42.8262	17148.2	49.2854	17148.2	41.8649	17148.2	70.481	17148.2	43.8415	17148.2	74.6654	17148.2	58.5138	17148.2	67.0503	17148.2	44.3174	17148.2	41.6027	17148.2	53.2198	17148.2	49.4957	17148.2	40.2365	17148.2	53.8974	17148.2	38.0977	17148.2	54.9211	17148.2	36.045	17148.2	51.4513	17148.2	54.4662
17753.2	82.9244	17753.2	83.0349	17753.2	82.6006	17753.2	81.6629	17753.2	81.0224	17753.2	78.279	17753.2	78.1558	17753.2	75.3863	17753.2	72.3109	17753.2	69.5496	17753.2	63.5931	17753.2	64.2951	17753.2	59.2376	17753.2	62.2524	17753.2	51.6731	17753.2	58.2788	17753.2	54.9544	17753.2	46.8833	17753.2	51.4422	17753.2	44.7687	17753.2	71.1554	17753.2	42.2918	17753.2	75.5134	17753.2	56.6682	17753.2	68.0386	17753.2	44.8307	17753.2	36.96	17753.2	54.6967	17753.2	49.7021	17753.2	47.2699	17753.2	51.3969	17753.2	42.2233	17753.2	53.1827	17753.2	44.2414	17753.2	54.3201	17753.2	55.0424
18379.4	82.6861	18379.4	82.6953	18379.4	82.5161	18379.4	81.5689	18379.4	80.6706	18379.4	77.3596	18379.4	77.948	18379.4	74.9467	18379.4	71.7315	18379.4	67.99	18379.4	62.5407	18379.4	62.8524	18379.4	55.1891	18379.4	59.1738	18379.4	48.1156	18379.4	56.9979	18379.4	52.6507	18379.4	51.3964	18379.4	51.1007	18379.4	44.635	18379.4	70.5196	18379.4	44.0377	18379.4	75.1508	18379.4	55.8375	18379.4	68.4747	18379.4	46.27	18379.4	42.4843	18379.4	54.28	18379.4	50.1932	18379.4	47.3835	18379.4	48.3423	18379.4	48.3034	18379.4	51.1574	18379.4	44.2875	18379.4	55.8517	18379.4	53.0975
19027.6	81.6639	19027.6	81.704	19027.6	81.5865	19027.6	80.3629	19027.6	79.8461	19027.6	75.5798	19027.6	76.7405	19027.6	72.6592	19027.6	69.4553	19027.6	64.5121	19027.6	57.8919	19027.6	59.7265	19027.6	50.6706	19027.6	54.373	19027.6	44.5021	19027.6	54.1026	19027.6	43.0322	19027.6	51.9579	19027.6	46.3623	19027.6	34.8769	19027.6	67.7242	19027.6	49.0942	19027.6	73.0713	19027.6	54.2729	19027.6	66.8324	19027.6	47.2062	19027.6	41.8482	19027.6	52.1657	19027.6	44.4931	19027.6	51.1843	19027.6	42.4471	19027.6	51.2674	19027.6	46.3383	19027.6	37.2819	19027.6	55.3746	19027.6	51.52
19698.5	79.7893	19698.5	80.4107	19698.5	79.7696	19698.5	79.1514	19698.5	78.2204	19698.5	73.7641	19698.5	74.1602	19698.5	69.7223	19698.5	66.5443	19698.5	59.9399	19698.5	54.9622	19698.5	55.6257	19698.5	54.2598	19698.5	49.2252	19698.5	52.9718	19698.5	51.8433	19698.5	40.7978	19698.5	53.1736	19698.5	35.9513	19698.5	42.2833	19698.5	64.1282	19698.5	50.4796	19698.5	70.6755	19698.5	53.2918	19698.5	64.5715	19698.5	47.1379	19698.5	46.0478	19698.5	47.8428	19698.5	45.1484	19698.5	52.0439	19698.5	39.3374	19698.5	52.3028	19698.5	41.269	19698.5	43.4925	19698.5	55.6392	19698.5	49.1435
19999.5	78.8916	19999.5	79.7161	19999.5	78.4982	19999.5	78.5435	19999.5	77.021	19999.5	72.4537	19999.5	72.3119	19999.5	68.8639	19999.5	65.6304	19999.5	59.6226	19999.5	58.3061	19999.5	55.3328	19999.5	56.0195	19999.5	49.2119	19999.5	54.2457	19999.5	52.7208	19999.5	49.7727	19999.5	52.4034	19999.5	39.8313	19999.5	50.1385	19999.5	61.2765	19999.5	54.5884	19999.5	68.5956	19999.5	54.3554	19999.5	61.7304	19999.5	49.1445	19999.5	50.2579	19999.5	42.9978	19999.5	44.269	19999.5	47.2709	19999.5	43.8648	19999.5	54.088	19999.5	44.7341	19999.5	40.5605	19999.5	54.3818	19999.5	47.3179
