"SPL Horizontal"																																																																							
"On-Axis"		"10°"		"-10°"		"20°"		"-20°"		"30°"		"-30°"		"40°"		"-40°"		"50°"		"-50°"		"60°"		"-60°"		"70°"		"-70°"		"80°"		"-80°"		"90°"		"-90°"		"100°"		"-100°"		"110°"		"-110°"		"120°"		"-120°"		"130°"		"-130°"		"140°"		"-140°"		"150°"		"-150°"		"160°"		"-160°"		"170°"		"-170°"		"180°"	
"Frequency / Hz"	"Sound Pressure Level / dB (re 20 µPa/V)  [2.83  V @ 1. m]"	"Frequency / Hz"	"Sound Pressure Level / dB (re 20 µPa/V)  [2.83  V @ 1. m]"	"Frequency / Hz"	"Sound Pressure Level / dB (re 20 µPa/V)  [2.83  V @ 1. m]"	"Frequency / Hz"	"Sound Pressure Level / dB (re 20 µPa/V)  [2.83  V @ 1. m]"	"Frequency / Hz"	"Sound Pressure Level / dB (re 20 µPa/V)  [2.83  V @ 1. m]"	"Frequency / Hz"	"Sound Pressure Level / dB (re 20 µPa/V)  [2.83  V @ 1. m]"	"Frequency / Hz"	"Sound Pressure Level / dB (re 20 µPa/V)  [2.83  V @ 1. m]"	"Frequency / Hz"	"Sound Pressure Level / dB (re 20 µPa/V)  [2.83  V @ 1. m]"	"Frequency / Hz"	"Sound Pressure Level / dB (re 20 µPa/V)  [2.83  V @ 1. m]"	"Frequency / Hz"	"Sound Pressure Level / dB (re 20 µPa/V)  [2.83  V @ 1. m]"	"Frequency / Hz"	"Sound Pressure Level / dB (re 20 µPa/V)  [2.83  V @ 1. m]"	"Frequency / Hz"	"Sound Pressure Level / dB (re 20 µPa/V)  [2.83  V @ 1. m]"	"Frequency / Hz"	"Sound Pressure Level / dB (re 20 µPa/V)  [2.83  V @ 1. m]"	"Frequency / Hz"	"Sound Pressure Level / dB (re 20 µPa/V)  [2.83  V @ 1. m]"	"Frequency / Hz"	"Sound Pressure Level / dB (re 20 µPa/V)  [2.83  V @ 1. m]"	"Frequency / Hz"	"Sound Pressure Level / dB (re 20 µPa/V)  [2.83  V @ 1. m]"	"Frequency / Hz"	"Sound Pressure Level / dB (re 20 µPa/V)  [2.83  V @ 1. m]"	"Frequency / Hz"	"Sound Pressure Level / dB (re 20 µPa/V)  [2.83  V @ 1. m]"	"Frequency / Hz"	"Sound Pressure Level / dB (re 20 µPa/V)  [2.83  V @ 1. m]"	"Frequency / Hz"	"Sound Pressure Level / dB (re 20 µPa/V)  [2.83  V @ 1. m]"	"Frequency / Hz"	"Sound Pressure Level / dB (re 20 µPa/V)  [2.83  V @ 1. m]"	"Frequency / Hz"	"Sound Pressure Level / dB (re 20 µPa/V)  [2.83  V @ 1. m]"	"Frequency / Hz"	"Sound Pressure Level / dB (re 20 µPa/V)  [2.83  V @ 1. m]"	"Frequency / Hz"	"Sound Pressure Level / dB (re 20 µPa/V)  [2.83  V @ 1. m]"	"Frequency / Hz"	"Sound Pressure Level / dB (re 20 µPa/V)  [2.83  V @ 1. m]"	"Frequency / Hz"	"Sound Pressure Level / dB (re 20 µPa/V)  [2.83  V @ 1. m]"	"Frequency / Hz"	"Sound Pressure Level / dB (re 20 µPa/V)  [2.83  V @ 1. m]"	"Frequency / Hz"	"Sound Pressure Level / dB (re 20 µPa/V)  [2.83  V @ 1. m]"	"Frequency / Hz"	"Sound Pressure Level / dB (re 20 µPa/V)  [2.83  V @ 1. m]"	"Frequency / Hz"	"Sound Pressure Level / dB (re 20 µPa/V)  [2.83  V @ 1. m]"	"Frequency / Hz"	"Sound Pressure Level / dB (re 20 µPa/V)  [2.83  V @ 1. m]"	"Frequency / Hz"	"Sound Pressure Level / dB (re 20 µPa/V)  [2.83  V @ 1. m]"	"Frequency / Hz"	"Sound Pressure Level / dB (re 20 µPa/V)  [2.83  V @ 1. m]"	"Frequency / Hz"	"Sound Pressure Level / dB (re 20 µPa/V)  [2.83  V @ 1. m]"	"Frequency / Hz"	"Sound Pressure Level / dB (re 20 µPa/V)  [2.83  V @ 1. m]"	"Frequency / Hz"	"Sound Pressure Level / dB (re 20 µPa/V)  [2.83  V @ 1. m]"
20.5078	38.8986	20.5078	38.7915	20.5078	38.9697	20.5078	38.6511	20.5078	39.0042	20.5078	38.4823	20.5078	39.0035	20.5078	38.2923	20.5078	38.9711	20.5078	38.0909	20.5078	38.9123	20.5078	37.8905	20.5078	38.8343	20.5078	37.7053	20.5078	38.746	20.5078	37.5508	20.5078	38.6571	20.5078	37.4412	20.5078	38.577	20.5078	37.3871	20.5078	38.5133	20.5078	37.3935	20.5078	38.4705	20.5078	37.4576	20.5078	38.4483	20.5078	37.5696	20.5078	38.4416	20.5078	37.7142	20.5078	38.4411	20.5078	37.8737	20.5078	38.4353	20.5078	38.0306	20.5078	38.4127	20.5078	38.1705	20.5078	38.3638	20.5078	38.2832
21.9727	38.4667	21.9727	38.4475	21.9727	38.4652	21.9727	38.4121	21.9727	38.4435	21.9727	38.3702	21.9727	38.4074	21.9727	38.3358	21.9727	38.3679	21.9727	38.3259	21.9727	38.3401	21.9727	38.3582	21.9727	38.3419	21.9727	38.4478	21.9727	38.3914	21.9727	38.6028	21.9727	38.5026	21.9727	38.8226	21.9727	38.6817	21.9727	39.0965	21.9727	38.9249	21.9727	39.4062	21.9727	39.2181	21.9727	39.7292	21.9727	39.5399	21.9727	40.042	21.9727	39.8656	21.9727	40.3233	21.9727	40.1711	21.9727	40.5554	21.9727	40.4354	21.9727	40.7244	21.9727	40.6419	21.9727	40.821	21.9727	40.779	21.9727	40.8396
23.4375	41.2587	23.4375	41.2672	23.4375	41.2467	23.4375	41.274	23.4375	41.2334	23.4375	41.2854	23.4375	41.2251	23.4375	41.3101	23.4375	41.2319	23.4375	41.3592	23.4375	41.2659	23.4375	41.4433	23.4375	41.3394	23.4375	41.5707	23.4375	41.4619	23.4375	41.7448	23.4375	41.6379	23.4375	41.9636	23.4375	41.8646	23.4375	42.2185	23.4375	42.1325	23.4375	42.4964	23.4375	42.4263	23.4375	42.781	23.4375	42.7275	23.4375	43.0555	23.4375	43.0172	23.4375	43.3037	23.4375	43.2783	23.4375	43.5117	23.4375	43.4962	23.4375	43.6682	23.4375	43.6597	23.4375	43.7649	23.4375	43.7613	23.4375	43.7967
24.9023	43.5086	24.9023	43.4686	24.9023	43.5381	24.9023	43.4211	24.9023	43.558	24.9023	43.3737	24.9023	43.5732	24.9023	43.3371	24.9023	43.5919	24.9023	43.3248	24.9023	43.6247	24.9023	43.3508	24.9023	43.683	24.9023	43.4271	24.9023	43.7766	24.9023	43.5607	24.9023	43.9121	24.9023	43.7515	24.9023	44.0905	24.9023	43.9918	24.9023	44.3064	24.9023	44.2672	24.9023	44.5488	24.9023	44.5591	24.9023	44.8025	24.9023	44.8479	24.9023	45.0505	24.9023	45.1147	24.9023	45.2759	24.9023	45.3434	24.9023	45.4634	24.9023	45.5214	24.9023	45.6009	24.9023	45.6395	24.9023	45.6791	24.9023	45.6927
26.3672	44.9234	26.3672	44.8942	26.3672	44.9336	26.3672	44.85	26.3672	44.9256	26.3672	44.8	26.3672	44.9057	26.3672	44.7578	26.3672	44.8846	26.3672	44.7404	26.3672	44.877	26.3672	44.7655	26.3672	44.8996	26.3672	44.8482	26.3672	44.9682	26.3672	44.9971	26.3672	45.0943	26.3672	45.212	26.3672	45.2817	26.3672	45.4826	26.3672	45.5249	26.3672	45.791	26.3672	45.8096	26.3672	46.1147	26.3672	46.1155	26.3672	46.4306	26.3672	46.4202	26.3672	46.7174	26.3672	46.7019	26.3672	46.9574	26.3672	46.9416	26.3672	47.1369	26.3672	47.1245	26.3672	47.2468	26.3672	47.2401	26.3672	47.2816
27.832	46.5016	27.832	46.5149	27.832	46.4898	27.832	46.532	27.832	46.4824	27.832	46.5604	27.832	46.4878	27.832	46.6115	27.832	46.5186	27.832	46.6983	27.832	46.5895	27.832	46.8333	27.832	46.714	27.832	47.0245	27.832	46.9016	27.832	47.2733	27.832	47.1535	27.832	47.5731	27.832	47.4626	27.832	47.9103	27.832	47.8133	27.832	48.2666	27.832	48.1855	27.832	48.6219	27.832	48.5568	27.832	48.9564	27.832	48.9064	27.832	49.2529	27.832	49.2162	27.832	49.4972	27.832	49.4718	27.832	49.6783	27.832	49.6624	27.832	49.7885	27.832	49.7809	27.832	49.8233
29.2969	48.6713	29.2969	48.6683	29.2969	48.6856	29.2969	48.6793	29.2969	48.7132	29.2969	48.7114	29.2969	48.7605	29.2969	48.775	29.2969	48.8373	29.2969	48.8813	29.2969	48.9542	29.2969	49.0401	29.2969	49.1204	29.2969	49.2561	29.2969	49.3405	29.2969	49.5278	29.2969	49.6128	29.2969	49.8461	29.2969	49.9287	29.2969	50.1965	29.2969	50.274	29.2969	50.5605	29.2969	50.6309	29.2969	50.9191	29.2969	50.9809	29.2969	51.254	29.2969	51.3061	29.2969	51.5497	29.2969	51.5915	29.2969	51.7933	29.2969	51.8247	29.2969	51.9754	29.2969	51.9962	29.2969	52.0892	29.2969	52.0996	29.2969	52.131
30.7617	51.4152	30.7617	51.4147	30.7617	51.4268	30.7617	51.4277	30.7617	51.4513	30.7617	51.4603	30.7617	51.4941	30.7617	51.5214	30.7617	51.5638	30.7617	51.6206	30.7617	51.6697	30.7617	51.7665	30.7617	51.8201	30.7617	51.9634	30.7617	52.0195	30.7617	52.2106	30.7617	52.2671	30.7617	52.5009	30.7617	52.556	30.7617	52.8218	30.7617	52.8738	30.7617	53.1572	30.7617	53.2048	30.7617	53.4896	30.7617	53.5316	30.7617	53.8019	30.7617	53.8374	30.7617	54.0789	30.7617	54.1075	30.7617	54.308	30.7617	54.3294	30.7617	54.4794	30.7617	54.4936	30.7617	54.5864	30.7617	54.5934	30.7617	54.6248
32.2266	53.3436	32.2266	53.3435	32.2266	53.3529	32.2266	53.355	32.2266	53.3732	32.2266	53.3838	32.2266	53.4096	32.2266	53.4381	32.2266	53.47	32.2266	53.5272	32.2266	53.5632	32.2266	53.659	32.2266	53.6973	32.2266	53.8383	32.2266	53.877	32.2266	54.0646	32.2266	54.1022	32.2266	54.3318	32.2266	54.3671	32.2266	54.6285	32.2266	54.6607	32.2266	54.9398	32.2266	54.9685	32.2266	55.2494	32.2266	55.2742	32.2266	55.541	32.2266	55.5618	32.2266	55.8001	32.2266	55.8168	32.2266	56.0146	32.2266	56.0271	32.2266	56.1751	32.2266	56.1834	32.2266	56.2748	32.2266	56.279	32.2266	56.3099
33.6914	55.5654	33.6914	55.5714	33.6914	55.5694	33.6914	55.5893	33.6914	55.585	33.6914	55.6235	33.6914	55.6169	33.6914	55.681	33.6914	55.6718	33.6914	55.7694	33.6914	55.7577	33.6914	55.8953	33.6914	55.8814	33.6914	56.0626	33.6914	56.0472	33.6914	56.2708	33.6914	56.2549	33.6914	56.515	33.6914	56.4996	33.6914	56.7854	33.6914	56.7714	33.6914	57.0691	33.6914	57.0573	33.6914	57.3515	33.6914	57.3422	33.6914	57.6182	33.6914	57.6113	33.6914	57.8556	33.6914	57.8508	33.6914	58.0523	33.6914	58.0492	33.6914	58.1992	33.6914	58.1974	33.6914	58.2898	33.6914	58.289	33.6914	58.3202
35.1562	57.2398	35.1562	57.249	35.1562	57.2388	35.1562	57.2677	35.1562	57.2475	35.1562	57.3004	35.1562	57.2706	35.1562	57.3534	35.1562	57.3147	35.1562	57.434	35.1562	57.3875	35.1562	57.5487	35.1562	57.4961	35.1562	57.7016	35.1562	57.645	35.1562	57.893	35.1562	57.8347	35.1562	58.1187	35.1562	58.0611	35.1562	58.3701	35.1562	58.3152	35.1562	58.6354	35.1562	58.5849	35.1562	58.9007	35.1562	58.8558	35.1562	59.1519	35.1562	59.1136	35.1562	59.376	35.1562	59.3448	35.1562	59.5615	35.1562	59.5378	35.1562	59.6993	35.1562	59.6834	35.1562	59.7831	35.1562	59.7751	35.1562	59.8087
36.6211	59.2182	36.6211	59.2241	36.6211	59.2186	36.6211	59.2378	36.6211	59.2265	36.6211	59.2629	36.6211	59.2458	36.6211	59.3051	36.6211	59.2822	36.6211	59.3709	36.6211	59.3422	36.6211	59.4662	36.6211	59.4322	36.6211	59.5949	36.6211	59.5565	36.6211	59.7577	36.6211	59.7165	36.6211	59.9518	36.6211	59.9093	36.6211	60.1699	36.6211	60.1281	36.6211	60.4021	36.6211	60.3625	36.6211	60.6362	36.6211	60.6004	36.6211	60.8595	36.6211	60.8287	36.6211	61.0599	36.6211	61.0348	36.6211	61.2268	36.6211	61.2078	36.6211	61.3514	36.6211	61.3387	36.6211	61.4275	36.6211	61.4212	36.6211	61.4512
38.0859	60.6851	38.0859	60.691	38.0859	60.6851	38.0859	60.7039	38.0859	60.6922	38.0859	60.7275	38.0859	60.7103	38.0859	60.7671	38.0859	60.745	38.0859	60.8289	38.0859	60.8026	38.0859	60.9188	38.0859	60.8894	38.0859	61.0408	38.0859	61.0096	38.0859	61.196	38.0859	61.1645	38.0859	61.3817	38.0859	61.3514	38.0859	61.5917	38.0859	61.5636	38.0859	61.8162	38.0859	61.7913	38.0859	62.0435	38.0859	62.0224	38.0859	62.2614	38.0859	62.2443	38.0859	62.4577	38.0859	62.4445	38.0859	62.6219	38.0859	62.6124	38.0859	62.7452	38.0859	62.7391	38.0859	62.8213	38.0859	62.8183	38.0859	62.8461
39.5508	62.3487	39.5508	62.3573	39.5508	62.3471	39.5508	62.3738	39.5508	62.3535	39.5508	62.4012	39.5508	62.3712	39.5508	62.444	39.5508	62.4048	39.5508	62.5073	39.5508	62.4598	39.5508	62.5957	39.5508	62.5413	39.5508	62.7124	39.5508	62.6529	39.5508	62.858	39.5508	62.7957	39.5508	63.0301	39.5508	62.9674	39.5508	63.223	39.5508	63.1622	39.5508	63.4281	39.5508	63.3715	39.5508	63.6352	39.5508	63.5845	39.5508	63.8331	39.5508	63.7897	39.5508	64.0112	39.5508	63.9759	39.5508	64.1596	39.5508	64.1329	39.5508	64.2703	39.5508	64.2525	39.5508	64.3374	39.5508	64.3285	39.5508	64.3572
41.0156	64.3561	41.0156	64.3649	41.0156	64.3493	41.0156	64.3762	41.0156	64.3457	41.0156	64.3925	41.0156	64.3483	41.0156	64.4177	41.0156	64.3617	41.0156	64.4564	41.0156	64.3911	41.0156	64.5132	41.0156	64.4418	41.0156	64.5921	41.0156	64.5178	41.0156	64.6947	41.0156	64.6212	41.0156	64.8206	41.0156	64.751	41.0156	64.9661	41.0156	64.9031	41.0156	65.1252	41.0156	65.0706	41.0156	65.2896	41.0156	65.2444	41.0156	65.4499	41.0156	65.4141	41.0156	65.5965	41.0156	65.5696	41.0156	65.7204	41.0156	65.7014	41.0156	65.814	41.0156	65.802	41.0156	65.8715	41.0156	65.8658	41.0156	65.8893
42.4805	65.2856	42.4805	65.285	42.4805	65.2895	42.4805	65.2885	42.4805	65.2975	42.4805	65.2986	42.4805	65.312	42.4805	65.3193	42.4805	65.3368	42.4805	65.3549	42.4805	65.3764	42.4805	65.4098	42.4805	65.4351	42.4805	65.4875	42.4805	65.5163	42.4805	65.5894	42.4805	65.6212	42.4805	65.7147	42.4805	65.7489	42.4805	65.8596	42.4805	65.8953	42.4805	66.0181	42.4805	66.0541	42.4805	66.1819	42.4805	66.217	42.4805	66.3421	42.4805	66.3745	42.4805	66.4892	42.4805	66.5174	42.4805	66.6146	42.4805	66.6373	42.4805	66.7111	42.4805	66.7269	42.4805	66.773	42.4805	66.7811	42.4805	66.7968
43.9453	66.6928	43.9453	66.6929	43.9453	66.6948	43.9453	66.6957	43.9453	66.6996	43.9453	66.7035	43.9453	66.7094	43.9453	66.7198	43.9453	66.7275	43.9453	66.7484	43.9453	66.7581	43.9453	66.7935	43.9453	66.8053	43.9453	66.8582	43.9453	66.8721	43.9453	66.9443	43.9453	66.9604	43.9453	67.0511	43.9453	67.0694	43.9453	67.176	43.9453	67.196	43.9453	67.3136	43.9453	67.3348	43.9453	67.4571	43.9453	67.4786	43.9453	67.5983	43.9453	67.6189	43.9453	67.7287	43.9453	67.7472	43.9453	67.8403	43.9453	67.8554	43.9453	67.9262	43.9453	67.937	43.9453	67.9812	43.9453	67.9868	43.9453	68.0018
45.4102	68.0503	45.4102	68.0508	45.4102	68.0519	45.4102	68.0541	45.4102	68.0564	45.4102	68.0622	45.4102	68.0656	45.4102	68.0779	45.4102	68.0827	45.4102	68.1049	45.4102	68.1111	45.4102	68.1466	45.4102	68.1545	45.4102	68.2059	45.4102	68.2156	45.4102	68.2844	45.4102	68.2962	45.4102	68.3818	45.4102	68.3956	45.4102	68.4957	45.4102	68.5112	45.4102	68.6214	45.4102	68.6382	45.4102	68.7529	45.4102	68.7702	45.4102	68.8826	45.4102	68.8994	45.4102	69.0027	45.4102	69.018	45.4102	69.1057	45.4102	69.1184	45.4102	69.1852	45.4102	69.1942	45.4102	69.236	45.4102	69.2407	45.4102	69.255
46.875	69.244	46.875	69.2445	46.875	69.2458	46.875	69.2478	46.875	69.2504	46.875	69.2558	46.875	69.2597	46.875	69.2711	46.875	69.2764	46.875	69.2969	46.875	69.3036	46.875	69.3366	46.875	69.3448	46.875	69.3928	46.875	69.4025	46.875	69.4668	46.875	69.478	46.875	69.5585	46.875	69.5712	46.875	69.6656	46.875	69.6795	46.875	69.7839	46.875	69.7985	46.875	69.9075	46.875	69.9224	46.875	70.0296	46.875	70.0439	46.875	70.1427	46.875	70.1555	46.875	70.2398	46.875	70.2504	46.875	70.3147	46.875	70.3222	46.875	70.3625	46.875	70.3664	46.875	70.3801
48.3398	70.5028	48.3398	70.5046	48.3398	70.5039	48.3398	70.5097	48.3398	70.5083	48.3398	70.5198	48.3398	70.5177	48.3398	70.537	48.3398	70.5341	48.3398	70.5639	48.3398	70.5604	48.3398	70.6033	48.3398	70.5992	48.3398	70.6571	48.3398	70.6526	48.3398	70.7265	48.3398	70.7219	48.3398	70.811	48.3398	70.8066	48.3398	70.9086	48.3398	70.9047	48.3398	71.0156	48.3398	71.0123	48.3398	71.1267	48.3398	71.1243	48.3398	71.2359	48.3398	71.2343	48.3398	71.3367	48.3398	71.3357	48.3398	71.4228	48.3398	71.4223	48.3398	71.4886	48.3398	71.4884	48.3398	71.53	48.3398	71.5299	48.3398	71.544
51.2695	72.7514	51.2695	72.754	51.2695	72.7514	51.2695	72.7595	51.2695	72.7542	51.2695	72.7689	51.2695	72.761	51.2695	72.784	51.2695	72.7735	51.2695	72.8067	51.2695	72.7938	51.2695	72.839	51.2695	72.824	51.2695	72.8825	51.2695	72.8657	51.2695	72.938	51.2695	72.9199	51.2695	73.0051	51.2695	72.9864	51.2695	73.0825	51.2695	73.0637	51.2695	73.1672	51.2695	73.1491	51.2695	73.2552	51.2695	73.2384	51.2695	73.3416	51.2695	73.3268	51.2695	73.4214	51.2695	73.409	51.2695	73.4894	51.2695	73.4798	51.2695	73.541	51.2695	73.5345	51.2695	73.5728	51.2695	73.5695	51.2695	73.5826
52.7344	73.8664	52.7344	73.87	52.7344	73.8649	52.7344	73.876	52.7344	73.8659	52.7344	73.8852	52.7344	73.8703	52.7344	73.8991	52.7344	73.8797	52.7344	73.9194	52.7344	73.8959	52.7344	73.9477	52.7344	73.9208	52.7344	73.9853	52.7344	73.9557	52.7344	74.0331	52.7344	74.0017	52.7344	74.0908	52.7344	74.0587	52.7344	74.1572	52.7344	74.1254	52.7344	74.2299	52.7344	74.1995	52.7344	74.3055	52.7344	74.2775	52.7344	74.38	52.7344	74.3553	52.7344	74.4486	52.7344	74.4279	52.7344	74.507	52.7344	74.491	52.7344	74.5511	52.7344	74.5402	52.7344	74.5777	52.7344	74.5722	52.7344	74.585
54.1992	74.8794	54.1992	74.8829	54.1992	74.8773	54.1992	74.888	54.1992	74.8768	54.1992	74.8953	54.1992	74.8791	54.1992	74.9063	54.1992	74.8854	54.1992	74.9225	54.1992	74.8976	54.1992	74.9453	54.1992	74.9173	54.1992	74.9762	54.1992	74.9461	54.1992	75.016	54.1992	74.9848	54.1992	75.0648	54.1992	75.0336	54.1992	75.1215	54.1992	75.0915	54.1992	75.1843	54.1992	75.1565	54.1992	75.2502	54.1992	75.2253	54.1992	75.3156	54.1992	75.2943	54.1992	75.3764	54.1992	75.3591	54.1992	75.4284	54.1992	75.4153	54.1992	75.468	54.1992	75.4592	54.1992	75.4921	54.1992	75.4877	54.1992	75.4989
55.6641	75.7934	55.6641	75.7939	55.6641	75.7952	55.6641	75.797	55.6641	75.7996	55.6641	75.8035	55.6641	75.8073	55.6641	75.8144	55.6641	75.8195	55.6641	75.8312	55.6641	75.8375	55.6641	75.8553	55.6641	75.8627	55.6641	75.8879	55.6641	75.8963	55.6641	75.9295	55.6641	75.9388	55.6641	75.98	55.6641	75.9901	55.6641	76.0384	55.6641	76.0491	55.6641	76.1028	55.6641	76.1136	55.6641	76.1702	55.6641	76.1808	55.6641	76.2371	55.6641	76.2471	55.6641	76.2995	55.6641	76.3083	55.6641	76.3534	55.6641	76.3605	55.6641	76.3952	55.6641	76.4003	55.6641	76.4221	55.6641	76.4247	55.6641	76.4322
58.5938	77.5427	58.5938	77.5423	58.5938	77.5452	58.5938	77.5443	58.5938	77.5498	58.5938	77.549	58.5938	77.5572	58.5938	77.5575	58.5938	77.5679	58.5938	77.5707	58.5938	77.583	58.5938	77.5896	58.5938	77.6033	58.5938	77.6149	58.5938	77.6297	58.5938	77.6471	58.5938	77.6625	58.5938	77.686	58.5938	77.7017	58.5938	77.731	58.5938	77.7464	58.5938	77.7804	58.5938	77.7952	58.5938	77.8322	58.5938	77.8459	58.5938	77.8836	58.5938	77.8959	58.5938	77.9317	58.5938	77.9421	58.5938	77.9733	58.5938	77.9815	58.5938	78.0058	58.5938	78.0114	58.5938	78.0269	58.5938	78.0297	58.5938	78.035
60.0586	78.3041	60.0586	78.3034	60.0586	78.307	60.0586	78.305	60.0586	78.3123	60.0586	78.3095	60.0586	78.3202	60.0586	78.3175	60.0586	78.3315	60.0586	78.3299	60.0586	78.3469	60.0586	78.3474	60.0586	78.3672	60.0586	78.3708	60.0586	78.3929	60.0586	78.4003	60.0586	78.4243	60.0586	78.436	60.0586	78.4612	60.0586	78.477	60.0586	78.5028	60.0586	78.5221	60.0586	78.5478	60.0586	78.5694	60.0586	78.594	60.0586	78.6165	60.0586	78.6391	60.0586	78.6609	60.0586	78.6804	60.0586	78.6996	60.0586	78.7152	60.0586	78.7302	60.0586	78.7412	60.0586	78.7507	60.0586	78.7563	60.0586	78.7596
62.9883	79.6895	62.9883	79.6889	62.9883	79.6914	62.9883	79.6899	62.9883	79.6949	62.9883	79.6929	62.9883	79.7001	62.9883	79.6982	62.9883	79.7073	62.9883	79.7064	62.9883	79.7172	62.9883	79.7182	62.9883	79.7303	62.9883	79.7339	62.9883	79.7469	62.9883	79.7539	62.9883	79.7673	62.9883	79.7779	62.9883	79.7914	62.9883	79.8057	62.9883	79.8188	62.9883	79.8363	62.9883	79.8487	62.9883	79.8685	62.9883	79.8797	62.9883	79.9005	62.9883	79.9103	62.9883	79.9306	62.9883	79.9387	62.9883	79.9567	62.9883	79.963	62.9883	79.9771	62.9883	79.9814	62.9883	79.9905	62.9883	79.9927	62.9883	79.9958
64.4531	80.266	64.4531	80.2662	64.4531	80.2668	64.4531	80.2672	64.4531	80.2684	64.4531	80.2695	64.4531	80.2712	64.4531	80.2735	64.4531	80.2756	64.4531	80.2795	64.4531	80.282	64.4531	80.2882	64.4531	80.2909	64.4531	80.3	64.4531	80.3028	64.4531	80.3151	64.4531	80.3179	64.4531	80.3335	64.4531	80.3364	64.4531	80.3551	64.4531	80.3579	64.4531	80.379	64.4531	80.3817	64.4531	80.4044	64.4531	80.4069	64.4531	80.4299	64.4531	80.4322	64.4531	80.4539	64.4531	80.4559	64.4531	80.4748	64.4531	80.4764	64.4531	80.4911	64.4531	80.4922	64.4531	80.5016	64.4531	80.5021	64.4531	80.5054
67.3828	81.2274	67.3828	81.2262	67.3828	81.2297	67.3828	81.2263	67.3828	81.2331	67.3828	81.2278	67.3828	81.2377	67.3828	81.231	67.3828	81.2438	67.3828	81.2362	67.3828	81.2516	67.3828	81.2438	67.3828	81.2613	67.3828	81.254	67.3828	81.2732	67.3828	81.267	67.3828	81.2873	67.3828	81.2829	67.3828	81.3036	67.3828	81.3012	67.3828	81.3219	67.3828	81.3216	67.3828	81.3415	67.3828	81.3431	67.3828	81.3617	67.3828	81.3649	67.3828	81.3814	67.3828	81.3855	67.3828	81.3995	67.3828	81.4038	67.3828	81.4148	67.3828	81.4185	67.3828	81.426	67.3828	81.4286	67.3828	81.4324	67.3828	81.4333
68.8477	81.6584	68.8477	81.6565	68.8477	81.6613	68.8477	81.6557	68.8477	81.6653	68.8477	81.6563	68.8477	81.6702	68.8477	81.6584	68.8477	81.6764	68.8477	81.6623	68.8477	81.6838	68.8477	81.6683	68.8477	81.6927	68.8477	81.6766	68.8477	81.7033	68.8477	81.6873	68.8477	81.7154	68.8477	81.7005	68.8477	81.7292	68.8477	81.7159	68.8477	81.7444	68.8477	81.733	68.8477	81.7605	68.8477	81.7514	68.8477	81.7768	68.8477	81.77	68.8477	81.7926	68.8477	81.7878	68.8477	81.8069	68.8477	81.8038	68.8477	81.8187	68.8477	81.8169	68.8477	81.8272	68.8477	81.8263	68.8477	81.8315	68.8477	81.8312
71.7773	82.4159	71.7773	82.4139	71.7773	82.4186	71.7773	82.4125	71.7773	82.4218	71.7773	82.4119	71.7773	82.4255	71.7773	82.4122	71.7773	82.4298	71.7773	82.4135	71.7773	82.4346	71.7773	82.4161	71.7773	82.4401	71.7773	82.42	71.7773	82.4463	71.7773	82.4254	71.7773	82.4532	71.7773	82.4322	71.7773	82.4608	71.7773	82.4405	71.7773	82.4689	71.7773	82.4499	71.7773	82.4773	71.7773	82.4602	71.7773	82.4857	71.7773	82.4709	71.7773	82.4937	71.7773	82.4815	71.7773	82.5007	71.7773	82.4912	71.7773	82.5062	71.7773	82.4995	71.7773	82.5098	71.7773	82.5058	71.7773	82.5111	71.7773	82.5097
74.707	82.9602	74.707	82.9583	74.707	82.9624	74.707	82.9567	74.707	82.9648	74.707	82.9554	74.707	82.9672	74.707	82.9545	74.707	82.9698	74.707	82.954	74.707	82.9723	74.707	82.9541	74.707	82.9748	74.707	82.9547	74.707	82.9773	74.707	82.956	74.707	82.9797	74.707	82.958	74.707	82.9821	74.707	82.9606	74.707	82.9845	74.707	82.9639	74.707	82.9867	74.707	82.9677	74.707	82.9889	74.707	82.972	74.707	82.9907	74.707	82.9765	74.707	82.9922	74.707	82.9808	74.707	82.9931	74.707	82.9849	74.707	82.9933	74.707	82.9883	74.707	82.9926	74.707	82.9909
77.6367	83.3795	77.6367	83.3777	77.6367	83.3813	77.6367	83.376	77.6367	83.383	77.6367	83.3742	77.6367	83.3845	77.6367	83.3726	77.6367	83.3858	77.6367	83.3709	77.6367	83.3866	77.6367	83.3692	77.6367	83.3868	77.6367	83.3675	77.6367	83.3865	77.6367	83.3658	77.6367	83.3855	77.6367	83.3641	77.6367	83.3839	77.6367	83.3625	77.6367	83.3819	77.6367	83.3611	77.6367	83.3794	77.6367	83.36	77.6367	83.3767	77.6367	83.3593	77.6367	83.3739	77.6367	83.359	77.6367	83.3711	77.6367	83.3592	77.6367	83.3685	77.6367	83.3598	77.6367	83.3661	77.6367	83.3608	77.6367	83.364	77.6367	83.3623
79.1016	83.5627	79.1016	83.5612	79.1016	83.5641	79.1016	83.5597	79.1016	83.5653	79.1016	83.5581	79.1016	83.5663	79.1016	83.5564	79.1016	83.5668	79.1016	83.5546	79.1016	83.5667	79.1016	83.5525	79.1016	83.5659	79.1016	83.5501	79.1016	83.5643	79.1016	83.5475	79.1016	83.5618	79.1016	83.5445	79.1016	83.5586	79.1016	83.5413	79.1016	83.5547	79.1016	83.5381	79.1016	83.5503	79.1016	83.5349	79.1016	83.5458	79.1016	83.532	79.1016	83.5412	79.1016	83.5295	79.1016	83.5369	79.1016	83.5276	79.1016	83.5332	79.1016	83.5264	79.1016	83.5301	79.1016	83.526	79.1016	83.5279	79.1016	83.5265
82.0312	83.8795	82.0312	83.8781	82.0312	83.8805	82.0312	83.8761	82.0312	83.8809	82.0312	83.8737	82.0312	83.8806	82.0312	83.8708	82.0312	83.8793	82.0312	83.8672	82.0312	83.8769	82.0312	83.8628	82.0312	83.8732	82.0312	83.8576	82.0312	83.8681	82.0312	83.8515	82.0312	83.8617	82.0312	83.8445	82.0312	83.854	82.0312	83.8368	82.0312	83.8453	82.0312	83.8287	82.0312	83.8359	82.0312	83.8204	82.0312	83.8263	82.0312	83.8124	82.0312	83.817	82.0312	83.805	82.0312	83.8085	82.0312	83.7988	82.0312	83.8012	82.0312	83.7941	82.0312	83.7956	82.0312	83.7913	82.0312	83.792	82.0312	83.7906
84.9609	84.101	84.9609	84.0977	84.9609	84.1035	84.9609	84.0939	84.9609	84.1051	84.9609	84.0893	84.9609	84.1056	84.9609	84.084	84.9609	84.1046	84.9609	84.0779	84.9609	84.1019	84.9609	84.0707	84.9609	84.0972	84.9609	84.0623	84.9609	84.0902	84.9609	84.0528	84.9609	84.0811	84.9609	84.0422	84.9609	84.0698	84.9609	84.0306	84.9609	84.0566	84.9609	84.0185	84.9609	84.0422	84.9609	84.0063	84.9609	84.0271	84.9609	83.9947	84.9609	84.0122	84.9609	83.9841	84.9609	83.9982	84.9609	83.9755	84.9609	83.9859	84.9609	83.9692	84.9609	83.9762	84.9609	83.9659	84.9609	83.9694	84.9609	83.966
87.8906	84.1852	87.8906	84.182	87.8906	84.189	87.8906	84.1795	87.8906	84.1933	87.8906	84.1775	87.8906	84.1978	87.8906	84.1759	87.8906	84.2023	87.8906	84.1746	87.8906	84.2064	87.8906	84.1732	87.8906	84.2096	87.8906	84.1716	87.8906	84.2117	87.8906	84.1697	87.8906	84.2123	87.8906	84.1673	87.8906	84.2111	87.8906	84.1646	87.8906	84.2083	87.8906	84.1616	87.8906	84.2037	87.8906	84.1586	87.8906	84.1978	87.8906	84.156	87.8906	84.1908	87.8906	84.154	87.8906	84.1834	87.8906	84.153	87.8906	84.1759	87.8906	84.1533	87.8906	84.169	87.8906	84.155	87.8906	84.163	87.8906	84.1582
90.8203	84.4343	90.8203	84.432	90.8203	84.4335	90.8203	84.4266	90.8203	84.4297	90.8203	84.4181	90.8203	84.4226	90.8203	84.4063	90.8203	84.4123	90.8203	84.3912	90.8203	84.3986	90.8203	84.3727	90.8203	84.3815	90.8203	84.3509	90.8203	84.3609	90.8203	84.3261	90.8203	84.3372	90.8203	84.2989	90.8203	84.3108	90.8203	84.2699	90.8203	84.2823	90.8203	84.24	90.8203	84.2526	90.8203	84.2106	90.8203	84.2229	90.8203	84.1828	90.8203	84.1942	90.8203	84.1581	90.8203	84.1681	90.8203	84.1377	90.8203	84.1458	90.8203	84.1227	90.8203	84.1284	90.8203	84.114	90.8203	84.1169	90.8203	84.112
95.2148	84.5179	95.2148	84.5156	95.2148	84.5185	95.2148	84.5115	95.2148	84.5172	95.2148	84.5055	95.2148	84.5139	95.2148	84.4975	95.2148	84.5084	95.2148	84.4871	95.2148	84.5003	95.2148	84.4742	95.2148	84.4893	95.2148	84.4588	95.2148	84.4754	95.2148	84.4408	95.2148	84.4584	95.2148	84.4206	95.2148	84.4386	95.2148	84.3985	95.2148	84.4165	95.2148	84.3754	95.2148	84.3926	95.2148	84.352	95.2148	84.368	95.2148	84.3296	95.2148	84.3438	95.2148	84.3094	95.2148	84.3213	95.2148	84.2924	95.2148	84.3017	95.2148	84.2799	95.2148	84.2863	95.2148	84.2727	95.2148	84.276	95.2148	84.2714
98.1445	84.5136	98.1445	84.5128	98.1445	84.5127	98.1445	84.5104	98.1445	84.5101	98.1445	84.5061	98.1445	84.5058	98.1445	84.4997	98.1445	84.4993	98.1445	84.4908	98.1445	84.4906	98.1445	84.4792	98.1445	84.4792	98.1445	84.4648	98.1445	84.4651	98.1445	84.4476	98.1445	84.4481	98.1445	84.4277	98.1445	84.4284	98.1445	84.4055	98.1445	84.4065	98.1445	84.3819	98.1445	84.383	98.1445	84.3577	98.1445	84.3588	98.1445	84.3341	98.1445	84.3351	98.1445	84.3124	98.1445	84.3133	98.1445	84.2939	98.1445	84.2945	98.1445	84.2797	98.1445	84.2801	98.1445	84.2708	98.1445	84.271	98.1445	84.2678
101.074	84.5495	101.074	84.5472	101.074	84.5499	101.074	84.5428	101.074	84.5482	101.074	84.5364	101.074	84.5443	101.074	84.5278	101.074	84.538	101.074	84.5168	101.074	84.5291	101.074	84.5032	101.074	84.5174	101.074	84.487	101.074	84.5027	101.074	84.4682	101.074	84.4852	101.074	84.4472	101.074	84.4649	101.074	84.4245	101.074	84.4424	101.074	84.4008	101.074	84.4184	101.074	84.3771	101.074	84.3936	101.074	84.3545	101.074	84.3694	101.074	84.3341	101.074	84.3469	101.074	84.3172	101.074	84.3273	101.074	84.3048	101.074	84.3118	101.074	84.2978	101.074	84.3013	101.074	84.2966
105.469	84.6269	105.469	84.6222	105.469	84.6283	105.469	84.6142	105.469	84.6261	105.469	84.6028	105.469	84.6204	105.469	84.5882	105.469	84.6109	105.469	84.5701	105.469	84.5975	105.469	84.5488	105.469	84.5801	105.469	84.5242	105.469	84.5587	105.469	84.4967	105.469	84.5336	105.469	84.4668	105.469	84.5051	105.469	84.4352	105.469	84.474	105.469	84.403	105.469	84.441	105.469	84.3713	105.469	84.4075	105.469	84.3417	105.469	84.3747	105.469	84.3157	105.469	84.3441	105.469	84.2946	105.469	84.3172	105.469	84.2798	105.469	84.2955	105.469	84.2722	105.469	84.2803	105.469	84.2724
108.398	84.5948	108.398	84.5903	108.398	84.5954	108.398	84.5819	108.398	84.592	108.398	84.5698	108.398	84.5845	108.398	84.5538	108.398	84.5726	108.398	84.534	108.398	84.5564	108.398	84.5106	108.398	84.5357	108.398	84.4836	108.398	84.5107	108.398	84.4534	108.398	84.4817	108.398	84.4206	108.398	84.4492	108.398	84.3859	108.398	84.4141	108.398	84.3505	108.398	84.3773	108.398	84.3156	108.398	84.3403	108.398	84.2827	108.398	84.3046	108.398	84.2534	108.398	84.2718	108.398	84.2292	108.398	84.2436	108.398	84.2116	108.398	84.2215	108.398	84.2016	108.398	84.2066	108.398	84.1999
112.793	84.6497	112.793	84.6451	112.793	84.6502	112.793	84.6363	112.793	84.6465	112.793	84.6235	112.793	84.6384	112.793	84.6066	112.793	84.6259	112.793	84.5857	112.793	84.6089	112.793	84.5608	112.793	84.5874	112.793	84.5323	112.793	84.5616	112.793	84.5006	112.793	84.5317	112.793	84.4663	112.793	84.4983	112.793	84.4302	112.793	84.4622	112.793	84.3935	112.793	84.4244	112.793	84.3575	112.793	84.3864	112.793	84.3238	112.793	84.3496	112.793	84.2939	112.793	84.3157	112.793	84.2694	112.793	84.2865	112.793	84.2517	112.793	84.2634	112.793	84.2419	112.793	84.2478	112.793	84.2405
117.188	84.6381	117.188	84.6328	117.188	84.6385	117.188	84.6228	117.188	84.634	117.188	84.6082	117.188	84.6244	117.188	84.5891	117.188	84.6097	117.188	84.5656	117.188	84.5898	117.188	84.5379	117.188	84.5648	117.188	84.5062	117.188	84.5349	117.188	84.4711	117.188	84.5007	117.188	84.4332	117.188	84.4627	117.188	84.3934	117.188	84.4221	117.188	84.353	117.188	84.3801	117.188	84.3133	117.188	84.3381	117.188	84.2761	117.188	84.2979	117.188	84.2431	117.188	84.2613	117.188	84.2159	117.188	84.2301	117.188	84.196	117.188	84.2057	117.188	84.1846	117.188	84.1896	117.188	84.1824
120.117	84.6694	120.117	84.6631	120.117	84.6702	120.117	84.6515	120.117	84.6655	120.117	84.6347	120.117	84.6552	120.117	84.6129	120.117	84.6392	120.117	84.5864	120.117	84.6177	120.117	84.5555	120.117	84.5907	120.117	84.5206	120.117	84.5586	120.117	84.4823	120.117	84.5221	120.117	84.4415	120.117	84.4818	120.117	84.3992	120.117	84.4389	120.117	84.3567	120.117	84.3946	120.117	84.3155	120.117	84.3506	120.117	84.2773	120.117	84.3085	120.117	84.2439	120.117	84.2702	120.117	84.2168	120.117	84.2374	120.117	84.1974	120.117	84.2116	120.117	84.1868	120.117	84.1941	120.117	84.1857
124.512	84.6848	124.512	84.6776	124.512	84.6859	124.512	84.6643	124.512	84.6807	124.512	84.6453	124.512	84.6693	124.512	84.6207	124.512	84.6515	124.512	84.5909	124.512	84.6275	124.512	84.5561	124.512	84.5974	124.512	84.5171	124.512	84.5617	124.512	84.4745	124.512	84.5209	124.512	84.4292	124.512	84.476	124.512	84.3825	124.512	84.428	124.512	84.3356	124.512	84.3786	124.512	84.2903	124.512	84.3294	124.512	84.2482	124.512	84.2825	124.512	84.2113	124.512	84.2398	124.512	84.1813	124.512	84.2033	124.512	84.1598	124.512	84.1747	124.512	84.1479	124.512	84.1554	124.512	84.1464
128.906	84.6246	128.906	84.6175	128.906	84.6262	128.906	84.6051	128.906	84.6222	128.906	84.5874	128.906	84.6127	128.906	84.5647	128.906	84.5977	128.906	84.5373	128.906	84.5774	128.906	84.5057	128.906	84.5518	128.906	84.4704	128.906	84.5214	128.906	84.432	128.906	84.4867	128.906	84.3917	128.906	84.4483	128.906	84.3505	128.906	84.4073	128.906	84.3097	128.906	84.3649	128.906	84.2708	128.906	84.3224	128.906	84.2353	128.906	84.2816	128.906	84.2049	128.906	84.2441	128.906	84.1808	128.906	84.2116	128.906	84.1644	128.906	84.1856	128.906	84.1564	128.906	84.1672	128.906	84.1573
133.301	84.6199	133.301	84.616	133.301	84.6172	133.301	84.6057	133.301	84.6082	133.301	84.5892	133.301	84.593	133.301	84.5667	133.301	84.5719	133.301	84.5387	133.301	84.5454	133.301	84.5057	133.301	84.5139	133.301	84.4685	133.301	84.4782	133.301	84.4278	133.301	84.4391	133.301	84.3849	133.301	84.3975	133.301	84.3409	133.301	84.3544	133.301	84.2971	133.301	84.311	133.301	84.255	133.301	84.2689	133.301	84.2163	133.301	84.2293	133.301	84.1825	133.301	84.1939	133.301	84.1549	133.301	84.1641	133.301	84.1348	133.301	84.1413	133.301	84.1231	133.301	84.1264	133.301	84.1202
139.16	84.6123	139.16	84.6088	139.16	84.6078	139.16	84.5975	139.16	84.5954	139.16	84.5786	139.16	84.5754	139.16	84.5526	139.16	84.5482	139.16	84.5202	139.16	84.5145	139.16	84.4821	139.16	84.4753	139.16	84.4393	139.16	84.4315	139.16	84.3928	139.16	84.3845	139.16	84.344	139.16	84.3355	139.16	84.2944	139.16	84.2861	139.16	84.2453	139.16	84.2379	139.16	84.1986	139.16	84.1922	139.16	84.1558	139.16	84.1507	139.16	84.1184	139.16	84.1146	139.16	84.0878	139.16	84.0852	139.16	84.0651	139.16	84.0635	139.16	84.051	139.16	84.0503	139.16	84.0461
143.555	84.6275	143.555	84.6196	143.555	84.6267	143.555	84.6031	143.555	84.617	143.555	84.5786	143.555	84.5985	143.555	84.5467	143.555	84.5718	143.555	84.5081	143.555	84.5375	143.555	84.464	143.555	84.4964	143.555	84.4154	143.555	84.4497	143.555	84.3636	143.555	84.3988	143.555	84.31	143.555	84.3452	143.555	84.2562	143.555	84.2907	143.555	84.2039	143.555	84.2368	143.555	84.155	143.555	84.1856	143.555	84.111	143.555	84.1385	143.555	84.0736	143.555	84.097	143.555	84.0441	143.555	84.0626	143.555	84.0234	143.555	84.0362	143.555	84.0121	143.555	84.0187	143.555	84.0105
147.949	84.5994	147.949	84.5911	147.949	84.5989	147.949	84.5741	147.949	84.5895	147.949	84.5489	147.949	84.5715	147.949	84.5161	147.949	84.5454	147.949	84.4765	147.949	84.5117	147.949	84.4314	147.949	84.4714	147.949	84.3818	147.949	84.4255	147.949	84.3291	147.949	84.3751	147.949	84.2748	147.949	84.3218	147.949	84.2206	147.949	84.2669	147.949	84.168	147.949	84.2122	147.949	84.1187	147.949	84.1595	147.949	84.0743	147.949	84.1105	147.949	84.0364	147.949	84.0668	147.949	84.0063	147.949	84.03	147.949	83.9853	147.949	84.0015	147.949	83.974	147.949	83.9822	147.949	83.9729
153.809	84.5847	153.809	84.5792	153.809	84.5806	153.809	84.5643	153.809	84.5669	153.809	84.5406	153.809	84.5441	153.809	84.5087	153.809	84.5128	153.809	84.4697	153.809	84.4739	153.809	84.4247	153.809	84.4288	153.809	84.375	153.809	84.3789	153.809	84.322	153.809	84.3258	153.809	84.2673	153.809	84.2712	153.809	84.2127	153.809	84.217	153.809	84.1599	153.809	84.1649	153.809	84.1108	153.809	84.1163	153.809	84.0668	153.809	84.0728	153.809	84.0294	153.809	84.0355	153.809	83.9998	153.809	84.0052	153.809	83.9786	153.809	83.9827	153.809	83.9663	153.809	83.9685	153.809	83.963
159.668	84.5896	159.668	84.5812	159.668	84.5867	159.668	84.5619	159.668	84.5726	159.668	84.5325	159.668	84.5478	159.668	84.4939	159.668	84.5135	159.668	84.4479	159.668	84.4708	159.668	84.396	159.668	84.4215	159.668	84.3402	159.668	84.3675	159.668	84.2825	159.668	84.3109	159.668	84.2251	159.668	84.2539	159.668	84.1698	159.668	84.1982	159.668	84.1183	159.668	84.1458	159.668	84.0722	159.668	84.0981	159.668	84.0326	159.668	84.0561	159.668	84.0004	159.668	84.0205	159.668	83.9759	159.668	83.9919	159.668	83.9593	159.668	83.9705	159.668	83.9506	159.668	83.9563	159.668	83.9497
165.527	84.6239	165.527	84.6161	165.527	84.6201	165.527	84.5968	165.527	84.6046	165.527	84.5668	165.527	84.578	165.527	84.5273	165.527	84.5414	165.527	84.4797	165.527	84.4959	165.527	84.4258	165.527	84.4435	165.527	84.3674	165.527	84.3859	165.527	84.3066	165.527	84.3254	165.527	84.2456	165.527	84.2643	165.527	84.1864	165.527	84.2046	165.527	84.1309	165.527	84.1484	165.527	84.0807	165.527	84.0974	165.527	84.0373	165.527	84.0527	165.527	84.0016	165.527	84.0151	165.527	83.9741	165.527	83.9852	165.527	83.9552	165.527	83.963	165.527	83.9448	165.527	83.9489	165.527	83.9427
171.387	84.5659	171.387	84.5533	171.387	84.5661	171.387	84.5288	171.387	84.554	171.387	84.4931	171.387	84.5301	171.387	84.4477	171.387	84.4955	171.387	84.3944	171.387	84.4515	171.387	84.3351	171.387	84.4	171.387	84.2723	171.387	84.3429	171.387	84.2082	171.387	84.2824	171.387	84.1452	171.387	84.2207	171.387	84.0856	171.387	84.16	171.387	84.0312	171.387	84.1022	171.387	83.9837	171.387	84.0491	171.387	83.9441	171.387	84.0019	171.387	83.913	171.387	83.9615	171.387	83.8907	171.387	83.9284	171.387	83.8771	171.387	83.9028	171.387	83.8717	171.387	83.8848	171.387	83.8744
177.246	84.5173	177.246	84.5088	177.246	84.5124	177.246	84.487	177.246	84.4944	177.246	84.4529	177.246	84.4642	177.246	84.4078	177.246	84.4233	177.246	84.3535	177.246	84.3736	177.246	84.2922	177.246	84.3174	177.246	84.2266	177.246	84.2572	177.246	84.1592	177.246	84.1954	177.246	84.093	177.246	84.1344	177.246	84.0304	177.246	84.0764	177.246	83.9738	177.246	84.0228	177.246	83.925	177.246	83.975	177.246	83.8853	177.246	83.9335	177.246	83.8551	177.246	83.8986	177.246	83.8344	177.246	83.8702	177.246	83.8226	177.246	83.848	177.246	83.8188	177.246	83.832	177.246	83.8222
183.105	84.4592	183.105	84.4525	183.105	84.4519	183.105	84.4322	183.105	84.4309	183.105	84.3993	183.105	84.3972	183.105	84.3554	183.105	84.3526	183.105	84.3028	183.105	84.2993	183.105	84.2441	183.105	84.2401	183.105	84.1822	183.105	84.178	183.105	84.1201	183.105	84.1162	183.105	84.0607	183.105	84.0575	183.105	84.0064	183.105	84.0043	183.105	83.959	183.105	83.9582	183.105	83.9196	183.105	83.92	183.105	83.8886	183.105	83.89	183.105	83.8655	183.105	83.8674	183.105	83.8495	183.105	83.8514	183.105	83.8393	183.105	83.8409	183.105	83.834	183.105	83.8348	183.105	83.8326
188.965	84.4535	188.965	84.4427	188.965	84.4474	188.965	84.4157	188.965	84.4247	188.965	84.374	188.965	84.3862	188.965	84.3194	188.965	84.3338	188.965	84.2549	188.965	84.2699	188.965	84.1834	188.965	84.198	188.965	84.1087	188.965	84.1219	188.965	84.0346	188.965	84.0461	188.965	83.9649	188.965	83.9746	188.965	83.9027	188.965	83.9109	188.965	83.8506	188.965	83.8577	188.965	83.8098	188.965	83.816	188.965	83.7803	188.965	83.7858	188.965	83.761	188.965	83.7657	188.965	83.7498	188.965	83.7535	188.965	83.7443	188.965	83.7468	188.965	83.7422	188.965	83.7435	188.965	83.7422
196.289	84.5431	196.289	84.5302	196.289	84.5368	196.289	84.4985	196.289	84.5115	196.289	84.4494	196.289	84.4683	196.289	84.3849	196.289	84.4092	196.289	84.308	196.289	84.3367	196.289	84.222	196.289	84.2543	196.289	84.1308	196.289	84.1658	196.289	84.0386	196.289	84.0756	196.289	83.9495	196.289	83.988	196.289	83.8673	196.289	83.9071	196.289	83.7955	196.289	83.8358	196.289	83.7361	196.289	83.7762	196.289	83.6904	196.289	83.7287	196.289	83.6581	196.289	83.6927	196.289	83.6377	196.289	83.6663	196.289	83.6272	196.289	83.6478	196.289	83.6244	196.289	83.6351	196.289	83.6274
203.613	84.4818	203.613	84.4644	203.613	84.4789	203.613	84.4271	203.613	84.4559	203.613	84.3714	203.613	84.4141	203.613	84.2997	203.613	84.3555	203.613	84.2154	203.613	84.283	203.613	84.1222	203.613	84.2001	203.613	84.0249	203.613	84.111	203.613	83.9282	203.613	84.0202	203.613	83.8367	203.613	83.9322	203.613	83.7549	203.613	83.8513	203.613	83.6859	203.613	83.7806	203.613	83.6318	203.613	83.722	203.613	83.5931	203.613	83.6758	203.613	83.5689	203.613	83.6406	203.613	83.557	203.613	83.6145	203.613	83.5546	203.613	83.5948	203.613	83.5589	203.613	83.5796	203.613	83.5677
210.938	84.4762	210.938	84.4613	210.938	84.4696	210.938	84.4257	210.938	84.4418	210.938	84.3708	210.938	84.394	210.938	84.2991	210.938	84.3285	210.938	84.2138	210.938	84.2482	210.938	84.1186	210.938	84.1569	210.938	84.018	210.938	84.0589	210.938	83.9167	210.938	83.959	210.938	83.8193	210.938	83.8621	210.938	83.7303	210.938	83.7725	210.938	83.6533	210.938	83.6941	210.938	83.5909	210.938	83.6293	210.938	83.5439	210.938	83.5787	210.938	83.5117	210.938	83.5416	210.938	83.4922	210.938	83.516	210.938	83.4826	210.938	83.4991	210.938	83.48	210.938	83.4885	210.938	83.4823
218.262	84.3659	218.262	84.3502	218.262	84.3599	218.262	84.3133	218.262	84.3326	218.262	84.257	218.262	84.2854	218.262	84.1838	218.262	84.2211	218.262	84.0974	218.262	84.143	218.262	84.0019	218.262	84.0555	218.262	83.9024	218.262	83.9635	218.262	83.8041	218.262	83.8721	218.262	83.7122	218.262	83.7862	218.262	83.6317	218.262	83.7101	218.262	83.5661	218.262	83.6465	218.262	83.5176	218.262	83.597	218.262	83.4864	218.262	83.5609	218.262	83.4706	218.262	83.5362	218.262	83.4671	218.262	83.52	218.262	83.4716	218.262	83.5086	218.262	83.4802	218.262	83.4992	218.262	83.4899
225.586	84.3727	225.586	84.3667	225.586	84.3536	225.586	84.3362	225.586	84.3104	225.586	84.2827	225.586	84.2448	225.586	84.2089	225.586	84.1603	225.586	84.1185	225.586	84.0612	225.586	84.0163	225.586	83.9529	225.586	83.9076	225.586	83.8417	225.586	83.7984	225.586	83.7342	225.586	83.6945	225.586	83.6365	225.586	83.6017	225.586	83.5537	225.586	83.5243	225.586	83.4892	225.586	83.4653	225.586	83.444	225.586	83.4254	225.586	83.4167	225.586	83.4029	225.586	83.4036	225.586	83.394	225.586	83.4	225.586	83.3939	225.586	83.4008	225.586	83.3975	225.586	83.4019	225.586	83.4009
232.91	84.3619	232.91	84.3498	232.91	84.3473	232.91	84.312	232.91	84.3062	232.91	84.2508	232.91	84.2399	232.91	84.1692	232.91	84.151	232.91	84.0712	232.91	84.0435	232.91	83.9617	232.91	83.9226	232.91	83.8465	232.91	83.7948	232.91	83.7312	232.91	83.6675	232.91	83.6218	232.91	83.5482	232.91	83.5233	232.91	83.4438	232.91	83.4397	232.91	83.3593	232.91	83.3735	232.91	83.2975	232.91	83.3249	232.91	83.258	232.91	83.2924	232.91	83.2376	232.91	83.2726	232.91	83.2316	232.91	83.2613	232.91	83.2343	232.91	83.2541	232.91	83.2407	232.91	83.2476
241.699	84.2662	241.699	84.2469	241.699	84.2576	241.699	84.2008	241.699	84.2213	241.699	84.1303	241.699	84.1587	241.699	84.039	241.699	84.0725	241.699	83.9314	241.699	83.967	241.699	83.8131	241.699	83.8475	241.699	83.6903	241.699	83.7208	241.699	83.5696	241.699	83.5942	241.699	83.4574	241.699	83.4752	241.699	83.3592	241.699	83.3705	241.699	83.2792	241.699	83.2852	241.699	83.2194	241.699	83.2219	241.699	83.1793	241.699	83.1801	241.699	83.1564	241.699	83.1567	241.699	83.1463	241.699	83.1467	241.699	83.1441	241.699	83.1447	241.699	83.1451	241.699	83.1455	241.699	83.146
250.488	84.3005	250.488	84.2763	250.488	84.2923	250.488	84.2209	250.488	84.2521	250.488	84.1369	250.488	84.1815	250.488	84.0282	250.488	84.0839	250.488	83.9002	250.488	83.9641	250.488	83.7593	250.488	83.8284	250.488	83.6132	250.488	83.6848	250.488	83.4702	250.488	83.5419	250.488	83.3385	250.488	83.4086	250.488	83.2257	250.488	83.2927	250.488	83.1371	250.488	83.1997	250.488	83.0752	250.488	83.1321	250.488	83.039	250.488	83.0886	250.488	83.0241	250.488	83.0651	250.488	83.0241	250.488	83.0555	250.488	83.0321	250.488	83.0532	250.488	83.0417	250.488	83.0523	250.488	83.0489
259.277	84.4215	259.277	84.3976	259.277	84.4135	259.277	84.343	259.277	84.3738	259.277	84.2601	259.277	84.3038	259.277	84.1527	259.277	84.2066	259.277	84.0257	259.277	84.0868	259.277	83.8849	259.277	83.9502	259.277	83.7371	259.277	83.8044	259.277	83.5897	259.277	83.6577	259.277	83.4504	259.277	83.5189	259.277	83.3266	259.277	83.396	259.277	83.2243	259.277	83.2955	259.277	83.1477	259.277	83.2204	259.277	83.0975	259.277	83.17	259.277	83.0717	259.277	83.1402	259.277	83.0653	259.277	83.1244	259.277	83.0716	259.277	83.1154	259.277	83.084	259.277	83.1073	259.277	83.0969
268.066	84.3582	268.066	84.3233	268.066	84.3549	268.066	84.2526	268.066	84.3134	268.066	84.15	268.066	84.2354	268.066	84.0216	268.066	84.1249	268.066	83.875	268.066	83.9879	268.066	83.7185	268.066	83.8328	268.066	83.5606	268.066	83.67	268.066	83.4095	268.066	83.5109	268.066	83.2723	268.066	83.3667	268.066	83.1551	268.066	83.2464	268.066	83.0628	268.066	83.1555	268.066	82.9985	268.066	83.0948	268.066	82.9625	268.066	83.0608	268.066	82.9522	268.066	83.0465	268.066	82.9614	268.066	83.0434	268.066	82.9821	268.066	83.0429	268.066	83.0059	268.066	83.0383	268.066	83.0259
276.855	84.4973	276.855	84.4811	276.855	84.4857	276.855	84.4359	276.855	84.4469	276.855	84.3607	276.855	84.3809	276.855	84.2552	276.855	84.2874	276.855	84.1213	276.855	84.1665	276.855	83.9644	276.855	84.0205	276.855	83.7933	276.855	83.8546	276.855	83.6201	276.855	83.6778	276.855	83.4576	276.855	83.5028	276.855	83.3172	276.855	83.3433	276.855	83.2062	276.855	83.212	276.855	83.1271	276.855	83.1165	276.855	83.078	276.855	83.058	276.855	83.0538	276.855	83.0315	276.855	83.047	276.855	83.0279	276.855	83.0496	276.855	83.0363	276.855	83.0537	276.855	83.0471	276.855	83.0537
287.109	84.5087	287.109	84.4698	287.109	84.5085	287.109	84.3935	287.109	84.4706	287.109	84.2846	287.109	84.3989	287.109	84.1508	287.109	84.2987	287.109	84.0017	287.109	84.1764	287.109	83.8476	287.109	84.0384	287.109	83.6984	287.109	83.8908	287.109	83.5626	287.109	83.7402	287.109	83.4468	287.109	83.5942	287.109	83.3552	287.109	83.4614	287.109	83.2895	287.109	83.351	287.109	83.2486	287.109	83.2698	287.109	83.2283	287.109	83.2201	287.109	83.2226	287.109	83.1986	287.109	83.2247	287.109	83.1972	287.109	83.2286	287.109	83.2063	287.109	83.2299	287.109	83.2178	287.109	83.2264
297.363	84.7517	297.363	84.7555	297.363	84.7052	297.363	84.7172	297.363	84.6172	297.363	84.6389	297.363	84.4912	297.363	84.5234	297.363	84.3334	297.363	84.3748	297.363	84.1533	297.363	84.1991	297.363	83.9632	297.363	84.0047	297.363	83.7768	297.363	83.8036	297.363	83.6077	297.363	83.6112	297.363	83.4671	297.363	83.445	297.363	83.3625	297.363	83.3213	297.363	83.2963	297.363	83.2499	297.363	83.2665	297.363	83.2308	297.363	83.2677	297.363	83.2533	297.363	83.2914	297.363	83.2993	297.363	83.3276	297.363	83.3489	297.363	83.365	297.363	83.386	297.363	83.3926	297.363	83.4012
307.617	84.7987	307.617	84.7576	307.617	84.8001	307.617	84.6791	307.617	84.761	307.617	84.5672	307.617	84.6822	307.617	84.4274	307.617	84.5661	307.617	84.2671	307.617	84.4174	307.617	84.0949	307.617	84.2431	307.617	83.9199	307.617	84.0534	307.617	83.7511	307.617	83.8607	307.617	83.5968	307.617	83.6793	307.617	83.4639	307.617	83.5231	307.617	83.3587	307.617	83.4033	307.617	83.2856	307.617	83.3255	307.617	83.2461	307.617	83.2879	307.617	83.2376	307.617	83.282	307.617	83.2523	307.617	83.295	307.617	83.279	307.617	83.3129	307.617	83.3055	307.617	83.3243	307.617	83.3222
319.336	84.7284	319.336	84.6916	319.336	84.7195	319.336	84.6098	319.336	84.6661	319.336	84.486	319.336	84.571	319.336	84.3257	319.336	84.439	319.336	84.1374	319.336	84.2765	319.336	83.9328	319.336	84.0924	319.336	83.7264	319.336	83.8978	319.336	83.5338	319.336	83.7063	319.336	83.3694	319.336	83.5329	319.336	83.2437	319.336	83.3913	319.336	83.1616	319.336	83.2914	319.336	83.1218	319.336	83.2358	319.336	83.1184	319.336	83.2196	319.336	83.1421	319.336	83.2315	319.336	83.1818	319.336	83.2568	319.336	83.2262	319.336	83.2812	319.336	83.2645	319.336	83.2939	319.336	83.2885
329.59	84.8792	329.59	84.8436	329.59	84.8661	329.59	84.7596	329.59	84.8058	329.59	84.6296	329.59	84.7011	329.59	84.4575	329.59	84.5568	329.59	84.2502	329.59	84.3793	329.59	84.018	329.59	84.1769	329.59	83.7755	329.59	83.9604	329.59	83.5415	329.59	83.7435	329.59	83.3371	329.59	83.5422	329.59	83.1812	329.59	83.3732	329.59	83.0851	329.59	83.2503	329.59	83.0495	329.59	83.1807	329.59	83.0642	329.59	83.1621	329.59	83.1125	329.59	83.1826	329.59	83.1758	329.59	83.2245	329.59	83.237	329.59	83.2685	329.59	83.2827	329.59	83.2984	329.59	83.3043
341.309	84.8846	341.309	84.8687	341.309	84.8465	341.309	84.7994	341.309	84.7566	341.309	84.68	341.309	84.6202	341.309	84.5166	341.309	84.4461	341.309	84.3171	341.309	84.2457	341.309	84.0918	341.309	84.0329	341.309	83.8521	341.309	83.8221	341.309	83.6112	341.309	83.6271	341.309	83.3841	341.309	83.4604	341.309	83.1881	341.309	83.332	341.309	83.0406	341.309	83.2479	341.309	82.9548	341.309	83.208	341.309	82.9342	341.309	83.2053	341.309	82.9697	341.309	83.2269	341.309	83.0416	341.309	83.2567	341.309	83.1263	341.309	83.2791	341.309	83.2028	341.309	83.2816	341.309	83.2566
353.027	85.0157	353.027	84.9738	353.027	85.0076	353.027	84.8834	353.027	84.9475	353.027	84.7462	353.027	84.8341	353.027	84.5651	353.027	84.6672	353.027	84.3451	353.027	84.4502	353.027	84.0952	353.027	84.1915	353.027	83.8289	353.027	83.9065	353.027	83.5639	353.027	83.6168	353.027	83.3207	353.027	83.3486	353.027	83.1193	353.027	83.128	353.027	82.975	353.027	82.975	353.027	82.8955	353.027	82.8983	353.027	82.8782	353.027	82.892	353.027	82.9111	353.027	82.9375	353.027	82.9746	353.027	83.0082	353.027	83.0461	353.027	83.077	353.027	83.104	353.027	83.1225	353.027	83.1322
366.211	85.0229	366.211	84.9755	366.211	85.0181	366.211	84.878	366.211	84.9607	366.211	84.7333	366.211	84.8513	366.211	84.546	366.211	84.6922	366.211	84.3222	366.211	84.4881	366.211	84.0709	366.211	84.2468	366.211	83.805	366.211	83.9807	366.211	83.5422	366.211	83.7073	366.211	83.3033	366.211	83.4479	366.211	83.1083	366.211	83.2243	366.211	82.9712	366.211	83.0543	366.211	82.8961	366.211	82.9471	366.211	82.8767	366.211	82.9007	366.211	82.8989	366.211	82.9036	366.211	82.9441	366.211	82.9379	366.211	82.9926	366.211	82.9833	366.211	83.0276	366.211	83.0213	366.211	83.0381
379.395	85.1314	379.395	85.1158	379.395	85.0901	379.395	85.0415	379.395	84.9958	379.395	84.9088	379.395	84.8534	379.395	84.7215	379.395	84.6699	379.395	84.4871	379.395	84.4537	379.395	84.2176	379.395	84.2149	379.395	83.9296	379.395	83.9663	379.395	83.6431	379.395	83.7234	379.395	83.3809	379.395	83.5047	379.395	83.1666	379.395	83.3296	379.395	83.0205	379.395	83.2143	379.395	82.9538	379.395	83.1661	379.395	82.9631	379.395	83.1789	379.395	83.0312	379.395	83.2339	379.395	83.1319	379.395	83.3043	379.395	83.238	379.395	83.364	379.395	83.3263	379.395	83.3929	379.395	83.3806
392.578	85.038	392.578	84.9967	392.578	85.0235	392.578	84.9034	392.578	84.9502	392.578	84.7626	392.578	84.8174	392.578	84.5788	392.578	84.6264	392.578	84.357	392.578	84.3827	392.578	84.1047	392.578	84.0962	392.578	83.8331	392.578	83.7832	392.578	83.5587	392.578	83.4669	392.578	83.3027	392.578	83.1766	392.578	83.0881	392.578	82.9425	392.578	82.9348	392.578	82.7887	392.578	82.8538	392.578	82.7249	392.578	82.8438	392.578	82.743	392.578	82.8903	392.578	82.8203	392.578	82.9689	392.578	82.9257	392.578	83.0515	392.578	83.0283	392.578	83.112	392.578	83.1022	392.578	83.1315
405.762	85.0561	405.762	84.9978	405.762	85.0484	405.762	84.8749	405.762	84.9754	405.762	84.6909	405.762	84.8394	405.762	84.4521	405.762	84.6448	405.762	84.1684	405.762	84.3985	405.762	83.8541	405.762	84.1113	405.762	83.529	405.762	83.7993	405.762	83.2181	405.762	83.4851	405.762	82.9494	405.762	83.1973	405.762	82.7485	405.762	82.9661	405.762	82.6328	405.762	82.8152	405.762	82.6056	405.762	82.7534	405.762	82.6546	405.762	82.7708	405.762	82.755	405.762	82.8426	405.762	82.8764	405.762	82.9378	405.762	82.9888	405.762	83.0271	405.762	83.0691	405.762	83.0873	405.762	83.1032
420.41	85.2472	420.41	85.2063	420.41	85.2153	420.41	85.0907	420.41	85.1141	420.41	84.9016	420.41	84.9489	420.41	84.6438	420.41	84.7256	420.41	84.3266	420.41	84.4512	420.41	83.9641	420.41	84.1346	420.41	83.5768	420.41	83.7884	420.41	83.1924	420.41	83.431	420.41	82.8456	420.41	83.0892	420.41	82.5738	420.41	82.7975	420.41	82.4068	420.41	82.5913	420.41	82.3555	420.41	82.4939	420.41	82.406	420.41	82.5035	420.41	82.5249	420.41	82.5915	420.41	82.6704	420.41	82.715	420.41	82.8044	420.41	82.832	420.41	82.8984	420.41	82.9116	420.41	82.9358
435.059	85.103	435.059	85.0878	435.059	85.0583	435.059	85.0102	435.059	84.9549	435.059	84.8669	435.059	84.7935	435.059	84.6549	435.059	84.5751	435.059	84.3739	435.059	84.3033	435.059	84.0286	435.059	83.9859	435.059	83.6327	435.059	83.6387	435.059	83.212	435.059	83.2882	435.059	82.8065	435.059	82.9707	435.059	82.467	435.059	82.7264	435.059	82.2437	435.059	82.5869	435.059	82.1661	435.059	82.561	435.059	82.229	435.059	82.6308	435.059	82.3934	435.059	82.7583	435.059	82.6041	435.059	82.8993	435.059	82.8087	435.059	83.0138	435.059	82.968	435.059	83.0727	435.059	83.0589
451.172	85.357	451.172	85.3281	451.172	85.3148	451.172	85.2297	451.172	85.2004	451.172	85.0639	451.172	85.0141	451.172	84.8325	451.172	84.7586	451.172	84.5382	451.172	84.4388	451.172	84.1858	451.172	84.0629	451.172	83.7843	451.172	83.6432	451.172	83.3496	451.172	83.1991	451.172	82.9078	451.172	82.7602	451.172	82.4976	451.172	82.3685	451.172	82.1677	451.172	82.0744	451.172	81.9645	451.172	81.92	451.172	81.9112	451.172	81.9176	451.172	81.9918	451.172	82.0369	451.172	82.1547	451.172	82.2171	451.172	82.335	451.172	82.3915	451.172	82.4755	451.172	82.5084	451.172	82.5385
465.82	85.299	465.82	85.2515	465.82	85.2778	465.82	85.1387	465.82	85.1844	465.82	84.9632	465.82	85.0165	465.82	84.7264	465.82	84.7741	465.82	84.4308	465.82	84.4608	465.82	84.0832	465.82	84.0846	465.82	83.6984	465.82	83.6603	465.82	83.3026	465.82	83.2123	465.82	82.9311	465.82	82.7766	465.82	82.6219	465.82	82.3989	465.82	82.4049	465.82	82.1253	465.82	82.2931	465.82	81.9878	465.82	82.2807	465.82	81.9902	465.82	82.3464	465.82	82.1049	465.82	82.4574	465.82	82.2824	465.82	82.5742	465.82	82.4658	465.82	82.6565	465.82	82.606	465.82	82.6721
483.398	85.2943	483.398	85.252	483.398	85.2671	483.398	85.1417	483.398	85.1703	483.398	84.9667	483.398	85.005	483.398	84.7308	483.398	84.7724	483.398	84.4356	483.398	84.4739	483.398	84.0805	483.398	84.1131	483.398	83.6657	483.398	83.6991	483.398	83.2008	483.398	83.2515	483.398	82.7154	483.398	82.805	483.398	82.2677	483.398	82.4095	483.398	81.9372	483.398	82.1191	483.398	81.7912	483.398	81.9713	483.398	81.8412	483.398	81.9689	483.398	82.0302	483.398	82.0784	483.398	82.2672	483.398	82.2471	483.398	82.4719	483.398	82.4213	483.398	82.5958	483.398	82.5573	483.398	82.6224
499.512	85.3354	499.512	85.3075	499.512	85.2922	499.512	85.2021	499.512	85.1824	499.512	85.014	499.512	85.0069	499.512	84.7431	499.512	84.7642	499.512	84.3978	499.512	84.4529	499.512	83.9949	499.512	84.0749	499.512	83.5574	499.512	83.6405	499.512	83.1096	499.512	83.1731	499.512	82.676	499.512	82.715	499.512	82.2846	499.512	82.3272	499.512	81.972	499.512	82.0755	499.512	81.7813	499.512	82.0013	499.512	81.7464	499.512	82.0943	499.512	81.8682	499.512	82.2952	499.512	82.1034	499.512	82.524	499.512	82.3792	499.512	82.7089	499.512	82.62	499.512	82.7993	499.512	82.7696
517.09	85.3732	517.09	85.333	517.09	85.351	517.09	85.2332	517.09	85.2606	517.09	85.0715	517.09	85.0959	517.09	84.8393	517.09	84.8532	517.09	84.5254	517.09	84.5308	517.09	84.1214	517.09	84.1308	517.09	83.6309	517.09	83.6595	517.09	83.0772	517.09	83.1313	517.09	82.5088	517.09	82.5738	517.09	81.997	517.09	82.0383	517.09	81.6193	517.09	81.6029	517.09	81.4291	517.09	81.3537	517.09	81.4287	517.09	81.3327	517.09	81.5683	517.09	81.4985	517.09	81.7736	517.09	81.7486	517.09	81.9744	517.09	81.9812	517.09	82.12	517.09	82.1326	517.09	82.1784
536.133	85.0216	536.133	85.0014	536.133	84.9724	536.133	84.9132	536.133	84.8547	536.133	84.7594	536.133	84.6706	536.133	84.5414	536.133	84.421	536.133	84.2571	536.133	84.1036	536.133	83.9015	536.133	83.7128	536.133	83.4698	536.133	83.2442	536.133	82.9659	536.133	82.7057	536.133	82.4135	536.133	82.1296	536.133	81.8685	536.133	81.5814	536.133	81.4188	536.133	81.1501	536.133	81.1551	536.133	80.9157	536.133	81.1174	536.133	80.9081	536.133	81.2662	536.133	81.0896	536.133	81.5093	536.133	81.3737	536.133	81.7507	536.133	81.6623	536.133	81.9176	536.133	81.8752	536.133	81.9648
555.176	85.2649	555.176	85.2533	555.176	85.2076	555.176	85.1671	555.176	85.0862	555.176	85.001	555.176	84.9022	555.176	84.751	555.176	84.6546	555.176	84.4144	555.176	84.3406	555.176	83.9897	555.176	83.9578	555.176	83.4784	555.176	83.5067	555.176	82.8912	555.176	82.9947	555.176	82.2594	555.176	82.4442	555.176	81.6461	555.176	81.9021	555.176	81.1471	555.176	81.4421	555.176	80.8624	555.176	81.1444	555.176	80.8385	555.176	81.055	555.176	81.0303	555.176	81.155	555.176	81.3268	555.176	81.3709	555.176	81.6128	555.176	81.611	555.176	81.8069	555.176	81.7953	555.176	81.8693
574.219	85.3787	574.219	85.336	574.219	85.3548	574.219	85.2282	574.219	85.2599	574.219	85.0544	574.219	85.0874	574.219	84.8115	574.219	84.8286	574.219	84.4958	574.219	84.474	574.219	84.1048	574.219	84.0159	574.219	83.6395	574.219	83.4554	574.219	83.1076	574.219	82.8092	574.219	82.5288	574.219	82.1174	574.219	81.9411	574.219	81.4495	574.219	81.4081	574.219	80.9075	574.219	81.018	574.219	80.6038	574.219	80.8543	574.219	80.5971	574.219	80.9394	574.219	80.8367	574.219	81.2005	574.219	81.1911	574.219	81.508	574.219	81.5281	574.219	81.743	574.219	81.7582	574.219	81.8343
594.727	85.4025	594.727	85.3508	594.727	85.3766	594.727	85.2244	594.727	85.2697	594.727	85.0239	594.727	85.0798	594.727	84.746	594.727	84.8062	594.727	84.3842	594.727	84.4484	594.727	83.9312	594.727	84.0031	594.727	83.3843	594.727	83.4649	594.727	82.7527	594.727	82.8329	594.727	82.0693	594.727	82.1281	594.727	81.4003	594.727	81.4119	594.727	80.8427	594.727	80.7926	594.727	80.494	594.727	80.3965	594.727	80.4007	594.727	80.2983	594.727	80.5281	594.727	80.4641	594.727	80.783	594.727	80.7719	594.727	81.0599	594.727	81.0828	594.727	81.2719	594.727	81.2954	594.727	81.3601
615.234	85.4431	615.234	85.3787	615.234	85.4344	615.234	85.2426	615.234	85.3511	615.234	85.0338	615.234	85.1923	615.234	84.7485	615.234	84.9559	615.234	84.3806	615.234	84.6366	615.234	83.9255	615.234	84.2261	615.234	83.3832	615.234	83.7168	615.234	82.7633	615.234	83.1104	615.234	82.0934	615.234	82.4288	615.234	81.4303	615.234	81.7261	615.234	80.8663	615.234	81.0928	615.234	80.5061	615.234	80.642	615.234	80.408	615.234	80.4614	615.234	80.5386	615.234	80.5507	615.234	80.7967	615.234	80.8096	615.234	81.0723	615.234	81.0975	615.234	81.2805	615.234	81.3021	615.234	81.366
637.207	85.5185	637.207	85.494	637.207	85.4738	637.207	85.3985	637.207	85.362	637.207	85.2313	637.207	85.1831	637.207	84.9909	637.207	84.9335	637.207	84.6707	637.207	84.6074	637.207	84.2572	637.207	84.1992	637.207	83.733	637.207	83.7041	637.207	83.0857	637.207	83.1169	637.207	82.3231	637.207	82.4363	637.207	81.4953	637.207	81.6862	637.207	80.7205	637.207	80.9568	637.207	80.1826	637.207	80.4199	637.207	80.0394	637.207	80.2431	637.207	80.2823	637.207	80.434	637.207	80.7334	637.207	80.8282	637.207	81.186	637.207	81.2326	637.207	81.5015	637.207	81.5176	637.207	81.6159
659.18	85.1321	659.18	85.071	659.18	85.1528	659.18	84.9682	659.18	85.1271	659.18	84.8154	659.18	85.0433	659.18	84.5994	659.18	84.8871	659.18	84.3038	659.18	84.6424	659.18	83.9109	659.18	84.2902	659.18	83.4037	659.18	83.8103	659.18	82.7727	659.18	83.1886	659.18	82.0314	659.18	82.4333	659.18	81.2375	659.18	81.5968	659.18	80.5121	659.18	80.7959	659.18	80.0232	659.18	80.2042	659.18	79.8984	659.18	79.9728	659.18	80.1169	659.18	80.1128	659.18	80.5205	659.18	80.481	659.18	80.9284	659.18	80.888	659.18	81.2127	659.18	81.1896	659.18	81.3062
682.617	85.1252	682.617	85.1221	682.617	85.0766	682.617	85.0676	682.617	84.9774	682.617	84.9581	682.617	84.8292	682.617	84.7816	682.617	84.6283	682.617	84.5171	682.617	84.3613	682.617	84.1401	682.617	84.0063	682.617	83.6306	682.617	83.5375	682.617	82.9787	682.617	82.9321	682.617	82.193	682.617	82.1797	682.617	81.317	682.617	81.3027	682.617	80.4572	682.617	80.3999	682.617	79.7933	682.617	79.688	682.617	79.506	682.617	79.4246	682.617	79.632	682.617	79.6576	682.617	80.0223	682.617	80.1494	682.617	80.4672	682.617	80.6185	682.617	80.8111	682.617	80.9082	682.617	80.9704
707.52	85.1007	707.52	85.0534	707.52	85.0881	707.52	84.9473	707.52	85.021	707.52	84.7933	707.52	84.906	707.52	84.606	707.52	84.7439	707.52	84.389	707.52	84.5253	707.52	84.1207	707.52	84.229	707.52	83.7556	707.52	83.8265	707.52	83.2408	707.52	83.2903	707.52	82.5415	707.52	82.6002	707.52	81.6683	707.52	81.7477	707.52	80.7089	707.52	80.7551	707.52	79.856	707.52	79.7384	707.52	79.3638	707.52	78.9882	707.52	79.3604	707.52	78.8445	707.52	79.7135	707.52	79.2872	707.52	80.1651	707.52	79.9251	707.52	80.5065	707.52	80.414	707.52	80.6109
732.422	84.565	732.422	84.6074	732.422	84.4766	732.422	84.6023	732.422	84.3457	732.422	84.5433	732.422	84.1821	732.422	84.4183	732.422	83.9999	732.422	84.2135	732.422	83.8046	732.422	83.9169	732.422	83.5791	732.422	83.5135	732.422	83.2789	732.422	82.9776	732.422	82.846	732.422	82.2764	732.422	82.2408	732.422	81.3923	732.422	81.482	732.422	80.3679	732.422	80.6729	732.422	79.3736	732.422	79.9804	732.422	78.7355	732.422	79.5561	732.422	78.7238	732.422	79.4615	732.422	79.2149	732.422	79.6513	732.422	79.8241	732.422	79.9888	732.422	80.2616	732.422	80.2949	732.422	80.4158
757.324	84.5221	757.324	84.4905	757.324	84.4832	757.324	84.3941	757.324	84.3828	757.324	84.2544	757.324	84.2362	757.324	84.0945	757.324	84.0538	757.324	83.9164	757.324	83.8322	757.324	83.6919	757.324	83.5511	757.324	83.3784	757.324	83.1766	757.324	82.9389	757.324	82.6654	757.324	82.3421	757.324	81.9695	757.324	81.5625	757.324	81.0516	757.324	80.6166	757.324	79.9373	757.324	79.6384	757.324	78.8174	757.324	78.9012	757.324	78.0961	757.324	78.6428	757.324	78.0758	757.324	78.8222	757.324	78.5545	757.324	79.185	757.324	79.1113	757.324	79.4959	757.324	79.4927	757.324	79.6188
785.156	84.3501	785.156	84.2516	785.156	84.3132	785.156	84.0477	785.156	84.135	785.156	83.7783	785.156	83.8413	785.156	83.4841	785.156	83.482	785.156	83.2021	785.156	83.1066	785.156	82.9516	785.156	82.7389	785.156	82.7153	785.156	82.372	785.156	82.4426	785.156	81.9866	785.156	82.0849	785.156	81.5649	785.156	81.6199	785.156	81.08	785.156	81.0429	785.156	80.4917	785.156	80.3647	785.156	79.7987	785.156	79.6644	785.156	79.1296	785.156	79.1311	785.156	78.7374	785.156	78.9456	785.156	78.7607	785.156	79.0721	785.156	79.0392	785.156	79.29	785.156	79.305	785.156	79.3976
811.523	83.9832	811.523	83.9555	811.523	83.913	811.523	83.8293	811.523	83.7481	811.523	83.6056	811.523	83.4906	811.523	83.281	811.523	83.1439	811.523	82.846	811.523	82.7181	811.523	82.2985	811.523	82.2252	811.523	81.6569	811.523	81.6618	811.523	80.9587	811.523	80.9999	811.523	80.2588	811.523	80.2238	811.523	79.6443	811.523	79.4047	811.523	79.2261	811.523	78.7339	811.523	79.071	811.523	78.4041	811.523	79.1528	811.523	78.4387	811.523	79.3953	811.523	78.73	811.523	79.7167	811.523	79.1652	811.523	80.0247	811.523	79.6338	811.523	80.2189	811.523	80.0171	811.523	80.2241
840.82	83.594	840.82	83.5274	840.82	83.5848	840.82	83.3952	840.82	83.4904	840.82	83.1994	840.82	83.3091	840.82	82.9293	840.82	83.0492	840.82	82.5612	840.82	82.7203	840.82	82.0614	840.82	82.3131	840.82	81.3956	840.82	81.7799	840.82	80.5477	840.82	81.0456	840.82	79.5424	840.82	80.0595	840.82	78.4628	840.82	78.8764	840.82	77.4741	840.82	77.7398	840.82	76.8625	840.82	77.0502	840.82	76.9232	840.82	77.0406	840.82	77.6024	840.82	77.5314	840.82	78.4917	840.82	78.21	840.82	79.2262	840.82	78.8759	840.82	79.6362	840.82	79.4029	840.82	79.6836
870.117	83.6248	870.117	83.5522	870.117	83.5998	870.117	83.4143	870.117	83.479	870.117	83.2553	870.117	83.2928	870.117	83.0908	870.117	83.0758	870.117	82.8851	870.117	82.8383	870.117	82.5729	870.117	82.5538	870.117	82.0988	870.117	82.1635	870.117	81.4281	870.117	81.5874	870.117	80.5272	870.117	80.738	870.117	79.3562	870.117	79.5526	870.117	77.9283	870.117	78.0732	870.117	76.4931	870.117	76.6425	870.117	75.7277	870.117	76.0347	870.117	76.1458	870.117	76.6052	870.117	77.2144	870.117	77.6319	870.117	78.1908	870.117	78.4523	870.117	78.7925	870.117	78.9026	870.117	79.0137
900.879	83.9048	900.879	83.7984	900.879	83.8946	900.879	83.5873	900.879	83.7726	900.879	83.31	900.879	83.5584	900.879	83.0266	900.879	83.2945	900.879	82.7805	900.879	83.0383	900.879	82.5474	900.879	82.814	900.879	82.2262	900.879	82.5639	900.879	81.6952	900.879	82.1614	900.879	80.8817	900.879	81.4764	900.879	79.7826	900.879	80.4362	900.879	78.4317	900.879	79.0798	900.879	76.9189	900.879	77.6219	900.879	75.6307	900.879	76.4847	900.879	75.3739	900.879	76.154	900.879	76.2939	900.879	76.7223	900.879	77.5088	900.879	77.6748	900.879	78.3728	900.879	78.4269	900.879	78.6867
933.105	83.5913	933.105	83.5272	933.105	83.5784	933.105	83.4084	933.105	83.4921	933.105	83.2722	933.105	83.342	933.105	83.1302	933.105	83.1265	933.105	82.9504	933.105	82.8446	933.105	82.6972	933.105	82.5201	933.105	82.3712	933.105	82.1873	933.105	81.9683	933.105	81.8279	933.105	81.4083	933.105	81.3425	933.105	80.5558	933.105	80.6028	933.105	79.3257	933.105	79.5384	933.105	77.8223	933.105	78.2726	933.105	76.5487	933.105	77.2944	933.105	76.2594	933.105	77.1266	933.105	76.8977	933.105	77.5417	933.105	77.6999	933.105	78.0066	933.105	78.2296	933.105	78.3141	933.105	78.4137
965.332	82.9622	965.332	82.7971	965.332	82.9478	965.332	82.4663	965.332	82.7764	965.332	82.0297	965.332	82.5007	965.332	81.5902	965.332	82.1968	965.332	81.2569	965.332	81.9344	965.332	81.0588	965.332	81.7284	965.332	80.8799	965.332	81.5269	965.332	80.5231	965.332	81.2366	965.332	79.852	965.332	80.7462	965.332	78.858	965.332	79.9536	965.332	77.6116	965.332	78.832	965.332	76.2234	965.332	77.552	965.332	75.1354	965.332	76.623	965.332	75.3051	965.332	76.6294	965.332	76.6539	965.332	77.4219	965.332	78.0141	965.332	78.3253	965.332	78.8348	965.332	78.9238	965.332	79.1081
1,000.49	83.1288	1,000.49	82.988	1,000.49	83.0575	1,000.49	82.661	1,000.49	82.7892	1,000.49	82.218	1,000.49	82.367	1,000.49	81.7485	1,000.49	81.8555	1,000.49	81.3123	1,000.49	81.3496	1,000.49	80.9339	1,000.49	80.9628	1,000.49	80.6487	1,000.49	80.7349	1,000.49	80.4618	1,000.49	80.5502	1,000.49	80.2344	1,000.49	80.2041	1,000.49	79.7298	1,000.49	79.5241	1,000.49	78.7895	1,000.49	78.4322	1,000.49	77.4694	1,000.49	77.036	1,000.49	76.1596	1,000.49	75.8201	1,000.49	75.5441	1,000.49	75.4729	1,000.49	75.9294	1,000.49	76.0102	1,000.49	76.8231	1,000.49	76.8642	1,000.49	77.5894	1,000.49	77.5801	1,000.49	77.8684
1,035.64	83.2741	1,035.64	83.1187	1,035.64	83.1799	1,035.64	82.7054	1,035.64	82.9009	1,035.64	82.1093	1,035.64	82.5148	1,035.64	81.4843	1,035.64	82.0645	1,035.64	80.9919	1,035.64	81.5488	1,035.64	80.6786	1,035.64	80.9925	1,035.64	80.4298	1,035.64	80.503	1,035.64	80.0505	1,035.64	80.1375	1,035.64	79.3804	1,035.64	79.7315	1,035.64	78.3806	1,035.64	79.0052	1,035.64	77.1469	1,035.64	77.7477	1,035.64	75.8437	1,035.64	75.9618	1,035.64	74.827	1,035.64	74.397	1,035.64	74.8055	1,035.64	74.5328	1,035.64	75.7869	1,035.64	75.8123	1,035.64	76.8192	1,035.64	76.8359	1,035.64	77.3784	1,035.64	77.3413	1,035.64	77.5046
1,072.27	81.5497	1,072.27	81.4231	1,072.27	81.3454	1,072.27	80.8969	1,072.27	80.8537	1,072.27	79.9563	1,072.27	80.0918	1,072.27	78.789	1,072.27	79.131	1,072.27	77.8778	1,072.27	78.2426	1,072.27	77.5902	1,072.27	77.8734	1,072.27	77.6266	1,072.27	78.1096	1,072.27	77.5009	1,072.27	78.4642	1,072.27	77.0083	1,072.27	78.4597	1,072.27	76.0625	1,072.27	77.9153	1,072.27	74.6973	1,072.27	76.9029	1,072.27	73.5752	1,072.27	75.7181	1,072.27	73.7397	1,072.27	74.8307	1,072.27	74.9084	1,072.27	74.7542	1,072.27	76.219	1,072.27	75.6631	1,072.27	77.3062	1,072.27	76.9584	1,072.27	78.027	1,072.27	77.9182	1,072.27	78.2672
1,108.89	83.3626	1,108.89	83.2686	1,108.89	83.1353	1,108.89	82.8892	1,108.89	82.5735	1,108.89	82.2458	1,108.89	81.7103	1,108.89	81.3159	1,108.89	80.6218	1,108.89	80.077	1,108.89	79.3912	1,108.89	78.6739	1,108.89	78.1132	1,108.89	77.519	1,108.89	76.991	1,108.89	76.8571	1,108.89	76.2534	1,108.89	76.333	1,108.89	75.8492	1,108.89	75.4428	1,108.89	75.4721	1,108.89	73.8965	1,108.89	74.7435	1,108.89	71.73	1,108.89	73.4321	1,108.89	69.9213	1,108.89	72.2662	1,108.89	70.5594	1,108.89	72.7574	1,108.89	72.9877	1,108.89	74.2282	1,108.89	75.1614	1,108.89	75.5311	1,108.89	76.4384	1,108.89	76.4357	1,108.89	76.8078
1,148.44	84.1284	1,148.44	84.0753	1,148.44	83.9883	1,148.44	83.7581	1,148.44	83.6832	1,148.44	83.1424	1,148.44	83.184	1,148.44	82.2837	1,148.44	82.4511	1,148.44	81.3022	1,148.44	81.482	1,148.44	80.3335	1,148.44	80.3956	1,148.44	79.4675	1,148.44	79.5063	1,148.44	78.6251	1,148.44	78.9881	1,148.44	77.5296	1,148.44	78.4435	1,148.44	75.8547	1,148.44	77.348	1,148.44	73.3202	1,148.44	75.5353	1,148.44	69.7673	1,148.44	73.0272	1,148.44	66.4403	1,148.44	69.8082	1,148.44	68.3343	1,148.44	68.3293	1,148.44	72.3325	1,148.44	71.3628	1,148.44	75.125	1,148.44	74.3776	1,148.44	76.5893	1,148.44	76.1857	1,148.44	76.91
1,189.45	83.8599	1,189.45	83.7722	1,189.45	83.8174	1,189.45	83.539	1,189.45	83.6186	1,189.45	83.114	1,189.45	83.2293	1,189.45	82.4739	1,189.45	82.6563	1,189.45	81.6676	1,189.45	81.9693	1,189.45	80.8714	1,189.45	81.2429	1,189.45	80.4085	1,189.45	80.5417	1,189.45	80.369	1,189.45	80.0278	1,189.45	80.3054	1,189.45	79.7829	1,189.45	79.7391	1,189.45	79.4663	1,189.45	78.5033	1,189.45	78.617	1,189.45	76.5778	1,189.45	77.0381	1,189.45	73.9031	1,189.45	74.7842	1,189.45	70.7255	1,189.45	72.3721	1,189.45	69.2875	1,189.45	71.3852	1,189.45	71.2899	1,189.45	72.5128	1,189.45	73.5169	1,189.45	73.9757	1,189.45	74.4525
1,230.47	84.5733	1,230.47	84.5007	1,230.47	84.399	1,230.47	84.1593	1,230.47	83.9958	1,230.47	83.5001	1,230.47	83.404	1,230.47	82.4917	1,230.47	82.6814	1,230.47	81.2761	1,230.47	81.8905	1,230.47	80.2346	1,230.47	81.1656	1,230.47	79.6045	1,230.47	80.734	1,230.47	79.2644	1,230.47	80.6174	1,230.47	79.0857	1,230.47	80.5087	1,230.47	78.8311	1,230.47	80.1388	1,230.47	78.0763	1,230.47	79.4053	1,230.47	76.5148	1,230.47	78.1893	1,230.47	74.1824	1,230.47	76.3174	1,230.47	72.1254	1,230.47	74.0951	1,230.47	72.4807	1,230.47	73.452	1,230.47	74.3033	1,230.47	74.9169	1,230.47	75.7717	1,230.47	76.1895	1,230.47	76.4521
1,274.41	84.3076	1,274.41	84.1575	1,274.41	84.2647	1,274.41	83.8353	1,274.41	83.992	1,274.41	83.3363	1,274.41	83.455	1,274.41	82.6377	1,274.41	82.6569	1,274.41	81.6878	1,274.41	81.6846	1,274.41	80.4739	1,274.41	80.6786	1,274.41	79.3525	1,274.41	79.7772	1,274.41	79.0034	1,274.41	79.1504	1,274.41	79.3054	1,274.41	78.8231	1,274.41	79.4574	1,274.41	78.4283	1,274.41	78.9372	1,274.41	77.5373	1,274.41	77.4342	1,274.41	75.9873	1,274.41	74.7537	1,274.41	73.9061	1,274.41	71.5752	1,274.41	72.105	1,274.41	71.2515	1,274.41	72.1609	1,274.41	73.5933	1,274.41	73.7414	1,274.41	75.3906	1,274.41	75.2677	1,274.41	75.93
1,319.82	85.4853	1,319.82	85.4888	1,319.82	85.2333	1,319.82	85.1616	1,319.82	84.81	1,319.82	84.5031	1,319.82	84.2153	1,319.82	83.5888	1,319.82	83.3882	1,319.82	82.4956	1,319.82	82.2883	1,319.82	81.2915	1,319.82	80.9946	1,319.82	80.1468	1,319.82	79.7897	1,319.82	79.4029	1,319.82	79.041	1,319.82	79.1333	1,319.82	78.7843	1,319.82	78.8157	1,319.82	78.6831	1,319.82	78.0682	1,319.82	78.3794	1,319.82	76.9998	1,319.82	77.5288	1,319.82	75.7239	1,319.82	75.9429	1,319.82	74.3267	1,319.82	74.4626	1,319.82	73.9276	1,319.82	74.7255	1,319.82	75.1547	1,319.82	75.9292	1,319.82	76.4508	1,319.82	76.7915	1,319.82	77.0021
1,366.7	84.5184	1,366.7	84.3974	1,366.7	84.4621	1,366.7	84.1337	1,366.7	84.1726	1,366.7	83.65	1,366.7	83.6153	1,366.7	82.7917	1,366.7	82.7767	1,366.7	81.5665	1,366.7	81.6743	1,366.7	80.2971	1,366.7	80.373	1,366.7	79.2966	1,366.7	79.0833	1,366.7	78.5919	1,366.7	78.2606	1,366.7	78.2128	1,366.7	78.1416	1,366.7	78.0113	1,366.7	78.2212	1,366.7	77.4776	1,366.7	77.8118	1,366.7	76.1122	1,366.7	76.6477	1,366.7	73.5194	1,366.7	74.9276	1,366.7	70.2537	1,366.7	73.23	1,366.7	70.2541	1,366.7	72.9209	1,366.7	72.7661	1,366.7	74.4907	1,366.7	74.8529	1,366.7	75.9069	1,366.7	76.02
1,413.57	84.6819	1,413.57	84.557	1,413.57	84.5931	1,413.57	84.2074	1,413.57	84.2868	1,413.57	83.5876	1,413.57	83.7394	1,413.57	82.6242	1,413.57	82.876	1,413.57	81.291	1,413.57	81.5979	1,413.57	79.6952	1,413.57	79.9406	1,413.57	78.0362	1,413.57	78.3351	1,413.57	76.6561	1,413.57	77.4535	1,413.57	76.154	1,413.57	77.1577	1,413.57	76.2765	1,413.57	76.7247	1,413.57	75.9774	1,413.57	75.8518	1,413.57	74.6308	1,413.57	74.282	1,413.57	71.9485	1,413.57	71.2587	1,413.57	68.702	1,413.57	66.3243	1,413.57	69.3767	1,413.57	67.6923	1,413.57	72.3844	1,413.57	71.914	1,413.57	74.2288	1,413.57	74.0131	1,413.57	74.7132
1,463.38	84.8903	1,463.38	84.5975	1,463.38	85.0672	1,463.38	84.2659	1,463.38	84.9706	1,463.38	83.79	1,463.38	84.518	1,463.38	82.9753	1,463.38	83.7617	1,463.38	81.7352	1,463.38	82.7922	1,463.38	80.2097	1,463.38	81.5799	1,463.38	78.6822	1,463.38	80.1316	1,463.38	77.4172	1,463.38	79.048	1,463.38	76.897	1,463.38	79.0271	1,463.38	77.2569	1,463.38	79.3169	1,463.38	77.4087	1,463.38	78.9434	1,463.38	76.4491	1,463.38	77.7158	1,463.38	74.0725	1,463.38	75.5871	1,463.38	69.7557	1,463.38	72.2704	1,463.38	64.5573	1,463.38	70.228	1,463.38	68.9006	1,463.38	72.0106	1,463.38	72.3578	1,463.38	73.3253	1,463.38	73.4953
1,516.11	85.32	1,516.11	85.3232	1,516.11	85.1419	1,516.11	85.0917	1,516.11	84.8105	1,516.11	84.572	1,516.11	84.3234	1,516.11	83.8047	1,516.11	83.611	1,516.11	82.8796	1,516.11	82.5756	1,516.11	81.7615	1,516.11	81.3027	1,516.11	80.3592	1,516.11	79.9988	1,516.11	78.8338	1,516.11	78.8336	1,516.11	77.7592	1,516.11	78.3448	1,516.11	77.5706	1,516.11	78.6415	1,516.11	77.6254	1,516.11	78.8126	1,516.11	77.0748	1,516.11	78.2668	1,516.11	75.5918	1,516.11	76.7101	1,516.11	73.2243	1,516.11	74.2291	1,516.11	71.1853	1,516.11	72.6692	1,516.11	71.7778	1,516.11	73.7244	1,516.11	73.6606	1,516.11	74.9456	1,516.11	74.9173
1,568.85	84.636	1,568.85	84.6765	1,568.85	84.4698	1,568.85	84.612	1,568.85	84.1534	1,568.85	84.3203	1,568.85	83.6685	1,568.85	83.6817	1,568.85	82.9237	1,568.85	82.7647	1,568.85	81.905	1,568.85	81.6395	1,568.85	80.7883	1,568.85	80.3069	1,568.85	79.596	1,568.85	78.991	1,568.85	78.1813	1,568.85	78.0151	1,568.85	77.252	1,568.85	77.5317	1,568.85	77.6005	1,568.85	77.5416	1,568.85	78.1595	1,568.85	77.4338	1,568.85	78.01	1,568.85	76.3785	1,568.85	76.7559	1,568.85	74.0451	1,568.85	74.1284	1,568.85	71.4542	1,568.85	71.6538	1,568.85	71.4669	1,568.85	73.1042	1,568.85	73.1425	1,568.85	74.625	1,568.85	74.4341
1,624.51	84.0522	1,624.51	83.9667	1,624.51	84.0004	1,624.51	83.8394	1,624.51	83.7269	1,624.51	83.6347	1,624.51	83.2588	1,624.51	83.1581	1,624.51	82.7264	1,624.51	82.3505	1,624.51	82.085	1,624.51	81.361	1,624.51	81.0993	1,624.51	80.2077	1,624.51	79.7525	1,624.51	78.9329	1,624.51	78.1119	1,624.51	78.0085	1,624.51	76.3559	1,624.51	77.7115	1,624.51	75.7735	1,624.51	77.569	1,624.51	75.9774	1,624.51	77.0141	1,624.51	75.3054	1,624.51	75.8444	1,624.51	73.5963	1,624.51	73.9356	1,624.51	71.0619	1,624.51	71.9649	1,624.51	69.0281	1,624.51	72.4293	1,624.51	70.1993	1,624.51	73.8755	1,624.51	72.4635	1,624.51	73.9283
1,681.64	83.7046	1,681.64	83.5233	1,681.64	83.6043	1,681.64	83.1536	1,681.64	83.319	1,681.64	82.7979	1,681.64	82.9904	1,681.64	82.4834	1,681.64	82.6078	1,681.64	81.9999	1,681.64	82.0043	1,681.64	81.1499	1,681.64	81.0471	1,681.64	79.9708	1,681.64	79.8418	1,681.64	78.8229	1,681.64	78.5083	1,681.64	78.0858	1,681.64	76.9386	1,681.64	77.785	1,681.64	75.5452	1,681.64	77.5232	1,681.64	74.8558	1,681.64	76.9447	1,681.64	74.4559	1,681.64	75.9847	1,681.64	73.5332	1,681.64	74.5781	1,681.64	71.5237	1,681.64	72.8808	1,681.64	69.4671	1,681.64	72.343	1,681.64	70.3018	1,681.64	73.5952	1,681.64	72.7379	1,681.64	74.0703
1,741.7	84.501	1,741.7	84.224	1,741.7	84.4434	1,741.7	83.642	1,741.7	84.0854	1,741.7	82.8951	1,741.7	83.5017	1,741.7	82.0771	1,741.7	82.8472	1,741.7	81.0214	1,741.7	82.1725	1,741.7	79.5746	1,741.7	81.2224	1,741.7	77.9345	1,741.7	80.0155	1,741.7	76.5311	1,741.7	78.9585	1,741.7	75.5281	1,741.7	77.891	1,741.7	75.277	1,741.7	76.713	1,741.7	75.6776	1,741.7	75.8897	1,741.7	75.7025	1,741.7	75.3184	1,741.7	74.6187	1,741.7	74.4803	1,741.7	72.1172	1,741.7	72.9223	1,741.7	70.5587	1,741.7	70.6189	1,741.7	72.1706	1,741.7	71.0355	1,741.7	73.9782	1,741.7	73.854	1,741.7	74.828
1,803.22	85.1776	1,803.22	85.0867	1,803.22	85.0668	1,803.22	84.7063	1,803.22	84.7387	1,803.22	84.0435	1,803.22	84.0878	1,803.22	83.2065	1,803.22	83.2444	1,803.22	82.3131	1,803.22	82.3772	1,803.22	81.3193	1,803.22	81.2758	1,803.22	80.0722	1,803.22	79.9433	1,803.22	78.6178	1,803.22	78.8234	1,803.22	77.1265	1,803.22	77.8882	1,803.22	76.3483	1,803.22	77.4022	1,803.22	76.5299	1,803.22	77.3917	1,803.22	76.5805	1,803.22	77.0023	1,803.22	75.702	1,803.22	75.7239	1,803.22	73.3772	1,803.22	73.5436	1,803.22	70.6163	1,803.22	72.1421	1,803.22	71.2739	1,803.22	72.8821	1,803.22	73.7804	1,803.22	74.2453	1,803.22	74.7908
1,866.21	85.3931	1,866.21	85.2697	1,866.21	85.1793	1,866.21	84.8657	1,866.21	84.6682	1,866.21	84.275	1,866.21	84.0441	1,866.21	83.6493	1,866.21	83.267	1,866.21	82.8188	1,866.21	82.183	1,866.21	81.7328	1,866.21	80.9411	1,866.21	80.6273	1,866.21	79.6471	1,866.21	79.2532	1,866.21	78.1962	1,866.21	77.8736	1,866.21	76.9314	1,866.21	77.0685	1,866.21	76.4088	1,866.21	76.8652	1,866.21	76.4277	1,866.21	76.9728	1,866.21	76.2531	1,866.21	76.3858	1,866.21	75.2538	1,866.21	74.4128	1,866.21	72.9557	1,866.21	72.0765	1,866.21	70.7032	1,866.21	71.8267	1,866.21	72.2343	1,866.21	73.3736	1,866.21	74.2308	1,866.21	74.5784
1,932.13	84.4454	1,932.13	84.2478	1,932.13	84.2592	1,932.13	83.818	1,932.13	83.8824	1,932.13	83.2581	1,932.13	83.3968	1,932.13	82.5867	1,932.13	82.6106	1,932.13	81.8689	1,932.13	81.6811	1,932.13	80.9617	1,932.13	80.6597	1,932.13	79.84	1,932.13	79.2923	1,932.13	78.6156	1,932.13	77.7279	1,932.13	77.2196	1,932.13	76.2167	1,932.13	76.2436	1,932.13	75.1968	1,932.13	76.2678	1,932.13	75.3965	1,932.13	76.4634	1,932.13	75.388	1,932.13	76.0494	1,932.13	74.6991	1,932.13	74.3983	1,932.13	72.9679	1,932.13	72.1275	1,932.13	70.2106	1,932.13	71.9346	1,932.13	70.1301	1,932.13	73.3769	1,932.13	72.5726	1,932.13	73.9624
1,999.51	84.7674	1,999.51	84.5216	1,999.51	84.7798	1,999.51	83.9773	1,999.51	84.455	1,999.51	83.1542	1,999.51	83.7952	1,999.51	82.2136	1,999.51	83.0627	1,999.51	81.2784	1,999.51	82.2145	1,999.51	80.3376	1,999.51	81.159	1,999.51	79.3364	1,999.51	80.0336	1,999.51	78.091	1,999.51	78.5701	1,999.51	76.7061	1,999.51	76.9181	1,999.51	75.6002	1,999.51	76.0828	1,999.51	75.2908	1,999.51	76.1501	1,999.51	75.6079	1,999.51	76.295	1,999.51	75.1817	1,999.51	75.6336	1,999.51	73.5469	1,999.51	73.7918	1,999.51	71.3804	1,999.51	71.8538	1,999.51	71.9097	1,999.51	72.0236	1,999.51	73.4822	1,999.51	73.4023	1,999.51	74.0168
2,069.82	85.1485	2,069.82	84.8953	2,069.82	85.135	2,069.82	84.3993	2,069.82	84.6457	2,069.82	83.5492	2,069.82	83.8971	2,069.82	82.4743	2,069.82	83.1144	2,069.82	81.4104	2,069.82	82.1357	2,069.82	80.4298	2,069.82	81.1508	2,069.82	79.3988	2,069.82	80.0898	2,069.82	78.2682	2,069.82	78.4652	2,069.82	76.8207	2,069.82	76.7013	2,069.82	75.5235	2,069.82	75.6949	2,069.82	75.4264	2,069.82	75.7813	2,069.82	75.4804	2,069.82	76.1323	2,069.82	75.0574	2,069.82	75.4833	2,069.82	73.9445	2,069.82	73.7515	2,069.82	72.199	2,069.82	72.0908	2,069.82	72.3312	2,069.82	72.8169	2,069.82	73.7188	2,069.82	74.5553	2,069.82	74.754
2,143.07	84.9688	2,143.07	84.7902	2,143.07	84.7588	2,143.07	84.3902	2,143.07	84.1857	2,143.07	83.6017	2,143.07	83.3654	2,143.07	82.3869	2,143.07	82.2354	2,143.07	81.1674	2,143.07	81.17	2,143.07	80.0608	2,143.07	80.2081	2,143.07	79.1608	2,143.07	79.0099	2,143.07	78.1568	2,143.07	77.9067	2,143.07	76.7531	2,143.07	76.1794	2,143.07	75.5149	2,143.07	74.5471	2,143.07	75.1951	2,143.07	74.4692	2,143.07	75.5959	2,143.07	75.0754	2,143.07	75.282	2,143.07	74.7414	2,143.07	73.8108	2,143.07	72.8742	2,143.07	71.8931	2,143.07	70.6558	2,143.07	72.3749	2,143.07	71.8585	2,143.07	74.5276	2,143.07	74.1444	2,143.07	75.019
2,219.24	84.7553	2,219.24	84.591	2,219.24	84.6378	2,219.24	84.1065	2,219.24	84.2325	2,219.24	83.2668	2,219.24	83.3935	2,219.24	82.0285	2,219.24	82.209	2,219.24	80.57	2,219.24	80.9293	2,219.24	79.1441	2,219.24	79.6609	2,219.24	78.1148	2,219.24	78.4547	2,219.24	77.3332	2,219.24	77.4534	2,219.24	76.3626	2,219.24	76.1608	2,219.24	75.3407	2,219.24	74.2195	2,219.24	74.6579	2,219.24	73.4895	2,219.24	75.0941	2,219.24	74.252	2,219.24	74.9202	2,219.24	74.2089	2,219.24	72.5826	2,219.24	72.0956	2,219.24	70.4455	2,219.24	69.3385	2,219.24	71.6854	2,219.24	70.6278	2,219.24	74.0982	2,219.24	72.9987	2,219.24	74.3927
2,296.88	85.5994	2,296.88	85.357	2,296.88	85.4394	2,296.88	84.7801	2,296.88	85.0019	2,296.88	83.9464	2,296.88	84.2094	2,296.88	82.8574	2,296.88	83.2139	2,296.88	81.423	2,296.88	82.085	2,296.88	79.6315	2,296.88	80.6733	2,296.88	77.6065	2,296.88	79.4335	2,296.88	76.0852	2,296.88	78.2007	2,296.88	75.2262	2,296.88	77.0695	2,296.88	74.1632	2,296.88	75.6182	2,296.88	73.5965	2,296.88	74.6737	2,296.88	74.1407	2,296.88	75.1724	2,296.88	74.5827	2,296.88	75.013	2,296.88	72.7186	2,296.88	73.383	2,296.88	69.4066	2,296.88	70.2663	2,296.88	69.6337	2,296.88	70.2509	2,296.88	72.7882	2,296.88	73.0957	2,296.88	74.0153
2,378.91	86.0215	2,378.91	85.9857	2,378.91	85.7399	2,378.91	85.4317	2,378.91	85.2105	2,378.91	84.7419	2,378.91	84.3341	2,378.91	83.8762	2,378.91	83.1983	2,378.91	82.5349	2,378.91	81.8425	2,378.91	80.8976	2,378.91	80.3993	2,378.91	79.1415	2,378.91	79.1947	2,378.91	77.3368	2,378.91	78.1389	2,378.91	75.7413	2,378.91	77.0301	2,378.91	74.485	2,378.91	75.5124	2,378.91	73.7068	2,378.91	74.0452	2,378.91	74.428	2,378.91	74.5831	2,378.91	75.1633	2,378.91	75.292	2,378.91	74.1567	2,378.91	73.8861	2,378.91	70.7689	2,378.91	70.5349	2,378.91	69.3867	2,378.91	69.4397	2,378.91	72.2853	2,378.91	72.999	2,378.91	74.0448
2,462.4	85.0471	2,462.4	85.0406	2,462.4	84.7589	2,462.4	84.6221	2,462.4	83.9474	2,462.4	83.8107	2,462.4	83.0051	2,462.4	82.9914	2,462.4	81.8986	2,462.4	82.1468	2,462.4	80.6689	2,462.4	80.9416	2,462.4	79.4328	2,462.4	79.1939	2,462.4	77.9577	2,462.4	77.2615	2,462.4	76.6661	2,462.4	75.4386	2,462.4	75.0192	2,462.4	73.3587	2,462.4	73.549	2,462.4	72.7086	2,462.4	72.7246	2,462.4	73.6537	2,462.4	72.7432	2,462.4	74.3599	2,462.4	74.0863	2,462.4	73.9936	2,462.4	73.4033	2,462.4	71.547	2,462.4	69.4205	2,462.4	69.7246	2,462.4	66.7193	2,462.4	70.9739	2,462.4	70.8077	2,462.4	72.4491
2,548.83	85.2204	2,548.83	85.0074	2,548.83	84.9926	2,548.83	84.351	2,548.83	84.4587	2,548.83	83.4857	2,548.83	83.5267	2,548.83	82.2759	2,548.83	82.3763	2,548.83	80.9745	2,548.83	80.8411	2,548.83	79.91	2,548.83	79.5966	2,548.83	78.9871	2,548.83	78.6615	2,548.83	77.627	2,548.83	77.2271	2,548.83	75.628	2,548.83	75.9312	2,548.83	73.7405	2,548.83	74.2946	2,548.83	71.2916	2,548.83	72.4871	2,548.83	72.0523	2,548.83	72.6969	2,548.83	73.4156	2,548.83	74.3907	2,548.83	73.7462	2,548.83	74.2512	2,548.83	71.1945	2,548.83	71.9683	2,548.83	68.5195	2,548.83	69.4596	2,548.83	70.8187	2,548.83	71.1629	2,548.83	72.2152
2,639.65	85.7717	2,639.65	85.6069	2,639.65	85.6222	2,639.65	85.2342	2,639.65	85.0333	2,639.65	84.3338	2,639.65	83.9221	2,639.65	83.0542	2,639.65	82.5824	2,639.65	81.7696	2,639.65	81.3374	2,639.65	80.8359	2,639.65	79.9286	2,639.65	79.6142	2,639.65	78.4096	2,639.65	78.1217	2,639.65	77.3302	2,639.65	76.979	2,639.65	76.7082	2,639.65	75.3388	2,639.65	74.8739	2,639.65	72.6622	2,639.65	72.9784	2,639.65	71.2639	2,639.65	72.169	2,639.65	73.5658	2,639.65	73.6478	2,639.65	73.7482	2,639.65	73.9826	2,639.65	71.5359	2,639.65	71.7632	2,639.65	69.0067	2,639.65	70.1875	2,639.65	72.3182	2,639.65	71.6509	2,639.65	73.0039
2,731.93	84.7007	2,731.93	84.5501	2,731.93	84.4137	2,731.93	84.1342	2,731.93	84.0204	2,731.93	83.401	2,731.93	83.1707	2,731.93	82.3239	2,731.93	81.8658	2,731.93	81.0263	2,731.93	80.3854	2,731.93	79.9081	2,731.93	78.6349	2,731.93	78.8893	2,731.93	77.1239	2,731.93	77.8425	2,731.93	75.6141	2,731.93	77.0775	2,731.93	75.4654	2,731.93	76.4086	2,731.93	74.8986	2,731.93	73.7856	2,731.93	72.8085	2,731.93	71.5478	2,731.93	71.638	2,731.93	72.8022	2,731.93	72.091	2,731.93	73.7977	2,731.93	72.6148	2,731.93	71.0133	2,731.93	70.9446	2,731.93	68.7159	2,731.93	67.0732	2,731.93	70.953	2,731.93	70.3892	2,731.93	72.1795
2,828.61	85.2005	2,828.61	85.1366	2,828.61	84.9053	2,828.61	84.4258	2,828.61	84.391	2,828.61	83.3789	2,828.61	83.4924	2,828.61	82.1247	2,828.61	82.3117	2,828.61	80.6911	2,828.61	81.1293	2,828.61	79.0599	2,828.61	79.7582	2,828.61	77.5706	2,828.61	77.9969	2,828.61	76.3957	2,828.61	76.0918	2,828.61	75.3204	2,828.61	74.2099	2,828.61	75.1428	2,828.61	74.7923	2,828.61	73.8405	2,828.61	73.391	2,828.61	70.2889	2,828.61	71.5874	2,828.61	71.2255	2,828.61	71.8386	2,828.61	71.4382	2,828.61	72.5096	2,828.61	69.4636	2,828.61	70.2281	2,828.61	65.9085	2,828.61	67.8209	2,828.61	69.266	2,828.61	68.1019	2,828.61	71.3095
2,928.22	85.5576	2,928.22	85.4289	2,928.22	85.4548	2,928.22	84.7529	2,928.22	84.9662	2,928.22	83.954	2,928.22	84.0608	2,928.22	82.9529	2,928.22	83.2249	2,928.22	81.1921	2,928.22	81.669	2,928.22	79.5714	2,928.22	80.3086	2,928.22	78.4446	2,928.22	78.998	2,928.22	77.2186	2,928.22	76.6707	2,928.22	75.2237	2,928.22	74.632	2,928.22	74.8627	2,928.22	74.0364	2,928.22	74.2328	2,928.22	73.3678	2,928.22	71.6607	2,928.22	71.1761	2,928.22	70.9844	2,928.22	72.8863	2,928.22	71.9413	2,928.22	73.7536	2,928.22	70.1168	2,928.22	71.5946	2,928.22	67.6345	2,928.22	68.4396	2,928.22	68.5445	2,928.22	69.6843	2,928.22	69.6236
3,030.76	85.0605	3,030.76	84.8624	3,030.76	85.0277	3,030.76	84.5909	3,030.76	84.4946	3,030.76	83.7177	3,030.76	83.8513	3,030.76	82.6697	3,030.76	82.6534	3,030.76	81.0819	3,030.76	81.6447	3,030.76	79.4369	3,030.76	80.2232	3,030.76	78.5741	3,030.76	78.5368	3,030.76	77.4434	3,030.76	77.3677	3,030.76	75.7572	3,030.76	75.326	3,030.76	74.3859	3,030.76	74.2119	3,030.76	74.2076	3,030.76	73.1623	3,030.76	72.8872	3,030.76	71.0897	3,030.76	71.0615	3,030.76	70.8211	3,030.76	72.203	3,030.76	72.7919	3,030.76	71.5786	3,030.76	71.7698	3,030.76	65.8138	3,030.76	67.3177	3,030.76	66.9605	3,030.76	68.7599	3,030.76	69.0403
3,137.7	84.1581	3,137.7	84.0729	3,137.7	83.9526	3,137.7	83.9003	3,137.7	83.4867	3,137.7	82.9952	3,137.7	82.9659	3,137.7	81.9311	3,137.7	82.0171	3,137.7	80.7675	3,137.7	81.1432	3,137.7	79.2445	3,137.7	79.8327	3,137.7	77.6719	3,137.7	78.0067	3,137.7	76.262	3,137.7	77.0137	3,137.7	74.777	3,137.7	75.3416	3,137.7	73.8839	3,137.7	74.3046	3,137.7	73.3111	3,137.7	73.934	3,137.7	72.2668	3,137.7	71.3036	3,137.7	70.8604	3,137.7	69.2833	3,137.7	72.2668	3,137.7	72.2468	3,137.7	71.7642	3,137.7	71.7692	3,137.7	66.7162	3,137.7	67.3654	3,137.7	66.9585	3,137.7	67.7027	3,137.7	69.787
3,249.02	85.1058	3,249.02	84.7766	3,249.02	84.8793	3,249.02	84.1175	3,249.02	84.3085	3,249.02	83.351	3,249.02	83.4126	3,249.02	82.5043	3,249.02	82.6119	3,249.02	81.643	3,249.02	81.3776	3,249.02	79.5569	3,249.02	79.8443	3,249.02	77.4292	3,249.02	78.9306	3,249.02	76.2376	3,249.02	77.9216	3,249.02	73.7966	3,249.02	74.979	3,249.02	71.8888	3,249.02	73.8634	3,249.02	74.4805	3,249.02	75.0704	3,249.02	73.2261	3,249.02	73.4195	3,249.02	70.2556	3,249.02	69.982	3,249.02	72.5994	3,249.02	70.8374	3,249.02	72.1841	3,249.02	71.5778	3,249.02	68.7159	3,249.02	68.9167	3,249.02	68.9256	3,249.02	69.195	3,249.02	70.587
3,363.28	85.5021	3,363.28	85.3854	3,363.28	85.258	3,363.28	84.4345	3,363.28	84.6439	3,363.28	83.6983	3,363.28	83.7074	3,363.28	82.8817	3,363.28	82.747	3,363.28	82.0969	3,363.28	81.4116	3,363.28	80.5342	3,363.28	79.4976	3,363.28	78.6645	3,363.28	78.2732	3,363.28	78.1143	3,363.28	77.7099	3,363.28	76.7335	3,363.28	76.381	3,363.28	73.0833	3,363.28	72.2887	3,363.28	74.2248	3,363.28	73.8594	3,363.28	74.0255	3,363.28	74.1018	3,363.28	72.6195	3,363.28	70.9606	3,363.28	72.5141	3,363.28	70.9001	3,363.28	71.7259	3,363.28	71.3768	3,363.28	69.2872	3,363.28	69.4893	3,363.28	69.3069	3,363.28	69.2603	3,363.28	70.731
3,481.93	85.7587	3,481.93	85.5554	3,481.93	85.5254	3,481.93	84.9928	3,481.93	84.9746	3,481.93	84.0493	3,481.93	84.203	3,481.93	82.9269	3,481.93	82.9162	3,481.93	81.7176	3,481.93	81.6457	3,481.93	80.8049	3,481.93	80.645	3,481.93	79.0758	3,481.93	79.0119	3,481.93	77.2484	3,481.93	76.992	3,481.93	77.1188	3,481.93	77.415	3,481.93	74.5553	3,481.93	74.6078	3,481.93	71.7807	3,481.93	72.7883	3,481.93	73.5938	3,481.93	74.5185	3,481.93	71.7766	3,481.93	72.6292	3,481.93	70.498	3,481.93	72.1595	3,481.93	71.3138	3,481.93	71.8635	3,481.93	69.8792	3,481.93	68.7942	3,481.93	65.8406	3,481.93	69.2386	3,481.93	68.654
3,604.98	85.661	3,604.98	85.386	3,604.98	85.6905	3,604.98	84.9072	3,604.98	85.1885	3,604.98	84.1834	3,604.98	84.1292	3,604.98	82.8959	3,604.98	82.8573	3,604.98	81.5251	3,604.98	81.5463	3,604.98	80.5267	3,604.98	80.0917	3,604.98	79.2326	3,604.98	77.7806	3,604.98	76.9357	3,604.98	76.3545	3,604.98	76.7515	3,604.98	76.0648	3,604.98	74.7252	3,604.98	74.5609	3,604.98	70.9858	3,604.98	70.4005	3,604.98	72.3064	3,604.98	73.0828	3,604.98	70.9648	3,604.98	72.5123	3,604.98	71.4691	3,604.98	71.4702	3,604.98	72.8561	3,604.98	70.8673	3,604.98	68.5024	3,604.98	67.2996	3,604.98	68.2503	3,604.98	67.2895	3,604.98	69.8257
3,732.42	85.6179	3,732.42	85.4728	3,732.42	85.7527	3,732.42	85.0147	3,732.42	85.4477	3,732.42	84.2765	3,732.42	84.9092	3,732.42	83.1167	3,732.42	84.0203	3,732.42	81.7082	3,732.42	82.3833	3,732.42	80.2924	3,732.42	80.9305	3,732.42	79.3399	3,732.42	79.265	3,732.42	76.5479	3,732.42	77.3387	3,732.42	74.9752	3,732.42	75.9625	3,732.42	75.6607	3,732.42	75.7291	3,732.42	72.5923	3,732.42	73.8909	3,732.42	72.6642	3,732.42	73.655	3,732.42	72.7693	3,732.42	73.8843	3,732.42	71.4282	3,732.42	72.824	3,732.42	71.7397	3,732.42	72.4984	3,732.42	69.2993	3,732.42	69.7333	3,732.42	69.3007	3,732.42	68.9222	3,732.42	69.9029
3,864.26	85.3812	3,864.26	85.2416	3,864.26	85.4153	3,864.26	84.7145	3,864.26	84.8893	3,864.26	83.9477	3,864.26	84.1669	3,864.26	83.2959	3,864.26	83.3453	3,864.26	82.3361	3,864.26	82.2924	3,864.26	80.4247	3,864.26	80.2845	3,864.26	78.8101	3,864.26	78.858	3,864.26	77.8773	3,864.26	76.9932	3,864.26	75.4188	3,864.26	74.0851	3,864.26	74.8511	3,864.26	73.9839	3,864.26	73.8156	3,864.26	73.2062	3,864.26	70.9273	3,864.26	70.8363	3,864.26	72.2125	3,864.26	72.4728	3,864.26	72.5787	3,864.26	71.8096	3,864.26	71.4771	3,864.26	71.978	3,864.26	70.5384	3,864.26	69.2057	3,864.26	69.2731	3,864.26	67.4694	3,864.26	70.7453
4,000.49	86.3118	4,000.49	85.9515	4,000.49	86.2038	4,000.49	85.5224	4,000.49	85.9323	4,000.49	84.6062	4,000.49	85.2294	4,000.49	83.7211	4,000.49	84.0972	4,000.49	82.5156	4,000.49	82.9517	4,000.49	81.1553	4,000.49	81.569	4,000.49	78.1519	4,000.49	79.2087	4,000.49	76.8743	4,000.49	77.6854	4,000.49	75.0828	4,000.49	76.2491	4,000.49	73.0894	4,000.49	74.0373	4,000.49	73.2049	4,000.49	72.9327	4,000.49	73.1553	4,000.49	73.567	4,000.49	72.296	4,000.49	72.4966	4,000.49	72.0623	4,000.49	72.6274	4,000.49	73.1147	4,000.49	72.5031	4,000.49	69.5574	4,000.49	69.8354	4,000.49	67.8019	4,000.49	68.3385	4,000.49	71.2513
4,141.11	85.4654	4,141.11	85.2974	4,141.11	85.3195	4,141.11	84.753	4,141.11	85.0856	4,141.11	84.4396	4,141.11	84.5172	4,141.11	83.2748	4,141.11	83.3257	4,141.11	82.4373	4,141.11	81.8458	4,141.11	80.9159	4,141.11	80.5742	4,141.11	79.2277	4,141.11	79.1246	4,141.11	76.5885	4,141.11	76.173	4,141.11	75.2417	4,141.11	75.7644	4,141.11	74.6327	4,141.11	74.0687	4,141.11	72.9481	4,141.11	72.8942	4,141.11	72.4262	4,141.11	71.6378	4,141.11	71.8251	4,141.11	72.6335	4,141.11	72.4097	4,141.11	71.734	4,141.11	73.4845	4,141.11	72.224	4,141.11	70.5216	4,141.11	69.8472	4,141.11	68.3506	4,141.11	67.2585	4,141.11	68.1693
4,287.6	84.267	4,287.6	83.999	4,287.6	84.1004	4,287.6	83.7007	4,287.6	83.8014	4,287.6	83.3135	4,287.6	83.2793	4,287.6	82.3642	4,287.6	82.5845	4,287.6	80.7141	4,287.6	81.3461	4,287.6	79.2573	4,287.6	79.8645	4,287.6	77.8359	4,287.6	78.1183	4,287.6	74.5136	4,287.6	75.9849	4,287.6	72.9881	4,287.6	72.6186	4,287.6	70.8127	4,287.6	72.0947	4,287.6	69.5696	4,287.6	69.9082	4,287.6	70.0596	4,287.6	70.7952	4,287.6	70.647	4,287.6	71.2264	4,287.6	69.0589	4,287.6	69.8976	4,287.6	70.5683	4,287.6	72.3676	4,287.6	70.4084	4,287.6	69.1591	4,287.6	63.8594	4,287.6	66.4625	4,287.6	68.625
4,438.48	84.7003	4,438.48	84.4894	4,438.48	84.365	4,438.48	84.4077	4,438.48	83.9325	4,438.48	83.2483	4,438.48	83.7357	4,438.48	83.146	4,438.48	82.9109	4,438.48	81.4875	4,438.48	82.0668	4,438.48	80.216	4,438.48	80.7398	4,438.48	78.3584	4,438.48	78.8848	4,438.48	76.656	4,438.48	75.9254	4,438.48	74.001	4,438.48	75.2663	4,438.48	72.1296	4,438.48	72.212	4,438.48	71.4522	4,438.48	71.2441	4,438.48	69.4995	4,438.48	70.6054	4,438.48	71.189	4,438.48	71.7876	4,438.48	70.1316	4,438.48	71.662	4,438.48	70.7908	4,438.48	71.8837	4,438.48	67.6982	4,438.48	69.6134	4,438.48	67.5567	4,438.48	66.3569	4,438.48	68.4044
4,595.21	85.0792	4,595.21	85.7284	4,595.21	84.7673	4,595.21	85.457	4,595.21	84.9866	4,595.21	85.183	4,595.21	84.6106	4,595.21	83.353	4,595.21	83.8085	4,595.21	82.7103	4,595.21	82.4532	4,595.21	80.6571	4,595.21	80.8377	4,595.21	78.9452	4,595.21	78.8781	4,595.21	77.4103	4,595.21	77.6089	4,595.21	74.0057	4,595.21	74.1728	4,595.21	73.1831	4,595.21	73.3336	4,595.21	71.6027	4,595.21	71.1901	4,595.21	69.6671	4,595.21	67.4465	4,595.21	71.438	4,595.21	71.2547	4,595.21	71.4121	4,595.21	71.5476	4,595.21	71.2193	4,595.21	71.3069	4,595.21	71.5467	4,595.21	71.4951	4,595.21	66.0258	4,595.21	62.5143	4,595.21	69.1918
4,756.35	85.405	4,756.35	85.6313	4,756.35	85.2678	4,756.35	85.4689	4,756.35	85.2219	4,756.35	85.012	4,756.35	84.5392	4,756.35	83.7323	4,756.35	84.2791	4,756.35	82.022	4,756.35	82.7858	4,756.35	79.735	4,756.35	81.5292	4,756.35	78.2737	4,756.35	79.8652	4,756.35	76.0197	4,756.35	77.4584	4,756.35	75.1721	4,756.35	74.7004	4,756.35	72.6936	4,756.35	73.3494	4,756.35	69.5042	4,756.35	71.6256	4,756.35	69.6486	4,756.35	71.3996	4,756.35	70.0521	4,756.35	70.468	4,756.35	70.2452	4,756.35	70.5612	4,756.35	71.4759	4,756.35	72.8877	4,756.35	71.323	4,756.35	70.7826	4,756.35	62.8082	4,756.35	67.3795	4,756.35	67.7227
4,924.8	85.5753	4,924.8	85.3194	4,924.8	85.8569	4,924.8	85.7152	4,924.8	85.1794	4,924.8	84.7973	4,924.8	85.1283	4,924.8	84.7645	4,924.8	83.9928	4,924.8	82.7176	4,924.8	83.0185	4,924.8	81.3272	4,924.8	80.8317	4,924.8	79.2188	4,924.8	78.694	4,924.8	77.4964	4,924.8	76.7568	4,924.8	75.202	4,924.8	75.9634	4,924.8	72.4404	4,924.8	73.3139	4,924.8	71.7703	4,924.8	71.1637	4,924.8	69.401	4,924.8	68.9544	4,924.8	70.593	4,924.8	70.1026	4,924.8	69.8916	4,924.8	71.5444	4,924.8	69.7567	4,924.8	70.4405	4,924.8	68.152	4,924.8	70.6206	4,924.8	60.9948	4,924.8	67.1524	4,924.8	62.9383
5,097.66	85.9326	5,097.66	85.7604	5,097.66	85.8514	5,097.66	85.144	5,097.66	86.2099	5,097.66	85.2366	5,097.66	85.8398	5,097.66	83.5173	5,097.66	84.6232	5,097.66	82.6011	5,097.66	82.9548	5,097.66	80.4566	5,097.66	80.7579	5,097.66	78.5088	5,097.66	78.5089	5,097.66	76.5048	5,097.66	77.1492	5,097.66	72.9929	5,097.66	74.0444	5,097.66	73.6743	5,097.66	72.0178	5,097.66	71.1997	5,097.66	71.1481	5,097.66	69.521	5,097.66	69.55	5,097.66	68.9438	5,097.66	68.1951	5,097.66	68.1757	5,097.66	68.5677	5,097.66	69.2679	5,097.66	71.9329	5,097.66	69.5179	5,097.66	70.1905	5,097.66	66.1999	5,097.66	62.2365	5,097.66	67.31
5,277.83	85.6301	5,277.83	85.1303	5,277.83	85.4712	5,277.83	85.4368	5,277.83	85.9732	5,277.83	85.1307	5,277.83	85.3773	5,277.83	83.8477	5,277.83	84.0943	5,277.83	82.489	5,277.83	82.7887	5,277.83	80.9731	5,277.83	80.5789	5,277.83	77.8535	5,277.83	78.602	5,277.83	75.7408	5,277.83	75.8477	5,277.83	73.8011	5,277.83	71.9214	5,277.83	72.7054	5,277.83	72.4966	5,277.83	70.6185	5,277.83	70.4385	5,277.83	66.2665	5,277.83	68.2556	5,277.83	67.4032	5,277.83	68.7841	5,277.83	69.595	5,277.83	70.392	5,277.83	68.029	5,277.83	70.6468	5,277.83	70.5328	5,277.83	69.4281	5,277.83	60.9396	5,277.83	64.1654	5,277.83	67.5194
5,463.87	85.2223	5,463.87	85.5445	5,463.87	85.8006	5,463.87	85.5257	5,463.87	85.9817	5,463.87	84.7342	5,463.87	85.5455	5,463.87	84.1869	5,463.87	84.3997	5,463.87	82.4394	5,463.87	82.6949	5,463.87	79.6253	5,463.87	80.1609	5,463.87	77.5156	5,463.87	77.6746	5,463.87	76.1063	5,463.87	76.7632	5,463.87	73.7316	5,463.87	74.9111	5,463.87	71.4232	5,463.87	72.2899	5,463.87	69.342	5,463.87	70.4204	5,463.87	69.0555	5,463.87	70.0323	5,463.87	66.6713	5,463.87	67.8661	5,463.87	69.8738	5,463.87	67.0548	5,463.87	69.806	5,463.87	67.5879	5,463.87	69.1991	5,463.87	69.1871	5,463.87	64.4818	5,463.87	63.7665	5,463.87	62.218
5,657.23	85.3987	5,657.23	85.3072	5,657.23	85.5923	5,657.23	85.2725	5,657.23	85.7343	5,657.23	85.0278	5,657.23	85.2917	5,657.23	83.2845	5,657.23	84.0076	5,657.23	81.4845	5,657.23	82.2164	5,657.23	79.5925	5,657.23	81.0005	5,657.23	76.5252	5,657.23	77.7674	5,657.23	74.9972	5,657.23	74.7877	5,657.23	73.7901	5,657.23	73.6794	5,657.23	71.3164	5,657.23	71.544	5,657.23	71.5358	5,657.23	70.739	5,657.23	70.2339	5,657.23	69.2371	5,657.23	67.635	5,657.23	68.7109	5,657.23	68.8438	5,657.23	68.8342	5,657.23	69.7429	5,657.23	69.1461	5,657.23	70.8824	5,657.23	69.6036	5,657.23	65.731	5,657.23	62.3111	5,657.23	64.605
5,856.45	85.5249	5,856.45	85.1972	5,856.45	85.4225	5,856.45	85.0278	5,856.45	85.2076	5,856.45	84.6525	5,856.45	84.7581	5,856.45	83.5662	5,856.45	84.036	5,856.45	81.522	5,856.45	82.1	5,856.45	80.0103	5,856.45	79.4845	5,856.45	78.1451	5,856.45	77.5328	5,856.45	75.7369	5,856.45	75.0532	5,856.45	73.3833	5,856.45	73.864	5,856.45	71.5745	5,856.45	71.693	5,856.45	69.3326	5,856.45	70.3465	5,856.45	68.5331	5,856.45	67.7269	5,856.45	67.0296	5,856.45	67.905	5,856.45	68.932	5,856.45	70.271	5,856.45	67.589	5,856.45	69.462	5,856.45	68.8404	5,856.45	69.9595	5,856.45	63.198	5,856.45	63.7189	5,856.45	62.6212
6,062.99	85.0789	6,062.99	85.4362	6,062.99	85.268	6,062.99	85.3864	6,062.99	85.2881	6,062.99	84.4753	6,062.99	84.7496	6,062.99	83.4152	6,062.99	83.605	6,062.99	81.9224	6,062.99	82.0329	6,062.99	79.5899	6,062.99	79.58	6,062.99	77.9055	6,062.99	77.8288	6,062.99	74.6666	6,062.99	75.0944	6,062.99	73.1723	6,062.99	73.0441	6,062.99	71.8494	6,062.99	70.5298	6,062.99	69.4893	6,062.99	69.3475	6,062.99	69.2472	6,062.99	68.5435	6,062.99	67.6055	6,062.99	66.9552	6,062.99	68.0647	6,062.99	67.5313	6,062.99	68.3548	6,062.99	68.1765	6,062.99	69.692	6,062.99	70.0862	6,062.99	64.2416	6,062.99	64.5702	6,062.99	63.2683
6,276.86	85.1099	6,276.86	85.1923	6,276.86	85.027	6,276.86	85.5847	6,276.86	85.2568	6,276.86	84.8635	6,276.86	84.4485	6,276.86	83.4232	6,276.86	83.131	6,276.86	81.3611	6,276.86	81.6301	6,276.86	79.0933	6,276.86	79.4255	6,276.86	76.8228	6,276.86	77.2819	6,276.86	74.2213	6,276.86	73.6535	6,276.86	73.1234	6,276.86	71.3379	6,276.86	68.807	6,276.86	69.44	6,276.86	70.1798	6,276.86	69.0951	6,276.86	67.9563	6,276.86	67.3694	6,276.86	68.1275	6,276.86	68.8096	6,276.86	67.6075	6,276.86	69.8373	6,276.86	66.9062	6,276.86	67.8635	6,276.86	68.6065	6,276.86	68.5355	6,276.86	62.3147	6,276.86	62.6462	6,276.86	63.1034
6,498.05	84.6359	6,498.05	84.5383	6,498.05	84.8906	6,498.05	84.4408	6,498.05	84.7698	6,498.05	83.9512	6,498.05	84.301	6,498.05	82.2029	6,498.05	83.0518	6,498.05	80.7421	6,498.05	81.2233	6,498.05	78.8991	6,498.05	78.4406	6,498.05	77.1199	6,498.05	76.3308	6,498.05	74.729	6,498.05	74.4467	6,498.05	71.9644	6,498.05	73.6854	6,498.05	69.9217	6,498.05	70.2641	6,498.05	69.2177	6,498.05	69.6977	6,498.05	67.291	6,498.05	66.4568	6,498.05	66.0379	6,498.05	64.602	6,498.05	68.649	6,498.05	67.9431	6,498.05	67.1692	6,498.05	67.333	6,498.05	66.4557	6,498.05	68.2439	6,498.05	59.7352	6,498.05	61.0602	6,498.05	62.7712
6,726.56	84.5005	6,726.56	84.5361	6,726.56	84.4941	6,726.56	84.5512	6,726.56	84.7331	6,726.56	84.0665	6,726.56	84.2679	6,726.56	82.6424	6,726.56	82.8035	6,726.56	80.9145	6,726.56	80.813	6,726.56	79.255	6,726.56	79.1006	6,726.56	77.1734	6,726.56	77.0961	6,726.56	74.8038	6,726.56	74.3816	6,726.56	72.5494	6,726.56	71.5012	6,726.56	70.9837	6,726.56	70.2426	6,726.56	67.9302	6,726.56	68.4431	6,726.56	66.3883	6,726.56	65.8578	6,726.56	65.3209	6,726.56	67.4149	6,726.56	67.5445	6,726.56	68.2281	6,726.56	67.7323	6,726.56	65.2918	6,726.56	67.6202	6,726.56	67.506	6,726.56	63.2862	6,726.56	59	6,726.56	64.3705
6,963.87	84.7668	6,963.87	84.697	6,963.87	85.005	6,963.87	84.6883	6,963.87	84.6849	6,963.87	83.8313	6,963.87	84.0089	6,963.87	82.4345	6,963.87	82.7281	6,963.87	81.143	6,963.87	81.0855	6,963.87	79.3955	6,963.87	78.9926	6,963.87	76.7096	6,963.87	76.6967	6,963.87	75.3081	6,963.87	74.8179	6,963.87	72.3748	6,963.87	72.1205	6,963.87	70.9209	6,963.87	70.6051	6,963.87	67.5514	6,963.87	66.6389	6,963.87	67.6074	6,963.87	66.5496	6,963.87	66.1105	6,963.87	66.5959	6,963.87	67.3835	6,963.87	67.2477	6,963.87	67.0183	6,963.87	66.492	6,963.87	68.0188	6,963.87	68.1345	6,963.87	63.015	6,963.87	59.8284	6,963.87	59.0947
7,209.96	84.7577	7,209.96	84.7074	7,209.96	84.7905	7,209.96	84.4167	7,209.96	84.4151	7,209.96	83.6452	7,209.96	83.5545	7,209.96	82.5244	7,209.96	82.3129	7,209.96	80.9023	7,209.96	80.7916	7,209.96	79.0265	7,209.96	79.1287	7,209.96	76.8797	7,209.96	76.3311	7,209.96	74.9749	7,209.96	74.237	7,209.96	72.5608	7,209.96	71.6389	7,209.96	70.47	7,209.96	70.0798	7,209.96	67.6772	7,209.96	67.7562	7,209.96	67.0637	7,209.96	66.5718	7,209.96	66.5062	7,209.96	65.8066	7,209.96	67.0286	7,209.96	66.2925	7,209.96	67.872	7,209.96	64.966	7,209.96	67.1496	7,209.96	66.6675	7,209.96	61.7471	7,209.96	58.0376	7,209.96	59.737
7,464.84	85.2604	7,464.84	85.0181	7,464.84	85.1415	7,464.84	84.6965	7,464.84	84.541	7,464.84	83.6662	7,464.84	83.4442	7,464.84	82.5925	7,464.84	82.309	7,464.84	81.2174	7,464.84	80.7123	7,464.84	79.4698	7,464.84	78.6365	7,464.84	77.4303	7,464.84	76.8905	7,464.84	75.0212	7,464.84	73.8647	7,464.84	72.4045	7,464.84	71.2453	7,464.84	70.0994	7,464.84	69.7078	7,464.84	67.8191	7,464.84	66.5619	7,464.84	67.9394	7,464.84	66.9677	7,464.84	66.9068	7,464.84	62.9975	7,464.84	66.3312	7,464.84	65.5229	7,464.84	66.3192	7,464.84	66.6069	7,464.84	67.0727	7,464.84	65.8789	7,464.84	63.3242	7,464.84	59.0181	7,464.84	56.1047
7,727.05	85.6435	7,727.05	85.3519	7,727.05	85.3272	7,727.05	84.4783	7,727.05	84.4605	7,727.05	83.4502	7,727.05	83.4954	7,727.05	82.6389	7,727.05	82.2789	7,727.05	81.3238	7,727.05	80.4815	7,727.05	79.0784	7,727.05	78.8221	7,727.05	76.9903	7,727.05	76.6667	7,727.05	74.2694	7,727.05	73.73	7,727.05	71.3019	7,727.05	70.5519	7,727.05	69.3728	7,727.05	69.176	7,727.05	66.783	7,727.05	66.6478	7,727.05	66.7805	7,727.05	65.5696	7,727.05	64.5291	7,727.05	65.8275	7,727.05	66.6452	7,727.05	64.788	7,727.05	67.1844	7,727.05	66.4362	7,727.05	65.8519	7,727.05	66.1964	7,727.05	61.0696	7,727.05	60.1274	7,727.05	55.7646
7,999.51	85.5063	7,999.51	85.1424	7,999.51	85.4498	7,999.51	84.2935	7,999.51	84.4457	7,999.51	83.4905	7,999.51	83.3792	7,999.51	81.925	7,999.51	82.1284	7,999.51	80.3807	7,999.51	80.5467	7,999.51	78.5196	7,999.51	78.0179	7,999.51	75.9785	7,999.51	75.9249	7,999.51	73.2587	7,999.51	72.8599	7,999.51	70.6286	7,999.51	69.7497	7,999.51	68.0762	7,999.51	66.8516	7,999.51	65.7657	7,999.51	64.3021	7,999.51	65.1234	7,999.51	62.5285	7,999.51	62.6372	7,999.51	63.7762	7,999.51	62.5887	7,999.51	64.5901	7,999.51	66.6921	7,999.51	67.1293	7,999.51	63.6784	7,999.51	64.044	7,999.51	59.7035	7,999.51	58.2009	7,999.51	54.2836
8,282.23	85.9058	8,282.23	85.349	8,282.23	85.4855	8,282.23	84.2754	8,282.23	84.1917	8,282.23	83.2656	8,282.23	82.7069	8,282.23	81.9325	8,282.23	81.3876	8,282.23	80.0382	8,282.23	79.5444	8,282.23	77.5443	8,282.23	77.0593	8,282.23	74.8534	8,282.23	73.8829	8,282.23	71.4427	8,282.23	70.4928	8,282.23	69.9823	8,282.23	68.305	8,282.23	66.5011	8,282.23	65.7731	8,282.23	64.6104	8,282.23	63.5589	8,282.23	63.4125	8,282.23	62.5013	8,282.23	60.1276	8,282.23	61.8226	8,282.23	63.1914	8,282.23	63.2961	8,282.23	66.7001	8,282.23	65.2813	8,282.23	63.0379	8,282.23	61.2672	8,282.23	60.8619	8,282.23	56.1881	8,282.23	53.4175
8,573.73	85.5794	8,573.73	85.1131	8,573.73	85.3207	8,573.73	84.0173	8,573.73	83.9685	8,573.73	82.9773	8,573.73	82.5475	8,573.73	81.4459	8,573.73	80.816	8,573.73	79.5336	8,573.73	78.6863	8,573.73	77.0367	8,573.73	75.7139	8,573.73	74.1768	8,573.73	72.3761	8,573.73	71.3141	8,573.73	70.1746	8,573.73	69.212	8,573.73	67.131	8,573.73	67.1257	8,573.73	64.631	8,573.73	64.8418	8,573.73	61.4763	8,573.73	62.1346	8,573.73	62.0226	8,573.73	60.1808	8,573.73	56.4421	8,573.73	62.444	8,573.73	62.565	8,573.73	65.0118	8,573.73	64.4213	8,573.73	61.7932	8,573.73	60.7068	8,573.73	60.4613	8,573.73	60.0576	8,573.73	53.7254
8,876.95	85.1859	8,876.95	84.6061	8,876.95	84.9174	8,876.95	83.3838	8,876.95	83.5267	8,876.95	81.9448	8,876.95	82.2469	8,876.95	80.7701	8,876.95	80.7964	8,876.95	79.0691	8,876.95	78.5548	8,876.95	76.1701	8,876.95	76.1626	8,876.95	74.1748	8,876.95	73.0668	8,876.95	71.9417	8,876.95	69.7051	8,876.95	69.4351	8,876.95	67.7131	8,876.95	66.4752	8,876.95	65.5505	8,876.95	64.057	8,876.95	63.9734	8,876.95	63.7194	8,876.95	59.7423	8,876.95	61.1737	8,876.95	59.2605	8,876.95	62.5611	8,876.95	61.791	8,876.95	63.6469	8,876.95	63.215	8,876.95	63.0643	8,876.95	62.4915	8,876.95	59.6073	8,876.95	59.2494	8,876.95	55.5561
9,188.96	84.7603	9,188.96	84.2819	9,188.96	84.4139	9,188.96	82.9309	9,188.96	83.0503	9,188.96	81.606	9,188.96	81.874	9,188.96	80.3178	9,188.96	80.5715	9,188.96	78.5509	9,188.96	78.4982	9,188.96	76.318	9,188.96	75.9291	9,188.96	73.6271	9,188.96	73.0925	9,188.96	70.9359	9,188.96	69.727	9,188.96	68.4703	9,188.96	67.6185	9,188.96	66.0421	9,188.96	65.2725	9,188.96	64.8435	9,188.96	63.4697	9,188.96	62.7342	9,188.96	58.9258	9,188.96	62.3365	9,188.96	59.6921	9,188.96	59.7279	9,188.96	60.6135	9,188.96	64.0426	9,188.96	63.6372	9,188.96	62.5283	9,188.96	62.662	9,188.96	59.5884	9,188.96	59.3258	9,188.96	54.2194
9,514.16	84.746	9,514.16	84.034	9,514.16	84.1826	9,514.16	82.5424	9,514.16	82.7296	9,514.16	81.5978	9,514.16	81.387	9,514.16	80.4905	9,514.16	80.1161	9,514.16	78.7828	9,514.16	77.9134	9,514.16	76.3834	9,514.16	75.4818	9,514.16	73.9828	9,514.16	72.679	9,514.16	71.0764	9,514.16	69.0713	9,514.16	68.8285	9,514.16	66.6208	9,514.16	65.9771	9,514.16	64.4186	9,514.16	64.8871	9,514.16	63.3148	9,514.16	62.7403	9,514.16	59.0272	9,514.16	63.3025	9,514.16	60.1003	9,514.16	60.019	9,514.16	59.1225	9,514.16	63.9052	9,514.16	62.2149	9,514.16	61.5061	9,514.16	60.9514	9,514.16	59.2764	9,514.16	57.672	9,514.16	54.7728
9,849.61	84.8055	9,849.61	84.0696	9,849.61	84.039	9,849.61	82.9146	9,849.61	82.4866	9,849.61	82.0239	9,849.61	81.0974	9,849.61	80.8886	9,849.61	79.9547	9,849.61	78.8349	9,849.61	77.255	9,849.61	76.2495	9,849.61	74.4375	9,849.61	73.2255	9,849.61	71.7157	9,849.61	70.7717	9,849.61	69.0886	9,849.61	67.852	9,849.61	66.6649	9,849.61	65.6643	9,849.61	63.4972	9,849.61	64.4624	9,849.61	62.2915	9,849.61	61.4274	9,849.61	58.7114	9,849.61	63.7713	9,849.61	58.5389	9,849.61	60.5802	9,849.61	58.2644	9,849.61	62.9133	9,849.61	62.1392	9,849.61	60.8759	9,849.61	60.6538	9,849.61	57.4822	9,849.61	57.3611	9,849.61	54.7143
10,196.8	84.5778	10,196.8	84.2078	10,196.8	83.9518	10,196.8	82.9632	10,196.8	82.3348	10,196.8	81.9613	10,196.8	81.0055	10,196.8	80.6455	10,196.8	79.5485	10,196.8	78.61	10,196.8	76.9942	10,196.8	76.0489	10,196.8	73.9249	10,196.8	73.1834	10,196.8	70.8352	10,196.8	70.9075	10,196.8	68.455	10,196.8	67.6643	10,196.8	65.7524	10,196.8	65.6949	10,196.8	63.3338	10,196.8	63.5605	10,196.8	60.4188	10,196.8	61.343	10,196.8	59.9617	10,196.8	62.6206	10,196.8	59.2983	10,196.8	61.6206	10,196.8	58.3103	10,196.8	62.3978	10,196.8	60.4927	10,196.8	62.2571	10,196.8	60.1904	10,196.8	56.9695	10,196.8	55.8617	10,196.8	55.6607
10,555.7	84.5079	10,555.7	84.4025	10,555.7	83.8298	10,555.7	82.9877	10,555.7	82.1942	10,555.7	81.7812	10,555.7	81.0483	10,555.7	80.6393	10,555.7	79.309	10,555.7	78.688	10,555.7	76.6669	10,555.7	76.1202	10,555.7	74.3232	10,555.7	73.7579	10,555.7	70.8738	10,555.7	70.9696	10,555.7	67.7978	10,555.7	68.2843	10,555.7	64.5728	10,555.7	65.018	10,555.7	63.0764	10,555.7	62.7356	10,555.7	59.981	10,555.7	61.2979	10,555.7	57.2171	10,555.7	62.0224	10,555.7	57.3445	10,555.7	60.2263	10,555.7	59.0742	10,555.7	62.6625	10,555.7	61.4788	10,555.7	62.0456	10,555.7	59.007	10,555.7	57.518	10,555.7	56.0446	10,555.7	55.6103
10,927.7	84.7864	10,927.7	84.3257	10,927.7	84.1034	10,927.7	83.3304	10,927.7	82.5956	10,927.7	82.1615	10,927.7	81.1353	10,927.7	80.615	10,927.7	79.422	10,927.7	78.0755	10,927.7	76.535	10,927.7	76.0182	10,927.7	74.549	10,927.7	73.3507	10,927.7	71.7545	10,927.7	70.5684	10,927.7	68.2158	10,927.7	67.3171	10,927.7	65.7221	10,927.7	64.8474	10,927.7	63.3638	10,927.7	62.345	10,927.7	59.3455	10,927.7	60.291	10,927.7	57.9241	10,927.7	59.8001	10,927.7	55.3523	10,927.7	60.0783	10,927.7	58.3316	10,927.7	62.2712	10,927.7	60.1396	10,927.7	62.4782	10,927.7	58.2613	10,927.7	56.2342	10,927.7	55.5653	10,927.7	57.2595
11,313	84.9605	11,313	84.5326	11,313	84.3811	11,313	83.4776	11,313	83.1378	11,313	82.2977	11,313	81.4393	11,313	80.5141	11,313	79.617	11,313	78.2761	11,313	76.8727	11,313	75.9206	11,313	74.5569	11,313	72.9838	11,313	71.7549	11,313	70.3721	11,313	68.5793	11,313	66.8978	11,313	66.0194	11,313	64.8111	11,313	63.2525	11,313	61.5046	11,313	60.4109	11,313	59.7829	11,313	59.1302	11,313	59.8849	11,313	56.8651	11,313	59.7681	11,313	56.7632	11,313	62.2232	11,313	59.958	11,313	61.6544	11,313	60.1511	11,313	55.5573	11,313	54.7712	11,313	57.5647
11,712.9	85.0552	11,712.9	84.8456	11,712.9	84.6912	11,712.9	83.7934	11,712.9	83.5542	11,712.9	82.3603	11,712.9	81.8041	11,712.9	80.7693	11,712.9	79.7912	11,712.9	78.5185	11,712.9	77.246	11,712.9	76.1952	11,712.9	74.8187	11,712.9	73.2959	11,712.9	71.7729	11,712.9	69.9727	11,712.9	68.4049	11,712.9	67.1513	11,712.9	65.873	11,712.9	64.5033	11,712.9	62.818	11,712.9	61.7183	11,712.9	59.9281	11,712.9	59.418	11,712.9	59.7625	11,712.9	59.9463	11,712.9	57.4435	11,712.9	59.113	11,712.9	57.0587	11,712.9	61.4619	11,712.9	58.9266	11,712.9	62.1471	11,712.9	60.9786	11,712.9	55.2921	11,712.9	53.1081	11,712.9	58.8725
12,126	85.2479	12,126	85.2243	12,126	84.7066	12,126	84.144	12,126	83.5006	12,126	82.5702	12,126	81.732	12,126	80.8983	12,126	79.6123	12,126	78.7187	12,126	77.2219	12,126	76.6524	12,126	75.0056	12,126	74.2311	12,126	72.0943	12,126	70.856	12,126	69.4441	12,126	68.7462	12,126	66.8323	12,126	65.7367	12,126	64.4208	12,126	63.3738	12,126	60.6073	12,126	61.3088	12,126	59.5035	12,126	60.3453	12,126	56.9495	12,126	60.2399	12,126	57.7183	12,126	62.9176	12,126	60.4122	12,126	62.7094	12,126	61.8269	12,126	55.1196	12,126	54.049	12,126	58.6202
12,553.7	85.2858	12,553.7	85.3027	12,553.7	85.0722	12,553.7	84.5872	12,553.7	83.6921	12,553.7	82.9256	12,553.7	81.4213	12,553.7	81.1248	12,553.7	79.7006	12,553.7	79.6834	12,553.7	78.0451	12,553.7	77.7015	12,553.7	76.1979	12,553.7	74.995	12,553.7	73.5439	12,553.7	72.5509	12,553.7	70.2218	12,553.7	69.5814	12,553.7	67.9818	12,553.7	67.8123	12,553.7	65.5996	12,553.7	64.4463	12,553.7	62.3583	12,553.7	62.411	12,553.7	59.6087	12,553.7	60.4661	12,553.7	56.9734	12,553.7	61.6851	12,553.7	57.8939	12,553.7	64.2947	12,553.7	62.7079	12,553.7	63.7287	12,553.7	61.894	12,553.7	54.8883	12,553.7	54.1186	12,553.7	58.7739
12,996.1	85.3783	12,996.1	85.4833	12,996.1	85.074	12,996.1	84.8502	12,996.1	83.9504	12,996.1	82.9845	12,996.1	81.5636	12,996.1	81.16	12,996.1	80.2499	12,996.1	80.1326	12,996.1	78.9875	12,996.1	78.0375	12,996.1	76.7125	12,996.1	74.9975	12,996.1	73.5582	12,996.1	72.7668	12,996.1	70.2723	12,996.1	68.8832	12,996.1	67.37	12,996.1	67.1153	12,996.1	65.3078	12,996.1	64.5369	12,996.1	62.0024	12,996.1	61.2264	12,996.1	60.2064	12,996.1	59.1824	12,996.1	57.6369	12,996.1	60.37	12,996.1	58.2843	12,996.1	64.3761	12,996.1	61.878	12,996.1	63.7175	12,996.1	60.419	12,996.1	53.6306	12,996.1	49.2222	12,996.1	59.8361
13,454.6	85.2727	13,454.6	85.5477	13,454.6	85.1255	13,454.6	84.6777	13,454.6	84.027	13,454.6	83.1314	13,454.6	81.9422	13,454.6	82.0947	13,454.6	81.0351	13,454.6	80.4422	13,454.6	79.2576	13,454.6	78.1272	13,454.6	76.4554	13,454.6	74.3408	13,454.6	72.6734	13,454.6	72.0776	13,454.6	69.7803	13,454.6	68.6906	13,454.6	66.4378	13,454.6	66.5586	13,454.6	64.3642	13,454.6	63.4166	13,454.6	60.25	13,454.6	61.5276	13,454.6	60.2174	13,454.6	58.4092	13,454.6	59.3602	13,454.6	59.6748	13,454.6	57.2884	13,454.6	63.3035	13,454.6	59.1606	13,454.6	64.0207	13,454.6	62.2424	13,454.6	54.5642	13,454.6	45.5727	13,454.6	59.9918
13,929.2	85.4204	13,929.2	85.6042	13,929.2	85.2246	13,929.2	84.8623	13,929.2	84.1723	13,929.2	83.6569	13,929.2	82.3322	13,929.2	82.7212	13,929.2	81.1596	13,929.2	80.2485	13,929.2	78.8045	13,929.2	77.9389	13,929.2	75.8229	13,929.2	75.254	13,929.2	73.4848	13,929.2	72.5247	13,929.2	70.583	13,929.2	69.5505	13,929.2	67.6554	13,929.2	66.3567	13,929.2	63.6377	13,929.2	63.8967	13,929.2	62.151	13,929.2	61.7561	13,929.2	61.4277	13,929.2	60.0844	13,929.2	56.0897	13,929.2	59.9687	13,929.2	55.6745	13,929.2	61.6327	13,929.2	57.816	13,929.2	64.93	13,929.2	63.3242	13,929.2	56.4142	13,929.2	49.8	13,929.2	59.311
14,419.9	85.3805	14,419.9	85.6853	14,419.9	85.1243	14,419.9	85.3177	14,419.9	84.2423	14,419.9	83.932	14,419.9	82.4699	14,419.9	82.4264	14,419.9	80.9739	14,419.9	80.0183	14,419.9	78.1669	14,419.9	78.1592	14,419.9	76.1122	14,419.9	76.5449	14,419.9	73.9731	14,419.9	72.4008	14,419.9	70.4851	14,419.9	69.0014	14,419.9	67.6339	14,419.9	65.9946	14,419.9	63.4113	14,419.9	63.954	14,419.9	62.6881	14,419.9	60.8224	14,419.9	60.3375	14,419.9	59.4035	14,419.9	47.9628	14,419.9	60.3827	14,419.9	56.09	14,419.9	62.8893	14,419.9	60.9409	14,419.9	63.9786	14,419.9	62.4961	14,419.9	55.5557	14,419.9	47.7848	14,419.9	58.3931
14,928.2	85.209	14,928.2	85.5408	14,928.2	85.1712	14,928.2	85.2036	14,928.2	84.1396	14,928.2	83.8424	14,928.2	82.624	14,928.2	82.1839	14,928.2	80.8446	14,928.2	79.9373	14,928.2	78.2202	14,928.2	77.7737	14,928.2	76.2232	14,928.2	74.9531	14,928.2	72.809	14,928.2	70.9307	14,928.2	68.5749	14,928.2	67.1571	14,928.2	65.6569	14,928.2	64.8344	14,928.2	62.3613	14,928.2	62.4847	14,928.2	60.6035	14,928.2	59.8165	14,928.2	57.438	14,928.2	51.7362	14,928.2	50.8393	14,928.2	59.1761	14,928.2	56.3593	14,928.2	62.3366	14,928.2	60.5964	14,928.2	62.6208	14,928.2	61.2307	14,928.2	54.3889	14,928.2	49.1077	14,928.2	57.5857
15,455.6	85.1588	15,455.6	85.2948	15,455.6	85.1291	15,455.6	84.6896	15,455.6	83.8576	15,455.6	83.5113	15,455.6	82.4312	15,455.6	81.7619	15,455.6	80.5897	15,455.6	79.2107	15,455.6	78.0734	15,455.6	76.7407	15,455.6	75.4491	15,455.6	72.3853	15,455.6	71.2558	15,455.6	69.693	15,455.6	66.9263	15,455.6	65.2733	15,455.6	63.9708	15,455.6	63.8524	15,455.6	60.804	15,455.6	60.4134	15,455.6	57.6092	15,455.6	58.4468	15,455.6	56.3566	15,455.6	53.4031	15,455.6	52.5981	15,455.6	57.522	15,455.6	55.0463	15,455.6	60.5175	15,455.6	57.3432	15,455.6	61.2892	15,455.6	61.1604	15,455.6	50.4946	15,455.6	44.2612	15,455.6	56.1485
16,000.5	84.7666	16,000.5	84.8575	16,000.5	84.7635	16,000.5	84.2047	16,000.5	83.6753	16,000.5	83.0969	16,000.5	82.3156	16,000.5	81.0826	16,000.5	80.0132	16,000.5	78.1943	16,000.5	77.2261	16,000.5	75.4369	16,000.5	74.2597	16,000.5	70.7192	16,000.5	70.3617	16,000.5	68.0399	16,000.5	66.3052	16,000.5	64.3686	16,000.5	63.6261	16,000.5	61.5236	16,000.5	59.4493	16,000.5	58.46	16,000.5	57.7846	16,000.5	56.5355	16,000.5	53.9562	16,000.5	52.2627	16,000.5	49.8074	16,000.5	53.8211	16,000.5	50.1597	16,000.5	58.6666	16,000.5	55.2933	16,000.5	59.5135	16,000.5	60.7944	16,000.5	47.9669	16,000.5	38.8493	16,000.5	54.0167
16,564.5	83.9302	16,564.5	84.0648	16,564.5	83.7667	16,564.5	83.4268	16,564.5	83.0672	16,564.5	82.402	16,564.5	81.5391	16,564.5	80.2578	16,564.5	78.9949	16,564.5	77.1566	16,564.5	75.7647	16,564.5	73.871	16,564.5	72.2515	16,564.5	70.0054	16,564.5	68.0965	16,564.5	65.6428	16,564.5	64.961	16,564.5	62.7051	16,564.5	61.7919	16,564.5	58.612	16,564.5	57.7076	16,564.5	57.9485	16,564.5	56.9788	16,564.5	52.5236	16,564.5	52.3187	16,564.5	47.6294	16,564.5	49.2272	16,564.5	49.4322	16,564.5	50.5819	16,564.5	55.8081	16,564.5	53.9292	16,564.5	57.8318	16,564.5	58.6153	16,564.5	48.1238	16,564.5	43.254	16,564.5	52.0892
17,148.9	83.2509	17,148.9	83.283	17,148.9	82.9423	17,148.9	82.5378	17,148.9	82.2737	17,148.9	81.3573	17,148.9	80.6195	17,148.9	79.1355	17,148.9	78.0993	17,148.9	75.738	17,148.9	74.6505	17,148.9	71.6722	17,148.9	70.5664	17,148.9	67.8261	17,148.9	66.334	17,148.9	63.9134	17,148.9	63.2477	17,148.9	59.9401	17,148.9	60.1331	17,148.9	57.826	17,148.9	56.8632	17,148.9	55.459	17,148.9	54.7639	17,148.9	50.4378	17,148.9	51.0083	17,148.9	45.5622	17,148.9	52.0659	17,148.9	49.6949	17,148.9	49.8715	17,148.9	53.9318	17,148.9	52.3957	17,148.9	56.0424	17,148.9	55.439	17,148.9	47.1442	17,148.9	43.3985	17,148.9	50.8234
17,752.4	82.5708	17,752.4	82.4102	17,752.4	82.1636	17,752.4	81.7958	17,752.4	81.5631	17,752.4	80.3431	17,752.4	79.8468	17,752.4	78.0819	17,752.4	77.4278	17,752.4	73.9795	17,752.4	73.5947	17,752.4	69.873	17,752.4	69.2472	17,752.4	64.9706	17,752.4	65.6916	17,752.4	62.4309	17,752.4	61.8068	17,752.4	58.8127	17,752.4	59.557	17,752.4	56.1651	17,752.4	56.056	17,752.4	52.5319	17,752.4	53.7131	17,752.4	48.8598	17,752.4	50.6653	17,752.4	46.4598	17,752.4	51.4949	17,752.4	48.2708	17,752.4	46.9492	17,752.4	52.6193	17,752.4	52.0358	17,752.4	54.5902	17,752.4	54.8211	17,752.4	44.921	17,752.4	38.7713	17,752.4	48.5369
18,379.4	81.7241	18,379.4	81.4414	18,379.4	81.3336	18,379.4	81.1412	18,379.4	81.0534	18,379.4	79.5056	18,379.4	79.1967	18,379.4	77.2797	18,379.4	76.756	18,379.4	72.0385	18,379.4	72.5179	18,379.4	67.647	18,379.4	68.2264	18,379.4	62.5531	18,379.4	65.1114	18,379.4	60.6081	18,379.4	61.7329	18,379.4	58.4596	18,379.4	59.3605	18,379.4	54.696	18,379.4	55.2823	18,379.4	51.1901	18,379.4	52.8811	18,379.4	46.817	18,379.4	50.1209	18,379.4	45.7594	18,379.4	50.3156	18,379.4	43.4128	18,379.4	46.8434	18,379.4	51.0661	18,379.4	51.251	18,379.4	52.6301	18,379.4	54.0688	18,379.4	43.7539	18,379.4	38.7521	18,379.4	46.9021
19,026.9	80.9046	19,026.9	80.3736	19,026.9	80.4014	19,026.9	80.3729	19,026.9	80.3683	19,026.9	78.6204	19,026.9	78.6385	19,026.9	76.2746	19,026.9	75.8378	19,026.9	69.9378	19,026.9	71.5495	19,026.9	65.3672	19,026.9	67.0772	19,026.9	62.1719	19,026.9	64.7436	19,026.9	59.8467	19,026.9	62.318	19,026.9	58.6209	19,026.9	59.3354	19,026.9	53.4298	19,026.9	55.8326	19,026.9	51.2215	19,026.9	52.6425	19,026.9	45.4767	19,026.9	51.4173	19,026.9	45.6043	19,026.9	49.6579	19,026.9	44.0773	19,026.9	44.806	19,026.9	49.4207	19,026.9	48.7779	19,026.9	51.9901	19,026.9	52.4176	19,026.9	45.779	19,026.9	40.236	19,026.9	46.3752
19,697.8	79.7827	19,697.8	79.3288	19,697.8	79.3077	19,697.8	79.414	19,697.8	79.593	19,697.8	77.7512	19,697.8	78.1295	19,697.8	74.8332	19,697.8	74.9465	19,697.8	68.8195	19,697.8	70.7425	19,697.8	63.9906	19,697.8	66.2713	19,697.8	63.1199	19,697.8	64.6298	19,697.8	60.996	19,697.8	62.7839	19,697.8	59.3164	19,697.8	59.1176	19,697.8	54.3947	19,697.8	55.7235	19,697.8	51.0717	19,697.8	53.0264	19,697.8	46.4914	19,697.8	51.6376	19,697.8	47.7015	19,697.8	48.6906	19,697.8	46.5194	19,697.8	43.8611	19,697.8	48.4518	19,697.8	48.4487	19,697.8	50.1057	19,697.8	51.6752	19,697.8	45.2779	19,697.8	40.0712	19,697.8	43.4542
19,999.5	79.2047	19,999.5	78.6973	19,999.5	78.917	19,999.5	78.985	19,999.5	79.3022	19,999.5	77.2782	19,999.5	77.9442	19,999.5	74.2937	19,999.5	74.7072	19,999.5	68.3904	19,999.5	70.3169	19,999.5	63.5233	19,999.5	66.0627	19,999.5	63.3213	19,999.5	64.4855	19,999.5	61.6725	19,999.5	62.7649	19,999.5	59.0323	19,999.5	58.5617	19,999.5	56.1254	19,999.5	54.5233	19,999.5	49.3881	19,999.5	52.8431	19,999.5	45.4437	19,999.5	52.0387	19,999.5	50.0893	19,999.5	50.2203	19,999.5	43.5531	19,999.5	43.9582	19,999.5	49.1679	19,999.5	52.3501	19,999.5	41.8816	19,999.5	53.1383	19,999.5	48.7765	19,999.5	46.6735	19,999.5	44.7478
