"SPL Horizontal"																																																																							
"On-Axis"		"10°"		"-10°"		"20°"		"-20°"		"30°"		"-30°"		"40°"		"-40°"		"50°"		"-50°"		"60°"		"-60°"		"70°"		"-70°"		"80°"		"-80°"		"90°"		"-90°"		"100°"		"-100°"		"110°"		"-110°"		"120°"		"-120°"		"130°"		"-130°"		"140°"		"-140°"		"150°"		"-150°"		"160°"		"-160°"		"170°"		"-170°"		"180°"	
"Frequency / Hz"	"Sound Pressure Level / dB (re 20 µPa)  [0.3V at 1m]"	"Frequency / Hz"	"Sound Pressure Level / dB (re 20 µPa)  [0.3V at 1m]"	"Frequency / Hz"	"Sound Pressure Level / dB (re 20 µPa)  [0.3V at 1m]"	"Frequency / Hz"	"Sound Pressure Level / dB (re 20 µPa)  [0.3V at 1m]"	"Frequency / Hz"	"Sound Pressure Level / dB (re 20 µPa)  [0.3V at 1m]"	"Frequency / Hz"	"Sound Pressure Level / dB (re 20 µPa)  [0.3V at 1m]"	"Frequency / Hz"	"Sound Pressure Level / dB (re 20 µPa)  [0.3V at 1m]"	"Frequency / Hz"	"Sound Pressure Level / dB (re 20 µPa)  [0.3V at 1m]"	"Frequency / Hz"	"Sound Pressure Level / dB (re 20 µPa)  [0.3V at 1m]"	"Frequency / Hz"	"Sound Pressure Level / dB (re 20 µPa)  [0.3V at 1m]"	"Frequency / Hz"	"Sound Pressure Level / dB (re 20 µPa)  [0.3V at 1m]"	"Frequency / Hz"	"Sound Pressure Level / dB (re 20 µPa)  [0.3V at 1m]"	"Frequency / Hz"	"Sound Pressure Level / dB (re 20 µPa)  [0.3V at 1m]"	"Frequency / Hz"	"Sound Pressure Level / dB (re 20 µPa)  [0.3V at 1m]"	"Frequency / Hz"	"Sound Pressure Level / dB (re 20 µPa)  [0.3V at 1m]"	"Frequency / Hz"	"Sound Pressure Level / dB (re 20 µPa)  [0.3V at 1m]"	"Frequency / Hz"	"Sound Pressure Level / dB (re 20 µPa)  [0.3V at 1m]"	"Frequency / Hz"	"Sound Pressure Level / dB (re 20 µPa)  [0.3V at 1m]"	"Frequency / Hz"	"Sound Pressure Level / dB (re 20 µPa)  [0.3V at 1m]"	"Frequency / Hz"	"Sound Pressure Level / dB (re 20 µPa)  [0.3V at 1m]"	"Frequency / Hz"	"Sound Pressure Level / dB (re 20 µPa)  [0.3V at 1m]"	"Frequency / Hz"	"Sound Pressure Level / dB (re 20 µPa)  [0.3V at 1m]"	"Frequency / Hz"	"Sound Pressure Level / dB (re 20 µPa)  [0.3V at 1m]"	"Frequency / Hz"	"Sound Pressure Level / dB (re 20 µPa)  [0.3V at 1m]"	"Frequency / Hz"	"Sound Pressure Level / dB (re 20 µPa)  [0.3V at 1m]"	"Frequency / Hz"	"Sound Pressure Level / dB (re 20 µPa)  [0.3V at 1m]"	"Frequency / Hz"	"Sound Pressure Level / dB (re 20 µPa)  [0.3V at 1m]"	"Frequency / Hz"	"Sound Pressure Level / dB (re 20 µPa)  [0.3V at 1m]"	"Frequency / Hz"	"Sound Pressure Level / dB (re 20 µPa)  [0.3V at 1m]"	"Frequency / Hz"	"Sound Pressure Level / dB (re 20 µPa)  [0.3V at 1m]"	"Frequency / Hz"	"Sound Pressure Level / dB (re 20 µPa)  [0.3V at 1m]"	"Frequency / Hz"	"Sound Pressure Level / dB (re 20 µPa)  [0.3V at 1m]"	"Frequency / Hz"	"Sound Pressure Level / dB (re 20 µPa)  [0.3V at 1m]"	"Frequency / Hz"	"Sound Pressure Level / dB (re 20 µPa)  [0.3V at 1m]"	"Frequency / Hz"	"Sound Pressure Level / dB (re 20 µPa)  [0.3V at 1m]"	"Frequency / Hz"	"Sound Pressure Level / dB (re 20 µPa)  [0.3V at 1m]"
20.5078	48.5769	20.5078	49.2456	20.5078	47.8185	20.5078	49.81	20.5078	46.9851	20.5078	50.2542	20.5078	46.0921	20.5078	50.5603	20.5078	45.1558	20.5078	50.7077	20.5078	44.1919	20.5078	50.6719	20.5078	43.2115	20.5078	50.4235	20.5078	42.2116	20.5078	49.9251	20.5078	41.1625	20.5078	49.1271	20.5078	39.9896	20.5078	47.9585	20.5078	38.5482	20.5078	46.3085	20.5078	36.5803	20.5078	43.9865	20.5078	33.6101	20.5078	40.6144	20.5078	28.7937	20.5078	35.2498	20.5078	25.4803	20.5078	25.4891	20.5078	30.8865	20.5078	30.118	20.5078	34.6536	20.5078	34.9296	20.5078	36.4268	20.5078	36.5889
21.2402	47.8005	21.2402	47.588	21.2402	47.9967	21.2402	47.3446	21.2402	48.1869	21.2402	47.0517	21.2402	48.3775	21.2402	46.6883	21.2402	48.5707	21.2402	46.2334	21.2402	48.7645	21.2402	45.673	21.2402	48.9523	21.2402	45.0122	21.2402	49.1227	21.2402	44.2993	21.2402	49.2596	21.2402	43.6613	21.2402	49.3438	21.2402	43.3186	21.2402	49.3562	21.2402	43.49	21.2402	49.2831	21.2402	44.1956	21.2402	49.1264	21.2402	45.2191	21.2402	48.9151	21.2402	46.2917	21.2402	48.7092	21.2402	47.2258	21.2402	48.5781	21.2402	47.9247	21.2402	48.5509	21.2402	48.3586	21.2402	48.5784	21.2402	48.5517
21.9727	46.0776	21.9727	46.3317	21.9727	45.7956	21.9727	46.5375	21.9727	45.5071	21.9727	46.6752	21.9727	45.2342	21.9727	46.7256	21.9727	44.9974	21.9727	46.6693	21.9727	44.8135	21.9727	46.4855	21.9727	44.6921	21.9727	46.1514	21.9727	44.6342	21.9727	45.6417	21.9727	44.6333	21.9727	44.9311	21.9727	44.6812	21.9727	44.0073	21.9727	44.778	21.9727	42.9178	21.9727	44.9417	21.9727	41.8937	21.9727	45.2073	21.9727	41.4748	21.9727	45.6	21.9727	42.1215	21.9727	46.094	21.9727	43.505	21.9727	46.5935	21.9727	44.9545	21.9727	46.9605	21.9727	46.0891	21.9727	47.0605	21.9727	46.7903
22.7051	45.2925	22.7051	45.1207	22.7051	45.4866	22.7051	44.9737	22.7051	45.7006	22.7051	44.8548	22.7051	45.9325	22.7051	44.7682	22.7051	46.1806	22.7051	44.7208	22.7051	46.4432	22.7051	44.723	22.7051	46.7181	22.7051	44.7885	22.7051	47.0023	22.7051	44.933	22.7051	47.2925	22.7051	45.1703	22.7051	47.585	22.7051	45.5083	22.7051	47.8772	22.7051	45.9444	22.7051	48.1665	22.7051	46.4634	22.7051	48.4498	22.7051	47.0363	22.7051	48.7206	22.7051	47.6227	22.7051	48.9666	22.7051	48.1758	22.7051	49.1681	22.7051	48.6507	22.7051	49.2989	22.7051	49.0119	22.7051	49.3307	22.7051	49.2395
23.4375	53.3412	23.4375	53.5162	23.4375	53.1972	23.4375	53.7183	23.4375	53.0892	23.4375	53.9449	23.4375	53.0226	23.4375	54.1951	23.4375	53.0025	23.4375	54.4693	23.4375	53.0339	23.4375	54.7684	23.4375	53.1212	23.4375	55.0925	23.4375	53.2693	23.4375	55.4396	23.4375	53.4835	23.4375	55.8042	23.4375	53.7694	23.4375	56.1778	23.4375	54.1315	23.4375	56.5493	23.4375	54.5689	23.4375	56.9055	23.4375	55.0712	23.4375	57.2314	23.4375	55.6155	23.4375	57.509	23.4375	56.1683	23.4375	57.7182	23.4375	56.6907	23.4375	57.8376	23.4375	57.1448	23.4375	57.8484	23.4375	57.5002	23.4375	57.7372
24.1699	58.6348	24.1699	58.7201	24.1699	58.5768	24.1699	58.8318	24.1699	58.5467	24.1699	58.9692	24.1699	58.5451	24.1699	59.132	24.1699	58.5715	24.1699	59.3202	24.1699	58.6242	24.1699	59.5333	24.1699	58.7005	24.1699	59.7688	24.1699	58.7964	24.1699	60.0208	24.1699	58.9072	24.1699	60.2789	24.1699	59.0281	24.1699	60.5279	24.1699	59.1548	24.1699	60.7492	24.1699	59.2843	24.1699	60.9235	24.1699	59.4161	24.1699	61.0338	24.1699	59.5526	24.1699	61.0683	24.1699	59.7002	24.1699	61.0227	24.1699	59.8669	24.1699	60.9021	24.1699	60.0592	24.1699	60.7215	24.1699	60.2757	24.1699	60.504
25.6348	54.5868	25.6348	54.8085	25.6348	54.4127	25.6348	55.0669	25.6348	54.2938	25.6348	55.3496	25.6348	54.2332	25.6348	55.6436	25.6348	54.229	25.6348	55.9373	25.6348	54.2743	25.6348	56.2206	25.6348	54.3585	25.6348	56.485	25.6348	54.4695	25.6348	56.7231	25.6348	54.5956	25.6348	56.9275	25.6348	54.7283	25.6348	57.0904	25.6348	54.8631	25.6348	57.203	25.6348	55.0004	25.6348	57.257	25.6348	55.1442	25.6348	57.2462	25.6348	55.3	25.6348	57.1683	25.6348	55.4726	25.6348	57.0272	25.6348	55.6653	25.6348	56.8337	25.6348	55.8791	25.6348	56.6043	25.6348	56.1122	25.6348	56.358
26.3672	51.9181	26.3672	52.7645	26.3672	50.922	26.3672	53.4699	26.3672	49.7617	26.3672	54.0383	26.3672	48.4175	26.3672	54.4706	26.3672	46.8675	26.3672	54.7656	26.3672	45.1067	26.3672	54.9206	26.3672	43.2145	26.3672	54.9321	26.3672	41.5484	26.3672	54.7959	26.3672	40.9156	26.3672	54.5065	26.3672	41.7915	26.3672	54.0579	26.3672	43.5013	26.3672	53.4474	26.3672	45.2755	26.3672	52.6821	26.3672	46.7977	26.3672	51.7933	26.3672	47.9819	26.3672	50.8569	26.3672	48.8129	26.3672	50.0098	26.3672	49.3007	26.3672	49.4232	26.3672	49.4794	26.3672	49.1976	26.3672	49.4221	26.3672	49.2625
27.0996	50.659	27.0996	51.5841	27.0996	49.5307	27.0996	52.3174	27.0996	48.179	27.0996	52.8613	27.0996	46.5801	27.0996	53.2119	27.0996	44.7339	27.0996	53.3607	27.0996	42.7665	27.0996	53.2958	27.0996	41.196	27.0996	53.0013	27.0996	40.9661	27.0996	52.4547	27.0996	42.2115	27.0996	51.6205	27.0996	44.0131	27.0996	50.4413	27.0996	45.7388	27.0996	48.8266	27.0996	47.1973	27.0996	46.6447	27.0996	48.3492	27.0996	43.7845	27.0996	49.1811	27.0996	40.7839	27.0996	49.6745	27.0996	40.4914	27.0996	49.8019	27.0996	43.1114	27.0996	49.5279	27.0996	45.6881	27.0996	48.8046	27.0996	47.5604
27.832	62.5278	27.832	62.8673	27.832	62.1676	27.832	63.178	27.832	61.7937	27.832	63.4511	27.832	61.4122	27.832	63.6771	27.832	61.029	27.832	63.8471	27.832	60.6504	27.832	63.9532	27.832	60.2846	27.832	63.9894	27.832	59.942	27.832	63.9522	27.832	59.6359	27.832	63.8403	27.832	59.3821	27.832	63.655	27.832	59.1979	27.832	63.4006	27.832	59.099	27.832	63.0855	27.832	59.0971	27.832	62.7224	27.832	59.1956	27.832	62.3281	27.832	59.3879	27.832	61.92	27.832	59.6578	27.832	61.5119	27.832	59.9831	27.832	61.1115	27.832	60.3427	27.832	60.7212
29.2969	58.6564	29.2969	58.8577	29.2969	58.4307	29.2969	59.0307	29.2969	58.1812	29.2969	59.1688	29.2969	57.9064	29.2969	59.2621	29.2969	57.6033	29.2969	59.2987	29.2969	57.268	29.2969	59.266	29.2969	56.897	29.2969	59.1528	29.2969	56.4876	29.2969	58.9508	29.2969	56.04	29.2969	58.6557	29.2969	55.5575	29.2969	58.2679	29.2969	55.0492	29.2969	57.7917	29.2969	54.5318	29.2969	57.2357	29.2969	54.0319	29.2969	56.6143	29.2969	53.5866	29.2969	55.9488	29.2969	53.2406	29.2969	55.2686	29.2969	53.0385	29.2969	54.61	29.2969	53.0141	29.2969	54.014	29.2969	53.1798	29.2969	53.5235
30.0293	50.9409	30.0293	51.5089	30.0293	50.29	30.0293	52.0034	30.0293	49.5369	30.0293	52.4246	30.0293	48.6522	30.0293	52.7634	30.0293	47.5941	30.0293	53.0032	30.0293	46.3019	30.0293	53.1238	30.0293	44.684	30.0293	53.1061	30.0293	42.5878	30.0293	52.9382	30.0293	39.7279	30.0293	52.6217	30.0293	35.4979	30.0293	52.1774	30.0293	29.4487	30.0293	51.6505	30.0293	31.913	30.0293	51.1085	30.0293	37.5346	30.0293	50.6283	30.0293	41.2372	30.0293	50.2642	30.0293	43.8616	30.0293	50.0124	30.0293	45.8183	30.0293	49.8023	30.0293	47.2833	30.0293	49.5246	30.0293	48.3455	30.0293	49.0692
31.4941	41.9523	31.4941	42.5928	31.4941	41.2795	31.4941	43.1878	31.4941	40.5964	31.4941	43.7275	31.4941	39.9392	31.4941	44.2016	31.4941	39.3598	31.4941	44.5968	31.4941	38.9187	31.4941	44.8978	31.4941	38.6674	31.4941	45.0897	31.4941	38.6259	31.4941	45.1622	31.4941	38.7724	31.4941	45.1131	31.4941	39.0573	31.4941	44.9502	31.4941	39.4301	31.4941	44.6909	31.4941	39.8626	31.4941	44.3603	31.4941	40.3487	31.4941	43.99	31.4941	40.8803	31.4941	43.6182	31.4941	41.421	31.4941	43.2862	31.4941	41.9081	31.4941	43.0263	31.4941	42.2859	31.4941	42.8435	31.4941	42.5394	31.4941	42.703
32.2266	51.9674	32.2266	51.6605	32.2266	52.2858	32.2266	51.3799	32.2266	52.6032	32.2266	51.1434	32.2266	52.909	32.2266	50.971	32.2266	53.1951	32.2266	50.8851	32.2266	53.4558	32.2266	50.9076	32.2266	53.6883	32.2266	51.056	32.2266	53.8936	32.2266	51.3378	32.2266	54.0767	32.2266	51.7455	32.2266	54.246	32.2266	52.2554	32.2266	54.412	32.2266	52.8306	32.2266	54.5846	32.2266	53.4277	32.2266	54.77	32.2266	54.0042	32.2266	54.9675	32.2266	54.523	32.2266	55.1682	32.2266	54.9554	32.2266	55.3549	32.2266	55.2824	32.2266	55.5046	32.2266	55.4952	32.2266	55.5924	32.2266	55.5951
33.6914	51.6091	33.6914	51.7791	33.6914	51.4063	33.6914	51.9223	33.6914	51.1676	33.6914	52.0465	33.6914	50.8926	33.6914	52.16	33.6914	50.5841	33.6914	52.2697	33.6914	50.2481	33.6914	52.3797	33.6914	49.8937	33.6914	52.4899	33.6914	49.5332	33.6914	52.5965	33.6914	49.1814	33.6914	52.6918	33.6914	48.8547	33.6914	52.7656	33.6914	48.5695	33.6914	52.8037	33.6914	48.3421	33.6914	52.7867	33.6914	48.191	33.6914	52.6897	33.6914	48.1423	33.6914	52.4845	33.6914	48.2334	33.6914	52.1461	33.6914	48.5049	33.6914	51.6618	33.6914	48.9747	33.6914	51.0426	33.6914	49.6109	33.6914	50.3326
34.4238	54.3567	34.4238	54.5339	34.4238	54.1751	34.4238	54.7113	34.4238	53.9864	34.4238	54.8942	34.4238	53.7907	34.4238	55.0875	34.4238	53.5909	34.4238	55.2948	34.4238	53.3939	34.4238	55.517	34.4238	53.2112	34.4238	55.7518	34.4238	53.0593	34.4238	55.9941	34.4238	52.9599	34.4238	56.236	34.4238	52.9381	34.4238	56.4679	34.4238	53.019	34.4238	56.6782	34.4238	53.2209	34.4238	56.854	34.4238	53.5473	34.4238	56.9812	34.4238	53.9823	34.4238	57.0449	34.4238	54.4919	34.4238	57.0311	34.4238	55.0322	34.4238	56.9279	34.4238	55.5581	34.4238	56.7273	34.4238	56.032	34.4238	56.4268
35.8887	52.1332	35.8887	52.2662	35.8887	52.0552	35.8887	52.4569	35.8887	52.0279	35.8887	52.7068	35.8887	52.0467	35.8887	53.0144	35.8887	52.1068	35.8887	53.3753	35.8887	52.2031	35.8887	53.7812	35.8887	52.3306	35.8887	54.2204	35.8887	52.4851	35.8887	54.6776	35.8887	52.6634	35.8887	55.1339	35.8887	52.8644	35.8887	55.5669	35.8887	53.0893	35.8887	55.952	35.8887	53.3413	35.8887	56.2638	35.8887	53.6242	35.8887	56.4796	35.8887	53.9415	35.8887	56.5822	35.8887	54.2939	35.8887	56.5637	35.8887	54.6771	35.8887	56.4268	35.8887	55.0798	35.8887	56.185	35.8887	55.483	35.8887	55.8611
37.3535	56.9991	37.3535	57.1447	37.3535	56.8771	37.3535	57.3143	37.3535	56.7764	37.3535	57.5059	37.3535	56.693	37.3535	57.7148	37.3535	56.6215	37.3535	57.9335	37.3535	56.5559	37.3535	58.1517	37.3535	56.49	37.3535	58.3565	37.3535	56.4179	37.3535	58.5331	37.3535	56.3354	37.3535	58.6658	37.3535	56.2408	37.3535	58.7396	37.3535	56.137	37.3535	58.7418	37.3535	56.0333	37.3535	58.6638	37.3535	55.9458	37.3535	58.503	37.3535	55.8973	37.3535	58.2633	37.3535	55.913	37.3535	57.9557	37.3535	56.0136	37.3535	57.5982	37.3535	56.2079	37.3535	57.2146	37.3535	56.4886	37.3535	56.8342
38.8184	59.7916	38.8184	59.7782	38.8184	59.8152	38.8184	59.7747	38.8184	59.8486	38.8184	59.7804	38.8184	59.891	38.8184	59.7938	38.8184	59.9409	38.8184	59.813	38.8184	59.9965	38.8184	59.8357	38.8184	60.0552	38.8184	59.8588	38.8184	60.114	38.8184	59.8785	38.8184	60.1685	38.8184	59.8904	38.8184	60.2132	38.8184	59.8903	38.8184	60.2415	38.8184	59.8757	38.8184	60.2464	38.8184	59.8461	38.8184	60.2226	38.8184	59.8048	38.8184	60.1679	38.8184	59.7583	38.8184	60.0855	38.8184	59.716	38.8184	59.9846	38.8184	59.6891	38.8184	59.8797	38.8184	59.6883	38.8184	59.7871	38.8184	59.7208
39.5508	58.9929	39.5508	58.9914	39.5508	58.9981	39.5508	58.9937	39.5508	59.0067	39.5508	58.9999	39.5508	59.0187	39.5508	59.0106	39.5508	59.0336	39.5508	59.0262	39.5508	59.0507	39.5508	59.0473	39.5508	59.0691	39.5508	59.0737	39.5508	59.087	39.5508	59.1041	39.5508	59.1019	39.5508	59.1359	39.5508	59.1104	39.5508	59.1648	39.5508	59.1087	39.5508	59.1858	39.5508	59.0934	39.5508	59.1941	39.5508	59.0629	39.5508	59.1858	39.5508	59.0195	39.5508	59.1588	39.5508	58.9701	39.5508	59.1134	39.5508	58.9262	39.5508	59.0541	39.5508	58.9008	39.5508	58.9904	39.5508	58.9034	39.5508	58.9358
41.0156	62.9436	41.0156	62.8286	41.0156	63.053	41.0156	62.7078	41.0156	63.1561	41.0156	62.5806	41.0156	63.2518	41.0156	62.446	41.0156	63.3376	41.0156	62.303	41.0156	63.4103	41.0156	62.1501	41.0156	63.4653	41.0156	61.9855	41.0156	63.4972	41.0156	61.8071	41.0156	63.4994	41.0156	61.6144	41.0156	63.4644	41.0156	61.41	41.0156	63.3847	41.0156	61.2028	41.0156	63.2537	41.0156	61.0099	41.0156	63.0682	41.0156	60.8553	41.0156	62.83	41.0156	60.7653	41.0156	62.5471	41.0156	60.7612	41.0156	62.2332	41.0156	60.8521	41.0156	61.9051	41.0156	61.0319	41.0156	61.5814	41.0156	61.2828
42.4805	65.5513	42.4805	65.5927	42.4805	65.5219	42.4805	65.6461	42.4805	65.5036	42.4805	65.7103	42.4805	65.4944	42.4805	65.7822	42.4805	65.4918	42.4805	65.857	42.4805	65.4932	42.4805	65.928	42.4805	65.4956	42.4805	65.9866	42.4805	65.4964	42.4805	66.023	42.4805	65.493	42.4805	66.0278	42.4805	65.4829	42.4805	65.9942	42.4805	65.4646	42.4805	65.9205	42.4805	65.4375	42.4805	65.8127	42.4805	65.4034	42.4805	65.6847	42.4805	65.3662	42.4805	65.5555	42.4805	65.3313	42.4805	65.4435	42.4805	65.3035	42.4805	65.3606	42.4805	65.2855	42.4805	65.3094	42.4805	65.2784	42.4805	65.2845
43.9453	67.596	43.9453	67.5815	43.9453	67.6066	43.9453	67.563	43.9453	67.6128	43.9453	67.5405	43.9453	67.6145	43.9453	67.5138	43.9453	67.6112	43.9453	67.4828	43.9453	67.6021	43.9453	67.4473	43.9453	67.5869	43.9453	67.4072	43.9453	67.5648	43.9453	67.3628	43.9453	67.5356	43.9453	67.3141	43.9453	67.4991	43.9453	67.2619	43.9453	67.4557	43.9453	67.2074	43.9453	67.4062	43.9453	67.1531	43.9453	67.3521	43.9453	67.1028	43.9453	67.2955	43.9453	67.0611	43.9453	67.2385	43.9453	67.0328	43.9453	67.1832	43.9453	67.0213	43.9453	67.1316	43.9453	67.0276	43.9453	67.0863	43.9453	67.0504
45.4102	69.4287	45.4102	69.4223	45.4102	69.4303	45.4102	69.4115	45.4102	69.427	45.4102	69.3965	45.4102	69.4185	45.4102	69.3776	45.4102	69.4045	45.4102	69.3549	45.4102	69.385	45.4102	69.3286	45.4102	69.3597	45.4102	69.2988	45.4102	69.3287	45.4102	69.2656	45.4102	69.2921	45.4102	69.229	45.4102	69.2502	45.4102	69.1892	45.4102	69.2041	45.4102	69.1468	45.4102	69.1552	45.4102	69.1029	45.4102	69.1057	45.4102	69.0591	45.4102	69.0584	45.4102	69.0181	45.4102	69.0159	45.4102	68.9828	45.4102	68.9808	45.4102	68.9558	45.4102	68.9547	45.4102	68.9391	45.4102	68.9387	45.4102	68.9333
47.6074	72.3159	47.6074	72.3133	47.6074	72.3064	47.6074	72.2988	47.6074	72.2846	47.6074	72.2725	47.6074	72.2502	47.6074	72.2347	47.6074	72.2032	47.6074	72.1855	47.6074	72.1433	47.6074	72.125	47.6074	72.0706	47.6074	72.0534	47.6074	71.9853	47.6074	71.9707	47.6074	71.8878	47.6074	71.8772	47.6074	71.7791	47.6074	71.7733	47.6074	71.661	47.6074	71.6599	47.6074	71.5364	47.6074	71.5388	47.6074	71.4093	47.6074	71.4136	47.6074	71.2854	47.6074	71.2897	47.6074	71.1717	47.6074	71.1748	47.6074	71.0761	47.6074	71.0777	47.6074	71.0067	47.6074	71.0072	47.6074	70.9701	47.6074	70.9701
49.0723	74.3288	49.0723	74.3253	49.0723	74.3205	49.0723	74.3104	49.0723	74.3003	49.0723	74.2843	49.0723	74.2678	49.0723	74.2473	49.0723	74.223	49.0723	74.1995	49.0723	74.1658	49.0723	74.1409	49.0723	74.0962	49.0723	74.0712	49.0723	74.0145	49.0723	73.9904	49.0723	73.921	49.0723	73.898	49.0723	73.8166	49.0723	73.7943	49.0723	73.7023	49.0723	73.68	49.0723	73.5804	49.0723	73.557	49.0723	73.4542	49.0723	73.4289	49.0723	73.3288	49.0723	73.3019	49.0723	73.211	49.0723	73.1843	49.0723	73.1091	49.0723	73.0857	49.0723	73.0321	49.0723	73.0159	49.0723	72.988	49.0723	72.9822
50.5371	75.8247	50.5371	75.8236	50.5371	75.8131	50.5371	75.8102	50.5371	75.7883	50.5371	75.7849	50.5371	75.7498	50.5371	75.748	50.5371	75.6975	50.5371	75.6994	50.5371	75.631	50.5371	75.6388	50.5371	75.5503	50.5371	75.5658	50.5371	75.4552	50.5371	75.4793	50.5371	75.3462	50.5371	75.3785	50.5371	75.224	50.5371	75.2626	50.5371	75.0899	50.5371	75.1318	50.5371	74.9465	50.5371	74.9879	50.5371	74.7982	50.5371	74.8352	50.5371	74.6512	50.5371	74.6809	50.5371	74.514	50.5371	74.5352	50.5371	74.3971	50.5371	74.4103	50.5371	74.3115	50.5371	74.3182	50.5371	74.2666	50.5371	74.2687
52.7344	78.097	52.7344	78.0611	52.7344	78.1126	52.7344	78.0052	52.7344	78.1079	52.7344	77.9296	52.7344	78.0829	52.7344	77.8352	52.7344	78.0379	52.7344	77.7229	52.7344	77.973	52.7344	77.5941	52.7344	77.8886	52.7344	77.4505	52.7344	77.7851	52.7344	77.2945	52.7344	77.6629	52.7344	77.1289	52.7344	77.5228	52.7344	76.957	52.7344	77.3661	52.7344	76.7829	52.7344	77.1949	52.7344	76.6118	52.7344	77.0126	52.7344	76.4505	52.7344	76.8242	52.7344	76.3076	52.7344	76.6373	52.7344	76.1931	52.7344	76.4613	52.7344	76.1176	52.7344	76.3078	52.7344	76.0896	52.7344	76.1884	52.7344	76.1135
54.1992	79.6718	54.1992	79.6588	54.1992	79.6644	54.1992	79.6254	54.1992	79.6366	54.1992	79.5722	54.1992	79.5887	54.1992	79.4995	54.1992	79.521	54.1992	79.4082	54.1992	79.4344	54.1992	79.2993	54.1992	79.3294	54.1992	79.1737	54.1992	79.2071	54.1992	79.033	54.1992	79.0687	54.1992	78.8788	54.1992	78.9155	54.1992	78.7135	54.1992	78.7499	54.1992	78.54	54.1992	78.5748	54.1992	78.3626	54.1992	78.3946	54.1992	78.1871	54.1992	78.2156	54.1992	78.0216	54.1992	78.0459	54.1992	77.8762	54.1992	77.8956	54.1992	77.7623	54.1992	77.7759	54.1992	77.6903	54.1992	77.6973	54.1992	77.6678
56.3965	81.6243	56.3965	81.6068	56.3965	81.6201	56.3965	81.568	56.3965	81.5942	56.3965	81.5083	56.3965	81.5462	56.3965	81.4281	56.3965	81.4764	56.3965	81.3279	56.3965	81.3848	56.3965	81.2082	56.3965	81.272	56.3965	81.0692	56.3965	81.1384	56.3965	80.9118	56.3965	80.9848	56.3965	80.737	56.3965	80.8125	56.3965	80.5469	56.3965	80.6234	56.3965	80.3445	56.3965	80.4206	56.3965	80.1353	56.3965	80.209	56.3965	79.9269	56.3965	79.9959	56.3965	79.7299	56.3965	79.7912	56.3965	79.5575	56.3965	79.6077	56.3965	79.4236	56.3965	79.4594	56.3965	79.3411	56.3965	79.3598	56.3965	79.319
58.5938	83.4391	58.5938	83.4098	58.5938	83.4475	58.5938	83.3596	58.5938	83.4354	58.5938	83.289	58.5938	83.4036	58.5938	83.1986	58.5938	83.3529	58.5938	83.0894	58.5938	83.2847	58.5938	82.9627	58.5938	83.2001	58.5938	82.82	58.5938	83.1002	58.5938	82.6635	58.5938	82.9856	58.5938	82.496	58.5938	82.8568	58.5938	82.3211	58.5938	82.7139	58.5938	82.144	58.5938	82.5575	58.5938	81.9711	58.5938	82.3892	58.5938	81.8106	58.5938	82.2125	58.5938	81.6716	58.5938	82.0337	58.5938	81.5639	58.5938	81.862	58.5938	81.4968	58.5938	81.7092	58.5938	81.4771	58.5938	81.5876	58.5938	81.5079
60.0586	84.2367	60.0586	84.2334	60.0586	84.2165	60.0586	84.2068	60.0586	84.1734	60.0586	84.1569	60.0586	84.1083	60.0586	84.0846	60.0586	84.0224	60.0586	83.9907	60.0586	83.9176	60.0586	83.8764	60.0586	83.7959	60.0586	83.743	60.0586	83.6592	60.0586	83.5923	60.0586	83.5099	60.0586	83.4265	60.0586	83.3498	60.0586	83.2484	60.0586	83.1811	60.0586	83.0617	60.0586	83.0061	60.0586	82.8715	60.0586	82.8281	60.0586	82.6841	60.0586	82.6521	60.0586	82.5081	60.0586	82.4854	60.0586	82.3535	60.0586	82.3382	60.0586	82.2313	60.0586	82.2217	60.0586	82.1519	60.0586	82.1473	60.0586	82.123
62.2559	85.6566	62.2559	85.6355	62.2559	85.6521	62.2559	85.5894	62.2559	85.6217	62.2559	85.5191	62.2559	85.5653	62.2559	85.4256	62.2559	85.4832	62.2559	85.3099	62.2559	85.3759	62.2559	85.1733	62.2559	85.2441	62.2559	85.017	62.2559	85.0887	62.2559	84.8422	62.2559	84.9113	62.2559	84.6503	62.2559	84.7135	62.2559	84.4432	62.2559	84.4979	62.2559	84.2236	62.2559	84.2682	62.2559	83.9961	62.2559	84.0303	62.2559	83.7679	62.2559	83.7923	62.2559	83.5496	62.2559	83.5657	62.2559	83.355	62.2559	83.3646	62.2559	83.1999	62.2559	83.205	62.2559	83.0996	62.2559	83.1017	62.2559	83.0653
64.4531	86.5547	64.4531	86.5386	64.4531	86.5476	64.4531	86.4995	64.4531	86.5173	64.4531	86.4378	64.4531	86.4643	64.4531	86.3543	64.4531	86.3893	64.4531	86.2499	64.4531	86.2932	64.4531	86.1256	64.4531	86.177	64.4531	85.9823	64.4531	86.0418	64.4531	85.8213	64.4531	85.8885	64.4531	85.6437	64.4531	85.7181	64.4531	85.4512	64.4531	85.5318	64.4531	85.2466	64.4531	85.3317	64.4531	85.0346	64.4531	85.1215	64.4531	84.8224	64.4531	84.9072	64.4531	84.6207	64.4531	84.6985	64.4531	84.4432	64.4531	84.5085	64.4531	84.3051	64.4531	84.3524	64.4531	84.2208	64.4531	84.2457	64.4531	84.2001
66.6504	87.5425	66.6504	87.5216	66.6504	87.5381	66.6504	87.4759	66.6504	87.5083	66.6504	87.4063	66.6504	87.4538	66.6504	87.3143	66.6504	87.3753	66.6504	87.2018	66.6504	87.2744	66.6504	87.0707	66.6504	87.1524	66.6504	86.9233	66.6504	87.0113	66.6504	86.7617	66.6504	86.8529	66.6504	86.5879	66.6504	86.6791	66.6504	86.404	66.6504	86.4922	66.6504	86.2127	66.6504	86.2952	66.6504	86.0178	66.6504	86.0921	66.6504	85.8248	66.6504	85.8893	66.6504	85.6423	66.6504	85.6954	66.6504	85.4814	66.6504	85.5221	66.6504	85.3551	66.6504	85.3826	66.6504	85.2759	66.6504	85.2898	66.6504	85.253
69.5801	88.3845	69.5801	88.364	69.5801	88.3779	69.5801	88.3169	69.5801	88.3446	69.5801	88.2443	69.5801	88.2857	69.5801	88.148	69.5801	88.2032	69.5801	88.0306	69.5801	88.0993	69.5801	87.8948	69.5801	87.977	69.5801	87.7439	69.5801	87.8392	69.5801	87.581	69.5801	87.6888	69.5801	87.4092	69.5801	87.5284	69.5801	87.2314	69.5801	87.3602	69.5801	87.0508	69.5801	87.1862	69.5801	86.8714	69.5801	87.0089	69.5801	86.6985	69.5801	86.8322	69.5801	86.5397	69.5801	86.6619	69.5801	86.4047	69.5801	86.5069	69.5801	86.304	69.5801	86.3779	69.5801	86.2474	69.5801	86.2862	69.5801	86.2411
71.7773	89.0881	71.7773	89.067	71.7773	89.0771	71.7773	89.0145	71.7773	89.0345	71.7773	88.9318	71.7773	88.9614	71.7773	88.8213	71.7773	88.8601	71.7773	88.6859	71.7773	88.7332	71.7773	88.5293	71.7773	88.5843	71.7773	88.3556	71.7773	88.4174	71.7773	88.1693	71.7773	88.2366	71.7773	87.9746	71.7773	88.0462	71.7773	87.7759	71.7773	87.8503	71.7773	87.5774	71.7773	87.6529	71.7773	87.3836	71.7773	87.4579	71.7773	87.2	71.7773	87.2704	71.7773	87.0333	71.7773	87.0965	71.7773	86.8919	71.7773	86.9441	71.7773	86.785	71.7773	86.8223	71.7773	86.7209	71.7773	86.7405	71.7773	86.7056
73.9746	89.604	73.9746	89.5775	73.9746	89.598	73.9746	89.5195	73.9746	89.5596	73.9746	89.4316	73.9746	89.4899	73.9746	89.3166	73.9746	89.3907	73.9746	89.1779	73.9746	89.2649	73.9746	89.0193	73.9746	89.1157	73.9746	88.845	73.9746	88.9472	73.9746	88.6593	73.9746	88.7635	73.9746	88.4661	73.9746	88.5689	73.9746	88.2688	73.9746	88.3673	73.9746	88.0709	73.9746	88.1628	73.9746	87.8761	73.9746	87.9596	73.9746	87.6893	73.9746	87.763	73.9746	87.5174	73.9746	87.5798	73.9746	87.3694	73.9746	87.4188	73.9746	87.2558	73.9746	87.2902	73.9746	87.1865	73.9746	87.2042	73.9746	87.1685
76.9043	90.6538	76.9043	90.6223	76.9043	90.6493	76.9043	90.5556	76.9043	90.6092	76.9043	90.456	76.9043	90.5346	76.9043	90.3265	76.9043	90.4282	76.9043	90.1713	76.9043	90.2934	76.9043	89.9953	76.9043	90.1343	76.9043	89.8041	76.9043	89.9556	76.9043	89.6031	76.9043	89.7623	76.9043	89.3974	76.9043	89.5592	76.9043	89.1913	76.9043	89.3505	76.9043	88.9887	76.9043	89.1403	76.9043	88.7929	76.9043	88.9326	76.9043	88.6082	76.9043	88.732	76.9043	88.4406	76.9043	88.5449	76.9043	88.2981	76.9043	88.3797	76.9043	88.1904	76.9043	88.2465	76.9043	88.1269	76.9043	88.1555	76.9043	88.1146
79.834	90.9377	79.834	90.8951	79.834	90.9355	79.834	90.8094	79.834	90.8885	79.834	90.6834	79.834	90.7982	79.834	90.5217	79.834	90.6675	79.834	90.33	79.834	90.5008	79.834	90.1153	79.834	90.3038	79.834	89.8852	79.834	90.0835	79.834	89.6476	79.834	89.8475	79.834	89.4097	79.834	89.6034	79.834	89.1773	79.834	89.3585	79.834	88.9548	79.834	89.1188	79.834	88.7453	79.834	88.8892	79.834	88.5519	79.834	88.6743	79.834	88.379	79.834	88.4791	79.834	88.2333	79.834	88.3101	79.834	88.1234	79.834	88.1758	79.834	88.0583	79.834	88.0849	79.834	88.0447
82.7637	91.0324	82.7637	90.9858	82.7637	91.0275	82.7637	90.8892	82.7637	90.9709	82.7637	90.7456	82.7637	90.8637	82.7637	90.5593	82.7637	90.7084	82.7637	90.3364	82.7637	90.5088	82.7637	90.0844	82.7637	90.2702	82.7637	89.8122	82.7637	89.9996	82.7637	89.5294	82.7637	89.7051	82.7637	89.2454	82.7637	89.3962	82.7637	88.9681	82.7637	89.0827	82.7637	88.7034	82.7637	88.7747	82.7637	88.4548	82.7637	88.4817	82.7637	88.2245	82.7637	88.2129	82.7637	88.0154	82.7637	87.9771	82.7637	87.833	82.7637	87.7836	82.7637	87.686	82.7637	87.6417	82.7637	87.5852	82.7637	87.5593	82.7637	87.5408
85.6934	91.1705	85.6934	91.1219	85.6934	91.1698	85.6934	91.0241	85.6934	91.1204	85.6934	90.8784	85.6934	91.0244	85.6934	90.6877	85.6934	90.8845	85.6934	90.4563	85.6934	90.7049	85.6934	90.1908	85.6934	90.4911	85.6934	89.9005	85.6934	90.2501	85.6934	89.5969	85.6934	89.9902	85.6934	89.294	85.6934	89.721	85.6934	89.0068	85.6934	89.4525	85.6934	88.7492	85.6934	89.1944	85.6934	88.5321	85.6934	88.9551	85.6934	88.361	85.6934	88.741	85.6934	88.2367	85.6934	88.5562	85.6934	88.1561	85.6934	88.4026	85.6934	88.1144	85.6934	88.2811	85.6934	88.1077	85.6934	88.1915	85.6934	88.1337
88.623	91.4401	88.623	91.3966	88.623	91.4403	88.623	91.3101	88.623	91.3978	88.623	91.182	88.623	91.3141	88.623	91.0147	88.623	91.1917	88.623	90.8118	88.623	91.0342	88.623	90.5783	88.623	90.8464	88.623	90.3206	88.623	90.634	88.623	90.0471	88.623	90.4038	88.623	89.768	88.623	90.1634	88.623	89.4949	88.623	89.9208	88.623	89.2401	88.623	89.6837	88.623	89.0154	88.623	89.4594	88.623	88.8306	88.623	89.2533	88.623	88.6919	88.623	89.0695	88.623	88.6018	88.623	88.9106	88.623	88.5592	88.623	88.7781	88.623	88.5601	88.623	88.6737	88.623	88.5998
91.5527	91.6463	91.5527	91.604	91.5527	91.6447	91.5527	91.5182	91.5527	91.5999	91.5527	91.3906	91.5527	91.5138	91.5527	91.2244	91.5527	91.3898	91.5527	91.0238	91.5527	91.2322	91.5527	90.7948	91.5527	91.0463	91.5527	90.5446	91.5527	90.8384	91.5527	90.2818	91.5527	90.6154	91.5527	90.0162	91.5527	90.3846	91.5527	89.7581	91.5527	90.1529	91.5527	89.518	91.5527	89.9268	91.5527	89.3054	91.5527	89.712	91.5527	89.128	91.5527	89.5132	91.5527	88.9915	91.5527	89.3341	91.5527	88.8987	91.5527	89.1779	91.5527	88.85	91.5527	89.0476	91.5527	88.8438	91.5527	88.9462	91.5527	88.877
94.4824	91.6376	94.4824	91.6054	94.4824	91.6214	94.4824	91.5247	94.4824	91.5582	94.4824	91.397	94.4824	91.4509	94.4824	91.2253	94.4824	91.304	94.4824	91.0142	94.4824	91.1232	94.4824	90.7697	94.4824	90.9155	94.4824	90.4997	94.4824	90.6886	94.4824	90.2139	94.4824	90.4508	94.4824	89.923	94.4824	90.21	94.4824	89.6392	94.4824	89.9732	94.4824	89.3744	94.4824	89.746	94.4824	89.1398	94.4824	89.5323	94.4824	88.9448	94.4824	89.3348	94.4824	88.7956	94.4824	89.1557	94.4824	88.6955	94.4824	88.997	94.4824	88.6445	94.4824	88.8618	94.4824	88.6401	94.4824	88.754	94.4824	88.6783
98.1445	91.4486	98.1445	91.4101	98.1445	91.4376	98.1445	91.3236	98.1445	91.3773	98.1445	91.1923	98.1445	91.2697	98.1445	91.0208	98.1445	91.1188	98.1445	90.8152	98.1445	90.9306	98.1445	90.5828	98.1445	90.713	98.1445	90.332	98.1445	90.4759	98.1445	90.0722	98.1445	90.2303	98.1445	89.8133	98.1445	89.9877	98.1445	89.5653	98.1445	89.7586	98.1445	89.3383	98.1445	89.5512	98.1445	89.1415	98.1445	89.3707	98.1445	88.9822	98.1445	89.2183	98.1445	88.8651	98.1445	89.0924	98.1445	88.7913	98.1445	88.9893	98.1445	88.758	98.1445	88.9053	98.1445	88.7593	98.1445	88.838	98.1445	88.7881
101.807	91.3907	101.807	91.3643	101.807	91.3692	101.807	91.2915	101.807	91.3006	101.807	91.1752	101.807	91.1876	101.807	91.0207	101.807	91.0353	101.807	90.8345	101.807	90.8506	101.807	90.6249	101.807	90.6427	101.807	90.4011	101.807	90.4222	101.807	90.1733	101.807	90.2007	101.807	89.9519	101.807	89.9893	101.807	89.7466	101.807	89.7978	101.807	89.5661	101.807	89.6333	101.807	89.4171	101.807	89.499	101.807	89.3032	101.807	89.3949	101.807	89.2248	101.807	89.3175	101.807	89.1786	101.807	89.2617	101.807	89.1588	101.807	89.2214	101.807	89.1583	101.807	89.1919	101.807	89.1707
105.469	90.8714	105.469	90.8271	105.469	90.8616	105.469	90.7315	105.469	90.7977	105.469	90.5896	105.469	90.6818	105.469	90.4088	105.469	90.5188	105.469	90.1983	105.469	90.3162	105.469	89.9692	105.469	90.084	105.469	89.7332	105.469	89.8347	105.469	89.5018	105.469	89.5822	105.469	89.2858	105.469	89.3414	105.469	89.0936	105.469	89.1258	105.469	88.9313	105.469	88.9458	105.469	88.8025	105.469	88.8072	105.469	88.7077	105.469	88.7101	105.469	88.6449	105.469	88.6496	105.469	88.6092	105.469	88.6167	105.469	88.5934	105.469	88.6015	105.469	88.5897	105.469	88.595	105.469	88.5914
109.131	90.135	109.131	90.0896	109.131	90.1228	109.131	89.9884	109.131	90.0539	109.131	89.8366	109.131	89.9323	109.131	89.6422	109.131	89.7648	109.131	89.4163	109.131	89.5609	109.131	89.1726	109.131	89.3327	109.131	88.9262	109.131	89.0941	109.131	88.6923	109.131	88.8599	109.131	88.4842	109.131	88.6437	109.131	88.3115	109.131	88.4569	109.131	88.1788	109.131	88.3063	109.131	88.0857	109.131	88.1938	109.131	88.0277	109.131	88.1166	109.131	87.9978	109.131	88.0681	109.131	87.9877	109.131	88.0403	109.131	87.9898	109.131	88.0249	109.131	87.9974	109.131	88.015	109.131	88.0063
112.793	89.4578	112.793	89.4248	112.793	89.4225	112.793	89.3257	112.793	89.3197	112.793	89.1667	112.793	89.1544	112.793	88.9575	112.793	88.9351	112.793	88.7119	112.793	88.6745	112.793	88.4465	112.793	88.3891	112.793	88.1805	112.793	88.0985	112.793	87.933	112.793	87.8235	112.793	87.7202	112.793	87.5835	112.793	87.5527	112.793	87.3926	112.793	87.4333	112.793	87.2578	112.793	87.3577	112.793	87.1776	112.793	87.3164	112.793	87.1441	112.793	87.2979	112.793	87.1453	112.793	87.2908	112.793	87.1681	112.793	87.2859	112.793	87.2003	112.793	87.2765	112.793	87.2327	112.793	87.259
116.455	89.2341	116.455	89.1724	116.455	89.2162	116.455	89.0338	116.455	89.119	116.455	88.8243	116.455	88.9459	116.455	88.5538	116.455	88.7039	116.455	88.2367	116.455	88.4046	116.455	87.8931	116.455	88.0647	116.455	87.548	116.455	87.7063	116.455	87.2296	116.455	87.3559	116.455	86.9645	116.455	87.0412	116.455	86.7708	116.455	86.7857	116.455	86.6531	116.455	86.6032	116.455	86.6011	116.455	86.4942	116.455	86.5936	116.455	86.4478	116.455	86.6069	116.455	86.4464	116.455	86.6213	116.455	86.4722	116.455	86.6248	116.455	86.5105	116.455	86.6129	116.455	86.5511	116.455	86.587
120.85	89.8657	120.85	89.7971	120.85	89.8556	120.85	89.6518	120.85	89.7669	120.85	89.4333	120.85	89.6014	120.85	89.1475	120.85	89.3636	120.85	88.8028	120.85	89.0612	120.85	88.4118	120.85	88.7068	120.85	87.992	120.85	88.3185	120.85	87.5674	120.85	87.9213	120.85	87.1681	120.85	87.546	120.85	86.828	120.85	87.2255	120.85	86.5778	120.85	86.9877	120.85	86.4363	120.85	86.846	120.85	86.4028	120.85	86.794	120.85	86.4568	120.85	86.8074	120.85	86.565	120.85	86.8521	120.85	86.6905	120.85	86.8944	120.85	86.8021	120.85	86.9079	120.85	86.8779
125.244	90.0063	125.244	89.9624	125.244	89.9751	125.244	89.8439	125.244	89.8699	125.244	89.6534	125.244	89.6942	125.244	89.3958	125.244	89.4537	125.244	89.0786	125.244	89.1573	125.244	88.713	125.244	88.8173	125.244	88.3151	125.244	88.4505	125.244	87.9069	125.244	88.0784	125.244	87.5166	125.244	87.7265	125.244	87.1765	125.244	87.4224	125.244	86.9177	125.244	87.1903	125.244	86.761	125.244	87.0448	125.244	86.7094	125.244	86.9848	125.244	86.7458	125.244	86.9929	125.244	86.8381	125.244	87.0394	125.244	86.9492	125.244	87.0911	125.244	87.0461	125.244	87.1193	125.244	87.1059
129.639	89.5417	129.639	89.5051	129.639	89.5033	129.639	89.3955	129.639	89.3906	129.639	89.2172	129.639	89.2067	129.639	88.977	129.639	88.9576	129.639	88.6847	129.639	88.6531	129.639	88.3531	129.639	88.3072	129.639	87.9991	129.639	87.9386	129.639	87.6435	129.639	87.5717	129.639	87.3117	129.639	87.2352	129.639	87.0309	129.639	86.9595	129.639	86.8263	129.639	86.77	129.639	86.7139	129.639	86.6799	129.639	86.6942	129.639	86.6842	129.639	86.7499	129.639	86.7595	129.639	86.85	129.639	86.8702	129.639	86.9581	129.639	86.9788	129.639	87.0413	129.639	87.054	129.639	87.0765
134.033	89.0206	134.033	88.9687	134.033	88.9904	134.033	88.8366	134.033	88.8783	134.033	88.6291	134.033	88.6873	134.033	88.3534	134.033	88.4235	134.033	88.0206	134.033	88.097	134.033	87.6458	134.033	87.7225	134.033	87.249	134.033	87.3213	134.033	86.8562	134.033	86.9211	134.033	86.4977	134.033	86.5552	134.033	86.2062	134.033	86.2588	134.033	86.0097	134.033	86.061	134.033	85.9235	134.033	85.9755	134.033	85.9431	134.033	85.995	134.033	86.0436	134.033	86.0917	134.033	86.1857	134.033	86.2257	134.033	86.3267	134.033	86.355	134.033	86.4302	134.033	86.4448	134.033	86.4724
138.428	88.9085	138.428	88.8553	138.428	88.877	138.428	88.7187	138.428	88.7618	138.428	88.5027	138.428	88.5662	138.428	88.2141	138.428	88.2967	138.428	87.8631	138.428	87.9625	138.428	87.4639	138.428	87.5771	138.428	87.0358	138.428	87.1595	138.428	86.6038	138.428	86.7347	138.428	86.1992	138.428	86.3342	138.428	85.8576	138.428	85.994	138.428	85.6126	138.428	85.7477	138.428	85.4866	138.428	85.6166	138.428	85.4804	138.428	85.6006	138.428	85.5701	138.428	85.675	138.428	85.7137	138.428	85.7978	138.428	85.8633	138.428	85.9221	138.428	85.9777	138.428	86.0079	138.428	86.0292
143.555	88.9109	143.555	88.8731	143.555	88.8578	143.555	88.7482	143.555	88.7119	143.555	88.5418	143.555	88.4734	143.555	88.262	143.555	88.1455	143.555	87.92	143.555	87.7365	143.555	87.5312	143.555	87.2619	143.555	87.1173	143.555	86.7488	143.555	86.7066	143.555	86.2397	143.555	86.3342	143.555	85.7924	143.555	86.0389	143.555	85.4725	143.555	85.8548	143.555	85.3317	143.555	85.8009	143.555	85.3831	143.555	85.8718	143.555	85.5911	143.555	86.0371	143.555	85.8865	143.555	86.2486	143.555	86.1933	143.555	86.4532	143.555	86.4486	143.555	86.6031	143.555	86.6113	143.555	86.6623
148.682	88.7225	148.682	88.6451	148.682	88.7168	148.682	88.4889	148.682	88.6249	148.682	88.2597	148.682	88.4452	148.682	87.9651	148.682	88.1777	148.682	87.6148	148.682	87.8244	148.682	87.2214	148.682	87.3906	148.682	86.802	148.682	86.8873	148.682	86.3799	148.682	86.335	148.682	85.9857	148.682	85.7695	148.682	85.6562	148.682	85.2467	148.682	85.4274	148.682	84.8392	148.682	85.3228	148.682	84.6171	148.682	85.3407	148.682	84.6124	148.682	85.451	148.682	84.7949	148.682	85.6026	148.682	85.0845	148.682	85.7386	148.682	85.3888	148.682	85.8087	148.682	85.6343	148.682	85.7784
153.809	88.7034	153.809	88.6131	153.809	88.6971	153.809	88.4281	153.809	88.5951	153.809	88.1544	153.809	88.4012	153.809	87.8024	153.809	88.1212	153.809	87.3876	153.809	87.7632	153.809	86.9318	153.809	87.3378	153.809	86.464	153.809	86.8593	153.809	86.0201	153.809	86.3488	153.809	85.6411	153.809	85.838	153.809	85.3671	153.809	85.3729	153.809	85.2274	153.809	85.0122	153.809	85.2289	153.809	84.8131	153.809	85.3499	153.809	84.8059	153.809	85.544	153.809	84.972	153.809	85.7524	153.809	85.2475	153.809	85.9181	153.809	85.5491	153.809	85.9958	153.809	85.8028	153.809	85.9588
159.668	88.9023	159.668	88.8126	159.668	88.8759	159.668	88.6072	159.668	88.7357	159.668	88.2897	159.668	88.4867	159.668	87.8677	159.668	88.1364	159.668	87.3547	159.668	87.6962	159.668	86.7726	159.668	87.1819	159.668	86.1556	159.668	86.6161	159.668	85.5542	159.668	86.0312	159.668	85.0356	159.668	85.4725	159.668	84.6741	159.668	84.9999	159.668	84.527	159.668	84.68	159.668	84.6049	159.668	84.5651	159.668	84.8611	159.668	84.6647	159.668	85.2113	159.668	84.9324	159.668	85.5651	159.668	85.2836	159.668	85.8482	159.668	85.6275	159.668	86.0103	159.668	85.8906	159.668	86.0253
164.795	89.4316	164.795	89.3258	164.795	89.4193	164.795	89.1024	164.795	89.2888	164.795	88.7626	164.795	89.0403	164.795	88.3086	164.795	88.6753	164.795	87.7451	164.795	88.1965	164.795	87.0821	164.795	87.6108	164.795	86.3401	164.795	86.9317	164.795	85.5591	164.795	86.1866	164.795	84.8102	164.795	85.4246	164.795	84.1996	164.795	84.7263	164.795	83.8441	164.795	84.1984	164.795	83.8087	164.795	83.9402	164.795	84.0545	164.795	83.9838	164.795	84.46	164.795	84.2658	164.795	84.8891	164.795	84.6629	164.795	85.2384	164.795	85.0517	164.795	85.4453	164.795	85.342	164.795	85.4808
170.654	89.0771	170.654	88.9754	170.654	89.079	170.654	88.7763	170.654	88.9801	170.654	88.4832	170.654	88.7811	170.654	88.1006	170.654	88.4834	170.654	87.6332	170.654	88.0893	170.654	87.0862	170.654	87.6022	170.654	86.4668	170.654	87.0276	170.654	85.7893	170.654	86.3768	170.654	85.0839	170.654	85.6743	170.654	84.4101	170.654	84.9684	170.654	83.8637	170.654	84.3411	170.654	83.5552	170.654	83.9001	170.654	83.5464	170.654	83.733	170.654	83.7942	170.654	83.8435	170.654	84.1698	170.654	84.1368	170.654	84.5312	170.654	84.4743	170.654	84.775	170.654	84.7361	170.654	84.8467
176.514	87.6283	176.514	87.5493	176.514	87.5975	176.514	87.3617	176.514	87.4594	176.514	87.0707	176.514	87.2195	176.514	86.686	176.514	86.8866	176.514	86.2221	176.514	86.472	176.514	85.6992	176.514	85.9897	176.514	85.1438	176.514	85.4573	176.514	84.5906	176.514	84.9	176.514	84.085	176.514	84.3561	176.514	83.6852	176.514	83.8838	176.514	83.4561	176.514	83.5597	176.514	83.4469	176.514	83.4549	176.514	83.658	176.514	83.5932	176.514	84.027	176.514	83.924	176.514	84.4505	176.514	84.3428	176.514	84.8235	176.514	84.7372	176.514	85.067	176.514	85.0195	176.514	85.1362
183.105	87.444	183.105	87.3578	183.105	87.3964	183.105	87.1383	183.105	87.2173	183.105	86.7884	183.105	86.9125	183.105	86.3136	183.105	86.4912	183.105	85.7227	183.105	85.9665	183.105	85.0287	183.105	85.3558	183.105	84.2527	183.105	84.6805	183.105	83.4305	183.105	83.9677	183.105	82.6236	183.105	83.2548	183.105	81.9319	183.105	82.6001	183.105	81.4898	183.105	82.0944	183.105	81.4146	183.105	81.8503	183.105	81.7189	183.105	81.9441	183.105	82.2817	183.105	82.3399	183.105	82.9198	183.105	82.8915	183.105	83.4724	183.105	83.4237	183.105	83.8334	183.105	83.8015	183.105	83.9475
189.697	87.198	189.697	87.0966	189.697	87.151	189.697	86.8499	189.697	86.9539	189.697	86.4625	189.697	86.606	189.697	85.9414	189.697	86.1081	189.697	85.297	189.697	85.4632	189.697	84.5452	189.697	84.6791	189.697	83.7122	189.697	83.7739	189.697	82.8419	189.697	82.7874	189.697	82.0083	189.697	81.7996	189.697	81.3252	189.697	80.9518	189.697	80.9303	189.697	80.4342	189.697	80.9207	189.697	80.3919	189.697	81.274	189.697	80.8011	189.697	81.8505	189.697	81.4776	189.697	82.4737	189.697	82.2068	189.697	82.999	189.697	82.829	189.697	83.3321	189.697	83.2496	189.697	83.4215
196.289	86.4889	196.289	86.3481	196.289	86.4792	196.289	86.055	196.289	86.3213	196.289	85.6089	196.289	86.0176	196.289	85.0111	196.289	85.5698	196.289	84.2667	196.289	84.9792	196.289	83.3877	196.289	84.2462	196.289	82.3986	196.289	83.3725	196.289	81.3466	196.289	82.3677	196.289	80.3185	196.289	81.2647	196.289	79.456	196.289	80.1522	196.289	78.9409	196.289	79.2175	196.289	78.9053	196.289	78.7306	196.289	79.3169	196.289	78.8594	196.289	79.9883	196.289	79.4771	196.289	80.6998	196.289	80.2766	196.289	81.2853	196.289	80.9998	196.289	81.6437	196.289	81.5025	196.289	81.7222
202.881	85.8228	202.881	85.7448	202.881	85.75	202.881	85.511	202.881	85.5298	202.881	85.114	202.881	85.1637	202.881	84.5436	202.881	84.6516	202.881	83.7864	202.881	83.9917	202.881	82.8261	202.881	83.181	202.881	81.6464	202.881	82.2168	202.881	80.2441	202.881	81.1046	202.881	78.6715	202.881	79.8791	202.881	77.1456	202.881	78.6525	202.881	76.1768	202.881	77.6801	202.881	76.2794	202.881	77.3158	202.881	77.2638	202.881	77.6986	202.881	78.5056	202.881	78.5581	202.881	79.6019	202.881	79.5065	202.881	80.4044	202.881	80.2944	202.881	80.8745	202.881	80.8091	202.881	81.0076
210.205	84.1206	210.205	84.0227	210.205	84.0754	210.205	83.7842	210.205	83.8837	210.205	83.4063	210.205	83.542	210.205	82.8865	210.205	83.0447	210.205	82.2155	210.205	82.3819	210.205	81.3742	210.205	81.5352	210.205	80.3299	210.205	80.4734	210.205	79.0345	210.205	79.1493	210.205	77.4296	210.205	77.5073	210.205	75.4921	210.205	75.5391	210.205	73.4365	210.205	73.5209	210.205	72.2122	210.205	72.4884	210.205	72.9249	210.205	73.3597	210.205	74.7625	210.205	75.1596	210.205	76.5224	210.205	76.8096	210.205	77.8145	210.205	77.9926	210.205	78.592	210.205	78.6759	210.205	78.8743
217.529	84.5808	217.529	84.4321	217.529	84.5677	217.529	84.1177	217.529	84.3964	217.529	83.6326	217.529	84.0709	217.529	82.971	217.529	83.5959	217.529	82.1255	217.529	82.9768	217.529	81.0866	217.529	82.2169	217.529	79.8406	217.529	81.3102	217.529	78.3638	217.529	80.2274	217.529	76.6097	217.529	78.8955	217.529	74.4773	217.529	77.1672	217.529	71.744	217.529	74.7618	217.529	67.9292	217.529	71.078	217.529	62.5268	217.529	64.2141	217.529	62.3711	217.529	53.6336	217.529	67.4279	217.529	66.3264	217.529	70.6459	217.529	70.5893	217.529	72.3784	217.529	72.4617	217.529	72.9697
225.586	88.6795	225.586	88.6237	225.586	88.6068	225.586	88.4398	225.586	88.4049	225.586	88.1282	225.586	88.0731	225.586	87.6882	225.586	87.6107	225.586	87.1174	225.586	87.018	225.586	86.4096	225.586	86.2973	225.586	85.5534	225.586	85.4545	225.586	84.5318	225.586	84.4995	225.586	83.3277	225.586	83.4446	225.586	81.937	225.586	82.2972	225.586	80.3973	225.586	81.0514	225.586	78.8278	225.586	79.6852	225.586	77.4408	225.586	78.1836	225.586	76.4368	225.586	76.6081	225.586	75.8266	225.586	75.2042	225.586	75.4307	225.586	74.376	225.586	75.0569	225.586	74.2864	225.586	74.6327
232.91	89.7891	232.91	89.7043	232.91	89.7574	232.91	89.5058	232.91	89.6088	232.91	89.1983	232.91	89.3454	232.91	88.7866	232.91	88.9706	232.91	88.2726	232.91	88.4881	232.91	87.6527	232.91	87.9007	232.91	86.9129	232.91	87.2092	232.91	86.0267	232.91	86.4135	232.91	84.9553	232.91	85.5151	232.91	83.6578	232.91	84.5222	232.91	82.1208	232.91	83.4579	232.91	80.4319	232.91	82.3696	232.91	78.9042	232.91	81.3354	232.91	78.0497	232.91	80.4569	232.91	78.05	232.91	79.8262	232.91	78.486	232.91	79.4673	232.91	78.91	232.91	79.2989	232.91	79.1635
241.699	89.3582	241.699	89.2831	241.699	89.3089	241.699	89.0877	241.699	89.1354	241.699	88.7793	241.699	88.8419	241.699	88.3673	241.699	88.4354	241.699	87.8602	241.699	87.9247	241.699	87.2634	241.699	87.3189	241.699	86.5779	241.699	86.6281	241.699	85.7999	241.699	85.8644	241.699	84.9238	241.699	85.044	241.699	83.9502	241.699	84.1908	241.699	82.9021	241.699	83.3419	241.699	81.8539	241.699	82.556	241.699	80.9609	241.699	81.916	241.699	80.428	241.699	81.5031	241.699	80.3567	241.699	81.3352	241.699	80.6213	241.699	81.3283	241.699	80.9762	241.699	81.337	241.699	81.2356
249.756	89.6592	249.756	89.604	249.756	89.5602	249.756	89.3987	249.756	89.3087	249.756	89.0532	249.756	88.9119	249.756	88.5812	249.756	88.3814	249.756	87.9973	249.756	87.7313	249.756	87.3135	249.756	86.9762	249.756	86.5372	249.756	86.1314	249.756	85.6746	249.756	85.2185	249.756	84.7431	249.756	84.2813	249.756	83.7968	249.756	83.4149	249.756	82.9624	249.756	82.7833	249.756	82.4427	249.756	82.5655	249.756	82.4094	249.756	82.8097	249.756	82.8312	249.756	83.3637	249.756	83.4839	249.756	83.9924	249.756	84.1275	249.756	84.5091	249.756	84.6061	249.756	84.8079	249.756	84.8423
258.545	89.1184	258.545	88.9965	258.545	89.1286	258.545	88.7722	258.545	89.0176	258.545	88.454	258.545	88.7767	258.545	88.0489	258.545	88.3974	258.545	87.5598	258.545	87.8702	258.545	86.9806	258.545	87.1819	258.545	86.2889	258.545	86.3098	258.545	85.4393	258.545	85.2145	258.545	84.3619	258.545	83.8321	258.545	82.9724	258.545	82.0673	258.545	81.2232	258.545	79.8176	258.545	79.2934	258.545	77.19	258.545	78.0126	258.545	75.4233	258.545	78.3947	258.545	76.4246	258.545	79.8139	258.545	78.6855	258.545	81.14	258.545	80.5369	258.545	81.9425	258.545	81.6766	258.545	82.131
268.066	88.0875	268.066	87.892	268.066	88.1472	268.066	87.5774	268.066	88.0676	268.066	87.1727	268.066	87.8582	268.066	86.7144	268.066	87.538	268.066	86.237	268.066	87.1303	268.066	85.7596	268.066	86.6547	268.066	85.2749	268.066	86.1178	268.066	84.745	268.066	85.5057	268.066	84.1105	268.066	84.7822	268.066	83.3124	268.066	83.8968	268.066	82.326	268.066	82.804	268.066	81.2158	268.066	81.5074	268.066	80.2068	268.066	80.1537	268.066	79.6529	268.066	79.1419	268.066	79.7148	268.066	78.9264	268.066	80.1193	268.066	79.4173	268.066	80.4523	268.066	80.0647	268.066	80.4557
277.588	88.2009	277.588	88.0878	277.588	88.1338	277.588	87.7954	277.588	87.8936	277.588	87.3347	277.588	87.4951	277.588	86.7284	277.588	86.9588	277.588	86.0097	277.588	86.3101	277.588	85.2173	277.588	85.5751	277.588	84.3833	277.588	84.7751	277.588	83.5167	277.588	83.9207	277.588	82.5965	277.588	83.0098	277.588	81.5907	277.588	82.0411	277.588	80.5223	277.588	81.0538	277.588	79.5919	277.588	80.1973	277.588	79.2258	277.588	79.7592	277.588	79.6924	277.588	79.969	277.588	80.6687	277.588	80.6929	277.588	81.6277	277.588	81.5405	277.588	82.2575	277.588	82.1833	277.588	82.4453
287.109	88.3735	287.109	88.1991	287.109	88.3667	287.109	87.8485	287.109	88.1858	287.109	87.3386	287.109	87.8493	287.109	86.6955	287.109	87.3839	287.109	85.9496	287.109	86.8194	287.109	85.1277	287.109	86.1797	287.109	84.2469	287.109	85.4713	287.109	83.3152	287.109	84.6734	287.109	82.346	287.109	83.7365	287.109	81.3816	287.109	82.5975	287.109	80.5163	287.109	81.2253	287.109	79.8975	287.109	79.7441	287.109	79.6791	287.109	78.647	287.109	79.9161	287.109	78.6197	287.109	80.4845	287.109	79.5467	287.109	81.1332	287.109	80.6476	287.109	81.6122	287.109	81.4275	287.109	81.7435
297.363	88.423	297.363	88.3283	297.363	88.3277	297.363	88.0416	297.363	88.0496	297.363	87.5689	297.363	87.5994	297.363	86.9285	297.363	86.9913	297.363	86.1525	297.363	86.241	297.363	85.2791	297.363	85.3613	297.363	84.3265	297.363	84.3548	297.363	83.2536	297.363	83.2062	297.363	81.9243	297.363	81.8777	297.363	80.0884	297.363	80.3125	297.363	77.3769	297.363	78.4792	297.363	73.6369	297.363	76.5885	297.363	72.3148	297.363	75.6137	297.363	75.9023	297.363	76.5927	297.363	79.0363	297.363	78.5683	297.363	80.9307	297.363	80.331	297.363	81.8632	297.363	81.5039	297.363	82.0249
307.617	88.4342	307.617	88.3288	307.617	88.3354	307.617	88.0193	307.617	88.0405	307.617	87.5141	307.617	87.5659	307.617	86.831	307.617	86.9368	307.617	85.9975	307.617	86.188	307.617	85.0503	307.617	85.3608	307.617	84.0313	307.617	84.4927	307.617	82.9769	307.617	83.5974	307.617	81.8986	307.617	82.6437	307.617	80.7679	307.617	81.5476	307.617	79.5287	307.617	80.1874	307.617	78.1844	307.617	78.465	307.617	77.0168	307.617	76.5513	307.617	76.7239	307.617	75.4921	307.617	77.5946	307.617	76.4091	307.617	78.8719	307.617	78.1682	307.617	79.7963	307.617	79.4945	307.617	80.0408
318.604	88.0356	318.604	87.8929	318.604	87.984	318.604	87.5642	318.604	87.7341	318.604	87.0598	318.604	87.2904	318.604	86.3915	318.604	86.6683	318.604	85.574	318.604	85.8953	318.604	84.6256	318.604	85.007	318.604	83.5614	318.604	84.0353	318.604	82.3721	318.604	82.9863	318.604	80.9952	318.604	81.8152	318.604	79.294	318.604	80.4137	318.604	77.085	318.604	78.6283	318.604	74.3879	318.604	76.382	318.604	72.6278	318.604	74.2572	318.604	74.0696	318.604	74.238	318.604	76.6384	318.604	76.2862	318.604	78.584	318.604	78.2992	318.604	79.6976	318.604	79.5615	318.604	80.0194
329.59	88.3117	329.59	88.2592	329.59	88.1718	329.59	88.021	329.59	87.8421	329.59	87.613	329.59	87.335	329.59	87.0559	329.59	86.6717	329.59	86.3708	329.59	85.8817	329.59	85.5721	329.59	85.0006	329.59	84.6596	329.59	84.0652	329.59	83.6106	329.59	83.0991	329.59	82.3696	329.59	82.0911	329.59	80.8352	329.59	80.9745	329.59	78.8406	329.59	79.6224	329.59	76.147	329.59	77.8782	329.59	72.6797	329.59	75.6916	329.59	70.4797	329.59	73.6575	329.59	72.5354	329.59	73.462	329.59	75.132	329.59	74.9847	329.59	76.6178	329.59	76.409	329.59	77.0066
341.309	86.8283	341.309	86.6704	341.309	86.8168	341.309	86.3508	341.309	86.636	341.309	85.8866	341.309	86.2929	341.309	85.3074	341.309	85.8025	341.309	84.6546	341.309	85.1855	341.309	83.9696	341.309	84.4641	341.309	83.2693	341.309	83.6539	341.309	82.5211	341.309	82.7527	341.309	81.6341	341.309	81.7268	341.309	80.4733	341.309	80.5003	341.309	78.8913	341.309	78.964	341.309	76.8151	341.309	77.0447	341.309	74.5864	341.309	74.9832	341.309	73.6032	341.309	73.8941	341.309	74.6647	341.309	74.6955	341.309	76.2511	341.309	76.2031	341.309	77.3327	341.309	77.301	341.309	77.6903
353.76	87.1043	353.76	86.8686	353.76	87.0931	353.76	86.3932	353.76	86.8396	353.76	85.6984	353.76	86.3585	353.76	84.8191	353.76	85.6731	353.76	83.8054	353.76	84.8148	353.76	82.7221	353.76	83.8217	353.76	81.642	353.76	82.7329	353.76	80.6197	353.76	81.5741	353.76	79.6437	353.76	80.3326	353.76	78.6016	353.76	78.9329	353.76	77.3115	353.76	77.237	353.76	75.6571	353.76	75.1202	353.76	74.0006	353.76	72.8949	353.76	73.7479	353.76	72.3393	353.76	75.365	353.76	74.3008	353.76	77.2331	353.76	76.5878	353.76	78.4164	353.76	78.1108	353.76	78.7185
366.211	87.1231	366.211	86.9791	366.211	87.0648	366.211	86.6578	366.211	86.8003	366.211	86.2003	366.211	86.3486	366.211	85.6574	366.211	85.7492	366.211	85.0768	366.211	85.0536	366.211	84.4845	366.211	84.3084	366.211	83.8633	366.211	83.5352	366.211	83.1409	366.211	82.7187	366.211	82.1931	366.211	81.8064	366.211	80.8493	366.211	80.7148	366.211	78.8856	366.211	79.3339	366.211	76.0037	366.211	77.5525	366.211	72.0267	366.211	75.4101	366.211	69.4721	366.211	73.6508	366.211	72.0909	366.211	73.7577	366.211	74.9091	366.211	75.2332	366.211	76.4811	366.211	76.4996	366.211	76.9651
378.662	88.1932	378.662	88.0829	378.662	88.0765	378.662	87.7427	378.662	87.7511	378.662	87.1894	378.662	87.2511	378.662	86.4668	378.662	86.6295	378.662	85.6505	378.662	85.9561	378.662	84.8362	378.662	85.3001	378.662	84.0989	378.662	84.6898	378.662	83.4378	378.662	84.0722	378.662	82.7522	378.662	83.3043	378.662	81.8664	378.662	82.1768	378.662	80.5683	378.662	80.4301	378.662	78.646	378.662	77.7439	378.662	76.0668	378.662	73.9076	378.662	73.945	378.662	71.2174	378.662	74.657	378.662	73.7112	378.662	76.741	378.662	76.5663	378.662	78.2005	378.662	78.1761	378.662	78.6866
392.578	88.1005	392.578	87.8608	392.578	88.0511	392.578	87.3292	392.578	87.7301	392.578	86.522	392.578	87.1668	392.578	85.4805	392.578	86.4008	392.578	84.2823	392.578	85.4848	392.578	83.054	392.578	84.4848	392.578	81.9625	392.578	83.4734	392.578	81.1414	392.578	82.5057	392.578	80.5688	392.578	81.5847	392.578	80.0339	392.578	80.6291	392.578	79.2357	392.578	79.4585	392.578	77.8942	392.578	77.817	392.578	75.9108	392.578	75.5437	392.578	74.09	392.578	73.4887	392.578	74.5746	392.578	74.1861	392.578	76.6292	392.578	76.5076	392.578	78.1909	392.578	78.1642	392.578	78.7235
405.762	88.9139	405.762	88.6629	405.762	88.8957	405.762	88.1678	405.762	88.5891	405.762	87.4585	405.762	87.9873	405.762	86.5803	405.762	87.1066	405.762	85.6099	405.762	86.0038	405.762	84.6545	405.762	84.801	405.762	83.7981	405.762	83.6916	405.762	83.0074	405.762	82.854	405.762	82.0925	405.762	82.2709	405.762	80.7576	405.762	81.6715	405.762	78.6622	405.762	80.6717	405.762	75.5651	405.762	78.8735	405.762	72.7936	405.762	75.8964	405.762	74.3935	405.762	72.5062	405.762	77.4368	405.762	73.8192	405.762	79.4892	405.762	77.3044	405.762	80.4943	405.762	79.5386	405.762	80.5319
420.41	89.1889	420.41	89.0084	420.41	89.0749	420.41	88.5361	420.41	88.6662	420.41	87.7797	420.41	87.9635	420.41	86.7543	420.41	86.9723	420.41	85.4889	420.41	85.7179	420.41	84.0394	420.41	84.2771	420.41	82.5137	420.41	82.8165	420.41	81.0929	420.41	81.5647	420.41	79.9776	420.41	80.6264	420.41	79.1999	420.41	79.8093	420.41	78.4746	420.41	78.7197	420.41	77.301	420.41	76.9114	420.41	75.1872	420.41	73.8883	420.41	72.5154	420.41	70.0058	420.41	73.0854	420.41	71.3384	420.41	76.188	420.41	75.4117	420.41	78.224	420.41	77.8798	420.41	78.7739
435.059	88.9544	435.059	88.6987	435.059	88.921	435.059	88.1572	435.059	88.602	435.059	87.3359	435.059	88.0082	435.059	86.2388	435.059	87.1544	435.059	84.8787	435.059	86.0595	435.059	83.3225	435.059	84.7598	435.059	81.7634	435.059	83.3433	435.059	80.4928	435.059	81.9941	435.059	79.5836	435.059	80.9598	435.059	78.6437	435.059	80.3237	435.059	77.0385	435.059	79.7923	435.059	73.9852	435.059	78.8208	435.059	67.9019	435.059	76.797	435.059	63.8817	435.059	73.1383	435.059	71.6379	435.059	70.0977	435.059	75.477	435.059	73.3943	435.059	77.2454	435.059	76.382	435.059	77.555
450.439	90.1731	450.439	89.9316	450.439	90.1465	450.439	89.4173	450.439	89.8587	450.439	88.6325	450.439	89.3235	450.439	87.6006	450.439	88.5673	450.439	86.3869	450.439	87.6294	450.439	85.1146	450.439	86.5591	450.439	83.9512	450.439	85.422	450.439	83.0251	450.439	84.312	450.439	82.2955	450.439	83.3141	450.439	81.5073	450.439	82.3853	450.439	80.256	450.439	81.2723	450.439	78.0111	450.439	79.571	450.439	74.0601	450.439	76.8376	450.439	70.1472	450.439	73.296	450.439	74.1772	450.439	73.4262	450.439	77.9846	450.439	76.9221	450.439	79.8677	450.439	79.3249	450.439	80.2732
466.553	89.9461	466.553	89.6799	466.553	89.9186	466.553	89.1291	466.553	89.605	466.553	88.3203	466.553	89.0241	466.553	87.2922	466.553	88.1966	466.553	86.0952	466.553	87.1445	466.553	84.8049	466.553	85.9028	466.553	83.546	466.553	84.5509	466.553	82.4799	466.553	83.2499	466.553	81.6909	466.553	82.2146	466.553	81.0379	466.553	81.5301	466.553	80.1613	466.553	80.9687	466.553	78.5841	466.553	80.0813	466.553	75.6277	466.553	78.375	466.553	69.7546	466.553	75.3822	466.553	64.3008	466.553	71.6968	466.553	72.2723	466.553	72.5342	466.553	75.7818	466.553	75.4658	466.553	76.6513
482.666	90.6157	482.666	90.2245	482.666	90.6347	482.666	89.4704	482.666	90.2735	482.666	88.3611	482.666	89.5344	482.666	86.9117	482.666	88.439	482.666	85.1765	482.666	87.0404	482.666	83.3102	482.666	85.4484	482.666	81.6256	482.666	83.8731	482.666	80.4742	482.666	82.6287	482.666	79.8624	482.666	81.9254	482.666	79.3532	482.666	81.5604	482.666	78.3813	482.666	81.0015	482.666	76.3644	482.666	79.6606	482.666	72.7028	482.666	76.9959	482.666	70.6057	482.666	73.9249	482.666	75.4136	482.666	76.082	482.666	79.2943	482.666	79.6819	482.666	81.4276	482.666	81.664	482.666	82.1886
500.244	83.9838	500.244	83.4197	500.244	84.2623	500.244	82.517	500.244	84.2899	500.244	81.2128	500.244	84.0821	500.244	79.4415	500.244	83.6389	500.244	77.1306	500.244	82.9478	500.244	74.2063	500.244	81.9937	500.244	70.8181	500.244	80.799	500.244	68.8075	500.244	79.5256	500.244	70.6176	500.244	78.5654	500.244	73.244	500.244	78.2442	500.244	74.7488	500.244	78.2377	500.244	74.6918	500.244	77.7886	500.244	72.5348	500.244	76.1607	500.244	66.2416	500.244	72.444	500.244	56.1162	500.244	66.3002	500.244	69.892	500.244	69.6762	500.244	73.8137	500.244	73.7203	500.244	74.8903
517.822	80.2486	517.822	79.4278	517.822	80.8611	517.822	78.5221	517.822	81.1939	517.822	77.6868	517.822	81.2136	517.822	77.0432	517.822	80.9012	517.822	76.588	517.822	80.2446	517.822	76.144	517.822	79.272	517.822	75.4063	517.822	78.1244	517.822	74.0569	517.822	77.078	517.822	72.0022	517.822	76.324	517.822	70.1763	517.822	75.6664	517.822	70.4963	517.822	74.6382	517.822	71.7654	517.822	72.7749	517.822	71.9246	517.822	69.7928	517.822	70.0081	517.822	67.3212	517.822	64.7215	517.822	69.4522	517.822	63.6178	517.822	72.2836	517.822	70.0356	517.822	73.5169	517.822	72.9282
536.133	79.1579	536.133	79.5273	536.133	78.5357	536.133	79.6665	536.133	77.6596	536.133	79.6175	536.133	76.5233	536.133	79.4142	536.133	75.0824	536.133	79.0574	536.133	73.2323	536.133	78.5158	536.133	70.7725	536.133	77.7412	536.133	67.3186	536.133	76.6642	536.133	62.2369	536.133	75.1896	536.133	57.5029	536.133	73.3365	536.133	60.3824	536.133	71.7295	536.133	62.9085	536.133	71.3709	536.133	63.3795	536.133	71.5176	536.133	61.7647	536.133	70.716	536.133	57.5838	536.133	68.5163	536.133	58.5906	536.133	66.2986	536.133	64.2764	536.133	66.7908	536.133	67.1642	536.133	67.7919
554.443	78.2331	554.443	78.7214	554.443	77.3649	554.443	78.8368	554.443	76.1771	554.443	78.6314	554.443	74.8399	554.443	78.193	554.443	73.635	554.443	77.6295	554.443	72.7834	554.443	77.0257	554.443	72.1908	554.443	76.3905	554.443	71.4938	554.443	75.6522	554.443	70.3183	554.443	74.7145	554.443	68.4122	554.443	73.5042	554.443	65.7566	554.443	71.947	554.443	63.2753	554.443	69.8726	554.443	62.9687	554.443	67.0352	554.443	63.4859	554.443	64.442	554.443	62.1366	554.443	65.8417	554.443	57.2505	554.443	68.5714	554.443	60.2243	554.443	69.8319	554.443	66.4231	554.443	69.2477
574.219	82.6496	574.219	82.4221	574.219	82.5104	574.219	81.8765	574.219	82.0043	574.219	81.134	574.219	81.146	574.219	80.3459	574.219	79.9651	574.219	79.5634	574.219	78.5492	574.219	78.6538	574.219	77.0696	574.219	77.3983	574.219	75.6464	574.219	75.7103	574.219	74.121	574.219	74.0197	574.219	72.2791	574.219	73.477	574.219	70.9872	574.219	74.1821	574.219	71.9187	574.219	74.7011	574.219	73.4458	574.219	73.948	574.219	73.5762	574.219	70.8914	574.219	71.3239	574.219	61.9409	574.219	64.5653	574.219	63.8173	574.219	63.5359	574.219	70.8355	574.219	70.544	574.219	72.4166
594.727	86.0898	594.727	85.7057	594.727	85.9593	594.727	84.8474	594.727	85.3047	594.727	83.5847	594.727	84.1542	594.727	82.025	594.727	82.5809	594.727	80.3475	594.727	80.71	594.727	78.8787	594.727	78.7553	594.727	78.0238	594.727	77.1041	594.727	77.7716	594.727	76.194	594.727	77.5557	594.727	75.8964	594.727	76.8277	594.727	75.467	594.727	75.2965	594.727	74.2975	594.727	72.8409	594.727	72.4863	594.727	69.6484	594.727	71.2992	594.727	67.3975	594.727	71.1075	594.727	68.4978	594.727	70.402	594.727	70.7741	594.727	69.8358	594.727	72.2545	594.727	71.1526	594.727	72.3961
615.234	88.1875	615.234	87.8777	615.234	88.0601	615.234	87.1132	615.234	87.5128	615.234	85.8865	615.234	86.5684	615.234	84.2271	615.234	85.2632	615.234	82.2146	615.234	83.6385	615.234	79.9062	615.234	81.7085	615.234	77.1639	615.234	79.442	615.234	73.5783	615.234	76.848	615.234	69.14	615.234	74.3382	615.234	68.6118	615.234	73.1468	615.234	71.9504	615.234	73.5307	615.234	73.7266	615.234	73.7362	615.234	73.0965	615.234	72.3036	615.234	68.5975	615.234	67.4564	615.234	56.4837	615.234	55.003	615.234	71.4277	615.234	70.0687	615.234	75.8117	615.234	75.0728	615.234	76.7515
637.207	87.7303	637.207	87.4896	637.207	87.5455	637.207	86.8143	637.207	86.9339	637.207	85.6996	637.207	85.8906	637.207	84.1658	637.207	84.4381	637.207	82.2691	637.207	82.6649	637.207	80.0956	637.207	80.7349	637.207	77.7525	637.207	78.8112	637.207	75.4404	637.207	76.9394	637.207	73.725	637.207	75.1648	637.207	73.4274	637.207	73.9601	637.207	74.113	637.207	73.9086	637.207	74.3016	637.207	74.4744	637.207	72.917	637.207	74.5281	637.207	69.1804	637.207	72.9917	637.207	64.893	637.207	68.2552	637.207	68.2804	637.207	61.4693	637.207	71.1177	637.207	68.6476	637.207	71.4186
659.912	86.4223	659.912	86.2244	659.912	86.182	659.912	85.6123	659.912	85.5087	659.912	84.6225	659.912	84.4418	659.912	83.2818	659.912	83.0525	659.912	81.6086	659.912	81.4268	659.912	79.6553	659.912	79.6134	659.912	77.5306	659.912	77.5461	659.912	75.2768	659.912	75.0124	659.912	72.7084	659.912	71.7673	659.912	69.7834	659.912	68.3019	659.912	68.266	659.912	67.6358	659.912	69.4307	659.912	69.312	659.912	70.1468	659.912	69.8468	659.912	68.3212	659.912	67.7388	659.912	60.2854	659.912	58.9056	659.912	62.9154	659.912	62.6218	659.912	70.3009	659.912	70.113	659.912	72.022
683.35	85.9805	683.35	85.5501	683.35	85.9327	683.35	84.6678	683.35	85.3994	683.35	83.3767	683.35	84.3955	683.35	81.7507	683.35	82.9562	683.35	79.9092	683.35	81.1343	683.35	77.9582	683.35	79.0014	683.35	75.8505	683.35	76.6451	683.35	73.3503	683.35	74.133	683.35	70.3568	683.35	71.5265	683.35	68.1491	683.35	69.2682	683.35	68.8422	683.35	68.3573	683.35	70.0958	683.35	68.5781	683.35	69.5482	683.35	68.6454	683.35	65.5625	683.35	67.4127	683.35	47.0544	683.35	62.8262	683.35	64.609	683.35	58.9664	683.35	69.3622	683.35	67.1351	683.35	69.9793
706.787	85.1151	706.787	84.7329	706.787	85.0077	706.787	83.9263	706.787	84.4156	706.787	82.8158	706.787	83.4156	706.787	81.5392	706.787	82.1135	706.787	80.1527	706.787	80.559	706.787	78.5492	706.787	78.6944	706.787	76.5275	706.787	76.4002	706.787	73.9729	706.787	73.5658	706.787	71.1411	706.787	70.0828	706.787	68.9098	706.787	66.0456	706.787	67.891	706.787	64.0453	706.787	67.4667	706.787	66.3358	706.787	66.7524	706.787	68.1926	706.787	64.5881	706.787	67.7135	706.787	57.886	706.787	63.7242	706.787	56.4156	706.787	52.8746	706.787	64.2692	706.787	61.8298	706.787	65.4539
731.689	86.2362	731.689	85.7946	731.689	86.1402	731.689	84.841	731.689	85.4974	731.689	83.451	731.689	84.3028	731.689	81.7534	731.689	82.6077	731.689	79.8925	731.689	80.6214	731.689	77.9787	731.689	78.6878	731.689	75.9987	731.689	76.929	731.689	73.6917	731.689	75.0304	731.689	70.563	731.689	72.5543	731.689	66.244	731.689	69.1672	731.689	64.5334	731.689	65.922	731.689	68.1583	731.689	67.7625	731.689	70.3428	731.689	70.4012	731.689	69.8943	731.689	70.3608	731.689	65.5179	731.689	66.4644	731.689	52.8443	731.689	53.5046	731.689	65.7116	731.689	65.0349	731.689	68.2094
758.057	85.1777	758.057	84.7329	758.057	85.0446	758.057	83.6897	758.057	84.3216	758.057	82.026	758.057	82.971	758.057	79.7469	758.057	80.9861	758.057	76.9163	758.057	78.4478	758.057	73.8125	758.057	75.5211	758.057	71.1628	758.057	72.4856	758.057	69.3034	758.057	69.9497	758.057	67.153	758.057	68.513	758.057	63.7566	758.057	67.3631	758.057	61.8804	758.057	65.3644	758.057	64.6179	758.057	65.0786	758.057	65.9912	758.057	67.6629	758.057	64.8403	758.057	68.678	758.057	61.0678	758.057	66.7947	758.057	56.3962	758.057	60.4399	758.057	60.1433	758.057	55.9693	758.057	61.2771
784.424	84.6856	784.424	84.2347	784.424	84.4219	784.424	83.0756	784.424	83.4822	784.424	81.204	784.424	81.9398	784.424	78.5429	784.424	79.8295	784.424	74.9875	784.424	77.0644	784.424	70.4697	784.424	73.4661	784.424	64.6487	784.424	68.8033	784.424	57.8871	784.424	62.1485	784.424	56.6689	784.424	48.9603	784.424	53.9202	784.424	58.1822	784.424	51.7026	784.424	61.4699	784.424	58.0264	784.424	60.91	784.424	63.3307	784.424	58.576	784.424	66.0647	784.424	57.561	784.424	65.8192	784.424	57.3435	784.424	62.737	784.424	54.9478	784.424	57.3936	784.424	52.1166	784.424	52.6544
812.256	85.9913	812.256	85.4531	812.256	85.7918	812.256	84.1614	812.256	84.7997	812.256	82.1487	812.256	82.9707	812.256	79.7662	812.256	80.486	812.256	77.78	812.256	77.9773	812.256	76.7799	812.256	76.3761	812.256	76.6104	812.256	75.7981	812.256	76.698	812.256	75.3073	812.256	76.3785	812.256	74.278	812.256	75.0359	812.256	72.5926	812.256	72.0726	812.256	70.1272	812.256	67.102	812.256	66.9543	812.256	63.2487	812.256	64.0355	812.256	60.6947	812.256	61.1012	812.256	51.9897	812.256	49.95	812.256	66.6582	812.256	61.5882	812.256	71.0621	812.256	69.0069	812.256	71.5923
840.82	85.8434	840.82	85.3645	840.82	85.6195	840.82	84.2646	840.82	84.7821	840.82	82.7669	840.82	83.5503	840.82	81.1629	840.82	82.1641	840.82	79.7107	840.82	80.794	840.82	78.5474	840.82	79.5321	840.82	77.5873	840.82	78.3458	840.82	76.5284	840.82	76.9649	840.82	75.0998	840.82	75.0213	840.82	73.0486	840.82	72.4932	840.82	70.4857	840.82	69.8442	840.82	69.2013	840.82	68.1441	840.82	69.1319	840.82	69.2204	840.82	67.2853	840.82	70.9268	840.82	59.6932	840.82	70.1533	840.82	60.8919	840.82	65.5469	840.82	68.2047	840.82	64.2036	840.82	68.5992
870.85	85.2727	870.85	85.0314	870.85	84.8332	870.85	84.0416	870.85	83.7607	870.85	82.4107	870.85	82.0398	870.85	80.5278	870.85	79.7395	870.85	78.8103	870.85	77.2402	870.85	77.3034	870.85	75.2814	870.85	75.8382	870.85	74.1218	870.85	74.352	870.85	73.0163	870.85	72.6338	870.85	71.1849	870.85	70.2482	870.85	68.474	870.85	67.1663	870.85	65.7557	870.85	64.8286	870.85	64.2952	870.85	65.7149	870.85	64.4676	870.85	66.9409	870.85	65.5772	870.85	63.293	870.85	64.211	870.85	55.8967	870.85	56.2611	870.85	68.4371	870.85	65.6269	870.85	69.908
901.611	85.8102	901.611	85.2891	901.611	85.7241	901.611	84.1181	901.611	85.0487	901.611	82.309	901.611	83.6944	901.611	79.9793	901.611	81.4799	901.611	77.2995	901.611	78.3696	901.611	74.4607	901.611	74.8639	901.611	71.8357	901.611	71.9499	901.611	69.8633	901.611	69.8004	901.611	68.5344	901.611	67.7891	901.611	66.5989	901.611	65.7155	901.611	62.7688	901.611	62.4773	901.611	59.2609	901.611	55.5964	901.611	57.7119	901.611	51.5476	901.611	56.4847	901.611	52.074	901.611	58.3858	901.611	60.9833	901.611	59.8447	901.611	63.8382	901.611	60.4838	901.611	62.9741	901.611	61.4236
933.105	85.6924	933.105	85.3152	933.105	85.5047	933.105	84.3628	933.105	84.7283	933.105	82.8259	933.105	83.3483	933.105	80.7161	933.105	81.4283	933.105	77.9936	933.105	79.0944	933.105	74.7081	933.105	76.4703	933.105	71.7446	933.105	74.0163	933.105	70.9243	933.105	72.4631	933.105	71.7274	933.105	71.4763	933.105	71.5364	933.105	70.2009	933.105	69.4277	933.105	68.4914	933.105	66.4501	933.105	66.6537	933.105	64.5601	933.105	64.5928	933.105	63.0835	933.105	62.9352	933.105	60.9359	933.105	63.1963	933.105	57.3513	933.105	61.883	933.105	56.7666	933.105	60.2231	933.105	60.3485
966.064	83.5343	966.064	83.5019	966.064	83.1819	966.064	82.9882	966.064	82.4558	966.064	81.9449	966.064	81.1503	966.064	80.3012	966.064	79.097	966.064	78.0014	966.064	76.5464	966.064	75.3059	966.064	73.8837	966.064	73.1953	966.064	71.024	966.064	71.8946	966.064	68.76	966.064	70.076	966.064	67.2934	966.064	66.9775	966.064	65.41	966.064	61.5478	966.064	62.4628	966.064	60.5838	966.064	52.7991	966.064	66.374	966.064	58.3187	966.064	67.2119	966.064	63.7139	966.064	63.257	966.064	63.4982	966.064	55.8309	966.064	60.6096	966.064	60.0502	966.064	60.0556	966.064	61.317
999.756	86.7542	999.756	86.0427	999.756	86.4829	999.756	84.4426	999.756	85.2531	999.756	82.1841	999.756	83.288	999.756	79.5169	999.756	80.948	999.756	76.3133	999.756	78.3247	999.756	72.22	999.756	74.8934	999.756	67.1061	999.756	69.5507	999.756	60.6976	999.756	61.6207	999.756	56.4565	999.756	55.4427	999.756	53.0035	999.756	59.542	999.756	60.7189	999.756	65.7821	999.756	62.3221	999.756	64.8699	999.756	52.1951	999.756	59.4232	999.756	58.0904	999.756	63.8137	999.756	57.3836	999.756	63.8438	999.756	49.8041	999.756	54.9992	999.756	61.4583	999.756	57.9372	999.756	62.7634
1034.91	90.0409	1034.91	89.3391	1034.91	89.6237	1034.91	87.6058	1034.91	88.1341	1034.91	85.0721	1034.91	85.7673	1034.91	82.0092	1034.91	82.8078	1034.91	78.6362	1034.91	79.343	1034.91	75.432	1034.91	75.561	1034.91	73.1543	1034.91	73.2695	1034.91	71.7523	1034.91	73.3469	1034.91	71.2332	1034.91	72.6129	1034.91	72.2532	1034.91	69.9329	1034.91	72.9687	1034.91	68.785	1034.91	71.6599	1034.91	67.9842	1034.91	68.4445	1034.91	62.5896	1034.91	67.3482	1034.91	63.7715	1034.91	67.2351	1034.91	69.5665	1034.91	62.356	1034.91	68.0854	1034.91	63.3775	1034.91	52.6184	1034.91	62.8456
1071.53	88.601	1071.53	87.9183	1071.53	88.2833	1071.53	86.3502	1071.53	87.006	1071.53	84.0844	1071.53	85.0797	1071.53	81.444	1071.53	82.8338	1071.53	78.9215	1071.53	80.2626	1071.53	76.8621	1071.53	77.6501	1071.53	74.9292	1071.53	75.289	1071.53	73.0819	1071.53	72.9661	1071.53	70.9776	1071.53	72.3047	1071.53	68.2172	1071.53	72.1474	1071.53	68.0393	1071.53	71.0517	1071.53	67.6233	1071.53	68.9834	1071.53	65.6519	1071.53	66.3954	1071.53	65.2711	1071.53	65.3217	1071.53	62.5547	1071.53	63.1727	1071.53	58.7428	1071.53	61.3869	1071.53	67.2272	1071.53	68.9088	1071.53	70.5659
1109.62	86.3288	1109.62	85.5679	1109.62	86.264	1109.62	84.1128	1109.62	85.2774	1109.62	82.0707	1109.62	83.4084	1109.62	79.6021	1109.62	80.9904	1109.62	77.0862	1109.62	78.5985	1109.62	74.8716	1109.62	76.722	1109.62	72.7571	1109.62	75.2591	1109.62	70.5925	1109.62	73.4084	1109.62	69.434	1109.62	70.6868	1109.62	68.6957	1109.62	67.8422	1109.62	66.2553	1109.62	67.0382	1109.62	62.1541	1109.62	67.4186	1109.62	63.0302	1109.62	66.124	1109.62	66.4603	1109.62	65.1251	1109.62	65.9695	1109.62	64.9068	1109.62	58.0209	1109.62	63.5636	1109.62	60.0175	1109.62	60.02	1109.62	63.9692
1148.44	85.514	1148.44	84.8758	1148.44	85.3389	1148.44	83.4255	1148.44	84.3738	1148.44	81.2804	1148.44	82.6941	1148.44	78.8176	1148.44	80.4535	1148.44	76.2782	1148.44	77.9706	1148.44	73.4231	1148.44	75.2773	1148.44	70.5635	1148.44	71.7893	1148.44	68.4765	1148.44	68.4372	1148.44	66.6613	1148.44	68.1465	1148.44	65.4133	1148.44	69.3701	1148.44	65.008	1148.44	69.1058	1148.44	63.0665	1148.44	66.531	1148.44	56.9382	1148.44	62.7745	1148.44	57.8085	1148.44	61.4573	1148.44	60.9503	1148.44	59.9844	1148.44	57.1359	1148.44	53.4727	1148.44	57.7821	1148.44	54.1858	1148.44	58.7533
1189.45	83.7683	1189.45	83.2207	1189.45	83.4994	1189.45	82.0624	1189.45	82.5487	1189.45	80.5628	1189.45	81.258	1189.45	78.703	1189.45	79.6971	1189.45	76.3411	1189.45	77.6984	1189.45	73.7802	1189.45	75.3913	1189.45	71.3051	1189.45	72.8742	1189.45	68.1793	1189.45	69.9734	1189.45	64.3096	1189.45	66.712	1189.45	61.8034	1189.45	62.6564	1189.45	61.6465	1189.45	58.7078	1189.45	60.824	1189.45	60.6569	1189.45	56.828	1189.45	60.6798	1189.45	58.1477	1189.45	58.1463	1189.45	55.1227	1189.45	59.2426	1189.45	50.8955	1189.45	54.5349	1189.45	60.8235	1189.45	62.4607	1189.45	64.0472
1231.2	81.7625	1231.2	81.4502	1231.2	81.6262	1231.2	80.5117	1231.2	81.0648	1231.2	78.9295	1231.2	80.1009	1231.2	77.0838	1231.2	78.6529	1231.2	74.9667	1231.2	76.4593	1231.2	72.0579	1231.2	73.5053	1231.2	69.1965	1231.2	70.6441	1231.2	67.9265	1231.2	69.0259	1231.2	66.2742	1231.2	67.5503	1231.2	62.0798	1231.2	65.0417	1231.2	57.4776	1231.2	63.0531	1231.2	56.9957	1231.2	62.5176	1231.2	57.4431	1231.2	60.6775	1231.2	54.4354	1231.2	59.4679	1231.2	58.2975	1231.2	60.1707	1231.2	54.5195	1231.2	53.7387	1231.2	46.391	1231.2	57.398	1231.2	57.76
1274.41	82.2166	1274.41	81.7658	1274.41	81.8705	1274.41	80.5633	1274.41	80.663	1274.41	78.9846	1274.41	78.7318	1274.41	77.4754	1274.41	76.4064	1274.41	75.0346	1274.41	74.4129	1274.41	71.4293	1274.41	73.092	1274.41	69.2856	1274.41	71.2394	1274.41	68.6692	1274.41	67.9662	1274.41	67.06	1274.41	63.7415	1274.41	63.7902	1274.41	59.3938	1274.41	57.3998	1274.41	59.6303	1274.41	57.4831	1274.41	63.0997	1274.41	60.4091	1274.41	63.0858	1274.41	58.7822	1274.41	59.1602	1274.41	57.0541	1274.41	59.8771	1274.41	52.8653	1274.41	58.9694	1274.41	52.6829	1274.41	55.7439	1274.41	50.237
1319.82	87.7396	1319.82	86.844	1319.82	87.1808	1319.82	84.2671	1319.82	85.0658	1319.82	79.7906	1319.82	81.004	1319.82	73.2162	1319.82	75.1139	1319.82	67.8447	1319.82	69.1279	1319.82	68.9007	1319.82	69.1717	1319.82	70.2521	1319.82	70.278	1319.82	69.7264	1319.82	67.5886	1319.82	67.3585	1319.82	63.4077	1319.82	66.1662	1319.82	64.8838	1319.82	64.4863	1319.82	67.7319	1319.82	64.6451	1319.82	68.3535	1319.82	65.5589	1319.82	64.922	1319.82	61.0359	1319.82	59.8578	1319.82	64.8292	1319.82	63.2787	1319.82	64.0583	1319.82	61.0989	1319.82	58.8131	1319.82	45.6566	1319.82	60.0815
1365.97	89.6296	1365.97	88.2445	1365.97	89.1963	1365.97	84.7686	1365.97	86.9785	1365.97	78.6713	1365.97	82.9829	1365.97	69.1236	1365.97	76.8146	1365.97	67.5952	1365.97	65.0261	1365.97	71.3776	1365.97	69.4175	1365.97	72.1228	1365.97	72.1257	1365.97	68.785	1365.97	69.4493	1365.97	65.2731	1365.97	67.1471	1365.97	68.71	1365.97	70.5508	1365.97	70.0413	1365.97	71.5394	1365.97	68.6842	1365.97	70.5227	1365.97	66.3289	1365.97	67.8796	1365.97	59.5208	1365.97	57.3831	1365.97	66.745	1365.97	61.7978	1365.97	67.4853	1365.97	64.4358	1365.97	62.6597	1365.97	59.21	1365.97	66.1135
1414.31	86.2576	1414.31	84.9085	1414.31	86.2857	1414.31	82.3601	1414.31	84.9338	1414.31	78.8333	1414.31	82.1547	1414.31	74.616	1414.31	78.1387	1414.31	71.654	1414.31	74.0733	1414.31	70.329	1414.31	72.1428	1414.31	68.3562	1414.31	70.7215	1414.31	63.4912	1414.31	66.6386	1414.31	57.0544	1414.31	63.4662	1414.31	60.5149	1414.31	64.7505	1414.31	63.3613	1414.31	64.5103	1414.31	63.2791	1414.31	63.5797	1414.31	63.4326	1414.31	62.7983	1414.31	56.5947	1414.31	60.1777	1414.31	53.7111	1414.31	44.9969	1414.31	59.894	1414.31	56.4752	1414.31	60.0527	1414.31	56.7417	1414.31	60.4446
1464.11	87.0112	1464.11	86.0712	1464.11	86.6802	1464.11	84.1034	1464.11	84.7284	1464.11	81.922	1464.11	81.1478	1464.11	79.5484	1464.11	77.7463	1464.11	76.5113	1464.11	74.6386	1464.11	73.1713	1464.11	71.1194	1464.11	70.6542	1464.11	69.4173	1464.11	68.7979	1464.11	66.2834	1464.11	65.6983	1464.11	57.0417	1464.11	68.4595	1464.11	61.2523	1464.11	68.2474	1464.11	64.4678	1464.11	60.6947	1464.11	54.5664	1464.11	63.7021	1464.11	58.9681	1464.11	65.3182	1464.11	62.1414	1464.11	66.0199	1464.11	64.4421	1464.11	63.2969	1464.11	56.6644	1464.11	57.4119	1464.11	64.1338	1464.11	66.6151
1515.38	83.583	1515.38	84.1006	1515.38	82.6315	1515.38	84.3563	1515.38	81.0704	1515.38	83.286	1515.38	79.9324	1515.38	81.0625	1515.38	78.9077	1515.38	79.1961	1515.38	76.1151	1515.38	76.3779	1515.38	73.1622	1515.38	71.2662	1515.38	72.7976	1515.38	67.0537	1515.38	70.5336	1515.38	63.4976	1515.38	62.5063	1515.38	65.2953	1515.38	61.2685	1515.38	64.7288	1515.38	64.1256	1515.38	58.7952	1515.38	54.4875	1515.38	49.4109	1515.38	56.8426	1515.38	63.0382	1515.38	50.178	1515.38	60.8279	1515.38	44.7773	1515.38	58.6325	1515.38	59.8473	1515.38	59.8662	1515.38	58.7258	1515.38	61.8032
1568.85	86.7769	1568.85	86.0335	1568.85	86.0335	1568.85	83.876	1568.85	83.876	1568.85	80.7473	1568.85	80.7472	1568.85	77.014	1568.85	77.0139	1568.85	73.252	1568.85	73.2519	1568.85	70.441	1568.85	70.441	1568.85	68.2219	1568.85	68.2219	1568.85	64.2013	1568.85	64.2012	1568.85	59.6125	1568.85	59.6125	1568.85	59.9432	1568.85	59.9432	1568.85	55.5746	1568.85	55.5746	1568.85	48.6052	1568.85	48.6051	1568.85	58.5183	1568.85	58.5182	1568.85	57.0656	1568.85	57.0656	1568.85	51.7661	1568.85	51.7662	1568.85	44.03	1568.85	44.0301	1568.85	41.6232	1568.85	41.6231	1568.85	49.5591
1624.51	88.515	1624.51	87.6722	1624.51	87.6722	1624.51	84.8853	1624.51	84.8853	1624.51	79.9671	1624.51	79.967	1624.51	73.109	1624.51	73.1089	1624.51	62.633	1624.51	62.6329	1624.51	57.896	1624.51	57.896	1624.51	59.8158	1624.51	59.8157	1624.51	58.9265	1624.51	58.9264	1624.51	59.3784	1624.51	59.3784	1624.51	58.2483	1624.51	58.2483	1624.51	43.9395	1624.51	43.9396	1624.51	53.3443	1624.51	53.3442	1624.51	54.1735	1624.51	54.1736	1624.51	43.9197	1624.51	43.9198	1624.51	51.6083	1624.51	51.6082	1624.51	52.449	1624.51	52.4491	1624.51	48.3793	1624.51	48.379	1624.51	54.9626
1681.64	85.9451	1681.64	85.2957	1681.64	85.2957	1681.64	82.8225	1681.64	82.8224	1681.64	78.5373	1681.64	78.5372	1681.64	73.4445	1681.64	73.4445	1681.64	68.5757	1681.64	68.5756	1681.64	65.1036	1681.64	65.1036	1681.64	61.584	1681.64	61.5839	1681.64	58.0781	1681.64	58.078	1681.64	54.9806	1681.64	54.9806	1681.64	50.5574	1681.64	50.5574	1681.64	43.6227	1681.64	43.6227	1681.64	46.7804	1681.64	46.7803	1681.64	51.4621	1681.64	51.462	1681.64	55.7274	1681.64	55.7274	1681.64	44.84	1681.64	44.84	1681.64	53.1553	1681.64	53.1553	1681.64	41.4698	1681.64	41.4704	1681.64	50.1978
1740.97	84.4313	1740.97	83.615	1740.97	83.615	1740.97	81.6734	1740.97	81.6734	1740.97	78.987	1740.97	78.987	1740.97	75.6662	1740.97	75.6661	1740.97	73.0177	1740.97	73.0177	1740.97	70.6973	1740.97	70.6973	1740.97	67.8863	1740.97	67.8863	1740.97	65.262	1740.97	65.2619	1740.97	62.8891	1740.97	62.889	1740.97	60.9691	1740.97	60.9691	1740.97	56.1629	1740.97	56.1629	1740.97	54.6432	1740.97	54.6432	1740.97	50.7568	1740.97	50.7567	1740.97	57.1704	1740.97	57.1704	1740.97	55.119	1740.97	55.1191	1740.97	53.1352	1740.97	53.1352	1740.97	49.0833	1740.97	49.0833	1740.97	54.3895
1802.49	88.5713	1802.49	87.4122	1802.49	87.4121	1802.49	83.7671	1802.49	83.767	1802.49	78.1951	1802.49	78.195	1802.49	72.1582	1802.49	72.1582	1802.49	68.4079	1802.49	68.4079	1802.49	67.3977	1802.49	67.3977	1802.49	67.8037	1802.49	67.8037	1802.49	66.3295	1802.49	66.3295	1802.49	63.2162	1802.49	63.2161	1802.49	62.7465	1802.49	62.7465	1802.49	59.5088	1802.49	59.5088	1802.49	59.0286	1802.49	59.0285	1802.49	59.9346	1802.49	59.9346	1802.49	61.3323	1802.49	61.3323	1802.49	57.8869	1802.49	57.8869	1802.49	54.2091	1802.49	54.2091	1802.49	42.7196	1802.49	42.7193	1802.49	58.2742
1866.21	88.7222	1866.21	87.5595	1866.21	87.5594	1866.21	84.14	1866.21	84.1399	1866.21	79.0437	1866.21	79.0436	1866.21	74.2717	1866.21	74.2717	1866.21	71.0924	1866.21	71.0924	1866.21	66.8559	1866.21	66.8558	1866.21	62.4826	1866.21	62.4826	1866.21	64.144	1866.21	64.144	1866.21	60.7978	1866.21	60.7978	1866.21	59.7959	1866.21	59.7959	1866.21	57.1508	1866.21	57.1508	1866.21	58.931	1866.21	58.931	1866.21	55.6064	1866.21	55.6065	1866.21	52.1781	1866.21	52.178	1866.21	54.3422	1866.21	54.3422	1866.21	51.4215	1866.21	51.4214	1866.21	56.2204	1866.21	56.2203	1866.21	59.7856
1932.13	86.3495	1932.13	85.293	1932.13	85.293	1932.13	82.2693	1932.13	82.2692	1932.13	78.0661	1932.13	78.066	1932.13	74.6915	1932.13	74.6915	1932.13	72.1498	1932.13	72.1498	1932.13	69.4571	1932.13	69.4571	1932.13	65.4258	1932.13	65.4258	1932.13	61.3763	1932.13	61.3763	1932.13	55.412	1932.13	55.412	1932.13	51.2258	1932.13	51.2259	1932.13	53.836	1932.13	53.836	1932.13	52.071	1932.13	52.071	1932.13	54.0956	1932.13	54.0956	1932.13	54.154	1932.13	54.1541	1932.13	52.8839	1932.13	52.8838	1932.13	57.1985	1932.13	57.1985	1932.13	58.7321	1932.13	58.7321	1932.13	62.0675
2000.24	84.815	2000.24	83.82	2000.24	83.8199	2000.24	81.3785	2000.24	81.3784	2000.24	78.0473	2000.24	78.0472	2000.24	74.7591	2000.24	74.759	2000.24	72.6813	2000.24	72.6813	2000.24	70.8365	2000.24	70.8365	2000.24	67.3676	2000.24	67.3676	2000.24	65.1221	2000.24	65.122	2000.24	62.726	2000.24	62.7259	2000.24	57.5971	2000.24	57.5971	2000.24	54.5976	2000.24	54.5976	2000.24	52.7396	2000.24	52.7395	2000.24	59.0154	2000.24	59.0153	2000.24	58.7959	2000.24	58.7959	2000.24	53.2823	2000.24	53.2823	2000.24	56.3004	2000.24	56.3004	2000.24	54.6137	2000.24	54.6137	2000.24	52.9023
2070.56	85.5806	2070.56	84.6049	2070.56	84.6049	2070.56	82.239	2070.56	82.239	2070.56	79.0185	2070.56	79.0185	2070.56	75.6603	2070.56	75.6602	2070.56	72.6484	2070.56	72.6484	2070.56	69.9629	2070.56	69.9629	2070.56	66.4421	2070.56	66.4421	2070.56	63.5396	2070.56	63.5396	2070.56	61.9454	2070.56	61.9454	2070.56	59.4833	2070.56	59.4833	2070.56	54.599	2070.56	54.599	2070.56	52.3246	2070.56	52.3245	2070.56	53.9791	2070.56	53.979	2070.56	60.8412	2070.56	60.8412	2070.56	57.9211	2070.56	57.9212	2070.56	59.7613	2070.56	59.7612	2070.56	57.1448	2070.56	57.145	2070.56	43.1773
2143.8	85.596	2143.8	84.567	2143.8	84.5669	2143.8	82.1341	2143.8	82.134	2143.8	78.7164	2143.8	78.7163	2143.8	75.6464	2143.8	75.6464	2143.8	73.5582	2143.8	73.5582	2143.8	71.6533	2143.8	71.6532	2143.8	68.9839	2143.8	68.9839	2143.8	64.6031	2143.8	64.6031	2143.8	63.1941	2143.8	63.1941	2143.8	61.3074	2143.8	61.3074	2143.8	57.241	2143.8	57.241	2143.8	53.1539	2143.8	53.1539	2143.8	56.2623	2143.8	56.2623	2143.8	54.1971	2143.8	54.197	2143.8	56.0614	2143.8	56.0615	2143.8	52.5652	2143.8	52.5651	2143.8	55.4286	2143.8	55.4286	2143.8	56.5412
2219.24	84.8869	2219.24	84.2366	2219.24	84.2366	2219.24	82.5915	2219.24	82.5914	2219.24	80.2667	2219.24	80.2666	2219.24	78.0365	2219.24	78.0364	2219.24	74.8363	2219.24	74.8362	2219.24	71.8001	2219.24	71.8	2219.24	68.859	2219.24	68.8589	2219.24	64.7808	2219.24	64.7808	2219.24	63.2473	2219.24	63.2473	2219.24	62.0123	2219.24	62.0123	2219.24	60.286	2219.24	60.286	2219.24	55.4133	2219.24	55.4133	2219.24	55.9324	2219.24	55.9323	2219.24	56.5984	2219.24	56.5984	2219.24	57.423	2219.24	57.423	2219.24	58.3468	2219.24	58.3467	2219.24	56.9873	2219.24	56.9874	2219.24	51.3676
2297.61	84.8989	2297.61	84.4137	2297.61	84.4137	2297.61	83.3705	2297.61	83.3705	2297.61	82.053	2297.61	82.0529	2297.61	80.0694	2297.61	80.0693	2297.61	77.6011	2297.61	77.601	2297.61	74.9636	2297.61	74.9635	2297.61	71.7701	2297.61	71.77	2297.61	68.7436	2297.61	68.7436	2297.61	66.244	2297.61	66.2439	2297.61	65.1211	2297.61	65.1211	2297.61	62.0233	2297.61	62.0233	2297.61	59.5595	2297.61	59.5596	2297.61	57.2656	2297.61	57.2655	2297.61	61.5881	2297.61	61.5881	2297.61	59.2339	2297.61	59.2339	2297.61	61.0247	2297.61	61.0246	2297.61	57.4714	2297.61	57.4716	2297.61	55.2549
2378.17	84.6997	2378.17	84.6717	2378.17	84.6717	2378.17	84.014	2378.17	84.014	2378.17	82.7561	2378.17	82.7561	2378.17	80.5611	2378.17	80.5611	2378.17	77.8163	2378.17	77.8163	2378.17	75.782	2378.17	75.7819	2378.17	73.4351	2378.17	73.4351	2378.17	70.4686	2378.17	70.4686	2378.17	66.8219	2378.17	66.8219	2378.17	66.2542	2378.17	66.2542	2378.17	62.5064	2378.17	62.5064	2378.17	59.7965	2378.17	59.7965	2378.17	57.0919	2378.17	57.0919	2378.17	61.161	2378.17	61.161	2378.17	63.3578	2378.17	63.3579	2378.17	62.7035	2378.17	62.7034	2378.17	59.3646	2378.17	59.3648	2378.17	57.8681
2462.4	83.9772	2462.4	83.5647	2462.4	83.5647	2462.4	83.1898	2462.4	83.1898	2462.4	81.8821	2462.4	81.882	2462.4	80.4721	2462.4	80.472	2462.4	78.9991	2462.4	78.999	2462.4	76.8656	2462.4	76.8656	2462.4	74.4475	2462.4	74.4475	2462.4	71.5278	2462.4	71.5277	2462.4	68.0538	2462.4	68.0538	2462.4	66.3071	2462.4	66.3071	2462.4	64.572	2462.4	64.572	2462.4	62.0279	2462.4	62.0279	2462.4	61.891	2462.4	61.891	2462.4	61.1925	2462.4	61.1925	2462.4	63.5275	2462.4	63.5275	2462.4	58.3559	2462.4	58.3558	2462.4	58.9275	2462.4	58.9277	2462.4	56.2946
2548.83	85.6343	2548.83	85.1444	2548.83	85.1443	2548.83	84.6984	2548.83	84.6984	2548.83	83.3881	2548.83	83.388	2548.83	82.2855	2548.83	82.2855	2548.83	80.4925	2548.83	80.4924	2548.83	77.4549	2548.83	77.4549	2548.83	72.9042	2548.83	72.9042	2548.83	69.9315	2548.83	69.9315	2548.83	68.538	2548.83	68.538	2548.83	64.9151	2548.83	64.9151	2548.83	63.4181	2548.83	63.4181	2548.83	61.8596	2548.83	61.8595	2548.83	59.4726	2548.83	59.4726	2548.83	60.6723	2548.83	60.6724	2548.83	61.517	2548.83	61.517	2548.83	59.1605	2548.83	59.1605	2548.83	59.8773	2548.83	59.8774	2548.83	55.8015
2638.92	86.1233	2638.92	85.765	2638.92	85.765	2638.92	85.1659	2638.92	85.1659	2638.92	84.2487	2638.92	84.2486	2638.92	82.7448	2638.92	82.7448	2638.92	80.392	2638.92	80.3919	2638.92	77.1139	2638.92	77.1138	2638.92	74.3295	2638.92	74.3295	2638.92	70.4083	2638.92	70.4083	2638.92	68.6692	2638.92	68.6692	2638.92	68.1752	2638.92	68.1752	2638.92	64.0857	2638.92	64.0856	2638.92	62.0617	2638.92	62.0616	2638.92	59.4339	2638.92	59.4339	2638.92	61.3958	2638.92	61.3958	2638.92	65.2665	2638.92	65.2664	2638.92	62.043	2638.92	62.043	2638.92	61.9939	2638.92	61.994	2638.92	57.8227
2731.93	86.1322	2731.93	86.0339	2731.93	86.0338	2731.93	85.4958	2731.93	85.4958	2731.93	84.3751	2731.93	84.375	2731.93	82.8716	2731.93	82.8716	2731.93	80.4927	2731.93	80.4926	2731.93	77.4429	2731.93	77.4429	2731.93	75.286	2731.93	75.286	2731.93	72.9374	2731.93	72.9373	2731.93	71.4085	2731.93	71.4085	2731.93	68.3791	2731.93	68.379	2731.93	65.7675	2731.93	65.7675	2731.93	64.0676	2731.93	64.0676	2731.93	60.596	2731.93	60.5961	2731.93	63.9411	2731.93	63.9411	2731.93	64.6062	2731.93	64.6061	2731.93	59.9526	2731.93	59.9526	2731.93	64.403	2731.93	64.4031	2731.93	59.7095
2828.61	86.2345	2828.61	85.9286	2828.61	85.9286	2828.61	85.5483	2828.61	85.5483	2828.61	84.8145	2828.61	84.8145	2828.61	83.258	2828.61	83.258	2828.61	81.5114	2828.61	81.5113	2828.61	79.0435	2828.61	79.0434	2828.61	75.6108	2828.61	75.6107	2828.61	72.0803	2828.61	72.0803	2828.61	71.7445	2828.61	71.7445	2828.61	68.9225	2828.61	68.9225	2828.61	66.0091	2828.61	66.0091	2828.61	63.9451	2828.61	63.9451	2828.61	62.9875	2828.61	62.9876	2828.61	63.5005	2828.61	63.5005	2828.61	62.3544	2828.61	62.3543	2828.61	61.155	2828.61	61.1551	2828.61	60.0173	2828.61	60.0174	2828.61	53.7429
2928.22	86.7827	2928.22	86.5042	2928.22	86.5041	2928.22	86.0483	2928.22	86.0483	2928.22	85.2409	2928.22	85.2409	2928.22	83.8658	2928.22	83.8658	2928.22	81.8502	2928.22	81.8501	2928.22	78.7292	2928.22	78.7292	2928.22	76.3724	2928.22	76.3724	2928.22	73.47	2928.22	73.4699	2928.22	69.7186	2928.22	69.7186	2928.22	68.2391	2928.22	68.2391	2928.22	64.1423	2928.22	64.1423	2928.22	62.9758	2928.22	62.9758	2928.22	58.5086	2928.22	58.5086	2928.22	62.0284	2928.22	62.0283	2928.22	63.0199	2928.22	63.0198	2928.22	62.4007	2928.22	62.4007	2928.22	58.2801	2928.22	58.2803	2928.22	60.2736
3031.49	87.5118	3031.49	87.2867	3031.49	87.2867	3031.49	86.8357	3031.49	86.8357	3031.49	86.2627	3031.49	86.2627	3031.49	84.6448	3031.49	84.6447	3031.49	82.2614	3031.49	82.2614	3031.49	79.4554	3031.49	79.4554	3031.49	76.0243	3031.49	76.0242	3031.49	72.6918	3031.49	72.6917	3031.49	72.0566	3031.49	72.0566	3031.49	67.5375	3031.49	67.5374	3031.49	66.0847	3031.49	66.0847	3031.49	63.0993	3031.49	63.0993	3031.49	59.7831	3031.49	59.7832	3031.49	63.3661	3031.49	63.366	3031.49	63.6539	3031.49	63.6538	3031.49	61.1922	3031.49	61.1923	3031.49	60.6737	3031.49	60.6738	3031.49	58.1784
3138.43	88.0231	3138.43	87.498	3138.43	87.498	3138.43	87.0892	3138.43	87.0892	3138.43	86.4001	3138.43	86.4001	3138.43	84.8411	3138.43	84.8411	3138.43	82.5622	3138.43	82.5622	3138.43	79.7398	3138.43	79.7398	3138.43	76.3076	3138.43	76.3076	3138.43	72.9787	3138.43	72.9786	3138.43	70.5118	3138.43	70.5118	3138.43	68.2293	3138.43	68.2293	3138.43	64.8042	3138.43	64.8041	3138.43	62.2483	3138.43	62.2483	3138.43	60.8608	3138.43	60.8608	3138.43	62.2215	3138.43	62.2215	3138.43	61.3201	3138.43	61.3201	3138.43	64.1791	3138.43	64.1792	3138.43	60.0359	3138.43	60.036	3138.43	58.7502
3249.02	87.5658	3249.02	87.4408	3249.02	87.4408	3249.02	86.8767	3249.02	86.8767	3249.02	86.2948	3249.02	86.2948	3249.02	84.4464	3249.02	84.4464	3249.02	81.8222	3249.02	81.8221	3249.02	78.4777	3249.02	78.4777	3249.02	75.3467	3249.02	75.3467	3249.02	72.0669	3249.02	72.0668	3249.02	71.582	3249.02	71.582	3249.02	67.9184	3249.02	67.9184	3249.02	67.1979	3249.02	67.1979	3249.02	64.7508	3249.02	64.7508	3249.02	59.7215	3249.02	59.7215	3249.02	58.8338	3249.02	58.8337	3249.02	63.7026	3249.02	63.7026	3249.02	60.9584	3249.02	60.9586	3249.02	59.0504	3249.02	59.0506	3249.02	58.4507
3363.28	88.2649	3363.28	87.846	3363.28	87.846	3363.28	87.3798	3363.28	87.3797	3363.28	86.6371	3363.28	86.637	3363.28	84.7432	3363.28	84.7432	3363.28	82.3338	3363.28	82.3337	3363.28	79.1712	3363.28	79.1711	3363.28	75.818	3363.28	75.818	3363.28	72.4058	3363.28	72.4058	3363.28	70.4582	3363.28	70.4582	3363.28	66.4947	3363.28	66.4947	3363.28	63.9006	3363.28	63.9006	3363.28	64.6066	3363.28	64.6066	3363.28	59.3783	3363.28	59.3783	3363.28	58.5172	3363.28	58.5171	3363.28	62.4769	3363.28	62.4769	3363.28	62.3366	3363.28	62.3367	3363.28	56.716	3363.28	56.7161	3363.28	59.0474
3481.93	88.7279	3481.93	88.6482	3481.93	88.6482	3481.93	87.99	3481.93	87.99	3481.93	87.282	3481.93	87.282	3481.93	85.3479	3481.93	85.3478	3481.93	82.7361	3481.93	82.736	3481.93	79.4416	3481.93	79.4416	3481.93	75.9586	3481.93	75.9586	3481.93	72.8081	3481.93	72.8081	3481.93	71.8963	3481.93	71.8963	3481.93	67.6606	3481.93	67.6605	3481.93	67.3587	3481.93	67.3587	3481.93	63.1725	3481.93	63.1726	3481.93	58.0564	3481.93	58.0564	3481.93	57.1995	3481.93	57.1993	3481.93	62.7525	3481.93	62.7525	3481.93	64.3765	3481.93	64.3766	3481.93	58.4349	3481.93	58.435	3481.93	63.1505
3604.98	88.8681	3604.98	88.6229	3604.98	88.6229	3604.98	88.1032	3604.98	88.1032	3604.98	87.1352	3604.98	87.1352	3604.98	85.0338	3604.98	85.0337	3604.98	82.4495	3604.98	82.4495	3604.98	78.8431	3604.98	78.843	3604.98	75.6493	3604.98	75.6493	3604.98	73.1948	3604.98	73.1948	3604.98	71.4158	3604.98	71.4158	3604.98	68.3214	3604.98	68.3214	3604.98	67.0571	3604.98	67.057	3604.98	63.736	3604.98	63.7361	3604.98	58.9439	3604.98	58.9439	3604.98	57.3241	3604.98	57.3241	3604.98	63.7113	3604.98	63.7114	3604.98	63.3725	3604.98	63.3726	3604.98	56.202	3604.98	56.2021	3604.98	61.5911
3732.42	88.9956	3732.42	88.9196	3732.42	88.9196	3732.42	88.2097	3732.42	88.2096	3732.42	86.9393	3732.42	86.9392	3732.42	85.1142	3732.42	85.1142	3732.42	82.7756	3732.42	82.7755	3732.42	79.2501	3732.42	79.25	3732.42	76.2055	3732.42	76.2055	3732.42	72.8961	3732.42	72.8961	3732.42	71.3603	3732.42	71.3603	3732.42	66.6406	3732.42	66.6406	3732.42	66.0701	3732.42	66.0701	3732.42	62.8372	3732.42	62.8372	3732.42	57.9633	3732.42	57.9633	3732.42	57.3083	3732.42	57.3083	3732.42	62.8535	3732.42	62.8535	3732.42	63.3321	3732.42	63.3321	3732.42	47.6269	3732.42	47.6272	3732.42	63.927
3863.53	89.3787	3863.53	89.1722	3863.53	89.1722	3863.53	88.4389	3863.53	88.4389	3863.53	87.2161	3863.53	87.216	3863.53	85.3583	3863.53	85.3583	3863.53	82.4696	3863.53	82.4695	3863.53	78.8831	3863.53	78.8831	3863.53	76.0303	3863.53	76.0303	3863.53	73.1086	3863.53	73.1086	3863.53	71.9601	3863.53	71.9601	3863.53	68.2427	3863.53	68.2427	3863.53	66.6508	3863.53	66.6508	3863.53	61.3709	3863.53	61.3709	3863.53	58.0475	3863.53	58.0475	3863.53	57.8678	3863.53	57.8678	3863.53	62.9657	3863.53	62.9657	3863.53	62.7978	3863.53	62.7978	3863.53	49.1756	3863.53	49.1758	3863.53	61.6962
3999.76	89.8759	3999.76	89.7382	3999.76	89.7382	3999.76	88.7881	3999.76	88.7881	3999.76	87.5649	3999.76	87.5649	3999.76	85.6087	3999.76	85.6087	3999.76	82.8463	3999.76	82.8463	3999.76	79.8889	3999.76	79.8889	3999.76	77.1608	3999.76	77.1608	3999.76	72.9699	3999.76	72.9699	3999.76	71.3722	3999.76	71.3722	3999.76	66.7194	3999.76	66.7194	3999.76	66.1936	3999.76	66.1936	3999.76	61.0164	3999.76	61.0164	3999.76	59.302	3999.76	59.302	3999.76	57.3788	3999.76	57.3788	3999.76	62.2339	3999.76	62.2339	3999.76	62.2178	3999.76	62.2178	3999.76	48.1509	3999.76	48.1509	3999.76	63.8363
4141.11	89.0119	4141.11	89.0964	4141.11	89.0964	4141.11	88.0301	4141.11	88.0301	4141.11	86.8134	4141.11	86.8133	4141.11	84.7543	4141.11	84.7542	4141.11	82.4184	4141.11	82.4184	4141.11	78.9201	4141.11	78.92	4141.11	75.162	4141.11	75.1619	4141.11	73.4231	4141.11	73.4231	4141.11	71.5714	4141.11	71.5714	4141.11	66.779	4141.11	66.7789	4141.11	67.9431	4141.11	67.9431	4141.11	61.3712	4141.11	61.3712	4141.11	57.9519	4141.11	57.952	4141.11	44.4515	4141.11	44.4513	4141.11	62.8508	4141.11	62.8508	4141.11	61.6995	4141.11	61.6995	4141.11	52.265	4141.11	52.265	4141.11	60.9919
4286.87	89.6971	4286.87	89.8022	4286.87	89.8022	4286.87	88.7493	4286.87	88.7492	4286.87	87.7677	4286.87	87.7677	4286.87	85.5471	4286.87	85.5471	4286.87	83.5114	4286.87	83.5113	4286.87	80.2293	4286.87	80.2292	4286.87	76.2811	4286.87	76.281	4286.87	72.8613	4286.87	72.8613	4286.87	70.7259	4286.87	70.7259	4286.87	65.9961	4286.87	65.996	4286.87	64.8396	4286.87	64.8396	4286.87	59.1271	4286.87	59.1271	4286.87	61.5032	4286.87	61.5032	4286.87	48.0655	4286.87	48.0653	4286.87	60.768	4286.87	60.7679	4286.87	61.5997	4286.87	61.5997	4286.87	53.326	4286.87	53.3257	4286.87	60.5746
4438.48	89.3715	4438.48	89.3605	4438.48	89.3604	4438.48	88.308	4438.48	88.308	4438.48	87.3531	4438.48	87.3531	4438.48	85.0257	4438.48	85.0256	4438.48	82.7747	4438.48	82.7747	4438.48	78.9345	4438.48	78.9344	4438.48	75.3732	4438.48	75.3732	4438.48	73.4081	4438.48	73.4081	4438.48	71.0305	4438.48	71.0305	4438.48	67.3883	4438.48	67.3883	4438.48	67.4456	4438.48	67.4456	4438.48	59.3761	4438.48	59.3761	4438.48	57.0244	4438.48	57.0244	4438.48	51.9761	4438.48	51.9762	4438.48	61.1132	4438.48	61.1131	4438.48	59.3828	4438.48	59.3828	4438.48	50.6617	4438.48	50.6615	4438.48	59.3529
4594.48	88.0542	4594.48	87.9503	4594.48	87.9503	4594.48	87.4957	4594.48	87.4957	4594.48	86.4005	4594.48	86.4005	4594.48	84.3075	4594.48	84.3075	4594.48	82.4492	4594.48	82.4491	4594.48	78.8692	4594.48	78.8691	4594.48	75.1427	4594.48	75.1427	4594.48	72.4558	4594.48	72.4558	4594.48	68.6656	4594.48	68.6656	4594.48	66.1079	4594.48	66.1078	4594.48	64.2912	4594.48	64.2913	4594.48	59.7934	4594.48	59.7933	4594.48	55.0938	4594.48	55.0938	4594.48	42.134	4594.48	42.1334	4594.48	58.4359	4594.48	58.4359	4594.48	60.9519	4594.48	60.952	4594.48	49.8512	4594.48	49.851	4594.48	59.6707
4757.08	88.5877	4757.08	88.6268	4757.08	88.6268	4757.08	88.1212	4757.08	88.1212	4757.08	86.784	4757.08	86.7839	4757.08	84.5282	4757.08	84.5282	4757.08	82.4111	4757.08	82.411	4757.08	78.5448	4757.08	78.5447	4757.08	75.2849	4757.08	75.2848	4757.08	72.2057	4757.08	72.2056	4757.08	68.7669	4757.08	68.7669	4757.08	67.2019	4757.08	67.2019	4757.08	64.4072	4757.08	64.4072	4757.08	56.7819	4757.08	56.7819	4757.08	57.4681	4757.08	57.4681	4757.08	52.8274	4757.08	52.8276	4757.08	58.4788	4757.08	58.4787	4757.08	59.2778	4757.08	59.2779	4757.08	50.5324	4757.08	50.5322	4757.08	57.7223
4924.8	88.0068	4924.8	88.0006	4924.8	88.0006	4924.8	87.377	4924.8	87.377	4924.8	86.0477	4924.8	86.0477	4924.8	84.0785	4924.8	84.0784	4924.8	81.3763	4924.8	81.3762	4924.8	77.9776	4924.8	77.9775	4924.8	74.8223	4924.8	74.8223	4924.8	72.1522	4924.8	72.1522	4924.8	67.7194	4924.8	67.7194	4924.8	66.032	4924.8	66.032	4924.8	63.4752	4924.8	63.4752	4924.8	55.2914	4924.8	55.2914	4924.8	49.4644	4924.8	49.4646	4924.8	46.9532	4924.8	46.9531	4924.8	57.3169	4924.8	57.3168	4924.8	57.2198	4924.8	57.2197	4924.8	52.2096	4924.8	52.2095	4924.8	46.4864
5098.39	88.6666	5098.39	88.4268	5098.39	88.4268	5098.39	88.0607	5098.39	88.0607	5098.39	86.5236	5098.39	86.5236	5098.39	84.3881	5098.39	84.3881	5098.39	81.991	5098.39	81.991	5098.39	78.5424	5098.39	78.5424	5098.39	74.4786	5098.39	74.4785	5098.39	71.0932	5098.39	71.0931	5098.39	63.5501	5098.39	63.5501	5098.39	66.3369	5098.39	66.3369	5098.39	60.5353	5098.39	60.5353	5098.39	56.3601	5098.39	56.3601	5098.39	54.5154	5098.39	54.5155	5098.39	45.4265	5098.39	45.4267	5098.39	51.2315	5098.39	51.2314	5098.39	55.9089	5098.39	55.9089	5098.39	42.5273	5098.39	42.527	5098.39	58.2018
5277.83	88.2884	5277.83	88.1025	5277.83	88.1024	5277.83	87.6102	5277.83	87.6102	5277.83	86.0417	5277.83	86.0417	5277.83	84.0023	5277.83	84.0023	5277.83	81.3289	5277.83	81.3289	5277.83	77.8275	5277.83	77.8275	5277.83	73.8068	5277.83	73.8067	5277.83	72.1027	5277.83	72.1026	5277.83	65.4912	5277.83	65.4912	5277.83	66.8246	5277.83	66.8246	5277.83	62.5374	5277.83	62.5374	5277.83	54.3372	5277.83	54.3372	5277.83	55.3609	5277.83	55.3609	5277.83	49.237	5277.83	49.237	5277.83	55.0486	5277.83	55.0485	5277.83	55.2252	5277.83	55.2252	5277.83	50.3776	5277.83	50.3773	5277.83	47.5926
5463.87	87.8568	5463.87	87.4756	5463.87	87.4756	5463.87	86.894	5463.87	86.894	5463.87	85.5376	5463.87	85.5375	5463.87	83.5225	5463.87	83.5224	5463.87	81.1068	5463.87	81.1068	5463.87	77.7932	5463.87	77.7931	5463.87	73.8726	5463.87	73.8725	5463.87	71.8851	5463.87	71.8851	5463.87	63.8257	5463.87	63.8257	5463.87	66.5562	5463.87	66.5562	5463.87	61.4489	5463.87	61.4489	5463.87	54.053	5463.87	54.053	5463.87	55.951	5463.87	55.9511	5463.87	39.9443	5463.87	39.9441	5463.87	52.6823	5463.87	52.6822	5463.87	52.0624	5463.87	52.0623	5463.87	48.2936	5463.87	48.2932	5463.87	52.4778
5656.49	88.3734	5656.49	87.9001	5656.49	87.9001	5656.49	87.3292	5656.49	87.3291	5656.49	86.1068	5656.49	86.1068	5656.49	84.0068	5656.49	84.0068	5656.49	81.5685	5656.49	81.5685	5656.49	78.0279	5656.49	78.0278	5656.49	74.0551	5656.49	74.055	5656.49	71.685	5656.49	71.6849	5656.49	62.5789	5656.49	62.5789	5656.49	65.67	5656.49	65.67	5656.49	59.6432	5656.49	59.6432	5656.49	54.3774	5656.49	54.3775	5656.49	55.7005	5656.49	55.7005	5656.49	42.4257	5656.49	42.4262	5656.49	53.0658	5656.49	53.0658	5656.49	53.0627	5656.49	53.0627	5656.49	47.123	5656.49	47.1226	5656.49	52.6042
5856.45	87.5523	5856.45	87.2475	5856.45	87.2475	5856.45	86.5583	5856.45	86.5583	5856.45	85.5047	5856.45	85.5047	5856.45	83.2577	5856.45	83.2577	5856.45	80.7749	5856.45	80.7749	5856.45	76.4922	5856.45	76.4922	5856.45	73.0754	5856.45	73.0753	5856.45	71.2025	5856.45	71.2025	5856.45	60.5593	5856.45	60.5593	5856.45	66.042	5856.45	66.042	5856.45	57.3697	5856.45	57.3697	5856.45	54.4064	5856.45	54.4065	5856.45	56.7366	5856.45	56.7367	5856.45	32.4337	5856.45	32.4352	5856.45	51.1514	5856.45	51.1512	5856.45	49.6932	5856.45	49.6929	5856.45	45.2753	5856.45	45.2749	5856.45	52.8453
6062.99	87.4372	6062.99	87.1966	6062.99	87.1966	6062.99	86.7014	6062.99	86.7014	6062.99	85.7247	6062.99	85.7247	6062.99	83.3404	6062.99	83.3404	6062.99	81.1645	6062.99	81.1645	6062.99	76.9813	6062.99	76.9812	6062.99	72.0941	6062.99	72.0941	6062.99	71.8727	6062.99	71.8726	6062.99	58.9941	6062.99	58.994	6062.99	64.5939	6062.99	64.5939	6062.99	53.8365	6062.99	53.8365	6062.99	52.2105	6062.99	52.2107	6062.99	52.3795	6062.99	52.3796	6062.99	47.2139	6062.99	47.2142	6062.99	34.6107	6062.99	34.6081	6062.99	36.3216	6062.99	36.32	6062.99	43.9188	6062.99	43.9181	6062.99	52.5134
6276.86	86.2017	6276.86	86.1418	6276.86	86.1418	6276.86	85.7763	6276.86	85.7763	6276.86	84.5298	6276.86	84.5298	6276.86	82.7426	6276.86	82.7426	6276.86	79.8087	6276.86	79.8087	6276.86	76.8442	6276.86	76.8442	6276.86	70.5655	6276.86	70.5655	6276.86	70.0864	6276.86	70.0864	6276.86	63.4531	6276.86	63.453	6276.86	62.7068	6276.86	62.7068	6276.86	59.2193	6276.86	59.2193	6276.86	56.1517	6276.86	56.1518	6276.86	54.9344	6276.86	54.9344	6276.86	48.1057	6276.86	48.106	6276.86	50.6446	6276.86	50.6449	6276.86	36.7187	6276.86	36.7214	6276.86	34.8702	6276.86	34.8681	6276.86	51.0802
6498.05	86.7034	6498.05	86.6831	6498.05	86.6831	6498.05	86.2843	6498.05	86.2843	6498.05	84.8809	6498.05	84.8809	6498.05	83.1306	6498.05	83.1306	6498.05	79.871	6498.05	79.8709	6498.05	77.324	6498.05	77.324	6498.05	71.7805	6498.05	71.7805	6498.05	69.2281	6498.05	69.2281	6498.05	63.8235	6498.05	63.8235	6498.05	62.3458	6498.05	62.3458	6498.05	58.6123	6498.05	58.6124	6498.05	54.5326	6498.05	54.5326	6498.05	54.1023	6498.05	54.1023	6498.05	48.6166	6498.05	48.6168	6498.05	48.565	6498.05	48.5653	6498.05	39.6944	6498.05	39.6953	6498.05	33.7519	6498.05	33.7515	6498.05	49.1914
6727.29	85.8728	6727.29	85.8662	6727.29	85.8662	6727.29	85.3242	6727.29	85.3242	6727.29	83.8263	6727.29	83.8262	6727.29	82.4712	6727.29	82.4712	6727.29	79.2601	6727.29	79.2601	6727.29	76.5713	6727.29	76.5713	6727.29	70.7789	6727.29	70.7789	6727.29	67.8683	6727.29	67.8683	6727.29	63.6582	6727.29	63.6582	6727.29	60.5118	6727.29	60.5118	6727.29	58.5871	6727.29	58.5871	6727.29	55.0672	6727.29	55.0672	6727.29	55.2528	6727.29	55.2527	6727.29	49.2887	6727.29	49.2889	6727.29	50.8836	6727.29	50.8839	6727.29	34.3658	6727.29	34.3692	6727.29	41.7978	6727.29	41.7967	6727.29	43.5802
6964.6	86.3135	6964.6	86.0862	6964.6	86.0862	6964.6	85.4488	6964.6	85.4488	6964.6	84.0952	6964.6	84.0951	6964.6	82.7507	6964.6	82.7506	6964.6	79.1608	6964.6	79.1607	6964.6	76.7069	6964.6	76.7069	6964.6	71.1652	6964.6	71.1652	6964.6	67.3732	6964.6	67.3731	6964.6	63.8082	6964.6	63.8081	6964.6	59.2179	6964.6	59.2179	6964.6	58.202	6964.6	58.202	6964.6	53.8746	6964.6	53.8746	6964.6	54.3582	6964.6	54.3581	6964.6	51.4398	6964.6	51.4399	6964.6	51.0521	6964.6	51.0523	6964.6	36.7334	6964.6	36.7362	6964.6	37.1032	6964.6	37.1022	6964.6	48.0453
7209.96	85.8239	7209.96	85.3856	7209.96	85.3856	7209.96	84.6877	7209.96	84.6877	7209.96	83.351	7209.96	83.3509	7209.96	82.1261	7209.96	82.1261	7209.96	78.1925	7209.96	78.1925	7209.96	75.5172	7209.96	75.5172	7209.96	70.568	7209.96	70.568	7209.96	65.8951	7209.96	65.895	7209.96	62.5969	7209.96	62.5969	7209.96	59.762	7209.96	59.762	7209.96	58.0441	7209.96	58.0442	7209.96	53.6624	7209.96	53.6624	7209.96	54.555	7209.96	54.555	7209.96	47.9467	7209.96	47.9468	7209.96	51.2463	7209.96	51.2465	7209.96	29.6602	7209.96	29.6646	7209.96	39.7495	7209.96	39.7483	7209.96	45.2209
7464.11	85.4625	7464.11	84.9934	7464.11	84.9934	7464.11	84.2833	7464.11	84.2833	7464.11	82.923	7464.11	82.923	7464.11	81.5484	7464.11	81.5484	7464.11	77.5809	7464.11	77.5809	7464.11	74.8618	7464.11	74.8617	7464.11	70.7561	7464.11	70.756	7464.11	65.5878	7464.11	65.5878	7464.11	62.1063	7464.11	62.1063	7464.11	59.8958	7464.11	59.8957	7464.11	55.3508	7464.11	55.3508	7464.11	52.2168	7464.11	52.2168	7464.11	53.7167	7464.11	53.7166	7464.11	45.5639	7464.11	45.5639	7464.11	52.5885	7464.11	52.5886	7464.11	41.5609	7464.11	41.5612	7464.11	32.3453	7464.11	32.3441	7464.11	44.6396
7727.78	84.9652	7727.78	84.5172	7727.78	84.5172	7727.78	83.6983	7727.78	83.6983	7727.78	82.2324	7727.78	82.2324	7727.78	80.3571	7727.78	80.357	7727.78	77.6188	7727.78	77.6188	7727.78	73.0607	7727.78	73.0607	7727.78	68.8597	7727.78	68.8596	7727.78	64.6264	7727.78	64.6264	7727.78	58.678	7727.78	58.6779	7727.78	58.7758	7727.78	58.7758	7727.78	53.6706	7727.78	53.6706	7727.78	50.1859	7727.78	50.1859	7727.78	49.6067	7727.78	49.6068	7727.78	40.9326	7727.78	40.9327	7727.78	49.0969	7727.78	49.0968	7727.78	46.4657	7727.78	46.4654	7727.78	44.4446	7727.78	44.4445	7727.78	49.9761
8000.24	84.7418	8000.24	84.3617	8000.24	84.3617	8000.24	83.636	8000.24	83.6359	8000.24	82.11	8000.24	82.11	8000.24	79.9397	8000.24	79.9396	8000.24	77.9783	8000.24	77.9782	8000.24	73.5108	8000.24	73.5108	8000.24	66.9431	8000.24	66.9431	8000.24	64.9194	8000.24	64.9194	8000.24	59.8285	8000.24	59.8284	8000.24	57.6792	8000.24	57.6792	8000.24	55.5294	8000.24	55.5294	8000.24	44.4468	8000.24	44.4469	8000.24	46.2925	8000.24	46.2927	8000.24	44.1305	8000.24	44.1306	8000.24	47.4067	8000.24	47.4065	8000.24	43.833	8000.24	43.8326	8000.24	35.745	8000.24	35.7447	8000.24	44.7885
8282.23	85.2189	8282.23	84.9289	8282.23	84.9288	8282.23	84.0155	8282.23	84.0155	8282.23	82.5476	8282.23	82.5475	8282.23	80.0648	8282.23	80.0647	8282.23	77.8417	8282.23	77.8417	8282.23	74.1942	8282.23	74.1942	8282.23	67.0906	8282.23	67.0906	8282.23	63.7352	8282.23	63.7352	8282.23	60.8303	8282.23	60.8303	8282.23	55.7939	8282.23	55.7939	8282.23	53.4383	8282.23	53.4384	8282.23	39.7665	8282.23	39.7668	8282.23	47.2802	8282.23	47.2803	8282.23	46.0067	8282.23	46.0067	8282.23	40.3318	8282.23	40.3314	8282.23	38.7603	8282.23	38.7595	8282.23	24.5248	8282.23	24.5263	8282.23	47.126
8574.46	85.2966	8574.46	84.8681	8574.46	84.8681	8574.46	83.9105	8574.46	83.9105	8574.46	82.462	8574.46	82.462	8574.46	79.7247	8574.46	79.7246	8574.46	77.2348	8574.46	77.2348	8574.46	74.2116	8574.46	74.2115	8574.46	66.8515	8574.46	66.8515	8574.46	61.3285	8574.46	61.3284	8574.46	60.4919	8574.46	60.4919	8574.46	55.2574	8574.46	55.2574	8574.46	53.4538	8574.46	53.4538	8574.46	34.0204	8574.46	34.0207	8574.46	47.8169	8574.46	47.8169	8574.46	42.4407	8574.46	42.4406	8574.46	36.4835	8574.46	36.4834	8574.46	26.6534	8574.46	26.6551	8574.46	39.8867	8574.46	39.8867	8574.46	41.3007
8876.22	84.7441	8876.22	84.2168	8876.22	84.2168	8876.22	83.3811	8876.22	83.381	8876.22	81.927	8876.22	81.927	8876.22	79.0585	8876.22	79.0585	8876.22	76.6635	8876.22	76.6635	8876.22	74.052	8876.22	74.052	8876.22	66.5773	8876.22	66.5773	8876.22	59.8022	8876.22	59.8021	8876.22	60.7562	8876.22	60.7562	8876.22	57.1003	8876.22	57.1002	8876.22	52.6498	8876.22	52.6499	8876.22	39.3707	8876.22	39.3707	8876.22	47.7205	8876.22	47.7204	8876.22	40.9816	8876.22	40.9815	8876.22	38.3149	8876.22	38.315	8876.22	34.6939	8876.22	34.6944	8876.22	44.4975	8876.22	44.4973	8876.22	38.5715
9189.7	84.249	9189.7	83.837	9189.7	83.837	9189.7	83.0537	9189.7	83.0537	9189.7	81.4625	9189.7	81.4625	9189.7	78.6726	9189.7	78.6726	9189.7	76.0788	9189.7	76.0787	9189.7	73.806	9189.7	73.806	9189.7	66.1886	9189.7	66.1886	9189.7	57.5719	9189.7	57.5718	9189.7	60.2433	9189.7	60.2433	9189.7	56.5123	9189.7	56.5122	9189.7	50.2479	9189.7	50.248	9189.7	41.7239	9189.7	41.7239	9189.7	46.4666	9189.7	46.4666	9189.7	39.393	9189.7	39.3929	9189.7	25.6546	9189.7	25.6544	9189.7	37.7238	9189.7	37.7242	9189.7	42.7815	9189.7	42.7813	9189.7	21.6825
9513.43	83.8654	9513.43	83.6532	9513.43	83.6532	9513.43	82.7603	9513.43	82.7603	9513.43	81.0326	9513.43	81.0326	9513.43	78.2908	9513.43	78.2907	9513.43	75.1597	9513.43	75.1596	9513.43	72.9466	9513.43	72.9465	9513.43	65.5139	9513.43	65.5138	9513.43	51.2009	9513.43	51.2007	9513.43	59.3468	9513.43	59.3468	9513.43	55.1076	9513.43	55.1076	9513.43	50.2116	9513.43	50.2117	9513.43	40.2226	9513.43	40.2226	9513.43	43.5531	9513.43	43.5531	9513.43	43.1137	9513.43	43.1137	9513.43	39.4408	9513.43	39.4412	9513.43	36.3616	9513.43	36.3621	9513.43	43.5224	9513.43	43.5221	9513.43	37.3265
9848.88	83.2996	9848.88	83.0723	9848.88	83.0723	9848.88	82.0916	9848.88	82.0915	9848.88	80.377	9848.88	80.377	9848.88	77.3702	9848.88	77.3701	9848.88	74.1236	9848.88	74.1235	9848.88	72.0584	9848.88	72.0584	9848.88	64.841	9848.88	64.841	9848.88	47.0555	9848.88	47.0553	9848.88	58.0253	9848.88	58.0252	9848.88	53.8943	9848.88	53.8943	9848.88	50.5816	9848.88	50.5816	9848.88	39.1139	9848.88	39.1138	9848.88	45.079	9848.88	45.079	9848.88	46.2626	9848.88	46.2626	9848.88	42.9276	9848.88	42.928	9848.88	41.4113	9848.88	41.4114	9848.88	46.0934	9848.88	46.0931	9848.88	39.4952
10196.8	82.994	10196.8	82.5628	10196.8	82.5627	10196.8	81.6958	10196.8	81.6958	10196.8	79.9152	10196.8	79.9151	10196.8	76.6406	10196.8	76.6405	10196.8	73.4232	10196.8	73.4231	10196.8	71.485	10196.8	71.4849	10196.8	64.0676	10196.8	64.0676	10196.8	35.0087	10196.8	35.0084	10196.8	56.2688	10196.8	56.2688	10196.8	53.9514	10196.8	53.9514	10196.8	51.2379	10196.8	51.2379	10196.8	37.2992	10196.8	37.299	10196.8	46.0828	10196.8	46.0828	10196.8	47.7285	10196.8	47.7286	10196.8	45.9769	10196.8	45.9772	10196.8	39.4171	10196.8	39.417	10196.8	48.0922	10196.8	48.0919	10196.8	39.4974
10556.4	82.9634	10556.4	82.384	10556.4	82.384	10556.4	81.7193	10556.4	81.7193	10556.4	79.6874	10556.4	79.6874	10556.4	76.219	10556.4	76.219	10556.4	72.8717	10556.4	72.8716	10556.4	70.9811	10556.4	70.9811	10556.4	63.231	10556.4	63.2311	10556.4	47.7138	10556.4	47.714	10556.4	53.4874	10556.4	53.4874	10556.4	54.8106	10556.4	54.8106	10556.4	51.3823	10556.4	51.3823	10556.4	29.3808	10556.4	29.3801	10556.4	46.8591	10556.4	46.8591	10556.4	50.2063	10556.4	50.2064	10556.4	48.717	10556.4	48.7173	10556.4	39.9063	10556.4	39.9059	10556.4	50.2659	10556.4	50.2655	10556.4	43.5308
10928.5	82.6302	10928.5	81.8538	10928.5	81.8538	10928.5	81.3534	10928.5	81.3534	10928.5	79.1451	10928.5	79.1451	10928.5	75.4979	10928.5	75.4979	10928.5	72.6275	10928.5	72.6274	10928.5	70.915	10928.5	70.9149	10928.5	63.2392	10928.5	63.2393	10928.5	54.1213	10928.5	54.1214	10928.5	48.0393	10928.5	48.0393	10928.5	55.3054	10928.5	55.3054	10928.5	51.5411	10928.5	51.5411	10928.5	27.9599	10928.5	27.9602	10928.5	49.4025	10928.5	49.4024	10928.5	53.2151	10928.5	53.2151	10928.5	52.7598	10928.5	52.76	10928.5	43.2375	10928.5	43.2374	10928.5	52.2241	10928.5	52.2237	10928.5	48.0572
11313.7	81.257	11313.7	80.4721	11313.7	80.4721	11313.7	80.8264	11313.7	80.8265	11313.7	79.2512	11313.7	79.2512	11313.7	75.6213	11313.7	75.6212	11313.7	73.3877	11313.7	73.3876	11313.7	71.6788	11313.7	71.6787	11313.7	64.3452	11313.7	64.3452	11313.7	57.9824	11313.7	57.9824	11313.7	13.2891	11313.7	13.2887	11313.7	56.6266	11313.7	56.6266	11313.7	53.1496	11313.7	53.1496	11313.7	33.7143	11313.7	33.7159	11313.7	51.6266	11313.7	51.6265	11313.7	55.3462	11313.7	55.3463	11313.7	56.3649	11313.7	56.3651	11313.7	45.2443	11313.7	45.2442	11313.7	53.6361	11313.7	53.6356	11313.7	51.8038
11712.9	81.1461	11712.9	80.3009	11712.9	80.3009	11712.9	81.4149	11712.9	81.4149	11712.9	79.9255	11712.9	79.9255	11712.9	76.044	11712.9	76.044	11712.9	74.0191	11712.9	74.019	11712.9	72.4082	11712.9	72.4081	11712.9	64.9622	11712.9	64.9623	11712.9	59.6468	11712.9	59.6469	11712.9	48.9722	11712.9	48.9722	11712.9	57.5609	11712.9	57.561	11712.9	54.4134	11712.9	54.4134	11712.9	43.3207	11712.9	43.3214	11712.9	53.5771	11712.9	53.5769	11712.9	57.3022	11712.9	57.3022	11712.9	59.6346	11712.9	59.6348	11712.9	45.0914	11712.9	45.0912	11712.9	55.0733	11712.9	55.0728	11712.9	54.0518
12126	82.0028	12126	81.0081	12126	81.0081	12126	80.5206	12126	80.5206	12126	77.4948	12126	77.4948	12126	72.5243	12126	72.5242	12126	70.3669	12126	70.3667	12126	68.5284	12126	68.5283	12126	60.7466	12126	60.7467	12126	54.56	12126	54.5601	12126	50.7248	12126	50.7248	12126	53.7308	12126	53.7308	12126	50.8394	12126	50.8394	12126	45.7564	12126	45.7569	12126	49.8722	12126	49.8719	12126	55.4718	12126	55.4718	12126	58.5846	12126	58.5848	12126	33.4428	12126	33.4455	12126	52.4761	12126	52.4756	12126	52.2174
12553.7	79.5182	12553.7	78.1076	12553.7	78.1076	12553.7	77.2231	12553.7	77.2231	12553.7	73.2984	12553.7	73.2984	12553.7	67.922	12553.7	67.922	12553.7	65.3414	12553.7	65.3412	12553.7	66.0498	12553.7	66.0497	12553.7	59.6839	12553.7	59.6839	12553.7	54.5458	12553.7	54.5458	12553.7	50.9743	12553.7	50.9743	12553.7	53.606	12553.7	53.6059	12553.7	49.5225	12553.7	49.5225	12553.7	46.0012	12553.7	46.0018	12553.7	51.1671	12553.7	51.1668	12553.7	56.0985	12553.7	56.0986	12553.7	58.9119	12553.7	58.9121	12553.7	38.8427	12553.7	38.8399	12553.7	51.6912	12553.7	51.6906	12553.7	55.6366
12996.1	78.2703	12996.1	77.0821	12996.1	77.0821	12996.1	76.6937	12996.1	76.6937	12996.1	73.6529	12996.1	73.6529	12996.1	67.8984	12996.1	67.8984	12996.1	65.6279	12996.1	65.6277	12996.1	66.5192	12996.1	66.5191	12996.1	59.9859	12996.1	59.9859	12996.1	54.6813	12996.1	54.6813	12996.1	53.4806	12996.1	53.4806	12996.1	54.0847	12996.1	54.0847	12996.1	50.4318	12996.1	50.4319	12996.1	46.6539	12996.1	46.6544	12996.1	52.6604	12996.1	52.6601	12996.1	57.0707	12996.1	57.0707	12996.1	59.553	12996.1	59.5532	12996.1	45.4956	12996.1	45.4942	12996.1	54.0544	12996.1	54.0539	12996.1	57.5792
13454.6	77.9424	13454.6	77.0305	13454.6	77.0305	13454.6	76.48	13454.6	76.4801	13454.6	73.6885	13454.6	73.6885	13454.6	67.0394	13454.6	67.0394	13454.6	64.8805	13454.6	64.8804	13454.6	66.0527	13454.6	66.0526	13454.6	59.1423	13454.6	59.1424	13454.6	55.1442	13454.6	55.1442	13454.6	55.0946	13454.6	55.0946	13454.6	54.1543	13454.6	54.1543	13454.6	50.3308	13454.6	50.3309	13454.6	46.741	13454.6	46.7416	13454.6	53.6352	13454.6	53.635	13454.6	56.7491	13454.6	56.7491	13454.6	59.5309	13454.6	59.5311	13454.6	49.6427	13454.6	49.6417	13454.6	54.7358	13454.6	54.7353	13454.6	59.5184
13928.5	77.9486	13928.5	77.4516	13928.5	77.4516	13928.5	76.1618	13928.5	76.1618	13928.5	72.985	13928.5	72.985	13928.5	65.6378	13928.5	65.6378	13928.5	64.0885	13928.5	64.0883	13928.5	64.7351	13928.5	64.735	13928.5	57.0973	13928.5	57.0974	13928.5	54.7122	13928.5	54.7122	13928.5	55.1786	13928.5	55.1786	13928.5	52.9067	13928.5	52.9066	13928.5	49.3947	13928.5	49.3949	13928.5	45.4913	13928.5	45.4919	13928.5	53.0781	13928.5	53.0778	13928.5	55.167	13928.5	55.167	13928.5	58.0525	13928.5	58.0527	13928.5	50.0294	13928.5	50.0286	13928.5	53.8226	13928.5	53.8221	13928.5	59.9458
14419.9	78.4023	14419.9	78.4086	14419.9	78.4086	14419.9	76.1288	14419.9	76.1287	14419.9	71.9498	14419.9	71.9498	14419.9	64.2004	14419.9	64.2004	14419.9	62.7467	14419.9	62.7466	14419.9	63.417	14419.9	63.417	14419.9	54.6399	14419.9	54.64	14419.9	54.7406	14419.9	54.7405	14419.9	54.36	14419.9	54.36	14419.9	51.6045	14419.9	51.6045	14419.9	47.8956	14419.9	47.8957	14419.9	43.0806	14419.9	43.0813	14419.9	52.4825	14419.9	52.4823	14419.9	53.4236	14419.9	53.4236	14419.9	56.3084	14419.9	56.3086	14419.9	49.5088	14419.9	49.5081	14419.9	52.3804	14419.9	52.3799	14419.9	60.2861
14928.2	78.9956	14928.2	79.5742	14928.2	79.5742	14928.2	76.3168	14928.2	76.3168	14928.2	71.7882	14928.2	71.7882	14928.2	64.348	14928.2	64.348	14928.2	63.0673	14928.2	63.0673	14928.2	63.221	14928.2	63.221	14928.2	53.3531	14928.2	53.3532	14928.2	55.9365	14928.2	55.9364	14928.2	54.4898	14928.2	54.4898	14928.2	52.3966	14928.2	52.3966	14928.2	45.2472	14928.2	45.2475	14928.2	39.814	14928.2	39.8146	14928.2	52.3113	14928.2	52.3111	14928.2	51.8349	14928.2	51.835	14928.2	53.6614	14928.2	53.6617	14928.2	50.4476	14928.2	50.447	14928.2	53.6492	14928.2	53.6489	14928.2	61.4735
15454.8	79.9579	15454.8	80.7721	15454.8	80.7721	15454.8	76.6306	15454.8	76.6305	15454.8	72.2735	15454.8	72.2734	15454.8	65.2326	15454.8	65.2326	15454.8	66.2157	15454.8	66.2157	15454.8	62.8961	15454.8	62.8961	15454.8	53.4182	15454.8	53.4182	15454.8	61.6351	15454.8	61.6351	15454.8	57.4852	15454.8	57.4852	15454.8	53.033	15454.8	53.033	15454.8	42.1813	15454.8	42.1818	15454.8	42.5111	15454.8	42.5114	15454.8	51.5761	15454.8	51.5759	15454.8	48.1814	15454.8	48.1814	15454.8	50.4883	15454.8	50.4887	15454.8	51.7612	15454.8	51.7608	15454.8	54.4417	15454.8	54.4415	15454.8	61.7379
15999.8	78.1757	15999.8	79.4352	15999.8	79.4352	15999.8	75.4389	15999.8	75.4388	15999.8	65.4143	15999.8	65.414	15999.8	61.5597	15999.8	61.5597	15999.8	66.1498	15999.8	66.1498	15999.8	63.6752	15999.8	63.6752	15999.8	47.4481	15999.8	47.4481	15999.8	62.4054	15999.8	62.4054	15999.8	56.3934	15999.8	56.3934	15999.8	49.0711	15999.8	49.0711	15999.8	38.47	15999.8	38.4704	15999.8	38.6206	15999.8	38.6214	15999.8	45.3424	15999.8	45.3421	15999.8	51.3077	15999.8	51.3078	15999.8	51.9354	15999.8	51.9356	15999.8	48.0349	15999.8	48.0346	15999.8	53.388	15999.8	53.3879	15999.8	60.3664
16564.5	71.6946	16564.5	74.3286	16564.5	74.3286	16564.5	70.0519	16564.5	70.0517	16564.5	60.9669	16564.5	60.9671	16564.5	55.2002	16564.5	55.2003	16564.5	62.9488	16564.5	62.9489	16564.5	58.3946	16564.5	58.3945	16564.5	38.8859	16564.5	38.8858	16564.5	58.9411	16564.5	58.9411	16564.5	50.4537	16564.5	50.4537	16564.5	45.8572	16564.5	45.8572	16564.5	32.0679	16564.5	32.0684	16564.5	30.1202	16564.5	30.1211	16564.5	42.0491	16564.5	42.049	16564.5	49.7775	16564.5	49.7776	16564.5	50.1055	16564.5	50.1056	16564.5	45.2507	16564.5	45.2506	16564.5	47.9394	16564.5	47.9392	16564.5	56.2038
17148.2	67.3063	17148.2	71.6716	17148.2	71.6716	17148.2	67.5648	17148.2	67.5646	17148.2	64.8251	17148.2	64.8251	17148.2	59.947	17148.2	59.9471	17148.2	63.286	17148.2	63.2861	17148.2	60.4279	17148.2	60.4279	17148.2	43.4779	17148.2	43.478	17148.2	60.4624	17148.2	60.4624	17148.2	52.796	17148.2	52.7959	17148.2	47.0451	17148.2	47.0451	17148.2	38.1519	17148.2	38.1521	17148.2	39.8733	17148.2	39.8736	17148.2	40.7396	17148.2	40.7395	17148.2	49.2308	17148.2	49.2309	17148.2	50.2394	17148.2	50.2396	17148.2	43.4823	17148.2	43.4821	17148.2	43.3465	17148.2	43.346	17148.2	52.3366
17753.2	70.8984	17753.2	72.3734	17753.2	72.3734	17753.2	66.6431	17753.2	66.6429	17753.2	63.6763	17753.2	63.6763	17753.2	58.7119	17753.2	58.712	17753.2	58.8106	17753.2	58.8107	17753.2	52.4097	17753.2	52.4097	17753.2	36.5434	17753.2	36.5434	17753.2	52.1815	17753.2	52.1815	17753.2	47.3084	17753.2	47.3084	17753.2	42.9247	17753.2	42.9247	17753.2	35.8252	17753.2	35.8254	17753.2	33.6786	17753.2	33.679	17753.2	40.519	17753.2	40.5188	17753.2	43.114	17753.2	43.1141	17753.2	45.4492	17753.2	45.4495	17753.2	40.358	17753.2	40.3577	17753.2	42.6521	17753.2	42.6516	17753.2	45.4391
18379.4	70.3914	18379.4	71.3072	18379.4	71.3072	18379.4	65.4794	18379.4	65.4793	18379.4	59.3668	18379.4	59.3667	18379.4	56.0612	18379.4	56.0613	18379.4	55.996	18379.4	55.9961	18379.4	51.8706	18379.4	51.8705	18379.4	38.5139	18379.4	38.5142	18379.4	43.3088	18379.4	43.3088	18379.4	41.8234	18379.4	41.8234	18379.4	41.2334	18379.4	41.2334	18379.4	34.0426	18379.4	34.0428	18379.4	27.0703	18379.4	27.0708	18379.4	37.7126	18379.4	37.7123	18379.4	38.5045	18379.4	38.5046	18379.4	43.2984	18379.4	43.2987	18379.4	35.3357	18379.4	35.335	18379.4	40.1265	18379.4	40.1261	18379.4	43.7338
19027.6	70.3813	19027.6	70.3307	19027.6	70.3306	19027.6	64.4634	19027.6	64.4632	19027.6	54.2896	19027.6	54.2896	19027.6	55.3999	19027.6	55.4001	19027.6	57.5009	19027.6	57.501	19027.6	47.9945	19027.6	47.9942	19027.6	40.4321	19027.6	40.4322	19027.6	12.1558	19027.6	12.155	19027.6	32.6063	19027.6	32.6063	19027.6	40.7667	19027.6	40.7667	19027.6	30.9452	19027.6	30.9454	19027.6	25.0586	19027.6	25.0588	19027.6	36.0292	19027.6	36.0289	19027.6	39.4753	19027.6	39.4753	19027.6	38.7727	19027.6	38.773	19027.6	36.9971	19027.6	36.9965	19027.6	37.9575	19027.6	37.9571	19027.6	46.6065
19698.5	66.4733	19698.5	65.2933	19698.5	65.2932	19698.5	58.8461	19698.5	58.8458	19698.5	53.784	19698.5	53.7839	19698.5	54.8214	19698.5	54.8215	19698.5	57.3493	19698.5	57.3493	19698.5	41.8189	19698.5	41.8188	19698.5	29.1754	19698.5	29.1753	19698.5	33.4127	19698.5	33.4127	19698.5	35.9696	19698.5	35.9695	19698.5	42.3081	19698.5	42.3081	19698.5	30.4285	19698.5	30.4288	19698.5	22.2685	19698.5	22.2672	19698.5	39.0112	19698.5	39.011	19698.5	40.0814	19698.5	40.0814	19698.5	36.9892	19698.5	36.9895	19698.5	39.2675	19698.5	39.2671	19698.5	34.2357	19698.5	34.2351	19698.5	46.6211
19999.5	63.7783	19999.5	64.5674	19999.5	64.5673	19999.5	58.2396	19999.5	58.2393	19999.5	54.254	19999.5	54.2539	19999.5	54.1757	19999.5	54.1758	19999.5	57.4814	19999.5	57.4814	19999.5	48.5926	19999.5	48.5925	19999.5	36.4024	19999.5	36.4025	19999.5	37.3774	19999.5	37.3774	19999.5	38.0289	19999.5	38.0289	19999.5	41.6278	19999.5	41.6278	19999.5	19.8099	19999.5	19.8105	19999.5	35.4977	19999.5	35.4975	19999.5	38.4114	19999.5	38.4112	19999.5	41.2865	19999.5	41.2866	19999.5	40.1854	19999.5	40.1858	19999.5	39.7806	19999.5	39.7802	19999.5	34.3552	19999.5	34.3544	19999.5	46.4459
