"SPL Vertical"																																																																							
"On-Axis"		"10°"		"-10°"		"20°"		"-20°"		"30°"		"-30°"		"40°"		"-40°"		"50°"		"-50°"		"60°"		"-60°"		"70°"		"-70°"		"80°"		"-80°"		"90°"		"-90°"		"100°"		"-100°"		"110°"		"-110°"		"120°"		"-120°"		"130°"		"-130°"		"140°"		"-140°"		"150°"		"-150°"		"160°"		"-160°"		"170°"		"-170°"		"180°"	
"Frequency / Hz"	"Sound Pressure Level / dB (re 20 µPa/V)  [2.83  V @ 1. m]"	"Frequency / Hz"	"Sound Pressure Level / dB (re 20 µPa/V)  [2.83  V @ 1. m]"	"Frequency / Hz"	"Sound Pressure Level / dB (re 20 µPa/V)  [2.83  V @ 1. m]"	"Frequency / Hz"	"Sound Pressure Level / dB (re 20 µPa/V)  [2.83  V @ 1. m]"	"Frequency / Hz"	"Sound Pressure Level / dB (re 20 µPa/V)  [2.83  V @ 1. m]"	"Frequency / Hz"	"Sound Pressure Level / dB (re 20 µPa/V)  [2.83  V @ 1. m]"	"Frequency / Hz"	"Sound Pressure Level / dB (re 20 µPa/V)  [2.83  V @ 1. m]"	"Frequency / Hz"	"Sound Pressure Level / dB (re 20 µPa/V)  [2.83  V @ 1. m]"	"Frequency / Hz"	"Sound Pressure Level / dB (re 20 µPa/V)  [2.83  V @ 1. m]"	"Frequency / Hz"	"Sound Pressure Level / dB (re 20 µPa/V)  [2.83  V @ 1. m]"	"Frequency / Hz"	"Sound Pressure Level / dB (re 20 µPa/V)  [2.83  V @ 1. m]"	"Frequency / Hz"	"Sound Pressure Level / dB (re 20 µPa/V)  [2.83  V @ 1. m]"	"Frequency / Hz"	"Sound Pressure Level / dB (re 20 µPa/V)  [2.83  V @ 1. m]"	"Frequency / Hz"	"Sound Pressure Level / dB (re 20 µPa/V)  [2.83  V @ 1. m]"	"Frequency / Hz"	"Sound Pressure Level / dB (re 20 µPa/V)  [2.83  V @ 1. m]"	"Frequency / Hz"	"Sound Pressure Level / dB (re 20 µPa/V)  [2.83  V @ 1. m]"	"Frequency / Hz"	"Sound Pressure Level / dB (re 20 µPa/V)  [2.83  V @ 1. m]"	"Frequency / Hz"	"Sound Pressure Level / dB (re 20 µPa/V)  [2.83  V @ 1. m]"	"Frequency / Hz"	"Sound Pressure Level / dB (re 20 µPa/V)  [2.83  V @ 1. m]"	"Frequency / Hz"	"Sound Pressure Level / dB (re 20 µPa/V)  [2.83  V @ 1. m]"	"Frequency / Hz"	"Sound Pressure Level / dB (re 20 µPa/V)  [2.83  V @ 1. m]"	"Frequency / Hz"	"Sound Pressure Level / dB (re 20 µPa/V)  [2.83  V @ 1. m]"	"Frequency / Hz"	"Sound Pressure Level / dB (re 20 µPa/V)  [2.83  V @ 1. m]"	"Frequency / Hz"	"Sound Pressure Level / dB (re 20 µPa/V)  [2.83  V @ 1. m]"	"Frequency / Hz"	"Sound Pressure Level / dB (re 20 µPa/V)  [2.83  V @ 1. m]"	"Frequency / Hz"	"Sound Pressure Level / dB (re 20 µPa/V)  [2.83  V @ 1. m]"	"Frequency / Hz"	"Sound Pressure Level / dB (re 20 µPa/V)  [2.83  V @ 1. m]"	"Frequency / Hz"	"Sound Pressure Level / dB (re 20 µPa/V)  [2.83  V @ 1. m]"	"Frequency / Hz"	"Sound Pressure Level / dB (re 20 µPa/V)  [2.83  V @ 1. m]"	"Frequency / Hz"	"Sound Pressure Level / dB (re 20 µPa/V)  [2.83  V @ 1. m]"	"Frequency / Hz"	"Sound Pressure Level / dB (re 20 µPa/V)  [2.83  V @ 1. m]"	"Frequency / Hz"	"Sound Pressure Level / dB (re 20 µPa/V)  [2.83  V @ 1. m]"	"Frequency / Hz"	"Sound Pressure Level / dB (re 20 µPa/V)  [2.83  V @ 1. m]"	"Frequency / Hz"	"Sound Pressure Level / dB (re 20 µPa/V)  [2.83  V @ 1. m]"	"Frequency / Hz"	"Sound Pressure Level / dB (re 20 µPa/V)  [2.83  V @ 1. m]"	"Frequency / Hz"	"Sound Pressure Level / dB (re 20 µPa/V)  [2.83  V @ 1. m]"
20.5078	57.6854	20.5078	57.1519	20.5078	58.024	20.5078	56.4492	20.5078	58.1475	20.5078	55.6269	20.5078	58.0325	20.5078	54.7948	20.5078	57.6497	20.5078	54.1691	20.5078	56.9683	20.5078	54.0524	20.5078	55.9823	20.5078	54.6324	20.5078	54.8072	20.5078	55.7858	20.5078	53.9276	20.5078	57.2156	20.5078	54.2377	20.5078	58.6844	20.5078	55.9026	20.5078	60.0676	20.5078	58.0518	20.5078	61.3122	20.5078	60.0507	20.5078	62.397	20.5078	61.7067	20.5078	63.3118	20.5078	63.0002	20.5078	64.0481	20.5078	63.9547	20.5078	64.5958	20.5078	64.6001	20.5078	64.942	20.5078	64.964	20.5078	65.0709
21.9727	59.5829	21.9727	59.1666	21.9727	59.8753	21.9727	58.6815	21.9727	60.0093	21.9727	58.2183	21.9727	59.9624	21.9727	57.9134	21.9727	59.7236	21.9727	57.9245	21.9727	59.3058	21.9727	58.3548	21.9727	58.7808	21.9727	59.1785	21.9727	58.3444	21.9727	60.265	21.9727	58.3454	21.9727	61.4656	21.9727	59.0792	21.9727	62.6705	21.9727	60.4483	21.9727	63.8134	21.9727	62.0751	21.9727	64.8572	21.9727	63.651	21.9727	65.7801	21.9727	65.0254	21.9727	66.5666	21.9727	66.145	21.9727	67.2029	21.9727	66.999	21.9727	67.6746	21.9727	67.594	21.9727	67.9662	21.9727	67.9428	21.9727	68.0613
23.4375	61.4644	23.4375	61.2161	23.4375	61.6574	23.4375	60.9675	23.4375	61.758	23.4375	60.7929	23.4375	61.7457	23.4375	60.7772	23.4375	61.6194	23.4375	60.9934	23.4375	61.4086	23.4375	61.471	23.4375	61.1944	23.4375	62.1823	23.4375	61.129	23.4375	63.0586	23.4375	61.4057	23.4375	64.0214	23.4375	62.1386	23.4375	65.0036	23.4375	63.2538	23.4375	65.9562	23.4375	64.5505	23.4375	66.8447	23.4375	65.838	23.4375	67.6442	23.4375	66.9955	23.4375	68.335	23.4375	67.9623	23.4375	68.8995	23.4375	68.7136	23.4375	69.3207	23.4375	69.2439	23.4375	69.5817	23.4375	69.558	23.4375	69.666
24.9023	63.7513	24.9023	63.655	24.9023	63.847	24.9023	63.5971	24.9023	63.9143	24.9023	63.6228	24.9023	63.9399	24.9023	63.7747	24.9023	63.9301	24.9023	64.0816	24.9023	63.9171	24.9023	64.549	24.9023	63.9647	24.9023	65.1582	24.9023	64.1633	24.9023	65.8734	24.9023	64.5982	24.9023	66.6523	24.9023	65.3004	24.9023	67.4543	24.9023	66.219	24.9023	68.2448	24.9023	67.2483	24.9023	68.9953	24.9023	68.2776	24.9023	69.6817	24.9023	69.2218	24.9023	70.2833	24.9023	70.0267	24.9023	70.7808	24.9023	70.6622	24.9023	71.1561	24.9023	71.1152	24.9023	71.3919	24.9023	71.3835	24.9023	71.4723
26.3672	66.425	26.3672	66.3924	26.3672	66.4778	26.3672	66.4007	26.3672	66.536	26.3672	66.4729	26.3672	66.5936	26.3672	66.6303	26.3672	66.657	26.3672	66.8876	26.3672	66.7464	26.3672	67.2497	26.3672	66.8972	26.3672	67.7099	26.3672	67.1533	26.3672	68.2518	26.3672	67.5532	26.3672	68.8524	26.3672	68.1105	26.3672	69.4859	26.3672	68.8026	26.3672	70.1264	26.3672	69.576	26.3672	70.7491	26.3672	70.3643	26.3672	71.3311	26.3672	71.1055	26.3672	71.8508	26.3672	71.7515	26.3672	72.288	26.3672	72.2698	26.3672	72.6237	26.3672	72.6414	26.3672	72.8403	26.3672	72.8587	26.3672	72.9226
27.832	68.7524	27.832	68.7293	27.832	68.7989	27.832	68.7427	27.832	68.8597	27.832	68.8068	27.832	68.9311	27.832	68.9352	27.832	69.0173	27.832	69.1378	27.832	69.1311	27.832	69.4191	27.832	69.2938	27.832	69.777	27.832	69.5316	27.832	70.2031	27.832	69.8677	27.832	70.6832	27.832	70.3121	27.832	71.1996	27.832	70.8539	27.832	71.7322	27.832	71.4614	27.832	72.26	27.832	72.0896	27.832	72.7621	27.832	72.6909	27.832	73.2176	27.832	73.2235	27.832	73.6063	27.832	73.6556	27.832	73.9093	27.832	73.9665	27.832	74.1093	27.832	74.1458	27.832	74.1916
29.2969	70.4847	29.2969	70.4738	29.2969	70.5248	29.2969	70.4999	29.2969	70.5887	29.2969	70.5718	29.2969	70.6748	29.2969	70.6977	29.2969	70.7866	29.2969	70.8836	29.2969	70.9324	29.2969	71.1325	29.2969	71.1253	29.2969	71.4431	29.2969	71.3798	29.2969	71.8097	29.2969	71.7077	29.2969	72.2226	29.2969	72.1119	29.2969	72.6687	29.2969	72.5828	29.2969	73.1326	29.2969	73.0977	29.2969	73.5967	29.2969	73.6244	29.2969	74.0429	29.2969	74.1273	29.2969	74.4521	29.2969	74.5729	29.2969	74.8057	29.2969	74.9341	29.2969	75.0856	29.2969	75.1918	29.2969	75.2755	29.2969	75.3353	29.2969	75.3619
30.7617	72.3713	30.7617	72.357	30.7617	72.4148	30.7617	72.3766	30.7617	72.4843	30.7617	72.4351	30.7617	72.5787	30.7617	72.5374	30.7617	72.6996	30.7617	72.6874	30.7617	72.8514	30.7617	72.887	30.7617	73.0406	30.7617	73.1358	30.7617	73.2747	30.7617	73.4305	30.7617	73.5592	30.7617	73.7651	30.7617	73.8951	30.7617	74.1307	30.7617	74.2759	30.7617	74.5158	30.7617	74.6867	30.7617	74.9067	30.7617	75.1055	30.7617	75.2881	30.7617	75.5064	30.7617	75.6432	30.7617	75.8627	30.7617	75.9549	30.7617	76.1514	30.7617	76.2065	30.7617	76.3549	30.7617	76.3827	30.7617	76.4625	30.7617	76.4708
32.2266	73.8121	32.2266	73.7907	32.2266	73.8615	32.2266	73.8005	32.2266	73.937	32.2266	73.8446	32.2266	74.0375	32.2266	73.926	32.2266	74.1633	32.2266	74.0473	32.2266	74.3164	32.2266	74.2098	32.2266	74.4996	32.2266	74.4135	32.2266	74.7163	32.2266	74.6563	32.2266	74.9687	32.2266	74.9343	32.2266	75.2563	32.2266	75.2411	32.2266	75.5738	32.2266	75.568	32.2266	75.9108	32.2266	75.9041	32.2266	76.2513	32.2266	76.2362	32.2266	76.5754	32.2266	76.5499	32.2266	76.8623	32.2266	76.8296	32.2266	77.0926	32.2266	77.06	32.2266	77.2509	32.2266	77.2268	32.2266	77.3273	32.2266	77.3185
33.6914	75.0788	33.6914	75.0443	33.6914	75.1384	33.6914	75.037	33.6914	75.2209	33.6914	75.0597	33.6914	75.3251	33.6914	75.1146	33.6914	75.4505	33.6914	75.204	33.6914	75.5976	33.6914	75.329	33.6914	75.7674	33.6914	75.4901	33.6914	75.9612	33.6914	75.6863	33.6914	76.1798	33.6914	75.9149	33.6914	76.4222	33.6914	76.1713	33.6914	76.6844	33.6914	76.4489	33.6914	76.9587	33.6914	76.7387	33.6914	77.233	33.6914	77.0298	33.6914	77.4921	33.6914	77.3093	33.6914	77.7192	33.6914	77.5633	33.6914	77.898	33.6914	77.7775	33.6914	78.0153	33.6914	77.9387	33.6914	78.0624	33.6914	78.0361
35.1562	76.0255	35.1562	75.9851	35.1562	76.0896	35.1562	75.9702	35.1562	76.1756	35.1562	75.9827	35.1562	76.2822	35.1562	76.0243	35.1562	76.4083	35.1562	76.0964	35.1562	76.5533	35.1562	76.2	35.1562	76.7168	35.1562	76.3355	35.1562	76.8986	35.1562	76.5022	35.1562	77.0978	35.1562	76.6981	35.1562	77.3128	35.1562	76.9198	35.1562	77.5398	35.1562	77.162	35.1562	77.7724	35.1562	77.4174	35.1562	78.0013	35.1562	77.6767	35.1562	78.2145	35.1562	77.9287	35.1562	78.3983	35.1562	78.1609	35.1562	78.5395	35.1562	78.3604	35.1562	78.6269	35.1562	78.5151	35.1562	78.6528	35.1562	78.6148
36.6211	76.964	36.6211	76.9158	36.6211	77.0344	36.6211	76.8914	36.6211	77.1252	36.6211	76.8923	36.6211	77.2349	36.6211	76.9198	36.6211	77.362	36.6211	76.9751	36.6211	77.5049	36.6211	77.0589	36.6211	77.6623	36.6211	77.1714	36.6211	77.8329	36.6211	77.3122	36.6211	78.0151	36.6211	77.4799	36.6211	78.2066	36.6211	77.672	36.6211	78.4039	36.6211	77.8842	36.6211	78.6017	36.6211	78.1106	36.6211	78.7924	36.6211	78.3434	36.6211	78.9664	36.6211	78.5729	36.6211	79.1125	36.6211	78.7879	36.6211	79.2198	36.6211	78.9769	36.6211	79.279	36.6211	79.1284	36.6211	79.2841	36.6211	79.233
38.0859	77.7211	38.0859	77.6668	38.0859	77.7966	38.0859	77.6348	38.0859	77.8914	38.0859	77.6265	38.0859	78.0038	38.0859	77.6428	38.0859	78.1318	38.0859	77.6845	38.0859	78.2734	38.0859	77.7521	38.0859	78.4263	38.0859	77.8458	38.0859	78.5883	38.0859	77.9651	38.0859	78.757	38.0859	78.109	38.0859	78.9295	38.0859	78.2757	38.0859	79.1023	38.0859	78.4617	38.0859	79.2706	38.0859	78.6625	38.0859	79.4283	38.0859	78.8714	38.0859	79.5677	38.0859	79.0802	38.0859	79.6802	38.0859	79.2792	38.0859	79.7569	38.0859	79.4578	38.0859	79.7907	38.0859	79.6058	38.0859	79.7768	38.0859	79.7143
39.5508	78.4548	39.5508	78.3954	39.5508	78.5335	39.5508	78.3565	39.5508	78.6298	39.5508	78.3392	39.5508	78.7417	39.5508	78.3444	39.5508	78.8669	39.5508	78.3726	39.5508	79.0028	39.5508	78.4243	39.5508	79.1468	39.5508	78.4997	39.5508	79.2961	39.5508	78.5985	39.5508	79.448	39.5508	78.7202	39.5508	79.5996	39.5508	78.8633	39.5508	79.7477	39.5508	79.0255	39.5508	79.8886	39.5508	79.2028	39.5508	80.0174	39.5508	79.3899	39.5508	80.128	39.5508	79.5797	39.5508	80.2135	39.5508	79.7635	39.5508	80.2667	39.5508	79.9318	39.5508	80.2816	39.5508	80.075	39.5508	80.2544	39.5508	80.1846
41.0156	79.0639	41.0156	78.9983	41.0156	79.1473	41.0156	78.9521	41.0156	79.2468	41.0156	78.9261	41.0156	79.3602	41.0156	78.9212	41.0156	79.4848	41.0156	78.9378	41.0156	79.6177	41.0156	78.9763	41.0156	79.7558	41.0156	79.0368	41.0156	79.896	41.0156	79.1192	41.0156	80.0353	41.0156	79.2229	41.0156	80.1706	41.0156	79.347	41.0156	80.2989	41.0156	79.4895	41.0156	80.4169	41.0156	79.6474	41.0156	80.5206	41.0156	79.8162	41.0156	80.6054	41.0156	79.9899	41.0156	80.6657	41.0156	80.1609	41.0156	80.6962	41.0156	80.3207	41.0156	80.6921	41.0156	80.4606	41.0156	80.6509	41.0156	80.5727
42.4805	79.5987	42.4805	79.5286	42.4805	79.6857	42.4805	79.4769	42.4805	79.7878	42.4805	79.4446	42.4805	79.9024	42.4805	79.4324	42.4805	80.0267	42.4805	79.4406	42.4805	80.1575	42.4805	79.4694	42.4805	80.2912	42.4805	79.5189	42.4805	80.4245	42.4805	79.5889	42.4805	80.5539	42.4805	79.6789	42.4805	80.6764	42.4805	79.7882	42.4805	80.789	42.4805	79.9152	42.4805	80.8888	42.4805	80.0574	42.4805	80.9726	42.4805	80.2111	42.4805	81.0366	42.4805	80.3712	42.4805	81.0768	42.4805	80.5311	42.4805	81.0889	42.4805	80.6832	42.4805	81.0697	42.4805	80.8197	42.4805	81.0175	42.4805	80.933
43.9453	80.1476	43.9453	80.0737	43.9453	80.2377	43.9453	80.0176	43.9453	80.342	43.9453	79.9801	43.9453	80.4578	43.9453	79.9619	43.9453	80.5819	43.9453	79.9632	43.9453	80.7108	43.9453	79.9839	43.9453	80.8407	43.9453	80.024	43.9453	80.9679	43.9453	80.0832	43.9453	81.0887	43.9453	80.1611	43.9453	81.2001	43.9453	80.2569	43.9453	81.2991	43.9453	80.3696	43.9453	81.383	43.9453	80.4972	43.9453	81.4492	43.9453	80.6368	43.9453	81.4949	43.9453	80.784	43.9453	81.517	43.9453	80.9335	43.9453	81.5125	43.9453	81.0785	43.9453	81.4794	43.9453	81.2117	43.9453	81.4169	43.9453	81.3264
45.4102	80.6069	45.4102	80.5285	45.4102	80.7004	45.4102	80.4668	45.4102	80.8069	45.4102	80.4229	45.4102	80.9234	45.4102	80.3973	45.4102	81.0467	45.4102	80.3902	45.4102	81.1729	45.4102	80.4016	45.4102	81.2981	45.4102	80.4313	45.4102	81.4185	45.4102	80.479	45.4102	81.5304	45.4102	80.5444	45.4102	81.6305	45.4102	80.627	45.4102	81.7161	45.4102	80.726	45.4102	81.7848	45.4102	80.8399	45.4102	81.8343	45.4102	80.9666	45.4102	81.8626	45.4102	81.1025	45.4102	81.8674	45.4102	81.2429	45.4102	81.8469	45.4102	81.3821	45.4102	81.8001	45.4102	81.5133	45.4102	81.7272	45.4102	81.6303
46.875	81.021	46.875	80.9382	46.875	81.118	46.875	80.8712	46.875	81.2267	46.875	80.8213	46.875	81.3443	46.875	80.789	46.875	81.4672	46.875	80.7745	46.875	81.5916	46.875	80.7779	46.875	81.7135	46.875	80.7989	46.875	81.8288	46.875	80.8374	46.875	81.9338	46.875	80.893	46.875	82.0252	46.875	80.9654	46.875	82.1003	46.875	81.054	46.875	82.1568	46.875	81.1577	46.875	82.1928	46.875	81.2746	46.875	82.2066	46.875	81.402	46.875	82.1971	46.875	81.5358	46.875	82.1631	46.875	81.6707	46.875	82.1047	46.875	81.8009	46.875	82.0228	46.875	81.9201
48.3398	81.3822	48.3398	81.2961	48.3398	81.4817	48.3398	81.2253	48.3398	81.5924	48.3398	81.171	48.3398	81.711	48.3398	81.1338	48.3398	81.8339	48.3398	81.114	48.3398	81.9573	48.3398	81.1115	48.3398	82.0768	48.3398	81.1261	48.3398	82.1885	48.3398	81.1574	48.3398	82.2884	48.3398	81.2053	48.3398	82.3731	48.3398	81.2694	48.3398	82.4397	48.3398	81.3492	48.3398	82.4862	48.3398	81.4439	48.3398	82.5108	48.3398	81.5522	48.3398	82.5125	48.3398	81.6717	48.3398	82.4905	48.3398	81.7991	48.3398	82.4449	48.3398	81.9298	48.3398	82.3763	48.3398	82.0585	48.3398	82.2867	48.3398	82.1792
51.2695	82.1335	51.2695	82.0401	51.2695	82.2374	51.2695	81.9591	51.2695	82.3491	51.2695	81.8919	51.2695	82.4655	51.2695	81.8392	51.2695	82.5827	51.2695	81.8014	51.2695	82.6968	51.2695	81.7786	51.2695	82.8034	51.2695	81.7708	51.2695	82.8985	51.2695	81.7779	51.2695	82.9781	51.2695	81.7998	51.2695	83.0391	51.2695	81.8368	51.2695	83.0788	51.2695	81.889	51.2695	83.0955	51.2695	81.9565	51.2695	83.0884	51.2695	82.039	51.2695	83.0575	51.2695	82.1357	51.2695	83.0038	51.2695	82.2447	51.2695	82.929	51.2695	82.3629	51.2695	82.8359	51.2695	82.4862	51.2695	82.7279	51.2695	82.6097
52.7344	82.4743	52.7344	82.3772	52.7344	82.5802	52.7344	82.2912	52.7344	82.6922	52.7344	82.2175	52.7344	82.8071	52.7344	82.1573	52.7344	82.9209	52.7344	82.111	52.7344	83.0298	52.7344	82.0788	52.7344	83.1293	52.7344	82.0607	52.7344	83.2157	52.7344	82.0569	52.7344	83.285	52.7344	82.0673	52.7344	83.3342	52.7344	82.0924	52.7344	83.361	52.7344	82.1325	52.7344	83.3639	52.7344	82.188	52.7344	83.3423	52.7344	82.2592	52.7344	83.297	52.7344	82.3456	52.7344	83.2295	52.7344	82.4461	52.7344	83.1423	52.7344	82.5582	52.7344	83.0391	52.7344	82.6783	52.7344	82.924	52.7344	82.802
54.1992	82.726	54.1992	82.6286	54.1992	82.8328	54.1992	82.5428	54.1992	82.9462	54.1992	82.4702	54.1992	83.0627	54.1992	82.4117	54.1992	83.1784	54.1992	82.3677	54.1992	83.2891	54.1992	82.3382	54.1992	83.3904	54.1992	82.3231	54.1992	83.4784	54.1992	82.3221	54.1992	83.5492	54.1992	82.3353	54.1992	83.5996	54.1992	82.3625	54.1992	83.6273	54.1992	82.4042	54.1992	83.6305	54.1992	82.4605	54.1992	83.6089	54.1992	82.5316	54.1992	83.5632	54.1992	82.6172	54.1992	83.4951	54.1992	82.7164	54.1992	83.4074	54.1992	82.8269	54.1992	83.3039	54.1992	82.9454	54.1992	83.189	54.1992	83.0678
55.6641	82.9902	55.6641	82.8947	55.6641	83.0964	55.6641	82.8121	55.6641	83.2105	55.6641	82.7438	55.6641	83.3288	55.6641	82.6906	55.6641	83.4475	55.6641	82.6526	55.6641	83.5621	55.6641	82.6296	55.6641	83.6683	55.6641	82.6212	55.6641	83.7617	55.6641	82.6267	55.6641	83.8383	55.6641	82.6457	55.6641	83.8947	55.6641	82.6781	55.6641	83.9281	55.6641	82.7237	55.6641	83.9367	55.6641	82.7829	55.6641	83.9197	55.6641	82.8557	55.6641	83.8777	55.6641	82.9421	55.6641	83.8124	55.6641	83.0411	55.6641	83.7267	55.6641	83.151	55.6641	83.6246	55.6641	83.2688	55.6641	83.5107	55.6641	83.3904
58.5938	83.421	58.5938	83.3198	58.5938	83.5313	58.5938	83.2303	58.5938	83.6478	58.5938	83.1541	58.5938	83.7668	58.5938	83.0925	58.5938	83.8843	58.5938	83.0457	58.5938	83.9961	58.5938	83.014	58.5938	84.098	58.5938	82.997	58.5938	84.1856	58.5938	82.9942	58.5938	84.2552	58.5938	83.0053	58.5938	84.3034	58.5938	83.03	58.5938	84.3276	58.5938	83.0684	58.5938	84.3261	58.5938	83.1206	58.5938	84.2983	58.5938	83.1872	58.5938	84.2451	58.5938	83.2681	58.5938	84.1685	58.5938	83.3631	58.5938	84.072	58.5938	83.4707	58.5938	83.9603	58.5938	83.5886	58.5938	83.8386	58.5938	83.7129
60.0586	83.6074	60.0586	83.5019	60.0586	83.719	60.0586	83.405	60.0586	83.8336	60.0586	83.3184	60.0586	83.9476	60.0586	83.2436	60.0586	84.0571	60.0586	83.1812	60.0586	84.1581	60.0586	83.1316	60.0586	84.2466	60.0586	83.0948	60.0586	84.3186	60.0586	83.0707	60.0586	84.3707	60.0586	83.0595	60.0586	84.3999	60.0586	83.0615	60.0586	84.4038	60.0586	83.0773	60.0586	84.381	60.0586	83.1079	60.0586	84.3314	60.0586	83.1547	60.0586	84.256	60.0586	83.2187	60.0586	84.1577	60.0586	83.3006	60.0586	84.041	60.0586	83.3999	60.0586	83.9117	60.0586	83.5149	60.0586	83.7765	60.0586	83.6421
62.9883	84.0397	62.9883	83.9316	62.9883	84.1528	62.9883	83.8313	62.9883	84.2677	62.9883	83.7406	62.9883	84.3804	62.9883	83.6609	62.9883	84.4868	62.9883	83.5927	62.9883	84.5825	62.9883	83.5363	62.9883	84.6632	62.9883	83.4913	62.9883	84.7247	62.9883	83.4576	62.9883	84.7636	62.9883	83.4349	62.9883	84.7768	62.9883	83.4237	62.9883	84.7625	62.9883	83.4245	62.9883	84.7197	62.9883	83.4387	62.9883	84.6492	62.9883	83.4681	62.9883	84.5534	62.9883	83.5145	62.9883	84.4365	62.9883	83.5798	62.9883	84.3045	62.9883	83.6648	62.9883	84.1645	62.9883	83.769	62.9883	84.024	62.9883	83.8902
64.4531	84.2142	64.4531	84.1061	64.4531	84.3276	64.4531	84.0062	64.4531	84.4431	64.4531	83.9162	64.4531	84.5569	64.4531	83.8374	64.4531	84.6646	64.4531	83.7703	64.4531	84.762	64.4531	83.715	64.4531	84.8447	64.4531	83.6712	64.4531	84.9085	64.4531	83.6387	64.4531	84.9497	64.4531	83.6173	64.4531	84.9654	64.4531	83.6073	64.4531	84.9535	64.4531	83.6093	64.4531	84.9129	64.4531	83.6246	64.4531	84.8443	64.4531	83.6551	64.4531	84.7498	64.4531	83.7028	64.4531	84.6337	64.4531	83.7693	64.4531	84.5017	64.4531	83.8558	64.4531	84.3611	64.4531	83.9615	64.4531	84.2195	64.4531	84.0842
67.3828	84.5132	67.3828	84.3997	67.3828	84.6315	67.3828	84.2938	67.3828	84.7508	67.3828	84.1978	67.3828	84.8672	67.3828	84.1131	67.3828	84.976	67.3828	84.0405	67.3828	85.073	67.3828	83.9799	67.3828	85.1536	67.3828	83.9313	67.3828	85.2138	67.3828	83.8941	67.3828	85.2501	67.3828	83.8681	67.3828	85.2595	67.3828	83.8534	67.3828	85.24	67.3828	83.8506	67.3828	85.1907	67.3828	83.861	67.3828	85.1123	67.3828	83.8865	67.3828	85.0075	67.3828	83.9293	67.3828	84.881	67.3828	83.9917	67.3828	84.7393	67.3828	84.0752	67.3828	84.5903	67.3828	84.1798	67.3828	84.4425	67.3828	84.3036
68.8477	84.6225	68.8477	84.5062	68.8477	84.7429	68.8477	84.3973	68.8477	84.8637	68.8477	84.2979	68.8477	84.9809	68.8477	84.2098	68.8477	85.09	68.8477	84.1338	68.8477	85.1865	68.8477	84.07	68.8477	85.2663	68.8477	84.0183	68.8477	85.3253	68.8477	83.9784	68.8477	85.3601	68.8477	83.9499	68.8477	85.3676	68.8477	83.9329	68.8477	85.3458	68.8477	83.9281	68.8477	85.2937	68.8477	83.9367	68.8477	85.212	68.8477	83.9607	68.8477	85.1034	68.8477	84.0025	68.8477	84.9726	68.8477	84.0644	68.8477	84.8265	68.8477	84.148	68.8477	84.6733	68.8477	84.2537	68.8477	84.5216	68.8477	84.3796
71.7773	84.8273	71.7773	84.7093	71.7773	84.9482	71.7773	84.5974	71.7773	85.0683	71.7773	84.4943	71.7773	85.1835	71.7773	84.4017	71.7773	85.2894	71.7773	84.3205	71.7773	85.3819	71.7773	84.2513	71.7773	85.4569	71.7773	84.1938	71.7773	85.5108	71.7773	84.1479	71.7773	85.5401	71.7773	84.1133	71.7773	85.5421	71.7773	84.09	71.7773	85.5147	71.7773	84.0789	71.7773	85.4568	71.7773	84.0814	71.7773	85.369	71.7773	84.0995	71.7773	85.254	71.7773	84.1361	71.7773	85.1166	71.7773	84.1936	71.7773	84.9642	71.7773	84.2743	71.7773	84.8055	71.7773	84.3786	71.7773	84.6496	71.7773	84.5051
74.707	85.0551	74.707	84.9363	74.707	85.1756	74.707	84.8226	74.707	85.2941	74.707	84.7166	74.707	85.4064	74.707	84.6203	74.707	85.5084	74.707	84.5349	74.707	85.5959	74.707	84.461	74.707	85.6654	74.707	84.3985	74.707	85.7131	74.707	84.3473	74.707	85.7362	74.707	84.3072	74.707	85.732	74.707	84.2785	74.707	85.6985	74.707	84.2619	74.707	85.6349	74.707	84.2589	74.707	85.5417	74.707	84.2719	74.707	85.4218	74.707	84.3035	74.707	85.2801	74.707	84.3567	74.707	85.1241	74.707	84.4337	74.707	84.9627	74.707	84.5356	74.707	84.8054	74.707	84.6608
77.6367	85.2751	77.6367	85.1526	77.6367	85.3978	77.6367	85.0341	77.6367	85.517	77.6367	84.9222	77.6367	85.6284	77.6367	84.8193	77.6367	85.7279	77.6367	84.7268	77.6367	85.8116	77.6367	84.6452	77.6367	85.8758	77.6367	84.5748	77.6367	85.9173	77.6367	84.5155	77.6367	85.9332	77.6367	84.4673	77.6367	85.921	77.6367	84.4305	77.6367	85.8789	77.6367	84.4059	77.6367	85.8061	77.6367	84.3953	77.6367	85.7033	77.6367	84.4011	77.6367	85.5734	77.6367	84.4265	77.6367	85.422	77.6367	84.4747	77.6367	85.2568	77.6367	84.5486	77.6367	85.0875	77.6367	84.6493	77.6367	84.9241	77.6367	84.7758
79.1016	85.3467	79.1016	85.2225	79.1016	85.4708	79.1016	85.1019	79.1016	85.5909	79.1016	84.9881	79.1016	85.7028	79.1016	84.8832	79.1016	85.8022	79.1016	84.7888	79.1016	85.8854	79.1016	84.7056	79.1016	85.9489	79.1016	84.634	79.1016	85.9894	79.1016	84.5738	79.1016	86.0043	79.1016	84.525	79.1016	85.9911	79.1016	84.4877	79.1016	85.948	79.1016	84.4629	79.1016	85.8742	79.1016	84.4521	79.1016	85.7702	79.1016	84.4579	79.1016	85.639	79.1016	84.4833	79.1016	85.486	79.1016	84.5317	79.1016	85.3193	79.1016	84.6058	79.1016	85.1485	79.1016	84.707	79.1016	84.9838	79.1016	84.8343
82.0312	85.4169	82.0312	85.2901	82.0312	85.542	82.0312	85.1656	82.0312	85.6613	82.0312	85.0466	82.0312	85.7707	82.0312	84.9359	82.0312	85.8661	82.0312	84.8353	82.0312	85.9439	82.0312	84.7459	82.0312	86.0011	82.0312	84.6684	82.0312	86.0349	82.0312	84.6027	82.0312	86.0429	82.0312	84.5489	82.0312	86.0233	82.0312	84.5075	82.0312	85.9744	82.0312	84.4793	82.0312	85.8956	82.0312	84.4658	82.0312	85.7876	82.0312	84.4695	82.0312	85.6531	82.0312	84.4933	82.0312	85.4976	82.0312	84.5405	82.0312	85.329	82.0312	84.6138	82.0312	85.1569	82.0312	84.7145	82.0312	84.9914	82.0312	84.8417
84.9609	85.6153	84.9609	85.4871	84.9609	85.7385	84.9609	85.3576	84.9609	85.8526	84.9609	85.2301	84.9609	85.9536	84.9609	85.1073	84.9609	86.0375	84.9609	84.9912	84.9609	86.1011	84.9609	84.8832	84.9609	86.1412	84.9609	84.784	84.9609	86.1553	84.9609	84.6941	84.9609	86.1413	84.9609	84.6143	84.9609	86.0973	84.9609	84.5454	84.9609	86.0221	84.9609	84.489	84.9609	85.9158	84.9609	84.4478	84.9609	85.7797	84.9609	84.425	84.9609	85.6178	84.9609	84.4249	84.9609	85.4369	84.9609	84.452	84.9609	85.2462	84.9609	84.51	84.9609	85.0569	84.9609	84.6014	84.9609	84.8802	84.9609	84.726
87.8906	85.3793	87.8906	85.2533	87.8906	85.5095	87.8906	85.1353	87.8906	85.6394	87.8906	85.0289	87.8906	85.7649	87.8906	84.9366	87.8906	85.882	87.8906	84.8603	87.8906	85.9874	87.8906	84.8004	87.8906	86.078	87.8906	84.7571	87.8906	86.151	87.8906	84.7294	87.8906	86.2035	87.8906	84.7166	87.8906	86.2324	87.8906	84.7177	87.8906	86.2343	87.8906	84.7325	87.8906	86.2061	87.8906	84.7614	87.8906	86.1458	87.8906	84.8056	87.8906	86.0536	87.8906	84.8671	87.8906	85.9326	87.8906	84.948	87.8906	85.789	87.8906	85.0498	87.8906	85.6315	87.8906	85.1727	87.8906	85.4701	87.8906	85.3145
90.8203	85.882	90.8203	85.7443	90.8203	86.0096	90.8203	85.6008	90.8203	86.1223	90.8203	85.456	90.8203	86.2162	90.8203	85.3137	90.8203	86.2877	90.8203	85.1772	90.8203	86.3342	90.8203	85.049	90.8203	86.3541	90.8203	84.931	90.8203	86.3466	90.8203	84.825	90.8203	86.3117	90.8203	84.7325	90.8203	86.2498	90.8203	84.6552	90.8203	86.1617	90.8203	84.5953	90.8203	86.0483	90.8203	84.5555	90.8203	85.9114	90.8203	84.5386	90.8203	85.7541	90.8203	84.5481	90.8203	85.581	90.8203	84.5868	90.8203	85.3992	90.8203	84.6566	90.8203	85.2171	90.8203	84.7579	90.8203	85.044	90.8203	84.8885
95.2148	85.7127	95.2148	85.573	95.2148	85.8463	95.2148	85.432	95.2148	85.9689	95.2148	85.2941	95.2148	86.076	95.2148	85.163	95.2148	86.1635	95.2148	85.0416	95.2148	86.2284	95.2148	84.9319	95.2148	86.2684	95.2148	84.8349	95.2148	86.2822	95.2148	84.7513	95.2148	86.2691	95.2148	84.6815	95.2148	86.2286	95.2148	84.6261	95.2148	86.1604	95.2148	84.586	95.2148	86.0646	95.2148	84.5631	95.2148	85.9421	95.2148	84.56	95.2148	85.7953	95.2148	84.5798	95.2148	85.6291	95.2148	84.6257	95.2148	85.4508	95.2148	84.7006	95.2148	85.2696	95.2148	84.8053	95.2148	85.0957	95.2148	84.9385
98.1445	85.6832	98.1445	85.5413	98.1445	85.8189	98.1445	85.3983	98.1445	85.9435	98.1445	85.2589	98.1445	86.0522	98.1445	85.1271	98.1445	86.1413	98.1445	85.0063	98.1445	86.2076	98.1445	84.8986	98.1445	86.249	98.1445	84.8055	98.1445	86.2643	98.1445	84.7276	98.1445	86.2528	98.1445	84.6654	98.1445	86.2141	98.1445	84.6191	98.1445	86.1481	98.1445	84.5892	98.1445	86.0551	98.1445	84.577	98.1445	85.9364	98.1445	84.584	98.1445	85.795	98.1445	84.6125	98.1445	85.6357	98.1445	84.6648	98.1445	85.4656	98.1445	84.7429	98.1445	85.2932	98.1445	84.8474	98.1445	85.1276	98.1445	84.9769
101.074	85.6944	101.074	85.5509	101.074	85.8285	101.074	85.4032	101.074	85.9481	101.074	85.2564	101.074	86.049	101.074	85.1153	101.074	86.1277	101.074	84.9838	101.074	86.1822	101.074	84.8651	101.074	86.2116	101.074	84.7612	101.074	86.2159	101.074	84.674	101.074	86.1957	101.074	84.6044	101.074	86.1515	101.074	84.5534	101.074	86.0837	101.074	84.5221	101.074	85.9925	101.074	84.5116	101.074	85.8787	101.074	84.5233	101.074	85.7441	101.074	84.5588	101.074	85.5925	101.074	84.6192	101.074	85.4296	101.074	84.7051	101.074	85.2627	101.074	84.8157	101.074	85.0999	101.074	84.9488
105.469	85.8599	105.469	85.7132	105.469	85.9925	105.469	85.5581	105.469	86.1058	105.469	85.4003	105.469	86.1952	105.469	85.2451	105.469	86.2573	105.469	85.0969	105.469	86.2904	105.469	84.9592	105.469	86.2941	105.469	84.8347	105.469	86.2694	105.469	84.7254	105.469	86.2179	105.469	84.6329	105.469	86.1419	105.469	84.5585	105.469	86.0433	105.469	84.504	105.469	85.924	105.469	84.471	105.469	85.7859	105.469	84.4616	105.469	85.6318	105.469	84.4778	105.469	85.4661	105.469	84.5212	105.469	85.2945	105.469	84.5927	105.469	85.1241	105.469	84.6918	105.469	84.9624	105.469	84.8164
108.398	85.9146	108.398	85.7629	108.398	86.0523	108.398	85.6034	108.398	86.1699	108.398	85.4423	108.398	86.2627	108.398	85.2854	108.398	86.327	108.398	85.1375	108.398	86.3606	108.398	85.0023	108.398	86.3632	108.398	84.8826	108.398	86.3359	108.398	84.7799	108.398	86.2808	108.398	84.6952	108.398	86.2005	108.398	84.6292	108.398	86.0976	108.398	84.5826	108.398	85.9746	108.398	84.5561	108.398	85.834	108.398	84.551	108.398	85.6793	108.398	84.5689	108.398	85.5149	108.398	84.6111	108.398	85.3469	108.398	84.6786	108.398	85.1819	108.398	84.7716	108.398	85.0272	108.398	84.8888
112.793	86.1083	112.793	85.9476	112.793	86.2509	112.793	85.7753	112.793	86.3697	112.793	85.5977	112.793	86.46	112.793	85.4211	112.793	86.5184	112.793	85.2512	112.793	86.5432	112.793	85.0929	112.793	86.5344	112.793	84.9501	112.793	86.4935	112.793	84.8259	112.793	86.4233	112.793	84.7228	112.793	86.3273	112.793	84.6425	112.793	86.209	112.793	84.5865	112.793	86.0719	112.793	84.5561	112.793	85.9192	112.793	84.5523	112.793	85.7548	112.793	84.5756	112.793	85.5831	112.793	84.6263	112.793	85.4093	112.793	84.7038	112.793	85.2391	112.793	84.8068	112.793	85.0785	112.793	84.9329
117.188	86.22	117.188	86.0555	117.188	86.3644	117.188	85.8774	117.188	86.4828	117.188	85.6922	117.188	86.57	117.188	85.506	117.188	86.6223	117.188	85.3242	117.188	86.6373	117.188	85.1517	117.188	86.6144	117.188	84.9921	117.188	86.5543	117.188	84.8485	117.188	86.4595	117.188	84.7235	117.188	86.3334	117.188	84.6193	117.188	86.1802	117.188	84.5379	117.188	86.0052	117.188	84.4814	117.188	85.8144	117.188	84.4516	117.188	85.6147	117.188	84.45	117.188	85.4138	117.188	84.4776	117.188	85.2191	117.188	84.5347	117.188	85.0377	117.188	84.6209	117.188	84.8749	117.188	84.7349
120.117	86.2029	120.117	86.0417	120.117	86.3442	120.117	85.8669	120.117	86.46	120.117	85.685	120.117	86.5455	120.117	85.5023	120.117	86.5975	120.117	85.3241	120.117	86.6145	120.117	85.1551	120.117	86.5961	120.117	84.999	120.117	86.5436	120.117	84.8584	120.117	86.4588	120.117	84.7356	120.117	86.3443	120.117	84.6326	120.117	86.2025	120.117	84.5512	120.117	86.0367	120.117	84.4932	120.117	85.851	120.117	84.4609	120.117	85.6515	120.117	84.456	120.117	85.4459	120.117	84.4803	120.117	85.2435	120.117	84.5351	120.117	85.053	120.117	84.6208	120.117	84.8824	120.117	84.7371
124.512	86.2699	124.512	86.1085	124.512	86.4119	124.512	85.9342	124.512	86.5288	124.512	85.7539	124.512	86.6157	124.512	85.5743	124.512	86.6698	124.512	85.4015	124.512	86.6895	124.512	85.2403	124.512	86.6752	124.512	85.0946	124.512	86.6284	124.512	84.9671	124.512	86.5514	124.512	84.8596	124.512	86.4468	124.512	84.7731	124.512	86.3171	124.512	84.7087	124.512	86.1648	124.512	84.6671	124.512	85.9936	124.512	84.6492	124.512	85.8084	124.512	84.6559	124.512	85.6165	124.512	84.6881	124.512	85.4263	124.512	84.7468	124.512	85.2464	124.512	84.8326	124.512	85.0845	124.512	84.9455
128.906	86.1001	128.906	85.9317	128.906	86.2483	128.906	85.7503	128.906	86.37	128.906	85.5635	128.906	86.4605	128.906	85.3787	128.906	86.5167	128.906	85.2027	128.906	86.5379	128.906	85.0412	128.906	86.5251	128.906	84.8988	128.906	86.4812	128.906	84.7785	128.906	86.4101	128.906	84.6821	128.906	86.3154	128.906	84.6107	128.906	86.2002	128.906	84.5645	128.906	86.0666	128.906	84.5433	128.906	85.9167	128.906	84.547	128.906	85.7531	128.906	84.5753	128.906	85.5803	128.906	84.6279	128.906	85.4045	128.906	84.7048	128.906	85.2329	128.906	84.8054	128.906	85.0724	128.906	84.9286
133.301	86.0659	133.301	85.8848	133.301	86.2235	133.301	85.6884	133.301	86.3509	133.301	85.4852	133.301	86.4429	133.301	85.2837	133.301	86.4965	133.301	85.0919	133.301	86.5112	133.301	84.9169	133.301	86.4889	133.301	84.7642	133.301	86.4335	133.301	84.6379	133.301	86.3503	133.301	84.5404	133.301	86.2446	133.301	84.473	133.301	86.1214	133.301	84.4357	133.301	85.9838	133.301	84.4276	133.301	85.8347	133.301	84.4471	133.301	85.6765	133.301	84.4923	133.301	85.5125	133.301	84.5612	133.301	85.347	133.301	84.6515	133.301	85.1848	133.301	84.7612	133.301	85.0306	133.301	84.8884
139.16	86.1057	139.16	85.9085	139.16	86.2733	139.16	85.6903	139.16	86.4043	139.16	85.4608	139.16	86.4936	139.16	85.23	139.16	86.5385	139.16	85.0076	139.16	86.5388	139.16	84.8022	139.16	86.4971	139.16	84.6213	139.16	86.4176	139.16	84.4703	139.16	86.3061	139.16	84.353	139.16	86.169	139.16	84.271	139.16	86.0121	139.16	84.2242	139.16	85.841	139.16	84.2112	139.16	85.6608	139.16	84.2291	139.16	85.4768	139.16	84.2745	139.16	85.2943	139.16	84.3437	139.16	85.1184	139.16	84.4332	139.16	84.9532	139.16	84.5403	139.16	84.801	139.16	84.6632
143.555	86.0977	143.555	85.9034	143.555	86.2601	143.555	85.6853	143.555	86.3845	143.555	85.4524	143.555	86.4669	143.555	85.2144	143.555	86.5056	143.555	84.9812	143.555	86.5016	143.555	84.7622	143.555	86.4581	143.555	84.5657	143.555	86.38	143.555	84.3985	143.555	86.2733	143.555	84.2659	143.555	86.1435	143.555	84.1711	143.555	85.9949	143.555	84.115	143.555	85.8308	143.555	84.0968	143.555	85.6541	143.555	84.1138	143.555	85.4684	143.555	84.162	143.555	85.2786	143.555	84.2373	143.555	85.0906	143.555	84.3355	143.555	84.9104	143.555	84.4537	143.555	84.7425	143.555	84.5897
147.949	86.0705	147.949	85.874	147.949	86.2327	147.949	85.6509	147.949	86.3544	147.949	85.4104	147.949	86.4318	147.949	85.1624	147.949	86.4636	147.949	84.9168	147.949	86.4512	147.949	84.6836	147.949	86.3985	147.949	84.4716	147.949	86.3118	147.949	84.289	147.949	86.1981	147.949	84.1422	147.949	86.0644	147.949	84.036	147.949	85.9159	147.949	83.973	147.949	85.7561	147.949	83.9533	147.949	85.5868	147.949	83.9748	147.949	85.4099	147.949	84.0332	147.949	85.2278	147.949	84.1229	147.949	85.0442	147.949	84.2381	147.949	84.8633	147.949	84.3735	147.949	84.6891	147.949	84.5249
153.809	85.9215	153.809	85.7208	153.809	86.085	153.809	85.4911	153.809	86.2047	153.809	85.242	153.809	86.2764	153.809	84.9837	153.809	86.2986	153.809	84.7265	153.809	86.2729	153.809	84.4807	153.809	86.2036	153.809	84.2554	153.809	86.098	153.809	84.059	153.809	85.9644	153.809	83.8986	153.809	85.8115	153.809	83.7796	153.809	85.6466	153.809	83.7059	153.809	85.4747	153.809	83.6784	153.809	85.2987	153.809	83.6959	153.809	85.1206	153.809	83.754	153.809	84.942	153.809	83.8466	153.809	84.7647	153.809	83.9662	153.809	84.5905	153.809	84.1055	153.809	84.4212	153.809	84.2586
159.668	86.0994	159.668	85.8781	159.668	86.2791	159.668	85.6241	159.668	86.4097	159.668	85.3483	159.668	86.4868	159.668	85.0625	159.668	86.5086	159.668	84.779	159.668	86.4766	159.668	84.5099	159.668	86.3961	159.668	84.2663	159.668	86.2754	159.668	84.058	159.668	86.1252	159.668	83.8926	159.668	85.9566	159.668	83.7754	159.668	85.7794	159.668	83.7089	159.668	85.6001	159.668	83.6929	159.668	85.4218	159.668	83.7244	159.668	85.2448	159.668	83.798	159.668	85.068	159.668	83.9063	159.668	84.8906	159.668	84.0414	159.668	84.7127	159.668	84.1955	159.668	84.5357	159.668	84.3621
165.527	86.3382	165.527	86.1411	165.527	86.4931	165.527	85.9098	165.527	86.5995	165.527	85.6539	165.527	86.6535	165.527	85.3836	165.527	86.6539	165.527	85.1102	165.527	86.6028	165.527	84.8446	165.527	86.5058	165.527	84.598	165.527	86.3713	165.527	84.3808	165.527	86.2102	165.527	84.2026	165.527	86.034	165.527	84.0709	165.527	85.8533	165.527	83.9911	165.527	85.6764	165.527	83.9648	165.527	85.508	165.527	83.9899	165.527	85.3493	165.527	84.0606	165.527	85.1985	165.527	84.1678	165.527	85.0519	165.527	84.3009	165.527	84.9053	165.527	84.4489	165.527	84.7558	165.527	84.6026
171.387	86.1953	171.387	85.9812	171.387	86.3621	171.387	85.7295	171.387	86.4741	171.387	85.4515	171.387	86.5263	171.387	85.1599	171.387	86.5173	171.387	84.8676	171.387	86.4488	171.387	84.5879	171.387	86.3269	171.387	84.3334	171.387	86.1614	171.387	84.1158	171.387	85.9656	171.387	83.9447	171.387	85.7548	171.387	83.8274	171.387	85.5444	171.387	83.7676	171.387	85.3477	171.387	83.7648	171.387	85.1737	171.387	83.8141	171.387	85.0254	171.387	83.9061	171.387	84.8999	171.387	84.0284	171.387	84.789	171.387	84.1673	171.387	84.6821	171.387	84.3097	171.387	84.5696	171.387	84.4456
177.246	86.1807	177.246	85.9651	177.246	86.3441	177.246	85.7054	177.246	86.4492	177.246	85.4121	177.246	86.4924	177.246	85.0974	177.246	86.4729	177.246	84.775	177.246	86.3929	177.246	84.46	177.246	86.258	177.246	84.1682	177.246	86.0768	177.246	83.9152	177.246	85.8607	177.246	83.7153	177.246	85.6237	177.246	83.5788	177.246	85.3808	177.246	83.5111	177.246	85.147	177.246	83.5103	177.246	84.9358	177.246	83.5681	177.246	84.7563	177.246	83.6701	177.246	84.6108	177.246	83.799	177.246	84.4941	177.246	83.9376	177.246	84.3945	177.246	84.0716	177.246	84.2977	177.246	84.1921
183.105	86.0924	183.105	85.8766	183.105	86.2571	183.105	85.618	183.105	86.3644	183.105	85.3262	183.105	86.4102	183.105	85.012	183.105	86.3933	183.105	84.6876	183.105	86.3154	183.105	84.3662	183.105	86.1823	183.105	84.0625	183.105	86.003	183.105	83.7919	183.105	85.7897	183.105	83.5701	183.105	85.5566	183.105	83.4107	183.105	85.3185	183.105	83.3228	183.105	85.0894	183.105	83.3085	183.105	84.8811	183.105	83.3616	183.105	84.7009	183.105	83.4682	183.105	84.5499	183.105	83.6096	183.105	84.4224	183.105	83.7662	183.105	84.3071	183.105	83.9213	183.105	84.1911	183.105	84.064
188.965	86.1069	188.965	85.8745	188.965	86.279	188.965	85.5905	188.965	86.3842	188.965	85.265	188.965	86.4179	188.965	84.9094	188.965	86.3785	188.965	84.5367	188.965	86.2679	188.965	84.1618	188.965	86.0918	188.965	83.8018	188.965	85.8605	188.965	83.4762	188.965	85.5883	188.965	83.206	188.965	85.294	188.965	83.0109	188.965	84.9992	188.965	82.9052	188.965	84.7262	188.965	82.8937	188.965	84.4946	188.965	82.9683	188.965	84.3153	188.965	83.1093	188.965	84.1868	188.965	83.29	188.965	84.0945	188.965	83.4818	188.965	84.0157	188.965	83.6607	188.965	83.9268	188.965	83.8107
196.289	86.5126	196.289	86.2986	196.289	86.6678	196.289	86.0325	196.289	86.7588	196.289	85.722	196.289	86.7819	196.289	85.3753	196.289	86.7358	196.289	85.0013	196.289	86.6212	196.289	84.6098	196.289	86.4416	196.289	84.2131	196.289	86.2021	196.289	83.8266	196.289	85.9103	196.289	83.4698	196.289	85.5763	196.289	83.1655	196.289	85.2143	196.289	82.9364	196.289	84.8444	196.289	82.8	196.289	84.4921	196.289	82.762	196.289	84.1841	196.289	82.8127	196.289	83.9389	196.289	82.9286	196.289	83.757	196.289	83.0792	196.289	83.6208	196.289	83.2355	196.289	83.5027	196.289	83.3782
203.613	86.3871	203.613	86.1601	203.613	86.5567	203.613	85.8848	203.613	86.6616	203.613	85.5714	203.613	86.6969	203.613	85.2303	203.613	86.6606	203.613	84.8721	203.613	86.5544	203.613	84.5071	203.613	86.3833	203.613	84.1462	203.613	86.1549	203.613	83.8018	203.613	85.8791	203.613	83.4883	203.613	85.5666	203.613	83.2221	203.613	85.2297	203.613	83.0196	203.613	84.8832	203.613	82.8938	203.613	84.5463	203.613	82.8498	203.613	84.2405	203.613	82.8815	203.613	83.9836	203.613	82.9718	203.613	83.7817	203.613	83.0971	203.613	83.6253	203.613	83.2341	203.613	83.494	203.613	83.3673
210.938	86.5328	210.938	86.3101	210.938	86.691	210.938	86.0308	210.938	86.7783	210.938	85.7039	210.938	86.7907	210.938	85.3387	210.938	86.7269	210.938	84.9454	210.938	86.5889	210.938	84.5348	210.938	86.3821	210.938	84.1198	210.938	86.1148	210.938	83.716	210.938	85.7977	210.938	83.3428	210.938	85.4431	210.938	83.0226	210.938	85.0647	210.938	82.778	210.938	84.6793	210.938	82.626	210.938	84.3081	210.938	82.5721	210.938	83.9754	210.938	82.6064	210.938	83.7019	210.938	82.7051	210.938	83.495	210.938	82.8379	210.938	83.3434	210.938	82.9769	210.938	83.2223	210.938	83.1053
218.262	86.4389	218.262	86.2277	218.262	86.5958	218.262	85.9706	218.262	86.6912	218.262	85.6765	218.262	86.7199	218.262	85.3535	218.262	86.6797	218.262	85.0095	218.262	86.572	218.262	84.6521	218.262	86.4015	218.262	84.2897	218.262	86.1758	218.262	83.9335	218.262	85.904	218.262	83.5981	218.262	85.5957	218.262	83.302	218.262	85.2609	218.262	83.0654	218.262	84.9117	218.262	82.9057	218.262	84.5642	218.262	82.8318	218.262	84.2391	218.262	82.8393	218.262	83.9564	218.262	82.911	218.262	83.728	218.262	83.0223	218.262	83.5503	218.262	83.1494	218.262	83.407	218.262	83.2778
225.586	86.3299	225.586	86.0953	225.586	86.502	225.586	85.8097	225.586	86.6023	225.586	85.4859	225.586	86.6255	225.586	85.1366	225.586	86.5704	225.586	84.7741	225.586	86.441	225.586	84.4093	225.586	86.2464	225.586	84.0535	225.586	86.0001	225.586	83.7187	225.586	85.7177	225.586	83.4197	225.586	85.4148	225.586	83.1734	225.586	85.1057	225.586	82.9974	225.586	84.8029	225.586	82.9048	225.586	84.52	225.586	82.8992	225.586	84.2705	225.586	82.9707	225.586	84.0651	225.586	83.0975	225.586	83.9049	225.586	83.2514	225.586	83.7785	225.586	83.4061	225.586	83.6653	225.586	83.5449
232.91	86.4552	232.91	86.2043	232.91	86.6344	232.91	85.894	232.91	86.7321	232.91	85.5378	232.91	86.7416	232.91	85.1496	232.91	86.6606	232.91	84.7429	232.91	86.4916	232.91	84.3307	232.91	86.2427	232.91	83.9264	232.91	85.9279	232.91	83.5449	232.91	85.5663	232.91	83.2038	232.91	85.1803	232.91	82.9235	232.91	84.794	232.91	82.7245	232.91	84.4314	232.91	82.6221	232.91	84.1151	232.91	82.6194	232.91	83.8627	232.91	82.7037	232.91	83.6816	232.91	82.8476	232.91	83.5628	232.91	83.0162	232.91	83.4816	232.91	83.1771	232.91	83.4059	232.91	83.3087
241.699	86.4771	241.699	86.1982	241.699	86.6821	241.699	85.8582	241.699	86.803	241.699	85.4715	241.699	86.833	241.699	85.0528	241.699	86.7694	241.699	84.6171	241.699	86.6138	241.699	84.1788	241.699	86.3726	241.699	83.7523	241.699	86.0557	241.699	83.3532	241.699	85.6763	241.699	82.9994	241.699	85.2503	241.699	82.7108	241.699	84.7968	241.699	82.5077	241.699	84.3417	241.699	82.4048	241.699	83.9194	241.699	82.4043	241.699	83.5693	241.699	82.4909	241.699	83.3219	241.699	82.6331	241.699	83.1805	241.699	82.7914	241.699	83.1158	241.699	82.9295	241.699	83.0791	241.699	83.0253
250.488	86.6058	250.488	86.321	250.488	86.8119	250.488	85.9688	250.488	86.931	250.488	85.562	250.488	86.9576	250.488	85.1149	250.488	86.89	250.488	84.6427	250.488	86.7309	250.488	84.1616	250.488	86.4872	250.488	83.6894	250.488	86.1698	250.488	83.2461	250.488	85.793	250.488	82.8535	250.488	85.373	250.488	82.5348	250.488	84.9273	250.488	82.3106	250.488	84.4763	250.488	82.1943	250.488	84.0456	250.488	82.1853	250.488	83.6658	250.488	82.2664	250.488	83.3653	250.488	82.406	250.488	83.1554	250.488	82.5665	250.488	83.0215	250.488	82.7151	250.488	82.9276	250.488	82.8341
259.277	86.9556	259.277	86.6951	259.277	87.1314	259.277	86.3566	259.277	87.2176	259.277	85.9489	259.277	87.2115	259.277	85.4821	259.277	87.1131	259.277	84.9689	259.277	86.925	259.277	84.4252	259.277	86.6526	259.277	83.8722	259.277	86.3045	259.277	83.337	259.277	85.8919	259.277	82.8531	259.277	85.4297	259.277	82.4572	259.277	84.9375	259.277	82.1818	259.277	84.4426	259.277	82.0462	259.277	83.9809	259.277	82.0477	259.277	83.5926	259.277	82.1603	259.277	83.3078	259.277	82.341	259.277	83.1293	259.277	82.5419	259.277	83.0271	259.277	82.7224	259.277	82.9522	259.277	82.8591
268.066	86.5626	268.066	86.2836	268.066	86.7689	268.066	85.9399	268.066	86.8951	268.066	85.5393	268.066	86.9354	268.066	85.089	268.066	86.8867	268.066	84.5961	268.066	86.749	268.066	84.0701	268.066	86.5256	268.066	83.5262	268.066	86.2224	268.066	82.9895	268.066	85.8474	268.066	82.4978	268.066	85.4108	268.066	82.0983	268.066	84.9273	268.066	81.8375	268.066	84.422	268.066	81.7429	268.066	83.9355	268.066	81.809	268.066	83.5209	268.066	81.9963	268.066	83.2237	268.066	82.2456	268.066	83.0539	268.066	82.4974	268.066	82.9756	268.066	82.7059	268.066	82.9263	268.066	82.8476
276.855	86.9081	276.855	86.5884	276.855	87.151	276.855	86.2013	276.855	87.3094	276.855	85.7555	276.855	87.3783	276.855	85.258	276.855	87.3562	276.855	84.7134	276.855	87.2444	276.855	84.1249	276.855	87.046	276.855	83.4985	276.855	86.7643	276.855	82.8488	276.855	86.4011	276.855	82.2049	276.855	85.9566	276.855	81.6164	276.855	85.4328	276.855	81.15	276.855	84.8408	276.855	80.8721	276.855	84.2126	276.855	80.8186	276.855	83.6075	276.855	80.9699	276.855	83.0991	276.855	81.2577	276.855	82.7362	276.855	81.5944	276.855	82.5049	276.855	81.9065	276.855	82.3366	276.855	82.153
287.109	86.9543	287.109	86.7219	287.109	87.1052	287.109	86.4156	287.109	87.1697	287.109	86.0442	287.109	87.1473	287.109	85.6166	287.109	87.0427	287.109	85.1408	287.109	86.865	287.109	84.6253	287.109	86.6269	287.109	84.0809	287.109	86.3416	287.109	83.5245	287.109	86.0192	287.109	82.9833	287.109	85.6644	287.109	82.4976	287.109	85.2778	287.109	82.1191	287.109	84.8614	287.109	81.8977	287.109	84.429	287.109	81.8598	287.109	84.0121	287.109	81.9893	287.109	83.6541	287.109	82.2292	287.109	83.3886	287.109	82.5055	287.109	83.213	287.109	82.7553	287.109	83.0848	287.109	82.9462
297.363	86.9492	297.363	86.7166	297.363	87.1015	297.363	86.4172	297.363	87.1624	297.363	86.064	297.363	87.1264	297.363	85.6659	297.363	86.9947	297.363	85.2258	297.363	86.7746	297.363	84.742	297.363	86.478	297.363	84.2126	297.363	86.1189	297.363	83.6423	297.363	85.7102	297.363	83.0504	297.363	85.263	297.363	82.4787	297.363	84.7899	297.363	81.9946	297.363	84.3121	297.363	81.6784	297.363	83.8663	297.363	81.5887	297.363	83.4999	297.363	81.7227	297.363	83.2503	297.363	82.0104	297.363	83.1172	297.363	82.3507	297.363	83.0553	297.363	82.6549	297.363	82.9946	297.363	82.8721
307.617	87.1825	307.617	86.9358	307.617	87.3416	307.617	86.6159	307.617	87.4031	307.617	86.238	307.617	87.3633	307.617	85.8152	307.617	87.2247	307.617	85.3554	307.617	86.9959	307.617	84.8607	307.617	86.6889	307.617	84.3304	307.617	86.3155	307.617	83.7658	307.617	85.8823	307.617	83.1766	307.617	85.3886	307.617	82.5892	307.617	84.8304	307.617	82.0526	307.617	84.2152	307.617	81.6364	307.617	83.5827	307.617	81.4097	307.617	83.0146	307.617	81.4018	307.617	82.6068	307.617	81.5743	307.617	82.402	307.617	81.8363	307.617	82.3471	307.617	82.0879	307.617	82.3317	307.617	82.2592
319.336	86.6922	319.336	86.452	319.336	86.8528	319.336	86.1487	319.336	86.923	319.336	85.8005	319.336	86.8998	319.336	85.4226	319.336	86.7887	319.336	85.0229	319.336	86.6018	319.336	84.601	319.336	86.3548	319.336	84.1514	319.336	86.0606	319.336	83.6702	319.336	85.722	319.336	83.1625	319.336	85.3277	319.336	82.6503	319.336	84.8574	319.336	82.1773	319.336	84.2983	319.336	81.8052	319.336	83.6709	319.336	81.594	319.336	83.0503	319.336	81.5696	319.336	82.5547	319.336	81.6993	319.336	82.2749	319.336	81.9022	319.336	82.1959	319.336	82.0873	319.336	82.2074	319.336	82.1916
329.59	86.9055	329.59	86.6479	329.59	87.0659	329.59	86.3092	329.59	87.1199	329.59	85.9086	329.59	87.0671	329.59	85.4635	329.59	86.917	329.59	84.9857	329.59	86.6876	329.59	84.4799	329.59	86.4023	329.59	83.9461	329.59	86.0827	329.59	83.3866	329.59	85.7382	329.59	82.8132	329.59	85.3573	329.59	82.2556	329.59	84.9095	329.59	81.7641	329.59	84.3612	329.59	81.403	329.59	83.7051	329.59	81.2255	329.59	82.9937	329.59	81.2395	329.59	82.3515	329.59	81.3911	329.59	81.9225	329.59	81.5867	329.59	81.7565	329.59	81.7352	329.59	81.7608	329.59	81.787
341.309	86.5459	341.309	86.3108	341.309	86.6911	341.309	86.0063	341.309	86.7341	341.309	85.6561	341.309	86.6729	341.309	85.2806	341.309	86.5166	341.309	84.8902	341.309	86.285	341.309	84.4827	341.309	86.0054	341.309	84.0478	341.309	85.7069	341.309	83.5751	341.309	85.4097	341.309	83.066	341.309	85.1145	341.309	82.5438	341.309	84.8007	341.309	82.0603	341.309	84.4359	341.309	81.6905	341.309	83.9985	341.309	81.5043	341.309	83.5021	341.309	81.5217	341.309	83.0094	341.309	81.6898	341.309	82.6131	341.309	81.9107	341.309	82.3746	341.309	82.0952	341.309	82.269	341.309	82.2047
353.027	86.449	353.027	86.1875	353.027	86.5898	353.027	85.8268	353.027	86.5982	353.027	85.3951	353.027	86.4737	353.027	84.9222	353.027	86.2291	353.027	84.4325	353.027	85.8922	353.027	83.9383	353.027	85.5048	353.027	83.4377	353.027	85.1151	353.027	82.9194	353.027	84.7607	353.027	82.3746	353.027	84.4489	353.027	81.8145	353.027	84.1503	353.027	81.2868	353.027	83.818	353.027	80.8819	353.027	83.4211	353.027	80.7029	353.027	82.9759	353.027	80.7939	353.027	82.5527	353.027	81.0891	353.027	82.2412	353.027	81.4508	353.027	82.0797	353.027	81.7523	353.027	82.0131	353.027	81.9332
366.211	86.3995	366.211	86.1805	366.211	86.5146	366.211	85.8784	366.211	86.5123	366.211	85.5158	366.211	86.3884	366.211	85.1124	366.211	86.1501	366.211	84.6793	366.211	85.8164	366.211	84.2178	366.211	85.4184	366.211	83.7221	366.211	84.9947	366.211	83.1837	366.211	84.5811	366.211	82.5993	366.211	84.1958	366.211	81.9808	366.211	83.8303	366.211	81.3705	366.211	83.4592	366.211	80.8544	366.211	83.0671	366.211	80.55	366.211	82.6752	366.211	80.5401	366.211	82.3414	366.211	80.7949	366.211	82.1209	366.211	81.1796	366.211	82.0101	366.211	81.5448	366.211	81.9352	366.211	81.8001
379.395	86.7789	379.395	86.5015	379.395	86.9559	379.395	86.1567	379.395	87.0072	379.395	85.7777	379.395	86.9177	379.395	85.3896	379.395	86.6848	379.395	85.0008	379.395	86.3198	379.395	84.6008	379.395	85.8505	379.395	84.1663	379.395	85.3228	379.395	83.6697	379.395	84.7936	379.395	83.0889	379.395	84.3105	379.395	82.4163	379.395	83.8846	379.395	81.6717	379.395	83.4825	379.395	80.9222	379.395	83.0531	379.395	80.2948	379.395	82.5727	379.395	79.942	379.395	82.075	379.395	79.935	379.395	81.6359	379.395	80.1879	379.395	81.3098	379.395	80.5295	379.395	81.0704	379.395	80.8317
392.578	86.5634	392.578	86.2413	392.578	86.7758	392.578	85.8509	392.578	86.8547	392.578	85.4444	392.578	86.7929	392.578	85.0683	392.578	86.5963	392.578	84.7438	392.578	86.2808	392.578	84.4579	392.578	85.8694	392.578	84.1735	392.578	85.3897	392.578	83.8485	392.578	84.871	392.578	83.4533	392.578	84.3399	392.578	82.9817	392.578	83.817	392.578	82.4594	392.578	83.321	392.578	81.9517	392.578	82.8795	392.578	81.561	392.578	82.5384	392.578	81.3891	392.578	82.3433	392.578	81.468	392.578	82.2961	392.578	81.7234	392.578	82.3293	392.578	82.0207	392.578	82.3393	392.578	82.2435
405.762	86.4626	405.762	86.0979	405.762	86.6781	405.762	85.6214	405.762	86.7317	405.762	85.0953	405.762	86.6319	405.762	84.5955	405.762	86.4031	405.762	84.1856	405.762	86.0798	405.762	83.8865	405.762	85.6976	405.762	83.6676	405.762	85.2823	405.762	83.468	405.762	84.8399	405.762	83.2283	405.762	84.3559	405.762	82.9143	405.762	83.8066	405.762	82.5312	405.762	83.1816	405.762	82.1319	405.762	82.514	405.762	81.8133	405.762	81.9064	405.762	81.6752	405.762	81.5175	405.762	81.744	405.762	81.4571	405.762	81.933	405.762	81.6636	405.762	82.0949	405.762	81.9409	405.762	82.1095
420.41	86.819	420.41	86.4088	420.41	87.0455	420.41	85.8409	420.41	87.0826	420.41	85.1666	420.41	86.9408	420.41	84.4637	420.41	86.6455	420.41	83.8237	420.41	86.2367	420.41	83.3208	420.41	85.7668	420.41	82.9739	420.41	85.2905	420.41	82.7361	420.41	84.8419	420.41	82.5223	420.41	84.4108	420.41	82.2518	420.41	83.9395	420.41	81.8807	420.41	83.3521	420.41	81.4261	420.41	82.6058	420.41	80.9813	420.41	81.7481	420.41	80.6916	420.41	80.962	420.41	80.6499	420.41	80.5085	420.41	80.7906	420.41	80.4914	420.41	80.9312	420.41	80.7204	420.41	80.9164
435.059	86.654	435.059	86.2842	435.059	86.8181	435.059	85.7286	435.059	86.7754	435.059	85.0315	435.059	86.5423	435.059	84.2662	435.059	86.1543	435.059	83.5333	435.059	85.6715	435.059	82.9388	435.059	85.1792	435.059	82.5523	435.059	84.7705	435.059	82.3682	435.059	84.5013	435.059	82.3084	435.059	84.3439	435.059	82.2637	435.059	84.1913	435.059	82.1405	435.059	83.9134	435.059	81.8916	435.059	83.4186	435.059	81.5345	435.059	82.6959	435.059	81.153	435.059	81.8466	435.059	80.8581	435.059	81.0858	435.059	80.7019	435.059	80.6322	435.059	80.6316	435.059	80.514	435.059	80.5647
451.172	87.3798	451.172	87.0654	451.172	87.4779	451.172	86.549	451.172	87.352	451.172	85.8505	451.172	87.0032	451.172	84.9958	451.172	86.4447	451.172	84.0201	451.172	85.709	451.172	82.9779	451.172	84.8607	451.172	81.9598	451.172	84.0119	451.172	81.1037	451.172	83.3185	451.172	80.56	451.172	82.914	451.172	80.3982	451.172	82.7991	451.172	80.5447	451.172	82.8286	451.172	80.8449	451.172	82.8289	451.172	81.1687	451.172	82.7066	451.172	81.4512	451.172	82.4746	451.172	81.6744	451.172	82.2208	451.172	81.8336	451.172	82.0412	451.172	81.9233	451.172	81.9676	451.172	81.9528
465.82	86.9224	465.82	86.6384	465.82	87.0089	465.82	86.1758	465.82	86.8931	465.82	85.5656	465.82	86.5838	465.82	84.846	465.82	86.0995	465.82	84.0548	465.82	85.4648	465.82	83.2238	465.82	84.7111	465.82	82.3797	465.82	83.8883	465.82	81.5534	465.82	83.0829	465.82	80.7935	465.82	82.4135	465.82	80.1727	465.82	81.9695	465.82	79.7741	465.82	81.7295	465.82	79.6547	465.82	81.5783	465.82	79.8087	465.82	81.4206	465.82	80.1611	465.82	81.26	465.82	80.5957	465.82	81.1735	465.82	80.9928	465.82	81.2085	465.82	81.2607	465.82	81.3092	465.82	81.3577
483.398	85.9125	483.398	85.6689	483.398	85.9871	483.398	85.2727	483.398	85.8967	483.398	84.7582	483.398	85.6612	483.398	84.1688	483.398	85.3097	483.398	83.5432	483.398	84.8732	483.398	82.9049	483.398	84.3811	483.398	82.2601	483.398	83.8599	483.398	81.6051	483.398	83.3278	483.398	80.9377	483.398	82.7853	483.398	80.2719	483.398	82.2148	483.398	79.6617	483.398	81.6112	483.398	79.2253	483.398	81.0342	483.398	79.1177	483.398	80.6261	483.398	79.4051	483.398	80.5162	483.398	79.9625	483.398	80.6812	483.398	80.5576	483.398	80.9579	483.398	81.0019	483.398	81.1727	483.398	81.2076
499.512	85.7032	499.512	85.362	499.512	85.854	499.512	84.8555	499.512	85.8097	499.512	84.2292	499.512	85.58	499.512	83.5392	499.512	85.1842	499.512	82.8362	499.512	84.6513	499.512	82.1517	499.512	84.0298	499.512	81.5	499.512	83.3973	499.512	80.8915	499.512	82.8499	499.512	80.3401	499.512	82.4476	499.512	79.8595	499.512	82.1486	499.512	79.462	499.512	81.8212	499.512	79.1787	499.512	81.3454	499.512	79.0799	499.512	80.7332	499.512	79.2396	499.512	80.1902	499.512	79.6373	499.512	79.9913	499.512	80.1201	499.512	80.1704	499.512	80.4914	499.512	80.4685	499.512	80.6156
517.09	85.6074	517.09	85.2412	517.09	85.7687	517.09	84.7037	517.09	85.7188	517.09	84.0548	517.09	85.4731	517.09	83.3639	517.09	85.0617	517.09	82.6822	517.09	84.5256	517.09	82.022	517.09	83.9174	517.09	81.364	517.09	83.3016	517.09	80.6864	517.09	82.742	517.09	79.9909	517.09	82.2691	517.09	79.3162	517.09	81.847	517.09	78.7441	517.09	81.3901	517.09	78.4019	517.09	80.8512	517.09	78.4288	517.09	80.3286	517.09	78.8666	517.09	80.0661	517.09	79.5743	517.09	80.2162	517.09	80.3051	517.09	80.6209	517.09	80.8462	517.09	80.9783	517.09	81.079
536.133	85.1039	536.133	84.6914	536.133	85.216	536.133	84.0142	536.133	85.0333	536.133	83.1653	536.133	84.5898	536.133	82.2914	536.133	83.945	536.133	81.5365	536.133	83.1927	536.133	80.9493	536.133	82.4695	536.133	80.4625	536.133	81.9352	536.133	79.9766	536.133	81.6941	536.133	79.4447	536.133	81.7025	536.133	78.8944	536.133	81.7824	536.133	78.4074	536.133	81.7318	536.133	78.0918	536.133	81.4181	536.133	78.0566	536.133	80.8346	536.133	78.3619	536.133	80.1598	536.133	78.9395	536.133	79.739	536.133	79.585	536.133	79.7788	536.133	80.0645	536.133	80.064	536.133	80.2257
555.176	85.3999	555.176	84.9043	555.176	85.5815	555.176	84.1181	555.176	85.4493	555.176	83.1114	555.176	85.0128	555.176	82.0248	555.176	84.2872	555.176	81.0544	555.176	83.302	555.176	80.3446	555.176	82.1309	555.176	79.8671	555.176	80.9508	555.176	79.4613	555.176	80.0723	555.176	78.9867	555.176	79.7504	555.176	78.4122	555.176	79.8546	555.176	77.8256	555.176	79.9845	555.176	77.3992	555.176	79.8466	555.176	77.3123	555.176	79.3878	555.176	77.6377	555.176	78.8043	555.176	78.2642	555.176	78.493	555.176	78.9394	555.176	78.6998	555.176	79.4002	555.176	79.1719	555.176	79.4799
574.219	84.9653	574.219	84.5178	574.219	85.1404	574.219	83.7882	574.219	85.0629	574.219	82.8005	574.219	84.7489	574.219	81.6526	574.219	84.2072	574.219	80.5472	574.219	83.4425	574.219	79.7214	574.219	82.4742	574.219	79.2375	574.219	81.3814	574.219	78.908	574.219	80.3668	574.219	78.4976	574.219	79.7201	574.219	77.9129	574.219	79.5386	574.219	77.2623	574.219	79.5692	574.219	76.8279	574.219	79.5075	574.219	76.8659	574.219	79.2599	574.219	77.3404	574.219	78.9352	574.219	77.9899	574.219	78.7232	574.219	78.5711	574.219	78.7394	574.219	78.9375	574.219	78.9109	574.219	79.0335
594.727	84.9784	594.727	84.6102	594.727	85.051	594.727	83.9375	594.727	84.8506	594.727	82.9741	594.727	84.4063	594.727	81.7719	594.727	83.7482	594.727	80.452	594.727	82.9054	594.727	79.2312	594.727	81.9156	594.727	78.3557	594.727	80.8602	594.727	77.8927	594.727	79.9172	594.727	77.6378	594.727	79.3254	594.727	77.3062	594.727	79.147	594.727	76.7475	594.727	79.152	594.727	76.0798	594.727	79.0735	594.727	75.7405	594.727	78.8087	594.727	76.1115	594.727	78.4056	594.727	76.9594	594.727	78.0292	594.727	77.7612	594.727	77.8992	594.727	78.2124	594.727	78.0589	594.727	78.2626
615.234	85.2854	615.234	84.7683	615.234	85.4346	615.234	83.8951	615.234	85.2254	615.234	82.7207	615.234	84.6833	615.234	81.3729	615.234	83.8546	615.234	80.0623	615.234	82.8103	615.234	79.0123	615.234	81.6468	615.234	78.314	615.234	80.487	615.234	77.8692	615.234	79.4806	615.234	77.4876	615.234	78.7767	615.234	76.9946	615.234	78.4347	615.234	76.2926	615.234	78.3317	615.234	75.4634	615.234	78.217	615.234	74.9343	615.234	77.9498	615.234	75.2765	615.234	77.7145	615.234	76.3841	615.234	77.8585	615.234	77.5949	615.234	78.3483	615.234	78.468	615.234	78.7851	615.234	78.8636
637.207	85.4379	637.207	84.9685	637.207	85.5108	637.207	84.0909	637.207	85.2141	637.207	82.8295	637.207	84.5822	637.207	81.2954	637.207	83.6529	637.207	79.7482	637.207	82.4636	637.207	78.539	637.207	81.0685	637.207	77.82	637.207	79.6073	637.207	77.4087	637.207	78.4042	637.207	77.0527	637.207	77.8402	637.207	76.6147	637.207	77.8779	637.207	76.0441	637.207	78.0796	637.207	75.3895	637.207	78.1069	637.207	74.957	637.207	77.8992	637.207	75.2803	637.207	77.6996	637.207	76.4241	637.207	77.9242	637.207	77.785	637.207	78.5818	637.207	78.824	637.207	79.178	637.207	79.304
659.18	86.7733	659.18	86.4075	659.18	86.7247	659.18	85.5952	659.18	86.3026	659.18	84.3133	659.18	85.5565	659.18	82.5635	659.18	84.5395	659.18	80.4488	659.18	83.2951	659.18	78.3799	659.18	81.8355	659.18	77.1336	659.18	80.1341	659.18	76.9431	659.18	78.2278	659.18	77.0726	659.18	76.579	659.18	76.8886	659.18	76.1608	659.18	76.216	659.18	76.8694	659.18	75.227	659.18	77.526	659.18	74.5083	659.18	77.5291	659.18	74.8839	659.18	76.956	659.18	76.3161	659.18	76.5575	659.18	77.8774	659.18	77.2082	659.18	78.8836	659.18	78.3751	659.18	79.0573
682.617	86.605	682.617	86.2987	682.617	86.501	682.617	85.579	682.617	86.0149	682.617	84.4588	682.617	85.2058	682.617	82.9562	682.617	84.1589	682.617	81.1056	682.617	82.9639	682.617	79.0419	682.617	81.6801	682.617	77.2081	682.617	80.3139	682.617	76.3171	682.617	78.8437	682.617	76.4102	682.617	77.3617	682.617	76.6719	682.617	76.3313	682.617	76.4523	682.617	76.2534	682.617	75.5485	682.617	76.6267	682.617	74.2444	682.617	76.5999	682.617	73.6311	682.617	76.0402	682.617	74.6236	682.617	75.657	682.617	76.2298	682.617	76.1743	682.617	77.3435	682.617	77.106	682.617	77.6215
707.52	86.2659	707.52	86.0185	707.52	86.1717	707.52	85.3659	707.52	85.7952	707.52	84.2729	707.52	85.1749	707.52	82.7666	707.52	84.3343	707.52	80.964	707.52	83.2941	707.52	79.0837	707.52	82.0682	707.52	77.4244	707.52	80.6407	707.52	76.3207	707.52	78.9676	707.52	75.9877	707.52	77.132	707.52	76.185	707.52	75.763	707.52	76.2966	707.52	75.7675	707.52	75.8445	707.52	76.6077	707.52	74.791	707.52	77.1161	707.52	73.7897	707.52	76.8982	707.52	73.9833	707.52	76.3402	707.52	75.2887	707.52	76.3389	707.52	76.5706	707.52	76.9197	707.52	77.1555
732.422	86.1471	732.422	85.8964	732.422	86.0987	732.422	85.3434	732.422	85.7222	732.422	84.4336	732.422	85.0076	732.422	83.092	732.422	84.0049	732.422	81.2829	732.422	82.8179	732.422	79.1097	732.422	81.5409	732.422	77.0109	732.422	80.1852	732.422	75.8206	732.422	78.6867	732.422	75.8418	732.422	77.0056	732.422	76.2963	732.422	75.322	732.422	76.4558	732.422	74.3421	732.422	76.0797	732.422	74.6499	732.422	75.225	732.422	75.4378	732.422	74.2341	732.422	75.7784	732.422	73.9267	732.422	75.527	732.422	74.7425	732.422	75.1998	732.422	75.6951	732.422	75.4517	732.422	75.8984
757.324	86.2531	757.324	85.9571	757.324	86.1044	757.324	85.2419	757.324	85.5326	757.324	84.1533	757.324	84.6127	757.324	82.7269	757.324	83.4568	757.324	80.9755	757.324	82.1853	757.324	78.9215	757.324	80.8954	757.324	76.753	757.324	79.6358	757.324	75.1322	757.324	78.4016	757.324	74.7993	757.324	77.1492	757.324	75.1926	757.324	75.8843	757.324	75.2295	757.324	74.8041	757.324	74.4795	757.324	74.2314	757.324	73.1922	757.324	74.2588	757.324	72.3126	757.324	74.5925	757.324	72.8017	757.324	75.0922	757.324	74.2726	757.324	75.8739	757.324	75.7348	757.324	76.5622	757.324	76.5746
785.156	85.6612	785.156	85.5313	785.156	85.2728	785.156	84.8227	785.156	84.5491	785.156	83.6008	785.156	83.722	785.156	82.01	785.156	82.9215	785.156	80.1791	785.156	82.0716	785.156	78.1764	785.156	80.9609	785.156	76.1512	785.156	79.4133	785.156	74.5388	785.156	77.473	785.156	73.8286	785.156	75.6361	785.156	73.8293	785.156	74.7234	785.156	73.749	785.156	74.8056	785.156	72.9134	785.156	75.1821	785.156	71.1256	785.156	75.2502	785.156	69.044	785.156	74.5851	785.156	68.4654	785.156	73.6685	785.156	70.9168	785.156	74.4989	785.156	74.2446	785.156	76.0551	785.156	76.1296
811.523	86.0631	811.523	85.298	811.523	86.1776	811.523	84.2695	811.523	85.4969	811.523	83.3426	811.523	84.113	811.523	82.4109	811.523	82.3226	811.523	81.0693	811.523	80.527	811.523	79.0747	811.523	78.9822	811.523	76.4322	811.523	77.5834	811.523	73.373	811.523	75.8641	811.523	70.6389	811.523	73.1144	811.523	69.5682	811.523	68.8455	811.523	70.1467	811.523	67.7041	811.523	71.3466	811.523	72.1529	811.523	72.7431	811.523	75.3703	811.523	73.9713	811.523	76.4392	811.523	75.0595	811.523	75.1249	811.523	76.355	811.523	72.6637	811.523	77.3041	811.523	74.3648	811.523	76.8243
840.82	85.0991	840.82	85.0185	840.82	84.967	840.82	84.5837	840.82	84.5672	840.82	83.5949	840.82	83.7426	840.82	81.9363	840.82	82.4347	840.82	79.5625	840.82	80.7726	840.82	76.3773	840.82	79.0091	840.82	72.1624	840.82	77.266	840.82	67.5083	840.82	75.3948	840.82	67.208	840.82	73.5826	840.82	69.8789	840.82	72.6877	840.82	71.6238	840.82	72.7477	840.82	71.9132	840.82	73.0652	840.82	70.6195	840.82	72.7611	840.82	68.3684	840.82	70.7823	840.82	67.5539	840.82	69.0652	840.82	70.1023	840.82	72.4085	840.82	73.4096	840.82	74.9931	840.82	75.2369
870.117	84.6367	870.117	83.8263	870.117	85.4121	870.117	83.6387	870.117	85.2797	870.117	83.4643	870.117	83.8911	870.117	82.5077	870.117	81.2802	870.117	80.4921	870.117	78.1109	870.117	77.4915	870.117	76.2958	870.117	73.8895	870.117	76.3967	870.117	70.2815	870.117	76.4108	870.117	67.1998	870.117	75.2864	870.117	66.6003	870.117	72.8726	870.117	69.4679	870.117	69.2079	870.117	72.0496	870.117	65.8181	870.117	73.213	870.117	68.0678	870.117	73.139	870.117	71.2867	870.117	72.2937	870.117	73.578	870.117	71.5909	870.117	74.9877	870.117	71.9155	870.117	74.9338	870.117	73.4721
900.879	85.77	900.879	84.8542	900.879	85.7252	900.879	83.3117	900.879	84.6781	900.879	81.6846	900.879	82.8795	900.879	80.2243	900.879	80.8434	900.879	78.5486	900.879	78.9679	900.879	76.0575	900.879	77.1528	900.879	72.2434	900.879	75.21	900.879	66.9457	900.879	73.2047	900.879	62.1872	900.879	70.9675	900.879	60.8591	900.879	67.8822	900.879	63.5553	900.879	66.0904	900.879	64.0124	900.879	69.9386	900.879	54.1051	900.879	73.5538	900.879	60.932	900.879	74.9676	900.879	68.0191	900.879	73.6434	900.879	72.9821	900.879	70.8121	900.879	76.3341	900.879	74.168	900.879	76.8702
933.105	85.5189	933.105	84.2731	933.105	85.9402	933.105	82.8454	933.105	85.1049	933.105	81.6184	933.105	82.8166	933.105	80.3153	933.105	79.2292	933.105	78.4676	933.105	75.6171	933.105	75.773	933.105	74.3963	933.105	72.0197	933.105	74.8351	933.105	66.99	933.105	74.5897	933.105	60.9693	933.105	72.7014	933.105	56.7715	933.105	69.3059	933.105	54.1733	933.105	65.0257	933.105	47.2227	933.105	60.9398	933.105	64.7043	933.105	68.8433	933.105	70.4111	933.105	73.4828	933.105	72.2631	933.105	74.7968	933.105	72.9304	933.105	74.0088	933.105	73.7381	933.105	73.0115	933.105	73.5752
965.332	85.4167	965.332	84.7575	965.332	85.1849	965.332	83.1854	965.332	84.249	965.332	80.7611	965.332	82.8585	965.332	77.4757	965.332	81.0233	965.332	73.2106	965.332	78.4389	965.332	68.435	965.332	74.7899	965.332	66.5051	965.332	69.9786	965.332	67.8566	965.332	64.5088	965.332	69.4433	965.332	61.2617	965.332	70.6443	965.332	62.1336	965.332	70.9841	965.332	63.9473	965.332	69.66	965.332	68.5525	965.332	65.4191	965.332	72.2916	965.332	54.3005	965.332	72.4507	965.332	60.2097	965.332	68.5715	965.332	68.7164	965.332	71.4623	965.332	73.9829	965.332	75.8479	965.332	76.4443
1,000.49	85.7361	1,000.49	84.9439	1,000.49	85.4094	1,000.49	83.002	1,000.49	84.1166	1,000.49	80.1686	1,000.49	82.0548	1,000.49	77.2675	1,000.49	79.4331	1,000.49	75.0779	1,000.49	76.577	1,000.49	72.9168	1,000.49	74.0544	1,000.49	69.9217	1,000.49	72.3431	1,000.49	66.8925	1,000.49	71.293	1,000.49	65.9277	1,000.49	70.1028	1,000.49	66.0008	1,000.49	67.7716	1,000.49	65.1567	1,000.49	63.5328	1,000.49	61.5677	1,000.49	53.3317	1,000.49	57.9554	1,000.49	61.9997	1,000.49	66.1962	1,000.49	70.6421	1,000.49	69.7608	1,000.49	73.4641	1,000.49	71.4396	1,000.49	73.2098	1,000.49	72.4643	1,000.49	71.9976	1,000.49	72.2653
1,035.64	85.0852	1,035.64	84.2328	1,035.64	85.1945	1,035.64	82.7952	1,035.64	84.3472	1,035.64	80.7223	1,035.64	82.3665	1,035.64	77.7272	1,035.64	79.1544	1,035.64	73.4536	1,035.64	74.8217	1,035.64	67.7218	1,035.64	69.9044	1,035.64	60.9099	1,035.64	65.2433	1,035.64	54.3183	1,035.64	61.7719	1,035.64	48.2967	1,035.64	60.6488	1,035.64	48.0262	1,035.64	62.3256	1,035.64	52.0083	1,035.64	63.3647	1,035.64	45.5208	1,035.64	58.3173	1,035.64	55.0492	1,035.64	56.4045	1,035.64	63.3143	1,035.64	66.8696	1,035.64	67.2087	1,035.64	70.8684	1,035.64	70.084	1,035.64	72.5541	1,035.64	72.2481	1,035.64	73.2836	1,035.64	73.3447
1,072.27	85.1917	1,072.27	84.0881	1,072.27	85.1132	1,072.27	82.1643	1,072.27	83.6544	1,072.27	79.9167	1,072.27	80.7386	1,072.27	77.533	1,072.27	76.4839	1,072.27	74.7133	1,072.27	71.4724	1,072.27	71.5791	1,072.27	66.813	1,072.27	69.2048	1,072.27	63.4508	1,072.27	67.8352	1,072.27	62.638	1,072.27	66.7978	1,072.27	63.5212	1,072.27	66.6367	1,072.27	64.3462	1,072.27	67.2742	1,072.27	64.257	1,072.27	66.6566	1,072.27	61.1124	1,072.27	62.895	1,072.27	59.458	1,072.27	58.6835	1,072.27	65.7181	1,072.27	63.9622	1,072.27	67.9705	1,072.27	69.7733	1,072.27	70.2937	1,072.27	73.4095	1,072.27	73.3333	1,072.27	74.5648
1,108.89	84.9587	1,108.89	84.5833	1,108.89	84.2442	1,108.89	82.8815	1,108.89	82.7025	1,108.89	79.6524	1,108.89	80.5866	1,108.89	74.9476	1,108.89	77.908	1,108.89	70.0107	1,108.89	74.0752	1,108.89	67.2977	1,108.89	67.555	1,108.89	66.3913	1,108.89	59.6205	1,108.89	65.8587	1,108.89	62.1579	1,108.89	65.68	1,108.89	62.5741	1,108.89	67.2041	1,108.89	63.2452	1,108.89	69.5266	1,108.89	65.2053	1,108.89	69.0987	1,108.89	65.829	1,108.89	64.5864	1,108.89	64.3307	1,108.89	66.7601	1,108.89	67.0163	1,108.89	68.8601	1,108.89	70.439	1,108.89	69.563	1,108.89	71.0364	1,108.89	70.5079	1,108.89	69.6251	1,108.89	69.8382
1,148.44	85.6733	1,148.44	84.5531	1,148.44	85.1913	1,148.44	82.2165	1,148.44	82.9854	1,148.44	79.4932	1,148.44	79.2388	1,148.44	77.2359	1,148.44	74.8156	1,148.44	75.465	1,148.44	71.0951	1,148.44	74.2018	1,148.44	67.6778	1,148.44	73.4885	1,148.44	63.7333	1,148.44	72.8195	1,148.44	62.3738	1,148.44	71.7952	1,148.44	61.5534	1,148.44	70.5015	1,148.44	61.9092	1,148.44	69.2651	1,148.44	65.0001	1,148.44	68.1665	1,148.44	67.3174	1,148.44	66.7444	1,148.44	66.6303	1,148.44	64.8128	1,148.44	64.6941	1,148.44	65.8281	1,148.44	65.5858	1,148.44	69.4131	1,148.44	67.9744	1,148.44	72.0808	1,148.44	71.1857	1,148.44	72.7967
1,189.45	85.3431	1,189.45	85.2309	1,189.45	84.4043	1,189.45	83.8001	1,189.45	82.721	1,189.45	80.9897	1,189.45	80.4062	1,189.45	76.9327	1,189.45	77.8124	1,189.45	71.8284	1,189.45	75.8163	1,189.45	65.9726	1,189.45	74.3446	1,189.45	61.5453	1,189.45	73.728	1,189.45	61.6751	1,189.45	73.6886	1,189.45	62.6372	1,189.45	72.7457	1,189.45	63.0376	1,189.45	70.3265	1,189.45	65.6074	1,189.45	67.1334	1,189.45	68.0912	1,189.45	65.8772	1,189.45	67.3437	1,189.45	64.9852	1,189.45	64.3423	1,189.45	64.086	1,189.45	64.3999	1,189.45	65.5572	1,189.45	66.742	1,189.45	69.7818	1,189.45	69.4849	1,189.45	71.8638	1,189.45	71.5141
1,230.47	86.1746	1,230.47	85.7166	1,230.47	85.1394	1,230.47	83.8896	1,230.47	82.5636	1,230.47	80.9888	1,230.47	78.5721	1,230.47	77.5699	1,230.47	74.7258	1,230.47	74.3378	1,230.47	74.3815	1,230.47	71.9751	1,230.47	75.0946	1,230.47	70.938	1,230.47	75.2237	1,230.47	70.8554	1,230.47	74.8402	1,230.47	71.3583	1,230.47	73.5113	1,230.47	71.8395	1,230.47	71.2247	1,230.47	71.0017	1,230.47	67.4429	1,230.47	68.5961	1,230.47	65.9612	1,230.47	68.6286	1,230.47	67.9744	1,230.47	68.8368	1,230.47	67.0805	1,230.47	66.8711	1,230.47	65.7538	1,230.47	69.411	1,230.47	68.597	1,230.47	72.2729	1,230.47	71.6245	1,230.47	72.8953
1,274.41	86.1765	1,274.41	85.7775	1,274.41	85.0469	1,274.41	83.9145	1,274.41	82.4966	1,274.41	80.8145	1,274.41	79.0158	1,274.41	77.0438	1,274.41	76.1304	1,274.41	73.8876	1,274.41	75.9116	1,274.41	72.9261	1,274.41	76.5046	1,274.41	73.5041	1,274.41	76.6196	1,274.41	73.3745	1,274.41	76.4714	1,274.41	72.2039	1,274.41	75.4665	1,274.41	71.9491	1,274.41	73.4377	1,274.41	72.213	1,274.41	70.2902	1,274.41	70.3152	1,274.41	69.1055	1,274.41	66.1551	1,274.41	70.0157	1,274.41	66.0229	1,274.41	68.2934	1,274.41	67.6242	1,274.41	63.9777	1,274.41	68.2075	1,274.41	65.1919	1,274.41	70.7782	1,274.41	69.9316	1,274.41	72.0764
1,319.82	85.8553	1,319.82	85.5718	1,319.82	84.8255	1,319.82	84.0705	1,319.82	82.4111	1,319.82	81.4707	1,319.82	79.1133	1,319.82	78.3731	1,319.82	76.326	1,319.82	75.9829	1,319.82	75.5684	1,319.82	74.5367	1,319.82	76.1699	1,319.82	73.3701	1,319.82	76.1466	1,319.82	72.4179	1,319.82	75.4762	1,319.82	71.3785	1,319.82	74.2557	1,319.82	69.6052	1,319.82	72.6672	1,319.82	69.6312	1,319.82	72.3651	1,319.82	69.4529	1,319.82	71.0587	1,319.82	65.2688	1,319.82	66.3735	1,319.82	66.1562	1,319.82	66.7013	1,319.82	62.3393	1,319.82	68.2216	1,319.82	54.9291	1,319.82	67.9067	1,319.82	68.5314	1,319.82	73.3855	1,319.82	73.8125
1,366.7	85.0576	1,366.7	84.9808	1,366.7	84.2708	1,366.7	84.0183	1,366.7	82.4599	1,366.7	82.0646	1,366.7	79.9272	1,366.7	79.0365	1,366.7	78.5987	1,366.7	74.9614	1,366.7	78.5669	1,366.7	71.7074	1,366.7	77.5195	1,366.7	72.0022	1,366.7	76.0181	1,366.7	73.1818	1,366.7	76.0604	1,366.7	73.0873	1,366.7	75.4544	1,366.7	72.5963	1,366.7	73.0279	1,366.7	71.9974	1,366.7	70.7643	1,366.7	70.9212	1,366.7	70.4549	1,366.7	67.2186	1,366.7	70.7267	1,366.7	63.033	1,366.7	69.7306	1,366.7	67.7085	1,366.7	65.8207	1,366.7	65.4238	1,366.7	64.9861	1,366.7	67.4089	1,366.7	69.8077	1,366.7	70.7408
1,413.57	85.2855	1,413.57	85.4904	1,413.57	83.5319	1,413.57	83.898	1,413.57	81.0052	1,413.57	80.8021	1,413.57	79.2802	1,413.57	76.9609	1,413.57	79.6186	1,413.57	73.7184	1,413.57	80.635	1,413.57	73.6152	1,413.57	80.2853	1,413.57	75.6362	1,413.57	78.6873	1,413.57	76.2777	1,413.57	78.5771	1,413.57	74.9977	1,413.57	78.8673	1,413.57	75.0899	1,413.57	77.6472	1,413.57	76.1793	1,413.57	75.199	1,413.57	75.1466	1,413.57	70.4455	1,413.57	72.0016	1,413.57	64.9409	1,413.57	64.7276	1,413.57	70.1444	1,413.57	66.2903	1,413.57	66.5965	1,413.57	67.2529	1,413.57	63.8273	1,413.57	68.094	1,413.57	71.3287	1,413.57	71.7981
1,463.38	85.0837	1,463.38	85.1548	1,463.38	83.7158	1,463.38	83.8028	1,463.38	81.4721	1,463.38	80.9347	1,463.38	80.6084	1,463.38	77.0995	1,463.38	80.6472	1,463.38	75.2333	1,463.38	79.5383	1,463.38	74.6637	1,463.38	78.6723	1,463.38	71.1419	1,463.38	77.1436	1,463.38	65.4624	1,463.38	74.4982	1,463.38	64.9031	1,463.38	74.2774	1,463.38	65.3503	1,463.38	74.0974	1,463.38	70.0939	1,463.38	73.929	1,463.38	73.2634	1,463.38	72.2537	1,463.38	72.2568	1,463.38	66.1442	1,463.38	65.5798	1,463.38	64.9109	1,463.38	67.6078	1,463.38	66.0108	1,463.38	69.505	1,463.38	67.6623	1,463.38	66.0357	1,463.38	72.7268	1,463.38	70.4527
1,516.11	86.0715	1,516.11	85.4118	1,516.11	84.7085	1,516.11	83.3285	1,516.11	81.6072	1,516.11	80.9062	1,516.11	79.4352	1,516.11	79.2088	1,516.11	80.0687	1,516.11	77.8052	1,516.11	80.0412	1,516.11	75.6031	1,516.11	78.7669	1,516.11	72.363	1,516.11	77.3213	1,516.11	68.8831	1,516.11	75.4178	1,516.11	67.986	1,516.11	74.0028	1,516.11	68.7813	1,516.11	72.7966	1,516.11	65.1158	1,516.11	73.7855	1,516.11	67.2503	1,516.11	76.1423	1,516.11	69.0574	1,516.11	74.2175	1,516.11	62.2354	1,516.11	61.361	1,516.11	55.1667	1,516.11	65.7732	1,516.11	66.128	1,516.11	64.0977	1,516.11	67.4241	1,516.11	72.9521	1,516.11	72.7232
1,568.85	86.2564	1,568.85	85.7575	1,568.85	84.7277	1,568.85	83.8644	1,568.85	81.631	1,568.85	81.1773	1,568.85	79.6039	1,568.85	77.9371	1,568.85	80.9236	1,568.85	75.9159	1,568.85	81.973	1,568.85	76.0037	1,568.85	80.885	1,568.85	76.2227	1,568.85	78.4172	1,568.85	76.4612	1,568.85	76.1163	1,568.85	77.0871	1,568.85	75.8383	1,568.85	76.9674	1,568.85	76.4312	1,568.85	75.8016	1,568.85	76.4509	1,568.85	70.8268	1,568.85	76.0642	1,568.85	67.7559	1,568.85	73.2863	1,568.85	67.8075	1,568.85	65.6612	1,568.85	58.8973	1,568.85	66.4805	1,568.85	67.5256	1,568.85	62.0261	1,568.85	69.6853	1,568.85	73.2746	1,568.85	73.3565
1,624.51	85.168	1,624.51	85.2693	1,624.51	84.1386	1,624.51	84.2189	1,624.51	82.2597	1,624.51	81.492	1,624.51	81.1505	1,624.51	78.5036	1,624.51	81.1209	1,624.51	75.5911	1,624.51	80.7042	1,624.51	73.2209	1,624.51	78.4964	1,624.51	72.1513	1,624.51	76.2006	1,624.51	72.1394	1,624.51	74.5694	1,624.51	72.7935	1,624.51	70.2322	1,624.51	72.9208	1,624.51	65.7335	1,624.51	73.7502	1,624.51	69.8768	1,624.51	70.1154	1,624.51	75.3068	1,624.51	64.6327	1,624.51	74.1469	1,624.51	68.2305	1,624.51	65.2736	1,624.51	64.1889	1,624.51	60.6149	1,624.51	68.74	1,624.51	64.8618	1,624.51	67.2669	1,624.51	72.1508	1,624.51	70.6949
1,681.64	85.6954	1,681.64	84.5218	1,681.64	84.2508	1,681.64	82.252	1,681.64	81.2408	1,681.64	81.1316	1,681.64	80.2623	1,681.64	80.5303	1,681.64	80.9504	1,681.64	78.1936	1,681.64	81.2946	1,681.64	74.4281	1,681.64	80.6376	1,681.64	70.9493	1,681.64	80.0222	1,681.64	68.5394	1,681.64	79.2772	1,681.64	68.4516	1,681.64	77.7056	1,681.64	68.8347	1,681.64	74.4822	1,681.64	65.6179	1,681.64	66.3808	1,681.64	64.6142	1,681.64	70.7336	1,681.64	64.0167	1,681.64	74.4311	1,681.64	64.1208	1,681.64	67.9641	1,681.64	62.7954	1,681.64	62.0516	1,681.64	64.8409	1,681.64	65.1111	1,681.64	67.9023	1,681.64	71.4041	1,681.64	69.1375
1,741.7	85.6361	1,741.7	84.9591	1,741.7	84.1656	1,741.7	82.6325	1,741.7	81.1756	1,741.7	80.0979	1,741.7	81.0271	1,741.7	78.6231	1,741.7	81.4783	1,741.7	78.398	1,741.7	80.3837	1,741.7	77.663	1,741.7	79.553	1,741.7	74.3886	1,741.7	78.786	1,741.7	71.2708	1,741.7	77.4119	1,741.7	68.1628	1,741.7	76.0915	1,741.7	66.2036	1,741.7	74.9212	1,741.7	65.897	1,741.7	73.1011	1,741.7	68.7528	1,741.7	72.435	1,741.7	70.4328	1,741.7	72.0944	1,741.7	68.3522	1,741.7	66.2091	1,741.7	59.5311	1,741.7	57.0213	1,741.7	62.9424	1,741.7	63.8018	1,741.7	67.7001	1,741.7	71.8932	1,741.7	70.2507
1,803.22	85.9082	1,803.22	84.9583	1,803.22	84.922	1,803.22	83.0766	1,803.22	81.3939	1,803.22	81.1471	1,803.22	80.3022	1,803.22	79.2432	1,803.22	81.4135	1,803.22	78.1766	1,803.22	81.069	1,803.22	77.076	1,803.22	79.905	1,803.22	73.868	1,803.22	77.1861	1,803.22	70.9204	1,803.22	76.489	1,803.22	72.5773	1,803.22	75.3267	1,803.22	72.9099	1,803.22	71.9723	1,803.22	68.925	1,803.22	68.7522	1,803.22	62.7246	1,803.22	71.9353	1,803.22	63.1197	1,803.22	72.8844	1,803.22	68.1885	1,803.22	70.7319	1,803.22	68.5368	1,803.22	52.4029	1,803.22	66.9477	1,803.22	36.9141	1,803.22	69.3468	1,803.22	65.8957	1,803.22	68.3087
1,866.21	85.6201	1,866.21	84.9118	1,866.21	85.0912	1,866.21	83.5774	1,866.21	82.5598	1,866.21	81.784	1,866.21	79.9457	1,866.21	78.9733	1,866.21	80.8951	1,866.21	77.2228	1,866.21	80.987	1,866.21	76.6272	1,866.21	81.221	1,866.21	75.3441	1,866.21	78.9059	1,866.21	73.6129	1,866.21	73.1072	1,866.21	71.5749	1,866.21	73.6345	1,866.21	71.0186	1,866.21	72.6289	1,866.21	70.5849	1,866.21	72.6026	1,866.21	68.3344	1,866.21	72.4677	1,866.21	69.4538	1,866.21	70.3848	1,866.21	68.9614	1,866.21	67.0342	1,866.21	68.3662	1,866.21	64.4953	1,866.21	64.2761	1,866.21	64.7729	1,866.21	66.3638	1,866.21	69.6969	1,866.21	66.8462
1,932.13	85.5141	1,932.13	84.3602	1,932.13	84.5734	1,932.13	83.2517	1,932.13	81.8561	1,932.13	81.9258	1,932.13	79.7722	1,932.13	80.4516	1,932.13	81.2987	1,932.13	80.3869	1,932.13	81.879	1,932.13	79.1467	1,932.13	79.4891	1,932.13	78.3416	1,932.13	74.7392	1,932.13	77.1384	1,932.13	65.7699	1,932.13	74.0286	1,932.13	68.1627	1,932.13	68.2279	1,932.13	69.607	1,932.13	68.7985	1,932.13	70.8623	1,932.13	72.5436	1,932.13	70.9198	1,932.13	69.8382	1,932.13	70.4562	1,932.13	66.3207	1,932.13	65.0132	1,932.13	66.3431	1,932.13	59.2458	1,932.13	65.0697	1,932.13	53.9706	1,932.13	69.6454	1,932.13	68.7686	1,932.13	70.458
1,999.51	84.8363	1,999.51	84.3693	1,999.51	84.4367	1,999.51	82.9455	1,999.51	82.3077	1,999.51	81.7176	1,999.51	80.5998	1,999.51	80.7891	1,999.51	80.4732	1,999.51	79.2486	1,999.51	80.4769	1,999.51	77.9643	1,999.51	79.4634	1,999.51	76.1403	1,999.51	78.3273	1,999.51	73.4204	1,999.51	74.166	1,999.51	71.4516	1,999.51	70.3531	1,999.51	72.2394	1,999.51	69.7362	1,999.51	69.9263	1,999.51	69.5477	1,999.51	70.8055	1,999.51	68.9911	1,999.51	69.3757	1,999.51	68.0056	1,999.51	67.8582	1,999.51	65.2389	1,999.51	67.3781	1,999.51	52.8923	1,999.51	63.6528	1,999.51	62.4075	1,999.51	68.0985	1,999.51	70.673	1,999.51	68.7604
2,069.82	85.2565	2,069.82	84.5479	2,069.82	84.8732	2,069.82	83.0093	2,069.82	82.6149	2,069.82	81.7574	2,069.82	81.0621	2,069.82	80.3516	2,069.82	81.0931	2,069.82	79.4632	2,069.82	80.7523	2,069.82	78.4735	2,069.82	79.3533	2,069.82	76.855	2,069.82	77.8337	2,069.82	75.9331	2,069.82	75.1304	2,069.82	73.921	2,069.82	71.519	2,069.82	72.4505	2,069.82	70.7404	2,069.82	69.9138	2,069.82	67.8019	2,069.82	67.5356	2,069.82	68.0593	2,069.82	69.7349	2,069.82	68.4347	2,069.82	68.0869	2,069.82	65.8917	2,069.82	67.3823	2,069.82	44.498	2,069.82	63.1722	2,069.82	64.1733	2,069.82	67.8699	2,069.82	70.9398	2,069.82	68.2114
2,143.07	84.8979	2,143.07	84.62	2,143.07	84.8317	2,143.07	83.3764	2,143.07	83.2652	2,143.07	82.1113	2,143.07	80.625	2,143.07	80.074	2,143.07	80.7654	2,143.07	79.6802	2,143.07	80.4347	2,143.07	78.7823	2,143.07	79.251	2,143.07	76.0321	2,143.07	76.3856	2,143.07	72.8276	2,143.07	73.8385	2,143.07	70.7267	2,143.07	71.823	2,143.07	67.0109	2,143.07	70.4888	2,143.07	69.5092	2,143.07	68.8895	2,143.07	66.0471	2,143.07	69.7421	2,143.07	67.9319	2,143.07	67.2797	2,143.07	66.9715	2,143.07	64.6856	2,143.07	67.6535	2,143.07	48.7648	2,143.07	64.9951	2,143.07	65.7195	2,143.07	68.0602	2,143.07	70.2582	2,143.07	66.81
2,219.24	84.0944	2,219.24	83.9097	2,219.24	84.1079	2,219.24	83.7363	2,219.24	83.5516	2,219.24	82.016	2,219.24	80.8953	2,219.24	81.1787	2,219.24	80.7394	2,219.24	80.0421	2,219.24	80.5372	2,219.24	77.0457	2,219.24	78.9417	2,219.24	75.6541	2,219.24	76.6676	2,219.24	71.751	2,219.24	72.9491	2,219.24	69.8214	2,219.24	69.9446	2,219.24	70.4135	2,219.24	70.1042	2,219.24	66.3693	2,219.24	69.6898	2,219.24	67.5127	2,219.24	70.8607	2,219.24	65.8092	2,219.24	68.0716	2,219.24	67.2641	2,219.24	62.505	2,219.24	65.1128	2,219.24	59.126	2,219.24	65.4523	2,219.24	65.6386	2,219.24	66.9673	2,219.24	67.2088	2,219.24	65.842
2,296.88	84.5543	2,296.88	84.3655	2,296.88	84.1192	2,296.88	83.292	2,296.88	83.2977	2,296.88	82.3161	2,296.88	81.2089	2,296.88	81.9401	2,296.88	79.9921	2,296.88	78.8226	2,296.88	80.3343	2,296.88	76.41	2,296.88	78.8183	2,296.88	73.7503	2,296.88	76.4823	2,296.88	73.4957	2,296.88	70.5449	2,296.88	73.0293	2,296.88	66.2409	2,296.88	71.855	2,296.88	69.5483	2,296.88	67.2544	2,296.88	71.2119	2,296.88	66.899	2,296.88	70.2118	2,296.88	65.258	2,296.88	67.1648	2,296.88	67.3737	2,296.88	65.1091	2,296.88	64.2438	2,296.88	60.0655	2,296.88	64.5463	2,296.88	64.7414	2,296.88	66.7315	2,296.88	68.4228	2,296.88	68.8994
2,378.91	85.1573	2,378.91	85.111	2,378.91	84.9965	2,378.91	83.7098	2,378.91	83.8417	2,378.91	82.7725	2,378.91	81.5548	2,378.91	80.7931	2,378.91	79.9682	2,378.91	78.8832	2,378.91	79.9082	2,378.91	77.3593	2,378.91	78.7716	2,378.91	75.3745	2,378.91	77.1461	2,378.91	73.1166	2,378.91	74.2853	2,378.91	69.3854	2,378.91	70.2883	2,378.91	69.1985	2,378.91	67.6127	2,378.91	68.7933	2,378.91	68.6834	2,378.91	63.9555	2,378.91	70.7736	2,378.91	66.654	2,378.91	68.4968	2,378.91	65.4797	2,378.91	65.5769	2,378.91	65.2637	2,378.91	57.9878	2,378.91	65.8236	2,378.91	63.3617	2,378.91	66.8589	2,378.91	69.1733	2,378.91	68.8727
2,462.4	84.4755	2,462.4	84.7949	2,462.4	84.2833	2,462.4	84.3091	2,462.4	84.6881	2,462.4	83.1024	2,462.4	81.8208	2,462.4	80.2814	2,462.4	79.342	2,462.4	79.0714	2,462.4	79.5398	2,462.4	77.0999	2,462.4	78.7129	2,462.4	73.7266	2,462.4	77.2317	2,462.4	72.399	2,462.4	74.1303	2,462.4	70.5989	2,462.4	70.1247	2,462.4	67.9695	2,462.4	71.1078	2,462.4	69.0193	2,462.4	68.3131	2,462.4	66.0168	2,462.4	70.9048	2,462.4	66.3679	2,462.4	68.5228	2,462.4	66.6574	2,462.4	65.9667	2,462.4	64.8221	2,462.4	58.8204	2,462.4	63.9182	2,462.4	64.1875	2,462.4	66.3197	2,462.4	68.3453	2,462.4	67.2235
2,548.83	84.418	2,548.83	84.4502	2,548.83	83.626	2,548.83	84.1974	2,548.83	83.638	2,548.83	82.6744	2,548.83	82.5169	2,548.83	81.1498	2,548.83	79.5839	2,548.83	78.7348	2,548.83	79.0995	2,548.83	76.0944	2,548.83	78.1891	2,548.83	75.5201	2,548.83	76.2806	2,548.83	72.6124	2,548.83	73.4825	2,548.83	71.9091	2,548.83	69.1637	2,548.83	71.6229	2,548.83	68.7818	2,548.83	68.549	2,548.83	69.6707	2,548.83	67.8433	2,548.83	69.517	2,548.83	63.9816	2,548.83	67.035	2,548.83	66.5941	2,548.83	65.7104	2,548.83	64.6608	2,548.83	61.517	2,548.83	64.9614	2,548.83	62.3485	2,548.83	65.0484	2,548.83	66.7572	2,548.83	66.079
2,639.65	85.0977	2,639.65	85.3248	2,639.65	84.1104	2,639.65	84.0667	2,639.65	83.3619	2,639.65	82.6032	2,639.65	81.405	2,639.65	80.8413	2,639.65	79.8516	2,639.65	78.8808	2,639.65	79.1711	2,639.65	78.0009	2,639.65	78.2485	2,639.65	75.9576	2,639.65	75.9848	2,639.65	75.5412	2,639.65	75.3014	2,639.65	73.2235	2,639.65	71.1648	2,639.65	69.5607	2,639.65	68.0963	2,639.65	67.6065	2,639.65	61.957	2,639.65	66.2596	2,639.65	67.7364	2,639.65	65.9301	2,639.65	63.229	2,639.65	65.9805	2,639.65	65.2026	2,639.65	65.0335	2,639.65	58.3359	2,639.65	65.4558	2,639.65	61.979	2,639.65	66.5038	2,639.65	65.5407	2,639.65	68.0533
2,731.93	84.8309	2,731.93	85.124	2,731.93	84.2686	2,731.93	84.5465	2,731.93	84.3904	2,731.93	82.7214	2,731.93	81.5559	2,731.93	79.9458	2,731.93	79.0392	2,731.93	79.2306	2,731.93	79.739	2,731.93	78.4185	2,731.93	78.7429	2,731.93	74.9091	2,731.93	76.4726	2,731.93	71.1142	2,731.93	72.3833	2,731.93	72.0433	2,731.93	69.7866	2,731.93	68.7198	2,731.93	69.7812	2,731.93	68.6311	2,731.93	63.8744	2,731.93	65.4445	2,731.93	65.9412	2,731.93	65.2874	2,731.93	64.4387	2,731.93	64.4222	2,731.93	60.3889	2,731.93	64.6692	2,731.93	61.4316	2,731.93	64.5636	2,731.93	62.5825	2,731.93	66.51	2,731.93	66.8894	2,731.93	69.4424
2,828.61	84.483	2,828.61	84.4445	2,828.61	83.1876	2,828.61	84.3307	2,828.61	84.0214	2,828.61	82.714	2,828.61	83.0879	2,828.61	80.7394	2,828.61	78.603	2,828.61	79.8094	2,828.61	79.6071	2,828.61	77.9005	2,828.61	78.1194	2,828.61	75.2983	2,828.61	75.701	2,828.61	71.2114	2,828.61	74.3265	2,828.61	71.5059	2,828.61	65.455	2,828.61	68.7836	2,828.61	63.347	2,828.61	67.5161	2,828.61	68.0703	2,828.61	64.2482	2,828.61	69.3373	2,828.61	65.0781	2,828.61	64.6974	2,828.61	63.3755	2,828.61	56.3114	2,828.61	63.4684	2,828.61	61.5449	2,828.61	61.7634	2,828.61	62.4563	2,828.61	66.0412	2,828.61	65.5815	2,828.61	67.7579
2,928.22	84.9039	2,928.22	84.9698	2,928.22	83.9417	2,928.22	84.0359	2,928.22	83.2381	2,928.22	81.794	2,928.22	83.0802	2,928.22	81.1771	2,928.22	78.9344	2,928.22	80.029	2,928.22	78.7401	2,928.22	76.332	2,928.22	78.9125	2,928.22	73.7786	2,928.22	76.5341	2,928.22	71.8521	2,928.22	74.0996	2,928.22	68.494	2,928.22	58.5741	2,928.22	67.042	2,928.22	63.5045	2,928.22	64.1885	2,928.22	68.5135	2,928.22	62.7332	2,928.22	70.0564	2,928.22	61.6912	2,928.22	60.9361	2,928.22	63.1213	2,928.22	56.237	2,928.22	62.5234	2,928.22	62.3904	2,928.22	60.6734	2,928.22	58.9878	2,928.22	61.3142	2,928.22	64.4413	2,928.22	67.2951
3,030.76	84.7816	3,030.76	85.3135	3,030.76	84.1493	3,030.76	84.258	3,030.76	83.1357	3,030.76	81.9636	3,030.76	82.1366	3,030.76	81.3727	3,030.76	79.4226	3,030.76	78.8266	3,030.76	78.0503	3,030.76	76.5705	3,030.76	78.4062	3,030.76	73.2706	3,030.76	76.5894	3,030.76	70.7104	3,030.76	72.5232	3,030.76	70.7238	3,030.76	68.415	3,030.76	69.136	3,030.76	68.156	3,030.76	67.7548	3,030.76	70.654	3,030.76	65.7699	3,030.76	66.165	3,030.76	60.5159	3,030.76	65.4699	3,030.76	61.9319	3,030.76	57.1156	3,030.76	64.0472	3,030.76	62.3246	3,030.76	60.957	3,030.76	58.013	3,030.76	64.5224	3,030.76	63.4787	3,030.76	65.6168
3,137.7	84.4418	3,137.7	84.8071	3,137.7	83.6742	3,137.7	83.6696	3,137.7	83.5626	3,137.7	82.295	3,137.7	82.1972	3,137.7	81.0045	3,137.7	78.9253	3,137.7	78.5006	3,137.7	78.4209	3,137.7	75.9665	3,137.7	78.6856	3,137.7	72.9992	3,137.7	77.2077	3,137.7	73.3535	3,137.7	74.0029	3,137.7	70.9708	3,137.7	72.9193	3,137.7	68.0381	3,137.7	68.5748	3,137.7	66.2825	3,137.7	67.2115	3,137.7	64.4926	3,137.7	63.8293	3,137.7	60.5451	3,137.7	64.7135	3,137.7	62.4303	3,137.7	54.4161	3,137.7	62.1674	3,137.7	61.8198	3,137.7	61.4948	3,137.7	59.2742	3,137.7	64.8336	3,137.7	63.2921	3,137.7	67.3259
3,249.02	84.356	3,249.02	84.8414	3,249.02	83.7787	3,249.02	83.0534	3,249.02	83.1509	3,249.02	82.5663	3,249.02	82.644	3,249.02	80.5099	3,249.02	79.0931	3,249.02	78.161	3,249.02	78.2059	3,249.02	75.4539	3,249.02	78.7669	3,249.02	74.6234	3,249.02	77.4431	3,249.02	69.2779	3,249.02	75.5204	3,249.02	68.326	3,249.02	73.828	3,249.02	68.1744	3,249.02	67.938	3,249.02	66.952	3,249.02	66.9137	3,249.02	65.3409	3,249.02	64.5154	3,249.02	61.7913	3,249.02	64.4408	3,249.02	62.0231	3,249.02	54.6692	3,249.02	60.3576	3,249.02	63.3262	3,249.02	60.2877	3,249.02	52.4054	3,249.02	62.6712	3,249.02	64.4384	3,249.02	66.7755
3,363.28	84.8603	3,363.28	85.0937	3,363.28	84.0513	3,363.28	83.5303	3,363.28	83.5328	3,363.28	82.2983	3,363.28	82.7381	3,363.28	79.6547	3,363.28	79.4304	3,363.28	77.8404	3,363.28	77.4941	3,363.28	76.1283	3,363.28	78.9804	3,363.28	72.1466	3,363.28	77.5475	3,363.28	72.9418	3,363.28	75.3144	3,363.28	71.7985	3,363.28	73.2158	3,363.28	68.4584	3,363.28	67.7475	3,363.28	65.296	3,363.28	64.9238	3,363.28	64.2923	3,363.28	65.0157	3,363.28	61.1287	3,363.28	63.1393	3,363.28	60.4345	3,363.28	56.7731	3,363.28	60.8785	3,363.28	63.8374	3,363.28	60.1538	3,363.28	56.087	3,363.28	61.9192	3,363.28	62.1105	3,363.28	65.5726
3,481.93	84.9477	3,481.93	84.5587	3,481.93	83.5593	3,481.93	83.9282	3,481.93	83.2966	3,481.93	82.1482	3,481.93	82.4863	3,481.93	79.7493	3,481.93	79.1307	3,481.93	77.6468	3,481.93	77.0564	3,481.93	76.3533	3,481.93	78.8189	3,481.93	74.2509	3,481.93	77.0679	3,481.93	73.5306	3,481.93	74.3164	3,481.93	67.333	3,481.93	70.034	3,481.93	68.8313	3,481.93	65.2076	3,481.93	65.6677	3,481.93	64.9135	3,481.93	65.1356	3,481.93	63.6078	3,481.93	61.5616	3,481.93	57.8228	3,481.93	61.5648	3,481.93	55.6945	3,481.93	61.9968	3,481.93	62.3437	3,481.93	59.8649	3,481.93	56.1255	3,481.93	62.6073	3,481.93	60.375	3,481.93	64.9151
3,604.98	84.8152	3,604.98	84.4797	3,604.98	83.7594	3,604.98	83.4503	3,604.98	82.8376	3,604.98	81.7685	3,604.98	82.4719	3,604.98	79.5625	3,604.98	78.9166	3,604.98	78.2053	3,604.98	76.1037	3,604.98	76.258	3,604.98	79.0153	3,604.98	73.5794	3,604.98	77.3585	3,604.98	70.8202	3,604.98	74.2419	3,604.98	71.6809	3,604.98	60.6297	3,604.98	69.0442	3,604.98	62.0872	3,604.98	66.4344	3,604.98	63.5856	3,604.98	64.5762	3,604.98	64.1685	3,604.98	60.3952	3,604.98	59.6809	3,604.98	61.9409	3,604.98	57.5128	3,604.98	61.3331	3,604.98	61.1532	3,604.98	56.6302	3,604.98	55.2743	3,604.98	62.8415	3,604.98	61.1397	3,604.98	64.806
3,732.42	85.0641	3,732.42	84.7518	3,732.42	84.0003	3,732.42	83.905	3,732.42	82.5125	3,732.42	81.4364	3,732.42	82.3727	3,732.42	79.7123	3,732.42	79.6934	3,732.42	77.9318	3,732.42	75.4952	3,732.42	76.768	3,732.42	78.3976	3,732.42	73.284	3,732.42	77.17	3,732.42	72.7124	3,732.42	71.4913	3,732.42	67.2597	3,732.42	66.0723	3,732.42	66.8949	3,732.42	38.1123	3,732.42	65.9141	3,732.42	63.956	3,732.42	63.7357	3,732.42	64.3199	3,732.42	59.9612	3,732.42	59.4331	3,732.42	61.7746	3,732.42	58.6393	3,732.42	61.7212	3,732.42	61.921	3,732.42	55.5559	3,732.42	54.039	3,732.42	61.8548	3,732.42	59.8739	3,732.42	64.9811
3,864.26	85.1469	3,864.26	84.8292	3,864.26	84.548	3,864.26	83.6893	3,864.26	83	3,864.26	81.4661	3,864.26	81.9747	3,864.26	79.8808	3,864.26	79.2103	3,864.26	78.5137	3,864.26	74.7696	3,864.26	75.1956	3,864.26	77.5548	3,864.26	73.3401	3,864.26	77.0942	3,864.26	70.4537	3,864.26	71.7611	3,864.26	68.4103	3,864.26	69.6774	3,864.26	68.1798	3,864.26	56.3236	3,864.26	65.8738	3,864.26	59.3039	3,864.26	65.1354	3,864.26	63.8768	3,864.26	61.1214	3,864.26	60.6913	3,864.26	60.9868	3,864.26	60.1295	3,864.26	61.4191	3,864.26	60.9641	3,864.26	57.2663	3,864.26	55.4833	3,864.26	61.7553	3,864.26	60.9348	3,864.26	64.2511
4,000.49	84.8917	4,000.49	84.6399	4,000.49	84.2983	4,000.49	83.5528	4,000.49	82.6794	4,000.49	81.3954	4,000.49	82.3924	4,000.49	80.1782	4,000.49	79.7064	4,000.49	77.8991	4,000.49	74.8634	4,000.49	75.6889	4,000.49	76.917	4,000.49	73.1897	4,000.49	75.72	4,000.49	72.2715	4,000.49	70.8717	4,000.49	69.9697	4,000.49	68.9051	4,000.49	67.531	4,000.49	59.0451	4,000.49	67.0904	4,000.49	55.9077	4,000.49	64.1171	4,000.49	64.3797	4,000.49	61.5956	4,000.49	61.0976	4,000.49	60.1274	4,000.49	56.8513	4,000.49	61.3675	4,000.49	59.9937	4,000.49	54.8763	4,000.49	55.2121	4,000.49	61.7097	4,000.49	60.1506	4,000.49	63.5162
4,141.11	85.3169	4,141.11	85.007	4,141.11	84.7405	4,141.11	83.7058	4,141.11	82	4,141.11	81.5945	4,141.11	81.5561	4,141.11	80.2442	4,141.11	80.0182	4,141.11	77.9827	4,141.11	74.6362	4,141.11	75.3897	4,141.11	77.2855	4,141.11	73.3584	4,141.11	74.3063	4,141.11	70.9912	4,141.11	69.1777	4,141.11	68.1483	4,141.11	71.5364	4,141.11	67.8878	4,141.11	66.0377	4,141.11	65.8511	4,141.11	56.9685	4,141.11	64.898	4,141.11	61.1631	4,141.11	62.2683	4,141.11	58.8375	4,141.11	62.5799	4,141.11	55.9015	4,141.11	59.8802	4,141.11	60.0616	4,141.11	55.7693	4,141.11	58.1939	4,141.11	61.8135	4,141.11	58.0293	4,141.11	64.5527
4,287.6	84.6839	4,287.6	84.6101	4,287.6	84.5229	4,287.6	83.2008	4,287.6	82.5207	4,287.6	81.6102	4,287.6	81.0253	4,287.6	79.7354	4,287.6	79.8347	4,287.6	77.9096	4,287.6	74.4867	4,287.6	76.3693	4,287.6	75.3678	4,287.6	73.7272	4,287.6	72.4273	4,287.6	72.4108	4,287.6	73.5901	4,287.6	71.1979	4,287.6	72.7081	4,287.6	66.8934	4,287.6	64.0934	4,287.6	66.5953	4,287.6	54.4969	4,287.6	61.7616	4,287.6	60.5728	4,287.6	61.8957	4,287.6	61.3267	4,287.6	60.8213	4,287.6	59.8249	4,287.6	60.9961	4,287.6	58.9312	4,287.6	57.3453	4,287.6	58.4725	4,287.6	59.6401	4,287.6	59.0373	4,287.6	63.2249
4,438.48	84.4486	4,438.48	84.8246	4,438.48	84.8326	4,438.48	83.1558	4,438.48	82.5266	4,438.48	81.8786	4,438.48	81.3151	4,438.48	79.7158	4,438.48	80.0009	4,438.48	78.1073	4,438.48	75.1287	4,438.48	75.6474	4,438.48	72.6898	4,438.48	72.9334	4,438.48	75.3125	4,438.48	70.1701	4,438.48	74.9731	4,438.48	66.6675	4,438.48	71.1609	4,438.48	67.3885	4,438.48	61.107	4,438.48	63.0913	4,438.48	58.543	4,438.48	62.6586	4,438.48	55.5586	4,438.48	60.0908	4,438.48	62.2626	4,438.48	58.9112	4,438.48	54.2671	4,438.48	59.668	4,438.48	57.3491	4,438.48	55.225	4,438.48	56.2805	4,438.48	58.1056	4,438.48	56.0786	4,438.48	63.3758
4,595.21	85.2881	4,595.21	85.2198	4,595.21	84.999	4,595.21	83.4506	4,595.21	82.45	4,595.21	81.481	4,595.21	81.33	4,595.21	79.6322	4,595.21	80.0569	4,595.21	78.1671	4,595.21	74.6411	4,595.21	75.7871	4,595.21	73.8181	4,595.21	71.6019	4,595.21	78.7682	4,595.21	70.7589	4,595.21	75.4375	4,595.21	67.053	4,595.21	67.2535	4,595.21	63.7587	4,595.21	51.863	4,595.21	64.2762	4,595.21	64.1133	4,595.21	62.7789	4,595.21	37.7554	4,595.21	59.0911	4,595.21	58.0404	4,595.21	57.2815	4,595.21	52.7273	4,595.21	58.5491	4,595.21	58.0908	4,595.21	52.341	4,595.21	56.8086	4,595.21	56.4935	4,595.21	57.5282	4,595.21	61.6007
4,756.35	84.9104	4,756.35	84.9442	4,756.35	85.0526	4,756.35	83.4546	4,756.35	83.2235	4,756.35	81.4573	4,756.35	80.3119	4,756.35	80.0128	4,756.35	80.4473	4,756.35	78.3723	4,756.35	74.7193	4,756.35	75.0537	4,756.35	76.4524	4,756.35	71.7886	4,756.35	78.9107	4,756.35	69.2265	4,756.35	71.8947	4,756.35	68.2385	4,756.35	66.0277	4,756.35	66.4102	4,756.35	57.4189	4,756.35	62.4017	4,756.35	63.6164	4,756.35	62.6086	4,756.35	52.2742	4,756.35	60.6973	4,756.35	56.8907	4,756.35	59.9634	4,756.35	48.4018	4,756.35	56.3293	4,756.35	50.9099	4,756.35	55.8264	4,756.35	57.2969	4,756.35	57.2139	4,756.35	56.9996	4,756.35	62.3887
4,924.8	85.9342	4,924.8	85.5114	4,924.8	85.4118	4,924.8	83.6457	4,924.8	83.2472	4,924.8	81.7392	4,924.8	80.5275	4,924.8	80.0067	4,924.8	80.5335	4,924.8	78.7691	4,924.8	76.915	4,924.8	74.8698	4,924.8	76.8794	4,924.8	72.8351	4,924.8	77.49	4,924.8	70.8577	4,924.8	70.6633	4,924.8	68.0736	4,924.8	68.8137	4,924.8	66.2822	4,924.8	63.4228	4,924.8	63.8994	4,924.8	62.3647	4,924.8	62.9244	4,924.8	57.5454	4,924.8	61.3549	4,924.8	57.9715	4,924.8	55.3588	4,924.8	57.3148	4,924.8	59.8294	4,924.8	57.3615	4,924.8	52.7574	4,924.8	56.5503	4,924.8	52.0373	4,924.8	54.835	4,924.8	60.7733
5,097.66	85.5642	5,097.66	84.8775	5,097.66	84.8514	5,097.66	83.849	5,097.66	83.811	5,097.66	81.8659	5,097.66	81.4747	5,097.66	80.906	5,097.66	81.1657	5,097.66	79.0902	5,097.66	77.7808	5,097.66	75.9961	5,097.66	76.4434	5,097.66	73.2188	5,097.66	74.6545	5,097.66	70.0273	5,097.66	71.1258	5,097.66	67.5916	5,097.66	66.3421	5,097.66	64.3629	5,097.66	63.8926	5,097.66	64.1474	5,097.66	55.5966	5,097.66	61.5003	5,097.66	55.307	5,097.66	61.456	5,097.66	57.0065	5,097.66	59.3015	5,097.66	60.2839	5,097.66	58.4954	5,097.66	57.5897	5,097.66	54.2253	5,097.66	57.9083	5,097.66	56.3954	5,097.66	57.2953	5,097.66	61.1575
5,277.83	86.0208	5,277.83	85.4684	5,277.83	85.5555	5,277.83	83.8226	5,277.83	83.6242	5,277.83	81.741	5,277.83	81.3984	5,277.83	80.8002	5,277.83	81.3587	5,277.83	78.6103	5,277.83	78.0186	5,277.83	75.8343	5,277.83	74.4263	5,277.83	72.3842	5,277.83	73.7728	5,277.83	69.5058	5,277.83	72.3604	5,277.83	65.9625	5,277.83	69.2561	5,277.83	65.4705	5,277.83	62.9707	5,277.83	62.8864	5,277.83	57.8274	5,277.83	62.5963	5,277.83	52.4823	5,277.83	58.8491	5,277.83	54.3855	5,277.83	56.5984	5,277.83	58.081	5,277.83	59.9505	5,277.83	52.77	5,277.83	54.2444	5,277.83	54.7225	5,277.83	45.8554	5,277.83	52.6947	5,277.83	58.1882
5,463.87	85.4658	5,463.87	84.7971	5,463.87	84.7172	5,463.87	83.3698	5,463.87	83.6595	5,463.87	82.3196	5,463.87	81.5498	5,463.87	80.6545	5,463.87	80.1105	5,463.87	78.9346	5,463.87	76.8752	5,463.87	74.9755	5,463.87	71.8822	5,463.87	71.9622	5,463.87	72.6909	5,463.87	69.6561	5,463.87	71.544	5,463.87	66.6638	5,463.87	68.9886	5,463.87	64.6384	5,463.87	64.739	5,463.87	62.0786	5,463.87	49.8142	5,463.87	61.826	5,463.87	50.0757	5,463.87	59.8367	5,463.87	49.5516	5,463.87	57.5043	5,463.87	51.5922	5,463.87	58.7066	5,463.87	53.2549	5,463.87	51.8885	5,463.87	53.807	5,463.87	51.6025	5,463.87	54.4549	5,463.87	57.5649
5,657.23	85.2353	5,657.23	84.799	5,657.23	84.9152	5,657.23	83.2714	5,657.23	83.465	5,657.23	82.1964	5,657.23	81.6055	5,657.23	80.0338	5,657.23	80.2613	5,657.23	78.4422	5,657.23	77.5117	5,657.23	74.7403	5,657.23	71.8453	5,657.23	71.5662	5,657.23	74.2877	5,657.23	68.8432	5,657.23	69.532	5,657.23	64.1876	5,657.23	69.0482	5,657.23	63.7323	5,657.23	65.039	5,657.23	61.6046	5,657.23	54.3897	5,657.23	60.7601	5,657.23	46.4854	5,657.23	59.2445	5,657.23	54.3532	5,657.23	58.5195	5,657.23	55.7301	5,657.23	57.8238	5,657.23	53.5414	5,657.23	50.2819	5,657.23	55.5397	5,657.23	49.9314	5,657.23	52.8555	5,657.23	58.2577
5,856.45	84.7297	5,856.45	84.5466	5,856.45	84.7773	5,856.45	83.1741	5,856.45	83.0174	5,856.45	82.1377	5,856.45	81.556	5,856.45	79.7543	5,856.45	79.5291	5,856.45	78.1499	5,856.45	76.5097	5,856.45	74.1453	5,856.45	70.7498	5,856.45	70.427	5,856.45	74.0433	5,856.45	67.193	5,856.45	69.1829	5,856.45	63.1062	5,856.45	67.4742	5,856.45	63.2342	5,856.45	64.4305	5,856.45	59.3462	5,856.45	55.3061	5,856.45	61.4355	5,856.45	51.133	5,856.45	57.403	5,856.45	54.9194	5,856.45	58.3916	5,856.45	56.3543	5,856.45	58.1726	5,856.45	39.5016	5,856.45	52.5966	5,856.45	55.9385	5,856.45	46.9106	5,856.45	51.496	5,856.45	56.7916
6,062.99	84.8792	6,062.99	84.1768	6,062.99	84.444	6,062.99	83.4348	6,062.99	83.1919	6,062.99	81.5455	6,062.99	81.4629	6,062.99	79.9839	6,062.99	79.5754	6,062.99	77.7052	6,062.99	77.4718	6,062.99	73.3019	6,062.99	71.2863	6,062.99	69.4779	6,062.99	74.0291	6,062.99	67.1466	6,062.99	70.3756	6,062.99	64.4465	6,062.99	69.1819	6,062.99	62.735	6,062.99	54.8447	6,062.99	61.4091	6,062.99	54.8756	6,062.99	61.5988	6,062.99	53.9238	6,062.99	57.6063	6,062.99	50.4852	6,062.99	60.2064	6,062.99	56.3152	6,062.99	58.2113	6,062.99	49.5496	6,062.99	56.0512	6,062.99	55.0518	6,062.99	44.6274	6,062.99	51.0343	6,062.99	57.0306
6,276.86	83.9604	6,276.86	83.3183	6,276.86	83.8489	6,276.86	83.428	6,276.86	83.3397	6,276.86	81.5058	6,276.86	82.0038	6,276.86	80.1866	6,276.86	79.2109	6,276.86	77.0904	6,276.86	76.6388	6,276.86	72.6094	6,276.86	70.1636	6,276.86	70.8443	6,276.86	73.9126	6,276.86	66.8933	6,276.86	72.1344	6,276.86	66.1746	6,276.86	68.2141	6,276.86	62.4517	6,276.86	55.6119	6,276.86	62.1959	6,276.86	53.2104	6,276.86	61.4725	6,276.86	48.2341	6,276.86	58.31	6,276.86	55.191	6,276.86	59.9662	6,276.86	56.9909	6,276.86	58.8526	6,276.86	52.418	6,276.86	56.5011	6,276.86	52.0565	6,276.86	36.4256	6,276.86	50.6675	6,276.86	56.2931
6,498.05	83.3669	6,498.05	83.5493	6,498.05	83.8874	6,498.05	83.2206	6,498.05	83.2187	6,498.05	81.554	6,498.05	81.6974	6,498.05	80.024	6,498.05	79.9461	6,498.05	76.9215	6,498.05	76.3686	6,498.05	72.2584	6,498.05	72.051	6,498.05	71.0518	6,498.05	73.9111	6,498.05	66.0131	6,498.05	70.4204	6,498.05	65.3194	6,498.05	65.3262	6,498.05	60.6602	6,498.05	49.0943	6,498.05	61.2463	6,498.05	53.9715	6,498.05	59.657	6,498.05	50.5914	6,498.05	57.568	6,498.05	53.1327	6,498.05	58.5775	6,498.05	51.5879	6,498.05	58.5209	6,498.05	49.1526	6,498.05	57.0102	6,498.05	49.1418	6,498.05	44.611	6,498.05	48.4643	6,498.05	55.5526
6,726.56	83.208	6,726.56	83.4244	6,726.56	83.9495	6,726.56	82.8269	6,726.56	83.2184	6,726.56	81.8699	6,726.56	81.6321	6,726.56	79.3722	6,726.56	79.6624	6,726.56	76.899	6,726.56	76.2565	6,726.56	72.3091	6,726.56	71.8681	6,726.56	70.3717	6,726.56	73.4213	6,726.56	66.7038	6,726.56	66.0069	6,726.56	64.6644	6,726.56	66.795	6,726.56	60.539	6,726.56	58.4964	6,726.56	60.9175	6,726.56	44.0778	6,726.56	59.4994	6,726.56	49.5159	6,726.56	56.5279	6,726.56	48.2242	6,726.56	59.1586	6,726.56	56.0367	6,726.56	59.1595	6,726.56	41.1282	6,726.56	57.1003	6,726.56	48.4677	6,726.56	43.6436	6,726.56	49.1379	6,726.56	52.6166
6,963.87	82.8689	6,963.87	83.2906	6,963.87	83.6591	6,963.87	82.8236	6,963.87	83.5104	6,963.87	81.6646	6,963.87	82.1459	6,963.87	79.633	6,963.87	79.3554	6,963.87	76.3433	6,963.87	76.4621	6,963.87	72.8226	6,963.87	73.009	6,963.87	70.9164	6,963.87	68.774	6,963.87	67.6438	6,963.87	69.9446	6,963.87	65.3371	6,963.87	65.8187	6,963.87	61.3523	6,963.87	38.3125	6,963.87	60.5253	6,963.87	50.6695	6,963.87	59.2853	6,963.87	29.3147	6,963.87	57.6443	6,963.87	51.4449	6,963.87	58.7238	6,963.87	57.4401	6,963.87	58.517	6,963.87	50.9625	6,963.87	57.5879	6,963.87	52.0691	6,963.87	39.4173	6,963.87	46.9006	6,963.87	51.9196
7,209.96	82.9016	7,209.96	83.4687	7,209.96	83.8739	7,209.96	83.2424	7,209.96	83.5449	7,209.96	81.5842	7,209.96	82.0086	7,209.96	79.566	7,209.96	79.5349	7,209.96	76.056	7,209.96	76.6394	7,209.96	73.1428	7,209.96	73.1898	7,209.96	70.8696	7,209.96	63.1802	7,209.96	66.5496	7,209.96	73.1927	7,209.96	64.3978	7,209.96	66.0892	7,209.96	60.1263	7,209.96	46.9071	7,209.96	59.7354	7,209.96	59.1881	7,209.96	57.0863	7,209.96	43.4287	7,209.96	57.1435	7,209.96	47.4003	7,209.96	57.5735	7,209.96	52.3942	7,209.96	57.4379	7,209.96	47.2258	7,209.96	56.3563	7,209.96	48.3118	7,209.96	41.5309	7,209.96	46.6032	7,209.96	53.3375
7,464.84	83.2959	7,464.84	83.6979	7,464.84	83.9263	7,464.84	83.3049	7,464.84	83.6954	7,464.84	81.771	7,464.84	81.9878	7,464.84	78.8505	7,464.84	78.886	7,464.84	76.4336	7,464.84	76.9203	7,464.84	72.4336	7,464.84	71.368	7,464.84	69.9552	7,464.84	69.7223	7,464.84	64.3165	7,464.84	73.2623	7,464.84	63.375	7,464.84	64.0034	7,464.84	59.5662	7,464.84	58.3195	7,464.84	60.0955	7,464.84	58.9651	7,464.84	57.4182	7,464.84	36.8271	7,464.84	56.4032	7,464.84	51.0712	7,464.84	57.3017	7,464.84	46.4687	7,464.84	57.1874	7,464.84	49.6945	7,464.84	57.1751	7,464.84	49.4602	7,464.84	47.6103	7,464.84	46.1758	7,464.84	52.9737
7,727.05	83.0711	7,727.05	83.6981	7,727.05	83.9697	7,727.05	83.5088	7,727.05	84.0405	7,727.05	81.5132	7,727.05	81.7546	7,727.05	78.6777	7,727.05	78.5287	7,727.05	76.5753	7,727.05	76.4266	7,727.05	72.1358	7,727.05	71.3441	7,727.05	69.7241	7,727.05	70.8516	7,727.05	63.8841	7,727.05	69.7234	7,727.05	63.3996	7,727.05	62.4833	7,727.05	58.458	7,727.05	49.5592	7,727.05	59.0996	7,727.05	53.4185	7,727.05	57.4825	7,727.05	43.0085	7,727.05	57.5791	7,727.05	52.7663	7,727.05	56.9849	7,727.05	52.2063	7,727.05	57.6638	7,727.05	45.7705	7,727.05	57.9965	7,727.05	45.9673	7,727.05	45.9157	7,727.05	44.1047	7,727.05	52.522
7,999.51	83.2414	7,999.51	83.6603	7,999.51	84.0532	7,999.51	83.6475	7,999.51	84.0955	7,999.51	80.9903	7,999.51	81.8007	7,999.51	78.866	7,999.51	78.552	7,999.51	76.2099	7,999.51	75.6453	7,999.51	71.9938	7,999.51	73.0039	7,999.51	68.9164	7,999.51	68.3969	7,999.51	63.0862	7,999.51	63.1085	7,999.51	62.6566	7,999.51	59.8053	7,999.51	58.1628	7,999.51	53.6683	7,999.51	58.9274	7,999.51	50.1841	7,999.51	53.6257	7,999.51	47.4718	7,999.51	57.3329	7,999.51	49.4958	7,999.51	56.5646	7,999.51	48.0539	7,999.51	57.6989	7,999.51	50.5348	7,999.51	58.4201	7,999.51	43.4616	7,999.51	50.7763	7,999.51	40.8959	7,999.51	51.8839
8,282.23	83.117	8,282.23	83.3858	8,282.23	83.8137	8,282.23	83.5575	8,282.23	84.0223	8,282.23	81.0912	8,282.23	81.7658	8,282.23	78.7713	8,282.23	78.0985	8,282.23	76.9626	8,282.23	75.7449	8,282.23	71.1923	8,282.23	74.1333	8,282.23	68.8437	8,282.23	58.9627	8,282.23	65.0827	8,282.23	69.9555	8,282.23	62.9423	8,282.23	65.0553	8,282.23	59.8169	8,282.23	57.2174	8,282.23	59.2885	8,282.23	45.6088	8,282.23	54.7913	8,282.23	49.7567	8,282.23	56.6401	8,282.23	41.7394	8,282.23	57.6476	8,282.23	50.4598	8,282.23	58.3104	8,282.23	49.7258	8,282.23	59.2449	8,282.23	47.3407	8,282.23	50.7863	8,282.23	40.6938	8,282.23	52.3958
8,573.73	83.056	8,573.73	83.2862	8,573.73	83.7222	8,573.73	83.4217	8,573.73	83.912	8,573.73	81.0465	8,573.73	81.9998	8,573.73	79.2566	8,573.73	78.8923	8,573.73	76.6322	8,573.73	76.8323	8,573.73	71.6027	8,573.73	72.3826	8,573.73	69.314	8,573.73	65.7339	8,573.73	65.1595	8,573.73	70.6337	8,573.73	62.8704	8,573.73	65.3943	8,573.73	59.5515	8,573.73	57.9603	8,573.73	57.4803	8,573.73	46.4925	8,573.73	55.1682	8,573.73	28.2103	8,573.73	57.0327	8,573.73	48.0843	8,573.73	56.8723	8,573.73	48.3646	8,573.73	57.0785	8,573.73	48.9597	8,573.73	59.1881	8,573.73	44.3046	8,573.73	48.1651	8,573.73	39.7434	8,573.73	52.6941
8,876.95	83.0119	8,876.95	83.4548	8,876.95	83.8565	8,876.95	83.4366	8,876.95	83.7293	8,876.95	80.6242	8,876.95	81.7861	8,876.95	79.6899	8,876.95	79.5661	8,876.95	75.9423	8,876.95	77.3938	8,876.95	71.3829	8,876.95	71.3558	8,876.95	69.3129	8,876.95	68.995	8,876.95	64.534	8,876.95	69.2684	8,876.95	61.9905	8,876.95	64.5495	8,876.95	57.8704	8,876.95	61.4371	8,876.95	56.9835	8,876.95	51.3069	8,876.95	54.8969	8,876.95	48.5497	8,876.95	54.7635	8,876.95	44.9578	8,876.95	54.8944	8,876.95	49.4839	8,876.95	56.3585	8,876.95	44.9337	8,876.95	58.9514	8,876.95	48.9476	8,876.95	49.4722	8,876.95	41.909	8,876.95	50.8197
9,188.96	83.1122	9,188.96	83.2482	9,188.96	83.5515	9,188.96	83.3871	9,188.96	83.6065	9,188.96	80.8269	9,188.96	81.9995	9,188.96	79.7427	9,188.96	79.5196	9,188.96	76.1	9,188.96	76.3712	9,188.96	71.7785	9,188.96	71.998	9,188.96	68.8166	9,188.96	68.2037	9,188.96	63.9439	9,188.96	67.8973	9,188.96	61.0767	9,188.96	65.3115	9,188.96	58.6953	9,188.96	62.8214	9,188.96	56.883	9,188.96	46.1122	9,188.96	53.8185	9,188.96	46.3117	9,188.96	54.179	9,188.96	48.8593	9,188.96	54.2027	9,188.96	52.995	9,188.96	56.4594	9,188.96	50.1845	9,188.96	58.877	9,188.96	43.6039	9,188.96	49.7163	9,188.96	20.6573	9,188.96	52.4926
9,514.16	83.0409	9,514.16	83.2853	9,514.16	83.545	9,514.16	83.1161	9,514.16	83.4608	9,514.16	80.855	9,514.16	82.0494	9,514.16	79.6325	9,514.16	79.5704	9,514.16	76.025	9,514.16	75.9697	9,514.16	71.8784	9,514.16	72.3659	9,514.16	67.74	9,514.16	66.5099	9,514.16	64.6628	9,514.16	67.1138	9,514.16	61.2254	9,514.16	65.3096	9,514.16	58.8001	9,514.16	63.5377	9,514.16	56.9697	9,514.16	55.6148	9,514.16	54.8678	9,514.16	32.6172	9,514.16	53.8343	9,514.16	47.7642	9,514.16	54.1866	9,514.16	50.7836	9,514.16	56.1409	9,514.16	47.7258	9,514.16	58.4952	9,514.16	45.0718	9,514.16	47.8371	9,514.16	40.5643	9,514.16	51.5908
9,849.61	82.9382	9,849.61	83.1315	9,849.61	83.4144	9,849.61	82.5557	9,849.61	83.2305	9,849.61	80.766	9,849.61	82.019	9,849.61	79.1065	9,849.61	79.0957	9,849.61	76.2766	9,849.61	76.2878	9,849.61	71.609	9,849.61	72.6306	9,849.61	68.047	9,849.61	68.5637	9,849.61	64.721	9,849.61	65.0056	9,849.61	60.3381	9,849.61	61.831	9,849.61	58.6873	9,849.61	62.9335	9,849.61	55.2383	9,849.61	53.5806	9,849.61	55.1486	9,849.61	48.1992	9,849.61	53.1311	9,849.61	31.4485	9,849.61	52.8692	9,849.61	51.4558	9,849.61	55.7326	9,849.61	44.3432	9,849.61	58.469	9,849.61	42.6897	9,849.61	48.8963	9,849.61	44.5463	9,849.61	49.4205
10,196.8	82.7714	10,196.8	82.8545	10,196.8	83.1235	10,196.8	81.7604	10,196.8	82.6759	10,196.8	80.6596	10,196.8	81.8033	10,196.8	78.6974	10,196.8	79.2514	10,196.8	75.8373	10,196.8	76.2068	10,196.8	71.7163	10,196.8	72.9621	10,196.8	67.3725	10,196.8	67.468	10,196.8	64.732	10,196.8	65.8552	10,196.8	59.9534	10,196.8	64.8428	10,196.8	58.5112	10,196.8	64.9069	10,196.8	54.3775	10,196.8	55.4735	10,196.8	53.0735	10,196.8	42.4464	10,196.8	52.3119	10,196.8	31.496	10,196.8	51.9621	10,196.8	48.574	10,196.8	55.2707	10,196.8	45.1605	10,196.8	58.3844	10,196.8	48.0158	10,196.8	48.6441	10,196.8	43.0429	10,196.8	48.8408
10,555.7	82.4619	10,555.7	82.5234	10,555.7	82.6701	10,555.7	81.3387	10,555.7	81.9711	10,555.7	80.323	10,555.7	81.2528	10,555.7	78.7137	10,555.7	78.6445	10,555.7	75.5363	10,555.7	75.5424	10,555.7	71.3481	10,555.7	72.7298	10,555.7	67.728	10,555.7	68.039	10,555.7	62.6618	10,555.7	65.6799	10,555.7	59.8884	10,555.7	64.0264	10,555.7	57.7454	10,555.7	66.6413	10,555.7	53.4153	10,555.7	56.5659	10,555.7	53.4738	10,555.7	33.8357	10,555.7	52.9529	10,555.7	34.7764	10,555.7	51.7476	10,555.7	51.3631	10,555.7	53.8843	10,555.7	48.3101	10,555.7	57.5465	10,555.7	48.1997	10,555.7	49.2243	10,555.7	42.1505	10,555.7	49.1058
10,927.7	82.4142	10,927.7	82.3348	10,927.7	82.3561	10,927.7	81.2123	10,927.7	81.49	10,927.7	79.9676	10,927.7	81.0883	10,927.7	78.5931	10,927.7	78.8964	10,927.7	74.7522	10,927.7	75.0828	10,927.7	71.047	10,927.7	71.4482	10,927.7	66.9472	10,927.7	68.2488	10,927.7	62.3752	10,927.7	60.0747	10,927.7	58.6468	10,927.7	61.0395	10,927.7	57.1652	10,927.7	66.0761	10,927.7	52.5911	10,927.7	57.9541	10,927.7	52.2802	10,927.7	46.3708	10,927.7	52.4692	10,927.7	40.5056	10,927.7	51.5964	10,927.7	53.1486	10,927.7	51.0942	10,927.7	44.4493	10,927.7	56.2584	10,927.7	43.5398	10,927.7	48.487	10,927.7	45.7546	10,927.7	45.7457
11,313	82.4335	11,313	81.8773	11,313	82.3879	11,313	81.1695	11,313	81.6135	11,313	79.7769	11,313	80.6856	11,313	78.7174	11,313	78.6453	11,313	74.659	11,313	75.4785	11,313	70.9288	11,313	72.2364	11,313	65.9904	11,313	67.8203	11,313	62.9096	11,313	58.9918	11,313	58.8116	11,313	60.6055	11,313	57.9455	11,313	67.2988	11,313	51.6364	11,313	59.8216	11,313	51.9452	11,313	44.5594	11,313	51.928	11,313	46.6849	11,313	52.9201	11,313	50.8033	11,313	50.8088	11,313	49.102	11,313	56.4539	11,313	45.5507	11,313	50.2605	11,313	47.7123	11,313	45.9405
11,712.9	82.5395	11,712.9	81.552	11,712.9	82.1576	11,712.9	81.0325	11,712.9	81.9648	11,712.9	79.4003	11,712.9	80.8946	11,712.9	78.4082	11,712.9	78.4418	11,712.9	75.0011	11,712.9	75.6104	11,712.9	70.2736	11,712.9	71.6591	11,712.9	65.8864	11,712.9	67.9092	11,712.9	63.5347	11,712.9	60.3007	11,712.9	59.3546	11,712.9	61.6228	11,712.9	57.5074	11,712.9	67.9916	11,712.9	51.8133	11,712.9	62.0661	11,712.9	51.2401	11,712.9	49.7011	11,712.9	50.7151	11,712.9	46.9027	11,712.9	51.46	11,712.9	51.5402	11,712.9	50.9725	11,712.9	49.9515	11,712.9	56.5751	11,712.9	49.7311	11,712.9	48.81	11,712.9	49.8988	11,712.9	46.9308
12,126	82.6169	12,126	81.216	12,126	81.6856	12,126	81.2717	12,126	82.1368	12,126	79.472	12,126	80.9556	12,126	77.9944	12,126	77.9289	12,126	75.096	12,126	74.9052	12,126	70.0232	12,126	71.8453	12,126	65.8673	12,126	68.6124	12,126	63.6638	12,126	59.9087	12,126	57.8337	12,126	59.5545	12,126	56.8006	12,126	68.8067	12,126	51.1397	12,126	62.7754	12,126	52.639	12,126	49.3389	12,126	51.9744	12,126	51.5476	12,126	51.1338	12,126	51.0899	12,126	51.0045	12,126	49.3379	12,126	54.971	12,126	48.5082	12,126	46.1541	12,126	46.8806	12,126	47.2621
12,553.7	82.4267	12,553.7	80.9598	12,553.7	81.3812	12,553.7	81.2979	12,553.7	82.131	12,553.7	79.8403	12,553.7	80.6719	12,553.7	77.9713	12,553.7	78.3353	12,553.7	74.5091	12,553.7	75.8427	12,553.7	70.5951	12,553.7	70.7256	12,553.7	65.4111	12,553.7	66.8816	12,553.7	62.5832	12,553.7	55.8801	12,553.7	56.4975	12,553.7	58.9959	12,553.7	55.2624	12,553.7	69.5756	12,553.7	51.5934	12,553.7	64.0213	12,553.7	52.2322	12,553.7	47.6082	12,553.7	51.2543	12,553.7	47.536	12,553.7	48.8984	12,553.7	42.9713	12,553.7	50.2743	12,553.7	48.0723	12,553.7	53.0581	12,553.7	46.8613	12,553.7	44.0396	12,553.7	42.1088	12,553.7	46.1378
12,996.1	82.2021	12,996.1	80.975	12,996.1	81.4649	12,996.1	81.3941	12,996.1	82.2052	12,996.1	79.7559	12,996.1	80.4102	12,996.1	78.331	12,996.1	78.5638	12,996.1	73.6704	12,996.1	73.9919	12,996.1	70.7455	12,996.1	72.2383	12,996.1	64.4045	12,996.1	65.6749	12,996.1	61.2079	12,996.1	57.5521	12,996.1	56.1234	12,996.1	57.5582	12,996.1	54.7999	12,996.1	70.2965	12,996.1	50.0603	12,996.1	64.5251	12,996.1	51.0141	12,996.1	48.192	12,996.1	49.5741	12,996.1	48.0285	12,996.1	47.9342	12,996.1	49.8896	12,996.1	52.0494	12,996.1	48.3436	12,996.1	52.9224	12,996.1	45.9562	12,996.1	43.0596	12,996.1	40.4267	12,996.1	43.85
13,454.6	82.1113	13,454.6	81.1732	13,454.6	81.8214	13,454.6	81.2087	13,454.6	82.5537	13,454.6	79.5222	13,454.6	80.4994	13,454.6	78.3128	13,454.6	78.3359	13,454.6	73.0513	13,454.6	74.4515	13,454.6	70.2124	13,454.6	71.0139	13,454.6	63.4114	13,454.6	64.0542	13,454.6	60.9112	13,454.6	59.0004	13,454.6	55.9183	13,454.6	57.6031	13,454.6	53.9376	13,454.6	70.6189	13,454.6	50.2017	13,454.6	64.7106	13,454.6	50.3459	13,454.6	48.8059	13,454.6	48.5192	13,454.6	35.5336	13,454.6	47.5093	13,454.6	47.4049	13,454.6	51.5315	13,454.6	47.0299	13,454.6	52.3103	13,454.6	40.2189	13,454.6	41.8865	13,454.6	35.1578	13,454.6	44.5385
13,929.2	82.1336	13,929.2	81.3878	13,929.2	81.9989	13,929.2	81.365	13,929.2	82.7755	13,929.2	79.2357	13,929.2	80.8852	13,929.2	78.2339	13,929.2	77.6382	13,929.2	73.1986	13,929.2	74.8886	13,929.2	69.2944	13,929.2	70.6361	13,929.2	63.0023	13,929.2	64.6424	13,929.2	60.9425	13,929.2	56.9789	13,929.2	55.913	13,929.2	52.1087	13,929.2	53.4665	13,929.2	70.9987	13,929.2	49.9743	13,929.2	64.3709	13,929.2	50.4439	13,929.2	51.028	13,929.2	46.9395	13,929.2	43.409	13,929.2	47.248	13,929.2	47.6299	13,929.2	51.4549	13,929.2	47.664	13,929.2	52.672	13,929.2	41.61	13,929.2	43.4835	13,929.2	37.8226	13,929.2	44.4821
14,419.9	81.8982	14,419.9	81.3946	14,419.9	81.89	14,419.9	81.6352	14,419.9	82.4094	14,419.9	79.4735	14,419.9	81.0803	14,419.9	78.1023	14,419.9	76.9976	14,419.9	73.6768	14,419.9	74.2657	14,419.9	69.209	14,419.9	68.8323	14,419.9	62.9799	14,419.9	62.9369	14,419.9	60.5473	14,419.9	57.8184	14,419.9	54.7823	14,419.9	54.6049	14,419.9	50.8357	14,419.9	70.547	14,419.9	49.9383	14,419.9	64.3334	14,419.9	51.0835	14,419.9	50.473	14,419.9	47.5569	14,419.9	27.584	14,419.9	47.0383	14,419.9	44.2171	14,419.9	51.4748	14,419.9	45.0397	14,419.9	52.2326	14,419.9	41.4437	14,419.9	44.6362	14,419.9	40.1222	14,419.9	42.6862
14,928.2	81.8921	14,928.2	81.6411	14,928.2	82.2927	14,928.2	81.6016	14,928.2	82.4303	14,928.2	79.5255	14,928.2	80.9394	14,928.2	77.6787	14,928.2	76.9669	14,928.2	73.1756	14,928.2	73.549	14,928.2	69.1719	14,928.2	70.4127	14,928.2	61.5039	14,928.2	60.2535	14,928.2	59.9062	14,928.2	57.8777	14,928.2	52.7539	14,928.2	52.0935	14,928.2	49.6304	14,928.2	70.857	14,928.2	50.0874	14,928.2	64.5839	14,928.2	48.5798	14,928.2	48.6595	14,928.2	46.3445	14,928.2	34.1819	14,928.2	45.6596	14,928.2	47.1991	14,928.2	49.7635	14,928.2	42.1539	14,928.2	49.7748	14,928.2	39.3045	14,928.2	44.8369	14,928.2	39.227	14,928.2	44.7028
15,455.6	82.3638	15,455.6	82.1766	15,455.6	82.7897	15,455.6	81.5301	15,455.6	82.5173	15,455.6	79.5978	15,455.6	80.8644	15,455.6	77.486	15,455.6	77.2557	15,455.6	72.2767	15,455.6	73.0673	15,455.6	68.7755	15,455.6	67.2986	15,455.6	61.3731	15,455.6	62.5414	15,455.6	57.8892	15,455.6	54.2915	15,455.6	52.813	15,455.6	49.2902	15,455.6	46.7656	15,455.6	70.9339	15,455.6	49.9264	15,455.6	64.2159	15,455.6	47.911	15,455.6	48.3706	15,455.6	43.4153	15,455.6	36.6286	15,455.6	46.7955	15,455.6	46.6369	15,455.6	49.1268	15,455.6	40.6837	15,455.6	49.4615	15,455.6	30.8808	15,455.6	43.4336	15,455.6	38.2375	15,455.6	44.3438
16,000.5	82.5002	16,000.5	82.6601	16,000.5	82.989	16,000.5	81.773	16,000.5	82.4453	16,000.5	79.5113	16,000.5	81.033	16,000.5	77.6704	16,000.5	77.3	16,000.5	71.9078	16,000.5	72.5546	16,000.5	68.6902	16,000.5	68.4389	16,000.5	60.9889	16,000.5	60.405	16,000.5	57.9733	16,000.5	56.9431	16,000.5	52.3002	16,000.5	50.1705	16,000.5	48.044	16,000.5	71.0877	16,000.5	49.8792	16,000.5	64.0491	16,000.5	47.0635	16,000.5	42.7753	16,000.5	45.5366	16,000.5	38.5152	16,000.5	47.2962	16,000.5	48.1524	16,000.5	48.8936	16,000.5	41.238	16,000.5	47.8603	16,000.5	31.7277	16,000.5	39.6562	16,000.5	27.8813	16,000.5	44.5736
16,564.5	82.5716	16,564.5	82.6617	16,564.5	82.9163	16,564.5	81.9351	16,564.5	82.6932	16,564.5	79.3569	16,564.5	80.8582	16,564.5	77.4927	16,564.5	76.9566	16,564.5	71.7308	16,564.5	72.547	16,564.5	67.9373	16,564.5	65.778	16,564.5	59.838	16,564.5	61.899	16,564.5	57.0703	16,564.5	54.9674	16,564.5	50.43	16,564.5	51.2029	16,564.5	45.8179	16,564.5	71.2641	16,564.5	49.3798	16,564.5	64.274	16,564.5	45.2835	16,564.5	46.7256	16,564.5	42.8589	16,564.5	38.128	16,564.5	45.4128	16,564.5	46.7686	16,564.5	45.2895	16,564.5	38.1006	16,564.5	43.083	16,564.5	36.2141	16,564.5	41.1193	16,564.5	38.406	16,564.5	45.8107
17,148.9	82.5936	17,148.9	82.313	17,148.9	82.6875	17,148.9	81.7729	17,148.9	82.6133	17,148.9	79.4565	17,148.9	80.6363	17,148.9	77.2572	17,148.9	76.0022	17,148.9	71.2084	17,148.9	71.7124	17,148.9	67.1298	17,148.9	65.5723	17,148.9	60.0977	17,148.9	60.6839	17,148.9	55.0667	17,148.9	53.8821	17,148.9	49.8901	17,148.9	52.4159	17,148.9	40.3345	17,148.9	71.1611	17,148.9	49.3414	17,148.9	64.2802	17,148.9	44.4247	17,148.9	43.4264	17,148.9	40.6883	17,148.9	40.4387	17,148.9	42.1597	17,148.9	43.8709	17,148.9	41.0465	17,148.9	38.3531	17,148.9	34.7584	17,148.9	40.0255	17,148.9	42.6882	17,148.9	42.0915	17,148.9	44.8445
17,752.4	82.3516	17,752.4	81.9089	17,752.4	82.1625	17,752.4	81.8407	17,752.4	82.6011	17,752.4	79.7407	17,752.4	80.5751	17,752.4	77.2446	17,752.4	75.9697	17,752.4	70.7725	17,752.4	71.8356	17,752.4	66.6081	17,752.4	65.5194	17,752.4	59.5189	17,752.4	59.3379	17,752.4	53.0269	17,752.4	54.1003	17,752.4	48.528	17,752.4	53.6098	17,752.4	42.0266	17,752.4	71.0504	17,752.4	48.4546	17,752.4	64.1328	17,752.4	41.7813	17,752.4	41.5145	17,752.4	37.3828	17,752.4	41.0226	17,752.4	39.3502	17,752.4	41.0934	17,752.4	35.2683	17,752.4	38.2497	17,752.4	32.7217	17,752.4	40.548	17,752.4	41.162	17,752.4	41.8069	17,752.4	43.2851
18,379.4	82.1913	18,379.4	81.7577	18,379.4	82.064	18,379.4	81.8966	18,379.4	82.6983	18,379.4	79.797	18,379.4	80.5784	18,379.4	76.9501	18,379.4	75.8426	18,379.4	69.7517	18,379.4	70.1717	18,379.4	65.4635	18,379.4	64.2513	18,379.4	56.8582	18,379.4	59.9543	18,379.4	52.1706	18,379.4	50.937	18,379.4	44.9869	18,379.4	54.0859	18,379.4	39.7396	18,379.4	70.8949	18,379.4	46.0312	18,379.4	63.8948	18,379.4	40.3976	18,379.4	41.2731	18,379.4	29.3305	18,379.4	42.9094	18,379.4	40.5411	18,379.4	41.7587	18,379.4	36.4207	18,379.4	36.0935	18,379.4	33.646	18,379.4	41.3109	18,379.4	38.5839	18,379.4	40.6406	18,379.4	39.83
19,026.9	81.2667	19,026.9	81.0977	19,026.9	81.316	19,026.9	81.8335	19,026.9	82.5033	19,026.9	79.7869	19,026.9	80.4627	19,026.9	76.5865	19,026.9	75.4205	19,026.9	68.1315	19,026.9	69.0888	19,026.9	63.5784	19,026.9	63.4493	19,026.9	56.8243	19,026.9	58.4435	19,026.9	49.3285	19,026.9	50.3532	19,026.9	43.635	19,026.9	53.785	19,026.9	40.495	19,026.9	70.4513	19,026.9	43.9746	19,026.9	63.5177	19,026.9	36.9575	19,026.9	38.8233	19,026.9	22.2519	19,026.9	42.421	19,026.9	40.4722	19,026.9	39.655	19,026.9	38.951	19,026.9	39.3047	19,026.9	36.6408	19,026.9	39.1997	19,026.9	37.5982	19,026.9	40.1385	19,026.9	41.9921
19,697.8	79.3127	19,697.8	80.342	19,697.8	80.2765	19,697.8	82.0337	19,697.8	82.5754	19,697.8	79.9953	19,697.8	80.3308	19,697.8	76.3184	19,697.8	74.6848	19,697.8	66.7769	19,697.8	67.9215	19,697.8	61.6207	19,697.8	62.5686	19,697.8	55.7095	19,697.8	58.2147	19,697.8	49.7258	19,697.8	49.2605	19,697.8	39.588	19,697.8	53.58	19,697.8	41.3603	19,697.8	70.0886	19,697.8	43.8915	19,697.8	63.2481	19,697.8	36.5028	19,697.8	38.2818	19,697.8	15.5323	19,697.8	41.2546	19,697.8	41.7502	19,697.8	38.259	19,697.8	40.5272	19,697.8	34.453	19,697.8	39.6475	19,697.8	39.1173	19,697.8	39.7596	19,697.8	41.43	19,697.8	46.1879
19,999.5	78.6082	19,999.5	79.9599	19,999.5	79.7696	19,999.5	82.2942	19,999.5	82.8888	19,999.5	80.0251	19,999.5	80.6083	19,999.5	76.0534	19,999.5	74.7482	19,999.5	66.2227	19,999.5	66.7174	19,999.5	61.2953	19,999.5	60.885	19,999.5	53.2215	19,999.5	58.5254	19,999.5	53.3109	19,999.5	55.0299	19,999.5	41.7464	19,999.5	55.1517	19,999.5	48.9476	19,999.5	70.1302	19,999.5	44.7427	19,999.5	63.7697	19,999.5	37.7728	19,999.5	40.9816	19,999.5	51.3362	19,999.5	46.7959	19,999.5	52.5355	19,999.5	40.1782	19,999.5	46.6786	19,999.5	41.878	19,999.5	43.6876	19,999.5	48.9572	19,999.5	38.6121	19,999.5	47.3601	19,999.5	46.2313
