"SPL Horizontal"																																																																							
"On-Axis"		"10°"		"-10°"		"20°"		"-20°"		"30°"		"-30°"		"40°"		"-40°"		"50°"		"-50°"		"60°"		"-60°"		"70°"		"-70°"		"80°"		"-80°"		"90°"		"-90°"		"100°"		"-100°"		"110°"		"-110°"		"120°"		"-120°"		"130°"		"-130°"		"140°"		"-140°"		"150°"		"-150°"		"160°"		"-160°"		"170°"		"-170°"		"180°"	
"Frequency / Hz"	"Sound Pressure Level / dB (re 20 µPa)  [2.83V at 1m]"	"Frequency / Hz"	"Sound Pressure Level / dB (re 20 µPa)  [2.83V at 1m]"	"Frequency / Hz"	"Sound Pressure Level / dB (re 20 µPa)  [2.83V at 1m]"	"Frequency / Hz"	"Sound Pressure Level / dB (re 20 µPa)  [2.83V at 1m]"	"Frequency / Hz"	"Sound Pressure Level / dB (re 20 µPa)  [2.83V at 1m]"	"Frequency / Hz"	"Sound Pressure Level / dB (re 20 µPa)  [2.83V at 1m]"	"Frequency / Hz"	"Sound Pressure Level / dB (re 20 µPa)  [2.83V at 1m]"	"Frequency / Hz"	"Sound Pressure Level / dB (re 20 µPa)  [2.83V at 1m]"	"Frequency / Hz"	"Sound Pressure Level / dB (re 20 µPa)  [2.83V at 1m]"	"Frequency / Hz"	"Sound Pressure Level / dB (re 20 µPa)  [2.83V at 1m]"	"Frequency / Hz"	"Sound Pressure Level / dB (re 20 µPa)  [2.83V at 1m]"	"Frequency / Hz"	"Sound Pressure Level / dB (re 20 µPa)  [2.83V at 1m]"	"Frequency / Hz"	"Sound Pressure Level / dB (re 20 µPa)  [2.83V at 1m]"	"Frequency / Hz"	"Sound Pressure Level / dB (re 20 µPa)  [2.83V at 1m]"	"Frequency / Hz"	"Sound Pressure Level / dB (re 20 µPa)  [2.83V at 1m]"	"Frequency / Hz"	"Sound Pressure Level / dB (re 20 µPa)  [2.83V at 1m]"	"Frequency / Hz"	"Sound Pressure Level / dB (re 20 µPa)  [2.83V at 1m]"	"Frequency / Hz"	"Sound Pressure Level / dB (re 20 µPa)  [2.83V at 1m]"	"Frequency / Hz"	"Sound Pressure Level / dB (re 20 µPa)  [2.83V at 1m]"	"Frequency / Hz"	"Sound Pressure Level / dB (re 20 µPa)  [2.83V at 1m]"	"Frequency / Hz"	"Sound Pressure Level / dB (re 20 µPa)  [2.83V at 1m]"	"Frequency / Hz"	"Sound Pressure Level / dB (re 20 µPa)  [2.83V at 1m]"	"Frequency / Hz"	"Sound Pressure Level / dB (re 20 µPa)  [2.83V at 1m]"	"Frequency / Hz"	"Sound Pressure Level / dB (re 20 µPa)  [2.83V at 1m]"	"Frequency / Hz"	"Sound Pressure Level / dB (re 20 µPa)  [2.83V at 1m]"	"Frequency / Hz"	"Sound Pressure Level / dB (re 20 µPa)  [2.83V at 1m]"	"Frequency / Hz"	"Sound Pressure Level / dB (re 20 µPa)  [2.83V at 1m]"	"Frequency / Hz"	"Sound Pressure Level / dB (re 20 µPa)  [2.83V at 1m]"	"Frequency / Hz"	"Sound Pressure Level / dB (re 20 µPa)  [2.83V at 1m]"	"Frequency / Hz"	"Sound Pressure Level / dB (re 20 µPa)  [2.83V at 1m]"	"Frequency / Hz"	"Sound Pressure Level / dB (re 20 µPa)  [2.83V at 1m]"	"Frequency / Hz"	"Sound Pressure Level / dB (re 20 µPa)  [2.83V at 1m]"	"Frequency / Hz"	"Sound Pressure Level / dB (re 20 µPa)  [2.83V at 1m]"	"Frequency / Hz"	"Sound Pressure Level / dB (re 20 µPa)  [2.83V at 1m]"	"Frequency / Hz"	"Sound Pressure Level / dB (re 20 µPa)  [2.83V at 1m]"	"Frequency / Hz"	"Sound Pressure Level / dB (re 20 µPa)  [2.83V at 1m]"
20.5078	57.7655	20.5078	57.9564	20.5078	57.4546	20.5078	58.0421	20.5078	57.0631	20.5078	58.0833	20.5078	56.7123	20.5078	58.1896	20.5078	56.6272	20.5078	58.5082	20.5078	57.0637	20.5078	59.169	20.5078	58.1042	20.5078	60.2019	20.5078	59.5739	20.5078	61.5149	20.5078	61.2151	20.5078	62.9622	20.5078	62.8444	20.5078	64.4161	20.5078	64.3677	20.5078	65.7908	20.5078	65.7451	20.5078	67.0345	20.5078	66.9619	20.5078	68.1156	20.5078	68.0135	20.5078	69.0144	20.5078	68.897	20.5078	69.7188	20.5078	69.607	20.5078	70.2208	20.5078	70.1343	20.5078	70.5146	20.5078	70.4676	20.5078	70.5966
21.2402	63.2143	21.2402	63.3438	21.2402	63.0522	21.2402	63.4425	21.2402	62.8778	21.2402	63.5303	21.2402	62.7379	21.2402	63.6427	21.2402	62.7059	21.2402	63.8264	21.2402	62.8684	21.2402	64.1304	21.2402	63.2921	21.2402	64.5912	21.2402	63.9857	21.2402	65.2171	21.2402	64.8913	21.2402	65.9833	21.2402	65.9141	21.2402	66.8409	21.2402	66.9598	21.2402	67.7323	21.2402	67.9567	21.2402	68.6031	21.2402	68.8595	21.2402	69.4072	21.2402	69.6441	21.2402	70.1079	21.2402	70.2984	21.2402	70.6779	21.2402	70.8145	21.2402	71.0992	21.2402	71.1848	21.2402	71.3619	21.2402	71.4026	21.2402	71.4628
21.9727	63.3431	21.9727	63.3437	21.9727	63.2869	21.9727	63.2861	21.9727	63.1967	21.9727	63.1856	21.9727	63.1148	21.9727	63.0779	21.9727	63.1051	21.9727	63.0211	21.9727	63.2451	21.9727	63.0916	21.9727	63.6021	21.9727	63.3645	21.9727	64.2015	21.9727	63.8814	21.9727	65.0102	21.9727	64.6266	21.9727	65.9512	21.9727	65.5336	21.9727	66.9354	21.9727	66.5167	21.9727	67.888	21.9727	67.4971	21.9727	68.7566	21.9727	68.4149	21.9727	69.5093	21.9727	69.2284	21.9727	70.1268	21.9727	69.9099	21.9727	70.5951	21.9727	70.4414	21.9727	70.9034	21.9727	70.8114	21.9727	71.0439	21.9727	71.0133
22.7051	64.6937	22.7051	64.7364	22.7051	64.5675	22.7051	64.6974	22.7051	64.3704	22.7051	64.593	22.7051	64.1335	22.7051	64.458	22.7051	63.9119	22.7051	64.3505	22.7051	63.7888	22.7051	64.3518	22.7051	63.865	22.7051	64.5511	22.7051	64.2229	22.7051	65.0098	22.7051	64.8801	22.7051	65.7262	22.7051	65.7748	22.7051	66.6344	22.7051	66.8005	22.7051	67.6373	22.7051	67.8527	22.7051	68.6415	22.7051	68.8537	22.7051	69.5746	22.7051	69.7532	22.7051	70.3863	22.7051	70.5204	22.7051	71.0442	22.7051	71.1354	22.7051	71.5286	22.7051	71.5835	22.7051	71.8279	22.7051	71.8533	22.7051	71.9363
23.4375	66.1418	23.4375	66.196	23.4375	66.0311	23.4375	66.1946	23.4375	65.8762	23.4375	66.1506	23.4375	65.7052	23.4375	66.0908	23.4375	65.5652	23.4375	66.0563	23.4375	65.5227	23.4375	66.1019	23.4375	65.652	23.4375	66.2861	23.4375	66.0094	23.4375	66.6532	23.4375	66.6038	23.4375	67.2125	23.4375	67.3883	23.4375	67.9317	23.4375	68.2821	23.4375	68.7488	23.4375	69.2017	23.4375	69.5929	23.4375	70.0801	23.4375	70.4015	23.4375	70.8711	23.4375	71.1271	23.4375	71.5433	23.4375	71.7374	23.4375	72.0744	23.4375	72.2099	23.4375	72.4475	23.4375	72.5274	23.4375	72.6504	23.4375	72.6768
24.1699	66.187	24.1699	66.1332	24.1699	66.1438	24.1699	65.9857	24.1699	66.0073	24.1699	65.7564	24.1699	65.7896	24.1699	65.4693	24.1699	65.516	24.1699	65.1672	24.1699	65.2315	24.1699	64.9181	24.1699	65.0069	24.1699	64.8135	24.1699	64.9371	24.1699	64.9465	24.1699	65.1156	24.1699	65.3688	24.1699	65.5887	24.1699	66.0581	24.1699	66.3234	24.1699	66.9283	24.1699	67.2247	24.1699	67.8728	24.1699	68.1824	24.1699	68.7988	24.1699	69.1038	24.1699	69.6384	24.1699	69.921	24.1699	70.3458	24.1699	70.5862	24.1699	70.8893	24.1699	71.0662	24.1699	71.2462	24.1699	71.3404	24.1699	71.3999
25.6348	67.4937	25.6348	67.6079	25.6348	67.3181	25.6348	67.6628	25.6348	67.0934	25.6348	67.6731	25.6348	66.8498	25.6348	67.6675	25.6348	66.6409	25.6348	67.6895	25.6348	66.5456	25.6348	67.7953	25.6348	66.6548	25.6348	68.0433	25.6348	67.0372	25.6348	68.474	25.6348	67.7001	25.6348	69.0908	25.6348	68.5816	25.6348	69.8567	25.6348	69.5828	25.6348	70.708	25.6348	70.608	25.6348	71.5755	25.6348	71.584	25.6348	72.3983	25.6348	72.4614	25.6348	73.1286	25.6348	73.2086	25.6348	73.7313	25.6348	73.8045	25.6348	74.1817	25.6348	74.2352	25.6348	74.4637	25.6348	74.4914	25.6348	74.5681
26.3672	68.5462	26.3672	68.5533	26.3672	68.4748	26.3672	68.4954	26.3672	68.3495	26.3672	68.382	26.3672	68.1929	26.3672	68.2341	26.3672	68.0423	26.3672	68.0882	26.3672	67.9516	26.3672	67.9976	26.3672	67.9867	26.3672	68.0281	26.3672	68.2084	26.3672	68.242	26.3672	68.6474	26.3672	68.6724	26.3672	69.286	26.3672	69.3046	26.3672	70.0645	26.3672	70.0812	26.3672	70.905	26.3672	70.925	26.3672	71.7351	26.3672	71.762	26.3672	72.4982	26.3672	72.5319	26.3672	73.1534	26.3672	73.1904	26.3672	73.6718	26.3672	73.7058	26.3672	74.0326	26.3672	74.0567	26.3672	74.2216	26.3672	74.2303
27.0996	68.7826	27.0996	68.8392	27.0996	68.6698	27.0996	68.8463	27.0996	68.5049	27.0996	68.8214	27.0996	68.3043	27.0996	68.7941	27.0996	68.1008	27.0996	68.8069	27.0996	67.9468	27.0996	68.9112	27.0996	67.9137	27.0996	69.1568	27.0996	68.0774	27.0996	69.5748	27.0996	68.4891	27.0996	70.1634	27.0996	69.1469	27.0996	70.8865	27.0996	69.9927	27.0996	71.6866	27.0996	70.9387	27.0996	72.5008	27.0996	71.8981	27.0996	73.2718	27.0996	72.8014	27.0996	73.9525	27.0996	73.5985	27.0996	74.5067	27.0996	74.255	27.0996	74.9086	27.0996	74.7478	27.0996	75.1413	27.0996	75.0631	27.0996	75.1944
27.832	70.8609	27.832	70.9004	27.832	70.7777	27.832	70.8972	27.832	70.6576	27.832	70.8601	27.832	70.517	27.832	70.8063	27.832	70.3833	27.832	70.7626	27.832	70.2968	27.832	70.7654	27.832	70.3075	27.832	70.8565	27.832	70.4651	27.832	71.075	27.832	70.8012	27.832	71.4431	27.832	71.3137	27.832	71.9557	27.832	71.9637	27.832	72.5791	27.832	72.6905	27.832	73.2601	27.832	73.4299	27.832	73.9406	27.832	74.1271	27.832	74.568	27.832	74.7405	27.832	75.1006	27.832	75.2402	27.832	75.5081	27.832	75.6047	27.832	75.7704	27.832	75.8195	27.832	75.8755
29.2969	72.0032	29.2969	72.042	29.2969	71.9259	29.2969	72.0457	29.2969	71.8144	29.2969	72.0255	29.2969	71.6816	29.2969	72.0006	29.2969	71.5515	29.2969	71.9982	29.2969	71.4598	29.2969	72.052	29.2969	71.4525	29.2969	72.1971	29.2969	71.578	29.2969	72.4604	29.2969	71.8716	29.2969	72.8515	29.2969	72.3396	29.2969	73.3574	29.2969	72.9534	29.2969	73.9453	29.2969	73.6587	29.2969	74.5715	29.2969	74.3922	29.2969	75.1904	29.2969	75.0956	29.2969	75.7597	29.2969	75.7226	29.2969	76.2436	29.2969	76.2389	29.2969	76.6131	29.2969	76.6209	29.2969	76.8463	29.2969	76.8534	29.2969	76.9287
30.0293	73.3409	30.0293	73.3802	30.0293	73.2601	30.0293	73.3798	30.0293	73.1418	30.0293	73.3467	30.0293	72.9963	30.0293	73.2935	30.0293	72.8422	30.0293	73.2396	30.0293	72.7079	30.0293	73.2108	30.0293	72.6316	30.0293	73.238	30.0293	72.6564	30.0293	73.3521	30.0293	72.8206	30.0293	73.5763	30.0293	73.1423	30.0293	73.9181	30.0293	73.61	30.0293	74.3644	30.0293	74.1835	30.0293	74.8835	30.0293	74.8069	30.0293	75.4307	30.0293	75.4235	30.0293	75.9569	30.0293	75.9847	30.0293	76.4162	30.0293	76.4534	30.0293	76.7718	30.0293	76.803	30.0293	76.9984	30.0293	77.0156	30.0293	77.0815
31.4941	73.7782	31.4941	73.7763	31.4941	73.7459	31.4941	73.7421	31.4941	73.6833	31.4941	73.6833	31.4941	73.6001	31.4941	73.6139	31.4941	73.5135	31.4941	73.5551	31.4941	73.4479	31.4941	73.5346	31.4941	73.4345	31.4941	73.5841	31.4941	73.5075	31.4941	73.7339	31.4941	73.696	31.4941	74.0035	31.4941	74.0148	31.4941	74.3942	31.4941	74.4566	31.4941	74.8855	31.4941	74.9914	31.4941	75.4397	31.4941	75.5743	31.4941	76.0103	31.4941	76.1552	31.4941	76.5505	31.4941	76.6882	31.4941	77.0191	31.4941	77.1349	31.4941	77.3834	31.4941	77.4666	31.4941	77.6203	31.4941	77.6638	31.4941	77.7157
32.2266	74.8569	32.2266	74.8557	32.2266	74.8284	32.2266	74.8264	32.2266	74.7729	32.2266	74.7755	32.2266	74.6984	32.2266	74.7146	32.2266	74.6183	32.2266	74.6611	32.2266	74.5524	32.2266	74.6381	32.2266	74.526	32.2266	74.6729	32.2266	74.5682	32.2266	74.792	32.2266	74.706	32.2266	75.0148	32.2266	74.9566	32.2266	75.3458	32.2266	75.3201	32.2266	75.7708	32.2266	75.776	32.2266	76.2586	32.2266	76.2879	32.2266	76.7678	32.2266	76.8113	32.2266	77.2544	32.2266	77.3022	32.2266	77.6784	32.2266	77.722	32.2266	78.0075	32.2266	78.0403	32.2266	78.2181	32.2266	78.2358	32.2266	78.2961
33.6914	75.2394	33.6914	75.2585	33.6914	75.1919	33.6914	75.2515	33.6914	75.1184	33.6914	75.2253	33.6914	75.0261	33.6914	75.192	33.6914	74.9281	33.6914	75.1688	33.6914	74.8437	33.6914	75.178	33.6914	74.7986	33.6914	75.2448	33.6914	74.8229	33.6914	75.3927	33.6914	74.9456	33.6914	75.6374	33.6914	75.187	33.6914	75.9808	33.6914	75.55	33.6914	76.4078	33.6914	76.0161	33.6914	76.889	33.6914	76.5488	33.6914	77.3853	33.6914	77.1016	33.6914	77.8547	33.6914	77.6277	33.6914	78.2572	33.6914	78.0863	33.6914	78.5599	33.6914	78.4451	33.6914	78.7391	33.6914	78.6813	33.6914	78.781
34.4238	76.1265	34.4238	76.1457	34.4238	76.0854	34.4238	76.1444	34.4238	76.0247	34.4238	76.1287	34.4238	75.9516	34.4238	76.1088	34.4238	75.878	34.4238	76.0996	34.4238	75.8215	34.4238	76.1201	34.4238	75.8042	34.4238	76.1915	34.4238	75.8511	34.4238	76.334	34.4238	75.9855	34.4238	76.5614	34.4238	76.2221	34.4238	76.8764	34.4238	76.5615	34.4238	77.2674	34.4238	76.9868	34.4238	77.709	34.4238	77.4668	34.4238	78.1664	34.4238	77.9623	34.4238	78.6009	34.4238	78.4337	34.4238	78.9752	34.4238	78.8455	34.4238	79.2582	34.4238	79.1686	34.4238	79.4273	34.4238	79.3813	34.4238	79.4694
35.8887	76.7784	35.8887	76.7905	35.8887	76.752	35.8887	76.7904	35.8887	76.713	35.8887	76.7839	35.8887	76.6669	35.8887	76.781	35.8887	76.6238	35.8887	76.795	35.8887	76.5977	35.8887	76.8424	35.8887	76.6065	35.8887	76.9403	35.8887	76.67	35.8887	77.1042	35.8887	76.8067	35.8887	77.3429	35.8887	77.0288	35.8887	77.656	35.8887	77.3382	35.8887	78.0313	35.8887	77.7237	35.8887	78.4464	35.8887	78.1614	35.8887	78.8711	35.8887	78.6186	35.8887	79.2718	35.8887	79.0596	35.8887	79.6155	35.8887	79.45	35.8887	79.8739	35.8887	79.7602	35.8887	80.0256	35.8887	79.9678	35.8887	80.0581
37.3535	77.994	37.3535	78.0183	37.3535	77.9628	37.3535	78.0368	37.3535	77.926	37.3535	78.0534	37.3535	77.8879	37.3535	78.0741	37.3535	77.8553	37.3535	78.1074	37.3535	77.8382	37.3535	78.1635	37.3535	77.8491	37.3535	78.2536	37.3535	77.9016	37.3535	78.3878	37.3535	78.0091	37.3535	78.5735	37.3535	78.1812	37.3535	78.8123	37.3535	78.4213	37.3535	79.0988	37.3535	78.7238	37.3535	79.4193	37.3535	79.0734	37.3535	79.7526	37.3535	79.4466	37.3535	80.0723	37.3535	79.8151	37.3535	80.3499	37.3535	80.1492	37.3535	80.5592	37.3535	80.4212	37.3535	80.6792	37.3535	80.6089	37.3535	80.6969
38.8184	79.0947	38.8184	79.1094	38.8184	79.0712	38.8184	79.1162	38.8184	79.0404	38.8184	79.1181	38.8184	79.0061	38.8184	79.1203	38.8184	78.9747	38.8184	79.1305	38.8184	78.9552	38.8184	79.1579	38.8184	78.9588	38.8184	79.2134	38.8184	78.998	38.8184	79.3076	38.8184	79.0855	38.8184	79.4493	38.8184	79.2309	38.8184	79.6427	38.8184	79.4388	38.8184	79.8856	38.8184	79.7054	38.8184	80.1675	38.8184	80.0176	38.8184	80.47	38.8184	80.3534	38.8184	80.7691	38.8184	80.6852	38.8184	81.0382	38.8184	80.9832	38.8184	81.2517	38.8184	81.2199	38.8184	81.3875	38.8184	81.3734	38.8184	81.4304
39.5508	79.4089	39.5508	79.4178	39.5508	79.3917	39.5508	79.4192	39.5508	79.3677	39.5508	79.416	39.5508	79.3404	39.5508	79.4132	39.5508	79.3159	39.5508	79.4181	39.5508	79.3022	39.5508	79.4396	39.5508	79.3097	39.5508	79.4879	39.5508	79.35	39.5508	79.5734	39.5508	79.4346	39.5508	79.7044	39.5508	79.5727	39.5508	79.8851	39.5508	79.7689	39.5508	80.1134	39.5508	80.0201	39.5508	80.3798	39.5508	80.3143	39.5508	80.6675	39.5508	80.6311	39.5508	80.9547	39.5508	80.9436	39.5508	81.2169	39.5508	81.2229	39.5508	81.4294	39.5508	81.4421	39.5508	81.5703	39.5508	81.5797	39.5508	81.6232
41.0156	80.1559	41.0156	80.1635	41.0156	80.1445	41.0156	80.1681	41.0156	80.1302	41.0156	80.1722	41.0156	80.1157	41.0156	80.18	41.0156	80.1054	41.0156	80.1973	41.0156	80.1056	41.0156	80.2312	41.0156	80.1241	41.0156	80.2896	41.0156	80.1699	41.0156	80.3803	41.0156	80.2518	41.0156	80.5095	41.0156	80.3774	41.0156	80.6804	41.0156	80.5509	41.0156	80.8909	41.0156	80.7707	41.0156	81.1334	41.0156	81.0284	41.0156	81.3935	41.0156	81.3078	41.0156	81.652	41.0156	81.587	41.0156	81.8861	41.0156	81.8407	41.0156	82.0728	41.0156	82.0446	41.0156	82.1917	41.0156	82.1783	41.0156	82.2287
42.4805	80.7934	42.4805	80.7993	42.4805	80.7841	42.4805	80.8022	42.4805	80.7725	42.4805	80.8039	42.4805	80.761	42.4805	80.8075	42.4805	80.7536	42.4805	80.818	42.4805	80.7557	42.4805	80.8414	42.4805	80.7738	42.4805	80.8851	42.4805	80.8156	42.4805	80.957	42.4805	80.8887	42.4805	81.0641	42.4805	80.9997	42.4805	81.211	42.4805	81.1523	42.4805	81.3974	42.4805	81.3456	42.4805	81.6169	42.4805	81.5723	42.4805	81.8562	42.4805	81.8188	42.4805	82.0961	42.4805	82.0659	42.4805	82.3144	42.4805	82.2914	42.4805	82.4887	42.4805	82.4731	42.4805	82.6002	42.4805	82.5923	42.4805	82.6361
43.9453	81.4216	43.9453	81.4286	43.9453	81.4156	43.9453	81.4372	43.9453	81.4111	43.9453	81.4493	43.9453	81.4098	43.9453	81.4678	43.9453	81.4147	43.9453	81.4967	43.9453	81.4301	43.9453	81.5413	43.9453	81.4613	43.9453	81.6069	43.9453	81.5144	43.9453	81.6991	43.9453	81.5957	43.9453	81.8224	43.9453	81.7105	43.9453	81.9784	43.9453	81.8619	43.9453	82.1655	43.9453	82.049	43.9453	82.3768	43.9453	82.2659	43.9453	82.6006	43.9453	82.5006	43.9453	82.8206	43.9453	82.7362	43.9453	83.0177	43.9453	82.9522	43.9453	83.1727	43.9453	83.1281	43.9453	83.2687	43.9453	83.2462	43.9453	83.2945
45.4102	81.9787	45.4102	81.9861	45.4102	81.9738	45.4102	81.9965	45.4102	81.9719	45.4102	82.011	45.4102	81.9743	45.4102	82.0319	45.4102	81.9834	45.4102	82.0621	45.4102	82.0024	45.4102	82.1055	45.4102	82.0354	45.4102	82.1663	45.4102	82.0872	45.4102	82.249	45.4102	82.1628	45.4102	82.3574	45.4102	82.2663	45.4102	82.4933	45.4102	82.4002	45.4102	82.6559	45.4102	82.5641	45.4102	82.8399	45.4102	82.7533	45.4102	83.0358	45.4102	82.958	45.4102	83.2297	45.4102	83.164	45.4102	83.4046	45.4102	83.3536	45.4102	83.5432	45.4102	83.5085	45.4102	83.63	45.4102	83.6124	45.4102	83.6543
47.6074	82.8273	47.6074	82.8339	47.6074	82.8267	47.6074	82.8466	47.6074	82.8323	47.6074	82.8664	47.6074	82.845	47.6074	82.8944	47.6074	82.866	47.6074	82.9326	47.6074	82.8973	47.6074	82.9834	47.6074	82.9414	47.6074	83.0496	47.6074	83.0013	47.6074	83.134	47.6074	83.08	47.6074	83.2391	47.6074	83.1801	47.6074	83.3661	47.6074	83.303	47.6074	83.514	47.6074	83.4483	47.6074	83.6786	47.6074	83.6122	47.6074	83.8517	47.6074	83.7876	47.6074	84.0217	47.6074	83.9634	47.6074	84.1742	47.6074	84.1256	47.6074	84.294	47.6074	84.2589	47.6074	84.368	47.6074	84.3495	47.6074	84.3873
49.0723	83.3195	49.0723	83.325	49.0723	83.3214	49.0723	83.3382	49.0723	83.331	49.0723	83.3597	49.0723	83.3488	49.0723	83.3902	49.0723	83.3755	49.0723	83.4312	49.0723	83.4124	49.0723	83.4842	49.0723	83.4613	49.0723	83.5514	49.0723	83.5241	49.0723	83.6349	49.0723	83.603	49.0723	83.7365	49.0723	83.7	49.0723	83.8571	49.0723	83.8162	49.0723	83.9955	49.0723	83.951	49.0723	84.1482	49.0723	84.1015	49.0723	84.3081	49.0723	84.2616	49.0723	84.4648	49.0723	84.4217	49.0723	84.6055	49.0723	84.5691	49.0723	84.7167	49.0723	84.6902	49.0723	84.786	49.0723	84.772	49.0723	84.8053
50.5371	83.7749	50.5371	83.7814	50.5371	83.7772	50.5371	83.7967	50.5371	83.7883	50.5371	83.8212	50.5371	83.8083	50.5371	83.8554	50.5371	83.8377	50.5371	83.9	50.5371	83.8771	50.5371	83.9559	50.5371	83.9275	50.5371	84.0245	50.5371	83.9903	50.5371	84.1069	50.5371	84.067	50.5371	84.2044	50.5371	84.1591	50.5371	84.3171	50.5371	84.2673	50.5371	84.4441	50.5371	84.3912	50.5371	84.5822	50.5371	84.5283	50.5371	84.7254	50.5371	84.6733	50.5371	84.8652	50.5371	84.8179	50.5371	84.9902	50.5371	84.9512	50.5371	85.0886	50.5371	85.0607	50.5371	85.1496	50.5371	85.135	50.5371	85.1658
52.7344	84.4842	52.7344	84.4907	52.7344	84.488	52.7344	84.5076	52.7344	84.5019	52.7344	84.5347	52.7344	84.5258	52.7344	84.5719	52.7344	84.5595	52.7344	84.6193	52.7344	84.6029	52.7344	84.6769	52.7344	84.6561	52.7344	84.7448	52.7344	84.7194	52.7344	84.8234	52.7344	84.7935	52.7344	84.9128	52.7344	84.879	52.7344	85.0132	52.7344	84.976	52.7344	85.1235	52.7344	85.084	52.7344	85.2414	52.7344	85.2012	52.7344	85.3625	52.7344	85.3233	52.7344	85.48	52.7344	85.4442	52.7344	85.5849	52.7344	85.555	52.7344	85.6675	52.7344	85.6459	52.7344	85.7189	52.7344	85.7075	52.7344	85.7328
54.1992	84.8821	54.1992	84.8871	54.1992	84.889	54.1992	84.9039	54.1992	84.9073	54.1992	84.9324	54.1992	84.9367	54.1992	84.9719	54.1992	84.9766	54.1992	85.0221	54.1992	85.0262	54.1992	85.0824	54.1992	85.0849	54.1992	85.1521	54.1992	85.1524	54.1992	85.2309	54.1992	85.2284	54.1992	85.3184	54.1992	85.3127	54.1992	85.4142	54.1992	85.4051	54.1992	85.5172	54.1992	85.5049	54.1992	85.6255	54.1992	85.6102	54.1992	85.7353	54.1992	85.7179	54.1992	85.8407	54.1992	85.8229	54.1992	85.9344	54.1992	85.9182	54.1992	86.0079	54.1992	85.9955	54.1992	86.054	54.1992	86.0472	54.1992	86.0676
56.3965	85.4191	56.3965	85.4296	56.3965	85.4216	56.3965	85.4528	56.3965	85.4368	56.3965	85.4877	56.3965	85.4643	56.3965	85.5334	56.3965	85.5032	56.3965	85.5884	56.3965	85.5523	56.3965	85.6514	56.3965	85.6104	56.3965	85.7211	56.3965	85.6766	56.3965	85.7964	56.3965	85.7499	56.3965	85.8767	56.3965	85.8295	56.3965	85.9613	56.3965	85.9146	56.3965	86.0497	56.3965	86.0041	56.3965	86.1404	56.3965	86.0964	56.3965	86.2307	56.3965	86.1889	56.3965	86.3163	56.3965	86.2778	56.3965	86.3912	56.3965	86.3582	56.3965	86.4487	56.3965	86.4242	56.3965	86.483	56.3965	86.4698	56.3965	86.4902
58.5938	85.9029	58.5938	85.9231	58.5938	85.8988	58.5938	85.9587	58.5938	85.9111	58.5938	86.0079	58.5938	85.9395	58.5938	86.0687	58.5938	85.9827	58.5938	86.1388	58.5938	86.0393	58.5938	86.2155	58.5938	86.1071	58.5938	86.2966	58.5938	86.184	58.5938	86.3801	58.5938	86.2676	58.5938	86.4645	58.5938	86.3553	58.5938	86.5489	58.5938	86.4448	58.5938	86.6324	58.5938	86.5342	58.5938	86.7139	58.5938	86.6217	58.5938	86.7912	58.5938	86.7057	58.5938	86.861	58.5938	86.7843	58.5938	86.9186	58.5938	86.8546	58.5938	86.9594	58.5938	86.913	58.5938	86.98	58.5938	86.9555	58.5938	86.9785
60.0586	86.2122	60.0586	86.2293	60.0586	86.2118	60.0586	86.2625	60.0586	86.228	60.0586	86.3103	60.0586	86.26	60.0586	86.3706	60.0586	86.3063	60.0586	86.4409	60.0586	86.365	60.0586	86.5182	60.0586	86.4337	60.0586	86.5999	60.0586	86.5096	60.0586	86.6833	60.0586	86.59	60.0586	86.7663	60.0586	86.672	60.0586	86.8473	60.0586	86.7532	60.0586	86.925	60.0586	86.8321	60.0586	86.9982	60.0586	86.9074	60.0586	87.065	60.0586	86.9785	60.0586	87.1228	60.0586	87.0442	60.0586	87.1686	60.0586	87.1029	60.0586	87.1994	60.0586	87.152	60.0586	87.2132	60.0586	87.1884	60.0586	87.2094
62.2559	86.844	62.2559	86.849	62.2559	86.8545	62.2559	86.8695	62.2559	86.8799	62.2559	86.9044	62.2559	86.9187	62.2559	86.9522	62.2559	86.9689	62.2559	87.0105	62.2559	87.0279	62.2559	87.0768	62.2559	87.0929	62.2559	87.1481	62.2559	87.1611	62.2559	87.2217	62.2559	87.2299	62.2559	87.2952	62.2559	87.2969	62.2559	87.3665	62.2559	87.3607	62.2559	87.4338	62.2559	87.4203	62.2559	87.4959	62.2559	87.4752	62.2559	87.5516	62.2559	87.5255	62.2559	87.5992	62.2559	87.5709	62.2559	87.6372	62.2559	87.6106	62.2559	87.6638	62.2559	87.6431	62.2559	87.6777	62.2559	87.6664	62.2559	87.6784
64.4531	87.3057	64.4531	87.3126	64.4531	87.3139	64.4531	87.3342	64.4531	87.3366	64.4531	87.3691	64.4531	87.3724	64.4531	87.4154	64.4531	87.4192	64.4531	87.4704	64.4531	87.4743	64.4531	87.5308	64.4531	87.5346	64.4531	87.5936	64.4531	87.5969	64.4531	87.6555	64.4531	87.6581	64.4531	87.7139	64.4531	87.7156	64.4531	87.7668	64.4531	87.7673	64.4531	87.8133	64.4531	87.812	64.4531	87.8529	64.4531	87.8495	64.4531	87.8857	64.4531	87.8801	64.4531	87.912	64.4531	87.9049	64.4531	87.932	64.4531	87.9246	64.4531	87.9458	64.4531	87.9396	64.4531	87.9533	64.4531	87.9497	64.4531	87.9544
66.6504	87.7316	66.6504	87.7357	66.6504	87.7435	66.6504	87.7555	66.6504	87.7707	66.6504	87.7898	66.6504	87.8115	66.6504	87.8364	66.6504	87.8636	66.6504	87.8922	66.6504	87.9237	66.6504	87.9539	66.6504	87.9885	66.6504	88.0177	66.6504	88.0543	66.6504	88.0803	66.6504	88.1176	66.6504	88.1385	66.6504	88.1754	66.6504	88.1901	66.6504	88.2253	66.6504	88.234	66.6504	88.2661	66.6504	88.2697	66.6504	88.2974	66.6504	88.2976	66.6504	88.3201	66.6504	88.3186	66.6504	88.3356	66.6504	88.3339	66.6504	88.3457	66.6504	88.3444	66.6504	88.3516	66.6504	88.351	66.6504	88.3544	66.6504	88.3542
69.5801	88.1226	69.5801	88.1309	69.5801	88.1308	69.5801	88.1552	69.5801	88.1552	69.5801	88.1937	69.5801	88.194	69.5801	88.244	69.5801	88.2449	69.5801	88.3024	69.5801	88.3043	69.5801	88.3652	69.5801	88.3685	69.5801	88.4282	69.5801	88.4333	69.5801	88.4874	69.5801	88.4947	69.5801	88.5395	69.5801	88.5491	69.5801	88.5819	69.5801	88.5938	69.5801	88.6134	69.5801	88.6274	69.5801	88.6341	69.5801	88.6498	69.5801	88.6454	69.5801	88.6621	69.5801	88.6499	69.5801	88.6666	69.5801	88.6505	69.5801	88.6658	69.5801	88.6502	69.5801	88.662	69.5801	88.6508	69.5801	88.6574	69.5801	88.6533
71.7773	88.3498	71.7773	88.3566	71.7773	88.3596	71.7773	88.3796	71.7773	88.3854	71.7773	88.4169	71.7773	88.4257	71.7773	88.466	71.7773	88.4776	71.7773	88.5234	71.7773	88.5377	71.7773	88.5849	71.7773	88.6019	71.7773	88.6463	71.7773	88.6658	71.7773	88.7032	71.7773	88.7252	71.7773	88.7521	71.7773	88.7761	71.7773	88.79	71.7773	88.8158	71.7773	88.8157	71.7773	88.8428	71.7773	88.8292	71.7773	88.857	71.7773	88.8324	71.7773	88.86	71.7773	88.8284	71.7773	88.8545	71.7773	88.8212	71.7773	88.8438	71.7773	88.8146	71.7773	88.8315	71.7773	88.8116	71.7773	88.8207	71.7773	88.8136
73.9746	88.537	73.9746	88.5457	73.9746	88.545	73.9746	88.5702	73.9746	88.5689	73.9746	88.6088	73.9746	88.6073	73.9746	88.6586	73.9746	88.6572	73.9746	88.7158	73.9746	88.7151	73.9746	88.7761	73.9746	88.7764	73.9746	88.835	73.9746	88.8367	73.9746	88.8878	73.9746	88.8912	73.9746	88.9308	73.9746	88.9359	73.9746	88.9609	73.9746	88.9681	73.9746	88.9768	73.9746	88.9862	73.9746	88.9788	73.9746	88.9904	73.9746	88.9693	73.9746	88.9829	73.9746	88.9522	73.9746	88.9669	73.9746	88.9327	73.9746	88.9468	73.9746	88.9156	73.9746	88.927	73.9746	88.9053	73.9746	88.9117	73.9746	88.904
76.9043	88.7703	76.9043	88.7796	76.9043	88.7766	76.9043	88.8037	76.9043	88.7979	76.9043	88.8409	76.9043	88.8325	76.9043	88.8882	76.9043	88.8776	76.9043	88.9417	76.9043	88.9294	76.9043	88.997	76.9043	88.9836	76.9043	89.049	76.9043	89.0353	76.9043	89.0931	76.9043	89.0798	76.9043	89.125	76.9043	89.1129	76.9043	89.1417	76.9043	89.1317	76.9043	89.1417	76.9043	89.1346	76.9043	89.1259	76.9043	89.1222	76.9043	89.0972	76.9043	89.097	76.9043	89.0608	76.9043	89.0635	76.9043	89.023	76.9043	89.0274	76.9043	88.9906	76.9043	88.9951	76.9043	88.9695	76.9043	88.9723	76.9043	88.9631
79.834	88.998	79.834	89.0028	79.834	89.0082	79.834	89.0218	79.834	89.0325	79.834	89.0535	79.834	89.0689	79.834	89.0949	79.834	89.1144	79.834	89.142	79.834	89.1651	79.834	89.1902	79.834	89.2163	79.834	89.2345	79.834	89.2632	79.834	89.2699	79.834	89.3011	79.834	89.292	79.834	89.3258	79.834	89.298	79.834	89.3346	79.834	89.2866	79.834	89.3261	79.834	89.259	79.834	89.301	79.834	89.219	79.834	89.2623	79.834	89.1725	79.834	89.2147	79.834	89.1271	79.834	89.1647	79.834	89.0908	79.834	89.1193	79.834	89.0698	79.834	89.0853	79.834	89.0679
82.7637	89.1138	82.7637	89.1208	82.7637	89.1217	82.7637	89.1417	82.7637	89.1438	82.7637	89.1748	82.7637	89.1783	82.7637	89.2168	82.7637	89.2221	82.7637	89.2637	82.7637	89.2713	82.7637	89.3104	82.7637	89.3208	82.7637	89.3518	82.7637	89.3656	82.7637	89.3825	82.7637	89.4002	82.7637	89.398	82.7637	89.4202	82.7637	89.3951	82.7637	89.4221	82.7637	89.3726	82.7637	89.4046	82.7637	89.3316	82.7637	89.3682	82.7637	89.2765	82.7637	89.3164	82.7637	89.2143	82.7637	89.2547	82.7637	89.1538	82.7637	89.1908	82.7637	89.1048	82.7637	89.1335	82.7637	89.0755	82.7637	89.0913	82.7637	89.0707
85.6934	89.1745	85.6934	89.1769	85.6934	89.1874	85.6934	89.1939	85.6934	89.2151	85.6934	89.2233	85.6934	89.2558	85.6934	89.2622	85.6934	89.3063	85.6934	89.3062	85.6934	89.3624	85.6934	89.3506	85.6934	89.4187	85.6934	89.39	85.6934	89.4695	85.6934	89.419	85.6934	89.5087	85.6934	89.4329	85.6934	89.531	85.6934	89.4284	85.6934	89.5322	85.6934	89.4037	85.6934	89.5099	85.6934	89.36	85.6934	89.4646	85.6934	89.3013	85.6934	89.3999	85.6934	89.2348	85.6934	89.3222	85.6934	89.17	85.6934	89.2412	85.6934	89.1175	85.6934	89.168	85.6934	89.087	85.6934	89.1132	85.6934	89.085
88.623	89.3358	88.623	89.338	88.623	89.3473	88.623	89.3534	88.623	89.3715	88.623	89.3802	88.623	89.4065	88.623	89.4156	88.623	89.4492	88.623	89.4557	88.623	89.4953	88.623	89.4956	88.623	89.5399	88.623	89.5299	88.623	89.5773	88.623	89.5533	88.623	89.6018	88.623	89.5609	88.623	89.6083	88.623	89.5489	88.623	89.593	88.623	89.5156	88.623	89.5542	88.623	89.4617	88.623	89.4931	88.623	89.3911	88.623	89.4142	88.623	89.3109	88.623	89.3257	88.623	89.2308	88.623	89.2384	88.623	89.1619	88.623	89.1646	88.623	89.115	88.623	89.1154	88.623	89.0983
91.5527	89.3581	91.5527	89.3403	91.5527	89.3891	91.5527	89.3355	91.5527	89.4321	91.5527	89.3423	91.5527	89.485	91.5527	89.358	91.5527	89.5443	91.5527	89.3789	91.5527	89.6056	91.5527	89.4004	91.5527	89.6636	91.5527	89.4173	91.5527	89.7123	91.5527	89.4245	91.5527	89.7458	91.5527	89.4177	91.5527	89.7586	91.5527	89.3938	91.5527	89.7462	91.5527	89.3523	91.5527	89.7063	91.5527	89.2954	91.5527	89.6393	91.5527	89.2286	91.5527	89.5489	91.5527	89.1604	91.5527	89.4424	91.5527	89.1014	91.5527	89.3301	91.5527	89.0626	91.5527	89.224	91.5527	89.0529	91.5527	89.1366	91.5527	89.0776
94.4824	89.4249	94.4824	89.4162	94.4824	89.4465	94.4824	89.4199	94.4824	89.4801	94.4824	89.4345	94.4824	89.5241	94.4824	89.4575	94.4824	89.5755	94.4824	89.4852	94.4824	89.6301	94.4824	89.5129	94.4824	89.6827	94.4824	89.5352	94.4824	89.7272	94.4824	89.5465	94.4824	89.7571	94.4824	89.5417	94.4824	89.7667	94.4824	89.5171	94.4824	89.7511	94.4824	89.4713	94.4824	89.708	94.4824	89.406	94.4824	89.6377	94.4824	89.3268	94.4824	89.5444	94.4824	89.2428	94.4824	89.436	94.4824	89.1657	94.4824	89.3235	94.4824	89.1081	94.4824	89.2203	94.4824	89.081	94.4824	89.1394	94.4824	89.0911
98.1445	89.339	98.1445	89.3388	98.1445	89.3513	98.1445	89.3502	98.1445	89.3755	98.1445	89.3717	98.1445	89.4106	98.1445	89.401	98.1445	89.4543	98.1445	89.4348	98.1445	89.5034	98.1445	89.4686	98.1445	89.5535	98.1445	89.4974	98.1445	89.599	98.1445	89.5157	98.1445	89.6339	98.1445	89.5182	98.1445	89.6522	98.1445	89.5012	98.1445	89.6486	98.1445	89.463	98.1445	89.62	98.1445	89.4051	98.1445	89.5657	98.1445	89.3327	98.1445	89.4889	98.1445	89.2543	98.1445	89.3967	98.1445	89.1812	98.1445	89.2996	98.1445	89.125	98.1445	89.21	98.1445	89.0961	98.1445	89.1406	98.1445	89.101
101.807	89.22	101.807	89.2314	101.807	89.2196	101.807	89.253	101.807	89.2298	101.807	89.2835	101.807	89.2501	101.807	89.3207	101.807	89.2788	101.807	89.3613	101.807	89.3131	101.807	89.4008	101.807	89.3495	101.807	89.434	101.807	89.3831	101.807	89.4549	101.807	89.4087	101.807	89.458	101.807	89.4207	101.807	89.4389	101.807	89.4145	101.807	89.3953	101.807	89.387	101.807	89.3288	101.807	89.3375	101.807	89.2446	101.807	89.2689	101.807	89.1521	101.807	89.1873	101.807	89.0635	101.807	89.1021	101.807	88.9919	101.807	89.025	101.807	88.9487	101.807	88.9678	101.807	88.9405
105.469	89.1566	105.469	89.175	105.469	89.1496	105.469	89.2044	105.469	89.1537	105.469	89.2438	105.469	89.168	105.469	89.291	105.469	89.1907	105.469	89.3429	105.469	89.2191	105.469	89.395	105.469	89.2495	105.469	89.4417	105.469	89.2772	105.469	89.4767	105.469	89.2968	105.469	89.4935	105.469	89.3031	105.469	89.4865	105.469	89.2916	105.469	89.4521	105.469	89.2597	105.469	89.39	105.469	89.2075	105.469	89.3035	105.469	89.1387	105.469	89.2009	105.469	89.0608	105.469	89.0941	105.469	88.9846	105.469	88.9975	105.469	88.9227	105.469	88.9251	105.469	88.8873	105.469	88.887
109.131	89.0268	109.131	89.0472	109.131	89.0188	109.131	89.0793	109.131	89.0232	109.131	89.1219	109.131	89.0393	109.131	89.1726	109.131	89.066	109.131	89.2278	109.131	89.1008	109.131	89.2826	109.131	89.1401	109.131	89.3307	109.131	89.179	109.131	89.3654	109.131	89.2117	109.131	89.3798	109.131	89.2318	109.131	89.3686	109.131	89.2333	109.131	89.3286	109.131	89.2121	109.131	89.2604	109.131	89.1667	109.131	89.1689	109.131	89.0995	109.131	89.0635	109.131	89.0172	109.131	88.9577	109.131	88.9308	109.131	88.867	109.131	88.8541	109.131	88.8056	109.131	88.801	109.131	88.783
112.793	88.8676	112.793	88.8764	112.793	88.8685	112.793	88.8953	112.793	88.8782	112.793	88.9246	112.793	88.8957	112.793	88.9631	112.793	88.9197	112.793	89.0084	112.793	88.9479	112.793	89.0562	112.793	88.9776	112.793	89.1006	112.793	89.0046	112.793	89.1342	112.793	89.0239	112.793	89.1498	112.793	89.0305	112.793	89.1407	112.793	89.0197	112.793	89.1034	112.793	88.9885	112.793	89.0378	112.793	88.9366	112.793	88.9486	112.793	88.8673	112.793	88.8456	112.793	88.7873	112.793	88.7425	112.793	88.7063	112.793	88.6545	112.793	88.6359	112.793	88.5951	112.793	88.5881	112.793	88.5727
116.455	88.7834	116.455	88.7815	116.455	88.7963	116.455	88.7918	116.455	88.819	116.455	88.8149	116.455	88.8502	116.455	88.8509	116.455	88.888	116.455	88.898	116.455	88.9296	116.455	88.9528	116.455	88.9711	116.455	89.0095	116.455	89.0075	116.455	89.0607	116.455	89.033	116.455	89.0978	116.455	89.0416	116.455	89.1132	116.455	89.0285	116.455	89.1007	116.455	88.9911	116.455	89.058	116.455	88.9301	116.455	88.9871	116.455	88.8507	116.455	88.8949	116.455	88.7622	116.455	88.793	116.455	88.6775	116.455	88.6961	116.455	88.6108	116.455	88.62	116.455	88.5747	116.455	88.5774
120.85	88.506	120.85	88.5119	120.85	88.5082	120.85	88.5259	120.85	88.5195	120.85	88.5485	120.85	88.541	120.85	88.5804	120.85	88.5736	120.85	88.6216	120.85	88.6171	120.85	88.6704	120.85	88.6691	120.85	88.7233	120.85	88.7254	120.85	88.7746	120.85	88.78	120.85	88.8176	120.85	88.8259	120.85	88.8453	120.85	88.8564	120.85	88.8527	120.85	88.8664	120.85	88.8373	120.85	88.8536	120.85	88.8012	120.85	88.8196	120.85	88.7502	120.85	88.7696	120.85	88.6939	120.85	88.7124	120.85	88.6438	120.85	88.6585	120.85	88.6105	120.85	88.6187	120.85	88.6014
125.244	88.4078	125.244	88.4248	125.244	88.3943	125.244	88.445	125.244	88.3857	125.244	88.4697	125.244	88.3841	125.244	88.5005	125.244	88.3921	125.244	88.5386	125.244	88.4113	125.244	88.5837	125.244	88.4418	125.244	88.6334	125.244	88.4813	125.244	88.6825	125.244	88.5254	125.244	88.7243	125.244	88.5678	125.244	88.7515	125.244	88.602	125.244	88.7582	125.244	88.6225	125.244	88.7419	125.244	88.6262	125.244	88.7044	125.244	88.6131	125.244	88.6524	125.244	88.5871	125.244	88.5962	125.244	88.5547	125.244	88.5467	125.244	88.524	125.244	88.5124	125.244	88.5029	125.244	88.4978
129.639	88.4446	129.639	88.4592	129.639	88.4325	129.639	88.4769	129.639	88.4235	129.639	88.5001	129.639	88.4191	129.639	88.5318	129.639	88.4213	129.639	88.5746	129.639	88.4317	129.639	88.6298	129.639	88.45	129.639	88.6961	129.639	88.4745	129.639	88.7685	129.639	88.5015	129.639	88.8393	129.639	88.5264	129.639	88.8985	129.639	88.5447	129.639	88.9366	129.639	88.5535	129.639	88.9462	129.639	88.5524	129.639	88.9248	129.639	88.5439	129.639	88.8753	129.639	88.5333	129.639	88.8061	129.639	88.5275	129.639	88.7289	129.639	88.533	129.639	88.6558	129.639	88.5551	129.639	88.5962
134.033	88.3622	134.033	88.3558	134.033	88.3681	134.033	88.3498	134.033	88.3745	134.033	88.3464	134.033	88.3837	134.033	88.3492	134.033	88.3985	134.033	88.3619	134.033	88.4213	134.033	88.3875	134.033	88.4533	134.033	88.427	134.033	88.4935	134.033	88.4788	134.033	88.5384	134.033	88.5382	134.033	88.5826	134.033	88.5982	134.033	88.6202	134.033	88.6505	134.033	88.6458	134.033	88.6878	134.033	88.6563	134.033	88.7054	134.033	88.6516	134.033	88.7022	134.033	88.6355	134.033	88.6818	134.033	88.6146	134.033	88.6515	134.033	88.597	134.033	88.6207	134.033	88.5902	134.033	88.5983
138.428	88.0418	138.428	88.0452	138.428	88.0358	138.428	88.0464	138.428	88.0289	138.428	88.0481	138.428	88.0246	138.428	88.0542	138.428	88.0273	138.428	88.0689	138.428	88.0407	138.428	88.0952	138.428	88.0668	138.428	88.1335	138.428	88.1052	138.428	88.1808	138.428	88.1521	138.428	88.2314	138.428	88.2018	138.428	88.2779	138.428	88.2471	138.428	88.3132	138.428	88.2821	138.428	88.3323	138.428	88.3024	138.428	88.3338	138.428	88.3073	138.428	88.3204	138.428	88.2993	138.428	88.2981	138.428	88.2834	138.428	88.2745	138.428	88.266	138.428	88.2568	138.428	88.2532	138.428	88.2494
143.555	88.0482	143.555	88.063	143.555	88.0157	143.555	88.061	143.555	87.9686	143.555	88.047	143.555	87.9137	143.555	88.029	143.555	87.8602	143.555	88.0168	143.555	87.818	143.555	88.0193	143.555	87.7955	143.555	88.0428	143.555	87.7973	143.555	88.0885	143.555	87.823	143.555	88.1519	143.555	87.8672	143.555	88.2234	143.555	87.9212	143.555	88.2907	143.555	87.9759	143.555	88.342	143.555	88.024	143.555	88.3686	143.555	88.062	143.555	88.3676	143.555	88.0905	143.555	88.3419	143.555	88.1138	143.555	88.2996	143.555	88.1375	143.555	88.2509	143.555	88.1669	143.555	88.2049
148.682	88.2808	148.682	88.2987	148.682	88.235	148.682	88.2878	148.682	88.1659	148.682	88.2512	148.682	88.0816	148.682	88.1957	148.682	87.9928	148.682	88.1311	148.682	87.9112	148.682	88.0688	148.682	87.8475	148.682	88.0203	148.682	87.8088	148.682	87.994	148.682	87.7966	148.682	87.9931	148.682	87.8069	148.682	88.0144	148.682	87.8314	148.682	88.0492	148.682	87.8608	148.682	88.0856	148.682	87.8874	148.682	88.1121	148.682	87.907	148.682	88.1203	148.682	87.9201	148.682	88.1077	148.682	87.9305	148.682	88.0778	148.682	87.9441	148.682	88.0382	148.682	87.9662	148.682	87.9985
153.809	88.3578	153.809	88.379	153.809	88.3025	153.809	88.3686	153.809	88.2138	153.809	88.3314	153.809	88.0958	153.809	88.2745	153.809	87.9562	153.809	88.2071	153.809	87.8066	153.809	88.1391	153.809	87.6616	153.809	88.0798	153.809	87.5369	153.809	88.0364	153.809	87.4465	153.809	88.012	153.809	87.3982	153.809	88.0049	153.809	87.3921	153.809	88.0094	153.809	87.4201	153.809	88.0171	153.809	87.4696	153.809	88.0194	153.809	87.5285	153.809	88.0096	153.809	87.5885	153.809	87.9841	153.809	87.6472	153.809	87.943	153.809	87.7058	153.809	87.8893	153.809	87.7663	153.809	87.8286
159.668	88.2366	159.668	88.2392	159.668	88.1973	159.668	88.207	159.668	88.122	159.668	88.1451	159.668	88.0143	159.668	88.0612	159.668	87.8804	159.668	87.9655	159.668	87.7289	159.668	87.8695	159.668	87.5702	159.668	87.7845	159.668	87.4159	159.668	87.7194	159.668	87.2781	159.668	87.6784	159.668	87.1681	159.668	87.6605	159.668	87.0949	159.668	87.6593	159.668	87.0631	159.668	87.6659	159.668	87.0719	159.668	87.6712	159.668	87.1153	159.668	87.6679	159.668	87.1835	159.668	87.6514	159.668	87.2659	159.668	87.6198	159.668	87.3527	159.668	87.5727	159.668	87.4362	159.668	87.5107
164.795	88.2454	164.795	88.2231	164.795	88.2199	164.795	88.1579	164.795	88.1442	164.795	88.0575	164.795	88.0195	164.795	87.9321	164.795	87.8509	164.795	87.7945	164.795	87.6481	164.795	87.6591	164.795	87.4254	164.795	87.5405	164.795	87.2008	164.795	87.4504	164.795	86.9935	164.795	87.3942	164.795	86.8202	164.795	87.3697	164.795	86.6927	164.795	87.3674	164.795	86.6153	164.795	87.3741	164.795	86.5867	164.795	87.3764	164.795	86.6021	164.795	87.3634	164.795	86.6554	164.795	87.3282	164.795	86.7397	164.795	87.2681	164.795	86.8461	164.795	87.1838	164.795	86.9635	164.795	87.0797
170.654	88.4211	170.654	88.321	170.654	88.4709	170.654	88.1736	170.654	88.4681	170.654	87.9833	170.654	88.4105	170.654	87.7574	170.654	88.297	170.654	87.5079	170.654	88.1277	170.654	87.2536	170.654	87.9066	170.654	87.0198	170.654	87.6428	170.654	86.8359	170.654	87.3532	170.654	86.7274	170.654	87.0618	170.654	86.7051	170.654	86.7965	170.654	86.7592	170.654	86.5834	170.654	86.861	170.654	86.4399	170.654	86.9734	170.654	86.3728	170.654	87.0619	170.654	86.3797	170.654	87.102	170.654	86.4518	170.654	87.0821	170.654	86.5741	170.654	87.0029	170.654	86.7246	170.654	86.8766
176.514	88.2871	176.514	88.2019	176.514	88.3261	176.514	88.0702	176.514	88.3204	176.514	87.893	176.514	88.273	176.514	87.6716	176.514	88.187	176.514	87.4076	176.514	88.0645	176.514	87.1042	176.514	87.9065	176.514	86.7691	176.514	87.7141	176.514	86.4197	176.514	87.4916	176.514	86.0873	176.514	87.2509	176.514	85.8164	176.514	87.0117	176.514	85.6531	176.514	86.7978	176.514	85.6243	176.514	86.6289	176.514	85.7194	176.514	86.5132	176.514	85.8932	176.514	86.4467	176.514	86.0862	176.514	86.4182	176.514	86.2492	176.514	86.414	176.514	86.3561	176.514	86.4173	176.514	86.4062
183.105	88.3183	183.105	88.3141	183.105	88.2626	183.105	88.2467	183.105	88.1529	183.105	88.1167	183.105	87.9974	183.105	87.9299	183.105	87.805	183.105	87.6989	183.105	87.5858	183.105	87.441	183.105	87.3496	183.105	87.1748	183.105	87.1066	183.105	86.912	183.105	86.8668	183.105	86.6518	183.105	86.6398	183.105	86.3805	183.105	86.4336	183.105	86.0805	183.105	86.2502	183.105	85.7443	183.105	86.0837	183.105	85.3869	183.105	85.92	183.105	85.0509	183.105	85.7419	183.105	84.796	183.105	85.5367	183.105	84.6731	183.105	85.3042	183.105	84.6973	183.105	85.0612	183.105	84.8427
189.697	88.4644	189.697	88.4593	189.697	88.4162	189.697	88.3997	189.697	88.3186	189.697	88.2863	189.697	88.1786	189.697	88.12	189.697	88.0056	189.697	87.9013	189.697	87.8102	189.697	87.6296	189.697	87.6017	189.697	87.3044	189.697	87.3859	189.697	86.9291	189.697	87.1639	189.697	86.515	189.697	86.9363	189.697	86.0874	189.697	86.7088	189.697	85.6876	189.697	86.498	189.697	85.3709	189.697	86.3286	189.697	85.1914	189.697	86.2213	189.697	85.1786	189.697	86.1781	189.697	85.317	189.697	86.1757	189.697	85.5486	189.697	86.1727	189.697	85.7979	189.697	86.1248	189.697	86.0009
196.289	88.5189	196.289	88.4538	196.289	88.5228	196.289	88.335	196.289	88.4569	196.289	88.1692	196.289	88.3104	196.289	87.965	196.289	88.0723	196.289	87.7343	196.289	87.7351	196.289	87.4929	196.289	87.3	196.289	87.2583	196.289	86.7841	196.289	87.0466	196.289	86.2258	196.289	86.8661	196.289	85.6848	196.289	86.7139	196.289	85.2299	196.289	86.5739	196.289	84.9141	196.289	86.4218	196.289	84.7519	196.289	86.2343	196.289	84.7167	196.289	86.002	196.289	84.7598	196.289	85.7393	196.289	84.8353	196.289	85.4815	196.289	84.9168	196.289	85.2667	196.289	85.0027	196.289	85.111
202.881	88.5902	202.881	88.5371	202.881	88.5867	202.881	88.4236	202.881	88.5298	202.881	88.245	202.881	88.4215	202.881	87.9966	202.881	88.2622	202.881	87.6741	202.881	88.0507	202.881	87.2762	202.881	87.7847	202.881	86.8101	202.881	87.4623	202.881	86.2982	202.881	87.084	202.881	85.7865	202.881	86.6565	202.881	85.3432	202.881	86.1956	202.881	85.0383	202.881	85.7301	202.881	84.9051	202.881	85.3012	202.881	84.9142	202.881	84.9568	202.881	84.9918	202.881	84.7364	202.881	85.0618	202.881	84.653	202.881	85.077	202.881	84.6861	202.881	85.0246	202.881	84.7914	202.881	84.9189
210.205	88.9223	210.205	88.8552	210.205	88.9289	210.205	88.7261	210.205	88.877	210.205	88.5337	210.205	88.7676	210.205	88.2772	210.205	88.6013	210.205	87.957	210.205	88.3777	210.205	87.5743	210.205	88.0961	210.205	87.1311	210.205	87.758	210.205	86.631	210.205	87.37	210.205	86.0817	210.205	86.9482	210.205	85.5012	210.205	86.5197	210.205	84.9274	210.205	86.1191	210.205	84.4238	210.205	85.7775	210.205	84.0684	210.205	85.5086	210.205	83.9165	210.205	85.3033	210.205	83.9624	210.205	85.136	210.205	84.1416	210.205	84.9776	210.205	84.3742	210.205	84.8047	210.205	84.6034
217.529	88.8894	217.529	88.9405	217.529	88.7924	217.529	88.9414	217.529	88.6544	217.529	88.8879	217.529	88.4818	217.529	88.7747	217.529	88.2825	217.529	88.5955	217.529	88.0638	217.529	88.3428	217.529	87.8304	217.529	88.0106	217.529	87.5817	217.529	87.5961	217.529	87.3116	217.529	87.1046	217.529	87.0117	217.529	86.554	217.529	86.6784	217.529	85.9793	217.529	86.3212	217.529	85.434	217.529	85.9669	217.529	84.9824	217.529	85.6533	217.529	84.681	217.529	85.4107	217.529	84.5535	217.529	85.2414	217.529	84.5784	217.529	85.1163	217.529	84.6994	217.529	84.995	217.529	84.8529
225.586	88.7085	225.586	88.7993	225.586	88.5605	225.586	88.8349	225.586	88.3545	225.586	88.818	225.586	88.0905	225.586	88.7522	225.586	87.7696	225.586	88.6411	225.586	87.3954	225.586	88.488	225.586	86.9756	225.586	88.2954	225.586	86.5257	225.586	88.0645	225.586	86.0734	225.586	87.7958	225.586	85.6615	225.586	87.491	225.586	85.3449	225.586	87.1566	225.586	85.1735	225.586	86.8089	225.586	85.1654	225.586	86.4776	225.586	85.2896	225.586	86.2011	225.586	85.4797	225.586	86.012	225.586	85.6665	225.586	85.9175	225.586	85.8035	225.586	85.8932	225.586	85.8755	225.586	85.8944
232.91	89.0596	232.91	89.0096	232.91	89.0476	232.91	88.9059	232.91	88.9684	232.91	88.7595	232.91	88.8191	232.91	88.5825	232.91	88.5983	232.91	88.3851	232.91	88.3053	232.91	88.1739	232.91	87.9404	232.91	87.9514	232.91	87.5053	232.91	87.7194	232.91	87.0042	232.91	87.483	232.91	86.4466	232.91	87.2528	232.91	85.8536	232.91	87.0411	232.91	85.2697	232.91	86.8545	232.91	84.7711	232.91	86.6869	232.91	84.4532	232.91	86.521	232.91	84.3823	232.91	86.3366	232.91	84.5445	232.91	86.1189	232.91	84.8539	232.91	85.8601	232.91	85.2127	232.91	85.5567
241.699	88.5338	241.699	88.4182	241.699	88.5799	241.699	88.2265	241.699	88.5632	241.699	87.9541	241.699	88.4889	241.699	87.6009	241.699	88.3593	241.699	87.1746	241.699	88.1727	241.699	86.6931	241.699	87.9229	241.699	86.1853	241.699	87.601	241.699	85.6891	241.699	87.2011	241.699	85.2483	241.699	86.7294	241.699	84.91	241.699	86.2152	241.699	84.72	241.699	85.7165	241.699	84.7073	241.699	85.3115	241.699	84.8599	241.699	85.0691	241.699	85.115	241.699	85.0127	241.699	85.382	241.699	85.1094	241.699	85.5804	241.699	85.2912	241.699	85.6637	241.699	85.4839	241.699	85.6237
249.756	88.4903	249.756	88.4722	249.756	88.4369	249.756	88.3814	249.756	88.3123	249.756	88.2161	249.756	88.1161	249.756	87.9748	249.756	87.8497	249.756	87.6571	249.756	87.5186	249.756	87.2638	249.756	87.1346	249.756	86.7994	249.756	86.7147	249.756	86.2739	249.756	86.2766	249.756	85.7075	249.756	85.8332	249.756	85.1311	249.756	85.393	249.756	84.5862	249.756	84.9722	249.756	84.1215	249.756	84.6119	249.756	83.7921	249.756	84.3759	249.756	83.6498	249.756	84.3082	249.756	83.7145	249.756	84.3802	249.756	83.9399	249.756	84.4925	249.756	84.2206	249.756	84.5349	249.756	84.4427
258.545	88.7483	258.545	88.7558	258.545	88.6704	258.545	88.6921	258.545	88.522	258.545	88.5536	258.545	88.3023	258.545	88.3331	258.545	88.0102	258.545	88.0188	258.545	87.6453	258.545	87.5945	258.545	87.2094	258.545	87.0439	258.545	86.7101	258.545	86.3591	258.545	86.1629	258.545	85.561	258.545	85.5901	258.545	84.7309	258.545	85.0127	258.545	84.036	258.545	84.4451	258.545	83.6758	258.545	83.907	258.545	83.718	258.545	83.4548	258.545	84.0133	258.545	83.1947	258.545	84.3335	258.545	83.2216	258.545	84.5198	258.545	83.5137	258.545	84.5068	258.545	83.9256	258.545	84.2928
268.066	88.535	268.066	88.473	268.066	88.5283	268.066	88.3427	268.066	88.4517	268.066	88.1432	268.066	88.3045	268.066	87.8742	268.066	88.0855	268.066	87.5407	268.066	87.7915	268.066	87.1585	268.066	87.4123	268.066	86.7577	268.066	86.9297	268.066	86.3745	268.066	86.3221	268.066	86.0277	268.066	85.5837	268.066	85.6923	268.066	84.7576	268.066	85.3011	268.066	83.9724	268.066	84.7906	268.066	83.4216	268.066	84.1646	268.066	83.2253	268.066	83.5376	268.066	83.2999	268.066	83.0951	268.066	83.4426	268.066	82.9513	268.066	83.501	268.066	83.052	268.066	83.4279	268.066	83.2525
277.588	89.1932	277.588	89.1378	277.588	89.1809	277.588	89.0073	277.588	89.1053	277.588	88.7914	277.588	88.9679	277.588	88.4766	277.588	88.7672	277.588	88.0463	277.588	88.497	277.588	87.4794	277.588	88.1451	277.588	86.7532	277.588	87.6919	277.588	85.8545	277.588	87.1129	277.588	84.8073	277.588	86.3857	277.588	83.7205	277.588	85.5069	277.588	82.8172	277.588	84.5238	277.588	82.3396	277.588	83.5745	277.588	82.3293	277.588	82.886	277.588	82.5982	277.588	82.6355	277.588	82.9354	277.588	82.7711	277.588	83.2213	277.588	83.0674	277.588	83.4008	277.588	83.3232	277.588	83.4409
287.109	89.4118	287.109	89.382	287.109	89.4119	287.109	89.3254	287.109	89.3757	287.109	89.2382	287.109	89.2948	287.109	89.1077	287.109	89.1608	287.109	88.9095	287.109	88.9671	287.109	88.6065	287.109	88.7083	287.109	88.1506	287.109	88.3765	287.109	87.4878	287.109	87.9546	287.109	86.5725	287.109	87.4084	287.109	85.3957	287.109	86.6871	287.109	84.0404	287.109	85.7431	287.109	82.7561	287.109	84.5822	287.109	81.9246	287.109	83.3556	287.109	81.7463	287.109	82.4239	287.109	82.0235	287.109	82.1281	287.109	82.4291	287.109	82.3564	287.109	82.7429	287.109	82.6913	287.109	82.8456
297.363	88.7706	297.363	88.8004	297.363	88.703	297.363	88.7925	297.363	88.6041	297.363	88.751	297.363	88.4839	297.363	88.6789	297.363	88.3497	297.363	88.5727	297.363	88.1994	297.363	88.4174	297.363	88.02	297.363	88.1824	297.363	87.7943	297.363	87.821	297.363	87.5113	297.363	87.2755	297.363	87.1687	297.363	86.4953	297.363	86.7645	297.363	85.469	297.363	86.2821	297.363	84.279	297.363	85.6879	297.363	83.1569	297.363	84.9601	297.363	82.4278	297.363	84.1445	297.363	82.2348	297.363	83.3958	297.363	82.3828	297.363	82.9088	297.363	82.5802	297.363	82.7257	297.363	82.6794
307.617	88.6152	307.617	88.5665	307.617	88.5771	307.617	88.4402	307.617	88.4485	307.617	88.2546	307.617	88.2279	307.617	88.0376	307.617	87.917	307.617	87.819	307.617	87.5228	307.617	87.6161	307.617	87.0567	307.617	87.4189	307.617	86.5271	307.617	87.1826	307.617	85.9343	307.617	86.8332	307.617	85.2807	307.617	86.2856	307.617	84.5967	307.617	85.4741	307.617	83.9569	307.617	84.3995	307.617	83.4445	307.617	83.1964	307.617	83.0781	307.617	82.1697	307.617	82.7976	307.617	81.6299	307.617	82.5414	307.617	81.5768	307.617	82.3051	307.617	81.7466	307.617	82.1094	307.617	81.9366
318.604	88.6849	318.604	88.7225	318.604	88.5719	318.604	88.6793	318.604	88.396	318.604	88.5601	318.604	88.1714	318.604	88.3769	318.604	87.9103	318.604	88.1408	318.604	87.6225	318.604	87.8517	318.604	87.3198	318.604	87.4965	318.604	87.0161	318.604	87.0603	318.604	86.7129	318.604	86.5444	318.604	86.3802	318.604	85.9716	318.604	85.9576	318.604	85.3698	318.604	85.3936	318.604	84.7459	318.604	84.6995	318.604	84.0905	318.604	83.9778	318.604	83.4224	318.604	83.3731	318.604	82.827	318.604	82.9575	318.604	82.4243	318.604	82.6852	318.604	82.272	318.604	82.479	318.604	82.3217
329.59	89.5882	329.59	89.6579	329.59	89.4301	329.59	89.6219	329.59	89.2019	329.59	89.4661	329.59	88.9206	329.59	89.1834	329.59	88.5974	329.59	88.7785	329.59	88.2313	329.59	88.2721	329.59	87.8053	329.59	87.6997	329.59	87.2939	329.59	87.1008	329.59	86.6823	329.59	86.5022	329.59	85.9913	329.59	85.9081	329.59	85.2887	329.59	85.3143	329.59	84.6729	329.59	84.7406	329.59	84.2373	329.59	84.2583	329.59	84.0394	329.59	83.9723	329.59	84.0745	329.59	83.9426	329.59	84.26	329.59	84.1154	329.59	84.4652	329.59	84.356	329.59	84.5751	329.59	84.5347
341.309	89.7806	341.309	89.7422	341.309	89.7473	341.309	89.6533	341.309	89.6272	341.309	89.5353	341.309	89.4142	341.309	89.4022	341.309	89.1103	341.309	89.2528	341.309	88.7207	341.309	89.0693	341.309	88.2465	341.309	88.8188	341.309	87.6791	341.309	88.4572	341.309	87.0049	341.309	87.9334	341.309	86.2195	341.309	87.2052	341.309	85.3442	341.309	86.2797	341.309	84.4307	341.309	85.2769	341.309	83.5545	341.309	84.4482	341.309	82.8217	341.309	84.0142	341.309	82.391	341.309	83.9334	341.309	82.4036	341.309	83.9741	341.309	82.7988	341.309	83.9393	341.309	83.3176	341.309	83.7277
353.76	89.0635	353.76	88.9145	353.76	89.1822	353.76	88.7481	353.76	89.25	353.76	88.5696	353.76	89.2468	353.76	88.3827	353.76	89.1626	353.76	88.1925	353.76	89	353.76	87.9941	353.76	88.7658	353.76	87.7583	353.76	88.4557	353.76	87.4367	353.76	88.04	353.76	86.988	353.76	87.4616	353.76	86.3957	353.76	86.6484	353.76	85.6569	353.76	85.5432	353.76	84.764	353.76	84.1679	353.76	83.7317	353.76	82.7342	353.76	82.6802	353.76	81.6737	353.76	81.862	353.76	81.2643	353.76	81.4612	353.76	81.2775	353.76	81.3783	353.76	81.3646	353.76	81.3906
366.211	87.7684	366.211	87.7093	366.211	87.7732	366.211	87.6096	366.211	87.7192	366.211	87.4858	366.211	87.6113	366.211	87.3454	366.211	87.4623	366.211	87.1827	366.211	87.2958	366.211	86.9861	366.211	87.1436	366.211	86.7419	366.211	87.032	366.211	86.4273	366.211	86.9618	366.211	86.0137	366.211	86.9047	366.211	85.5061	366.211	86.8146	366.211	84.9952	366.211	86.6329	366.211	84.64	366.211	86.2982	366.211	84.5285	366.211	85.7914	366.211	84.5871	366.211	85.2073	366.211	84.6922	366.211	84.7591	366.211	84.7835	366.211	84.6105	366.211	84.8349	366.211	84.6926	366.211	84.8062
378.662	88.5831	378.662	88.5188	378.662	88.5748	378.662	88.3626	378.662	88.5155	378.662	88.1052	378.662	88.419	378.662	87.7522	378.662	88.2792	378.662	87.3286	378.662	88.0703	378.662	86.875	378.662	87.7606	378.662	86.4324	378.662	87.328	378.662	86.0151	378.662	86.7511	378.662	85.5846	378.662	85.9792	378.662	85.047	378.662	84.9293	378.662	84.2996	378.662	83.5708	378.662	83.3444	378.662	82.1256	378.662	82.4478	378.662	81.2396	378.662	82.1035	378.662	81.4328	378.662	82.4751	378.662	82.2934	378.662	83.1489	378.662	83.1565	378.662	83.6879	378.662	83.7162	378.662	83.8947
392.578	89.2473	392.578	89.1984	392.578	89.1704	392.578	89.0252	392.578	88.9897	392.578	88.7535	392.578	88.744	392.578	88.4253	392.578	88.4729	392.578	88.0765	392.578	88.1942	392.578	87.7062	392.578	87.8898	392.578	87.2635	392.578	87.5164	392.578	86.6656	392.578	87.0293	392.578	85.8366	392.578	86.3986	392.578	84.7544	392.578	85.6047	392.578	83.4984	392.578	84.6219	392.578	82.2693	392.578	83.4223	392.578	81.3292	392.578	82.0618	392.578	80.8678	392.578	80.8705	392.578	80.9041	392.578	80.421	392.578	81.2579	392.578	80.7866	392.578	81.6137	392.578	81.3703	392.578	81.6896
405.762	88.0858	405.762	88.1097	405.762	87.957	405.762	88.0387	405.762	87.7308	405.762	87.8937	405.762	87.4426	405.762	87.6983	405.762	87.1619	405.762	87.4703	405.762	86.9674	405.762	87.2195	405.762	86.8823	405.762	86.9515	405.762	86.8392	405.762	86.6643	405.762	86.7338	405.762	86.327	405.762	86.5089	405.762	85.8627	405.762	86.1721	405.762	85.1726	405.762	85.7382	405.762	84.2137	405.762	85.17	405.762	83.1151	405.762	84.4046	405.762	82.2235	405.762	83.4499	405.762	81.803	405.762	82.4627	405.762	81.6888	405.762	81.7145	405.762	81.585	405.762	81.3949	405.762	81.4306
420.41	88.9753	420.41	89.0341	420.41	88.7918	420.41	88.9382	420.41	88.5173	420.41	88.6722	420.41	88.1769	420.41	88.244	420.41	87.7833	420.41	87.6921	420.41	87.3433	420.41	87.087	420.41	86.869	420.41	86.5068	420.41	86.3799	420.41	85.9749	420.41	85.8778	420.41	85.4129	420.41	85.3078	420.41	84.6762	420.41	84.5523	420.41	83.6501	420.41	83.494	420.41	82.3444	420.41	82.1404	420.41	80.9667	420.41	80.7961	420.41	79.9334	420.41	80.0632	420.41	79.6334	420.41	80.1948	420.41	80	420.41	80.7033	420.41	80.5862	420.41	81.0458	420.41	81.0005
435.059	88.5468	435.059	88.494	435.059	88.5923	435.059	88.4259	435.059	88.5987	435.059	88.3187	435.059	88.5114	435.059	88.1712	435.059	88.2951	435.059	88.0109	435.059	87.965	435.059	87.8468	435.059	87.5724	435.059	87.6245	435.059	87.1441	435.059	87.2551	435.059	86.6478	435.059	86.6785	435.059	86.0537	435.059	85.882	435.059	85.4264	435.059	84.8669	435.059	84.8856	435.059	83.6494	435.059	84.409	435.059	82.3666	435.059	83.7694	435.059	81.3634	435.059	82.7735	435.059	80.9335	435.059	81.6109	435.059	80.949	435.059	80.9152	435.059	81.0709	435.059	80.9057	435.059	81.0688
450.439	87.9971	450.439	87.8359	450.439	88.0261	450.439	87.6171	450.439	87.8657	450.439	87.3836	450.439	87.5084	450.439	87.1372	450.439	86.9979	450.439	86.8988	450.439	86.4237	450.439	86.763	450.439	85.9223	450.439	86.814	450.439	85.6416	450.439	86.9576	450.439	85.6066	450.439	86.9447	450.439	85.6297	450.439	86.568	450.439	85.4515	450.439	85.7776	450.439	84.9522	450.439	84.6847	450.439	84.2706	450.439	83.5337	450.439	83.7578	450.439	82.677	450.439	83.6201	450.439	82.4345	450.439	83.6734	450.439	82.743	450.439	83.6841	450.439	83.1849	450.439	83.6157	450.439	83.4752
466.553	88.4815	466.553	88.1232	466.553	88.6646	466.553	87.6395	466.553	88.667	466.553	87.1053	466.553	88.5213	466.553	86.5714	466.553	88.2731	466.553	86.0278	466.553	87.9437	466.553	85.4518	466.553	87.5175	466.553	84.9066	466.553	86.9754	466.553	84.5605	466.553	86.3196	466.553	84.5421	466.553	85.535	466.553	84.762	466.553	84.5437	466.553	84.9366	466.553	83.26	466.553	84.7761	466.553	81.7506	466.553	84.1548	466.553	80.4236	466.553	83.2286	466.553	79.9424	466.553	82.4396	466.553	80.4499	466.553	82.1495	466.553	81.323	466.553	82.2187	466.553	81.989	466.553	82.2585
482.666	88.0057	482.666	88.1623	482.666	87.6933	482.666	88.1113	482.666	87.2947	482.666	87.8484	482.666	86.871	482.666	87.4091	482.666	86.5022	482.666	86.8292	482.666	86.3115	482.666	86.1274	482.666	86.3575	482.666	85.3543	482.666	86.5146	482.666	84.6348	482.666	86.5914	482.666	84.0089	482.666	86.4865	482.666	83.2312	482.666	86.1606	482.666	82.0207	482.666	85.5704	482.666	80.735	482.666	84.7217	482.666	80.6278	482.666	83.7698	482.666	81.7122	482.666	82.9711	482.666	82.6678	482.666	82.4741	482.666	83.0095	482.666	82.2944	482.666	82.9132	482.666	82.3979	482.666	82.6541
500.244	88.9549	500.244	88.9867	500.244	88.7421	500.244	88.7987	500.244	88.4067	500.244	88.414	500.244	87.9777	500.244	87.9343	500.244	87.4264	500.244	87.4829	500.244	86.693	500.244	87.0561	500.244	85.7736	500.244	86.4744	500.244	84.8108	500.244	85.5809	500.244	84.0402	500.244	84.5131	500.244	83.5354	500.244	83.6854	500.244	83.1304	500.244	83.1202	500.244	82.6486	500.244	82.1835	500.244	82.0134	500.244	80.3293	500.244	81.2667	500.244	77.7647	500.244	80.7112	500.244	76.5869	500.244	80.742	500.244	78.1383	500.244	81.1779	500.244	80.0013	500.244	81.4311	500.244	81.1032
517.822	88.1621	517.822	88.0961	517.822	88.1259	517.822	87.9507	517.822	87.9127	517.822	87.6713	517.822	87.4818	517.822	87.1927	517.822	86.8828	517.822	86.5477	517.822	86.2475	517.822	85.9748	517.822	85.7247	517.822	85.8527	517.822	85.3947	517.822	86.1901	517.822	85.2266	517.822	86.4456	517.822	85.0894	517.822	86.1354	517.822	84.782	517.822	85.184	517.822	84.1019	517.822	83.876	517.822	82.9575	517.822	82.6278	517.822	81.4984	517.822	81.7189	517.822	80.1909	517.822	81.2608	517.822	79.5457	517.822	81.1358	517.822	79.6256	517.822	81.0142	517.822	80.1223	517.822	80.6683
536.133	88.7504	536.133	88.7341	536.133	88.5683	536.133	88.5519	536.133	88.1975	536.133	88.2356	536.133	87.6791	536.133	87.7718	536.133	87.0502	536.133	87.1149	536.133	86.3304	536.133	86.242	536.133	85.5228	536.133	85.2126	536.133	84.595	536.133	84.2199	536.133	83.5087	536.133	83.5154	536.133	82.3697	536.133	83.087	536.133	81.4871	536.133	82.5197	536.133	81.0189	536.133	81.3163	536.133	80.7697	536.133	79.278	536.133	80.6767	536.133	77.3713	536.133	80.9128	536.133	77.9448	536.133	81.3876	536.133	79.8925	536.133	81.8136	536.133	81.3039	536.133	82.0406	536.133	81.9459
554.443	87.618	554.443	87.4082	554.443	87.7819	554.443	87.1516	554.443	87.8756	554.443	86.8391	554.443	87.8442	554.443	86.4403	554.443	87.6423	554.443	85.9384	554.443	87.2894	554.443	85.4423	554.443	86.9084	554.443	85.1669	554.443	86.6591	554.443	85.1351	554.443	86.492	554.443	85.0343	554.443	86.0756	554.443	84.5322	554.443	85.1233	554.443	83.617	554.443	83.7351	554.443	82.6885	554.443	82.3511	554.443	82.1091	554.443	80.9904	554.443	81.6163	554.443	79.0721	554.443	80.8652	554.443	76.9247	554.443	80.0334	554.443	76.7773	554.443	79.4488	554.443	78.0631	554.443	78.9547
574.219	88.632	574.219	88.5046	574.219	88.4797	574.219	88.0622	574.219	88.0943	574.219	87.3293	574.219	87.4998	574.219	86.4419	574.219	86.6871	574.219	85.6095	574.219	85.6583	574.219	84.9139	574.219	84.4984	574.219	84.2111	574.219	83.416	574.219	83.4325	574.219	82.7505	574.219	82.9036	574.219	82.6825	574.219	82.8184	574.219	82.7516	574.219	82.5142	574.219	82.2752	574.219	81.1613	574.219	81.1157	574.219	78.6842	574.219	80.1117	574.219	77.5282	574.219	80.1952	574.219	79.4257	574.219	80.6964	574.219	81.1676	574.219	81.0166	574.219	81.8477	574.219	81.358	574.219	81.7631
594.727	88.3657	594.727	88.2803	594.727	88.2852	594.727	88.057	594.727	88.0169	594.727	87.7016	594.727	87.5758	594.727	87.1756	594.727	87.0261	594.727	86.4148	594.727	86.4385	594.727	85.4494	594.727	85.8301	594.727	84.5895	594.727	85.1867	594.727	84.2435	594.727	84.5203	594.727	84.2216	594.727	83.8651	594.727	83.8872	594.727	83.2427	594.727	82.9478	594.727	82.5751	594.727	81.6739	594.727	81.5723	594.727	80.4471	594.727	79.8085	594.727	79.1126	594.727	77.0778	594.727	77.6029	594.727	74.7887	594.727	76.9273	594.727	75.7923	594.727	77.6252	594.727	77.628	594.727	78.233
615.234	89.2261	615.234	89.3043	615.234	88.9681	615.234	89.1549	615.234	88.5775	615.234	88.736	615.234	88.1072	615.234	88.0492	615.234	87.5932	615.234	87.1773	615.234	87.0002	615.234	86.2541	615.234	86.2019	615.234	85.312	615.234	85.1213	615.234	84.2002	615.234	84.0244	615.234	82.9211	615.234	83.436	615.234	82.1049	615.234	83.2726	615.234	82.0465	615.234	82.8597	615.234	81.6321	615.234	81.6827	615.234	79.878	615.234	79.6723	615.234	77.5487	615.234	78.2568	615.234	78.0673	615.234	79.2137	615.234	79.6589	615.234	80.3638	615.234	80.243	615.234	80.5459	615.234	80.364
637.207	88.9041	637.207	88.7895	637.207	88.9681	637.207	88.5559	637.207	88.9834	637.207	88.1633	637.207	88.8373	637.207	87.6463	637.207	88.3733	637.207	87.0385	637.207	87.5219	637.207	86.2697	637.207	86.4215	637.207	85.3438	637.207	85.4075	637.207	84.6641	637.207	84.7347	637.207	84.5346	637.207	84.3509	637.207	84.3779	637.207	83.9796	637.207	83.5763	637.207	83.2928	637.207	82.2547	637.207	82.1866	637.207	80.945	637.207	80.9147	637.207	79.4745	637.207	79.4991	637.207	77.3278	637.207	77.4754	637.207	76.0034	637.207	75.7977	637.207	77	637.207	76.5373	637.207	77.5187
659.912	89.2554	659.912	89.0294	659.912	89.4263	659.912	88.7773	659.912	89.4693	659.912	88.5034	659.912	89.2962	659.912	88.1651	659.912	88.8534	659.912	87.6536	659.912	88.1418	659.912	86.9255	659.912	87.2443	659.912	86.0575	659.912	86.3191	659.912	85.093	659.912	85.4873	659.912	84.1542	659.912	84.7953	659.912	83.7099	659.912	84.3407	659.912	83.8334	659.912	84.1251	659.912	83.7386	659.912	83.7345	659.912	82.7092	659.912	82.6178	659.912	80.5445	659.912	80.7174	659.912	78.3317	659.912	79.2946	659.912	78.3032	659.912	79.5294	659.912	79.3253	659.912	80.0436	659.912	79.966
683.35	90.4921	683.35	90.4417	683.35	90.3638	683.35	90.243	683.35	90.0189	683.35	89.8757	683.35	89.4543	683.35	89.2924	683.35	88.744	683.35	88.4826	683.35	88.0183	683.35	87.4676	683.35	87.3056	683.35	86.3246	683.35	86.5422	683.35	85.352	683.35	85.8708	683.35	84.9426	683.35	85.5108	683.35	85.0236	683.35	85.2369	683.35	85.0374	683.35	84.5841	683.35	84.3443	683.35	83.3338	683.35	82.5796	683.35	81.7888	683.35	80.6291	683.35	80.6731	683.35	80.8459	683.35	80.1749	683.35	82.1978	683.35	80.5182	683.35	82.897	683.35	81.7136	683.35	82.6941
706.787	89.7897	706.787	89.7588	706.787	89.6287	706.787	89.5735	706.787	89.3057	706.787	89.3	706.787	88.9172	706.787	88.9862	706.787	88.536	706.787	88.5575	706.787	88.1003	706.787	87.8103	706.787	87.3978	706.787	86.5798	706.787	86.2159	706.787	84.8795	706.787	84.6521	706.787	83.0701	706.787	83.3805	706.787	82.0212	706.787	82.9655	706.787	81.9606	706.787	82.8743	706.787	81.8716	706.787	82.377	706.787	81.1264	706.787	81.1354	706.787	79.7875	706.787	79.2491	706.787	78.4148	706.787	78.2736	706.787	78.1437	706.787	79.229	706.787	79.0801	706.787	80.0739	706.787	79.9493
731.689	89.7207	731.689	89.6545	731.689	89.6423	731.689	89.4233	731.689	89.4591	731.689	89.0257	731.689	89.1533	731.689	88.4187	731.689	88.65	731.689	87.5933	731.689	87.9457	731.689	86.7162	731.689	87.1536	731.689	86.06	731.689	86.3498	731.689	85.7806	731.689	85.4436	731.689	85.6659	731.689	84.3803	731.689	85.2261	731.689	83.4859	731.689	84.3049	731.689	83.0354	731.689	83.0828	731.689	82.393	731.689	81.3345	731.689	80.7733	731.689	78.6992	731.689	78.5919	731.689	76.7648	731.689	78.1006	731.689	77.8723	731.689	78.8248	731.689	79.4031	731.689	79.456	731.689	79.8556
758.057	88.8916	758.057	88.984	758.057	88.7755	758.057	88.9131	758.057	88.6264	758.057	88.5359	758.057	88.4087	758.057	88.0286	758.057	88.1285	758.057	87.6885	758.057	87.6895	758.057	87.2803	758.057	86.8997	758.057	86.3336	758.057	85.7705	758.057	84.8976	758.057	84.5647	758.057	83.6446	758.057	83.6453	758.057	82.9982	758.057	83.3506	758.057	82.4614	758.057	83.2353	758.057	81.4739	758.057	82.4504	758.057	80.1185	758.057	81.3301	758.057	79.088	758.057	80.4645	758.057	78.8713	758.057	78.9039	758.057	79.3668	758.057	78.025	758.057	80.1331	758.057	79.6431	758.057	80.5038
784.424	89.1822	784.424	89.301	784.424	88.8871	784.424	89.107	784.424	88.4979	784.424	88.4935	784.424	88.0272	784.424	87.4815	784.424	87.4105	784.424	86.3385	784.424	86.5899	784.424	85.3554	784.424	85.5782	784.424	84.311	784.424	84.287	784.424	83.1018	784.424	82.8155	784.424	82.4081	784.424	82.1636	784.424	82.1135	784.424	82.4126	784.424	81.4643	784.424	82.3417	784.424	80.8579	784.424	82.0236	784.424	80.6247	784.424	81.578	784.424	79.9767	784.424	80.2706	784.424	78.4588	784.424	79.0069	784.424	77.3364	784.424	79.2248	784.424	77.7428	784.424	79.1276	784.424	78.4042
812.256	88.9298	812.256	88.9054	812.256	88.7355	812.256	88.6029	812.256	88.5288	812.256	88.2335	812.256	88.2849	812.256	87.9035	812.256	87.7368	812.256	87.4088	812.256	86.8151	812.256	86.5686	812.256	85.8831	812.256	85.5366	812.256	85.218	812.256	84.5739	812.256	84.4104	812.256	83.5991	812.256	83.108	812.256	82.5902	812.256	82.0237	812.256	81.8886	812.256	81.5047	812.256	81.2163	812.256	79.8879	812.256	79.8161	812.256	76.3191	812.256	77.5075	812.256	75.445	812.256	76.3253	812.256	77.2261	812.256	78.3845	812.256	78.1357	812.256	80.3034	812.256	79.6094	812.256	80.6913
840.82	88.8701	840.82	88.8259	840.82	88.8096	840.82	88.5077	840.82	88.7584	840.82	88.036	840.82	88.5968	840.82	87.6908	840.82	88.2327	840.82	87.2889	840.82	87.715	840.82	86.5308	840.82	86.881	840.82	85.5859	840.82	85.4479	840.82	84.373	840.82	83.6343	840.82	82.7155	840.82	81.9508	840.82	81.9336	840.82	80.858	840.82	82.0646	840.82	80.8195	840.82	81.0002	840.82	80.8921	840.82	78.362	840.82	80.1948	840.82	76.0336	840.82	79.1599	840.82	76.7297	840.82	78.885	840.82	78.9577	840.82	79.7496	840.82	80.5579	840.82	80.7353	840.82	81.1138
870.85	89.1759	870.85	89.2117	870.85	88.9177	870.85	88.9837	870.85	88.4372	870.85	88.3529	870.85	87.7321	870.85	87.3222	870.85	86.9072	870.85	86.5095	870.85	86.2147	870.85	86.2565	870.85	85.6835	870.85	85.7045	870.85	84.9635	870.85	84.5566	870.85	84.1466	870.85	83.4576	870.85	83.7947	870.85	82.5714	870.85	83.3662	870.85	81.9442	870.85	82.3069	870.85	81.4373	870.85	81.2358	870.85	80.1076	870.85	80.2967	870.85	78.5517	870.85	78.8361	870.85	77.5811	870.85	76.8115	870.85	77.3802	870.85	76.7178	870.85	79.2271	870.85	79.2879	870.85	80.42
901.611	89.6687	901.611	89.4073	901.611	89.6337	901.611	89.147	901.611	89.2406	901.611	88.8242	901.611	88.7959	901.611	88.0897	901.611	88.3345	901.611	86.8422	901.611	87.5323	901.611	85.4212	901.611	86.3691	901.611	84.0928	901.611	84.9568	901.611	82.1209	901.611	83.0762	901.611	79.6825	901.611	81.1139	901.611	79.3059	901.611	80.4267	901.611	79.6318	901.611	80.245	901.611	79.4909	901.611	79.3748	901.611	78.9261	901.611	78.2905	901.611	76.5826	901.611	76.1602	901.611	75.353	901.611	73.9398	901.611	79.1348	901.611	77.414	901.611	80.8582	901.611	79.8852	901.611	80.7909
933.105	89.5847	933.105	89.4839	933.105	89.5184	933.105	89.1343	933.105	89.2486	933.105	88.453	933.105	88.7736	933.105	87.6192	933.105	88.2274	933.105	87.0292	933.105	87.5298	933.105	86.3589	933.105	86.6328	933.105	85.3389	933.105	85.7834	933.105	84.4094	933.105	84.6447	933.105	82.9454	933.105	82.7217	933.105	80.74	933.105	80.9312	933.105	79.8312	933.105	80.8656	933.105	79.5047	933.105	80.6753	933.105	78.6788	933.105	78.1632	933.105	76.4139	933.105	74.3167	933.105	73.7938	933.105	75.6983	933.105	76.0739	933.105	78.2812	933.105	78.133	933.105	79.7803	933.105	79.688
966.064	89.8478	966.064	89.5292	966.064	89.8684	966.064	89.2706	966.064	89.3923	966.064	88.9859	966.064	88.5699	966.064	88.0481	966.064	87.5923	966.064	86.4802	966.064	86.6434	966.064	85.5094	966.064	85.5169	966.064	84.4364	966.064	83.9266	966.064	82.9749	966.064	82.7993	966.064	83.2269	966.064	82.4219	966.064	83.207	966.064	82.0419	966.064	82.8311	966.064	82.5696	966.064	82.8098	966.064	83.0687	966.064	80.6309	966.064	81.5051	966.064	76.9003	966.064	76.7088	966.064	74.5868	966.064	73.5522	966.064	75.549	966.064	77.8302	966.064	78.8976	966.064	79.7162	966.064	80.188
999.756	90.2028	999.756	90.2013	999.756	89.7792	999.756	89.8007	999.756	89.0758	999.756	89.1424	999.756	88.1553	999.756	88.3212	999.756	87.3323	999.756	87.3043	999.756	87.0673	999.756	85.8137	999.756	87.0469	999.756	84.5473	999.756	86.5544	999.756	83.8182	999.756	85.0546	999.756	82.2733	999.756	82.2878	999.756	80.8716	999.756	79.7014	999.756	81.3211	999.756	79.1566	999.756	82.1072	999.756	78.8887	999.756	81.5098	999.756	78.8682	999.756	78.2311	999.756	77.5015	999.756	73.6539	999.756	74.3103	999.756	74.2801	999.756	75.8082	999.756	77.5735	999.756	78.6449	999.756	79.337
1034.91	89.6629	1034.91	89.7862	1034.91	89.5869	1034.91	89.5058	1034.91	89.2845	1034.91	88.3777	1034.91	88.6629	1034.91	87.1904	1034.91	87.7014	1034.91	86.91	1034.91	86.2084	1034.91	86.1899	1034.91	85.0902	1034.91	84.6003	1034.91	84.498	1034.91	83.7307	1034.91	83.5405	1034.91	82.8154	1034.91	82.3583	1034.91	80.1402	1034.91	80.9295	1034.91	79.235	1034.91	80.3435	1034.91	79.0425	1034.91	80.0455	1034.91	76.611	1034.91	77.469	1034.91	72.7073	1034.91	76.1655	1034.91	69.2966	1034.91	75.2657	1034.91	76.3319	1034.91	77.4479	1034.91	80.2319	1034.91	80.7756	1034.91	81.3362
1071.53	89.3774	1071.53	89.0222	1071.53	89.207	1071.53	88.4033	1071.53	88.7557	1071.53	87.9039	1071.53	88.0724	1071.53	86.9973	1071.53	87.0536	1071.53	85.2743	1071.53	85.7954	1071.53	84.0815	1071.53	84.6445	1071.53	84.1414	1071.53	83.3526	1071.53	83.7887	1071.53	81.2458	1071.53	82.5879	1071.53	79.3931	1071.53	81.006	1071.53	78.0116	1071.53	80.3513	1071.53	76.9333	1071.53	81.364	1071.53	78.5519	1071.53	81.383	1071.53	78.8354	1071.53	79.4172	1071.53	77.1926	1071.53	74.8214	1071.53	75.5909	1071.53	75.9174	1071.53	74.3839	1071.53	78.0429	1071.53	75.5802	1071.53	77.6931
1109.62	89.4153	1109.62	89.5373	1109.62	89.0909	1109.62	89.4281	1109.62	88.5565	1109.62	88.6765	1109.62	88.1554	1109.62	87.3489	1109.62	87.8203	1109.62	86.2804	1109.62	86.8797	1109.62	85.0944	1109.62	85.4241	1109.62	82.9597	1109.62	84.4159	1109.62	80.8939	1109.62	83.4875	1109.62	78.7312	1109.62	81.5763	1109.62	78.3581	1109.62	80.4745	1109.62	78.5426	1109.62	81.2148	1109.62	76.7964	1109.62	80.8303	1109.62	77.2235	1109.62	79.1731	1109.62	73.7685	1109.62	76.176	1109.62	70.6318	1109.62	68.619	1109.62	73.0181	1109.62	69.4472	1109.62	76.3712	1109.62	76.158	1109.62	78.2558
1148.44	90.0253	1148.44	89.8025	1148.44	89.8038	1148.44	89.1967	1148.44	89.3426	1148.44	88.3188	1148.44	88.6732	1148.44	87.1315	1148.44	87.4645	1148.44	85.4766	1148.44	85.933	1148.44	84.2004	1148.44	84.6455	1148.44	83.3791	1148.44	83.9069	1148.44	82.5416	1148.44	82.7913	1148.44	81.0691	1148.44	81.773	1148.44	78.2523	1148.44	81.031	1148.44	77.2702	1148.44	79.8302	1148.44	77.3552	1148.44	79.2979	1148.44	77.1508	1148.44	77.9889	1148.44	75.8163	1148.44	77.6813	1148.44	67.6282	1148.44	74.0689	1148.44	71.8663	1148.44	73.0918	1148.44	76.5463	1148.44	78.1361	1148.44	79.03
1189.45	89.9399	1189.45	89.509	1189.45	90.0276	1189.45	88.928	1189.45	89.2578	1189.45	87.8194	1189.45	88.2584	1189.45	87.1161	1189.45	87.3649	1189.45	86.7544	1189.45	86.2543	1189.45	85.4693	1189.45	84.9403	1189.45	84.526	1189.45	84.1884	1189.45	84.1732	1189.45	84.2801	1189.45	83.0697	1189.45	82.8844	1189.45	81.506	1189.45	80.348	1189.45	81.2879	1189.45	79.3889	1189.45	80.3786	1189.45	78.1454	1189.45	77.3222	1189.45	78.3639	1189.45	75.9104	1189.45	77.3468	1189.45	69.8978	1189.45	68.9623	1189.45	72.8609	1189.45	73.874	1189.45	74.5866	1189.45	76.0807	1189.45	74.3722
1231.2	90.3163	1231.2	90.2575	1231.2	90.2194	1231.2	89.9868	1231.2	89.9141	1231.2	89.8696	1231.2	89.0743	1231.2	88.5866	1231.2	88.0397	1231.2	86.633	1231.2	86.9262	1231.2	85.3411	1231.2	85.734	1231.2	83.1275	1231.2	84.5914	1231.2	81.0097	1231.2	84.0842	1231.2	80.1464	1231.2	83.2168	1231.2	79.465	1231.2	81.2179	1231.2	76.6712	1231.2	79.2887	1231.2	77.6254	1231.2	79.9719	1231.2	79.6906	1231.2	79.5164	1231.2	75.9449	1231.2	76.5657	1231.2	69.6094	1231.2	72.4415	1231.2	66.3082	1231.2	64.7298	1231.2	77.2964	1231.2	73.5002	1231.2	78.9583
1274.41	90.3867	1274.41	90.0252	1274.41	90.2803	1274.41	89.5091	1274.41	89.4942	1274.41	88.4945	1274.41	88.7289	1274.41	87.8186	1274.41	88.0748	1274.41	86.8872	1274.41	86.9218	1274.41	85.2449	1274.41	84.3009	1274.41	84.732	1274.41	82.978	1274.41	85.0638	1274.41	83.0615	1274.41	84.3836	1274.41	82.778	1274.41	82.1196	1274.41	81.9315	1274.41	79.7889	1274.41	79.0183	1274.41	78.3577	1274.41	79.6141	1274.41	79.0709	1274.41	80.9747	1274.41	78.2464	1274.41	77.544	1274.41	72.9664	1274.41	68.076	1274.41	68.909	1274.41	74.7151	1274.41	74.3341	1274.41	77.4288	1274.41	77.5149
1319.82	89.3224	1319.82	89.7092	1319.82	89.3814	1319.82	89.9067	1319.82	89.269	1319.82	89.2981	1319.82	88.5628	1319.82	87.4698	1319.82	87.3546	1319.82	85.8065	1319.82	86.0195	1319.82	84.9358	1319.82	84.8623	1319.82	83.0755	1319.82	82.0576	1319.82	80.2543	1319.82	81.0274	1319.82	80.849	1319.82	81.1265	1319.82	80.9719	1319.82	80.2445	1319.82	80.0756	1319.82	80.0326	1319.82	79.952	1319.82	78.03	1319.82	77.8887	1319.82	76.1844	1319.82	77.7536	1319.82	76.0829	1319.82	74.5226	1319.82	75.1355	1319.82	72.2747	1319.82	71.3832	1319.82	76.7041	1319.82	76.1728	1319.82	76.8286
1365.97	89.4281	1365.97	88.8681	1365.97	89.8915	1365.97	88.085	1365.97	89.3559	1365.97	87.3921	1365.97	88.4374	1365.97	87.486	1365.97	87.5572	1365.97	86.434	1365.97	86.2094	1365.97	84.6204	1365.97	84.0807	1365.97	83.2098	1365.97	82.7188	1365.97	82.0951	1365.97	81.4478	1365.97	80.5901	1365.97	81.4044	1365.97	79.6761	1365.97	79.8127	1365.97	77.7118	1365.97	76.3439	1365.97	74.3556	1365.97	75.8542	1365.97	76.6468	1365.97	77.1209	1365.97	74.9652	1365.97	78.2448	1365.97	69.652	1365.97	71.1942	1365.97	71.2185	1365.97	72.503	1365.97	76.6516	1365.97	75.7829	1365.97	78.7574
1414.31	90.3922	1414.31	89.9053	1414.31	89.5696	1414.31	88.576	1414.31	88.5596	1414.31	88.2634	1414.31	87.7293	1414.31	87.5196	1414.31	87.0618	1414.31	86.47	1414.31	86.5159	1414.31	85.0019	1414.31	85.2873	1414.31	82.2719	1414.31	82.7016	1414.31	81.305	1414.31	80.712	1414.31	80.7529	1414.31	79.5461	1414.31	80.239	1414.31	79.2044	1414.31	78.2818	1414.31	75.6294	1414.31	75.9585	1414.31	73.7989	1414.31	78.1046	1414.31	74.8738	1414.31	77.9906	1414.31	72.5067	1414.31	73.1699	1414.31	74.3404	1414.31	73.4918	1414.31	75.4523	1414.31	77.9539	1414.31	78.1818	1414.31	79.0213
1464.11	90.2446	1464.11	90.4049	1464.11	90.405	1464.11	89.246	1464.11	89.2464	1464.11	88.685	1464.11	88.6851	1464.11	87.5351	1464.11	87.5357	1464.11	85.742	1464.11	85.7423	1464.11	85.5475	1464.11	85.5479	1464.11	83.4673	1464.11	83.4677	1464.11	82.3709	1464.11	82.3711	1464.11	80.9853	1464.11	80.9856	1464.11	79.6773	1464.11	79.6775	1464.11	77.8428	1464.11	77.8428	1464.11	75.3564	1464.11	75.3567	1464.11	76.9015	1464.11	76.9019	1464.11	76.5344	1464.11	76.5343	1464.11	73.3199	1464.11	73.3188	1464.11	70.9678	1464.11	70.9708	1464.11	78.5423	1464.11	78.5428	1464.11	78.8301
1515.38	90.7872	1515.38	90.114	1515.38	90.1142	1515.38	90.0678	1515.38	90.0679	1515.38	88.686	1515.38	88.6865	1515.38	87.576	1515.38	87.5762	1515.38	86.9305	1515.38	86.931	1515.38	84.6222	1515.38	84.6227	1515.38	83.2992	1515.38	83.2996	1515.38	80.7973	1515.38	80.7976	1515.38	80.8729	1515.38	80.8731	1515.38	79.9476	1515.38	79.9478	1515.38	77.7191	1515.38	77.7193	1515.38	76.7699	1515.38	76.77	1515.38	77.6779	1515.38	77.6785	1515.38	77.1135	1515.38	77.1131	1515.38	71.5621	1515.38	71.5614	1515.38	66.168	1515.38	66.1682	1515.38	76.1085	1515.38	76.1098	1515.38	78.7269
1568.85	90.2547	1568.85	90.4396	1568.85	90.4397	1568.85	89.3763	1568.85	89.3767	1568.85	88.3925	1568.85	88.3928	1568.85	87.1426	1568.85	87.1431	1568.85	85.786	1568.85	85.7863	1568.85	85.2845	1568.85	85.2849	1568.85	83.4338	1568.85	83.4342	1568.85	82.1455	1568.85	82.1458	1568.85	80.1381	1568.85	80.1384	1568.85	79.3453	1568.85	79.3455	1568.85	76.7623	1568.85	76.7622	1568.85	74.1855	1568.85	74.1859	1568.85	77.2333	1568.85	77.2338	1568.85	77.6976	1568.85	77.6975	1568.85	71.4913	1568.85	71.4892	1568.85	69.818	1568.85	69.8203	1568.85	75.5045	1568.85	75.505	1568.85	77.043
1624.51	90.2907	1624.51	89.6159	1624.51	89.6161	1624.51	89.1023	1624.51	89.1025	1624.51	87.9856	1624.51	87.986	1624.51	86.5944	1624.51	86.5947	1624.51	85.4222	1624.51	85.4226	1624.51	83.8017	1624.51	83.8021	1624.51	82.6526	1624.51	82.653	1624.51	80.105	1624.51	80.1054	1624.51	79.6153	1624.51	79.6156	1624.51	80.0626	1624.51	80.0628	1624.51	77.7917	1624.51	77.7919	1624.51	75.3634	1624.51	75.3633	1624.51	74.7613	1624.51	74.7618	1624.51	75.8812	1624.51	75.8813	1624.51	73.139	1624.51	73.1384	1624.51	59.8816	1624.51	59.8748	1624.51	73.7931	1624.51	73.7944	1624.51	75.6488
1681.64	89.7196	1681.64	89.6231	1681.64	89.6233	1681.64	88.7797	1681.64	88.7799	1681.64	88.0083	1681.64	88.0087	1681.64	85.9037	1681.64	85.9042	1681.64	85.2437	1681.64	85.2439	1681.64	84.0812	1681.64	84.0817	1681.64	82.4462	1681.64	82.4465	1681.64	81.0771	1681.64	81.0775	1681.64	78.2281	1681.64	78.2284	1681.64	77.9646	1681.64	77.9649	1681.64	77.3705	1681.64	77.3706	1681.64	72.8446	1681.64	72.8448	1681.64	75.3734	1681.64	75.374	1681.64	77.2625	1681.64	77.2626	1681.64	74.8558	1681.64	74.8551	1681.64	67.473	1681.64	67.4716	1681.64	70.0649	1681.64	70.0668	1681.64	75.0332
1740.97	89.9714	1740.97	89.7506	1740.97	89.7507	1740.97	89.4081	1740.97	89.4083	1740.97	88.0242	1740.97	88.0246	1740.97	87.2117	1740.97	87.2121	1740.97	85.0415	1740.97	85.0421	1740.97	83.5379	1740.97	83.5382	1740.97	83.0354	1740.97	83.0357	1740.97	81.1743	1740.97	81.1747	1740.97	78.883	1740.97	78.8833	1740.97	79.2756	1740.97	79.2759	1740.97	77.9079	1740.97	77.9082	1740.97	76.7912	1740.97	76.7911	1740.97	72.3553	1740.97	72.3556	1740.97	76.3167	1740.97	76.317	1740.97	73.2266	1740.97	73.2256	1740.97	64.4201	1740.97	64.4188	1740.97	72.3795	1740.97	72.3807	1740.97	74.4107
1802.49	90.5862	1802.49	90.7751	1802.49	90.7752	1802.49	89.9362	1802.49	89.9364	1802.49	89.5456	1802.49	89.5459	1802.49	87.907	1802.49	87.9074	1802.49	86.8005	1802.49	86.8009	1802.49	84.4473	1802.49	84.4478	1802.49	82.8823	1802.49	82.8827	1802.49	81.7816	1802.49	81.7819	1802.49	80.1605	1802.49	80.1609	1802.49	77.4043	1802.49	77.4045	1802.49	77.7924	1802.49	77.7927	1802.49	75.481	1802.49	75.4811	1802.49	74.6819	1802.49	74.6822	1802.49	76.0138	1802.49	76.0142	1802.49	75.7923	1802.49	75.7921	1802.49	70.2448	1802.49	70.2431	1802.49	73.0925	1802.49	73.0937	1802.49	75.1822
1866.21	91.2013	1866.21	90.5491	1866.21	90.5493	1866.21	90.3185	1866.21	90.3187	1866.21	89.3702	1866.21	89.3704	1866.21	88.5136	1866.21	88.5141	1866.21	86.7843	1866.21	86.7846	1866.21	85.953	1866.21	85.9535	1866.21	83.6432	1866.21	83.6436	1866.21	82.625	1866.21	82.6253	1866.21	80.4844	1866.21	80.4847	1866.21	78.0618	1866.21	78.062	1866.21	77.9641	1866.21	77.9644	1866.21	77.2769	1866.21	77.2769	1866.21	74.3827	1866.21	74.3827	1866.21	76.877	1866.21	76.8777	1866.21	76.0487	1866.21	76.048	1866.21	71.2923	1866.21	71.2916	1866.21	70.7978	1866.21	70.7991	1866.21	74.2105
1932.13	90.3145	1932.13	90.1753	1932.13	90.1754	1932.13	89.5214	1932.13	89.5217	1932.13	88.7222	1932.13	88.7225	1932.13	87.8419	1932.13	87.8423	1932.13	86.1698	1932.13	86.1704	1932.13	84.1248	1932.13	84.1252	1932.13	83.7181	1932.13	83.7184	1932.13	81.8944	1932.13	81.8948	1932.13	80.1364	1932.13	80.1367	1932.13	78.2855	1932.13	78.2858	1932.13	79.076	1932.13	79.0762	1932.13	77.2868	1932.13	77.2867	1932.13	73.4294	1932.13	73.4293	1932.13	75.8239	1932.13	75.8246	1932.13	76.929	1932.13	76.9289	1932.13	72.9736	1932.13	72.9726	1932.13	73.0254	1932.13	73.0263	1932.13	75.0911
2000.24	90.091	2000.24	90	2000.24	90.0001	2000.24	89.2999	2000.24	89.3002	2000.24	88.4125	2000.24	88.4128	2000.24	87.3186	2000.24	87.3189	2000.24	86.2963	2000.24	86.2967	2000.24	84.7411	2000.24	84.7416	2000.24	82.1739	2000.24	82.1744	2000.24	81.0976	2000.24	81.0979	2000.24	80.4785	2000.24	80.4788	2000.24	77.6858	2000.24	77.686	2000.24	76.2413	2000.24	76.2416	2000.24	75.7844	2000.24	75.7845	2000.24	75.1246	2000.24	75.1249	2000.24	75.5615	2000.24	75.562	2000.24	76.8247	2000.24	76.8245	2000.24	72.092	2000.24	72.091	2000.24	72.0998	2000.24	72.1006	2000.24	75.0795
2070.56	91.0344	2070.56	90.6697	2070.56	90.6699	2070.56	90.1278	2070.56	90.128	2070.56	89.3303	2070.56	89.3306	2070.56	88.1132	2070.56	88.1136	2070.56	86.8825	2070.56	86.8829	2070.56	85.8587	2070.56	85.8592	2070.56	83.6133	2070.56	83.6137	2070.56	82.366	2070.56	82.3664	2070.56	79.8945	2070.56	79.8948	2070.56	78.6073	2070.56	78.6077	2070.56	77.785	2070.56	77.7852	2070.56	77.0951	2070.56	77.0952	2070.56	73.9516	2070.56	73.9515	2070.56	74.3959	2070.56	74.3964	2070.56	75.9437	2070.56	75.9439	2070.56	71.3783	2070.56	71.3765	2070.56	71.8932	2070.56	71.8951	2070.56	77.0693
2143.8	91.0199	2143.8	90.8225	2143.8	90.8226	2143.8	90.2975	2143.8	90.2977	2143.8	89.2354	2143.8	89.2358	2143.8	88.2625	2143.8	88.2628	2143.8	86.8511	2143.8	86.8516	2143.8	85.6331	2143.8	85.6334	2143.8	83.8404	2143.8	83.8409	2143.8	82.1852	2143.8	82.1856	2143.8	80.1476	2143.8	80.1479	2143.8	79.0271	2143.8	79.0273	2143.8	75.9071	2143.8	75.9072	2143.8	76.3373	2143.8	76.3377	2143.8	75.3016	2143.8	75.3016	2143.8	74.3994	2143.8	74.3998	2143.8	76.2026	2143.8	76.2026	2143.8	70.5751	2143.8	70.5734	2143.8	71.0722	2143.8	71.0739	2143.8	76.174
2219.24	89.8813	2219.24	90.1698	2219.24	90.1698	2219.24	89.3068	2219.24	89.3072	2219.24	88.5986	2219.24	88.5989	2219.24	87.2866	2219.24	87.287	2219.24	86.5403	2219.24	86.5406	2219.24	84.5848	2219.24	84.5853	2219.24	83.2812	2219.24	83.2815	2219.24	81.019	2219.24	81.0194	2219.24	80.4073	2219.24	80.4076	2219.24	79.0147	2219.24	79.015	2219.24	76.8477	2219.24	76.8478	2219.24	76.4435	2219.24	76.4438	2219.24	74.5552	2219.24	74.5548	2219.24	73.4891	2219.24	73.4895	2219.24	73.4687	2219.24	73.4687	2219.24	71.6612	2219.24	71.6603	2219.24	70.5359	2219.24	70.5379	2219.24	75.3765
2297.61	90.441	2297.61	90.2012	2297.61	90.2014	2297.61	89.5526	2297.61	89.5529	2297.61	88.6342	2297.61	88.6344	2297.61	87.5236	2297.61	87.524	2297.61	86.4689	2297.61	86.4693	2297.61	84.8395	2297.61	84.84	2297.61	83.1143	2297.61	83.1147	2297.61	80.904	2297.61	80.9044	2297.61	80.0395	2297.61	80.0398	2297.61	78.0307	2297.61	78.0309	2297.61	75.9745	2297.61	75.9747	2297.61	75.5396	2297.61	75.5401	2297.61	74.8135	2297.61	74.8131	2297.61	72.5274	2297.61	72.528	2297.61	74.0203	2297.61	74.0202	2297.61	71.962	2297.61	71.9618	2297.61	73.6988	2297.61	73.6997	2297.61	75.3926
2378.17	90.3665	2378.17	90.0579	2378.17	90.058	2378.17	89.847	2378.17	89.8472	2378.17	88.7737	2378.17	88.774	2378.17	87.9521	2378.17	87.9524	2378.17	86.4698	2378.17	86.4703	2378.17	85.2795	2378.17	85.2799	2378.17	83.1147	2378.17	83.1152	2378.17	81.6794	2378.17	81.6798	2378.17	79.0598	2378.17	79.06	2378.17	77.8379	2378.17	77.8382	2378.17	76.3247	2378.17	76.3249	2378.17	75.1508	2378.17	75.151	2378.17	73.7401	2378.17	73.7399	2378.17	71.9891	2378.17	71.9901	2378.17	74.6301	2378.17	74.6301	2378.17	73.033	2378.17	73.0324	2378.17	74.1752	2378.17	74.1764	2378.17	76.2328
2462.4	89.1828	2462.4	88.6228	2462.4	88.6229	2462.4	88.8116	2462.4	88.8117	2462.4	88.2582	2462.4	88.2585	2462.4	87.7098	2462.4	87.7101	2462.4	86.0982	2462.4	86.0987	2462.4	85.1971	2462.4	85.1975	2462.4	83.1256	2462.4	83.1261	2462.4	81.8965	2462.4	81.8968	2462.4	78.7028	2462.4	78.7031	2462.4	77.4447	2462.4	77.445	2462.4	77.4756	2462.4	77.4758	2462.4	73.9342	2462.4	73.9342	2462.4	75.0804	2462.4	75.0807	2462.4	72.634	2462.4	72.6338	2462.4	75.5081	2462.4	75.5087	2462.4	72.8274	2462.4	72.8264	2462.4	71.7436	2462.4	71.7443	2462.4	74.8795
2548.83	88.7312	2548.83	88.5115	2548.83	88.5116	2548.83	88.4623	2548.83	88.4624	2548.83	88.2865	2548.83	88.2867	2548.83	87.8102	2548.83	87.8105	2548.83	86.4988	2548.83	86.4993	2548.83	84.9022	2548.83	84.9027	2548.83	83.2887	2548.83	83.2891	2548.83	82.0239	2548.83	82.0243	2548.83	79.4618	2548.83	79.4621	2548.83	78.5665	2548.83	78.5667	2548.83	77.6865	2548.83	77.6867	2548.83	73.9634	2548.83	73.9633	2548.83	74.732	2548.83	74.7325	2548.83	70.6455	2548.83	70.6447	2548.83	73.563	2548.83	73.5638	2548.83	72.7107	2548.83	72.7097	2548.83	71.1361	2548.83	71.1376	2548.83	75.2209
2638.92	89.1698	2638.92	89.4756	2638.92	89.4757	2638.92	88.8887	2638.92	88.8889	2638.92	89.1178	2638.92	89.1179	2638.92	88.5173	2638.92	88.5176	2638.92	87.7585	2638.92	87.7589	2638.92	85.9996	2638.92	86.0001	2638.92	84.6256	2638.92	84.626	2638.92	81.9615	2638.92	81.9619	2638.92	80.9741	2638.92	80.9744	2638.92	77.6052	2638.92	77.6053	2638.92	77.1916	2638.92	77.1918	2638.92	74.6969	2638.92	74.697	2638.92	76.3677	2638.92	76.3681	2638.92	72.6225	2638.92	72.6217	2638.92	75.2653	2638.92	75.2663	2638.92	72.5752	2638.92	72.5734	2638.92	70.7216	2638.92	70.7235	2638.92	76.003
2731.93	88.1124	2731.93	88.5853	2731.93	88.5853	2731.93	88.3091	2731.93	88.3092	2731.93	88.5516	2731.93	88.5517	2731.93	88.1527	2731.93	88.153	2731.93	87.6215	2731.93	87.6218	2731.93	85.982	2731.93	85.9824	2731.93	84.505	2731.93	84.5055	2731.93	82.2949	2731.93	82.2952	2731.93	81.5217	2731.93	81.522	2731.93	77.5205	2731.93	77.5206	2731.93	76.0757	2731.93	76.0761	2731.93	76.7958	2731.93	76.7958	2731.93	73.6489	2731.93	73.6495	2731.93	74.8977	2731.93	74.8973	2731.93	74.9736	2731.93	74.9749	2731.93	74.0028	2731.93	74.0015	2731.93	70.9193	2731.93	70.9205	2731.93	74.9873
2828.61	87.2122	2828.61	87.2809	2828.61	87.2807	2828.61	88.6794	2828.61	88.6795	2828.61	88.1464	2828.61	88.1466	2828.61	88.3633	2828.61	88.3636	2828.61	86.9305	2828.61	86.9309	2828.61	85.8334	2828.61	85.8338	2828.61	83.3265	2828.61	83.327	2828.61	81.0809	2828.61	81.0814	2828.61	78.8329	2828.61	78.8332	2828.61	77.5351	2828.61	77.5354	2828.61	75.0565	2828.61	75.0567	2828.61	74.5173	2828.61	74.5174	2828.61	72.711	2828.61	72.7114	2828.61	75.0104	2828.61	75.0104	2828.61	72.3701	2828.61	72.3708	2828.61	72.8825	2828.61	72.8818	2828.61	70.3092	2828.61	70.3111	2828.61	75.3818
2928.22	88.2087	2928.22	88.0398	2928.22	88.0397	2928.22	89.4647	2928.22	89.4647	2928.22	89.0608	2928.22	89.0611	2928.22	88.6962	2928.22	88.6965	2928.22	87.4488	2928.22	87.4493	2928.22	85.6971	2928.22	85.6976	2928.22	82.797	2928.22	82.7974	2928.22	81.5688	2928.22	81.5692	2928.22	78.2591	2928.22	78.2595	2928.22	77.7263	2928.22	77.7265	2928.22	76.1128	2928.22	76.1131	2928.22	75.257	2928.22	75.2572	2928.22	72.9155	2928.22	72.9154	2928.22	73.8146	2928.22	73.8146	2928.22	69.2954	2928.22	69.2959	2928.22	72.2711	2928.22	72.2708	2928.22	68.7148	2928.22	68.7162	2928.22	75.4728
3031.49	88.9683	3031.49	88.8041	3031.49	88.8042	3031.49	89.3579	3031.49	89.3578	3031.49	89.7851	3031.49	89.7854	3031.49	89.0192	3031.49	89.0195	3031.49	87.8374	3031.49	87.8379	3031.49	85.8503	3031.49	85.8509	3031.49	83.1298	3031.49	83.1302	3031.49	81.2869	3031.49	81.2873	3031.49	78.7385	3031.49	78.7389	3031.49	78.1403	3031.49	78.1405	3031.49	75.8908	3031.49	75.8911	3031.49	73.7831	3031.49	73.7831	3031.49	73.5507	3031.49	73.5509	3031.49	72.9859	3031.49	72.9859	3031.49	71.251	3031.49	71.2513	3031.49	73.4136	3031.49	73.4134	3031.49	68.6107	3031.49	68.6117	3031.49	73.9939
3138.43	89.2953	3138.43	89.8152	3138.43	89.8153	3138.43	89.5824	3138.43	89.5824	3138.43	90.0837	3138.43	90.0839	3138.43	89.4387	3138.43	89.4391	3138.43	87.7487	3138.43	87.7492	3138.43	85.6567	3138.43	85.6572	3138.43	83.7724	3138.43	83.7729	3138.43	81.0352	3138.43	81.0356	3138.43	79.7595	3138.43	79.7598	3138.43	75.4795	3138.43	75.4797	3138.43	74.7488	3138.43	74.7491	3138.43	72.542	3138.43	72.5421	3138.43	73.3619	3138.43	73.3622	3138.43	70.5925	3138.43	70.5922	3138.43	71.4565	3138.43	71.4573	3138.43	73.0408	3138.43	73.0405	3138.43	70.5381	3138.43	70.5384	3138.43	73.7648
3249.02	88.4394	3249.02	89.3771	3249.02	89.3768	3249.02	89.9171	3249.02	89.9173	3249.02	89.4401	3249.02	89.4402	3249.02	89.0644	3249.02	89.0649	3249.02	87.0207	3249.02	87.0212	3249.02	85.3296	3249.02	85.3301	3249.02	83.6956	3249.02	83.6961	3249.02	80.917	3249.02	80.9174	3249.02	79.7657	3249.02	79.766	3249.02	76.5161	3249.02	76.5163	3249.02	75.4122	3249.02	75.4123	3249.02	73.6716	3249.02	73.672	3249.02	71.4232	3249.02	71.4227	3249.02	71.6494	3249.02	71.6498	3249.02	71.2029	3249.02	71.2039	3249.02	72.5409	3249.02	72.5404	3249.02	69.2896	3249.02	69.2899	3249.02	73.8239
3363.28	89.1881	3363.28	89.3146	3363.28	89.3143	3363.28	90.6019	3363.28	90.6021	3363.28	89.5988	3363.28	89.599	3363.28	89.1899	3363.28	89.1903	3363.28	86.8926	3363.28	86.8931	3363.28	85.4954	3363.28	85.4959	3363.28	82.4386	3363.28	82.4391	3363.28	80.3659	3363.28	80.3663	3363.28	78.4339	3363.28	78.4342	3363.28	75.9235	3363.28	75.9236	3363.28	74.6143	3363.28	74.6146	3363.28	72.3471	3363.28	72.3471	3363.28	70.2454	3363.28	70.2455	3363.28	71.6775	3363.28	71.6776	3363.28	69.2311	3363.28	69.2325	3363.28	72.4471	3363.28	72.4464	3363.28	68.4344	3363.28	68.4352	3363.28	72.0056
3481.93	89.7256	3481.93	89.4874	3481.93	89.4876	3481.93	90.0208	3481.93	90.0207	3481.93	90.088	3481.93	90.0884	3481.93	89.1253	3481.93	89.1255	3481.93	87.4426	3481.93	87.4432	3481.93	85.4026	3481.93	85.4032	3481.93	82.0568	3481.93	82.0572	3481.93	80.3475	3481.93	80.348	3481.93	78.5461	3481.93	78.5464	3481.93	75.7053	3481.93	75.7055	3481.93	75.0524	3481.93	75.0527	3481.93	71.6345	3481.93	71.6348	3481.93	73.0505	3481.93	73.0504	3481.93	73.0931	3481.93	73.094	3481.93	70.4008	3481.93	70.4003	3481.93	71.5162	3481.93	71.5156	3481.93	67.2516	3481.93	67.2528	3481.93	72.644
3604.98	88.7782	3604.98	89.0668	3604.98	89.0669	3604.98	89.4561	3604.98	89.4559	3604.98	89.5899	3604.98	89.5903	3604.98	88.2429	3604.98	88.2432	3604.98	86.6569	3604.98	86.6574	3604.98	84.2482	3604.98	84.2488	3604.98	83.2231	3604.98	83.2235	3604.98	80.0932	3604.98	80.0936	3604.98	78.7937	3604.98	78.7941	3604.98	75.9533	3604.98	75.9536	3604.98	75.3042	3604.98	75.3044	3604.98	72.2771	3604.98	72.2774	3604.98	74.7618	3604.98	74.7616	3604.98	69.5113	3604.98	69.5126	3604.98	70.36	3604.98	70.3591	3604.98	72.2097	3604.98	72.21	3604.98	68.9034	3604.98	68.9042	3604.98	72.8969
3732.42	88.7015	3732.42	89.2412	3732.42	89.2411	3732.42	89.3257	3732.42	89.326	3732.42	88.4205	3732.42	88.4207	3732.42	87.8053	3732.42	87.8057	3732.42	85.8883	3732.42	85.8889	3732.42	84.4947	3732.42	84.4951	3732.42	83.1213	3732.42	83.1219	3732.42	80.3686	3732.42	80.369	3732.42	79.0601	3732.42	79.0604	3732.42	77.0476	3732.42	77.0479	3732.42	75.7171	3732.42	75.7174	3732.42	73.4819	3732.42	73.4816	3732.42	73.6061	3732.42	73.6064	3732.42	68.6715	3732.42	68.6708	3732.42	68.7274	3732.42	68.7269	3732.42	72.7254	3732.42	72.7265	3732.42	65.7705	3732.42	65.7699	3732.42	74.1711
3863.53	89.8408	3863.53	89.7797	3863.53	89.7798	3863.53	89.7567	3863.53	89.7568	3863.53	88.9313	3863.53	88.9317	3863.53	88.4057	3863.53	88.406	3863.53	86.6598	3863.53	86.6603	3863.53	85.4481	3863.53	85.4484	3863.53	83.2332	3863.53	83.2337	3863.53	81.1903	3863.53	81.1907	3863.53	79.8486	3863.53	79.8489	3863.53	76.5586	3863.53	76.5588	3863.53	75.4403	3863.53	75.4406	3863.53	74.6301	3863.53	74.6299	3863.53	71.5577	3863.53	71.5585	3863.53	71.546	3863.53	71.5456	3863.53	71.9208	3863.53	71.921	3863.53	74.0328	3863.53	74.0336	3863.53	67.7719	3863.53	67.7697	3863.53	72.6645
3999.76	89.3599	3999.76	89.3102	3999.76	89.3103	3999.76	89.6436	3999.76	89.6436	3999.76	89.2601	3999.76	89.2605	3999.76	88.1569	3999.76	88.1572	3999.76	86.566	3999.76	86.5664	3999.76	85.4394	3999.76	85.4399	3999.76	83.2979	3999.76	83.2984	3999.76	81.3617	3999.76	81.3621	3999.76	79.4903	3999.76	79.4906	3999.76	76.0844	3999.76	76.0848	3999.76	74.7245	3999.76	74.7246	3999.76	72.5893	3999.76	72.5894	3999.76	69.8475	3999.76	69.8475	3999.76	71.7886	3999.76	71.7889	3999.76	71.1317	3999.76	71.132	3999.76	72.4448	3999.76	72.4451	3999.76	68.5189	3999.76	68.5176	3999.76	72.2903
4141.11	89.5253	4141.11	89.1306	4141.11	89.1307	4141.11	88.9725	4141.11	88.9726	4141.11	88.5629	4141.11	88.5631	4141.11	87.7433	4141.11	87.7438	4141.11	86.9395	4141.11	86.9398	4141.11	85.7948	4141.11	85.7952	4141.11	84.2522	4141.11	84.2526	4141.11	81.9221	4141.11	81.9226	4141.11	79.0793	4141.11	79.0796	4141.11	76.6621	4141.11	76.6624	4141.11	75.5091	4141.11	75.5091	4141.11	72.0418	4141.11	72.0423	4141.11	73.0859	4141.11	73.0859	4141.11	70.6739	4141.11	70.6742	4141.11	71.1188	4141.11	71.1176	4141.11	73.1374	4141.11	73.1384	4141.11	68.881	4141.11	68.8815	4141.11	71.725
4286.87	90.4316	4286.87	90.2813	4286.87	90.2816	4286.87	89.0209	4286.87	89.0212	4286.87	87.7992	4286.87	87.7996	4286.87	88.171	4286.87	88.1711	4286.87	87.1855	4286.87	87.1859	4286.87	85.7169	4286.87	85.7174	4286.87	84.0811	4286.87	84.0816	4286.87	80.8979	4286.87	80.8984	4286.87	79.7558	4286.87	79.7561	4286.87	76.6919	4286.87	76.692	4286.87	75.1547	4286.87	75.155	4286.87	73.9844	4286.87	73.9843	4286.87	73.4699	4286.87	73.4705	4286.87	68.5675	4286.87	68.5666	4286.87	69.7208	4286.87	69.7199	4286.87	72.0774	4286.87	72.079	4286.87	67.287	4286.87	67.2851	4286.87	73.2556
4438.48	90.4029	4438.48	89.9206	4438.48	89.9209	4438.48	89.0789	4438.48	89.079	4438.48	88.0996	4438.48	88.0999	4438.48	88.2157	4438.48	88.2159	4438.48	87.6085	4438.48	87.6089	4438.48	86.3042	4438.48	86.3045	4438.48	84.3547	4438.48	84.3553	4438.48	81.8041	4438.48	81.8044	4438.48	79.9581	4438.48	79.9584	4438.48	75.6372	4438.48	75.6374	4438.48	75.4028	4438.48	75.4031	4438.48	74.4127	4438.48	74.4126	4438.48	69.1251	4438.48	69.126	4438.48	69.5531	4438.48	69.5516	4438.48	70.2927	4438.48	70.2935	4438.48	71.3361	4438.48	71.3387	4438.48	67.7425	4438.48	67.7381	4438.48	72.595
4594.48	90.7799	4594.48	90.1959	4594.48	90.1961	4594.48	88.9609	4594.48	88.9612	4594.48	88.6808	4594.48	88.681	4594.48	87.9723	4594.48	87.9727	4594.48	87.0431	4594.48	87.0434	4594.48	85.4837	4594.48	85.4843	4594.48	83.0533	4594.48	83.0537	4594.48	80.3501	4594.48	80.3505	4594.48	77.2628	4594.48	77.263	4594.48	74.6378	4594.48	74.6382	4594.48	73.2346	4594.48	73.2346	4594.48	71.5863	4594.48	71.5864	4594.48	68.3175	4594.48	68.317	4594.48	70.342	4594.48	70.3421	4594.48	68.8165	4594.48	68.8178	4594.48	67.5214	4594.48	67.5228	4594.48	67.8013	4594.48	67.7985	4594.48	67.2786
4757.08	90.8948	4757.08	90.5943	4757.08	90.5948	4757.08	88.9059	4757.08	88.9062	4757.08	87.5413	4757.08	87.5417	4757.08	88.4073	4757.08	88.4074	4757.08	87.3422	4757.08	87.3426	4757.08	85.1592	4757.08	85.1597	4757.08	83.444	4757.08	83.4445	4757.08	79.9291	4757.08	79.9296	4757.08	77.2068	4757.08	77.2071	4757.08	75.5702	4757.08	75.5704	4757.08	72.411	4757.08	72.4111	4757.08	69.3565	4757.08	69.3568	4757.08	72.4039	4757.08	72.4042	4757.08	70.2424	4757.08	70.2424	4757.08	68.3109	4757.08	68.3108	4757.08	69.2029	4757.08	69.2033	4757.08	69.3506	4757.08	69.3493	4757.08	70.5359
4924.8	91.3616	4924.8	90.7038	4924.8	90.7043	4924.8	89.0241	4924.8	89.0243	4924.8	88.4401	4924.8	88.4403	4924.8	88.0692	4924.8	88.0695	4924.8	86.9542	4924.8	86.9546	4924.8	85.1754	4924.8	85.1759	4924.8	82.293	4924.8	82.2937	4924.8	80.3897	4924.8	80.3901	4924.8	77.5451	4924.8	77.5454	4924.8	72.5223	4924.8	72.5224	4924.8	73.1852	4924.8	73.1858	4924.8	71.2405	4924.8	71.2406	4924.8	70.4382	4924.8	70.4384	4924.8	67.8862	4924.8	67.8852	4924.8	68.1329	4924.8	68.1326	4924.8	69.6908	4924.8	69.6924	4924.8	65.2444	4924.8	65.2435	4924.8	70.6962
5098.39	91.0163	5098.39	90.1395	5098.39	90.14	5098.39	88.2128	5098.39	88.213	5098.39	88.4126	5098.39	88.4129	5098.39	87.8591	5098.39	87.8593	5098.39	86.5797	5098.39	86.5803	5098.39	83.7292	5098.39	83.7297	5098.39	82.1297	5098.39	82.1302	5098.39	79.6786	5098.39	79.679	5098.39	77.3278	5098.39	77.328	5098.39	74.5446	5098.39	74.5449	5098.39	73.1982	5098.39	73.1986	5098.39	70.0695	5098.39	70.0694	5098.39	67.6439	5098.39	67.6427	5098.39	65.4743	5098.39	65.4729	5098.39	67.6292	5098.39	67.6305	5098.39	67.7937	5098.39	67.7969	5098.39	66.2394	5098.39	66.2355	5098.39	69.9605
5277.83	90.4348	5277.83	90.2313	5277.83	90.2317	5277.83	88.9083	5277.83	88.9084	5277.83	87.8217	5277.83	87.822	5277.83	88.2787	5277.83	88.2791	5277.83	86.926	5277.83	86.9264	5277.83	84.1075	5277.83	84.108	5277.83	82.4663	5277.83	82.4669	5277.83	79.2177	5277.83	79.2181	5277.83	75.3596	5277.83	75.36	5277.83	73.9461	5277.83	73.9465	5277.83	71.2948	5277.83	71.2948	5277.83	68.4368	5277.83	68.4369	5277.83	70.8126	5277.83	70.8127	5277.83	65.6802	5277.83	65.6812	5277.83	57.9971	5277.83	58.002	5277.83	67.067	5277.83	67.0684	5277.83	68.4922	5277.83	68.4893	5277.83	66.3584
5463.87	90.7544	5463.87	90.1254	5463.87	90.1258	5463.87	88.4634	5463.87	88.4636	5463.87	88.453	5463.87	88.4531	5463.87	87.7438	5463.87	87.7443	5463.87	86.5415	5463.87	86.5419	5463.87	84.6136	5463.87	84.614	5463.87	82.5323	5463.87	82.5329	5463.87	80.3871	5463.87	80.3874	5463.87	77.4836	5463.87	77.4839	5463.87	73.0795	5463.87	73.0797	5463.87	74.1922	5463.87	74.1926	5463.87	69.7818	5463.87	69.7818	5463.87	71.7106	5463.87	71.7109	5463.87	65.6612	5463.87	65.6605	5463.87	65.7192	5463.87	65.718	5463.87	66.5398	5463.87	66.5399	5463.87	66.9965	5463.87	66.9959	5463.87	64.9716
5656.49	90.6882	5656.49	90.2417	5656.49	90.2421	5656.49	88.8738	5656.49	88.8738	5656.49	88.8892	5656.49	88.8895	5656.49	88.5822	5656.49	88.5825	5656.49	87.0372	5656.49	87.0378	5656.49	84.0704	5656.49	84.0708	5656.49	83.1108	5656.49	83.1115	5656.49	80.3436	5656.49	80.3439	5656.49	76.7891	5656.49	76.7894	5656.49	75.1259	5656.49	75.1262	5656.49	72.9567	5656.49	72.957	5656.49	70.9132	5656.49	70.9129	5656.49	68.6159	5656.49	68.6156	5656.49	65.4341	5656.49	65.4336	5656.49	63.754	5656.49	63.7556	5656.49	66.8357	5656.49	66.8376	5656.49	67.1409	5656.49	67.1395	5656.49	68.9833
5856.45	89.9741	5856.45	90.044	5856.45	90.0443	5856.45	89.2405	5856.45	89.2405	5856.45	89.0359	5856.45	89.0361	5856.45	88.2471	5856.45	88.2477	5856.45	87.3121	5856.45	87.3124	5856.45	85.3271	5856.45	85.3275	5856.45	83.2564	5856.45	83.2569	5856.45	80.7806	5856.45	80.7811	5856.45	76.3019	5856.45	76.3022	5856.45	72.894	5856.45	72.8942	5856.45	72.6782	5856.45	72.6784	5856.45	68.9514	5856.45	68.9516	5856.45	69.3648	5856.45	69.365	5856.45	65.934	5856.45	65.934	5856.45	62.8104	5856.45	62.8092	5856.45	66.388	5856.45	66.3887	5856.45	67.4651	5856.45	67.4624	5856.45	68.2281
6062.99	90.5033	6062.99	90.9441	6062.99	90.9442	6062.99	90.0476	6062.99	90.0478	6062.99	89.3781	6062.99	89.3784	6062.99	88.4842	6062.99	88.4846	6062.99	86.9495	6062.99	86.9501	6062.99	84.5631	6062.99	84.5633	6062.99	82.6859	6062.99	82.6867	6062.99	80.2582	6062.99	80.2585	6062.99	74.5471	6062.99	74.5473	6062.99	72.66	6062.99	72.6603	6062.99	74.3466	6062.99	74.3469	6062.99	67.9385	6062.99	67.9385	6062.99	71.6081	6062.99	71.6079	6062.99	65.6414	6062.99	65.6404	6062.99	65.6578	6062.99	65.6564	6062.99	66.4579	6062.99	66.4572	6062.99	68.7042	6062.99	68.7038	6062.99	65.6762
6276.86	90.3205	6276.86	90.3188	6276.86	90.3189	6276.86	90.1457	6276.86	90.1458	6276.86	89.403	6276.86	89.4033	6276.86	88.424	6276.86	88.4245	6276.86	87.4786	6276.86	87.4791	6276.86	84.076	6276.86	84.0763	6276.86	82.8304	6276.86	82.831	6276.86	79.4663	6276.86	79.4668	6276.86	74.9252	6276.86	74.9256	6276.86	73.6017	6276.86	73.602	6276.86	71.8152	6276.86	71.8152	6276.86	67.7531	6276.86	67.7531	6276.86	68.8113	6276.86	68.8114	6276.86	65.0247	6276.86	65.0238	6276.86	63.7487	6276.86	63.7491	6276.86	65.5278	6276.86	65.5291	6276.86	67.2656	6276.86	67.2661	6276.86	64.0583
6498.05	90.1436	6498.05	91.0577	6498.05	91.0578	6498.05	90.2317	6498.05	90.2319	6498.05	89.1781	6498.05	89.1784	6498.05	88.0734	6498.05	88.0739	6498.05	86.326	6498.05	86.3266	6498.05	84.0851	6498.05	84.0852	6498.05	81.5118	6498.05	81.5126	6498.05	79.2806	6498.05	79.281	6498.05	73.3552	6498.05	73.3555	6498.05	71.3791	6498.05	71.3792	6498.05	71.8726	6498.05	71.873	6498.05	67.0576	6498.05	67.0577	6498.05	68.4768	6498.05	68.4763	6498.05	62.2416	6498.05	62.2412	6498.05	57.7816	6498.05	57.7793	6498.05	65.179	6498.05	65.179	6498.05	64.6674	6498.05	64.6649	6498.05	65.4169
6727.29	89.5351	6727.29	90.0891	6727.29	90.0891	6727.29	89.9507	6727.29	89.951	6727.29	88.8715	6727.29	88.8718	6727.29	87.6002	6727.29	87.6006	6727.29	86.3962	6727.29	86.3968	6727.29	83.1907	6727.29	83.1911	6727.29	81.1835	6727.29	81.1842	6727.29	78.1766	6727.29	78.177	6727.29	72.6188	6727.29	72.6192	6727.29	72.1179	6727.29	72.1183	6727.29	72.1563	6727.29	72.1564	6727.29	62.4223	6727.29	62.4223	6727.29	68.4394	6727.29	68.4393	6727.29	62.741	6727.29	62.739	6727.29	63.1705	6727.29	63.1693	6727.29	64.4832	6727.29	64.4827	6727.29	66.8952	6727.29	66.8951	6727.29	61.3918
6964.6	89.3904	6964.6	90.4387	6964.6	90.4387	6964.6	89.9019	6964.6	89.9022	6964.6	88.7725	6964.6	88.7727	6964.6	87.86	6964.6	87.8606	6964.6	86.3479	6964.6	86.3485	6964.6	83.0357	6964.6	83.0358	6964.6	80.8669	6964.6	80.8676	6964.6	78.6005	6964.6	78.601	6964.6	74.4509	6964.6	74.4513	6964.6	70.9253	6964.6	70.9255	6964.6	70.6395	6964.6	70.6397	6964.6	67.3629	6964.6	67.3627	6964.6	68.1585	6964.6	68.1578	6964.6	66.2499	6964.6	66.2501	6964.6	59.0361	6964.6	59.0358	6964.6	64.0575	6964.6	64.0578	6964.6	66.29	6964.6	66.291	6964.6	65.8656
7209.96	88.4102	7209.96	89.5574	7209.96	89.5574	7209.96	89.1311	7209.96	89.1314	7209.96	88.1084	7209.96	88.1087	7209.96	86.9128	7209.96	86.9132	7209.96	85.4395	7209.96	85.4401	7209.96	82.597	7209.96	82.5974	7209.96	80.6933	7209.96	80.6938	7209.96	78.7513	7209.96	78.7518	7209.96	72.3755	7209.96	72.376	7209.96	71.3764	7209.96	71.3769	7209.96	71.7117	7209.96	71.7117	7209.96	64.9682	7209.96	64.9679	7209.96	68.3241	7209.96	68.324	7209.96	64.813	7209.96	64.8128	7209.96	63.065	7209.96	63.0639	7209.96	64.2414	7209.96	64.2426	7209.96	63.5989	7209.96	63.5974	7209.96	59.0365
7464.11	88.2727	7464.11	89.5467	7464.11	89.5465	7464.11	89.2721	7464.11	89.2724	7464.11	88.31	7464.11	88.3101	7464.11	87.3803	7464.11	87.3809	7464.11	85.9595	7464.11	85.9601	7464.11	83.5069	7464.11	83.507	7464.11	81.4474	7464.11	81.448	7464.11	78.7973	7464.11	78.7977	7464.11	74.8787	7464.11	74.8791	7464.11	70.9219	7464.11	70.9223	7464.11	71.3081	7464.11	71.3081	7464.11	67.4539	7464.11	67.4538	7464.11	68.7502	7464.11	68.7496	7464.11	65.5586	7464.11	65.5584	7464.11	62.8398	7464.11	62.8399	7464.11	60.4284	7464.11	60.4289	7464.11	64.9944	7464.11	64.9946	7464.11	60.9632
7727.78	88.3014	7727.78	89.1343	7727.78	89.1342	7727.78	89.0605	7727.78	89.0608	7727.78	88.4279	7727.78	88.428	7727.78	87.3807	7727.78	87.3813	7727.78	85.8153	7727.78	85.8159	7727.78	83.066	7727.78	83.0662	7727.78	80.7555	7727.78	80.7562	7727.78	78.413	7727.78	78.4135	7727.78	72.8297	7727.78	72.8301	7727.78	69.911	7727.78	69.9115	7727.78	69.5723	7727.78	69.5723	7727.78	66.6065	7727.78	66.6064	7727.78	67.6657	7727.78	67.6652	7727.78	64.558	7727.78	64.5587	7727.78	64.1557	7727.78	64.1553	7727.78	62.8341	7727.78	62.8355	7727.78	63.6547	7727.78	63.6546	7727.78	59.7763
8000.24	88.1019	8000.24	89.3044	8000.24	89.3042	8000.24	89.0711	8000.24	89.0714	8000.24	88.45	8000.24	88.4501	8000.24	87.0473	8000.24	87.0479	8000.24	85.3858	8000.24	85.3865	8000.24	83.3393	8000.24	83.3395	8000.24	80.9955	8000.24	80.9961	8000.24	78.0735	8000.24	78.074	8000.24	74.2323	8000.24	74.2327	8000.24	69.1361	8000.24	69.1367	8000.24	69.8177	8000.24	69.8176	8000.24	66.1882	8000.24	66.1881	8000.24	67.5982	8000.24	67.5977	8000.24	64.7179	8000.24	64.7179	8000.24	64.5986	8000.24	64.5991	8000.24	57.913	8000.24	57.9158	8000.24	63.0557	8000.24	63.0552	8000.24	58.0032
8282.23	89.4038	8282.23	89.7399	8282.23	89.7398	8282.23	89.7612	8282.23	89.7615	8282.23	88.9814	8282.23	88.9816	8282.23	87.2514	8282.23	87.2521	8282.23	85.7858	8282.23	85.7864	8282.23	83.3971	8282.23	83.3973	8282.23	80.3894	8282.23	80.3901	8282.23	76.9295	8282.23	76.9301	8282.23	72.9312	8282.23	72.9316	8282.23	69.2341	8282.23	69.2347	8282.23	68.0718	8282.23	68.0714	8282.23	66.3768	8282.23	66.377	8282.23	67.5736	8282.23	67.5732	8282.23	62.9002	8282.23	62.9016	8282.23	61.9815	8282.23	61.9829	8282.23	57.7961	8282.23	57.7985	8282.23	61.1451	8282.23	61.1452	8282.23	58.0423
8574.46	89.488	8574.46	89.9365	8574.46	89.9365	8574.46	89.6383	8574.46	89.6387	8574.46	88.6362	8574.46	88.6364	8574.46	86.9027	8574.46	86.9033	8574.46	85.3219	8574.46	85.3227	8574.46	82.5363	8574.46	82.5365	8574.46	79.4336	8574.46	79.4343	8574.46	75.7189	8574.46	75.7195	8574.46	72.781	8574.46	72.7814	8574.46	66.7127	8574.46	66.7134	8574.46	67.8291	8574.46	67.8289	8574.46	66.062	8574.46	66.062	8574.46	66.7263	8574.46	66.726	8574.46	63.0468	8574.46	63.0473	8574.46	62.8868	8574.46	62.8868	8574.46	56.2096	8574.46	56.2093	8574.46	56.179	8574.46	56.1763	8574.46	53.3121
8876.22	89.3217	8876.22	89.6995	8876.22	89.6996	8876.22	89.2749	8876.22	89.2752	8876.22	88.2835	8876.22	88.2838	8876.22	86.6137	8876.22	86.6143	8876.22	85.1522	8876.22	85.1529	8876.22	82.559	8876.22	82.5593	8876.22	78.6674	8876.22	78.668	8876.22	75.2807	8876.22	75.2813	8876.22	73.2059	8876.22	73.2063	8876.22	68.3247	8876.22	68.3254	8876.22	66.589	8876.22	66.5883	8876.22	67.639	8876.22	67.6392	8876.22	66.8942	8876.22	66.8938	8876.22	63.0453	8876.22	63.0477	8876.22	61.7358	8876.22	61.7369	8876.22	56.7744	8876.22	56.7756	8876.22	59.3254	8876.22	59.3252	8876.22	56.3667
9189.7	89.3317	9189.7	89.2832	9189.7	89.2833	9189.7	89.0167	9189.7	89.017	9189.7	88.0296	9189.7	88.0299	9189.7	86.291	9189.7	86.2916	9189.7	84.9092	9189.7	84.91	9189.7	81.9783	9189.7	81.9785	9189.7	78.4816	9189.7	78.4821	9189.7	75.5286	9189.7	75.5292	9189.7	73.217	9189.7	73.2173	9189.7	67.4623	9189.7	67.4629	9189.7	67.3428	9189.7	67.3423	9189.7	67.1549	9189.7	67.1552	9189.7	65.7671	9189.7	65.767	9189.7	62.779	9189.7	62.7803	9189.7	63.1576	9189.7	63.1566	9189.7	58.6474	9189.7	58.6473	9189.7	58.2495	9189.7	58.2477	9189.7	48.2261
9513.43	89.2166	9513.43	88.9662	9513.43	88.9663	9513.43	88.7069	9513.43	88.7072	9513.43	87.4874	9513.43	87.4875	9513.43	85.9709	9513.43	85.9716	9513.43	84.3269	9513.43	84.3278	9513.43	81.6862	9513.43	81.6864	9513.43	78.4721	9513.43	78.4725	9513.43	75.3631	9513.43	75.3637	9513.43	72.9567	9513.43	72.957	9513.43	67.2884	9513.43	67.2891	9513.43	65.8312	9513.43	65.8304	9513.43	66.4108	9513.43	66.4113	9513.43	66.0796	9513.43	66.0795	9513.43	61.0527	9513.43	61.0544	9513.43	63.445	9513.43	63.4444	9513.43	57.1626	9513.43	57.1625	9513.43	56.5773	9513.43	56.5757	9513.43	51.3536
9848.88	89.4348	9848.88	89.0719	9848.88	89.0721	9848.88	88.1611	9848.88	88.1615	9848.88	87.1825	9848.88	87.1826	9848.88	85.588	9848.88	85.5887	9848.88	83.3533	9848.88	83.3542	9848.88	81.2481	9848.88	81.2482	9848.88	78.0186	9848.88	78.019	9848.88	74.0163	9848.88	74.0169	9848.88	72.7593	9848.88	72.7597	9848.88	66.6476	9848.88	66.6482	9848.88	65.4476	9848.88	65.4469	9848.88	66.6036	9848.88	66.6041	9848.88	63.9139	9848.88	63.9139	9848.88	62.0371	9848.88	62.0386	9848.88	63.5552	9848.88	63.5543	9848.88	59.5496	9848.88	59.5502	9848.88	59.1977	9848.88	59.198	9848.88	51.259
10196.8	89.328	10196.8	88.9098	10196.8	88.91	10196.8	87.9009	10196.8	87.9014	10196.8	87.231	10196.8	87.2312	10196.8	85.06	10196.8	85.0608	10196.8	82.6924	10196.8	82.6932	10196.8	81.3465	10196.8	81.3466	10196.8	77.5136	10196.8	77.514	10196.8	73.8056	10196.8	73.8063	10196.8	72.1445	10196.8	72.1448	10196.8	66.9002	10196.8	66.9007	10196.8	65.2692	10196.8	65.2684	10196.8	65.4944	10196.8	65.4948	10196.8	64.3044	10196.8	64.3041	10196.8	61.1632	10196.8	61.1645	10196.8	64.1257	10196.8	64.1254	10196.8	56.1176	10196.8	56.1167	10196.8	57.0898	10196.8	57.0885	10196.8	49.9619
10556.4	89.2904	10556.4	88.8057	10556.4	88.8059	10556.4	87.7925	10556.4	87.793	10556.4	87.1966	10556.4	87.1967	10556.4	84.7631	10556.4	84.764	10556.4	82.4865	10556.4	82.4874	10556.4	81.5975	10556.4	81.5977	10556.4	77.4318	10556.4	77.4321	10556.4	73.0683	10556.4	73.069	10556.4	72.049	10556.4	72.0493	10556.4	67.9924	10556.4	67.9929	10556.4	64.1652	10556.4	64.1645	10556.4	66.4787	10556.4	66.4791	10556.4	63.2097	10556.4	63.2093	10556.4	60.9277	10556.4	60.9291	10556.4	63.429	10556.4	63.4278	10556.4	57.9245	10556.4	57.9248	10556.4	59.5675	10556.4	59.5707	10556.4	52.8065
10928.5	89.4319	10928.5	89.025	10928.5	89.0252	10928.5	87.6701	10928.5	87.6706	10928.5	87.2324	10928.5	87.2325	10928.5	84.2576	10928.5	84.2585	10928.5	82.4415	10928.5	82.4423	10928.5	81.516	10928.5	81.5163	10928.5	77.4144	10928.5	77.4145	10928.5	73.284	10928.5	73.2846	10928.5	72.4429	10928.5	72.4432	10928.5	68.3096	10928.5	68.31	10928.5	64.6283	10928.5	64.6278	10928.5	66.8085	10928.5	66.8087	10928.5	63.1961	10928.5	63.1959	10928.5	60.9331	10928.5	60.9345	10928.5	63.2124	10928.5	63.2112	10928.5	57.281	10928.5	57.2795	10928.5	59.2147	10928.5	59.2162	10928.5	53.9435
11313.7	89.422	11313.7	89.0938	11313.7	89.0941	11313.7	87.4368	11313.7	87.4372	11313.7	87.1887	11313.7	87.1889	11313.7	84.0174	11313.7	84.0183	11313.7	82.356	11313.7	82.3568	11313.7	81.8205	11313.7	81.8208	11313.7	78.2853	11313.7	78.2855	11313.7	73.6286	11313.7	73.6292	11313.7	72.4576	11313.7	72.4579	11313.7	69.0579	11313.7	69.0582	11313.7	64.1672	11313.7	64.1668	11313.7	66.6902	11313.7	66.6905	11313.7	61.3372	11313.7	61.337	11313.7	60.4529	11313.7	60.4542	11313.7	63.1511	11313.7	63.1493	11313.7	56.0777	11313.7	56.0762	11313.7	59.2242	11313.7	59.2278	11313.7	58.9225
11712.9	88.9149	11712.9	88.6741	11712.9	88.6744	11712.9	87.2485	11712.9	87.2489	11712.9	87.0631	11712.9	87.0632	11712.9	84.2421	11712.9	84.2428	11712.9	82.3274	11712.9	82.3284	11712.9	81.9589	11712.9	81.9591	11712.9	77.9929	11712.9	77.9932	11712.9	73.1012	11712.9	73.1018	11712.9	71.9794	11712.9	71.9797	11712.9	68.9607	11712.9	68.961	11712.9	63.2286	11712.9	63.2282	11712.9	66.8543	11712.9	66.8545	11712.9	60.9889	11712.9	60.9881	11712.9	60.2345	11712.9	60.2346	11712.9	63.5286	11712.9	63.527	11712.9	57.0239	11712.9	57.0223	11712.9	61.4569	11712.9	61.4613	11712.9	57.3155
12126	88.8268	12126	88.3749	12126	88.3751	12126	86.9602	12126	86.9607	12126	86.5915	12126	86.5915	12126	84.2941	12126	84.2948	12126	82.1419	12126	82.1428	12126	82.2722	12126	82.2724	12126	78.2197	12126	78.2197	12126	73.2501	12126	73.2508	12126	72.127	12126	72.1273	12126	69.8633	12126	69.8635	12126	63.6516	12126	63.6513	12126	66.6496	12126	66.6499	12126	60.0654	12126	60.0644	12126	60.5745	12126	60.5752	12126	63.4167	12126	63.4153	12126	56.7133	12126	56.7085	12126	61.1348	12126	61.1396	12126	58.6743
12553.7	88.4877	12553.7	87.9831	12553.7	87.9832	12553.7	86.5282	12553.7	86.5289	12553.7	86.3348	12553.7	86.3347	12553.7	84.4261	12553.7	84.4268	12553.7	82.4232	12553.7	82.4241	12553.7	82.6683	12553.7	82.6687	12553.7	78.7109	12553.7	78.7109	12553.7	74.3386	12553.7	74.3391	12553.7	72.4745	12553.7	72.4748	12553.7	70.429	12553.7	70.4292	12553.7	64.4296	12553.7	64.4296	12553.7	66.4668	12553.7	66.4672	12553.7	58.6173	12553.7	58.6168	12553.7	61.6434	12553.7	61.6444	12553.7	63.1576	12553.7	63.1561	12553.7	57.5846	12553.7	57.5802	12553.7	60.958	12553.7	60.9633	12553.7	58.8715
12996.1	87.9856	12996.1	87.4786	12996.1	87.4786	12996.1	86.0433	12996.1	86.0442	12996.1	85.7967	12996.1	85.7965	12996.1	84.2567	12996.1	84.2573	12996.1	82.3106	12996.1	82.3114	12996.1	82.7934	12996.1	82.7937	12996.1	79.0328	12996.1	79.0329	12996.1	73.4534	12996.1	73.4538	12996.1	71.1412	12996.1	71.1414	12996.1	69.7901	12996.1	69.7902	12996.1	63.4148	12996.1	63.4152	12996.1	65.5276	12996.1	65.528	12996.1	59.9125	12996.1	59.9124	12996.1	62.1717	12996.1	62.1729	12996.1	62.1877	12996.1	62.1867	12996.1	58.7526	12996.1	58.7517	12996.1	60.4989	12996.1	60.5037	12996.1	57.3045
13454.6	87.401	13454.6	86.9827	13454.6	86.9826	13454.6	85.2344	13454.6	85.2355	13454.6	85.1494	13454.6	85.1491	13454.6	84.0045	13454.6	84.0051	13454.6	81.8685	13454.6	81.8695	13454.6	82.6159	13454.6	82.6161	13454.6	78.7562	13454.6	78.7563	13454.6	73.542	13454.6	73.5424	13454.6	70.6314	13454.6	70.6317	13454.6	69.8238	13454.6	69.8239	13454.6	63.8243	13454.6	63.8249	13454.6	64.7586	13454.6	64.7591	13454.6	58.9011	13454.6	58.9015	13454.6	61.5089	13454.6	61.5107	13454.6	61.6249	13454.6	61.624	13454.6	57.7614	13454.6	57.7607	13454.6	59.9716	13454.6	59.9767	13454.6	56.9911
13928.5	86.6757	13928.5	86.6881	13928.5	86.6879	13928.5	84.401	13928.5	84.4022	13928.5	84.6625	13928.5	84.6622	13928.5	83.7522	13928.5	83.7528	13928.5	81.5315	13928.5	81.5324	13928.5	82.756	13928.5	82.7562	13928.5	78.666	13928.5	78.6659	13928.5	72.8479	13928.5	72.8482	13928.5	70.0894	13928.5	70.0897	13928.5	69.8344	13928.5	69.8345	13928.5	63.3927	13928.5	63.3934	13928.5	63.4271	13928.5	63.4279	13928.5	57.8194	13928.5	57.8202	13928.5	61.022	13928.5	61.0243	13928.5	60.8739	13928.5	60.8735	13928.5	55.2827	13928.5	55.2818	13928.5	59.4221	13928.5	59.426	13928.5	57.2644
14419.9	86.3685	14419.9	86.8093	14419.9	86.8091	14419.9	84.3803	14419.9	84.3814	14419.9	84.1784	14419.9	84.1781	14419.9	83.7038	14419.9	83.7045	14419.9	81.6623	14419.9	81.6634	14419.9	82.795	14419.9	82.7952	14419.9	79.0407	14419.9	79.0407	14419.9	72.0239	14419.9	72.024	14419.9	68.5373	14419.9	68.5375	14419.9	69.5104	14419.9	69.5105	14419.9	62.3763	14419.9	62.3773	14419.9	61.7386	14419.9	61.7395	14419.9	57.8551	14419.9	57.8548	14419.9	59.8287	14419.9	59.8315	14419.9	60.2656	14419.9	60.266	14419.9	54.1903	14419.9	54.1926	14419.9	59.8666	14419.9	59.8696	14419.9	56.2419
14928.2	86.8322	14928.2	87.3481	14928.2	87.348	14928.2	85.0588	14928.2	85.0597	14928.2	84.3677	14928.2	84.3675	14928.2	83.3962	14928.2	83.3969	14928.2	81.6303	14928.2	81.6315	14928.2	82.4545	14928.2	82.4547	14928.2	78.2067	14928.2	78.2068	14928.2	71.5268	14928.2	71.5269	14928.2	67.1593	14928.2	67.1596	14928.2	68.0819	14928.2	68.082	14928.2	61.7913	14928.2	61.7922	14928.2	59.6396	14928.2	59.6404	14928.2	59.0738	14928.2	59.0728	14928.2	57.5936	14928.2	57.5964	14928.2	57.8076	14928.2	57.808	14928.2	53.5654	14928.2	53.5673	14928.2	60.3286	14928.2	60.3313	14928.2	54.6535
15454.8	87.5004	15454.8	87.5836	15454.8	87.5835	15454.8	85.8572	15454.8	85.8581	15454.8	85.0381	15454.8	85.0378	15454.8	83.5856	15454.8	83.5863	15454.8	81.8345	15454.8	81.836	15454.8	82.2163	15454.8	82.2167	15454.8	77.7198	15454.8	77.7197	15454.8	71.0982	15454.8	71.0982	15454.8	65.4354	15454.8	65.4357	15454.8	67.842	15454.8	67.8421	15454.8	59.9275	15454.8	59.9289	15454.8	57.8133	15454.8	57.8142	15454.8	56.272	15454.8	56.2709	15454.8	56.0327	15454.8	56.0363	15454.8	57.4987	15454.8	57.4988	15454.8	53.1842	15454.8	53.1843	15454.8	59.6105	15454.8	59.6138	15454.8	53.3742
15999.8	88.0538	15999.8	87.7466	15999.8	87.7464	15999.8	86.3885	15999.8	86.3895	15999.8	85.2544	15999.8	85.2542	15999.8	83.7104	15999.8	83.7109	15999.8	81.2573	15999.8	81.259	15999.8	81.9263	15999.8	81.9268	15999.8	77.7695	15999.8	77.7695	15999.8	69.6614	15999.8	69.6612	15999.8	62.6552	15999.8	62.6554	15999.8	66.4737	15999.8	66.4738	15999.8	58.1278	15999.8	58.1294	15999.8	55.6342	15999.8	55.6347	15999.8	56.5546	15999.8	56.5524	15999.8	54.3408	15999.8	54.3452	15999.8	55.9117	15999.8	55.9127	15999.8	55.0681	15999.8	55.0687	15999.8	57.101	15999.8	57.1049	15999.8	52.4228
16564.5	88.5611	16564.5	87.9704	16564.5	87.9703	16564.5	86.6937	16564.5	86.6947	16564.5	85.3039	16564.5	85.3039	16564.5	83.397	16564.5	83.3976	16564.5	80.4704	16564.5	80.4719	16564.5	80.9202	16564.5	80.9207	16564.5	76.0309	16564.5	76.031	16564.5	68.7051	16564.5	68.7049	16564.5	59.8339	16564.5	59.8342	16564.5	64.8356	16564.5	64.8357	16564.5	56.2408	16564.5	56.2425	16564.5	51.5147	16564.5	51.5157	16564.5	52.9065	16564.5	52.903	16564.5	51.3662	16564.5	51.3734	16564.5	54.6196	16564.5	54.6207	16564.5	52.764	16564.5	52.7641	16564.5	56.0666	16564.5	56.0707	16564.5	50.1291
17148.2	89.1973	17148.2	88.5325	17148.2	88.5323	17148.2	87.1044	17148.2	87.1055	17148.2	85.6899	17148.2	85.6899	17148.2	83.1888	17148.2	83.1896	17148.2	80.079	17148.2	80.0807	17148.2	79.9033	17148.2	79.9038	17148.2	74.6264	17148.2	74.6264	17148.2	66.8554	17148.2	66.855	17148.2	54.7184	17148.2	54.7187	17148.2	63.0809	17148.2	63.0811	17148.2	51.2926	17148.2	51.2954	17148.2	44.935	17148.2	44.9224	17148.2	54.7806	17148.2	54.7754	17148.2	46.8343	17148.2	46.8465	17148.2	54.8116	17148.2	54.8134	17148.2	52.1638	17148.2	52.163	17148.2	55.1246	17148.2	55.1291	17148.2	49.6194
17753.2	89.5641	17753.2	88.8814	17753.2	88.8812	17753.2	87.2941	17753.2	87.2952	17753.2	85.665	17753.2	85.6651	17753.2	82.5508	17753.2	82.5516	17753.2	78.8733	17753.2	78.8754	17753.2	78.6022	17753.2	78.6028	17753.2	72.7128	17753.2	72.7129	17753.2	65.2298	17753.2	65.2294	17753.2	49.2184	17753.2	49.219	17753.2	58.8332	17753.2	58.8335	17753.2	48.604	17753.2	48.6045	17753.2	48.666	17753.2	48.6595	17753.2	56.946	17753.2	56.9422	17753.2	40.8413	17753.2	40.8639	17753.2	53.3919	17753.2	53.3933	17753.2	51.5766	17753.2	51.5742	17753.2	55.0832	17753.2	55.0875	17753.2	49.3181
18379.4	90.0025	18379.4	89.3324	18379.4	89.3323	18379.4	87.3726	18379.4	87.3737	18379.4	85.6528	18379.4	85.653	18379.4	81.7974	18379.4	81.7982	18379.4	77.5295	18379.4	77.5317	18379.4	76.7587	18379.4	76.7593	18379.4	70.3445	18379.4	70.3445	18379.4	63.528	18379.4	63.5277	18379.4	50.4827	18379.4	50.4832	18379.4	54.32	18379.4	54.3208	18379.4	45.1998	18379.4	45.1958	18379.4	52.3964	18379.4	52.3937	18379.4	56.0535	18379.4	56.05	18379.4	41.4476	18379.4	41.4666	18379.4	52.3892	18379.4	52.3911	18379.4	50.8861	18379.4	50.8838	18379.4	53.9309	18379.4	53.9357	18379.4	49.804
19027.6	90.2072	19027.6	89.502	19027.6	89.5019	19027.6	87.2314	19027.6	87.2327	19027.6	85.233	19027.6	85.2333	19027.6	80.927	19027.6	80.9278	19027.6	75.6479	19027.6	75.6505	19027.6	74.6321	19027.6	74.633	19027.6	68.4335	19027.6	68.4339	19027.6	62.8799	19027.6	62.88	19027.6	54.7063	19027.6	54.7067	19027.6	46.7055	19027.6	46.7068	19027.6	47.2353	19027.6	47.2313	19027.6	55.0801	19027.6	55.0792	19027.6	57.6336	19027.6	57.6313	19027.6	38.2316	19027.6	38.2536	19027.6	51.7558	19027.6	51.7564	19027.6	51.2325	19027.6	51.2296	19027.6	53.9369	19027.6	53.9426	19027.6	50.3334
19698.5	90.4675	19698.5	89.5936	19698.5	89.5936	19698.5	87.0894	19698.5	87.0908	19698.5	84.6071	19698.5	84.6076	19698.5	79.5201	19698.5	79.5211	19698.5	73.5492	19698.5	73.5522	19698.5	72.4823	19698.5	72.4835	19698.5	66.9293	19698.5	66.9301	19698.5	64.8382	19698.5	64.8385	19698.5	58.6447	19698.5	58.6451	19698.5	55.4798	19698.5	55.4798	19698.5	50.6538	19698.5	50.6519	19698.5	57.4656	19698.5	57.4652	19698.5	57.9038	19698.5	57.9017	19698.5	27.8862	19698.5	27.8182	19698.5	50.8378	19698.5	50.8383	19698.5	51.2207	19698.5	51.2184	19698.5	53.8829	19698.5	53.8892	19698.5	50.7264
19999.5	90.6717	19999.5	89.9697	19999.5	89.9697	19999.5	87.233	19999.5	87.2344	19999.5	84.6657	19999.5	84.6663	19999.5	78.6318	19999.5	78.633	19999.5	72.7382	19999.5	72.7413	19999.5	71.4613	19999.5	71.4625	19999.5	67.1387	19999.5	67.1397	19999.5	66.0589	19999.5	66.0595	19999.5	59.99	19999.5	59.9903	19999.5	56.8508	19999.5	56.8505	19999.5	46.1286	19999.5	46.1323	19999.5	53.7475	19999.5	53.7477	19999.5	60.9832	19999.5	60.9821	19999.5	54.2756	19999.5	54.2747	19999.5	39.2247	19999.5	39.226	19999.5	56.1236	19999.5	56.1203	19999.5	49.2695	19999.5	49.2729	19999.5	50.5412
