"SPL Vertical"																																																																							
"On-Axis"		"10°"		"-10°"		"20°"		"-20°"		"30°"		"-30°"		"40°"		"-40°"		"50°"		"-50°"		"60°"		"-60°"		"70°"		"-70°"		"80°"		"-80°"		"90°"		"-90°"		"100°"		"-100°"		"110°"		"-110°"		"120°"		"-120°"		"130°"		"-130°"		"140°"		"-140°"		"150°"		"-150°"		"160°"		"-160°"		"170°"		"-170°"		"180°"	
"Frequency / Hz"	"Sound Pressure Level / dB (re 20 µPa)  [2.83V at 1m]"	"Frequency / Hz"	"Sound Pressure Level / dB (re 20 µPa)  [2.83V at 1m]"	"Frequency / Hz"	"Sound Pressure Level / dB (re 20 µPa)  [2.83V at 1m]"	"Frequency / Hz"	"Sound Pressure Level / dB (re 20 µPa)  [2.83V at 1m]"	"Frequency / Hz"	"Sound Pressure Level / dB (re 20 µPa)  [2.83V at 1m]"	"Frequency / Hz"	"Sound Pressure Level / dB (re 20 µPa)  [2.83V at 1m]"	"Frequency / Hz"	"Sound Pressure Level / dB (re 20 µPa)  [2.83V at 1m]"	"Frequency / Hz"	"Sound Pressure Level / dB (re 20 µPa)  [2.83V at 1m]"	"Frequency / Hz"	"Sound Pressure Level / dB (re 20 µPa)  [2.83V at 1m]"	"Frequency / Hz"	"Sound Pressure Level / dB (re 20 µPa)  [2.83V at 1m]"	"Frequency / Hz"	"Sound Pressure Level / dB (re 20 µPa)  [2.83V at 1m]"	"Frequency / Hz"	"Sound Pressure Level / dB (re 20 µPa)  [2.83V at 1m]"	"Frequency / Hz"	"Sound Pressure Level / dB (re 20 µPa)  [2.83V at 1m]"	"Frequency / Hz"	"Sound Pressure Level / dB (re 20 µPa)  [2.83V at 1m]"	"Frequency / Hz"	"Sound Pressure Level / dB (re 20 µPa)  [2.83V at 1m]"	"Frequency / Hz"	"Sound Pressure Level / dB (re 20 µPa)  [2.83V at 1m]"	"Frequency / Hz"	"Sound Pressure Level / dB (re 20 µPa)  [2.83V at 1m]"	"Frequency / Hz"	"Sound Pressure Level / dB (re 20 µPa)  [2.83V at 1m]"	"Frequency / Hz"	"Sound Pressure Level / dB (re 20 µPa)  [2.83V at 1m]"	"Frequency / Hz"	"Sound Pressure Level / dB (re 20 µPa)  [2.83V at 1m]"	"Frequency / Hz"	"Sound Pressure Level / dB (re 20 µPa)  [2.83V at 1m]"	"Frequency / Hz"	"Sound Pressure Level / dB (re 20 µPa)  [2.83V at 1m]"	"Frequency / Hz"	"Sound Pressure Level / dB (re 20 µPa)  [2.83V at 1m]"	"Frequency / Hz"	"Sound Pressure Level / dB (re 20 µPa)  [2.83V at 1m]"	"Frequency / Hz"	"Sound Pressure Level / dB (re 20 µPa)  [2.83V at 1m]"	"Frequency / Hz"	"Sound Pressure Level / dB (re 20 µPa)  [2.83V at 1m]"	"Frequency / Hz"	"Sound Pressure Level / dB (re 20 µPa)  [2.83V at 1m]"	"Frequency / Hz"	"Sound Pressure Level / dB (re 20 µPa)  [2.83V at 1m]"	"Frequency / Hz"	"Sound Pressure Level / dB (re 20 µPa)  [2.83V at 1m]"	"Frequency / Hz"	"Sound Pressure Level / dB (re 20 µPa)  [2.83V at 1m]"	"Frequency / Hz"	"Sound Pressure Level / dB (re 20 µPa)  [2.83V at 1m]"	"Frequency / Hz"	"Sound Pressure Level / dB (re 20 µPa)  [2.83V at 1m]"	"Frequency / Hz"	"Sound Pressure Level / dB (re 20 µPa)  [2.83V at 1m]"	"Frequency / Hz"	"Sound Pressure Level / dB (re 20 µPa)  [2.83V at 1m]"	"Frequency / Hz"	"Sound Pressure Level / dB (re 20 µPa)  [2.83V at 1m]"	"Frequency / Hz"	"Sound Pressure Level / dB (re 20 µPa)  [2.83V at 1m]"
20.5078	65.9533	20.5078	65.9525	20.5078	65.7857	20.5078	65.7849	20.5078	65.4383	20.5078	65.443	20.5078	64.8882	20.5078	64.9104	20.5078	64.0971	20.5078	64.1651	20.5078	63.0057	20.5078	63.1906	20.5078	61.5288	20.5078	62.0207	20.5078	59.5762	20.5078	60.8719	20.5078	57.268	20.5078	60.3488	20.5078	55.9347	20.5078	61.1144	20.5078	57.6519	20.5078	62.8968	20.5078	60.7716	20.5078	64.9147	20.5078	63.594	20.5078	66.7342	20.5078	65.8615	20.5078	68.2244	20.5078	67.6296	20.5078	69.3634	20.5078	68.9642	20.5078	70.1554	20.5078	69.9087	20.5078	70.6064	20.5078	70.4885	20.5078	70.7184
21.2402	63.9936	21.2402	63.9198	21.2402	63.8345	21.2402	63.6111	21.2402	63.4295	21.2402	63.0523	21.2402	62.7482	21.2402	62.2193	21.2402	61.7404	21.2402	61.0995	21.2402	60.3416	21.2402	59.7708	21.2402	58.5358	21.2402	58.6466	21.2402	56.7082	21.2402	58.6869	21.2402	56.4348	21.2402	60.3302	21.2402	58.6433	21.2402	62.6914	21.2402	61.6068	21.2402	64.9944	21.2402	64.2729	21.2402	66.9927	21.2402	66.4874	21.2402	68.6514	21.2402	68.2892	21.2402	69.9831	21.2402	69.7257	21.2402	71.0035	21.2402	70.828	21.2402	71.7223	21.2402	71.6135	21.2402	72.1435	21.2402	72.0916	21.2402	72.2672
21.9727	65.0605	21.9727	65.0036	21.9727	64.8978	21.9727	64.7277	21.9727	64.502	21.9727	64.2238	21.9727	63.8449	21.9727	63.4792	21.9727	62.881	21.9727	62.4977	21.9727	61.5531	21.9727	61.3659	21.9727	59.8444	21.9727	60.42	21.9727	58.0563	21.9727	60.3641	21.9727	57.5024	21.9727	61.6182	21.9727	59.3257	21.9727	63.6419	21.9727	62.1516	21.9727	65.7552	21.9727	64.7984	21.9727	67.6568	21.9727	67.0219	21.9727	69.2665	21.9727	68.8362	21.9727	70.5739	21.9727	70.2831	21.9727	71.5831	21.9727	71.3929	21.9727	72.2975	21.9727	72.1833	21.9727	72.7174	21.9727	72.664	21.9727	72.8406
22.7051	65.5348	22.7051	65.5045	22.7051	65.3633	22.7051	65.2781	22.7051	64.9797	22.7051	64.86	22.7051	64.3698	22.7051	64.2656	22.7051	63.5242	22.7051	63.5498	22.7051	62.4729	22.7051	62.8683	22.7051	61.3876	22.7051	62.5495	22.7051	60.7697	22.7051	62.988	22.7051	61.3136	22.7051	64.2462	22.7051	63.0078	22.7051	65.9645	22.7051	65.1464	22.7051	67.7585	22.7051	67.2238	22.7051	69.4179	22.7051	69.0599	22.7051	70.8576	22.7051	70.6134	22.7051	72.0475	22.7051	71.8815	22.7051	72.977	22.7051	72.8678	22.7051	73.6409	22.7051	73.5752	22.7051	74.0355	22.7051	74.0048	22.7051	74.1577
23.4375	66.8928	23.4375	66.8682	23.4375	66.7356	23.4375	66.6661	23.4375	66.388	23.4375	66.2888	23.4375	65.8377	23.4375	65.7438	23.4375	65.0753	23.4375	65.0621	23.4375	64.1166	23.4375	64.3393	23.4375	63.069	23.4375	63.8012	23.4375	62.2692	23.4375	63.8078	23.4375	62.3184	23.4375	64.6034	23.4375	63.5096	23.4375	66.024	23.4375	65.3815	23.4375	67.6877	23.4375	67.361	23.4375	69.3098	23.4375	69.1681	23.4375	70.7528	23.4375	70.7129	23.4375	71.9619	23.4375	71.9741	23.4375	72.9163	23.4375	72.9494	23.4375	73.6071	23.4375	73.6404	23.4375	74.029	23.4375	74.049	23.4375	74.1775
24.1699	67.7887	24.1699	67.7312	24.1699	67.6705	24.1699	67.4975	24.1699	67.371	24.1699	67.0832	24.1699	66.8802	24.1699	66.4837	24.1699	66.1868	24.1699	65.7073	24.1699	65.2915	24.1699	64.8113	24.1699	64.246	24.1699	63.9831	24.1699	63.2508	24.1699	63.6268	24.1699	62.7806	24.1699	64.1751	24.1699	63.3613	24.1699	65.572	24.1699	64.8952	24.1699	67.3359	24.1699	66.7973	24.1699	69.0739	24.1699	68.6451	24.1699	70.6071	24.1699	70.2686	24.1699	71.8746	24.1699	71.6157	24.1699	72.8591	24.1699	72.6729	24.1699	73.5564	24.1699	73.4368	24.1699	73.9647	24.1699	73.9064	24.1699	74.082
25.6348	68.0956	25.6348	68.0235	25.6348	68.0078	25.6348	67.7935	25.6348	67.7611	25.6348	67.4136	25.6348	67.3629	25.6348	66.9092	25.6348	66.838	25.6348	66.3473	25.6348	66.2539	25.6348	65.8787	25.6348	65.7627	25.6348	65.7605	25.6348	65.6228	25.6348	66.249	25.6348	66.0908	25.6348	67.365	25.6348	67.1879	25.6348	68.8621	25.6348	68.6714	25.6348	70.4545	25.6348	70.2603	25.6348	71.958	25.6348	71.7729	25.6348	73.2814	25.6348	73.1174	25.6348	74.3841	25.6348	74.2501	25.6348	75.2487	25.6348	75.1489	25.6348	75.8667	25.6348	75.8017	25.6348	76.2333	25.6348	76.2016	25.6348	76.3455
26.3672	69.1198	26.3672	69.0366	26.3672	69.0502	26.3672	68.8029	26.3672	68.8274	26.3672	68.4258	26.3672	68.4538	26.3672	67.9267	26.3672	67.9426	26.3672	67.3632	26.3672	67.3353	26.3672	66.8646	26.3672	66.7363	26.3672	66.6581	26.3672	66.3542	26.3672	66.994	26.3672	66.4724	26.3672	67.9379	26.3672	67.2506	26.3672	69.2926	26.3672	68.5514	26.3672	70.7824	26.3672	70.08	26.3672	72.2116	26.3672	71.5988	26.3672	73.4777	26.3672	72.9761	26.3672	74.5343	26.3672	74.1483	26.3672	75.3607	26.3672	75.0851	26.3672	75.9467	26.3672	75.7717	26.3672	76.2855	26.3672	76.2011	26.3672	76.3717
27.0996	68.8225	27.0996	68.7932	27.0996	68.7029	27.0996	68.6224	27.0996	68.4321	27.0996	68.326	27.0996	68.0152	27.0996	67.9387	27.0996	67.4753	27.0996	67.534	27.0996	66.8785	27.0996	67.2479	27.0996	66.3739	27.0996	67.2769	27.0996	66.2174	27.0996	67.7901	27.0996	66.666	27.0996	68.7904	27.0996	67.7463	27.0996	70.1056	27.0996	69.2195	27.0996	71.5225	27.0996	70.8044	27.0996	72.8852	27.0996	72.3177	27.0996	74.1038	27.0996	73.6663	27.0996	75.1312	27.0996	74.8059	27.0996	75.9424	27.0996	75.714	27.0996	76.5225	27.0996	76.3784	27.0996	76.8616	27.0996	76.7923	27.0996	76.953
27.832	69.6362	27.832	69.5565	27.832	69.5854	27.832	69.3522	27.832	69.4051	27.832	69.0397	27.832	69.1046	27.832	68.6557	27.832	68.7101	27.832	68.2749	27.832	68.2805	27.832	68.0273	27.832	67.9302	27.832	68.087	27.832	67.8374	27.832	68.5906	27.832	68.1838	27.832	69.5291	27.832	69.024	27.832	70.751	27.832	70.2309	27.832	72.0714	27.832	71.5995	27.832	73.351	27.832	72.9595	27.832	74.5062	27.832	74.2042	27.832	75.4903	27.832	75.2732	27.832	76.2763	27.832	76.1322	27.832	76.8463	27.832	76.7609	27.832	77.1874	27.832	77.1484	27.832	77.2901
29.2969	70.973	29.2969	70.9467	29.2969	70.8916	29.2969	70.8195	29.2969	70.7033	29.2969	70.607	29.2969	70.4175	29.2969	70.3408	29.2969	70.0588	29.2969	70.077	29.2969	69.6796	29.2969	69.9054	29.2969	69.3748	29.2969	69.9433	29.2969	69.286	29.2969	70.296	29.2969	69.5592	29.2969	70.9944	29.2969	70.2547	29.2969	71.9686	29.2969	71.2938	29.2969	73.0896	29.2969	72.5149	29.2969	74.2298	29.2969	73.7628	29.2969	75.293	29.2969	74.9279	29.2969	76.2158	29.2969	75.9423	29.2969	76.9584	29.2969	76.7655	29.2969	77.4961	29.2969	77.374	29.2969	77.8134	29.2969	77.7545	29.2969	77.901
30.0293	71.1905	30.0293	71.12	30.0293	71.1597	30.0293	70.9547	30.0293	71.03	30.0293	70.7126	30.0293	70.8136	30.0293	70.4302	30.0293	70.5389	30.0293	70.1728	30.0293	70.2598	30.0293	70.0419	30.0293	70.067	30.0293	70.1614	30.0293	70.0846	30.0293	70.6273	30.0293	70.4303	30.0293	71.4444	30.0293	71.145	30.0293	72.5179	30.0293	72.1584	30.0293	73.7096	30.0293	73.3337	30.0293	74.8951	30.0293	74.5363	30.0293	75.985	30.0293	75.6661	30.0293	76.922	30.0293	76.6571	30.0293	77.6703	30.0293	77.4678	30.0293	78.2079	30.0293	78.0719	30.0293	78.5218	30.0293	78.4536	30.0293	78.6045
31.4941	73.1725	31.4941	73.152	31.4941	73.1174	31.4941	73.0629	31.4941	72.9875	31.4941	72.9217	31.4941	72.7929	31.4941	72.7577	31.4941	72.5568	31.4941	72.6186	31.4941	72.3223	31.4941	72.5725	31.4941	72.1588	31.4941	72.7002	31.4941	72.16	31.4941	73.07	31.4941	72.4195	31.4941	73.7016	31.4941	72.9843	31.4941	74.5498	31.4941	73.822	31.4941	75.5238	31.4941	74.836	31.4941	76.5239	31.4941	75.9116	31.4941	77.4667	31.4941	76.9505	31.4941	78.2913	31.4941	77.8807	31.4941	78.9568	31.4941	78.6536	31.4941	79.4361	31.4941	79.2375	31.4941	79.7114	31.4941	79.6135	31.4941	79.7721
32.2266	73.0335	32.2266	73.0009	32.2266	72.9889	32.2266	72.8984	32.2266	72.8683	32.2266	72.7435	32.2266	72.6828	32.2266	72.5685	32.2266	72.4575	32.2266	72.4264	32.2266	72.2382	32.2266	72.3928	32.2266	72.0976	32.2266	72.556	32.2266	72.1314	32.2266	72.985	32.2266	72.4307	32.2266	73.6901	32.2266	73.0349	32.2266	74.6107	32.2266	73.9036	32.2266	75.6445	32.2266	74.9372	32.2266	76.6873	32.2266	76.0232	32.2266	77.6564	32.2266	77.0681	32.2266	78.4939	32.2266	78.0041	32.2266	79.1615	32.2266	78.785	32.2266	79.6348	32.2266	79.3803	32.2266	79.8985	32.2266	79.7705	32.2266	79.9445
33.6914	74.3279	33.6914	74.3047	33.6914	74.2935	33.6914	74.2316	33.6914	74.2023	33.6914	74.1265	33.6914	74.064	33.6914	74.0201	33.6914	73.9007	33.6914	73.959	33.6914	73.7506	33.6914	74.0048	33.6914	73.6713	33.6914	74.223	33.6914	73.736	33.6914	74.6597	33.6914	74.0149	33.6914	75.3169	33.6914	74.5441	33.6914	76.1471	33.6914	75.3023	33.6914	77.0712	33.6914	76.2188	33.6914	78.0054	33.6914	77.2018	33.6914	78.8781	33.6914	78.1659	33.6914	79.6355	33.6914	79.0435	33.6914	80.2398	33.6914	79.7857	33.6914	80.6653	33.6914	80.359	33.6914	80.8958	33.6914	80.7418	33.6914	80.9221
34.4238	74.9057	34.4238	74.8961	34.4238	74.868	34.4238	74.8464	34.4238	74.7844	34.4238	74.7734	34.4238	74.6655	34.4238	74.7054	34.4238	74.5332	34.4238	74.6842	34.4238	74.4244	34.4238	74.7627	34.4238	74.3918	34.4238	74.9958	34.4238	74.4987	34.4238	75.4214	34.4238	74.8028	34.4238	76.0421	34.4238	75.331	34.4238	76.8198	34.4238	76.0628	34.4238	77.688	34.4238	76.9364	34.4238	78.5727	34.4238	77.8711	34.4238	79.4072	34.4238	78.7894	34.4238	80.1387	34.4238	79.6276	34.4238	80.7281	34.4238	80.3376	34.4238	81.148	34.4238	80.8854	34.4238	81.3805	34.4238	81.2487	34.4238	81.4151
35.8887	75.9714	35.8887	75.968	35.8887	75.9405	35.8887	75.9374	35.8887	75.8767	35.8887	75.895	35.8887	75.7897	35.8887	75.8664	35.8887	75.6999	35.8887	75.8869	35.8887	75.6395	35.8887	75.9997	35.8887	75.6534	35.8887	76.2473	35.8887	75.7934	35.8887	76.6587	35.8887	76.1051	35.8887	77.2358	35.8887	76.6095	35.8887	77.9495	35.8887	77.2903	35.8887	78.7471	35.8887	78.0972	35.8887	79.566	35.8887	78.9625	35.8887	80.3465	35.8887	79.8172	35.8887	81.0382	35.8887	80.6016	35.8887	81.6016	35.8887	81.2689	35.8887	82.0077	35.8887	81.7844	35.8887	82.2368	35.8887	82.1249	35.8887	82.2772
37.3535	76.922	37.3535	76.9325	37.3535	76.8942	37.3535	76.9313	37.3535	76.8512	37.3535	76.9316	37.3535	76.8029	37.3535	76.9545	37.3535	76.768	37.3535	77.0284	37.3535	76.7746	37.3535	77.1868	37.3535	76.8588	37.3535	77.4616	37.3535	77.0589	37.3535	77.8742	37.3535	77.406	37.3535	78.4265	37.3535	77.911	37.3535	79.0961	37.3535	78.5585	37.3535	79.8411	37.3535	79.3086	37.3535	80.6085	37.3535	80.107	37.3535	81.3445	37.3535	80.8966	37.3535	82.0012	37.3535	81.6249	37.3535	82.5393	37.3535	82.2479	37.3535	82.9295	37.3535	82.7314	37.3535	83.1513	37.3535	83.0512	37.3535	83.193
38.8184	78.0779	38.8184	78.0889	38.8184	78.0633	38.8184	78.1005	38.8184	78.0467	38.8184	78.1235	38.8184	78.0364	38.8184	78.1745	38.8184	78.0469	38.8184	78.2754	38.8184	78.0994	38.8184	78.4511	38.8184	78.2199	38.8184	78.7251	38.8184	78.435	38.8184	79.1129	38.8184	78.7664	38.8184	79.6158	38.8184	79.2226	38.8184	80.218	38.8184	79.794	38.8184	80.8871	38.8184	80.4529	38.8184	81.58	38.8184	81.1585	38.8184	82.25	38.8184	81.8635	38.8184	82.8527	38.8184	82.5209	38.8184	83.3503	38.8184	83.0889	38.8184	83.713	38.8184	83.5332	38.8184	83.9201	38.8184	83.8287	38.8184	83.9597
39.5508	78.6383	39.5508	78.6472	39.5508	78.6295	39.5508	78.6608	39.5508	78.6221	39.5508	78.6888	39.5508	78.623	39.5508	78.746	39.5508	78.6448	39.5508	78.8516	39.5508	78.7059	39.5508	79.0265	39.5508	78.8292	39.5508	79.2899	39.5508	79.0387	39.5508	79.6547	39.5508	79.3541	39.5508	80.1234	39.5508	79.7846	39.5508	80.6845	39.5508	80.3233	39.5508	81.3131	39.5508	80.9467	39.5508	81.9722	39.5508	81.6177	39.5508	82.6178	39.5508	82.2916	39.5508	83.2052	39.5508	82.9227	39.5508	83.6941	39.5508	83.4694	39.5508	84.0531	39.5508	83.8972	39.5508	84.2603	39.5508	84.1806	39.5508	84.3038
41.0156	79.5924	41.0156	79.6021	41.0156	79.5886	41.0156	79.6207	41.0156	79.5918	41.0156	79.6558	41.0156	79.6075	41.0156	79.719	41.0156	79.6458	41.0156	79.8252	41.0156	79.7209	41.0156	79.9915	41.0156	79.8502	41.0156	80.2343	41.0156	80.0524	41.0156	80.5661	41.0156	80.3433	41.0156	80.9916	41.0156	80.7315	41.0156	81.504	41.0156	81.2139	41.0156	82.0835	41.0156	81.7736	41.0156	82.697	41.0156	82.3809	41.0156	83.3028	41.0156	82.9976	41.0156	83.8569	41.0156	83.5817	41.0156	84.3192	41.0156	84.0931	41.0156	84.658	41.0156	84.4975	41.0156	84.8517	41.0156	84.7684	41.0156	84.8891
42.4805	80.567	42.4805	80.5776	42.4805	80.5676	42.4805	80.6021	42.4805	80.58	42.4805	80.6468	42.4805	80.6084	42.4805	80.7208	42.4805	80.6605	42.4805	80.8358	42.4805	80.7472	42.4805	81.0048	42.4805	80.8823	42.4805	81.2398	42.4805	81.0804	42.4805	81.55	42.4805	81.3543	42.4805	81.9386	42.4805	81.7117	42.4805	82.4003	42.4805	82.1511	42.4805	82.9195	42.4805	82.6593	42.4805	83.4704	42.4805	83.2119	42.4805	84.0184	42.4805	83.7753	42.4805	84.5251	42.4805	84.311	42.4805	84.9536	42.4805	84.7812	42.4805	85.2729	42.4805	85.1523	42.4805	85.4605	42.4805	85.3985	42.4805	85.5034
43.9453	81.4712	43.9453	81.4856	43.9453	81.4718	43.9453	81.5171	43.9453	81.488	43.9453	81.5706	43.9453	81.523	43.9453	81.6533	43.9453	81.5829	43.9453	81.7746	43.9453	81.6764	43.9453	81.9449	43.9453	81.8142	43.9453	82.1745	43.9453	82.0083	43.9453	82.4712	43.9453	82.2691	43.9453	82.8384	43.9453	82.6036	43.9453	83.2725	43.9453	83.0114	43.9453	83.7607	43.9453	83.4826	43.9453	84.2798	43.9453	83.997	43.9453	84.7977	43.9453	84.5252	43.9453	85.2777	43.9453	85.0322	43.9453	85.6833	43.9453	85.4816	43.9453	85.9839	43.9453	85.8406	43.9453	86.1572	43.9453	86.0829	43.9453	86.191
45.4102	82.2828	45.4102	82.3009	45.4102	82.2866	45.4102	82.3427	45.4102	82.3124	45.4102	82.4118	45.4102	82.3626	45.4102	82.5139	45.4102	82.4414	45.4102	82.6555	45.4102	82.555	45.4102	82.844	45.4102	82.7112	45.4102	83.0859	45.4102	82.9182	45.4102	83.3859	45.4102	83.1834	45.4102	83.7455	45.4102	83.5113	45.4102	84.1607	45.4102	83.9013	45.4102	84.6207	45.4102	84.3452	45.4102	85.1062	45.4102	84.8261	45.4102	85.5894	45.4102	85.3192	45.4102	86.0372	45.4102	85.7934	45.4102	86.4162	45.4102	86.2154	45.4102	86.697	45.4102	86.5541	45.4102	86.8584	45.4102	86.7841	45.4102	86.8881
47.6074	83.3476	47.6074	83.3694	47.6074	83.3521	47.6074	83.4181	47.6074	83.3831	47.6074	83.4953	47.6074	83.4417	47.6074	83.6032	47.6074	83.5299	47.6074	83.7451	47.6074	83.6509	47.6074	83.9244	47.6074	83.8085	47.6074	84.1447	47.6074	84.007	47.6074	84.4092	47.6074	84.2509	47.6074	84.7195	47.6074	84.543	47.6074	85.0744	47.6074	84.8833	47.6074	85.4675	47.6074	85.2668	47.6074	85.8853	47.6074	85.6818	47.6074	86.3062	47.6074	86.109	47.6074	86.7019	47.6074	86.5227	47.6074	87.042	47.6074	86.8933	47.6074	87.2983	47.6074	87.1918	47.6074	87.4492	47.6074	87.3936	47.6074	87.4819
49.0723	83.9041	49.0723	83.9241	49.0723	83.9136	49.0723	83.9743	49.0723	83.9526	49.0723	84.0555	49.0723	84.0214	49.0723	84.1692	49.0723	84.1208	49.0723	84.3172	49.0723	84.2522	49.0723	84.5014	49.0723	84.4176	49.0723	84.7239	49.0723	84.6195	49.0723	84.986	49.0723	84.8606	49.0723	85.2883	49.0723	85.1426	49.0723	85.6289	49.0723	85.4655	49.0723	86.002	49.0723	85.8252	49.0723	86.3959	49.0723	86.2121	49.0723	86.7914	49.0723	86.6098	49.0723	87.1631	49.0723	86.9953	49.0723	87.4827	49.0723	87.3418	49.0723	87.7236	49.0723	87.6219	49.0723	87.8653	49.0723	87.812	49.0723	87.8956
50.5371	84.4779	50.5371	84.4995	50.5371	84.4885	50.5371	84.5533	50.5371	84.5309	50.5371	84.6393	50.5371	84.6049	50.5371	84.7578	50.5371	84.7103	50.5371	84.9087	50.5371	84.847	50.5371	85.0923	50.5371	85.0154	50.5371	85.309	50.5371	85.2162	50.5371	85.5589	50.5371	85.4504	50.5371	85.8421	50.5371	85.7189	50.5371	86.1571	50.5371	86.0212	50.5371	86.4999	50.5371	86.3543	50.5371	86.8613	50.5371	86.7104	50.5371	87.225	50.5371	87.0757	50.5371	87.5687	50.5371	87.4302	50.5371	87.8662	50.5371	87.7494	50.5371	88.0924	50.5371	88.0076	50.5371	88.2269	50.5371	88.1824	50.5371	88.2579
52.7344	85.2313	52.7344	85.2532	52.7344	85.2441	52.7344	85.3096	52.7344	85.2913	52.7344	85.3995	52.7344	85.3717	52.7344	85.5215	52.7344	85.4837	52.7344	85.6741	52.7344	85.6257	52.7344	85.8555	52.7344	85.7958	52.7344	86.0642	52.7344	85.9927	52.7344	86.2991	52.7344	86.2154	52.7344	86.5591	52.7344	86.4633	52.7344	86.843	52.7344	86.7356	52.7344	87.1478	52.7344	87.0302	52.7344	87.4668	52.7344	87.3417	52.7344	87.7873	52.7344	87.66	52.7344	88.0906	52.7344	87.9694	52.7344	88.3539	52.7344	88.2493	52.7344	88.5544	52.7344	88.4774	52.7344	88.6738	52.7344	88.6328	52.7344	88.7006
54.1992	85.6177	54.1992	85.6385	54.1992	85.6327	54.1992	85.6945	54.1992	85.6828	54.1992	85.7843	54.1992	85.7665	54.1992	85.9059	54.1992	85.8815	54.1992	86.0564	54.1992	86.0249	54.1992	86.2333	54.1992	86.1937	54.1992	86.4338	54.1992	86.3854	54.1992	86.6559	54.1992	86.598	54.1992	86.8981	54.1992	86.83	54.1992	87.1591	54.1992	87.0805	54.1992	87.4367	54.1992	87.3479	54.1992	87.726	54.1992	87.6285	54.1992	88.0166	54.1992	87.9145	54.1992	88.2925	54.1992	88.193	54.1992	88.5334	54.1992	88.4459	54.1992	88.7181	54.1992	88.6528	54.1992	88.829	54.1992	88.794	54.1992	88.855
56.3965	86.1312	56.3965	86.1542	56.3965	86.145	56.3965	86.2131	56.3965	86.1951	56.3965	86.3058	56.3965	86.2796	56.3965	86.4291	56.3965	86.3953	56.3965	86.5791	56.3965	86.5386	56.3965	86.7515	56.3965	86.7051	56.3965	86.9427	56.3965	86.8908	56.3965	87.1492	56.3965	87.0922	56.3965	87.3691	56.3965	87.3068	56.3965	87.601	56.3965	87.5332	56.3965	87.8439	56.3965	87.77	56.3965	88.0949	56.3965	88.015	56.3965	88.3467	56.3965	88.263	56.3965	88.5867	56.3965	88.5043	56.3965	88.7976	56.3965	88.7242	56.3965	88.9604	56.3965	88.9049	56.3965	89.0587	56.3965	89.0287	56.3965	89.0822
58.5938	86.5714	58.5938	86.5888	58.5938	86.5913	58.5938	86.6427	58.5938	86.6477	58.5938	86.7309	58.5938	86.7379	58.5938	86.8495	58.5938	86.8579	58.5938	86.9943	58.5938	87.0027	58.5938	87.1604	58.5938	87.1669	58.5938	87.3435	58.5938	87.3451	58.5938	87.5399	58.5938	87.5331	58.5938	87.7466	58.5938	87.7277	58.5938	87.9614	58.5938	87.9274	58.5938	88.1822	58.5938	88.1317	58.5938	88.4058	58.5938	88.34	58.5938	88.6264	58.5938	88.5499	58.5938	88.8342	58.5938	88.7547	58.5938	89.0155	58.5938	88.943	58.5938	89.1549	58.5938	89.0995	58.5938	89.2383	58.5938	89.2083	58.5938	89.2566
60.0586	86.8644	60.0586	86.8891	60.0586	86.8766	60.0586	86.9494	60.0586	86.9249	60.0586	87.0428	60.0586	87.0068	60.0586	87.1652	60.0586	87.1183	60.0586	87.3117	60.0586	87.2542	60.0586	87.4772	60.0586	87.4087	60.0586	87.6568	60.0586	87.5761	60.0586	87.8459	60.0586	87.7516	60.0586	88.0407	60.0586	87.9315	60.0586	88.2378	60.0586	88.1139	60.0586	88.4345	60.0586	88.2984	60.0586	88.6279	60.0586	88.485	60.0586	88.814	60.0586	88.6725	60.0586	88.9864	60.0586	88.856	60.0586	89.1351	60.0586	89.0262	60.0586	89.248	60.0586	89.1697	60.0586	89.313	60.0586	89.2721	60.0586	89.3217
62.2559	87.3055	62.2559	87.3353	62.2559	87.3135	62.2559	87.4015	62.2559	87.3586	62.2559	87.5008	62.2559	87.4383	62.2559	87.6286	62.2559	87.5483	62.2559	87.779	62.2559	87.6831	62.2559	87.9457	62.2559	87.8363	62.2559	88.1226	62.2559	88.0013	62.2559	88.304	62.2559	88.1723	62.2559	88.4852	62.2559	88.3448	62.2559	88.6629	62.2559	88.5162	62.2559	88.8353	62.2559	88.6856	62.2559	89.0013	62.2559	88.8534	62.2559	89.1595	62.2559	89.0194	62.2559	89.306	62.2559	89.1805	62.2559	89.4329	62.2559	89.3297	62.2559	89.5297	62.2559	89.4559	62.2559	89.5851	62.2559	89.5466	62.2559	89.5914
64.4531	87.5257	64.4531	87.5555	64.4531	87.5337	64.4531	87.6219	64.4531	87.5789	64.4531	87.7212	64.4531	87.6585	64.4531	87.8485	64.4531	87.7679	64.4531	87.9975	64.4531	87.9012	64.4531	88.161	64.4531	88.0511	64.4531	88.332	64.4531	88.2105	64.4531	88.5038	64.4531	88.3727	64.4531	88.6708	64.4531	88.5322	64.4531	88.8292	64.4531	88.6855	64.4531	88.9767	64.4531	88.8315	64.4531	89.113	64.4531	88.9708	64.4531	89.238	64.4531	89.1046	64.4531	89.3506	64.4531	89.2324	64.4531	89.4466	64.4531	89.3501	64.4531	89.5188	64.4531	89.4503	64.4531	89.5589	64.4531	89.5234	64.4531	89.561
66.6504	87.7757	66.6504	87.8082	66.6504	87.7799	66.6504	87.8756	66.6504	87.8201	66.6504	87.9744	66.6504	87.8937	66.6504	88.099	66.6504	87.9959	66.6504	88.2426	66.6504	88.1208	66.6504	88.3974	66.6504	88.2607	66.6504	88.5557	66.6504	88.4082	66.6504	88.7099	66.6504	88.5557	66.6504	88.8538	66.6504	88.6972	66.6504	88.9831	66.6504	88.8286	66.6504	89.0961	66.6504	88.9485	66.6504	89.1936	66.6504	89.0577	66.6504	89.2782	66.6504	89.1584	66.6504	89.3521	66.6504	89.252	66.6504	89.415	66.6504	89.3375	66.6504	89.463	66.6504	89.4103	66.6504	89.4902	66.6504	89.4634	66.6504	89.491
69.5801	88.001	69.5801	88.0237	69.5801	88.0141	69.5801	88.0812	69.5801	88.0623	69.5801	88.17	69.5801	88.1424	69.5801	88.285	69.5801	88.2496	69.5801	88.4192	69.5801	88.3774	69.5801	88.5647	69.5801	88.5179	69.5801	88.7128	69.5801	88.6628	69.5801	88.8552	69.5801	88.8037	69.5801	88.9846	69.5801	88.9336	69.5801	89.0959	69.5801	89.0475	69.5801	89.187	69.5801	89.1432	69.5801	89.259	69.5801	89.2216	69.5801	89.3161	69.5801	89.286	69.5801	89.3632	69.5801	89.3401	69.5801	89.4029	69.5801	89.3864	69.5801	89.4349	69.5801	89.4242	69.5801	89.4557	69.5801	89.4504	69.5801	89.4614
71.7773	88.1537	71.7773	88.1749	71.7773	88.1673	71.7773	88.2298	71.7773	88.2147	71.7773	88.3152	71.7773	88.2928	71.7773	88.4258	71.7773	88.3969	71.7773	88.5546	71.7773	88.52	71.7773	88.6931	71.7773	88.6544	71.7773	88.8323	71.7773	88.7912	71.7773	88.9632	71.7773	88.9218	71.7773	89.0778	71.7773	89.0384	71.7773	89.1705	71.7773	89.1355	71.7773	89.2393	71.7773	89.2106	71.7773	89.2859	71.7773	89.2645	71.7773	89.3158	71.7773	89.3014	71.7773	89.3356	71.7773	89.3267	71.7773	89.3508	71.7773	89.3456	71.7773	89.3633	71.7773	89.3603	71.7773	89.3721	71.7773	89.3707	71.7773	89.3749
73.9746	88.2384	73.9746	88.2557	73.9746	88.2553	73.9746	88.3061	73.9746	88.3052	73.9746	88.3867	73.9746	88.385	73.9746	88.4923	73.9746	88.4898	73.9746	88.616	73.9746	88.6127	73.9746	88.7492	73.9746	88.7457	73.9746	88.8823	73.9746	88.8795	73.9746	89.0058	73.9746	89.0047	73.9746	89.1113	73.9746	89.1132	73.9746	89.1925	73.9746	89.1984	73.9746	89.2471	73.9746	89.2575	73.9746	89.277	73.9746	89.2912	73.9746	89.288	73.9746	89.3042	73.9746	89.288	73.9746	89.3037	73.9746	89.2844	73.9746	89.2972	73.9746	89.2815	73.9746	89.2902	73.9746	89.2809	73.9746	89.2851	73.9746	89.2821
76.9043	88.3878	76.9043	88.4011	76.9043	88.405	76.9043	88.4441	76.9043	88.4517	76.9043	88.5141	76.9043	88.5252	76.9043	88.6068	76.9043	88.6212	76.9043	88.7158	76.9043	88.7332	76.9043	88.833	76.9043	88.8532	76.9043	88.9492	76.9043	88.972	76.9043	89.0546	76.9043	89.0798	76.9043	89.1401	76.9043	89.1674	76.9043	89.1989	76.9043	89.2279	76.9043	89.2276	76.9043	89.2576	76.9043	89.2277	76.9043	89.2574	76.9043	89.2053	76.9043	89.2327	76.9043	89.1699	76.9043	89.193	76.9043	89.1319	76.9043	89.1492	76.9043	89.1	76.9043	89.111	76.9043	89.0799	76.9043	89.085	76.9043	89.0745
79.834	88.5288	79.834	88.545	79.834	88.5389	79.834	88.5865	79.834	88.5748	79.834	88.6506	79.834	88.6343	79.834	88.7328	79.834	88.7137	79.834	88.8268	79.834	88.807	79.834	88.9246	79.834	88.9066	79.834	89.0168	79.834	89.0031	79.834	89.0937	79.834	89.0866	79.834	89.146	79.834	89.1473	79.834	89.1669	79.834	89.1776	79.834	89.1533	79.834	89.1732	79.834	89.1073	79.834	89.1347	79.834	89.0368	79.834	89.0683	79.834	88.9539	79.834	88.9851	79.834	88.8728	79.834	88.8994	79.834	88.8065	79.834	88.8255	79.834	88.7649	79.834	88.7747	79.834	88.7537
82.7637	88.4705	82.7637	88.4899	82.7637	88.4798	82.7637	88.5371	82.7637	88.5174	82.7637	88.609	82.7637	88.5808	82.7637	88.7002	82.7637	88.6657	82.7637	88.8034	82.7637	88.7657	82.7637	88.9088	82.7637	88.8726	82.7637	89.0056	82.7637	88.9761	82.7637	89.0827	82.7637	89.0652	82.7637	89.13	82.7637	89.1292	82.7637	89.1405	82.7637	89.1593	82.7637	89.1113	82.7637	89.1499	82.7637	89.0456	82.7637	89.1013	82.7637	88.9526	82.7637	89.0194	82.7637	88.8471	82.7637	88.9165	82.7637	88.7464	82.7637	88.8089	82.7637	88.6665	82.7637	88.7135	82.7637	88.6195	82.7637	88.6446	82.7637	88.6119
85.6934	88.4405	85.6934	88.4407	85.6934	88.4654	85.6934	88.4668	85.6934	88.5135	85.6934	88.5182	85.6934	88.5821	85.6934	88.5925	85.6934	88.6671	85.6934	88.6844	85.6934	88.7627	85.6934	88.786	85.6934	88.8613	85.6934	88.8867	85.6934	88.9535	85.6934	88.9747	85.6934	89.0288	85.6934	89.0381	85.6934	89.077	85.6934	89.0673	85.6934	89.0896	85.6934	89.0562	85.6934	89.0619	85.6934	89.0045	85.6934	88.9947	85.6934	88.9184	85.6934	88.8958	85.6934	88.8102	85.6934	88.7793	85.6934	88.6971	85.6934	88.664	85.6934	88.5971	85.6934	88.569	85.6934	88.526	85.6934	88.5098	85.6934	88.4951
88.623	88.5825	88.623	88.5942	88.623	88.5896	88.623	88.624	88.623	88.616	88.623	88.6705	88.623	88.6612	88.623	88.7312	88.623	88.7231	88.623	88.8021	88.623	88.7975	88.623	88.8772	88.623	88.8775	88.623	88.9483	88.623	88.9536	88.623	89.0057	88.623	89.0146	88.623	89.0394	88.623	89.0488	88.623	89.04	88.623	89.0461	88.623	89.0012	88.623	89.0005	88.623	88.9215	88.623	88.9116	88.623	88.806	88.623	88.7869	88.623	88.6672	88.623	88.6413	88.623	88.5238	88.623	88.4958	88.623	88.3976	88.623	88.3737	88.623	88.3087	88.623	88.2949	88.623	88.2722
91.5527	88.8407	91.5527	88.8562	91.5527	88.8401	91.5527	88.8862	91.5527	88.8545	91.5527	88.9294	91.5527	88.8834	91.5527	88.9833	91.5527	88.925	91.5527	89.0433	91.5527	88.9756	91.5527	89.1029	91.5527	89.0291	91.5527	89.1533	91.5527	89.0768	91.5527	89.1842	91.5527	89.1081	91.5527	89.1851	91.5527	89.1116	91.5527	89.1469	91.5527	89.0773	91.5527	89.0639	91.5527	88.9989	91.5527	88.9359	91.5527	88.8757	91.5527	88.77	91.5527	88.7153	91.5527	88.5817	91.5527	88.5336	91.5527	88.3934	91.5527	88.3538	91.5527	88.2309	91.5527	88.2023	91.5527	88.1186	91.5527	88.1035	91.5527	88.0738
94.4824	88.8082	94.4824	88.8223	94.4824	88.8093	94.4824	88.8516	94.4824	88.8253	94.4824	88.8953	94.4824	88.8554	94.4824	88.9512	94.4824	88.8975	94.4824	89.0148	94.4824	88.9479	94.4824	89.0787	94.4824	88.9999	94.4824	89.1331	94.4824	89.0446	94.4824	89.1661	94.4824	89.0708	94.4824	89.1654	94.4824	89.0667	94.4824	89.1204	94.4824	89.022	94.4824	89.0244	94.4824	88.9301	94.4824	88.8773	94.4824	88.7906	94.4824	88.6877	94.4824	88.6118	94.4824	88.4735	94.4824	88.4107	94.4824	88.2603	94.4824	88.2122	94.4824	88.0775	94.4824	88.0449	94.4824	87.9518	94.4824	87.9354	94.4824	87.9021
98.1445	88.7281	98.1445	88.7431	98.1445	88.7278	98.1445	88.7728	98.1445	88.7422	98.1445	88.8166	98.1445	88.7711	98.1445	88.8727	98.1445	88.813	98.1445	88.9367	98.1445	88.8647	98.1445	89.0017	98.1445	88.9201	98.1445	89.0575	98.1445	88.9702	98.1445	89.0919	98.1445	89.0035	98.1445	89.0921	98.1445	89.0076	98.1445	89.0467	98.1445	88.9711	98.1445	88.9487	98.1445	88.8865	98.1445	88.7979	98.1445	88.7524	98.1445	88.6034	98.1445	88.5757	98.1445	88.3844	98.1445	88.3727	98.1445	88.1681	98.1445	88.1679	98.1445	87.9855	98.1445	87.9905	98.1445	87.8645	98.1445	87.8688	98.1445	87.8239
101.807	88.5202	101.807	88.5315	101.807	88.5218	101.807	88.5567	101.807	88.5356	101.807	88.5966	101.807	88.5612	101.807	88.6508	101.807	88.5978	101.807	88.7156	101.807	88.6429	101.807	88.7841	101.807	88.6911	101.807	88.8457	101.807	88.7337	101.807	88.8868	101.807	88.7592	101.807	88.8935	101.807	88.7546	101.807	88.8528	101.807	88.7079	101.807	88.7563	101.807	88.6107	101.807	88.602	101.807	88.4613	101.807	88.3971	101.807	88.2671	101.807	88.1595	101.807	88.0457	101.807	87.9167	101.807	87.8247	101.807	87.7024	101.807	87.6374	101.807	87.5499	101.807	87.5162	101.807	87.4845
105.469	88.3922	105.469	88.397	105.469	88.3961	105.469	88.4121	105.469	88.4081	105.469	88.44	105.469	88.4287	105.469	88.4819	105.469	88.4583	105.469	88.5367	105.469	88.4958	105.469	88.5989	105.469	88.5372	105.469	88.6586	105.469	88.5747	105.469	88.7019	105.469	88.5972	105.469	88.7132	105.469	88.5916	105.469	88.6776	105.469	88.5452	105.469	88.5847	105.469	88.4491	105.469	88.4314	105.469	88.3009	105.469	88.2248	105.469	88.1073	105.469	87.9837	105.469	87.8858	105.469	87.7377	105.469	87.6634	105.469	87.5224	105.469	87.4732	105.469	87.3721	105.469	87.3478	105.469	87.311
109.131	88.1952	109.131	88.1847	109.131	88.2111	109.131	88.1829	109.131	88.2312	109.131	88.1941	109.131	88.2561	109.131	88.2219	109.131	88.2871	109.131	88.267	109.131	88.3244	109.131	88.325	109.131	88.3654	109.131	88.386	109.131	88.4035	109.131	88.4351	109.131	88.4285	109.131	88.455	109.131	88.4276	109.131	88.4292	109.131	88.3882	109.131	88.3462	109.131	88.3007	109.131	88.2024	109.131	88.1618	109.131	88.0058	109.131	87.9772	109.131	87.7763	109.131	87.7625	109.131	87.5444	109.131	87.5432	109.131	87.3455	109.131	87.351	109.131	87.2126	109.131	87.2176	109.131	87.1679
112.793	88.1436	112.793	88.1077	112.793	88.1748	112.793	88.0705	112.793	88.2006	112.793	88.0382	112.793	88.2229	112.793	88.0179	112.793	88.2446	112.793	88.0148	112.793	88.2675	112.793	88.0292	112.793	88.2902	112.793	88.055	112.793	88.3071	112.793	88.0788	112.793	88.3084	112.793	88.0826	112.793	88.2813	112.793	88.0477	112.793	88.2131	112.793	87.9592	112.793	88.0938	112.793	87.8105	112.793	87.9203	112.793	87.6073	112.793	87.6985	112.793	87.3687	112.793	87.4453	112.793	87.1258	112.793	87.1886	112.793	86.9169	112.793	86.963	112.793	86.7792	112.793	86.8039	112.793	86.7388
116.455	88.1996	116.455	88.1545	116.455	88.2319	116.455	88.0994	116.455	88.2524	116.455	88.0401	116.455	88.2647	116.455	87.9846	116.455	88.2736	116.455	87.94	116.455	88.2826	116.455	87.9102	116.455	88.2919	116.455	87.8931	116.455	88.2967	116.455	87.8797	116.455	88.287	116.455	87.8548	116.455	88.2494	116.455	87.8008	116.455	88.1696	116.455	87.7021	116.455	88.0365	116.455	87.5502	116.455	87.8458	116.455	87.3479	116.455	87.6028	116.455	87.1119	116.455	87.3247	116.455	86.8726	116.455	87.0403	116.455	86.6692	116.455	86.7866	116.455	86.5407	116.455	86.6016	116.455	86.5153
120.85	88.301	120.85	88.2436	120.85	88.3366	120.85	88.1666	120.85	88.3521	120.85	88.0757	120.85	88.3522	120.85	87.9784	120.85	88.3435	120.85	87.8816	120.85	88.3314	120.85	87.7894	120.85	88.3178	120.85	87.701	120.85	88.2991	120.85	87.6105	120.85	88.2656	120.85	87.5082	120.85	88.2029	120.85	87.3828	120.85	88.0954	120.85	87.2245	120.85	87.9301	120.85	87.0288	120.85	87.7008	120.85	86.7996	120.85	87.4118	120.85	86.5522	120.85	87.0804	120.85	86.3153	120.85	86.7369	120.85	86.1267	120.85	86.4217	120.85	86.0256	120.85	86.1778	120.85	86.0403
125.244	88.6674	125.244	88.6247	125.244	88.6831	125.244	88.5561	125.244	88.6749	125.244	88.4666	125.244	88.649	125.244	88.3639	125.244	88.6135	125.244	88.2559	125.244	88.5755	125.244	88.1482	125.244	88.5386	125.244	88.0412	125.244	88.5012	125.244	87.9296	125.244	88.4551	125.244	87.8031	125.244	88.3873	125.244	87.6499	125.244	88.2827	125.244	87.4613	125.244	88.1277	125.244	87.2356	125.244	87.9146	125.244	86.982	125.244	87.6446	125.244	86.7216	125.244	87.3313	125.244	86.4865	125.244	87.0004	125.244	86.3139	125.244	86.6882	125.244	86.2377	125.244	86.4356	125.244	86.2783
129.639	88.5406	129.639	88.5193	129.639	88.5352	129.639	88.4726	129.639	88.5062	129.639	88.4057	129.639	88.4607	129.639	88.3268	129.639	88.4077	129.639	88.2445	129.639	88.3551	129.639	88.1648	129.639	88.3075	129.639	88.0889	129.639	88.2628	129.639	88.0116	129.639	88.2126	129.639	87.9226	129.639	88.1431	129.639	87.8087	129.639	88.0389	129.639	87.6584	129.639	87.8873	129.639	87.466	129.639	87.6826	129.639	87.2353	129.639	87.4294	129.639	86.9815	129.639	87.1447	129.639	86.7314	129.639	86.8577	129.639	86.5198	129.639	86.6055	129.639	86.3829	129.639	86.426	129.639	86.3482
134.033	88.3642	134.033	88.3189	134.033	88.3755	134.033	88.2432	134.033	88.355	134.033	88.1456	134.033	88.3098	134.033	88.0381	134.033	88.2503	134.033	87.933	134.033	88.187	134.033	87.8396	134.033	88.1272	134.033	87.7603	134.033	88.0719	134.033	87.6895	134.033	88.0144	134.033	87.6148	134.033	87.9416	134.033	87.5205	134.033	87.8375	134.033	87.3925	134.033	87.6883	134.033	87.2236	134.033	87.4871	134.033	87.016	134.033	87.2381	134.033	86.7837	134.033	86.9582	134.033	86.5515	134.033	86.677	134.033	86.3523	134.033	86.4316	134.033	86.2212	134.033	86.259	134.033	86.1861
138.428	88.4979	138.428	88.4311	138.428	88.5195	138.428	88.3215	138.428	88.499	138.428	88.1771	138.428	88.4445	138.428	88.0104	138.428	88.3672	138.428	87.836	138.428	88.279	138.428	87.6678	138.428	88.189	138.428	87.515	138.428	88.1005	138.428	87.3789	138.428	88.0094	138.428	87.2528	138.428	87.9046	138.428	87.1235	138.428	87.7713	138.428	86.9769	138.428	87.5961	138.428	86.8032	138.428	87.3715	138.428	86.6022	138.428	87.1004	138.428	86.3858	138.428	86.7985	138.428	86.1775	138.428	86.4936	138.428	86.0089	138.428	86.2217	138.428	85.9122	138.428	86.019	138.428	85.9125
143.555	88.434	143.555	88.3678	143.555	88.4542	143.555	88.257	143.555	88.4323	143.555	88.1078	143.555	88.3766	143.555	87.9306	143.555	88.2979	143.555	87.7382	143.555	88.207	143.555	87.5429	143.555	88.1115	143.555	87.3537	143.555	88.0122	143.555	87.1737	143.555	87.9028	143.555	86.9994	143.555	87.7704	143.555	86.822	143.555	87.5996	143.555	86.631	143.555	87.3775	143.555	86.4192	143.555	87.0992	143.555	86.1872	143.555	86.7719	143.555	85.9468	143.555	86.4169	143.555	85.7207	143.555	86.0679	143.555	85.5394	143.555	85.7649	143.555	85.4349	143.555	85.545	143.555	85.4328
148.682	88.5796	148.682	88.5344	148.682	88.5748	148.682	88.4388	148.682	88.5258	148.682	88.2975	148.682	88.4431	148.682	88.119	148.682	88.3399	148.682	87.9138	148.682	88.2291	148.682	87.6916	148.682	88.1197	148.682	87.4592	148.682	88.0126	148.682	87.2188	148.682	87.8996	148.682	86.9679	148.682	87.7646	148.682	86.7009	148.682	87.5875	148.682	86.4124	148.682	87.35	148.682	86.1012	148.682	87.0413	148.682	85.7747	148.682	86.6639	148.682	85.452	148.682	86.2367	148.682	85.1638	148.682	85.796	148.682	84.9493	148.682	85.3911	148.682	84.8475	148.682	85.0742	148.682	84.8867
153.809	88.3899	153.809	88.3568	153.809	88.3724	153.809	88.2734	153.809	88.3106	153.809	88.1456	153.809	88.2161	153.809	87.9846	153.809	88.104	153.809	87.804	153.809	87.989	153.809	87.6166	153.809	87.8817	153.809	87.4312	153.809	87.7842	153.809	87.2501	153.809	87.689	153.809	87.0679	153.809	87.5804	153.809	86.8748	153.809	87.4389	153.809	86.6604	153.809	87.2475	153.809	86.4188	153.809	86.9968	153.809	86.1533	153.809	86.6897	153.809	85.879	153.809	86.3439	153.809	85.6229	153.809	85.9917	153.809	85.4202	153.809	85.6751	153.809	85.3069	153.809	85.4368	153.809	85.3096
159.668	87.9893	159.668	87.9426	159.668	87.9768	159.668	87.8373	159.668	87.9113	159.668	87.6806	159.668	87.8062	159.668	87.4848	159.668	87.6795	159.668	87.2656	159.668	87.5503	159.668	87.0395	159.668	87.4329	159.668	86.821	159.668	87.3318	159.668	86.6189	159.668	87.2391	159.668	86.4342	159.668	87.1365	159.668	86.2599	159.668	87.0021	159.668	86.0847	159.668	86.8169	159.668	85.8985	159.668	86.5722	159.668	85.6985	159.668	86.2736	159.668	85.4919	159.668	85.9426	159.668	85.2962	159.668	85.6147	159.668	85.1362	159.668	85.3315	159.668	85.0399	159.668	85.1303	159.668	85.0326
164.795	88.3217	164.795	88.2775	164.795	88.2902	164.795	88.1572	164.795	88.1894	164.795	87.9654	164.795	88.0329	164.795	87.7105	164.795	87.84	164.795	87.4032	164.795	87.6336	164.795	87.0555	164.795	87.4354	164.795	86.6807	164.795	87.2595	164.795	86.2945	164.795	87.1073	164.795	85.9145	164.795	86.9665	164.795	85.558	164.795	86.8155	164.795	85.2384	164.795	86.6311	164.795	84.9627	164.795	86.3971	164.795	84.7342	164.795	86.1103	164.795	84.5577	164.795	85.7821	164.795	84.4438	164.795	85.4366	164.795	84.406	164.795	85.1043	164.795	84.455	164.795	84.8153	164.795	84.5936
170.654	88.5287	170.654	88.5121	170.654	88.4872	170.654	88.4365	170.654	88.394	170.654	88.3062	170.654	88.2607	170.654	88.1277	170.654	88.1014	170.654	87.9072	170.654	87.9298	170.654	87.6464	170.654	87.7546	170.654	87.3418	170.654	87.5758	170.654	86.9857	170.654	87.384	170.654	86.5716	170.654	87.1628	170.654	86.0999	170.654	86.8937	170.654	85.5845	170.654	86.5624	170.654	85.0557	170.654	86.166	170.654	84.5585	170.654	85.7166	170.654	84.1436	170.654	85.2429	170.654	83.853	170.654	84.784	170.654	83.7076	170.654	84.3787	170.654	83.7041	170.654	84.0542	170.654	83.8253
176.514	87.9707	176.514	87.9874	176.514	87.8906	176.514	87.9401	176.514	87.7573	176.514	87.8358	176.514	87.5902	176.514	87.6863	176.514	87.4153	176.514	87.5043	176.514	87.2597	176.514	87.2984	176.514	87.1416	176.514	87.0693	176.514	87.0629	176.514	86.8084	176.514	87.0059	176.514	86.501	176.514	86.9383	176.514	86.1324	176.514	86.8234	176.514	85.6979	176.514	86.6299	176.514	85.2105	176.514	86.3403	176.514	84.7066	176.514	85.9552	176.514	84.2437	176.514	85.4955	176.514	83.8868	176.514	85.001	176.514	83.6876	176.514	84.523	176.514	83.667	176.514	84.1138	176.514	83.8172
183.105	88.2195	183.105	88.184	183.105	88.1499	183.105	88.0478	183.105	87.9813	183.105	87.8247	183.105	87.7298	183.105	87.5372	183.105	87.4213	183.105	87.2136	183.105	87.0885	183.105	86.8827	183.105	86.7634	183.105	86.5648	183.105	86.4684	183.105	86.2629	183.105	86.2068	183.105	85.9607	183.105	85.963	183.105	85.6282	183.105	85.7105	183.105	85.2358	183.105	85.4252	183.105	84.7702	183.105	85.0957	183.105	84.2477	183.105	84.7273	183.105	83.7208	183.105	84.3374	183.105	83.2714	183.105	83.9474	183.105	82.9827	183.105	83.5772	183.105	82.8991	183.105	83.2507	183.105	83.0061
189.697	88.3729	189.697	88.403	189.697	88.2528	189.697	88.3425	189.697	88.0481	189.697	88.1952	189.697	87.7715	189.697	87.968	189.697	87.4435	189.697	87.6714	189.697	87.0911	189.697	87.3205	189.697	86.7437	189.697	86.9351	189.697	86.4243	189.697	86.5372	189.697	86.1402	189.697	86.1453	189.697	85.8785	189.697	85.7668	189.697	85.6105	189.697	85.3947	189.697	85.3053	189.697	85.0133	189.697	84.9445	189.697	84.6121	189.697	84.5351	189.697	84.1998	189.697	84.1118	189.697	83.8093	189.697	83.7271	189.697	83.4879	189.697	83.4299	189.697	83.2771	189.697	83.2495	189.697	83.197
196.289	88.0607	196.289	88.0654	196.289	87.9732	196.289	87.991	196.289	87.8051	196.289	87.8457	196.289	87.5666	196.289	87.6385	196.289	87.2753	196.289	87.377	196.289	86.9537	196.289	87.0656	196.289	86.6239	196.289	86.7056	196.289	86.2997	196.289	86.2983	196.289	85.9819	196.289	85.8473	196.289	85.6583	196.289	85.3617	196.289	85.3105	196.289	84.856	196.289	84.9252	196.289	84.3502	196.289	84.5037	196.289	83.8696	196.289	84.0663	196.289	83.4458	196.289	83.6502	196.289	83.1118	196.289	83.296	196.289	82.891	196.289	83.0316	196.289	82.7855	196.289	82.8622	196.289	82.7804
202.881	88.0034	202.881	87.9555	202.881	87.9528	202.881	87.8253	202.881	87.7985	202.881	87.6356	202.881	87.5479	202.881	87.4095	202.881	87.2217	202.881	87.1623	202.881	86.8512	202.881	86.8959	202.881	86.4734	202.881	86.5995	202.881	86.1195	202.881	86.2576	202.881	85.8039	202.881	85.8606	202.881	85.5178	202.881	85.4118	202.881	85.2356	202.881	84.9284	202.881	84.9304	202.881	84.4352	202.881	84.5903	202.881	83.96	202.881	84.2261	202.881	83.5334	202.881	83.8664	202.881	83.1918	202.881	83.5421	202.881	82.9702	202.881	83.2717	202.881	82.8854	202.881	83.0625	202.881	82.9256
210.205	88.3752	210.205	88.3401	210.205	88.2942	210.205	88.1906	210.205	88.1034	210.205	87.9372	210.205	87.8178	210.205	87.5991	210.205	87.461	210.205	87.2035	210.205	87.064	210.205	86.7807	210.205	86.6588	210.205	86.3537	210.205	86.2683	210.205	85.927	210.205	85.8962	210.205	85.4827	210.205	85.5233	210.205	84.989	210.205	85.1155	210.205	84.4205	210.205	84.6401	210.205	83.7803	210.205	84.0837	210.205	83.1141	210.205	83.4683	210.205	82.5058	210.205	82.8578	210.205	82.0445	210.205	82.3405	210.205	81.7754	210.205	81.9816	210.205	81.6752	210.205	81.7794	210.205	81.6863
217.529	88.7163	217.529	88.6631	217.529	88.6692	217.529	88.5205	217.529	88.5172	217.529	88.3022	217.529	88.2642	217.529	88.022	217.529	87.9237	217.529	87.6906	217.529	87.5176	217.529	87.3149	217.529	87.0727	217.529	86.8998	217.529	86.6134	217.529	86.4498	217.529	86.1529	217.529	85.9713	217.529	85.6869	217.529	85.4708	217.529	85.1964	217.529	84.9514	217.529	84.6609	217.529	84.4118	217.529	84.0776	217.529	83.8528	217.529	83.4761	217.529	83.2909	217.529	82.916	217.529	82.7679	217.529	82.4612	217.529	82.3424	217.529	82.1474	217.529	82.0631	217.529	81.9768	217.529	81.9452
225.586	88.4143	225.586	88.3151	225.586	88.4032	225.586	88.1217	225.586	88.2739	225.586	87.8544	225.586	88.0291	225.586	87.5328	225.586	87.683	225.586	87.1712	225.586	87.2612	225.586	86.7768	225.586	86.7981	225.586	86.3539	225.586	86.3297	225.586	85.9117	225.586	85.8835	225.586	85.4717	225.586	85.4702	225.586	85.0634	225.586	85.0825	225.586	84.708	225.586	84.7054	225.586	84.4016	225.586	84.3322	225.586	84.1195	225.586	83.9746	225.586	83.8426	225.586	83.6594	225.586	83.5791	225.586	83.4136	225.586	83.3604	225.586	83.2496	225.586	83.2153	225.586	83.1643	225.586	83.1519
232.91	88.4491	232.91	88.3652	232.91	88.421	232.91	88.1808	232.91	88.2838	232.91	87.9216	232.91	88.0501	232.91	87.6213	232.91	87.7371	232.91	87.3061	232.91	87.3616	232.91	86.9791	232.91	86.937	232.91	86.6156	232.91	86.4712	232.91	86.177	232.91	85.9666	232.91	85.6369	232.91	85.4209	232.91	85.0055	232.91	84.8305	232.91	84.3401	232.91	84.2011	232.91	83.7302	232.91	83.5646	232.91	83.2538	232.91	82.9961	232.91	82.9385	232.91	82.5969	232.91	82.7629	232.91	82.4265	232.91	82.6831	232.91	82.4418	232.91	82.6485	232.91	82.5319	232.91	82.6082
241.699	88.1685	241.699	88.1189	241.699	88.0996	241.699	87.9589	241.699	87.9227	241.699	87.7152	241.699	87.6665	241.699	87.427	241.699	87.3736	241.699	87.1298	241.699	87.0913	241.699	86.8324	241.699	86.8527	241.699	86.504	241.699	86.6591	241.699	86.0876	241.699	86.475	241.699	85.5342	241.699	86.2415	241.699	84.836	241.699	85.8992	241.699	84.0429	241.699	85.4087	241.699	83.2541	241.699	84.7654	241.699	82.5805	241.699	84.0119	241.699	82.095	241.699	83.2421	241.699	81.8068	241.699	82.5794	241.699	81.6777	241.699	82.113	241.699	81.6566	241.699	81.8439	241.699	81.7097
249.756	88.3543	249.756	88.2917	249.756	88.257	249.756	88.0688	249.756	88.007	249.756	87.6942	249.756	87.6212	249.756	87.1938	249.756	87.1305	249.756	86.6239	249.756	86.5828	249.756	86.0749	249.756	86.041	249.756	85.6396	249.756	85.57	249.756	85.347	249.756	85.2121	249.756	85.1275	249.756	84.9654	249.756	84.8631	249.756	84.7851	249.756	84.4703	249.756	84.6103	249.756	83.9497	249.756	84.3959	249.756	83.3898	249.756	84.1321	249.756	82.9308	249.756	83.8451	249.756	82.686	249.756	83.5778	249.756	82.6696	249.756	83.356	249.756	82.8022	249.756	83.1688	249.756	82.9859
258.545	88.5942	258.545	88.5473	258.545	88.5272	258.545	88.3878	258.545	88.3517	258.545	88.1229	258.545	88.0788	258.545	87.7654	258.545	87.7226	258.545	87.3329	258.545	87.2968	258.545	86.8441	258.545	86.8104	258.545	86.3097	258.545	86.2653	258.545	85.7232	258.545	85.6588	258.545	85.0626	258.545	84.9909	258.545	84.3142	258.545	84.2771	258.545	83.5096	258.545	83.5716	258.545	82.7525	258.545	82.992	258.545	82.207	258.545	82.7032	258.545	82.0237	258.545	82.7976	258.545	82.2336	258.545	83.163	258.545	82.7098	258.545	83.547	258.545	83.2386	258.545	83.7319	258.545	83.621
268.066	87.8491	268.066	87.8073	268.066	87.7613	268.066	87.6579	268.066	87.547	268.066	87.4404	268.066	87.235	268.066	87.1913	268.066	86.875	268.066	86.9209	268.066	86.5262	268.066	86.6073	268.066	86.2317	268.066	86.2195	268.066	85.9904	268.066	85.7496	268.066	85.7484	268.066	85.2204	268.066	85.4203	268.066	84.6566	268.066	84.9233	268.066	84.0502	268.066	84.2026	268.066	83.3664	268.066	83.2518	268.066	82.5959	268.066	82.1472	268.066	81.8039	268.066	81.0958	268.066	81.1286	268.066	80.4003	268.066	80.699	268.066	80.1998	268.066	80.5116	268.066	80.2958	268.066	80.4205
277.588	87.7585	277.588	87.6686	277.588	87.7039	277.588	87.4404	277.588	87.5129	277.588	87.1028	277.588	87.2044	277.588	86.7146	277.588	86.8089	277.588	86.3528	277.588	86.3692	277.588	86.0663	277.588	85.9337	277.588	85.8242	277.588	85.5405	277.588	85.5208	277.588	85.1946	277.588	85.0433	277.588	84.8587	277.588	84.3415	277.588	84.4679	277.588	83.4647	277.588	83.967	277.588	82.5653	277.588	83.3578	277.588	81.8679	277.588	82.7476	277.588	81.5849	277.588	82.3513	277.588	81.777	277.588	82.344	277.588	82.2705	277.588	82.6426	277.588	82.767	277.588	82.9544	277.588	83.025
287.109	87.5721	287.109	87.4575	287.109	87.5195	287.109	87.1887	287.109	87.3139	287.109	86.8083	287.109	86.9952	287.109	86.391	287.109	86.6248	287.109	86.0349	287.109	86.2744	287.109	85.8192	287.109	86.0021	287.109	85.7396	287.109	85.8228	287.109	85.6894	287.109	85.6932	287.109	85.5225	287.109	85.5261	287.109	85.1379	287.109	85.2238	287.109	84.5237	287.109	84.7109	287.109	83.7605	287.109	83.965	287.109	82.9941	287.109	83.061	287.109	82.389	287.109	82.2237	287.109	82.0671	287.109	81.767	287.109	82.0347	287.109	81.7912	287.109	82.1451	287.109	82.0344	287.109	82.1847
297.363	87.408	297.363	87.3734	297.363	87.1856	297.363	87.0585	297.363	86.7506	297.363	86.4629	297.363	86.1769	297.363	85.6182	297.363	85.5802	297.363	84.6199	297.363	85.1137	297.363	83.6966	297.363	84.9076	297.363	83.2188	297.363	84.9772	297.363	83.3869	297.363	85.2052	297.363	83.9125	297.363	85.4203	297.363	84.3329	297.363	85.474	297.363	84.3769	297.363	85.2719	297.363	83.9982	297.363	84.7899	297.363	83.3561	297.363	84.1086	297.363	82.846	297.363	83.4549	297.363	82.8883	297.363	83.1474	297.363	83.3988	297.363	83.3202	297.363	83.8824	297.363	83.7322	297.363	83.9998
307.617	88.2917	307.617	88.0144	307.617	88.3254	307.617	87.5472	307.617	88.0751	307.617	86.95	307.617	87.5251	307.617	86.2825	307.617	86.6988	307.617	85.5896	307.617	85.6813	307.617	84.8743	307.617	84.6438	307.617	84.0884	307.617	83.8184	307.617	83.1902	307.617	83.3523	307.617	82.2553	307.617	83.1555	307.617	81.5121	307.617	82.977	307.617	81.1022	307.617	82.5995	307.617	80.8207	307.617	81.9487	307.617	80.3534	307.617	81.1595	307.617	79.6812	307.617	80.6088	307.617	79.2366	307.617	80.6237	307.617	79.5043	307.617	80.9939	307.617	80.2781	307.617	81.2081	307.617	80.9632
318.604	89.0752	318.604	88.9029	318.604	88.9748	318.604	88.4731	318.604	88.6076	318.604	87.8255	318.604	87.9957	318.604	87.0209	318.604	87.1784	318.604	86.129	318.604	86.2251	318.604	85.2192	318.604	85.2621	318.604	84.3642	318.604	84.4841	318.604	83.6456	318.604	84.0737	318.604	83.1269	318.604	84.025	318.604	82.8012	318.604	84.1018	318.604	82.5719	318.604	84.0064	318.604	82.2859	318.604	83.5285	318.604	81.7936	318.604	82.6174	318.604	81.0631	318.604	81.5079	318.604	80.3723	318.604	80.8172	318.604	80.2575	318.604	80.9218	318.604	80.7614	318.604	81.2806	318.604	81.2566
329.59	90.8239	329.59	90.6493	329.59	90.729	329.59	90.2113	329.59	90.3748	329.59	89.5416	329.59	89.7777	329.59	88.7027	329.59	88.9557	329.59	87.7794	329.59	87.9344	329.59	86.8509	329.59	86.7669	329.59	85.9555	329.59	85.5691	329.59	85.0878	329.59	84.5356	329.59	84.2347	329.59	83.8566	329.59	83.3959	329.59	83.531	329.59	82.5591	329.59	83.3139	329.59	81.6819	329.59	82.8802	329.59	80.7337	329.59	81.9765	329.59	79.753	329.59	80.5413	329.59	78.8853	329.59	78.9911	329.59	78.3949	329.59	78.2758	329.59	78.413	329.59	78.4492	329.59	78.58
341.309	89.7692	341.309	89.7322	341.309	89.6328	341.309	89.4827	341.309	89.3552	341.309	88.9971	341.309	88.9584	341.309	88.3018	341.309	88.4634	341.309	87.4965	341.309	87.9002	341.309	86.723	341.309	87.3061	341.309	86.0554	341.309	86.7145	341.309	85.4217	341.309	86.1435	341.309	84.6958	341.309	85.5866	341.309	83.869	341.309	85.0045	341.309	83.1106	341.309	84.3198	341.309	82.6022	341.309	83.4566	341.309	82.3092	341.309	82.4681	341.309	82.0852	341.309	81.7063	341.309	81.9232	341.309	81.6121	341.309	81.945	341.309	82.0312	341.309	82.1747	341.309	82.3951	341.309	82.4142
353.76	90.0782	353.76	89.9075	353.76	89.9559	353.76	89.4505	353.76	89.5554	353.76	88.7475	353.76	88.9151	353.76	87.8871	353.76	88.1113	353.76	86.9982	353.76	87.2714	353.76	86.2032	353.76	86.5535	353.76	85.5676	353.76	86.0657	353.76	85.091	353.76	85.777	353.76	84.7051	353.76	85.5362	353.76	84.2626	353.76	85.1723	353.76	83.5868	353.76	84.5516	353.76	82.5686	353.76	83.5548	353.76	81.2338	353.76	82.0565	353.76	79.806	353.76	80.1131	353.76	78.8774	353.76	78.6988	353.76	79.148	353.76	79.197	353.76	80.1637	353.76	80.3821	353.76	80.772
366.211	89.6305	366.211	89.4678	366.211	89.5493	366.211	89.0537	366.211	89.2034	366.211	88.3505	366.211	88.5606	366.211	87.3159	366.211	87.5981	366.211	85.9696	366.211	86.3369	366.211	84.499	366.211	84.9131	366.211	83.2974	366.211	83.6836	366.211	82.6546	366.211	83.1329	366.211	82.4152	366.211	83.3449	366.211	82.2996	366.211	83.8573	366.211	82.2388	366.211	84.1907	366.211	82.2408	366.211	84.0739	366.211	82.2095	366.211	83.3733	366.211	82.0095	366.211	82.0712	366.211	81.6338	366.211	80.4369	366.211	81.2118	366.211	79.3258	366.211	80.7808	366.211	79.4563	366.211	80.1832
378.662	89.7795	378.662	89.5552	378.662	89.7017	378.662	89.0652	378.662	89.3296	378.662	88.387	378.662	88.6981	378.662	87.6037	378.662	87.8514	378.662	86.7523	378.662	86.8361	378.662	85.8108	378.662	85.7102	378.662	84.752	378.662	84.5631	378.662	83.6168	378.662	83.5286	378.662	82.533	378.662	82.7583	378.662	81.6434	378.662	82.3305	378.662	81.0023	378.662	82.1578	378.662	80.5498	378.662	82.0199	378.662	80.2017	378.662	81.7163	378.662	79.9969	378.662	81.2268	378.662	80.0991	378.662	80.798	378.662	80.5151	378.662	80.7446	378.662	80.9626	378.662	80.9911	378.662	81.144
392.578	89.1443	392.578	89.0479	392.578	89.0174	392.578	88.7148	392.578	88.6742	392.578	88.1472	392.578	88.1135	392.578	87.3952	392.578	87.3386	392.578	86.5632	392.578	86.3798	392.578	85.74	392.578	85.3215	392.578	84.8985	392.578	84.3162	392.578	83.934	392.578	83.5304	392.578	82.8603	392.578	83.0023	392.578	81.9371	392.578	82.5751	392.578	81.4211	392.578	82.023	392.578	81.128	392.578	81.1863	392.578	80.5992	392.578	79.9948	392.578	79.5646	392.578	78.5107	392.578	78.198	392.578	77.1957	392.578	77.261	392.578	76.8645	392.578	77.2835	392.578	77.316	392.578	77.5418
405.762	88.7255	405.762	88.6937	405.762	88.5478	405.762	88.4156	405.762	88.1802	405.762	87.8434	405.762	87.6364	405.762	86.9656	405.762	86.9283	405.762	85.8885	405.762	86.0669	405.762	84.8683	405.762	85.0773	405.762	84.1251	405.762	84.0374	405.762	83.5661	405.762	83.1092	405.762	82.897	405.762	82.4885	405.762	81.9709	405.762	82.2489	405.762	80.9641	405.762	82.2554	405.762	80.2719	405.762	82.2559	405.762	80.0209	405.762	82.0143	405.762	79.8924	405.762	81.4623	405.762	79.7034	405.762	80.8887	405.762	79.712	405.762	80.7378	405.762	80.1428	405.762	80.8441	405.762	80.6681
420.41	89.9397	420.41	89.6477	420.41	89.824	420.41	88.9338	420.41	89.3319	420.41	87.8423	420.41	88.486	420.41	86.4989	420.41	87.3067	420.41	85.0693	420.41	85.853	420.41	83.6595	420.41	84.3017	420.41	82.3034	420.41	83.0402	420.41	81.1082	420.41	82.5147	420.41	80.3007	420.41	82.6779	420.41	79.9718	420.41	82.9607	420.41	79.9483	420.41	82.8436	420.41	80.0102	420.41	82.0828	420.41	80.0405	420.41	80.8315	420.41	80.1339	420.41	80.0914	420.41	80.6395	420.41	80.9263	420.41	81.6712	420.41	82.3655	420.41	82.7553	420.41	83.2709	420.41	83.375
435.059	88.9092	435.059	88.7574	435.059	88.7958	435.059	88.315	435.059	88.4107	435.059	87.5526	435.059	87.7263	435.059	86.4954	435.059	86.7188	435.059	85.2715	435.059	85.3916	435.059	84.102	435.059	83.8175	435.059	83.1864	435.059	82.2466	435.059	82.5546	435.059	81.2076	435.059	82.0384	435.059	81.1479	435.059	81.3702	435.059	81.7862	435.059	80.3489	435.059	82.4342	435.059	79.0337	435.059	82.517	435.059	77.7572	435.059	81.5254	435.059	76.6593	435.059	78.8734	435.059	75.8259	435.059	75.0617	435.059	76.433	435.059	76.4533	435.059	78.4934	435.059	79.3131	435.059	79.8667
450.439	88.4981	450.439	88.2208	450.439	88.6099	450.439	87.7949	450.439	88.5219	450.439	87.1677	450.439	88.2073	450.439	86.2098	450.439	87.642	450.439	84.8237	450.439	86.8035	450.439	83.1923	450.439	85.6936	450.439	81.9868	450.439	84.3848	450.439	81.6336	450.439	83.0662	450.439	81.5165	450.439	81.9904	450.439	81.0717	450.439	81.244	450.439	80.4092	450.439	80.6485	450.439	79.8564	450.439	80.0647	450.439	79.4292	450.439	79.6161	450.439	78.999	450.439	79.2859	450.439	78.5653	450.439	78.6376	450.439	78.2241	450.439	77.6684	450.439	78.049	450.439	77.3579	450.439	77.7762
466.553	88.8649	466.553	88.5404	466.553	88.7984	466.553	87.8659	466.553	88.3656	466.553	86.9462	466.553	87.6266	466.553	85.8913	466.553	86.6348	466.553	84.7435	466.553	85.4041	466.553	83.5227	466.553	83.9132	466.553	82.4263	466.553	82.1862	466.553	81.8353	466.553	80.5159	466.553	81.7559	466.553	79.6425	466.553	81.6476	466.553	79.9434	466.553	81.0564	466.553	80.6938	466.553	79.9251	466.553	81.0895	466.553	78.5549	466.553	80.6843	466.553	77.4866	466.553	79.3217	466.553	77.3521	466.553	77.8222	466.553	78.3655	466.553	78.2637	466.553	79.6895	466.553	79.73	466.553	80.303
482.666	88.9036	482.666	88.8541	482.666	88.7521	482.666	88.5708	482.666	88.3769	482.666	87.9341	482.666	87.7624	482.666	86.7819	482.666	86.9238	482.666	85.0144	482.666	85.8794	482.666	82.8131	482.666	84.603	482.666	81.0011	482.666	82.9971	482.666	80.4562	482.666	80.944	482.666	80.6531	482.666	78.6052	482.666	80.8273	482.666	77.2145	482.666	80.8656	482.666	77.9884	482.666	80.834	482.666	79.4044	482.666	80.6729	482.666	80.0697	482.666	80.2746	482.666	79.5891	482.666	79.7711	482.666	78.1639	482.666	79.7084	482.666	77.503	482.666	80.1307	482.666	78.861	482.666	80.0589
500.244	89.0165	500.244	88.8258	500.244	88.8838	500.244	88.3176	500.244	88.4858	500.244	87.5901	500.244	87.8854	500.244	86.7376	500.244	87.1293	500.244	85.6742	500.244	86.258	500.244	84.1222	500.244	85.2982	500.244	81.8514	500.244	84.2438	500.244	79.1672	500.244	83.0582	500.244	77.5889	500.244	81.7028	500.244	78.0217	500.244	80.1916	500.244	79.0531	500.244	78.7029	500.244	79.6006	500.244	77.6068	500.244	79.0882	500.244	76.9859	500.244	77.0529	500.244	76.4258	500.244	73.959	500.244	76.1953	500.244	74.35	500.244	77.2705	500.244	77.2867	500.244	78.6472	500.244	78.825
517.822	87.9797	517.822	87.994	517.822	87.8212	517.822	87.8159	517.822	87.4534	517.822	87.3148	517.822	86.7911	517.822	86.3803	517.822	85.8296	517.822	84.9969	517.822	84.6641	517.822	83.2846	517.822	83.4521	517.822	81.4639	517.822	82.3615	517.822	79.6552	517.822	81.5358	517.822	77.7543	517.822	81.0701	517.822	76.1128	517.822	80.9263	517.822	76.3277	517.822	80.8237	517.822	78.0716	517.822	80.3311	517.822	79.4462	517.822	79.1019	517.822	79.9946	517.822	76.9927	517.822	79.9595	517.822	74.3024	517.822	79.727	517.822	73.7733	517.822	79.4863	517.822	76.5806	517.822	78.7048
536.133	88.2941	536.133	88.1047	536.133	88.2128	536.133	87.7993	536.133	87.7744	536.133	87.4288	536.133	87.0089	536.133	86.8672	536.133	85.9932	536.133	85.9703	536.133	84.7752	536.133	84.738	536.133	83.3912	536.133	83.2816	536.133	81.9913	536.133	81.6428	536.133	80.9592	536.133	79.6947	536.133	80.6221	536.133	77.2572	536.133	80.7214	536.133	74.7194	536.133	80.8588	536.133	74.4044	536.133	80.988	536.133	76.0411	536.133	80.8483	536.133	76.4914	536.133	79.7474	536.133	75.0246	536.133	77.7327	536.133	74.9459	536.133	77.2459	536.133	77.542	536.133	78.498	536.133	78.8718
554.443	87.85	554.443	87.5454	554.443	87.7279	554.443	86.8353	554.443	87.3141	554.443	86.0892	554.443	86.6874	554.443	85.7187	554.443	85.8042	554.443	85.472	554.443	84.578	554.443	84.7684	554.443	82.9713	554.443	83.4994	554.443	81.0206	554.443	82.2489	554.443	78.9122	554.443	81.5202	554.443	77.439	554.443	80.8203	554.443	77.8275	554.443	79.5917	554.443	79.324	554.443	77.9576	554.443	80.5213	554.443	76.603	554.443	80.9645	554.443	76.0297	554.443	80.298	554.443	75.9409	554.443	77.9413	554.443	75.997	554.443	74.6975	554.443	76.3853	554.443	75.17	554.443	76.4759
574.219	88.3413	574.219	88.1856	574.219	88.2317	574.219	87.6759	574.219	87.8717	574.219	86.7275	574.219	87.2541	574.219	85.4304	574.219	86.4009	574.219	84.114	574.219	85.3445	574.219	83.0239	574.219	84.1004	574.219	81.9444	574.219	82.683	574.219	80.6555	574.219	81.1394	574.219	79.5083	574.219	79.5903	574.219	78.8535	574.219	78.3541	574.219	78.2891	574.219	77.8266	574.219	77.6283	574.219	77.7343	574.219	77.199	574.219	77.4231	574.219	76.6513	574.219	77.1472	574.219	75.3771	574.219	77.8721	574.219	74.9172	574.219	79.1176	574.219	77.1246	574.219	79.7228	574.219	79.1251
594.727	87.2374	594.727	87.302	594.727	86.9405	594.727	87.0945	594.727	86.4883	594.727	86.5894	594.727	85.9936	594.727	85.7848	594.727	85.5119	594.727	84.6941	594.727	84.9432	594.727	83.2948	594.727	84.0508	594.727	81.6632	594.727	82.5457	594.727	80.3741	594.727	80.1606	594.727	79.901	594.727	77.1721	594.727	79.5085	594.727	76.4473	594.727	78.6383	594.727	78.402	594.727	77.9776	594.727	79.4836	594.727	78.1332	594.727	79.1168	594.727	78.1553	594.727	77.9196	594.727	77.328	594.727	76.3702	594.727	76.2118	594.727	75.5052	594.727	76.5167	594.727	76.6601	594.727	77.3238
615.234	88.4782	615.234	88.3562	615.234	88.2782	615.234	87.9419	615.234	87.7813	615.234	87.3077	615.234	87.0461	615.234	86.444	615.234	86.1832	615.234	85.1967	615.234	85.3255	615.234	83.4681	615.234	84.5018	615.234	81.5231	615.234	83.5979	615.234	79.8816	615.234	82.4615	615.234	78.6065	615.234	80.8896	615.234	77.5122	615.234	78.502	615.234	76.9962	615.234	75.5235	615.234	77.5939	615.234	75.6829	615.234	78.7825	615.234	77.7821	615.234	79.1946	615.234	77.5851	615.234	77.9383	615.234	74.6057	615.234	76.1643	615.234	74.8134	615.234	77.2427	615.234	78.0745	615.234	78.7525
637.207	89.046	637.207	88.9036	637.207	88.9476	637.207	88.5208	637.207	88.591	637.207	87.8502	637.207	87.9518	637.207	86.8049	637.207	87.0052	637.207	85.349	637.207	85.7681	637.207	83.5732	637.207	84.3897	637.207	81.6814	637.207	83.1675	637.207	80.0754	637.207	82.1539	637.207	79.346	637.207	80.7212	637.207	79.3212	637.207	77.9394	637.207	79.2221	637.207	74.5449	637.207	78.9577	637.207	75.998	637.207	78.7686	637.207	78.1581	637.207	78.0199	637.207	78.1098	637.207	76.0256	637.207	75.7798	637.207	73.8159	637.207	71.8154	637.207	74.1034	637.207	72.6935	637.207	74.6399
659.912	89.6018	659.912	89.3807	659.912	89.4833	659.912	88.8346	659.912	88.9713	659.912	88.0204	659.912	88.0515	659.912	87.1265	659.912	86.8639	659.912	86.2884	659.912	85.7024	659.912	85.2278	659.912	84.8215	659.912	83.5166	659.912	84.0871	659.912	81.319	659.912	83.1004	659.912	79.617	659.912	81.8263	659.912	78.7111	659.912	80.7084	659.912	77.8078	659.912	79.5116	659.912	77.3757	659.912	77.651	659.912	78.6377	659.912	77.4886	659.912	79.9058	659.912	78.6839	659.912	79.7429	659.912	77.896	659.912	79.2835	659.912	78.2131	659.912	80.7477	659.912	81.2211	659.912	82.1465
683.35	89.3325	683.35	89.3128	683.35	89.0384	683.35	89.0285	683.35	88.3952	683.35	88.4427	683.35	87.4636	683.35	87.48	683.35	86.3843	683.35	86.1835	683.35	85.2794	683.35	84.7116	683.35	84.1259	683.35	83.068	683.35	82.9316	683.35	81.2531	683.35	82.1135	683.35	80.1019	683.35	81.7671	683.35	80.0382	683.35	80.9505	683.35	79.5655	683.35	79.1771	683.35	78.2648	683.35	77.9422	683.35	78.1646	683.35	78.361	683.35	78.955	683.35	78.4528	683.35	78.6802	683.35	76.9278	683.35	77.9626	683.35	74.0251	683.35	78.2438	683.35	75.3722	683.35	77.9556
706.787	89.9644	706.787	89.7508	706.787	90.0017	706.787	89.4521	706.787	89.6986	706.787	88.9768	706.787	88.9999	706.787	88.1248	706.787	87.9756	706.787	86.8084	706.787	86.6531	706.787	85.0487	706.787	84.8911	706.787	82.6081	706.787	82.6313	706.787	79.395	706.787	80.8471	706.787	77.4643	706.787	80.8797	706.787	78.1941	706.787	81.258	706.787	78.9321	706.787	80.8576	706.787	79.0171	706.787	80.294	706.787	79.371	706.787	79.8328	706.787	79.7329	706.787	78.5839	706.787	77.973	706.787	75.6835	706.787	74.0735	706.787	74.9854	706.787	77.7898	706.787	79.4832	706.787	80.7152
731.689	89.983	731.689	89.9599	731.689	90.1262	731.689	89.966	731.689	90.1519	731.689	89.5698	731.689	89.8684	731.689	88.5395	731.689	89.2015	731.689	87.2185	731.689	88.1898	731.689	86.1648	731.689	86.9622	731.689	85.2446	731.689	85.4401	731.689	83.7973	731.689	83.3207	731.689	81.407	731.689	80.807	731.689	78.037	731.689	79.0131	731.689	75.3349	731.689	78.237	731.689	77.6931	731.689	78.8517	731.689	80.3748	731.689	80.1876	731.689	80.5981	731.689	80.4608	731.689	78.3776	731.689	79.4178	731.689	74.2907	731.689	77.7844	731.689	76.0494	731.689	78.2677	731.689	78.8673
758.057	89.8491	758.057	89.8738	758.057	89.5437	758.057	89.6279	758.057	89.1439	758.057	89.2429	758.057	88.7931	758.057	88.7591	758.057	88.3796	758.057	88.0064	758.057	87.7395	758.057	86.8095	758.057	86.7978	758.057	85.3432	758.057	85.4266	758.057	84.0561	758.057	83.54	758.057	82.8128	758.057	81.7025	758.057	80.8413	758.057	80.5416	758.057	77.9523	758.057	78.4464	758.057	74.9549	758.057	76.0563	758.057	73.8181	758.057	79.4125	758.057	77.4339	758.057	81.3003	758.057	79.6237	758.057	79.9128	758.057	79.0029	758.057	75.5813	758.057	78.3462	758.057	76.0924	758.057	78.7557
784.424	90.2024	784.424	90.0762	784.424	90.3065	784.424	89.9196	784.424	90.3583	784.424	89.6157	784.424	90.1384	784.424	88.9208	784.424	89.3144	784.424	87.8996	784.424	87.8827	784.424	86.9714	784.424	86.4483	784.424	85.8806	784.424	85.5212	784.424	83.7244	784.424	84.4543	784.424	81.281	784.424	82.4525	784.424	81.6589	784.424	80.5691	784.424	81.6814	784.424	80.0247	784.424	78.6802	784.424	78.3736	784.424	76.6062	784.424	77.2234	784.424	78.8075	784.424	79.3671	784.424	79.3142	784.424	79.5737	784.424	77.1126	784.424	77.6228	784.424	77.1909	784.424	78.6522	784.424	79.7495
812.256	89.6371	812.256	89.5028	812.256	89.6791	812.256	89.4746	812.256	89.5918	812.256	89.4744	812.256	89.4002	812.256	88.9981	812.256	88.9357	812.256	87.7582	812.256	88.0381	812.256	86.2484	812.256	86.7598	812.256	85.1497	812.256	85.2373	812.256	83.9799	812.256	83.7474	812.256	82.4537	812.256	82.8223	812.256	81.9074	812.256	82.241	812.256	82.1116	812.256	80.7266	812.256	80.5225	812.256	77.6557	812.256	76.2245	812.256	76.8619	812.256	76.9373	812.256	79.292	812.256	78.7802	812.256	79.2245	812.256	77.4394	812.256	74.6597	812.256	75.7273	812.256	72.7444	812.256	75.9027
840.82	89.1366	840.82	89.3915	840.82	89.2801	840.82	89.8087	840.82	89.5848	840.82	89.9874	840.82	89.5657	840.82	89.5468	840.82	88.8894	840.82	88.1928	840.82	87.4661	840.82	86.1684	840.82	85.8728	840.82	84.6797	840.82	85.3924	840.82	83.831	840.82	85.2228	840.82	82.2919	840.82	83.5258	840.82	80.3621	840.82	81.0744	840.82	80.1401	840.82	81.5103	840.82	80.1685	840.82	80.3934	840.82	79.1319	840.82	75.1047	840.82	79.4516	840.82	79.1151	840.82	79.8355	840.82	81.119	840.82	76.327	840.82	77.9908	840.82	72.091	840.82	73.3433	840.82	75.6893
870.85	89.419	870.85	89.6413	870.85	89.3828	870.85	89.8037	870.85	89.7701	870.85	89.8356	870.85	90.1984	870.85	89.3736	870.85	89.9527	870.85	87.862	870.85	88.6233	870.85	85.0624	870.85	86.2211	870.85	81.6405	870.85	83.2841	870.85	79.8051	870.85	81.2921	870.85	80.0112	870.85	81.7189	870.85	80.9103	870.85	82.5385	870.85	81.3628	870.85	81.0603	870.85	80.0577	870.85	78.0707	870.85	76.5159	870.85	76.9716	870.85	74.3998	870.85	74.5621	870.85	76.3806	870.85	75.0715	870.85	77.1483	870.85	74.9732	870.85	76.6543	870.85	75.0534	870.85	76.7967
901.611	89.2034	901.611	89.2991	901.611	89.0351	901.611	89.1841	901.611	88.874	901.611	88.9894	901.611	88.7243	901.611	88.8521	901.611	88.5721	901.611	88.2405	901.611	88.1167	901.611	86.4032	901.611	86.8839	901.611	83.5178	901.611	84.8891	901.611	80.8494	901.611	82.9125	901.611	77.5103	901.611	80.7176	901.611	67.9113	901.611	78.6122	901.611	76.2379	901.611	80.0352	901.611	79.8014	901.611	79.7718	901.611	77.3382	901.611	77.39	901.611	75.9403	901.611	78.0309	901.611	78.1435	901.611	77.5289	901.611	75.9473	901.611	73.7299	901.611	68.4835	901.611	69.5312	901.611	70.6048
933.105	88.4527	933.105	88.6868	933.105	88.6251	933.105	89.0822	933.105	88.9574	933.105	89.0514	933.105	89.1076	933.105	88.3093	933.105	88.8045	933.105	87.1365	933.105	87.8499	933.105	85.8309	933.105	86.2564	933.105	83.9006	933.105	84.453	933.105	80.8999	933.105	82.8975	933.105	79.1008	933.105	81.038	933.105	77.6661	933.105	78.9024	933.105	70.4099	933.105	78.9664	933.105	75.0533	933.105	78.4799	933.105	77.3066	933.105	76.6792	933.105	74.3223	933.105	78.3278	933.105	76.9873	933.105	77.9449	933.105	76.5222	933.105	74.3582	933.105	68.1789	933.105	73.1055	933.105	71.4737
966.064	88.8293	966.064	89.1261	966.064	88.571	966.064	89.1139	966.064	88.4855	966.064	88.9275	966.064	88.3966	966.064	88.4697	966.064	88.2835	966.064	86.9977	966.064	87.9229	966.064	84.5741	966.064	86.6462	966.064	82.6491	966.064	84.1165	966.064	81.3477	966.064	81.6497	966.064	80.0466	966.064	80.367	966.064	79.0939	966.064	78.1443	966.064	75.5884	966.064	77.578	966.064	69.3408	966.064	78.9986	966.064	74.6346	966.064	78.8313	966.064	74.2191	966.064	79.3936	966.064	75.2924	966.064	78.6757	966.064	77.5754	966.064	74.7417	966.064	74.5746	966.064	71.5491	966.064	72.2604
999.756	88.9001	999.756	89.0866	999.756	88.7001	999.756	89.0886	999.756	88.6007	999.756	88.5708	999.756	88.6099	999.756	87.6206	999.756	88.2032	999.756	86.3169	999.756	86.9385	999.756	84.2109	999.756	85.087	999.756	81.4288	999.756	83.5197	999.756	78.7656	999.756	82.435	999.756	75.3896	999.756	80.8643	999.756	76.7174	999.756	78.5652	999.756	79.0372	999.756	77.9765	999.756	76.6553	999.756	77.5936	999.756	75.2491	999.756	76.2807	999.756	75.7223	999.756	78.9571	999.756	73.5057	999.756	78.4962	999.756	75.4128	999.756	73.9424	999.756	69.9155	999.756	72.0438	999.756	68.8132
1034.91	88.4506	1034.91	88.6566	1034.91	88.2922	1034.91	88.7763	1034.91	88.2887	1034.91	88.488	1034.91	88.4283	1034.91	87.8309	1034.91	88.2354	1034.91	87.1207	1034.91	87.123	1034.91	85.7807	1034.91	85.1929	1034.91	83.023	1034.91	83.0098	1034.91	80.2524	1034.91	80.6217	1034.91	79.5548	1034.91	79.2007	1034.91	75.1738	1034.91	78.4742	1034.91	69.7023	1034.91	74.445	1034.91	78.0489	1034.91	75.1437	1034.91	78.2576	1034.91	77.0806	1034.91	75.8276	1034.91	76.9098	1034.91	74.0595	1034.91	78.3767	1034.91	69.6727	1034.91	74.8034	1034.91	61.9715	1034.91	56.5359	1034.91	64.8387
1071.53	87.241	1071.53	87.2423	1071.53	87.0483	1071.53	87.1732	1071.53	87.4962	1071.53	87.8466	1071.53	88.0618	1071.53	87.6035	1071.53	88.004	1071.53	86.0361	1071.53	87.0984	1071.53	85.4429	1071.53	85.4379	1071.53	85.1122	1071.53	83.5291	1071.53	82.9109	1071.53	81.3808	1071.53	80.3223	1071.53	78.3155	1071.53	78.5972	1071.53	78.0977	1071.53	69.2578	1071.53	78.0621	1071.53	74.4778	1071.53	76.8469	1071.53	79.6938	1071.53	76.1117	1071.53	79.2853	1071.53	73.698	1071.53	73.4279	1071.53	79.8707	1071.53	72.3722	1071.53	79.3001	1071.53	69.877	1071.53	69.3933	1071.53	58.0352
1109.62	87.9805	1109.62	88.2985	1109.62	88.2143	1109.62	88.6155	1109.62	87.9678	1109.62	87.8403	1109.62	87.3347	1109.62	86.6573	1109.62	86.9766	1109.62	85.5619	1109.62	86.3695	1109.62	84.0253	1109.62	84.4781	1109.62	82.442	1109.62	82.087	1109.62	81.1917	1109.62	81.07	1109.62	80.2572	1109.62	79.4981	1109.62	79.7724	1109.62	75.2195	1109.62	77.4902	1109.62	72.5957	1109.62	68.6736	1109.62	74.4825	1109.62	73.7042	1109.62	75.9429	1109.62	77.7511	1109.62	74.7884	1109.62	77.0168	1109.62	74.7436	1109.62	75.1182	1109.62	74.9927	1109.62	69.6896	1109.62	64.6937	1109.62	47.2506
1148.44	88.9169	1148.44	88.6808	1148.44	88.0074	1148.44	87.715	1148.44	87.4511	1148.44	87.5417	1148.44	87.3987	1148.44	86.7872	1148.44	87.0424	1148.44	84.5984	1148.44	86.3575	1148.44	82.3663	1148.44	84.716	1148.44	80.6568	1148.44	81.5318	1148.44	78.2595	1148.44	78.9585	1148.44	76.3264	1148.44	77.1277	1148.44	75.3229	1148.44	73.7	1148.44	74.2516	1148.44	76.0075	1148.44	72.1697	1148.44	75.7394	1148.44	70.7151	1148.44	76.218	1148.44	76.5963	1148.44	75.6701	1148.44	76.3706	1148.44	71.2069	1148.44	74.905	1148.44	74.1308	1148.44	71.3493	1148.44	67.9089	1148.44	64.71
1189.45	89.475	1189.45	88.8463	1189.45	89.3044	1189.45	87.8883	1189.45	88.1072	1189.45	87.025	1189.45	86.8534	1189.45	86.3175	1189.45	86.2399	1189.45	85.3191	1189.45	85.1042	1189.45	83.7735	1189.45	83.5167	1189.45	81.6757	1189.45	82.4221	1189.45	78.6612	1189.45	80.552	1189.45	76.5756	1189.45	77.2516	1189.45	77.406	1189.45	74.8059	1189.45	75.4261	1189.45	66.7069	1189.45	73.535	1189.45	73.9132	1189.45	75.172	1189.45	79.8995	1189.45	75.1681	1189.45	73.7837	1189.45	75.0006	1189.45	76.6342	1189.45	73.9196	1189.45	79.1582	1189.45	72.1339	1189.45	74.2021	1189.45	69.2301
1231.2	89.1332	1231.2	88.9495	1231.2	89.5121	1231.2	88.525	1231.2	89.1529	1231.2	87.4144	1231.2	87.8239	1231.2	86.8079	1231.2	86.6704	1231.2	86.2632	1231.2	86.3475	1231.2	84.6449	1231.2	85.4171	1231.2	82.7154	1231.2	82.5123	1231.2	80.2413	1231.2	80.5616	1231.2	74.3868	1231.2	79.9953	1231.2	72.2457	1231.2	75.488	1231.2	73.4935	1231.2	72.849	1231.2	71.3122	1231.2	65.9037	1231.2	74.7048	1231.2	75.9685	1231.2	79.0826	1231.2	79.7491	1231.2	76.0475	1231.2	67.0685	1231.2	74.7781	1231.2	77.2238	1231.2	74.0104	1231.2	74.0355	1231.2	67.9163
1274.41	89.9276	1274.41	88.9719	1274.41	89.4225	1274.41	88.2113	1274.41	88.1157	1274.41	86.9984	1274.41	87.6808	1274.41	85.752	1274.41	86.7561	1274.41	85.8677	1274.41	85.6337	1274.41	84.8108	1274.41	85.5866	1274.41	82.4253	1274.41	83.8087	1274.41	81.3688	1274.41	77.8575	1274.41	79.3833	1274.41	76.5169	1274.41	76.1849	1274.41	78.2614	1274.41	73.8209	1274.41	75.2067	1274.41	74.9546	1274.41	77.0524	1274.41	76.9937	1274.41	77.4362	1274.41	75.8619	1274.41	76.6368	1274.41	78.726	1274.41	73.3647	1274.41	76.2242	1274.41	77.5232	1274.41	70.6632	1274.41	74.2803	1274.41	60.3075
1319.82	89.5547	1319.82	88.9343	1319.82	89.1958	1319.82	87.9324	1319.82	88.1741	1319.82	87.1587	1319.82	87.6087	1319.82	87.0052	1319.82	86.6794	1319.82	86.363	1319.82	85.3266	1319.82	84.3029	1319.82	85.0592	1319.82	81.9914	1319.82	84.1697	1319.82	78.9763	1319.82	81.6908	1319.82	77.9302	1319.82	76.0943	1319.82	77.0679	1319.82	77.6743	1319.82	69.0164	1319.82	78.4261	1319.82	76.271	1319.82	68.7554	1319.82	63.9212	1319.82	75.6673	1319.82	78.35	1319.82	77.2107	1319.82	74.4482	1319.82	74.1861	1319.82	74.0667	1319.82	77.0981	1319.82	71.3002	1319.82	71.4772	1319.82	59.3185
1365.97	89.176	1365.97	88.1315	1365.97	88.6637	1365.97	87.4687	1365.97	88.0356	1365.97	87.476	1365.97	87.4841	1365.97	86.8996	1365.97	85.8138	1365.97	86.1867	1365.97	84.915	1365.97	85.0515	1365.97	84.8939	1365.97	83.1719	1365.97	81.7136	1365.97	80.382	1365.97	76.669	1365.97	75.5964	1365.97	77.2447	1365.97	72.9016	1365.97	68.7712	1365.97	73.3588	1365.97	71.4956	1365.97	73.8461	1365.97	73.3615	1365.97	72.8715	1365.97	66.6405	1365.97	73.2868	1365.97	77.1916	1365.97	75.509	1365.97	76.4628	1365.97	76.2595	1365.97	74.6832	1365.97	74.6022	1365.97	70.8864	1365.97	64.8179
1414.31	88.83	1414.31	87.8568	1414.31	88.177	1414.31	86.9746	1414.31	87.3666	1414.31	86.7345	1414.31	86.8777	1414.31	85.7128	1414.31	86.2427	1414.31	85.2882	1414.31	84.8599	1414.31	84.0136	1414.31	82.8914	1414.31	79.0792	1414.31	81.8432	1414.31	73.5798	1414.31	78.7325	1414.31	75.6605	1414.31	76.1368	1414.31	73.948	1414.31	77.7872	1414.31	70.3363	1414.31	72.9263	1414.31	72.3773	1414.31	73.2797	1414.31	71.1444	1414.31	72.3118	1414.31	77.0345	1414.31	76.4504	1414.31	75.5704	1414.31	70.2066	1414.31	71.6811	1414.31	76.1785	1414.31	70.9355	1414.31	63.2634	1414.31	62.9703
1464.11	88.8982	1464.11	88.0997	1464.11	88.8178	1464.11	87.1768	1464.11	86.888	1464.11	85.907	1464.11	85.591	1464.11	84.6276	1464.11	86.0747	1464.11	83.8176	1464.11	85.0789	1464.11	82.0943	1464.11	83.3279	1464.11	81.0814	1464.11	81.2019	1464.11	81.0187	1464.11	80.1102	1464.11	76.1046	1464.11	75.037	1464.11	75.3177	1464.11	72.7802	1464.11	67.9783	1464.11	76.3045	1464.11	72.5517	1464.11	68.6146	1464.11	70.8694	1464.11	70.851	1464.11	70.2567	1464.11	77.5341	1464.11	71.8828	1464.11	73.6186	1464.11	70.8054	1464.11	72.3732	1464.11	71.6841	1464.11	65.2378	1464.11	64.2877
1515.38	88.9656	1515.38	88.0006	1515.38	88.8079	1515.38	86.1814	1515.38	87.4192	1515.38	85.1703	1515.38	86.0541	1515.38	85.6626	1515.38	85.2368	1515.38	84.3667	1515.38	84.5196	1515.38	81.715	1515.38	83.2532	1515.38	79.0129	1515.38	79.6407	1515.38	77.1461	1515.38	74.1545	1515.38	78.0838	1515.38	75.2098	1515.38	73.7403	1515.38	69.3916	1515.38	72.6826	1515.38	74.8082	1515.38	47.3728	1515.38	71.2558	1515.38	73.7223	1515.38	73.0345	1515.38	71.3159	1515.38	73.1838	1515.38	74.6416	1515.38	73.2955	1515.38	68.3093	1515.38	70.5052	1515.38	70.7559	1515.38	68.8267	1515.38	65.9925
1568.85	88.6436	1568.85	88.0877	1568.85	88.3572	1568.85	86.3837	1568.85	87.8566	1568.85	85.1395	1568.85	86.3945	1568.85	85.9067	1568.85	85.1296	1568.85	84.3317	1568.85	84.3525	1568.85	80.4486	1568.85	81.8541	1568.85	79.6297	1568.85	79.3615	1568.85	75.5151	1568.85	77.1826	1568.85	74.6028	1568.85	75.7764	1568.85	71.1507	1568.85	72.587	1568.85	71.1582	1568.85	70.1556	1568.85	70.0804	1568.85	75.4758	1568.85	71.7083	1568.85	66.2556	1568.85	70.8567	1568.85	74.0432	1568.85	71.8089	1568.85	70.9625	1568.85	72.7673	1568.85	71.0041	1568.85	71.9902	1568.85	66.3066	1568.85	65.5317
1624.51	88.5135	1624.51	88.1565	1624.51	88.1631	1624.51	87.5396	1624.51	87.3842	1624.51	85.8711	1624.51	86.5833	1624.51	84.6644	1624.51	85.5943	1624.51	84.0764	1624.51	84.1285	1624.51	81.1793	1624.51	82.6341	1624.51	78.3372	1624.51	79.7476	1624.51	77.5184	1624.51	76.9414	1624.51	73.7612	1624.51	73.8246	1624.51	73.6108	1624.51	70.9143	1624.51	65.3767	1624.51	64.7057	1624.51	70.7292	1624.51	71.1771	1624.51	69.0746	1624.51	66.7808	1624.51	73.474	1624.51	73.7861	1624.51	73.1563	1624.51	69.4391	1624.51	72.469	1624.51	71.9396	1624.51	71.4158	1624.51	64.2987	1624.51	63.875
1681.64	88.3358	1681.64	87.8644	1681.64	88.6774	1681.64	88.1476	1681.64	87.4495	1681.64	86.9422	1681.64	86.9267	1681.64	84.069	1681.64	85.586	1681.64	83.3429	1681.64	84.2129	1681.64	82.178	1681.64	82.3396	1681.64	79.6129	1681.64	78.0354	1681.64	79.5682	1681.64	71.0003	1681.64	73.8385	1681.64	74.9213	1681.64	71.2312	1681.64	70.0261	1681.64	64.6531	1681.64	70.92	1681.64	72.4848	1681.64	71.4724	1681.64	64.7987	1681.64	71.9351	1681.64	66.0945	1681.64	72.9643	1681.64	69.0894	1681.64	69.9219	1681.64	71.3742	1681.64	72.9452	1681.64	68.6694	1681.64	62.2302	1681.64	59.5388
1740.97	88.6059	1740.97	88.5336	1740.97	88.7971	1740.97	87.7977	1740.97	88.0121	1740.97	87.0316	1740.97	86.8514	1740.97	84.8435	1740.97	85.9321	1740.97	83.6201	1740.97	83.9795	1740.97	82.4646	1740.97	81.546	1740.97	78.3089	1740.97	80.5337	1740.97	78.0824	1740.97	76.5993	1740.97	76.5044	1740.97	59.5912	1740.97	74.6905	1740.97	69.146	1740.97	70.7279	1740.97	70.771	1740.97	67.7214	1740.97	71.3691	1740.97	72.8791	1740.97	76.0294	1740.97	74.6592	1740.97	67.3279	1740.97	74.7982	1740.97	70.1211	1740.97	72.1801	1740.97	65.4538	1740.97	69.6518	1740.97	67.8923	1740.97	64.1891
1802.49	89.1058	1802.49	89.5412	1802.49	89.4226	1802.49	87.9312	1802.49	88.7837	1802.49	86.1104	1802.49	86.2884	1802.49	85.191	1802.49	85.376	1802.49	83.3398	1802.49	83.5704	1802.49	82.4866	1802.49	82.5647	1802.49	79.5536	1802.49	80.5859	1802.49	78.7775	1802.49	76.6766	1802.49	76.6527	1802.49	73.6404	1802.49	75.6513	1802.49	73.9929	1802.49	73.4639	1802.49	66.7191	1802.49	67.6995	1802.49	70.7519	1802.49	69.0729	1802.49	70.1084	1802.49	73.4026	1802.49	71.8473	1802.49	73.8822	1802.49	73.6751	1802.49	72.5586	1802.49	64.7333	1802.49	67.8378	1802.49	67.7971	1802.49	67.6826
1866.21	89.4171	1866.21	90.1442	1866.21	90.0137	1866.21	88.9349	1866.21	89.4765	1866.21	85.7409	1866.21	86.4649	1866.21	85.0836	1866.21	84.4115	1866.21	83.4883	1866.21	84.2664	1866.21	81.193	1866.21	82.6863	1866.21	80.5085	1866.21	81.7352	1866.21	76.0396	1866.21	81.1566	1866.21	77.8029	1866.21	76.2832	1866.21	72.4857	1866.21	76.4558	1866.21	74.2862	1866.21	72.4586	1866.21	66.035	1866.21	69.8786	1866.21	69.7229	1866.21	73.6123	1866.21	73.1677	1866.21	69.4189	1866.21	74.9961	1866.21	72.393	1866.21	75.5701	1866.21	70.7501	1866.21	70.8948	1866.21	65.3792	1866.21	65.3894
1932.13	89.0104	1932.13	89.0904	1932.13	88.6795	1932.13	89.4391	1932.13	89.6247	1932.13	86.7902	1932.13	86.9968	1932.13	84.0232	1932.13	84.335	1932.13	83.3257	1932.13	83.5742	1932.13	83.7007	1932.13	83.2409	1932.13	81.9085	1932.13	81.7283	1932.13	77.2833	1932.13	79.5857	1932.13	75.911	1932.13	79.4242	1932.13	74.3876	1932.13	76.4663	1932.13	71.8586	1932.13	74.2918	1932.13	71.0418	1932.13	69.7111	1932.13	71.1771	1932.13	66.3787	1932.13	77.2462	1932.13	72.4775	1932.13	72.4293	1932.13	75.1865	1932.13	73.5362	1932.13	67.7849	1932.13	68.3122	1932.13	69.6861	1932.13	66.3664
2000.24	88.528	2000.24	88.4403	2000.24	88.5197	2000.24	88.054	2000.24	89.1172	2000.24	87.2355	2000.24	86.8862	2000.24	83.8695	2000.24	83.8344	2000.24	84.9184	2000.24	83.9737	2000.24	83.5477	2000.24	83.8863	2000.24	82.1163	2000.24	83.6057	2000.24	79.5751	2000.24	81.5281	2000.24	76.6766	2000.24	78.7871	2000.24	71.2945	2000.24	77.0333	2000.24	72.2189	2000.24	73.6428	2000.24	68.7165	2000.24	66.9715	2000.24	71.4451	2000.24	68.6239	2000.24	71.4357	2000.24	72.1442	2000.24	71.0424	2000.24	73.5343	2000.24	72.2182	2000.24	63.8625	2000.24	64.757	2000.24	62.0414	2000.24	70.8499
2070.56	88.7547	2070.56	88.7227	2070.56	88.9422	2070.56	87.3377	2070.56	87.9138	2070.56	85.8632	2070.56	86.784	2070.56	85.5715	2070.56	85.3411	2070.56	84.3963	2070.56	84.2845	2070.56	83.2686	2070.56	83.2191	2070.56	81.0686	2070.56	82.4827	2070.56	78.9178	2070.56	79.7929	2070.56	78.0094	2070.56	74.8159	2070.56	74.4353	2070.56	72.2126	2070.56	68.426	2070.56	74.0295	2070.56	68.1374	2070.56	67.2126	2070.56	73.913	2070.56	70.8184	2070.56	67.2807	2070.56	73.7822	2070.56	72.1824	2070.56	74.9306	2070.56	73.8198	2070.56	71.0124	2070.56	69.4662	2070.56	65.3752	2070.56	65.9292
2143.8	89.2746	2143.8	89.0797	2143.8	88.6818	2143.8	88.1788	2143.8	88.6023	2143.8	85.6884	2143.8	86.4146	2143.8	86.1791	2143.8	84.8883	2143.8	84.3177	2143.8	84.8956	2143.8	82.7293	2143.8	83.8184	2143.8	78.3193	2143.8	80.8023	2143.8	78.0088	2143.8	80.8247	2143.8	73.4267	2143.8	76.8165	2143.8	72.8446	2143.8	76.2612	2143.8	65.7371	2143.8	70.0943	2143.8	64.2547	2143.8	72.5564	2143.8	70.666	2143.8	68.0648	2143.8	66.8817	2143.8	75.2406	2143.8	68.5115	2143.8	72.8013	2143.8	74.1993	2143.8	70.9306	2143.8	64.545	2143.8	64.2103	2143.8	70.1555
2219.24	89.5513	2219.24	89.1068	2219.24	89.1132	2219.24	88.691	2219.24	88.6988	2219.24	87.8983	2219.24	88.1497	2219.24	85.5732	2219.24	86.1213	2219.24	84.3775	2219.24	84.3989	2219.24	80.0439	2219.24	82.7825	2219.24	78.4363	2219.24	81.2339	2219.24	79.772	2219.24	78.4577	2219.24	74.0766	2219.24	77.9296	2219.24	69.8146	2219.24	72.8481	2219.24	65.8315	2219.24	67.593	2219.24	68.2347	2219.24	72.8333	2219.24	71.7452	2219.24	55.2217	2219.24	72.4053	2219.24	73.4592	2219.24	72.4946	2219.24	69.4573	2219.24	72.5365	2219.24	66.7123	2219.24	61.5989	2219.24	63.9651	2219.24	70.1392
2297.61	91.1283	2297.61	89.5565	2297.61	90.2323	2297.61	88.6325	2297.61	88.4476	2297.61	89.2623	2297.61	88.5448	2297.61	86.8143	2297.61	86.5905	2297.61	84.3943	2297.61	84.2603	2297.61	82.5197	2297.61	81.6243	2297.61	79.0527	2297.61	80.641	2297.61	75.6931	2297.61	79.5492	2297.61	74.5472	2297.61	75.6086	2297.61	73.8681	2297.61	70.3539	2297.61	69.7369	2297.61	66.493	2297.61	64.7403	2297.61	70.9996	2297.61	64.785	2297.61	64.8795	2297.61	69.2615	2297.61	70.5797	2297.61	72.0867	2297.61	67.57	2297.61	72.7441	2297.61	72.4267	2297.61	50.3226	2297.61	56.5458	2297.61	68.3395
2378.17	91.298	2378.17	89.908	2378.17	90.7584	2378.17	88.6948	2378.17	89.1913	2378.17	88.9926	2378.17	89.2073	2378.17	87.4856	2378.17	87.0517	2378.17	84.4078	2378.17	83.937	2378.17	83.3302	2378.17	81.801	2378.17	80.9273	2378.17	80.194	2378.17	74.9093	2378.17	78.8016	2378.17	76.0707	2378.17	77.5911	2378.17	69.6263	2378.17	74.4229	2378.17	71.5142	2378.17	57.7383	2378.17	67.1949	2378.17	69.3192	2378.17	65.3722	2378.17	62.3777	2378.17	70.9834	2378.17	70.9253	2378.17	73.5283	2378.17	71.3391	2378.17	73.7845	2378.17	71.9023	2378.17	56.5004	2378.17	56.367	2378.17	69.3899
2462.4	91.1489	2462.4	89.5087	2462.4	89.5619	2462.4	89.3451	2462.4	89.1708	2462.4	89.2213	2462.4	89.9867	2462.4	86.9505	2462.4	87.1737	2462.4	83.586	2462.4	83.5068	2462.4	81.9266	2462.4	82.4274	2462.4	81.2755	2462.4	81.9604	2462.4	79.4748	2462.4	79.4827	2462.4	78.3238	2462.4	73.7795	2462.4	75.1715	2462.4	73.8069	2462.4	59.6691	2462.4	75.2435	2462.4	70.2373	2462.4	69.7861	2462.4	65.6664	2462.4	66.7648	2462.4	65.7097	2462.4	68.6762	2462.4	74.0292	2462.4	72.0573	2462.4	72.4806	2462.4	68.2371	2462.4	48.4012	2462.4	49.2488	2462.4	68.7736
2548.83	91.1178	2548.83	88.6441	2548.83	89.6161	2548.83	88.9245	2548.83	88.3684	2548.83	88.9121	2548.83	90.2551	2548.83	86.8222	2548.83	87.759	2548.83	85.0872	2548.83	83.3981	2548.83	82.3747	2548.83	83.6203	2548.83	80.8057	2548.83	82.8056	2548.83	78.8004	2548.83	81.5303	2548.83	76.2376	2548.83	79.9621	2548.83	72.4335	2548.83	66.4702	2548.83	72.6953	2548.83	68.8128	2548.83	68.96	2548.83	67.0629	2548.83	65.1158	2548.83	70.0824	2548.83	66.8457	2548.83	67.3719	2548.83	72.3711	2548.83	71.7074	2548.83	70.76	2548.83	71.0942	2548.83	63.962	2548.83	64.8619	2548.83	70.5193
2638.92	91.1798	2638.92	89.2325	2638.92	90.116	2638.92	88.6998	2638.92	88.6584	2638.92	88.4487	2638.92	89.0926	2638.92	86.199	2638.92	87.6799	2638.92	84.6981	2638.92	84.771	2638.92	83.1496	2638.92	84.0225	2638.92	79.7953	2638.92	83.1462	2638.92	77.8575	2638.92	78.9991	2638.92	73.1033	2638.92	75.7739	2638.92	71.1926	2638.92	69.0451	2638.92	72.5169	2638.92	68.068	2638.92	63.8984	2638.92	66.1005	2638.92	63.1043	2638.92	65.6221	2638.92	70.158	2638.92	72.7762	2638.92	73.4559	2638.92	71.7134	2638.92	69.6432	2638.92	64.5326	2638.92	65.2622	2638.92	54.997	2638.92	68.4574
2731.93	90.2258	2731.93	89.4775	2731.93	90.0367	2731.93	88.8921	2731.93	89.6165	2731.93	88.0882	2731.93	88.2862	2731.93	87.0173	2731.93	86.8302	2731.93	85.8212	2731.93	85.3553	2731.93	83.5394	2731.93	83.5438	2731.93	79.9951	2731.93	82.0982	2731.93	74.5386	2731.93	80.2366	2731.93	73.3646	2731.93	72.8122	2731.93	62.0035	2731.93	65.3717	2731.93	69.848	2731.93	71.2753	2731.93	65.2112	2731.93	64.0305	2731.93	58.9596	2731.93	68.3333	2731.93	70.5185	2731.93	71.7159	2731.93	74.4967	2731.93	73.4586	2731.93	68.0249	2731.93	61.325	2731.93	58.8456	2731.93	63.1922	2731.93	66.1043
2828.61	89.0398	2828.61	88.8174	2828.61	89.456	2828.61	88.259	2828.61	88.914	2828.61	87.2866	2828.61	88.8859	2828.61	87.8127	2828.61	87.5817	2828.61	85.1137	2828.61	86.3586	2828.61	82.5828	2828.61	83.454	2828.61	78.1381	2828.61	80.7938	2828.61	77.331	2828.61	78.1014	2828.61	76.7456	2828.61	79.2396	2828.61	72.623	2828.61	72.3822	2828.61	59.4924	2828.61	62.9897	2828.61	66.8094	2828.61	51.2886	2828.61	59.5417	2828.61	68.5392	2828.61	69.9095	2828.61	71.525	2828.61	71.7381	2828.61	72.3648	2828.61	65.2865	2828.61	63.6518	2828.61	66.691	2828.61	61.4149	2828.61	69.8067
2928.22	87.7352	2928.22	88.9686	2928.22	88.8104	2928.22	87.3953	2928.22	88.1673	2928.22	87.1282	2928.22	87.3285	2928.22	87.6282	2928.22	87.8223	2928.22	85.7198	2928.22	85.5926	2928.22	80.9496	2928.22	82.8604	2928.22	80.2568	2928.22	80.9853	2928.22	78.5834	2928.22	77.3297	2928.22	75.6817	2928.22	76.2551	2928.22	73.0132	2928.22	70.6462	2928.22	68.855	2928.22	60.085	2928.22	64.1236	2928.22	49.3403	2928.22	58.7597	2928.22	65.813	2928.22	65.9215	2928.22	68.3415	2928.22	69.0909	2928.22	71.9051	2928.22	66.6653	2928.22	67.1393	2928.22	61.1109	2928.22	65.5371	2928.22	65.4637
3031.49	86.3153	3031.49	88.3504	3031.49	88.1695	3031.49	86.2854	3031.49	86.8859	3031.49	86.0638	3031.49	86.8825	3031.49	87.9121	3031.49	88.2194	3031.49	85.1201	3031.49	84.8178	3031.49	83.4486	3031.49	82.033	3031.49	80.8621	3031.49	80.7618	3031.49	76.304	3031.49	79.1103	3031.49	64.9148	3031.49	74.4503	3031.49	71.7131	3031.49	75.1475	3031.49	68.2657	3031.49	65.2093	3031.49	55.7558	3031.49	64.5215	3031.49	61.8727	3031.49	65.1988	3031.49	70.3371	3031.49	69.0586	3031.49	71.4868	3031.49	67.2941	3031.49	65.8125	3031.49	67.3747	3031.49	59.4501	3031.49	64.8646	3031.49	68.0751
3138.43	85.4653	3138.43	88.1017	3138.43	88.35	3138.43	86.4139	3138.43	86.8909	3138.43	86.483	3138.43	86.1945	3138.43	86.4767	3138.43	88.0632	3138.43	84.4029	3138.43	85.7063	3138.43	81.9775	3138.43	83.5459	3138.43	77.4184	3138.43	83.8966	3138.43	76.2283	3138.43	82.5448	3138.43	75.2469	3138.43	76.435	3138.43	67.2376	3138.43	74.0422	3138.43	65.7761	3138.43	71.9614	3138.43	66.0865	3138.43	68.7925	3138.43	66.5197	3138.43	67.6836	3138.43	66.275	3138.43	69.5741	3138.43	70.8844	3138.43	69.1005	3138.43	69.5913	3138.43	69.3993	3138.43	52.9419	3138.43	68.8555	3138.43	68.7718
3249.02	86.8488	3249.02	88.0435	3249.02	88.3934	3249.02	87.2942	3249.02	87.5574	3249.02	86.5315	3249.02	87.1071	3249.02	86.4751	3249.02	87.3843	3249.02	85.2076	3249.02	86.4712	3249.02	82.1737	3249.02	84.9629	3249.02	79.6806	3249.02	84.3334	3249.02	75.3175	3249.02	80.5799	3249.02	74.9157	3249.02	72.2305	3249.02	71.7606	3249.02	73.4178	3249.02	64.9065	3249.02	70.7841	3249.02	61.3854	3249.02	66.9581	3249.02	53.1702	3249.02	63.8656	3249.02	66.556	3249.02	63.8181	3249.02	66.4622	3249.02	70.7081	3249.02	61.9425	3249.02	62.0879	3249.02	51.7338	3249.02	63.887	3249.02	64.779
3363.28	88.7651	3363.28	89.4075	3363.28	89.1933	3363.28	88.4009	3363.28	88.3809	3363.28	86.5298	3363.28	87.0459	3363.28	86.2118	3363.28	87.1375	3363.28	85.7454	3363.28	86.5901	3363.28	82.4012	3363.28	86.0645	3363.28	79.1116	3363.28	81.939	3363.28	77.5391	3363.28	73.7263	3363.28	71.4307	3363.28	68.1412	3363.28	72.4585	3363.28	72.2711	3363.28	67.0067	3363.28	70.0515	3363.28	57.2211	3363.28	57.452	3363.28	62.4992	3363.28	57.8656	3363.28	67.9789	3363.28	67.062	3363.28	66.6118	3363.28	70.3893	3363.28	65.0666	3363.28	51.9213	3363.28	46.3033	3363.28	68.477	3363.28	60.357
3481.93	89.4195	3481.93	88.5501	3481.93	88.6619	3481.93	89.2221	3481.93	88.8237	3481.93	85.9762	3481.93	86.316	3481.93	86.0136	3481.93	86.7997	3481.93	85.1581	3481.93	87.6226	3481.93	81.7695	3481.93	86.0741	3481.93	76.8175	3481.93	79.2466	3481.93	72.347	3481.93	73.6187	3481.93	75.0748	3481.93	74.0652	3481.93	69.3172	3481.93	72.5478	3481.93	67.9798	3481.93	69.2277	3481.93	61.8347	3481.93	54.8837	3481.93	63.8723	3481.93	66.2948	3481.93	63.1491	3481.93	62.6799	3481.93	68.2633	3481.93	66.3968	3481.93	64.3408	3481.93	52.3835	3481.93	57.9437	3481.93	57.9996	3481.93	64.8341
3604.98	89.5842	3604.98	88.4653	3604.98	88.7774	3604.98	88.9398	3604.98	89.1249	3604.98	85.3805	3604.98	85.7672	3604.98	85.4121	3604.98	85.8839	3604.98	85.2706	3604.98	86.876	3604.98	80.7451	3604.98	83.7537	3604.98	78.6053	3604.98	77.9301	3604.98	76.3226	3604.98	70.9842	3604.98	77.487	3604.98	75.2349	3604.98	71.8501	3604.98	72.4728	3604.98	64.8068	3604.98	68.2209	3604.98	64.8592	3604.98	65.7805	3604.98	60.1606	3604.98	64.9002	3604.98	54.8035	3604.98	63.8164	3604.98	66.4104	3604.98	68.0946	3604.98	66.7036	3604.98	62.0684	3604.98	57.8798	3604.98	63.8303	3604.98	64.9828
3732.42	88.2086	3732.42	86.9153	3732.42	86.9332	3732.42	87.9073	3732.42	88.4806	3732.42	85.366	3732.42	86.145	3732.42	83.4979	3732.42	84.258	3732.42	83.2979	3732.42	85.7746	3732.42	82.5338	3732.42	82.8779	3732.42	79.3568	3732.42	78.3522	3732.42	76.3532	3732.42	72.767	3732.42	73.1482	3732.42	73.811	3732.42	70.1149	3732.42	71.5696	3732.42	64.6524	3732.42	66.3009	3732.42	63.3377	3732.42	63.3222	3732.42	56.2409	3732.42	56.3471	3732.42	59.3767	3732.42	59.2121	3732.42	67.3269	3732.42	66.9247	3732.42	62.8411	3732.42	41.2951	3732.42	55.774	3732.42	60.3694	3732.42	64.4285
3863.53	88.1313	3863.53	87.8635	3863.53	87.8728	3863.53	86.8609	3863.53	87.7051	3863.53	84.7343	3863.53	86.5986	3863.53	82.7519	3863.53	83.7202	3863.53	82.0408	3863.53	84.4154	3863.53	79.0071	3863.53	82.4686	3863.53	75.0575	3863.53	78.7458	3863.53	65.0115	3863.53	75.5774	3863.53	67.4504	3863.53	72.7398	3863.53	53.1248	3863.53	64.882	3863.53	66.0388	3863.53	64.0123	3863.53	54.2911	3863.53	65.7675	3863.53	43.0229	3863.53	59.713	3863.53	57.2502	3863.53	54.7805	3863.53	65.2176	3863.53	67.1058	3863.53	63.2366	3863.53	57.0981	3863.53	57.9697	3863.53	58.328	3863.53	63.1451
3999.76	88.3036	3999.76	87.6659	3999.76	87.9116	3999.76	86.8441	3999.76	87.2984	3999.76	84.7312	3999.76	86.3758	3999.76	80.8309	3999.76	83.5666	3999.76	80.6178	3999.76	81.4261	3999.76	77.205	3999.76	78.8593	3999.76	70.9331	3999.76	73.7469	3999.76	74.9813	3999.76	70.353	3999.76	71.6897	3999.76	72.8366	3999.76	68.7748	3999.76	69.7906	3999.76	59.2305	3999.76	62.1367	3999.76	56.2322	3999.76	58.2963	3999.76	56.3682	3999.76	57.6694	3999.76	54.2982	3999.76	59.5819	3999.76	62.7089	3999.76	64.6813	3999.76	59.921	3999.76	54.0823	3999.76	43.6345	3999.76	60.0224	3999.76	60.895
4141.11	87.78	4141.11	87.6733	4141.11	87.8745	4141.11	86.0542	4141.11	87.2721	4141.11	84.4897	4141.11	86.1632	4141.11	82.2758	4141.11	82.7952	4141.11	80.3003	4141.11	82.0653	4141.11	79.2196	4141.11	79.6397	4141.11	75.2573	4141.11	77.0122	4141.11	71.5158	4141.11	79.0532	4141.11	65.4645	4141.11	70.9552	4141.11	66.3846	4141.11	61.3629	4141.11	54.7029	4141.11	52.6543	4141.11	62.9147	4141.11	61.6114	4141.11	61.2167	4141.11	60.477	4141.11	63.3921	4141.11	56.5995	4141.11	64.911	4141.11	64.1522	4141.11	65.2794	4141.11	60.4794	4141.11	50.711	4141.11	52.7628	4141.11	61.4943
4286.87	88.8496	4286.87	88.2952	4286.87	87.791	4286.87	87.4633	4286.87	87.2506	4286.87	86.0824	4286.87	86.7631	4286.87	83.8294	4286.87	83.1771	4286.87	81.8517	4286.87	82.2267	4286.87	79.4663	4286.87	78.0308	4286.87	77.3997	4286.87	77.0363	4286.87	75.4218	4286.87	75.5799	4286.87	71.0701	4286.87	72.0537	4286.87	67.739	4286.87	67.9288	4286.87	68.2083	4286.87	48.958	4286.87	59.3443	4286.87	68.0616	4286.87	54.2367	4286.87	64.9343	4286.87	60.3187	4286.87	61.0513	4286.87	65.9429	4286.87	63.2409	4286.87	65.2731	4286.87	60.5971	4286.87	61.2641	4286.87	56.8541	4286.87	63.3103
4438.48	88.4742	4438.48	89.1391	4438.48	89.256	4438.48	88.3241	4438.48	87.7443	4438.48	87.6022	4438.48	87.0734	4438.48	85.3208	4438.48	85.1527	4438.48	82.8324	4438.48	82.7251	4438.48	82.1429	4438.48	82.0259	4438.48	77.3197	4438.48	77.6595	4438.48	76.2801	4438.48	76.9504	4438.48	69.9686	4438.48	72.9425	4438.48	73.8035	4438.48	72.0998	4438.48	61.7844	4438.48	71.3409	4438.48	62.6059	4438.48	64.716	4438.48	58.1972	4438.48	61.8912	4438.48	61.6296	4438.48	61.752	4438.48	62.6323	4438.48	62.9933	4438.48	65.6997	4438.48	58.991	4438.48	58.4021	4438.48	61.1081	4438.48	62.1853
4594.48	89.9563	4594.48	89.6954	4594.48	89.1868	4594.48	89.4258	4594.48	89.301	4594.48	88.6383	4594.48	88.6109	4594.48	86.1161	4594.48	85.2009	4594.48	83.9945	4594.48	80.3907	4594.48	81.8444	4594.48	81.2958	4594.48	78.0461	4594.48	76.4228	4594.48	75.7219	4594.48	72.1588	4594.48	69.7967	4594.48	69.7072	4594.48	66.921	4594.48	59.3357	4594.48	66.528	4594.48	69.7891	4594.48	60.7963	4594.48	70.2938	4594.48	51.2075	4594.48	57.844	4594.48	62.0155	4594.48	58.9505	4594.48	62.8026	4594.48	59.758	4594.48	64.5707	4594.48	54.7592	4594.48	59.3637	4594.48	48.8807	4594.48	58.6693
4757.08	89.8143	4757.08	90.1913	4757.08	89.7308	4757.08	89.8523	4757.08	89.4128	4757.08	89.2282	4757.08	88.9022	4757.08	86.7299	4757.08	85.8853	4757.08	85.4174	4757.08	83.8888	4757.08	82.6894	4757.08	82.3273	4757.08	78.3621	4757.08	76.7111	4757.08	77.408	4757.08	79.1463	4757.08	70.6778	4757.08	73.6479	4757.08	70.5382	4757.08	75.8536	4757.08	67.6412	4757.08	68.47	4757.08	59.909	4757.08	63.2642	4757.08	57.4338	4757.08	63.2214	4757.08	61.679	4757.08	57.6133	4757.08	61.6331	4757.08	53.8428	4757.08	67.0583	4757.08	60.4772	4757.08	59.934	4757.08	59.5145	4757.08	59.8957
4924.8	89.6165	4924.8	89.4785	4924.8	89.2759	4924.8	89.2564	4924.8	87.8492	4924.8	89.0439	4924.8	88.3366	4924.8	86.8201	4924.8	87.5196	4924.8	85.24	4924.8	83.6312	4924.8	82.8108	4924.8	81.2058	4924.8	80.1348	4924.8	81.2822	4924.8	75.7598	4924.8	77.5598	4924.8	71.517	4924.8	60.8741	4924.8	70.8572	4924.8	69.3217	4924.8	64.0583	4924.8	71.3367	4924.8	59.4928	4924.8	65.6216	4924.8	61.718	4924.8	62.8499	4924.8	66.2475	4924.8	55.0182	4924.8	62.3614	4924.8	60.2665	4924.8	67.1661	4924.8	60.3458	4924.8	60.1805	4924.8	59.878	4924.8	62.8504
5098.39	87.8272	5098.39	88.1781	5098.39	87.3049	5098.39	88.7612	5098.39	88.4326	5098.39	87.9978	5098.39	87.8119	5098.39	85.9944	5098.39	86.4174	5098.39	84.9145	5098.39	84.4681	5098.39	82.8773	5098.39	80.6154	5098.39	79.401	5098.39	81.3739	5098.39	75.181	5098.39	74.3363	5098.39	69.831	5098.39	72.5432	5098.39	67.1167	5098.39	70.6516	5098.39	58.7391	5098.39	63.061	5098.39	63.5356	5098.39	64.1693	5098.39	62.5711	5098.39	63.5696	5098.39	66.0427	5098.39	54.0053	5098.39	55.6999	5098.39	59.2776	5098.39	66.8731	5098.39	55.0827	5098.39	61.9413	5098.39	62.1422	5098.39	60.6221
5277.83	89.0607	5277.83	89.1988	5277.83	89.0233	5277.83	88.5287	5277.83	88.2388	5277.83	87.2446	5277.83	86.3328	5277.83	85.8001	5277.83	83.765	5277.83	84.3332	5277.83	80.2364	5277.83	81.6558	5277.83	80.9454	5277.83	77.8514	5277.83	80.9997	5277.83	69.7192	5277.83	73.8309	5277.83	64.631	5277.83	61.2232	5277.83	59.0845	5277.83	60.9499	5277.83	63.1705	5277.83	62.5961	5277.83	58.9952	5277.83	67.9783	5277.83	58.7917	5277.83	56.1878	5277.83	64.917	5277.83	58.5536	5277.83	54.1513	5277.83	55.4478	5277.83	62.0398	5277.83	54.2214	5277.83	57.9907	5277.83	59.7548	5277.83	54.1242
5463.87	89.8962	5463.87	89.2348	5463.87	89.1302	5463.87	88.6565	5463.87	88.9895	5463.87	86.8561	5463.87	86.8684	5463.87	84.7087	5463.87	83.38	5463.87	83.2727	5463.87	81.5888	5463.87	81.6204	5463.87	82.592	5463.87	78.7251	5463.87	80.1369	5463.87	74.8554	5463.87	73.527	5463.87	71.6306	5463.87	70.2014	5463.87	68.4076	5463.87	73.0501	5463.87	61.4546	5463.87	57.4669	5463.87	49.5944	5463.87	68.9996	5463.87	58.208	5463.87	59.9298	5463.87	62.556	5463.87	58.1169	5463.87	55.0142	5463.87	55.6267	5463.87	63.3113	5463.87	40.3571	5463.87	44.5709	5463.87	47.1975	5463.87	56.7701
5656.49	89.3062	5656.49	88.5555	5656.49	88.6535	5656.49	88.1211	5656.49	88.6701	5656.49	85.8754	5656.49	87.7593	5656.49	84.2108	5656.49	84.93	5656.49	83.8695	5656.49	83.2778	5656.49	80.0749	5656.49	84.374	5656.49	76.5788	5656.49	80.3146	5656.49	71.839	5656.49	76.3318	5656.49	65.4504	5656.49	69.2743	5656.49	57.6979	5656.49	69.8777	5656.49	61.9584	5656.49	52.5831	5656.49	59.6471	5656.49	63.7649	5656.49	43.1152	5656.49	60.1433	5656.49	63.0213	5656.49	46.9665	5656.49	53.11	5656.49	60.8225	5656.49	62.892	5656.49	44.4223	5656.49	53.1743	5656.49	54.9152	5656.49	54.5264
5856.45	88.3025	5856.45	88.5497	5856.45	88.6619	5856.45	87.41	5856.45	87.2616	5856.45	85.5828	5856.45	86.0088	5856.45	83.8877	5856.45	84.5356	5856.45	81.4081	5856.45	82.6637	5856.45	80.5061	5856.45	84.0228	5856.45	77.4169	5856.45	78.1095	5856.45	72.3782	5856.45	72.6406	5856.45	70.9925	5856.45	69.9302	5856.45	67.4051	5856.45	70.6377	5856.45	58.9005	5856.45	65.5272	5856.45	62.9573	5856.45	57.577	5856.45	56.9171	5856.45	58.3056	5856.45	54.0926	5856.45	57.3328	5856.45	56.5598	5856.45	57.5444	5856.45	61.1232	5856.45	50.372	5856.45	48.3205	5856.45	52.6153	5856.45	56.85
6062.99	88.8964	6062.99	88.3358	6062.99	88.2154	6062.99	87.1283	6062.99	86.878	6062.99	85.8993	6062.99	85.0085	6062.99	83.6545	6062.99	83.3678	6062.99	80.8332	6062.99	81.9667	6062.99	78.8689	6062.99	82.1457	6062.99	78.218	6062.99	71.7129	6062.99	67.9477	6062.99	74.2408	6062.99	70.2872	6062.99	70.7734	6062.99	65.3627	6062.99	65.9873	6062.99	60.5961	6062.99	59.1158	6062.99	62.0162	6062.99	55.5103	6062.99	52.7327	6062.99	62.5549	6062.99	65.2495	6062.99	55.8453	6062.99	59.3727	6062.99	61.2766	6062.99	61.2107	6062.99	58.2142	6062.99	46.5503	6062.99	46.1433	6062.99	58.0307
6276.86	88.2518	6276.86	88.3611	6276.86	87.9705	6276.86	88.0917	6276.86	87.7046	6276.86	86.4121	6276.86	85.205	6276.86	84.4714	6276.86	84.7685	6276.86	82.4766	6276.86	81.7358	6276.86	79.2495	6276.86	81.7648	6276.86	79.2994	6276.86	75.4542	6276.86	74.1066	6276.86	75.7976	6276.86	68.3939	6276.86	70.626	6276.86	66.7239	6276.86	59.5557	6276.86	60.5988	6276.86	65.2538	6276.86	65.9223	6276.86	53.5977	6276.86	61.5179	6276.86	62.019	6276.86	59.9616	6276.86	58.6262	6276.86	55.9956	6276.86	62.9489	6276.86	58.8508	6276.86	57.1708	6276.86	45.9836	6276.86	55.4041	6276.86	59.9205
6498.05	87.9445	6498.05	88.0024	6498.05	86.8759	6498.05	87.7294	6498.05	86.9856	6498.05	86.946	6498.05	86.4147	6498.05	84.9567	6498.05	85.0345	6498.05	82.8057	6498.05	80.9607	6498.05	80.4889	6498.05	80.1888	6498.05	78.1049	6498.05	77.1413	6498.05	70.2235	6498.05	70.7681	6498.05	70.815	6498.05	70.2896	6498.05	67.9359	6498.05	57.2944	6498.05	48.8381	6498.05	58.14	6498.05	66.5296	6498.05	44.79	6498.05	59.4678	6498.05	50.9814	6498.05	64.7586	6498.05	56.0962	6498.05	53.2094	6498.05	53.7121	6498.05	51.1782	6498.05	53.5665	6498.05	51.4166	6498.05	55.443	6498.05	59.8814
6727.29	87.9879	6727.29	87.933	6727.29	88.4379	6727.29	87.4395	6727.29	87.1319	6727.29	86.8835	6727.29	86.1104	6727.29	85.0744	6727.29	85.3897	6727.29	81.8974	6727.29	82.5514	6727.29	79.8117	6727.29	79.9158	6727.29	77.9764	6727.29	77.8983	6727.29	70.2558	6727.29	70.2584	6727.29	68.6451	6727.29	68.4716	6727.29	64.8881	6727.29	63.2446	6727.29	64.4017	6727.29	59.4503	6727.29	67.5135	6727.29	49.2649	6727.29	61.7558	6727.29	51.8701	6727.29	57.589	6727.29	43.5601	6727.29	42.1511	6727.29	55.531	6727.29	46.822	6727.29	54.4998	6727.29	48.6148	6727.29	59.1781	6727.29	54.5193
6964.6	89.2516	6964.6	88.3516	6964.6	88.5562	6964.6	87.3707	6964.6	87.2317	6964.6	87.4939	6964.6	87.0481	6964.6	85.4016	6964.6	84.8865	6964.6	82.6014	6964.6	82.4522	6964.6	79.6744	6964.6	78.7411	6964.6	78.3904	6964.6	77.8804	6964.6	70.7781	6964.6	68.6581	6964.6	71.6128	6964.6	68.9374	6964.6	64.2147	6964.6	62.2916	6964.6	63.7015	6964.6	61.0626	6964.6	59.0334	6964.6	53.6075	6964.6	59.6174	6964.6	55.5166	6964.6	50.4467	6964.6	49.797	6964.6	49.9846	6964.6	54.2192	6964.6	25.2177	6964.6	52.7069	6964.6	48.0754	6964.6	55.5154	6964.6	51.5812
7209.96	88.5404	7209.96	88.1229	7209.96	88.5345	7209.96	87.4489	7209.96	87.0088	7209.96	87.4184	7209.96	86.4611	7209.96	85.1508	7209.96	83.8959	7209.96	83.0973	7209.96	80.597	7209.96	80.5395	7209.96	80.3289	7209.96	76.5841	7209.96	72.9712	7209.96	71.2924	7209.96	69.107	7209.96	69.6657	7209.96	68.612	7209.96	59.022	7209.96	66.7604	7209.96	60.6983	7209.96	61.8257	7209.96	32.0778	7209.96	58.2806	7209.96	55.9256	7209.96	54.1256	7209.96	57.5675	7209.96	51.2121	7209.96	35.5987	7209.96	51.0911	7209.96	55.9641	7209.96	43.2795	7209.96	52.5583	7209.96	50.5049	7209.96	45.9398
7464.11	88.5767	7464.11	88.0422	7464.11	88.1274	7464.11	87.5429	7464.11	86.6881	7464.11	86.98	7464.11	86.3333	7464.11	84.9666	7464.11	82.6382	7464.11	82.8172	7464.11	79.0663	7464.11	78.7962	7464.11	79.4564	7464.11	78.404	7464.11	72.8192	7464.11	70.7177	7464.11	67.3996	7464.11	68.4795	7464.11	71.4675	7464.11	65.5968	7464.11	57.3444	7464.11	61.3336	7464.11	61.4214	7464.11	58.9149	7464.11	54.2757	7464.11	56.8625	7464.11	46.9425	7464.11	55.1342	7464.11	55.0555	7464.11	28.6142	7464.11	52.5027	7464.11	56.1129	7464.11	55.3469	7464.11	47.5017	7464.11	47.0307	7464.11	54.015
7727.78	89.0862	7727.78	88.264	7727.78	88.0394	7727.78	87.8872	7727.78	87.187	7727.78	86.7335	7727.78	86.1465	7727.78	84.2374	7727.78	82.3139	7727.78	82.111	7727.78	79.7939	7727.78	78.8415	7727.78	74.696	7727.78	75.8498	7727.78	73.9392	7727.78	71.047	7727.78	69.4545	7727.78	66.8588	7727.78	69.8604	7727.78	59.1457	7727.78	56.2419	7727.78	59.57	7727.78	55.2464	7727.78	48.1765	7727.78	55.4633	7727.78	57.4875	7727.78	51.7941	7727.78	58.3797	7727.78	51.0173	7727.78	46.4018	7727.78	51.1809	7727.78	56.1316	7727.78	48.3729	7727.78	50.0666	7727.78	55.0995	7727.78	54.4215
8000.24	89.6345	8000.24	88.695	8000.24	88.4944	8000.24	88.0778	8000.24	87.2407	8000.24	86.5967	8000.24	86.2237	8000.24	84.0746	8000.24	82.7034	8000.24	81.6665	8000.24	78.1586	8000.24	79.7702	8000.24	76.1138	8000.24	74.0495	8000.24	76.6029	8000.24	73.1637	8000.24	71.3682	8000.24	68.3082	8000.24	69.4705	8000.24	66.7404	8000.24	63.7948	8000.24	58.1691	8000.24	65.3439	8000.24	58.2745	8000.24	57.6285	8000.24	49.1917	8000.24	37.0184	8000.24	59.8335	8000.24	52.5725	8000.24	40.8253	8000.24	55.9255	8000.24	55.4436	8000.24	54.2808	8000.24	54.5616	8000.24	43.6599	8000.24	57.0117
8282.23	90.0051	8282.23	88.3759	8282.23	88.0483	8282.23	87.9406	8282.23	87.1477	8282.23	86.7526	8282.23	86.4097	8282.23	84.5041	8282.23	83.5957	8282.23	81.0493	8282.23	77.6942	8282.23	77.8986	8282.23	76.8646	8282.23	75.2097	8282.23	76.2888	8282.23	73.0868	8282.23	69.1493	8282.23	63.0846	8282.23	65.067	8282.23	60.3269	8282.23	69.375	8282.23	53.2412	8282.23	55.6263	8282.23	56.6927	8282.23	56.4559	8282.23	54.8436	8282.23	53.8482	8282.23	50.9812	8282.23	54.2301	8282.23	46.8629	8282.23	45.5323	8282.23	54.3347	8282.23	54.5711	8282.23	51.2041	8282.23	38.8578	8282.23	57.181
8574.46	89.4703	8574.46	87.8656	8574.46	87.8376	8574.46	87.6357	8574.46	86.8027	8574.46	86.6182	8574.46	85.3688	8574.46	83.5434	8574.46	83.345	8574.46	80.454	8574.46	78.9722	8574.46	77.1124	8574.46	79.7291	8574.46	72.6149	8574.46	73.1274	8574.46	68.6936	8574.46	72.1714	8574.46	59.7296	8574.46	57.704	8574.46	66.5803	8574.46	58.1272	8574.46	56.0742	8574.46	68.0698	8574.46	52.1904	8574.46	57.1066	8574.46	47.9569	8574.46	50.489	8574.46	50.9413	8574.46	55.1389	8574.46	50.3428	8574.46	30.1281	8574.46	43.9566	8574.46	51.6241	8574.46	56.6164	8574.46	45.6116	8574.46	51.4427
8876.22	89.2949	8876.22	87.8254	8876.22	87.6205	8876.22	87.2782	8876.22	86.8456	8876.22	86.2853	8876.22	84.9213	8876.22	83.0475	8876.22	82.1945	8876.22	80.0237	8876.22	79.191	8876.22	75.5558	8876.22	78.3323	8876.22	73.7872	8876.22	68.1026	8876.22	67.0979	8876.22	64.5083	8876.22	55.553	8876.22	59.7542	8876.22	48.9644	8876.22	63.4501	8876.22	47.2187	8876.22	57.8331	8876.22	54.8079	8876.22	56.0795	8876.22	41.7625	8876.22	50.5076	8876.22	58.924	8876.22	52.9696	8876.22	51.3727	8876.22	51.5794	8876.22	33.7658	8876.22	35.8948	8876.22	54.4993	8876.22	45.8573	8876.22	47.7192
9189.7	89.0214	9189.7	87.509	9189.7	86.9355	9189.7	86.9932	9189.7	86.2678	9189.7	85.9714	9189.7	84.8204	9189.7	83.6062	9189.7	82.1767	9189.7	80.8627	9189.7	78.4223	9189.7	76.242	9189.7	76.1657	9189.7	71.3785	9189.7	68.1629	9189.7	69.1353	9189.7	63.8295	9189.7	58.3258	9189.7	63.3193	9189.7	64.1239	9189.7	51.5321	9189.7	49.595	9189.7	52.7546	9189.7	47.7153	9189.7	49.129	9189.7	45.3557	9189.7	40.9135	9189.7	52.5595	9189.7	49.06	9189.7	44.9718	9189.7	54.4265	9189.7	47.6148	9189.7	45.4023	9189.7	54.3585	9189.7	47.4032	9189.7	50.347
9513.43	88.3925	9513.43	87.2862	9513.43	87.3822	9513.43	86.4962	9513.43	86.4925	9513.43	85.3152	9513.43	84.8429	9513.43	82.5642	9513.43	81.6408	9513.43	79.3789	9513.43	78.4871	9513.43	75.1141	9513.43	71.4686	9513.43	71.5041	9513.43	68.258	9513.43	65.0858	9513.43	65.4257	9513.43	65.6202	9513.43	64.065	9513.43	62.9287	9513.43	62.358	9513.43	52.2118	9513.43	49.7827	9513.43	53.5193	9513.43	51.7038	9513.43	55.0524	9513.43	45.9219	9513.43	52.0816	9513.43	48.1784	9513.43	39.5911	9513.43	55.0793	9513.43	48.9303	9513.43	53.5619	9513.43	52.4388	9513.43	54.9806	9513.43	47.4962
9848.88	87.6593	9848.88	87.218	9848.88	87.2395	9848.88	86.1422	9848.88	86.24	9848.88	84.8592	9848.88	84.4606	9848.88	81.6773	9848.88	81.4157	9848.88	78.7682	9848.88	76.4493	9848.88	75.1123	9848.88	69.7125	9848.88	69.9752	9848.88	71.6483	9848.88	65.7878	9848.88	69.2984	9848.88	63.7246	9848.88	60.2342	9848.88	40.3809	9848.88	56.0219	9848.88	44.926	9848.88	51.0145	9848.88	42.9086	9848.88	47.7336	9848.88	50.9097	9848.88	51.3536	9848.88	57.6782	9848.88	46.9371	9848.88	48.7602	9848.88	56.7613	9848.88	48.4997	9848.88	48.7302	9848.88	53.8851	9848.88	53.162	9848.88	50.8279
10196.8	86.9203	10196.8	86.8981	10196.8	87.0381	10196.8	85.6886	10196.8	85.7959	10196.8	84.7959	10196.8	84.5595	10196.8	81.3489	10196.8	81.1568	10196.8	78.2918	10196.8	76.6516	10196.8	75.1521	10196.8	73.6115	10196.8	70.9721	10196.8	73.218	10196.8	62.7991	10196.8	68.9332	10196.8	63.712	10196.8	62.1336	10196.8	57.6138	10196.8	52.9675	10196.8	45.0227	10196.8	47.0961	10196.8	50.7865	10196.8	51.7974	10196.8	55.9114	10196.8	45.5191	10196.8	56.9672	10196.8	47.8725	10196.8	49.3953	10196.8	57.276	10196.8	52.451	10196.8	48.6418	10196.8	56.3347	10196.8	53.7817	10196.8	48.7417
10556.4	86.8862	10556.4	87.2304	10556.4	87.5303	10556.4	85.702	10556.4	86.046	10556.4	85.0898	10556.4	84.9156	10556.4	81.7393	10556.4	81.203	10556.4	77.649	10556.4	78.097	10556.4	74.9004	10556.4	75.5671	10556.4	69.9472	10556.4	69.6727	10556.4	63.141	10556.4	63.804	10556.4	61.2364	10556.4	62.1861	10556.4	52.7574	10556.4	55.5121	10556.4	45.7981	10556.4	55.2505	10556.4	54.0449	10556.4	49.123	10556.4	58.7485	10556.4	50.7012	10556.4	53.6785	10556.4	51.4856	10556.4	47.9578	10556.4	56.7222	10556.4	53.9542	10556.4	49.1071	10556.4	56.1034	10556.4	51.8739	10556.4	46.2745
10928.5	87.3703	10928.5	87.7741	10928.5	87.8645	10928.5	85.8728	10928.5	86.0646	10928.5	84.9857	10928.5	84.7212	10928.5	82.1191	10928.5	81.2678	10928.5	77.2938	10928.5	77.6044	10928.5	73.8099	10928.5	73.3707	10928.5	67.1433	10928.5	64.9827	10928.5	64.388	10928.5	61.2878	10928.5	59.9949	10928.5	54.7747	10928.5	53.0246	10928.5	61.139	10928.5	46.9689	10928.5	60.7844	10928.5	50.4422	10928.5	50.8963	10928.5	55.927	10928.5	50.8088	10928.5	52.9387	10928.5	50.1483	10928.5	45.0653	10928.5	54.6181	10928.5	43.928	10928.5	53.3072	10928.5	53.1792	10928.5	51.5978	10928.5	47.7023
11313.7	87.7767	11313.7	88.0201	11313.7	88.1201	11313.7	86.0191	11313.7	86.1993	11313.7	84.7712	11313.7	84.3499	11313.7	81.6939	11313.7	80.7435	11313.7	76.9189	11313.7	77.6769	11313.7	73.2107	11313.7	71.6542	11313.7	68.3642	11313.7	66.5957	11313.7	63.7119	11313.7	64.194	11313.7	61.2617	11313.7	56.626	11313.7	52.8496	11313.7	58.7454	11313.7	47.3763	11313.7	55.4093	11313.7	47.6109	11313.7	51.8789	11313.7	54.4936	11313.7	42.9306	11313.7	56.2535	11313.7	44.2199	11313.7	47.0249	11313.7	49.084	11313.7	47.3853	11313.7	53.5286	11313.7	52.8768	11313.7	48.073	11313.7	48.6558
11712.9	87.9232	11712.9	87.9367	11712.9	87.8737	11712.9	86.409	11712.9	86.2294	11712.9	84.6287	11712.9	83.8934	11712.9	81.3835	11712.9	81.0818	11712.9	76.5713	11712.9	76.4897	11712.9	70.9959	11712.9	73.2069	11712.9	69.7362	11712.9	68.0382	11712.9	64.6612	11712.9	66.9	11712.9	59.5315	11712.9	58.0638	11712.9	58.3166	11712.9	62.8454	11712.9	46.6361	11712.9	61.0465	11712.9	33.1296	11712.9	39.7106	11712.9	51.3818	11712.9	47.7108	11712.9	55.2666	11712.9	39.0171	11712.9	48.3901	11712.9	51.0395	11712.9	48.9778	11712.9	51.0408	11712.9	51.6799	11712.9	41.5376	11712.9	50.9231
12126	88.4817	12126	87.8103	12126	87.8761	12126	86.6447	12126	86.4894	12126	84.7257	12126	83.4505	12126	81.2011	12126	79.8446	12126	76.0425	12126	76.948	12126	70.2566	12126	72.6828	12126	69.8345	12126	65.2994	12126	62.3332	12126	63.7789	12126	54.8839	12126	56.2229	12126	52.6934	12126	62.817	12126	46.8741	12126	60.4089	12126	50.8352	12126	43.5914	12126	52.3055	12126	47.1097	12126	49.4908	12126	52.3418	12126	50.1042	12126	52.8997	12126	47.047	12126	24.054	12126	49.1938	12126	44.7997	12126	54.8534
12553.7	88.9267	12553.7	87.7954	12553.7	87.8999	12553.7	86.5763	12553.7	86.4894	12553.7	84.498	12553.7	83.2843	12553.7	81.2907	12553.7	79.4592	12553.7	76.0838	12553.7	76.3447	12553.7	71.1365	12553.7	69.9684	12553.7	68.5846	12553.7	64.2812	12553.7	61.1951	12553.7	57.125	12553.7	50.1509	12553.7	56.8066	12553.7	53.1658	12553.7	53.6661	12553.7	48.7696	12553.7	61.9274	12553.7	53.1151	12553.7	51.4605	12553.7	47.9201	12553.7	45.6095	12553.7	44.6139	12553.7	49.9815	12553.7	46.3467	12553.7	48.9251	12553.7	37.6654	12553.7	45.934	12553.7	28.4851	12553.7	50.3493	12553.7	55.1666
12996.1	88.928	12996.1	87.578	12996.1	87.6388	12996.1	86.6168	12996.1	86.3925	12996.1	84.2593	12996.1	83.261	12996.1	80.3302	12996.1	79.0715	12996.1	73.6935	12996.1	74.4971	12996.1	69.507	12996.1	66.9144	12996.1	68.3242	12996.1	63.9553	12996.1	64.4797	12996.1	55.3722	12996.1	51.6887	12996.1	53.4084	12996.1	53.3658	12996.1	56.5448	12996.1	48.3005	12996.1	65.25	12996.1	47.7232	12996.1	40.4543	12996.1	48.3676	12996.1	38.4498	12996.1	42.6725	12996.1	50.7451	12996.1	47.4053	12996.1	50.4292	12996.1	41.8782	12996.1	53.2133	12996.1	45.199	12996.1	52.2541	12996.1	55.164
13454.6	88.0528	13454.6	86.9058	13454.6	87.1229	13454.6	86.5997	13454.6	86.2016	13454.6	84.1924	13454.6	83.5365	13454.6	79.4013	13454.6	78.4793	13454.6	72.1652	13454.6	72.8434	13454.6	66.5905	13454.6	65.4889	13454.6	68.2478	13454.6	63.5324	13454.6	65.377	13454.6	59.5233	13454.6	50.3855	13454.6	44.0533	13454.6	56.0191	13454.6	59.8964	13454.6	47.1807	13454.6	65.3127	13454.6	51.4369	13454.6	52.9859	13454.6	52.0746	13454.6	46.488	13454.6	51.0571	13454.6	50.8402	13454.6	44.2419	13454.6	49.3997	13454.6	43.096	13454.6	53.9765	13454.6	46.7073	13454.6	53.4679	13454.6	51.2817
13928.5	87.1209	13928.5	86.2157	13928.5	86.6896	13928.5	86.2361	13928.5	85.3468	13928.5	83.7114	13928.5	82.5485	13928.5	78.304	13928.5	76.5526	13928.5	71.2826	13928.5	71.7258	13928.5	66.3945	13928.5	66.78	13928.5	66.8479	13928.5	63.2017	13928.5	64.9936	13928.5	62.431	13928.5	46.3645	13928.5	32.5888	13928.5	58.097	13928.5	58.3982	13928.5	47.9348	13928.5	63.7197	13928.5	50.8603	13928.5	54.7749	13928.5	49.6788	13928.5	41.0696	13928.5	50.4045	13928.5	52.1624	13928.5	43.9907	13928.5	40.6089	13928.5	29.6963	13928.5	54.0379	13928.5	40.1442	13928.5	53.4997	13928.5	47.929
14419.9	87.182	14419.9	86.6025	14419.9	86.9586	14419.9	85.9207	14419.9	84.7483	14419.9	83.2507	14419.9	81.3938	14419.9	78.1448	14419.9	75.7404	14419.9	70.9991	14419.9	72.107	14419.9	66.9623	14419.9	67.2867	14419.9	66.3637	14419.9	62.9055	14419.9	64.9713	14419.9	60.8181	14419.9	51.3705	14419.9	54.7126	14419.9	56.6165	14419.9	58.2789	14419.9	47.5514	14419.9	62.4189	14419.9	52.3048	14419.9	53.9344	14419.9	46.2374	14419.9	39.1133	14419.9	53.6245	14419.9	49.4335	14419.9	43.2189	14419.9	36.0653	14419.9	44.2758	14419.9	51.7251	14419.9	51.1267	14419.9	52.6178	14419.9	56.897
14928.2	88.5402	14928.2	87.7399	14928.2	88.0008	14928.2	86.0591	14928.2	84.9764	14928.2	82.8459	14928.2	80.6997	14928.2	76.8403	14928.2	74.0771	14928.2	68.2368	14928.2	71.8223	14928.2	61.0243	14928.2	67.1891	14928.2	60.5658	14928.2	60.4727	14928.2	59.6548	14928.2	59.399	14928.2	54.9681	14928.2	58.0779	14928.2	47.8243	14928.2	61.0574	14928.2	51.915	14928.2	61.9854	14928.2	56.1794	14928.2	53.015	14928.2	51.3079	14928.2	35.0777	14928.2	54.789	14928.2	50.2621	14928.2	47.279	14928.2	43.7383	14928.2	51.1596	14928.2	51.7385	14928.2	57.7833	14928.2	52.4223	14928.2	58.9773
15454.8	88.5726	15454.8	87.906	15454.8	87.6353	15454.8	86.2308	15454.8	85.1595	15454.8	82.4103	15454.8	80.6309	15454.8	75.2754	15454.8	73.4327	15454.8	66.4575	15454.8	70.4428	15454.8	63.086	15454.8	69.2045	15454.8	61.576	15454.8	63.849	15454.8	62.2378	15454.8	59.22	15454.8	55.3796	15454.8	58.1061	15454.8	58.1383	15454.8	57.867	15454.8	55.7413	15454.8	65.336	15454.8	60.8497	15454.8	55.1311	15454.8	54.6434	15454.8	30.2552	15454.8	57.4714	15454.8	52.3512	15454.8	50.8234	15454.8	48.0301	15454.8	55.2296	15454.8	56.1819	15454.8	59.0214	15454.8	56.5014	15454.8	61.2641
15999.8	88.0055	15999.8	87.6818	15999.8	86.7553	15999.8	86.3336	15999.8	85.0852	15999.8	81.9812	15999.8	80.1358	15999.8	75.2286	15999.8	72.6713	15999.8	68.64	15999.8	70.2262	15999.8	64.3885	15999.8	68.7331	15999.8	67.1258	15999.8	67.0006	15999.8	66.502	15999.8	55.3009	15999.8	53.7711	15999.8	56.9619	15999.8	61.0621	15999.8	59.2666	15999.8	56.214	15999.8	67.7706	15999.8	63.0585	15999.8	47.9153	15999.8	57.8784	15999.8	42.071	15999.8	59.5539	15999.8	54.3728	15999.8	51.3825	15999.8	51.5787	15999.8	57.4797	15999.8	57.4408	15999.8	59.8917	15999.8	56.9101	15999.8	61.8498
16564.5	87.8622	16564.5	87.1354	16564.5	85.1699	16564.5	85.8397	16564.5	84.5925	16564.5	81.1113	16564.5	79.5374	16564.5	75.8042	16564.5	73.4434	16564.5	69.986	16564.5	70.9102	16564.5	64.7569	16564.5	68.8979	16564.5	67.9729	16564.5	66.3887	16564.5	67.9735	16564.5	55.0368	16564.5	46.3162	16564.5	57.5605	16564.5	62.4443	16564.5	63.2451	16564.5	57.6292	16564.5	63.4262	16564.5	64.4701	16564.5	50.6982	16564.5	59.2981	16564.5	43.1656	16564.5	60.7065	16564.5	51.2515	16564.5	49.979	16564.5	54.5144	16564.5	57.2658	16564.5	58.6725	16564.5	58.4898	16564.5	57.3295	16564.5	62.3537
17148.2	88.3193	17148.2	87.1583	17148.2	85.4395	17148.2	85.745	17148.2	84.7833	17148.2	81.2495	17148.2	79.2686	17148.2	75.8452	17148.2	72.7571	17148.2	70.2121	17148.2	70.9049	17148.2	63.5258	17148.2	70.3408	17148.2	68.8142	17148.2	60.6098	17148.2	68.0239	17148.2	62.6311	17148.2	48.5098	17148.2	58.2405	17148.2	62.4316	17148.2	62.4182	17148.2	56.8856	17148.2	58.6906	17148.2	66.1721	17148.2	51.6629	17148.2	59.7753	17148.2	46.696	17148.2	60.519	17148.2	52.7923	17148.2	47.4825	17148.2	57.5934	17148.2	55.5228	17148.2	61.5521	17148.2	60.7779	17148.2	60.7086	17148.2	64.9268
17753.2	89.2315	17753.2	87.9002	17753.2	87.2419	17753.2	86.1204	17753.2	85.1474	17753.2	80.0473	17753.2	77.6499	17753.2	74.9144	17753.2	69.7347	17753.2	69.1302	17753.2	69.4676	17753.2	63.1288	17753.2	69.3439	17753.2	67.4867	17753.2	67.4621	17753.2	66.8775	17753.2	59.9971	17753.2	39.2186	17753.2	53.5375	17753.2	62.3188	17753.2	62.2342	17753.2	56.5857	17753.2	56.4678	17753.2	66.0637	17753.2	53.5236	17753.2	58.838	17753.2	46.6031	17753.2	59.7844	17753.2	53.5019	17753.2	53.2387	17753.2	57.4341	17753.2	56.8236	17753.2	63.6324	17753.2	62.8654	17753.2	62.5384	17753.2	67.1282
18379.4	89.323	18379.4	88.4479	18379.4	88.2719	18379.4	85.8955	18379.4	85.0074	18379.4	79.4286	18379.4	75.2101	18379.4	74.0533	18379.4	67.3071	18379.4	68.4928	18379.4	67.9544	18379.4	61.9699	18379.4	65.9925	18379.4	68.0943	18379.4	64.8498	18379.4	66.3987	18379.4	57.8396	18379.4	48.7483	18379.4	49.6564	18379.4	62.2052	18379.4	61.5768	18379.4	55.8568	18379.4	61.8031	18379.4	65.9091	18379.4	50.8149	18379.4	59.5291	18379.4	49.8189	18379.4	59.8107	18379.4	54.6637	18379.4	55.4885	18379.4	57.2864	18379.4	55.0689	18379.4	62.895	18379.4	62.6143	18379.4	63.6008	18379.4	66.11
19027.6	89.8821	19027.6	88.7812	19027.6	88.5342	19027.6	85.4756	19027.6	84.1961	19027.6	78.135	19027.6	73.3968	19027.6	73.1964	19027.6	65.6686	19027.6	67.9831	19027.6	67.3824	19027.6	63.7741	19027.6	67.7578	19027.6	69.039	19027.6	63.9164	19027.6	65.8091	19027.6	62.1143	19027.6	52.2977	19027.6	53.3907	19027.6	62.1225	19027.6	62.5567	19027.6	55.2537	19027.6	58.9957	19027.6	65.7964	19027.6	49.2435	19027.6	57.6342	19027.6	50.5919	19027.6	62.4936	19027.6	56.9058	19027.6	52.3498	19027.6	58.0513	19027.6	53.9266	19027.6	63.5824	19027.6	62.904	19027.6	63.6719	19027.6	67.4962
19698.5	89.7091	19698.5	88.7135	19698.5	88.4515	19698.5	84.9619	19698.5	82.9777	19698.5	75.9169	19698.5	70.4924	19698.5	71.7283	19698.5	62.1755	19698.5	68.6302	19698.5	65.1491	19698.5	65.3762	19698.5	68.4051	19698.5	70.3489	19698.5	65.6092	19698.5	64.6914	19698.5	62.6077	19698.5	54.8193	19698.5	53.2515	19698.5	58.8256	19698.5	59.1757	19698.5	51.8051	19698.5	58.7697	19698.5	63.382	19698.5	51.5637	19698.5	56.7825	19698.5	53.5652	19698.5	61.9689	19698.5	57.3454	19698.5	54.0195	19698.5	57.5726	19698.5	54.2377	19698.5	62.4348	19698.5	63.7307	19698.5	62.9096	19698.5	68.0809
19999.5	89.5677	19999.5	88.788	19999.5	88.3647	19999.5	84.6518	19999.5	82.3545	19999.5	75.741	19999.5	71.1165	19999.5	70.4837	19999.5	63.4955	19999.5	69.2046	19999.5	65.4002	19999.5	66.0076	19999.5	67.8428	19999.5	72.2828	19999.5	65.9279	19999.5	65.6439	19999.5	63.6767	19999.5	53.2354	19999.5	57.1012	19999.5	57.44	19999.5	58.5805	19999.5	52.0841	19999.5	55.4347	19999.5	60.1855	19999.5	53.4151	19999.5	57.4252	19999.5	54.7665	19999.5	62.0208	19999.5	59.4696	19999.5	55.9954	19999.5	59.6303	19999.5	55.9228	19999.5	62.8358	19999.5	63.9607	19999.5	62.7349	19999.5	67.6763
