"SPL Horizontal"																																																																							
"On-Axis"		"10°"		"-10°"		"20°"		"-20°"		"30°"		"-30°"		"40°"		"-40°"		"50°"		"-50°"		"60°"		"-60°"		"70°"		"-70°"		"80°"		"-80°"		"90°"		"-90°"		"100°"		"-100°"		"110°"		"-110°"		"120°"		"-120°"		"130°"		"-130°"		"140°"		"-140°"		"150°"		"-150°"		"160°"		"-160°"		"170°"		"-170°"		"180°"	
"Frequency / Hz"	"Sound Pressure Level / dB (re 20 µPa)  [2.83V at 1m]"	"Frequency / Hz"	"Sound Pressure Level / dB (re 20 µPa)  [2.83V at 1m]"	"Frequency / Hz"	"Sound Pressure Level / dB (re 20 µPa)  [2.83V at 1m]"	"Frequency / Hz"	"Sound Pressure Level / dB (re 20 µPa)  [2.83V at 1m]"	"Frequency / Hz"	"Sound Pressure Level / dB (re 20 µPa)  [2.83V at 1m]"	"Frequency / Hz"	"Sound Pressure Level / dB (re 20 µPa)  [2.83V at 1m]"	"Frequency / Hz"	"Sound Pressure Level / dB (re 20 µPa)  [2.83V at 1m]"	"Frequency / Hz"	"Sound Pressure Level / dB (re 20 µPa)  [2.83V at 1m]"	"Frequency / Hz"	"Sound Pressure Level / dB (re 20 µPa)  [2.83V at 1m]"	"Frequency / Hz"	"Sound Pressure Level / dB (re 20 µPa)  [2.83V at 1m]"	"Frequency / Hz"	"Sound Pressure Level / dB (re 20 µPa)  [2.83V at 1m]"	"Frequency / Hz"	"Sound Pressure Level / dB (re 20 µPa)  [2.83V at 1m]"	"Frequency / Hz"	"Sound Pressure Level / dB (re 20 µPa)  [2.83V at 1m]"	"Frequency / Hz"	"Sound Pressure Level / dB (re 20 µPa)  [2.83V at 1m]"	"Frequency / Hz"	"Sound Pressure Level / dB (re 20 µPa)  [2.83V at 1m]"	"Frequency / Hz"	"Sound Pressure Level / dB (re 20 µPa)  [2.83V at 1m]"	"Frequency / Hz"	"Sound Pressure Level / dB (re 20 µPa)  [2.83V at 1m]"	"Frequency / Hz"	"Sound Pressure Level / dB (re 20 µPa)  [2.83V at 1m]"	"Frequency / Hz"	"Sound Pressure Level / dB (re 20 µPa)  [2.83V at 1m]"	"Frequency / Hz"	"Sound Pressure Level / dB (re 20 µPa)  [2.83V at 1m]"	"Frequency / Hz"	"Sound Pressure Level / dB (re 20 µPa)  [2.83V at 1m]"	"Frequency / Hz"	"Sound Pressure Level / dB (re 20 µPa)  [2.83V at 1m]"	"Frequency / Hz"	"Sound Pressure Level / dB (re 20 µPa)  [2.83V at 1m]"	"Frequency / Hz"	"Sound Pressure Level / dB (re 20 µPa)  [2.83V at 1m]"	"Frequency / Hz"	"Sound Pressure Level / dB (re 20 µPa)  [2.83V at 1m]"	"Frequency / Hz"	"Sound Pressure Level / dB (re 20 µPa)  [2.83V at 1m]"	"Frequency / Hz"	"Sound Pressure Level / dB (re 20 µPa)  [2.83V at 1m]"	"Frequency / Hz"	"Sound Pressure Level / dB (re 20 µPa)  [2.83V at 1m]"	"Frequency / Hz"	"Sound Pressure Level / dB (re 20 µPa)  [2.83V at 1m]"	"Frequency / Hz"	"Sound Pressure Level / dB (re 20 µPa)  [2.83V at 1m]"	"Frequency / Hz"	"Sound Pressure Level / dB (re 20 µPa)  [2.83V at 1m]"	"Frequency / Hz"	"Sound Pressure Level / dB (re 20 µPa)  [2.83V at 1m]"	"Frequency / Hz"	"Sound Pressure Level / dB (re 20 µPa)  [2.83V at 1m]"	"Frequency / Hz"	"Sound Pressure Level / dB (re 20 µPa)  [2.83V at 1m]"	"Frequency / Hz"	"Sound Pressure Level / dB (re 20 µPa)  [2.83V at 1m]"	"Frequency / Hz"	"Sound Pressure Level / dB (re 20 µPa)  [2.83V at 1m]"
20.5078	70.8599	20.5078	70.8449	20.5078	70.9294	20.5078	70.8908	20.5078	71.0477	20.5078	71.0031	20.5078	71.2111	20.5078	71.1848	20.5078	71.4179	20.5078	71.4354	20.5078	71.6677	20.5078	71.7511	20.5078	71.9603	20.5078	72.1259	20.5078	72.2943	20.5078	72.5532	20.5078	72.6658	20.5078	73.0253	20.5078	73.0679	20.5078	73.5328	20.5078	73.491	20.5078	74.0629	20.5078	73.9255	20.5078	74.5992	20.5078	74.3638	20.5078	75.1217	20.5078	74.8018	20.5078	75.6057	20.5078	75.2368	20.5078	76.0204	20.5078	75.6588	20.5078	76.3291	20.5078	76.0404	20.5078	76.4962	20.5078	76.3363	20.5078	76.4982
21.2402	71.7976	21.2402	71.7976	21.2402	71.8438	21.2402	71.8456	21.2402	71.9352	21.2402	71.9438	21.2402	72.0719	21.2402	72.0941	21.2402	72.2549	21.2402	72.2979	21.2402	72.4854	21.2402	72.5554	21.2402	72.7644	21.2402	72.8651	21.2402	73.0911	21.2402	73.2236	21.2402	73.4617	21.2402	73.6247	21.2402	73.868	21.2402	74.059	21.2402	74.2977	21.2402	74.5149	21.2402	74.7358	21.2402	74.9792	21.2402	75.1675	21.2402	75.4377	21.2402	75.5803	21.2402	75.8729	21.2402	75.9634	21.2402	76.2613	21.2402	76.3046	21.2402	76.5723	21.2402	76.5837	21.2402	76.7735	21.2402	76.7725	21.2402	76.8415
21.9727	72.6579	21.9727	72.6235	21.9727	72.7364	21.9727	72.6358	21.9727	72.857	21.9727	72.6972	21.9727	73.0187	21.9727	72.8093	21.9727	73.221	21.9727	72.9725	21.9727	73.464	21.9727	73.1855	21.9727	73.747	21.9727	73.4461	21.9727	74.0678	21.9727	73.7507	21.9727	74.4212	21.9727	74.0944	21.9727	74.7978	21.9727	74.4699	21.9727	75.1844	21.9727	74.8674	21.9727	75.5655	21.9727	75.2752	21.9727	75.9259	21.9727	75.6807	21.9727	76.253	21.9727	76.0702	21.9727	76.5376	21.9727	76.4262	21.9727	76.7724	21.9727	76.7248	21.9727	76.9471	21.9727	76.9387	21.9727	77.0453	21.9727	77.0469
22.7051	71.3476	22.7051	71.326	22.7051	71.4107	22.7051	71.3476	22.7051	71.5145	22.7051	71.415	22.7051	71.6595	22.7051	71.5314	22.7051	71.8466	22.7051	71.7	22.7051	72.0769	22.7051	71.9234	22.7051	72.3509	22.7051	72.203	22.7051	72.6684	22.7051	72.5389	22.7051	73.0273	22.7051	72.9282	22.7051	73.4226	22.7051	73.3632	22.7051	73.8453	22.7051	73.8307	22.7051	74.2823	22.7051	74.3119	22.7051	74.7162	22.7051	74.7854	22.7051	75.1271	22.7051	75.2291	22.7051	75.4953	22.7051	75.6199	22.7051	75.8046	22.7051	75.9326	22.7051	76.0412	22.7051	76.141	22.7051	76.1886	22.7051	76.2268
23.4375	73.3551	23.4375	73.3524	23.4375	73.3989	23.4375	73.391	23.4375	73.484	23.4375	73.4709	23.4375	73.6106	23.4375	73.5924	23.4375	73.779	23.4375	73.755	23.4375	73.9893	23.4375	73.9585	23.4375	74.241	23.4375	74.2019	23.4375	74.5328	23.4375	74.484	23.4375	74.8618	23.4375	74.8024	23.4375	75.2221	23.4375	75.152	23.4375	75.6041	23.4375	75.5249	23.4375	75.994	23.4375	75.9104	23.4375	76.375	23.4375	76.2964	23.4375	76.7301	23.4375	76.6695	23.4375	77.0446	23.4375	77.0126	23.4375	77.3054	23.4375	77.3018	23.4375	77.4986	23.4375	77.5096	23.4375	77.6072	23.4375	77.6138
24.1699	73.2533	24.1699	73.2265	24.1699	73.3244	24.1699	73.2455	24.1699	73.4383	24.1699	73.312	24.1699	73.5938	24.1699	73.4262	24.1699	73.7904	24.1699	73.5873	24.1699	74.0275	24.1699	73.793	24.1699	74.3044	24.1699	74.0399	24.1699	74.6197	24.1699	74.3243	24.1699	74.9707	24.1699	74.6417	24.1699	75.3521	24.1699	74.9869	24.1699	75.7548	24.1699	75.3527	24.1699	76.1642	24.1699	75.7308	24.1699	76.5607	24.1699	76.1121	24.1699	76.9218	24.1699	76.4864	24.1699	77.2251	24.1699	76.8401	24.1699	77.4525	24.1699	77.1541	24.1699	77.5908	24.1699	77.4043	24.1699	77.631	24.1699	77.568
25.6348	74.3379	25.6348	74.3645	25.6348	74.342	25.6348	74.4216	25.6348	74.3767	25.6348	74.5084	25.6348	74.4421	25.6348	74.6238	25.6348	74.5387	25.6348	74.7658	25.6348	74.6673	25.6348	74.9323	25.6348	74.8293	25.6348	75.1218	25.6348	75.0262	25.6348	75.3332	25.6348	75.2589	25.6348	75.5661	25.6348	75.526	25.6348	75.8194	25.6348	75.8228	25.6348	76.09	25.6348	76.1402	25.6348	76.372	25.6348	76.465	25.6348	76.6572	25.6348	76.7818	25.6348	76.9354	25.6348	77.074	25.6348	77.1937	25.6348	77.3242	25.6348	77.4134	25.6348	77.5138	25.6348	77.5711	25.6348	77.6252	25.6348	77.6452
26.3672	74.9132	26.3672	74.9205	26.3672	74.9382	26.3672	74.9599	26.3672	74.9962	26.3672	75.0306	26.3672	75.0877	26.3672	75.1314	26.3672	75.2135	26.3672	75.2609	26.3672	75.3743	26.3672	75.4173	26.3672	75.5706	26.3672	75.5991	26.3672	75.8019	26.3672	75.8048	26.3672	76.0659	26.3672	76.0329	26.3672	76.3574	26.3672	76.2809	26.3672	76.6672	26.3672	76.5444	26.3672	76.9822	26.3672	76.8169	26.3672	77.2868	26.3672	77.0903	26.3672	77.5652	26.3672	77.3569	26.3672	77.8031	26.3672	77.6084	26.3672	77.9881	26.3672	77.8324	26.3672	78.1092	26.3672	78.0105	26.3672	78.1563	26.3672	78.1229
27.0996	75.4871	27.0996	75.4997	27.0996	75.5032	27.0996	75.5403	27.0996	75.5489	27.0996	75.6079	27.0996	75.6246	27.0996	75.7012	27.0996	75.7309	27.0996	75.8188	27.0996	75.868	27.0996	75.9588	27.0996	76.0361	27.0996	76.1192	27.0996	76.2353	27.0996	76.2979	27.0996	76.4646	27.0996	76.4923	27.0996	76.7212	27.0996	76.6995	27.0996	76.9992	27.0996	76.9159	27.0996	77.288	27.0996	77.137	27.0996	77.5719	27.0996	77.3589	27.0996	77.8316	27.0996	77.5788	27.0996	78.048	27.0996	77.7925	27.0996	78.2065	27.0996	77.9904	27.0996	78.2984	27.0996	78.1562	27.0996	78.3199	27.0996	78.2707
27.832	76.1189	27.832	76.1321	27.832	76.132	27.832	76.1708	27.832	76.1721	27.832	76.2342	27.832	76.2398	27.832	76.3216	27.832	76.3359	27.832	76.4321	27.832	76.461	27.832	76.5645	27.832	76.6157	27.832	76.7174	27.832	76.8004	27.832	76.889	27.832	77.0144	27.832	77.0772	27.832	77.2548	27.832	77.2791	27.832	77.514	27.832	77.4905	27.832	77.7797	27.832	77.7059	27.832	78.0354	27.832	77.9194	27.832	78.2639	27.832	78.125	27.832	78.4516	27.832	78.3164	27.832	78.5912	27.832	78.484	27.832	78.6798	27.832	78.6142	27.832	78.715	27.832	78.6934
29.2969	76.3338	29.2969	76.3356	29.2969	76.3517	29.2969	76.3565	29.2969	76.3897	29.2969	76.3958	29.2969	76.4482	29.2969	76.4526	29.2969	76.5273	29.2969	76.5263	29.2969	76.6268	29.2969	76.6161	29.2969	76.7465	29.2969	76.7217	29.2969	76.8849	29.2969	76.8425	29.2969	77.0396	29.2969	76.9779	29.2969	77.2066	29.2969	77.1261	29.2969	77.38	29.2969	77.2843	29.2969	77.553	29.2969	77.4478	29.2969	77.7185	29.2969	77.6117	29.2969	77.8699	29.2969	77.7714	29.2969	78.001	29.2969	77.9221	29.2969	78.1071	29.2969	78.0552	29.2969	78.183	29.2969	78.157	29.2969	78.2214	29.2969	78.2142
30.0293	76.4355	30.0293	76.4401	30.0293	76.4508	30.0293	76.4639	30.0293	76.4865	30.0293	76.5063	30.0293	76.5434	30.0293	76.5669	30.0293	76.6221	30.0293	76.6451	30.0293	76.723	30.0293	76.7404	30.0293	76.8459	30.0293	76.8525	30.0293	76.9899	30.0293	76.9808	30.0293	77.1528	30.0293	77.125	30.0293	77.3311	30.0293	77.284	30.0293	77.5202	30.0293	77.456	30.0293	77.714	30.0293	77.6372	30.0293	77.9052	30.0293	77.8227	30.0293	78.0852	30.0293	78.0064	30.0293	78.2447	30.0293	78.1803	30.0293	78.3747	30.0293	78.332	30.0293	78.4673	30.0293	78.4458	30.0293	78.5143	30.0293	78.5082
31.4941	77.4528	31.4941	77.4298	31.4941	77.4952	31.4941	77.4262	31.4941	77.5565	31.4941	77.4419	31.4941	77.6357	31.4941	77.4762	31.4941	77.7317	31.4941	77.5281	31.4941	77.8431	31.4941	77.5964	31.4941	77.9683	31.4941	77.6797	31.4941	78.1056	31.4941	77.7769	31.4941	78.2528	31.4941	77.8866	31.4941	78.407	31.4941	78.0078	31.4941	78.564	31.4941	78.1389	31.4941	78.7181	31.4941	78.2783	31.4941	78.8617	31.4941	78.4244	31.4941	78.9861	31.4941	78.5752	31.4941	79.0828	31.4941	78.7271	31.4941	79.1448	31.4941	78.872	31.4941	79.1682	31.4941	78.9982	31.4941	79.1513	31.4941	79.0938
32.2266	77.7384	32.2266	77.71	32.2266	77.7828	32.2266	77.6981	32.2266	77.8425	32.2266	77.703	32.2266	77.9167	32.2266	77.7247	32.2266	78.0045	32.2266	77.763	32.2266	78.1049	32.2266	77.8174	32.2266	78.2167	32.2266	77.8872	32.2266	78.3381	32.2266	77.9716	32.2266	78.4672	32.2266	78.0701	32.2266	78.6012	32.2266	78.1818	32.2266	78.7364	32.2266	78.3055	32.2266	78.8678	32.2266	78.439	32.2266	78.9889	32.2266	78.5796	32.2266	79.0928	32.2266	78.7234	32.2266	79.173	32.2266	78.865	32.2266	79.2253	32.2266	78.9964	32.2266	79.2467	32.2266	79.1073	32.2266	79.2351	32.2266	79.1885
33.6914	78.2978	33.6914	78.2974	33.6914	78.3145	33.6914	78.313	33.6914	78.347	33.6914	78.3442	33.6914	78.3948	33.6914	78.3903	33.6914	78.457	33.6914	78.4502	33.6914	78.5324	33.6914	78.5226	33.6914	78.6199	33.6914	78.6064	33.6914	78.7178	33.6914	78.7004	33.6914	78.8247	33.6914	78.8041	33.6914	78.9386	33.6914	78.9171	33.6914	79.0577	33.6914	79.039	33.6914	79.1807	33.6914	79.1687	33.6914	79.3067	33.6914	79.3038	33.6914	79.4345	33.6914	79.44	33.6914	79.5598	33.6914	79.5704	33.6914	79.6736	33.6914	79.6852	33.6914	79.7628	33.6914	79.7716	33.6914	79.8136	33.6914	79.8169
34.4238	78.3182	34.4238	78.3236	34.4238	78.3319	34.4238	78.348	34.4238	78.3646	34.4238	78.3908	34.4238	78.4157	34.4238	78.4511	34.4238	78.4844	34.4238	78.5277	34.4238	78.5696	34.4238	78.6191	34.4238	78.67	34.4238	78.7235	34.4238	78.7841	34.4238	78.8398	34.4238	78.9106	34.4238	78.9666	34.4238	79.0487	34.4238	79.1031	34.4238	79.1981	34.4238	79.2487	34.4238	79.3588	34.4238	79.4024	34.4238	79.5293	34.4238	79.562	34.4238	79.7043	34.4238	79.723	34.4238	79.8727	34.4238	79.8779	34.4238	80.0186	34.4238	80.0148	34.4238	80.1254	34.4238	80.1194	34.4238	80.1804	34.4238	80.1777
35.8887	78.9616	35.8887	78.963	35.8887	78.9783	35.8887	78.9824	35.8887	79.0126	35.8887	79.0197	35.8887	79.064	35.8887	79.0746	35.8887	79.1318	35.8887	79.1465	35.8887	79.2151	35.8887	79.235	35.8887	79.3132	35.8887	79.3391	35.8887	79.425	35.8887	79.458	35.8887	79.5496	35.8887	79.5903	35.8887	79.6857	35.8887	79.7343	35.8887	79.8317	35.8887	79.8876	35.8887	79.9853	35.8887	80.0469	35.8887	80.1426	35.8887	80.2072	35.8887	80.2983	35.8887	80.3619	35.8887	80.4445	35.8887	80.5026	35.8887	80.5714	35.8887	80.6188	35.8887	80.6683	35.8887	80.6997	35.8887	80.7255	35.8887	80.7366
37.3535	79.7682	37.3535	79.7623	37.3535	79.7872	37.3535	79.7698	37.3535	79.8186	37.3535	79.791	37.3535	79.8617	37.3535	79.8259	37.3535	79.9157	37.3535	79.8744	37.3535	79.9798	37.3535	79.9363	37.3535	80.053	37.3535	80.0109	37.3535	80.1348	37.3535	80.0976	37.3535	80.2243	37.3535	80.1951	37.3535	80.3213	37.3535	80.3023	37.3535	80.4252	37.3535	80.4175	37.3535	80.5354	37.3535	80.5387	37.3535	80.65	37.3535	80.663	37.3535	80.7652	37.3535	80.7855	37.3535	80.8752	37.3535	80.8993	37.3535	80.9722	37.3535	80.9953	37.3535	81.0471	37.3535	81.0639	37.3535	81.0909	37.3535	81.0971
38.8184	80.4433	38.8184	80.4388	38.8184	80.4594	38.8184	80.4461	38.8184	80.4868	38.8184	80.465	38.8184	80.5249	38.8184	80.4954	38.8184	80.573	38.8184	80.5368	38.8184	80.6304	38.8184	80.5885	38.8184	80.6963	38.8184	80.65	38.8184	80.7697	38.8184	80.7203	38.8184	80.8501	38.8184	80.7987	38.8184	80.9366	38.8184	80.8845	38.8184	81.0284	38.8184	80.977	38.8184	81.1241	38.8184	81.075	38.8184	81.2217	38.8184	81.1764	38.8184	81.3175	38.8184	81.2776	38.8184	81.4064	38.8184	81.3731	38.8184	81.4814	38.8184	81.4559	38.8184	81.5351	38.8184	81.5188	38.8184	81.5609	38.8184	81.5552
39.5508	80.7032	39.5508	80.7042	39.5508	80.7132	39.5508	80.7163	39.5508	80.7338	39.5508	80.7394	39.5508	80.7647	39.5508	80.7734	39.5508	80.8054	39.5508	80.818	39.5508	80.8554	39.5508	80.8728	39.5508	80.9141	39.5508	80.9373	39.5508	80.981	39.5508	81.0111	39.5508	81.0559	39.5508	81.0934	39.5508	81.1386	39.5508	81.1836	39.5508	81.2289	39.5508	81.2807	39.5508	81.3266	39.5508	81.383	39.5508	81.4299	39.5508	81.4877	39.5508	81.5355	39.5508	81.5902	39.5508	81.6373	39.5508	81.6841	39.5508	81.7271	39.5508	81.7624	39.5508	81.796	39.5508	81.8175	39.5508	81.8361	39.5508	81.8434
41.0156	81.3115	41.0156	81.3104	41.0156	81.3218	41.0156	81.3186	41.0156	81.3408	41.0156	81.3363	41.0156	81.3679	41.0156	81.3633	41.0156	81.4023	41.0156	81.3996	41.0156	81.4434	41.0156	81.4448	41.0156	81.4903	41.0156	81.4986	41.0156	81.5422	41.0156	81.5603	41.0156	81.5985	41.0156	81.6295	41.0156	81.6592	41.0156	81.7055	41.0156	81.7243	41.0156	81.7875	41.0156	81.7948	41.0156	81.8744	41.0156	81.8713	41.0156	81.9639	41.0156	81.9533	41.0156	82.052	41.0156	82.0382	41.0156	82.1324	41.0156	82.1198	41.0156	82.1975	41.0156	82.1891	41.0156	82.2399	41.0156	82.2361	41.0156	82.2537
42.4805	81.9904	42.4805	81.9935	42.4805	81.9929	42.4805	82.0026	42.4805	82.0008	42.4805	82.0177	42.4805	82.0137	42.4805	82.0388	42.4805	82.031	42.4805	82.0659	42.4805	82.0521	42.4805	82.0986	42.4805	82.0767	42.4805	82.1367	42.4805	82.1041	42.4805	82.1795	42.4805	82.1343	42.4805	82.2266	42.4805	82.1675	42.4805	82.2777	42.4805	82.2046	42.4805	82.3326	42.4805	82.2467	42.4805	82.3907	42.4805	82.2953	42.4805	82.4506	42.4805	82.3513	42.4805	82.5087	42.4805	82.4135	42.4805	82.5597	42.4805	82.4779	42.4805	82.5972	42.4805	82.5376	42.4805	82.6156	42.4805	82.5844	42.4805	82.6115
43.9453	82.5355	43.9453	82.5427	43.9453	82.533	43.9453	82.5548	43.9453	82.5349	43.9453	82.5716	43.9453	82.5408	43.9453	82.5932	43.9453	82.5502	43.9453	82.6192	43.9453	82.5624	43.9453	82.6493	43.9453	82.5769	43.9453	82.6832	43.9453	82.5931	43.9453	82.7203	43.9453	82.6109	43.9453	82.7601	43.9453	82.6307	43.9453	82.8022	43.9453	82.6535	43.9453	82.8462	43.9453	82.6811	43.9453	82.8915	43.9453	82.716	43.9453	82.9364	43.9453	82.7601	43.9453	82.9775	43.9453	82.8135	43.9453	83.0104	43.9453	82.8731	43.9453	83.0303	43.9453	82.9324	43.9453	83.0335	43.9453	82.9829	43.9453	83.0178
45.4102	82.9953	45.4102	83.0031	45.4102	82.9924	45.4102	83.0159	45.4102	82.994	45.4102	83.0341	45.4102	82.9994	45.4102	83.0576	45.4102	83.0082	45.4102	83.0865	45.4102	83.0195	45.4102	83.1205	45.4102	83.0329	45.4102	83.1593	45.4102	83.0477	45.4102	83.2021	45.4102	83.064	45.4102	83.2482	45.4102	83.0821	45.4102	83.2966	45.4102	83.1034	45.4102	83.3465	45.4102	83.1301	45.4102	83.3967	45.4102	83.1647	45.4102	83.4448	45.4102	83.2094	45.4102	83.4868	45.4102	83.2648	45.4102	83.5173	45.4102	83.3282	45.4102	83.5311	45.4102	83.3934	45.4102	83.5248	45.4102	83.4525	45.4102	83.4979
47.6074	83.3518	47.6074	83.3626	47.6074	83.3444	47.6074	83.3773	47.6074	83.3403	47.6074	83.3962	47.6074	83.339	47.6074	83.4193	47.6074	83.3402	47.6074	83.4466	47.6074	83.3433	47.6074	83.4781	47.6074	83.3479	47.6074	83.513	47.6074	83.3538	47.6074	83.5508	47.6074	83.3608	47.6074	83.5902	47.6074	83.3694	47.6074	83.6301	47.6074	83.3808	47.6074	83.6693	47.6074	83.3968	47.6074	83.7061	47.6074	83.42	47.6074	83.7382	47.6074	83.4526	47.6074	83.7623	47.6074	83.4958	47.6074	83.7744	47.6074	83.5484	47.6074	83.7708	47.6074	83.6064	47.6074	83.7501	47.6074	83.6636	47.6074	83.7133
49.0723	83.7057	49.0723	83.7128	49.0723	83.7012	49.0723	83.7228	49.0723	83.6992	49.0723	83.7359	49.0723	83.6992	49.0723	83.752	49.0723	83.701	49.0723	83.7713	49.0723	83.7041	49.0723	83.7935	49.0723	83.708	49.0723	83.8181	49.0723	83.7124	49.0723	83.8445	49.0723	83.7167	49.0723	83.8717	49.0723	83.7211	49.0723	83.8988	49.0723	83.726	49.0723	83.9245	49.0723	83.7324	49.0723	83.9478	49.0723	83.7423	49.0723	83.967	49.0723	83.7577	49.0723	83.9797	49.0723	83.7804	49.0723	83.983	49.0723	83.8109	49.0723	83.9746	49.0723	83.8475	49.0723	83.9542	49.0723	83.8866	49.0723	83.9236
50.5371	83.9725	50.5371	83.9835	50.5371	83.9624	50.5371	83.9956	50.5371	83.9529	50.5371	84.009	50.5371	83.9438	50.5371	84.0238	50.5371	83.9349	50.5371	84.0399	50.5371	83.9259	50.5371	84.0571	50.5371	83.9165	50.5371	84.0747	50.5371	83.9067	50.5371	84.0917	50.5371	83.8962	50.5371	84.1071	50.5371	83.8855	50.5371	84.1197	50.5371	83.8751	50.5371	84.1284	50.5371	83.8668	50.5371	84.1326	50.5371	83.8626	50.5371	84.1314	50.5371	83.8653	50.5371	84.1235	50.5371	83.8771	50.5371	84.1077	50.5371	83.8993	50.5371	84.0829	50.5371	83.9311	50.5371	84.0498	50.5371	83.9697	50.5371	84.0108
52.7344	84.4278	52.7344	84.44	52.7344	84.4158	52.7344	84.4523	52.7344	84.4037	52.7344	84.4649	52.7344	84.3916	52.7344	84.4774	52.7344	84.3791	52.7344	84.4896	52.7344	84.3659	52.7344	84.5009	52.7344	84.3516	52.7344	84.5104	52.7344	84.3358	52.7344	84.517	52.7344	84.3179	52.7344	84.5193	52.7344	84.2975	52.7344	84.5159	52.7344	84.2743	52.7344	84.5055	52.7344	84.2489	52.7344	84.4873	52.7344	84.223	52.7344	84.4609	52.7344	84.1997	52.7344	84.4264	52.7344	84.1834	52.7344	84.3847	52.7344	84.1782	52.7344	84.3378	52.7344	84.1868	52.7344	84.2896	52.7344	84.2097	52.7344	84.2452
54.1992	84.6615	54.1992	84.6817	54.1992	84.6398	54.1992	84.7004	54.1992	84.6164	54.1992	84.7178	54.1992	84.5911	54.1992	84.7334	54.1992	84.5635	54.1992	84.7465	54.1992	84.5335	54.1992	84.7563	54.1992	84.5009	54.1992	84.7612	54.1992	84.4657	54.1992	84.7593	54.1992	84.4278	54.1992	84.7487	54.1992	84.3878	54.1992	84.7275	54.1992	84.3465	54.1992	84.6943	54.1992	84.3053	54.1992	84.6485	54.1992	84.2661	54.1992	84.591	54.1992	84.2314	54.1992	84.5237	54.1992	84.2045	54.1992	84.4503	54.1992	84.1894	54.1992	84.376	54.1992	84.1903	54.1992	84.307	54.1992	84.2103	54.1992	84.25
56.3965	84.8047	56.3965	84.819	56.3965	84.7884	56.3965	84.8316	56.3965	84.7697	56.3965	84.8423	56.3965	84.7484	56.3965	84.8508	56.3965	84.7241	56.3965	84.8565	56.3965	84.6963	56.3965	84.8578	56.3965	84.6647	56.3965	84.8529	56.3965	84.6287	56.3965	84.8394	56.3965	84.5875	56.3965	84.8145	56.3965	84.5406	56.3965	84.7758	56.3965	84.487	56.3965	84.7216	56.3965	84.4266	56.3965	84.6518	56.3965	84.3604	56.3965	84.5684	56.3965	84.2918	56.3965	84.4757	56.3965	84.227	56.3965	84.3805	56.3965	84.1742	56.3965	84.291	56.3965	84.1423	56.3965	84.2158	56.3965	84.1377	56.3965	84.1629
58.5938	84.8993	58.5938	84.9094	58.5938	84.8904	58.5938	84.9215	58.5938	84.8819	58.5938	84.9357	58.5938	84.8724	58.5938	84.9515	58.5938	84.8606	58.5938	84.9675	58.5938	84.8453	58.5938	84.9816	58.5938	84.8252	58.5938	84.9908	58.5938	84.7995	58.5938	84.9918	58.5938	84.7678	58.5938	84.9809	58.5938	84.7298	58.5938	84.9547	58.5938	84.6858	58.5938	84.9108	58.5938	84.6367	58.5938	84.8485	58.5938	84.5835	58.5938	84.7699	58.5938	84.5279	58.5938	84.6802	58.5938	84.473	58.5938	84.5879	58.5938	84.4242	58.5938	84.5031	58.5938	84.3895	58.5938	84.4354	58.5938	84.3771	58.5938	84.3922
60.0586	84.8071	60.0586	84.795	60.0586	84.8226	60.0586	84.7869	60.0586	84.8405	60.0586	84.7836	60.0586	84.8599	60.0586	84.785	60.0586	84.8794	60.0586	84.7907	60.0586	84.8977	60.0586	84.7995	60.0586	84.9128	60.0586	84.8094	60.0586	84.9227	60.0586	84.8176	60.0586	84.9251	60.0586	84.8209	60.0586	84.9176	60.0586	84.816	60.0586	84.8983	60.0586	84.8002	60.0586	84.8657	60.0586	84.7716	60.0586	84.8199	60.0586	84.7309	60.0586	84.7625	60.0586	84.6816	60.0586	84.6985	60.0586	84.6302	60.0586	84.6357	60.0586	84.5846	60.0586	84.5837	60.0586	84.5526	60.0586	84.5504	60.0586	84.5401
62.2559	84.8022	62.2559	84.8081	62.2559	84.798	62.2559	84.8151	62.2559	84.7961	62.2559	84.823	62.2559	84.7975	62.2559	84.8314	62.2559	84.8029	62.2559	84.8402	62.2559	84.813	62.2559	84.849	62.2559	84.8275	62.2559	84.8567	62.2559	84.8456	62.2559	84.8621	62.2559	84.8653	62.2559	84.8631	62.2559	84.8836	62.2559	84.8574	62.2559	84.8962	62.2559	84.8426	62.2559	84.8982	62.2559	84.8176	62.2559	84.8856	62.2559	84.7827	62.2559	84.8567	62.2559	84.7415	62.2559	84.8137	62.2559	84.7	62.2559	84.7626	62.2559	84.666	62.2559	84.7122	62.2559	84.6472	62.2559	84.6718	62.2559	84.6489
64.4531	84.6981	64.4531	84.7028	64.4531	84.6946	64.4531	84.7082	64.4531	84.6926	64.4531	84.7142	64.4531	84.6926	64.4531	84.7206	64.4531	84.6948	64.4531	84.7269	64.4531	84.6995	64.4531	84.7325	64.4531	84.7065	64.4531	84.7358	64.4531	84.7148	64.4531	84.735	64.4531	84.7231	64.4531	84.7277	64.4531	84.7291	64.4531	84.7111	64.4531	84.73	64.4531	84.6829	64.4531	84.7222	64.4531	84.6422	64.4531	84.7026	64.4531	84.5907	64.4531	84.6689	64.4531	84.5335	64.4531	84.6216	64.4531	84.4792	64.4531	84.5648	64.4531	84.4379	64.4531	84.5064	64.4531	84.4183	64.4531	84.4566	64.4531	84.425
66.6504	84.6228	66.6504	84.6186	66.6504	84.6269	66.6504	84.6146	66.6504	84.6308	66.6504	84.6114	66.6504	84.6344	66.6504	84.6092	66.6504	84.6381	66.6504	84.6079	66.6504	84.6419	66.6504	84.607	66.6504	84.6456	66.6504	84.6048	66.6504	84.6487	66.6504	84.599	66.6504	84.6496	66.6504	84.5865	66.6504	84.6461	66.6504	84.5641	66.6504	84.6349	66.6504	84.5289	66.6504	84.6127	66.6504	84.4801	66.6504	84.5768	66.6504	84.4196	66.6504	84.5262	66.6504	84.3535	66.6504	84.4626	66.6504	84.2912	66.6504	84.3913	66.6504	84.2439	66.6504	84.3211	66.6504	84.2209	66.6504	84.263	66.6504	84.2275
69.5801	84.4251	69.5801	84.4251	69.5801	84.4242	69.5801	84.4242	69.5801	84.4235	69.5801	84.4226	69.5801	84.4238	69.5801	84.4205	69.5801	84.4265	69.5801	84.4184	69.5801	84.4325	69.5801	84.416	69.5801	84.4421	69.5801	84.4127	69.5801	84.4545	69.5801	84.4065	69.5801	84.4675	69.5801	84.3949	69.5801	84.4776	69.5801	84.3744	69.5801	84.4799	69.5801	84.3423	69.5801	84.4691	69.5801	84.2967	69.5801	84.4405	69.5801	84.2389	69.5801	84.3916	69.5801	84.1742	69.5801	84.3241	69.5801	84.112	69.5801	84.2444	69.5801	84.0643	69.5801	84.1636	69.5801	84.0422	69.5801	84.0955	69.5801	84.0526
71.7773	84.2832	71.7773	84.2856	71.7773	84.278	71.7773	84.2847	71.7773	84.2711	71.7773	84.2804	71.7773	84.2642	71.7773	84.273	71.7773	84.259	71.7773	84.2626	71.7773	84.2573	71.7773	84.2493	71.7773	84.2601	71.7773	84.2325	71.7773	84.2675	71.7773	84.2108	71.7773	84.2778	71.7773	84.1824	71.7773	84.2879	71.7773	84.1451	71.7773	84.2928	71.7773	84.097	71.7773	84.2863	71.7773	84.038	71.7773	84.2621	71.7773	83.9711	71.7773	84.2159	71.7773	83.9027	71.7773	84.147	71.7773	83.8433	71.7773	84.0606	71.7773	83.8046	71.7773	83.9679	71.7773	83.7963	71.7773	83.8839	71.7773	83.8235
73.9746	84.3504	73.9746	84.3474	73.9746	84.3466	73.9746	84.3373	73.9746	84.3365	73.9746	84.3205	73.9746	84.3214	73.9746	84.2975	73.9746	84.3027	73.9746	84.2688	73.9746	84.2817	73.9746	84.2347	73.9746	84.2599	73.9746	84.195	73.9746	84.2378	73.9746	84.1486	73.9746	84.215	73.9746	84.094	73.9746	84.1895	73.9746	84.0291	73.9746	84.1577	73.9746	83.9524	73.9746	84.1147	73.9746	83.864	73.9746	84.0559	73.9746	83.7669	73.9746	83.9778	73.9746	83.6689	73.9746	83.8812	73.9746	83.5815	73.9746	83.7723	73.9746	83.5188	73.9746	83.6635	73.9746	83.493	73.9746	83.5711	73.9746	83.5109
76.9043	84.1508	76.9043	84.1377	76.9043	84.1573	76.9043	84.1173	76.9043	84.1578	76.9043	84.0893	76.9043	84.1535	76.9043	84.0535	76.9043	84.1451	76.9043	84.0098	76.9043	84.1334	76.9043	83.958	76.9043	84.1182	76.9043	83.8974	76.9043	84.0987	76.9043	83.8273	76.9043	84.0727	76.9043	83.7467	76.9043	84.0371	76.9043	83.6547	76.9043	83.9877	76.9043	83.5516	76.9043	83.92	76.9043	83.4394	76.9043	83.8305	76.9043	83.3233	76.9043	83.7178	76.9043	83.2127	76.9043	83.5847	76.9043	83.1207	76.9043	83.4395	76.9043	83.0618	76.9043	83.2962	76.9043	83.0484	76.9043	83.1727	76.9043	83.0863
79.834	83.9938	79.834	83.9881	79.834	83.9885	79.834	83.9704	79.834	83.9734	79.834	83.9399	79.834	83.9501	79.834	83.8963	79.834	83.92	79.834	83.839	79.834	83.8844	79.834	83.7677	79.834	83.8439	79.834	83.682	79.834	83.7982	79.834	83.5816	79.834	83.7457	79.834	83.4661	79.834	83.6835	79.834	83.3361	79.834	83.6074	79.834	83.1936	79.834	83.513	79.834	83.0429	79.834	83.3969	79.834	82.8912	79.834	83.2586	79.834	82.7496	79.834	83.1021	79.834	82.6322	79.834	82.9373	79.834	82.5541	79.834	82.7796	79.834	82.5279	79.834	82.6479	79.834	82.5601
82.7637	83.7647	82.7637	83.7909	82.7637	83.7315	82.7637	83.8086	82.7637	83.6922	82.7637	83.8161	82.7637	83.6476	82.7637	83.8113	82.7637	83.598	82.7637	83.7912	82.7637	83.543	82.7637	83.7522	82.7637	83.4813	82.7637	83.6898	82.7637	83.4105	82.7637	83.5992	82.7637	83.3274	82.7637	83.476	82.7637	83.228	82.7637	83.3166	82.7637	83.1084	82.7637	83.1204	82.7637	82.9656	82.7637	82.8913	82.7637	82.7985	82.7637	82.6393	82.7637	82.6095	82.7637	82.3823	82.7637	82.4063	82.7637	82.1457	82.7637	82.2032	82.7637	81.9584	82.7637	82.0212	82.7637	81.8457	82.7637	81.886	82.7637	81.8222
85.6934	82.9874	85.6934	82.9535	85.6934	83.0204	85.6934	82.9199	85.6934	83.0518	85.6934	82.889	85.6934	83.0816	85.6934	82.8635	85.6934	83.1103	85.6934	82.8461	85.6934	83.1379	85.6934	82.8392	85.6934	83.1638	85.6934	82.8433	85.6934	83.1859	85.6934	82.8575	85.6934	83.2007	85.6934	82.8782	85.6934	83.2038	85.6934	82.8998	85.6934	83.1898	85.6934	82.9151	85.6934	83.1543	85.6934	82.9169	85.6934	83.0952	85.6934	82.8995	85.6934	83.0141	85.6934	82.8612	85.6934	82.9185	85.6934	82.8063	85.6934	82.8212	85.6934	82.746	85.6934	82.7387	85.6934	82.6961	85.6934	82.6863	85.6934	82.6726
88.623	83.2765	88.623	83.2372	88.623	83.3049	88.623	83.1859	88.623	83.3242	88.623	83.122	88.623	83.336	88.623	83.0452	88.623	83.3419	88.623	82.9558	88.623	83.3428	88.623	82.8548	88.623	83.3387	88.623	82.7435	88.623	83.3279	88.623	82.6242	88.623	83.3071	88.623	82.4997	88.623	83.2711	88.623	82.3741	88.623	83.2139	88.623	82.2523	88.623	83.1299	88.623	82.1405	88.623	83.0155	88.623	82.0456	88.623	82.8716	88.623	81.9748	88.623	82.7043	88.623	81.9354	88.623	82.525	88.623	81.9339	88.623	82.3483	88.623	81.9757	88.623	82.1895	88.623	82.0622
91.5527	83.0496	91.5527	83.0318	91.5527	83.0594	91.5527	83.0041	91.5527	83.0637	91.5527	82.9649	91.5527	83.0645	91.5527	82.9127	91.5527	83.0638	91.5527	82.8465	91.5527	83.0625	91.5527	82.7651	91.5527	83.0601	91.5527	82.6679	91.5527	83.0541	91.5527	82.5542	91.5527	83.04	91.5527	82.4245	91.5527	83.0114	91.5527	82.2802	91.5527	82.9604	91.5527	82.1254	91.5527	82.8799	91.5527	81.9669	91.5527	82.7641	91.5527	81.815	91.5527	82.6112	91.5527	81.6833	91.5527	82.4251	91.5527	81.5875	91.5527	82.2163	91.5527	81.5439	91.5527	82.0028	91.5527	81.5652	91.5527	81.808	91.5527	81.6559
94.4824	83.0989	94.4824	83.0943	94.4824	83.0894	94.4824	83.0751	94.4824	83.0668	94.4824	83.0419	94.4824	83.0334	94.4824	82.9957	94.4824	82.9919	94.4824	82.9378	94.4824	82.9452	94.4824	82.8694	94.4824	82.8957	94.4824	82.7915	94.4824	82.8451	94.4824	82.7046	94.4824	82.7933	94.4824	82.6095	94.4824	82.739	94.4824	82.5073	94.4824	82.6799	94.4824	82.4004	94.4824	82.6137	94.4824	82.293	94.4824	82.5387	94.4824	82.1916	94.4824	82.4548	94.4824	82.104	94.4824	82.364	94.4824	82.0388	94.4824	82.27	94.4824	82.0036	94.4824	82.1786	94.4824	82.0028	94.4824	82.0976	94.4824	82.036
98.1445	82.9142	98.1445	82.8849	98.1445	82.9263	98.1445	82.8393	98.1445	82.9215	98.1445	82.7791	98.1445	82.9011	98.1445	82.7067	98.1445	82.867	98.1445	82.625	98.1445	82.8215	98.1445	82.5373	98.1445	82.7668	98.1445	82.447	98.1445	82.7047	98.1445	82.3572	98.1445	82.6359	98.1445	82.2709	98.1445	82.5607	98.1445	82.1909	98.1445	82.4793	98.1445	82.1191	98.1445	82.3924	98.1445	82.0571	98.1445	82.302	98.1445	82.0057	98.1445	82.2117	98.1445	81.9652	98.1445	82.126	98.1445	81.9352	98.1445	82.05	98.1445	81.9162	98.1445	81.9882	98.1445	81.9097	98.1445	81.9439	98.1445	81.918
101.807	82.6332	101.807	82.5802	101.807	82.664	101.807	82.5038	101.807	82.6748	101.807	82.4043	101.807	82.6688	101.807	82.2834	101.807	82.6495	101.807	82.1445	101.807	82.6203	101.807	81.9922	101.807	82.5839	101.807	81.8326	101.807	82.5412	101.807	81.6724	101.807	82.4915	101.807	81.5187	101.807	82.4321	101.807	81.3785	101.807	82.3588	101.807	81.258	101.807	82.2671	101.807	81.1627	101.807	82.1539	101.807	81.0968	101.807	82.0193	101.807	81.0629	101.807	81.8674	101.807	81.0626	101.807	81.7061	101.807	81.0965	101.807	81.5453	101.807	81.1649	101.807	81.3955	101.807	81.2661
105.469	82.7384	105.469	82.731	105.469	82.7212	105.469	82.6984	105.469	82.6808	105.469	82.6399	105.469	82.6185	105.469	82.5557	105.469	82.5358	105.469	82.4466	105.469	82.4339	105.469	82.3144	105.469	82.3137	105.469	82.1617	105.469	82.176	105.469	81.9921	105.469	82.0215	105.469	81.8108	105.469	81.8516	105.469	81.6238	105.469	81.6689	105.469	81.4383	105.469	81.4783	105.469	81.2618	105.469	81.2874	105.469	81.1008	105.469	81.1065	105.469	80.9603	105.469	80.9465	105.469	80.8437	105.469	80.8177	105.469	80.7535	105.469	80.7268	105.469	80.6932	105.469	80.6766	105.469	80.6663
109.131	81.6761	109.131	81.6387	109.131	81.7023	109.131	81.5883	109.131	81.7192	109.131	81.5241	109.131	81.729	109.131	81.4458	109.131	81.733	109.131	81.3536	109.131	81.7312	109.131	81.2479	109.131	81.7213	109.131	81.1289	109.131	81.6985	109.131	80.9972	109.131	81.6558	109.131	80.8534	109.131	81.5845	109.131	80.6988	109.131	81.476	109.131	80.5364	109.131	81.3242	109.131	80.3708	109.131	81.1276	109.131	80.209	109.131	80.8918	109.131	80.0599	109.131	80.6313	109.131	79.9344	109.131	80.3693	109.131	79.8462	109.131	80.1343	109.131	79.811	109.131	79.9531	109.131	79.8439
112.793	81.6865	112.793	81.7042	112.793	81.6381	112.793	81.6904	112.793	81.5629	112.793	81.647	112.793	81.468	112.793	81.5788	112.793	81.3631	112.793	81.4925	112.793	81.2598	112.793	81.3959	112.793	81.1696	112.793	81.2972	112.793	81.1021	112.793	81.2032	112.793	81.0619	112.793	81.1187	112.793	81.0478	112.793	81.045	112.793	81.0519	112.793	80.9803	112.793	81.0622	112.793	80.9214	112.793	81.0653	112.793	80.8654	112.793	81.0507	112.793	80.8122	112.793	81.0128	112.793	80.7663	112.793	80.9536	112.793	80.7363	112.793	80.8818	112.793	80.7317	112.793	80.8114	112.793	80.7577
116.455	82.2169	116.455	82.2215	116.455	82.1777	116.455	82.1928	116.455	82.1043	116.455	82.1336	116.455	81.999	116.455	82.0485	116.455	81.8658	116.455	81.9436	116.455	81.7109	116.455	81.8263	116.455	81.5428	116.455	81.7049	116.455	81.3725	116.455	81.5877	116.455	81.2128	116.455	81.4823	116.455	81.0769	116.455	81.3941	116.455	80.976	116.455	81.3259	116.455	80.9168	116.455	81.2775	116.455	80.8997	116.455	81.2459	116.455	80.9183	116.455	81.2262	116.455	80.9613	116.455	81.2125	116.455	81.0159	116.455	81.1989	116.455	81.0705	116.455	81.1805	116.455	81.1176	116.455	81.1541
120.85	81.8767	120.85	81.8578	120.85	81.8596	120.85	81.8043	120.85	81.8065	120.85	81.7197	120.85	81.7186	120.85	81.6094	120.85	81.5986	120.85	81.4806	120.85	81.4503	120.85	81.3424	120.85	81.2793	120.85	81.2041	120.85	81.0932	120.85	81.0745	120.85	80.9017	120.85	80.9599	120.85	80.7167	120.85	80.8632	120.85	80.5508	120.85	80.7837	120.85	80.416	120.85	80.7183	120.85	80.3207	120.85	80.6626	120.85	80.2678	120.85	80.6128	120.85	80.2545	120.85	80.5661	120.85	80.2731	120.85	80.5197	120.85	80.3133	120.85	80.4712	120.85	80.3647	120.85	80.419
125.244	81.8885	125.244	81.8683	125.244	81.871	125.244	81.8111	125.244	81.817	125.244	81.7202	125.244	81.7292	125.244	81.6013	125.244	81.6118	125.244	81.4629	125.244	81.4697	125.244	81.3157	125.244	81.3088	125.244	81.1709	125.244	81.1361	125.244	81.0382	125.244	80.9586	125.244	80.9234	125.244	80.7834	125.244	80.8267	125.244	80.6166	125.244	80.7426	125.244	80.4629	125.244	80.6617	125.244	80.3257	125.244	80.5747	125.244	80.2079	125.244	80.4761	125.244	80.1134	125.244	80.3668	125.244	80.0473	125.244	80.2546	125.244	80.0157	125.244	80.1514	125.244	80.0233	125.244	80.0705
129.639	81.8303	129.639	81.8084	129.639	81.8119	129.639	81.7476	129.639	81.7541	129.639	81.6515	129.639	81.6603	129.639	81.5265	129.639	81.5357	129.639	81.3819	129.639	81.3877	129.639	81.2291	129.639	81.2255	129.639	81.0808	129.639	81.0601	129.639	80.9492	129.639	80.9022	129.639	80.8435	129.639	80.7618	129.639	80.7671	129.639	80.6456	129.639	80.7172	129.639	80.5561	129.639	80.6853	129.639	80.4914	129.639	80.6599	129.639	80.4466	129.639	80.6308	129.639	80.417	129.639	80.5919	129.639	80.4002	129.639	80.5433	129.639	80.3976	129.639	80.4911	129.639	80.412	129.639	80.4445
134.033	81.671	134.033	81.6295	134.033	81.6644	134.033	81.5423	134.033	81.6097	134.033	81.415	134.033	81.5095	134.033	81.2564	134.033	81.3691	134.033	81.0787	134.033	81.1965	134.033	80.8968	134.033	81.0031	134.033	80.7269	134.033	80.8038	134.033	80.5834	134.033	80.6157	134.033	80.476	134.033	80.4565	134.033	80.4072	134.033	80.3401	134.033	80.372	134.033	80.273	134.033	80.361	134.033	80.2519	134.033	80.3635	134.033	80.2652	134.033	80.3715	134.033	80.2973	134.033	80.3804	134.033	80.3335	134.033	80.388	134.033	80.3638	134.033	80.3927	134.033	80.3833	134.033	80.3921
138.428	81.6311	138.428	81.6101	138.428	81.6019	138.428	81.5409	138.428	81.5229	138.428	81.4286	138.428	81.3974	138.428	81.2811	138.428	81.2316	138.428	81.1095	138.428	81.0353	138.428	80.9277	138.428	80.8223	138.428	80.7508	138.428	80.6099	138.428	80.593	138.428	80.4179	138.428	80.4649	138.428	80.2644	138.428	80.3711	138.428	80.1616	138.428	80.3099	138.428	80.1118	138.428	80.2748	138.428	80.1069	138.428	80.2577	138.428	80.1319	138.428	80.2518	138.428	80.1701	138.428	80.2527	138.428	80.2079	138.428	80.2571	138.428	80.2371	138.428	80.2614	138.428	80.2548	138.428	80.2619
143.555	81.6709	143.555	81.6402	143.555	81.6473	143.555	81.5568	143.555	81.5707	143.555	81.4262	143.555	81.4452	143.555	81.2582	143.555	81.2774	143.555	81.0677	143.555	81.077	143.555	80.8738	143.555	80.8566	143.555	80.6974	143.555	80.6326	143.555	80.5567	143.555	80.4237	143.555	80.462	143.555	80.2487	143.555	80.4124	143.555	80.1231	143.555	80.3961	143.555	80.054	143.555	80.3963	143.555	80.0387	143.555	80.3972	143.555	80.0652	143.555	80.39	143.555	80.1168	143.555	80.3741	143.555	80.1763	143.555	80.3532	143.555	80.231	143.555	80.3307	143.555	80.2742	143.555	80.3059
148.682	81.7765	148.682	81.7701	148.682	81.7257	148.682	81.7063	148.682	81.6205	148.682	81.5876	148.682	81.4659	148.682	81.4205	148.682	81.27	148.682	81.2162	148.682	81.0443	148.682	80.9915	148.682	80.8049	148.682	80.7673	148.682	80.5723	148.682	80.5662	148.682	80.3693	148.682	80.4068	148.682	80.2162	148.682	80.2977	148.682	80.1251	148.682	80.2355	148.682	80.0945	148.682	80.2069	148.682	80.1092	148.682	80.1955	148.682	80.1464	148.682	80.1894	148.682	80.1842	148.682	80.1842	148.682	80.2082	148.682	80.1817	148.682	80.2145	148.682	80.1852	148.682	80.2074	148.682	80.1951
153.809	81.5674	153.809	81.5714	153.809	81.5037	153.809	81.5184	153.809	81.3805	153.809	81.4147	153.809	81.2018	153.809	81.2703	153.809	80.9759	153.809	81.099	153.809	80.717	153.809	80.9191	153.809	80.4461	153.809	80.751	153.809	80.1909	153.809	80.6141	153.809	79.9832	153.809	80.5216	153.809	79.8512	153.809	80.4753	153.809	79.8105	153.809	80.4655	153.809	79.8564	153.809	80.4741	153.809	79.9641	153.809	80.483	153.809	80.0978	153.809	80.4808	153.809	80.2235	153.809	80.4666	153.809	80.3192	153.809	80.4473	153.809	80.3781	153.809	80.4312	153.809	80.4071	153.809	80.4202
159.668	81.6176	159.668	81.5886	159.668	81.5614	159.668	81.4809	159.668	81.4168	159.668	81.3048	159.668	81.184	159.668	81.0761	159.668	80.8691	159.668	80.8169	159.668	80.4866	159.668	80.5575	159.668	80.0645	159.668	80.3335	159.668	79.648	159.668	80.1794	159.668	79.2979	159.668	80.1183	159.668	79.0775	159.668	80.1515	159.668	79.0273	159.668	80.257	159.668	79.1436	159.668	80.3981	159.668	79.3801	159.668	80.5366	159.668	79.6725	159.668	80.645	159.668	79.9642	159.668	80.7103	159.668	80.2185	159.668	80.7318	159.668	80.4188	159.668	80.714	159.668	80.5635	159.668	80.6591
164.795	82.2354	164.795	82.1478	164.795	82.2317	164.795	81.9746	164.795	82.1321	164.795	81.7239	164.795	81.9332	164.795	81.408	164.795	81.6334	164.795	81.0467	164.795	81.2358	164.795	80.6699	164.795	80.7525	164.795	80.3183	164.795	80.2115	164.795	80.0382	164.795	79.6651	164.795	79.8704	164.795	79.1935	164.795	79.8339	164.795	78.8911	164.795	79.9174	164.795	78.8267	164.795	80.084	164.795	79.0003	164.795	80.287	164.795	79.3401	164.795	80.4844	164.795	79.7451	164.795	80.6469	164.795	80.1292	164.795	80.7565	164.795	80.4394	164.795	80.8016	164.795	80.6538	164.795	80.7713
170.654	82.3727	170.654	82.2232	170.654	82.4319	170.654	81.9862	170.654	82.3976	170.654	81.6657	170.654	82.2667	170.654	81.2691	170.654	82.037	170.654	80.8113	170.654	81.7096	170.654	80.3216	170.654	81.2922	170.654	79.85	170.654	80.8043	170.654	79.4681	170.654	80.2844	170.654	79.2542	170.654	79.7942	170.654	79.2585	170.654	79.4146	170.654	79.4697	170.654	79.2223	170.654	79.8174	170.654	79.2516	170.654	80.2078	170.654	79.4719	170.654	80.56	170.654	79.8058	170.654	80.8223	170.654	80.1689	170.654	80.9716	170.654	80.4985	170.654	81.0054	170.654	80.7585	170.654	80.9311
176.514	82.7645	176.514	82.6499	176.514	82.7851	176.514	82.4393	176.514	82.7114	176.514	82.1284	176.514	82.5414	176.514	81.7116	176.514	82.2731	176.514	81.1852	176.514	81.9054	176.514	80.5543	176.514	81.4419	176.514	79.8449	176.514	80.8946	176.514	79.1228	176.514	80.2924	176.514	78.51	176.514	79.6908	176.514	78.1671	176.514	79.1797	176.514	78.2078	176.514	78.8714	176.514	78.6024	176.514	78.8519	176.514	79.1976	176.514	79.1188	176.514	79.8236	176.514	79.5747	176.514	80.3624	176.514	80.084	176.514	80.752	176.514	80.533	176.514	80.9667	176.514	80.8498	176.514	80.9988
183.105	83.1364	183.105	83.0788	183.105	83.117	183.105	82.9435	183.105	83.0185	183.105	82.7262	183.105	82.837	183.105	82.4192	183.105	82.5677	183.105	82.0107	183.105	82.2056	183.105	81.487	183.105	81.7481	183.105	80.8383	183.105	81.1984	183.105	80.0698	183.105	80.5715	183.105	79.2234	183.105	79.9033	183.105	78.4072	183.105	79.2588	183.105	77.8045	183.105	78.7322	183.105	77.5981	183.105	78.4225	183.105	77.8177	183.105	78.3829	183.105	78.3037	183.105	78.5815	183.105	78.8435	183.105	78.9164	183.105	79.287	183.105	79.2661	183.105	79.5602	183.105	79.5293	183.105	79.6388
189.697	83.2362	189.697	83.1932	189.697	83.2017	189.697	83.0708	189.697	83.0892	189.697	82.8645	189.697	82.8957	189.697	82.5679	189.697	82.616	189.697	82.1726	189.697	82.2446	189.697	81.671	189.697	81.7781	189.697	81.0604	189.697	81.2206	189.697	80.3523	189.697	80.5923	189.697	79.5889	189.697	79.9408	189.697	78.863	189.697	79.3487	189.697	78.3209	189.697	78.9222	189.697	78.1057	189.697	78.7456	189.697	78.2512	189.697	78.8255	189.697	78.6455	189.697	79.0836	189.697	79.1176	189.697	79.4057	189.697	79.5313	189.697	79.6933	189.697	79.8105	189.697	79.8801	189.697	79.9262
196.289	83.6883	196.289	83.6466	196.289	83.651	196.289	83.5241	196.289	83.5338	196.289	83.3163	196.289	83.3326	196.289	83.0162	196.289	83.0392	196.289	82.6138	196.289	82.6417	196.289	82.0973	196.289	82.1248	196.289	81.4578	196.289	81.4746	196.289	80.698	196.289	80.6878	196.289	79.8514	196.289	79.7918	196.289	79.0085	196.289	78.8771	196.289	78.335	196.289	78.1251	196.289	78.0213	196.289	77.7592	196.289	78.1411	196.289	77.8755	196.289	78.5712	196.289	78.3387	196.289	79.0967	196.289	78.9117	196.289	79.545	196.289	79.4142	196.289	79.8228	196.289	79.7541	196.289	79.8943
202.881	83.963	202.881	83.9146	202.881	83.9452	202.881	83.7943	202.881	83.8633	202.881	83.5932	202.881	83.7161	202.881	83.2983	202.881	83.4973	202.881	82.8917	202.881	83.1941	202.881	82.3511	202.881	82.7868	202.881	81.653	202.881	82.2493	202.881	80.783	202.881	81.5541	202.881	79.7593	202.881	80.6849	202.881	78.6816	202.881	79.6652	202.881	77.7897	202.881	78.6116	202.881	77.4099	202.881	77.7876	202.881	77.6666	202.881	77.512	202.881	78.3209	202.881	77.8476	202.881	79.032	202.881	78.5127	202.881	79.5845	202.881	79.1828	202.881	79.8878	202.881	79.6746	202.881	79.917
210.205	84.0586	210.205	83.9893	210.205	84.066	210.205	83.8555	210.205	84.0125	210.205	83.6518	210.205	83.8975	210.205	83.3686	210.205	83.7176	210.205	82.9898	210.205	83.4649	210.205	82.4922	210.205	83.1253	210.205	81.8461	210.205	82.6766	210.205	81.0196	210.205	82.0897	210.205	79.9945	210.205	81.3329	210.205	78.8039	210.205	80.3858	210.205	77.6113	210.205	79.2722	210.205	76.7784	210.205	78.1263	210.205	76.6735	210.205	77.2595	210.205	77.2258	210.205	77.0293	210.205	78.0025	210.205	77.443	210.205	78.6509	210.205	78.1255	210.205	79.0105	210.205	78.7155	210.205	79.031
217.529	84.5261	217.529	84.53	217.529	84.4707	217.529	84.4782	217.529	84.3676	217.529	84.3646	217.529	84.22	217.529	84.1797	217.529	84.0294	217.529	83.9077	217.529	83.794	217.529	83.5241	217.529	83.5056	217.529	82.9943	217.529	83.1488	217.529	82.2733	217.529	82.7014	217.529	81.3102	217.529	82.1415	217.529	80.0629	217.529	81.4601	217.529	78.5415	217.529	80.6835	217.529	76.9296	217.529	79.8976	217.529	75.7677	217.529	79.2519	217.529	75.6923	217.529	78.8919	217.529	76.5315	217.529	78.8368	217.529	77.5717	217.529	78.9431	217.529	78.3843	217.529	79.0049	217.529	78.8531
225.586	84.2913	225.586	84.3572	225.586	84.1599	225.586	84.3631	225.586	83.9566	225.586	84.3118	225.586	83.6765	225.586	84.2011	225.586	83.3171	225.586	84.0219	225.586	82.8792	225.586	83.7579	225.586	82.3676	225.586	83.3865	225.586	81.7908	225.586	82.8817	225.586	81.1598	225.586	82.2202	225.586	80.4879	225.586	81.3923	225.586	79.797	225.586	80.4244	225.586	79.1364	225.586	79.418	225.586	78.6112	225.586	78.582	225.586	78.3701	225.586	78.1719	225.586	78.4958	225.586	78.2768	225.586	78.8847	225.586	78.7124	225.586	79.3033	225.586	79.1931	225.586	79.5443	225.586	79.5058
232.91	84.5844	232.91	84.5352	232.91	84.5828	232.91	84.4413	232.91	84.5236	232.91	84.3086	232.91	84.3973	232.91	84.1408	232.91	84.1901	232.91	83.936	232.91	83.8837	232.91	83.6817	232.91	83.4559	232.91	83.3535	232.91	82.8824	232.91	82.9178	232.91	82.141	232.91	82.3404	232.91	81.2188	232.91	81.6031	232.91	80.1312	232.91	80.7312	232.91	78.9588	232.91	79.8324	232.91	77.9021	232.91	79.1105	232.91	77.2748	232.91	78.7648	232.91	77.2815	232.91	78.8009	232.91	77.7727	232.91	79.0173	232.91	78.401	232.91	79.1876	232.91	78.9045	232.91	79.1702
241.699	84.328	241.699	84.2313	241.699	84.3669	241.699	84.0725	241.699	84.3517	241.699	83.8468	241.699	84.2833	241.699	83.5487	241.699	84.1573	241.699	83.1712	241.699	83.9617	241.699	82.7058	241.699	83.6758	241.699	82.1457	241.699	83.2721	241.699	81.4915	241.699	82.7198	241.699	80.7609	241.699	81.9923	241.699	80.0001	241.699	81.0805	241.699	79.2937	241.699	80.0176	241.699	78.7624	241.699	78.9243	241.699	78.5253	241.699	78.047	241.699	78.6138	241.699	77.6763	241.699	78.917	241.699	77.8829	241.699	79.2402	241.699	78.4209	241.699	79.41	241.699	78.9702	241.699	79.3259
249.756	84.3811	249.756	84.3615	249.756	84.3398	249.756	84.2776	249.756	84.2426	249.756	84.1266	249.756	84.0936	249.756	83.9044	249.756	83.8931	249.756	83.6008	249.756	83.6348	249.756	83.1949	249.756	83.305	249.756	82.6528	249.756	82.8854	249.756	81.9313	249.756	82.3593	249.756	80.9931	249.756	81.7231	249.756	79.844	249.756	81.0032	249.756	78.6138	249.756	80.2781	249.756	77.6587	249.756	79.6869	249.756	77.4364	249.756	79.3814	249.756	77.9785	249.756	79.413	249.756	78.8305	249.756	79.677	249.756	79.586	249.756	79.9976	249.756	80.076	249.756	80.2295	249.756	80.2775
258.545	84.8206	258.545	84.8235	258.545	84.7873	258.545	84.7985	258.545	84.7187	258.545	84.7443	258.545	84.6062	258.545	84.6523	258.545	84.4352	258.545	84.5029	258.545	84.1793	258.545	84.2611	258.545	83.7943	258.545	83.8744	258.545	83.2122	258.545	83.2744	258.545	82.3369	258.545	82.3828	258.545	81.0438	258.545	81.1267	258.545	79.2024	258.545	79.4914	258.545	76.8393	258.545	77.703	258.545	74.8879	258.545	76.5877	258.545	75.3704	258.545	77.0491	258.545	77.4581	258.545	78.4991	258.545	79.3252	258.545	79.9088	258.545	80.5625	258.545	80.8697	258.545	81.2041	258.545	81.3022
268.066	83.8927	268.066	83.8596	268.066	83.9029	268.066	83.8138	268.066	83.8926	268.066	83.7724	268.066	83.8748	268.066	83.7504	268.066	83.8654	268.066	83.7494	268.066	83.8698	268.066	83.7498	268.066	83.8689	268.066	83.7081	268.066	83.8124	268.066	83.5629	268.066	83.6209	268.066	83.2433	268.066	83.1939	268.066	82.6792	268.066	82.4156	268.066	81.8147	268.066	81.1606	268.066	80.6347	268.066	79.3176	268.066	79.2344	268.066	76.9334	268.066	77.9378	268.066	74.8022	268.066	77.2593	268.066	74.6454	268.066	77.3482	268.066	76.015	268.066	77.707	268.066	77.2284	268.066	77.7713
277.588	84.0428	277.588	83.8755	277.588	84.0748	277.588	83.5716	277.588	83.9847	277.588	83.1442	277.588	83.7961	277.588	82.6251	277.588	83.5407	277.588	82.0653	277.588	83.2523	277.588	81.5223	277.588	82.9531	277.588	81.0291	277.588	82.6367	277.588	80.5649	277.588	82.2556	277.588	80.0616	277.588	81.7246	277.588	79.4581	277.588	80.9355	277.588	78.7736	277.588	79.782	277.588	78.1611	277.588	78.216	277.588	77.8629	277.588	76.4393	277.588	78.0053	277.588	75.2948	277.588	78.4483	277.588	75.7175	277.588	78.9101	277.588	77.0577	277.588	79.1393	277.588	78.2611	277.588	78.9588
287.109	84.6553	287.109	84.5781	287.109	84.6577	287.109	84.4332	287.109	84.5824	287.109	84.2277	287.109	84.4329	287.109	83.9646	287.109	84.2196	287.109	83.6381	287.109	83.9581	287.109	83.2307	287.109	83.6625	287.109	82.7097	287.109	83.3333	287.109	82.0224	287.109	82.9446	287.109	81.0931	287.109	82.4416	287.109	79.8335	287.109	81.7538	287.109	78.1985	287.109	80.8257	287.109	76.3708	287.109	79.6592	287.109	75.1074	287.109	78.3762	287.109	75.2608	287.109	77.276	287.109	76.2969	287.109	76.7349	287.109	77.2333	287.109	76.8443	287.109	77.6915	287.109	77.2867	287.109	77.6609
297.363	84.962	297.363	84.8849	297.363	84.9672	297.363	84.7269	297.363	84.9067	297.363	84.4822	297.363	84.7803	297.363	84.1554	297.363	84.5811	297.363	83.7683	297.363	84.2995	297.363	83.3574	297.363	83.9326	297.363	82.9539	297.363	83.4911	297.363	82.5482	297.363	82.9935	297.363	82.0654	297.363	82.4379	297.363	81.3775	297.363	81.7678	297.363	80.3529	297.363	80.8782	297.363	78.9536	297.363	79.7142	297.363	77.4637	297.363	78.5031	297.363	76.7252	297.363	77.936	297.363	77.2942	297.363	78.4212	297.363	78.4693	297.363	79.3193	297.363	79.4672	297.363	79.9251	297.363	79.9819
307.617	85.2265	307.617	85.205	307.617	85.1323	307.617	85.0757	307.617	84.9311	307.617	84.8533	307.617	84.6514	307.617	84.5452	307.617	84.334	307.617	84.1413	307.617	84.0115	307.617	83.6131	307.617	83.6796	307.617	82.9227	307.617	83.2827	307.617	82.0335	307.617	82.7269	307.617	80.9193	307.617	81.9121	307.617	79.5753	307.617	80.7656	307.617	78.0623	307.617	79.2758	307.617	76.6377	307.617	77.5768	307.617	75.8975	307.617	76.183	307.617	76.3377	307.617	76.0192	307.617	77.572	307.617	77.1743	307.617	78.8537	307.617	78.6263	307.617	79.7378	307.617	79.6543	307.617	80.0307
318.604	84.7996	318.604	84.7351	318.604	84.7831	318.604	84.5978	318.604	84.6971	318.604	84.4139	318.604	84.5684	318.604	84.2143	318.604	84.4292	318.604	84.0116	318.604	84.3024	318.604	83.7786	318.604	84.183	318.604	83.4411	318.604	84.0233	318.604	82.8893	318.604	83.731	318.604	81.9931	318.604	83.1843	318.604	80.6136	318.604	82.2532	318.604	78.6295	318.604	80.8195	318.604	76.1039	318.604	78.8165	318.604	74.0065	318.604	76.3953	318.604	74.2254	318.604	74.4499	318.604	75.8839	318.604	74.4172	318.604	77.2382	318.604	75.7489	318.604	77.8657	318.604	77.0395	318.604	77.7807
329.59	84.7387	329.59	84.8065	329.59	84.5686	329.59	84.7757	329.59	84.3049	329.59	84.6627	329.59	83.9703	329.59	84.4964	329.59	83.6014	329.59	84.3113	329.59	83.2447	329.59	84.1282	329.59	82.9455	329.59	83.9277	329.59	82.729	329.59	83.6376	329.59	82.5746	329.59	83.1394	329.59	82.3918	329.59	82.2786	329.59	82.0205	329.59	80.8666	329.59	81.2644	329.59	78.6815	329.59	79.9625	329.59	75.6021	329.59	78.1655	329.59	72.7574	329.59	76.5709	329.59	73.4511	329.59	76.3803	329.59	75.8247	329.59	77.2797	329.59	77.4658	329.59	78.0529	329.59	78.169
341.309	84.5631	341.309	84.3626	341.309	84.6564	341.309	84.0963	341.309	84.6152	341.309	83.8165	341.309	84.4312	341.309	83.5807	341.309	84.1217	341.309	83.4367	341.309	83.73	341.309	83.3933	341.309	83.3102	341.309	83.3966	341.309	82.89	341.309	83.3352	341.309	82.4351	341.309	83.0719	341.309	81.8434	341.309	82.4706	341.309	80.9685	341.309	81.3984	341.309	79.646	341.309	79.7328	341.309	77.7458	341.309	77.5017	341.309	75.4674	341.309	75.5477	341.309	74.2929	341.309	75.6899	341.309	75.5985	341.309	77.2832	341.309	77.5301	341.309	78.589	341.309	78.7648	341.309	79.1074
353.76	84.4475	353.76	84.341	353.76	84.4227	353.76	84.0814	353.76	84.304	353.76	83.6756	353.76	84.131	353.76	83.1717	353.76	83.9354	353.76	82.6625	353.76	83.737	353.76	82.2528	353.76	83.5405	353.76	81.9762	353.76	83.3278	353.76	81.7276	353.76	83.0446	353.76	81.2992	353.76	82.5981	353.76	80.4733	353.76	81.8641	353.76	79.0947	353.76	80.6895	353.76	77.1801	353.76	78.8815	353.76	75.2918	353.76	76.2586	353.76	74.8335	353.76	73.3401	353.76	76.059	353.76	73.1649	353.76	77.5486	353.76	75.6213	353.76	78.4613	353.76	77.6066	353.76	78.5259
366.211	83.6498	366.211	83.6018	366.211	83.5626	366.211	83.4364	366.211	83.3499	366.211	83.1925	366.211	83.0554	366.211	82.9246	366.211	82.7549	366.211	82.6966	366.211	82.5351	366.211	82.5597	366.211	82.4473	366.211	82.5091	366.211	82.4591	366.211	82.4508	366.211	82.4502	366.211	82.2165	366.211	82.2559	366.211	81.6044	366.211	81.7135	366.211	80.4022	366.211	80.6838	366.211	78.3875	366.211	79.0668	366.211	75.4117	366.211	76.888	366.211	72.299	366.211	74.699	366.211	72.3728	366.211	73.9933	366.211	74.5985	366.211	75.0176	366.211	76.1509	366.211	76.1867	366.211	76.6456
378.662	83.7393	378.662	83.6143	378.662	83.6576	378.662	83.2881	378.662	83.3871	378.662	82.7851	378.662	82.9871	378.662	82.1691	378.662	82.5706	378.662	81.5801	378.662	82.2813	378.662	81.2209	378.662	82.2181	378.662	81.2007	378.662	82.3509	378.662	81.3692	378.662	82.5095	378.662	81.4044	378.662	82.4503	378.662	81.0022	378.662	81.9311	378.662	79.9231	378.662	80.7541	378.662	77.9517	378.662	78.7904	378.662	75.0226	378.662	76.1104	378.662	72.6037	378.662	73.7372	378.662	73.8896	378.662	73.9722	378.662	76.284	378.662	75.8893	378.662	77.701	378.662	77.4126	378.662	78.0429
392.578	84.606	392.578	84.5153	392.578	84.4473	392.578	84.1869	392.578	84.0421	392.578	83.6455	392.578	83.418	392.578	82.934	392.578	82.6538	392.578	82.1284	392.578	81.9138	392.578	81.371	392.578	81.4292	392.578	80.8727	392.578	81.3493	392.578	80.7618	392.578	81.5749	392.578	80.8664	392.578	81.8111	392.578	80.7803	392.578	81.7348	392.578	80.0973	392.578	81.0567	392.578	78.489	392.578	79.4839	392.578	75.7293	392.578	76.7356	392.578	72.682	392.578	73.5546	392.578	73.5103	392.578	74.2225	392.578	76.5321	392.578	77.0812	392.578	78.551	392.578	78.8427	392.578	79.3052
405.762	84.6679	405.762	84.5327	405.762	84.5853	405.762	84.1889	405.762	84.2522	405.762	83.6374	405.762	83.6086	405.762	82.894	405.762	82.5932	405.762	82.0299	405.762	81.2409	405.762	81.231	405.762	79.9282	405.762	80.794	405.762	79.4905	405.762	80.8806	405.762	80.1887	405.762	81.2419	405.762	81.165	405.762	81.3974	405.762	81.6782	405.762	80.9246	405.762	81.4062	405.762	79.4847	405.762	80.1519	405.762	76.7733	405.762	77.6876	405.762	73.1271	405.762	74.0264	405.762	72.5503	405.762	72.1461	405.762	75.2177	405.762	74.6293	405.762	77.0581	405.762	76.806	405.762	77.583
420.41	85.5887	420.41	85.5312	420.41	85.4337	420.41	85.2359	420.41	85.0762	420.41	84.6648	420.41	84.5043	420.41	83.7714	420.41	83.6806	420.41	82.5208	420.41	82.5516	420.41	80.9644	420.41	81.0913	420.41	79.4095	420.41	79.431	420.41	78.4796	420.41	78.0895	420.41	78.4219	420.41	77.7572	420.41	78.5925	420.41	78.1812	420.41	78.2454	420.41	78.3617	420.41	76.9269	420.41	77.5406	420.41	74.3895	420.41	75.1839	420.41	71.5724	420.41	71.2679	420.41	72.7274	420.41	71.0763	420.41	75.8476	420.41	74.9875	420.41	77.8007	420.41	77.4657	420.41	78.3395
435.059	83.9831	435.059	83.8803	435.059	84.0416	435.059	83.7113	435.059	84.0238	435.059	83.4196	435.059	83.8533	435.059	82.9537	435.059	83.4355	435.059	82.3023	435.059	82.6867	435.059	81.4996	435.059	81.568	435.059	80.6137	435.059	80.1513	435.059	79.7516	435.059	78.7513	435.059	79.0649	435.059	77.9145	435.059	78.6087	435.059	77.7671	435.059	78.095	435.059	77.6578	435.059	76.9171	435.059	76.844	435.059	74.2734	435.059	74.726	435.059	68.6578	435.059	70.3913	435.059	60.265	435.059	62.4068	435.059	68.5059	435.059	66.338	435.059	71.9315	435.059	70.9746	435.059	72.5393
450.439	83.4324	450.439	83.2498	450.439	83.4591	450.439	82.9599	450.439	83.3096	450.439	82.6093	450.439	82.9985	450.439	82.2125	450.439	82.5595	450.439	81.7566	450.439	82.0182	450.439	81.2508	450.439	81.3772	450.439	80.7682	450.439	80.6248	450.439	80.3995	450.439	79.7682	450.439	80.1181	450.439	78.8942	450.439	79.7318	450.439	78.2069	450.439	79.0021	450.439	77.8357	450.439	77.7486	450.439	77.511	450.439	75.8642	450.439	76.7237	450.439	73.4692	450.439	75.1879	450.439	71.7446	450.439	73.3264	450.439	72.3021	450.439	72.6243	450.439	73.5651	450.439	73.367	450.439	73.9615
466.553	84.4098	466.553	84.2289	466.553	84.3831	466.553	83.8285	466.553	84.1847	466.553	83.2316	466.553	83.848	466.553	82.4721	466.553	83.3848	466.553	81.5586	466.553	82.7848	466.553	80.5111	466.553	82.0375	466.553	79.5166	466.553	81.1799	466.553	79.0069	466.553	80.3342	466.553	79.1844	466.553	79.6327	466.553	79.5652	466.553	79.0346	466.553	79.4735	466.553	78.2981	466.553	78.4252	466.553	77.1047	466.553	76.001	466.553	75.0307	466.553	71.6287	466.553	71.5289	466.553	67.3671	466.553	68.8616	466.553	71.3301	466.553	72.3391	466.553	74.7412	466.553	75.2254	466.553	75.971
482.666	83.9626	482.666	83.9128	482.666	83.7875	482.666	83.6348	482.666	83.3842	482.666	83.128	482.666	82.7528	482.666	82.3992	482.666	81.9445	482.666	81.4595	482.666	81.1114	482.666	80.3501	482.666	80.4544	482.666	79.2528	482.666	80.0629	482.666	78.6116	482.666	79.8814	482.666	78.7616	482.666	79.8428	482.666	79.2873	482.666	79.8727	482.666	79.4707	482.666	79.7615	482.666	78.8988	482.666	79.1598	482.666	77.4809	482.666	77.6853	482.666	75.4955	482.666	74.9832	482.666	73.8859	482.666	71.1735	482.666	73.555	482.666	69.6707	482.666	73.7852	482.666	71.8499	482.666	73.4222
500.244	84.1218	500.244	84.1037	500.244	83.9921	500.244	83.8992	500.244	83.7608	500.244	83.4887	500.244	83.4446	500.244	82.8745	500.244	82.9791	500.244	82.0601	500.244	82.2253	500.244	80.9965	500.244	81.0515	500.244	79.5663	500.244	79.4704	500.244	77.7466	500.244	77.8809	500.244	76.0662	500.244	77.0696	500.244	75.5715	500.244	77.0723	500.244	75.891	500.244	76.9906	500.244	75.6077	500.244	76.3704	500.244	73.9194	500.244	75.4818	500.244	70.8773	500.244	74.7341	500.244	70.2074	500.244	74.1942	500.244	73.2098	500.244	74.1883	500.244	75.2035	500.244	74.9465	500.244	75.6061
517.822	83.781	517.822	83.6412	517.822	83.813	517.822	83.4068	517.822	83.7163	517.822	83.0774	517.822	83.4698	517.822	82.6295	517.822	83.0476	517.822	82.0041	517.822	82.404	517.822	81.1241	517.822	81.4802	517.822	79.9985	517.822	80.2561	517.822	78.9199	517.822	78.8525	517.822	78.4162	517.822	77.6706	517.822	78.4566	517.822	77.2208	517.822	78.2587	517.822	77.2818	517.822	77.0907	517.822	76.8756	517.822	74.468	517.822	74.9979	517.822	70.4574	517.822	70.4174	517.822	69.2893	517.822	64.4953	517.822	72.1615	517.822	70.1907	517.822	74.1286	517.822	73.5984	517.822	74.643
536.133	83.9739	536.133	83.885	536.133	83.9236	536.133	83.6758	536.133	83.7279	536.133	83.368	536.133	83.4074	536.133	82.9544	536.133	83.006	536.133	82.3467	536.133	82.5211	536.133	81.3693	536.133	81.8297	536.133	79.853	536.133	80.7375	536.133	77.8728	536.133	79.1466	536.133	76.2287	536.133	77.3343	536.133	76.0479	536.133	76.2298	536.133	76.6366	536.133	76.3891	536.133	76.611	536.133	76.7945	536.133	75.3613	536.133	76.3843	536.133	73.1618	536.133	74.8969	536.133	72.4687	536.133	73.3528	536.133	74.1466	536.133	73.7575	536.133	75.5045	536.133	75.1235	536.133	75.8173
554.443	84.5183	554.443	84.4167	554.443	84.4449	554.443	84.1834	554.443	84.1951	554.443	83.8051	554.443	83.806	554.443	83.1926	554.443	83.2864	554.443	82.3356	554.443	82.6459	554.443	81.4359	554.443	81.9894	554.443	80.7328	554.443	81.44	554.443	80.1626	554.443	80.9012	554.443	79.4607	554.443	80.1278	554.443	78.499	554.443	79.1305	554.443	77.3674	554.443	78.2703	554.443	76.2022	554.443	77.4622	554.443	74.6935	554.443	75.7236	554.443	71.6557	554.443	71.7415	554.443	65.19	554.443	65.5371	554.443	67.0478	554.443	69.3838	554.443	72.1221	554.443	72.9164	554.443	73.7139
574.219	84.8534	574.219	84.7233	574.219	84.6862	574.219	84.2417	574.219	84.3192	574.219	83.4829	574.219	83.8105	574.219	82.6046	574.219	83.1474	574.219	81.6444	574.219	82.2613	574.219	80.4772	574.219	81.0927	574.219	79.0937	574.219	79.7557	574.219	77.9226	574.219	78.7126	574.219	77.6833	574.219	78.4	574.219	78.3556	574.219	78.5343	574.219	78.9738	574.219	78.6076	574.219	78.6689	574.219	78.4019	574.219	77.0401	574.219	77.6558	574.219	74.5907	574.219	75.8748	574.219	73.9443	574.219	73.1523	574.219	75.4456	574.219	72.8176	574.219	76.5501	574.219	75.1191	574.219	76.5078
594.727	84.2329	594.727	84.128	594.727	84.2613	594.727	83.9057	594.727	84.1496	594.727	83.5341	594.727	83.7746	594.727	83.0412	594.727	83.1313	594.727	82.4112	594.727	82.3878	594.727	81.4929	594.727	81.6368	594.727	80.1071	594.727	80.6458	594.727	78.3411	594.727	79.0734	594.727	76.8117	594.727	76.9616	594.727	76.0178	594.727	75.2095	594.727	75.3243	594.727	74.5635	594.727	74.2217	594.727	73.8655	594.727	73.2553	594.727	72.1087	594.727	72.5393	594.727	70.5517	594.727	71.5416	594.727	71.6023	594.727	71.6957	594.727	73.545	594.727	73.7245	594.727	74.8873	594.727	75.0771
615.234	84.6203	615.234	84.5254	615.234	84.5455	615.234	84.3287	615.234	84.2337	615.234	83.9609	615.234	83.7786	615.234	83.3297	615.234	83.3444	615.234	82.4777	615.234	82.9082	615.234	81.5082	615.234	82.2239	615.234	80.408	615.234	81.0786	615.234	79.0465	615.234	79.618	615.234	77.469	615.234	78.5047	615.234	76.5813	615.234	78.0962	615.234	77.0495	615.234	77.712	615.234	77.1828	615.234	76.7309	615.234	75.2279	615.234	75.0124	615.234	69.2846	615.234	72.585	615.234	68.3328	615.234	71.0223	615.234	74.8309	615.234	73.2407	615.234	77.2309	615.234	75.9985	615.234	77.4072
637.207	84.8374	637.207	84.7256	637.207	84.5613	637.207	84.1724	637.207	84.1187	637.207	83.3407	637.207	83.6833	637.207	82.5134	637.207	83.2206	637.207	81.952	637.207	82.6225	637.207	81.6246	637.207	81.9232	637.207	80.9972	637.207	81.1866	637.207	79.4479	637.207	80.2055	637.207	77.0758	637.207	78.699	637.207	75.391	637.207	77.1016	637.207	75.0576	637.207	76.7952	637.207	74.5833	637.207	77.2146	637.207	73.1148	637.207	76.1264	637.207	69.7026	637.207	71.5387	637.207	67.0068	637.207	61.9964	637.207	72.5904	637.207	70.6458	637.207	75.6899	637.207	74.6604	637.207	76.1364
659.912	84.7768	659.912	84.4135	659.912	84.8773	659.912	83.8533	659.912	84.647	659.912	83.1854	659.912	84.0469	659.912	82.5375	659.912	83.1199	659.912	81.942	659.912	82.0259	659.912	81.2715	659.912	81.035	659.912	80.4991	659.912	80.3277	659.912	79.6973	659.912	79.7179	659.912	78.6694	659.912	78.8739	659.912	77.167	659.912	77.8102	659.912	75.8301	659.912	76.9117	659.912	75.622	659.912	76.2792	659.912	75.3156	659.912	75.4259	659.912	73.0422	659.912	73.5715	659.912	68.5944	659.912	70.4164	659.912	70.6316	659.912	70.5961	659.912	73.8998	659.912	73.5373	659.912	74.7186
683.35	84.522	683.35	84.3781	683.35	84.4448	683.35	84.0628	683.35	84.0875	683.35	83.5684	683.35	83.4395	683.35	82.8221	683.35	82.6312	683.35	81.787	683.35	81.872	683.35	80.6325	683.35	81.1065	683.35	79.6931	683.35	80.0821	683.35	78.9513	683.35	78.9218	683.35	78.1001	683.35	77.9804	683.35	77.2776	683.35	77.2303	683.35	76.6146	683.35	76.6112	683.35	75.3994	683.35	75.9579	683.35	72.5188	683.35	74.2997	683.35	68.2369	683.35	70.5562	683.35	69.7211	683.35	67.6545	683.35	73.3	683.35	72.3036	683.35	75.6057	683.35	75.6934	683.35	76.592
706.787	84.5663	706.787	84.5481	706.787	84.3571	706.787	84.2135	706.787	83.9674	706.787	83.4366	706.787	83.413	706.787	82.2442	706.787	82.58	706.787	80.9122	706.787	81.3914	706.787	79.573	706.787	80.091	706.787	77.8895	706.787	78.7668	706.787	75.8073	706.787	76.8093	706.787	74.5483	706.787	74.2911	706.787	75.1624	706.787	74.0328	706.787	76.4153	706.787	75.2582	706.787	76.9617	706.787	75.596	706.787	75.9569	706.787	74.8471	706.787	72.5931	706.787	72.1344	706.787	64.9178	706.787	64.4961	706.787	66.1295	706.787	67.1416	706.787	72.6331	706.787	73.1911	706.787	74.5961
731.689	84.4817	731.689	84.2454	731.689	84.2937	731.689	83.6108	731.689	83.7453	731.689	82.783	731.689	82.9149	731.689	82.0161	731.689	81.9334	731.689	81.3566	731.689	80.9938	731.689	80.6299	731.689	80.2467	731.689	79.6375	731.689	79.623	731.689	78.3375	731.689	78.8252	731.689	76.8925	731.689	77.6289	731.689	75.439	731.689	76.1154	731.689	74.3398	731.689	74.6801	731.689	74.0755	731.689	73.7609	731.689	73.4602	731.689	73.1263	731.689	70.3569	731.689	71.5867	731.689	65.7571	731.689	68.7199	731.689	71.9542	731.689	69.6265	731.689	75.1167	731.689	73.2298	731.689	75.2443
758.057	82.7276	758.057	82.6937	758.057	82.5562	758.057	82.438	758.057	82.0823	758.057	81.7792	758.057	81.2456	758.057	80.6104	758.057	80.1165	758.057	79.2311	758.057	78.883	758.057	78.1525	758.057	77.8145	758.057	77.4357	758.057	77.181	758.057	76.722	758.057	76.8263	758.057	75.4645	758.057	76.2044	758.057	73.4213	758.057	75.2519	758.057	72.1639	758.057	74.637	758.057	72.5282	758.057	74.5662	758.057	72.2524	758.057	73.8072	758.057	69.8194	758.057	70.2476	758.057	57.7546	758.057	55.2854	758.057	66.9023	758.057	65.3275	758.057	72.007	758.057	70.1648	758.057	72.087
784.424	82.8164	784.424	82.4834	784.424	82.7195	784.424	81.773	784.424	82.218	784.424	80.8655	784.424	81.4499	784.424	79.9488	784.424	80.6153	784.424	78.8502	784.424	79.6405	784.424	77.3831	784.424	78.0154	784.424	76.0549	784.424	75.6095	784.424	75.1535	784.424	73.8352	784.424	74.0279	784.424	73.2304	784.424	72.7795	784.424	71.6634	784.424	72.3899	784.424	70.5647	784.424	72.6404	784.424	72.4743	784.424	72.288	784.424	72.9799	784.424	70.2206	784.424	71.0397	784.424	66.6229	784.424	66.1477	784.424	66.5849	784.424	56.4362	784.424	71.1056	784.424	70.1777	784.424	73.1228
812.256	81.7118	812.256	81.6326	812.256	81.2897	812.256	81.1346	812.256	80.6709	812.256	80.4532	812.256	80.1344	812.256	79.5424	812.256	79.5248	812.256	78.3251	812.256	78.5862	812.256	76.7784	812.256	77.5982	812.256	74.6296	812.256	76.7322	812.256	72.3153	812.256	75.0942	812.256	71.4953	812.256	72.1618	812.256	71.3	812.256	70.7397	812.256	71.2613	812.256	71.3644	812.256	71.9699	812.256	71.3805	812.256	71.5835	812.256	71.6599	812.256	67.8401	812.256	71.2175	812.256	54.8496	812.256	68.0885	812.256	62.2746	812.256	59.3401	812.256	66.6203	812.256	62.5555	812.256	66.7069
840.82	83.764	840.82	83.4953	840.82	83.8965	840.82	83.029	840.82	83.6882	840.82	82.3704	840.82	82.9787	840.82	81.6612	840.82	81.8892	840.82	80.768	840.82	80.5172	840.82	79.6232	840.82	79.0085	840.82	78.5242	840.82	78.0912	840.82	77.3656	840.82	77.6387	840.82	75.386	840.82	76.1315	840.82	72.2019	840.82	73.216	840.82	71.5549	840.82	72.2662	840.82	74.5312	840.82	73.9333	840.82	75.5596	840.82	75.0746	840.82	74.1135	840.82	74.0373	840.82	70.1658	840.82	68.4559	840.82	62.5425	840.82	49.7772	840.82	67.5281	840.82	64.8035	840.82	69.1262
870.85	85.1298	870.85	85.019	870.85	84.95	870.85	84.4837	870.85	84.3795	870.85	83.3551	870.85	83.2906	870.85	81.7082	870.85	81.9356	870.85	79.8851	870.85	80.8586	870.85	78.397	870.85	79.6257	870.85	77.6796	870.85	77.1628	870.85	77.2584	870.85	75.1251	870.85	76.2429	870.85	75.6301	870.85	74.3611	870.85	74.6476	870.85	72.0032	870.85	71.066	870.85	71.4867	870.85	70.6315	870.85	72.5704	870.85	74.1527	870.85	71.8019	870.85	73.8333	870.85	65.888	870.85	67.08	870.85	64.4773	870.85	66.3019	870.85	73.0722	870.85	72.6831	870.85	74.5672
901.611	84.4682	901.611	84.277	901.611	84.307	901.611	83.7047	901.611	83.9621	901.611	82.8847	901.611	83.337	901.611	81.7924	901.611	82.1145	901.611	80.4289	901.611	80.4915	901.611	78.7894	901.611	79.6161	901.611	76.4693	901.611	79.2043	901.611	73.8616	901.611	77.4546	901.611	73.3093	901.611	74.488	901.611	73.5487	901.611	73.4562	901.611	71.9971	901.611	73.0764	901.611	68.235	901.611	71.5267	901.611	66.7835	901.611	70.0031	901.611	68.0159	901.611	69.1966	901.611	68.0064	901.611	67.3542	901.611	67.4217	901.611	63.2804	901.611	69.1511	901.611	66.8314	901.611	69.7148
933.105	84.4213	933.105	84.172	933.105	84.4558	933.105	83.9237	933.105	83.9043	933.105	83.1507	933.105	82.9022	933.105	81.4018	933.105	81.9051	933.105	79.5244	933.105	80.6756	933.105	78.62	933.105	78.6468	933.105	77.4919	933.105	77.1151	933.105	75.4044	933.105	77.1259	933.105	72.8869	933.105	76.0486	933.105	68.698	933.105	73.6777	933.105	64.6909	933.105	72.441	933.105	68.4087	933.105	71.3788	933.105	70.7397	933.105	71.8222	933.105	69.6997	933.105	73.8128	933.105	60.7796	933.105	72.7049	933.105	66.0789	933.105	68.1181	933.105	71.7665	933.105	70.4008	933.105	72.9637
966.064	83.8876	966.064	83.5064	966.064	83.7698	966.064	82.7073	966.064	83.2423	966.064	81.5876	966.064	82.49	966.064	80.3525	966.064	81.476	966.064	78.8882	966.064	79.9954	966.064	77.0595	966.064	78.024	966.064	76.3362	966.064	75.5265	966.064	76.2821	966.064	73.2484	966.064	75.4133	966.064	73.7106	966.064	74.4431	966.064	73.6111	966.064	72.8809	966.064	70.9144	966.064	71.593	966.064	68.511	966.064	71.8036	966.064	71.0783	966.064	71.6504	966.064	70.5114	966.064	68.8074	966.064	65.6741	966.064	52.4793	966.064	53.6699	966.064	63.1812	966.064	64.5807	966.064	66.0677
999.756	83.9224	999.756	84.0197	999.756	83.8137	999.756	83.4932	999.756	83.3833	999.756	81.9034	999.756	82.193	999.756	80.1996	999.756	80.6265	999.756	79.3489	999.756	79.1889	999.756	78.2889	999.756	78.0461	999.756	75.752	999.756	77.2261	999.756	73.0195	999.756	75.612	999.756	72.5074	999.756	73.0974	999.756	72.1951	999.756	70.8185	999.756	72.349	999.756	67.6004	999.756	72.4233	999.756	70.1773	999.756	70.4094	999.756	71.2064	999.756	66.8035	999.756	69.3368	999.756	62.478	999.756	65.3145	999.756	58.7509	999.756	65.4485	999.756	69.9464	999.756	71.6249	999.756	72.7039
1034.91	83.7378	1034.91	83.647	1034.91	83.8404	1034.91	83.281	1034.91	84.0683	1034.91	82.5584	1034.91	83.3211	1034.91	80.8665	1034.91	81.3448	1034.91	78.4098	1034.91	79.8067	1034.91	77.6361	1034.91	78.7511	1034.91	77.4105	1034.91	76.7147	1034.91	75.0368	1034.91	76.0575	1034.91	72.7292	1034.91	75.7182	1034.91	72.4082	1034.91	73.1846	1034.91	69.6772	1034.91	71.782	1034.91	69.9152	1034.91	71.3684	1034.91	70.8752	1034.91	68.575	1034.91	68.8314	1034.91	72.3279	1034.91	65.2504	1034.91	72.7469	1034.91	57.0308	1034.91	69.4433	1034.91	67.3388	1034.91	61.2377	1034.91	68.2284
1071.53	83.8394	1071.53	83.7781	1071.53	83.4018	1071.53	82.9545	1071.53	82.3657	1071.53	81.1166	1071.53	81.3424	1071.53	79.758	1071.53	80.6121	1071.53	78.7025	1071.53	79.6742	1071.53	76.374	1071.53	78.0295	1071.53	75.1339	1071.53	75.4709	1071.53	75.3637	1071.53	72.968	1071.53	72.731	1071.53	72.0471	1071.53	70.4745	1071.53	71.8334	1071.53	70.0881	1071.53	68.8916	1071.53	65.6358	1071.53	63.1577	1071.53	68.652	1071.53	68.8208	1071.53	71.8533	1071.53	70.5429	1071.53	66.7784	1071.53	62.1087	1071.53	63.1559	1071.53	64.0295	1071.53	68.7188	1071.53	70.0677	1071.53	69.8587
1109.62	84.3482	1109.62	83.8222	1109.62	84.6542	1109.62	83.4504	1109.62	84.2159	1109.62	82.9583	1109.62	82.9956	1109.62	81.1514	1109.62	81.4995	1109.62	78.6711	1109.62	80.0843	1109.62	78.0414	1109.62	78.828	1109.62	76.0139	1109.62	77.6582	1109.62	69.8554	1109.62	76.179	1109.62	70.1262	1109.62	73.8885	1109.62	72.9648	1109.62	71.4381	1109.62	72.534	1109.62	70.4105	1109.62	69.8428	1109.62	70.5809	1109.62	65.5678	1109.62	69.0075	1109.62	66.0724	1109.62	70.0636	1109.62	68.8865	1109.62	69.0826	1109.62	57.8503	1109.62	62.3081	1109.62	66.2701	1109.62	67.1071	1109.62	68.567
1148.44	85.6592	1148.44	85.0351	1148.44	85.4229	1148.44	83.6313	1148.44	84.3216	1148.44	81.8896	1148.44	83.6394	1148.44	81.2844	1148.44	83.1222	1148.44	80.5597	1148.44	81.1409	1148.44	78.0997	1148.44	78.4864	1148.44	75.775	1148.44	77.5734	1148.44	75.0575	1148.44	76.8967	1148.44	74.0573	1148.44	74.2915	1148.44	71.5311	1148.44	71.9152	1148.44	69.2269	1148.44	71.4621	1148.44	66.7754	1148.44	70.9402	1148.44	66.6904	1148.44	68.5563	1148.44	70.2812	1148.44	67.8228	1148.44	70.2823	1148.44	72.1782	1148.44	64.2911	1148.44	68.7977	1148.44	67.5111	1148.44	66.2646	1148.44	73.1981
1189.45	85.4457	1189.45	85.533	1189.45	85.4047	1189.45	85.1063	1189.45	85.4406	1189.45	83.8879	1189.45	84.8558	1189.45	82.0907	1189.45	83.2628	1189.45	80.6518	1189.45	81.5129	1189.45	79.7207	1189.45	80.346	1189.45	78.1344	1189.45	78.7396	1189.45	75.5087	1189.45	76.4158	1189.45	73.7737	1189.45	74.3746	1189.45	75.1835	1189.45	74.8969	1189.45	72.9227	1189.45	75.6286	1189.45	68.8823	1189.45	72.6148	1189.45	67.8743	1189.45	66.0676	1189.45	70.4117	1189.45	66.6724	1189.45	69.3327	1189.45	65.3114	1189.45	58.9338	1189.45	67.1077	1189.45	60.2187	1189.45	64.1866	1189.45	63.3474
1231.2	85.7869	1231.2	85.8199	1231.2	86.2929	1231.2	85.4217	1231.2	85.9059	1231.2	83.4041	1231.2	84.1053	1231.2	81.5401	1231.2	81.7062	1231.2	80.6959	1231.2	79.8798	1231.2	78.4798	1231.2	79.0165	1231.2	75.5018	1231.2	77.8604	1231.2	74.2286	1231.2	75.9561	1231.2	72.8174	1231.2	74.5328	1231.2	71.2989	1231.2	72.5142	1231.2	71.7704	1231.2	72.6802	1231.2	67.6429	1231.2	71.472	1231.2	66.4505	1231.2	70.8414	1231.2	70.9699	1231.2	72.3257	1231.2	69.8115	1231.2	68.7701	1231.2	56.7874	1231.2	59.0594	1231.2	73.8426	1231.2	54.9543	1231.2	69.9676
1274.41	86.1947	1274.41	85.963	1274.41	86.0618	1274.41	85.1724	1274.41	85.3765	1274.41	84.2649	1274.41	84.0326	1274.41	82.558	1274.41	82.7729	1274.41	79.7655	1274.41	81.7199	1274.41	79.6676	1274.41	80.4821	1274.41	79.6082	1274.41	78.5932	1274.41	77.6969	1274.41	75.1933	1274.41	76.6567	1274.41	73.653	1274.41	74.5911	1274.41	73.8689	1274.41	71.2176	1274.41	70.1992	1274.41	68.2948	1274.41	69.09	1274.41	70.7819	1274.41	68.6133	1274.41	66.065	1274.41	70.8222	1274.41	68.441	1274.41	70.9023	1274.41	65.8184	1274.41	65.2551	1274.41	68.315	1274.41	65.0717	1274.41	73.7148
1319.82	86.1856	1319.82	85.973	1319.82	85.973	1319.82	85.1005	1319.82	85.1003	1319.82	83.8932	1319.82	83.893	1319.82	82.7139	1319.82	82.7136	1319.82	80.681	1319.82	80.6807	1319.82	78.6775	1319.82	78.6773	1319.82	77.5318	1319.82	77.5316	1319.82	75.7064	1319.82	75.7062	1319.82	74.4739	1319.82	74.4737	1319.82	74.3994	1319.82	74.3993	1319.82	71.6204	1319.82	71.6203	1319.82	69.6924	1319.82	69.6922	1319.82	68.5028	1319.82	68.5029	1319.82	67.8926	1319.82	67.8922	1319.82	69.5975	1319.82	69.5976	1319.82	60.747	1319.82	60.7489	1319.82	66.693	1319.82	66.6918	1319.82	71.6551
1365.97	85.7043	1365.97	85.2359	1365.97	85.2358	1365.97	84.2651	1365.97	84.265	1365.97	83.2916	1365.97	83.2915	1365.97	81.645	1365.97	81.6448	1365.97	80.0651	1365.97	80.0649	1365.97	79.2189	1365.97	79.2188	1365.97	77.8255	1365.97	77.8253	1365.97	75.8163	1365.97	75.8162	1365.97	74.7214	1365.97	74.7212	1365.97	73.343	1365.97	73.3429	1365.97	72.2445	1365.97	72.2444	1365.97	70.586	1365.97	70.5859	1365.97	69.0771	1365.97	69.0772	1365.97	65.4047	1365.97	65.4045	1365.97	67.4849	1365.97	67.4848	1365.97	62.1207	1365.97	62.1222	1365.97	64.0458	1365.97	64.0443	1365.97	69.3936
1414.31	85.8552	1414.31	85.6053	1414.31	85.6052	1414.31	84.8561	1414.31	84.8559	1414.31	83.3595	1414.31	83.3593	1414.31	82.3426	1414.31	82.3424	1414.31	81.2477	1414.31	81.2474	1414.31	78.765	1414.31	78.7647	1414.31	77.2852	1414.31	77.285	1414.31	76.782	1414.31	76.7818	1414.31	73.6864	1414.31	73.6863	1414.31	73.0527	1414.31	73.0526	1414.31	72.6992	1414.31	72.6991	1414.31	70.5313	1414.31	70.5312	1414.31	70.7125	1414.31	70.7125	1414.31	69.4042	1414.31	69.4041	1414.31	71.3476	1414.31	71.3473	1414.31	67.5444	1414.31	67.5457	1414.31	65.1187	1414.31	65.117	1414.31	70.8855
1464.11	85.9592	1464.11	85.6476	1464.11	85.6475	1464.11	84.7255	1464.11	84.7254	1464.11	84.1821	1464.11	84.182	1464.11	82.6237	1464.11	82.6234	1464.11	81.2709	1464.11	81.2708	1464.11	80.6736	1464.11	80.6734	1464.11	78.0831	1464.11	78.0828	1464.11	76.2982	1464.11	76.2981	1464.11	75.4293	1464.11	75.4291	1464.11	73.0209	1464.11	73.0207	1464.11	72.1663	1464.11	72.1662	1464.11	70.0193	1464.11	70.0192	1464.11	70.4956	1464.11	70.4955	1464.11	71.6889	1464.11	71.6886	1464.11	72.6953	1464.11	72.6953	1464.11	65.4291	1464.11	65.4307	1464.11	64.2936	1464.11	64.292	1464.11	70.4406
1515.38	86.3073	1515.38	85.9285	1515.38	85.9284	1515.38	85.1498	1515.38	85.1496	1515.38	83.9071	1515.38	83.907	1515.38	83.26	1515.38	83.2599	1515.38	81.97	1515.38	81.9698	1515.38	79.7484	1515.38	79.7482	1515.38	79.159	1515.38	79.1588	1515.38	78.0815	1515.38	78.0813	1515.38	75.5586	1515.38	75.5585	1515.38	74.6904	1515.38	74.6902	1515.38	73.3037	1515.38	73.3037	1515.38	69.8498	1515.38	69.8498	1515.38	69.8399	1515.38	69.8396	1515.38	69.8192	1515.38	69.8192	1515.38	72.0031	1515.38	72.0028	1515.38	69.2072	1515.38	69.2081	1515.38	64.76	1515.38	64.7595	1515.38	66.1904
1568.85	85.4181	1568.85	85.3561	1568.85	85.356	1568.85	84.7359	1568.85	84.7357	1568.85	83.8337	1568.85	83.8336	1568.85	82.8199	1568.85	82.8197	1568.85	81.8746	1568.85	81.8744	1568.85	80.9387	1568.85	80.9385	1568.85	78.5294	1568.85	78.5291	1568.85	76.4149	1568.85	76.4147	1568.85	75.1774	1568.85	75.1773	1568.85	71.7057	1568.85	71.7057	1568.85	73.0514	1568.85	73.0512	1568.85	69.8324	1568.85	69.8325	1568.85	70.4356	1568.85	70.4355	1568.85	70.4309	1568.85	70.4308	1568.85	72.8391	1568.85	72.839	1568.85	67.3874	1568.85	67.3889	1568.85	68.7603	1568.85	68.7587	1568.85	74.9406
1624.51	85.1856	1624.51	84.3724	1624.51	84.3723	1624.51	84.0336	1624.51	84.0335	1624.51	83.2571	1624.51	83.257	1624.51	82.3051	1624.51	82.305	1624.51	81.1309	1624.51	81.1307	1624.51	80.0951	1624.51	80.0949	1624.51	78.602	1624.51	78.6018	1624.51	76.1143	1624.51	76.1141	1624.51	75.7108	1624.51	75.7105	1624.51	73.121	1624.51	73.1209	1624.51	71.5792	1624.51	71.5791	1624.51	71.336	1624.51	71.336	1624.51	65.034	1624.51	65.0342	1624.51	65.7194	1624.51	65.7193	1624.51	69.9856	1624.51	69.9852	1624.51	67.7085	1624.51	67.7094	1624.51	56.163	1624.51	56.1615	1624.51	65.884
1681.64	84.5927	1681.64	84.7205	1681.64	84.7204	1681.64	84.0507	1681.64	84.0506	1681.64	83.7344	1681.64	83.7343	1681.64	82.833	1681.64	82.8328	1681.64	82.1506	1681.64	82.1504	1681.64	80.2098	1681.64	80.2095	1681.64	78.6988	1681.64	78.6986	1681.64	76.2522	1681.64	76.252	1681.64	73.869	1681.64	73.8688	1681.64	73.0413	1681.64	73.0411	1681.64	70.7573	1681.64	70.7571	1681.64	69.0116	1681.64	69.0116	1681.64	68.3074	1681.64	68.3072	1681.64	66.4117	1681.64	66.412	1681.64	62.5944	1681.64	62.5946	1681.64	61.2959	1681.64	61.2954	1681.64	55.6338	1681.64	55.6336	1681.64	67.4823
1740.97	84.5269	1740.97	84.2142	1740.97	84.2142	1740.97	84.5469	1740.97	84.5469	1740.97	84.0675	1740.97	84.0673	1740.97	83.641	1740.97	83.6408	1740.97	82.0355	1740.97	82.0353	1740.97	80.4977	1740.97	80.4975	1740.97	78.3067	1740.97	78.3064	1740.97	76.6994	1740.97	76.6992	1740.97	74.4859	1740.97	74.4858	1740.97	72.5468	1740.97	72.5466	1740.97	72.5779	1740.97	72.5779	1740.97	70.6226	1740.97	70.6226	1740.97	69.6236	1740.97	69.6234	1740.97	69.0975	1740.97	69.0977	1740.97	65.712	1740.97	65.7114	1740.97	70.273	1740.97	70.2732	1740.97	56.9939	1740.97	56.9899	1740.97	69.1287
1802.49	84.5159	1802.49	84.4858	1802.49	84.4857	1802.49	84.6362	1802.49	84.6362	1802.49	84.648	1802.49	84.6479	1802.49	84.1304	1802.49	84.1302	1802.49	82.9862	1802.49	82.9859	1802.49	80.878	1802.49	80.8778	1802.49	79.2181	1802.49	79.2179	1802.49	76.517	1802.49	76.5168	1802.49	74.9055	1802.49	74.9053	1802.49	73.0484	1802.49	73.0483	1802.49	71.5905	1802.49	71.5903	1802.49	70.8405	1802.49	70.8405	1802.49	68.3186	1802.49	68.3184	1802.49	70.0302	1802.49	70.0301	1802.49	70.4199	1802.49	70.4197	1802.49	68.1771	1802.49	68.1779	1802.49	52.4028	1802.49	52.3986	1802.49	63.3377
1866.21	83.9778	1866.21	84.1608	1866.21	84.1608	1866.21	84.3491	1866.21	84.349	1866.21	84.4703	1866.21	84.4702	1866.21	83.9109	1866.21	83.9108	1866.21	83.0689	1866.21	83.0687	1866.21	81.0531	1866.21	81.0528	1866.21	79.3467	1866.21	79.3465	1866.21	75.8925	1866.21	75.8923	1866.21	74.2762	1866.21	74.2761	1866.21	72.0222	1866.21	72.0221	1866.21	69.3876	1866.21	69.3875	1866.21	69.029	1866.21	69.029	1866.21	67.9458	1866.21	67.9455	1866.21	69.0814	1866.21	69.0815	1866.21	68.3194	1866.21	68.3188	1866.21	69.9472	1866.21	69.9477	1866.21	61.1448	1866.21	61.1418	1866.21	71.2271
1932.13	82.2131	1932.13	82.6566	1932.13	82.6566	1932.13	83.4617	1932.13	83.4617	1932.13	83.6236	1932.13	83.6235	1932.13	83.0423	1932.13	83.0421	1932.13	81.4656	1932.13	81.4654	1932.13	80.1292	1932.13	80.129	1932.13	76.6868	1932.13	76.6866	1932.13	75.1045	1932.13	75.1043	1932.13	73.0833	1932.13	73.0831	1932.13	70.4615	1932.13	70.4614	1932.13	67.2369	1932.13	67.2368	1932.13	68.9056	1932.13	68.9054	1932.13	63.3616	1932.13	63.3618	1932.13	68.5315	1932.13	68.5311	1932.13	68.5028	1932.13	68.5028	1932.13	66.5901	1932.13	66.5911	1932.13	58.0244	1932.13	58.0232	1932.13	64.1834
2000.24	82.5039	2000.24	82.7665	2000.24	82.7665	2000.24	83.3622	2000.24	83.3622	2000.24	83.7533	2000.24	83.7532	2000.24	82.8837	2000.24	82.8835	2000.24	81.5086	2000.24	81.5083	2000.24	79.6158	2000.24	79.6156	2000.24	77.2106	2000.24	77.2104	2000.24	74.0666	2000.24	74.0663	2000.24	69.7931	2000.24	69.7929	2000.24	67.9277	2000.24	67.9275	2000.24	65.2269	2000.24	65.2267	2000.24	68.5633	2000.24	68.5632	2000.24	59.2442	2000.24	59.2444	2000.24	66.6766	2000.24	66.6764	2000.24	62.7078	2000.24	62.7074	2000.24	65.768	2000.24	65.7682	2000.24	46.753	2000.24	46.7401	2000.24	67.1102
2070.56	83.2996	2070.56	83.4811	2070.56	83.4811	2070.56	84.0467	2070.56	84.0467	2070.56	84.0817	2070.56	84.0816	2070.56	83.3085	2070.56	83.3083	2070.56	81.7743	2070.56	81.774	2070.56	79.2528	2070.56	79.2525	2070.56	76.3856	2070.56	76.3854	2070.56	74.3146	2070.56	74.3144	2070.56	70.8966	2070.56	70.8965	2070.56	69.4577	2070.56	69.4576	2070.56	67.4918	2070.56	67.4917	2070.56	67.6333	2070.56	67.633	2070.56	64.5448	2070.56	64.5454	2070.56	64.999	2070.56	64.9984	2070.56	63.0288	2070.56	63.0294	2070.56	63.0065	2070.56	63.0065	2070.56	37.0624	2070.56	37.0866	2070.56	63.4221
2143.8	83.4088	2143.8	83.9069	2143.8	83.9069	2143.8	84.3781	2143.8	84.378	2143.8	84.0939	2143.8	84.0937	2143.8	83.3013	2143.8	83.3011	2143.8	81.5724	2143.8	81.5721	2143.8	78.9287	2143.8	78.9284	2143.8	75.846	2143.8	75.8457	2143.8	72.9446	2143.8	72.9444	2143.8	70.8767	2143.8	70.8765	2143.8	67.6276	2143.8	67.6275	2143.8	66.8879	2143.8	66.8878	2143.8	65.6953	2143.8	65.6952	2143.8	62.7682	2143.8	62.7686	2143.8	64.5747	2143.8	64.5742	2143.8	62.2332	2143.8	62.2334	2143.8	65.0776	2143.8	65.0776	2143.8	48.4647	2143.8	48.4676	2143.8	64.9941
2219.24	83.6027	2219.24	84.0933	2219.24	84.0933	2219.24	84.1926	2219.24	84.1926	2219.24	84.137	2219.24	84.1369	2219.24	83.2903	2219.24	83.2901	2219.24	81.4967	2219.24	81.4964	2219.24	78.5622	2219.24	78.5619	2219.24	75.8852	2219.24	75.885	2219.24	72.2522	2219.24	72.252	2219.24	69.833	2219.24	69.8328	2219.24	66.9759	2219.24	66.9757	2219.24	65.4572	2219.24	65.4572	2219.24	61.5472	2219.24	61.5468	2219.24	64.9516	2219.24	64.9517	2219.24	59.8288	2219.24	59.8284	2219.24	61.2619	2219.24	61.2621	2219.24	61.4041	2219.24	61.4042	2219.24	38.4881	2219.24	38.4912	2219.24	57.4278
2297.61	84.0904	2297.61	84.4048	2297.61	84.4049	2297.61	84.7883	2297.61	84.7882	2297.61	84.6281	2297.61	84.6279	2297.61	83.5818	2297.61	83.5815	2297.61	81.5992	2297.61	81.5989	2297.61	79.2884	2297.61	79.2881	2297.61	76.4607	2297.61	76.4604	2297.61	73.0667	2297.61	73.0665	2297.61	70.098	2297.61	70.0978	2297.61	67.6754	2297.61	67.6753	2297.61	65.8552	2297.61	65.8551	2297.61	64.4567	2297.61	64.4565	2297.61	64.155	2297.61	64.155	2297.61	65.5017	2297.61	65.5014	2297.61	64.5224	2297.61	64.5226	2297.61	65.4842	2297.61	65.4841	2297.61	54.2178	2297.61	54.2217	2297.61	60.9121
2378.17	84.5914	2378.17	84.8218	2378.17	84.8218	2378.17	85.1508	2378.17	85.1508	2378.17	84.8543	2378.17	84.8542	2378.17	83.7023	2378.17	83.7021	2378.17	82.029	2378.17	82.0287	2378.17	79.3137	2378.17	79.3134	2378.17	76.5882	2378.17	76.5879	2378.17	73.3664	2378.17	73.3662	2378.17	70.8711	2378.17	70.8709	2378.17	67.9772	2378.17	67.9771	2378.17	66.4071	2378.17	66.4069	2378.17	64.4961	2378.17	64.496	2378.17	64.7195	2378.17	64.7196	2378.17	63.6001	2378.17	63.5992	2378.17	66.289	2378.17	66.2894	2378.17	65.206	2378.17	65.2057	2378.17	58.9211	2378.17	58.9233	2378.17	63.0786
2462.4	84.4146	2462.4	84.55	2462.4	84.55	2462.4	84.6729	2462.4	84.6728	2462.4	84.3736	2462.4	84.3735	2462.4	83.3091	2462.4	83.3089	2462.4	81.3084	2462.4	81.3081	2462.4	79.0229	2462.4	79.0226	2462.4	75.8288	2462.4	75.8285	2462.4	72.6316	2462.4	72.6314	2462.4	69.6396	2462.4	69.6395	2462.4	67.461	2462.4	67.4608	2462.4	65.3154	2462.4	65.3153	2462.4	63.2622	2462.4	63.2621	2462.4	63.3663	2462.4	63.3662	2462.4	62.4976	2462.4	62.4971	2462.4	65.8619	2462.4	65.8619	2462.4	65.9126	2462.4	65.9124	2462.4	57.6728	2462.4	57.6753	2462.4	60.8985
2548.83	84.5585	2548.83	84.5591	2548.83	84.559	2548.83	84.5287	2548.83	84.5286	2548.83	84.133	2548.83	84.1329	2548.83	83.171	2548.83	83.1708	2548.83	81.1723	2548.83	81.172	2548.83	78.8613	2548.83	78.861	2548.83	76.271	2548.83	76.2707	2548.83	72.8086	2548.83	72.8083	2548.83	69.2486	2548.83	69.2485	2548.83	66.9182	2548.83	66.9181	2548.83	64.2798	2548.83	64.2797	2548.83	62.8627	2548.83	62.8627	2548.83	62.9012	2548.83	62.9009	2548.83	63.6809	2548.83	63.6804	2548.83	67.3192	2548.83	67.3193	2548.83	64.3961	2548.83	64.396	2548.83	60.2299	2548.83	60.2315	2548.83	60.5986
2638.92	84.9654	2638.92	85.1426	2638.92	85.1425	2638.92	84.8186	2638.92	84.8185	2638.92	84.3283	2638.92	84.3282	2638.92	83.2795	2638.92	83.2793	2638.92	81.6391	2638.92	81.6389	2638.92	78.952	2638.92	78.9517	2638.92	76.5942	2638.92	76.5939	2638.92	73.5092	2638.92	73.5089	2638.92	70.3957	2638.92	70.3955	2638.92	67.0962	2638.92	67.0961	2638.92	64.4498	2638.92	64.4498	2638.92	61.3646	2638.92	61.3644	2638.92	62.4576	2638.92	62.4573	2638.92	64.7634	2638.92	64.763	2638.92	66.5324	2638.92	66.5325	2638.92	66.5018	2638.92	66.5015	2638.92	63.2394	2638.92	63.2406	2638.92	59.5108
2731.93	84.0351	2731.93	84.1085	2731.93	84.1085	2731.93	84.2628	2731.93	84.2627	2731.93	83.7187	2731.93	83.7186	2731.93	82.8608	2731.93	82.8606	2731.93	80.9769	2731.93	80.9767	2731.93	78.9092	2731.93	78.9089	2731.93	75.7	2731.93	75.6998	2731.93	72.8868	2731.93	72.8866	2731.93	69.6918	2731.93	69.6917	2731.93	66.8515	2731.93	66.8514	2731.93	62.377	2731.93	62.3768	2731.93	62.6157	2731.93	62.6156	2731.93	63.1561	2731.93	63.156	2731.93	58.5473	2731.93	58.5463	2731.93	65.9976	2731.93	65.9975	2731.93	65.7727	2731.93	65.7722	2731.93	64.1766	2731.93	64.1778	2731.93	60.5116
2828.61	83.5554	2828.61	83.2577	2828.61	83.2577	2828.61	83.1442	2828.61	83.1441	2828.61	82.5816	2828.61	82.5814	2828.61	81.6696	2828.61	81.6694	2828.61	80.0333	2828.61	80.033	2828.61	77.5653	2828.61	77.565	2828.61	75.6531	2828.61	75.6529	2828.61	72.1934	2828.61	72.1931	2828.61	69.0541	2828.61	69.0539	2828.61	65.6157	2828.61	65.6156	2828.61	65.2142	2828.61	65.214	2828.61	63.9154	2828.61	63.9155	2828.61	58.7973	2828.61	58.7968	2828.61	59.9037	2828.61	59.9037	2828.61	66.2811	2828.61	66.2808	2828.61	65.5576	2828.61	65.5572	2828.61	64.366	2828.61	64.367	2828.61	63.7327
2928.22	83.3944	2928.22	83.6432	2928.22	83.6431	2928.22	82.8495	2928.22	82.8494	2928.22	82.4131	2928.22	82.4129	2928.22	81.3777	2928.22	81.3775	2928.22	79.8704	2928.22	79.8701	2928.22	77.9744	2928.22	77.9741	2928.22	75.7149	2928.22	75.7146	2928.22	71.8566	2928.22	71.8563	2928.22	69.1071	2928.22	69.1069	2928.22	65.2677	2928.22	65.2675	2928.22	60.4374	2928.22	60.4375	2928.22	61.2966	2928.22	61.2963	2928.22	59.8054	2928.22	59.8053	2928.22	62.0568	2928.22	62.0566	2928.22	66.801	2928.22	66.8006	2928.22	64.1006	2928.22	64.1008	2928.22	61.9804	2928.22	61.9814	2928.22	58.3805
3031.49	83.625	3031.49	83.4184	3031.49	83.4184	3031.49	83.333	3031.49	83.3328	3031.49	82.2017	3031.49	82.2015	3031.49	81.2193	3031.49	81.219	3031.49	79.7334	3031.49	79.7332	3031.49	78.1268	3031.49	78.1266	3031.49	75.3199	3031.49	75.3197	3031.49	73.1416	3031.49	73.1413	3031.49	68.1825	3031.49	68.1823	3031.49	66.4328	3031.49	66.4328	3031.49	61.4491	3031.49	61.4489	3031.49	60.2301	3031.49	60.23	3031.49	59.4778	3031.49	59.4779	3031.49	62.9011	3031.49	62.9005	3031.49	65.606	3031.49	65.6059	3031.49	62.7017	3031.49	62.7018	3031.49	63.8843	3031.49	63.8852	3031.49	58.5175
3138.43	83.9412	3138.43	83.2939	3138.43	83.2938	3138.43	82.8356	3138.43	82.8355	3138.43	82.2704	3138.43	82.2702	3138.43	81.0065	3138.43	81.0063	3138.43	79.9688	3138.43	79.9686	3138.43	77.7384	3138.43	77.7382	3138.43	75.7193	3138.43	75.7191	3138.43	72.1676	3138.43	72.1673	3138.43	69.5315	3138.43	69.5314	3138.43	66.3435	3138.43	66.3434	3138.43	63.7401	3138.43	63.74	3138.43	59.0234	3138.43	59.0238	3138.43	59.8918	3138.43	59.8915	3138.43	59.0845	3138.43	59.0838	3138.43	64.2604	3138.43	64.2603	3138.43	65.0908	3138.43	65.0905	3138.43	62.6495	3138.43	62.6506	3138.43	58.1006
3249.02	83.2211	3249.02	83.4251	3249.02	83.425	3249.02	82.4917	3249.02	82.4915	3249.02	81.8988	3249.02	81.8986	3249.02	80.9601	3249.02	80.9599	3249.02	79.908	3249.02	79.9078	3249.02	78.2261	3249.02	78.2259	3249.02	76.2598	3249.02	76.2596	3249.02	73.4615	3249.02	73.4612	3249.02	69.3472	3249.02	69.3471	3249.02	66.2999	3249.02	66.2998	3249.02	59.3844	3249.02	59.3846	3249.02	57.2709	3249.02	57.2708	3249.02	57.5826	3249.02	57.5822	3249.02	56.8665	3249.02	56.8667	3249.02	64.1697	3249.02	64.169	3249.02	63.7418	3249.02	63.7418	3249.02	60.9751	3249.02	60.9767	3249.02	60.3361
3363.28	83.9121	3363.28	83.6385	3363.28	83.6384	3363.28	83.2513	3363.28	83.2511	3363.28	82.0102	3363.28	82.0101	3363.28	80.7823	3363.28	80.7821	3363.28	79.5374	3363.28	79.5372	3363.28	78.1138	3363.28	78.1135	3363.28	75.8289	3363.28	75.8287	3363.28	72.6539	3363.28	72.6537	3363.28	69.2762	3363.28	69.276	3363.28	65.5459	3363.28	65.5458	3363.28	61.9114	3363.28	61.9114	3363.28	56.0709	3363.28	56.0709	3363.28	52.6225	3363.28	52.6233	3363.28	60.5182	3363.28	60.5175	3363.28	64.7145	3363.28	64.714	3363.28	62.6995	3363.28	62.6995	3363.28	66.044	3363.28	66.0447	3363.28	57.8984
3481.93	84.5489	3481.93	84.0316	3481.93	84.0315	3481.93	83.0287	3481.93	83.0286	3481.93	82.4313	3481.93	82.4311	3481.93	80.9612	3481.93	80.961	3481.93	80.0069	3481.93	80.0066	3481.93	77.784	3481.93	77.7838	3481.93	75.4657	3481.93	75.4654	3481.93	72.5656	3481.93	72.5654	3481.93	69.5728	3481.93	69.5726	3481.93	64.7523	3481.93	64.7521	3481.93	62.932	3481.93	62.932	3481.93	56.9668	3481.93	56.9673	3481.93	56.5874	3481.93	56.5872	3481.93	58.719	3481.93	58.7179	3481.93	63.5633	3481.93	63.5633	3481.93	63.2523	3481.93	63.2524	3481.93	60.967	3481.93	60.9677	3481.93	38.5248
3604.98	84.2266	3604.98	84.2732	3604.98	84.2731	3604.98	83.4194	3604.98	83.4192	3604.98	81.9222	3604.98	81.922	3604.98	81.4116	3604.98	81.4114	3604.98	80.1634	3604.98	80.1632	3604.98	78.5574	3604.98	78.5572	3604.98	76.1242	3604.98	76.1239	3604.98	73.8639	3604.98	73.8636	3604.98	70.086	3604.98	70.0858	3604.98	68.3535	3604.98	68.3533	3604.98	60.2048	3604.98	60.205	3604.98	57.6973	3604.98	57.6971	3604.98	44.4572	3604.98	44.4558	3604.98	48.3674	3604.98	48.3678	3604.98	61.921	3604.98	61.9204	3604.98	62.6443	3604.98	62.6443	3604.98	59.0438	3604.98	59.0447	3604.98	54.5714
3732.42	84.48	3732.42	83.6487	3732.42	83.6485	3732.42	82.3826	3732.42	82.3825	3732.42	82.0883	3732.42	82.0881	3732.42	80.8773	3732.42	80.8771	3732.42	79.9994	3732.42	79.9992	3732.42	77.3715	3732.42	77.3712	3732.42	74.9123	3732.42	74.9121	3732.42	73.0367	3732.42	73.0365	3732.42	70.3876	3732.42	70.3875	3732.42	66.8998	3732.42	66.8997	3732.42	63.3457	3732.42	63.3456	3732.42	60.0571	3732.42	60.0573	3732.42	46.4727	3732.42	46.4742	3732.42	53.5441	3732.42	53.5435	3732.42	59.3015	3732.42	59.3007	3732.42	57.4093	3732.42	57.4094	3732.42	61.7509	3732.42	61.7518	3732.42	57.4106
3863.53	84.7505	3863.53	83.996	3863.53	83.9959	3863.53	82.6722	3863.53	82.672	3863.53	81.7568	3863.53	81.7567	3863.53	81.8032	3863.53	81.803	3863.53	79.7788	3863.53	79.7785	3863.53	78.0218	3863.53	78.0215	3863.53	75.6285	3863.53	75.6283	3863.53	73.2496	3863.53	73.2494	3863.53	70.4316	3863.53	70.4314	3863.53	67.7654	3863.53	67.7652	3863.53	63.8238	3863.53	63.8238	3863.53	59.4995	3863.53	59.4998	3863.53	52.025	3863.53	52.0251	3863.53	52.8675	3863.53	52.8659	3863.53	59.5904	3863.53	59.5897	3863.53	60.1023	3863.53	60.1032	3863.53	61.858	3863.53	61.8581	3863.53	45.8003
3999.76	85.226	3999.76	84.238	3999.76	84.2378	3999.76	82.9475	3999.76	82.9475	3999.76	82.9731	3999.76	82.9729	3999.76	81.9749	3999.76	81.9747	3999.76	80.2015	3999.76	80.2012	3999.76	77.6705	3999.76	77.6702	3999.76	75.5718	3999.76	75.5716	3999.76	74.2216	3999.76	74.2214	3999.76	72.0652	3999.76	72.065	3999.76	69.7838	3999.76	69.7837	3999.76	64.7923	3999.76	64.7923	3999.76	62.5771	3999.76	62.5771	3999.76	52.3467	3999.76	52.3476	3999.76	49.618	3999.76	49.6192	3999.76	57.879	3999.76	57.8782	3999.76	58.6762	3999.76	58.6766	3999.76	55.6523	3999.76	55.6529	3999.76	56.923
4141.11	85.3473	4141.11	84.0789	4141.11	84.0787	4141.11	82.6918	4141.11	82.6916	4141.11	82.7682	4141.11	82.7682	4141.11	82.5506	4141.11	82.5503	4141.11	80.294	4141.11	80.2937	4141.11	78.2597	4141.11	78.2595	4141.11	76.4389	4141.11	76.4387	4141.11	74.5481	4141.11	74.5479	4141.11	71.9402	4141.11	71.94	4141.11	68.9926	4141.11	68.9924	4141.11	65.9076	4141.11	65.9075	4141.11	60.4241	4141.11	60.4243	4141.11	57.8057	4141.11	57.8058	4141.11	53.4965	4141.11	53.4962	4141.11	50.9217	4141.11	50.9186	4141.11	57.8096	4141.11	57.8097	4141.11	60.4156	4141.11	60.4166	4141.11	57.1769
4286.87	85.8685	4286.87	84.698	4286.87	84.6978	4286.87	83.2154	4286.87	83.2153	4286.87	83.0869	4286.87	83.0868	4286.87	82.4805	4286.87	82.4803	4286.87	80.5579	4286.87	80.5577	4286.87	78.4041	4286.87	78.4038	4286.87	76.5639	4286.87	76.5637	4286.87	74.7035	4286.87	74.7033	4286.87	72.3247	4286.87	72.3245	4286.87	70.4253	4286.87	70.4252	4286.87	66.3413	4286.87	66.3413	4286.87	62.5232	4286.87	62.5235	4286.87	54.5702	4286.87	54.5702	4286.87	53.9548	4286.87	53.9537	4286.87	56.4724	4286.87	56.472	4286.87	60.0974	4286.87	60.0982	4286.87	58.5978	4286.87	58.5981	4286.87	54.627
4438.48	85.3758	4438.48	84.5074	4438.48	84.5072	4438.48	83.0399	4438.48	83.0398	4438.48	82.9669	4438.48	82.9669	4438.48	82.3247	4438.48	82.3245	4438.48	80.7152	4438.48	80.715	4438.48	78.7382	4438.48	78.7379	4438.48	76.7008	4438.48	76.7005	4438.48	74.4838	4438.48	74.4836	4438.48	71.3004	4438.48	71.3002	4438.48	68.7342	4438.48	68.7341	4438.48	66.3312	4438.48	66.3311	4438.48	61.2092	4438.48	61.2095	4438.48	59.0637	4438.48	59.0636	4438.48	50.2182	4438.48	50.2185	4438.48	54.5734	4438.48	54.5723	4438.48	57.8782	4438.48	57.8786	4438.48	55.6157	4438.48	55.6162	4438.48	35.5392
4594.48	85.4456	4594.48	84.7619	4594.48	84.7617	4594.48	83.4509	4594.48	83.4508	4594.48	82.3742	4594.48	82.374	4594.48	81.7442	4594.48	81.7441	4594.48	80.2668	4594.48	80.2666	4594.48	77.9253	4594.48	77.925	4594.48	75.1094	4594.48	75.1091	4594.48	73.14	4594.48	73.1398	4594.48	70.6046	4594.48	70.6045	4594.48	69.3261	4594.48	69.326	4594.48	64.9356	4594.48	64.9355	4594.48	64.3979	4594.48	64.398	4594.48	55.2955	4594.48	55.2959	4594.48	50.65	4594.48	50.6494	4594.48	52.3452	4594.48	52.3438	4594.48	59.6345	4594.48	59.6353	4594.48	53.8991	4594.48	53.8999	4594.48	54.2039
4757.08	84.7296	4757.08	84.542	4757.08	84.5419	4757.08	83.0964	4757.08	83.0962	4757.08	82.0285	4757.08	82.0284	4757.08	81.6518	4757.08	81.6517	4757.08	80.8612	4757.08	80.8609	4757.08	78.5652	4757.08	78.5649	4757.08	76.1598	4757.08	76.1595	4757.08	73.8791	4757.08	73.8789	4757.08	70.1	4757.08	70.0999	4757.08	67.8624	4757.08	67.8623	4757.08	65.0563	4757.08	65.0562	4757.08	60.5142	4757.08	60.5143	4757.08	58.1455	4757.08	58.1456	4757.08	50.1792	4757.08	50.1796	4757.08	53.931	4757.08	53.9312	4757.08	59.3348	4757.08	59.3349	4757.08	55.6585	4757.08	55.6583	4757.08	51.4169
4924.8	84.8769	4924.8	84.7149	4924.8	84.7148	4924.8	83.4762	4924.8	83.476	4924.8	81.8904	4924.8	81.8902	4924.8	81.5401	4924.8	81.54	4924.8	80.4802	4924.8	80.48	4924.8	77.7049	4924.8	77.7046	4924.8	74.7118	4924.8	74.7115	4924.8	71.9509	4924.8	71.9507	4924.8	69.9076	4924.8	69.9075	4924.8	68.4361	4924.8	68.4359	4924.8	64.9476	4924.8	64.9474	4924.8	63.4941	4924.8	63.4942	4924.8	58.7243	4924.8	58.7245	4924.8	47.2693	4924.8	47.2698	4924.8	48.1214	4924.8	48.1187	4924.8	58.1307	4924.8	58.131	4924.8	54.9496	4924.8	54.95	4924.8	43.8168
5098.39	83.5095	5098.39	83.9315	5098.39	83.9315	5098.39	82.8181	5098.39	82.8178	5098.39	80.889	5098.39	80.8888	5098.39	81.3713	5098.39	81.3713	5098.39	80.3643	5098.39	80.364	5098.39	77.839	5098.39	77.8387	5098.39	75.1162	5098.39	75.1159	5098.39	73.104	5098.39	73.1038	5098.39	69.6712	5098.39	69.671	5098.39	68.1912	5098.39	68.1911	5098.39	65.1247	5098.39	65.1247	5098.39	60.9627	5098.39	60.9629	5098.39	56.2846	5098.39	56.2844	5098.39	52.0505	5098.39	52.0522	5098.39	51.448	5098.39	51.4494	5098.39	56.7059	5098.39	56.7062	5098.39	54.8862	5098.39	54.8861	5098.39	48.8468
5277.83	83.3693	5277.83	83.887	5277.83	83.887	5277.83	83.0676	5277.83	83.0673	5277.83	81.4294	5277.83	81.4292	5277.83	81.405	5277.83	81.4049	5277.83	80.6031	5277.83	80.6029	5277.83	78.051	5277.83	78.0507	5277.83	74.7649	5277.83	74.7646	5277.83	72.2139	5277.83	72.2137	5277.83	68.9271	5277.83	68.927	5277.83	67.7767	5277.83	67.7767	5277.83	64.4783	5277.83	64.4782	5277.83	62.0791	5277.83	62.0792	5277.83	58.5862	5277.83	58.5862	5277.83	52.6565	5277.83	52.6568	5277.83	42.1224	5277.83	42.1184	5277.83	55.6256	5277.83	55.6255	5277.83	51.7151	5277.83	51.7146	5277.83	33.189
5463.87	83.8955	5463.87	84.4024	5463.87	84.4023	5463.87	83.4064	5463.87	83.4062	5463.87	81.1122	5463.87	81.1119	5463.87	80.7614	5463.87	80.7613	5463.87	80.0376	5463.87	80.0373	5463.87	77.0637	5463.87	77.0634	5463.87	75.1639	5463.87	75.1637	5463.87	72.1929	5463.87	72.1927	5463.87	69.156	5463.87	69.1559	5463.87	67.7977	5463.87	67.7976	5463.87	65.5265	5463.87	65.5264	5463.87	62.5161	5463.87	62.5163	5463.87	57.9392	5463.87	57.939	5463.87	52.9933	5463.87	52.9943	5463.87	52.4788	5463.87	52.48	5463.87	57.5712	5463.87	57.5709	5463.87	51.3803	5463.87	51.3804	5463.87	51.2718
5656.49	84.1937	5656.49	84.3812	5656.49	84.3812	5656.49	83.4328	5656.49	83.4325	5656.49	81.5616	5656.49	81.5614	5656.49	80.9801	5656.49	80.98	5656.49	80.2187	5656.49	80.2185	5656.49	78.3438	5656.49	78.3436	5656.49	75.4415	5656.49	75.4412	5656.49	72.479	5656.49	72.4788	5656.49	68.7652	5656.49	68.765	5656.49	66.5963	5656.49	66.5962	5656.49	63.7448	5656.49	63.7448	5656.49	61.5132	5656.49	61.5132	5656.49	59.21	5656.49	59.2101	5656.49	54.4468	5656.49	54.4469	5656.49	43.76	5656.49	43.7568	5656.49	55.1942	5656.49	55.1937	5656.49	50.4159	5656.49	50.4151	5656.49	38.4935
5856.45	84.0429	5856.45	84.1074	5856.45	84.1073	5856.45	83.5266	5856.45	83.5264	5856.45	82.0574	5856.45	82.0572	5856.45	80.9545	5856.45	80.9544	5856.45	80.3014	5856.45	80.3012	5856.45	78.4645	5856.45	78.4643	5856.45	75.4685	5856.45	75.4682	5856.45	72.1429	5856.45	72.1427	5856.45	68.1686	5856.45	68.1685	5856.45	67.049	5856.45	67.049	5856.45	64.856	5856.45	64.8559	5856.45	62.0682	5856.45	62.0682	5856.45	59.8753	5856.45	59.8753	5856.45	53.4741	5856.45	53.4744	5856.45	51.8248	5856.45	51.8255	5856.45	56.8772	5856.45	56.8768	5856.45	51.5071	5856.45	51.5076	5856.45	44.852
6062.99	84.7047	6062.99	84.5031	6062.99	84.503	6062.99	84.0084	6062.99	84.0082	6062.99	82.3454	6062.99	82.3452	6062.99	80.9846	6062.99	80.9844	6062.99	80.168	6062.99	80.1678	6062.99	77.8765	6062.99	77.8762	6062.99	75.0993	6062.99	75.099	6062.99	71.9747	6062.99	71.9745	6062.99	68.1567	6062.99	68.1565	6062.99	66.4287	6062.99	66.4287	6062.99	63.8231	6062.99	63.8229	6062.99	61.5509	6062.99	61.5509	6062.99	58.7705	6062.99	58.7705	6062.99	53.0009	6062.99	53.0012	6062.99	45.6658	6062.99	45.6655	6062.99	55.8716	6062.99	55.8712	6062.99	48.8322	6062.99	48.8321	6062.99	27.287
6276.86	84.5097	6276.86	84.2915	6276.86	84.2914	6276.86	83.9497	6276.86	83.9496	6276.86	82.6673	6276.86	82.667	6276.86	81.142	6276.86	81.1417	6276.86	79.9986	6276.86	79.9984	6276.86	78.0177	6276.86	78.0175	6276.86	74.8519	6276.86	74.8516	6276.86	71.5565	6276.86	71.5562	6276.86	67.9469	6276.86	67.9467	6276.86	65.7164	6276.86	65.7163	6276.86	63.4444	6276.86	63.4444	6276.86	60.7503	6276.86	60.7503	6276.86	59.6847	6276.86	59.6845	6276.86	53.5604	6276.86	53.5609	6276.86	51.4306	6276.86	51.4308	6276.86	55.3444	6276.86	55.3438	6276.86	49.5186	6276.86	49.5189	6276.86	46.0609
6498.05	84.826	6498.05	84.5655	6498.05	84.5655	6498.05	84.324	6498.05	84.3239	6498.05	83.0145	6498.05	83.0142	6498.05	81.2189	6498.05	81.2186	6498.05	80.0015	6498.05	80.0012	6498.05	77.1616	6498.05	77.1612	6498.05	73.4322	6498.05	73.4318	6498.05	70.1044	6498.05	70.1042	6498.05	65.5763	6498.05	65.5761	6498.05	63.1354	6498.05	63.1354	6498.05	63.0713	6498.05	63.0712	6498.05	58.9364	6498.05	58.9365	6498.05	58.3317	6498.05	58.3314	6498.05	52.1345	6498.05	52.1351	6498.05	46.0525	6498.05	46.0545	6498.05	55.589	6498.05	55.5888	6498.05	46.0402	6498.05	46.0404	6498.05	46.3047
6727.29	84.4324	6727.29	84.0958	6727.29	84.0958	6727.29	83.9648	6727.29	83.9647	6727.29	82.7093	6727.29	82.7091	6727.29	80.937	6727.29	80.9368	6727.29	79.4565	6727.29	79.4562	6727.29	76.7138	6727.29	76.7135	6727.29	73.6574	6727.29	73.6572	6727.29	70.3496	6727.29	70.3493	6727.29	66.7736	6727.29	66.7734	6727.29	63.5401	6727.29	63.5401	6727.29	62.5674	6727.29	62.5673	6727.29	60.2076	6727.29	60.2075	6727.29	59.3425	6727.29	59.3425	6727.29	52.5369	6727.29	52.5379	6727.29	51.7817	6727.29	51.7816	6727.29	53.7715	6727.29	53.7705	6727.29	47.3814	6727.29	47.3828	6727.29	49.9686
6964.6	84.8189	6964.6	84.334	6964.6	84.3339	6964.6	84.1521	6964.6	84.152	6964.6	82.6107	6964.6	82.6104	6964.6	80.6284	6964.6	80.6281	6964.6	79.3044	6964.6	79.3041	6964.6	77.0032	6964.6	77.003	6964.6	74.0937	6964.6	74.0934	6964.6	70.4848	6964.6	70.4846	6964.6	66.4224	6964.6	66.4222	6964.6	63.262	6964.6	63.2619	6964.6	61.9672	6964.6	61.9671	6964.6	60.0278	6964.6	60.0278	6964.6	56.3223	6964.6	56.322	6964.6	54.0565	6964.6	54.0567	6964.6	48.953	6964.6	48.9533	6964.6	54.2419	6964.6	54.2414	6964.6	46.3499	6964.6	46.3511	6964.6	44.481
7209.96	84.2769	7209.96	83.6051	7209.96	83.605	7209.96	83.4052	7209.96	83.4051	7209.96	81.7806	7209.96	81.7803	7209.96	80.043	7209.96	80.0428	7209.96	78.9286	7209.96	78.9284	7209.96	77.1036	7209.96	77.1034	7209.96	74.1321	7209.96	74.1318	7209.96	70.6439	7209.96	70.6436	7209.96	66.408	7209.96	66.4078	7209.96	63.5582	7209.96	63.5581	7209.96	61.5491	7209.96	61.549	7209.96	60.1053	7209.96	60.1052	7209.96	56.9942	7209.96	56.9941	7209.96	53.4687	7209.96	53.4692	7209.96	50.4658	7209.96	50.4656	7209.96	53.141	7209.96	53.1407	7209.96	46.9162	7209.96	46.9161	7209.96	47.7364
7464.11	84.318	7464.11	83.6612	7464.11	83.6611	7464.11	83.6511	7464.11	83.651	7464.11	82.3168	7464.11	82.3165	7464.11	80.5535	7464.11	80.5533	7464.11	79.4173	7464.11	79.4171	7464.11	77.8548	7464.11	77.8546	7464.11	74.5782	7464.11	74.578	7464.11	70.9919	7464.11	70.9917	7464.11	66.953	7464.11	66.9529	7464.11	62.9984	7464.11	62.9983	7464.11	61.3654	7464.11	61.3654	7464.11	59.5144	7464.11	59.5142	7464.11	57.7303	7464.11	57.7302	7464.11	52.6657	7464.11	52.666	7464.11	50.3539	7464.11	50.355	7464.11	55.4624	7464.11	55.462	7464.11	47.3267	7464.11	47.3269	7464.11	51.0407
7727.78	83.9835	7727.78	83.4025	7727.78	83.4024	7727.78	83.5126	7727.78	83.5125	7727.78	82.0605	7727.78	82.0603	7727.78	80.1647	7727.78	80.1645	7727.78	79.096	7727.78	79.0958	7727.78	77.3826	7727.78	77.3824	7727.78	73.9538	7727.78	73.9535	7727.78	70.2643	7727.78	70.264	7727.78	66.4373	7727.78	66.4371	7727.78	62.7447	7727.78	62.7446	7727.78	61.5671	7727.78	61.5671	7727.78	59.4073	7727.78	59.4072	7727.78	56.9111	7727.78	56.911	7727.78	50.7229	7727.78	50.7232	7727.78	50.5101	7727.78	50.5101	7727.78	54.0749	7727.78	54.0739	7727.78	43.878	7727.78	43.8757	7727.78	48.893
8000.24	83.8566	8000.24	83.3011	8000.24	83.301	8000.24	83.1387	8000.24	83.1386	8000.24	81.9603	8000.24	81.9601	8000.24	80.0748	8000.24	80.0745	8000.24	78.9911	8000.24	78.9908	8000.24	77.1724	8000.24	77.1721	8000.24	73.2744	8000.24	73.2741	8000.24	69.5537	8000.24	69.5535	8000.24	66.1643	8000.24	66.1642	8000.24	61.8169	8000.24	61.8168	8000.24	60.516	8000.24	60.5159	8000.24	59.1993	8000.24	59.1992	8000.24	57.3082	8000.24	57.3082	8000.24	50.583	8000.24	50.584	8000.24	51.1383	8000.24	51.1383	8000.24	53.2045	8000.24	53.2036	8000.24	49.4068	8000.24	49.4047	8000.24	41.366
8282.23	84.5608	8282.23	83.8838	8282.23	83.8837	8282.23	83.4319	8282.23	83.4318	8282.23	82.2798	8282.23	82.2796	8282.23	80.2864	8282.23	80.2862	8282.23	79.0774	8282.23	79.0772	8282.23	76.7248	8282.23	76.7245	8282.23	72.5086	8282.23	72.5083	8282.23	68.9273	8282.23	68.9271	8282.23	65.488	8282.23	65.4878	8282.23	61.2103	8282.23	61.2101	8282.23	59.0569	8282.23	59.0569	8282.23	57.1978	8282.23	57.1977	8282.23	55.7639	8282.23	55.7638	8282.23	48.761	8282.23	48.7622	8282.23	50.2614	8282.23	50.2612	8282.23	52.2238	8282.23	52.223	8282.23	46.4772	8282.23	46.4755	8282.23	46.9376
8574.46	84.5915	8574.46	83.7658	8574.46	83.7657	8574.46	83.0712	8574.46	83.0711	8574.46	81.9985	8574.46	81.9983	8574.46	79.8295	8574.46	79.8292	8574.46	78.2575	8574.46	78.2573	8574.46	76.0229	8574.46	76.0227	8574.46	72.4689	8574.46	72.4686	8574.46	68.9226	8574.46	68.9224	8574.46	65.2453	8574.46	65.2451	8574.46	61.2107	8574.46	61.2106	8574.46	58.1422	8574.46	58.1422	8574.46	57.332	8574.46	57.3321	8574.46	54.9439	8574.46	54.9436	8574.46	47.9374	8574.46	47.9375	8574.46	49.324	8574.46	49.3238	8574.46	51.3894	8574.46	51.3891	8574.46	45.8565	8574.46	45.8534	8574.46	49.2718
8876.22	84.0764	8876.22	83.3389	8876.22	83.3388	8876.22	82.9195	8876.22	82.9194	8876.22	81.7926	8876.22	81.7923	8876.22	79.2319	8876.22	79.2316	8876.22	77.5324	8876.22	77.5322	8876.22	76.2309	8876.22	76.2307	8876.22	73.109	8876.22	73.1088	8876.22	69.0045	8876.22	69.0043	8876.22	65.4109	8876.22	65.4107	8876.22	60.5964	8876.22	60.5963	8876.22	58.4133	8876.22	58.4132	8876.22	57.7091	8876.22	57.7092	8876.22	55.642	8876.22	55.6415	8876.22	43.6231	8876.22	43.6228	8876.22	51.0267	8876.22	51.0264	8876.22	51.4446	8876.22	51.4439	8876.22	48.3704	8876.22	48.3683	8876.22	49.5189
9189.7	84.6443	9189.7	83.9729	9189.7	83.9727	9189.7	83.3993	9189.7	83.3992	9189.7	81.7542	9189.7	81.754	9189.7	79.1435	9189.7	79.1432	9189.7	77.0469	9189.7	77.0466	9189.7	75.3491	9189.7	75.3488	9189.7	71.5088	9189.7	71.5085	9189.7	67.2958	9189.7	67.2955	9189.7	64.1183	9189.7	64.1181	9189.7	59.6828	9189.7	59.6826	9189.7	57.6236	9189.7	57.6237	9189.7	55.8578	9189.7	55.8578	9189.7	53.0529	9189.7	53.0524	9189.7	36.4491	9189.7	36.4609	9189.7	49.9204	9189.7	49.9203	9189.7	50.0233	9189.7	50.0227	9189.7	46.5582	9189.7	46.5555	9189.7	43.9439
9513.43	84.998	9513.43	84.1602	9513.43	84.1601	9513.43	83.4712	9513.43	83.471	9513.43	81.5092	9513.43	81.5089	9513.43	78.8229	9513.43	78.8225	9513.43	76.4361	9513.43	76.4358	9513.43	74.3318	9513.43	74.3316	9513.43	69.9257	9513.43	69.9254	9513.43	64.9001	9513.43	64.8999	9513.43	62.9801	9513.43	62.9799	9513.43	58.376	9513.43	58.3758	9513.43	56.4267	9513.43	56.4269	9513.43	54.2104	9513.43	54.2104	9513.43	51.4486	9513.43	51.4478	9513.43	43.0943	9513.43	43.0968	9513.43	50.0474	9513.43	50.0471	9513.43	48.1246	9513.43	48.1235	9513.43	40.7094	9513.43	40.7059	9513.43	45.9143
9848.88	84.8952	9848.88	84.0233	9848.88	84.0232	9848.88	83.3272	9848.88	83.327	9848.88	81.2423	9848.88	81.242	9848.88	78.3225	9848.88	78.3221	9848.88	75.7669	9848.88	75.7666	9848.88	73.2673	9848.88	73.267	9848.88	68.5519	9848.88	68.5516	9848.88	63.096	9848.88	63.0958	9848.88	60.3767	9848.88	60.3765	9848.88	55.1598	9848.88	55.1598	9848.88	54.9275	9848.88	54.9275	9848.88	53.148	9848.88	53.148	9848.88	48.3538	9848.88	48.3525	9848.88	36.5946	9848.88	36.5863	9848.88	50.1406	9848.88	50.1395	9848.88	43.3581	9848.88	43.3562	9848.88	37.9812	9848.88	37.9791	9848.88	47.5377
10196.8	84.3753	10196.8	83.7303	10196.8	83.7302	10196.8	82.8775	10196.8	82.8772	10196.8	80.7714	10196.8	80.7711	10196.8	77.1896	10196.8	77.1892	10196.8	74.729	10196.8	74.7287	10196.8	72.9198	10196.8	72.9196	10196.8	68.5904	10196.8	68.5901	10196.8	64.9559	10196.8	64.9557	10196.8	59.2984	10196.8	59.2982	10196.8	56.5502	10196.8	56.5501	10196.8	51.9502	10196.8	51.9507	10196.8	51.3935	10196.8	51.3936	10196.8	53.8629	10196.8	53.863	10196.8	49.4371	10196.8	49.439	10196.8	38.7077	10196.8	38.7039	10196.8	37.241	10196.8	37.2306	10196.8	33.6834	10196.8	33.6871	10196.8	50.0306
10556.4	84.1295	10556.4	83.3561	10556.4	83.3559	10556.4	82.5231	10556.4	82.5229	10556.4	80.6616	10556.4	80.6613	10556.4	77.5523	10556.4	77.5519	10556.4	74.8293	10556.4	74.8289	10556.4	73.5776	10556.4	73.5773	10556.4	69.282	10556.4	69.2818	10556.4	65.6277	10556.4	65.6274	10556.4	62.847	10556.4	62.8468	10556.4	57.4853	10556.4	57.4852	10556.4	56.8793	10556.4	56.8794	10556.4	53.2711	10556.4	53.271	10556.4	48.7484	10556.4	48.7482	10556.4	50.5013	10556.4	50.5025	10556.4	34.4843	10556.4	34.4927	10556.4	22.2375	10556.4	22.2713	10556.4	45.3295	10556.4	45.3293	10556.4	49.7625
10928.5	83.7183	10928.5	83.0071	10928.5	83.007	10928.5	82.2787	10928.5	82.2785	10928.5	80.6255	10928.5	80.6252	10928.5	77.5885	10928.5	77.5881	10928.5	74.6436	10928.5	74.6432	10928.5	73.65	10928.5	73.6497	10928.5	70.9032	10928.5	70.903	10928.5	65.6923	10928.5	65.692	10928.5	62.4202	10928.5	62.4201	10928.5	55.5339	10928.5	55.5338	10928.5	57.3889	10928.5	57.3889	10928.5	53.579	10928.5	53.579	10928.5	50.648	10928.5	50.6482	10928.5	52.6101	10928.5	52.6104	10928.5	36.5491	10928.5	36.5485	10928.5	20.8123	10928.5	20.8851	10928.5	44.8921	10928.5	44.8946	10928.5	46.665
11313.7	83.4149	11313.7	82.6688	11313.7	82.6687	11313.7	81.8279	11313.7	81.8277	11313.7	80.4615	11313.7	80.4612	11313.7	77.6152	11313.7	77.6149	11313.7	75.3115	11313.7	75.3112	11313.7	73.9621	11313.7	73.9617	11313.7	71.6779	11313.7	71.6776	11313.7	66.7383	11313.7	66.738	11313.7	61.8882	11313.7	61.888	11313.7	56.1546	11313.7	56.1544	11313.7	54.2114	11313.7	54.2116	11313.7	53.9174	11313.7	53.9173	11313.7	50.8763	11313.7	50.8762	11313.7	52.2562	11313.7	52.2565	11313.7	44.5593	11313.7	44.562	11313.7	32.5731	11313.7	32.5622	11313.7	44.9466	11313.7	44.9492	11313.7	43.8903
11712.9	83.0232	11712.9	82.6027	11712.9	82.6027	11712.9	82.0148	11712.9	82.0147	11712.9	80.8279	11712.9	80.8275	11712.9	77.8749	11712.9	77.8745	11712.9	75.7317	11712.9	75.7312	11712.9	74.1953	11712.9	74.195	11712.9	71.0477	11712.9	71.0474	11712.9	66.6435	11712.9	66.6432	11712.9	62.9267	11712.9	62.9265	11712.9	57.9127	11712.9	57.9127	11712.9	54.3133	11712.9	54.3131	11712.9	55.2192	11712.9	55.219	11712.9	45.7186	11712.9	45.7179	11712.9	51.589	11712.9	51.5891	11712.9	45.192	11712.9	45.1945	11712.9	37.9179	11712.9	37.9248	11712.9	28.5529	11712.9	28.59	11712.9	42.3224
12126	83.4239	12126	82.7991	12126	82.7989	12126	82.2659	12126	82.2658	12126	80.9291	12126	80.9289	12126	78.1667	12126	78.1664	12126	75.9001	12126	75.8997	12126	74.2926	12126	74.2923	12126	70.3513	12126	70.3511	12126	64.8888	12126	64.8884	12126	63.1132	12126	63.1131	12126	57.2964	12126	57.2964	12126	55.381	12126	55.3806	12126	53.7705	12126	53.7702	12126	37.9226	12126	37.9205	12126	51.4627	12126	51.4623	12126	44.8633	12126	44.8662	12126	39.3122	12126	39.3268	12126	23.6658	12126	23.7406	12126	42.7576
12553.7	83.7217	12553.7	82.9673	12553.7	82.9672	12553.7	82.7327	12553.7	82.7325	12553.7	81.2447	12553.7	81.2445	12553.7	78.729	12553.7	78.7287	12553.7	76.3572	12553.7	76.3567	12553.7	74.8535	12553.7	74.8531	12553.7	72.2149	12553.7	72.2148	12553.7	67.2513	12553.7	67.251	12553.7	64.2049	12553.7	64.2048	12553.7	58.7566	12553.7	58.7566	12553.7	56.3446	12553.7	56.3443	12553.7	51.6887	12553.7	51.6883	12553.7	42.0312	12553.7	42.0303	12553.7	50.7772	12553.7	50.7762	12553.7	46.3992	12553.7	46.4011	12553.7	43.7403	12553.7	43.7488	12553.7	33.3676	12553.7	33.3552	12553.7	41.9455
12996.1	84.1158	12996.1	83.287	12996.1	83.287	12996.1	82.8616	12996.1	82.8614	12996.1	81.5467	12996.1	81.5465	12996.1	78.9567	12996.1	78.9564	12996.1	76.9842	12996.1	76.9838	12996.1	75.4329	12996.1	75.4326	12996.1	72.6748	12996.1	72.6746	12996.1	67.7208	12996.1	67.7205	12996.1	62.8827	12996.1	62.8825	12996.1	60.2374	12996.1	60.2373	12996.1	55.7166	12996.1	55.7162	12996.1	49.0205	12996.1	49.0197	12996.1	46.5162	12996.1	46.516	12996.1	50.0637	12996.1	50.0622	12996.1	48.4882	12996.1	48.4904	12996.1	47.339	12996.1	47.3453	12996.1	39.5647	12996.1	39.5649	12996.1	36.2537
13454.6	84.3436	13454.6	83.2104	13454.6	83.2104	13454.6	82.8925	13454.6	82.8924	13454.6	81.552	13454.6	81.5517	13454.6	79.0358	13454.6	79.0355	13454.6	77.5246	13454.6	77.5241	13454.6	76.0276	13454.6	76.0272	13454.6	72.6664	13454.6	72.6662	13454.6	68.5998	13454.6	68.5995	13454.6	62.8685	13454.6	62.8684	13454.6	60.3754	13454.6	60.3754	13454.6	56.232	13454.6	56.2316	13454.6	50.0165	13454.6	50.0161	13454.6	48.3797	13454.6	48.3802	13454.6	49.9678	13454.6	49.9667	13454.6	47.7246	13454.6	47.7267	13454.6	46.4989	13454.6	46.5054	13454.6	38.292	13454.6	38.3072	13454.6	41.0123
13928.5	84.0667	13928.5	82.7279	13928.5	82.7279	13928.5	82.4989	13928.5	82.4988	13928.5	81.4915	13928.5	81.4913	13928.5	79.1987	13928.5	79.1984	13928.5	77.6153	13928.5	77.6148	13928.5	76.0538	13928.5	76.0534	13928.5	73.478	13928.5	73.4778	13928.5	68.1156	13928.5	68.1154	13928.5	63.1524	13928.5	63.1522	13928.5	59.052	13928.5	59.0519	13928.5	56.751	13928.5	56.7505	13928.5	47.2405	13928.5	47.2404	13928.5	45.2362	13928.5	45.2352	13928.5	48.9873	13928.5	48.9857	13928.5	48.6912	13928.5	48.6928	13928.5	48.84	13928.5	48.8446	13928.5	44.3031	13928.5	44.3036	13928.5	47.1685
14419.9	83.4676	14419.9	82.3506	14419.9	82.3506	14419.9	82.4062	14419.9	82.4061	14419.9	81.5004	14419.9	81.5002	14419.9	79.8459	14419.9	79.8457	14419.9	77.8622	14419.9	77.8617	14419.9	76.6939	14419.9	76.6936	14419.9	73.7103	14419.9	73.71	14419.9	70.2333	14419.9	70.2331	14419.9	63.526	14419.9	63.5258	14419.9	60.8067	14419.9	60.8065	14419.9	55.4379	14419.9	55.4377	14419.9	48.0361	14419.9	48.0366	14419.9	47.48	14419.9	47.4798	14419.9	46.1591	14419.9	46.1558	14419.9	46.4491	14419.9	46.4504	14419.9	48.3559	14419.9	48.3597	14419.9	48.8174	14419.9	48.8188	14419.9	50.7154
14928.2	82.9925	14928.2	81.8512	14928.2	81.8512	14928.2	81.9575	14928.2	81.9574	14928.2	81.4854	14928.2	81.4853	14928.2	80.5339	14928.2	80.5338	14928.2	78.3601	14928.2	78.3596	14928.2	77.1314	14928.2	77.1309	14928.2	72.6598	14928.2	72.6596	14928.2	69.7256	14928.2	69.7253	14928.2	63.3896	14928.2	63.3894	14928.2	60.1712	14928.2	60.1711	14928.2	54.9577	14928.2	54.9575	14928.2	51.2121	14928.2	51.2127	14928.2	49.6597	14928.2	49.6597	14928.2	36.5526	14928.2	36.5455	14928.2	46.4536	14928.2	46.4556	14928.2	46.3737	14928.2	46.3757	14928.2	50.264	14928.2	50.2629	14928.2	53.2391
15454.8	82.7366	15454.8	80.9325	15454.8	80.9324	15454.8	81.1031	15454.8	81.1031	15454.8	81.8833	15454.8	81.8832	15454.8	81.0321	15454.8	81.032	15454.8	79.1966	15454.8	79.1962	15454.8	77.0875	15454.8	77.087	15454.8	73.5763	15454.8	73.5761	15454.8	70.527	15454.8	70.5267	15454.8	65.218	15454.8	65.2178	15454.8	61.0569	15454.8	61.0567	15454.8	55.2833	15454.8	55.2831	15454.8	51.633	15454.8	51.6335	15454.8	49.9319	15454.8	49.93	15454.8	37.8052	15454.8	37.7986	15454.8	46.6277	15454.8	46.6289	15454.8	45.2658	15454.8	45.2657	15454.8	52.1975	15454.8	52.1964	15454.8	50.661
15999.8	81.7751	15999.8	80.1046	15999.8	80.1045	15999.8	81.0447	15999.8	81.0449	15999.8	82.2	15999.8	82.1999	15999.8	82.1429	15999.8	82.1429	15999.8	79.783	15999.8	79.7826	15999.8	77.4695	15999.8	77.469	15999.8	73.9736	15999.8	73.9734	15999.8	70.4837	15999.8	70.4834	15999.8	64.4321	15999.8	64.4319	15999.8	61.1849	15999.8	61.1848	15999.8	54.244	15999.8	54.2437	15999.8	53.1295	15999.8	53.1299	15999.8	49.2979	15999.8	49.2966	15999.8	18.8937	15999.8	18.8701	15999.8	44.3205	15999.8	44.3245	15999.8	39.2314	15999.8	39.2229	15999.8	54.5359	15999.8	54.5343	15999.8	49.2062
16564.5	81.3204	16564.5	80.2941	16564.5	80.294	16564.5	81.5345	16564.5	81.5346	16564.5	82.8353	16564.5	82.8354	16564.5	83.5278	16564.5	83.5278	16564.5	80.1362	16564.5	80.1359	16564.5	77.4369	16564.5	77.4364	16564.5	73.186	16564.5	73.1858	16564.5	69.3401	16564.5	69.3398	16564.5	63.4257	16564.5	63.4255	16564.5	61.6388	16564.5	61.6387	16564.5	53.3178	16564.5	53.3171	16564.5	50.4697	16564.5	50.4696	16564.5	52.7197	16564.5	52.7198	16564.5	43.7545	16564.5	43.7522	16564.5	44.124	16564.5	44.1295	16564.5	42.8367	16564.5	42.8413	16564.5	52.0036	16564.5	52.0006	16564.5	52.8815
17148.2	80.9595	17148.2	81.4087	17148.2	81.4087	17148.2	82.9069	17148.2	82.9069	17148.2	84.0268	17148.2	84.027	17148.2	84.1496	17148.2	84.1495	17148.2	80.4717	17148.2	80.4715	17148.2	76.5218	17148.2	76.5213	17148.2	72.49	17148.2	72.4899	17148.2	70.1911	17148.2	70.1907	17148.2	64.1318	17148.2	64.1316	17148.2	61.7298	17148.2	61.7298	17148.2	53.6758	17148.2	53.6751	17148.2	47.2985	17148.2	47.2981	17148.2	56.7663	17148.2	56.7672	17148.2	46.8137	17148.2	46.8098	17148.2	42.1121	17148.2	42.119	17148.2	48.7805	17148.2	48.7877	17148.2	53.0821	17148.2	53.0773	17148.2	53.1152
17753.2	79.9983	17753.2	82.2807	17753.2	82.2807	17753.2	84.4299	17753.2	84.4301	17753.2	86.0679	17753.2	86.068	17753.2	85.4886	17753.2	85.4884	17753.2	81.438	17753.2	81.4378	17753.2	76.6851	17753.2	76.6849	17753.2	74.1126	17753.2	74.1125	17753.2	70.6071	17753.2	70.6067	17753.2	63.3801	17753.2	63.3799	17753.2	60.48	17753.2	60.4802	17753.2	53.3384	17753.2	53.3374	17753.2	48.9892	17753.2	48.9878	17753.2	60.6129	17753.2	60.6145	17753.2	51.8748	17753.2	51.8698	17753.2	50.4127	17753.2	50.4142	17753.2	55.2947	17753.2	55.3012	17753.2	53.5378	17753.2	53.5297	17753.2	56.4226
18379.4	80.4384	18379.4	83.6217	18379.4	83.6217	18379.4	85.9339	18379.4	85.9341	18379.4	87.8649	18379.4	87.865	18379.4	86.4965	18379.4	86.4962	18379.4	81.7677	18379.4	81.7674	18379.4	76.2042	18379.4	76.2042	18379.4	73.5023	18379.4	73.502	18379.4	71.3087	18379.4	71.3082	18379.4	64.2758	18379.4	64.2756	18379.4	60.0252	18379.4	60.0256	18379.4	52.2575	18379.4	52.2562	18379.4	57.7175	18379.4	57.7174	18379.4	64.6312	18379.4	64.6329	18379.4	55.2442	18379.4	55.2385	18379.4	55.723	18379.4	55.7247	18379.4	59.1541	18379.4	59.1612	18379.4	60.2827	18379.4	60.2768	18379.4	61.3425
19027.6	82.2793	19027.6	84.6822	19027.6	84.6819	19027.6	85.6901	19027.6	85.6904	19027.6	87.7102	19027.6	87.7102	19027.6	85.538	19027.6	85.5377	19027.6	80.1509	19027.6	80.1508	19027.6	75.6646	19027.6	75.6652	19027.6	72.9124	19027.6	72.9123	19027.6	72.2117	19027.6	72.2113	19027.6	65.2151	19027.6	65.2149	19027.6	60.8123	19027.6	60.8132	19027.6	46.0252	19027.6	46.0177	19027.6	64.2918	19027.6	64.292	19027.6	68.2521	19027.6	68.2539	19027.6	56.4551	19027.6	56.4477	19027.6	60.1875	19027.6	60.1891	19027.6	62.2046	19027.6	62.2118	19027.6	64.8469	19027.6	64.8418	19027.6	66.0641
19698.5	83.6522	19698.5	85.1897	19698.5	85.1892	19698.5	84.5173	19698.5	84.5178	19698.5	86.6049	19698.5	86.6048	19698.5	83.5657	19698.5	83.5653	19698.5	79.1961	19698.5	79.196	19698.5	75.9556	19698.5	75.9563	19698.5	73.3084	19698.5	73.3084	19698.5	73.6657	19698.5	73.6655	19698.5	67.0951	19698.5	67.095	19698.5	62.7348	19698.5	62.7357	19698.5	43.5506	19698.5	43.5318	19698.5	67.5526	19698.5	67.5528	19698.5	69.8061	19698.5	69.8079	19698.5	58.1717	19698.5	58.1644	19698.5	62.5011	19698.5	62.5026	19698.5	64.0507	19698.5	64.0577	19698.5	66.8026	19698.5	66.7976	19698.5	67.809
19999.5	84.3985	19999.5	85.6545	19999.5	85.654	19999.5	84.2357	19999.5	84.2362	19999.5	86.3583	19999.5	86.3582	19999.5	82.6528	19999.5	82.6522	19999.5	78.512	19999.5	78.5118	19999.5	75.8226	19999.5	75.8234	19999.5	73.224	19999.5	73.2237	19999.5	72.8855	19999.5	72.8852	19999.5	67.2203	19999.5	67.2201	19999.5	63.7875	19999.5	63.7883	19999.5	41.9346	19999.5	41.9464	19999.5	68.4922	19999.5	68.4926	19999.5	71.091	19999.5	71.0927	19999.5	58.9637	19999.5	58.957	19999.5	64.1528	19999.5	64.1543	19999.5	64.3292	19999.5	64.3366	19999.5	66.9746	19999.5	66.9694	19999.5	68.2269
