"SPL Horizontal"																																																																							
"On-Axis"		"10°"		"-10°"		"20°"		"-20°"		"30°"		"-30°"		"40°"		"-40°"		"50°"		"-50°"		"60°"		"-60°"		"70°"		"-70°"		"80°"		"-80°"		"90°"		"-90°"		"100°"		"-100°"		"110°"		"-110°"		"120°"		"-120°"		"130°"		"-130°"		"140°"		"-140°"		"150°"		"-150°"		"160°"		"-160°"		"170°"		"-170°"		"180°"	
"Frequency / Hz"	"Sound Pressure Level / dB (re 20 µPa/V)  [2.83  V @ 1. m]"	"Frequency / Hz"	"Sound Pressure Level / dB (re 20 µPa/V)  [2.83  V @ 1. m]"	"Frequency / Hz"	"Sound Pressure Level / dB (re 20 µPa/V)  [2.83  V @ 1. m]"	"Frequency / Hz"	"Sound Pressure Level / dB (re 20 µPa/V)  [2.83  V @ 1. m]"	"Frequency / Hz"	"Sound Pressure Level / dB (re 20 µPa/V)  [2.83  V @ 1. m]"	"Frequency / Hz"	"Sound Pressure Level / dB (re 20 µPa/V)  [2.83  V @ 1. m]"	"Frequency / Hz"	"Sound Pressure Level / dB (re 20 µPa/V)  [2.83  V @ 1. m]"	"Frequency / Hz"	"Sound Pressure Level / dB (re 20 µPa/V)  [2.83  V @ 1. m]"	"Frequency / Hz"	"Sound Pressure Level / dB (re 20 µPa/V)  [2.83  V @ 1. m]"	"Frequency / Hz"	"Sound Pressure Level / dB (re 20 µPa/V)  [2.83  V @ 1. m]"	"Frequency / Hz"	"Sound Pressure Level / dB (re 20 µPa/V)  [2.83  V @ 1. m]"	"Frequency / Hz"	"Sound Pressure Level / dB (re 20 µPa/V)  [2.83  V @ 1. m]"	"Frequency / Hz"	"Sound Pressure Level / dB (re 20 µPa/V)  [2.83  V @ 1. m]"	"Frequency / Hz"	"Sound Pressure Level / dB (re 20 µPa/V)  [2.83  V @ 1. m]"	"Frequency / Hz"	"Sound Pressure Level / dB (re 20 µPa/V)  [2.83  V @ 1. m]"	"Frequency / Hz"	"Sound Pressure Level / dB (re 20 µPa/V)  [2.83  V @ 1. m]"	"Frequency / Hz"	"Sound Pressure Level / dB (re 20 µPa/V)  [2.83  V @ 1. m]"	"Frequency / Hz"	"Sound Pressure Level / dB (re 20 µPa/V)  [2.83  V @ 1. m]"	"Frequency / Hz"	"Sound Pressure Level / dB (re 20 µPa/V)  [2.83  V @ 1. m]"	"Frequency / Hz"	"Sound Pressure Level / dB (re 20 µPa/V)  [2.83  V @ 1. m]"	"Frequency / Hz"	"Sound Pressure Level / dB (re 20 µPa/V)  [2.83  V @ 1. m]"	"Frequency / Hz"	"Sound Pressure Level / dB (re 20 µPa/V)  [2.83  V @ 1. m]"	"Frequency / Hz"	"Sound Pressure Level / dB (re 20 µPa/V)  [2.83  V @ 1. m]"	"Frequency / Hz"	"Sound Pressure Level / dB (re 20 µPa/V)  [2.83  V @ 1. m]"	"Frequency / Hz"	"Sound Pressure Level / dB (re 20 µPa/V)  [2.83  V @ 1. m]"	"Frequency / Hz"	"Sound Pressure Level / dB (re 20 µPa/V)  [2.83  V @ 1. m]"	"Frequency / Hz"	"Sound Pressure Level / dB (re 20 µPa/V)  [2.83  V @ 1. m]"	"Frequency / Hz"	"Sound Pressure Level / dB (re 20 µPa/V)  [2.83  V @ 1. m]"	"Frequency / Hz"	"Sound Pressure Level / dB (re 20 µPa/V)  [2.83  V @ 1. m]"	"Frequency / Hz"	"Sound Pressure Level / dB (re 20 µPa/V)  [2.83  V @ 1. m]"	"Frequency / Hz"	"Sound Pressure Level / dB (re 20 µPa/V)  [2.83  V @ 1. m]"	"Frequency / Hz"	"Sound Pressure Level / dB (re 20 µPa/V)  [2.83  V @ 1. m]"	"Frequency / Hz"	"Sound Pressure Level / dB (re 20 µPa/V)  [2.83  V @ 1. m]"	"Frequency / Hz"	"Sound Pressure Level / dB (re 20 µPa/V)  [2.83  V @ 1. m]"	"Frequency / Hz"	"Sound Pressure Level / dB (re 20 µPa/V)  [2.83  V @ 1. m]"	"Frequency / Hz"	"Sound Pressure Level / dB (re 20 µPa/V)  [2.83  V @ 1. m]"
20.5078	53.1828	20.5078	53.309	20.5078	53.1101	20.5078	53.4993	20.5078	53.0855	20.5078	53.7683	20.5078	53.1106	20.5078	54.1318	20.5078	53.1941	20.5078	54.6035	20.5078	53.3527	20.5078	55.1912	20.5078	53.61	20.5078	55.8933	20.5078	53.9927	20.5078	56.6968	20.5078	54.5242	20.5078	57.5777	20.5078	55.2156	20.5078	58.5029	20.5078	56.0581	20.5078	59.4328	20.5078	57.021	20.5078	60.3242	20.5078	58.0561	20.5078	61.1323	20.5078	59.1052	20.5078	61.8137	20.5078	60.1076	20.5078	62.3301	20.5078	61.0057	20.5078	62.6516	20.5078	61.7501	20.5078	62.7591	20.5078	62.3035	20.5078	62.6431
21.9727	55.2022	21.9727	55.2008	21.9727	55.2301	21.9727	55.2414	21.9727	55.2742	21.9727	55.3448	21.9727	55.3297	21.9727	55.5351	21.9727	55.3973	21.9727	55.837	21.9727	55.4843	21.9727	56.2701	21.9727	55.605	21.9727	56.843	21.9727	55.7822	21.9727	57.5485	21.9727	56.0469	21.9727	58.3627	21.9727	56.4341	21.9727	59.2481	21.9727	56.9734	21.9727	60.1583	21.9727	57.6768	21.9727	61.0425	21.9727	58.5266	21.9727	61.8493	21.9727	59.4749	21.9727	62.5292	21.9727	60.4519	21.9727	63.0378	21.9727	61.3806	21.9727	63.3388	21.9727	62.1894	21.9727	63.4077	21.9727	62.8203	21.9727	63.2335
23.4375	55.903	23.4375	56.0494	23.4375	55.8141	23.4375	56.2653	23.4375	55.7753	23.4375	56.5646	23.4375	55.785	23.4375	56.9612	23.4375	55.8489	23.4375	57.4652	23.4375	55.9804	23.4375	58.0801	23.4375	56.2006	23.4375	58.8003	23.4375	56.5365	23.4375	59.6109	23.4375	57.0148	23.4375	60.4879	23.4375	57.6536	23.4375	61.401	23.4375	58.4531	23.4375	62.3141	23.4375	59.3901	23.4375	63.1875	23.4375	60.4205	23.4375	63.9788	23.4375	61.4871	23.4375	64.6444	23.4375	62.5275	23.4375	65.1428	23.4375	63.4815	23.4375	65.4383	23.4375	64.2949	23.4375	65.5055	23.4375	64.9228	23.4375	65.3326
24.9023	58.6239	24.9023	58.7165	24.9023	58.5796	24.9023	58.8668	24.9023	58.5778	24.9023	59.0863	24.9023	58.6169	24.9023	59.3877	24.9023	58.7004	24.9023	59.7821	24.9023	58.8369	24.9023	60.2763	24.9023	59.0405	24.9023	60.8707	24.9023	59.3298	24.9023	61.5571	24.9023	59.7249	24.9023	62.3181	24.9023	60.2425	24.9023	63.1277	24.9023	60.8892	24.9023	63.9524	24.9023	61.6556	24.9023	64.7534	24.9023	62.5137	24.9023	65.4879	24.9023	63.4194	24.9023	66.1119	24.9023	64.3187	24.9023	66.5838	24.9023	65.1548	24.9023	66.8685	24.9023	65.8744	24.9023	66.9422	24.9023	66.4324	24.9023	66.795
26.3672	60.5006	26.3672	60.5911	26.3672	60.4601	26.3672	60.7389	26.3672	60.4648	26.3672	60.9529	26.3672	60.513	26.3672	61.2425	26.3672	60.607	26.3672	61.6155	26.3672	60.7529	26.3672	62.0769	26.3672	60.9606	26.3672	62.6262	26.3672	61.2436	26.3672	63.2564	26.3672	61.6166	26.3672	63.9532	26.3672	62.0925	26.3672	64.6947	26.3672	62.6774	26.3672	65.4521	26.3672	63.366	26.3672	66.1908	26.3672	64.1381	26.3672	66.8714	26.3672	64.9587	26.3672	67.4522	26.3672	65.7813	26.3672	67.8928	26.3672	66.5534	26.3672	68.159	26.3672	67.2234	26.3672	68.2271	26.3672	67.7462	26.3672	68.0876
27.832	62.6207	27.832	62.706	27.832	62.5823	27.832	62.8439	27.832	62.5872	27.832	63.0414	27.832	62.6343	27.832	63.306	27.832	62.7255	27.832	63.6445	27.832	62.8656	27.832	64.0617	27.832	63.0628	27.832	64.5582	27.832	63.3275	27.832	65.1296	27.832	63.6718	27.832	65.765	27.832	64.1064	27.832	66.4462	27.832	64.637	27.832	67.1476	27.832	65.2602	27.832	67.837	27.832	65.9603	27.832	68.4761	27.832	66.7076	27.832	69.0237	27.832	67.4613	27.832	69.4391	27.832	68.1736	27.832	69.688	27.832	68.7965	27.832	69.7479	27.832	69.2871	27.832	69.6115
29.2969	64.4354	29.2969	64.5131	29.2969	64.4022	29.2969	64.6402	29.2969	64.4104	29.2969	64.8226	29.2969	64.459	29.2969	65.0667	29.2969	64.5494	29.2969	65.3785	29.2969	64.6855	29.2969	65.7622	29.2969	64.8737	29.2969	66.2191	29.2969	65.1228	29.2969	66.7458	29.2969	65.4428	29.2969	67.3332	29.2969	65.8427	29.2969	67.9653	29.2969	66.328	29.2969	68.6191	29.2969	66.8969	29.2969	69.2641	29.2969	67.5367	29.2969	69.8643	29.2969	68.2227	29.2969	70.3797	29.2969	68.9185	29.2969	70.771	29.2969	69.5805	29.2969	71.0051	29.2969	70.163	29.2969	71.0606	29.2969	70.6243	29.2969	70.9308
30.7617	66.3387	30.7617	66.4141	30.7617	66.3055	30.7617	66.5356	30.7617	66.3121	30.7617	66.7082	30.7617	66.3577	30.7617	66.9372	30.7617	66.4434	30.7617	67.2275	30.7617	66.5724	30.7617	67.5828	30.7617	66.7501	30.7617	68.0044	30.7617	66.9835	30.7617	68.4895	30.7617	67.281	30.7617	69.0306	30.7617	67.6502	30.7617	69.6137	30.7617	68.096	30.7617	70.2179	30.7617	68.6171	30.7617	70.8154	30.7617	69.2032	30.7617	71.3722	30.7617	69.833	30.7617	71.8507	30.7617	70.4745	30.7617	72.2135	30.7617	71.0878	30.7617	72.4292	30.7617	71.6305	30.7617	72.4775	30.7617	72.0628	30.7617	72.3524
32.2266	68.1287	32.2266	68.1958	32.2266	68.104	32.2266	68.3086	32.2266	68.1195	32.2266	68.4709	32.2266	68.1745	32.2266	68.6874	32.2266	68.27	32.2266	68.9621	32.2266	68.4085	32.2266	69.2981	32.2266	68.594	32.2266	69.6964	32.2266	68.8322	32.2266	70.1545	32.2266	69.1291	32.2266	70.6657	32.2266	69.4905	32.2266	71.2175	32.2266	69.9198	32.2266	71.7911	32.2266	70.4152	32.2266	72.3612	32.2266	70.9675	32.2266	72.8963	32.2266	71.558	32.2266	73.3609	32.2266	72.1581	32.2266	73.7193	32.2266	72.7312	32.2266	73.9402	32.2266	73.2369	32.2266	74.0025	32.2266	73.6367	32.2266	73.8989
33.6914	69.8147	33.6914	69.8787	33.6914	69.7922	33.6914	69.9868	33.6914	69.8093	33.6914	70.1424	33.6914	69.8655	33.6914	70.3491	33.6914	69.9611	33.6914	70.6102	33.6914	70.0982	33.6914	70.9281	33.6914	70.2799	33.6914	71.3032	33.6914	70.5104	33.6914	71.7334	33.6914	70.7947	33.6914	72.2124	33.6914	71.137	33.6914	72.729	33.6914	71.54	33.6914	73.2661	33.6914	72.0019	33.6914	73.8003	33.6914	72.5147	33.6914	74.3024	33.6914	73.0621	33.6914	74.7389	33.6914	73.6185	33.6914	75.0756	33.6914	74.1508	33.6914	75.2827	33.6914	74.622	33.6914	75.3404	33.6914	74.9958	33.6914	75.2422
35.1562	71.354	35.1562	71.415	35.1562	71.3336	35.1562	71.519	35.1562	71.3521	35.1562	71.6687	35.1562	71.409	35.1562	71.8671	35.1562	71.5046	35.1562	72.117	35.1562	71.6402	35.1562	72.4203	35.1562	71.8184	35.1562	72.7774	35.1562	72.0426	35.1562	73.1861	35.1562	72.3165	35.1562	73.6407	35.1562	72.6437	35.1562	74.1313	35.1562	73.0263	35.1562	74.6423	35.1562	73.4631	35.1562	75.1522	35.1562	73.9473	35.1562	75.6337	35.1562	74.465	35.1562	76.0549	35.1562	74.9936	35.1562	76.3828	35.1562	75.5026	35.1562	76.5872	35.1562	75.956	35.1562	76.6471	35.1562	76.3172	35.1562	76.5546
36.6211	72.8124	36.6211	72.8696	36.6211	72.7952	36.6211	72.9687	36.6211	72.8165	36.6211	73.112	36.6211	72.8758	36.6211	73.3019	36.6211	72.9731	36.6211	73.5407	36.6211	73.1094	36.6211	73.8297	36.6211	73.2866	36.6211	74.1689	36.6211	73.5072	36.6211	74.5561	36.6211	73.774	36.6211	74.9861	36.6211	74.0898	36.6211	75.4497	36.6211	74.4556	36.6211	75.9326	36.6211	74.8699	36.6211	76.415	36.6211	75.3266	36.6211	76.8716	36.6211	75.8128	36.6211	77.2725	36.6211	76.3079	36.6211	77.5862	36.6211	76.7838	36.6211	77.7841	36.6211	77.2071	36.6211	77.8457	36.6211	77.5436	36.6211	77.7632
38.0859	74.2044	38.0859	74.2608	38.0859	74.1876	38.0859	74.3585	38.0859	74.2092	38.0859	74.4992	38.0859	74.2688	38.0859	74.685	38.0859	74.3662	38.0859	74.9173	38.0859	74.5023	38.0859	75.1973	38.0859	74.6784	38.0859	75.5244	38.0859	74.8963	38.0859	75.8965	38.0859	75.1581	38.0859	76.3087	38.0859	75.4654	38.0859	76.7521	38.0859	75.8189	38.0859	77.2135	38.0859	76.2165	38.0859	77.6743	38.0859	76.6523	38.0859	78.1107	38.0859	77.1144	38.0859	78.4942	38.0859	77.5842	38.0859	78.7947	38.0859	78.0355	38.0859	78.9847	38.0859	78.4374	38.0859	79.0443	38.0859	78.7573	38.0859	78.9662
39.5508	75.5097	39.5508	75.5652	39.5508	75.4931	39.5508	75.6611	39.5508	75.5147	39.5508	75.7986	39.5508	75.574	39.5508	75.9791	39.5508	75.6708	39.5508	76.2038	39.5508	75.8056	39.5508	76.473	39.5508	75.9794	39.5508	76.7862	39.5508	76.1932	39.5508	77.1408	39.5508	76.4486	39.5508	77.5322	39.5508	76.7463	39.5508	77.9521	39.5508	77.0864	39.5508	78.3884	39.5508	77.4664	39.5508	78.8241	39.5508	77.8806	39.5508	79.2369	39.5508	78.318	39.5508	79.6004	39.5508	78.7612	39.5508	79.8864	39.5508	79.1861	39.5508	80.0686	39.5508	79.5637	39.5508	80.1281	39.5508	79.8632	39.5508	80.0575
41.0156	76.5378	41.0156	76.5924	41.0156	76.5218	41.0156	76.6864	41.0156	76.5436	41.0156	76.821	41.0156	76.6029	41.0156	76.9971	41.0156	76.6995	41.0156	77.2154	41.0156	76.8338	41.0156	77.4762	41.0156	77.0064	41.0156	77.7785	41.0156	77.2181	41.0156	78.12	41.0156	77.4698	41.0156	78.4964	41.0156	77.7619	41.0156	78.9001	41.0156	78.0939	41.0156	79.3198	41.0156	78.4633	41.0156	79.7395	41.0156	78.8641	41.0156	80.1385	41.0156	79.286	41.0156	80.4915	41.0156	79.7123	41.0156	80.7711	41.0156	80.1204	41.0156	80.9517	41.0156	80.4821	41.0156	81.0144	41.0156	80.7679	41.0156	80.9513
42.4805	77.4201	42.4805	77.472	42.4805	77.4058	42.4805	77.5621	42.4805	77.4285	42.4805	77.6915	42.4805	77.4878	42.4805	77.8605	42.4805	77.5835	42.4805	78.0698	42.4805	77.7159	42.4805	78.3192	42.4805	77.8851	42.4805	78.6075	42.4805	78.0914	42.4805	78.9322	42.4805	78.3352	42.4805	79.2889	42.4805	78.6161	42.4805	79.6701	42.4805	78.933	42.4805	80.0649	42.4805	79.2826	42.4805	80.4583	42.4805	79.659	42.4805	80.8306	42.4805	80.052	42.4805	81.1584	42.4805	80.4462	42.4805	81.4167	42.4805	80.821	42.4805	81.5823	42.4805	81.1517	42.4805	81.6389	42.4805	81.4125	42.4805	81.5803
43.9453	78.1107	43.9453	78.1627	43.9453	78.0957	43.9453	78.2522	43.9453	78.1172	43.9453	78.3797	43.9453	78.1749	43.9453	78.5457	43.9453	78.2687	43.9453	78.7502	43.9453	78.3985	43.9453	78.9928	43.9453	78.5643	43.9453	79.2723	43.9453	78.7663	43.9453	79.586	43.9453	79.0042	43.9453	79.9293	43.9453	79.2774	43.9453	80.2953	43.9453	79.5841	43.9453	80.6735	43.9453	79.9212	43.9453	81.0495	43.9453	80.2825	43.9453	81.4049	43.9453	80.6584	43.9453	81.7173	43.9453	81.0345	43.9453	81.9631	43.9453	81.3918	43.9453	82.1204	43.9453	81.7071	43.9453	82.1734	43.9453	81.9561	43.9453	82.1167
45.4102	78.7502	45.4102	78.8033	45.4102	78.7338	45.4102	78.8934	45.4102	78.7539	45.4102	79.0208	45.4102	78.8101	45.4102	79.1857	45.4102	78.9024	45.4102	79.3877	45.4102	79.0305	45.4102	79.6261	45.4102	79.1945	45.4102	79.8994	45.4102	79.3939	45.4102	80.2047	45.4102	79.6283	45.4102	80.5374	45.4102	79.8966	45.4102	80.8906	45.4102	80.1967	45.4102	81.2542	45.4102	80.5249	45.4102	81.6146	45.4102	80.875	45.4102	81.9541	45.4102	81.2376	45.4102	82.2521	45.4102	81.599	45.4102	82.486	45.4102	81.941	45.4102	82.6355	45.4102	82.2421	45.4102	82.686	45.4102	82.4794	45.4102	82.6322
46.875	79.1162	46.875	79.1655	46.875	79.103	46.875	79.2512	46.875	79.1259	46.875	79.3735	46.875	79.1844	46.875	79.5322	46.875	79.2785	46.875	79.7271	46.875	79.4078	46.875	79.9571	46.875	79.5721	46.875	80.2208	46.875	79.7707	46.875	80.5152	46.875	80.0028	46.875	80.8359	46.875	80.2669	46.875	81.1763	46.875	80.5604	46.875	81.5267	46.875	80.8794	46.875	81.8744	46.875	81.2175	46.875	82.2026	46.875	81.5653	46.875	82.4917	46.875	81.9098	46.875	82.7204	46.875	82.2339	46.875	82.869	46.875	82.5173	46.875	82.9235	46.875	82.7386	46.875	82.8785
48.3398	79.444	48.3398	79.4906	48.3398	79.4333	48.3398	79.5732	48.3398	79.4583	48.3398	79.6917	48.3398	79.5187	48.3398	79.8459	48.3398	79.6143	48.3398	80.0354	48.3398	79.7448	48.3398	80.2589	48.3398	79.9094	48.3398	80.5147	48.3398	80.1076	48.3398	80.8	48.3398	80.3379	48.3398	81.1102	48.3398	80.5984	48.3398	81.4389	48.3398	80.8863	48.3398	81.7769	48.3398	81.197	48.3398	82.1119	48.3398	81.524	48.3398	82.4283	48.3398	81.8581	48.3398	82.7075	48.3398	82.1867	48.3398	82.9293	48.3398	82.4937	48.3398	83.0754	48.3398	82.7602	48.3398	83.1322	48.3398	82.9664	48.3398	83.0945
51.2695	79.9594	51.2695	80.0037	51.2695	79.9503	51.2695	80.0829	51.2695	79.9761	51.2695	80.1968	51.2695	80.0367	51.2695	80.3448	51.2695	80.1318	51.2695	80.5261	51.2695	80.2608	51.2695	80.7392	51.2695	80.4229	51.2695	80.9822	51.2695	80.6168	51.2695	81.2517	51.2695	80.8408	51.2695	81.5436	51.2695	81.0924	51.2695	81.8514	51.2695	81.3681	51.2695	82.1667	51.2695	81.6629	51.2695	82.4782	51.2695	81.9703	51.2695	82.772	51.2695	82.2814	51.2695	83.0314	51.2695	82.5844	51.2695	83.2385	51.2695	82.865	51.2695	83.3767	51.2695	83.1065	51.2695	83.4336	51.2695	83.2915	51.2695	83.4041
52.7344	80.1731	52.7344	80.2159	52.7344	80.1649	52.7344	80.2933	52.7344	80.1915	52.7344	80.4048	52.7344	80.2525	52.7344	80.5498	52.7344	80.3477	52.7344	80.7272	52.7344	80.4765	52.7344	80.9355	52.7344	80.6378	52.7344	81.1726	52.7344	80.8302	52.7344	81.4353	52.7344	81.0519	52.7344	81.7193	52.7344	81.3001	52.7344	82.0183	52.7344	81.5711	52.7344	82.3242	52.7344	81.8598	52.7344	82.6262	52.7344	82.1595	52.7344	82.911	52.7344	82.4614	52.7344	83.1628	52.7344	82.7541	52.7344	83.3647	52.7344	83.0238	52.7344	83.5007	52.7344	83.2545	52.7344	83.5591	52.7344	83.4296	52.7344	83.5344
54.1992	80.3794	54.1992	80.4203	54.1992	80.3728	54.1992	80.4955	54.1992	80.4007	54.1992	80.6043	54.1992	80.4629	54.1992	80.7462	54.1992	80.5589	54.1992	80.92	54.1992	80.688	54.1992	81.1241	54.1992	80.8493	54.1992	81.3563	54.1992	81.0411	54.1992	81.6135	54.1992	81.2614	54.1992	81.8912	54.1992	81.5073	54.1992	82.1836	54.1992	81.7747	54.1992	82.4827	54.1992	82.0586	54.1992	82.7779	54.1992	82.3519	54.1992	83.0565	54.1992	82.646	54.1992	83.3033	54.1992	82.9298	54.1992	83.5018	54.1992	83.19	54.1992	83.6367	54.1992	83.4112	54.1992	83.6966	54.1992	83.5779	54.1992	83.6762
55.6641	80.5731	55.6641	80.613	55.6641	80.5673	55.6641	80.6866	55.6641	80.5957	55.6641	80.7934	55.6641	80.658	55.6641	80.9326	55.6641	80.7538	55.6641	81.1031	55.6641	80.8824	55.6641	81.3031	55.6641	81.0426	55.6641	81.5305	55.6641	81.2329	55.6641	81.7818	55.6641	81.451	55.6641	82.0529	55.6641	81.6936	55.6641	82.3377	55.6641	81.9568	55.6641	82.6285	55.6641	82.2352	55.6641	82.9152	55.6641	82.5216	55.6641	83.1854	55.6641	82.8075	55.6641	83.4245	55.6641	83.082	55.6641	83.6173	55.6641	83.3321	55.6641	83.7492	55.6641	83.5435	55.6641	83.8093	55.6641	83.7013	55.6641	83.7927
58.5938	80.951	58.5938	80.9871	58.5938	80.9477	58.5938	81.0557	58.5938	80.9774	58.5938	81.1562	58.5938	81.04	58.5938	81.2876	58.5938	81.1351	58.5938	81.4486	58.5938	81.2618	58.5938	81.6376	58.5938	81.4189	58.5938	81.852	58.5938	81.6046	58.5938	82.0888	58.5938	81.8164	58.5938	82.3437	58.5938	82.0509	58.5938	82.6109	58.5938	82.3036	58.5938	82.8833	58.5938	82.5688	58.5938	83.1515	58.5938	82.8394	58.5938	83.4042	58.5938	83.1066	58.5938	83.6285	58.5938	83.3601	58.5938	83.8107	58.5938	83.588	58.5938	83.9378	58.5938	83.7775	58.5938	84	58.5938	83.9159	58.5938	83.9923
60.0586	81.0852	60.0586	81.1192	60.0586	81.0834	60.0586	81.1852	60.0586	81.114	60.0586	81.2825	60.0586	81.177	60.0586	81.41	60.0586	81.2718	60.0586	81.5664	60.0586	81.3977	60.0586	81.7501	60.0586	81.5533	60.0586	81.9587	60.0586	81.7368	60.0586	82.1889	60.0586	81.9455	60.0586	82.4366	60.0586	82.176	60.0586	82.6962	60.0586	82.4236	60.0586	82.9606	60.0586	82.6826	60.0586	83.2209	60.0586	82.9456	60.0586	83.4661	60.0586	83.2041	60.0586	83.6841	60.0586	83.448	60.0586	83.8618	60.0586	83.6659	60.0586	83.9868	60.0586	83.8457	60.0586	84.0498	60.0586	83.9757	60.0586	84.0458
62.9883	81.3129	62.9883	81.3452	62.9883	81.313	62.9883	81.4093	62.9883	81.3456	62.9883	81.5047	62.9883	81.4106	62.9883	81.6301	62.9883	81.5076	62.9883	81.7842	62.9883	81.6356	62.9883	81.9651	62.9883	81.7933	62.9883	82.1704	62.9883	81.9786	62.9883	82.3966	62.9883	82.1887	62.9883	82.6396	62.9883	82.42	62.9883	82.8939	62.9883	82.6675	62.9883	83.1526	62.9883	82.9252	62.9883	83.4071	62.9883	83.1854	62.9883	83.6471	62.9883	83.4393	62.9883	83.8611	62.9883	83.6766	62.9883	84.0369	62.9883	83.886	62.9883	84.1633	62.9883	84.0557	62.9883	84.231	62.9883	84.1749	62.9883	84.2349
64.4531	81.4616	64.4531	81.4928	64.4531	81.4627	64.4531	81.5558	64.4531	81.4962	64.4531	81.6497	64.4531	81.5623	64.4531	81.7736	64.4531	81.6603	64.4531	81.9259	64.4531	81.7896	64.4531	82.1048	64.4531	81.9486	64.4531	82.3078	64.4531	82.1355	64.4531	82.5316	64.4531	82.3472	64.4531	82.7722	64.4531	82.5801	64.4531	83.024	64.4531	82.8291	64.4531	83.2804	64.4531	83.0879	64.4531	83.533	64.4531	83.3487	64.4531	83.7718	64.4531	83.6021	64.4531	83.9857	64.4531	83.8375	64.4531	84.1629	64.4531	84.0434	64.4531	84.2923	64.4531	84.2082	64.4531	84.3648	64.4531	84.3212	64.4531	84.3747
67.3828	81.7947	67.3828	81.824	67.3828	81.796	67.3828	81.8832	67.3828	81.8279	67.3828	81.9715	67.3828	81.8905	67.3828	82.0878	67.3828	81.9834	67.3828	82.2305	67.3828	82.1057	67.3828	82.3978	67.3828	82.2559	67.3828	82.5871	67.3828	82.4321	67.3828	82.7951	67.3828	82.6313	67.3828	83.0179	67.3828	82.8496	67.3828	83.2501	67.3828	83.0819	67.3828	83.4853	67.3828	83.3219	67.3828	83.7159	67.3828	83.5619	67.3828	83.9328	67.3828	83.7932	67.3828	84.1263	67.3828	84.0061	67.3828	84.2862	67.3828	84.1903	67.3828	84.4031	67.3828	84.336	67.3828	84.4694	67.3828	84.4348	67.3828	84.4802
68.8477	81.9628	68.8477	81.9912	68.8477	81.9645	68.8477	82.0493	68.8477	81.9967	68.8477	82.1362	68.8477	82.0593	68.8477	82.2509	68.8477	82.1517	68.8477	82.3917	68.8477	82.2731	68.8477	82.5567	68.8477	82.422	68.8477	82.7435	68.8477	82.5962	68.8477	82.9486	68.8477	82.7927	68.8477	83.168	68.8477	83.0077	68.8477	83.3966	68.8477	83.236	68.8477	83.6279	68.8477	83.4712	68.8477	83.8543	68.8477	83.7058	68.8477	84.0671	68.8477	83.9311	68.8477	84.2564	68.8477	84.1379	68.8477	84.4124	68.8477	84.3165	68.8477	84.5259	68.8477	84.4579	68.8477	84.5895	68.8477	84.5541	68.8477	84.5991
71.7773	82.2553	71.7773	82.2804	71.7773	82.26	71.7773	82.3349	71.7773	82.295	71.7773	82.4179	71.7773	82.36	71.7773	82.5284	71.7773	82.4548	71.7773	82.6647	71.7773	82.5782	71.7773	82.8252	71.7773	82.729	71.7773	83.0072	71.7773	82.9048	71.7773	83.2077	71.7773	83.1027	71.7773	83.4227	71.7773	83.3186	71.7773	83.6474	71.7773	83.5473	71.7773	83.8755	71.7773	83.7822	71.7773	84.0999	71.7773	84.0155	71.7773	84.3121	71.7773	84.2383	71.7773	84.5028	71.7773	84.4411	71.7773	84.6624	71.7773	84.6141	71.7773	84.7816	71.7773	84.7482	71.7773	84.8529	71.7773	84.8357	71.7773	84.8713
74.707	82.5253	74.707	82.5518	74.707	82.528	74.707	82.6069	74.707	82.5604	74.707	82.6898	74.707	82.6225	74.707	82.7991	74.707	82.714	74.707	82.9335	74.707	82.8342	74.707	83.091	74.707	82.9818	74.707	83.2693	74.707	83.1546	74.707	83.4653	74.707	83.3499	74.707	83.6751	74.707	83.5635	74.707	83.8941	74.707	83.7903	74.707	84.1163	74.707	84.0236	74.707	84.3349	74.707	84.2555	74.707	84.5419	74.707	84.4769	74.707	84.7284	74.707	84.6781	74.707	84.8852	74.707	84.849	74.707	85.0037	74.707	84.9805	74.707	85.0762	74.707	85.0649	74.707	85.0973
77.6367	82.8357	77.6367	82.8643	77.6367	82.8351	77.6367	82.9203	77.6367	82.863	77.6367	83.0028	77.6367	82.9196	77.6367	83.1104	77.6367	83.0047	77.6367	83.2418	77.6367	83.1177	77.6367	83.395	77.6367	83.2573	77.6367	83.5677	77.6367	83.4218	77.6367	83.7567	77.6367	83.6082	77.6367	83.9584	77.6367	83.8128	77.6367	84.168	77.6367	84.0306	77.6367	84.3798	77.6367	84.255	77.6367	84.5871	77.6367	84.4786	77.6367	84.7823	77.6367	84.6923	77.6367	84.9572	77.6367	84.8868	77.6367	85.1035	77.6367	85.0525	77.6367	85.2131	77.6367	85.1804	77.6367	85.2792	77.6367	85.2634	77.6367	85.2967
79.1016	82.9875	79.1016	83.0163	79.1016	82.9861	79.1016	83.0717	79.1016	83.0123	79.1016	83.1528	79.1016	83.0665	79.1016	83.2583	79.1016	83.1484	79.1016	83.3868	79.1016	83.2574	79.1016	83.5364	79.1016	83.3924	79.1016	83.7046	79.1016	83.5515	79.1016	83.8885	79.1016	83.7319	79.1016	84.0842	79.1016	83.9298	79.1016	84.2871	79.1016	84.1405	79.1016	84.4915	79.1016	84.3575	79.1016	84.6909	79.1016	84.5734	79.1016	84.8778	79.1016	84.7797	79.1016	85.0445	79.1016	84.9672	79.1016	85.183	79.1016	85.1268	79.1016	85.2861	79.1016	85.25	79.1016	85.3476	79.1016	85.3301	79.1016	85.363
82.0312	83.2235	82.0312	83.2516	82.0312	83.2223	82.0312	83.3059	82.0312	83.2484	82.0312	83.3855	82.0312	83.302	82.0312	83.4893	82.0312	83.3829	82.0312	83.6156	82.0312	83.4904	82.0312	83.7627	82.0312	83.6236	82.0312	83.9282	82.0312	83.7805	82.0312	84.109	82.0312	83.9585	82.0312	84.3014	82.0312	84.1539	82.0312	84.5008	82.0312	84.3618	82.0312	84.7015	82.0312	84.5759	82.0312	84.8972	82.0312	84.7889	82.0312	85.0807	82.0312	84.9921	82.0312	85.2443	82.0312	85.1764	82.0312	85.3807	82.0312	85.3327	82.0312	85.4827	82.0312	85.4528	82.0312	85.5443	82.0312	85.5301	82.0312	85.5608
84.9609	83.5921	84.9609	83.6198	84.9609	83.5898	84.9609	83.6722	84.9609	83.6132	84.9609	83.7485	84.9609	83.6625	84.9609	83.8475	84.9609	83.7374	84.9609	83.968	84.9609	83.8375	84.9609	84.108	84.9609	83.9617	84.9609	84.2653	84.9609	84.1083	84.9609	84.4369	84.9609	84.2747	84.9609	84.6194	84.9609	84.4576	84.9609	84.8081	84.9609	84.6523	84.9609	84.9978	84.9609	84.8531	84.9609	85.1821	84.9609	85.053	84.9609	85.3543	84.9609	85.2441	84.9609	85.5069	84.9609	85.4179	84.9609	85.6326	84.9609	85.566	84.9609	85.7249	84.9609	85.6809	84.9609	85.7784	84.9609	85.7566	84.9609	85.7895
87.8906	83.7557	87.8906	83.7771	87.8906	83.7606	87.8906	83.8244	87.8906	83.7924	87.8906	83.8967	87.8906	83.8511	87.8906	83.9929	87.8906	83.9365	87.8906	84.1115	87.8906	84.0479	87.8906	84.251	87.8906	84.1841	87.8906	84.4089	87.8906	84.3432	87.8906	84.5827	87.8906	84.5223	87.8906	84.7688	87.8906	84.7177	87.8906	84.963	87.8906	84.9241	87.8906	85.1601	87.8906	85.1352	87.8906	85.3542	87.8906	85.3433	87.8906	85.5382	87.8906	85.5396	87.8906	85.7047	87.8906	85.7148	87.8906	85.846	87.8906	85.8602	87.8906	85.9548	87.8906	85.9679	87.8906	86.0249	87.8906	86.0327	87.8906	86.0517
90.8203	83.9775	90.8203	84.0032	90.8203	83.9761	90.8203	84.0528	90.8203	83.9994	90.8203	84.1256	90.8203	84.0476	90.8203	84.221	90.8203	84.1208	90.8203	84.3381	90.8203	84.2189	90.8203	84.4755	90.8203	84.3413	90.8203	84.6317	90.8203	84.487	90.8203	84.8043	90.8203	84.654	90.8203	84.9904	90.8203	84.8396	90.8203	85.186	90.8203	85.0398	90.8203	85.3858	90.8203	85.2491	90.8203	85.5834	90.8203	85.4604	90.8203	85.7712	90.8203	85.6654	90.8203	85.9406	90.8203	85.8545	90.8203	86.0826	90.8203	86.0176	90.8203	86.1885	90.8203	86.1452	90.8203	86.251	90.8203	86.2294	90.8203	86.2653
95.2148	84.54	95.2148	84.5562	95.2148	84.5466	95.2148	84.5948	95.2148	84.5764	95.2148	84.655	95.2148	84.6293	95.2148	84.736	95.2148	84.7051	95.2148	84.8364	95.2148	84.8029	95.2148	84.9548	95.2148	84.9215	95.2148	85.089	95.2148	85.059	95.2148	85.2365	95.2148	85.2123	95.2148	85.394	95.2148	85.3779	95.2148	85.5574	95.2148	85.5508	95.2148	85.722	95.2148	85.725	95.2148	85.882	95.2148	85.8937	95.2148	86.0314	95.2148	86.0494	95.2148	86.1642	95.2148	86.185	95.2148	86.2747	95.2148	86.2943	95.2148	86.3583	95.2148	86.3732	95.2148	86.4114	95.2148	86.4193	95.2148	86.432
98.1445	84.7034	98.1445	84.7182	98.1445	84.7139	98.1445	84.7576	98.1445	84.75	98.1445	84.8209	98.1445	84.8122	98.1445	84.907	98.1445	84.9002	98.1445	85.0149	98.1445	85.0134	98.1445	85.1432	98.1445	85.1507	98.1445	85.2899	98.1445	85.3101	98.1445	85.4528	98.1445	85.4884	98.1445	85.6287	98.1445	85.6814	98.1445	85.8137	98.1445	85.8835	98.1445	86.0028	98.1445	86.0878	98.1445	86.1902	98.1445	86.2859	98.1445	86.369	98.1445	86.469	98.1445	86.5321	98.1445	86.628	98.1445	86.6721	98.1445	86.7547	98.1445	86.7826	98.1445	86.8433	98.1445	86.8581	98.1445	86.8903	98.1445	86.8949
101.074	84.6878	101.074	84.7013	101.074	84.6987	101.074	84.7389	101.074	84.7347	101.074	84.8002	101.074	84.7961	101.074	84.8847	101.074	84.8832	101.074	84.992	101.074	84.9962	101.074	85.1214	101.074	85.1347	101.074	85.2719	101.074	85.2977	101.074	85.4422	101.074	85.4834	101.074	85.6299	101.074	85.6886	101.074	85.8318	101.074	85.9089	101.074	86.0437	101.074	86.1378	101.074	86.2597	101.074	86.3671	101.074	86.4723	101.074	86.5866	101.074	86.6728	101.074	86.7848	101.074	86.8508	101.074	86.9496	101.074	86.9957	101.074	87.0698	101.074	87.0969	101.074	87.1367	101.074	87.1456
105.469	85.2027	105.469	85.2202	105.469	85.2044	105.469	85.2564	105.469	85.2261	105.469	85.3106	105.469	85.2684	105.469	85.3824	105.469	85.3317	105.469	85.4711	105.469	85.4167	105.469	85.5762	105.469	85.5233	105.469	85.697	105.469	85.6512	105.469	85.8326	105.469	85.7994	105.469	85.9817	105.469	85.9659	105.469	86.1426	105.469	86.1474	105.469	86.3127	105.469	86.3389	105.469	86.4882	105.469	86.5338	105.469	86.6639	105.469	86.7235	105.469	86.8324	105.469	86.898	105.469	86.9844	105.469	87.0461	105.469	87.1091	105.469	87.157	105.469	87.1955	105.469	87.2217	105.469	87.2347
108.398	85.4953	108.398	85.5124	108.398	85.4965	108.398	85.5474	108.398	85.5167	108.398	85.5998	108.398	85.5563	108.398	85.6691	108.398	85.6157	108.398	85.7547	108.398	85.6952	108.398	85.8559	108.398	85.7949	108.398	85.972	108.398	85.9142	108.398	86.1016	108.398	86.0522	108.398	86.2433	108.398	86.2068	108.398	86.3948	108.398	86.3749	108.398	86.5534	108.398	86.5518	108.398	86.7149	108.398	86.7312	108.398	86.8742	108.398	86.9052	108.398	87.0248	108.398	87.0646	108.398	87.1588	108.398	87.1996	108.398	87.2673	108.398	87.3007	108.398	87.3414	108.398	87.3602	108.398	87.3738
112.793	85.8767	112.793	85.888	112.793	85.8822	112.793	85.9156	112.793	85.9046	112.793	85.9593	112.793	85.9445	112.793	86.0191	112.793	86.0021	112.793	86.0946	112.793	86.0778	112.793	86.1855	112.793	86.1715	112.793	86.2915	112.793	86.2831	112.793	86.4116	112.793	86.4116	112.793	86.5446	112.793	86.5552	112.793	86.6885	112.793	86.7113	112.793	86.8405	112.793	86.8756	112.793	86.9965	112.793	87.0426	112.793	87.1512	112.793	87.2048	112.793	87.298	112.793	87.3538	112.793	87.4289	112.793	87.48	112.793	87.5352	112.793	87.5745	112.793	87.6083	112.793	87.6297	112.793	87.6411
117.188	86.0621	117.188	86.0678	117.188	86.0717	117.188	86.0887	117.188	86.0971	117.188	86.1246	117.188	86.1387	117.188	86.1753	117.188	86.197	117.188	86.2408	117.188	86.2722	117.188	86.3211	117.188	86.3644	117.188	86.4161	117.188	86.4736	117.188	86.5254	117.188	86.5988	117.188	86.6483	117.188	86.7385	117.188	86.7835	117.188	86.89	117.188	86.9289	117.188	87.049	117.188	87.0809	117.188	87.21	117.188	87.2346	117.188	87.3655	117.188	87.3833	117.188	87.5067	117.188	87.5187	117.188	87.6241	117.188	87.6315	117.188	87.7088	117.188	87.7127	117.188	87.7537	117.188	87.7549
120.117	86.2319	120.117	86.2376	120.117	86.2414	120.117	86.2583	120.117	86.2667	120.117	86.2936	120.117	86.3083	120.117	86.3434	120.117	86.3667	120.117	86.4075	120.117	86.4425	120.117	86.4859	120.117	86.5359	120.117	86.5785	120.117	86.6468	120.117	86.6848	120.117	86.7746	120.117	86.8044	120.117	86.9176	120.117	86.936	120.117	87.073	120.117	87.0778	120.117	87.2364	120.117	87.2268	120.117	87.4015	120.117	87.3787	120.117	87.5603	120.117	87.5275	120.117	87.7029	120.117	87.6655	120.117	87.8191	120.117	87.7841	120.117	87.899	120.117	87.8739	120.117	87.9357	120.117	87.9266
124.512	86.477	124.512	86.4934	124.512	86.4746	124.512	86.5234	124.512	86.4867	124.512	86.5667	124.512	86.5139	124.512	86.6233	124.512	86.557	124.512	86.6931	124.512	86.6167	124.512	86.7763	124.512	86.6936	124.512	86.8728	124.512	86.788	124.512	86.9825	124.512	86.9	124.512	87.105	124.512	87.0287	124.512	87.2391	124.512	87.1724	124.512	87.3827	124.512	87.3279	124.512	87.5321	124.512	87.4905	124.512	87.6819	124.512	87.6533	124.512	87.825	124.512	87.8076	124.512	87.9522	124.512	87.9433	124.512	88.0534	124.512	88.0498	124.512	88.119	124.512	88.118	124.512	88.1416
128.906	86.7421	128.906	86.7551	128.906	86.7414	128.906	86.7799	128.906	86.7538	128.906	86.8161	128.906	86.7803	128.906	86.8633	128.906	86.8217	128.906	86.9216	128.906	86.8789	128.906	86.9914	128.906	86.9525	128.906	87.0728	128.906	87.0428	128.906	87.1665	128.906	87.1496	128.906	87.2726	128.906	87.2719	128.906	87.3911	128.906	87.4075	128.906	87.5209	128.906	87.5532	128.906	87.6595	128.906	87.7041	128.906	87.8026	128.906	87.8536	128.906	87.9431	128.906	87.9938	128.906	88.0716	128.906	88.1154	128.906	88.1771	128.906	88.2089	128.906	88.249	128.906	88.2657	128.906	88.2796
133.301	86.8322	133.301	86.8523	133.301	86.8229	133.301	86.8829	133.301	86.8251	133.301	86.9235	133.301	86.8395	133.301	86.9742	133.301	86.8671	133.301	87.035	133.301	86.9088	133.301	87.1061	133.301	86.9656	133.301	87.1878	133.301	87.0385	133.301	87.2803	133.301	87.1279	133.301	87.3835	133.301	87.2339	133.301	87.497	133.301	87.3556	133.301	87.6192	133.301	87.4907	133.301	87.7474	133.301	87.6352	133.301	87.8769	133.301	87.7833	133.301	88.0009	133.301	87.9267	133.301	88.1105	133.301	88.0557	133.301	88.196	133.301	88.16	133.301	88.2483	133.301	88.2304	133.301	88.2605
139.16	86.9863	139.16	86.9898	139.16	86.9928	139.16	87.0034	139.16	87.0096	139.16	87.0274	139.16	87.0371	139.16	87.0622	139.16	87.0761	139.16	87.1087	139.16	87.1274	139.16	87.168	139.16	87.1917	139.16	87.2411	139.16	87.2697	139.16	87.3293	139.16	87.3622	139.16	87.4333	139.16	87.469	139.16	87.5534	139.16	87.5896	139.16	87.6885	139.16	87.7222	139.16	87.8356	139.16	87.8636	139.16	87.9888	139.16	88.0087	139.16	88.1393	139.16	88.1499	139.16	88.2754	139.16	88.2781	139.16	88.3841	139.16	88.3821	139.16	88.4536	139.16	88.4512	139.16	88.4766
143.555	87.1073	143.555	87.0992	143.555	87.1246	143.555	87.1006	143.555	87.1511	143.555	87.1121	143.555	87.1872	143.555	87.1346	143.555	87.2333	143.555	87.169	143.555	87.2901	143.555	87.2167	143.555	87.3582	143.555	87.2787	143.555	87.4383	143.555	87.3561	143.555	87.5307	143.555	87.4496	143.555	87.6351	143.555	87.5591	143.555	87.7506	143.555	87.6835	143.555	87.8751	143.555	87.8202	143.555	88.0048	143.555	87.9644	143.555	88.1345	143.555	88.1089	143.555	88.2567	143.555	88.2442	143.555	88.3623	143.555	88.3591	143.555	88.4414	143.555	88.4425	143.555	88.4847	143.555	88.4856
147.949	87.1076	147.949	87.093	147.949	87.1304	147.949	87.0864	147.949	87.162	147.949	87.0881	147.949	87.2033	147.949	87.099	147.949	87.2555	147.949	87.1207	147.949	87.3194	147.949	87.1552	147.949	87.3962	147.949	87.2051	147.949	87.4864	147.949	87.2733	147.949	87.5902	147.949	87.3623	147.949	87.7069	147.949	87.4738	147.949	87.8347	147.949	87.6078	147.949	87.9706	147.949	87.7615	147.949	88.1098	147.949	87.929	147.949	88.2459	147.949	88.1007	147.949	88.3708	147.949	88.2638	147.949	88.4752	147.949	88.4047	147.949	88.5491	147.949	88.5101	147.949	88.5832	147.949	88.5709
153.809	87.0812	153.809	87.0903	153.809	87.0806	153.809	87.1077	153.809	87.0891	153.809	87.1335	153.809	87.1075	153.809	87.1682	153.809	87.1369	153.809	87.2124	153.809	87.1789	153.809	87.2674	153.809	87.2349	153.809	87.3344	153.809	87.3067	153.809	87.4149	153.809	87.3956	153.809	87.5104	153.809	87.5026	153.809	87.622	153.809	87.6273	153.809	87.7496	153.809	87.768	153.809	87.8912	153.809	87.9205	153.809	88.0419	153.809	88.0778	153.809	88.1934	153.809	88.2303	153.809	88.3339	153.809	88.366	153.809	88.4496	153.809	88.4728	153.809	88.5276	153.809	88.5395	153.809	88.5587
159.668	87.2129	159.668	87.1979	159.668	87.233	159.668	87.1876	159.668	87.2589	159.668	87.1829	159.668	87.292	159.668	87.1852	159.668	87.3341	159.668	87.197	159.668	87.3872	159.668	87.2219	159.668	87.4535	159.668	87.2643	159.668	87.5352	159.668	87.3294	159.668	87.634	159.668	87.4225	159.668	87.7511	159.668	87.548	159.668	87.8864	159.668	87.7073	159.668	88.0384	159.668	87.8979	159.668	88.2032	159.668	88.1111	159.668	88.3742	159.668	88.3318	159.668	88.5417	159.668	88.54	159.668	88.6924	159.668	88.7141	159.668	88.8111	159.668	88.8354	159.668	88.8819	159.668	88.8922
165.527	87.4565	165.527	87.4539	165.527	87.4596	165.527	87.4516	165.527	87.4639	165.527	87.4505	165.527	87.471	165.527	87.4519	165.527	87.4832	165.527	87.4584	165.527	87.5036	165.527	87.4733	165.527	87.5358	165.527	87.501	165.527	87.584	165.527	87.5465	165.527	87.6525	165.527	87.6156	165.527	87.7454	165.527	87.7138	165.527	87.8655	165.527	87.8447	165.527	88.0134	165.527	88.0085	165.527	88.1856	165.527	88.2	165.527	88.3741	165.527	88.4065	165.527	88.5652	165.527	88.6092	165.527	88.7403	165.527	88.7851	165.527	88.8786	165.527	88.9119	165.527	88.9606	165.527	88.9729
171.387	87.3719	171.387	87.3632	171.387	87.3788	171.387	87.3526	171.387	87.385	171.387	87.3407	171.387	87.3918	171.387	87.3287	171.387	87.4013	171.387	87.3191	171.387	87.416	171.387	87.3154	171.387	87.439	171.387	87.3223	171.387	87.4737	171.387	87.3456	171.387	87.5237	171.387	87.3919	171.387	87.5927	171.387	87.4677	171.387	87.6835	171.387	87.5777	171.387	87.7978	171.387	87.7227	171.387	87.9344	171.387	87.8976	171.387	88.0882	171.387	88.0899	171.387	88.2488	171.387	88.2801	171.387	88.4009	171.387	88.4449	171.387	88.5251	171.387	88.5623	171.387	88.602	171.387	88.6164
177.246	87.2912	177.246	87.2884	177.246	87.2908	177.246	87.2825	177.246	87.2881	177.246	87.2742	177.246	87.2844	177.246	87.2648	177.246	87.2816	177.246	87.2565	177.246	87.2827	177.246	87.2524	177.246	87.2912	177.246	87.2565	177.246	87.311	177.246	87.2736	177.246	87.347	177.246	87.3094	177.246	87.4036	177.246	87.3695	177.246	87.4846	177.246	87.4588	177.246	87.592	177.246	87.579	177.246	87.7243	177.246	87.7271	177.246	87.8749	177.246	87.8934	177.246	88.032	177.246	88.0614	177.246	88.1786	177.246	88.2105	177.246	88.2953	177.246	88.3197	177.246	88.3642	177.246	88.3734
183.105	87.0486	183.105	87.0338	183.105	87.0592	183.105	87.0154	183.105	87.0658	183.105	86.9953	183.105	87.0692	183.105	86.976	183.105	87.0715	183.105	86.9614	183.105	87.0753	183.105	86.9568	183.105	87.0847	183.105	86.9685	183.105	87.1046	183.105	87.0041	183.105	87.141	183.105	87.0716	183.105	87.2006	183.105	87.1779	183.105	87.29	183.105	87.327	183.105	87.4141	183.105	87.5171	183.105	87.5743	183.105	87.7387	183.105	87.7653	183.105	87.9734	183.105	87.9742	183.105	88.1958	183.105	88.1803	183.105	88.3778	183.105	88.3578	183.105	88.4944	183.105	88.481	183.105	88.5299
188.965	87.1948	188.965	87.1687	188.965	87.2115	188.965	87.1339	188.965	87.2186	188.965	87.0921	188.965	87.217	188.965	87.046	188.965	87.208	188.965	86.9997	188.965	87.194	188.965	86.9589	188.965	87.1784	188.965	86.931	188.965	87.1662	188.965	86.9252	188.965	87.1639	188.965	86.9518	188.965	87.1794	188.965	87.0209	188.965	87.2221	188.965	87.1398	188.965	87.3007	188.965	87.3093	188.965	87.4209	188.965	87.5212	188.965	87.5818	188.965	87.7558	188.965	87.7728	188.965	87.9844	188.965	87.9726	188.965	88.1744	188.965	88.1523	188.965	88.2967	188.965	88.2809	188.965	88.3333
196.289	87.1875	196.289	87.1438	196.289	87.2198	196.289	87.0889	196.289	87.241	196.289	87.0241	196.289	87.2522	196.289	86.9522	196.289	87.2546	196.289	86.8778	196.289	87.2499	196.289	86.8077	196.289	87.2405	196.289	86.7512	196.289	87.2292	196.289	86.7198	196.289	87.2204	196.289	86.7266	196.289	87.2202	196.289	86.7836	196.289	87.2367	196.289	86.8994	196.289	87.28	196.289	87.0743	196.289	87.3599	196.289	87.2979	196.289	87.4822	196.289	87.5479	196.289	87.6429	196.289	87.7928	196.289	87.8246	196.289	87.9976	196.289	87.997	196.289	88.1311	196.289	88.1238	196.289	88.174
203.613	87.1127	203.613	87.0747	203.613	87.1353	203.613	87.0203	203.613	87.1445	203.613	86.949	203.613	87.1424	203.613	86.862	203.613	87.1316	203.613	86.7619	203.613	87.1146	203.613	86.654	203.613	87.0943	203.613	86.5465	203.613	87.0738	203.613	86.4513	203.613	87.0569	203.613	86.3839	203.613	87.048	203.613	86.3621	203.613	87.0529	203.613	86.4026	203.613	87.0786	203.613	86.516	203.613	87.1319	203.613	86.7001	203.613	87.217	203.613	86.9362	203.613	87.3315	203.613	87.1903	203.613	87.4619	203.613	87.4206	203.613	87.583	203.613	87.5885	203.613	87.6625	203.613	87.6701
210.938	87.0761	210.938	87.0504	210.938	87.0885	210.938	87.01	210.938	87.0892	210.938	86.9544	210.938	87.0806	210.938	86.884	210.938	87.0651	210.938	86.8003	210.938	87.0459	210.938	86.7071	210.938	87.026	210.938	86.6104	210.938	87.0091	210.938	86.52	210.938	86.9988	210.938	86.4497	210.938	86.9993	210.938	86.4165	210.938	87.0151	210.938	86.4383	210.938	87.0511	210.938	86.5282	210.938	87.1117	210.938	86.6881	210.938	87.1989	210.938	86.9028	210.938	87.309	210.938	87.1405	210.938	87.4296	210.938	87.3603	210.938	87.5384	210.938	87.5238	210.938	87.6067	210.938	87.6071
218.262	86.6814	218.262	86.6707	218.262	86.6793	218.262	86.6462	218.262	86.6664	218.262	86.6079	218.262	86.6454	218.262	86.5572	218.262	86.6202	218.262	86.4965	218.262	86.5956	218.262	86.4304	218.262	86.5771	218.262	86.3656	218.262	86.5707	218.262	86.3117	218.262	86.583	218.262	86.281	218.262	86.6204	218.262	86.288	218.262	86.6884	218.262	86.3474	218.262	86.7911	218.262	86.4693	218.262	86.929	218.262	86.6545	218.262	87.097	218.262	86.8899	218.262	87.2822	218.262	87.1476	218.262	87.4624	218.262	87.3897	218.262	87.6082	218.262	87.5774	218.262	87.689	218.262	87.6812
225.586	86.6861	225.586	86.6827	225.586	86.6691	225.586	86.6586	225.586	86.6328	225.586	86.6144	225.586	86.5792	225.586	86.5519	225.586	86.5114	225.586	86.4741	225.586	86.4336	225.586	86.3863	225.586	86.3516	225.586	86.296	225.586	86.2729	225.586	86.2145	225.586	86.2072	225.586	86.1561	225.586	86.166	225.586	86.138	225.586	86.1626	225.586	86.1771	225.586	86.2103	225.586	86.2852	225.586	86.319	225.586	86.4628	225.586	86.4904	225.586	86.6938	225.586	86.7123	225.586	86.9455	225.586	86.9554	225.586	87.1735	225.586	87.1778	225.586	87.3331	225.586	87.3344	225.586	87.3906
232.91	86.5234	232.91	86.5059	232.91	86.5231	232.91	86.4709	232.91	86.5054	232.91	86.4191	232.91	86.471	232.91	86.3521	232.91	86.4211	232.91	86.2727	232.91	86.3577	232.91	86.1855	232.91	86.2839	232.91	86.0978	232.91	86.2041	232.91	86.0193	232.91	86.1246	232.91	85.9633	232.91	86.0543	232.91	85.9446	232.91	86.0046	232.91	85.9773	232.91	85.989	232.91	86.0695	232.91	86.0213	232.91	86.2185	232.91	86.1112	232.91	86.4066	232.91	86.2579	232.91	86.6032	232.91	86.4446	232.91	86.7697	232.91	86.6378	232.91	86.8697	232.91	86.7952	232.91	86.8792
241.699	86.1429	241.699	86.1085	241.699	86.1619	241.699	86.0594	241.699	86.1658	241.699	85.9975	241.699	86.1555	241.699	85.9258	241.699	86.1334	241.699	85.8485	241.699	86.1025	241.699	85.7713	241.699	86.067	241.699	85.7016	241.699	86.0322	241.699	85.6488	241.699	86.0042	241.699	85.6242	241.699	85.9903	241.699	85.6399	241.699	85.9976	241.699	85.7063	241.699	86.0331	241.699	85.828	241.699	86.1018	241.699	85.9992	241.699	86.2049	241.699	86.2017	241.699	86.337	241.699	86.4073	241.699	86.4832	241.699	86.584	241.699	86.6194	241.699	86.7039	241.699	86.7165	241.699	86.7491
250.488	85.9952	250.488	85.9413	250.488	86.0287	250.488	85.8679	250.488	86.0425	250.488	85.7776	250.488	86.0388	250.488	85.6747	250.488	86.0212	250.488	85.5654	250.488	85.9949	250.488	85.4578	250.488	85.9662	250.488	85.3624	250.488	85.9425	250.488	85.292	250.488	85.932	250.488	85.2612	250.488	85.9426	250.488	85.2846	250.488	85.9817	250.488	85.3732	250.488	86.0541	250.488	85.5291	250.488	86.1597	250.488	85.7411	250.488	86.2917	250.488	85.9849	250.488	86.4354	250.488	86.2286	250.488	86.5692	250.488	86.4415	250.488	86.6692	250.488	86.6009	250.488	86.715	250.488	86.6935
259.277	84.9626	259.277	84.9075	259.277	85.0052	259.277	84.8461	259.277	85.0327	259.277	84.7877	259.277	85.0462	259.277	84.744	259.277	85.0508	259.277	84.7279	259.277	85.0558	259.277	84.7514	259.277	85.0752	259.277	84.8237	259.277	85.1269	259.277	84.9497	259.277	85.2314	259.277	85.1304	259.277	85.4071	259.277	85.3633	259.277	85.6645	259.277	85.644	259.277	85.9993	259.277	85.9654	259.277	86.3898	259.277	86.3157	259.277	86.7983	259.277	86.6766	259.277	87.179	259.277	87.0239	259.277	87.4874	259.277	87.3308	259.277	87.6897	259.277	87.5721	259.277	87.7687	259.277	87.7248
268.066	85.2574	268.066	85.0998	268.066	85.3401	268.066	84.8649	268.066	85.3536	268.066	84.5564	268.066	85.3053	268.066	84.1884	268.066	85.205	268.066	83.7931	268.066	85.0647	268.066	83.4285	268.066	84.9017	268.066	83.1821	268.066	84.7423	268.066	83.1537	268.066	84.627	268.066	83.4125	268.066	84.6141	268.066	83.9535	268.066	84.7721	268.066	84.7006	268.066	85.1535	268.066	85.5512	268.066	85.7587	268.066	86.4163	268.066	86.5204	268.066	87.2312	268.066	87.3264	268.066	87.9471	268.066	88.0603	268.066	88.5198	268.066	88.6292	268.066	88.9055	268.066	88.9733	268.066	89.0649
276.855	86.8274	276.855	86.7746	276.855	86.8146	276.855	86.6497	276.855	86.7412	276.855	86.4462	276.855	86.6112	276.855	86.1586	276.855	86.4272	276.855	85.786	276.855	86.191	276.855	85.337	276.855	85.9046	276.855	84.8395	276.855	85.5737	276.855	84.3538	276.855	85.2131	276.855	83.9824	276.855	84.8576	276.855	83.8561	276.855	84.5743	276.855	84.0738	276.855	84.4658	276.855	84.6288	276.855	84.6389	276.855	85.4062	276.855	85.1327	276.855	86.2515	276.855	85.8674	276.855	87.0315	276.855	86.6794	276.855	87.6472	276.855	87.3997	276.855	88.0261	276.855	87.9027	276.855	88.1181
287.109	86.8267	287.109	86.7977	287.109	86.7856	287.109	86.6924	287.109	86.6811	287.109	86.5061	287.109	86.5199	287.109	86.2355	287.109	86.3092	287.109	85.8816	287.109	86.0558	287.109	85.4521	287.109	85.767	287.109	84.9682	287.109	85.4518	287.109	84.4755	287.109	85.123	287.109	84.0565	287.109	84.8031	287.109	83.8313	287.109	84.5323	287.109	83.9183	287.109	84.3773	287.109	84.3546	287.109	84.4243	287.109	85.051	287.109	84.7387	287.109	85.841	287.109	85.3032	287.109	86.5641	287.109	86.0005	287.109	87.1071	287.109	86.6686	287.109	87.4048	287.109	87.171	287.109	87.4269
297.363	87.2895	297.363	87.2558	297.363	87.2497	297.363	87.1478	297.363	87.1376	297.363	86.965	297.363	86.9545	297.363	86.7069	297.363	86.7023	297.363	86.375	297.363	86.3839	297.363	85.9736	297.363	86.0033	297.363	85.5142	297.363	85.5662	297.363	85.0204	297.363	85.083	297.363	84.5362	297.363	84.5748	297.363	84.1333	297.363	84.087	297.363	83.9123	297.363	83.7052	297.363	83.9766	297.363	83.5564	297.363	84.372	297.363	83.7566	297.363	85.0298	297.363	84.3126	297.363	85.7784	297.363	85.086	297.363	86.4182	297.363	85.8721	297.363	86.7922	297.363	86.4905	297.363	86.818
307.617	86.7555	307.617	86.6832	307.617	86.7667	307.617	86.5434	307.617	86.7224	307.617	86.33	307.617	86.6268	307.617	86.039	307.617	86.4817	307.617	85.6708	307.617	86.287	307.617	85.2342	307.617	86.0414	307.617	84.7535	307.617	85.7446	307.617	84.2778	307.617	85.3993	307.617	83.8876	307.617	85.0167	307.617	83.6822	307.617	84.6233	307.617	83.7361	307.617	84.2723	307.617	84.0476	307.617	84.0496	307.617	84.5351	307.617	84.0552	307.617	85.0861	307.617	84.3405	307.617	85.6006	307.617	84.8471	307.617	85.9983	307.617	85.4238	307.617	86.2105	307.617	85.9075	307.617	86.1849
319.336	86.7997	319.336	86.7718	319.336	86.7583	319.336	86.6659	319.336	86.6546	319.336	86.4721	319.336	86.4938	319.336	86.179	319.336	86.2791	319.336	85.7749	319.336	86.0117	319.336	85.2511	319.336	85.6908	319.336	84.6085	319.336	85.3147	319.336	83.8745	319.336	84.8846	319.336	83.132	319.336	84.4124	319.336	82.5528	319.336	83.9353	319.336	82.3704	319.336	83.5353	319.336	82.7198	319.336	83.3452	319.336	83.4872	319.336	83.4977	319.336	84.4086	319.336	84.0131	319.336	85.2562	319.336	84.7476	319.336	85.8954	319.336	85.482	319.336	86.2568	319.336	86.0355	319.336	86.3058
329.59	86.7355	329.59	86.7428	329.59	86.6666	329.59	86.68	329.59	86.5435	329.59	86.538	329.59	86.3725	329.59	86.307	329.59	86.158	329.59	85.9769	329.59	85.9018	329.59	85.5384	329.59	85.6019	329.59	84.9865	329.59	85.2523	329.59	84.3295	329.59	84.844	329.59	83.6096	329.59	84.3707	329.59	82.9367	329.59	83.842	329.59	82.5084	329.59	83.309	329.59	82.5343	329.59	82.8955	329.59	83.0451	329.59	82.7889	329.59	83.8327	329.59	83.1166	329.59	84.6241	329.59	83.7928	329.59	85.2278	329.59	84.5641	329.59	85.5451	329.59	85.1905	329.59	85.534
341.309	86.4218	341.309	86.4333	341.309	86.3401	341.309	86.3676	341.309	86.1942	341.309	86.2171	341.309	85.9889	341.309	85.974	341.309	85.7271	341.309	85.6305	341.309	85.4106	341.309	85.1804	341.309	85.0401	341.309	84.6207	341.309	84.6156	341.309	83.959	341.309	84.1375	341.309	83.2275	341.309	83.6091	341.309	82.5103	341.309	83.0452	341.309	81.9709	341.309	82.4939	341.309	81.8262	341.309	82.0707	341.309	82.1966	341.309	81.9632	341.309	82.9608	341.309	82.318	341.309	83.8371	341.309	83.0605	341.309	84.5643	341.309	83.9187	341.309	84.9764	341.309	84.62	341.309	84.9963
353.027	86.1243	353.027	86.1003	353.027	86.1003	353.027	86.0196	353.027	86.0343	353.027	85.8719	353.027	85.9289	353.027	85.6464	353.027	85.7823	353.027	85.3332	353.027	85.5887	353.027	84.9257	353.027	85.3371	353.027	84.4231	353.027	85.0122	353.027	83.8356	353.027	84.5954	353.027	83.1946	353.027	84.0685	353.027	82.5706	353.027	83.423	353.027	82.0922	353.027	82.6821	353.027	81.9277	353.027	81.9455	353.027	82.1792	353.027	81.4394	353.027	82.7639	353.027	81.4506	353.027	83.4529	353.027	82.0426	353.027	84.0151	353.027	82.923	353.027	84.2925	353.027	83.7178	353.027	84.1998
366.211	86.6341	366.211	86.5718	366.211	86.6203	366.211	86.4247	366.211	86.5385	366.211	86.1839	366.211	86.3962	366.211	85.8401	366.211	86.1999	366.211	85.385	366.211	85.9541	366.211	84.813	366.211	85.6605	366.211	84.1271	366.211	85.3167	366.211	83.349	366.211	84.9158	366.211	82.5396	366.211	84.448	366.211	81.8234	366.211	83.9056	366.211	81.3882	366.211	83.2953	366.211	81.4015	366.211	82.6649	366.211	81.8717	366.211	82.144	366.211	82.6211	366.211	81.9485	366.211	83.4032	366.211	82.2376	366.211	84.0031	366.211	82.9045	366.211	84.2721	366.211	83.6339	366.211	84.1402
379.395	86.3269	379.395	86.3457	379.395	86.2384	379.395	86.2874	379.395	86.0871	379.395	86.1424	379.395	85.8802	379.395	85.8986	379.395	85.6254	379.395	85.5408	379.395	85.3302	379.395	85.0526	379.395	85.001	379.395	84.4204	379.395	84.641	379.395	83.6458	379.395	84.2498	379.395	82.7693	379.395	83.8261	379.395	81.9147	379.395	83.3788	379.395	81.3255	379.395	82.9477	379.395	81.2801	379.395	82.6265	379.395	81.8355	379.395	82.5566	379.395	82.7414	379.395	82.8434	379.395	83.6771	379.395	83.4377	379.395	84.4262	379.395	84.1339	379.395	84.8742	379.395	84.6972	379.395	84.9661
392.578	86.1538	392.578	86.1719	392.578	86.0713	392.578	86.1177	392.578	85.93	392.578	85.9811	392.578	85.7335	392.578	85.7494	392.578	85.4828	392.578	85.4075	392.578	85.1765	392.578	84.9378	392.578	84.8094	392.578	84.3217	392.578	84.3724	392.578	83.5451	392.578	83.8521	392.578	82.6164	392.578	83.2325	392.578	81.6106	392.578	82.5047	392.578	80.7493	392.578	81.6935	392.578	80.4176	392.578	80.918	392.578	80.8716	392.578	80.464	392.578	81.8879	392.578	80.6807	392.578	83.0067	392.578	81.58	392.578	83.8881	392.578	82.7448	392.578	84.3481	392.578	83.7346	392.578	84.2998
405.762	85.8447	405.762	85.8392	405.762	85.776	405.762	85.7489	405.762	85.6417	405.762	85.5619	405.762	85.4485	405.762	85.2655	405.762	85.2002	405.762	84.8468	405.762	84.8966	405.762	84.2932	405.762	84.5317	405.762	83.5935	405.762	84.092	405.762	82.7414	405.762	83.5551	405.762	81.7487	405.762	82.8925	405.762	80.6846	405.762	82.0809	405.762	79.7601	405.762	81.134	405.762	79.3793	405.762	80.1772	405.762	79.8528	405.762	79.5437	405.762	80.9497	405.762	79.6582	405.762	82.1359	405.762	80.5367	405.762	83.0273	405.762	81.7099	405.762	83.4461	405.762	82.7243	405.762	83.3374
420.41	86.2631	420.41	86.3046	420.41	86.1705	420.41	86.2791	420.41	86.0405	420.41	86.1684	420.41	85.8832	420.41	85.9519	420.41	85.7053	420.41	85.6066	420.41	85.5077	420.41	85.1052	420.41	85.2829	420.41	84.4167	420.41	85.0114	420.41	83.5087	420.41	84.657	420.41	82.3597	420.41	84.1648	420.41	81	420.41	83.4619	420.41	79.6195	420.41	82.4667	420.41	78.7242	420.41	81.1252	420.41	78.894	420.41	79.5479	420.41	79.9668	420.41	78.3567	420.41	81.2269	420.41	78.5688	420.41	82.1683	420.41	79.9632	420.41	82.5643	420.41	81.4061	420.41	82.3172
435.059	86.8	435.059	86.8564	435.059	86.6918	435.059	86.8512	435.059	86.5379	435.059	86.7702	435.059	86.3418	435.059	86.594	435.059	86.1062	435.059	86.2982	435.059	85.8337	435.059	85.8535	435.059	85.5266	435.059	85.2261	435.059	85.1853	435.059	84.3781	435.059	84.8053	435.059	83.2739	435.059	84.3733	435.059	81.9065	435.059	83.866	435.059	80.3975	435.059	83.258	435.059	79.2328	435.059	82.5578	435.059	79.2328	435.059	81.8938	435.059	80.4476	435.059	81.6007	435.059	82.0047	435.059	82.0011	435.059	83.2737	435.059	82.9035	435.059	84.0226	435.059	83.7596	435.059	84.1809
451.172	87.8858	451.172	87.9638	451.172	87.7409	451.172	87.9657	451.172	87.5388	451.172	87.8825	451.172	87.2912	451.172	87.7043	451.172	87.0117	451.172	87.4195	451.172	86.7148	451.172	87.0135	451.172	86.4131	451.172	86.4668	451.172	86.1113	451.172	85.7526	451.172	85.7967	451.172	84.8392	451.172	85.4305	451.172	83.7033	451.172	84.9426	451.172	82.3772	451.172	84.2372	451.172	81.081	451.172	83.2207	451.172	80.3927	451.172	81.8932	451.172	80.8625	451.172	80.6197	451.172	82.1097	451.172	80.359	451.172	83.2977	451.172	81.4596	451.172	83.9212	451.172	82.8799	451.172	83.7853
465.82	87.434	465.82	87.5528	465.82	87.2527	465.82	87.5938	465.82	87.0223	465.82	87.5394	465.82	86.754	465.82	87.3704	465.82	86.4569	465.82	87.0659	465.82	86.1377	465.82	86.6043	465.82	85.7986	465.82	85.9629	465.82	85.4346	465.82	85.1215	465.82	85.0288	465.82	84.0711	465.82	84.5489	465.82	82.847	465.82	83.9451	465.82	81.6129	465.82	83.1571	465.82	80.7708	465.82	82.1514	465.82	80.7764	465.82	81.0406	465.82	81.5478	465.82	80.3024	465.82	82.5432	465.82	80.588	465.82	83.3418	465.82	81.7217	465.82	83.7347	465.82	82.8908	465.82	83.6016
483.398	86.7403	483.398	86.8403	483.398	86.5868	483.398	86.8849	483.398	86.3809	483.398	86.8687	483.398	86.126	483.398	86.7788	483.398	85.8304	483.398	86.592	483.398	85.5082	483.398	86.2731	483.398	85.1783	483.398	85.7741	483.398	84.8564	483.398	85.0355	483.398	84.5438	483.398	83.986	483.398	84.2134	483.398	82.544	483.398	83.803	483.398	80.6511	483.398	83.2186	483.398	78.5088	483.398	82.3478	483.398	77.3473	483.398	81.1049	483.398	78.529	483.398	79.6038	483.398	80.567	483.398	78.6083	483.398	82.0007	483.398	79.1964	483.398	82.4854	483.398	80.7534	483.398	82.022
499.512	87.4378	499.512	87.5372	499.512	87.2626	499.512	87.5463	499.512	87.024	499.512	87.4505	499.512	86.7325	499.512	87.2373	499.512	86.3968	499.512	86.8978	499.512	86.0249	499.512	86.4268	499.512	85.6246	499.512	85.819	499.512	85.2033	499.512	85.0627	499.512	84.7649	499.512	84.1361	499.512	84.3008	499.512	83.0165	499.512	83.7762	499.512	81.7281	499.512	83.1222	499.512	80.4701	499.512	82.2619	499.512	79.7773	499.512	81.225	499.512	80.1933	499.512	80.4087	499.512	81.4384	499.512	80.5742	499.512	82.7356	499.512	81.7344	499.512	83.5516	499.512	82.9746	499.512	83.646
517.09	87.2454	517.09	87.4024	517.09	87.0414	517.09	87.4955	517.09	86.8041	517.09	87.5061	517.09	86.5449	517.09	87.415	517.09	86.2735	517.09	87.2023	517.09	85.9991	517.09	86.8451	517.09	85.7276	517.09	86.3118	517.09	85.4546	517.09	85.5562	517.09	85.1566	517.09	84.5164	517.09	84.7839	517.09	83.1276	517.09	84.2576	517.09	81.3806	517.09	83.4679	517.09	79.5172	517.09	82.2707	517.09	78.3848	517.09	80.5124	517.09	78.8582	517.09	78.2906	517.09	80.2939	517.09	77.0371	517.09	81.5982	517.09	78.4929	517.09	82.2345	517.09	80.6495	517.09	81.96
536.133	87.2815	536.133	87.4308	536.133	87.0869	536.133	87.5294	536.133	86.8477	536.133	87.5632	536.133	86.5658	536.133	87.5086	536.133	86.2488	536.133	87.3358	536.133	85.9133	536.133	87.0146	536.133	85.5838	536.133	86.5197	536.133	85.2846	536.133	85.8316	536.133	85.0254	536.133	84.926	536.133	84.7832	536.133	83.7575	536.133	84.4924	536.133	82.2631	536.133	84.0435	536.133	80.4737	536.133	83.2842	536.133	78.9223	536.133	82.0292	536.133	78.8302	536.133	80.1664	536.133	80.1368	536.133	78.2541	536.133	81.4189	536.133	78.2376	536.133	81.9196	536.133	79.9848	536.133	81.4343
555.176	87.1082	555.176	87.2801	555.176	86.8703	555.176	87.3815	555.176	86.5723	555.176	87.4049	555.176	86.2248	555.176	87.3344	555.176	85.8448	555.176	87.1429	555.176	85.4559	555.176	86.7912	555.176	85.0883	555.176	86.2326	555.176	84.7748	555.176	85.4202	555.176	84.5391	555.176	84.3184	555.176	84.3715	555.176	82.9222	555.176	84.2089	555.176	81.3098	555.176	83.9373	555.176	79.7871	555.176	83.4233	555.176	79.0326	555.176	82.5552	555.176	79.5028	555.176	81.3283	555.176	80.6053	555.176	80.1018	555.176	81.5302	555.176	79.7816	555.176	81.8848	555.176	80.5996	555.176	81.5354
574.219	87.521	574.219	87.6611	574.219	87.3183	574.219	87.7355	574.219	87.0552	574.219	87.738	574.219	86.7346	574.219	87.6559	574.219	86.3596	574.219	87.4686	574.219	85.9344	574.219	87.1473	574.219	85.4656	574.219	86.6534	574.219	84.9678	574.219	85.9355	574.219	84.4716	574.219	84.9249	574.219	84.0161	574.219	83.5337	574.219	83.5982	574.219	81.672	574.219	83.1026	574.219	79.3761	574.219	82.3058	574.219	77.4783	574.219	81.0094	574.219	78.0057	574.219	79.356	574.219	80.2407	574.219	78.4295	574.219	82.058	574.219	79.3987	574.219	82.8242	574.219	81.1927	574.219	82.4921
594.727	86.867	594.727	87.0619	594.727	86.6334	594.727	87.2067	594.727	86.3636	594.727	87.2833	594.727	86.0542	594.727	87.2712	594.727	85.7052	594.727	87.1468	594.727	85.3321	594.727	86.8792	594.727	84.9689	594.727	86.424	594.727	84.6572	594.727	85.7225	594.727	84.416	594.727	84.7051	594.727	84.213	594.727	83.3017	594.727	83.9614	594.727	81.4853	594.727	83.5326	594.727	79.4525	594.727	82.7504	594.727	78.0359	594.727	81.364	594.727	78.2754	594.727	79.1262	594.727	79.6467	594.727	76.7147	594.727	81.005	594.727	77.312	594.727	81.7166	594.727	79.8276	594.727	81.4064
615.234	85.8745	615.234	85.998	615.234	85.7069	615.234	86.0941	615.234	85.4768	615.234	86.1683	615.234	85.1722	615.234	86.2089	615.234	84.7916	615.234	86.1871	615.234	84.3442	615.234	86.0602	615.234	83.8522	615.234	85.7723	615.234	83.3605	615.234	85.252	615.234	82.9531	615.234	84.4103	615.234	82.7413	615.234	83.1381	615.234	82.7813	615.234	81.2998	615.234	82.9654	615.234	78.7808	615.234	83.025	615.234	76.0909	615.234	82.6382	615.234	75.812	615.234	81.5419	615.234	77.8994	615.234	79.741	615.234	79.5206	615.234	78.1532	615.234	80.017	615.234	78.345	615.234	79.4726
637.207	86.4122	637.207	86.5944	637.207	86.1847	637.207	86.7294	637.207	85.9082	637.207	86.8069	637.207	85.5784	637.207	86.8079	637.207	85.1954	637.207	86.7047	637.207	84.7686	637.207	86.4625	637.207	84.3179	637.207	86.0405	637.207	83.8713	637.207	85.387	637.207	83.4613	637.207	84.4296	637.207	83.119	637.207	83.0658	637.207	82.8527	637.207	81.1785	637.207	82.5958	637.207	78.7537	637.207	82.1636	637.207	76.4962	637.207	81.2623	637.207	76.6721	637.207	79.5516	637.207	79.0843	637.207	77.1526	637.207	81.2113	637.207	76.8434	637.207	82.1213	637.207	79.5324	637.207	81.5838
659.18	86.2165	659.18	86.3379	659.18	86.0712	659.18	86.4431	659.18	85.8825	659.18	86.5209	659.18	85.6279	659.18	86.5425	659.18	85.2904	659.18	86.4709	659.18	84.8673	659.18	86.271	659.18	84.3784	659.18	85.9112	659.18	83.877	659.18	85.3527	659.18	83.4502	659.18	84.5259	659.18	83.181	659.18	83.2963	659.18	83.0553	659.18	81.4191	659.18	82.8999	659.18	78.4882	659.18	82.4284	659.18	74.2842	659.18	81.3093	659.18	73.1303	659.18	79.1401	659.18	76.7559	659.18	75.4399	659.18	79.0759	659.18	72.1274	659.18	79.5672	659.18	75.2258	659.18	78.3393
682.617	85.4974	682.617	85.5406	682.617	85.3878	682.617	85.5672	682.617	85.1673	682.617	85.6164	682.617	84.8132	682.617	85.7028	682.617	84.3336	682.617	85.8069	682.617	83.7678	682.617	85.8719	682.617	83.1753	682.617	85.8106	682.617	82.6259	682.617	85.5202	682.617	82.2072	682.617	84.9013	682.617	82.0444	682.617	83.8711	682.617	82.236	682.617	82.3542	682.617	82.661	682.617	80.2545	682.617	82.9233	682.617	77.5252	682.617	82.5519	682.617	74.898	682.617	81.1862	682.617	74.9533	682.617	78.7262	682.617	77.0243	682.617	76.0329	682.617	78.1806	682.617	75.9059	682.617	77.5976
707.52	85.4615	707.52	85.5296	707.52	85.3486	707.52	85.567	707.52	85.1772	707.52	85.5844	707.52	84.9312	707.52	85.583	707.52	84.5879	707.52	85.5505	707.52	84.1203	707.52	85.4622	707.52	83.5148	707.52	85.2769	707.52	82.807	707.52	84.9252	707.52	82.1303	707.52	84.2941	707.52	81.7031	707.52	83.2235	707.52	81.6506	707.52	81.517	707.52	81.8118	707.52	78.946	707.52	81.8315	707.52	75.2657	707.52	81.3488	707.52	71.5377	707.52	79.9865	707.52	73.2725	707.52	77.2331	707.52	76.4619	707.52	73.3707	707.52	77.7853	707.52	74.1553	707.52	77.0237
732.422	85.4373	732.422	85.4318	732.422	85.3797	732.422	85.4074	732.422	85.221	732.422	85.4078	732.422	84.9295	732.422	85.4614	732.422	84.4823	732.422	85.5629	732.422	83.8765	732.422	85.664	732.422	83.1461	732.422	85.6824	732.422	82.3732	732.422	85.5249	732.422	81.6913	732.422	85.1008	732.422	81.2859	732.422	84.3063	732.422	81.3508	732.422	82.9856	732.422	81.9026	732.422	80.9144	732.422	82.5869	732.422	77.8586	732.422	82.8029	732.422	74.1297	732.422	81.9839	732.422	73.1689	732.422	79.79	732.422	75.6266	732.422	76.6456	732.422	77.0768	732.422	75.375	732.422	76.6439
757.324	85.7798	757.324	85.6455	757.324	85.7471	757.324	85.4	757.324	85.5146	757.324	85.1034	757.324	85.096	757.324	84.8168	757.324	84.5526	757.324	84.5981	757.324	83.9578	757.324	84.4762	757.324	83.3412	757.324	84.4189	757.324	82.6536	757.324	84.3363	757.324	81.8084	757.324	84.125	757.324	80.8769	757.324	83.6875	757.324	80.4062	757.324	82.8599	757.324	80.9982	757.324	81.3239	757.324	82.0902	757.324	78.7271	757.324	82.6857	757.324	75.4538	757.324	82.2512	757.324	73.9997	757.324	80.4176	757.324	75.0212	757.324	76.797	757.324	75.9533	757.324	73.6185	757.324	75.153
785.156	85.8727	785.156	85.6614	785.156	85.9068	785.156	85.315	785.156	85.7161	785.156	84.907	785.156	85.2163	785.156	84.5168	785.156	84.32	785.156	84.1723	785.156	83.0356	785.156	83.8674	785.156	81.5834	785.156	83.6324	785.156	80.3471	785.156	83.4956	785.156	79.4741	785.156	83.3386	785.156	78.6629	785.156	82.8794	785.156	77.8196	785.156	81.7923	785.156	78.3069	785.156	79.7697	785.156	80.7282	785.156	76.4484	785.156	82.8155	785.156	72.1507	785.156	83.4166	785.156	74.0451	785.156	82.3648	785.156	78.0964	785.156	79.7853	785.156	79.4414	785.156	77.4763	785.156	78.4694
811.523	85.8412	811.523	85.6004	811.523	85.8921	811.523	85.2454	811.523	85.7043	811.523	84.8767	811.523	85.238	811.523	84.5504	811.523	84.4593	811.523	84.2024	811.523	83.3593	811.523	83.7411	811.523	82.0143	811.523	83.2466	811.523	80.6828	811.523	82.9523	811.523	79.7079	811.523	82.8982	811.523	79.0826	811.523	82.816	811.523	78.6049	811.523	82.4473	811.523	78.6525	811.523	81.5958	811.523	79.6838	811.523	79.8755	811.523	80.9925	811.523	77.3064	811.523	81.7568	811.523	76.9922	811.523	81.7591	811.523	79.3439	811.523	81.0689	811.523	80.6934	811.523	80.3754	811.523	80.6154
840.82	85.6898	840.82	85.4631	840.82	85.7054	840.82	85.0019	840.82	85.5411	840.82	84.3678	840.82	85.1669	840.82	83.7042	840.82	84.4931	840.82	83.0984	840.82	83.4493	840.82	82.4791	840.82	82.0894	840.82	81.8074	840.82	80.6197	840.82	81.3342	840.82	79.2013	840.82	81.2348	840.82	77.6649	840.82	81.0036	840.82	75.9513	840.82	80.0017	840.82	75.8398	840.82	78.2683	840.82	78.1761	840.82	76.749	840.82	80.3317	840.82	76.1184	840.82	81.4392	840.82	76.7533	840.82	81.3993	840.82	78.6527	840.82	80.0549	840.82	79.9511	840.82	78.8442	840.82	79.6289
870.117	85.5474	870.117	85.2725	870.117	85.5738	870.117	84.767	870.117	85.3761	870.117	84.1625	870.117	84.9557	870.117	83.6444	870.117	84.2751	870.117	83.2098	870.117	83.2727	870.117	82.622	870.117	81.8861	870.117	81.7664	870.117	80.1329	870.117	80.9432	870.117	78.3386	870.117	80.5494	870.117	77.1004	870.117	80.4307	870.117	76.1845	870.117	80.1578	870.117	74.9765	870.117	79.3933	870.117	75.2351	870.117	77.7332	870.117	77.4298	870.117	75.8945	870.117	79.0913	870.117	77.2568	870.117	79.7503	870.117	79.9072	870.117	79.3086	870.117	80.8874	870.117	78.7496	870.117	79.922
900.879	86.7649	900.879	86.6731	900.879	86.6521	900.879	86.3036	900.879	86.4192	900.879	85.6652	900.879	86.1045	900.879	84.8915	900.879	85.6778	900.879	84.1542	900.879	85.0684	900.879	83.4645	900.879	84.2376	900.879	82.694	900.879	83.2366	900.879	81.9073	900.879	82.1542	900.879	81.4286	900.879	80.9508	900.879	81.1653	900.879	79.4537	900.879	80.5124	900.879	77.8183	900.879	79.0765	900.879	76.998	900.879	76.4999	900.879	77.3346	900.879	71.6257	900.879	77.5035	900.879	68.7383	900.879	76.314	900.879	74.5917	900.879	73.1848	900.879	76.7074	900.879	71.8084	900.879	75.349
933.105	86.4846	933.105	86.4861	933.105	86.2987	933.105	86.2114	933.105	85.9865	933.105	85.6299	933.105	85.5247	933.105	84.8558	933.105	84.8448	933.105	84.1144	933.105	83.9219	933.105	83.4744	933.105	82.8137	933.105	82.7126	933.105	81.5949	933.105	81.7335	933.105	80.3092	933.105	80.9309	933.105	79.0595	933.105	80.5929	933.105	77.8666	933.105	80.1678	933.105	76.3758	933.105	79.128	933.105	75.2634	933.105	77.6851	933.105	75.9741	933.105	76.4058	933.105	76.8315	933.105	76.2172	933.105	77.3522	933.105	77.6675	933.105	77.2651	933.105	78.6053	933.105	76.6489	933.105	77.5945
965.332	85.6887	965.332	85.7476	965.332	85.4008	965.332	85.4751	965.332	85.0152	965.332	84.838	965.332	84.626	965.332	83.9134	965.332	84.2237	965.332	82.9186	965.332	83.6992	965.332	82.0765	965.332	82.9404	965.332	81.313	965.332	81.9555	965.332	80.3282	965.332	80.8955	965.332	79.08	965.332	79.8714	965.332	77.9653	965.332	78.6144	965.332	77.2833	965.332	76.6809	965.332	76.7798	965.332	74.9172	965.332	76.2074	965.332	75.0948	965.332	75.7008	965.332	75.7238	965.332	76.17	965.332	75.9722	965.332	78.1742	965.332	75.8415	965.332	79.4425	965.332	76.385	965.332	78.5193
1,000.49	84.9989	1,000.49	84.9279	1,000.49	84.8801	1,000.49	84.6358	1,000.49	84.6409	1,000.49	84.1077	1,000.49	84.3325	1,000.49	83.3383	1,000.49	83.9214	1,000.49	82.4364	1,000.49	83.3279	1,000.49	81.6328	1,000.49	82.5106	1,000.49	80.9416	1,000.49	81.4498	1,000.49	80.1058	1,000.49	80.063	1,000.49	79.2115	1,000.49	78.252	1,000.49	78.7584	1,000.49	76.0611	1,000.49	78.5214	1,000.49	73.8012	1,000.49	77.7694	1,000.49	73.3478	1,000.49	76.2296	1,000.49	75.6928	1,000.49	74.365	1,000.49	77.0163	1,000.49	74.29	1,000.49	76.4663	1,000.49	76.6964	1,000.49	76.3512	1,000.49	78.613	1,000.49	77.6364	1,000.49	78.734
1,035.64	84.9638	1,035.64	85.1237	1,035.64	84.6181	1,035.64	84.9941	1,035.64	84.223	1,035.64	84.5212	1,035.64	83.9012	1,035.64	83.7319	1,035.64	83.6699	1,035.64	82.7611	1,035.64	83.432	1,035.64	81.7696	1,035.64	83.0872	1,035.64	80.7881	1,035.64	82.5719	1,035.64	79.8782	1,035.64	81.8276	1,035.64	79.3515	1,035.64	80.8284	1,035.64	79.0863	1,035.64	79.4547	1,035.64	78.0493	1,035.64	77.2044	1,035.64	75.1628	1,035.64	74.3011	1,035.64	70.1764	1,035.64	74.3606	1,035.64	70.4732	1,035.64	75.5168	1,035.64	75.5348	1,035.64	74.3079	1,035.64	78.2085	1,035.64	71.6175	1,035.64	78.8721	1,035.64	72.9825	1,035.64	77.251
1,072.27	84.4558	1,072.27	84.2279	1,072.27	84.2426	1,072.27	83.6043	1,072.27	83.7079	1,072.27	82.822	1,072.27	83.0258	1,072.27	82.1302	1,072.27	82.3131	1,072.27	81.5209	1,072.27	81.5671	1,072.27	80.8042	1,072.27	80.6845	1,072.27	79.8711	1,072.27	79.5647	1,072.27	78.7693	1,072.27	78.2601	1,072.27	77.9247	1,072.27	76.9349	1,072.27	77.7842	1,072.27	75.5514	1,072.27	77.6805	1,072.27	74.0968	1,072.27	76.8519	1,072.27	73.4518	1,072.27	75.3767	1,072.27	74.2876	1,072.27	72.9777	1,072.27	75.7588	1,072.27	72.2505	1,072.27	76.1183	1,072.27	75.8064	1,072.27	73.791	1,072.27	77.2722	1,072.27	71.2483	1,072.27	75.6766
1,108.89	83.5778	1,108.89	83.495	1,108.89	83.5544	1,108.89	83.2896	1,108.89	83.3456	1,108.89	82.8199	1,108.89	82.9342	1,108.89	81.9618	1,108.89	82.4464	1,108.89	80.8651	1,108.89	81.971	1,108.89	79.9538	1,108.89	81.3583	1,108.89	79.2336	1,108.89	80.3841	1,108.89	78.0841	1,108.89	79.0806	1,108.89	76.4742	1,108.89	77.6861	1,108.89	76.1288	1,108.89	75.9548	1,108.89	76.647	1,108.89	72.9069	1,108.89	75.597	1,108.89	67.2239	1,108.89	71.5461	1,108.89	65.0839	1,108.89	65.5476	1,108.89	69.5334	1,108.89	71.4488	1,108.89	71.8354	1,108.89	75.8154	1,108.89	72.7709	1,108.89	77.5293	1,108.89	73.1859	1,108.89	76.0732
1,148.44	84.6445	1,148.44	84.3625	1,148.44	84.7063	1,148.44	83.8442	1,148.44	84.5699	1,148.44	83.1121	1,148.44	84.2281	1,148.44	82.243	1,148.44	83.6236	1,148.44	81.2904	1,148.44	82.7218	1,148.44	80.2631	1,148.44	81.6302	1,148.44	79.2878	1,148.44	80.5527	1,148.44	78.4666	1,148.44	79.5372	1,148.44	77.5558	1,148.44	78.315	1,148.44	76.7546	1,148.44	76.4848	1,148.44	76.7541	1,148.44	73.8614	1,148.44	76.4308	1,148.44	70.335	1,148.44	74.715	1,148.44	67.5875	1,148.44	72.0282	1,148.44	69.8036	1,148.44	72.557	1,148.44	71.9602	1,148.44	76.7098	1,148.44	70.4722	1,148.44	77.8682	1,148.44	70.7142	1,148.44	76.1309
1,189.45	85.3456	1,189.45	85.0829	1,189.45	85.4418	1,189.45	84.6449	1,189.45	85.2324	1,189.45	83.9053	1,189.45	84.6588	1,189.45	82.952	1,189.45	83.8346	1,189.45	82.1981	1,189.45	82.9581	1,189.45	81.8498	1,189.45	82.2011	1,189.45	81.5094	1,189.45	81.472	1,189.45	80.7548	1,189.45	80.4562	1,189.45	79.7393	1,189.45	79.3157	1,189.45	78.8838	1,189.45	78.5591	1,189.45	78.4127	1,189.45	77.554	1,189.45	78.4311	1,189.45	75.5433	1,189.45	77.385	1,189.45	73.1372	1,189.45	73.0935	1,189.45	70.7889	1,189.45	62.3107	1,189.45	71.041	1,189.45	70.3798	1,189.45	71.0938	1,189.45	72.7503	1,189.45	69.655	1,189.45	71.248
1,230.47	86.013	1,230.47	85.594	1,230.47	86.1259	1,230.47	84.9339	1,230.47	85.9191	1,230.47	84.1818	1,230.47	85.3162	1,230.47	83.4149	1,230.47	84.2104	1,230.47	82.5874	1,230.47	82.6189	1,230.47	81.7511	1,230.47	80.7806	1,230.47	81.1147	1,230.47	79.0152	1,230.47	80.4361	1,230.47	77.624	1,230.47	78.8796	1,230.47	77.091	1,230.47	76.5332	1,230.47	77.3466	1,230.47	74.9487	1,230.47	77.3786	1,230.47	73.3173	1,230.47	75.3469	1,230.47	69.6111	1,230.47	71.1835	1,230.47	66.7115	1,230.47	72.6447	1,230.47	72.7725	1,230.47	72.4107	1,230.47	75.6677	1,230.47	70.7572	1,230.47	76.1634	1,230.47	70.8336	1,230.47	73.9095
1,274.41	86.6857	1,274.41	86.4985	1,274.41	86.5945	1,274.41	86.1466	1,274.41	86.159	1,274.41	85.6279	1,274.41	85.4052	1,274.41	84.868	1,274.41	84.3842	1,274.41	83.9881	1,274.41	83.1594	1,274.41	83.3187	1,274.41	81.775	1,274.41	82.9559	1,274.41	80.3008	1,274.41	82.4705	1,274.41	79.1433	1,274.41	81.3703	1,274.41	78.9263	1,274.41	79.9441	1,274.41	79.4897	1,274.41	79.2054	1,274.41	79.794	1,274.41	78.4284	1,274.41	79.1509	1,274.41	76.4777	1,274.41	78.032	1,274.41	72.7413	1,274.41	78.0019	1,274.41	63.2751	1,274.41	77.3468	1,274.41	69.9415	1,274.41	72.8314	1,274.41	72.4727	1,274.41	59.938	1,274.41	70.3322
1,319.82	86.0036	1,319.82	85.9719	1,319.82	85.7661	1,319.82	85.4814	1,319.82	85.3834	1,319.82	84.4863	1,319.82	84.8432	1,319.82	83.3571	1,319.82	84.0726	1,319.82	82.6531	1,319.82	83.0476	1,319.82	82.2608	1,319.82	81.8853	1,319.82	81.8108	1,319.82	80.6784	1,319.82	81.4152	1,319.82	79.0579	1,319.82	81.0157	1,319.82	77.4176	1,319.82	80.0812	1,319.82	77.5855	1,319.82	78.8354	1,319.82	78.0761	1,319.82	78.2624	1,319.82	77.8327	1,319.82	76.8324	1,319.82	76.5306	1,319.82	73.6857	1,319.82	75.5307	1,319.82	62.0329	1,319.82	76.6468	1,319.82	70.0143	1,319.82	74.9458	1,319.82	72.218	1,319.82	63.1227	1,319.82	69.2274
1,366.7	85.7936	1,366.7	85.7977	1,366.7	85.7249	1,366.7	85.433	1,366.7	85.5107	1,366.7	84.4182	1,366.7	84.9611	1,366.7	83.0755	1,366.7	84.0344	1,366.7	82.1073	1,366.7	82.7422	1,366.7	81.4765	1,366.7	81.1585	1,366.7	80.8142	1,366.7	79.4979	1,366.7	80.4842	1,366.7	77.654	1,366.7	80.4895	1,366.7	75.4332	1,366.7	79.8454	1,366.7	75.0378	1,366.7	77.7167	1,366.7	75.9507	1,366.7	76.5886	1,366.7	76.4564	1,366.7	76.8537	1,366.7	77.3077	1,366.7	72.9048	1,366.7	78.2923	1,366.7	65.516	1,366.7	79.1821	1,366.7	71.4931	1,366.7	77.4055	1,366.7	73.721	1,366.7	72.8093	1,366.7	63.5603
1,413.57	85.6758	1,413.57	85.5848	1,413.57	85.6457	1,413.57	85.3793	1,413.57	85.3219	1,413.57	84.7278	1,413.57	84.7436	1,413.57	83.4913	1,413.57	84.0604	1,413.57	82.1563	1,413.57	83.2374	1,413.57	81.5049	1,413.57	82.0502	1,413.57	81.3802	1,413.57	80.5963	1,413.57	81.0124	1,413.57	79.2491	1,413.57	80.3036	1,413.57	77.2292	1,413.57	79.7763	1,413.57	74.4377	1,413.57	78.929	1,413.57	74.1666	1,413.57	77.7443	1,413.57	72.3201	1,413.57	78.1286	1,413.57	72.2413	1,413.57	76.1869	1,413.57	78.2031	1,413.57	67.8964	1,413.57	80.4971	1,413.57	65.7753	1,413.57	79.3591	1,413.57	68.2817	1,413.57	75.0291	1,413.57	67.1967
1,463.38	86.8071	1,463.38	86.7574	1,463.38	86.6833	1,463.38	86.4495	1,463.38	86.3379	1,463.38	85.7734	1,463.38	85.6875	1,463.38	84.6737	1,463.38	84.8016	1,463.38	83.1782	1,463.38	83.7459	1,463.38	81.6112	1,463.38	82.4505	1,463.38	80.6585	1,463.38	81.0636	1,463.38	80.1119	1,463.38	79.8731	1,463.38	79.09	1,463.38	77.8113	1,463.38	78.4736	1,463.38	73.6335	1,463.38	78.7906	1,463.38	72.7818	1,463.38	78.2934	1,463.38	72.3085	1,463.38	77.8824	1,463.38	68.3239	1,463.38	76.3585	1,463.38	73.2507	1,463.38	68.6704	1,463.38	77.6985	1,463.38	63.0104	1,463.38	78.301	1,463.38	69.3822	1,463.38	76.9372	1,463.38	73.3857
1,516.11	86.9409	1,516.11	87.0075	1,516.11	86.7095	1,516.11	86.7902	1,516.11	86.1872	1,516.11	86.1099	1,516.11	85.3223	1,516.11	84.8823	1,516.11	84.4678	1,516.11	83.1341	1,516.11	83.743	1,516.11	81.1528	1,516.11	82.5767	1,516.11	79.584	1,516.11	80.8917	1,516.11	78.9938	1,516.11	79.5931	1,516.11	78.3888	1,516.11	78.298	1,516.11	77.0318	1,516.11	75.4962	1,516.11	76.4583	1,516.11	71.5177	1,516.11	76.1315	1,516.11	70.8031	1,516.11	77.4842	1,516.11	69.4578	1,516.11	77.1876	1,516.11	68.336	1,516.11	73.5016	1,516.11	77.2894	1,516.11	71.7723	1,516.11	78.2671	1,516.11	74.4435	1,516.11	77.103	1,516.11	74.8787
1,568.85	86.5478	1,568.85	86.4941	1,568.85	86.1712	1,568.85	86.2209	1,568.85	85.4305	1,568.85	85.7442	1,568.85	84.4264	1,568.85	84.55	1,568.85	83.3538	1,568.85	82.5377	1,568.85	82.4564	1,568.85	80.5838	1,568.85	81.4426	1,568.85	79.0028	1,568.85	79.6641	1,568.85	77.5209	1,568.85	77.4934	1,568.85	76.6963	1,568.85	76.5627	1,568.85	75.1572	1,568.85	75.918	1,568.85	72.2147	1,568.85	73.6777	1,568.85	75.3382	1,568.85	71.4053	1,568.85	77.6556	1,568.85	71.0653	1,568.85	76.65	1,568.85	59.2136	1,568.85	73.0109	1,568.85	72.3573	1,568.85	74.1151	1,568.85	74.2595	1,568.85	76.266	1,568.85	75.2924	1,568.85	74.2498
1,624.51	85.5126	1,624.51	84.9509	1,624.51	85.3863	1,624.51	84.2829	1,624.51	84.4306	1,624.51	83.7567	1,624.51	82.9967	1,624.51	82.6473	1,624.51	81.8001	1,624.51	80.729	1,624.51	81.0195	1,624.51	79.2513	1,624.51	80.103	1,624.51	78.3892	1,624.51	78.814	1,624.51	76.9308	1,624.51	77.4636	1,624.51	76.1567	1,624.51	76.2981	1,624.51	75.5759	1,624.51	74.3574	1,624.51	71.9962	1,624.51	71.5028	1,624.51	72.6548	1,624.51	70.3655	1,624.51	76.019	1,624.51	72.6485	1,624.51	74.3114	1,624.51	68.8291	1,624.51	74.1198	1,624.51	70.9573	1,624.51	75.5245	1,624.51	72.6458	1,624.51	75.5904	1,624.51	73.5345	1,624.51	73.9277
1,681.64	84.368	1,681.64	83.8031	1,681.64	84.5305	1,681.64	82.8884	1,681.64	84.2865	1,681.64	82.1742	1,681.64	83.5745	1,681.64	81.6947	1,681.64	82.4742	1,681.64	80.5432	1,681.64	81.3745	1,681.64	78.961	1,681.64	80.2841	1,681.64	77.8965	1,681.64	79.4737	1,681.64	76.948	1,681.64	78.6232	1,681.64	76.1768	1,681.64	77.0893	1,681.64	75.9281	1,681.64	76.2721	1,681.64	73.535	1,681.64	75.3816	1,681.64	66.7907	1,681.64	73.382	1,681.64	69.2104	1,681.64	70.3345	1,681.64	69.4682	1,681.64	67.5561	1,681.64	67.479	1,681.64	64.0722	1,681.64	74.9189	1,681.64	70.5166	1,681.64	74.3667	1,681.64	70.2625	1,681.64	71.4574
1,741.7	84.9904	1,741.7	84.5142	1,741.7	84.9582	1,741.7	83.6556	1,741.7	84.7541	1,741.7	82.909	1,741.7	84.4811	1,741.7	82.2902	1,741.7	83.7849	1,741.7	81.1559	1,741.7	82.7971	1,741.7	79.6708	1,741.7	81.7413	1,741.7	78.6396	1,741.7	80.0495	1,741.7	78.1559	1,741.7	79.1389	1,741.7	77.8682	1,741.7	79.1038	1,741.7	77.7251	1,741.7	77.7735	1,741.7	76.5091	1,741.7	76.7517	1,741.7	68.632	1,741.7	76.2956	1,741.7	70.3431	1,741.7	75.4242	1,741.7	68.5923	1,741.7	73.8887	1,741.7	60.0861	1,741.7	70.2651	1,741.7	69.1364	1,741.7	72.8422	1,741.7	72.2086	1,741.7	70.1448	1,741.7	70.8464
1,803.22	85.6792	1,803.22	85.4462	1,803.22	85.7498	1,803.22	84.8254	1,803.22	85.6	1,803.22	83.9533	1,803.22	85.0861	1,803.22	83.2171	1,803.22	84.4078	1,803.22	82.5872	1,803.22	83.5177	1,803.22	81.822	1,803.22	82.3525	1,803.22	80.3866	1,803.22	80.7449	1,803.22	78.326	1,803.22	79.2457	1,803.22	77.1883	1,803.22	79.1377	1,803.22	77.2112	1,803.22	77.7551	1,803.22	76.8607	1,803.22	76.1627	1,803.22	71.0658	1,803.22	76.1052	1,803.22	70.4091	1,803.22	73.4253	1,803.22	71.8593	1,803.22	72.3117	1,803.22	66.0159	1,803.22	71.9266	1,803.22	71.1787	1,803.22	73.066	1,803.22	73.4949	1,803.22	71.0995	1,803.22	71.6229
1,866.21	85.9669	1,866.21	85.2985	1,866.21	86.3261	1,866.21	84.4861	1,866.21	86.2717	1,866.21	83.8319	1,866.21	85.4824	1,866.21	83.3165	1,866.21	84.6098	1,866.21	82.7505	1,866.21	83.9303	1,866.21	81.6085	1,866.21	82.8938	1,866.21	80.0957	1,866.21	81.8287	1,866.21	78.5742	1,866.21	80.5085	1,866.21	76.3734	1,866.21	79.2651	1,866.21	74.8793	1,866.21	77.6569	1,866.21	73.7858	1,866.21	74.6806	1,866.21	69.6061	1,866.21	72.7922	1,866.21	72.0164	1,866.21	70.6425	1,866.21	72.7909	1,866.21	70.1335	1,866.21	69.401	1,866.21	71.2717	1,866.21	74.6311	1,866.21	75.4009	1,866.21	76.6567	1,866.21	74.1525	1,866.21	73.7488
1,932.13	84.6235	1,932.13	84.2167	1,932.13	84.9813	1,932.13	83.5597	1,932.13	85.3061	1,932.13	82.4284	1,932.13	85.3742	1,932.13	80.9866	1,932.13	85.0657	1,932.13	80.0394	1,932.13	84.3551	1,932.13	78.7329	1,932.13	83.0054	1,932.13	75.3024	1,932.13	81.5478	1,932.13	73.426	1,932.13	80.1973	1,932.13	73.1288	1,932.13	77.993	1,932.13	73.8158	1,932.13	75.9891	1,932.13	73.0844	1,932.13	73.5746	1,932.13	65.3673	1,932.13	70.0057	1,932.13	62.9474	1,932.13	66.5378	1,932.13	67.8924	1,932.13	66.2316	1,932.13	59.017	1,932.13	66.1377	1,932.13	72.7269	1,932.13	70.9386	1,932.13	73.0898	1,932.13	73.1538	1,932.13	74.6569
1,999.51	84.8231	1,999.51	84.1173	1,999.51	85.3009	1,999.51	83.354	1,999.51	85.5688	1,999.51	82.5717	1,999.51	85.5473	1,999.51	81.5945	1,999.51	85.2064	1,999.51	80.3057	1,999.51	84.4534	1,999.51	78.6917	1,999.51	83.3028	1,999.51	76.6221	1,999.51	81.9019	1,999.51	73.9781	1,999.51	80.3553	1,999.51	71.9592	1,999.51	79.0117	1,999.51	71.5353	1,999.51	77.4489	1,999.51	71.427	1,999.51	75.1754	1,999.51	69.3356	1,999.51	70.923	1,999.51	62.3533	1,999.51	69.76	1,999.51	64.3757	1,999.51	71.0886	1,999.51	62.1909	1,999.51	70.7288	1,999.51	67.5472	1,999.51	70.7865	1,999.51	74.8161	1,999.51	73.03	1,999.51	74.7934
2,069.82	85.2047	2,069.82	84.9042	2,069.82	85.3426	2,069.82	84.2773	2,069.82	85.4471	2,069.82	83.7492	2,069.82	85.1835	2,069.82	83.0368	2,069.82	84.6444	2,069.82	81.952	2,069.82	83.8155	2,069.82	80.3328	2,069.82	82.4927	2,069.82	77.8434	2,069.82	80.8289	2,069.82	75.0015	2,069.82	79.0794	2,069.82	72.3465	2,069.82	77.7813	2,069.82	71.6146	2,069.82	76.4587	2,069.82	72.5564	2,069.82	74.5051	2,069.82	71.8584	2,069.82	69.8267	2,069.82	67.0645	2,069.82	66.1223	2,069.82	62.6663	2,069.82	69.6384	2,069.82	61.9546	2,069.82	70.328	2,069.82	64.7821	2,069.82	68.2635	2,069.82	73.1728	2,069.82	70.3463	2,069.82	73.6285
2,143.07	84.5632	2,143.07	84.2735	2,143.07	84.6151	2,143.07	83.8764	2,143.07	84.5314	2,143.07	83.399	2,143.07	84.3351	2,143.07	82.8771	2,143.07	83.7174	2,143.07	82.1228	2,143.07	82.5831	2,143.07	80.5057	2,143.07	81.0764	2,143.07	78.18	2,143.07	79.3786	2,143.07	75.1228	2,143.07	76.9902	2,143.07	71.7393	2,143.07	75.0664	2,143.07	69.9502	2,143.07	74.6338	2,143.07	71.1203	2,143.07	74.1022	2,143.07	70.715	2,143.07	71.9426	2,143.07	67.1146	2,143.07	61.0548	2,143.07	65.2278	2,143.07	66.284	2,143.07	64.4253	2,143.07	70.5712	2,143.07	61.3396	2,143.07	67.6633	2,143.07	72.041	2,143.07	59.2946	2,143.07	70.9222
2,219.24	84.3541	2,219.24	83.9558	2,219.24	84.5261	2,219.24	83.3134	2,219.24	84.5179	2,219.24	82.4109	2,219.24	84.3161	2,219.24	81.4848	2,219.24	83.6943	2,219.24	80.4518	2,219.24	82.606	2,219.24	79.0565	2,219.24	80.9705	2,219.24	77.043	2,219.24	78.9732	2,219.24	73.776	2,219.24	76.5157	2,219.24	68.9989	2,219.24	73.4737	2,219.24	65.7559	2,219.24	71.8045	2,219.24	67.3386	2,219.24	71.1313	2,219.24	67.1662	2,219.24	71.3237	2,219.24	65.4261	2,219.24	66.9761	2,219.24	65.0191	2,219.24	56.9687	2,219.24	64.7713	2,219.24	67.9589	2,219.24	57.0551	2,219.24	70.0005	2,219.24	67.7779	2,219.24	63.6953	2,219.24	64.5903
2,296.88	85.6173	2,296.88	85.2603	2,296.88	85.7817	2,296.88	84.4271	2,296.88	85.6303	2,296.88	82.9014	2,296.88	85.1101	2,296.88	81.1581	2,296.88	84.247	2,296.88	79.4457	2,296.88	82.7929	2,296.88	77.8537	2,296.88	80.7405	2,296.88	75.4467	2,296.88	78.2086	2,296.88	72.0156	2,296.88	75.212	2,296.88	67.5309	2,296.88	71.5939	2,296.88	60.8168	2,296.88	68.2526	2,296.88	60.2504	2,296.88	66.5117	2,296.88	63.0793	2,296.88	67.8993	2,296.88	60.3935	2,296.88	64.9796	2,296.88	60.2777	2,296.88	57.284	2,296.88	60.1337	2,296.88	63.2633	2,296.88	47.0756	2,296.88	68.9697	2,296.88	63.3826	2,296.88	65.582	2,296.88	64.5847
2,378.91	85.6799	2,378.91	85.2047	2,378.91	85.634	2,378.91	84.2681	2,378.91	85.0932	2,378.91	82.6535	2,378.91	84.0806	2,378.91	80.638	2,378.91	82.5499	2,378.91	78.3394	2,378.91	80.4335	2,378.91	75.5112	2,378.91	77.9512	2,378.91	72.2626	2,378.91	74.7478	2,378.91	68.3659	2,378.91	70.8072	2,378.91	63.7997	2,378.91	66.1059	2,378.91	53.5069	2,378.91	60.5604	2,378.91	55.7733	2,378.91	57.7711	2,378.91	54.8964	2,378.91	59.3902	2,378.91	54.81	2,378.91	58.1615	2,378.91	57.3077	2,378.91	56.1119	2,378.91	55.7265	2,378.91	58.0434	2,378.91	50.6167	2,378.91	64.0485	2,378.91	64.1402	2,378.91	62.5657	2,378.91	67.5025
2,462.4	83.01	2,462.4	82.4422	2,462.4	83.0452	2,462.4	81.3035	2,462.4	82.5799	2,462.4	79.5417	2,462.4	81.5918	2,462.4	77.0812	2,462.4	80.029	2,462.4	74.2818	2,462.4	77.7904	2,462.4	69.9482	2,462.4	75.2467	2,462.4	63.2978	2,462.4	72.7645	2,462.4	54.4262	2,462.4	69.2468	2,462.4	52.6097	2,462.4	64.2968	2,462.4	58.3549	2,462.4	59.9325	2,462.4	56.5301	2,462.4	59.4039	2,462.4	56.7298	2,462.4	60.0687	2,462.4	58.9951	2,462.4	61.6301	2,462.4	55.6538	2,462.4	51.2996	2,462.4	45.8853	2,462.4	57.6931	2,462.4	51.7695	2,462.4	65.4853	2,462.4	66.3018	2,462.4	59.6416	2,462.4	68.0882
2,548.83	82.5908	2,548.83	82.0064	2,548.83	82.7199	2,548.83	80.6514	2,548.83	82.1383	2,548.83	78.4964	2,548.83	81.0832	2,548.83	75.6636	2,548.83	79.6117	2,548.83	70.7967	2,548.83	77.8882	2,548.83	67.5596	2,548.83	75.6121	2,548.83	63.8639	2,548.83	73.1485	2,548.83	60.4973	2,548.83	71.1904	2,548.83	62.4335	2,548.83	70.6346	2,548.83	63.8561	2,548.83	65.6649	2,548.83	64.5644	2,548.83	60.5206	2,548.83	58.84	2,548.83	60.0333	2,548.83	60.3388	2,548.83	63.0736	2,548.83	50.5869	2,548.83	61.3488	2,548.83	55.971	2,548.83	52.9743	2,548.83	53.197	2,548.83	67.146	2,548.83	66.3703	2,548.83	57.2436	2,548.83	66.7073
2,639.65	82.1064	2,639.65	81.8419	2,639.65	82.0741	2,639.65	81.1119	2,639.65	81.661	2,639.65	79.4242	2,639.65	80.9759	2,639.65	76.4062	2,639.65	79.7915	2,639.65	72.4442	2,639.65	78.1456	2,639.65	66.603	2,639.65	76.0974	2,639.65	62.658	2,639.65	74.1194	2,639.65	64.1711	2,639.65	72.3206	2,639.65	65.2611	2,639.65	70.8335	2,639.65	68.3852	2,639.65	68.7329	2,639.65	69.2984	2,639.65	62.3432	2,639.65	62.7195	2,639.65	58.7308	2,639.65	59.1048	2,639.65	63.8466	2,639.65	61.7762	2,639.65	60.1931	2,639.65	54.1833	2,639.65	53.0039	2,639.65	49.6709	2,639.65	67.3646	2,639.65	65.4619	2,639.65	60.9754	2,639.65	66.4103
2,731.93	80.8282	2,731.93	80.5485	2,731.93	80.6132	2,731.93	79.8212	2,731.93	80.1959	2,731.93	78.3591	2,731.93	79.5098	2,731.93	75.6836	2,731.93	78.2634	2,731.93	71.4269	2,731.93	76.4097	2,731.93	66.89	2,731.93	74.3308	2,731.93	66.8466	2,731.93	72.1458	2,731.93	66.4864	2,731.93	69.193	2,731.93	65.947	2,731.93	67.9267	2,731.93	69.7453	2,731.93	66.4167	2,731.93	70.8031	2,731.93	59.2148	2,731.93	64.9755	2,731.93	60.4357	2,731.93	58.9372	2,731.93	59.4295	2,731.93	58.5544	2,731.93	58.9622	2,731.93	58.4042	2,731.93	44.8622	2,731.93	52.502	2,731.93	66.7298	2,731.93	63.8762	2,731.93	54.8381	2,731.93	61.105
2,828.61	80.4369	2,828.61	80.4645	2,828.61	80.5133	2,828.61	80.211	2,828.61	80.3008	2,828.61	78.8332	2,828.61	79.5554	2,828.61	76.3174	2,828.61	78.5849	2,828.61	73.4588	2,828.61	76.6624	2,828.61	72.8692	2,828.61	74.169	2,828.61	71.7974	2,828.61	70.2534	2,828.61	70.1865	2,828.61	66.136	2,828.61	70.4578	2,828.61	64.287	2,828.61	70.7102	2,828.61	62.9516	2,828.61	71.619	2,828.61	62.1741	2,828.61	66.0831	2,828.61	57.6669	2,828.61	58.7094	2,828.61	61.7042	2,828.61	64.6093	2,828.61	55.771	2,828.61	50.1915	2,828.61	56.1913	2,828.61	62.1722	2,828.61	61.0331	2,828.61	69.3157	2,828.61	60.4879	2,828.61	60.4778
2,928.22	82.8058	2,928.22	82.7043	2,928.22	82.6916	2,928.22	82.3032	2,928.22	82.4096	2,928.22	81.4068	2,928.22	81.6273	2,928.22	80.0079	2,928.22	80.3776	2,928.22	77.5849	2,928.22	78.5339	2,928.22	75.2001	2,928.22	76.1073	2,928.22	74.4176	2,928.22	72.927	2,928.22	72.5734	2,928.22	69.8165	2,928.22	71.1164	2,928.22	66.9407	2,928.22	70.3864	2,928.22	65.227	2,928.22	72.3419	2,928.22	66.1087	2,928.22	70.0476	2,928.22	61.9225	2,928.22	62.9568	2,928.22	52.5132	2,928.22	60.7904	2,928.22	55.1217	2,928.22	60.3808	2,928.22	62.7684	2,928.22	58.7101	2,928.22	61.6546	2,928.22	65.8118	2,928.22	63.9742	2,928.22	61.293
3,030.76	84.0314	3,030.76	84.109	3,030.76	84.0676	3,030.76	84.094	3,030.76	83.9944	3,030.76	83.1942	3,030.76	83.7905	3,030.76	81.4332	3,030.76	82.693	3,030.76	79.2895	3,030.76	80.9525	3,030.76	77.8945	3,030.76	78.7523	3,030.76	76.2223	3,030.76	76.3819	3,030.76	74.7973	3,030.76	74.2356	3,030.76	72.3826	3,030.76	71.6206	3,030.76	70.8132	3,030.76	70.7447	3,030.76	72.7496	3,030.76	69.4373	3,030.76	71.9072	3,030.76	66.5989	3,030.76	67.3062	3,030.76	62.9924	3,030.76	62.4217	3,030.76	54.4332	3,030.76	60.6245	3,030.76	63.6931	3,030.76	60.3906	3,030.76	62.7875	3,030.76	71.3939	3,030.76	67.6461	3,030.76	68.4047
3,137.7	83.321	3,137.7	83.255	3,137.7	83.1155	3,137.7	83.308	3,137.7	83.0155	3,137.7	82.6232	3,137.7	82.9258	3,137.7	81.2626	3,137.7	82.2938	3,137.7	79.1991	3,137.7	80.6226	3,137.7	77.4314	3,137.7	78.4276	3,137.7	76.6627	3,137.7	76.1678	3,137.7	75.4715	3,137.7	75.0359	3,137.7	73.9195	3,137.7	73.0209	3,137.7	71.3255	3,137.7	71.7147	3,137.7	73.2893	3,137.7	69.6548	3,137.7	71.483	3,137.7	67.2644	3,137.7	68.7603	3,137.7	57.086	3,137.7	63.8959	3,137.7	58.3594	3,137.7	62.0112	3,137.7	66.3102	3,137.7	56.1586	3,137.7	66.3886	3,137.7	69.5411	3,137.7	70.2985	3,137.7	66.5432
3,249.02	82.4328	3,249.02	82.8887	3,249.02	82.0756	3,249.02	82.8715	3,249.02	82.355	3,249.02	82.6104	3,249.02	82.4301	3,249.02	81.0225	3,249.02	81.6755	3,249.02	79.1116	3,249.02	80.3718	3,249.02	77.5822	3,249.02	78.2961	3,249.02	76.8331	3,249.02	76.1295	3,249.02	74.9679	3,249.02	74.6392	3,249.02	72.4836	3,249.02	73.1817	3,249.02	72.6185	3,249.02	71.6522	3,249.02	72.7788	3,249.02	69.8945	3,249.02	71.6185	3,249.02	67.6194	3,249.02	68.8316	3,249.02	63.5259	3,249.02	67.0441	3,249.02	61.5158	3,249.02	63.9739	3,249.02	61.0705	3,249.02	60.3774	3,249.02	61.6783	3,249.02	70.2984	3,249.02	70.7218	3,249.02	65.3527
3,363.28	81.9257	3,363.28	82.1903	3,363.28	81.5592	3,363.28	82.1188	3,363.28	81.4652	3,363.28	81.7553	3,363.28	81.3833	3,363.28	80.8976	3,363.28	80.4677	3,363.28	80.0007	3,363.28	78.951	3,363.28	78.3964	3,363.28	77.7875	3,363.28	77.5922	3,363.28	76.3484	3,363.28	76.737	3,363.28	74.6286	3,363.28	74.5594	3,363.28	72.2932	3,363.28	72.4158	3,363.28	69.7137	3,363.28	72.6812	3,363.28	68.9923	3,363.28	72.1824	3,363.28	67.5827	3,363.28	68.3539	3,363.28	65.5858	3,363.28	67.2003	3,363.28	63.2514	3,363.28	58.0759	3,363.28	59.1916	3,363.28	62.6255	3,363.28	61.0789	3,363.28	66.7806	3,363.28	70.8248	3,363.28	65.7828
3,481.93	82.3638	3,481.93	82.467	3,481.93	81.8173	3,481.93	82.4393	3,481.93	81.4151	3,481.93	81.8569	3,481.93	80.7718	3,481.93	80.9597	3,481.93	79.5745	3,481.93	80.7302	3,481.93	78.0069	3,481.93	79.0005	3,481.93	77.6932	3,481.93	77.8433	3,481.93	76.7642	3,481.93	77.1801	3,481.93	75.5734	3,481.93	75.9289	3,481.93	74.4369	3,481.93	72.9423	3,481.93	71.7987	3,481.93	71.8982	3,481.93	69.8188	3,481.93	72.4335	3,481.93	68.2856	3,481.93	66.2911	3,481.93	66.9165	3,481.93	66.1583	3,481.93	65.0899	3,481.93	54.9571	3,481.93	60.5996	3,481.93	64.9943	3,481.93	59.2231	3,481.93	65.9278	3,481.93	69.9904	3,481.93	68.2906
3,604.98	82.1836	3,604.98	82.4819	3,604.98	81.7015	3,604.98	82.5944	3,604.98	81.1203	3,604.98	81.3631	3,604.98	80.6072	3,604.98	80.7356	3,604.98	79.0586	3,604.98	80.4146	3,604.98	79.1588	3,604.98	79.9633	3,604.98	78.6393	3,604.98	78.8139	3,604.98	78.6922	3,604.98	77.8355	3,604.98	77.3487	3,604.98	75.3334	3,604.98	75.0985	3,604.98	73.5067	3,604.98	72.2812	3,604.98	72.3212	3,604.98	70.6625	3,604.98	72.7852	3,604.98	66.8653	3,604.98	69.2497	3,604.98	67.0611	3,604.98	66.0003	3,604.98	65.3824	3,604.98	57.6143	3,604.98	53.0651	3,604.98	65.9331	3,604.98	61.6767	3,604.98	66.0488	3,604.98	70.1498	3,604.98	69.0179
3,732.42	83.6987	3,732.42	83.7867	3,732.42	83.2597	3,732.42	83.4492	3,732.42	83.017	3,732.42	82.9007	3,732.42	82.0642	3,732.42	81.5869	3,732.42	81.3923	3,732.42	81.1803	3,732.42	81.1147	3,732.42	80.7222	3,732.42	81.2337	3,732.42	79.7892	3,732.42	80.694	3,732.42	77.791	3,732.42	79.1879	3,732.42	74.9764	3,732.42	77.4051	3,732.42	74.476	3,732.42	74.8177	3,732.42	73.28	3,732.42	73.4485	3,732.42	72.4387	3,732.42	69.8597	3,732.42	70.1743	3,732.42	69.292	3,732.42	67.9272	3,732.42	64.7023	3,732.42	55.994	3,732.42	62.0967	3,732.42	67.167	3,732.42	64.8605	3,732.42	68.4043	3,732.42	69.7299	3,732.42	70.2827
3,864.26	85.4869	3,864.26	84.8324	3,864.26	85.1253	3,864.26	83.9601	3,864.26	84.1401	3,864.26	83.0534	3,864.26	82.7125	3,864.26	81.5783	3,864.26	82.0748	3,864.26	81.6089	3,864.26	81.8999	3,864.26	80.9074	3,864.26	81.348	3,864.26	79.2947	3,864.26	79.8887	3,864.26	77.8275	3,864.26	78.6802	3,864.26	76.9556	3,864.26	76.413	3,864.26	74.6238	3,864.26	74.671	3,864.26	74.6069	3,864.26	72.116	3,864.26	72.224	3,864.26	70.409	3,864.26	70.2436	3,864.26	67.5749	3,864.26	66.24	3,864.26	63.456	3,864.26	58.1343	3,864.26	63.9188	3,864.26	68.8954	3,864.26	64.0787	3,864.26	69.3317	3,864.26	69.1754	3,864.26	69.3948
4,000.49	88.037	4,000.49	87.3516	4,000.49	87.9896	4,000.49	86.1753	4,000.49	86.6915	4,000.49	84.0431	4,000.49	85.6095	4,000.49	83.5486	4,000.49	84.1	4,000.49	83.3029	4,000.49	83.556	4,000.49	82.5431	4,000.49	82.4816	4,000.49	80.0346	4,000.49	81.6909	4,000.49	79.5853	4,000.49	79.7007	4,000.49	77.0177	4,000.49	77.8246	4,000.49	73.3294	4,000.49	75.6498	4,000.49	72.2561	4,000.49	72.7995	4,000.49	72.1855	4,000.49	70.6135	4,000.49	70.5606	4,000.49	68.5684	4,000.49	66.7615	4,000.49	65.4923	4,000.49	51.6171	4,000.49	64.0136	4,000.49	66.2999	4,000.49	66.3783	4,000.49	70.2891	4,000.49	70.0285	4,000.49	68.9513
4,141.11	89.3533	4,141.11	88.612	4,141.11	88.5675	4,141.11	86.6329	4,141.11	87.6748	4,141.11	85.7319	4,141.11	85.8132	4,141.11	84.7602	4,141.11	84.7812	4,141.11	83.4135	4,141.11	83.8733	4,141.11	81.7481	4,141.11	83.5432	4,141.11	81.3967	4,141.11	81.7672	4,141.11	78.6101	4,141.11	79.2072	4,141.11	76.9807	4,141.11	77.3766	4,141.11	74.6414	4,141.11	74.6362	4,141.11	73.3021	4,141.11	72.5162	4,141.11	73.2443	4,141.11	71.3582	4,141.11	71.4513	4,141.11	68.4617	4,141.11	66.3883	4,141.11	66.771	4,141.11	52.5269	4,141.11	64.8593	4,141.11	65.3542	4,141.11	68.4939	4,141.11	70.7611	4,141.11	69.3064	4,141.11	64.2026
4,287.6	90.4262	4,287.6	89.199	4,287.6	90.3307	4,287.6	87.7963	4,287.6	88.5779	4,287.6	86.3889	4,287.6	87.0421	4,287.6	85.3179	4,287.6	85.7702	4,287.6	83.9996	4,287.6	85.1208	4,287.6	82.8335	4,287.6	83.3472	4,287.6	79.7207	4,287.6	81.2875	4,287.6	77.969	4,287.6	80.0933	4,287.6	76.5933	4,287.6	78.1437	4,287.6	74.2086	4,287.6	75.9377	4,287.6	73.5646	4,287.6	73.4659	4,287.6	69.8917	4,287.6	70.2495	4,287.6	70.4993	4,287.6	66.2106	4,287.6	62.826	4,287.6	66.9684	4,287.6	53.0006	4,287.6	64.7215	4,287.6	66.8242	4,287.6	70.7905	4,287.6	69.9404	4,287.6	68.6928	4,287.6	63.3096
4,438.48	90.9423	4,438.48	90.2496	4,438.48	90.7336	4,438.48	88.2556	4,438.48	89.5266	4,438.48	86.2661	4,438.48	87.7304	4,438.48	85.2859	4,438.48	86.1076	4,438.48	84.093	4,438.48	84.6584	4,438.48	81.5472	4,438.48	83.0864	4,438.48	79.843	4,438.48	81.8624	4,438.48	78.2313	4,438.48	79.5306	4,438.48	76.2724	4,438.48	77.2787	4,438.48	74.9468	4,438.48	74.7548	4,438.48	71.8259	4,438.48	73.0981	4,438.48	73.0785	4,438.48	69.6696	4,438.48	70.7717	4,438.48	69.1476	4,438.48	64.1096	4,438.48	63.1257	4,438.48	57.6264	4,438.48	62.5854	4,438.48	65.8912	4,438.48	68.506	4,438.48	67.8337	4,438.48	64.4545	4,438.48	65.5591
4,595.21	91.5078	4,595.21	90.5117	4,595.21	91.156	4,595.21	88.7911	4,595.21	89.5885	4,595.21	87.2147	4,595.21	87.2152	4,595.21	85.3442	4,595.21	85.3825	4,595.21	82.8132	4,595.21	83.5962	4,595.21	81.0916	4,595.21	82.2618	4,595.21	79.2265	4,595.21	80.5891	4,595.21	77.6662	4,595.21	78.8852	4,595.21	75.8922	4,595.21	76.7671	4,595.21	73.3369	4,595.21	74.4462	4,595.21	71.0006	4,595.21	72.6984	4,595.21	70.9301	4,595.21	70.1752	4,595.21	70.6545	4,595.21	68.821	4,595.21	62.3049	4,595.21	64.0363	4,595.21	50.6081	4,595.21	61.7657	4,595.21	68.9003	4,595.21	64.3079	4,595.21	65.4722	4,595.21	62.6168	4,595.21	67.4454
4,756.35	91.7902	4,756.35	90.4347	4,756.35	91.6908	4,756.35	88.4957	4,756.35	89.5937	4,756.35	86.1121	4,756.35	87.524	4,756.35	84.1512	4,756.35	85.5473	4,756.35	82.4743	4,756.35	84.0393	4,756.35	80.9251	4,756.35	82.2022	4,756.35	78.7092	4,756.35	80.8608	4,756.35	76.2426	4,756.35	79.2743	4,756.35	74.0596	4,756.35	77.1035	4,756.35	73.9089	4,756.35	75.41	4,756.35	70.6466	4,756.35	72.3719	4,756.35	71.9896	4,756.35	71.1418	4,756.35	69.5725	4,756.35	70.0405	4,756.35	65.615	4,756.35	61.8704	4,756.35	59.8787	4,756.35	61.1919	4,756.35	66.3807	4,756.35	61.5312	4,756.35	62.9366	4,756.35	61.2688	4,756.35	68.195
4,924.8	91.1823	4,924.8	90.2335	4,924.8	90.4935	4,924.8	88.1255	4,924.8	88.9432	4,924.8	85.9562	4,924.8	86.3204	4,924.8	84.4614	4,924.8	84.3191	4,924.8	82.7752	4,924.8	82.7506	4,924.8	80.8255	4,924.8	81.9103	4,924.8	80.0604	4,924.8	81.3046	4,924.8	77.7343	4,924.8	79.4565	4,924.8	76.7434	4,924.8	75.919	4,924.8	73.2357	4,924.8	74.0847	4,924.8	71.4005	4,924.8	71.8139	4,924.8	70.5362	4,924.8	70.0589	4,924.8	68.6978	4,924.8	66.8771	4,924.8	67.5108	4,924.8	66.278	4,924.8	60.846	4,924.8	56.6846	4,924.8	65.7161	4,924.8	54.4064	4,924.8	57.3128	4,924.8	64.3719	4,924.8	67.8807
5,097.66	90.8755	5,097.66	89.3941	5,097.66	90.7705	5,097.66	87.4772	5,097.66	88.7525	5,097.66	85.3149	5,097.66	86.5308	5,097.66	83.3464	5,097.66	84.9735	5,097.66	81.1945	5,097.66	84.312	5,097.66	80.7622	5,097.66	83.0832	5,097.66	78.8304	5,097.66	81.2154	5,097.66	76.2813	5,097.66	78.9556	5,097.66	73.9505	5,097.66	76.7082	5,097.66	70.6928	5,097.66	74.6268	5,097.66	69.3115	5,097.66	71.4362	5,097.66	69.9661	5,097.66	69.0282	5,097.66	67.4487	5,097.66	69.2243	5,097.66	66.1771	5,097.66	62.8758	5,097.66	60.6436	5,097.66	58.551	5,097.66	65.1543	5,097.66	47.984	5,097.66	57.8708	5,097.66	64.2571	5,097.66	63.8926
5,277.83	90.1619	5,277.83	89.1833	5,277.83	89.7007	5,277.83	86.9324	5,277.83	88.4443	5,277.83	84.7165	5,277.83	86.3732	5,277.83	83.349	5,277.83	84.8439	5,277.83	82.7559	5,277.83	83.3522	5,277.83	80.7832	5,277.83	82.2884	5,277.83	78.9312	5,277.83	80.9613	5,277.83	76.0214	5,277.83	78.579	5,277.83	73.8938	5,277.83	75.3387	5,277.83	72.0785	5,277.83	72.7865	5,277.83	68.6602	5,277.83	69.894	5,277.83	70.0115	5,277.83	68.0773	5,277.83	67.339	5,277.83	66.518	5,277.83	67.2419	5,277.83	65.5466	5,277.83	63.1307	5,277.83	61.3999	5,277.83	62.7153	5,277.83	50.2441	5,277.83	57.6422	5,277.83	61.7431	5,277.83	63.1998
5,463.87	90.7373	5,463.87	89.7672	5,463.87	90.7525	5,463.87	88.2521	5,463.87	89.1732	5,463.87	86.2267	5,463.87	87.1052	5,463.87	84.2891	5,463.87	85.2202	5,463.87	82.5342	5,463.87	83.906	5,463.87	80.7375	5,463.87	82.8118	5,463.87	78.4103	5,463.87	80.4435	5,463.87	75.4577	5,463.87	77.1839	5,463.87	73.3342	5,463.87	74.3052	5,463.87	70.1334	5,463.87	71.9749	5,463.87	67.0917	5,463.87	70.1303	5,463.87	66.3045	5,463.87	66.5063	5,463.87	66.8297	5,463.87	63.6017	5,463.87	62.5155	5,463.87	63.6749	5,463.87	56.6626	5,463.87	60.7958	5,463.87	62.3059	5,463.87	41.5159	5,463.87	60.4906	5,463.87	58.4301	5,463.87	60.5708
5,657.23	90.6304	5,657.23	89.7236	5,657.23	90.4758	5,657.23	87.7918	5,657.23	89.2119	5,657.23	85.2919	5,657.23	87.2894	5,657.23	83.6886	5,657.23	85.5317	5,657.23	82.0484	5,657.23	84.1695	5,657.23	79.8161	5,657.23	82.3236	5,657.23	76.8216	5,657.23	80.0295	5,657.23	73.0761	5,657.23	76.5841	5,657.23	70.968	5,657.23	73.5253	5,657.23	68.5317	5,657.23	70.3411	5,657.23	66.762	5,657.23	69.2722	5,657.23	67.9606	5,657.23	66.0577	5,657.23	66.4092	5,657.23	63.5374	5,657.23	65.5373	5,657.23	62.1712	5,657.23	53.9963	5,657.23	59.0507	5,657.23	59.1891	5,657.23	49.4028	5,657.23	59.0713	5,657.23	59.8385	5,657.23	58.6645
5,856.45	90.4613	5,856.45	89.4709	5,856.45	90.4151	5,856.45	87.8997	5,856.45	89.0176	5,856.45	85.4578	5,856.45	87.0766	5,856.45	83.8702	5,856.45	85.0498	5,856.45	81.9294	5,856.45	83.5362	5,856.45	79.5624	5,856.45	81.796	5,856.45	76.4118	5,856.45	78.82	5,856.45	73.565	5,856.45	75.7949	5,856.45	71.5619	5,856.45	72.4524	5,856.45	68.7301	5,856.45	69.8374	5,856.45	66.3305	5,856.45	68.6016	5,856.45	66.0755	5,856.45	65.7059	5,856.45	66.8494	5,856.45	64.4134	5,856.45	61.9523	5,856.45	60.7204	5,856.45	55.4093	5,856.45	57.4908	5,856.45	52.2687	5,856.45	56.3368	5,856.45	52.3204	5,856.45	60.297	5,856.45	60.4995
6,062.99	90.3171	6,062.99	89.5088	6,062.99	90.0656	6,062.99	87.7684	6,062.99	88.8401	6,062.99	85.4372	6,062.99	86.5603	6,062.99	83.898	6,062.99	84.5722	6,062.99	82.1045	6,062.99	83.0546	6,062.99	79.3087	6,062.99	80.5768	6,062.99	76.5928	6,062.99	77.4231	6,062.99	73.5153	6,062.99	74.1656	6,062.99	70.5951	6,062.99	71.7573	6,062.99	69.8947	6,062.99	68.6916	6,062.99	66.1807	6,062.99	67.1237	6,062.99	66.1889	6,062.99	65.9327	6,062.99	66.464	6,062.99	63.5879	6,062.99	62.6542	6,062.99	62.5623	6,062.99	56.9085	6,062.99	59.7869	6,062.99	53.9564	6,062.99	57.9139	6,062.99	56.1354	6,062.99	59.521	6,062.99	62.0763
6,276.86	90.1951	6,276.86	89.4346	6,276.86	90.1366	6,276.86	87.9257	6,276.86	88.6859	6,276.86	85.486	6,276.86	86.5185	6,276.86	83.8135	6,276.86	84.6531	6,276.86	81.7582	6,276.86	83.0694	6,276.86	78.6515	6,276.86	80.6115	6,276.86	75.5603	6,276.86	77.0701	6,276.86	72.6781	6,276.86	74.7691	6,276.86	70.9416	6,276.86	72.2981	6,276.86	69.4417	6,276.86	69.6563	6,276.86	65.1475	6,276.86	67.6575	6,276.86	67.434	6,276.86	66.0351	6,276.86	66.3875	6,276.86	63.1908	6,276.86	61.7106	6,276.86	62.7177	6,276.86	50.4437	6,276.86	60.001	6,276.86	51.9287	6,276.86	57.2722	6,276.86	58.6681	6,276.86	58.5175	6,276.86	62.636
6,498.05	89.3685	6,498.05	88.59	6,498.05	89.3168	6,498.05	86.631	6,498.05	88.3055	6,498.05	84.2842	6,498.05	86.3131	6,498.05	82.6328	6,498.05	84.4175	6,498.05	80.0808	6,498.05	82.6171	6,498.05	77.0098	6,498.05	79.9606	6,498.05	73.9039	6,498.05	77.4679	6,498.05	72.0468	6,498.05	74.0861	6,498.05	69.8243	6,498.05	71.9149	6,498.05	67.2073	6,498.05	70.3065	6,498.05	60.8035	6,498.05	66.4548	6,498.05	64.9717	6,498.05	64.8684	6,498.05	64.4324	6,498.05	62.7367	6,498.05	61.2653	6,498.05	62.3781	6,498.05	48.904	6,498.05	59.4605	6,498.05	52.2889	6,498.05	53.6538	6,498.05	57.3227	6,498.05	60.2753	6,498.05	61.4219
6,726.56	89.2063	6,726.56	88.1882	6,726.56	89.2864	6,726.56	86.3058	6,726.56	88.226	6,726.56	84.028	6,726.56	86.3526	6,726.56	82.226	6,726.56	84.5845	6,726.56	79.2638	6,726.56	82.8212	6,726.56	75.6796	6,726.56	80.2114	6,726.56	73.1755	6,726.56	77.1827	6,726.56	70.4724	6,726.56	74.7266	6,726.56	68.8509	6,726.56	72.6748	6,726.56	65.3432	6,726.56	69.9838	6,726.56	63.4404	6,726.56	67.5374	6,726.56	64.785	6,726.56	63.7205	6,726.56	61.2993	6,726.56	61.6714	6,726.56	59.5411	6,726.56	63.364	6,726.56	55.9138	6,726.56	61.4397	6,726.56	50.7724	6,726.56	54.0198	6,726.56	55.4008	6,726.56	56.3163	6,726.56	58.5465
6,963.87	89.2386	6,963.87	88.2635	6,963.87	89.281	6,963.87	86.3096	6,963.87	88.3544	6,963.87	84.1236	6,963.87	86.6797	6,963.87	82.1517	6,963.87	84.8936	6,963.87	79.1961	6,963.87	82.4792	6,963.87	75.7338	6,963.87	79.5663	6,963.87	73.7359	6,963.87	77.2352	6,963.87	71.1443	6,963.87	73.8577	6,963.87	67.8742	6,963.87	71.176	6,963.87	65.8614	6,963.87	69.2744	6,963.87	63.0715	6,963.87	66.6369	6,963.87	60.123	6,963.87	64.9072	6,963.87	60.0082	6,963.87	62.6402	6,963.87	60.2975	6,963.87	63.0148	6,963.87	54.9668	6,963.87	59.3905	6,963.87	44.7147	6,963.87	54.0932	6,963.87	53.2778	6,963.87	52.9554	6,963.87	55.452
7,209.96	88.7026	7,209.96	87.6284	7,209.96	88.9242	7,209.96	85.9094	7,209.96	88.1071	7,209.96	84.3213	7,209.96	86.5537	7,209.96	81.8806	7,209.96	84.8953	7,209.96	77.9526	7,209.96	82.7952	7,209.96	75.4534	7,209.96	79.8895	7,209.96	73.3198	7,209.96	77.1183	7,209.96	70.9143	7,209.96	74.8488	7,209.96	68.2911	7,209.96	71.3394	7,209.96	66.5733	7,209.96	68.0894	7,209.96	64.8694	7,209.96	66.2945	7,209.96	61.5159	7,209.96	64.0003	7,209.96	63.2025	7,209.96	62.8877	7,209.96	60.9846	7,209.96	61.0183	7,209.96	54.0983	7,209.96	60.6048	7,209.96	27.4221	7,209.96	53.0446	7,209.96	51.6994	7,209.96	58.6397	7,209.96	52.9837
7,464.84	88.8889	7,464.84	87.8082	7,464.84	88.9533	7,464.84	86.3383	7,464.84	88.2176	7,464.84	84.4403	7,464.84	86.9938	7,464.84	81.4866	7,464.84	84.9586	7,464.84	78.2763	7,464.84	82.4067	7,464.84	75.7514	7,464.84	80.0507	7,464.84	73.3728	7,464.84	76.9235	7,464.84	70.6539	7,464.84	74.2711	7,464.84	68.9466	7,464.84	71.6897	7,464.84	66.6399	7,464.84	68.9772	7,464.84	64.6388	7,464.84	66.3184	7,464.84	63.4648	7,464.84	64.1518	7,464.84	63.7393	7,464.84	62.2873	7,464.84	62.0532	7,464.84	61.9803	7,464.84	53.3998	7,464.84	62.5398	7,464.84	45.152	7,464.84	54.1555	7,464.84	53.381	7,464.84	59.9637	7,464.84	52.1747
7,727.05	88.7734	7,727.05	87.8385	7,727.05	88.9745	7,727.05	86.5509	7,727.05	88.321	7,727.05	84.0835	7,727.05	87.1206	7,727.05	81.0148	7,727.05	84.8873	7,727.05	78.273	7,727.05	81.9992	7,727.05	76.5457	7,727.05	79.1954	7,727.05	74.6163	7,727.05	76.8655	7,727.05	72.5004	7,727.05	74.4696	7,727.05	69.1445	7,727.05	71.3826	7,727.05	66.9335	7,727.05	68.6332	7,727.05	64.4355	7,727.05	65.7817	7,727.05	62.1077	7,727.05	64.5978	7,727.05	62.4423	7,727.05	61.6277	7,727.05	62.8612	7,727.05	61.4099	7,727.05	58.5073	7,727.05	62.5185	7,727.05	51.7681	7,727.05	55.7553	7,727.05	54.5692	7,727.05	58.7255	7,727.05	52.0197
7,999.51	88.785	7,999.51	87.8388	7,999.51	88.8191	7,999.51	86.5936	7,999.51	88.2038	7,999.51	84.0524	7,999.51	87.081	7,999.51	80.7146	7,999.51	84.599	7,999.51	77.7432	7,999.51	81.4034	7,999.51	76.5098	7,999.51	78.655	7,999.51	74.5405	7,999.51	76.1969	7,999.51	71.8355	7,999.51	73.797	7,999.51	68.1341	7,999.51	71.2	7,999.51	66.428	7,999.51	67.4033	7,999.51	63.0092	7,999.51	64.095	7,999.51	60.8678	7,999.51	63.0991	7,999.51	61.4756	7,999.51	61.3729	7,999.51	61.0197	7,999.51	59.8579	7,999.51	55.6157	7,999.51	59.0768	7,999.51	53.3391	7,999.51	51.8	7,999.51	52.6113	7,999.51	56.5082	7,999.51	49.539
8,282.23	88.8385	8,282.23	88.1581	8,282.23	88.8271	8,282.23	87.0032	8,282.23	88.1463	8,282.23	84.109	8,282.23	86.8907	8,282.23	80.8532	8,282.23	83.9365	8,282.23	78.0385	8,282.23	79.9785	8,282.23	76.989	8,282.23	77.5879	8,282.23	74.6513	8,282.23	75.6366	8,282.23	71.1279	8,282.23	72.7879	8,282.23	68.4929	8,282.23	70.2042	8,282.23	65.4774	8,282.23	66.0192	8,282.23	63.1858	8,282.23	62.7801	8,282.23	60.3415	8,282.23	61.7021	8,282.23	62.609	8,282.23	60.3282	8,282.23	59.1366	8,282.23	59.027	8,282.23	54.2431	8,282.23	60.3292	8,282.23	47.6773	8,282.23	54.9038	8,282.23	52.0269	8,282.23	55.4135	8,282.23	52.8264
8,573.73	89.1272	8,573.73	88.5212	8,573.73	88.9673	8,573.73	87.3952	8,573.73	88.1178	8,573.73	84.2219	8,573.73	86.753	8,573.73	80.7679	8,573.73	83.3919	8,573.73	78.5232	8,573.73	79.0943	8,573.73	77.2436	8,573.73	77.0874	8,573.73	74.6329	8,573.73	74.8757	8,573.73	71.6859	8,573.73	72.0194	8,573.73	69.3797	8,573.73	69.2594	8,573.73	66.6428	8,573.73	65.798	8,573.73	64.1353	8,573.73	62.3744	8,573.73	61.385	8,573.73	60.9074	8,573.73	63.8659	8,573.73	60.0236	8,573.73	60.4866	8,573.73	56.9223	8,573.73	56.7616	8,573.73	60.4511	8,573.73	40.5234	8,573.73	56.0541	8,573.73	56.2135	8,573.73	53.1445	8,573.73	52.4613
8,876.95	89.4255	8,876.95	88.8613	8,876.95	89.064	8,876.95	87.6007	8,876.95	88.1998	8,876.95	84.4069	8,876.95	86.7388	8,876.95	80.9226	8,876.95	82.8031	8,876.95	78.6184	8,876.95	78.4502	8,876.95	76.8843	8,876.95	76.2309	8,876.95	74.8754	8,876.95	73.9364	8,876.95	72.6093	8,876.95	71.7076	8,876.95	69.7283	8,876.95	68.7844	8,876.95	67.6358	8,876.95	65.8304	8,876.95	64.9745	8,876.95	62.0154	8,876.95	63.0226	8,876.95	62.4304	8,876.95	63.0364	8,876.95	59.1668	8,876.95	61.6784	8,876.95	53.8755	8,876.95	57.9329	8,876.95	59.7711	8,876.95	50.4965	8,876.95	53.7625	8,876.95	57.4459	8,876.95	50.9393	8,876.95	47.1002
9,188.96	89.3885	9,188.96	88.9938	9,188.96	88.9546	9,188.96	87.6959	9,188.96	88.4437	9,188.96	84.5209	9,188.96	86.5254	9,188.96	81.0152	9,188.96	82.3783	9,188.96	78.6209	9,188.96	78.0326	9,188.96	76.8441	9,188.96	75.4758	9,188.96	74.7191	9,188.96	73.553	9,188.96	72.3099	9,188.96	71.1219	9,188.96	68.7987	9,188.96	67.138	9,188.96	66.1279	9,188.96	64.4475	9,188.96	64.9996	9,188.96	60.9337	9,188.96	62.3628	9,188.96	60.844	9,188.96	60.3918	9,188.96	54.4636	9,188.96	59.4575	9,188.96	53.5398	9,188.96	56.2703	9,188.96	57.3214	9,188.96	50.6421	9,188.96	53.364	9,188.96	55.5591	9,188.96	49.5543	9,188.96	43.741
9,514.16	89.1969	9,514.16	89.1461	9,514.16	88.7714	9,514.16	87.7609	9,514.16	88.5805	9,514.16	84.6356	9,514.16	86.2005	9,514.16	80.885	9,514.16	82.2213	9,514.16	78.7768	9,514.16	77.5548	9,514.16	76.7698	9,514.16	75.1963	9,514.16	74.0324	9,514.16	73.1893	9,514.16	70.9227	9,514.16	69.5522	9,514.16	68.7117	9,514.16	65.3164	9,514.16	64.3501	9,514.16	63.1317	9,514.16	64.6864	9,514.16	60.7776	9,514.16	60.3406	9,514.16	57.6861	9,514.16	60.7668	9,514.16	53.9891	9,514.16	58.3156	9,514.16	52.798	9,514.16	53.346	9,514.16	55.4917	9,514.16	50.5613	9,514.16	49.1817	9,514.16	54.2938	9,514.16	50.3502	9,514.16	51.9125
9,849.61	89.2202	9,849.61	89.3616	9,849.61	88.9241	9,849.61	88.0094	9,849.61	88.6061	9,849.61	84.8081	9,849.61	85.9557	9,849.61	80.7127	9,849.61	82.0461	9,849.61	78.7691	9,849.61	76.8688	9,849.61	76.3017	9,849.61	74.5343	9,849.61	73.7498	9,849.61	71.7811	9,849.61	71.1065	9,849.61	67.1275	9,849.61	68.4055	9,849.61	64.0406	9,849.61	65.7425	9,849.61	62.5695	9,849.61	63.9884	9,849.61	61.1787	9,849.61	60.4714	9,849.61	55.3941	9,849.61	61.0946	9,849.61	54.7102	9,849.61	60.2471	9,849.61	53.884	9,849.61	53.6188	9,849.61	55.0885	9,849.61	48.1397	9,849.61	48.1657	9,849.61	54.039	9,849.61	43.0695	9,849.61	47.4515
10,196.8	89.3893	10,196.8	89.5448	10,196.8	89.1084	10,196.8	88.3058	10,196.8	88.4129	10,196.8	84.9745	10,196.8	85.5159	10,196.8	80.9074	10,196.8	80.9022	10,196.8	78.0979	10,196.8	74.8503	10,196.8	75.6602	10,196.8	72.847	10,196.8	73.3373	10,196.8	69.3124	10,196.8	71.3908	10,196.8	65.7168	10,196.8	68.5519	10,196.8	64.8523	10,196.8	65.2298	10,196.8	62.0141	10,196.8	64.4831	10,196.8	60.4006	10,196.8	60.4315	10,196.8	53.7843	10,196.8	60.7626	10,196.8	53.8187	10,196.8	59.8575	10,196.8	52.9241	10,196.8	53.7174	10,196.8	55.1383	10,196.8	44.333	10,196.8	46.0262	10,196.8	51.8101	10,196.8	49.0688	10,196.8	42.4829
10,555.7	89.2527	10,555.7	89.4242	10,555.7	88.8355	10,555.7	88.3639	10,555.7	87.5155	10,555.7	85.0809	10,555.7	84.5112	10,555.7	81.2785	10,555.7	78.1788	10,555.7	77.8805	10,555.7	73.3194	10,555.7	75.5702	10,555.7	70.6008	10,555.7	73.269	10,555.7	64.6804	10,555.7	70.9134	10,555.7	68.262	10,555.7	68.0654	10,555.7	66.1113	10,555.7	65.3671	10,555.7	61.3855	10,555.7	63.3746	10,555.7	57.4809	10,555.7	58.9763	10,555.7	52.4161	10,555.7	60.9817	10,555.7	52.1245	10,555.7	58.2239	10,555.7	51.3401	10,555.7	52.3046	10,555.7	53.2236	10,555.7	44.7759	10,555.7	52.9116	10,555.7	48.8881	10,555.7	49.8085	10,555.7	50.3926
10,927.7	88.9619	10,927.7	89.0609	10,927.7	88.2464	10,927.7	88.1091	10,927.7	86.2859	10,927.7	85.1496	10,927.7	82.415	10,927.7	81.7508	10,927.7	73.7372	10,927.7	78.2851	10,927.7	71.756	10,927.7	75.3067	10,927.7	63.3053	10,927.7	72.9544	10,927.7	65.0489	10,927.7	70.3646	10,927.7	65.2871	10,927.7	67.0014	10,927.7	59.4602	10,927.7	64.6486	10,927.7	53.4469	10,927.7	60.5546	10,927.7	47.7457	10,927.7	60.0914	10,927.7	46.1552	10,927.7	60.468	10,927.7	49.4433	10,927.7	56.2974	10,927.7	45.1662	10,927.7	51.214	10,927.7	47.6195	10,927.7	45.1009	10,927.7	48.1995	10,927.7	48.628	10,927.7	41.5654	10,927.7	40.4112
11,313	88.4025	11,313	88.6005	11,313	87.501	11,313	87.6552	11,313	85.341	11,313	84.6918	11,313	79.3434	11,313	81.5226	11,313	72.7351	11,313	77.3961	11,313	68.3396	11,313	74.0207	11,313	67.3531	11,313	71.5804	11,313	68.2201	11,313	69.0439	11,313	62.4554	11,313	64.3203	11,313	58.8169	11,313	62.447	11,313	56.3659	11,313	58.3944	11,313	53.876	11,313	57.2168	11,313	51.3103	11,313	57.8279	11,313	48.5265	11,313	54.0424	11,313	49.5929	11,313	52.2771	11,313	41.2882	11,313	41.5062	11,313	37.9364	11,313	46.6766	11,313	32.637	11,313	44.2715
11,712.9	87.9884	11,712.9	88.28	11,712.9	87.1973	11,712.9	86.8085	11,712.9	85.1333	11,712.9	82.8921	11,712.9	78.7816	11,712.9	79.3692	11,712.9	76.3947	11,712.9	75.1826	11,712.9	73.4125	11,712.9	71.9314	11,712.9	72.5042	11,712.9	70.4531	11,712.9	70.5462	11,712.9	66.6026	11,712.9	67.1224	11,712.9	61.7815	11,712.9	64.753	11,712.9	60.0581	11,712.9	61.6791	11,712.9	57.6272	11,712.9	58.3119	11,712.9	53.7052	11,712.9	55.1578	11,712.9	53.8895	11,712.9	54.6717	11,712.9	49.9761	11,712.9	50.742	11,712.9	49.8589	11,712.9	35.6759	11,712.9	44.1541	11,712.9	46.9137	11,712.9	46.7947	11,712.9	37.5805	11,712.9	41.3053
12,126	87.5677	12,126	88.0497	12,126	87.0251	12,126	85.9656	12,126	85.4235	12,126	82.0448	12,126	80.4116	12,126	79.0954	12,126	79.5204	12,126	75.8125	12,126	76.859	12,126	73.3648	12,126	75.5191	12,126	71.552	12,126	72.847	12,126	67.5557	12,126	70.4741	12,126	64.4182	12,126	67.656	12,126	60.278	12,126	64.646	12,126	58.7185	12,126	60.9206	12,126	55.9258	12,126	57.2288	12,126	54.3084	12,126	56.3034	12,126	49.7651	12,126	51.6186	12,126	46.9138	12,126	38.1522	12,126	36.6616	12,126	44.7401	12,126	50.3267	12,126	40.6726	12,126	25.7606
12,553.7	87.1004	12,553.7	87.6604	12,553.7	86.7551	12,553.7	85.3122	12,553.7	85.213	12,553.7	83.1378	12,553.7	82.2963	12,553.7	80.6523	12,553.7	81.3876	12,553.7	77.5842	12,553.7	79.2308	12,553.7	75.5628	12,553.7	77.1379	12,553.7	72.5838	12,553.7	73.7808	12,553.7	69.0684	12,553.7	72.1368	12,553.7	66.7229	12,553.7	69.1267	12,553.7	62.9251	12,553.7	65.1051	12,553.7	61.2488	12,553.7	60.5894	12,553.7	56.6527	12,553.7	58.484	12,553.7	56.0323	12,553.7	57.405	12,553.7	56.6318	12,553.7	52.5631	12,553.7	50.9072	12,553.7	42.4304	12,553.7	45.2314	12,553.7	39.7006	12,553.7	48.1572	12,553.7	51.8783	12,553.7	34.9341
12,996.1	87.6316	12,996.1	87.621	12,996.1	87.1974	12,996.1	85.7299	12,996.1	85.2858	12,996.1	84.4191	12,996.1	84.0627	12,996.1	81.5512	12,996.1	82.4975	12,996.1	78.3874	12,996.1	79.7523	12,996.1	75.5008	12,996.1	77.1803	12,996.1	72.6177	12,996.1	73.4964	12,996.1	68.7887	12,996.1	71.6357	12,996.1	66.978	12,996.1	67.9046	12,996.1	63.6374	12,996.1	64.8504	12,996.1	61.1364	12,996.1	59.9084	12,996.1	57.5933	12,996.1	58.2342	12,996.1	57.1451	12,996.1	56.2724	12,996.1	55.3962	12,996.1	45.6043	12,996.1	46.885	12,996.1	39.8423	12,996.1	46.1585	12,996.1	39.4758	12,996.1	44.0951	12,996.1	50.825	12,996.1	42.4196
13,454.6	88.8269	13,454.6	88.1191	13,454.6	88.254	13,454.6	85.9448	13,454.6	86.0248	13,454.6	83.8513	13,454.6	84.2815	13,454.6	80.1442	13,454.6	81.5521	13,454.6	76.1331	13,454.6	77.6429	13,454.6	72.9603	13,454.6	75.153	13,454.6	70.3735	13,454.6	71.0651	13,454.6	67.3549	13,454.6	69.2482	13,454.6	64.1927	13,454.6	66.7706	13,454.6	62.6873	13,454.6	62.4371	13,454.6	58.7123	13,454.6	58.0471	13,454.6	54.9769	13,454.6	56.6512	13,454.6	55.2839	13,454.6	53.2542	13,454.6	51.5232	13,454.6	44.3067	13,454.6	47.9827	13,454.6	41.7326	13,454.6	44.5056	13,454.6	37.2153	13,454.6	39.715	13,454.6	45.4913	13,454.6	42.5618
13,929.2	88.2132	13,929.2	87.3443	13,929.2	87.7105	13,929.2	85.1419	13,929.2	85.6044	13,929.2	82.7114	13,929.2	83.7637	13,929.2	78.4309	13,929.2	80.7325	13,929.2	74.8861	13,929.2	76.8064	13,929.2	70.9765	13,929.2	73.8933	13,929.2	69.0344	13,929.2	69.8592	13,929.2	66.5025	13,929.2	68.6284	13,929.2	61.4504	13,929.2	64.5238	13,929.2	59.7549	13,929.2	60.8473	13,929.2	55.4481	13,929.2	55.8448	13,929.2	54.4847	13,929.2	54.3617	13,929.2	51.7696	13,929.2	52.3509	13,929.2	46.5296	13,929.2	37.1677	13,929.2	48.7786	13,929.2	26.598	13,929.2	41.2553	13,929.2	43.4311	13,929.2	43.405	13,929.2	50.5462	13,929.2	43.226
14,419.9	87.4735	14,419.9	86.3145	14,419.9	86.9708	14,419.9	84.1217	14,419.9	85.0962	14,419.9	81.3316	14,419.9	83.2596	14,419.9	76.4583	14,419.9	80.0803	14,419.9	72.6236	14,419.9	76.1574	14,419.9	68.093	14,419.9	72.7668	14,419.9	66.682	14,419.9	69.01	14,419.9	62.0547	14,419.9	66.7071	14,419.9	56.7875	14,419.9	61.9728	14,419.9	54.8205	14,419.9	58.5284	14,419.9	53.2799	14,419.9	53.8193	14,419.9	50.2748	14,419.9	53.6839	14,419.9	49.0372	14,419.9	49.913	14,419.9	35.3855	14,419.9	42.8266	14,419.9	42.4107	14,419.9	33.5948	14,419.9	39.8467	14,419.9	38.9629	14,419.9	39.8057	14,419.9	49.1714	14,419.9	42.1313
14,928.2	86.8688	14,928.2	85.3576	14,928.2	86.1981	14,928.2	82.7272	14,928.2	83.8336	14,928.2	78.9323	14,928.2	81.8034	14,928.2	73.2455	14,928.2	78.3155	14,928.2	69.2587	14,928.2	74.5365	14,928.2	65.4677	14,928.2	70.5102	14,928.2	63.367	14,928.2	66.809	14,928.2	58.5773	14,928.2	63.1195	14,928.2	56.3844	14,928.2	58.5696	14,928.2	52.0606	14,928.2	57.1003	14,928.2	51.8071	14,928.2	53.265	14,928.2	50.9421	14,928.2	52.334	14,928.2	44.7451	14,928.2	48.7403	14,928.2	32.1535	14,928.2	40.0137	14,928.2	42.1825	14,928.2	27.1864	14,928.2	40.9147	14,928.2	40.3345	14,928.2	42.9794	14,928.2	43.5802	14,928.2	41.8969
15,455.6	86.7462	15,455.6	85.1221	15,455.6	85.6992	15,455.6	82.3273	15,455.6	83.0649	15,455.6	78.6418	15,455.6	80.95	15,455.6	74.0881	15,455.6	76.7963	15,455.6	70.7224	15,455.6	72.6535	15,455.6	68.1656	15,455.6	66.9895	15,455.6	64.1449	15,455.6	62.871	15,455.6	62.1601	15,455.6	58.0854	15,455.6	59.2136	15,455.6	56.3369	15,455.6	55.1653	15,455.6	54.6661	15,455.6	52.2342	15,455.6	50.3345	15,455.6	50.476	15,455.6	50.5151	15,455.6	46.5001	15,455.6	46.432	15,455.6	35.8598	15,455.6	42.5969	15,455.6	43.542	15,455.6	35.8487	15,455.6	41.6508	15,455.6	39.3509	15,455.6	38.8229	15,455.6	42.1633	15,455.6	37.247
16,000.5	86.8355	16,000.5	85.1482	16,000.5	85.763	16,000.5	82.4296	16,000.5	83.315	16,000.5	78.9713	16,000.5	80.2274	16,000.5	75.0188	16,000.5	74.9674	16,000.5	71.1539	16,000.5	68.6311	16,000.5	68.3373	16,000.5	62.8156	16,000.5	64.2149	16,000.5	53.6172	16,000.5	62.1223	16,000.5	57.5265	16,000.5	58.4797	16,000.5	54.6564	16,000.5	53.395	16,000.5	45.2041	16,000.5	51.316	16,000.5	43.8335	16,000.5	49.7462	16,000.5	44.9652	16,000.5	45.4666	16,000.5	43.1678	16,000.5	42.8195	16,000.5	44.5128	16,000.5	42.5192	16,000.5	35.1973	16,000.5	41.1605	16,000.5	37.013	16,000.5	37.0805	16,000.5	43.1994	16,000.5	42.9239
16,564.5	86.6403	16,564.5	84.8472	16,564.5	85.6715	16,564.5	82.0824	16,564.5	83.3738	16,564.5	78.2057	16,564.5	79.3779	16,564.5	73.9966	16,564.5	73.4745	16,564.5	69.6479	16,564.5	64.7745	16,564.5	66.4755	16,564.5	59.2881	16,564.5	62.646	16,564.5	56.6334	16,564.5	59.7211	16,564.5	54.4889	16,564.5	55.8261	16,564.5	51.8593	16,564.5	49.5818	16,564.5	41.9758	16,564.5	46.6	16,564.5	39.5557	16,564.5	46.1627	16,564.5	40.6198	16,564.5	44.187	16,564.5	41.4825	16,564.5	44.9528	16,564.5	42.2213	16,564.5	44.9073	16,564.5	41.199	16,564.5	39.9731	16,564.5	41.4077	16,564.5	38.4356	16,564.5	47.6607	16,564.5	44.0329
17,148.9	86.1914	17,148.9	84.3137	17,148.9	85.3298	17,148.9	81.1012	17,148.9	82.7052	17,148.9	76.7436	17,148.9	77.6024	17,148.9	71.7537	17,148.9	69.7938	17,148.9	67.2648	17,148.9	55.2837	17,148.9	63.9256	17,148.9	51.1682	17,148.9	59.9495	17,148.9	54.5126	17,148.9	55.2063	17,148.9	44.5592	17,148.9	52.8184	17,148.9	45.96	17,148.9	47.6576	17,148.9	48.1167	17,148.9	42.3375	17,148.9	42.4863	17,148.9	44.4783	17,148.9	37.2977	17,148.9	38.8435	17,148.9	36.0595	17,148.9	37.6841	17,148.9	43.8634	17,148.9	41.9975	17,148.9	40.097	17,148.9	41.4016	17,148.9	37.6785	17,148.9	36.9418	17,148.9	46.244	17,148.9	43.8169
17,752.4	85.5742	17,752.4	83.4384	17,752.4	84.8906	17,752.4	79.5392	17,752.4	81.4281	17,752.4	74.2947	17,752.4	74.2851	17,752.4	68.3118	17,752.4	60.5415	17,752.4	63.8987	17,752.4	56.8999	17,752.4	60.1413	17,752.4	60.1277	17,752.4	53.9923	17,752.4	56.6363	17,752.4	49.0114	17,752.4	54.7808	17,752.4	49.0259	17,752.4	50.5241	17,752.4	45.7121	17,752.4	50.2416	17,752.4	40.0181	17,752.4	39.5379	17,752.4	37.0612	17,752.4	37.7457	17,752.4	33.4068	17,752.4	22.9051	17,752.4	37.4978	17,752.4	42.5131	17,752.4	38.5279	17,752.4	36.8187	17,752.4	34.5242	17,752.4	38.6017	17,752.4	40.6176	17,752.4	44.978	17,752.4	48.1132
18,379.4	84.6432	18,379.4	82.3151	18,379.4	83.862	18,379.4	77.4799	18,379.4	78.9648	18,379.4	71.0238	18,379.4	68.5973	18,379.4	63.9624	18,379.4	60.8655	18,379.4	58.0239	18,379.4	65.036	18,379.4	51.6644	18,379.4	63.5259	18,379.4	43.3182	18,379.4	60.2839	18,379.4	35.0536	18,379.4	58.364	18,379.4	40.5898	18,379.4	50.6227	18,379.4	38.6832	18,379.4	50.9008	18,379.4	39.1421	18,379.4	38.1273	18,379.4	33.3798	18,379.4	39.4939	18,379.4	33.0266	18,379.4	18.8243	18,379.4	40.2149	18,379.4	45.3119	18,379.4	36.5246	18,379.4	37.277	18,379.4	38.3845	18,379.4	37.7659	18,379.4	43.9822	18,379.4	39.3712	18,379.4	49.6883
19,026.9	83.7574	19,026.9	81.1706	19,026.9	82.7367	19,026.9	74.7508	19,026.9	76.8422	19,026.9	64.5344	19,026.9	67.4661	19,026.9	60.0125	19,026.9	62.5058	19,026.9	56.1365	19,026.9	62.1685	19,026.9	52.6853	19,026.9	58.9772	19,026.9	49.9425	19,026.9	57.0209	19,026.9	46.0349	19,026.9	55.2098	19,026.9	41.0403	19,026.9	47.6347	19,026.9	25.475	19,026.9	46.2878	19,026.9	43.0911	19,026.9	42.2423	19,026.9	32.5484	19,026.9	36.5974	19,026.9	28.8827	19,026.9	16.5877	19,026.9	42.0148	19,026.9	37.6096	19,026.9	38.184	19,026.9	35.6825	19,026.9	37.5086	19,026.9	28.9057	19,026.9	45.8551	19,026.9	41.9184	19,026.9	47.2673
19,697.8	82.7491	19,697.8	78.6492	19,697.8	82.5378	19,697.8	68.7666	19,697.8	77.3189	19,697.8	62.8905	19,697.8	67.328	19,697.8	60.5837	19,697.8	66.7989	19,697.8	54.0415	19,697.8	67.4279	19,697.8	44.1919	19,697.8	65.4066	19,697.8	50.3805	19,697.8	63.9435	19,697.8	47.9311	19,697.8	60.9735	19,697.8	44.531	19,697.8	54.5282	19,697.8	30.6783	19,697.8	52.0598	19,697.8	45.4917	19,697.8	49.7152	19,697.8	36.3332	19,697.8	42.6493	19,697.8	32.5693	19,697.8	36.6251	19,697.8	44.31	19,697.8	50.5006	19,697.8	44.2555	19,697.8	43.9655	19,697.8	42.796	19,697.8	42.9915	19,697.8	50.8918	19,697.8	47.5738	19,697.8	51.4035
19,999.5	81.8936	19,999.5	76.4698	19,999.5	82.5839	19,999.5	64.6968	19,999.5	77.59	19,999.5	66.7216	19,999.5	68.0485	19,999.5	63.1625	19,999.5	68.5032	19,999.5	57.3219	19,999.5	68.3411	19,999.5	49.3268	19,999.5	66.1798	19,999.5	55.0549	19,999.5	64.4353	19,999.5	46.9082	19,999.5	62.3103	19,999.5	49.462	19,999.5	57.3705	19,999.5	42.445	19,999.5	51.3708	19,999.5	49.3057	19,999.5	46.2742	19,999.5	48.3452	19,999.5	39.4946	19,999.5	36.7058	19,999.5	43.2426	19,999.5	46.2907	19,999.5	55.4055	19,999.5	45.5919	19,999.5	50.5887	19,999.5	44.3179	19,999.5	49.5351	19,999.5	51.2514	19,999.5	52.0294	19,999.5	50.1952
