"SPL Vertical"																																																																							
"On-Axis"		"10°"		"-10°"		"20°"		"-20°"		"30°"		"-30°"		"40°"		"-40°"		"50°"		"-50°"		"60°"		"-60°"		"70°"		"-70°"		"80°"		"-80°"		"90°"		"-90°"		"100°"		"-100°"		"110°"		"-110°"		"120°"		"-120°"		"130°"		"-130°"		"140°"		"-140°"		"150°"		"-150°"		"160°"		"-160°"		"170°"		"-170°"		"180°"	
"Frequency / Hz"	"Sound Pressure Level / dB (re 20 µPa)  [2.83V at 1m]"	"Frequency / Hz"	"Sound Pressure Level / dB (re 20 µPa)  [2.83V at 1m]"	"Frequency / Hz"	"Sound Pressure Level / dB (re 20 µPa)  [2.83V at 1m]"	"Frequency / Hz"	"Sound Pressure Level / dB (re 20 µPa)  [2.83V at 1m]"	"Frequency / Hz"	"Sound Pressure Level / dB (re 20 µPa)  [2.83V at 1m]"	"Frequency / Hz"	"Sound Pressure Level / dB (re 20 µPa)  [2.83V at 1m]"	"Frequency / Hz"	"Sound Pressure Level / dB (re 20 µPa)  [2.83V at 1m]"	"Frequency / Hz"	"Sound Pressure Level / dB (re 20 µPa)  [2.83V at 1m]"	"Frequency / Hz"	"Sound Pressure Level / dB (re 20 µPa)  [2.83V at 1m]"	"Frequency / Hz"	"Sound Pressure Level / dB (re 20 µPa)  [2.83V at 1m]"	"Frequency / Hz"	"Sound Pressure Level / dB (re 20 µPa)  [2.83V at 1m]"	"Frequency / Hz"	"Sound Pressure Level / dB (re 20 µPa)  [2.83V at 1m]"	"Frequency / Hz"	"Sound Pressure Level / dB (re 20 µPa)  [2.83V at 1m]"	"Frequency / Hz"	"Sound Pressure Level / dB (re 20 µPa)  [2.83V at 1m]"	"Frequency / Hz"	"Sound Pressure Level / dB (re 20 µPa)  [2.83V at 1m]"	"Frequency / Hz"	"Sound Pressure Level / dB (re 20 µPa)  [2.83V at 1m]"	"Frequency / Hz"	"Sound Pressure Level / dB (re 20 µPa)  [2.83V at 1m]"	"Frequency / Hz"	"Sound Pressure Level / dB (re 20 µPa)  [2.83V at 1m]"	"Frequency / Hz"	"Sound Pressure Level / dB (re 20 µPa)  [2.83V at 1m]"	"Frequency / Hz"	"Sound Pressure Level / dB (re 20 µPa)  [2.83V at 1m]"	"Frequency / Hz"	"Sound Pressure Level / dB (re 20 µPa)  [2.83V at 1m]"	"Frequency / Hz"	"Sound Pressure Level / dB (re 20 µPa)  [2.83V at 1m]"	"Frequency / Hz"	"Sound Pressure Level / dB (re 20 µPa)  [2.83V at 1m]"	"Frequency / Hz"	"Sound Pressure Level / dB (re 20 µPa)  [2.83V at 1m]"	"Frequency / Hz"	"Sound Pressure Level / dB (re 20 µPa)  [2.83V at 1m]"	"Frequency / Hz"	"Sound Pressure Level / dB (re 20 µPa)  [2.83V at 1m]"	"Frequency / Hz"	"Sound Pressure Level / dB (re 20 µPa)  [2.83V at 1m]"	"Frequency / Hz"	"Sound Pressure Level / dB (re 20 µPa)  [2.83V at 1m]"	"Frequency / Hz"	"Sound Pressure Level / dB (re 20 µPa)  [2.83V at 1m]"	"Frequency / Hz"	"Sound Pressure Level / dB (re 20 µPa)  [2.83V at 1m]"	"Frequency / Hz"	"Sound Pressure Level / dB (re 20 µPa)  [2.83V at 1m]"	"Frequency / Hz"	"Sound Pressure Level / dB (re 20 µPa)  [2.83V at 1m]"	"Frequency / Hz"	"Sound Pressure Level / dB (re 20 µPa)  [2.83V at 1m]"	"Frequency / Hz"	"Sound Pressure Level / dB (re 20 µPa)  [2.83V at 1m]"	"Frequency / Hz"	"Sound Pressure Level / dB (re 20 µPa)  [2.83V at 1m]"	"Frequency / Hz"	"Sound Pressure Level / dB (re 20 µPa)  [2.83V at 1m]"
20.5078	63.1844	20.5078	63.0196	20.5078	63.2824	20.5078	62.8203	20.5078	63.2921	20.5078	62.6322	20.5078	63.2022	20.5078	62.5158	20.5078	63.0144	20.5078	62.5394	20.5078	62.7533	20.5078	62.7632	20.5078	62.4856	20.5078	63.2163	20.5078	62.3425	20.5078	63.8859	20.5078	62.5126	20.5078	64.727	20.5078	63.1515	20.5078	65.6843	20.5078	64.25	20.5078	66.7069	20.5078	65.6334	20.5078	67.7501	20.5078	67.0907	20.5078	68.7707	20.5078	68.4646	20.5078	69.7212	20.5078	69.6586	20.5078	70.5497	20.5078	70.6158	20.5078	71.2038	20.5078	71.3031	20.5078	71.6364	20.5078	71.7027	20.5078	71.8105
21.2402	63.9381	21.2402	63.7736	21.2402	64.0324	21.2402	63.5703	21.2402	64.0371	21.2402	63.374	21.2402	63.9437	21.2402	63.2466	21.2402	63.7594	21.2402	63.2615	21.2402	63.5185	21.2402	63.4864	21.2402	63.3025	21.2402	63.9583	21.2402	63.2573	21.2402	64.667	21.2402	63.5679	21.2402	65.5633	21.2402	64.3501	21.2402	66.5829	21.2402	65.5463	21.2402	67.6654	21.2402	66.9679	21.2402	68.7601	21.2402	68.4215	21.2402	69.8209	21.2402	69.7708	21.2402	70.8016	21.2402	70.9327	21.2402	71.6532	21.2402	71.8576	21.2402	72.3267	21.2402	72.5148	21.2402	72.7781	21.2402	72.8878	21.2402	72.9726
21.9727	64.8955	21.9727	64.7333	21.9727	64.9929	21.9727	64.535	21.9727	65.0088	21.9727	64.3431	21.9727	64.9376	21.9727	64.2164	21.9727	64.7901	21.9727	64.2259	21.9727	64.6032	21.9727	64.4397	21.9727	64.4566	21.9727	64.8985	21.9727	64.483	21.9727	65.5971	21.9727	64.8388	21.9727	66.4887	21.9727	65.6154	21.9727	67.5079	21.9727	66.76	21.9727	68.5917	21.9727	68.1116	21.9727	69.6869	21.9727	69.4992	21.9727	70.7466	21.9727	70.7958	21.9727	71.7249	21.9727	71.9189	21.9727	72.5739	21.9727	72.8166	21.9727	73.2458	21.9727	73.4556	21.9727	73.6975	21.9727	73.817	21.9727	73.8951
22.7051	66.0119	22.7051	65.8963	22.7051	66.0721	22.7051	65.7532	22.7051	66.0589	22.7051	65.6217	22.7051	65.9655	22.7051	65.5524	22.7051	65.8003	22.7051	65.6032	22.7051	65.5969	22.7051	65.828	22.7051	65.4297	22.7051	66.2598	22.7051	65.4242	22.7051	66.8987	22.7051	65.7329	22.7051	67.7122	22.7051	66.4523	22.7051	68.6497	22.7051	67.5438	22.7051	69.657	22.7051	68.8573	22.7051	70.6844	22.7051	70.2245	22.7051	71.6864	22.7051	71.5157	22.7051	72.6177	22.7051	72.645	22.7051	73.4305	22.7051	73.556	22.7051	74.0756	22.7051	74.2121	22.7051	74.5067	22.7051	74.5913	22.7051	74.6866
23.4375	66.9544	23.4375	66.8265	23.4375	67.0289	23.4375	66.6698	23.4375	67.0347	23.4375	66.5189	23.4375	66.9665	23.4375	66.4193	23.4375	66.8323	23.4375	66.4254	23.4375	66.6623	23.4375	66.5911	23.4375	66.5211	23.4375	66.9555	23.4375	66.5169	23.4375	67.5289	23.4375	66.7838	23.4375	68.2885	23.4375	67.4177	23.4375	69.1882	23.4375	68.4036	23.4375	70.1729	23.4375	69.6197	23.4375	71.1891	23.4375	70.9109	23.4375	72.187	23.4375	72.1477	23.4375	73.1185	23.4375	73.2388	23.4375	73.934	23.4375	74.1231	23.4375	74.5837	23.4375	74.7599	23.4375	75.0213	23.4375	75.1249	23.4375	75.2095
24.1699	66.8297	24.1699	66.6768	24.1699	66.9218	24.1699	66.4868	24.1699	66.9398	24.1699	66.2957	24.1699	66.8814	24.1699	66.1538	24.1699	66.76	24.1699	66.1247	24.1699	66.6138	24.1699	66.2758	24.1699	66.5194	24.1699	66.6586	24.1699	66.5961	24.1699	67.2869	24.1699	66.9775	24.1699	68.1308	24.1699	67.7369	24.1699	69.1301	24.1699	68.8284	24.1699	70.2168	24.1699	70.1143	24.1699	71.329	24.1699	71.443	24.1699	72.4131	24.1699	72.6952	24.1699	73.4192	24.1699	73.7883	24.1699	74.2975	24.1699	74.6661	24.1699	74.9986	24.1699	75.2903	24.1699	75.4771	24.1699	75.6371	24.1699	75.6973
25.6348	68.3864	25.6348	68.2504	25.6348	68.4851	25.6348	68.0983	25.6348	68.5359	25.6348	67.963	25.6348	68.54	25.6348	67.8886	25.6348	68.5138	25.6348	67.9286	25.6348	68.4952	25.6348	68.1363	25.6348	68.5489	25.6348	68.5498	25.6348	68.7629	25.6348	69.1772	25.6348	69.2227	25.6348	69.9919	25.6348	69.9677	25.6348	70.9429	25.6348	70.9614	25.6348	71.9703	25.6348	72.1079	25.6348	73.018	25.6348	73.2946	25.6348	74.0368	25.6348	74.4228	25.6348	74.9816	25.6348	75.4161	25.6348	75.8077	25.6348	76.2179	25.6348	76.4704	25.6348	76.7876	25.6348	76.9273	25.6348	77.0998	25.6348	77.1443
26.3672	69.1875	26.3672	69.0637	26.3672	69.2995	26.3672	68.9504	26.3672	69.3885	26.3672	68.8804	26.3672	69.4554	26.3672	68.8949	26.3672	69.5154	26.3672	69.0374	26.3672	69.6016	26.3672	69.3441	26.3672	69.7655	26.3672	69.8316	26.3672	70.0713	26.3672	70.4913	26.3672	70.5761	26.3672	71.2921	26.3672	71.3029	26.3672	72.1907	26.3672	72.2236	26.3672	73.1423	26.3672	73.2685	26.3672	74.1063	26.3672	74.3507	26.3672	75.0449	26.3672	75.3874	26.3672	75.9198	26.3672	76.3087	26.3672	76.6895	26.3672	77.059	26.3672	77.3095	26.3672	77.5966	26.3672	77.7376	26.3672	77.894	26.3672	77.9394
27.0996	70.7229	27.0996	70.6326	27.0996	70.8105	27.0996	70.5578	27.0996	70.8853	27.0996	70.5239	27.0996	70.9471	27.0996	70.5616	27.0996	71.0067	27.0996	70.7026	27.0996	71.0889	27.0996	70.9732	27.0996	71.2332	27.0996	71.3879	27.0996	71.4896	27.0996	71.9444	27.0996	71.9064	27.0996	72.6243	27.0996	72.5107	27.0996	73.3978	27.0996	73.2915	27.0996	74.2299	27.0996	74.2003	27.0996	75.0849	27.0996	75.1654	27.0996	75.9269	27.0996	76.1105	27.0996	76.7181	27.0996	76.9659	27.0996	77.4171	27.0996	77.6735	27.0996	77.9801	27.0996	78.1888	27.0996	78.3655	27.0996	78.482	27.0996	78.5396
27.832	71.6172	27.832	71.558	27.832	71.6731	27.832	71.5106	27.832	71.7172	27.832	71.4954	27.832	71.749	27.832	71.5371	27.832	71.7774	27.832	71.6617	27.832	71.8235	27.832	71.8922	27.832	71.9219	27.832	72.2438	27.832	72.1181	27.832	72.7197	27.832	72.4595	27.832	73.3094	27.832	72.9779	27.832	73.991	27.832	73.6722	27.832	74.7355	27.832	74.5039	27.832	75.5109	27.832	75.4078	27.832	76.2833	27.832	76.3087	27.832	77.0154	27.832	77.1353	27.832	77.6661	27.832	77.8269	27.832	78.1911	27.832	78.3366	27.832	78.548	27.832	78.6331	27.832	78.7022
29.2969	72.3872	29.2969	72.338	29.2969	72.4372	29.2969	72.3003	29.2969	72.4831	29.2969	72.2893	29.2969	72.5264	29.2969	72.3238	29.2969	72.5768	29.2969	72.4241	29.2969	72.6536	29.2969	72.6103	29.2969	72.7865	29.2969	72.8981	29.2969	73.0123	29.2969	73.2963	29.2969	73.3676	29.2969	73.8042	29.2969	73.8754	29.2969	74.4113	29.2969	74.5329	29.2969	75.0986	29.2969	75.3078	29.2969	75.8391	29.2969	76.1451	29.2969	76.599	29.2969	76.9788	29.2969	77.3373	29.2969	77.7436	29.2969	78.007	29.2969	78.3811	29.2969	78.5586	29.2969	78.8442	29.2969	78.946	29.2969	79.1003	29.2969	79.1334
30.0293	72.8042	30.0293	72.7441	30.0293	72.8648	30.0293	72.6939	30.0293	72.9213	30.0293	72.6673	30.0293	72.9749	30.0293	72.6819	30.0293	73.0338	30.0293	72.7583	30.0293	73.1146	30.0293	72.9178	30.0293	73.2429	30.0293	73.1798	30.0293	73.4516	30.0293	73.5569	30.0293	73.7745	30.0293	74.0504	30.0293	74.236	30.0293	74.6487	30.0293	74.8388	30.0293	75.3285	30.0293	75.5587	30.0293	76.0584	30.0293	76.3476	30.0293	76.8026	30.0293	77.1439	30.0293	77.5213	30.0293	77.8832	30.0293	78.1706	30.0293	78.5057	30.0293	78.7042	30.0293	78.9622	30.0293	79.0777	30.0293	79.2179	30.0293	79.2557
31.4941	73.7839	31.4941	73.7118	31.4941	73.8681	31.4941	73.6595	31.4941	73.9606	31.4941	73.6385	31.4941	74.0628	31.4941	73.6631	31.4941	74.1812	31.4941	73.7494	31.4941	74.3285	31.4941	73.9135	31.4941	74.523	31.4941	74.1692	31.4941	74.787	31.4941	74.5256	31.4941	75.1418	31.4941	74.9846	31.4941	75.6018	31.4941	75.5396	31.4941	76.1665	31.4941	76.175	31.4941	76.8174	31.4941	76.8668	31.4941	77.5184	31.4941	77.5826	31.4941	78.2208	31.4941	78.2826	31.4941	78.8708	31.4941	78.9214	31.4941	79.4155	31.4941	79.452	31.4941	79.8093	31.4941	79.8311	31.4941	80.0187	31.4941	80.026
32.2266	74.2849	32.2266	74.2243	32.2266	74.3597	32.2266	74.185	32.2266	74.4451	32.2266	74.1772	32.2266	74.5417	32.2266	74.2133	32.2266	74.6546	32.2266	74.3076	32.2266	74.7945	32.2266	74.4742	32.2266	74.9766	32.2266	74.725	32.2266	75.2203	32.2266	75.0678	32.2266	75.5449	32.2266	75.5038	32.2266	75.9643	32.2266	76.0256	32.2266	76.4812	32.2266	76.618	32.2266	77.0817	32.2266	77.2581	32.2266	77.7351	32.2266	77.9168	32.2266	78.3974	32.2266	78.5591	32.2266	79.0168	32.2266	79.145	32.2266	79.5414	32.2266	79.6317	32.2266	79.9253	32.2266	79.9782	32.2266	80.1346	32.2266	80.152
33.6914	75.0909	33.6914	75.0409	33.6914	75.1603	33.6914	75.016	33.6914	75.2464	33.6914	75.0238	33.6914	75.3493	33.6914	75.0734	33.6914	75.4727	33.6914	75.1749	33.6914	75.6239	33.6914	75.3382	33.6914	75.8139	33.6914	75.5713	33.6914	76.0563	33.6914	75.879	33.6914	76.365	33.6914	76.2616	33.6914	76.7507	33.6914	76.7142	33.6914	77.2156	33.6914	77.2269	33.6914	77.7501	33.6914	77.7843	33.6914	78.3303	33.6914	78.3656	33.6914	78.9193	33.6914	78.9429	33.6914	79.4714	33.6914	79.4805	33.6914	79.9384	33.6914	79.9372	33.6914	80.2763	33.6914	80.2719	33.6914	80.4525	33.6914	80.4503
34.4238	75.5699	34.4238	75.5247	34.4238	75.6373	34.4238	75.5064	34.4238	75.7242	34.4238	75.5217	34.4238	75.8305	34.4238	75.5782	34.4238	75.9592	34.4238	75.6844	34.4238	76.1161	34.4238	75.8482	34.4238	76.3104	34.4238	76.0761	34.4238	76.5534	34.4238	76.3721	34.4238	76.8567	34.4238	76.7369	34.4238	77.229	34.4238	77.1669	34.4238	77.6723	34.4238	77.6538	34.4238	78.1782	34.4238	78.184	34.4238	78.7254	34.4238	78.7379	34.4238	79.2806	34.4238	79.2883	34.4238	79.8013	34.4238	79.8008	34.4238	80.2422	34.4238	80.2362	34.4238	80.5617	34.4238	80.555	34.4238	80.7281	34.4238	80.7253
35.8887	76.0857	35.8887	76.045	35.8887	76.1514	35.8887	76.0326	35.8887	76.2401	35.8887	76.0531	35.8887	76.3516	35.8887	76.112	35.8887	76.4878	35.8887	76.2151	35.8887	76.6527	35.8887	76.3685	35.8887	76.8525	35.8887	76.5774	35.8887	77.0949	35.8887	76.8459	35.8887	77.3877	35.8887	77.1758	35.8887	77.7371	35.8887	77.5657	35.8887	78.1445	35.8887	78.0098	35.8887	78.603	35.8887	78.4967	35.8887	79.0958	35.8887	79.0088	35.8887	79.595	35.8887	79.521	35.8887	80.064	35.8887	80.0012	35.8887	80.4614	35.8887	80.4121	35.8887	80.7482	35.8887	80.7164	35.8887	80.8941	35.8887	80.883
37.3535	76.7711	37.3535	76.7327	37.3535	76.8369	37.3535	76.7243	37.3535	76.9286	37.3535	76.7493	37.3535	77.0456	37.3535	76.812	37.3535	77.1887	37.3535	76.9167	37.3535	77.36	37.3535	77.0683	37.3535	77.5633	37.3535	77.271	37.3535	77.803	37.3535	77.5281	37.3535	78.0843	37.3535	77.8404	37.3535	78.411	37.3535	78.206	37.3535	78.7841	37.3535	78.6187	37.3535	79.1988	37.3535	79.0676	37.3535	79.6419	37.3535	79.5369	37.3535	80.0909	37.3535	80.0047	37.3535	80.5141	37.3535	80.4433	37.3535	80.8745	37.3535	80.8198	37.3535	81.1353	37.3535	81.1002	37.3535	81.2674	37.3535	81.2552
38.8184	77.3987	38.8184	77.3638	38.8184	77.4635	38.8184	77.3605	38.8184	77.5566	38.8184	77.3913	38.8184	77.6773	38.8184	77.459	38.8184	77.8255	38.8184	77.5666	38.8184	78.0019	38.8184	77.717	38.8184	78.208	38.8184	77.9131	38.8184	78.4462	38.8184	78.1566	38.8184	78.7189	38.8184	78.4479	38.8184	79.0279	38.8184	78.7851	38.8184	79.373	38.8184	79.163	38.8184	79.7498	38.8184	79.5724	38.8184	80.1473	38.8184	79.9995	38.8184	80.5468	38.8184	80.425	38.8184	80.9216	38.8184	80.8238	38.8184	81.2397	38.8184	81.1668	38.8184	81.4687	38.8184	81.4232	38.8184	81.5825	38.8184	81.567
39.5508	77.6706	39.5508	77.6335	39.5508	77.7376	39.5508	77.6279	39.5508	77.8331	39.5508	77.6558	39.5508	77.9563	39.5508	77.7194	39.5508	78.1067	39.5508	77.8212	39.5508	78.2843	39.5508	77.9638	39.5508	78.4898	39.5508	78.1496	39.5508	78.7244	39.5508	78.3805	39.5508	78.9896	39.5508	78.6573	39.5508	79.2864	39.5508	78.9787	39.5508	79.6143	39.5508	79.3404	39.5508	79.9693	39.5508	79.7341	39.5508	80.3422	39.5508	80.1464	39.5508	80.7164	39.5508	80.5585	39.5508	81.0678	39.5508	80.9459	39.5508	81.3665	39.5508	81.2794	39.5508	81.5818	39.5508	81.5293	39.5508	81.688	39.5508	81.6704
41.0156	78.2326	41.0156	78.1981	41.0156	78.2976	41.0156	78.1951	41.0156	78.3919	41.0156	78.225	41.0156	78.5143	41.0156	78.2892	41.0156	78.6637	41.0156	78.3891	41.0156	78.8392	41.0156	78.5266	41.0156	79.04	41.0156	78.7033	41.0156	79.2657	41.0156	78.9202	41.0156	79.5161	41.0156	79.1775	41.0156	79.7911	41.0156	79.4736	41.0156	80.0896	41.0156	79.804	41.0156	80.4086	41.0156	80.1612	41.0156	80.7405	41.0156	80.5335	41.0156	81.0721	41.0156	80.9048	41.0156	81.3833	41.0156	81.2538	41.0156	81.6479	41.0156	81.5552	41.0156	81.8383	41.0156	81.7823	41.0156	81.9308	41.0156	81.9121
42.4805	78.7672	42.4805	78.7371	42.4805	78.8279	42.4805	78.738	42.4805	78.9181	42.4805	78.7703	42.4805	79.0366	42.4805	78.8343	42.4805	79.182	42.4805	78.9301	42.4805	79.3525	42.4805	79.0581	42.4805	79.5464	42.4805	79.2185	42.4805	79.762	42.4805	79.4118	42.4805	79.998	42.4805	79.6378	42.4805	80.253	42.4805	79.896	42.4805	80.5254	42.4805	80.1841	42.4805	80.8121	42.4805	80.4971	42.4805	81.107	42.4805	80.8267	42.4805	81.3991	42.4805	81.1596	42.4805	81.6709	42.4805	81.4774	42.4805	81.8997	42.4805	81.757	42.4805	82.0606	42.4805	81.9728	42.4805	82.1321	42.4805	82.1025
43.9453	79.3378	43.9453	79.3085	43.9453	79.3975	43.9453	79.31	43.9453	79.4868	43.9453	79.342	43.9453	79.6046	43.9453	79.4042	43.9453	79.7488	43.9453	79.4965	43.9453	79.9171	43.9453	79.6183	43.9453	80.107	43.9453	79.7697	43.9453	80.3159	43.9453	79.9507	43.9453	80.5414	43.9453	80.1609	43.9453	80.7814	43.9453	80.3998	43.9453	81.034	43.9453	80.6652	43.9453	81.2964	43.9453	80.953	43.9453	81.5634	43.9453	81.2559	43.9453	81.8261	43.9453	81.5625	43.9453	82.0695	43.9453	81.8566	43.9453	82.2737	43.9453	82.1169	43.9453	82.416	43.9453	82.3198	43.9453	82.4765	43.9453	82.4441
45.4102	79.819	45.4102	79.7901	45.4102	79.8784	45.4102	79.7919	45.4102	79.9676	45.4102	79.8239	45.4102	80.0851	45.4102	79.8855	45.4102	80.2288	45.4102	79.9758	45.4102	80.3959	45.4102	80.094	45.4102	80.5832	45.4102	80.2393	45.4102	80.7875	45.4102	80.4111	45.4102	81.0057	45.4102	80.6089	45.4102	81.235	45.4102	80.8318	45.4102	81.473	45.4102	81.0782	45.4102	81.717	45.4102	81.3446	45.4102	81.9625	45.4102	81.6249	45.4102	82.2017	45.4102	81.9095	45.4102	82.4216	45.4102	82.1837	45.4102	82.6044	45.4102	82.4282	45.4102	82.7295	45.4102	82.6211	45.4102	82.7789	45.4102	82.7423
47.6074	80.4973	47.6074	80.469	47.6074	80.557	47.6074	80.4722	47.6074	80.6477	47.6074	80.5059	47.6074	80.7674	47.6074	80.5685	47.6074	80.9136	47.6074	80.6581	47.6074	81.0826	47.6074	80.7729	47.6074	81.2702	47.6074	80.911	47.6074	81.472	47.6074	81.0709	47.6074	81.6836	47.6074	81.2513	47.6074	81.9009	47.6074	81.4513	47.6074	82.1205	47.6074	81.6695	47.6074	82.3392	47.6074	81.9038	47.6074	82.5531	47.6074	82.1499	47.6074	82.7559	47.6074	82.4007	47.6074	82.9379	47.6074	82.6447	47.6074	83.0848	47.6074	82.8658	47.6074	83.1801	47.6074	83.0447	47.6074	83.2089	47.6074	83.1631
49.0723	81.0543	49.0723	81.0236	49.0723	81.1153	49.0723	81.0227	49.0723	81.2058	49.0723	81.0504	49.0723	81.3245	49.0723	81.1051	49.0723	81.4685	49.0723	81.1846	49.0723	81.6341	49.0723	81.287	49.0723	81.817	49.0723	81.4105	49.0723	82.0121	49.0723	81.5538	49.0723	82.2147	49.0723	81.7158	49.0723	82.4201	49.0723	81.8958	49.0723	82.6244	49.0723	82.0933	49.0723	82.8243	49.0723	82.3067	49.0723	83.016	49.0723	82.533	49.0723	83.1942	49.0723	82.7663	49.0723	83.3506	49.0723	82.9961	49.0723	83.473	49.0723	83.2077	49.0723	83.547	49.0723	83.3829	49.0723	83.5597	49.0723	83.5041
50.5371	81.5413	50.5371	81.5122	50.5371	81.6006	50.5371	81.5129	50.5371	81.6895	50.5371	81.5423	50.5371	81.8064	50.5371	81.5984	50.5371	81.9481	50.5371	81.679	50.5371	82.1109	50.5371	81.7817	50.5371	82.2898	50.5371	81.9041	50.5371	82.4796	50.5371	82.0444	50.5371	82.6749	50.5371	82.2009	50.5371	82.8706	50.5371	82.3726	50.5371	83.0625	50.5371	82.5586	50.5371	83.2471	50.5371	82.7572	50.5371	83.421	50.5371	82.9655	50.5371	83.58	50.5371	83.1781	50.5371	83.7176	50.5371	83.3862	50.5371	83.8239	50.5371	83.5769	50.5371	83.8872	50.5371	83.7347	50.5371	83.896	50.5371	83.8445
52.7344	82.1235	52.7344	82.0931	52.7344	82.1848	52.7344	82.093	52.7344	82.2763	52.7344	82.1217	52.7344	82.3962	52.7344	82.177	52.7344	82.5414	52.7344	82.2562	52.7344	82.7075	52.7344	82.3564	52.7344	82.8892	52.7344	82.4749	52.7344	83.0805	52.7344	82.6093	52.7344	83.2751	52.7344	82.7578	52.7344	83.4673	52.7344	82.9188	52.7344	83.6519	52.7344	83.0912	52.7344	83.8246	52.7344	83.2737	52.7344	83.9821	52.7344	83.464	52.7344	84.1206	52.7344	83.6583	52.7344	84.235	52.7344	83.8499	52.7344	84.3178	52.7344	84.0283	52.7344	84.3598	52.7344	84.18	52.7344	84.3523	52.7344	84.2913
54.1992	82.5859	54.1992	82.5605	54.1992	82.6412	54.1992	82.5641	54.1992	82.7261	54.1992	82.5951	54.1992	82.8388	54.1992	82.6508	54.1992	82.9764	54.1992	82.7283	54.1992	83.1343	54.1992	82.8244	54.1992	83.3071	54.1992	82.9358	54.1992	83.4885	54.1992	83.0599	54.1992	83.672	54.1992	83.1943	54.1992	83.8511	54.1992	83.3374	54.1992	84.0205	54.1992	83.4881	54.1992	84.1757	54.1992	83.6458	54.1992	84.3134	54.1992	83.8094	54.1992	84.4307	54.1992	83.9766	54.1992	84.5238	54.1992	84.1425	54.1992	84.5873	54.1992	84.299	54.1992	84.6144	54.1992	84.4348	54.1992	84.5988	54.1992	84.5378
56.3965	83.2842	56.3965	83.2639	56.3965	83.3333	56.3965	83.2715	56.3965	83.411	56.3965	83.3048	56.3965	83.5159	56.3965	83.361	56.3965	83.645	56.3965	83.4369	56.3965	83.7939	56.3965	83.529	56.3965	83.9572	56.3965	83.6338	56.3965	84.1283	56.3965	83.748	56.3965	84.3002	56.3965	83.8693	56.3965	84.4661	56.3965	83.9956	56.3965	84.6199	56.3965	84.1258	56.3965	84.7567	56.3965	84.2592	56.3965	84.8733	56.3965	84.3956	56.3965	84.9674	56.3965	84.5337	56.3965	85.0372	56.3965	84.671	56.3965	85.0799	56.3965	84.8018	56.3965	85.0915	56.3965	84.9178	56.3965	85.0684	56.3965	85.0093
58.5938	83.9433	58.5938	83.9278	58.5938	83.9877	58.5938	83.9401	58.5938	84.061	58.5938	83.978	58.5938	84.1614	58.5938	84.0382	58.5938	84.2862	58.5938	84.1171	58.5938	84.4308	58.5938	84.2104	58.5938	84.5896	58.5938	84.3139	58.5938	84.7557	58.5938	84.4239	58.5938	84.9219	58.5938	84.5372	58.5938	85.0806	58.5938	84.6515	58.5938	85.225	58.5938	84.7654	58.5938	85.3498	58.5938	84.8786	58.5938	85.4514	58.5938	84.9911	58.5938	85.5278	58.5938	85.1032	58.5938	85.5782	58.5938	85.2144	58.5938	85.602	58.5938	85.3222	58.5938	85.5979	58.5938	85.4215	58.5938	85.5652	58.5938	85.5049
60.0586	84.3132	60.0586	84.2936	60.0586	84.3613	60.0586	84.3013	60.0586	84.4374	60.0586	84.334	60.0586	84.5398	60.0586	84.3884	60.0586	84.6653	60.0586	84.4601	60.0586	84.8092	60.0586	84.5444	60.0586	84.9657	60.0586	84.6365	60.0586	85.1277	60.0586	84.7321	60.0586	85.2877	60.0586	84.8279	60.0586	85.4379	60.0586	84.9218	60.0586	85.5712	60.0586	85.0135	60.0586	85.6816	60.0586	85.1039	60.0586	85.7652	60.0586	85.1952	60.0586	85.8203	60.0586	85.2896	60.0586	85.8465	60.0586	85.3886	60.0586	85.8446	60.0586	85.4909	60.0586	85.8157	60.0586	85.5922	60.0586	85.7614	60.0586	85.6849
62.2559	84.8493	62.2559	84.8249	62.2559	84.8992	62.2559	84.8252	62.2559	84.9741	62.2559	84.8477	62.2559	85.072	62.2559	84.8892	62.2559	85.1893	62.2559	84.9453	62.2559	85.3212	62.2559	85.0115	62.2559	85.4616	62.2559	85.083	62.2559	85.6032	62.2559	85.1559	62.2559	85.7387	62.2559	85.2274	62.2559	85.8605	62.2559	85.296	62.2559	85.9623	62.2559	85.362	62.2559	86.0392	62.2559	85.4274	62.2559	86.089	62.2559	85.495	62.2559	86.1118	62.2559	85.568	62.2559	86.1099	62.2559	85.648	62.2559	86.0861	62.2559	85.7344	62.2559	86.0432	62.2559	85.8232	62.2559	85.983	62.2559	85.9082
64.4531	85.2419	64.4531	85.2133	64.4531	85.2986	64.4531	85.2121	64.4531	85.383	64.4531	85.2357	64.4531	85.493	64.4531	85.2809	64.4531	85.6249	64.4531	85.3432	64.4531	85.7736	64.4531	85.4179	64.4531	85.9325	64.4531	85.5006	64.4531	86.0942	64.4531	85.5869	64.4531	86.2503	64.4531	85.6739	64.4531	86.3924	64.4531	85.7595	64.4531	86.5131	64.4531	85.8433	64.4531	86.6063	64.4531	85.9261	64.4531	86.6687	64.4531	86.0098	64.4531	86.6993	64.4531	86.0962	64.4531	86.6999	64.4531	86.1869	64.4531	86.6735	64.4531	86.2818	64.4531	86.6238	64.4531	86.3781	64.4531	86.5549	64.4531	86.4711
66.6504	85.697	66.6504	85.665	66.6504	85.7546	66.6504	85.658	66.6504	85.8375	66.6504	85.6736	66.6504	85.9437	66.6504	85.7089	66.6504	86.0701	66.6504	85.7596	66.6504	86.2119	66.6504	85.8212	66.6504	86.3628	66.6504	85.889	66.6504	86.5155	66.6504	85.9586	66.6504	86.6612	66.6504	86.0267	66.6504	86.7911	66.6504	86.0912	66.6504	86.8967	66.6504	86.1517	66.6504	86.9711	66.6504	86.2091	66.6504	87.0099	66.6504	86.2658	66.6504	87.012	66.6504	86.3252	66.6504	86.98	66.6504	86.3909	66.6504	86.9192	66.6504	86.4659	66.6504	86.8375	66.6504	86.5515	66.6504	86.7434	66.6504	86.6456
69.5801	86.2259	69.5801	86.1824	69.5801	86.2946	69.5801	86.1643	69.5801	86.3873	69.5801	86.1699	69.5801	86.5012	69.5801	86.1967	69.5801	86.6323	69.5801	86.2406	69.5801	86.7752	69.5801	86.2973	69.5801	86.9233	69.5801	86.3618	69.5801	87.0689	69.5801	86.4296	69.5801	87.2033	69.5801	86.4966	69.5801	87.3175	69.5801	86.5599	69.5801	87.4033	69.5801	86.6175	69.5801	87.4539	69.5801	86.6689	69.5801	87.4658	69.5801	86.7151	69.5801	87.4394	69.5801	86.7587	69.5801	87.3795	69.5801	86.8042	69.5801	87.295	69.5801	86.8571	69.5801	87.1969	69.5801	86.9227	69.5801	87.0964	69.5801	87.003
71.7773	86.4735	71.7773	86.4237	71.7773	86.5477	71.7773	86.3989	71.7773	86.6444	71.7773	86.399	71.7773	86.7608	71.7773	86.4222	71.7773	86.893	71.7773	86.466	71.7773	87.0358	71.7773	86.5265	71.7773	87.183	71.7773	86.5988	71.7773	87.3268	71.7773	86.6773	71.7773	87.4587	71.7773	86.7563	71.7773	87.5696	71.7773	86.8305	71.7773	87.6509	71.7773	86.8954	71.7773	87.6958	71.7773	86.9486	71.7773	87.7007	71.7773	86.9899	71.7773	87.6661	71.7773	87.0224	71.7773	87.5976	71.7773	87.0524	71.7773	87.5052	71.7773	87.0886	71.7773	87.4014	71.7773	87.1395	71.7773	87.2993	71.7773	87.2099
73.9746	86.7683	73.9746	86.7308	73.9746	86.8297	73.9746	86.7164	73.9746	86.9145	73.9746	86.7234	73.9746	87.021	73.9746	86.7486	73.9746	87.146	73.9746	86.7884	73.9746	87.285	73.9746	86.8379	73.9746	87.4318	73.9746	86.8922	73.9746	87.5783	73.9746	86.9459	73.9746	87.715	73.9746	86.9945	73.9746	87.8316	73.9746	87.0346	73.9746	87.9177	73.9746	87.0644	73.9746	87.9647	73.9746	87.0848	73.9746	87.9669	73.9746	87.0993	73.9746	87.9234	73.9746	87.1141	73.9746	87.8388	73.9746	87.1376	73.9746	87.7232	73.9746	87.1789	73.9746	87.5911	73.9746	87.2454	73.9746	87.4584	73.9746	87.3399
76.9043	87.1536	76.9043	87.1039	76.9043	87.2242	76.9043	87.0751	76.9043	87.3143	76.9043	87.0659	76.9043	87.4216	76.9043	87.0736	76.9043	87.5426	76.9043	87.0942	76.9043	87.6726	76.9043	87.1225	76.9043	87.8054	76.9043	87.1531	76.9043	87.9333	76.9043	87.1805	76.9043	88.0472	76.9043	87.2002	76.9043	88.137	76.9043	87.2092	76.9043	88.1928	76.9043	87.2068	76.9043	88.206	76.9043	87.1951	76.9043	88.1713	76.9043	87.1792	76.9043	88.0885	76.9043	87.1668	76.9043	87.9635	76.9043	87.1677	76.9043	87.8088	76.9043	87.1929	76.9043	87.6422	76.9043	87.2519	76.9043	87.4833	76.9043	87.3496
79.834	87.3332	79.834	87.2752	79.834	87.4077	79.834	87.2343	79.834	87.4972	79.834	87.21	79.834	87.5993	79.834	87.2008	79.834	87.7108	79.834	87.2037	79.834	87.8272	79.834	87.215	79.834	87.9426	79.834	87.2299	79.834	88.0497	79.834	87.2434	79.834	88.1394	79.834	87.2508	79.834	88.2019	79.834	87.2483	79.834	88.2274	79.834	87.2341	79.834	88.2079	79.834	87.2084	79.834	88.1391	79.834	87.1746	79.834	88.0223	79.834	87.1395	79.834	87.8662	79.834	87.1135	79.834	87.6865	79.834	87.1096	79.834	87.5045	79.834	87.1414	79.834	87.3425	79.834	87.2186
82.7637	87.3188	82.7637	87.2675	82.7637	87.3889	82.7637	87.2347	82.7637	87.4765	82.7637	87.2192	82.7637	87.5796	82.7637	87.2184	82.7637	87.6947	82.7637	87.2287	82.7637	87.8173	82.7637	87.2453	82.7637	87.941	82.7637	87.263	82.7637	88.0575	82.7637	87.2766	82.7637	88.1568	82.7637	87.2816	82.7637	88.2276	82.7637	87.2743	82.7637	88.2588	82.7637	87.2529	82.7637	88.241	82.7637	87.2181	82.7637	88.1692	82.7637	87.1733	82.7637	88.0444	82.7637	87.126	82.7637	87.8759	82.7637	87.0879	82.7637	87.6812	82.7637	87.0742	82.7637	87.484	82.7637	87.1007	82.7637	87.3097	82.7637	87.1785
85.6934	87.4427	85.6934	87.3935	85.6934	87.5106	85.6934	87.3631	85.6934	87.5962	85.6934	87.3509	85.6934	87.6976	85.6934	87.3546	85.6934	87.8121	85.6934	87.371	85.6934	87.9359	85.6934	87.3956	85.6934	88.0634	85.6934	87.4231	85.6934	88.1871	85.6934	87.4484	85.6934	88.297	85.6934	87.4663	85.6934	88.3817	85.6934	87.4729	85.6934	88.4292	85.6934	87.4657	85.6934	88.4292	85.6934	87.4445	85.6934	88.3752	85.6934	87.412	85.6934	88.2672	85.6934	87.3747	85.6934	88.113	85.6934	87.3438	85.6934	87.9294	85.6934	87.3344	85.6934	87.7398	85.6934	87.3626	85.6934	87.5697	85.6934	87.4404
88.623	87.4083	88.623	87.347	88.623	87.4853	88.623	87.303	88.623	87.5759	88.623	87.2773	88.623	87.6779	88.623	87.2695	88.623	87.7888	88.623	87.278	88.623	87.9052	88.623	87.2992	88.623	88.0226	88.623	87.3279	88.623	88.1344	88.623	87.3577	88.623	88.2319	88.623	87.3814	88.623	88.3044	88.623	87.3923	88.623	88.3407	88.623	87.385	88.623	88.3304	88.623	87.3572	88.623	88.2666	88.623	87.3113	88.623	88.1489	88.623	87.256	88.623	87.9847	88.623	87.2062	88.623	87.7905	88.623	87.1814	88.623	87.5904	88.623	87.2008	88.623	87.4115	88.623	87.2773
91.5527	87.5197	91.5527	87.463	91.5527	87.5888	91.5527	87.4188	91.5527	87.669	91.5527	87.3871	91.5527	87.7587	91.5527	87.3665	91.5527	87.8556	91.5527	87.3547	91.5527	87.956	91.5527	87.3482	91.5527	88.0549	91.5527	87.3424	91.5527	88.1451	91.5527	87.3321	91.5527	88.2175	91.5527	87.3121	91.5527	88.2615	91.5527	87.2779	91.5527	88.2662	91.5527	87.2271	91.5527	88.2219	91.5527	87.1599	91.5527	88.123	91.5527	87.0806	91.5527	87.9699	91.5527	86.9986	91.5527	87.7715	91.5527	86.9285	91.5527	87.5462	91.5527	86.8895	91.5527	87.3201	91.5527	86.9016	91.5527	87.1226	91.5527	86.9787
94.4824	87.4208	94.4824	87.359	94.4824	87.4947	94.4824	87.3097	94.4824	87.5799	94.4824	87.2725	94.4824	87.6749	94.4824	87.2466	94.4824	87.7773	94.4824	87.2299	94.4824	87.8833	94.4824	87.2193	94.4824	87.9872	94.4824	87.2107	94.4824	88.081	94.4824	87.1991	94.4824	88.1545	94.4824	87.179	94.4824	88.1964	94.4824	87.1458	94.4824	88.1951	94.4824	87.0965	94.4824	88.1411	94.4824	87.0306	94.4824	88.0296	94.4824	86.952	94.4824	87.8624	94.4824	86.8696	94.4824	87.6504	94.4824	86.7981	94.4824	87.4141	94.4824	86.7565	94.4824	87.1812	94.4824	86.765	94.4824	86.9814	94.4824	86.8389
98.1445	87.3193	98.1445	87.2769	98.1445	87.3717	98.1445	87.2436	98.1445	87.4347	98.1445	87.2179	98.1445	87.5085	98.1445	87.1982	98.1445	87.5925	98.1445	87.1821	98.1445	87.6846	98.1445	87.1667	98.1445	87.7806	98.1445	87.1486	98.1445	87.873	98.1445	87.1242	98.1445	87.9513	98.1445	87.0902	98.1445	88.0024	98.1445	87.0436	98.1445	88.0124	98.1445	86.9829	98.1445	87.9691	98.1445	86.9085	98.1445	87.8653	98.1445	86.8236	98.1445	87.7017	98.1445	86.7361	98.1445	87.4897	98.1445	86.6589	98.1445	87.2512	98.1445	86.6105	98.1445	87.0164	98.1445	86.6115	98.1445	86.8173	98.1445	86.6787
101.807	87.1783	101.807	87.1326	101.807	87.2329	101.807	87.096	101.807	87.2963	101.807	87.0682	101.807	87.3685	101.807	87.0481	101.807	87.4493	101.807	87.0332	101.807	87.5381	101.807	87.0202	101.807	87.632	101.807	87.0046	101.807	87.7251	101.807	86.9811	101.807	87.8079	101.807	86.9445	101.807	87.8669	101.807	86.8907	101.807	87.8868	101.807	86.8174	101.807	87.8533	101.807	86.7256	101.807	87.7564	101.807	86.6212	101.807	87.5942	101.807	86.5157	101.807	87.3756	101.807	86.4267	101.807	87.1221	101.807	86.3765	101.807	86.8648	101.807	86.3873	101.807	86.6389	101.807	86.4744
105.469	86.9633	105.469	86.9059	105.469	87.0284	105.469	86.8569	105.469	87.1002	105.469	86.8165	105.469	87.178	105.469	86.7836	105.469	87.2609	105.469	86.7559	105.469	87.3478	105.469	86.7296	105.469	87.436	105.469	86.7001	105.469	87.5198	105.469	86.6622	105.469	87.5902	105.469	86.6109	105.469	87.6344	105.469	86.5421	105.469	87.6374	105.469	86.4541	105.469	87.585	105.469	86.3485	105.469	87.4675	105.469	86.2316	105.469	87.2832	105.469	86.1157	105.469	87.0419	105.469	86.0192	105.469	86.766	105.469	85.9652	105.469	86.4885	105.469	85.9768	105.469	86.246	105.469	86.0699
109.131	86.6127	109.131	86.5437	109.131	86.6902	109.131	86.4852	109.131	86.774	109.131	86.4383	109.131	86.8624	109.131	86.4029	109.131	86.9539	109.131	86.3766	109.131	87.0471	109.131	86.3554	109.131	87.139	109.131	86.3336	109.131	87.2239	109.131	86.3047	109.131	87.2929	109.131	86.2623	109.131	87.3331	109.131	86.2011	109.131	87.3299	109.131	86.1183	109.131	87.2694	109.131	86.0148	109.131	87.1424	109.131	85.8967	109.131	86.9479	109.131	85.7766	109.131	86.6967	109.131	85.6741	109.131	86.4124	109.131	85.6135	109.131	86.1291	109.131	85.6194	109.131	85.8841	109.131	85.7088
112.793	86.4849	112.793	86.4104	112.793	86.5616	112.793	86.3406	112.793	86.6387	112.793	86.2779	112.793	86.7156	112.793	86.2237	112.793	86.7925	112.793	86.1777	112.793	86.8696	112.793	86.1376	112.793	86.9458	112.793	86.0986	112.793	87.0171	112.793	86.0549	112.793	87.0752	112.793	86	112.793	87.108	112.793	85.9287	112.793	87.1005	112.793	85.8382	112.793	87.0386	112.793	85.7297	112.793	86.9119	112.793	85.6099	112.793	86.7188	112.793	85.4919	112.793	86.469	112.793	85.3955	112.793	86.1848	112.793	85.3446	112.793	85.8989	112.793	85.3622	112.793	85.648	112.793	85.4633
116.455	86.3864	116.455	86.3178	116.455	86.4533	116.455	86.2498	116.455	86.5172	116.455	86.1848	116.455	86.5783	116.455	86.1246	116.455	86.6379	116.455	86.0695	116.455	86.6978	116.455	86.0179	116.455	86.7584	116.455	85.9662	116.455	86.8173	116.455	85.9096	116.455	86.8671	116.455	85.8429	116.455	86.8959	116.455	85.7615	116.455	86.8882	116.455	85.6632	116.455	86.8282	116.455	85.5493	116.455	86.7045	116.455	85.4263	116.455	86.5141	116.455	85.3067	116.455	86.2665	116.455	85.2095	116.455	85.9841	116.455	85.1576	116.455	85.7006	116.455	85.1733	116.455	85.4527	116.455	85.2714
120.85	86.21	120.85	86.1296	120.85	86.2808	120.85	86.0427	120.85	86.3407	120.85	85.9534	120.85	86.3899	120.85	85.8656	120.85	86.4302	120.85	85.7825	120.85	86.4645	120.85	85.705	120.85	86.4949	120.85	85.6318	120.85	86.5211	120.85	85.5588	120.85	86.5392	120.85	85.4809	120.85	86.5401	120.85	85.3925	120.85	86.5113	120.85	85.2902	120.85	86.4386	120.85	85.1747	120.85	86.3113	120.85	85.0526	120.85	86.1258	120.85	84.9378	120.85	85.8897	120.85	84.8496	120.85	85.6227	120.85	84.8095	120.85	85.3545	120.85	84.836	120.85	85.1175	120.85	84.9393
125.244	86.275	125.244	86.1906	125.244	86.3513	125.244	86.0985	125.244	86.4195	125.244	85.9988	125.244	86.48	125.244	85.8911	125.244	86.5337	125.244	85.7749	125.244	86.5813	125.244	85.6494	125.244	86.6225	125.244	85.5139	125.244	86.6539	125.244	85.3684	125.244	86.6685	125.244	85.2138	125.244	86.6546	125.244	85.053	125.244	86.5982	125.244	84.8904	125.244	86.4853	125.244	84.7331	125.244	86.3065	125.244	84.5906	125.244	86.0612	125.244	84.475	125.244	85.7608	125.244	84.401	125.244	85.4293	125.244	84.3851	125.244	85.1	125.244	84.4429	125.244	84.8087	125.244	84.5844
129.639	86.0462	129.639	85.9823	129.639	86.1054	129.639	85.9155	129.639	86.1588	129.639	85.8473	129.639	86.2071	129.639	85.7785	129.639	86.2524	129.639	85.7078	129.639	86.2974	129.639	85.6323	129.639	86.3439	129.639	85.5482	129.639	86.3901	129.639	85.4512	129.639	86.4287	129.639	85.3381	129.639	86.4469	129.639	85.2081	129.639	86.4276	129.639	85.0636	129.639	86.3536	129.639	84.9112	129.639	86.2124	129.639	84.7617	129.639	86.0014	129.639	84.6299	129.639	85.7311	129.639	84.5337	129.639	85.4256	129.639	84.4932	129.639	85.1193	129.639	84.5269	129.639	84.8492	129.639	84.646
134.033	85.6857	134.033	85.6295	134.033	85.7308	134.033	85.5637	134.033	85.7647	134.033	85.4913	134.033	85.7898	134.033	85.4152	134.033	85.8102	134.033	85.3374	134.033	85.8307	134.033	85.2583	134.033	85.855	134.033	85.1761	134.033	85.8835	134.033	85.0872	134.033	85.9106	134.033	84.9871	134.033	85.9244	134.033	84.8718	134.033	85.9078	134.033	84.74	134.033	85.8427	134.033	84.5947	134.033	85.7147	134.033	84.4443	134.033	85.5193	134.033	84.3036	134.033	85.2653	134.033	84.1922	134.033	84.9759	134.033	84.133	134.033	84.6857	134.033	84.1469	134.033	84.4322	134.033	84.2468
138.428	85.4495	138.428	85.3888	138.428	85.4987	138.428	85.3184	138.428	85.5357	138.428	85.2398	138.428	85.5611	138.428	85.154	138.428	85.5777	138.428	85.061	138.428	85.5901	138.428	84.9595	138.428	85.6026	138.428	84.8475	138.428	85.6174	138.428	84.7223	138.428	85.6311	138.428	84.5812	138.428	85.6335	138.428	84.4224	138.428	85.608	138.428	84.2467	138.428	85.5349	138.428	84.0592	138.428	85.3969	138.428	83.871	138.428	85.1852	138.428	83.7005	138.428	84.9046	138.428	83.5726	138.428	84.5766	138.428	83.515	138.428	84.2369	138.428	83.5509	138.428	83.9285	138.428	83.6912
143.555	85.385	143.555	85.3058	143.555	85.4511	143.555	85.2186	143.555	85.5003	143.555	85.1281	143.555	85.5314	143.555	85.0369	143.555	85.5463	143.555	84.9448	143.555	85.5497	143.555	84.8487	143.555	85.547	143.555	84.7435	143.555	85.5427	143.555	84.6238	143.555	85.5368	143.555	84.4855	143.555	85.5236	143.555	84.3275	143.555	85.4907	143.555	84.1538	143.555	85.4223	143.555	83.9738	143.555	85.303	143.555	83.8029	143.555	85.1236	143.555	83.6615	143.555	84.8855	143.555	83.5726	143.555	84.6034	143.555	83.5571	143.555	84.3038	143.555	83.6281	143.555	84.0206	143.555	83.7869
148.682	85.1889	148.682	85.0928	148.682	85.2697	148.682	84.9858	148.682	85.332	148.682	84.8724	148.682	85.3751	148.682	84.7555	148.682	85.4007	148.682	84.6353	148.682	85.4118	148.682	84.5089	148.682	85.4116	148.682	84.3717	148.682	85.4011	148.682	84.2187	148.682	85.3771	148.682	84.0464	148.682	85.3313	148.682	83.8554	148.682	85.2511	148.682	83.6509	148.682	85.1227	148.682	83.4442	148.682	84.9354	148.682	83.2521	148.682	84.6864	148.682	83.0955	148.682	84.3849	148.682	82.996	148.682	84.0528	148.682	82.972	148.682	83.721	148.682	83.0352	148.682	83.4232	148.682	83.1883
153.809	84.9847	153.809	84.8898	153.809	85.0606	153.809	84.7822	153.809	85.1145	153.809	84.67	153.809	85.1476	153.809	84.5603	153.809	85.1639	153.809	84.4562	153.809	85.1692	153.809	84.3549	153.809	85.1683	153.809	84.2485	153.809	85.163	153.809	84.1266	153.809	85.1498	153.809	83.9808	153.809	85.1195	153.809	83.8081	153.809	85.0585	153.809	83.6133	153.809	84.9521	153.809	83.4094	153.809	84.7891	153.809	83.2163	153.809	84.5656	153.809	83.0572	153.809	84.2887	153.809	82.9553	153.809	83.9776	153.809	82.9296	153.809	83.6613	153.809	82.9915	153.809	83.373	153.809	83.1427
159.668	84.5471	159.668	84.4633	159.668	84.5977	159.668	84.3505	159.668	84.616	159.668	84.218	159.668	84.6079	159.668	84.0781	159.668	84.5836	159.668	83.9441	159.668	84.5561	159.668	83.8251	159.668	84.5383	159.668	83.723	159.668	84.5387	159.668	83.6311	159.668	84.5565	159.668	83.537	159.668	84.5793	159.668	83.4286	159.668	84.5852	159.668	83.2996	159.668	84.549	159.668	83.1537	159.668	84.4504	159.668	83.0053	159.668	84.2812	159.668	82.8769	159.668	84.0484	159.668	82.7944	159.668	83.773	159.668	82.7803	159.668	83.4852	159.668	82.8478	159.668	83.2171	159.668	82.9974
164.795	84.8466	164.795	84.7524	164.795	84.8983	164.795	84.6177	164.795	84.9071	164.795	84.4461	164.795	84.8744	164.795	84.2436	164.795	84.8038	164.795	84.0186	164.795	84.7017	164.795	83.7817	164.795	84.5768	164.795	83.5439	164.795	84.439	164.795	83.3139	164.795	84.298	164.795	83.0955	164.795	84.1604	164.795	82.8885	164.795	84.0276	164.795	82.6916	164.795	83.8947	164.795	82.5075	164.795	83.7521	164.795	82.3481	164.795	83.5893	164.795	82.2331	164.795	83.3999	164.795	82.1848	164.795	83.185	164.795	82.2172	164.795	82.9533	164.795	82.3289	164.795	82.7198	164.795	82.5041
170.654	84.9585	170.654	84.8899	170.654	84.9935	170.654	84.7848	170.654	85.0001	170.654	84.6433	170.654	84.9849	170.654	84.469	170.654	84.9553	170.654	84.2688	170.654	84.9182	170.654	84.0523	170.654	84.8774	170.654	83.829	170.654	84.8318	170.654	83.6059	170.654	84.7734	170.654	83.3849	170.654	84.6873	170.654	83.1637	170.654	84.5556	170.654	82.9391	170.654	84.3631	170.654	82.713	170.654	84.1042	170.654	82.497	170.654	83.7888	170.654	82.3135	170.654	83.4421	170.654	82.1898	170.654	83.0975	170.654	82.1477	170.654	82.7851	170.654	82.1945	170.654	82.5237	170.654	82.3237
176.514	84.2456	176.514	84.2963	176.514	84.1815	176.514	84.3234	176.514	84.1121	176.514	84.3151	176.514	84.0436	176.514	84.2603	176.514	83.9819	176.514	84.1504	176.514	83.9328	176.514	83.9811	176.514	83.9009	176.514	83.7533	176.514	83.8866	176.514	83.4725	176.514	83.8826	176.514	83.1484	176.514	83.8725	176.514	82.794	176.514	83.8325	176.514	82.4256	176.514	83.7377	176.514	82.0646	176.514	83.5695	176.514	81.739	176.514	83.3214	176.514	81.4831	176.514	83.0032	176.514	81.3303	176.514	82.6394	176.514	81.3027	176.514	82.2635	176.514	81.4024	176.514	81.9107	176.514	81.6137
183.105	84.0247	183.105	84.0117	183.105	84.0153	183.105	83.9812	183.105	83.9784	183.105	83.9351	183.105	83.9122	183.105	83.871	183.105	83.8201	183.105	83.783	183.105	83.7113	183.105	83.664	183.105	83.599	183.105	83.5085	183.105	83.4953	183.105	83.3138	183.105	83.4047	183.105	83.0804	183.105	83.3184	183.105	82.8114	183.105	83.2138	183.105	82.5126	183.105	83.0611	183.105	82.194	183.105	82.8366	183.105	81.8725	183.105	82.5355	183.105	81.5732	183.105	82.1801	183.105	81.3263	183.105	81.8159	183.105	81.1588	183.105	81.4953	183.105	81.088	183.105	81.2575	183.105	81.1205
189.697	83.9108	189.697	83.8776	189.697	83.9274	189.697	83.8329	189.697	83.9215	189.697	83.7776	189.697	83.8895	189.697	83.7073	189.697	83.8317	189.697	83.6128	189.697	83.7536	189.697	83.4828	189.697	83.6633	189.697	83.307	189.697	83.5697	189.697	83.0784	189.697	83.4786	189.697	82.7958	189.697	83.3898	189.697	82.4644	189.697	83.2952	189.697	82.0986	189.697	83.1798	189.697	81.7229	189.697	83.025	189.697	81.3727	189.697	82.8152	189.697	81.0907	189.697	82.5443	189.697	80.9178	189.697	82.2201	189.697	80.8809	189.697	81.8652	189.697	80.9833	189.697	81.5136	189.697	81.2059
196.289	83.5716	196.289	83.5422	196.289	83.5801	196.289	83.5012	196.289	83.5598	196.289	83.4542	196.289	83.5084	196.289	83.3991	196.289	83.4296	196.289	83.3251	196.289	83.3315	196.289	83.2165	196.289	83.2233	196.289	83.058	196.289	83.111	196.289	82.8394	196.289	82.9955	196.289	82.5577	196.289	82.8722	196.289	82.2185	196.289	82.735	196.289	81.8374	196.289	82.5801	196.289	81.4427	196.289	82.4078	196.289	81.0774	196.289	82.2205	196.289	80.7942	196.289	82.0179	196.289	80.6413	196.289	81.7954	196.289	80.6413	196.289	81.5481	196.289	80.779	196.289	81.2793	196.289	81.0093
202.881	83.6412	202.881	83.5744	202.881	83.6662	202.881	83.4802	202.881	83.641	202.881	83.3744	202.881	83.565	202.881	83.2669	202.881	83.4453	202.881	83.1557	202.881	83.2935	202.881	83.0252	202.881	83.1227	202.881	82.8511	202.881	82.9414	202.881	82.6095	202.881	82.7508	202.881	82.2868	202.881	82.5454	202.881	81.8866	202.881	82.3195	202.881	81.4348	202.881	82.0771	202.881	80.9808	202.881	81.8367	202.881	80.592	202.881	81.6245	202.881	80.3371	202.881	81.4562	202.881	80.2585	202.881	81.321	202.881	80.3489	202.881	81.1854	202.881	80.5528	202.881	81.014	202.881	80.7947
210.205	83.5269	210.205	83.4345	210.205	83.5821	210.205	83.3267	210.205	83.5863	210.205	83.2266	210.205	83.5358	210.205	83.1476	210.205	83.4367	210.205	83.0841	210.205	83.3027	210.205	83.0117	210.205	83.151	210.205	82.8978	210.205	82.9961	210.205	82.7158	210.205	82.8411	210.205	82.4563	210.205	82.6718	210.205	82.1293	210.205	82.4592	210.205	81.7596	210.205	82.1747	210.205	81.3803	210.205	81.8125	210.205	81.0267	210.205	81.4076	210.205	80.7339	210.205	81.0322	210.205	80.5312	210.205	80.7555	210.205	80.4304	210.205	80.5937	210.205	80.4158	210.205	80.5074	210.205	80.451
217.529	83.4226	217.529	83.2825	217.529	83.5039	217.529	83.1005	217.529	83.5216	217.529	82.9049	217.529	83.4807	217.529	82.7298	217.529	83.3925	217.529	82.6014	217.529	83.2721	217.529	82.5215	217.529	83.1338	217.529	82.4602	217.529	82.9878	217.529	82.3661	217.529	82.8361	217.529	82.1887	217.529	82.6712	217.529	81.8994	217.529	82.4785	217.529	81.5049	217.529	82.2428	217.529	81.0486	217.529	81.9569	217.529	80.6015	217.529	81.6281	217.529	80.241	217.529	81.2784	217.529	80.0219	217.529	80.9373	217.529	79.9561	217.529	80.6303	217.529	80.0162	217.529	80.371	217.529	80.1633
225.586	82.9291	225.586	82.8579	225.586	82.9568	225.586	82.7412	225.586	82.9429	225.586	82.5805	225.586	82.8894	225.586	82.3848	225.586	82.7995	225.586	82.1735	225.586	82.6785	225.586	81.9706	225.586	82.5329	225.586	81.7928	225.586	82.3685	225.586	81.638	225.586	82.1871	225.586	81.4855	225.586	81.9837	225.586	81.3086	225.586	81.7482	225.586	81.0912	225.586	81.4714	225.586	80.8363	225.586	81.1558	225.586	80.5671	225.586	80.8255	225.586	80.3204	225.586	80.5228	225.586	80.1334	225.586	80.2881	225.586	80.0253	225.586	80.1353	225.586	79.9891	225.586	80.048	225.586	80.0018
232.91	83.007	232.91	82.888	232.91	83.0711	232.91	82.7258	232.91	83.076	232.91	82.5348	232.91	83.0272	232.91	82.3279	232.91	82.9382	232.91	82.1134	232.91	82.8264	232.91	81.8958	232.91	82.707	232.91	81.6764	232.91	82.5855	232.91	81.4515	232.91	82.454	232.91	81.2114	232.91	82.2912	232.91	80.9413	232.91	82.0698	232.91	80.6299	232.91	81.7697	232.91	80.28	232.91	81.3894	232.91	79.9164	232.91	80.9512	232.91	79.5827	232.91	80.4945	232.91	79.3248	232.91	80.0618	232.91	79.1729	232.91	79.6884	232.91	79.1363	232.91	79.4001	232.91	79.2133
241.699	82.9229	241.699	82.8419	241.699	82.9136	241.699	82.6741	241.699	82.821	241.699	82.434	241.699	82.6593	241.699	82.1446	241.699	82.4472	241.699	81.833	241.699	82.2058	241.699	81.5229	241.699	81.9596	241.699	81.2277	241.699	81.7364	241.699	80.9448	241.699	81.5606	241.699	80.6572	241.699	81.4403	241.699	80.3433	241.699	81.3551	241.699	79.9933	241.699	81.2634	241.699	79.622	241.699	81.1276	241.699	79.2721	241.699	80.9377	241.699	79.0032	241.699	80.7075	241.699	78.8719	241.699	80.4472	241.699	78.9111	241.699	80.1478	241.699	79.115	241.699	79.8019	241.699	79.4362
249.756	82.9612	249.756	82.9467	249.756	82.9461	249.756	82.8928	249.756	82.9054	249.756	82.7869	249.756	82.8376	249.756	82.6179	249.756	82.7379	249.756	82.3793	249.756	82.6	249.756	82.0697	249.756	82.416	249.756	81.6911	249.756	82.1772	249.756	81.2463	249.756	81.8772	249.756	80.7411	249.756	81.5175	249.756	80.1902	249.756	81.113	249.756	79.6298	249.756	80.6917	249.756	79.1271	249.756	80.2912	249.756	78.7716	249.756	79.9566	249.756	78.6377	249.756	79.7352	249.756	78.734	249.756	79.6462	249.756	78.9879	249.756	79.6423	249.756	79.2824	249.756	79.6256	249.756	79.5124
258.545	82.7104	258.545	82.6211	258.545	82.7787	258.545	82.5466	258.545	82.7962	258.545	82.5038	258.545	82.7525	258.545	82.4757	258.545	82.6566	258.545	82.4183	258.545	82.5258	258.545	82.2856	258.545	82.3713	258.545	82.0487	258.545	82.1867	258.545	81.6999	258.545	81.948	258.545	81.2442	258.545	81.6269	258.545	80.6893	258.545	81.2147	258.545	80.0479	258.545	80.7432	258.545	79.3538	258.545	80.2829	258.545	78.6853	258.545	79.899	258.545	78.1692	258.545	79.5969	258.545	77.9204	258.545	79.3261	258.545	77.9473	258.545	79.04	258.545	78.1513	258.545	78.7343	258.545	78.4301
268.066	82.5975	268.066	82.5342	268.066	82.5723	268.066	82.3797	268.066	82.4795	268.066	82.154	268.066	82.35	268.066	81.8943	268.066	82.2156	268.066	81.639	268.066	82.1019	268.066	81.409	268.066	82.0238	268.066	81.1982	268.066	81.979	268.066	80.9805	268.066	81.9428	268.066	80.7231	268.066	81.8667	268.066	80.3995	268.066	81.6867	268.066	80.0018	268.066	81.3466	268.066	79.5551	268.066	80.8346	268.066	79.1261	268.066	80.2251	268.066	78.8123	268.066	79.6841	268.066	78.6943	268.066	79.3684	268.066	78.7759	268.066	79.2735	268.066	78.9705	268.066	79.2478	268.066	79.1547
277.588	81.9672	277.588	81.9778	277.588	81.9358	277.588	81.9774	277.588	81.871	277.588	81.966	277.588	81.7653	277.588	81.9286	277.588	81.6214	277.588	81.8367	277.588	81.4525	277.588	81.6568	277.588	81.2772	277.588	81.3648	277.588	81.1122	277.588	80.9556	277.588	80.9668	277.588	80.4428	277.588	80.8413	277.588	79.8525	277.588	80.7265	277.588	79.2236	277.588	80.6025	277.588	78.6241	277.588	80.4429	277.588	78.1669	277.588	80.2346	277.588	77.9808	277.588	79.9995	277.588	78.1159	277.588	79.7871	277.588	78.4797	277.588	79.6235	277.588	78.9002	277.588	79.4685	277.588	79.2429
287.109	81.9957	287.109	81.8369	287.109	82.078	287.109	81.6579	287.109	82.0605	287.109	81.5291	287.109	81.9552	287.109	81.4996	287.109	81.7989	287.109	81.5623	287.109	81.635	287.109	81.6496	287.109	81.4902	287.109	81.6666	287.109	81.358	287.109	81.5359	287.109	81.2003	287.109	81.2229	287.109	80.9708	287.109	80.74	287.109	80.6503	287.109	80.1338	287.109	80.2766	287.109	79.4707	287.109	79.9383	287.109	78.8363	287.109	79.7141	287.109	78.345	287.109	79.6043	287.109	78.1182	287.109	79.5371	287.109	78.2037	287.109	79.4285	287.109	78.5173	287.109	79.221	287.109	78.8998
297.363	82.0743	297.363	81.9906	297.363	81.9847	297.363	81.749	297.363	81.7413	297.363	81.4109	297.363	81.3829	297.363	81.0754	297.363	80.9598	297.363	80.8402	297.363	80.5357	297.363	80.7487	297.363	80.1875	297.363	80.7653	297.363	79.9783	297.363	80.7965	297.363	79.9059	297.363	80.7329	297.363	79.88	297.363	80.4862	297.363	79.7782	297.363	80.0128	297.363	79.5426	297.363	79.3336	297.363	79.2493	297.363	78.5611	297.363	79.0749	297.363	77.9252	297.363	79.1224	297.363	77.7043	297.363	79.2957	297.363	77.9819	297.363	79.4115	297.363	78.5282	297.363	79.3425	297.363	79.0377
307.617	81.8329	307.617	81.7053	307.617	81.8906	307.617	81.522	307.617	81.867	307.617	81.2927	307.617	81.7635	307.617	81.0236	307.617	81.5961	307.617	80.7227	307.617	81.3897	307.617	80.4003	307.617	81.1671	307.617	80.0658	307.617	80.9383	307.617	79.7257	307.617	80.6887	307.617	79.3805	307.617	80.3704	307.617	79.0182	307.617	79.9098	307.617	78.6197	307.617	79.244	307.617	78.1788	307.617	78.3965	307.617	77.7207	307.617	77.573	307.617	77.3075	307.617	77.1191	307.617	77.0281	307.617	77.154	307.617	76.9633	307.617	77.3832	307.617	77.1137	307.617	77.4783	307.617	77.3499
318.604	82.0652	318.604	81.9391	318.604	82.0164	318.604	81.6694	318.604	81.8037	318.604	81.3264	318.604	81.4683	318.604	80.9931	318.604	81.0658	318.604	80.723	318.604	80.6551	318.604	80.5083	318.604	80.2898	318.604	80.288	318.604	80.0012	318.604	79.9929	318.604	79.7729	318.604	79.5914	318.604	79.5276	318.604	79.1	318.604	79.1547	318.604	78.5627	318.604	78.581	318.604	78.0255	318.604	77.8721	318.604	77.5358	318.604	77.3042	318.604	77.1595	318.604	77.1853	318.604	76.9763	318.604	77.4501	318.604	77.0317	318.604	77.7312	318.604	77.2806	318.604	77.7807	318.604	77.5872
329.59	82.2241	329.59	82.158	329.59	82.191	329.59	81.9659	329.59	82.0891	329.59	81.6529	329.59	81.9349	329.59	81.2697	329.59	81.7357	329.59	80.8935	329.59	81.5015	329.59	80.5846	329.59	81.2479	329.59	80.3459	329.59	80.9892	329.59	80.1163	329.59	80.7241	329.59	79.8011	329.59	80.4176	329.59	79.3205	329.59	79.9893	329.59	78.6477	329.59	79.332	329.59	77.8249	329.59	78.3782	329.59	76.957	329.59	77.2234	329.59	76.193	329.59	76.2332	329.59	75.6878	329.59	75.8069	329.59	75.5241	329.59	75.8449	329.59	75.6365	329.59	75.9257	329.59	75.8358
341.309	81.3969	341.309	81.2916	341.309	81.3792	341.309	81.1115	341.309	81.227	341.309	80.9229	341.309	80.9717	341.309	80.7777	341.309	80.6826	341.309	80.6832	341.309	80.4469	341.309	80.6036	341.309	80.3319	341.309	80.4902	341.309	80.3425	341.309	80.3001	341.309	80.4073	341.309	79.9939	341.309	80.4065	341.309	79.5356	341.309	80.2174	341.309	78.9138	341.309	79.7482	341.309	78.1725	341.309	78.9686	341.309	77.4361	341.309	77.9657	341.309	76.8949	341.309	77.0331	341.309	76.7017	341.309	76.5942	341.309	76.8319	341.309	76.735	341.309	77.0801	341.309	77.0603	341.309	77.2025
353.76	81.4526	353.76	81.3	353.76	81.4259	353.76	80.9612	353.76	81.242	353.76	80.4803	353.76	80.9311	353.76	79.9849	353.76	80.5447	353.76	79.6368	353.76	80.1676	353.76	79.5	353.76	79.9028	353.76	79.4949	353.76	79.8201	353.76	79.5064	353.76	79.8944	353.76	79.4603	353.76	79.995	353.76	79.3011	353.76	79.9407	353.76	78.9654	353.76	79.5702	353.76	78.4019	353.76	78.806	353.76	77.6247	353.76	77.7453	353.76	76.7863	353.76	76.7769	353.76	76.2079	353.76	76.4171	353.76	76.1698	353.76	76.6552	353.76	76.5493	353.76	76.9506	353.76	76.9163
366.211	82.1506	366.211	82.0287	366.211	82.0575	366.211	81.6772	366.211	81.7643	366.211	81.0849	366.211	81.2974	366.211	80.2863	366.211	80.7041	366.211	79.4347	366.211	80.0674	366.211	78.7997	366.211	79.5262	366.211	78.5552	366.211	79.2474	366.211	78.5911	366.211	79.2915	366.211	78.6721	366.211	79.502	366.211	78.643	366.211	79.5941	366.211	78.4381	366.211	79.3165	366.211	78.0298	366.211	78.5322	366.211	77.4178	366.211	77.2746	366.211	76.6568	366.211	75.8533	366.211	75.8971	366.211	74.8607	366.211	75.3728	366.211	74.6569	366.211	75.1881	366.211	74.9072	366.211	75.1196
378.662	82.2834	378.662	82.1479	378.662	82.2308	378.662	81.8652	378.662	81.9661	378.662	81.4679	378.662	81.4953	378.662	80.9679	378.662	80.8528	378.662	80.3751	378.662	80.1028	378.662	79.7323	378.662	79.3633	378.662	79.1315	378.662	78.8335	378.662	78.678	378.662	78.7202	378.662	78.415	378.662	79.0145	378.662	78.2876	378.662	79.422	378.662	78.1866	378.662	79.5903	378.662	78.0045	378.662	79.304	378.662	77.6664	378.662	78.5426	378.662	77.1579	378.662	77.5113	378.662	76.5524	378.662	76.5838	378.662	76.0033	378.662	76.0076	378.662	75.6685	378.662	75.7177	378.662	75.5959
392.578	82.2659	392.578	82.2422	392.578	82.0765	392.578	81.9531	392.578	81.7551	392.578	81.4235	392.578	81.3564	392.578	80.7708	392.578	80.8878	392.578	80.1519	392.578	80.3372	392.578	79.6511	392.578	79.723	392.578	79.2437	392.578	79.1273	392.578	78.9	392.578	78.6866	392.578	78.6531	392.578	78.5211	392.578	78.5163	392.578	78.6202	392.578	78.399	392.578	78.7901	392.578	78.1701	392.578	78.7533	392.578	77.7717	392.578	78.3508	392.578	77.2606	392.578	77.7193	392.578	76.7653	392.578	77.2229	392.578	76.4225	392.578	76.9842	392.578	76.3338	392.578	76.7743	392.578	76.5023
405.762	82.1863	405.762	82.2003	405.762	82.091	405.762	82.0952	405.762	81.9016	405.762	81.7795	405.762	81.6	405.762	81.1823	405.762	81.1838	405.762	80.3529	405.762	80.6553	405.762	79.5049	405.762	80.0243	405.762	78.8909	405.762	79.3468	405.762	78.5586	405.762	78.7677	405.762	78.3505	405.762	78.4573	405.762	78.1336	405.762	78.4333	405.762	77.8786	405.762	78.5276	405.762	77.5969	405.762	78.5423	405.762	77.306	405.762	78.3281	405.762	77.0463	405.762	77.8097	405.762	76.8792	405.762	77.1283	405.762	76.84	405.762	76.6948	405.762	76.8751	405.762	76.7039	405.762	76.8472
420.41	83.0004	420.41	83.1068	420.41	82.6733	420.41	82.8786	420.41	82.2386	420.41	82.2786	420.41	81.7532	420.41	81.4027	420.41	81.2294	420.41	80.4652	420.41	80.6775	420.41	79.6487	420.41	80.1151	420.41	78.9423	420.41	79.5475	420.41	78.2437	420.41	78.9766	420.41	77.5894	420.41	78.444	420.41	77.1724	420.41	78.0315	420.41	77.0956	420.41	77.7644	420.41	77.1806	420.41	77.571	420.41	77.1385	420.41	77.4111	420.41	76.8554	420.41	77.2973	420.41	76.4787	420.41	77.1576	420.41	76.2633	420.41	76.9256	420.41	76.3096	420.41	76.6826	420.41	76.4852
435.059	82.7966	435.059	82.6982	435.059	82.7401	435.059	82.5062	435.059	82.4828	435.059	82.2218	435.059	82.0498	435.059	81.7888	435.059	81.5185	435.059	81.1617	435.059	80.9592	435.059	80.3451	435.059	80.397	435.059	79.3909	435.059	79.8316	435.059	78.3877	435.059	79.2889	435.059	77.4434	435.059	78.834	435.059	76.6499	435.059	78.5079	435.059	76.072	435.059	78.2586	435.059	75.7582	435.059	77.9644	435.059	75.6828	435.059	77.5173	435.059	75.6678	435.059	76.8816	435.059	75.4663	435.059	76.0834	435.059	74.9773	435.059	75.179	435.059	74.378	435.059	74.3735	435.059	74.0645
450.439	81.4491	450.439	81.4743	450.439	81.3596	450.439	81.4646	450.439	81.1595	450.439	81.3731	450.439	80.8538	450.439	81.1269	450.439	80.514	450.439	80.7549	450.439	80.2295	450.439	80.405	450.439	80.0365	450.439	80.1552	450.439	79.8985	450.439	79.8827	450.439	79.7576	450.439	79.4244	450.439	79.58	450.439	78.767	450.439	79.341	450.439	78.079	450.439	79.0026	450.439	77.5902	450.439	78.5541	450.439	77.3584	450.439	78.0533	450.439	77.2277	450.439	77.589	450.439	77.0462	450.439	77.2127	450.439	76.7858	450.439	76.9079	450.439	76.5473	450.439	76.6452	450.439	76.4894
466.553	81.9148	466.553	81.9004	466.553	81.6841	466.553	81.7022	466.553	81.1956	466.553	81.3289	466.553	80.542	466.553	80.7432	466.553	79.8764	466.553	79.9652	466.553	79.3388	466.553	79.1102	466.553	79.0123	466.553	78.3098	466.553	78.888	466.553	77.6396	466.553	78.8486	466.553	77.1586	466.553	78.7264	466.553	76.9311	466.553	78.4178	466.553	76.935	466.553	77.9956	466.553	77.0316	466.553	77.7117	466.553	77.0716	466.553	77.7173	466.553	76.9993	466.553	77.8533	466.553	76.8722	466.553	77.9341	466.553	76.823	466.553	77.9011	466.553	76.979	466.553	77.6973	466.553	77.3318
482.666	82.2749	482.666	82.3425	482.666	82.0711	482.666	82.2421	482.666	81.6917	482.666	81.897	482.666	81.0921	482.666	81.3007	482.666	80.3163	482.666	80.631	482.666	79.5389	482.666	80.1322	482.666	79.0098	482.666	79.7592	482.666	78.8665	482.666	79.2094	482.666	78.9558	482.666	78.3296	482.666	78.931	482.666	77.296	482.666	78.5226	482.666	76.5184	482.666	77.7688	482.666	76.3342	482.666	77.1845	482.666	76.6971	482.666	77.3954	482.666	77.2788	482.666	78.1764	482.666	77.7715	482.666	78.7883	482.666	78.0108	482.666	78.8602	482.666	78.051	482.666	78.5145	482.666	78.1617
500.244	82.8736	500.244	82.6302	500.244	82.753	500.244	82.1986	500.244	82.271	500.244	81.7851	500.244	81.5416	500.244	81.3261	500.244	80.7072	500.244	80.6081	500.244	79.9448	500.244	79.7348	500.244	79.5091	500.244	79.1555	500.244	79.5861	500.244	78.9424	500.244	79.9994	500.244	78.6446	500.244	80.2754	500.244	78.0351	500.244	79.9594	500.244	77.3578	500.244	78.7803	500.244	77.0341	500.244	76.966	500.244	77.175	500.244	76.0577	500.244	77.4884	500.244	77.0705	500.244	77.6613	500.244	78.289	500.244	77.6466	500.244	78.7562	500.244	77.6892	500.244	78.5379	500.244	78.0332
517.822	82.7405	517.822	82.6525	517.822	82.5083	517.822	82.2603	517.822	81.9288	517.822	81.6113	517.822	81.0004	517.822	80.8021	517.822	79.8356	517.822	79.9514	517.822	78.7624	517.822	79.2855	517.822	78.3436	517.822	79.0654	517.822	78.92	517.822	79.142	517.822	80.0799	517.822	79.1056	517.822	81.1148	517.822	78.8383	517.822	81.5103	517.822	78.5575	517.822	80.9605	517.822	78.4889	517.822	79.4232	517.822	78.5848	517.822	77.666	517.822	78.6428	517.822	77.5999	517.822	78.5361	517.822	78.9701	517.822	78.3378	517.822	79.8785	517.822	78.3997	517.822	79.7647	517.822	79.0108
536.133	83.6166	536.133	83.3652	536.133	83.3801	536.133	82.7794	536.133	82.6907	536.133	82.0405	536.133	81.6665	536.133	81.1836	536.133	80.2815	536.133	80.2155	536.133	78.3503	536.133	79.1947	536.133	75.926	536.133	78.0877	536.133	74.4411	536.133	76.7929	536.133	75.7096	536.133	75.3111	536.133	77.8128	536.133	73.9867	536.133	79.1431	536.133	73.9289	536.133	79.4272	536.133	75.5786	536.133	78.9313	536.133	77.5367	536.133	78.4921	536.133	78.7989	536.133	78.7665	536.133	79.192	536.133	79.3565	536.133	79.0692	536.133	79.7605	536.133	79.0467	536.133	79.757	536.133	79.3893
554.443	83.9476	554.443	83.7104	554.443	83.9505	554.443	83.2128	554.443	83.6714	554.443	82.4792	554.443	83.0279	554.443	81.6124	554.443	81.9759	554.443	80.6954	554.443	80.4427	554.443	79.9082	554.443	78.2444	554.443	79.4611	554.443	75.5413	554.443	79.0644	554.443	74.787	554.443	78.1387	554.443	76.8292	554.443	76.447	554.443	78.204	554.443	74.5951	554.443	77.833	554.443	74.4394	554.443	76.2706	554.443	76.0107	554.443	76.4915	554.443	77.4999	554.443	78.7981	554.443	78.3998	554.443	80.2937	554.443	78.8567	554.443	80.5547	554.443	79.1297	554.443	80.0911	554.443	79.5089
574.219	84.8846	574.219	84.7671	574.219	84.5093	574.219	84.0212	574.219	83.918	574.219	82.8195	574.219	83.2219	574.219	81.4977	574.219	82.2838	574.219	80.2289	574.219	80.893	574.219	79.1524	574.219	78.8569	574.219	78.673	574.219	76.1525	574.219	78.7476	574.219	74.337	574.219	78.553	574.219	76.0038	574.219	77.3378	574.219	78.0611	574.219	74.8763	574.219	78.1572	574.219	72.9925	574.219	75.5076	574.219	74.5776	574.219	72.6324	574.219	76.6811	574.219	76.5792	574.219	77.9737	574.219	79.4491	574.219	78.8896	574.219	80.5432	574.219	79.7802	574.219	80.7779	574.219	80.4923
594.727	84.2941	594.727	84.3769	594.727	83.9918	594.727	84.037	594.727	83.5452	594.727	83.1201	594.727	82.971	594.727	81.7155	594.727	82.2958	594.727	80.1486	594.727	81.4396	594.727	78.9	594.727	80.1397	594.727	78.4832	594.727	78.1373	594.727	78.7194	594.727	76.0568	594.727	78.6737	594.727	76.2636	594.727	77.5263	594.727	77.7384	594.727	74.7225	594.727	77.6538	594.727	71.4693	594.727	74.6118	594.727	73.4687	594.727	71.2076	594.727	76.6354	594.727	77.2236	594.727	78.4928	594.727	80.9224	594.727	79.4846	594.727	82.2003	594.727	80.2429	594.727	82.0291	594.727	81.162
615.234	84.3105	615.234	84.5283	615.234	83.7669	615.234	84.1922	615.234	83.1332	615.234	83.2157	615.234	82.5292	615.234	81.7098	615.234	81.9064	615.234	79.9015	615.234	81.0211	615.234	78.1245	615.234	79.4222	615.234	77.2177	615.234	76.5524	615.234	77.6286	615.234	73.5724	615.234	78.0995	615.234	76.1793	615.234	77.4478	615.234	79.2939	615.234	74.9664	615.234	79.825	615.234	70.4397	615.234	76.8998	615.234	71.2682	615.234	64.5071	615.234	75.7224	615.234	73.5632	615.234	78.33	615.234	79.3387	615.234	79.7582	615.234	81.0682	615.234	80.497	615.234	81.2301	615.234	80.9138
637.207	83.5374	637.207	83.9523	637.207	82.9789	637.207	83.917	637.207	82.4716	637.207	83.2372	637.207	82.088	637.207	81.8385	637.207	81.829	637.207	79.5929	637.207	81.4956	637.207	76.8255	637.207	80.6319	637.207	76.0788	637.207	78.4914	637.207	77.7352	637.207	73.9683	637.207	78.7574	637.207	72.9626	637.207	78.1628	637.207	78.283	637.207	75.4245	637.207	80.1149	637.207	69.0752	637.207	77.9255	637.207	69.3045	637.207	66.6533	637.207	75.9766	637.207	74.8352	637.207	79.0541	637.207	80.803	637.207	80.6238	637.207	82.8181	637.207	81.8433	637.207	83.2611	637.207	82.8322
659.912	82.3026	659.912	83.2118	659.912	81.3552	659.912	83.992	659.912	80.2905	659.912	84.1676	659.912	79.6187	659.912	83.3857	659.912	79.9821	659.912	81.352	659.912	80.9518	659.912	77.3106	659.912	81.4468	659.912	72.0404	659.912	80.4349	659.912	76.2746	659.912	76.0597	659.912	79.6514	659.912	54.1279	659.912	80.2527	659.912	78.4733	659.912	78.3776	659.912	83.0099	659.912	71.8298	659.912	83.2922	659.912	67.2319	659.912	79.519	659.912	77.4614	659.912	76.8301	659.912	81.0561	659.912	82.7433	659.912	83.1162	659.912	85.3448	659.912	84.4146	659.912	85.7708	659.912	85.2558
683.35	80.2083	683.35	80.4827	683.35	79.7839	683.35	81.6326	683.35	78.4533	683.35	82.8254	683.35	76.1654	683.35	83.1335	683.35	73.9336	683.35	82.4841	683.35	76.43	683.35	80.6606	683.35	80.1164	683.35	76.2818	683.35	81.8498	683.35	61.3942	683.35	81.0714	683.35	75.0568	683.35	75.495	683.35	80.3429	683.35	68.9895	683.35	81.4926	683.35	81.3304	683.35	79.4129	683.35	84.233	683.35	74.6153	683.35	83.1962	683.35	73.8721	683.35	79.7913	683.35	78.6577	683.35	81.6709	683.35	82.0901	683.35	84.8377	683.35	84.0852	683.35	85.8331	683.35	85.3597
706.787	82.1663	706.787	81.2579	706.787	82.5443	706.787	80.1881	706.787	82.0642	706.787	79.8153	706.787	80.3885	706.787	80.3103	706.787	77.2687	706.787	80.6678	706.787	73.4245	706.787	80.1995	706.787	75.1462	706.787	78.3209	706.787	79.0492	706.787	73.7184	706.787	80.6442	706.787	68.7066	706.787	78.9539	706.787	75.7773	706.787	68.2257	706.787	79.0268	706.787	75.7809	706.787	79.2748	706.787	82.2298	706.787	76.9384	706.787	83.0234	706.787	70.1173	706.787	80.009	706.787	69.1492	706.787	76.1758	706.787	76.0405	706.787	79.1248	706.787	79.0532	706.787	80.8823	706.787	80.6074
731.689	82.8898	731.689	82.1954	731.689	83.0559	731.689	81.0284	731.689	82.6761	731.689	79.4591	731.689	81.6789	731.689	78.3863	731.689	79.6918	731.689	78.5395	731.689	76.2855	731.689	78.4397	731.689	72.9329	731.689	76.875	731.689	75.4205	731.689	73.0759	731.689	78.4365	731.689	67.4417	731.689	78.6149	731.689	72.5206	731.689	73.868	731.689	76.7702	731.689	68.8575	731.689	77.6484	731.689	79.0734	731.689	75.6268	731.689	81.166	731.689	70.9654	731.689	78.5979	731.689	55.3586	731.689	70.1853	731.689	68.9051	731.689	72.4591	731.689	74.447	731.689	75.8857	731.689	76.0751
758.057	83.0588	758.057	82.649	758.057	82.773	758.057	81.3443	758.057	82.089	758.057	79.7769	758.057	80.8429	758.057	78.3879	758.057	79.0379	758.057	77.3198	758.057	76.878	758.057	77.4115	758.057	74.7585	758.057	77.5891	758.057	75.1471	758.057	76.0623	758.057	77.5978	758.057	71.6622	758.057	78.4977	758.057	68.5837	758.057	76.0639	758.057	73.2326	758.057	70.9967	758.057	75.2957	758.057	76.9237	758.057	75.029	758.057	79.7056	758.057	72.78	758.057	78.2782	758.057	68.0594	758.057	70.9194	758.057	68.0747	758.057	64.6197	758.057	71.6916	758.057	73.4625	758.057	73.8527
784.424	83.288	784.424	83.1366	784.424	83.0399	784.424	82.5035	784.424	82.4066	784.424	81.5254	784.424	81.3986	784.424	80.4543	784.424	79.9451	784.424	79.2168	784.424	77.6969	784.424	78.0699	784.424	74.3994	784.424	77.2143	784.424	72.9338	784.424	75.2789	784.424	75.6773	784.424	70.8326	784.424	76.7335	784.424	69.6059	784.424	74.0057	784.424	73.6681	784.424	71.5912	784.424	75.1053	784.424	77.0797	784.424	74.2548	784.424	78.9562	784.424	72.1155	784.424	76.6056	784.424	70.2433	784.424	66.3963	784.424	71.0462	784.424	69.7089	784.424	72.1511	784.424	73.8329	784.424	73.3436
812.256	82.9871	812.256	83.1068	812.256	82.4973	812.256	82.5718	812.256	81.995	812.256	81.6228	812.256	81.1143	812.256	80.4508	812.256	79.6371	812.256	79.3332	812.256	77.915	812.256	78.6434	812.256	76.1526	812.256	78.0689	812.256	74.6916	812.256	76.9974	812.256	75.4652	812.256	75.0468	812.256	77.1059	812.256	72.7879	812.256	75.967	812.256	72.9725	812.256	70.4948	812.256	74.4064	812.256	75.0874	812.256	74.479	812.256	77.8149	812.256	72.9711	812.256	75.1572	812.256	71.3999	812.256	65.1324	812.256	71.682	812.256	68.6319	812.256	73.1941	812.256	73.5269	812.256	74.3317
840.82	83.324	840.82	83.3578	840.82	82.9524	840.82	82.6589	840.82	81.938	840.82	81.4068	840.82	80.3853	840.82	80.7886	840.82	78.8274	840.82	80.231	840.82	76.8236	840.82	79.3966	840.82	73.8354	840.82	79.3207	840.82	72.0247	840.82	78.5517	840.82	74.5902	840.82	75.4435	840.82	76.8244	840.82	72.7229	840.82	76.2207	840.82	74.792	840.82	72.569	840.82	75.0868	840.82	74.9909	840.82	72.9336	840.82	77.3877	840.82	70.6997	840.82	74.8142	840.82	71.2813	840.82	67.0713	840.82	72.8354	840.82	71.0316	840.82	73.724	840.82	73.9379	840.82	74.2121
870.85	83.5843	870.85	83.7294	870.85	82.8943	870.85	83.2091	870.85	82.1946	870.85	82.1417	870.85	81.547	870.85	80.7581	870.85	80.5127	870.85	79.8418	870.85	78.8798	870.85	79.6409	870.85	76.3971	870.85	79.305	870.85	73.0021	870.85	78.4184	870.85	73.1556	870.85	77.1071	870.85	75.6795	870.85	76.3261	870.85	75.1126	870.85	76.6208	870.85	71.5299	870.85	75.8384	870.85	75.0929	870.85	73.1735	870.85	77.5694	870.85	70.424	870.85	74.3772	870.85	72.8386	870.85	57	870.85	75.6867	870.85	72.849	870.85	76.3948	870.85	76.062	870.85	76.5801
901.611	83.8993	901.611	84.2027	901.611	82.9803	901.611	83.7032	901.611	81.8566	901.611	82.6868	901.611	80.7391	901.611	81.4889	901.611	79.6969	901.611	80.0257	901.611	78.8192	901.611	78.8608	901.611	77.4561	901.611	78.5265	901.611	74.057	901.611	77.5433	901.611	72.7917	901.611	75.0539	901.611	77.3213	901.611	74.2867	901.611	77.7825	901.611	76.8608	901.611	72.9102	901.611	77.6572	901.611	73.9129	901.611	75.5647	901.611	78.0026	901.611	69.7446	901.611	76.5285	901.611	70.4425	901.611	64.7365	901.611	74.9126	901.611	71.2329	901.611	76.4421	901.611	76.0449	901.611	76.7088
933.105	83.9822	933.105	84.6222	933.105	83.5381	933.105	84.9097	933.105	83.053	933.105	84.1048	933.105	82.141	933.105	82.7773	933.105	80.6986	933.105	81.6767	933.105	79.1118	933.105	80.081	933.105	77.4896	933.105	78.956	933.105	75.0519	933.105	78.7827	933.105	71.3099	933.105	76.6632	933.105	73.9442	933.105	73.1412	933.105	76.8574	933.105	75.713	933.105	75.1504	933.105	76.8437	933.105	75.3827	933.105	75.1285	933.105	79.0946	933.105	70.3226	933.105	77.6492	933.105	68.6409	933.105	66.0848	933.105	74.7297	933.105	72.7926	933.105	77.6626	933.105	76.9744	933.105	78.064
966.064	84.056	966.064	84.083	966.064	83.4813	966.064	84.3425	966.064	82.3587	966.064	84.2058	966.064	81.4597	966.064	82.684	966.064	80.9183	966.064	80.8053	966.064	80.1263	966.064	79.6891	966.064	79.1097	966.064	78.6584	966.064	77.5139	966.064	78.4135	966.064	74.1204	966.064	76.9805	966.064	73.9401	966.064	71.089	966.064	75.7242	966.064	71.9131	966.064	69.177	966.064	75.6656	966.064	74.7621	966.064	75.9641	966.064	79.4568	966.064	73.5625	966.064	76.8984	966.064	73.0516	966.064	61.1911	966.064	76.1798	966.064	72.6404	966.064	77.0093	966.064	76.6068	966.064	77.17
999.756	83.6515	999.756	84.2155	999.756	83.4154	999.756	84.1165	999.756	83.5438	999.756	83.8607	999.756	82.3885	999.756	83.2124	999.756	80.6125	999.756	81.9042	999.756	79.1868	999.756	79.9677	999.756	78.0745	999.756	78.3616	999.756	77.3991	999.756	78.4868	999.756	75.1733	999.756	77.7985	999.756	73.4788	999.756	75.0596	999.756	78.1666	999.756	74.6274	999.756	77.025	999.756	76.2785	999.756	67.6622	999.756	76.4488	999.756	78.7997	999.756	74.2508	999.756	78.8617	999.756	72.8152	999.756	69.5966	999.756	74.0974	999.756	68.6653	999.756	76.0185	999.756	75.9537	999.756	77.5401
1034.91	83.3446	1034.91	83.2904	1034.91	82.9549	1034.91	83.213	1034.91	82.2607	1034.91	83.3819	1034.91	81.711	1034.91	82.8708	1034.91	80.6379	1034.91	81.5001	1034.91	78.4026	1034.91	79.9292	1034.91	76.4674	1034.91	78.2194	1034.91	76.4452	1034.91	77.3419	1034.91	75.5995	1034.91	76.3528	1034.91	73.2181	1034.91	72.4533	1034.91	76.4814	1034.91	72.7339	1034.91	76.5857	1034.91	75.8423	1034.91	68.2766	1034.91	75.657	1034.91	77.2649	1034.91	67.9501	1034.91	78.3498	1034.91	59.9005	1034.91	70.2947	1034.91	68.6656	1034.91	67.8176	1034.91	75.4625	1034.91	75.7881	1034.91	77.5626
1071.53	83.5408	1071.53	83.6678	1071.53	83.6404	1071.53	83.6372	1071.53	82.67	1071.53	83.397	1071.53	81.451	1071.53	82.8943	1071.53	81.076	1071.53	82.1691	1071.53	79.8483	1071.53	81.1256	1071.53	77.2148	1071.53	78.3663	1071.53	74.9994	1071.53	76.081	1071.53	73.7407	1071.53	75.126	1071.53	70.354	1071.53	69.5583	1071.53	75.7443	1071.53	72.5192	1071.53	78.1907	1071.53	76.8676	1071.53	72.5688	1071.53	77.6223	1071.53	76.9032	1071.53	74.2091	1071.53	78.6309	1071.53	68.1985	1071.53	71.9105	1071.53	72.0694	1071.53	63.4788	1071.53	76.0468	1071.53	71.9407	1071.53	74.695
1109.62	84.0004	1109.62	83.6539	1109.62	83.2905	1109.62	83.3438	1109.62	82.6584	1109.62	83.2729	1109.62	83.0755	1109.62	83.6568	1109.62	82.0499	1109.62	83.1072	1109.62	80.4294	1109.62	82.3223	1109.62	78.8832	1109.62	80.9363	1109.62	76.7631	1109.62	78.2695	1109.62	74.8685	1109.62	77.8909	1109.62	74.418	1109.62	75.0362	1109.62	74.4327	1109.62	56.8879	1109.62	74.0945	1109.62	75.3632	1109.62	71.11	1109.62	77.9025	1109.62	73.5707	1109.62	74.9664	1109.62	77.8368	1109.62	71.9943	1109.62	73.1129	1109.62	73.2236	1109.62	64.1796	1109.62	73.7131	1109.62	73.1282	1109.62	74.1052
1148.44	84.2242	1148.44	84.1508	1148.44	83.8858	1148.44	84.0023	1148.44	83.1819	1148.44	83.5073	1148.44	81.7277	1148.44	83.7352	1148.44	81.4947	1148.44	83.7788	1148.44	80.8008	1148.44	81.7318	1148.44	77.6236	1148.44	80.3627	1148.44	76.3002	1148.44	79.4529	1148.44	78.4491	1148.44	78.4469	1148.44	75.7335	1148.44	78.4038	1148.44	74.5838	1148.44	74.0424	1148.44	76.5722	1148.44	52.2013	1148.44	70.2101	1148.44	70.4004	1148.44	75.3916	1148.44	72.9005	1148.44	77.2233	1148.44	71.2486	1148.44	69.2417	1148.44	73.8478	1148.44	69.7236	1148.44	74.6134	1148.44	76.3219	1148.44	76.2284
1189.45	84.9325	1189.45	84.9282	1189.45	83.6395	1189.45	84.4145	1189.45	82.3776	1189.45	84.0245	1189.45	82.3394	1189.45	83.8057	1189.45	81.9241	1189.45	83.5405	1189.45	81.9077	1189.45	82.3224	1189.45	80.932	1189.45	79.8384	1189.45	75.5104	1189.45	78.2807	1189.45	73.1956	1189.45	78.6065	1189.45	73.4119	1189.45	77.7335	1189.45	70.096	1189.45	73.4283	1189.45	78.992	1189.45	72.6232	1189.45	75.7599	1189.45	76.9884	1189.45	73.5416	1189.45	74.4678	1189.45	79.6885	1189.45	63.3433	1189.45	75.8892	1189.45	70.9387	1189.45	68.1767	1189.45	75.3146	1189.45	74.7156	1189.45	75.3844
1231.2	84.3198	1231.2	85.0559	1231.2	84.7412	1231.2	85.3101	1231.2	83.8347	1231.2	84.4115	1231.2	82.726	1231.2	83.4695	1231.2	82.077	1231.2	82.5517	1231.2	81.7426	1231.2	82.4722	1231.2	81.0508	1231.2	81.7971	1231.2	77.6103	1231.2	78.8593	1231.2	74.4374	1231.2	77.5229	1231.2	77.7069	1231.2	78.9238	1231.2	74.7855	1231.2	76.6483	1231.2	73.5523	1231.2	72.5412	1231.2	75.9296	1231.2	75.8555	1231.2	69.6125	1231.2	76.3412	1231.2	79.0096	1231.2	71.6213	1231.2	77.5845	1231.2	72.999	1231.2	59.1959	1231.2	72.5974	1231.2	69.6575	1231.2	65.2018
1274.41	84.418	1274.41	84.5143	1274.41	83.5651	1274.41	85.1523	1274.41	84.3975	1274.41	84.8943	1274.41	83.9213	1274.41	83.8567	1274.41	81.4185	1274.41	83.5742	1274.41	80.8453	1274.41	81.9562	1274.41	80.7161	1274.41	79.7099	1274.41	79.8861	1274.41	78.7169	1274.41	76.3757	1274.41	77.3673	1274.41	77.4263	1274.41	75.511	1274.41	78.0052	1274.41	70.68	1274.41	74.5698	1274.41	66.6172	1274.41	75.3633	1274.41	74.4662	1274.41	69.5731	1274.41	75.2522	1274.41	76.7342	1274.41	67.3976	1274.41	76.2377	1274.41	65.1371	1274.41	64.8758	1274.41	69.315	1274.41	68.8951	1274.41	67.2826
1319.82	84.0434	1319.82	83.8012	1319.82	84.1471	1319.82	84.1756	1319.82	84.0276	1319.82	85.3968	1319.82	83.9304	1319.82	84.6311	1319.82	83.5924	1319.82	83.575	1319.82	81.6352	1319.82	82.669	1319.82	80.4753	1319.82	80.7124	1319.82	78.9687	1319.82	80.2131	1319.82	72.273	1319.82	77.6525	1319.82	74.8845	1319.82	76.3736	1319.82	73.6162	1319.82	77.97	1319.82	75.5639	1319.82	75.6173	1319.82	78.0285	1319.82	73.2429	1319.82	68.0781	1319.82	73.9176	1319.82	75.3055	1319.82	74.1773	1319.82	75.6726	1319.82	66.4279	1319.82	69.8201	1319.82	70.2654	1319.82	65.5571	1319.82	65.7846
1365.97	84.5507	1365.97	85.2391	1365.97	84.4992	1365.97	85.29	1365.97	84.5653	1365.97	85.5508	1365.97	84.05	1365.97	85.5437	1365.97	83.6986	1365.97	83.9696	1365.97	82.3369	1365.97	83.939	1365.97	79.5486	1365.97	81.506	1365.97	78.2672	1365.97	76.6675	1365.97	75.8586	1365.97	73.8344	1365.97	69.9685	1365.97	71.2938	1365.97	73.1594	1365.97	77.3537	1365.97	71.6811	1365.97	77.3646	1365.97	77.5729	1365.97	74.3192	1365.97	76.4321	1365.97	76.1425	1365.97	64.5162	1365.97	76.6861	1365.97	77.2551	1365.97	72.3256	1365.97	73.9722	1365.97	71.2318	1365.97	72.5305	1365.97	69.7314
1414.31	84.1809	1414.31	84.2603	1414.31	85.2096	1414.31	84.7128	1414.31	84.1955	1414.31	84.9672	1414.31	82.3841	1414.31	84.6169	1414.31	81.753	1414.31	84.3228	1414.31	82.5412	1414.31	82.6922	1414.31	80.7304	1414.31	79.5653	1414.31	76.922	1414.31	77.5148	1414.31	77.5416	1414.31	76.1345	1414.31	75.007	1414.31	74.4978	1414.31	77.4634	1414.31	68.7527	1414.31	78.4465	1414.31	70.6033	1414.31	74.1502	1414.31	73.9411	1414.31	77.937	1414.31	75.4038	1414.31	70.0727	1414.31	77.0935	1414.31	69.8117	1414.31	78.0978	1414.31	74.9691	1414.31	76.432	1414.31	79.4342	1414.31	76.7452
1464.11	85.3834	1464.11	85.0226	1464.11	85.9064	1464.11	85.7757	1464.11	85.997	1464.11	86.2827	1464.11	85.6866	1464.11	85.4356	1464.11	82.8918	1464.11	83.2654	1464.11	80.0075	1464.11	82.8653	1464.11	80.8146	1464.11	79.4453	1464.11	79.8901	1464.11	78.3991	1464.11	74.212	1464.11	79.9554	1464.11	69.5497	1464.11	73.8452	1464.11	74.8408	1464.11	70.4168	1464.11	76.5821	1464.11	72.9486	1464.11	70.6227	1464.11	64.7607	1464.11	78.6211	1464.11	70.1488	1464.11	73.3923	1464.11	76.9769	1464.11	66.9373	1464.11	79.4642	1464.11	72.5733	1464.11	79.5298	1464.11	75.9709	1464.11	78.7524
1515.38	85.6917	1515.38	85.3847	1515.38	86.3815	1515.38	84.9768	1515.38	86.0879	1515.38	86.348	1515.38	85.291	1515.38	86.2825	1515.38	83.8475	1515.38	83.0481	1515.38	80.4148	1515.38	80.6476	1515.38	78.1977	1515.38	79.7316	1515.38	79.9897	1515.38	76.6096	1515.38	73.8291	1515.38	73.7276	1515.38	75.3773	1515.38	77.4283	1515.38	72.2221	1515.38	67.0475	1515.38	78.7021	1515.38	76.3024	1515.38	74.6833	1515.38	75.5944	1515.38	76.4359	1515.38	66.5881	1515.38	76.245	1515.38	77.5532	1515.38	67.9151	1515.38	77.7861	1515.38	72.8548	1515.38	80.1022	1515.38	77.345	1515.38	80.1697
1568.85	86.1446	1568.85	86.5744	1568.85	85.8685	1568.85	86.5589	1568.85	85.9962	1568.85	84.8452	1568.85	85.3512	1568.85	85.488	1568.85	84.5058	1568.85	85.0205	1568.85	82.3063	1568.85	82.5515	1568.85	78.858	1568.85	80.1944	1568.85	77.9383	1568.85	78.2201	1568.85	75.603	1568.85	76.4875	1568.85	75.8571	1568.85	76.6255	1568.85	75.5307	1568.85	70.807	1568.85	76.5287	1568.85	69.189	1568.85	78.5043	1568.85	74.837	1568.85	66.9463	1568.85	67.7507	1568.85	77.542	1568.85	72.432	1568.85	72.7329	1568.85	77.9119	1568.85	71.4656	1568.85	78.2909	1568.85	75.3605	1568.85	79.7959
1624.51	85.1477	1624.51	85.833	1624.51	85.4955	1624.51	86.9384	1624.51	85.2589	1624.51	85.8687	1624.51	85.0293	1624.51	84.0911	1624.51	84.0529	1624.51	83.9133	1624.51	83.5883	1624.51	82.0019	1624.51	79.4715	1624.51	80.2343	1624.51	78.132	1624.51	78.6822	1624.51	79.5718	1624.51	75.4149	1624.51	73.8184	1624.51	74.8879	1624.51	79.5766	1624.51	75.1947	1624.51	63.0295	1624.51	67.5014	1624.51	78.7487	1624.51	76.3	1624.51	62.3835	1624.51	73.3301	1624.51	75.6882	1624.51	68.3007	1624.51	69.3661	1624.51	74.4932	1624.51	61.6525	1624.51	77.0306	1624.51	66.952	1624.51	76.5731
1681.64	86.5084	1681.64	86.461	1681.64	86.0164	1681.64	86.1826	1681.64	86.2235	1681.64	86.3272	1681.64	84.8273	1681.64	84.3767	1681.64	84.1149	1681.64	84.2656	1681.64	82.8458	1681.64	81.6594	1681.64	82.3613	1681.64	81.1737	1681.64	77.811	1681.64	79.0022	1681.64	73.3523	1681.64	76.0314	1681.64	71.2479	1681.64	75.3202	1681.64	74.3719	1681.64	74.203	1681.64	71.9139	1681.64	73.6477	1681.64	75.8849	1681.64	73.2817	1681.64	71.7658	1681.64	75.0932	1681.64	75.1942	1681.64	72.5506	1681.64	71.4301	1681.64	74.8214	1681.64	56.5911	1681.64	75.4558	1681.64	71.8056	1681.64	75.0356
1740.97	87.3051	1740.97	86.2257	1740.97	86.9276	1740.97	85.417	1740.97	85.8748	1740.97	86.3969	1740.97	84.2235	1740.97	84.942	1740.97	81.9719	1740.97	83.2724	1740.97	81.941	1740.97	81.7153	1740.97	80.7804	1740.97	79.6188	1740.97	79.9626	1740.97	79.5561	1740.97	80.1924	1740.97	77.4134	1740.97	74.4903	1740.97	76.9305	1740.97	78.4681	1740.97	75.7601	1740.97	71.2001	1740.97	72.8936	1740.97	74.8833	1740.97	76.446	1740.97	74.4943	1740.97	73.4781	1740.97	72.9504	1740.97	73.137	1740.97	72.121	1740.97	73.9765	1740.97	55.4352	1740.97	74.8027	1740.97	65.1666	1740.97	74.4541
1802.49	87.6053	1802.49	87.3281	1802.49	87.2173	1802.49	86.1167	1802.49	85.663	1802.49	84.7476	1802.49	84.0952	1802.49	84.3097	1802.49	82.4026	1802.49	82.8181	1802.49	80.0681	1802.49	81.8681	1802.49	80.5243	1802.49	79.5932	1802.49	79.7603	1802.49	79.2956	1802.49	75.8242	1802.49	79.2523	1802.49	72.0298	1802.49	76.7016	1802.49	74.3479	1802.49	75.3433	1802.49	74.258	1802.49	74.2305	1802.49	73.5974	1802.49	75.0007	1802.49	71.3899	1802.49	74.1196	1802.49	68.2238	1802.49	67.8696	1802.49	66.5584	1802.49	74.8058	1802.49	66.1981	1802.49	72.8097	1802.49	67.7158	1802.49	71.346
1866.21	87.4273	1866.21	87.734	1866.21	86.9666	1866.21	86.8515	1866.21	85.8041	1866.21	83.1551	1866.21	83.9251	1866.21	83.2714	1866.21	83.0885	1866.21	82.1423	1866.21	81.5541	1866.21	82.81	1866.21	79.4595	1866.21	80.9279	1866.21	78.6524	1866.21	79.8985	1866.21	80.0865	1866.21	77.031	1866.21	74.8994	1866.21	76.1905	1866.21	79.0537	1866.21	74.6468	1866.21	73.638	1866.21	75.8641	1866.21	72.4863	1866.21	73.2928	1866.21	74.3053	1866.21	75.8369	1866.21	72.9418	1866.21	73.5485	1866.21	72.3154	1866.21	74.0081	1866.21	66.8907	1866.21	74.3255	1866.21	65.8547	1866.21	68.7718
1932.13	86.7651	1932.13	86.8955	1932.13	86.4123	1932.13	85.958	1932.13	84.39	1932.13	82.7603	1932.13	82.8243	1932.13	81.3211	1932.13	82.1779	1932.13	82.8232	1932.13	81.0581	1932.13	82.8756	1932.13	78.4668	1932.13	81.9245	1932.13	79.1494	1932.13	80.2974	1932.13	74.7553	1932.13	78.611	1932.13	71.1066	1932.13	75.9927	1932.13	74.2748	1932.13	76.7628	1932.13	77.5433	1932.13	68.5075	1932.13	72.6938	1932.13	75.5811	1932.13	68.8833	1932.13	75.2265	1932.13	72.7072	1932.13	76.0186	1932.13	66.2922	1932.13	73.771	1932.13	65.8401	1932.13	70.8624	1932.13	69.1269	1932.13	66.7392
2000.24	86.7928	2000.24	86.1485	2000.24	86.0411	2000.24	83.2448	2000.24	83.2239	2000.24	80.2949	2000.24	79.2804	2000.24	81.2361	2000.24	79.9493	2000.24	83.1732	2000.24	80.9765	2000.24	82.6588	2000.24	77.8917	2000.24	82.7572	2000.24	75.4279	2000.24	80.1905	2000.24	77.7597	2000.24	79.0393	2000.24	74.907	2000.24	76.0346	2000.24	75.2912	2000.24	75.6551	2000.24	75.8399	2000.24	73.1827	2000.24	67.0983	2000.24	72.7123	2000.24	73.229	2000.24	75.1711	2000.24	71.4004	2000.24	73.2775	2000.24	68.3978	2000.24	72.2203	2000.24	72.6757	2000.24	70.1319	2000.24	62.2155	2000.24	61.1196
2070.56	86.7169	2070.56	86.2202	2070.56	85.2917	2070.56	81.1858	2070.56	83.1551	2070.56	78.374	2070.56	79.1805	2070.56	80.5603	2070.56	78.5079	2070.56	82.5345	2070.56	79.2003	2070.56	82.2953	2070.56	77.8797	2070.56	81.1744	2070.56	76.752	2070.56	80.1989	2070.56	71.7797	2070.56	79.3518	2070.56	69.1306	2070.56	76.3981	2070.56	69.1531	2070.56	72.9908	2070.56	74.9361	2070.56	74.7	2070.56	69.9105	2070.56	71.8399	2070.56	66.7826	2070.56	72.4705	2070.56	68.0488	2070.56	72.556	2070.56	68.9041	2070.56	70.0287	2070.56	67.7457	2070.56	68.0871	2070.56	68.9155	2070.56	58.1571
2143.8	85.5767	2143.8	85.4267	2143.8	84.0799	2143.8	81.2683	2143.8	81.3723	2143.8	75.3314	2143.8	77.0356	2143.8	79.0273	2143.8	77.0244	2143.8	81.5048	2143.8	78.7577	2143.8	82.2715	2143.8	77.022	2143.8	80.5053	2143.8	74.8766	2143.8	79.4405	2143.8	74.7768	2143.8	78.1017	2143.8	70.3732	2143.8	76.0331	2143.8	69.0112	2143.8	73.0174	2143.8	73.7003	2143.8	73.0665	2143.8	68.5496	2143.8	71.2598	2143.8	56.2387	2143.8	70.2333	2143.8	67.3068	2143.8	70.9549	2143.8	58.8943	2143.8	67.8962	2143.8	69.0002	2143.8	58.864	2143.8	69.9389	2143.8	61.656
2219.24	85.1153	2219.24	83.837	2219.24	83.2429	2219.24	80.3149	2219.24	79.0091	2219.24	70.2616	2219.24	72.0905	2219.24	78.526	2219.24	74.497	2219.24	81.4408	2219.24	77.3653	2219.24	81.6405	2219.24	77.3363	2219.24	80.1335	2219.24	74.2694	2219.24	77.3996	2219.24	72.5773	2219.24	73.4977	2219.24	71.6887	2219.24	72.064	2219.24	68.4985	2219.24	71.7258	2219.24	72.2981	2219.24	69.7843	2219.24	67.2113	2219.24	69.1643	2219.24	57.2548	2219.24	68.583	2219.24	65.984	2219.24	72.065	2219.24	69.0032	2219.24	71.7535	2219.24	69.7556	2219.24	56.0175	2219.24	70.7349	2219.24	67.0544
2297.61	85.2218	2297.61	83.5938	2297.61	83.4033	2297.61	76.6262	2297.61	78.5113	2297.61	68.0283	2297.61	66.8415	2297.61	79.117	2297.61	74.6576	2297.61	81.53	2297.61	77.8146	2297.61	80.5028	2297.61	77.2171	2297.61	78.2238	2297.61	74.4266	2297.61	74.5824	2297.61	74.2004	2297.61	70.6014	2297.61	70.6409	2297.61	68.9632	2297.61	67.2153	2297.61	71.6084	2297.61	71.3529	2297.61	66.3336	2297.61	62.9273	2297.61	68.787	2297.61	62.2402	2297.61	66.5415	2297.61	72.2279	2297.61	69.5165	2297.61	54.201	2297.61	71.9278	2297.61	65.1566	2297.61	65.682	2297.61	71.4598	2297.61	64.1706
2378.17	84.1894	2378.17	83.8473	2378.17	82.2475	2378.17	75.4063	2378.17	78.1074	2378.17	67.0764	2378.17	59.4486	2378.17	79.5061	2378.17	75.3627	2378.17	81.2606	2378.17	77.9747	2378.17	79.7695	2378.17	77.1905	2378.17	77.2459	2378.17	72.1299	2378.17	74.9832	2378.17	71.7382	2378.17	73.4776	2378.17	72.7194	2378.17	70.614	2378.17	64.9775	2378.17	66.8289	2378.17	70.5022	2378.17	68.4655	2378.17	67.9529	2378.17	67.8832	2378.17	63.29	2378.17	67.9482	2378.17	68.7719	2378.17	66.5806	2378.17	58.4167	2378.17	67.8833	2378.17	68.1433	2378.17	62.7006	2378.17	67.8773	2378.17	61.1302
2462.4	84.033	2462.4	81.3154	2462.4	80.5625	2462.4	75.2537	2462.4	76.4011	2462.4	70.8759	2462.4	53.0258	2462.4	79.8092	2462.4	76.1413	2462.4	80.8414	2462.4	78.983	2462.4	79.362	2462.4	77.9295	2462.4	75.3391	2462.4	74.7898	2462.4	75.1843	2462.4	71.3019	2462.4	74.4536	2462.4	68.6894	2462.4	74.6875	2462.4	66.0439	2462.4	69.8575	2462.4	67.1074	2462.4	67.4558	2462.4	68.0916	2462.4	64.8982	2462.4	65.2108	2462.4	69.783	2462.4	66.8342	2462.4	66.2772	2462.4	55.8079	2462.4	70.0803	2462.4	64.6883	2462.4	67.523	2462.4	67.7355	2462.4	61.7465
2548.83	84.018	2548.83	81.7442	2548.83	80.9989	2548.83	72.1829	2548.83	74.8888	2548.83	73.0068	2548.83	66.8473	2548.83	80.7619	2548.83	77.3139	2548.83	81.4092	2548.83	78.6684	2548.83	78.5877	2548.83	78.8819	2548.83	76.8959	2548.83	74.1623	2548.83	75.7939	2548.83	70.7119	2548.83	73.4988	2548.83	74.0998	2548.83	74.3292	2548.83	69.5366	2548.83	73.1413	2548.83	66.5455	2548.83	68.3388	2548.83	67.4257	2548.83	67.5202	2548.83	61.7462	2548.83	69.3782	2548.83	68.2983	2548.83	66.5906	2548.83	62.7676	2548.83	67.6565	2548.83	66.1355	2548.83	64.4376	2548.83	59.9401	2548.83	52.7426
2638.92	84.0667	2638.92	81.1079	2638.92	80.5452	2638.92	73.0068	2638.92	75.0377	2638.92	74.9749	2638.92	67.2568	2638.92	80.7296	2638.92	78.3923	2638.92	81.0429	2638.92	80.003	2638.92	77.5727	2638.92	78.592	2638.92	76.8255	2638.92	76.6887	2638.92	76.1423	2638.92	69.1568	2638.92	71.6038	2638.92	69.0188	2638.92	70.8724	2638.92	68.8785	2638.92	70.8363	2638.92	69.0754	2638.92	70.6014	2638.92	69.2073	2638.92	68.952	2638.92	48.4607	2638.92	68.2027	2638.92	67.8244	2638.92	67.4248	2638.92	56.656	2638.92	64.8559	2638.92	65.7676	2638.92	67.6908	2638.92	67.9152	2638.92	61.752
2731.93	83.1255	2731.93	80.0691	2731.93	79.9349	2731.93	74.2988	2731.93	74.5484	2731.93	77.7345	2731.93	70.8349	2731.93	81.1545	2731.93	79.1415	2731.93	80.9358	2731.93	80.979	2731.93	78.7294	2731.93	80.3165	2731.93	77.0097	2731.93	76.1476	2731.93	74.7871	2731.93	73.0391	2731.93	75.1113	2731.93	74.2573	2731.93	72.055	2731.93	73.9372	2731.93	68.865	2731.93	68.3007	2731.93	72.2157	2731.93	68.09	2731.93	69.0927	2731.93	61.3851	2731.93	65.2551	2731.93	66.4405	2731.93	70.556	2731.93	61.3959	2731.93	65.5078	2731.93	67.1005	2731.93	67.2581	2731.93	62.8174	2731.93	55.7368
2828.61	82.6195	2828.61	79.2476	2828.61	79.9435	2828.61	73.6783	2828.61	74.2158	2828.61	78.8013	2828.61	72.3361	2828.61	81.3406	2828.61	79.6719	2828.61	79.2001	2828.61	81.8315	2828.61	80.1454	2828.61	80.5811	2828.61	75.6844	2828.61	77.2673	2828.61	75.9614	2828.61	74.1967	2828.61	76.2508	2828.61	73.9328	2828.61	74.2486	2828.61	72.8086	2828.61	71.8168	2828.61	70.824	2828.61	70.0267	2828.61	65.9913	2828.61	69.1499	2828.61	64.7307	2828.61	67.6007	2828.61	63.5464	2828.61	68.0192	2828.61	60.8634	2828.61	66.1399	2828.61	69.5335	2828.61	58.7443	2828.61	67.9463	2828.61	60.9081
2928.22	82.1697	2928.22	79.8085	2928.22	79.2649	2928.22	75.0775	2928.22	75.321	2928.22	79.3056	2928.22	72.4278	2928.22	81.769	2928.22	79.7961	2928.22	81.0234	2928.22	82.0648	2928.22	76.859	2928.22	80.7485	2928.22	77.9254	2928.22	78.3284	2928.22	78.361	2928.22	72.2233	2928.22	74.6558	2928.22	65.934	2928.22	76.3975	2928.22	70.296	2928.22	73.4746	2928.22	71.823	2928.22	68.1542	2928.22	64.3703	2928.22	69.641	2928.22	63.5436	2928.22	69.4034	2928.22	64.5042	2928.22	71.0603	2928.22	67.186	2928.22	63.0388	2928.22	70.921	2928.22	60.0816	2928.22	67.9183	2928.22	59.236
3031.49	82.3084	3031.49	80.137	3031.49	79.4719	3031.49	76.0779	3031.49	76.352	3031.49	80.2206	3031.49	74.2994	3031.49	80.5699	3031.49	79.4588	3031.49	81.1756	3031.49	82.1088	3031.49	79.9295	3031.49	81.4374	3031.49	78.9011	3031.49	78.5892	3031.49	76.2427	3031.49	75.5364	3031.49	73.7252	3031.49	71.2833	3031.49	69.5811	3031.49	74.8741	3031.49	72.0884	3031.49	74.349	3031.49	72.2766	3031.49	66.2555	3031.49	70.6524	3031.49	64.9897	3031.49	68.0718	3031.49	66.6657	3031.49	69.1461	3031.49	60.1507	3031.49	68.5419	3031.49	66.8189	3031.49	59.3823	3031.49	69.0192	3031.49	62.2962
3138.43	81.5064	3138.43	80.264	3138.43	80.2194	3138.43	77.2311	3138.43	76.4006	3138.43	81.0305	3138.43	77.6297	3138.43	81.6757	3138.43	78.2021	3138.43	81.2423	3138.43	83.0103	3138.43	79.1547	3138.43	81.1233	3138.43	77.2445	3138.43	78.6203	3138.43	73.7155	3138.43	74.3427	3138.43	75.9684	3138.43	69.0356	3138.43	71.5954	3138.43	73.4856	3138.43	70.5403	3138.43	72.4994	3138.43	73.4781	3138.43	64.9531	3138.43	70.2546	3138.43	68.1802	3138.43	68.029	3138.43	63.8163	3138.43	69.4833	3138.43	65.9226	3138.43	63.3301	3138.43	69.9211	3138.43	58.2219	3138.43	67.6719	3138.43	63.6976
3249.02	81.0675	3249.02	80.0586	3249.02	80.1577	3249.02	77.5892	3249.02	77.2105	3249.02	80.1031	3249.02	79.3516	3249.02	82.3328	3249.02	77.4848	3249.02	80.8346	3249.02	83.366	3249.02	79.3661	3249.02	81.0291	3249.02	76.919	3249.02	78.1958	3249.02	78.4082	3249.02	70.8694	3249.02	75.8886	3249.02	67.0786	3249.02	76.4937	3249.02	73.3252	3249.02	71.0975	3249.02	66.4135	3249.02	67.2601	3249.02	68.9882	3249.02	70.6936	3249.02	68.7389	3249.02	64.4709	3249.02	59.6653	3249.02	70.2573	3249.02	64.9007	3249.02	67.0385	3249.02	70.7113	3249.02	59.3409	3249.02	70.0057	3249.02	61.2842
3363.28	80.6224	3363.28	80.2122	3363.28	80.6943	3363.28	79.2574	3363.28	77.0092	3363.28	81.061	3363.28	80.9191	3363.28	82.5264	3363.28	76.8883	3363.28	80.7316	3363.28	82.7978	3363.28	80.169	3363.28	81.7254	3363.28	78.1055	3363.28	77.3974	3363.28	77.7395	3363.28	73.1334	3363.28	72.4113	3363.28	69.003	3363.28	74.228	3363.28	73.7155	3363.28	74.4141	3363.28	61.5932	3363.28	69.3501	3363.28	65.6613	3363.28	70.6796	3363.28	67.4318	3363.28	69.0512	3363.28	54.5742	3363.28	70.8169	3363.28	66.3497	3363.28	66.4532	3363.28	70.8899	3363.28	60.8149	3363.28	67.9858	3363.28	59.1927
3481.93	80.7226	3481.93	80.443	3481.93	80.5994	3481.93	79.8921	3481.93	79.0773	3481.93	81.0578	3481.93	80.618	3481.93	82.7749	3481.93	77.9331	3481.93	81.853	3481.93	80.9418	3481.93	78.9724	3481.93	81.8281	3481.93	78.3577	3481.93	76.2151	3481.93	73.0256	3481.93	73.385	3481.93	76.1117	3481.93	67.8111	3481.93	69.4967	3481.93	74.7623	3481.93	74.1377	3481.93	66.1022	3481.93	72.404	3481.93	66.3252	3481.93	70.5546	3481.93	66.3558	3481.93	71.2436	3481.93	57.8	3481.93	70.2286	3481.93	68.5234	3481.93	69.0685	3481.93	70.9434	3481.93	60.0352	3481.93	69.1385	3481.93	56.4494
3604.98	80.5528	3604.98	81.7602	3604.98	80.3928	3604.98	79.8401	3604.98	80.9195	3604.98	82.5158	3604.98	80.2713	3604.98	82.2465	3604.98	77.9274	3604.98	81.2457	3604.98	79.1094	3604.98	78.5564	3604.98	81.6881	3604.98	76.4935	3604.98	77.4806	3604.98	79.4135	3604.98	73.4377	3604.98	77.2306	3604.98	73.5793	3604.98	75.5848	3604.98	71.6441	3604.98	68.2119	3604.98	72.7067	3604.98	70.8083	3604.98	63.6342	3604.98	71.8842	3604.98	65.4555	3604.98	68.3399	3604.98	64.0391	3604.98	66.5203	3604.98	64.2479	3604.98	70.3606	3604.98	65.7526	3604.98	59.3092	3604.98	70.0164	3604.98	53.7609
3732.42	80.8551	3732.42	81.7992	3732.42	80.5136	3732.42	79.5884	3732.42	80.8733	3732.42	82.7516	3732.42	82.1111	3732.42	83.5849	3732.42	78.6213	3732.42	81.6164	3732.42	79.1458	3732.42	79.2895	3732.42	82.3687	3732.42	79.7299	3732.42	78.2271	3732.42	78.6684	3732.42	75.4959	3732.42	74.4922	3732.42	76.138	3732.42	75.5859	3732.42	68.7367	3732.42	72.7174	3732.42	70.5029	3732.42	67.9111	3732.42	64.641	3732.42	66.7142	3732.42	64.361	3732.42	70.8204	3732.42	64.8262	3732.42	69.6015	3732.42	59.5106	3732.42	67.4877	3732.42	66.2392	3732.42	64.8963	3732.42	67.05	3732.42	59.0134
3863.53	81.6491	3863.53	82.967	3863.53	80.8294	3863.53	80.6529	3863.53	81.5304	3863.53	82.9668	3863.53	82.494	3863.53	82.4996	3863.53	79.7193	3863.53	80.8933	3863.53	79.517	3863.53	81.6069	3863.53	82.6081	3863.53	78.6998	3863.53	76.8439	3863.53	73.544	3863.53	75.0865	3863.53	72.4685	3863.53	76.1016	3863.53	71.3401	3863.53	75.0633	3863.53	72.3026	3863.53	72.4682	3863.53	71.7305	3863.53	49.2867	3863.53	69.6544	3863.53	62.8387	3863.53	71.686	3863.53	63.8429	3863.53	69.4018	3863.53	63.5717	3863.53	66.9453	3863.53	64.2371	3863.53	66.0753	3863.53	69.4057	3863.53	59.6115
3999.76	82.9021	3999.76	82.7625	3999.76	81.4214	3999.76	81.3459	3999.76	81.9045	3999.76	83.7127	3999.76	82.6692	3999.76	83.634	3999.76	80.5421	3999.76	81.7294	3999.76	80.344	3999.76	78.6168	3999.76	81.0083	3999.76	78.0766	3999.76	78.5665	3999.76	77.3578	3999.76	76.8574	3999.76	76.8713	3999.76	69.1802	3999.76	75.4433	3999.76	75.0401	3999.76	66.9168	3999.76	76.9779	3999.76	73.3153	3999.76	44.9714	3999.76	71.5573	3999.76	64.04	3999.76	69.9878	3999.76	68.2504	3999.76	65.6991	3999.76	59.2061	3999.76	71.1915	3999.76	62.4365	3999.76	62.4363	3999.76	65.9831	3999.76	58.2109
4141.11	83.44	4141.11	82.8847	4141.11	81.165	4141.11	82.3927	4141.11	82.6375	4141.11	84.2708	4141.11	82.4136	4141.11	82.3896	4141.11	80.6443	4141.11	82.8323	4141.11	81.4885	4141.11	81.0098	4141.11	81.1787	4141.11	78.9146	4141.11	78.7642	4141.11	77.353	4141.11	78.0627	4141.11	68.6747	4141.11	72.784	4141.11	75.7857	4141.11	73.9117	4141.11	73.8985	4141.11	76.8369	4141.11	69.459	4141.11	56.9711	4141.11	68.8456	4141.11	68.5207	4141.11	69.3359	4141.11	68.1913	4141.11	71.1629	4141.11	53.7495	4141.11	69.8957	4141.11	64.881	4141.11	64.1198	4141.11	63.0941	4141.11	62.6947
4286.87	84.3755	4286.87	82.995	4286.87	82.106	4286.87	82.8087	4286.87	83.1039	4286.87	83.968	4286.87	82.4478	4286.87	82.881	4286.87	77.7664	4286.87	82.2498	4286.87	79.5692	4286.87	79.473	4286.87	81.5553	4286.87	78.3571	4286.87	81.2482	4286.87	76.4291	4286.87	73.7561	4286.87	76.9117	4286.87	68.9089	4286.87	72.5725	4286.87	74.7248	4286.87	73.5525	4286.87	73.6595	4286.87	72.3382	4286.87	64.112	4286.87	70.6442	4286.87	68.965	4286.87	71.3237	4286.87	67.6141	4286.87	67.9117	4286.87	53.6792	4286.87	69.7898	4286.87	65.2062	4286.87	63.252	4286.87	65.2931	4286.87	59.7299
4438.48	84.6354	4438.48	82.894	4438.48	82.3643	4438.48	84.0673	4438.48	83.1077	4438.48	84.2803	4438.48	83.1629	4438.48	83.5622	4438.48	76.9726	4438.48	82.7512	4438.48	79.0942	4438.48	80.2947	4438.48	81.9666	4438.48	76.9183	4438.48	82.4256	4438.48	78.4854	4438.48	75.1482	4438.48	74.8735	4438.48	71.4156	4438.48	76.404	4438.48	70.5953	4438.48	68.4283	4438.48	73.5311	4438.48	72.0037	4438.48	64.6064	4438.48	73.3269	4438.48	67.2364	4438.48	70.5968	4438.48	68.2526	4438.48	70.1754	4438.48	59.4372	4438.48	70.5765	4438.48	63.3948	4438.48	66.9425	4438.48	66.557	4438.48	62.599
4594.48	84.5303	4594.48	83.2733	4594.48	83.7246	4594.48	84.438	4594.48	82.9845	4594.48	83.9387	4594.48	85.0518	4594.48	84.1249	4594.48	81.2961	4594.48	82.4821	4594.48	76.0111	4594.48	80.6096	4594.48	82.7445	4594.48	80.6385	4594.48	82.3334	4594.48	77.4667	4594.48	70.1492	4594.48	73.1979	4594.48	73.0789	4594.48	72.0863	4594.48	65.9332	4594.48	74.1112	4594.48	73.8729	4594.48	69.8634	4594.48	55.4529	4594.48	70.2363	4594.48	64.6905	4594.48	69.5207	4594.48	65.8774	4594.48	71.848	4594.48	57.0597	4594.48	70.1348	4594.48	62.6506	4594.48	67.7223	4594.48	63.4585	4594.48	61.5296
4757.08	85.1234	4757.08	83.2428	4757.08	83.7442	4757.08	84.5763	4757.08	82.9645	4757.08	84.0998	4757.08	84.1937	4757.08	84.3672	4757.08	81.6836	4757.08	82.6606	4757.08	76.1592	4757.08	79.9883	4757.08	83.7994	4757.08	78.1874	4757.08	82.49	4757.08	78.3341	4757.08	72.3182	4757.08	78.2187	4757.08	72.3385	4757.08	77.222	4757.08	69.8188	4757.08	71.315	4757.08	68.4702	4757.08	72.6789	4757.08	67.4499	4757.08	72.5139	4757.08	66.2112	4757.08	71.1638	4757.08	64.0892	4757.08	68.4398	4757.08	61.1328	4757.08	71.274	4757.08	63.3452	4757.08	67.1144	4757.08	63.5447	4757.08	64.48
4924.8	84.3709	4924.8	83.9152	4924.8	84.5992	4924.8	84.4739	4924.8	83.4388	4924.8	84.6946	4924.8	81.9141	4924.8	83.8878	4924.8	80.8305	4924.8	82.6639	4924.8	76.7907	4924.8	81.7319	4924.8	83.0014	4924.8	80.8623	4924.8	80.8432	4924.8	79.6029	4924.8	72.6645	4924.8	75.2669	4924.8	74.8669	4924.8	74.0568	4924.8	74.4385	4924.8	70.8694	4924.8	72.1028	4924.8	72.1266	4924.8	65.0837	4924.8	72.342	4924.8	67.3656	4924.8	69.5943	4924.8	65.7493	4924.8	72.1073	4924.8	61.1309	4924.8	70.2283	4924.8	55.853	4924.8	69.6372	4924.8	66.2211	4924.8	63.0423
5098.39	84.6144	5098.39	84.2006	5098.39	84.4454	5098.39	84.4264	5098.39	84.219	5098.39	85.1276	5098.39	84.1248	5098.39	83.1625	5098.39	81.4859	5098.39	82.7394	5098.39	73.1116	5098.39	81.4741	5098.39	82.2344	5098.39	80.397	5098.39	75.3804	5098.39	78.5674	5098.39	76.3955	5098.39	77.5653	5098.39	67.3695	5098.39	75.0145	5098.39	67.8717	5098.39	71.5022	5098.39	68.1066	5098.39	71.2331	5098.39	62.0378	5098.39	70.795	5098.39	70.6876	5098.39	65.6258	5098.39	65.5343	5098.39	71.4115	5098.39	55.6226	5098.39	68.4678	5098.39	57.7552	5098.39	68.9087	5098.39	59.8433	5098.39	61.1958
5277.83	84.1128	5277.83	84.5348	5277.83	84.8128	5277.83	84.9673	5277.83	83.0112	5277.83	84.9493	5277.83	84.0861	5277.83	83.2323	5277.83	82.8594	5277.83	83.7823	5277.83	77.3859	5277.83	82.5307	5277.83	80.9194	5277.83	80.8408	5277.83	77.2428	5277.83	78.0368	5277.83	73.8133	5277.83	75.9307	5277.83	70.2051	5277.83	75.5876	5277.83	71.9595	5277.83	68.9873	5277.83	72.3139	5277.83	70.0232	5277.83	67.047	5277.83	70.6977	5277.83	69.1809	5277.83	67.6622	5277.83	65.0406	5277.83	68.1339	5277.83	40.8323	5277.83	69.376	5277.83	60.4728	5277.83	70.2259	5277.83	63.7436	5277.83	65.1184
5463.87	83.8138	5463.87	85.2543	5463.87	85.3298	5463.87	84.9996	5463.87	83.8904	5463.87	84.3932	5463.87	83.0738	5463.87	83.7063	5463.87	83.8074	5463.87	83.7817	5463.87	79.6747	5463.87	82.565	5463.87	78.6432	5463.87	80.1267	5463.87	78.7063	5463.87	78.5362	5463.87	71.0944	5463.87	75.1648	5463.87	64.2845	5463.87	72.8757	5463.87	66.1918	5463.87	71.9902	5463.87	72.7541	5463.87	69.1169	5463.87	59.0702	5463.87	71.1089	5463.87	61.4913	5463.87	66.0919	5463.87	66.6333	5463.87	69.9816	5463.87	52.777	5463.87	69.7457	5463.87	60.397	5463.87	70.5427	5463.87	64.7467	5463.87	62.5036
5656.49	84.8656	5656.49	85.1105	5656.49	84.5279	5656.49	84.9598	5656.49	83.7171	5656.49	83.6986	5656.49	83.7939	5656.49	84.6691	5656.49	83.0106	5656.49	84.2746	5656.49	77.4497	5656.49	82.4324	5656.49	73.7935	5656.49	80.8519	5656.49	81.6546	5656.49	79.0751	5656.49	70.8676	5656.49	78.4758	5656.49	74.0321	5656.49	75.6292	5656.49	67.6407	5656.49	73.5563	5656.49	67.6456	5656.49	69.4561	5656.49	69.3335	5656.49	71.8328	5656.49	61.0175	5656.49	69.1653	5656.49	66.577	5656.49	68.6499	5656.49	58.1749	5656.49	71.1317	5656.49	60.751	5656.49	71.0326	5656.49	60.9672	5656.49	65.3948
5856.45	84.5186	5856.45	84.823	5856.45	84.5896	5856.45	85.0564	5856.45	83.7859	5856.45	83.2682	5856.45	83.3382	5856.45	84.7854	5856.45	81.4227	5856.45	84.0637	5856.45	74.2492	5856.45	82.667	5856.45	79.8013	5856.45	80.6638	5856.45	81.8215	5856.45	80.1898	5856.45	74.9253	5856.45	76.3595	5856.45	72.4505	5856.45	73.3376	5856.45	64.7557	5856.45	71.2731	5856.45	73.6614	5856.45	72.0576	5856.45	70.7422	5856.45	71.9655	5856.45	64.3264	5856.45	66.7151	5856.45	64.4889	5856.45	69.8856	5856.45	56.9211	5856.45	70.2309	5856.45	58.9662	5856.45	71.0629	5856.45	65.3662	5856.45	65.3866
6062.99	84.8746	6062.99	84.9595	6062.99	84.0653	6062.99	84.2381	6062.99	83.6958	6062.99	83.1141	6062.99	83.4695	6062.99	84.2732	6062.99	84.7228	6062.99	84.045	6062.99	77.6191	6062.99	82.4782	6062.99	81.8218	6062.99	80.1378	6062.99	80.1189	6062.99	78.7506	6062.99	75.6169	6062.99	79.4824	6062.99	74.0468	6062.99	68.2785	6062.99	70.4955	6062.99	68.7556	6062.99	68.3102	6062.99	71.2577	6062.99	67.197	6062.99	71.5642	6062.99	64.8538	6062.99	67.0138	6062.99	63.451	6062.99	70.9821	6062.99	59.1717	6062.99	69.3148	6062.99	58.0717	6062.99	70.4368	6062.99	64.6264	6062.99	64.7044
6276.86	85.0846	6276.86	84.2783	6276.86	83.753	6276.86	83.7426	6276.86	83.8816	6276.86	83.3826	6276.86	82.6795	6276.86	83.7142	6276.86	85.2252	6276.86	84.1491	6276.86	78.5845	6276.86	81.1666	6276.86	82.9378	6276.86	79.7943	6276.86	79.3233	6276.86	76.3528	6276.86	79.1856	6276.86	75.554	6276.86	66.85	6276.86	75.4116	6276.86	71.8867	6276.86	68.2837	6276.86	74.6391	6276.86	71.2121	6276.86	67.6071	6276.86	71.8564	6276.86	62.8843	6276.86	65.7113	6276.86	66.1014	6276.86	72.5637	6276.86	59.1837	6276.86	68.2669	6276.86	38.6409	6276.86	71.1336	6276.86	64.8559	6276.86	64.87
6498.05	85.527	6498.05	84.236	6498.05	82.8924	6498.05	83.4071	6498.05	83.4466	6498.05	83.1466	6498.05	81.305	6498.05	83.8742	6498.05	84.7805	6498.05	84.1305	6498.05	81.4404	6498.05	82.7329	6498.05	80.2607	6498.05	79.8229	6498.05	80.1151	6498.05	78.4662	6498.05	78.0405	6498.05	77.3478	6498.05	69.0937	6498.05	73.3411	6498.05	73.3806	6498.05	70.7799	6498.05	70.9992	6498.05	65.3799	6498.05	62.982	6498.05	71.3925	6498.05	61.1212	6498.05	67.6779	6498.05	66.8599	6498.05	70.6011	6498.05	54.6902	6498.05	69.8436	6498.05	54.8644	6498.05	71.8953	6498.05	63.1915	6498.05	63.8431
6727.29	85.0869	6727.29	84.5174	6727.29	83.0504	6727.29	83.6173	6727.29	83.1754	6727.29	82.2453	6727.29	81.1895	6727.29	84.2149	6727.29	84.8456	6727.29	83.7703	6727.29	82.9367	6727.29	81.9279	6727.29	78.2848	6727.29	80.897	6727.29	82.2494	6727.29	77.4233	6727.29	74.1012	6727.29	74.0485	6727.29	68.6294	6727.29	76.0073	6727.29	72.3622	6727.29	71.1217	6727.29	70.4418	6727.29	70.9731	6727.29	50.4465	6727.29	68.783	6727.29	58.5912	6727.29	67.5335	6727.29	66.6471	6727.29	71.5866	6727.29	53.1006	6727.29	69.1745	6727.29	56.3757	6727.29	71.7686	6727.29	61.3545	6727.29	63.3333
6964.6	85.6812	6964.6	85.1875	6964.6	83.2507	6964.6	83.4067	6964.6	82.4888	6964.6	82.899	6964.6	81.2837	6964.6	84.0531	6964.6	85.0468	6964.6	83.1555	6964.6	83.3637	6964.6	81.7765	6964.6	75.918	6964.6	79.7635	6964.6	82.2531	6964.6	79.3457	6964.6	68.5127	6964.6	77.1231	6964.6	71.0683	6964.6	73.012	6964.6	70.0669	6964.6	70.5386	6964.6	67.0826	6964.6	70.4572	6964.6	54.9899	6964.6	68.482	6964.6	58.1955	6964.6	65.6215	6964.6	64.6259	6964.6	68.3623	6964.6	58.1063	6964.6	67.9601	6964.6	50.2284	6964.6	71.0371	6964.6	62.0866	6964.6	62.7908
7209.96	85.8571	7209.96	85.15	7209.96	83.2042	7209.96	84.0339	7209.96	82.8734	7209.96	82.9165	7209.96	81.0979	7209.96	83.5261	7209.96	83.5098	7209.96	82.6364	7209.96	82.7564	7209.96	81.6695	7209.96	78.24	7209.96	80.1122	7209.96	80.0268	7209.96	77.0659	7209.96	73.0114	7209.96	75.3548	7209.96	73.9372	7209.96	72.5763	7209.96	70.4783	7209.96	70.7201	7209.96	62.6797	7209.96	72.7604	7209.96	50.0672	7209.96	65.6958	7209.96	58.6217	7209.96	67.5313	7209.96	62.8637	7209.96	67.261	7209.96	52.5514	7209.96	68.0359	7209.96	57.096	7209.96	70.382	7209.96	60.9885	7209.96	58.529
7464.11	86.4584	7464.11	85.7088	7464.11	84.268	7464.11	84.8727	7464.11	82.3164	7464.11	82.7953	7464.11	82.9179	7464.11	83.7276	7464.11	83.0692	7464.11	82.2555	7464.11	81.7941	7464.11	81.9049	7464.11	77.3816	7464.11	79.853	7464.11	74.4058	7464.11	78.8241	7464.11	74.1241	7464.11	72.093	7464.11	68.545	7464.11	72.7731	7464.11	66.9315	7464.11	67.3876	7464.11	62.8478	7464.11	71.0209	7464.11	62.0779	7464.11	60.3077	7464.11	58.7749	7464.11	66.5476	7464.11	62.6231	7464.11	58.8649	7464.11	54.1048	7464.11	67.4681	7464.11	52.2971	7464.11	69.3866	7464.11	58.2326	7464.11	57.7956
7727.78	86.6081	7727.78	85.8201	7727.78	84.4143	7727.78	85.093	7727.78	82.882	7727.78	83.6815	7727.78	82.6174	7727.78	83.3637	7727.78	83.0472	7727.78	82.1516	7727.78	81.6179	7727.78	80.9542	7727.78	76.231	7727.78	78.9902	7727.78	72.2293	7727.78	76.2339	7727.78	73.6547	7727.78	75.6515	7727.78	68.362	7727.78	69.2724	7727.78	65.0945	7727.78	66.5553	7727.78	55.7362	7727.78	66.8635	7727.78	57.9841	7727.78	60.0013	7727.78	53.6586	7727.78	65.3751	7727.78	57.7314	7727.78	60.364	7727.78	56.0587	7727.78	65.0416	7727.78	52.1828	7727.78	67.8542	7727.78	57.4295	7727.78	55.43
8000.24	86.3661	8000.24	85.9117	8000.24	85.0025	8000.24	85.4967	8000.24	82.629	8000.24	84.0384	8000.24	82.9388	8000.24	83.0588	8000.24	81.9067	8000.24	82.324	8000.24	79.4827	8000.24	80.8216	8000.24	74.1167	8000.24	78.1397	8000.24	75.4127	8000.24	73.7421	8000.24	72.0868	8000.24	71.4123	8000.24	64.5378	8000.24	68.9089	8000.24	63.6354	8000.24	60.9617	8000.24	58.0327	8000.24	68.494	8000.24	55.1548	8000.24	62.7231	8000.24	51.0666	8000.24	65.3341	8000.24	54.4295	8000.24	44.3577	8000.24	59.2376	8000.24	64.9242	8000.24	53.0838	8000.24	66.1874	8000.24	57.2388	8000.24	51.7606
8282.23	86.3367	8282.23	86.1626	8282.23	85.4144	8282.23	85.5587	8282.23	82.8223	8282.23	84.1435	8282.23	82.6339	8282.23	83.6553	8282.23	81.7112	8282.23	82.0536	8282.23	79.169	8282.23	80.6769	8282.23	75.9792	8282.23	77.3631	8282.23	77.0973	8282.23	74.1803	8282.23	69.2572	8282.23	69.9432	8282.23	68.8322	8282.23	69.4019	8282.23	67.2274	8282.23	62.6974	8282.23	64.0758	8282.23	67.4923	8282.23	60.042	8282.23	63.0376	8282.23	45.4382	8282.23	65.7791	8282.23	47.0603	8282.23	53.437	8282.23	61.2628	8282.23	62.7821	8282.23	47.3267	8282.23	64.2196	8282.23	57.0708	8282.23	52.8949
8574.46	86.0321	8574.46	85.7999	8574.46	85.3691	8574.46	85.8113	8574.46	83.4848	8574.46	84.2134	8574.46	81.9484	8574.46	84.2238	8574.46	82.0056	8574.46	81.7598	8574.46	79.8388	8574.46	79.7628	8574.46	76.7198	8574.46	76.8308	8574.46	76.0961	8574.46	74.5885	8574.46	69.4149	8574.46	72.1239	8574.46	67.6852	8574.46	67.7265	8574.46	64.0596	8574.46	59.5132	8574.46	65.6266	8574.46	67.6912	8574.46	58.9006	8574.46	66.6015	8574.46	45.5301	8574.46	64.2551	8574.46	49.6371	8574.46	62.827	8574.46	60.1753	8574.46	63.3597	8574.46	37.7602	8574.46	61.885	8574.46	55.9023	8574.46	52.4324
8876.22	85.4078	8876.22	85.3467	8876.22	85.532	8876.22	85.8797	8876.22	83.575	8876.22	84.3724	8876.22	81.7359	8876.22	84.1932	8876.22	80.0673	8876.22	81.9636	8876.22	79.1435	8876.22	79.5069	8876.22	76.9242	8876.22	76.106	8876.22	70.879	8876.22	73.2298	8876.22	69.9024	8876.22	72.0309	8876.22	62.574	8876.22	70.7136	8876.22	59.6025	8876.22	63.5078	8876.22	55.1241	8876.22	64.4049	8876.22	59.3368	8876.22	67.6747	8876.22	52.4828	8876.22	61.3872	8876.22	38.1043	8876.22	64.5087	8876.22	57.0915	8876.22	62.0094	8876.22	45.6253	8876.22	61.3589	8876.22	51.7277	8876.22	51.9935
9189.7	85.1736	9189.7	84.8532	9189.7	85.5918	9189.7	85.5699	9189.7	83.6187	9189.7	84.506	9189.7	81.9006	9189.7	84.1679	9189.7	80.0334	9189.7	81.3959	9189.7	79.7708	9189.7	78.708	9189.7	73.1269	9189.7	74.952	9189.7	67.2934	9189.7	73.7741	9189.7	71.786	9189.7	71.457	9189.7	64.4926	9189.7	66.9782	9189.7	61.2329	9189.7	65.2725	9189.7	59.1026	9189.7	62.8703	9189.7	60.6416	9189.7	67.9197	9189.7	58.5168	9189.7	58.935	9189.7	49.9663	9189.7	65.9687	9189.7	62.7128	9189.7	58.8516	9189.7	44.1361	9189.7	58.9436	9189.7	49.5647	9189.7	52.9907
9513.43	84.8262	9513.43	84.5582	9513.43	85.3989	9513.43	85.0525	9513.43	83.6186	9513.43	84.7166	9513.43	80.6192	9513.43	83.8531	9513.43	78.286	9513.43	80.7506	9513.43	78.0742	9513.43	77.9602	9513.43	72.3493	9513.43	76.5644	9513.43	70.0539	9513.43	74.1321	9513.43	72.1867	9513.43	69.0066	9513.43	60.5534	9513.43	67.0355	9513.43	60.1463	9513.43	65.458	9513.43	63.6415	9513.43	61.7461	9513.43	56.637	9513.43	67.663	9513.43	58.8826	9513.43	58.6897	9513.43	54.9571	9513.43	65.8934	9513.43	64.3752	9513.43	56.8254	9513.43	41.7879	9513.43	53.2108	9513.43	51.9896	9513.43	53.0887
9848.88	84.3651	9848.88	84.4394	9848.88	84.9379	9848.88	84.4445	9848.88	82.7616	9848.88	84.4901	9848.88	80.2924	9848.88	83.2812	9848.88	77.8268	9848.88	79.8623	9848.88	77.7803	9848.88	77.3032	9848.88	72.9906	9848.88	76.3615	9848.88	69.5126	9848.88	72.6293	9848.88	69.6341	9848.88	68.0087	9848.88	58.0811	9848.88	64.5567	9848.88	60.6092	9848.88	63.1228	9848.88	64.4734	9848.88	52.9015	9848.88	50.4002	9848.88	65.4257	9848.88	56.7414	9848.88	58.3018	9848.88	52.5818	9848.88	65.12	9848.88	64.1363	9848.88	53.1128	9848.88	43.8814	9848.88	43.111	9848.88	44.9677	9848.88	53.6687
10196.8	84.6413	10196.8	84.5266	10196.8	84.5211	10196.8	84.6373	10196.8	82.3584	10196.8	83.8546	10196.8	80.6922	10196.8	82.9757	10196.8	77.67	10196.8	78.8499	10196.8	76.3011	10196.8	78.0094	10196.8	72.7888	10196.8	74.1664	10196.8	67.2014	10196.8	70.9037	10196.8	68.7751	10196.8	69.3527	10196.8	57.6842	10196.8	62.1677	10196.8	58.3484	10196.8	66.3089	10196.8	64.4652	10196.8	54.4441	10196.8	48.3668	10196.8	64.8793	10196.8	55.1882	10196.8	57.8852	10196.8	46.6439	10196.8	65.5739	10196.8	61.2706	10196.8	47.2924	10196.8	48.8099	10196.8	41.8827	10196.8	44.0027	10196.8	54.5267
10556.4	85.1896	10556.4	84.9761	10556.4	84.4735	10556.4	84.72	10556.4	82.0034	10556.4	83.8831	10556.4	80.7883	10556.4	81.9643	10556.4	78.9016	10556.4	79.152	10556.4	77.2087	10556.4	77.7416	10556.4	70.8568	10556.4	72.7143	10556.4	67.7365	10556.4	69.4478	10556.4	66.104	10556.4	66.7828	10556.4	59.6983	10556.4	59.9114	10556.4	53.9785	10556.4	68.2322	10556.4	58.0778	10556.4	60.7552	10556.4	44.0049	10556.4	63.1916	10556.4	41.2713	10556.4	57.5299	10556.4	50.0462	10556.4	64.2774	10556.4	60.7831	10556.4	49.7848	10556.4	34.1538	10556.4	52.8852	10556.4	44.5009	10556.4	54.3149
10928.5	85.5945	10928.5	85.6263	10928.5	84.3832	10928.5	84.8268	10928.5	81.4829	10928.5	83.5757	10928.5	80.8766	10928.5	81.8656	10928.5	79.1916	10928.5	79.1944	10928.5	77.1606	10928.5	77.9767	10928.5	70.2539	10928.5	72.2312	10928.5	68.6251	10928.5	69.3405	10928.5	64.8718	10928.5	68.4005	10928.5	58.5749	10928.5	60.7067	10928.5	53.8885	10928.5	67.7323	10928.5	50.837	10928.5	63.473	10928.5	40.0834	10928.5	63.1861	10928.5	53.8642	10928.5	59.3069	10928.5	49.0107	10928.5	62.6202	10928.5	64.6355	10928.5	58.1199	10928.5	50.2921	10928.5	57.1604	10928.5	39.9283	10928.5	54.4467
11313.7	86.0065	11313.7	86.1202	11313.7	83.9519	11313.7	85.1731	11313.7	81.0065	11313.7	83.6075	11313.7	80.9113	11313.7	81.7953	11313.7	79.2189	11313.7	80.1311	11313.7	75.5717	11313.7	77.1051	11313.7	71.7101	11313.7	73.5509	11313.7	67.9251	11313.7	70.0932	11313.7	66.0914	11313.7	67.0765	11313.7	53.581	11313.7	58.6474	11313.7	55.251	11313.7	66.9647	11313.7	55.2495	11313.7	66.5108	11313.7	46.8424	11313.7	59.9277	11313.7	56.9545	11313.7	60.3453	11313.7	50.1424	11313.7	62.4203	11313.7	66.4062	11313.7	60.1059	11313.7	52.4877	11313.7	58.8942	11313.7	45.2694	11313.7	55.936
11712.9	86.1415	11712.9	86.5955	11712.9	83.7941	11712.9	85.3077	11712.9	81.1767	11712.9	83.7704	11712.9	80.9883	11712.9	82.33	11712.9	78.8423	11712.9	79.9337	11712.9	74.845	11712.9	76.9719	11712.9	73.1222	11712.9	73.5064	11712.9	65.7939	11712.9	70.6568	11712.9	65.7688	11712.9	67.7506	11712.9	48.379	11712.9	57.2018	11712.9	56.9309	11712.9	63.7663	11712.9	54.6222	11712.9	68.0048	11712.9	48.9415	11712.9	56.2661	11712.9	52.8208	11712.9	59.1897	11712.9	41.1055	11712.9	62.2743	11712.9	64.1864	11712.9	58.8869	11712.9	52.4586	11712.9	57.5499	11712.9	47.0465	11712.9	57.2452
12126	86.1962	12126	86.585	12126	83.9183	12126	85.3224	12126	81.6284	12126	83.524	12126	80.4308	12126	82.684	12126	78.0736	12126	79.3996	12126	76.0698	12126	76.9425	12126	73.0583	12126	73.5799	12126	67.5251	12126	70.1182	12126	66.1462	12126	67.2094	12126	42.5024	12126	56.7691	12126	55.4858	12126	61.651	12126	51.7686	12126	67.5128	12126	50.6883	12126	50.9402	12126	46.2605	12126	60.1562	12126	48.6073	12126	60.8863	12126	65.0852	12126	53.9104	12126	54.024	12126	58.5471	12126	51.7884	12126	57.1718
12553.7	86.6078	12553.7	86.7009	12553.7	83.9897	12553.7	85.6392	12553.7	81.41	12553.7	84.0742	12553.7	79.7164	12553.7	82.7104	12553.7	76.4408	12553.7	79.1342	12553.7	75.9904	12553.7	77.1632	12553.7	72.6025	12553.7	72.7896	12553.7	67.333	12553.7	68.6772	12553.7	61.715	12553.7	66.4368	12553.7	43.6416	12553.7	57.1991	12553.7	54.6171	12553.7	54.5835	12553.7	47.9809	12553.7	66.6338	12553.7	54.4885	12553.7	53.6028	12553.7	51.1582	12553.7	59.3055	12553.7	49.5658	12553.7	57.7603	12553.7	65.3865	12553.7	56.4365	12553.7	54.7459	12553.7	59.2909	12553.7	53.0019	12553.7	57.8794
12996.1	86.7653	12996.1	87.103	12996.1	84.1979	12996.1	86.0303	12996.1	81.228	12996.1	84.5416	12996.1	79.5884	12996.1	82.8712	12996.1	75.6496	12996.1	78.4699	12996.1	74.3689	12996.1	76.9778	12996.1	72.8288	12996.1	73.0544	12996.1	63.401	12996.1	68.1104	12996.1	62.5667	12996.1	65.2667	12996.1	51.8141	12996.1	60.3539	12996.1	56.6551	12996.1	50.9069	12996.1	51.6778	12996.1	66.241	12996.1	53.7476	12996.1	59.5009	12996.1	50.7053	12996.1	57.6503	12996.1	49.6786	12996.1	52.8109	12996.1	65.8778	12996.1	58.4478	12996.1	54.8644	12996.1	60.3694	12996.1	56.1952	12996.1	59.25
13454.6	87.1175	13454.6	87.3607	13454.6	84.8286	13454.6	86.4819	13454.6	81.1784	13454.6	85.1815	13454.6	79.9899	13454.6	83.0872	13454.6	76.5118	13454.6	78.9652	13454.6	72.7499	13454.6	77.3745	13454.6	72.9007	13454.6	72.3584	13454.6	64.6865	13454.6	68.1208	13454.6	54.1315	13454.6	63.5423	13454.6	47.5417	13454.6	61.8904	13454.6	52.6444	13454.6	57.0647	13454.6	55.415	13454.6	64.6954	13454.6	50.5259	13454.6	62.1088	13454.6	53.4317	13454.6	56.0127	13454.6	52.0999	13454.6	53.4558	13454.6	66.5624	13454.6	58.4817	13454.6	57.6104	13454.6	60.7448	13454.6	58.4504	13454.6	58.759
13928.5	87.5823	13928.5	87.892	13928.5	85.3637	13928.5	87.0785	13928.5	81.5793	13928.5	85.9401	13928.5	80.4764	13928.5	83.2009	13928.5	77.71	13928.5	79.3637	13928.5	73.7033	13928.5	77.4781	13928.5	72.4215	13928.5	72.2034	13928.5	65.5763	13928.5	67.3521	13928.5	58.2929	13928.5	58.0523	13928.5	43.6488	13928.5	60.0018	13928.5	46.4715	13928.5	61.2534	13928.5	51.1638	13928.5	62.146	13928.5	50.7882	13928.5	63.1895	13928.5	52.9778	13928.5	53.6975	13928.5	50.1312	13928.5	58.7943	13928.5	66.4832	13928.5	56.7185	13928.5	56.4113	13928.5	59.2314	13928.5	58.8839	13928.5	57.1377
14419.9	87.8864	14419.9	88.1722	14419.9	85.6679	14419.9	87.3839	14419.9	81.4979	14419.9	86.2222	14419.9	80.5031	14419.9	83.5119	14419.9	77.4618	14419.9	79.2219	14419.9	72.3419	14419.9	75.9873	14419.9	70.4321	14419.9	72.1197	14419.9	65.2977	14419.9	65.7487	14419.9	56.6887	14419.9	56.3806	14419.9	29.5006	14419.9	59.3933	14419.9	48.5521	14419.9	64.5968	14419.9	52.8783	14419.9	58.5733	14419.9	49.2076	14419.9	62.1281	14419.9	51.6542	14419.9	52.1041	14419.9	48.0457	14419.9	58.748	14419.9	66.8971	14419.9	48.6582	14419.9	57.9496	14419.9	57.6217	14419.9	58.5755	14419.9	55.5889
14928.2	88.3389	14928.2	88.3852	14928.2	85.8895	14928.2	87.5338	14928.2	81.0947	14928.2	85.9644	14928.2	79.9768	14928.2	83.3311	14928.2	75.8772	14928.2	78.5422	14928.2	68.7001	14928.2	75.539	14928.2	67.7443	14928.2	71.156	14928.2	62.3868	14928.2	63.6831	14928.2	36.3828	14928.2	54.5553	14928.2	49.7877	14928.2	57.7516	14928.2	39.4312	14928.2	65.0915	14928.2	42.8905	14928.2	58.0499	14928.2	46.8595	14928.2	61.1325	14928.2	54.2402	14928.2	50.5613	14928.2	50.1815	14928.2	57.8679	14928.2	66.9848	14928.2	43.7421	14928.2	56.7604	14928.2	55.3872	14928.2	58.1085	14928.2	54.3576
15454.8	88.4407	15454.8	88.5615	15454.8	85.7521	15454.8	87.5482	15454.8	80.752	15454.8	85.4882	15454.8	78.7402	15454.8	82.5	15454.8	74.0457	15454.8	77.0955	15454.8	68.2356	15454.8	74.2019	15454.8	64.9455	15454.8	67.5966	15454.8	59.4205	15454.8	59.14	15454.8	48.7002	15454.8	57.9159	15454.8	46.6451	15454.8	55.1806	15454.8	40.4137	15454.8	65.5908	15454.8	31.4972	15454.8	59.3517	15454.8	47.8906	15454.8	59.0256	15454.8	53.7732	15454.8	49.6727	15454.8	47.6085	15454.8	56.2498	15454.8	67.1931	15454.8	51.4412	15454.8	57.1419	15454.8	54.0801	15454.8	58.4967	15454.8	54.2305
15999.8	88.224	15999.8	88.501	15999.8	85.3148	15999.8	87.4833	15999.8	80.0685	15999.8	85.0636	15999.8	77.3367	15999.8	81.3141	15999.8	72.5457	15999.8	75.2984	15999.8	66.2134	15999.8	72.6174	15999.8	62.9847	15999.8	66.1549	15999.8	57.422	15999.8	59.2368	15999.8	46.1289	15999.8	61.544	15999.8	48.5412	15999.8	52.9941	15999.8	25.1741	15999.8	65.4623	15999.8	42.0659	15999.8	60.6878	15999.8	45.7779	15999.8	57.6497	15999.8	53.0945	15999.8	45.2845	15999.8	44.8697	15999.8	54.7439	15999.8	66.7075	15999.8	55.0581	15999.8	56.4081	15999.8	54.8098	15999.8	58.049	15999.8	53.8383
16564.5	88.1282	16564.5	88.3854	16564.5	84.9858	16564.5	87.2429	16564.5	79.7701	16564.5	84.7793	16564.5	76.5441	16564.5	80.3373	16564.5	72.0119	16564.5	73.9609	16564.5	63.2747	16564.5	71.2369	16564.5	60.9878	16564.5	64.2895	16564.5	53.5114	16564.5	56.2574	16564.5	47.9614	16564.5	60.3409	16564.5	50.0208	16564.5	47.8667	16564.5	40.0858	16564.5	64.1607	16564.5	49.1532	16564.5	59.9725	16564.5	46.2642	16564.5	54.864	16564.5	52.1272	16564.5	40.1285	16564.5	41.6793	16564.5	54.7006	16564.5	66.1294	16564.5	55.912	16564.5	55.9997	16564.5	53.7142	16564.5	56.7332	16564.5	53.6909
17148.2	87.8892	17148.2	88.0836	17148.2	84.8809	17148.2	86.7483	17148.2	79.6827	17148.2	84.15	17148.2	75.7782	17148.2	79.5304	17148.2	70.8894	17148.2	72.7503	17148.2	61.0376	17148.2	69.7064	17148.2	58.1414	17148.2	59.8328	17148.2	45.949	17148.2	51.3164	17148.2	48.3703	17148.2	57.9652	17148.2	50.9096	17148.2	37.4641	17148.2	33.1223	17148.2	62.1123	17148.2	50.7072	17148.2	59.3342	17148.2	45.7865	17148.2	54.0826	17148.2	49.4003	17148.2	44.5649	17148.2	41.5872	17148.2	55.7995	17148.2	64.5567	17148.2	56.4344	17148.2	54.3396	17148.2	52.5587	17148.2	55.4537	17148.2	52.3843
17753.2	87.4995	17753.2	87.6945	17753.2	84.608	17753.2	86.3152	17753.2	79.2078	17753.2	83.4756	17753.2	73.9344	17753.2	78.6157	17753.2	68.5051	17753.2	70.9574	17753.2	57.0415	17753.2	66.8941	17753.2	56.9062	17753.2	57.4658	17753.2	43.0917	17753.2	45.3221	17753.2	46.9899	17753.2	53.9654	17753.2	50.2978	17753.2	30.6932	17753.2	39.4264	17753.2	61.3469	17753.2	51.9842	17753.2	57.566	17753.2	44.7576	17753.2	52.075	17753.2	49.5167	17753.2	47.7745	17753.2	39.5564	17753.2	55.624	17753.2	62.8121	17753.2	53.9347	17753.2	54.3262	17753.2	49.0734	17753.2	52.1659	17753.2	50.8139
18379.4	87.245	18379.4	87.4891	18379.4	83.9424	18379.4	86.0288	18379.4	78.1067	18379.4	82.7546	18379.4	71.6602	18379.4	77.2741	18379.4	65.1217	18379.4	68.3923	18379.4	51.275	18379.4	64.3402	18379.4	57.0104	18379.4	49.9232	18379.4	46.3013	18379.4	33.7544	18379.4	49.6039	18379.4	52.6353	18379.4	51.3967	18379.4	38.8904	18379.4	42.8987	18379.4	59.1661	18379.4	52.0556	18379.4	57.5477	18379.4	41.8171	18379.4	46.782	18379.4	48.9305	18379.4	45.885	18379.4	41.8457	18379.4	56.1574	18379.4	61.5891	18379.4	53.1169	18379.4	53.5831	18379.4	47.5167	18379.4	46.3319	18379.4	48.9955
19027.6	86.7614	19027.6	87.1157	19027.6	83.34	19027.6	85.6334	19027.6	76.9479	19027.6	81.972	19027.6	68.2855	19027.6	75.5661	19027.6	59.3226	19027.6	64.8745	19027.6	44.6835	19027.6	61.8303	19027.6	56.5049	19027.6	53.1813	19027.6	49.6866	19027.6	46.5064	19027.6	52.0037	19027.6	55.1515	19027.6	51.9317	19027.6	43.8395	19027.6	44.8812	19027.6	56.1598	19027.6	53.813	19027.6	55.221	19027.6	42.9839	19027.6	50.6961	19027.6	47.3117	19027.6	44.9909	19027.6	44.3132	19027.6	57.0645	19027.6	60.4615	19027.6	49.7243	19027.6	52.3118	19027.6	45.7035	19027.6	44.1393	19027.6	47.0663
19698.5	86.6273	19698.5	86.8768	19698.5	82.7115	19698.5	85.2583	19698.5	75.3662	19698.5	81.4008	19698.5	63.8945	19698.5	73.5921	19698.5	48.4795	19698.5	58.1995	19698.5	45.5796	19698.5	57.0377	19698.5	55.382	19698.5	55.7454	19698.5	49.0833	19698.5	50.0627	19698.5	54.0497	19698.5	52.9886	19698.5	51.8954	19698.5	42.2887	19698.5	46.9957	19698.5	49.0701	19698.5	54.5001	19698.5	51.8675	19698.5	44.4492	19698.5	54.8847	19698.5	47.7596	19698.5	41.2125	19698.5	47.8071	19698.5	57.9232	19698.5	60.4509	19698.5	49.1814	19698.5	52.157	19698.5	47.6827	19698.5	46.8431	19698.5	44.5459
19999.5	86.6996	19999.5	86.8537	19999.5	82.5556	19999.5	85.4454	19999.5	75.2959	19999.5	81.1627	19999.5	62.1158	19999.5	73.5742	19999.5	49.6847	19999.5	61.4943	19999.5	51.9694	19999.5	58.0857	19999.5	56.0587	19999.5	58.2375	19999.5	50.2532	19999.5	56.4165	19999.5	55.6454	19999.5	53.8564	19999.5	56.7767	19999.5	46.049	19999.5	52.9341	19999.5	50.4957	19999.5	57.722	19999.5	49.6509	19999.5	50.3172	19999.5	52.7389	19999.5	51.7354	19999.5	51.2131	19999.5	45.9766	19999.5	54.6471	19999.5	60.5638	19999.5	46.8863	19999.5	51.4996	19999.5	49.5726	19999.5	47.8172	19999.5	47.1601
