"SPL Horizontal"																																																																							
"On-Axis"		"10°"		"-10°"		"20°"		"-20°"		"30°"		"-30°"		"40°"		"-40°"		"50°"		"-50°"		"60°"		"-60°"		"70°"		"-70°"		"80°"		"-80°"		"90°"		"-90°"		"100°"		"-100°"		"110°"		"-110°"		"120°"		"-120°"		"130°"		"-130°"		"140°"		"-140°"		"150°"		"-150°"		"160°"		"-160°"		"170°"		"-170°"		"180°"	
"Frequency / Hz"	"Sound Pressure Level / dB (re 20 µPa)  [2.83V at 1m]"	"Frequency / Hz"	"Sound Pressure Level / dB (re 20 µPa)  [2.83V at 1m]"	"Frequency / Hz"	"Sound Pressure Level / dB (re 20 µPa)  [2.83V at 1m]"	"Frequency / Hz"	"Sound Pressure Level / dB (re 20 µPa)  [2.83V at 1m]"	"Frequency / Hz"	"Sound Pressure Level / dB (re 20 µPa)  [2.83V at 1m]"	"Frequency / Hz"	"Sound Pressure Level / dB (re 20 µPa)  [2.83V at 1m]"	"Frequency / Hz"	"Sound Pressure Level / dB (re 20 µPa)  [2.83V at 1m]"	"Frequency / Hz"	"Sound Pressure Level / dB (re 20 µPa)  [2.83V at 1m]"	"Frequency / Hz"	"Sound Pressure Level / dB (re 20 µPa)  [2.83V at 1m]"	"Frequency / Hz"	"Sound Pressure Level / dB (re 20 µPa)  [2.83V at 1m]"	"Frequency / Hz"	"Sound Pressure Level / dB (re 20 µPa)  [2.83V at 1m]"	"Frequency / Hz"	"Sound Pressure Level / dB (re 20 µPa)  [2.83V at 1m]"	"Frequency / Hz"	"Sound Pressure Level / dB (re 20 µPa)  [2.83V at 1m]"	"Frequency / Hz"	"Sound Pressure Level / dB (re 20 µPa)  [2.83V at 1m]"	"Frequency / Hz"	"Sound Pressure Level / dB (re 20 µPa)  [2.83V at 1m]"	"Frequency / Hz"	"Sound Pressure Level / dB (re 20 µPa)  [2.83V at 1m]"	"Frequency / Hz"	"Sound Pressure Level / dB (re 20 µPa)  [2.83V at 1m]"	"Frequency / Hz"	"Sound Pressure Level / dB (re 20 µPa)  [2.83V at 1m]"	"Frequency / Hz"	"Sound Pressure Level / dB (re 20 µPa)  [2.83V at 1m]"	"Frequency / Hz"	"Sound Pressure Level / dB (re 20 µPa)  [2.83V at 1m]"	"Frequency / Hz"	"Sound Pressure Level / dB (re 20 µPa)  [2.83V at 1m]"	"Frequency / Hz"	"Sound Pressure Level / dB (re 20 µPa)  [2.83V at 1m]"	"Frequency / Hz"	"Sound Pressure Level / dB (re 20 µPa)  [2.83V at 1m]"	"Frequency / Hz"	"Sound Pressure Level / dB (re 20 µPa)  [2.83V at 1m]"	"Frequency / Hz"	"Sound Pressure Level / dB (re 20 µPa)  [2.83V at 1m]"	"Frequency / Hz"	"Sound Pressure Level / dB (re 20 µPa)  [2.83V at 1m]"	"Frequency / Hz"	"Sound Pressure Level / dB (re 20 µPa)  [2.83V at 1m]"	"Frequency / Hz"	"Sound Pressure Level / dB (re 20 µPa)  [2.83V at 1m]"	"Frequency / Hz"	"Sound Pressure Level / dB (re 20 µPa)  [2.83V at 1m]"	"Frequency / Hz"	"Sound Pressure Level / dB (re 20 µPa)  [2.83V at 1m]"	"Frequency / Hz"	"Sound Pressure Level / dB (re 20 µPa)  [2.83V at 1m]"	"Frequency / Hz"	"Sound Pressure Level / dB (re 20 µPa)  [2.83V at 1m]"	"Frequency / Hz"	"Sound Pressure Level / dB (re 20 µPa)  [2.83V at 1m]"	"Frequency / Hz"	"Sound Pressure Level / dB (re 20 µPa)  [2.83V at 1m]"	"Frequency / Hz"	"Sound Pressure Level / dB (re 20 µPa)  [2.83V at 1m]"	"Frequency / Hz"	"Sound Pressure Level / dB (re 20 µPa)  [2.83V at 1m]"
20.5078	52.1761	20.5078	52.1132	20.5078	52.2211	20.5078	52.0339	20.5078	52.2464	20.5078	51.9392	20.5078	52.2493	20.5078	51.83	20.5078	52.2272	20.5078	51.7071	20.5078	52.1767	20.5078	51.5717	20.5078	52.095	20.5078	51.4251	20.5078	51.9802	20.5078	51.2692	20.5078	51.8318	20.5078	51.1065	20.5078	51.6515	20.5078	50.9399	20.5078	51.4441	20.5078	50.7731	20.5078	51.2174	20.5078	50.6105	20.5078	50.9821	20.5078	50.4574	20.5078	50.7508	20.5078	50.3198	20.5078	50.5372	20.5078	50.2049	20.5078	50.3539	20.5078	50.1202	20.5078	50.2112	20.5078	50.0731	20.5078	50.1157	20.5078	50.0701
21.2402	52.1045	21.2402	52.0768	21.2402	52.1168	21.2402	52.0346	21.2402	52.1125	21.2402	51.9792	21.2402	52.0903	21.2402	51.9113	21.2402	52.049	21.2402	51.832	21.2402	51.988	21.2402	51.7423	21.2402	51.9068	21.2402	51.6432	21.2402	51.8058	21.2402	51.5359	21.2402	51.6868	21.2402	51.4221	21.2402	51.5527	21.2402	51.3037	21.2402	51.4077	21.2402	51.1832	21.2402	51.2576	21.2402	51.0636	21.2402	51.1091	21.2402	50.9489	21.2402	50.9692	21.2402	50.8433	21.2402	50.8452	21.2402	50.7521	21.2402	50.7434	21.2402	50.6802	21.2402	50.669	21.2402	50.6326	21.2402	50.6253	21.2402	50.6134
21.9727	53.6027	21.9727	53.5511	21.9727	53.6395	21.9727	53.486	21.9727	53.6602	21.9727	53.4082	21.9727	53.6635	21.9727	53.319	21.9727	53.6477	21.9727	53.2192	21.9727	53.6116	21.9727	53.1101	21.9727	53.5539	21.9727	52.9931	21.9727	53.4741	21.9727	52.87	21.9727	53.3725	21.9727	52.7431	21.9727	53.2506	21.9727	52.6154	21.9727	53.1114	21.9727	52.4903	21.9727	52.9591	21.9727	52.3722	21.9727	52.7996	21.9727	52.2657	21.9727	52.6396	21.9727	52.1763	21.9727	52.4866	21.9727	52.1091	21.9727	52.3482	21.9727	52.069	21.9727	52.2314	21.9727	52.06	21.9727	52.1421	21.9727	52.0843
22.7051	54.6154	22.7051	54.5652	22.7051	54.6537	22.7051	54.5038	22.7051	54.6791	22.7051	54.432	22.7051	54.6905	22.7051	54.3505	22.7051	54.6866	22.7051	54.2604	22.7051	54.6661	22.7051	54.1627	22.7051	54.6276	22.7051	54.0592	22.7051	54.5702	22.7051	53.952	22.7051	54.4938	22.7051	53.8438	22.7051	54.399	22.7051	53.7378	22.7051	54.2878	22.7051	53.6375	22.7051	54.1637	22.7051	53.5468	22.7051	54.0313	22.7051	53.4695	22.7051	53.8966	22.7051	53.4095	22.7051	53.7658	22.7051	53.3699	22.7051	53.6454	22.7051	53.3535	22.7051	53.5409	22.7051	53.3622	22.7051	53.457	22.7051	53.3968
23.4375	56.379	23.4375	56.3298	23.4375	56.4133	23.4375	56.266	23.4375	56.4326	23.4375	56.1879	23.4375	56.4366	23.4375	56.0961	23.4375	56.4249	23.4375	55.9915	23.4375	56.397	23.4375	55.8756	23.4375	56.3527	23.4375	55.7508	23.4375	56.2917	23.4375	55.6203	23.4375	56.2141	23.4375	55.4879	23.4375	56.1206	23.4375	55.3585	23.4375	56.0123	23.4375	55.2374	23.4375	55.8908	23.4375	55.1304	23.4375	55.759	23.4375	55.043	23.4375	55.6208	23.4375	54.9801	23.4375	55.481	23.4375	54.9457	23.4375	55.3456	23.4375	54.9421	23.4375	55.2208	23.4375	54.9699	23.4375	55.113	23.4375	55.0279
24.1699	56.6692	24.1699	56.626	24.1699	56.7058	24.1699	56.5772	24.1699	56.7345	24.1699	56.5239	24.1699	56.7537	24.1699	56.4668	24.1699	56.7615	24.1699	56.4069	24.1699	56.7561	24.1699	56.3451	24.1699	56.7355	24.1699	56.2823	24.1699	56.6982	24.1699	56.2196	24.1699	56.6436	24.1699	56.1581	24.1699	56.5721	24.1699	56.0989	24.1699	56.4858	24.1699	56.0432	24.1699	56.3887	24.1699	55.9922	24.1699	56.286	24.1699	55.9471	24.1699	56.1842	24.1699	55.9093	24.1699	56.0895	24.1699	55.8804	24.1699	56.0075	24.1699	55.8623	24.1699	55.9422	24.1699	55.8573	24.1699	55.8956	24.1699	55.8677
25.6348	56.5286	25.6348	56.5005	25.6348	56.5448	25.6348	56.4613	25.6348	56.5483	25.6348	56.4115	25.6348	56.5382	25.6348	56.3519	25.6348	56.5135	25.6348	56.2831	25.6348	56.4731	25.6348	56.2061	25.6348	56.4165	25.6348	56.1219	25.6348	56.3432	25.6348	56.0319	25.6348	56.2538	25.6348	55.9377	25.6348	56.1498	25.6348	55.8414	25.6348	56.0344	25.6348	55.7452	25.6348	55.9117	25.6348	55.6519	25.6348	55.7876	25.6348	55.5647	25.6348	55.6684	25.6348	55.4868	25.6348	55.5607	25.6348	55.4218	25.6348	55.4702	25.6348	55.3732	25.6348	55.4015	25.6348	55.3445	25.6348	55.3573	25.6348	55.3385
26.3672	56.3488	26.3672	56.3321	26.3672	56.3512	26.3672	56.3018	26.3672	56.3387	26.3672	56.2584	26.3672	56.3106	26.3672	56.2026	26.3672	56.2662	26.3672	56.1351	26.3672	56.205	26.3672	56.0567	26.3672	56.1268	26.3672	55.9684	26.3672	56.0322	26.3672	55.8715	26.3672	55.9225	26.3672	55.7676	26.3672	55.8002	26.3672	55.6587	26.3672	55.669	26.3672	55.547	26.3672	55.534	26.3672	55.4354	26.3672	55.4014	26.3672	55.3273	26.3672	55.2777	26.3672	55.2268	26.3672	55.1697	26.3672	55.1381	26.3672	55.0833	26.3672	55.066	26.3672	55.0229	26.3672	55.015	26.3672	54.9914	26.3672	54.9892
27.0996	57.3465	27.0996	57.3223	27.0996	57.3637	27.0996	57.2917	27.0996	57.3738	27.0996	57.2548	27.0996	57.3766	27.0996	57.2124	27.0996	57.372	27.0996	57.1652	27.0996	57.3597	27.0996	57.1142	27.0996	57.3395	27.0996	57.0607	27.0996	57.3113	27.0996	57.0061	27.0996	57.2752	27.0996	56.952	27.0996	57.2314	27.0996	56.9001	27.0996	57.1805	27.0996	56.8521	27.0996	57.1237	27.0996	56.8097	27.0996	57.0625	27.0996	56.7744	27.0996	56.9993	27.0996	56.7479	27.0996	56.9369	27.0996	56.7313	27.0996	56.8782	27.0996	56.726	27.0996	56.8262	27.0996	56.7328	27.0996	56.7836	27.0996	56.7521
27.832	57.9842	27.832	57.944	27.832	58.0175	27.832	57.8981	27.832	58.0429	27.832	57.8476	27.832	58.0593	27.832	57.7936	27.832	58.0654	27.832	57.7374	27.832	58.0602	27.832	57.6806	27.832	58.0426	27.832	57.6245	27.832	58.0119	27.832	57.5705	27.832	57.968	27.832	57.5199	27.832	57.9118	27.832	57.474	27.832	57.8449	27.832	57.4336	27.832	57.7703	27.832	57.3993	27.832	57.6919	27.832	57.3718	27.832	57.614	27.832	57.3513	27.832	57.541	27.832	57.3386	27.832	57.4766	27.832	57.3342	27.832	57.4235	27.832	57.3393	27.832	57.383	27.832	57.3552
29.2969	57.4365	29.2969	57.4269	29.2969	57.4334	29.2969	57.4044	29.2969	57.4176	29.2969	57.3691	29.2969	57.3892	29.2969	57.3214	29.2969	57.3479	29.2969	57.2616	29.2969	57.2936	29.2969	57.1908	29.2969	57.2261	29.2969	57.1103	29.2969	57.1457	29.2969	57.0219	29.2969	57.0531	29.2969	56.9277	29.2969	56.9502	29.2969	56.8302	29.2969	56.8402	29.2969	56.7323	29.2969	56.7275	29.2969	56.6369	29.2969	56.6176	29.2969	56.5471	29.2969	56.5162	29.2969	56.4659	29.2969	56.4288	29.2969	56.3963	29.2969	56.3599	29.2969	56.3411	29.2969	56.3122	29.2969	56.3031	29.2969	56.2871	29.2969	56.2844
30.0293	59.2104	30.0293	59.2297	30.0293	59.1774	30.0293	59.2352	30.0293	59.1313	30.0293	59.227	30.0293	59.0729	30.0293	59.2054	30.0293	59.0035	30.0293	59.1713	30.0293	58.9246	30.0293	59.1255	30.0293	58.8387	30.0293	59.0697	30.0293	58.7485	30.0293	59.0055	30.0293	58.6574	30.0293	58.9349	30.0293	58.5693	30.0293	58.8601	30.0293	58.4882	30.0293	58.7836	30.0293	58.4179	30.0293	58.7075	30.0293	58.3616	30.0293	58.6338	30.0293	58.3213	30.0293	58.5645	30.0293	58.2979	30.0293	58.5007	30.0293	58.2909	30.0293	58.4435	30.0293	58.299	30.0293	58.3937	30.0293	58.32	30.0293	58.3521
31.4941	59.0975	31.4941	59.0775	31.4941	59.1047	31.4941	59.0445	31.4941	59.0993	31.4941	58.9986	31.4941	59.0813	31.4941	58.9401	31.4941	59.0509	31.4941	58.8695	31.4941	59.008	31.4941	58.7878	31.4941	58.9521	31.4941	58.6964	31.4941	58.8832	31.4941	58.5973	31.4941	58.8012	31.4941	58.4928	31.4941	58.7066	31.4941	58.3858	31.4941	58.6008	31.4941	58.2799	31.4941	58.4867	31.4941	58.1787	31.4941	58.3686	31.4941	58.0863	31.4941	58.2518	31.4941	58.0067	31.4941	58.1424	31.4941	57.9438	31.4941	58.0465	31.4941	57.9008	31.4941	57.9693	31.4941	57.8806	31.4941	57.9147	31.4941	57.885
32.2266	60.0988	32.2266	60.116	32.2266	60.068	32.2266	60.1194	32.2266	60.0241	32.2266	60.1091	32.2266	59.9682	32.2266	60.0858	32.2266	59.9018	32.2266	60.0501	32.2266	59.827	32.2266	60.0031	32.2266	59.7463	32.2266	59.9464	32.2266	59.6628	32.2266	59.8813	32.2266	59.5795	32.2266	59.8099	32.2266	59.4995	32.2266	59.7341	32.2266	59.4255	32.2266	59.6561	32.2266	59.3599	32.2266	59.5781	32.2266	59.3044	32.2266	59.5024	32.2266	59.2602	32.2266	59.4313	32.2266	59.2281	32.2266	59.3668	32.2266	59.209	32.2266	59.3109	32.2266	59.2031	32.2266	59.2654	32.2266	59.2107	32.2266	59.2317
33.6914	61.2486	33.6914	61.2461	33.6914	61.2409	33.6914	61.2335	33.6914	61.2229	33.6914	61.2114	33.6914	61.195	33.6914	61.1803	33.6914	61.1577	33.6914	61.1413	33.6914	61.1119	33.6914	61.0953	33.6914	61.0589	33.6914	61.0438	33.6914	61.0004	33.6914	60.988	33.6914	60.9383	33.6914	60.9297	33.6914	60.8749	33.6914	60.8704	33.6914	60.8124	33.6914	60.8118	33.6914	60.753	33.6914	60.7558	33.6914	60.6988	33.6914	60.7038	33.6914	60.6514	33.6914	60.6575	33.6914	60.6123	33.6914	60.6183	33.6914	60.5825	33.6914	60.5873	33.6914	60.5626	33.6914	60.5658	33.6914	60.5531	33.6914	60.5542
34.4238	61.6864	34.4238	61.6742	34.4238	61.6902	34.4238	61.6538	34.4238	61.6853	34.4238	61.6258	34.4238	61.672	34.4238	61.591	34.4238	61.6505	34.4238	61.5505	34.4238	61.6216	34.4238	61.5054	34.4238	61.586	34.4238	61.457	34.4238	61.5449	34.4238	61.4069	34.4238	61.4996	34.4238	61.3567	34.4238	61.4514	34.4238	61.3078	34.4238	61.4019	34.4238	61.262	34.4238	61.3526	34.4238	61.2205	34.4238	61.3049	34.4238	61.1848	34.4238	61.2603	34.4238	61.1559	34.4238	61.2199	34.4238	61.1347	34.4238	61.185	34.4238	61.1218	34.4238	61.1565	34.4238	61.1176	34.4238	61.1353	34.4238	61.1222
35.8887	62.1565	35.8887	62.1528	35.8887	62.1499	35.8887	62.1391	35.8887	62.1333	35.8887	62.116	35.8887	62.1069	35.8887	62.0841	35.8887	62.0716	35.8887	62.0446	35.8887	62.0284	35.8887	61.9988	35.8887	61.9789	35.8887	61.9483	35.8887	61.9246	35.8887	61.8946	35.8887	61.8677	35.8887	61.8397	35.8887	61.8102	35.8887	61.7852	35.8887	61.7542	35.8887	61.7329	35.8887	61.7018	35.8887	61.6843	35.8887	61.6545	35.8887	61.6408	35.8887	61.6138	35.8887	61.6034	35.8887	61.5804	35.8887	61.5729	35.8887	61.5549	35.8887	61.55	35.8887	61.5376	35.8887	61.5348	35.8887	61.5285	35.8887	61.5276
37.3535	62.7102	37.3535	62.7002	37.3535	62.7094	37.3535	62.6798	37.3535	62.6977	37.3535	62.6496	37.3535	62.6753	37.3535	62.6103	37.3535	62.6427	37.3535	62.5631	37.3535	62.6007	37.3535	62.5093	37.3535	62.5502	37.3535	62.4505	37.3535	62.4926	37.3535	62.3885	37.3535	62.4297	37.3535	62.325	37.3535	62.3634	37.3535	62.2621	37.3535	62.2961	37.3535	62.2016	37.3535	62.2301	37.3535	62.1453	37.3535	62.168	37.3535	62.0949	37.3535	62.1118	37.3535	62.0517	37.3535	62.0635	37.3535	62.0169	37.3535	62.0247	37.3535	61.9916	37.3535	61.9961	37.3535	61.9764	37.3535	61.9785	37.3535	61.972
38.8184	63.4634	38.8184	63.4618	38.8184	63.4518	38.8184	63.4471	38.8184	63.427	38.8184	63.4201	38.8184	63.3896	38.8184	63.3817	38.8184	63.3404	38.8184	63.333	38.8184	63.2807	38.8184	63.2755	38.8184	63.2122	38.8184	63.2112	38.8184	63.1372	38.8184	63.1419	38.8184	63.0581	38.8184	63.0697	38.8184	62.9778	38.8184	62.9968	38.8184	62.8992	38.8184	62.9253	38.8184	62.8252	38.8184	62.857	38.8184	62.7587	38.8184	62.7939	38.8184	62.7017	38.8184	62.7374	38.8184	62.6563	38.8184	62.689	38.8184	62.6233	38.8184	62.6497	38.8184	62.6035	38.8184	62.6206	38.8184	62.5967	38.8184	62.6026
39.5508	63.9865	39.5508	63.9838	39.5508	63.9777	39.5508	63.9698	39.5508	63.9575	39.5508	63.9451	39.5508	63.9264	39.5508	63.9106	39.5508	63.8851	39.5508	63.8673	39.5508	63.835	39.5508	63.8168	39.5508	63.7775	39.5508	63.7606	39.5508	63.7148	39.5508	63.7007	39.5508	63.6492	39.5508	63.6388	39.5508	63.583	39.5508	63.5771	39.5508	63.5188	39.5508	63.5173	39.5508	63.4589	39.5508	63.4613	39.5508	63.4052	39.5508	63.4104	39.5508	63.3593	39.5508	63.3661	39.5508	63.3222	39.5508	63.3292	39.5508	63.2945	39.5508	63.3006	39.5508	63.2766	39.5508	63.2806	39.5508	63.2684	39.5508	63.2698
41.0156	64.5734	41.0156	64.5725	41.0156	64.5616	41.0156	64.5591	41.0156	64.5375	41.0156	64.5338	41.0156	64.5016	41.0156	64.4973	41.0156	64.455	41.0156	64.4508	41.0156	64.3992	41.0156	64.396	41.0156	64.336	41.0156	64.3345	41.0156	64.2679	41.0156	64.2685	41.0156	64.1974	41.0156	64.2001	41.0156	64.1272	41.0156	64.1316	41.0156	64.0598	41.0156	64.0654	41.0156	63.9976	41.0156	64.0034	41.0156	63.9423	41.0156	63.9476	41.0156	63.8951	41.0156	63.8993	41.0156	63.8569	41.0156	63.8598	41.0156	63.828	41.0156	63.8297	41.0156	63.8087	41.0156	63.8095	41.0156	63.7991	41.0156	63.7993
42.4805	65.5653	42.4805	65.5568	42.4805	65.5652	42.4805	65.5398	42.4805	65.5567	42.4805	65.5151	42.4805	65.5401	42.4805	65.4832	42.4805	65.5163	42.4805	65.4454	42.4805	65.4862	42.4805	65.403	42.4805	65.4513	42.4805	65.3575	42.4805	65.4129	42.4805	65.3106	42.4805	65.3727	42.4805	65.264	42.4805	65.3319	42.4805	65.2196	42.4805	65.2919	42.4805	65.179	42.4805	65.2538	42.4805	65.1437	42.4805	65.2181	42.4805	65.1147	42.4805	65.1854	42.4805	65.0928	42.4805	65.156	42.4805	65.0785	42.4805	65.1301	42.4805	65.0715	42.4805	65.1082	42.4805	65.0717	42.4805	65.0907	42.4805	65.0783
43.9453	65.7299	43.9453	65.722	43.9453	65.7276	43.9453	65.7043	43.9453	65.7154	43.9453	65.6772	43.9453	65.6938	43.9453	65.6415	43.9453	65.6636	43.9453	65.5984	43.9453	65.6257	43.9453	65.5491	43.9453	65.5815	43.9453	65.4953	43.9453	65.5325	43.9453	65.4388	43.9453	65.4802	43.9453	65.3815	43.9453	65.4264	43.9453	65.3252	43.9453	65.3724	43.9453	65.2718	43.9453	65.32	43.9453	65.2231	43.9453	65.2705	43.9453	65.1807	43.9453	65.2251	43.9453	65.1458	43.9453	65.185	43.9453	65.1194	43.9453	65.1511	43.9453	65.102	43.9453	65.1244	43.9453	65.094	43.9453	65.1055	43.9453	65.0952
45.4102	66.3496	45.4102	66.3421	45.4102	66.3479	45.4102	66.3256	45.4102	66.3371	45.4102	66.3005	45.4102	66.3176	45.4102	66.2678	45.4102	66.2903	45.4102	66.2286	45.4102	66.2561	45.4102	66.1842	45.4102	66.2165	45.4102	66.1363	45.4102	66.1729	45.4102	66.0866	45.4102	66.1268	45.4102	66.0368	45.4102	66.0798	45.4102	65.9886	45.4102	66.0334	45.4102	65.9436	45.4102	65.9889	45.4102	65.9033	45.4102	65.9474	45.4102	65.8688	45.4102	65.9099	45.4102	65.841	45.4102	65.877	45.4102	65.8203	45.4102	65.8494	45.4102	65.8072	45.4102	65.8277	45.4102	65.8016	45.4102	65.8121	45.4102	65.8033
47.6074	67.112	47.6074	67.1051	47.6074	67.1093	47.6074	67.0887	47.6074	67.0972	47.6074	67.0633	47.6074	67.0762	47.6074	67.0298	47.6074	67.0474	47.6074	66.9895	47.6074	67.0119	47.6074	66.9439	47.6074	66.9711	47.6074	66.8946	47.6074	66.9268	47.6074	66.8436	47.6074	66.8804	47.6074	66.7927	47.6074	66.8337	47.6074	66.7439	47.6074	66.7881	47.6074	66.6988	47.6074	66.7448	47.6074	66.6588	47.6074	66.7047	47.6074	66.6251	47.6074	66.6686	47.6074	66.5984	47.6074	66.6371	47.6074	66.5791	47.6074	66.6106	47.6074	66.5672	47.6074	66.5895	47.6074	66.5627	47.6074	66.5742	47.6074	66.5652
49.0723	67.6054	49.0723	67.6006	49.0723	67.6001	49.0723	67.5856	49.0723	67.5848	49.0723	67.5611	49.0723	67.5602	49.0723	67.5279	49.0723	67.5273	49.0723	67.4873	49.0723	67.4874	49.0723	67.4407	49.0723	67.4421	49.0723	67.3898	49.0723	67.393	49.0723	67.3366	49.0723	67.3421	49.0723	67.283	49.0723	67.2912	49.0723	67.2308	49.0723	67.2417	49.0723	67.1819	49.0723	67.1953	49.0723	67.1378	49.0723	67.1528	49.0723	67.0996	49.0723	67.1153	49.0723	67.0683	49.0723	67.0833	49.0723	67.0443	49.0723	67.0572	49.0723	67.0281	49.0723	67.0375	49.0723	67.0194	49.0723	67.0244	49.0723	67.0183
50.5371	68.0619	50.5371	68.0575	50.5371	68.0558	50.5371	68.0426	50.5371	68.0393	50.5371	68.018	50.5371	68.0131	50.5371	67.9846	50.5371	67.9782	50.5371	67.9437	50.5371	67.9359	50.5371	67.8968	50.5371	67.8879	50.5371	67.8458	50.5371	67.8362	50.5371	67.7926	50.5371	67.7826	50.5371	67.7392	50.5371	67.7293	50.5371	67.6873	50.5371	67.6781	50.5371	67.6388	50.5371	67.6305	50.5371	67.5949	50.5371	67.588	50.5371	67.5567	50.5371	67.5513	50.5371	67.525	50.5371	67.5211	50.5371	67.5002	50.5371	67.4975	50.5371	67.4824	50.5371	67.4808	50.5371	67.4716	50.5371	67.4709	50.5371	67.4678
52.7344	68.785	52.7344	68.779	52.7344	68.7802	52.7344	68.7626	52.7344	68.765	52.7344	68.7363	52.7344	68.7399	52.7344	68.7012	52.7344	68.7059	52.7344	68.6586	52.7344	68.6643	52.7344	68.6103	52.7344	68.6168	52.7344	68.558	52.7344	68.5653	52.7344	68.5038	52.7344	68.5117	52.7344	68.4495	52.7344	68.458	52.7344	68.3972	52.7344	68.406	52.7344	68.3485	52.7344	68.3573	52.7344	68.3047	52.7344	68.3133	52.7344	68.2669	52.7344	68.2749	52.7344	68.2358	52.7344	68.2428	52.7344	68.2117	52.7344	68.2174	52.7344	68.1948	52.7344	68.1988	52.7344	68.1852	52.7344	68.1872	52.7344	68.1827
54.1992	69.248	54.1992	69.2422	54.1992	69.2429	54.1992	69.2257	54.1992	69.227	54.1992	69.1992	54.1992	69.201	54.1992	69.1637	54.1992	69.1658	54.1992	69.1206	54.1992	69.1229	54.1992	69.0715	54.1992	69.0739	54.1992	69.0185	54.1992	69.0207	54.1992	68.9635	54.1992	68.9653	54.1992	68.9085	54.1992	68.9099	54.1992	68.8553	54.1992	68.8562	54.1992	68.8057	54.1992	68.8061	54.1992	68.7609	54.1992	68.761	54.1992	68.7221	54.1992	68.7218	54.1992	68.6898	54.1992	68.6894	54.1992	68.6645	54.1992	68.664	54.1992	68.6463	54.1992	68.6459	54.1992	68.6354	54.1992	68.6352	54.1992	68.6316
56.3965	69.8942	56.3965	69.8884	56.3965	69.8884	56.3965	69.8715	56.3965	69.8715	56.3965	69.8441	56.3965	69.8439	56.3965	69.8075	56.3965	69.8069	56.3965	69.7631	56.3965	69.7621	56.3965	69.7129	56.3965	69.7113	56.3965	69.659	56.3965	69.6567	56.3965	69.6035	56.3965	69.6006	56.3965	69.5484	56.3965	69.5451	56.3965	69.4959	56.3965	69.4923	56.3965	69.4474	56.3965	69.4438	56.3965	69.4043	56.3965	69.4009	56.3965	69.3673	56.3965	69.3643	56.3965	69.337	56.3965	69.3346	56.3965	69.3136	56.3965	69.3117	56.3965	69.2969	56.3965	69.2956	56.3965	69.2868	56.3965	69.2862	56.3965	69.2833
58.5938	70.6602	58.5938	70.6396	58.5938	70.6706	58.5938	70.6092	58.5938	70.6705	58.5938	70.5699	58.5938	70.6604	58.5938	70.523	58.5938	70.6408	58.5938	70.4703	58.5938	70.6126	58.5938	70.4136	58.5938	70.5773	58.5938	70.3551	58.5938	70.536	58.5938	70.2972	58.5938	70.4904	58.5938	70.2422	58.5938	70.4421	58.5938	70.192	58.5938	70.3926	58.5938	70.1485	58.5938	70.3432	58.5938	70.1129	58.5938	70.2953	58.5938	70.0861	58.5938	70.2497	58.5938	70.0685	58.5938	70.2074	58.5938	70.0601	58.5938	70.1691	58.5938	70.0604	58.5938	70.1355	58.5938	70.0688	58.5938	70.1071	58.5938	70.0846
60.0586	70.9723	60.0586	70.9593	60.0586	70.975	60.0586	70.9361	60.0586	70.9675	60.0586	70.9034	60.0586	70.9505	60.0586	70.8621	60.0586	70.9247	60.0586	70.8137	60.0586	70.8913	60.0586	70.7599	60.0586	70.8514	60.0586	70.7028	60.0586	70.8064	60.0586	70.6445	60.0586	70.7577	60.0586	70.5873	60.0586	70.7066	60.0586	70.5333	60.0586	70.6547	60.0586	70.4843	60.0586	70.6034	60.0586	70.4418	60.0586	70.5539	60.0586	70.407	60.0586	70.5077	60.0586	70.3804	60.0586	70.4659	60.0586	70.3625	60.0586	70.4295	60.0586	70.3533	60.0586	70.3994	60.0586	70.3528	60.0586	70.3762	60.0586	70.3605
62.2559	71.5971	62.2559	71.5929	62.2559	71.5895	62.2559	71.577	62.2559	71.5704	62.2559	71.5501	62.2559	71.5405	62.2559	71.5134	62.2559	71.5013	62.2559	71.4685	62.2559	71.4542	62.2559	71.4173	62.2559	71.4014	62.2559	71.3621	62.2559	71.345	62.2559	71.3049	62.2559	71.2873	62.2559	71.2482	62.2559	71.2304	62.2559	71.1938	62.2559	71.1764	62.2559	71.1436	62.2559	71.1269	62.2559	71.0987	62.2559	71.0832	62.2559	71.0601	62.2559	71.0462	62.2559	71.0282	62.2559	71.0163	62.2559	71.0031	62.2559	70.9937	62.2559	70.9848	62.2559	70.9783	62.2559	70.9732	62.2559	70.9699	62.2559	70.9682
64.4531	72.1953	64.4531	72.1892	64.4531	72.1897	64.4531	72.1716	64.4531	72.1725	64.4531	72.1431	64.4531	72.1446	64.4531	72.1052	64.4531	72.1072	64.4531	72.0593	64.4531	72.0621	64.4531	72.0077	64.4531	72.0112	64.4531	71.9524	64.4531	71.9566	64.4531	71.896	64.4531	71.9007	64.4531	71.8406	64.4531	71.8456	64.4531	71.7883	64.4531	71.7934	64.4531	71.7407	64.4531	71.7455	64.4531	71.6991	64.4531	71.7033	64.4531	71.664	64.4531	71.6675	64.4531	71.6358	64.4531	71.6385	64.4531	71.6143	64.4531	71.6163	64.4531	71.5994	64.4531	71.6007	64.4531	71.5907	64.4531	71.5913	64.4531	71.588
66.6504	72.783	66.6504	72.7766	66.6504	72.777	66.6504	72.7581	66.6504	72.759	66.6504	72.7284	66.6504	72.7297	66.6504	72.6888	66.6504	72.6904	66.6504	72.6413	66.6504	72.6429	66.6504	72.5878	66.6504	72.5895	66.6504	72.5309	66.6504	72.5323	66.6504	72.4729	66.6504	72.4738	66.6504	72.4161	66.6504	72.4165	66.6504	72.3627	66.6504	72.3623	66.6504	72.3142	66.6504	72.3131	66.6504	72.2718	66.6504	72.2701	66.6504	72.2361	66.6504	72.2339	66.6504	72.2073	66.6504	72.205	66.6504	72.1853	66.6504	72.1831	66.6504	72.1698	66.6504	72.1681	66.6504	72.1604	66.6504	72.1595	66.6504	72.157
69.5801	73.5553	69.5801	73.5471	69.5801	73.5512	69.5801	73.5271	69.5801	73.5351	69.5801	73.4959	69.5801	73.5078	69.5801	73.4552	69.5801	73.4706	69.5801	73.4067	69.5801	73.4251	69.5801	73.3526	69.5801	73.3734	69.5801	73.2954	69.5801	73.3179	69.5801	73.2376	69.5801	73.2609	69.5801	73.1816	69.5801	73.2048	69.5801	73.1294	69.5801	73.1516	69.5801	73.0827	69.5801	73.103	69.5801	73.0425	69.5801	73.0602	69.5801	73.0093	69.5801	73.024	69.5801	72.9832	69.5801	72.9947	69.5801	72.9639	69.5801	72.9723	69.5801	72.9509	69.5801	72.9563	69.5801	72.9437	69.5801	72.9464	69.5801	72.9423
71.7773	74.0354	71.7773	74.0286	71.7773	74.0294	71.7773	74.0094	71.7773	74.011	71.7773	73.9784	71.7773	73.9809	71.7773	73.9372	71.7773	73.9407	71.7773	73.8877	71.7773	73.8921	71.7773	73.8321	71.7773	73.8372	71.7773	73.7731	71.7773	73.7783	71.7773	73.7131	71.7773	73.718	71.7773	73.6546	71.7773	73.6586	71.7773	73.5999	71.7773	73.6023	71.7773	73.5505	71.7773	73.5509	71.7773	73.5075	71.7773	73.5058	71.7773	73.4715	71.7773	73.468	71.7773	73.4425	71.7773	73.4379	71.7773	73.4202	71.7773	73.4155	71.7773	73.4042	71.7773	73.4004	71.7773	73.3943	71.7773	73.3921	71.7773	73.3902
73.9746	74.5952	73.9746	74.5893	73.9746	74.5879	73.9746	74.5705	73.9746	74.5676	73.9746	74.5397	73.9746	74.5353	73.9746	74.4985	73.9746	74.4924	73.9746	74.4489	73.9746	74.4409	73.9746	74.3932	73.9746	74.383	73.9746	74.3341	73.9746	74.3214	73.9746	74.2741	73.9746	74.2586	73.9746	74.2158	73.9746	74.1974	73.9746	74.1612	73.9746	74.1399	73.9746	74.1119	73.9746	74.0883	73.9746	74.0687	73.9746	74.0438	73.9746	74.0323	73.9746	74.0074	73.9746	74.0024	73.9746	73.9793	73.9746	73.9788	73.9746	73.9593	73.9746	73.9611	73.9746	73.947	73.9746	73.949	73.9746	73.9416	73.9746	73.9424
76.9043	75.2343	76.9043	75.2274	76.9043	75.2277	76.9043	75.2075	76.9043	75.2081	76.9043	75.1755	76.9043	75.1764	76.9043	75.1329	76.9043	75.1343	76.9043	75.0819	76.9043	75.0837	76.9043	75.0252	76.9043	75.027	76.9043	74.9653	76.9043	74.9668	76.9043	74.9053	76.9043	74.9058	76.9043	74.8476	76.9043	74.8465	76.9043	74.7944	76.9043	74.791	76.9043	74.7472	76.9043	74.7413	76.9043	74.707	76.9043	74.6987	76.9043	74.6739	76.9043	74.6638	76.9043	74.6476	76.9043	74.6369	76.9043	74.6275	76.9043	74.6177	76.9043	74.613	76.9043	74.6055	76.9043	74.6036	76.9043	74.5995	76.9043	74.599
79.834	75.8969	79.834	75.8919	79.834	75.8873	79.834	75.8729	79.834	75.8636	79.834	75.8407	79.834	75.8267	79.834	75.7972	79.834	75.7783	79.834	75.7446	79.834	75.7208	79.834	75.6857	79.834	75.6568	79.834	75.6233	79.834	75.5892	79.834	75.5604	79.834	75.5211	79.834	75.4997	79.834	75.4556	79.834	75.4434	79.834	75.3952	79.834	75.393	79.834	75.3421	79.834	75.3494	79.834	75.2979	79.834	75.3127	79.834	75.2631	79.834	75.2827	79.834	75.2379	79.834	75.2586	79.834	75.2216	79.834	75.2397	79.834	75.2133	79.834	75.2256	79.834	75.2119	79.834	75.2162
82.7637	76.5301	82.7637	76.5255	82.7637	76.5198	82.7637	76.5063	82.7637	76.4949	82.7637	76.4738	82.7637	76.4565	82.7637	76.4297	82.7637	76.4063	82.7637	76.3765	82.7637	76.3467	82.7637	76.317	82.7637	76.2805	82.7637	76.2542	82.7637	76.2108	82.7637	76.1911	82.7637	76.141	82.7637	76.1305	82.7637	76.0741	82.7637	76.0745	82.7637	76.0128	82.7637	76.0246	82.7637	75.9595	82.7637	75.9816	82.7637	75.9156	82.7637	75.9453	82.7637	75.8818	82.7637	75.9153	82.7637	75.8581	82.7637	75.8909	82.7637	75.8437	82.7637	75.8713	82.7637	75.8376	82.7637	75.8559	82.7637	75.8384	82.7637	75.8448
85.6934	77.0898	85.6934	77.0836	85.6934	77.0806	85.6934	77.0626	85.6934	77.0565	85.6934	77.0281	85.6934	77.0185	85.6934	76.9821	85.6934	76.9683	85.6934	76.9273	85.6934	76.9086	85.6934	76.8667	85.6934	76.8423	85.6934	76.8035	85.6934	76.7727	85.6934	76.741	85.6934	76.7032	85.6934	76.682	85.6934	76.6371	85.6934	76.6285	85.6934	76.5772	85.6934	76.5819	85.6934	76.5257	85.6934	76.5428	85.6934	76.4841	85.6934	76.5107	85.6934	76.4529	85.6934	76.4848	85.6934	76.4318	85.6934	76.4641	85.6934	76.4198	85.6934	76.4474	85.6934	76.4155	85.6934	76.4341	85.6934	76.4174	85.6934	76.4239
88.623	77.7171	88.623	77.706	88.623	77.7122	88.623	77.6794	88.623	77.6913	88.623	77.6388	88.623	77.6555	88.623	77.5864	88.623	77.6066	88.623	77.5252	88.623	77.547	88.623	77.4584	88.623	77.4798	88.623	77.3895	88.623	77.4084	88.623	77.3219	88.623	77.3364	88.623	77.2588	88.623	77.2672	88.623	77.2025	88.623	77.2038	88.623	77.1544	88.623	77.1487	88.623	77.1151	88.623	77.1033	88.623	77.0842	88.623	77.0681	88.623	77.0608	88.623	77.043	88.623	77.0434	88.623	77.0267	88.623	77.0309	88.623	77.018	88.623	77.0221	88.623	77.0151	88.623	77.0168
91.5527	78.2876	91.5527	78.2756	91.5527	78.2829	91.5527	78.2475	91.5527	78.2619	91.5527	78.205	91.5527	78.2257	91.5527	78.1502	91.5527	78.176	91.5527	78.0862	91.5527	78.1156	91.5527	78.0164	91.5527	78.0476	91.5527	77.9447	91.5527	77.9753	91.5527	77.8747	91.5527	77.9024	91.5527	77.8097	91.5527	77.8324	91.5527	77.7522	91.5527	77.7682	91.5527	77.7037	91.5527	77.7122	91.5527	77.6647	91.5527	77.6661	91.5527	77.6347	91.5527	77.6302	91.5527	77.6126	91.5527	77.6043	91.5527	77.5968	91.5527	77.5874	91.5527	77.5859	91.5527	77.5779	91.5527	77.5787	91.5527	77.5741	91.5527	77.5747
94.4824	78.8449	94.4824	78.8335	94.4824	78.8392	94.4824	78.8056	94.4824	78.8168	94.4824	78.7628	94.4824	78.7788	94.4824	78.7073	94.4824	78.7274	94.4824	78.6424	94.4824	78.6652	94.4824	78.5715	94.4824	78.5955	94.4824	78.4987	94.4824	78.5219	94.4824	78.4276	94.4824	78.4481	94.4824	78.3617	94.4824	78.3776	94.4824	78.3036	94.4824	78.3135	94.4824	78.2548	94.4824	78.258	94.4824	78.2158	94.4824	78.2126	94.4824	78.1861	94.4824	78.1778	94.4824	78.1643	94.4824	78.1531	94.4824	78.1489	94.4824	78.1373	94.4824	78.1383	94.4824	78.1288	94.4824	78.1311	94.4824	78.1258	94.4824	78.1269
98.1445	79.4549	98.1445	79.4442	98.1445	79.4481	98.1445	79.4164	98.1445	79.424	98.1445	79.3732	98.1445	79.3841	98.1445	79.317	98.1445	79.3304	98.1445	79.2508	98.1445	79.2657	98.1445	79.1786	98.1445	79.1936	98.1445	79.1043	98.1445	79.1176	98.1445	79.0319	98.1445	79.0418	98.1445	78.9649	98.1445	78.9697	98.1445	78.906	98.1445	78.9045	98.1445	78.8567	98.1445	78.8486	98.1445	78.8175	98.1445	78.8035	98.1445	78.7877	98.1445	78.7696	98.1445	78.766	98.1445	78.7462	98.1445	78.7506	98.1445	78.732	98.1445	78.7396	98.1445	78.7252	98.1445	78.7317	98.1445	78.7239	98.1445	78.7264
101.807	80.033	101.807	80.0233	101.807	80.0256	101.807	79.997	101.807	80.0017	101.807	79.9558	101.807	79.9628	101.807	79.9019	101.807	79.9109	101.807	79.8387	101.807	79.849	101.807	79.77	101.807	79.7805	101.807	79.7	101.807	79.7092	101.807	79.6327	101.807	79.6386	101.807	79.5716	101.807	79.5724	101.807	79.5194	101.807	79.5136	101.807	79.4773	101.807	79.4645	101.807	79.4456	101.807	79.4263	101.807	79.423	101.807	79.3993	101.807	79.4078	101.807	79.3826	101.807	79.3976	101.807	79.3745	101.807	79.3904	101.807	79.3727	101.807	79.3845	101.807	79.3749	101.807	79.3793
105.469	80.5707	105.469	80.5657	105.469	80.5563	105.469	80.5418	105.469	80.5235	105.469	80.5007	105.469	80.4742	105.469	80.445	105.469	80.4118	105.469	80.3784	105.469	80.3403	105.469	80.3055	105.469	80.2645	105.469	80.2309	105.469	80.1893	105.469	80.1594	105.469	80.1194	105.469	80.095	105.469	80.0585	105.469	80.0409	105.469	80.0095	105.469	79.9989	105.469	79.9732	105.469	79.9693	105.469	79.9495	105.469	79.951	105.469	79.9367	105.469	79.9419	105.469	79.9322	105.469	79.9391	105.469	79.9329	105.469	79.9396	105.469	79.9361	105.469	79.9408	105.469	79.9393	105.469	79.941
109.131	81.1377	109.131	81.1281	109.131	81.1273	109.131	81.0994	109.131	81.0971	109.131	81.0533	109.131	81.0482	109.131	80.9929	109.131	80.9831	109.131	80.9218	109.131	80.905	109.131	80.8443	109.131	80.8182	109.131	80.765	109.131	80.7275	109.131	80.6882	109.131	80.6381	109.131	80.6178	109.131	80.555	109.131	80.5568	109.131	80.4828	109.131	80.5066	109.131	80.4247	109.131	80.4674	109.131	80.3821	109.131	80.4382	109.131	80.3549	109.131	80.4169	109.131	80.3415	109.131	80.4011	109.131	80.3389	109.131	80.3882	109.131	80.344	109.131	80.3764	109.131	80.3534	109.131	80.3647
112.793	81.6146	112.793	81.6084	112.793	81.6003	112.793	81.5828	112.793	81.566	112.793	81.5396	112.793	81.5131	112.793	81.482	112.793	81.4442	112.793	81.4138	112.793	81.363	112.793	81.3395	112.793	81.2739	112.793	81.2637	112.793	81.1818	112.793	81.1908	112.793	81.0919	112.793	81.1244	112.793	81.0092	112.793	81.0671	112.793	80.9381	112.793	81.0199	112.793	80.8815	112.793	80.9828	112.793	80.8413	112.793	80.9542	112.793	80.8174	112.793	80.9317	112.793	80.8084	112.793	80.9129	112.793	80.8114	112.793	80.8954	112.793	80.8231	112.793	80.8774	112.793	80.8398	112.793	80.8587
116.455	82.1408	116.455	82.124	116.455	82.1361	116.455	82.087	116.455	82.1101	116.455	82.032	116.455	82.0641	116.455	81.9628	116.455	82.0006	116.455	81.8838	116.455	81.9233	116.455	81.8002	116.455	81.8367	116.455	81.7172	116.455	81.7459	116.455	81.6397	116.455	81.6561	116.455	81.5716	116.455	81.5725	116.455	81.5156	116.455	81.4994	116.455	81.4726	116.455	81.4399	116.455	81.4418	116.455	81.3959	116.455	81.4212	116.455	81.3672	116.455	81.4077	116.455	81.3524	116.455	81.3984	116.455	81.3488	116.455	81.3903	116.455	81.3531	116.455	81.3818	116.455	81.3618	116.455	81.372
120.85	82.6857	120.85	82.678	120.85	82.6704	120.85	82.6482	120.85	82.6326	120.85	82.5987	120.85	82.5739	120.85	82.533	120.85	82.4975	120.85	82.4558	120.85	82.4075	120.85	82.3721	120.85	82.3093	120.85	82.2877	120.85	82.2088	120.85	82.2076	120.85	82.1119	120.85	82.1362	120.85	82.0246	120.85	82.0765	120.85	81.9515	120.85	82.0296	120.85	81.8958	120.85	81.9952	120.85	81.8588	120.85	81.9711	120.85	81.8398	120.85	81.9543	120.85	81.8363	120.85	81.9413	120.85	81.8445	120.85	81.9288	120.85	81.8601	120.85	81.9147	120.85	81.879	120.85	81.8979
125.244	83.191	125.244	83.1636	125.244	83.195	125.244	83.1144	125.244	83.1757	125.244	83.0462	125.244	83.1342	125.244	82.9632	125.244	83.0733	125.244	82.8707	125.244	82.9967	125.244	82.7747	125.244	82.9091	125.244	82.6815	125.244	82.8159	125.244	82.5969	125.244	82.7228	125.244	82.5255	125.244	82.6351	125.244	82.4699	125.244	82.5577	125.244	82.431	125.244	82.4939	125.244	82.4073	125.244	82.4456	125.244	82.3957	125.244	82.4128	125.244	82.3924	125.244	82.3938	125.244	82.3932	125.244	82.3858	125.244	82.3947	125.244	82.3853	125.244	82.3947	125.244	82.3885	125.244	82.3924
129.639	83.5704	129.639	83.5537	129.639	83.5637	129.639	83.5141	129.639	83.5342	129.639	83.4539	129.639	83.484	129.639	83.3767	129.639	83.4164	129.639	83.2876	129.639	83.3357	129.639	83.1927	129.639	83.2468	129.639	83.0985	129.639	83.1553	129.639	83.0115	129.639	83.067	129.639	82.9372	129.639	82.987	129.639	82.8795	129.639	82.9199	129.639	82.8398	129.639	82.8684	129.639	82.8174	129.639	82.8337	129.639	82.8095	129.639	82.8148	129.639	82.8116	129.639	82.8089	129.639	82.819	129.639	82.812	129.639	82.8269	129.639	82.8196	129.639	82.8319	129.639	82.8274	129.639	82.8321
134.033	83.9111	134.033	83.9031	134.033	83.8938	134.033	83.8707	134.033	83.8521	134.033	83.8161	134.033	83.7883	134.033	83.7433	134.033	83.7062	134.033	83.6574	134.033	83.6106	134.033	83.5646	134.033	83.5074	134.033	83.4718	134.033	83.403	134.033	83.3853	134.033	83.3039	134.033	83.3106	134.033	83.2164	134.033	83.2515	134.033	83.1454	134.033	83.2093	134.033	83.0943	134.033	83.1833	134.033	83.0642	134.033	83.1702	134.033	83.0536	134.033	83.1656	134.033	83.0592	134.033	83.1645	134.033	83.0761	134.033	83.1621	134.033	83.0987	134.033	83.155	134.033	83.1219	134.033	83.1415
138.428	84.292	138.428	84.281	138.428	84.2769	138.428	84.2451	138.428	84.2364	138.428	84.1872	138.428	84.1726	138.428	84.1118	138.428	84.0892	138.428	84.0248	138.428	83.9913	138.428	83.9329	138.428	83.8849	138.428	83.8431	138.428	83.7767	138.428	83.7621	138.428	83.6735	138.428	83.6948	138.428	83.582	138.428	83.6443	138.428	83.5077	138.428	83.6111	138.428	83.4544	138.428	83.593	138.428	83.4238	138.428	83.586	138.428	83.4152	138.428	83.5847	138.428	83.4253	138.428	83.5836	138.428	83.4492	138.428	83.5779	138.428	83.4807	138.428	83.5647	138.428	83.5136	138.428	83.5428
143.555	84.6495	143.555	84.6357	143.555	84.6343	143.555	84.5942	143.555	84.5911	143.555	84.5279	143.555	84.5223	143.555	84.4416	143.555	84.4322	143.555	84.3419	143.555	84.3265	143.555	84.2364	143.555	84.2119	143.555	84.1332	143.555	84.096	143.555	84.0402	143.555	83.9866	143.555	83.9636	143.555	83.8908	143.555	83.9073	143.555	83.8148	143.555	83.8725	143.555	83.7622	143.555	83.8569	143.555	83.7345	143.555	83.856	143.555	83.7297	143.555	83.8635	143.555	83.7438	143.555	83.8725	143.555	83.7705	143.555	83.8772	143.555	83.8027	143.555	83.8731	143.555	83.8339	143.555	83.8584
148.682	84.9288	148.682	84.9139	148.682	84.9141	148.682	84.8707	148.682	84.8706	148.682	84.8021	148.682	84.8008	148.682	84.7134	148.682	84.7088	148.682	84.6115	148.682	84.6001	148.682	84.5044	148.682	84.4813	148.682	84.4009	148.682	84.3599	148.682	84.3092	148.682	84.2437	148.682	84.2357	148.682	84.1403	148.682	84.1842	148.682	84.0566	148.682	84.1547	148.682	83.9973	148.682	84.1443	148.682	83.965	148.682	84.1471	148.682	83.9588	148.682	84.1558	148.682	83.975	148.682	84.163	148.682	84.0075	148.682	84.1625	148.682	84.0484	148.682	84.1504	148.682	84.09	148.682	84.1256
153.809	85.2684	153.809	85.2543	153.809	85.249	153.809	85.2074	153.809	85.1974	153.809	85.1308	153.809	85.1175	153.809	85.0298	153.809	85.0147	153.809	84.912	153.809	84.8962	153.809	84.7863	153.809	84.7701	153.809	84.6626	153.809	84.6455	153.809	84.5508	153.809	84.5308	153.809	84.4592	153.809	84.434	153.809	84.3935	153.809	84.3609	153.809	84.3557	153.809	84.3147	153.809	84.344	153.809	84.2955	153.809	84.3529	153.809	84.3	153.809	84.3747	153.809	84.3222	153.809	84.4007	153.809	84.3543	153.809	84.4227	153.809	84.388	153.809	84.4344	153.809	84.4159	153.809	84.4323
159.668	85.3252	159.668	85.3136	159.668	85.3042	159.668	85.2704	159.668	85.2516	159.668	85.1991	159.668	85.1709	159.668	85.1054	159.668	85.0675	159.668	84.9968	159.668	84.9482	159.668	84.8821	159.668	84.8213	159.668	84.771	159.668	84.6956	159.668	84.6725	159.668	84.5802	159.668	84.594	159.668	84.4831	159.668	84.5404	159.668	84.411	159.668	84.5127	159.668	84.368	159.668	84.5084	159.668	84.3548	159.668	84.5217	159.668	84.3685	159.668	84.5445	159.668	84.4029	159.668	84.568	159.668	84.4494	159.668	84.5841	159.668	84.4987	159.668	84.5867	159.668	84.5419	159.668	84.5725
164.795	85.5695	164.795	85.542	164.795	85.5582	164.795	85.4776	164.795	85.5091	164.795	85.3808	164.795	85.4258	164.795	85.2586	164.795	85.3142	164.795	85.1203	164.795	85.1825	164.795	84.9768	164.795	85.0403	164.795	84.8398	164.795	84.8981	164.795	84.7203	164.795	84.7658	164.795	84.627	164.795	84.6523	164.795	84.5648	164.795	84.5641	164.795	84.5339	164.795	84.505	164.795	84.5303	164.795	84.4755	164.795	84.5465	164.795	84.4729	164.795	84.5728	164.795	84.4916	164.795	84.5999	164.795	84.5237	164.795	84.6195	164.795	84.5607	164.795	84.6261	164.795	84.5941	164.795	84.6173
170.654	85.8957	170.654	85.8686	170.654	85.879	170.654	85.7996	170.654	85.8189	170.654	85.6929	170.654	85.7183	170.654	85.5549	170.654	85.5826	170.654	85.394	170.654	85.42	170.654	85.2205	170.654	85.241	170.654	85.0461	170.654	85.0579	170.654	84.8827	170.654	84.8836	170.654	84.7414	170.654	84.7299	170.654	84.6303	170.654	84.6062	170.654	84.5536	170.654	84.5179	170.654	84.5107	170.654	84.4654	170.654	84.4962	170.654	84.4451	170.654	84.5015	170.654	84.4498	170.654	84.5166	170.654	84.4703	170.654	84.5319	170.654	84.497	170.654	84.5399	170.654	84.5211	170.654	84.5365
176.514	85.9446	176.514	85.8974	176.514	85.9524	176.514	85.8145	176.514	85.9195	176.514	85.7012	176.514	85.8463	176.514	85.5643	176.514	85.736	176.514	85.4122	176.514	85.5946	176.514	85.2543	176.514	85.4305	176.514	85.1002	176.514	85.2548	176.514	84.9589	176.514	85.0798	176.514	84.838	176.514	84.918	176.514	84.7424	176.514	84.7799	176.514	84.6737	176.514	84.6726	176.514	84.6304	176.514	84.5988	176.514	84.6079	176.514	84.5567	176.514	84.5998	176.514	84.5407	176.514	84.5991	176.514	84.5435	176.514	84.5996	176.514	84.5568	176.514	84.5965	176.514	84.5734	176.514	84.5876
183.105	85.5339	183.105	85.4931	183.105	85.5398	183.105	85.4194	183.105	85.511	183.105	85.3168	183.105	85.4492	183.105	85.1921	183.105	85.3576	183.105	85.0549	183.105	85.2414	183.105	84.9166	183.105	85.1075	183.105	84.79	183.105	84.9652	183.105	84.6866	183.105	84.8255	183.105	84.6153	183.105	84.7	183.105	84.5801	183.105	84.5999	183.105	84.5796	183.105	84.5332	183.105	84.6066	183.105	84.5036	183.105	84.6507	183.105	84.5093	183.105	84.6996	183.105	84.5436	183.105	84.7415	183.105	84.5964	183.105	84.7671	183.105	84.6559	183.105	84.7709	183.105	84.7107	183.105	84.7512
189.697	85.7304	189.697	85.6974	189.697	85.7213	189.697	85.6232	189.697	85.6714	189.697	85.5109	189.697	85.5835	189.697	85.3668	189.697	85.4617	189.697	85.2003	189.697	85.3123	189.697	85.0241	189.697	85.1436	189.697	84.8531	189.697	84.9666	189.697	84.7029	189.697	84.7948	189.697	84.5873	189.697	84.6425	189.697	84.5157	189.697	84.523	189.697	84.4904	189.697	84.4458	189.697	84.5067	189.697	84.4145	189.697	84.5527	189.697	84.4262	189.697	84.6131	189.697	84.472	189.697	84.6715	189.697	84.5385	189.697	84.7137	189.697	84.6106	189.697	84.7299	189.697	84.6737	189.697	84.716
196.289	85.6821	196.289	85.6558	196.289	85.6668	196.289	85.5881	196.289	85.6118	196.289	85.4817	196.289	85.5206	196.289	85.3423	196.289	85.398	196.289	85.1787	196.289	85.2499	196.289	85.0022	196.289	85.0836	196.289	84.8259	196.289	84.9078	196.289	84.6636	196.289	84.7332	196.289	84.5272	196.289	84.5718	196.289	84.4254	196.289	84.4351	196.289	84.3616	196.289	84.3327	196.289	84.3338	196.289	84.2698	196.289	84.3346	196.289	84.246	196.289	84.3533	196.289	84.2548	196.289	84.3781	196.289	84.286	196.289	84.3979	196.289	84.3271	196.289	84.4044	196.289	84.366	196.289	84.3936
202.881	85.5975	202.881	85.5704	202.881	85.5809	202.881	85.4995	202.881	85.5233	202.881	85.3878	202.881	85.4294	202.881	85.2419	202.881	85.3053	202.881	85.0716	202.881	85.1579	202.881	84.89	202.881	84.9951	202.881	84.7117	202.881	84.826	202.881	84.5518	202.881	84.6611	202.881	84.4237	202.881	84.512	202.881	84.3361	202.881	84.3897	202.881	84.2917	202.881	84.3025	202.881	84.2865	202.881	84.2545	202.881	84.3106	202.881	84.2439	202.881	84.3506	202.881	84.2639	202.881	84.3923	202.881	84.304	202.881	84.4235	202.881	84.352	202.881	84.4359	202.881	84.396	202.881	84.4261
210.205	85.4975	210.205	85.4676	210.205	85.4738	210.205	85.3859	210.205	85.3984	210.205	85.2583	210.205	85.2772	210.205	85.0945	210.205	85.1193	210.205	84.9078	210.205	84.9366	210.205	84.7139	210.205	84.742	210.205	84.5302	210.205	84.5492	210.205	84.3735	210.205	84.3711	210.205	84.2571	210.205	84.22	210.205	84.1887	210.205	84.1061	210.205	84.1684	210.205	84.0367	210.205	84.1887	210.205	84.0146	210.205	84.2367	210.205	84.0366	210.205	84.2962	210.205	84.0935	210.205	84.3514	210.205	84.1714	210.205	84.3886	210.205	84.2543	210.205	84.3987	210.205	84.3271	210.205	84.3776
217.529	85.5111	217.529	85.4728	217.529	85.4961	217.529	85.3827	217.529	85.429	217.529	85.2453	217.529	85.3135	217.529	85.0689	217.529	85.1559	217.529	84.8653	217.529	84.9649	217.529	84.65	217.529	84.7527	217.529	84.4411	217.529	84.5341	217.529	84.2576	217.529	84.3267	217.529	84.1162	217.529	84.1484	217.529	84.0289	217.529	84.0152	217.529	83.9992	217.529	83.9378	217.529	84.022	217.529	83.9191	217.529	84.0837	217.529	83.953	217.529	84.1654	217.529	84.026	217.529	84.247	217.529	84.1195	217.529	84.3103	217.529	84.2135	217.529	84.342	217.529	84.2898	217.529	84.3351
225.586	85.1295	225.586	85.1135	225.586	85.0895	225.586	85.0418	225.586	84.9972	225.586	84.919	225.586	84.8602	225.586	84.7538	225.586	84.689	225.586	84.5591	225.586	84.4961	225.586	84.3508	225.586	84.2947	225.586	84.147	225.586	84.0978	225.586	83.9662	225.586	83.918	225.586	83.8243	225.586	83.7671	225.586	83.7324	225.586	83.6557	225.586	83.6942	225.586	83.5918	225.586	83.7052	225.586	83.5782	225.586	83.7538	225.586	83.6111	225.586	83.8231	225.586	83.6798	225.586	83.8948	225.586	83.768	225.586	83.9515	225.586	83.8571	225.586	83.9801	225.586	83.9298	225.586	83.973
232.91	85.2195	232.91	85.1712	232.91	85.2008	232.91	85.0592	232.91	85.1154	232.91	84.8904	232.91	84.9676	232.91	84.6759	232.91	84.7666	232.91	84.4308	232.91	84.5269	232.91	84.1747	232.91	84.2683	232.91	83.9296	232.91	84.0145	232.91	83.7181	232.91	83.7897	232.91	83.5589	232.91	83.6147	232.91	83.4633	232.91	83.5022	232.91	83.4324	232.91	83.455	232.91	83.4577	232.91	83.4661	232.91	83.5232	232.91	83.5209	232.91	83.6096	232.91	83.6009	232.91	83.6979	232.91	83.687	232.91	83.7718	232.91	83.7624	232.91	83.8196	232.91	83.8142	232.91	83.8344
241.699	84.9226	241.699	84.881	241.699	84.9079	241.699	84.7867	241.699	84.835	241.699	84.646	241.699	84.7034	241.699	84.4675	241.699	84.5151	241.699	84.2633	241.699	84.2749	241.699	84.0487	241.699	83.9926	241.699	83.8407	241.699	83.6845	241.699	83.6574	241.699	83.375	241.699	83.5146	241.699	83.0949	241.699	83.4233	241.699	82.8779	241.699	83.3874	241.699	82.7516	241.699	83.4021	241.699	82.7291	241.699	83.4545	241.699	82.8038	241.699	83.5256	241.699	82.9508	241.699	83.5935	241.699	83.1352	241.699	83.6371	241.699	83.3208	241.699	83.6385	241.699	83.4777	241.699	83.5863
249.756	85.1337	249.756	85.0685	249.756	85.1309	249.756	84.9352	249.756	85.0634	249.756	84.7381	249.756	84.937	249.756	84.4872	249.756	84.7594	249.756	84.1988	249.756	84.5402	249.756	83.8957	249.756	84.2912	249.756	83.6056	249.756	84.0265	249.756	83.3572	249.756	83.7623	249.756	83.1745	249.756	83.5168	249.756	83.0706	249.756	83.3078	249.756	83.0441	249.756	83.1508	249.756	83.0799	249.756	83.0555	249.756	83.1542	249.756	83.0231	249.756	83.2403	249.756	83.0461	249.756	83.3149	249.756	83.1091	249.756	83.3607	249.756	83.1921	249.756	83.3687	249.756	83.2744	249.756	83.3377
258.545	85.0822	258.545	85.0425	258.545	85.0452	258.545	84.9266	258.545	84.9339	258.545	84.7393	258.545	84.7539	258.545	84.4898	258.545	84.5139	258.545	84.1935	258.545	84.2261	258.545	83.8719	258.545	83.9072	258.545	83.5524	258.545	83.5781	258.545	83.2656	258.545	83.2629	258.545	83.0405	258.545	82.9871	258.545	82.8972	258.545	82.7733	258.545	82.8415	258.545	82.6373	258.545	82.8623	258.545	82.5846	258.545	82.9353	258.545	82.6088	258.545	83.0299	258.545	82.6929	258.545	83.1167	258.545	82.8131	258.545	83.1726	258.545	82.9436	258.545	83.1833	258.545	83.0604	258.545	83.1445
268.066	84.9941	268.066	84.9275	268.066	84.9915	268.066	84.7921	268.066	84.9219	268.066	84.5915	268.066	84.7884	268.066	84.3347	268.066	84.5957	268.066	84.0373	268.066	84.3506	268.066	83.7216	268.066	84.0642	268.066	83.4157	268.066	83.7528	268.066	83.1493	268.066	83.4385	268.066	82.9481	268.066	83.1474	268.066	82.827	268.066	82.9057	268.066	82.7864	268.066	82.7342	268.066	82.8127	268.066	82.6429	268.066	82.8821	268.066	82.6291	268.066	82.9673	268.066	82.6784	268.066	83.0427	268.066	82.7692	268.066	83.0888	268.066	82.877	268.066	83.0939	268.066	82.9787	268.066	83.0554
277.588	84.7854	277.588	84.7709	277.588	84.7271	277.588	84.6791	277.588	84.6036	277.588	84.5102	277.588	84.4235	277.588	84.2703	277.588	84.1955	277.588	83.9726	277.588	83.9272	277.588	83.6385	277.588	83.6268	277.588	83.297	277.588	83.3056	277.588	82.9835	277.588	82.9806	277.588	82.7338	277.588	82.6756	277.588	82.5754	277.588	82.4183	277.588	82.5182	277.588	82.235	277.588	82.5498	277.588	82.1422	277.588	82.6397	277.588	82.1417	277.588	82.7489	277.588	82.2204	277.588	82.8401	277.588	82.3541	277.588	82.8858	277.588	82.5137	277.588	82.8713	277.588	82.6697	277.588	82.7956
287.109	84.8401	287.109	84.8218	287.109	84.7702	287.109	84.7132	287.109	84.6191	287.109	84.5178	287.109	84.398	287.109	84.2443	287.109	84.1224	287.109	83.9087	287.109	83.8106	287.109	83.5343	287.109	83.4826	287.109	83.1524	287.109	83.1595	287.109	82.8005	287.109	82.8627	287.109	82.5169	287.109	82.6131	287.109	82.3323	287.109	82.4292	287.109	82.2597	287.109	82.3238	287.109	82.2906	287.109	82.3002	287.109	82.3975	287.109	82.3496	287.109	82.5431	287.109	82.4527	287.109	82.6894	287.109	82.5832	287.109	82.8051	287.109	82.7129	287.109	82.8692	287.109	82.8161	287.109	82.8722
297.363	84.5922	297.363	84.5627	297.363	84.5382	297.363	84.4515	297.363	84.4018	297.363	84.2629	297.363	84.1865	297.363	84.0048	297.363	83.8998	297.363	83.6898	297.363	83.5533	297.363	83.3367	297.363	83.1643	297.363	82.9715	297.363	82.757	297.363	82.6272	297.363	82.3614	297.363	82.3403	297.363	82.0122	297.363	82.143	297.363	81.7435	297.363	82.053	297.363	81.5817	297.363	82.0661	297.363	81.5381	297.363	82.1565	297.363	81.6046	297.363	82.2848	297.363	81.7553	297.363	82.4089	297.363	81.9535	297.363	82.4934	297.363	82.1594	297.363	82.5143	297.363	82.3377	297.363	82.4613
307.617	84.4698	307.617	84.4213	307.617	84.4331	307.617	84.2896	307.617	84.312	307.617	84.0806	307.617	84.1097	307.617	83.8049	307.617	83.8314	307.617	83.4782	307.617	83.486	307.617	83.1215	307.617	83.0884	307.617	82.7606	307.617	82.6624	307.617	82.4247	307.617	82.2418	307.617	82.1439	307.617	81.8687	307.617	81.9432	307.617	81.5848	307.617	81.8357	307.617	81.4199	307.617	81.8175	307.617	81.3816	307.617	81.8689	307.617	81.4528	307.617	81.9603	307.617	81.5985	307.617	82.06	307.617	81.7767	307.617	82.14	307.617	81.948	307.617	82.1784	307.617	82.0821	307.617	82.1608
318.604	84.3743	318.604	84.3292	318.604	84.3277	318.604	84.188	318.604	84.1977	318.604	83.9524	318.604	83.9941	318.604	83.632	318.604	83.7248	318.604	83.245	318.604	83.3947	318.604	82.8194	318.604	83.0069	318.604	82.3931	318.604	82.568	318.604	82.0114	318.604	82.095	318.604	81.7207	318.604	81.6204	318.604	81.5569	318.604	81.1938	318.604	81.5322	318.604	80.8731	318.604	81.6272	318.604	80.7074	318.604	81.7962	318.604	80.7165	318.604	81.9808	318.604	80.8812	318.604	82.1259	318.604	81.1518	318.604	82.1901	318.604	81.466	318.604	82.1507	318.604	81.7656	318.604	82.0043
329.59	84.698	329.59	84.6228	329.59	84.6741	329.59	84.4502	329.59	84.5545	329.59	84.187	329.59	84.3484	329.59	83.8463	329.59	84.0709	329.59	83.4483	329.59	83.741	329.59	83.0215	329.59	83.3789	329.59	82.6014	329.59	83.0035	329.59	82.2261	329.59	82.6321	329.59	81.93	329.59	82.2843	329.59	81.7365	329.59	81.9843	329.59	81.6541	329.59	81.7583	329.59	81.6753	329.59	81.6284	329.59	81.7776	329.59	81.6041	329.59	81.9269	329.59	81.6767	329.59	82.0829	329.59	81.8191	329.59	82.206	329.59	81.9902	329.59	82.2651	329.59	82.1446	329.59	82.2437
341.309	84.4324	341.309	84.428	341.309	84.3324	341.309	84.3142	341.309	84.1373	341.309	84.0914	341.309	83.8597	341.309	83.7665	341.309	83.5142	341.309	83.3548	341.309	83.1177	341.309	82.8821	341.309	82.6903	341.309	82.3886	341.309	82.2562	341.309	81.9287	341.309	81.8455	341.309	81.5649	341.309	81.4932	341.309	81.3508	341.309	81.2358	341.309	81.3083	341.309	81.1027	341.309	81.4163	341.309	81.105	341.309	81.6201	341.309	81.2282	341.309	81.854	341.309	81.4354	341.309	82.0611	341.309	81.679	341.309	82.2027	341.309	81.9137	341.309	82.2584	341.309	82.1034	341.309	82.2234
353.76	84.3901	353.76	84.3432	353.76	84.3216	353.76	84.1854	353.76	84.1366	353.76	83.9251	353.76	83.8393	353.76	83.5759	353.76	83.4405	353.76	83.1579	353.76	82.9604	353.76	82.6995	353.76	82.429	353.76	82.2378	353.76	81.885	353.76	81.8165	353.76	81.3728	353.76	81.4805	353.76	80.9379	353.76	81.2663	353.76	80.6221	353.76	81.1909	353.76	80.457	353.76	81.2453	353.76	80.4548	353.76	81.3961	353.76	80.6021	353.76	81.5942	353.76	80.86	353.76	81.7866	353.76	81.174	353.76	81.9253	353.76	81.4862	353.76	81.9745	353.76	81.7455	353.76	81.9147
366.211	84.4549	366.211	84.4036	366.211	84.3981	366.211	84.2395	366.211	84.2375	366.211	83.9611	366.211	83.9749	366.211	83.572	366.211	83.6089	366.211	83.084	366.211	83.1377	366.211	82.5209	366.211	82.5658	366.211	81.9232	366.211	81.9128	366.211	81.3525	366.211	81.2216	366.211	80.888	366.211	80.5609	366.211	80.6064	366.211	80.0171	366.211	80.547	366.211	79.671	366.211	80.6863	366.211	79.5663	366.211	80.9478	366.211	79.6912	366.211	81.2371	366.211	79.988	366.211	81.4727	366.211	80.3795	366.211	81.5994	366.211	80.7911	366.211	81.5889	366.211	81.1599	366.211	81.437
378.662	84.5126	378.662	84.4261	378.662	84.4844	378.662	84.2247	378.662	84.3467	378.662	83.9137	378.662	84.1072	378.662	83.5052	378.662	83.774	378.662	83.019	378.662	83.3538	378.662	82.4828	378.662	82.8523	378.662	81.9336	378.662	82.2784	378.662	81.4164	378.662	81.6517	378.662	80.9816	378.662	81.0105	378.662	80.6774	378.662	80.4158	378.662	80.5343	378.662	79.9465	378.662	80.5501	378.662	79.6776	378.662	80.6851	378.662	79.6474	378.662	80.8755	378.662	79.8326	378.662	81.0549	378.662	80.156	378.662	81.169	378.662	80.521	378.662	81.1811	378.662	80.8445	378.662	81.0727
392.578	84.5748	392.578	84.5273	392.578	84.5065	392.578	84.3603	392.578	84.3311	392.578	84.0749	392.578	84.0614	392.578	83.6775	392.578	83.7125	392.578	83.1813	392.578	83.2992	392.578	82.6092	392.578	82.8332	392.578	81.9981	392.578	82.3246	392.578	81.4018	392.578	81.7869	392.578	80.8884	392.578	81.2453	392.578	80.5265	392.578	80.7437	392.578	80.3614	392.578	80.3402	392.578	80.3918	392.578	80.09	392.578	80.5678	392.578	80.0214	392.578	80.8102	392.578	80.1227	392.578	81.0371	392.578	80.3477	392.578	81.1839	392.578	80.6317	392.578	81.2127	392.578	80.9068	392.578	81.1143
405.762	84.223	405.762	84.1818	405.762	84.135	405.762	84.0119	405.762	83.9218	405.762	83.7179	405.762	83.5928	405.762	83.3088	405.762	83.1613	405.762	82.7985	405.762	82.6432	405.762	82.2082	405.762	82.0559	405.762	81.5711	405.762	81.4184	405.762	80.9374	405.762	80.7565	405.762	80.3791	405.762	80.1094	405.762	79.9826	405.762	79.5387	405.762	79.8196	405.762	79.1291	405.762	79.9064	405.762	78.9657	405.762	80.1864	405.762	79.0871	405.762	80.557	405.762	79.4507	405.762	80.9108	405.762	79.9496	405.762	81.1626	405.762	80.4621	405.762	81.2559	405.762	80.8888	405.762	81.1641
420.41	84.5623	420.41	84.4249	420.41	84.5956	420.41	84.185	420.41	84.5221	420.41	83.8447	420.41	84.3389	420.41	83.4092	420.41	84.0447	420.41	82.8905	420.41	83.6426	420.41	82.3103	420.41	83.1442	420.41	81.7013	420.41	82.5711	420.41	81.1077	420.41	81.9569	420.41	80.5815	420.41	81.3445	420.41	80.1768	420.41	80.7801	420.41	79.9366	420.41	80.3052	420.41	79.8754	420.41	79.952	420.41	79.9668	420.41	79.7427	420.41	80.147	420.41	79.6873	420.41	80.3359	420.41	79.7748	420.41	80.4621	420.41	79.9644	420.41	80.4806	420.41	80.1905	420.41	80.3813
435.059	84.3958	435.059	84.3342	435.059	84.3326	435.059	84.1421	435.059	84.1567	435.059	83.8215	435.059	83.8838	435.059	83.3828	435.059	83.531	435.059	82.8464	435.059	83.1145	435.059	82.2447	435.059	82.6501	435.059	81.624	435.059	82.1553	435.059	81.0433	435.059	81.6538	435.059	80.566	435.059	81.1772	435.059	80.2427	435.059	80.7645	435.059	80.0946	435.059	80.4543	435.059	80.1072	435.059	80.2739	435.059	80.2391	435.059	80.2312	435.059	80.4375	435.059	80.3111	435.059	80.6494	435.059	80.4768	435.059	80.8274	435.059	80.6745	435.059	80.9324	435.059	80.845	435.059	80.9392
450.439	83.9924	450.439	83.924	450.439	83.9152	450.439	83.7085	450.439	83.6993	450.439	83.3509	450.439	83.3595	450.439	82.8649	450.439	82.9219	450.439	82.2791	450.439	82.4244	450.439	81.6425	450.439	81.9115	450.439	81.0286	450.439	81.4243	450.439	80.5301	450.439	80.9956	450.439	80.2338	450.439	80.6524	450.439	80.1837	450.439	80.4201	450.439	80.3561	450.439	80.3194	450.439	80.6723	450.439	80.3554	450.439	81.0355	450.439	80.5121	450.439	81.3643	450.439	80.755	450.439	81.608	450.439	81.0394	450.439	81.7459	450.439	81.3182	450.439	81.7773	450.439	81.5508	450.439	81.7091
466.553	84.6286	466.553	84.5366	466.553	84.5709	466.553	84.2951	466.553	84.3599	466.553	83.9009	466.553	83.9895	466.553	83.352	466.553	83.4559	466.553	82.6532	466.553	82.7644	466.553	81.8245	466.553	81.9394	466.553	80.9144	466.553	81.0369	466.553	80.0182	466.553	80.1553	466.553	79.292	466.553	79.4308	466.553	78.9206	466.553	79.001	466.553	79.0069	466.553	78.939	466.553	79.4795	466.553	79.209	466.553	80.1488	466.553	79.6949	466.553	80.8285	466.553	80.2687	466.553	81.3927	466.553	80.8325	466.553	81.7737	466.553	81.3221	466.553	81.9456	466.553	81.6937	466.553	81.9118
482.666	84.8097	482.666	84.7899	482.666	84.7122	482.666	84.6244	482.666	84.5203	482.666	84.2913	482.666	84.2392	482.666	83.7829	482.666	83.8536	482.666	83.1098	482.666	83.3372	482.666	82.3035	482.666	82.6694	482.666	81.4194	482.666	81.8495	482.666	80.5394	482.666	80.9068	482.666	79.7729	482.666	79.9082	482.666	79.2468	482.666	78.9649	482.666	79.069	482.666	78.2322	482.666	79.2603	482.666	77.875	482.666	79.7168	482.666	77.9796	482.666	80.2612	482.666	78.4769	482.666	80.7303	482.666	79.1806	482.666	81.0191	482.666	79.8979	482.666	81.0795	482.666	80.4956	482.666	80.901
500.244	85.025	500.244	84.9603	500.244	84.9005	500.244	84.7076	500.244	84.5994	500.244	84.2746	500.244	84.15	500.244	83.6714	500.244	83.591	500.244	82.9116	500.244	82.9581	500.244	82.0224	500.244	82.2743	500.244	81.0646	500.244	81.5566	500.244	80.1573	500.244	80.8401	500.244	79.4809	500.244	80.1996	500.244	79.2088	500.244	79.7411	500.244	79.3809	500.244	79.551	500.244	79.8686	500.244	79.6383	500.244	80.4806	500.244	79.935	500.244	81.0632	500.244	80.3474	500.244	81.522	500.244	80.7964	500.244	81.8082	500.244	81.2233	500.244	81.9049	500.244	81.5794	500.244	81.8197
517.822	85.6048	517.822	85.5466	517.822	85.5061	517.822	85.3293	517.822	85.2562	517.822	84.9533	517.822	84.8607	517.822	84.4199	517.822	84.3191	517.822	83.7296	517.822	83.6247	517.822	82.8869	517.822	82.7728	517.822	81.9132	517.822	81.7789	517.822	80.8743	517.822	80.7029	517.822	79.9207	517.822	79.673	517.822	79.297	517.822	78.8907	517.822	79.2213	517.822	78.5611	517.822	79.681	517.822	78.7514	517.822	80.4426	517.822	79.3389	517.822	81.2531	517.822	80.1245	517.822	81.9447	517.822	80.9414	517.822	82.4228	517.822	81.6738	517.822	82.6378	517.822	82.238	517.822	82.5722
536.133	85.6903	536.133	85.6008	536.133	85.6048	536.133	85.3418	536.133	85.3382	536.133	84.9109	536.133	84.8942	536.133	84.3	536.133	84.2916	536.133	83.5012	536.133	83.5565	536.133	82.5138	536.133	82.7041	536.133	81.3524	536.133	81.7276	536.133	80.0665	536.133	80.6142	536.133	78.7933	536.133	79.3967	536.133	77.8368	536.133	78.2267	536.133	77.6042	536.133	77.4114	536.133	78.1973	536.133	77.2605	536.133	79.2384	536.133	77.7792	536.133	80.2874	536.133	78.673	536.133	81.1007	536.133	79.6401	536.133	81.5911	536.133	80.5015	536.133	81.7491	536.133	81.1697	536.133	81.5976
554.443	85.7128	554.443	85.6922	554.443	85.5988	554.443	85.5165	554.443	85.3745	554.443	85.1742	554.443	85.0515	554.443	84.6595	554.443	84.6152	554.443	83.9657	554.443	84.0294	554.443	83.0836	554.443	83.2593	554.443	82.008	554.443	82.2954	554.443	80.7601	554.443	81.1682	554.443	79.4365	554.443	79.9599	554.443	78.2893	554.443	78.8265	554.443	77.726	554.443	78.0105	554.443	77.9932	554.443	77.7517	554.443	78.8554	554.443	78.0937	554.443	79.8723	554.443	78.8426	554.443	80.746	554.443	79.7375	554.443	81.3446	554.443	80.5726	554.443	81.6236	554.443	81.2119	554.443	81.5753
574.219	85.314	574.219	85.2937	574.219	85.2103	574.219	85.1404	574.219	84.975	574.219	84.8308	574.219	84.5964	574.219	84.3383	574.219	84.0744	574.219	83.6458	574.219	83.4246	574.219	82.7524	574.219	82.6655	574.219	81.6755	574.219	81.8	574.219	80.4583	574.219	80.8154	574.219	79.1993	574.219	79.715	574.219	78.1147	574.219	78.5852	574.219	77.5551	574.219	77.6719	574.219	77.7683	574.219	77.3343	574.219	78.5861	574.219	77.7225	574.219	79.5989	574.219	78.5834	574.219	80.4935	574.219	79.5532	574.219	81.1158	574.219	80.4031	574.219	81.411	574.219	81.0276	574.219	81.3747
594.727	85.8785	594.727	85.9148	594.727	85.6313	594.727	85.7342	594.727	85.2154	594.727	85.3545	594.727	84.7002	594.727	84.8007	594.727	84.1398	594.727	84.0916	594.727	83.5237	594.727	83.2313	594.727	82.777	594.727	82.2054	594.727	81.8118	594.727	80.9872	594.727	80.5784	594.727	79.5741	594.727	79.0993	594.727	78.0983	594.727	77.5273	594.727	77.0355	594.727	76.276	594.727	77.0784	594.727	75.9835	594.727	78.1742	594.727	76.807	594.727	79.544	594.727	78.147	594.727	80.6527	594.727	79.4357	594.727	81.3373	594.727	80.4441	594.727	81.6074	594.727	81.1349	594.727	81.5242
615.234	86.3091	615.234	86.1988	615.234	86.2247	615.234	85.9153	615.234	85.9252	615.234	85.471	615.234	85.4076	615.234	84.8688	615.234	84.6993	615.234	84.1056	615.234	83.8548	615.234	83.1779	615.234	82.926	615.234	82.0835	615.234	81.923	615.234	80.8282	615.234	80.8032	615.234	79.4447	615.234	79.5075	615.234	78.0437	615.234	78.0246	615.234	76.9112	615.234	76.4781	615.234	76.5246	615.234	75.2513	615.234	77.142	615.234	74.9558	615.234	78.3886	615.234	75.8157	615.234	79.6715	615.234	77.3196	615.234	80.6071	615.234	78.8634	615.234	81.0176	615.234	80.0966	615.234	80.8426
637.207	86.2742	637.207	86.2973	637.207	86.097	637.207	86.1543	637.207	85.7746	637.207	85.8272	637.207	85.322	637.207	85.3004	637.207	84.7625	637.207	84.5716	637.207	84.1141	637.207	83.6582	637.207	83.3683	637.207	82.5926	637.207	82.4884	637.207	81.4074	637.207	81.4287	637.207	80.1317	637.207	80.1596	637.207	78.83	637.207	78.6957	637.207	77.7063	637.207	77.1837	637.207	77.1694	637.207	76.088	637.207	77.5369	637.207	76.0752	637.207	78.5807	637.207	77.1247	637.207	79.7631	637.207	78.5256	637.207	80.6879	637.207	79.7728	637.207	81.17	637.207	80.6763	637.207	81.1592
659.912	86.3509	659.912	86.378	659.912	86.1708	659.912	86.2395	659.912	85.8405	659.912	85.9194	659.912	85.3526	659.912	85.4007	659.912	84.7009	659.912	84.6662	659.912	83.8993	659.912	83.6993	659.912	82.9865	659.912	82.4911	659.912	82	659.912	81.055	659.912	80.9385	659.912	79.4604	659.912	79.76	659.912	77.9117	659.912	78.4386	659.912	76.8642	659.912	77.0671	659.912	76.8666	659.912	76.0034	659.912	77.8845	659.912	75.8802	659.912	79.295	659.912	76.9506	659.912	80.5851	659.912	78.6234	659.912	81.5186	659.912	80.2083	659.912	81.9946	659.912	81.3562	659.912	81.9535
683.35	86.3435	683.35	86.2705	683.35	86.1836	683.35	86.0161	683.35	85.7743	683.35	85.6296	683.35	85.1575	683.35	85.1329	683.35	84.4184	683.35	84.5185	683.35	83.6288	683.35	83.7615	683.35	82.7942	683.35	82.8283	683.35	81.8589	683.35	81.6824	683.35	80.7582	683.35	80.2941	683.35	79.4629	683.35	78.6825	683.35	78.0052	683.35	77.0681	683.35	76.5202	683.35	76.1491	683.35	75.3403	683.35	76.6644	683.35	75.0274	683.35	78.1249	683.35	75.8892	683.35	79.5802	683.35	77.4558	683.35	80.5913	683.35	79.0384	683.35	81.0465	683.35	80.2454	683.35	80.9288
706.787	86.327	706.787	86.3543	706.787	86.152	706.787	86.2334	706.787	85.8225	706.787	85.9584	706.787	85.3318	706.787	85.5245	706.787	84.6858	706.787	84.931	706.787	83.9077	706.787	84.1768	706.787	83.0269	706.787	83.2516	706.787	82.0561	706.787	82.1329	706.787	80.9786	706.787	80.8021	706.787	79.7628	706.787	79.3025	706.787	78.4078	706.787	77.8658	706.787	77.0204	706.787	77.0336	706.787	75.9128	706.787	77.3121	706.787	75.5932	706.787	78.4634	706.787	76.3608	706.787	79.8189	706.787	77.8772	706.787	80.9086	706.787	79.5051	706.787	81.4951	706.787	80.7767	706.787	81.4625
731.689	86.711	731.689	86.6772	731.689	86.6159	731.689	86.5422	731.689	86.3225	731.689	86.2749	731.689	85.783	731.689	85.8203	731.689	85.0225	731.689	85.143	731.689	84.1372	731.689	84.2413	731.689	83.2205	731.689	83.1331	731.689	82.2695	731.689	81.8274	731.689	81.1735	731.689	80.3113	731.689	79.7917	731.689	78.6087	731.689	78.0211	731.689	76.9892	731.689	75.8629	731.689	76.1917	731.689	73.7547	731.689	76.7383	731.689	73.2201	731.689	78.0474	731.689	74.9435	731.689	79.3839	731.689	77.2524	731.689	80.4174	731.689	79.1414	731.689	80.9953	731.689	80.4022	731.689	81.0122
758.057	86.2363	758.057	86.269	758.057	86.0928	758.057	86.1973	758.057	85.8058	758.057	85.9843	758.057	85.3577	758.057	85.5761	758.057	84.7704	758.057	84.9432	758.057	84.0878	758.057	84.0979	758.057	83.3335	758.057	83.0733	758.057	82.4869	758.057	81.8742	758.057	81.501	758.057	80.4433	758.057	80.325	758.057	78.713	758.057	78.897	758.057	76.8487	758.057	77.1437	758.057	75.7435	758.057	75.1427	758.057	76.4223	758.057	73.7695	758.057	78.1076	758.057	74.5763	758.057	79.6447	758.057	76.7679	758.057	80.6413	758.057	78.7719	758.057	81.0498	758.057	80.1461	758.057	80.8885
784.424	86.3617	784.424	86.468	784.424	86.18	784.424	86.4209	784.424	85.9585	784.424	86.1658	784.424	85.6481	784.424	85.6933	784.424	85.1589	784.424	85.0196	784.424	84.4442	784.424	84.1586	784.424	83.5405	784.424	83.1129	784.424	82.5276	784.424	81.8792	784.424	81.4396	784.424	80.4474	784.424	80.2337	784.424	78.7914	784.424	78.8662	784.424	76.948	784.424	77.3609	784.424	75.4328	784.424	75.7983	784.424	75.5119	784.424	74.4109	784.424	77.1612	784.424	74.0443	784.424	78.9557	784.424	75.5189	784.424	80.2081	784.424	77.7746	784.424	80.7717	784.424	79.5856	784.424	80.5866
812.256	86.0674	812.256	86.1668	812.256	85.9161	812.256	86.1799	812.256	85.7096	812.256	86.0507	812.256	85.4074	812.256	85.7247	812.256	84.9529	812.256	85.1707	812.256	84.3037	812.256	84.3901	812.256	83.4574	812.256	83.4007	812.256	82.4603	812.256	82.1975	812.256	81.3818	812.256	80.7199	812.256	80.2593	812.256	78.8715	812.256	79.0672	812.256	76.683	812.256	77.7704	812.256	74.9442	812.256	76.4675	812.256	75.4517	812.256	75.569	812.256	77.595	812.256	75.6696	812.256	79.4542	812.256	76.7698	812.256	80.4481	812.256	78.1862	812.256	80.6323	812.256	79.3889	812.256	80.2232
840.82	85.9874	840.82	86.078	840.82	85.8226	840.82	86.0515	840.82	85.6257	840.82	85.8771	840.82	85.4087	840.82	85.5415	840.82	85.1253	840.82	85.0517	840.82	84.6845	840.82	84.4239	840.82	84.0052	840.82	83.6561	840.82	83.0579	840.82	82.6945	840.82	81.8578	840.82	81.412	840.82	80.4126	840.82	79.6038	840.82	78.6635	840.82	77.0141	840.82	76.4963	840.82	73.7547	840.82	74.0091	840.82	72.7777	840.82	72.4677	840.82	75.7463	840.82	73.5648	840.82	78.5038	840.82	75.7827	840.82	80.0421	840.82	77.713	840.82	80.5065	840.82	79.1669	840.82	80.1398
870.85	85.6481	870.85	85.7625	870.85	85.437	870.85	85.7554	870.85	85.1855	870.85	85.634	870.85	84.9307	870.85	85.4104	870.85	84.6458	870.85	85.082	870.85	84.2636	870.85	84.6332	870.85	83.7263	870.85	84.0411	870.85	82.9941	870.85	83.262	870.85	82.04	870.85	82.2064	870.85	80.8564	870.85	80.7306	870.85	79.4483	870.85	78.6669	870.85	77.7895	870.85	75.9857	870.85	75.8281	870.85	73.7182	870.85	73.8024	870.85	74.5233	870.85	72.9634	870.85	77.0311	870.85	74.2707	870.85	78.8664	870.85	76.3753	870.85	79.6019	870.85	78.176	870.85	79.3169
901.611	86.3812	901.611	86.2853	901.611	86.2486	901.611	86.0092	901.611	85.8897	901.611	85.6178	901.611	85.3544	901.611	85.1496	901.611	84.6927	901.611	84.5977	901.611	83.9028	901.611	83.9297	901.611	82.9263	901.611	83.1284	901.611	81.6849	901.611	82.2104	901.611	80.1252	901.611	81.1741	901.611	78.263	901.611	79.9114	901.611	76.2383	901.611	78.2162	901.611	74.3403	901.611	76.0435	901.611	72.8812	901.611	74.3753	901.611	72.0803	901.611	75.1866	901.611	72.4404	901.611	77.3648	901.611	74.2704	901.611	79.0515	901.611	76.5961	901.611	79.7923	901.611	78.4752	901.611	79.5773
933.105	86.2147	933.105	86.1654	933.105	85.9857	933.105	85.9314	933.105	85.4369	933.105	85.5803	933.105	84.6629	933.105	85.1294	933.105	83.8974	933.105	84.5802	933.105	83.3378	933.105	83.9551	933.105	82.9414	933.105	83.2805	933.105	82.5004	933.105	82.5238	933.105	81.8182	933.105	81.5598	933.105	80.7215	933.105	80.2031	933.105	78.9974	933.105	78.2713	933.105	76.41	933.105	75.7528	933.105	73.0355	933.105	73.6836	933.105	70.685	933.105	74.4704	933.105	71.7402	933.105	76.8206	933.105	74.0891	933.105	78.5776	933.105	76.2969	933.105	79.3264	933.105	78.0441	933.105	79.11
966.064	86.177	966.064	86.0646	966.064	86.1014	966.064	85.7793	966.064	85.7443	966.064	85.3071	966.064	85.014	966.064	84.6478	966.064	84.0169	966.064	83.8246	966.064	83.169	966.064	82.9053	966.064	82.8246	966.064	82.0068	966.064	82.7246	966.064	81.2062	966.064	82.3778	966.064	80.3726	966.064	81.539	966.064	79.154	966.064	80.0947	966.064	77.1944	966.064	77.7873	966.064	74.564	966.064	73.9763	966.064	73.0458	966.064	68.0717	966.064	74.6325	966.064	69.5219	966.064	77.1015	966.064	74.5553	966.064	78.9962	966.064	77.5622	966.064	80.0413	966.064	79.3352	966.064	80.1567
999.756	86.1864	999.756	86.1593	999.756	85.8819	999.756	85.8804	999.756	85.2642	999.756	85.4456	999.756	84.4291	999.756	84.8836	999.756	83.452	999.756	84.1725	999.756	82.3648	999.756	83.3155	999.756	81.3035	999.756	82.3754	999.756	80.5611	999.756	81.4286	999.756	80.2467	999.756	80.4637	999.756	80.0653	999.756	79.3042	999.756	79.6038	999.756	77.5989	999.756	78.5091	999.756	74.8979	999.756	76.3812	999.756	71.7199	999.756	72.5531	999.756	72.7375	999.756	67.3861	999.756	76.0728	999.756	70.8162	999.756	78.208	999.756	75.4327	999.756	79.1516	999.756	77.9778	999.756	79.1034
1034.91	85.794	1034.91	85.7003	1034.91	85.6936	1034.91	85.4233	1034.91	85.2857	1034.91	84.9533	1034.91	84.4159	1034.91	84.3346	1034.91	83.056	1034.91	83.6388	1034.91	81.4035	1034.91	82.914	1034.91	79.7489	1034.91	82.1976	1034.91	78.2037	1034.91	81.5227	1034.91	76.7436	1034.91	80.7993	1034.91	75.5466	1034.91	79.7311	1034.91	74.8689	1034.91	77.9256	1034.91	74.3042	1034.91	74.9996	1034.91	72.8839	1034.91	71.1816	1034.91	69.4069	1034.91	71.4218	1034.91	64.9037	1034.91	75.2335	1034.91	70.6912	1034.91	77.7286	1034.91	75.2594	1034.91	78.7548	1034.91	77.6102	1034.91	78.6719
1071.53	85.417	1071.53	85.4469	1071.53	85.0248	1071.53	85.0698	1071.53	84.4357	1071.53	84.4231	1071.53	83.6831	1071.53	83.7003	1071.53	82.5924	1071.53	82.9886	1071.53	81.1051	1071.53	82.2778	1071.53	79.5381	1071.53	81.6222	1071.53	78.3205	1071.53	81.1528	1071.53	77.4215	1071.53	80.8087	1071.53	76.5367	1071.53	80.2091	1071.53	75.6833	1071.53	78.8573	1071.53	74.9572	1071.53	76.285	1071.53	73.8582	1071.53	72.3274	1071.53	71.261	1071.53	70.4018	1071.53	65.686	1071.53	73.6131	1071.53	65.8361	1071.53	76.233	1071.53	71.7381	1071.53	77.2145	1071.53	75.0208	1071.53	76.7599
1109.62	85.3022	1109.62	85.2255	1109.62	85.1445	1109.62	84.9794	1109.62	84.6321	1109.62	84.5113	1109.62	83.7034	1109.62	83.7132	1109.62	82.386	1109.62	82.5418	1109.62	80.7508	1109.62	81.0931	1109.62	78.9534	1109.62	79.5875	1109.62	77.4361	1109.62	78.3096	1109.62	76.7203	1109.62	77.4826	1109.62	76.5464	1109.62	76.9497	1109.62	76.1799	1109.62	76.1019	1109.62	75.1916	1109.62	74.3226	1109.62	73.4757	1109.62	71.3865	1109.62	70.5725	1109.62	69.3388	1109.62	64.1268	1109.62	72.116	1109.62	63.4178	1109.62	75.3551	1109.62	71.5312	1109.62	76.9786	1109.62	75.2821	1109.62	76.9464
1148.44	85.333	1148.44	85.2818	1148.44	84.9105	1148.44	84.7839	1148.44	84.1757	1148.44	84.0309	1148.44	83.3076	1148.44	83.2023	1148.44	82.3139	1148.44	82.306	1148.44	81.1175	1148.44	81.2405	1148.44	79.7618	1148.44	80.0062	1148.44	78.4645	1148.44	78.8139	1148.44	77.5341	1148.44	77.8801	1148.44	77.0697	1148.44	77.0507	1148.44	76.721	1148.44	75.8537	1148.44	75.9818	1148.44	73.7738	1148.44	74.4015	1148.44	70.5766	1148.44	71.3617	1148.44	69.8129	1148.44	65.5903	1148.44	73.6232	1148.44	63.8267	1148.44	76.2836	1148.44	70.5111	1148.44	77.0525	1148.44	74.2447	1148.44	76.2934
1189.45	84.6866	1189.45	84.5684	1189.45	84.2912	1189.45	84.0816	1189.45	83.4126	1189.45	83.3939	1189.45	82.3037	1189.45	82.5749	1189.45	81.2726	1189.45	81.5983	1189.45	80.4281	1189.45	80.434	1189.45	79.6182	1189.45	79.1514	1189.45	78.6457	1189.45	77.9912	1189.45	77.5809	1189.45	77.2236	1189.45	76.793	1189.45	76.7087	1189.45	76.4966	1189.45	75.8219	1189.45	76.3154	1189.45	73.8109	1189.45	75.4882	1189.45	70.0835	1189.45	73.1746	1189.45	67.9539	1189.45	68.1602	1189.45	71.9356	1189.45	57.3467	1189.45	74.8502	1189.45	65.7715	1189.45	75.683	1189.45	71.6192	1189.45	74.614
1231.2	83.674	1231.2	83.6355	1231.2	83.2031	1231.2	83.2778	1231.2	82.2373	1231.2	82.7701	1231.2	81.0883	1231.2	82.1031	1231.2	80.176	1231.2	81.1385	1231.2	79.642	1231.2	79.7739	1231.2	79.2611	1231.2	78.1174	1231.2	78.7155	1231.2	76.6796	1231.2	77.8251	1231.2	76.048	1231.2	76.7489	1231.2	75.8422	1231.2	76.0677	1231.2	75.063	1231.2	75.9526	1231.2	72.8443	1231.2	75.4694	1231.2	68.3357	1231.2	73.6061	1231.2	65.5458	1231.2	69.7239	1231.2	70.6472	1231.2	62.993	1231.2	74.0144	1231.2	64.08	1231.2	75.1741	1231.2	70.8041	1231.2	74.2081
1274.41	84.0521	1274.41	83.8068	1274.41	83.7892	1274.41	83.1488	1274.41	83.0073	1274.41	82.254	1274.41	81.8642	1274.41	81.3844	1274.41	80.6651	1274.41	80.5787	1274.41	79.7633	1274.41	79.5077	1274.41	79.2586	1274.41	77.8905	1274.41	78.7539	1274.41	76.0216	1274.41	77.7643	1274.41	74.8719	1274.41	76.0894	1274.41	74.62	1274.41	74.0404	1274.41	74.2339	1274.41	72.7961	1274.41	72.8588	1274.41	72.4504	1274.41	69.4352	1274.41	71.1059	1274.41	63.0965	1274.41	67.431	1274.41	68.2039	1274.41	62.6928	1274.41	72.4428	1274.41	66.7899	1274.41	73.6048	1274.41	70.8322	1274.41	72.9444
1319.82	83.795	1319.82	83.7513	1319.82	83.5957	1319.82	83.3923	1319.82	83.1408	1319.82	82.6815	1319.82	82.4012	1319.82	81.7299	1319.82	81.4202	1319.82	80.6724	1319.82	80.2711	1319.82	79.4305	1319.82	79.1082	1319.82	77.6959	1319.82	78.2657	1319.82	75.2801	1319.82	77.7468	1319.82	73.0424	1319.82	76.9398	1319.82	72.9172	1319.82	75.4191	1319.82	73.5611	1319.82	73.6898	1319.82	72.7577	1319.82	72.7073	1319.82	69.7167	1319.82	71.5827	1319.82	64.8264	1319.82	68.3442	1319.82	66.2208	1319.82	59.344	1319.82	70.6469	1319.82	64.5907	1319.82	72.9413	1319.82	70.9007	1319.82	73.1181
1365.97	83.9231	1365.97	83.8611	1365.97	83.6045	1365.97	83.3356	1365.97	83.002	1365.97	82.4145	1365.97	82.111	1365.97	81.2996	1365.97	80.9104	1365.97	80.1766	1365.97	79.5938	1365.97	79.033	1365.97	78.4181	1365.97	77.5955	1365.97	77.0663	1365.97	75.5449	1365.97	75.2654	1365.97	73.0904	1365.97	73.573	1365.97	71.8663	1365.97	72.4686	1365.97	72.1867	1365.97	71.4908	1365.97	71.6	1365.97	70.6338	1365.97	68.3221	1365.97	70.2016	1365.97	60.8111	1365.97	68.9284	1365.97	66.3847	1365.97	64.4946	1365.97	71.5192	1365.97	63.5035	1365.97	73.4832	1365.97	70.3338	1365.97	73.2037
1414.31	84.1179	1414.31	83.9533	1414.31	83.7319	1414.31	83.1657	1414.31	83.0497	1414.31	81.9583	1414.31	82.2017	1414.31	80.7095	1414.31	80.9765	1414.31	79.6637	1414.31	79.1045	1414.31	78.6872	1414.31	76.9522	1414.31	77.4897	1414.31	75.7107	1414.31	75.9789	1414.31	75.431	1414.31	74.3671	1414.31	74.8556	1414.31	73.1523	1414.31	73.0329	1414.31	72.5976	1414.31	69.0656	1414.31	71.6957	1414.31	63.9419	1414.31	68.7133	1414.31	66.2748	1414.31	61.1672	1414.31	66.7583	1414.31	62.4695	1414.31	62.8932	1414.31	68.6453	1414.31	63.1522	1414.31	71.1159	1414.31	68.8396	1414.31	71.2835
1464.11	84.8273	1464.11	84.5776	1464.11	84.4577	1464.11	83.8261	1464.11	83.5581	1464.11	82.6951	1464.11	82.4158	1464.11	81.2835	1464.11	81.0562	1464.11	79.7824	1464.11	78.9972	1464.11	78.3204	1464.11	76.0042	1464.11	76.5954	1464.11	73.7768	1464.11	74.1933	1464.11	74.7783	1464.11	72.1536	1464.11	76.5853	1464.11	72.9303	1464.11	76.7971	1464.11	74.0178	1464.11	74.7537	1464.11	72.9854	1464.11	70.524	1464.11	69.2794	1464.11	66.2688	1464.11	62.2461	1464.11	65.7159	1464.11	63.3002	1464.11	65.1953	1464.11	70.1018	1464.11	66.5494	1464.11	73.3117	1464.11	71.1817	1464.11	73.6543
1515.38	84.9709	1515.38	84.8292	1515.38	84.3579	1515.38	83.9803	1515.38	83.4226	1515.38	82.8053	1515.38	82.542	1515.38	81.4486	1515.38	81.4747	1515.38	79.8226	1515.38	79.7582	1515.38	78.1153	1515.38	77.4394	1515.38	76.7444	1515.38	75.0351	1515.38	75.6476	1515.38	73.7489	1515.38	73.8933	1515.38	75.6212	1515.38	71.2465	1515.38	77.477	1515.38	71.1649	1515.38	77.1834	1515.38	72.4648	1515.38	74.6145	1515.38	71.5728	1515.38	70.4056	1515.38	66.2293	1515.38	67.6706	1515.38	59.2343	1515.38	64.0583	1515.38	71.4382	1515.38	64.5306	1515.38	74.8069	1515.38	71.9809	1515.38	74.8577
1568.85	84.597	1568.85	84.5805	1568.85	84.4709	1568.85	84.3027	1568.85	83.9174	1568.85	83.3578	1568.85	82.7052	1568.85	81.6003	1568.85	81.1717	1568.85	79.4346	1568.85	80.0496	1568.85	77.694	1568.85	79.1705	1568.85	76.8605	1568.85	77.4493	1568.85	76.2411	1568.85	74.5441	1568.85	74.6764	1568.85	74.2255	1568.85	72.072	1568.85	76.0526	1568.85	70.9822	1568.85	76.3646	1568.85	71.1625	1568.85	74.7453	1568.85	69.5429	1568.85	71.3792	1568.85	63.9947	1568.85	66.5592	1568.85	59.9447	1568.85	57.2878	1568.85	70.0831	1568.85	64.1546	1568.85	74.0606	1568.85	71.7495	1568.85	74.5789
1624.51	84.2909	1624.51	83.936	1624.51	84.2748	1624.51	83.3916	1624.51	83.7484	1624.51	82.6919	1624.51	82.7434	1624.51	81.717	1624.51	81.2193	1624.51	80.2451	1624.51	79.2802	1624.51	78.3097	1624.51	77.7513	1624.51	76.6529	1624.51	77.1252	1624.51	75.9215	1624.51	75.9392	1624.51	74.5904	1624.51	72.3057	1624.51	71.0113	1624.51	69.402	1624.51	69.3936	1624.51	73.0017	1624.51	71.9679	1624.51	73.5826	1624.51	71.8582	1624.51	70.4646	1624.51	67.4414	1624.51	65.0542	1624.51	59.7704	1624.51	59.1352	1624.51	69.1146	1624.51	61.4903	1624.51	73.4686	1624.51	70.7551	1624.51	74.0599
1681.64	83.639	1681.64	83.6709	1681.64	83.3728	1681.64	83.17	1681.64	82.9797	1681.64	82.3439	1681.64	81.9937	1681.64	81.612	1681.64	80.328	1681.64	80.8579	1681.64	78.9553	1681.64	79.5425	1681.64	78.5206	1681.64	77.3556	1681.64	78.179	1681.64	74.9621	1681.64	77.1991	1681.64	74.1433	1681.64	75.4674	1681.64	74.1121	1681.64	73.2709	1681.64	72.8115	1681.64	71.9653	1681.64	71.7208	1681.64	71.6002	1681.64	71.6264	1681.64	70.8455	1681.64	68.7896	1681.64	69.2137	1681.64	61.8616	1681.64	63.1903	1681.64	69.6828	1681.64	61.4079	1681.64	73.3732	1681.64	71.5763	1681.64	74.1018
1740.97	83.9946	1740.97	84.0165	1740.97	83.2569	1740.97	83.41	1740.97	82.2033	1740.97	82.5598	1740.97	81.3141	1740.97	81.7283	1740.97	80.6443	1740.97	80.8603	1740.97	79.8317	1740.97	79.6899	1740.97	78.459	1740.97	77.9456	1740.97	77.1958	1740.97	75.7441	1740.97	76.1266	1740.97	73.789	1740.97	73.5258	1740.97	72.1482	1740.97	68.9605	1740.97	71.1915	1740.97	67.1171	1740.97	72.0669	1740.97	68.6315	1740.97	72.5329	1740.97	68.9643	1740.97	70.0699	1740.97	68.2832	1740.97	63.2825	1740.97	65.4324	1740.97	70.5973	1740.97	38.9796	1740.97	74.5859	1740.97	69.2281	1740.97	74.2534
1802.49	84.6257	1802.49	84.6223	1802.49	83.9967	1802.49	84.1037	1802.49	83.0925	1802.49	83.0647	1802.49	82.3486	1802.49	81.8759	1802.49	81.979	1802.49	81.1772	1802.49	81.4221	1802.49	80.8279	1802.49	79.6963	1802.49	79.7907	1802.49	76.8113	1802.49	77.3515	1802.49	75.3	1802.49	74.6743	1802.49	75.007	1802.49	73.2774	1802.49	73.631	1802.49	71.6719	1802.49	71.1174	1802.49	71.5186	1802.49	68.2808	1802.49	72.8286	1802.49	65.6503	1802.49	70.9129	1802.49	65.2582	1802.49	52.0668	1802.49	65.3018	1802.49	70.5643	1802.49	52.1796	1802.49	74.8264	1802.49	68.7362	1802.49	74.2755
1866.21	84.6626	1866.21	85.0301	1866.21	84.3147	1866.21	84.5693	1866.21	84.1206	1866.21	83.2039	1866.21	83.2822	1866.21	81.5903	1866.21	82.0674	1866.21	80.6294	1866.21	81.2557	1866.21	80.2702	1866.21	79.9332	1866.21	79.5944	1866.21	76.6916	1866.21	77.874	1866.21	72.9951	1866.21	74.4212	1866.21	73.4393	1866.21	69.662	1866.21	75.0974	1866.21	69.6006	1866.21	75.1885	1866.21	72.7981	1866.21	73.5488	1866.21	73.565	1866.21	70.9293	1866.21	70.2339	1866.21	66.1439	1866.21	65.5567	1866.21	61.6846	1866.21	70.394	1866.21	59.4726	1866.21	74.0175	1866.21	67.8944	1866.21	73.7267
1932.13	83.9248	1932.13	84.6365	1932.13	84.1818	1932.13	85.0736	1932.13	84.4771	1932.13	84.417	1932.13	83.4055	1932.13	82.7828	1932.13	81.3614	1932.13	81.0052	1932.13	79.6484	1932.13	80.1531	1932.13	78.4487	1932.13	79.6383	1932.13	75.8407	1932.13	78.0536	1932.13	71.9266	1932.13	75.0366	1932.13	71.789	1932.13	72.2704	1932.13	75.9397	1932.13	70.2762	1932.13	77.8633	1932.13	71.7366	1932.13	76.7053	1932.13	74.1867	1932.13	73.5014	1932.13	71.7293	1932.13	69.2333	1932.13	58.4981	1932.13	62.8787	1932.13	69.5952	1932.13	49.0127	1932.13	72.7928	1932.13	67.3753	1932.13	72.1877
2000.24	83.7493	2000.24	84.276	2000.24	83.4917	2000.24	84.7119	2000.24	83.2998	2000.24	84.2565	2000.24	83.0668	2000.24	82.8584	2000.24	82.3521	2000.24	81.2718	2000.24	80.6313	2000.24	80.257	2000.24	78.6713	2000.24	79.7755	2000.24	77.7813	2000.24	78.9844	2000.24	76.4066	2000.24	77.0849	2000.24	73.5563	2000.24	74.0403	2000.24	74.9345	2000.24	70.7539	2000.24	76.2651	2000.24	69.4325	2000.24	74.7042	2000.24	71.5964	2000.24	71.8162	2000.24	70.8676	2000.24	69.4823	2000.24	58.7485	2000.24	65.6404	2000.24	69.223	2000.24	43.1091	2000.24	72.7264	2000.24	65.9152	2000.24	71.4408
2070.56	83.8997	2070.56	83.6625	2070.56	83.6625	2070.56	83.4023	2070.56	83.4023	2070.56	83.1431	2070.56	83.1431	2070.56	82.5669	2070.56	82.5669	2070.56	81.3339	2070.56	81.3339	2070.56	79.7485	2070.56	79.7485	2070.56	77.9263	2070.56	77.9263	2070.56	76.6572	2070.56	76.6572	2070.56	75.113	2070.56	75.113	2070.56	71.7538	2070.56	71.7538	2070.56	71.6262	2070.56	71.6262	2070.56	71.0269	2070.56	71.0269	2070.56	68.7155	2070.56	68.7155	2070.56	69.618	2070.56	69.618	2070.56	65.4084	2070.56	65.4084	2070.56	60.5115	2070.56	60.5115	2070.56	68.4211	2070.56	68.4211	2070.56	69.5414
2143.8	84.199	2143.8	83.7192	2143.8	83.7192	2143.8	83.2495	2143.8	83.2495	2143.8	83.2249	2143.8	83.2249	2143.8	82.3753	2143.8	82.3753	2143.8	80.533	2143.8	80.533	2143.8	78.815	2143.8	78.815	2143.8	77.9949	2143.8	77.9949	2143.8	77.292	2143.8	77.292	2143.8	75.4419	2143.8	75.4419	2143.8	72.3044	2143.8	72.3044	2143.8	68.5824	2143.8	68.5824	2143.8	69.4166	2143.8	69.4166	2143.8	69.7404	2143.8	69.7404	2143.8	67.0299	2143.8	67.0299	2143.8	64.2686	2143.8	64.2686	2143.8	59.6542	2143.8	59.6542	2143.8	69.1718	2143.8	69.1718	2143.8	69.5512
2219.24	83.5246	2219.24	83.2931	2219.24	83.2931	2219.24	83.0896	2219.24	83.0896	2219.24	82.8355	2219.24	82.8355	2219.24	81.8273	2219.24	81.8273	2219.24	80.4564	2219.24	80.4564	2219.24	78.9081	2219.24	78.9081	2219.24	77.3913	2219.24	77.3913	2219.24	76.231	2219.24	76.231	2219.24	72.9487	2219.24	72.9487	2219.24	67.8382	2219.24	67.8382	2219.24	68.4191	2219.24	68.4191	2219.24	68.6651	2219.24	68.6651	2219.24	68.6266	2219.24	68.6266	2219.24	65.0552	2219.24	65.0552	2219.24	61.9299	2219.24	61.9299	2219.24	51.3448	2219.24	51.3448	2219.24	66.8092	2219.24	66.8092	2219.24	68.4348
2297.61	83.9999	2297.61	83.9009	2297.61	83.9009	2297.61	83.4072	2297.61	83.4072	2297.61	82.6798	2297.61	82.6798	2297.61	82.0093	2297.61	82.0093	2297.61	80.762	2297.61	80.762	2297.61	78.5962	2297.61	78.5962	2297.61	76.8974	2297.61	76.8974	2297.61	76.6752	2297.61	76.6752	2297.61	76.1744	2297.61	76.1744	2297.61	72.1338	2297.61	72.1338	2297.61	63.7852	2297.61	63.7852	2297.61	67.0125	2297.61	67.0125	2297.61	69.3319	2297.61	69.3319	2297.61	66.6514	2297.61	66.6514	2297.61	62.6675	2297.61	62.6675	2297.61	46.2192	2297.61	46.2192	2297.61	65.3318	2297.61	65.3318	2297.61	67.4117
2378.17	83.9306	2378.17	84.1618	2378.17	84.1618	2378.17	83.4247	2378.17	83.4247	2378.17	82.1678	2378.17	82.1678	2378.17	81.8868	2378.17	81.8868	2378.17	81.0186	2378.17	81.0186	2378.17	79.4968	2378.17	79.4968	2378.17	78.0203	2378.17	78.0203	2378.17	76.9876	2378.17	76.9876	2378.17	73.8937	2378.17	73.8937	2378.17	70.1477	2378.17	70.1477	2378.17	68.6129	2378.17	68.6129	2378.17	62.5647	2378.17	62.5647	2378.17	69.1171	2378.17	69.1171	2378.17	68.3852	2378.17	68.3852	2378.17	58.3786	2378.17	58.3786	2378.17	46.966	2378.17	46.966	2378.17	63.6918	2378.17	63.6918	2378.17	66.6649
2462.4	83.7648	2462.4	83.5786	2462.4	83.5786	2462.4	82.86	2462.4	82.86	2462.4	82.2023	2462.4	82.2023	2462.4	81.9539	2462.4	81.9539	2462.4	81.3895	2462.4	81.3895	2462.4	79.9983	2462.4	79.9983	2462.4	76.9942	2462.4	76.9942	2462.4	74.4308	2462.4	74.4308	2462.4	74.3811	2462.4	74.3811	2462.4	69.6883	2462.4	69.6883	2462.4	62.4598	2462.4	62.4598	2462.4	64.7754	2462.4	64.7754	2462.4	65.5303	2462.4	65.5303	2462.4	68.7101	2462.4	68.7101	2462.4	60.9551	2462.4	60.9551	2462.4	45.1095	2462.4	45.1095	2462.4	61.0678	2462.4	61.0678	2462.4	64.8461
2548.83	84.3571	2548.83	83.4428	2548.83	83.4428	2548.83	82.6718	2548.83	82.6718	2548.83	82.7242	2548.83	82.7242	2548.83	81.9878	2548.83	81.9878	2548.83	80.9113	2548.83	80.9113	2548.83	79.3316	2548.83	79.3316	2548.83	76.8284	2548.83	76.8284	2548.83	73.9718	2548.83	73.9718	2548.83	71.9565	2548.83	71.9565	2548.83	69.6146	2548.83	69.6146	2548.83	66.2745	2548.83	66.2745	2548.83	64.169	2548.83	64.169	2548.83	65.8246	2548.83	65.8246	2548.83	67.6684	2548.83	67.6684	2548.83	61.7688	2548.83	61.7688	2548.83	39.9996	2548.83	39.9996	2548.83	58.5313	2548.83	58.5313	2548.83	63.8882
2638.92	84.3114	2638.92	84.1853	2638.92	84.1853	2638.92	83.5247	2638.92	83.5247	2638.92	82.273	2638.92	82.273	2638.92	81.6659	2638.92	81.6659	2638.92	80.5982	2638.92	80.5982	2638.92	78.4066	2638.92	78.4066	2638.92	76.0448	2638.92	76.0448	2638.92	73.9251	2638.92	73.9251	2638.92	72.6195	2638.92	72.6195	2638.92	69.3091	2638.92	69.3091	2638.92	66.2979	2638.92	66.2979	2638.92	65.5849	2638.92	65.5849	2638.92	61.9797	2638.92	61.9797	2638.92	66.5173	2638.92	66.5173	2638.92	63.9561	2638.92	63.9561	2638.92	51.5945	2638.92	51.5945	2638.92	61.9407	2638.92	61.9407	2638.92	65.1444
2731.93	83.9246	2731.93	84.5852	2731.93	84.5852	2731.93	84.7064	2731.93	84.7064	2731.93	83.0853	2731.93	83.0853	2731.93	81.2892	2731.93	81.2892	2731.93	80.352	2731.93	80.352	2731.93	78.8092	2731.93	78.8092	2731.93	76.2908	2731.93	76.2908	2731.93	72.0058	2731.93	72.0058	2731.93	67.562	2731.93	67.562	2731.93	69.9689	2731.93	69.9689	2731.93	69.5376	2731.93	69.5376	2731.93	67.0008	2731.93	67.0008	2731.93	64.6491	2731.93	64.6491	2731.93	67.2435	2731.93	67.2435	2731.93	65.3244	2731.93	65.3244	2731.93	45.0523	2731.93	45.0523	2731.93	61.9234	2731.93	61.9234	2731.93	65.5439
2828.61	84.6985	2828.61	84.3948	2828.61	84.3948	2828.61	84.1284	2828.61	84.1284	2828.61	83.4038	2828.61	83.4038	2828.61	81.5792	2828.61	81.5792	2828.61	80.0266	2828.61	80.0266	2828.61	78.8105	2828.61	78.8105	2828.61	76.5188	2828.61	76.5188	2828.61	73.0907	2828.61	73.0907	2828.61	72.3835	2828.61	72.3835	2828.61	73.4997	2828.61	73.4997	2828.61	70.533	2828.61	70.533	2828.61	66.0272	2828.61	66.0272	2828.61	63.8851	2828.61	63.8851	2828.61	65.4434	2828.61	65.4434	2828.61	62.7656	2828.61	62.7656	2828.61	44.395	2828.61	44.395	2828.61	62.1961	2828.61	62.1961	2828.61	65.0588
2928.22	84.57	2928.22	84.5199	2928.22	84.5199	2928.22	84.044	2928.22	84.044	2928.22	83.2075	2928.22	83.2075	2928.22	81.844	2928.22	81.844	2928.22	79.6745	2928.22	79.6745	2928.22	78.0035	2928.22	78.0035	2928.22	76.5595	2928.22	76.5595	2928.22	74.0497	2928.22	74.0497	2928.22	70.8774	2928.22	70.8774	2928.22	70.2609	2928.22	70.2609	2928.22	71.211	2928.22	71.211	2928.22	67.1909	2928.22	67.1909	2928.22	62.8011	2928.22	62.8011	2928.22	64.8453	2928.22	64.8453	2928.22	61.4006	2928.22	61.4006	2928.22	47.2784	2928.22	47.2784	2928.22	59.9642	2928.22	59.9642	2928.22	63.517
3031.49	84.762	3031.49	84.8895	3031.49	84.8895	3031.49	84.5396	3031.49	84.5396	3031.49	83.3082	3031.49	83.3082	3031.49	81.7412	3031.49	81.7412	3031.49	79.3248	3031.49	79.3248	3031.49	75.7631	3031.49	75.7631	3031.49	74.1014	3031.49	74.1014	3031.49	74.6876	3031.49	74.6876	3031.49	74.0014	3031.49	74.0014	3031.49	70.2053	3031.49	70.2053	3031.49	68.2526	3031.49	68.2526	3031.49	68.7214	3031.49	68.7214	3031.49	64.1351	3031.49	64.1351	3031.49	65.6995	3031.49	65.6995	3031.49	64.3361	3031.49	64.3361	3031.49	52.8461	3031.49	52.8461	3031.49	58.8629	3031.49	58.8629	3031.49	64.5945
3138.43	84.4276	3138.43	84.9196	3138.43	84.9196	3138.43	84.9093	3138.43	84.9093	3138.43	83.5917	3138.43	83.5917	3138.43	81.7429	3138.43	81.7429	3138.43	79.013	3138.43	79.013	3138.43	75.2868	3138.43	75.2868	3138.43	73.5049	3138.43	73.5049	3138.43	74.8465	3138.43	74.8465	3138.43	73.7997	3138.43	73.7997	3138.43	68.4162	3138.43	68.4162	3138.43	65.5173	3138.43	65.5173	3138.43	67.6728	3138.43	67.6728	3138.43	64.3658	3138.43	64.3658	3138.43	61.8404	3138.43	61.8404	3138.43	63.2787	3138.43	63.2787	3138.43	45.99	3138.43	45.99	3138.43	59.7036	3138.43	59.7036	3138.43	63.5493
3249.02	84.5181	3249.02	84.8158	3249.02	84.8158	3249.02	84.6285	3249.02	84.6285	3249.02	83.41	3249.02	83.41	3249.02	81.34	3249.02	81.34	3249.02	78.9991	3249.02	78.9991	3249.02	76.8524	3249.02	76.8524	3249.02	73.6788	3249.02	73.6788	3249.02	73.445	3249.02	73.445	3249.02	74.0063	3249.02	74.0063	3249.02	70.4786	3249.02	70.4786	3249.02	62.8717	3249.02	62.8717	3249.02	63.4339	3249.02	63.4339	3249.02	62.7731	3249.02	62.7731	3249.02	62.9397	3249.02	62.9397	3249.02	63.4907	3249.02	63.4907	3249.02	43.3059	3249.02	43.3059	3249.02	60.1722	3249.02	60.1722	3249.02	61.1442
3363.28	84.7733	3363.28	84.9817	3363.28	84.9817	3363.28	84.704	3363.28	84.704	3363.28	83.2246	3363.28	83.2246	3363.28	80.6701	3363.28	80.6701	3363.28	78.9692	3363.28	78.9692	3363.28	77.6307	3363.28	77.6307	3363.28	74.7767	3363.28	74.7767	3363.28	73.143	3363.28	73.143	3363.28	73.3448	3363.28	73.3448	3363.28	68.0025	3363.28	68.0025	3363.28	58.0246	3363.28	58.0246	3363.28	63.2468	3363.28	63.2468	3363.28	66.2334	3363.28	66.2334	3363.28	63.87	3363.28	63.87	3363.28	63.5725	3363.28	63.5725	3363.28	47.1693	3363.28	47.1693	3363.28	59.2181	3363.28	59.2181	3363.28	58.4375
3481.93	85.1594	3481.93	84.8503	3481.93	84.8503	3481.93	84.4784	3481.93	84.4784	3481.93	83.0994	3481.93	83.0994	3481.93	80.5381	3481.93	80.5381	3481.93	78.6222	3481.93	78.6222	3481.93	76.9326	3481.93	76.9326	3481.93	75.5079	3481.93	75.5079	3481.93	72.735	3481.93	72.735	3481.93	67.3635	3481.93	67.3635	3481.93	56.8394	3481.93	56.8394	3481.93	61.554	3481.93	61.554	3481.93	62.6023	3481.93	62.6023	3481.93	64.7613	3481.93	64.7613	3481.93	61.1304	3481.93	61.1304	3481.93	61.2783	3481.93	61.2783	3481.93	52.2478	3481.93	52.2478	3481.93	56.8423	3481.93	56.8423	3481.93	60.2873
3604.98	85.3854	3604.98	85.1559	3604.98	85.1559	3604.98	84.6044	3604.98	84.6044	3604.98	82.73	3604.98	82.73	3604.98	80.6942	3604.98	80.6942	3604.98	78.2425	3604.98	78.2425	3604.98	74.984	3604.98	74.984	3604.98	74.0024	3604.98	74.0024	3604.98	70.4595	3604.98	70.4595	3604.98	64.6751	3604.98	64.6751	3604.98	65.7841	3604.98	65.7841	3604.98	62.3315	3604.98	62.3315	3604.98	63.9067	3604.98	63.9067	3604.98	64.341	3604.98	64.341	3604.98	58.2544	3604.98	58.2544	3604.98	57.457	3604.98	57.457	3604.98	29.0309	3604.98	29.0309	3604.98	54.304	3604.98	54.304	3604.98	62.5367
3732.42	85.4794	3732.42	84.4894	3732.42	84.4894	3732.42	83.9937	3732.42	83.9937	3732.42	83.0619	3732.42	83.0619	3732.42	80.5546	3732.42	80.5546	3732.42	78.0971	3732.42	78.0971	3732.42	76.5307	3732.42	76.5307	3732.42	72.7474	3732.42	72.7474	3732.42	66.4848	3732.42	66.4848	3732.42	65.5173	3732.42	65.5173	3732.42	70.6278	3732.42	70.6278	3732.42	66.0407	3732.42	66.0407	3732.42	61.5752	3732.42	61.5752	3732.42	60.9726	3732.42	60.9726	3732.42	60.7498	3732.42	60.7498	3732.42	59.2285	3732.42	59.2285	3732.42	54.2422	3732.42	54.2422	3732.42	56.949	3732.42	56.949	3732.42	63.4026
3863.53	85.5402	3863.53	84.9739	3863.53	84.9739	3863.53	83.9078	3863.53	83.9078	3863.53	82.9232	3863.53	82.9232	3863.53	80.9561	3863.53	80.9561	3863.53	78.8065	3863.53	78.8065	3863.53	76.1133	3863.53	76.1133	3863.53	71.6714	3863.53	71.6714	3863.53	69.534	3863.53	69.534	3863.53	68.9735	3863.53	68.9735	3863.53	71.119	3863.53	71.119	3863.53	67.8848	3863.53	67.8848	3863.53	60.2555	3863.53	60.2555	3863.53	62.5946	3863.53	62.5946	3863.53	62.4899	3863.53	62.4899	3863.53	60.7492	3863.53	60.7492	3863.53	50.4766	3863.53	50.4766	3863.53	58.6378	3863.53	58.6378	3863.53	61.3195
3999.76	86.0356	3999.76	84.9682	3999.76	84.9682	3999.76	83.9333	3999.76	83.9333	3999.76	82.989	3999.76	82.989	3999.76	81.0385	3999.76	81.0385	3999.76	79.2776	3999.76	79.2776	3999.76	76.4931	3999.76	76.4931	3999.76	73.5805	3999.76	73.5805	3999.76	70.3085	3999.76	70.3085	3999.76	69.1925	3999.76	69.1925	3999.76	68.6611	3999.76	68.6611	3999.76	62.4706	3999.76	62.4706	3999.76	57.6623	3999.76	57.6623	3999.76	64.0308	3999.76	64.0308	3999.76	62.8642	3999.76	62.8642	3999.76	58.02	3999.76	58.02	3999.76	57.5865	3999.76	57.5865	3999.76	58.2833	3999.76	58.2833	3999.76	61.8228
4141.11	85.677	4141.11	85.216	4141.11	85.216	4141.11	84.1136	4141.11	84.1136	4141.11	82.9385	4141.11	82.9385	4141.11	81.5462	4141.11	81.5462	4141.11	79.4783	4141.11	79.4783	4141.11	76.6091	4141.11	76.6091	4141.11	74.3952	4141.11	74.3952	4141.11	71.1707	4141.11	71.1707	4141.11	70.756	4141.11	70.756	4141.11	67.1893	4141.11	67.1893	4141.11	50.1822	4141.11	50.1822	4141.11	62.6876	4141.11	62.6876	4141.11	67.8332	4141.11	67.8332	4141.11	64.2998	4141.11	64.2998	4141.11	59.0131	4141.11	59.0131	4141.11	57.6432	4141.11	57.6432	4141.11	60.213	4141.11	60.213	4141.11	62.8607
4286.87	85.9858	4286.87	84.6778	4286.87	84.6778	4286.87	83.9125	4286.87	83.9125	4286.87	83.6868	4286.87	83.6868	4286.87	81.7572	4286.87	81.7572	4286.87	79.2454	4286.87	79.2454	4286.87	76.9746	4286.87	76.9746	4286.87	73.2639	4286.87	73.2639	4286.87	73.5533	4286.87	73.5533	4286.87	69.5107	4286.87	69.5107	4286.87	64.0814	4286.87	64.0814	4286.87	61.2887	4286.87	61.2887	4286.87	55.3326	4286.87	55.3326	4286.87	65.2502	4286.87	65.2502	4286.87	64.0371	4286.87	64.0371	4286.87	60.6367	4286.87	60.6367	4286.87	60.8937	4286.87	60.8937	4286.87	60.0714	4286.87	60.0714	4286.87	66.5419
4438.48	85.8424	4438.48	85.2392	4438.48	85.2392	4438.48	83.8036	4438.48	83.8036	4438.48	83.7212	4438.48	83.7212	4438.48	82.4475	4438.48	82.4475	4438.48	79.6211	4438.48	79.6211	4438.48	76.0391	4438.48	76.0391	4438.48	74.8876	4438.48	74.8876	4438.48	72.9467	4438.48	72.9467	4438.48	67.4692	4438.48	67.4692	4438.48	55.3887	4438.48	55.3887	4438.48	66.2616	4438.48	66.2616	4438.48	47.2784	4438.48	47.2784	4438.48	65.1926	4438.48	65.1926	4438.48	63.3038	4438.48	63.3038	4438.48	65.0829	4438.48	65.0829	4438.48	61.4212	4438.48	61.4212	4438.48	58.912	4438.48	58.912	4438.48	63.7554
4594.48	86.1219	4594.48	85.1318	4594.48	85.1318	4594.48	84.1981	4594.48	84.1981	4594.48	83.3651	4594.48	83.3651	4594.48	82.5925	4594.48	82.5925	4594.48	79.7854	4594.48	79.7854	4594.48	76.4632	4594.48	76.4632	4594.48	74.9268	4594.48	74.9268	4594.48	69.944	4594.48	69.944	4594.48	63.8515	4594.48	63.8515	4594.48	69.2494	4594.48	69.2494	4594.48	68.226	4594.48	68.226	4594.48	54.7817	4594.48	54.7817	4594.48	60.1293	4594.48	60.1293	4594.48	62.1428	4594.48	62.1428	4594.48	62.7913	4594.48	62.7913	4594.48	57.3071	4594.48	57.3071	4594.48	59.0356	4594.48	59.0356	4594.48	61.5696
4757.08	85.439	4757.08	84.8724	4757.08	84.8724	4757.08	84.1653	4757.08	84.1653	4757.08	83.2231	4757.08	83.2231	4757.08	82.1549	4757.08	82.1549	4757.08	80.474	4757.08	80.474	4757.08	77.4654	4757.08	77.4654	4757.08	74.9681	4757.08	74.9681	4757.08	71.9659	4757.08	71.9659	4757.08	67.1697	4757.08	67.1697	4757.08	69.3005	4757.08	69.3005	4757.08	64.3529	4757.08	64.3529	4757.08	62.3484	4757.08	62.3484	4757.08	54.174	4757.08	54.174	4757.08	65.3944	4757.08	65.3944	4757.08	61.3838	4757.08	61.3838	4757.08	53.1603	4757.08	53.1603	4757.08	56.3986	4757.08	56.3986	4757.08	61.5706
4924.8	85.6192	4924.8	85.455	4924.8	85.455	4924.8	84.7731	4924.8	84.7731	4924.8	83.2155	4924.8	83.2155	4924.8	81.9269	4924.8	81.9269	4924.8	80.7846	4924.8	80.7846	4924.8	78.4032	4924.8	78.4032	4924.8	73.2746	4924.8	73.2746	4924.8	69.1229	4924.8	69.1229	4924.8	69.4328	4924.8	69.4328	4924.8	68.6185	4924.8	68.6185	4924.8	60.7883	4924.8	60.7883	4924.8	62.6533	4924.8	62.6533	4924.8	53.2794	4924.8	53.2794	4924.8	60.9334	4924.8	60.9334	4924.8	58.0461	4924.8	58.0461	4924.8	59.5928	4924.8	59.5928	4924.8	50.0037	4924.8	50.0037	4924.8	63.7576
5098.39	85.8677	5098.39	85.0867	5098.39	85.0867	5098.39	85.0066	5098.39	85.0066	5098.39	83.6107	5098.39	83.6107	5098.39	81.6485	5098.39	81.6485	5098.39	81.4465	5098.39	81.4465	5098.39	79.6822	5098.39	79.6822	5098.39	74.6737	5098.39	74.6737	5098.39	71.2034	5098.39	71.2034	5098.39	68.5078	5098.39	68.5078	5098.39	69.2171	5098.39	69.2171	5098.39	28.8988	5098.39	28.8988	5098.39	59.6868	5098.39	59.6868	5098.39	60.6972	5098.39	60.6972	5098.39	56.3058	5098.39	56.3058	5098.39	51.7636	5098.39	51.7636	5098.39	57.9302	5098.39	57.9302	5098.39	55.6827	5098.39	55.6827	5098.39	63.4991
5277.83	85.7894	5277.83	85.7617	5277.83	85.7617	5277.83	85.1192	5277.83	85.1192	5277.83	83.7334	5277.83	83.7334	5277.83	81.5344	5277.83	81.5344	5277.83	80.6905	5277.83	80.6905	5277.83	80.3101	5277.83	80.3101	5277.83	76.3553	5277.83	76.3553	5277.83	70.5244	5277.83	70.5244	5277.83	70.3947	5277.83	70.3947	5277.83	63.769	5277.83	63.769	5277.83	59.5893	5277.83	59.5893	5277.83	46.1939	5277.83	46.1939	5277.83	60.9384	5277.83	60.9384	5277.83	55.0472	5277.83	55.0472	5277.83	57.7119	5277.83	57.7119	5277.83	61.5252	5277.83	61.5252	5277.83	52.3238	5277.83	52.3238	5277.83	58.6478
5463.87	86	5463.87	86.2156	5463.87	86.2156	5463.87	85.2017	5463.87	85.2017	5463.87	83.3819	5463.87	83.3819	5463.87	81.8063	5463.87	81.8063	5463.87	80.3746	5463.87	80.3746	5463.87	79.3658	5463.87	79.3658	5463.87	76.9691	5463.87	76.9691	5463.87	74.61	5463.87	74.61	5463.87	69.3595	5463.87	69.3595	5463.87	63.4592	5463.87	63.4592	5463.87	65.2655	5463.87	65.2655	5463.87	51.8501	5463.87	51.8501	5463.87	61.8592	5463.87	61.8592	5463.87	51.2298	5463.87	51.2298	5463.87	57.7831	5463.87	57.7831	5463.87	59.8573	5463.87	59.8573	5463.87	53.785	5463.87	53.785	5463.87	60.8573
5656.49	86.5751	5656.49	86.5303	5656.49	86.5303	5656.49	85.3323	5656.49	85.3323	5656.49	83.7082	5656.49	83.7082	5656.49	82.4205	5656.49	82.4205	5656.49	80.9277	5656.49	80.9277	5656.49	77.3597	5656.49	77.3597	5656.49	75.4729	5656.49	75.4729	5656.49	73.2926	5656.49	73.2926	5656.49	72.151	5656.49	72.151	5656.49	66.7193	5656.49	66.7193	5656.49	58.3172	5656.49	58.3172	5656.49	52.1907	5656.49	52.1907	5656.49	62.4291	5656.49	62.4291	5656.49	55.8546	5656.49	55.8546	5656.49	50.5517	5656.49	50.5517	5656.49	59.5694	5656.49	59.5694	5656.49	56.1712	5656.49	56.1712	5656.49	59.7031
5856.45	86.5437	5856.45	87.2427	5856.45	87.2427	5856.45	86.0061	5856.45	86.0061	5856.45	83.637	5856.45	83.637	5856.45	83.026	5856.45	83.026	5856.45	81.1528	5856.45	81.1528	5856.45	76.3314	5856.45	76.3314	5856.45	75.0528	5856.45	75.0528	5856.45	71.0678	5856.45	71.0678	5856.45	70.9007	5856.45	70.9007	5856.45	66.4992	5856.45	66.4992	5856.45	61.4073	5856.45	61.4073	5856.45	56.3177	5856.45	56.3177	5856.45	56.6612	5856.45	56.6612	5856.45	59.4292	5856.45	59.4292	5856.45	63.0813	5856.45	63.0813	5856.45	63.1765	5856.45	63.1765	5856.45	52.5836	5856.45	52.5836	5856.45	62.414
6062.99	87.3183	6062.99	87.7224	6062.99	87.7224	6062.99	86.0607	6062.99	86.0607	6062.99	83.6736	6062.99	83.6736	6062.99	82.8459	6062.99	82.8459	6062.99	81.1447	6062.99	81.1447	6062.99	78.1175	6062.99	78.1175	6062.99	76.4629	6062.99	76.4629	6062.99	73.3056	6062.99	73.3056	6062.99	71.2762	6062.99	71.2762	6062.99	64.9801	6062.99	64.9801	6062.99	61.2768	6062.99	61.2768	6062.99	55.4392	6062.99	55.4392	6062.99	59.5499	6062.99	59.5499	6062.99	54.766	6062.99	54.766	6062.99	61.1131	6062.99	61.1131	6062.99	61.5013	6062.99	61.5013	6062.99	50.1015	6062.99	50.1015	6062.99	63.7872
6276.86	87.9481	6276.86	87.7519	6276.86	87.7519	6276.86	86.5373	6276.86	86.5373	6276.86	83.8663	6276.86	83.8663	6276.86	82.652	6276.86	82.652	6276.86	81.4112	6276.86	81.4112	6276.86	79.6119	6276.86	79.6119	6276.86	76.5478	6276.86	76.5478	6276.86	71.7592	6276.86	71.7592	6276.86	67.6115	6276.86	67.6115	6276.86	65.8926	6276.86	65.8926	6276.86	52.9725	6276.86	52.9725	6276.86	51.6404	6276.86	51.6404	6276.86	57.312	6276.86	57.312	6276.86	56.2585	6276.86	56.2585	6276.86	55.8683	6276.86	55.8683	6276.86	53.5066	6276.86	53.5066	6276.86	56.5956	6276.86	56.5956	6276.86	66.1768
6498.05	89.0106	6498.05	87.6982	6498.05	87.6982	6498.05	86.4579	6498.05	86.4579	6498.05	84.6224	6498.05	84.6224	6498.05	82.3038	6498.05	82.3038	6498.05	81.2052	6498.05	81.2052	6498.05	80.5544	6498.05	80.5544	6498.05	77.0891	6498.05	77.0891	6498.05	74.0349	6498.05	74.0349	6498.05	70.5196	6498.05	70.5196	6498.05	65.0813	6498.05	65.0813	6498.05	60.629	6498.05	60.629	6498.05	58.8294	6498.05	58.8294	6498.05	45.2798	6498.05	45.2798	6498.05	56.84	6498.05	56.84	6498.05	57.8168	6498.05	57.8168	6498.05	44.842	6498.05	44.842	6498.05	58.1743	6498.05	58.1743	6498.05	63.9786
6727.29	89.1664	6727.29	87.9518	6727.29	87.9518	6727.29	86.6359	6727.29	86.6359	6727.29	84.787	6727.29	84.787	6727.29	82.2673	6727.29	82.2673	6727.29	81.2088	6727.29	81.2088	6727.29	81.7262	6727.29	81.7262	6727.29	78.0032	6727.29	78.0032	6727.29	70.5749	6727.29	70.5749	6727.29	70.8357	6727.29	70.8357	6727.29	64.8331	6727.29	64.8331	6727.29	66.0322	6727.29	66.0322	6727.29	60.2602	6727.29	60.2602	6727.29	44.7852	6727.29	44.7852	6727.29	46.8475	6727.29	46.8475	6727.29	49.9632	6727.29	49.9632	6727.29	52.0801	6727.29	52.0801	6727.29	57.3399	6727.29	57.3399	6727.29	62.9226
6964.6	89.5245	6964.6	88.1157	6964.6	88.1157	6964.6	86.3975	6964.6	86.3975	6964.6	84.9066	6964.6	84.9066	6964.6	82.6553	6964.6	82.6553	6964.6	80.9618	6964.6	80.9618	6964.6	80.6863	6964.6	80.6863	6964.6	75.2668	6964.6	75.2668	6964.6	70.0061	6964.6	70.0061	6964.6	70.3259	6964.6	70.3259	6964.6	64.7625	6964.6	64.7625	6964.6	66.831	6964.6	66.831	6964.6	58.7928	6964.6	58.7928	6964.6	54.3555	6964.6	54.3555	6964.6	26.1688	6964.6	26.1688	6964.6	54.4053	6964.6	54.4053	6964.6	53.5458	6964.6	53.5458	6964.6	52.2261	6964.6	52.2261	6964.6	60.8464
7209.96	89.0435	7209.96	87.9002	7209.96	87.9002	7209.96	86.7017	7209.96	86.7017	7209.96	85.4261	7209.96	85.4261	7209.96	83.2891	7209.96	83.2891	7209.96	80.9241	7209.96	80.9241	7209.96	79.1379	7209.96	79.1379	7209.96	73.1665	7209.96	73.1665	7209.96	66.054	7209.96	66.054	7209.96	67.8067	7209.96	67.8067	7209.96	64.0606	7209.96	64.0606	7209.96	65.6839	7209.96	65.6839	7209.96	49.5003	7209.96	49.5003	7209.96	47.5813	7209.96	47.5813	7209.96	53.5147	7209.96	53.5147	7209.96	52.8714	7209.96	52.8714	7209.96	50.2857	7209.96	50.2857	7209.96	51.9878	7209.96	51.9878	7209.96	56.9445
7464.11	88.58	7464.11	87.5975	7464.11	87.5975	7464.11	86.5866	7464.11	86.5866	7464.11	85.5417	7464.11	85.5417	7464.11	83.6902	7464.11	83.6902	7464.11	80.7295	7464.11	80.7295	7464.11	78.4993	7464.11	78.4993	7464.11	74.47	7464.11	74.47	7464.11	71.3414	7464.11	71.3414	7464.11	67.3278	7464.11	67.3278	7464.11	62.2544	7464.11	62.2544	7464.11	63.6554	7464.11	63.6554	7464.11	59.3671	7464.11	59.3671	7464.11	55.7069	7464.11	55.7069	7464.11	49.5493	7464.11	49.5493	7464.11	46.8557	7464.11	46.8557	7464.11	54.0495	7464.11	54.0495	7464.11	50.6057	7464.11	50.6057	7464.11	56.8385
7727.78	87.2671	7727.78	86.4506	7727.78	86.4506	7727.78	86.2781	7727.78	86.2781	7727.78	85.4608	7727.78	85.4608	7727.78	83.3897	7727.78	83.3897	7727.78	80.3354	7727.78	80.3354	7727.78	78.1715	7727.78	78.1715	7727.78	74.9873	7727.78	74.9873	7727.78	73.5619	7727.78	73.5619	7727.78	67.1526	7727.78	67.1526	7727.78	59.7416	7727.78	59.7416	7727.78	62.3728	7727.78	62.3728	7727.78	60.3002	7727.78	60.3002	7727.78	54.4758	7727.78	54.4758	7727.78	53.7004	7727.78	53.7004	7727.78	50.7379	7727.78	50.7379	7727.78	40.7604	7727.78	40.7604	7727.78	51.9988	7727.78	51.9988	7727.78	49.693
8000.24	85.7434	8000.24	85.5994	8000.24	85.5994	8000.24	86.2819	8000.24	86.2819	8000.24	85.149	8000.24	85.149	8000.24	83.07	8000.24	83.07	8000.24	79.8254	8000.24	79.8254	8000.24	78.4594	8000.24	78.4594	8000.24	77.2653	8000.24	77.2653	8000.24	74.3995	8000.24	74.3995	8000.24	68.0316	8000.24	68.0316	8000.24	64.314	8000.24	64.314	8000.24	59.0881	8000.24	59.0881	8000.24	57.2274	8000.24	57.2274	8000.24	51.8328	8000.24	51.8328	8000.24	45.5983	8000.24	45.5983	8000.24	34.4366	8000.24	34.4366	8000.24	49.0654	8000.24	49.0654	8000.24	50.616	8000.24	50.616	8000.24	47.3137
8282.23	85.5008	8282.23	85.6612	8282.23	85.6612	8282.23	86.2427	8282.23	86.2427	8282.23	84.5795	8282.23	84.5795	8282.23	82.4603	8282.23	82.4603	8282.23	79.4257	8282.23	79.4257	8282.23	79.0432	8282.23	79.0432	8282.23	75.8283	8282.23	75.8283	8282.23	70.5003	8282.23	70.5003	8282.23	64.9852	8282.23	64.9852	8282.23	62.6102	8282.23	62.6102	8282.23	56.1815	8282.23	56.1815	8282.23	59.3956	8282.23	59.3956	8282.23	55.3262	8282.23	55.3262	8282.23	52.9974	8282.23	52.9974	8282.23	35.2017	8282.23	35.2017	8282.23	51.6919	8282.23	51.6919	8282.23	53.2982	8282.23	53.2982	8282.23	44.9843
8574.46	85.5583	8574.46	85.9819	8574.46	85.9819	8574.46	86.3527	8574.46	86.3527	8574.46	84.4559	8574.46	84.4559	8574.46	81.8474	8574.46	81.8474	8574.46	78.8954	8574.46	78.8954	8574.46	78.7348	8574.46	78.7348	8574.46	74.1753	8574.46	74.1753	8574.46	64.7322	8574.46	64.7322	8574.46	64.2283	8574.46	64.2283	8574.46	51.4501	8574.46	51.4501	8574.46	59.8363	8574.46	59.8363	8574.46	61.3392	8574.46	61.3392	8574.46	52.4822	8574.46	52.4822	8574.46	53.3785	8574.46	53.3785	8574.46	48.7772	8574.46	48.7772	8574.46	57.4196	8574.46	57.4196	8574.46	53.3769	8574.46	53.3769	8574.46	43.1884
8876.22	85.3817	8876.22	86.1632	8876.22	86.1632	8876.22	86.2498	8876.22	86.2498	8876.22	84.4962	8876.22	84.4962	8876.22	81.9779	8876.22	81.9779	8876.22	78.573	8876.22	78.573	8876.22	77.5714	8876.22	77.5714	8876.22	72.926	8876.22	72.926	8876.22	67.9081	8876.22	67.9081	8876.22	60.6983	8876.22	60.6983	8876.22	44.0606	8876.22	44.0606	8876.22	59.8146	8876.22	59.8146	8876.22	59.2057	8876.22	59.2057	8876.22	54.1769	8876.22	54.1769	8876.22	44.7331	8876.22	44.7331	8876.22	48.88	8876.22	48.88	8876.22	49.6991	8876.22	49.6991	8876.22	52.243	8876.22	52.243	8876.22	48.3279
9189.7	84.9241	9189.7	85.815	9189.7	85.815	9189.7	85.6833	9189.7	85.6833	9189.7	84.0721	9189.7	84.0721	9189.7	81.7669	9189.7	81.7669	9189.7	78.6339	9189.7	78.6339	9189.7	76.454	9189.7	76.454	9189.7	71.2042	9189.7	71.2042	9189.7	69.5169	9189.7	69.5169	9189.7	61.735	9189.7	61.735	9189.7	54.5362	9189.7	54.5362	9189.7	61.6477	9189.7	61.6477	9189.7	57.5168	9189.7	57.5168	9189.7	47.3074	9189.7	47.3074	9189.7	50.5746	9189.7	50.5746	9189.7	44.8221	9189.7	44.8221	9189.7	50.6973	9189.7	50.6973	9189.7	42.6032	9189.7	42.6032	9189.7	35.7087
9513.43	84.7324	9513.43	85.3861	9513.43	85.3861	9513.43	85.0497	9513.43	85.0497	9513.43	83.6769	9513.43	83.6769	9513.43	81.1549	9513.43	81.1549	9513.43	78.3516	9513.43	78.3516	9513.43	74.7189	9513.43	74.7189	9513.43	70.9024	9513.43	70.9024	9513.43	67.5384	9513.43	67.5384	9513.43	58.3898	9513.43	58.3898	9513.43	53.9008	9513.43	53.9008	9513.43	59.7948	9513.43	59.7948	9513.43	58.1095	9513.43	58.1095	9513.43	47.398	9513.43	47.398	9513.43	53.0714	9513.43	53.0714	9513.43	41.8605	9513.43	41.8605	9513.43	51.93	9513.43	51.93	9513.43	48.8683	9513.43	48.8683	9513.43	47.9123
9848.88	84.2821	9848.88	85.0086	9848.88	85.0086	9848.88	84.6809	9848.88	84.6809	9848.88	83.6154	9848.88	83.6154	9848.88	81.1116	9848.88	81.1116	9848.88	77.8546	9848.88	77.8546	9848.88	73.0792	9848.88	73.0792	9848.88	71.0937	9848.88	71.0937	9848.88	64.4201	9848.88	64.4201	9848.88	60.7481	9848.88	60.7481	9848.88	59.1463	9848.88	59.1463	9848.88	53.8128	9848.88	53.8128	9848.88	59.1051	9848.88	59.1051	9848.88	50.3324	9848.88	50.3324	9848.88	51.6924	9848.88	51.6924	9848.88	41.6532	9848.88	41.6532	9848.88	53.9433	9848.88	53.9433	9848.88	41.7405	9848.88	41.7405	9848.88	48.4238
10196.8	84.4715	10196.8	84.7122	10196.8	84.7122	10196.8	84.0871	10196.8	84.0871	10196.8	83.1474	10196.8	83.1474	10196.8	80.7135	10196.8	80.7135	10196.8	76.8897	10196.8	76.8897	10196.8	73.0659	10196.8	73.0659	10196.8	69.791	10196.8	69.791	10196.8	64.9477	10196.8	64.9477	10196.8	60.1308	10196.8	60.1308	10196.8	57.0109	10196.8	57.0109	10196.8	52.9251	10196.8	52.9251	10196.8	58.7011	10196.8	58.7011	10196.8	42.9862	10196.8	42.9862	10196.8	52.7754	10196.8	52.7754	10196.8	42.1768	10196.8	42.1768	10196.8	49.2931	10196.8	49.2931	10196.8	46.404	10196.8	46.404	10196.8	38.5828
10556.4	84.6682	10556.4	84.7331	10556.4	84.7331	10556.4	84.0956	10556.4	84.0956	10556.4	82.8541	10556.4	82.8541	10556.4	80.1545	10556.4	80.1545	10556.4	75.9475	10556.4	75.9475	10556.4	73.5223	10556.4	73.5223	10556.4	67.8485	10556.4	67.8485	10556.4	65.1468	10556.4	65.1468	10556.4	58.1669	10556.4	58.1669	10556.4	57.1605	10556.4	57.1605	10556.4	52.3667	10556.4	52.3667	10556.4	59.4506	10556.4	59.4506	10556.4	44.9778	10556.4	44.9778	10556.4	54.1863	10556.4	54.1863	10556.4	43.7926	10556.4	43.7926	10556.4	26.6882	10556.4	26.6882	10556.4	47.5637	10556.4	47.5637	10556.4	43.4055
10928.5	85.2301	10928.5	84.6594	10928.5	84.6594	10928.5	83.9338	10928.5	83.9338	10928.5	82.4626	10928.5	82.4626	10928.5	79.6932	10928.5	79.6932	10928.5	75.407	10928.5	75.407	10928.5	73.1579	10928.5	73.1579	10928.5	67.0441	10928.5	67.0441	10928.5	61.2376	10928.5	61.2376	10928.5	56.9918	10928.5	56.9918	10928.5	57.4766	10928.5	57.4766	10928.5	46.7735	10928.5	46.7735	10928.5	51.9611	10928.5	51.9611	10928.5	49.9695	10928.5	49.9695	10928.5	48.0253	10928.5	48.0253	10928.5	45.1971	10928.5	45.1971	10928.5	44.0116	10928.5	44.0116	10928.5	21.4382	10928.5	21.4382	10928.5	37.048
11313.7	84.0278	11313.7	83.6477	11313.7	83.6477	11313.7	83.3207	11313.7	83.3207	11313.7	81.8292	11313.7	81.8292	11313.7	79.3251	11313.7	79.3251	11313.7	74.6598	11313.7	74.6598	11313.7	72.4196	11313.7	72.4196	11313.7	66.3489	11313.7	66.3489	11313.7	56.1331	11313.7	56.1331	11313.7	58.2827	11313.7	58.2827	11313.7	55.1187	11313.7	55.1187	11313.7	52.9637	11313.7	52.9637	11313.7	41.4498	11313.7	41.4498	11313.7	41.0603	11313.7	41.0603	11313.7	48.6763	11313.7	48.6763	11313.7	29.6456	11313.7	29.6456	11313.7	51.841	11313.7	51.841	11313.7	42.2031	11313.7	42.2031	11313.7	38.4753
11712.9	83.9592	11712.9	83.572	11712.9	83.572	11712.9	83.2861	11712.9	83.2861	11712.9	81.61	11712.9	81.61	11712.9	78.9094	11712.9	78.9094	11712.9	74.0313	11712.9	74.0313	11712.9	71.598	11712.9	71.598	11712.9	65.6949	11712.9	65.6949	11712.9	58.8806	11712.9	58.8806	11712.9	58.8665	11712.9	58.8665	11712.9	55.0839	11712.9	55.0839	11712.9	51.9188	11712.9	51.9188	11712.9	52.875	11712.9	52.875	11712.9	51.1755	11712.9	51.1755	11712.9	40.4195	11712.9	40.4195	11712.9	48.7221	11712.9	48.7221	11712.9	45.0159	11712.9	45.0159	11712.9	42.2794	11712.9	42.2794	11712.9	44.1439
12126	83.816	12126	83.583	12126	83.583	12126	83.277	12126	83.277	12126	81.2884	12126	81.2884	12126	78.6512	12126	78.6512	12126	73.5199	12126	73.5199	12126	71.2818	12126	71.2818	12126	66.5065	12126	66.5065	12126	60.8734	12126	60.8734	12126	57.193	12126	57.193	12126	53.781	12126	53.781	12126	51.4505	12126	51.4505	12126	47.9262	12126	47.9262	12126	52.0119	12126	52.0119	12126	45.166	12126	45.166	12126	44.6191	12126	44.6191	12126	50.2909	12126	50.2909	12126	37.3112	12126	37.3112	12126	41.8018
12553.7	83.7684	12553.7	83.805	12553.7	83.805	12553.7	83.2876	12553.7	83.2876	12553.7	81.2288	12553.7	81.2288	12553.7	77.9501	12553.7	77.9501	12553.7	74.3547	12553.7	74.3547	12553.7	71.6989	12553.7	71.6989	12553.7	69.5006	12553.7	69.5006	12553.7	62.2721	12553.7	62.2721	12553.7	58.0611	12553.7	58.0611	12553.7	57.1775	12553.7	57.1775	12553.7	53.5344	12553.7	53.5344	12553.7	51.9349	12553.7	51.9349	12553.7	47.4651	12553.7	47.4651	12553.7	48.302	12553.7	48.302	12553.7	53.6196	12553.7	53.6196	12553.7	51.1539	12553.7	51.1539	12553.7	47.4972	12553.7	47.4972	12553.7	43.53
12996.1	83.9924	12996.1	84.2777	12996.1	84.2777	12996.1	83.3821	12996.1	83.3821	12996.1	81.33	12996.1	81.33	12996.1	78.448	12996.1	78.448	12996.1	74.88	12996.1	74.88	12996.1	73.542	12996.1	73.542	12996.1	68.9375	12996.1	68.9375	12996.1	62.606	12996.1	62.606	12996.1	54.2907	12996.1	54.2907	12996.1	55.9383	12996.1	55.9383	12996.1	52.4614	12996.1	52.4614	12996.1	52.5604	12996.1	52.5604	12996.1	47.1973	12996.1	47.1973	12996.1	48.5282	12996.1	48.5282	12996.1	54.9161	12996.1	54.9161	12996.1	36.8209	12996.1	36.8209	12996.1	42.3092	12996.1	42.3092	12996.1	45.377
13454.6	84.151	13454.6	84.6039	13454.6	84.6039	13454.6	83.5744	13454.6	83.5744	13454.6	81.7409	13454.6	81.7409	13454.6	78.6209	13454.6	78.6209	13454.6	75.0434	13454.6	75.0434	13454.6	73.8051	13454.6	73.8051	13454.6	67.6302	13454.6	67.6302	13454.6	61.887	13454.6	61.887	13454.6	57.3323	13454.6	57.3323	13454.6	54.4607	13454.6	54.4607	13454.6	50.6576	13454.6	50.6576	13454.6	51.8929	13454.6	51.8929	13454.6	52.2725	13454.6	52.2725	13454.6	30.9287	13454.6	30.9287	13454.6	52.6305	13454.6	52.6305	13454.6	49.9624	13454.6	49.9624	13454.6	44.3548	13454.6	44.3548	13454.6	48.2075
13928.5	84.0794	13928.5	84.6994	13928.5	84.6994	13928.5	83.6621	13928.5	83.6621	13928.5	81.947	13928.5	81.947	13928.5	78.8559	13928.5	78.8559	13928.5	74.717	13928.5	74.717	13928.5	74.4414	13928.5	74.4414	13928.5	65.934	13928.5	65.934	13928.5	59.4562	13928.5	59.4562	13928.5	56.3005	13928.5	56.3005	13928.5	50.744	13928.5	50.744	13928.5	57.0211	13928.5	57.0211	13928.5	38.4528	13928.5	38.4528	13928.5	44.8588	13928.5	44.8588	13928.5	50.0954	13928.5	50.0954	13928.5	50.1609	13928.5	50.1609	13928.5	42.9244	13928.5	42.9244	13928.5	29.8412	13928.5	29.8412	13928.5	50.9798
14419.9	85.244	14419.9	85.1182	14419.9	85.1182	14419.9	83.6387	14419.9	83.6387	14419.9	81.8959	14419.9	81.8959	14419.9	78.0738	14419.9	78.0738	14419.9	75.8503	14419.9	75.8503	14419.9	74.3589	14419.9	74.3589	14419.9	66.0802	14419.9	66.0802	14419.9	58.7254	14419.9	58.7254	14419.9	53.2915	14419.9	53.2915	14419.9	47.983	14419.9	47.983	14419.9	60.3218	14419.9	60.3218	14419.9	56.0902	14419.9	56.0902	14419.9	40.7809	14419.9	40.7809	14419.9	47.998	14419.9	47.998	14419.9	43.7661	14419.9	43.7661	14419.9	42.5462	14419.9	42.5462	14419.9	43.683	14419.9	43.683	14419.9	50.349
14928.2	86.6667	14928.2	85.8212	14928.2	85.8212	14928.2	83.9738	14928.2	83.9738	14928.2	81.9521	14928.2	81.9521	14928.2	78.3152	14928.2	78.3152	14928.2	76.0154	14928.2	76.0154	14928.2	73.0455	14928.2	73.0455	14928.2	67.5244	14928.2	67.5244	14928.2	62.222	14928.2	62.222	14928.2	48.0084	14928.2	48.0084	14928.2	43.6313	14928.2	43.6313	14928.2	59.5748	14928.2	59.5748	14928.2	55.3983	14928.2	55.3983	14928.2	39.1478	14928.2	39.1478	14928.2	45.9485	14928.2	45.9485	14928.2	48.8699	14928.2	48.8699	14928.2	41.3674	14928.2	41.3674	14928.2	45.1192	14928.2	45.1192	14928.2	49.8231
15454.8	87.5461	15454.8	86.4645	15454.8	86.4645	15454.8	84.3986	15454.8	84.3986	15454.8	81.8803	15454.8	81.8803	15454.8	78.017	15454.8	78.017	15454.8	75.791	15454.8	75.791	15454.8	72.8703	15454.8	72.8703	15454.8	68.0961	15454.8	68.0961	15454.8	61.8542	15454.8	61.8542	15454.8	41.9604	15454.8	41.9604	15454.8	49.6222	15454.8	49.6222	15454.8	57.8429	15454.8	57.8429	15454.8	52.3936	15454.8	52.3936	15454.8	35.4024	15454.8	35.4024	15454.8	47.6392	15454.8	47.6392	15454.8	54.1235	15454.8	54.1235	15454.8	47.9591	15454.8	47.9591	15454.8	50.0621	15454.8	50.0621	15454.8	46.7509
15999.8	87.8939	15999.8	86.756	15999.8	86.756	15999.8	84.7431	15999.8	84.7431	15999.8	81.9477	15999.8	81.9477	15999.8	78.9663	15999.8	78.9663	15999.8	75.5126	15999.8	75.5126	15999.8	73.5307	15999.8	73.5307	15999.8	65.8818	15999.8	65.8818	15999.8	59.7226	15999.8	59.7226	15999.8	47.9239	15999.8	47.9239	15999.8	55.2222	15999.8	55.2222	15999.8	60.5428	15999.8	60.5428	15999.8	55.7629	15999.8	55.7629	15999.8	39.5384	15999.8	39.5384	15999.8	42.0716	15999.8	42.0716	15999.8	53.2428	15999.8	53.2428	15999.8	44.5087	15999.8	44.5087	15999.8	49.4994	15999.8	49.4994	15999.8	39.4987
16564.5	87.825	16564.5	86.539	16564.5	86.539	16564.5	84.7884	16564.5	84.7884	16564.5	82.1695	16564.5	82.1695	16564.5	79.4992	16564.5	79.4992	16564.5	76.3074	16564.5	76.3074	16564.5	73.2503	16564.5	73.2503	16564.5	63.9931	16564.5	63.9931	16564.5	61.6675	16564.5	61.6675	16564.5	56.9177	16564.5	56.9177	16564.5	58.1777	16564.5	58.1777	16564.5	60.9777	16564.5	60.9777	16564.5	54.9158	16564.5	54.9158	16564.5	36.9933	16564.5	36.9933	16564.5	44.7123	16564.5	44.7123	16564.5	54.7228	16564.5	54.7228	16564.5	42.3439	16564.5	42.3439	16564.5	54.3638	16564.5	54.3638	16564.5	49.4653
17148.2	87.9461	17148.2	86.3903	17148.2	86.3903	17148.2	84.906	17148.2	84.906	17148.2	82.2719	17148.2	82.2719	17148.2	79.2997	17148.2	79.2997	17148.2	76.6731	17148.2	76.6731	17148.2	72.696	17148.2	72.696	17148.2	62.4224	17148.2	62.4224	17148.2	57.0917	17148.2	57.0917	17148.2	60.3987	17148.2	60.3987	17148.2	60.674	17148.2	60.674	17148.2	61.1828	17148.2	61.1828	17148.2	58.0599	17148.2	58.0599	17148.2	38.5271	17148.2	38.5271	17148.2	45.6429	17148.2	45.6429	17148.2	54.7164	17148.2	54.7164	17148.2	48.46	17148.2	48.46	17148.2	54.9455	17148.2	54.9455	17148.2	53.0771
17753.2	87.9552	17753.2	86.4719	17753.2	86.4719	17753.2	84.8504	17753.2	84.8504	17753.2	82.2335	17753.2	82.2335	17753.2	78.412	17753.2	78.412	17753.2	77.2688	17753.2	77.2688	17753.2	71.5123	17753.2	71.5123	17753.2	64.99	17753.2	64.99	17753.2	57.2834	17753.2	57.2834	17753.2	62.034	17753.2	62.034	17753.2	63.2479	17753.2	63.2479	17753.2	61.6894	17753.2	61.6894	17753.2	59.2449	17753.2	59.2449	17753.2	50.097	17753.2	50.097	17753.2	45.698	17753.2	45.698	17753.2	56.9954	17753.2	56.9954	17753.2	47.6877	17753.2	47.6877	17753.2	56.2557	17753.2	56.2557	17753.2	59.0664
18379.4	87.0937	18379.4	86.2891	18379.4	86.2891	18379.4	84.64	18379.4	84.64	18379.4	82.7263	18379.4	82.7263	18379.4	78.4179	18379.4	78.4179	18379.4	77.0279	18379.4	77.0279	18379.4	71.9468	18379.4	71.9468	18379.4	67.2072	18379.4	67.2072	18379.4	51.1471	18379.4	51.1471	18379.4	59.6362	18379.4	59.6362	18379.4	66.2584	18379.4	66.2584	18379.4	63.7084	18379.4	63.7084	18379.4	62.5566	18379.4	62.5566	18379.4	46.4167	18379.4	46.4167	18379.4	51.3839	18379.4	51.3839	18379.4	58.6986	18379.4	58.6986	18379.4	49.25	18379.4	49.25	18379.4	56.5193	18379.4	56.5193	18379.4	61.2514
19027.6	84.0977	19027.6	85.0658	19027.6	85.0658	19027.6	84.2599	19027.6	84.2599	19027.6	83.2871	19027.6	83.2871	19027.6	78.3412	19027.6	78.3412	19027.6	76.0414	19027.6	76.0414	19027.6	72.8333	19027.6	72.8333	19027.6	67.575	19027.6	67.575	19027.6	56.0627	19027.6	56.0627	19027.6	60.2997	19027.6	60.2997	19027.6	68.2047	19027.6	68.2047	19027.6	64.9489	19027.6	64.9489	19027.6	64.2336	19027.6	64.2336	19027.6	51.8171	19027.6	51.8171	19027.6	49.5257	19027.6	49.5257	19027.6	57.4702	19027.6	57.4702	19027.6	51.5572	19027.6	51.5572	19027.6	56.4024	19027.6	56.4024	19027.6	62.1395
19698.5	83.2516	19698.5	85.1357	19698.5	85.1357	19698.5	83.5042	19698.5	83.5042	19698.5	82.3714	19698.5	82.3714	19698.5	77.4059	19698.5	77.4059	19698.5	75.0722	19698.5	75.0722	19698.5	72.9574	19698.5	72.9574	19698.5	65.4579	19698.5	65.4579	19698.5	61.6044	19698.5	61.6044	19698.5	62.2157	19698.5	62.2157	19698.5	67.6751	19698.5	67.6751	19698.5	63.5483	19698.5	63.5483	19698.5	63.8723	19698.5	63.8723	19698.5	52.5176	19698.5	52.5176	19698.5	47.552	19698.5	47.552	19698.5	53.4653	19698.5	53.4653	19698.5	50.6533	19698.5	50.6533	19698.5	52.4476	19698.5	52.4476	19698.5	60.4409
19999.5	84.9115	19999.5	85.4319	19999.5	85.4319	19999.5	82.9404	19999.5	82.9404	19999.5	81.4369	19999.5	81.4369	19999.5	77.0035	19999.5	77.0035	19999.5	75.0938	19999.5	75.0938	19999.5	71.2431	19999.5	71.2431	19999.5	60.5793	19999.5	60.5793	19999.5	63.0273	19999.5	63.0273	19999.5	63.2022	19999.5	63.2022	19999.5	66.9393	19999.5	66.9393	19999.5	61.3017	19999.5	61.3017	19999.5	58.9932	19999.5	58.9932	19999.5	51.0529	19999.5	51.0529	19999.5	40.1449	19999.5	40.1449	19999.5	53.7294	19999.5	53.7294	19999.5	57.0818	19999.5	57.0818	19999.5	47.4637	19999.5	47.4637	19999.5	59.6947
