"SPL Vertical"																																																																							
"On-Axis"		"10°"		"-10°"		"20°"		"-20°"		"30°"		"-30°"		"40°"		"-40°"		"50°"		"-50°"		"60°"		"-60°"		"70°"		"-70°"		"80°"		"-80°"		"90°"		"-90°"		"100°"		"-100°"		"110°"		"-110°"		"120°"		"-120°"		"130°"		"-130°"		"140°"		"-140°"		"150°"		"-150°"		"160°"		"-160°"		"170°"		"-170°"		"180°"	
"Frequency / Hz"	"Sound Pressure Level / dB (re 20 µPa)  [2.83V at 1m]"	"Frequency / Hz"	"Sound Pressure Level / dB (re 20 µPa)  [2.83V at 1m]"	"Frequency / Hz"	"Sound Pressure Level / dB (re 20 µPa)  [2.83V at 1m]"	"Frequency / Hz"	"Sound Pressure Level / dB (re 20 µPa)  [2.83V at 1m]"	"Frequency / Hz"	"Sound Pressure Level / dB (re 20 µPa)  [2.83V at 1m]"	"Frequency / Hz"	"Sound Pressure Level / dB (re 20 µPa)  [2.83V at 1m]"	"Frequency / Hz"	"Sound Pressure Level / dB (re 20 µPa)  [2.83V at 1m]"	"Frequency / Hz"	"Sound Pressure Level / dB (re 20 µPa)  [2.83V at 1m]"	"Frequency / Hz"	"Sound Pressure Level / dB (re 20 µPa)  [2.83V at 1m]"	"Frequency / Hz"	"Sound Pressure Level / dB (re 20 µPa)  [2.83V at 1m]"	"Frequency / Hz"	"Sound Pressure Level / dB (re 20 µPa)  [2.83V at 1m]"	"Frequency / Hz"	"Sound Pressure Level / dB (re 20 µPa)  [2.83V at 1m]"	"Frequency / Hz"	"Sound Pressure Level / dB (re 20 µPa)  [2.83V at 1m]"	"Frequency / Hz"	"Sound Pressure Level / dB (re 20 µPa)  [2.83V at 1m]"	"Frequency / Hz"	"Sound Pressure Level / dB (re 20 µPa)  [2.83V at 1m]"	"Frequency / Hz"	"Sound Pressure Level / dB (re 20 µPa)  [2.83V at 1m]"	"Frequency / Hz"	"Sound Pressure Level / dB (re 20 µPa)  [2.83V at 1m]"	"Frequency / Hz"	"Sound Pressure Level / dB (re 20 µPa)  [2.83V at 1m]"	"Frequency / Hz"	"Sound Pressure Level / dB (re 20 µPa)  [2.83V at 1m]"	"Frequency / Hz"	"Sound Pressure Level / dB (re 20 µPa)  [2.83V at 1m]"	"Frequency / Hz"	"Sound Pressure Level / dB (re 20 µPa)  [2.83V at 1m]"	"Frequency / Hz"	"Sound Pressure Level / dB (re 20 µPa)  [2.83V at 1m]"	"Frequency / Hz"	"Sound Pressure Level / dB (re 20 µPa)  [2.83V at 1m]"	"Frequency / Hz"	"Sound Pressure Level / dB (re 20 µPa)  [2.83V at 1m]"	"Frequency / Hz"	"Sound Pressure Level / dB (re 20 µPa)  [2.83V at 1m]"	"Frequency / Hz"	"Sound Pressure Level / dB (re 20 µPa)  [2.83V at 1m]"	"Frequency / Hz"	"Sound Pressure Level / dB (re 20 µPa)  [2.83V at 1m]"	"Frequency / Hz"	"Sound Pressure Level / dB (re 20 µPa)  [2.83V at 1m]"	"Frequency / Hz"	"Sound Pressure Level / dB (re 20 µPa)  [2.83V at 1m]"	"Frequency / Hz"	"Sound Pressure Level / dB (re 20 µPa)  [2.83V at 1m]"	"Frequency / Hz"	"Sound Pressure Level / dB (re 20 µPa)  [2.83V at 1m]"	"Frequency / Hz"	"Sound Pressure Level / dB (re 20 µPa)  [2.83V at 1m]"	"Frequency / Hz"	"Sound Pressure Level / dB (re 20 µPa)  [2.83V at 1m]"	"Frequency / Hz"	"Sound Pressure Level / dB (re 20 µPa)  [2.83V at 1m]"	"Frequency / Hz"	"Sound Pressure Level / dB (re 20 µPa)  [2.83V at 1m]"	"Frequency / Hz"	"Sound Pressure Level / dB (re 20 µPa)  [2.83V at 1m]"
20.5078	56.6157	20.5078	56.7577	20.5078	56.5446	20.5078	57.0039	20.5078	56.5184	20.5078	57.3846	20.5078	56.5238	20.5078	57.9152	20.5078	56.5624	20.5078	58.5871	20.5078	56.6496	20.5078	59.3679	20.5078	56.8121	20.5078	60.2107	20.5078	57.08	20.5078	61.0652	20.5078	57.4767	20.5078	61.8859	20.5078	58.0092	20.5078	62.636	20.5078	58.6629	20.5078	63.2873	20.5078	59.4058	20.5078	63.8199	20.5078	60.1973	20.5078	64.2201	20.5078	60.9971	20.5078	64.4796	20.5078	61.7697	20.5078	64.5948	20.5078	62.4864	20.5078	64.5658	20.5078	63.1243	20.5078	64.3963	20.5078	63.6647	20.5078	64.0927
21.2402	57.8278	21.2402	57.8501	21.2402	57.8466	21.2402	57.9535	21.2402	57.8771	21.2402	58.1812	21.2402	57.9035	21.2402	58.5661	21.2402	57.9233	21.2402	59.1162	21.2402	57.9473	21.2402	59.8089	21.2402	57.9983	21.2402	60.5968	21.2402	58.1092	21.2402	61.4228	21.2402	58.3165	21.2402	62.2324	21.2402	58.6506	21.2402	62.9808	21.2402	59.1244	21.2402	63.634	21.2402	59.7272	21.2402	64.168	21.2402	60.4268	21.2402	64.5668	21.2402	61.1796	21.2402	64.8207	21.2402	61.9402	21.2402	64.925	21.2402	62.6681	21.2402	64.8795	21.2402	63.3301	21.2402	64.6879	21.2402	63.9	21.2402	64.3577
21.9727	58.3205	21.9727	58.342	21.9727	58.3408	21.9727	58.4492	21.9727	58.37	21.9727	58.6881	21.9727	58.3892	21.9727	59.0924	21.9727	58.3941	21.9727	59.6682	21.9727	58.3952	21.9727	60.3884	21.9727	58.4172	21.9727	61.202	21.9727	58.4981	21.9727	62.0495	21.9727	58.6824	21.9727	62.8758	21.9727	59.0091	21.9727	63.6365	21.9727	59.4961	21.9727	64.2983	21.9727	60.1312	21.9727	64.8379	21.9727	60.8753	21.9727	65.2399	21.9727	61.6763	21.9727	65.4946	21.9727	62.482	21.9727	65.5975	21.9727	63.2483	21.9727	65.548	21.9727	63.9407	21.9727	65.3492	21.9727	64.5335	21.9727	65.0077
22.7051	58.734	22.7051	58.9267	22.7051	58.6155	22.7051	59.2228	22.7051	58.5456	22.7051	59.6462	22.7051	58.5095	22.7051	60.2054	22.7051	58.5061	22.7051	60.8875	22.7051	58.5487	22.7051	61.6608	22.7051	58.6637	22.7051	62.4823	22.7051	58.8841	22.7051	63.307	22.7051	59.2395	22.7051	64.0943	22.7051	59.7436	22.7051	64.8106	22.7051	60.3868	22.7051	65.4298	22.7051	61.1373	22.7051	65.9325	22.7051	61.9511	22.7051	66.305	22.7051	62.7827	22.7051	66.5387	22.7051	63.5917	22.7051	66.6292	22.7051	64.3456	22.7051	66.5756	22.7051	65.0189	22.7051	66.3806	22.7051	65.592	22.7051	66.0498
23.4375	60.0653	23.4375	60.1624	23.4375	60.026	23.4375	60.3473	23.4375	60.021	23.4375	60.6493	23.4375	60.0373	23.4375	61.0866	23.4375	60.0736	23.4375	61.658	23.4375	60.1405	23.4375	62.3406	23.4375	60.2586	23.4375	63.0951	23.4375	60.4542	23.4375	63.8754	23.4375	60.7531	23.4375	64.637	23.4375	61.1711	23.4375	65.342	23.4375	61.7074	23.4375	65.9605	23.4375	62.3429	23.4375	66.4701	23.4375	63.0453	23.4375	66.8553	23.4375	63.7762	23.4375	67.1063	23.4375	64.4985	23.4375	67.2181	23.4375	65.1794	23.4375	67.1901	23.4375	65.7919	23.4375	67.0253	23.4375	66.3146	23.4375	66.7301
24.1699	60.9842	24.1699	61.0962	24.1699	60.9322	24.1699	61.2943	24.1699	60.918	24.1699	61.6026	24.1699	60.9282	24.1699	62.0347	24.1699	60.9593	24.1699	62.5873	24.1699	61.0185	24.1699	63.2384	24.1699	61.1221	24.1699	63.9527	24.1699	61.2934	24.1699	64.6887	24.1699	61.5562	24.1699	65.4059	24.1699	61.9283	24.1699	66.0689	24.1699	62.4134	24.1699	66.6491	24.1699	62.9987	24.1699	67.1247	24.1699	63.6569	24.1699	67.4802	24.1699	64.3529	24.1699	67.7055	24.1699	65.0502	24.1699	67.7955	24.1699	65.7158	24.1699	67.7493	24.1699	66.3213	24.1699	67.5701	24.1699	66.8437	24.1699	67.2647
25.6348	62.9244	25.6348	63.0048	25.6348	62.886	25.6348	63.1484	25.6348	62.8725	25.6348	63.3769	25.6348	62.8738	25.6348	63.7061	25.6348	62.8874	25.6348	64.1401	25.6348	62.919	25.6348	64.6681	25.6348	62.9816	25.6348	65.265	25.6348	63.094	25.6348	65.8968	25.6348	63.2774	25.6348	66.5263	25.6348	63.55	25.6348	67.1186	25.6348	63.9213	25.6348	67.6436	25.6348	64.3876	25.6348	68.0775	25.6348	64.9316	25.6348	68.4029	25.6348	65.526	25.6348	68.608	25.6348	66.1384	25.6348	68.6866	25.6348	66.7365	25.6348	68.6375	25.6348	67.2909	25.6348	68.4636	25.6348	67.7765	25.6348	68.1727
26.3672	63.0775	26.3672	63.1628	26.3672	63.0338	26.3672	63.312	26.3672	63.0135	26.3672	63.5479	26.3672	63.0054	26.3672	63.8866	26.3672	63.0065	26.3672	64.332	26.3672	63.0226	26.3672	64.8721	26.3672	63.0677	26.3672	65.4811	26.3672	63.1627	26.3672	66.1238	26.3672	63.332	26.3672	66.7625	26.3672	63.5973	26.3672	67.362	26.3672	63.9706	26.3672	67.892	26.3672	64.4487	26.3672	68.3287	26.3672	65.0127	26.3672	68.6548	26.3672	65.6322	26.3672	68.8584	26.3672	66.2715	26.3672	68.9331	26.3672	66.8955	26.3672	68.8775	26.3672	67.4731	26.3672	68.6944	26.3672	67.9785	26.3672	68.3909
27.0996	64.0039	27.0996	64.0965	27.0996	63.9509	27.0996	64.247	27.0996	63.923	27.0996	64.4738	27.0996	63.9113	27.0996	64.7905	27.0996	63.9139	27.0996	65.201	27.0996	63.9363	27.0996	65.6962	27.0996	63.9904	27.0996	66.2548	27.0996	64.0935	27.0996	66.8468	27.0996	64.2652	27.0996	67.4386	27.0996	64.5224	27.0996	67.9973	27.0996	64.874	27.0996	68.4941	27.0996	65.3172	27.0996	68.9056	27.0996	65.8363	27.0996	69.2141	27.0996	66.4059	27.0996	69.4076	27.0996	66.9953	27.0996	69.4795	27.0996	67.5733	27.0996	69.4279	27.0996	68.111	27.0996	69.2559	27.0996	68.5836	27.0996	68.9705
27.832	63.8709	27.832	63.9305	27.832	63.8489	27.832	64.0494	27.832	63.8482	27.832	64.2504	27.832	63.8592	27.832	64.5519	27.832	63.8802	27.832	64.9621	27.832	63.9176	27.832	65.4737	27.832	63.985	27.832	66.0646	27.832	64.1021	27.832	66.7016	27.832	64.2914	27.832	67.3465	27.832	64.5718	27.832	67.9621	27.832	64.9533	27.832	68.5158	27.832	65.4314	27.832	68.981	27.832	65.9874	27.832	69.338	27.832	66.5918	27.832	69.5733	27.832	67.2108	27.832	69.6794	27.832	67.8111	27.832	69.6542	27.832	68.3628	27.832	69.5005	27.832	68.8411	27.832	69.2256
29.2969	65.1807	29.2969	65.2579	29.2969	65.1429	29.2969	65.3903	29.2969	65.132	29.2969	65.5945	29.2969	65.1404	29.2969	65.8834	29.2969	65.1669	29.2969	66.2624	29.2969	65.2158	29.2969	66.7256	29.2969	65.2975	29.2969	67.2555	29.2969	65.4262	29.2969	67.8257	29.2969	65.6179	29.2969	68.4046	29.2969	65.8861	29.2969	68.9598	29.2969	66.2375	29.2969	69.4617	29.2969	66.6686	29.2969	69.8853	29.2969	67.1653	29.2969	70.211	29.2969	67.7048	29.2969	70.4255	29.2969	68.2595	29.2969	70.521	29.2969	68.801	29.2969	70.4952	29.2969	69.3026	29.2969	70.3508	29.2969	69.7407	29.2969	70.0954
30.0293	66.0386	30.0293	66.138	30.0293	65.9804	30.0293	66.2911	30.0293	65.953	30.0293	66.5102	30.0293	65.9499	30.0293	66.8043	30.0293	65.9695	30.0293	67.1755	30.0293	66.0153	30.0293	67.6173	30.0293	66.0955	30.0293	68.114	30.0293	66.2219	30.0293	68.6427	30.0293	66.4078	30.0293	69.1759	30.0293	66.6645	30.0293	69.6852	30.0293	66.9974	30.0293	70.1442	30.0293	67.4036	30.0293	70.53	30.0293	67.8707	30.0293	70.8243	30.0293	68.3785	30.0293	71.0143	30.0293	68.9023	30.0293	71.0926	30.0293	69.4159	30.0293	71.0568	30.0293	69.8943	30.0293	70.9097	30.0293	70.3149	30.0293	70.6586
31.4941	67.1885	31.4941	67.2701	31.4941	67.1434	31.4941	67.3983	31.4941	67.1264	31.4941	67.5829	31.4941	67.1319	31.4941	67.8315	31.4941	67.158	31.4941	68.1465	31.4941	67.2062	31.4941	68.5239	31.4941	67.2822	31.4941	68.9516	31.4941	67.3941	31.4941	69.4112	31.4941	67.5517	31.4941	69.8793	31.4941	67.7641	31.4941	70.3306	31.4941	68.037	31.4941	70.7403	31.4941	68.3704	31.4941	71.0863	31.4941	68.757	31.4941	71.3506	31.4941	69.1832	31.4941	71.5204	31.4941	69.6298	31.4941	71.588	31.4941	70.0749	31.4941	71.5515	31.4941	70.4962	31.4941	71.4139	31.4941	70.8721	31.4941	71.1833
32.2266	67.7492	32.2266	67.8472	32.2266	67.6854	32.2266	67.9878	32.2266	67.6492	32.2266	68.1788	32.2266	67.6363	32.2266	68.4265	32.2266	67.6456	32.2266	68.7327	32.2266	67.6794	32.2266	69.0938	32.2266	67.7429	32.2266	69.4995	32.2266	67.8443	32.2266	69.9332	32.2266	67.9927	32.2266	70.3741	32.2266	68.1964	32.2266	70.7988	32.2266	68.4603	32.2266	71.184	32.2266	68.784	32.2266	71.5085	32.2266	69.1606	32.2266	71.7548	32.2266	69.5767	32.2266	71.9102	32.2266	70.0139	32.2266	71.967	32.2266	70.4511	32.2266	71.9229	32.2266	70.8663	32.2266	71.7809	32.2266	71.2385	32.2266	71.5487
33.6914	69.015	33.6914	69.0995	33.6914	68.9585	33.6914	69.2185	33.6914	68.9246	33.6914	69.3787	33.6914	68.9102	33.6914	69.5856	33.6914	68.9144	33.6914	69.8419	33.6914	68.9389	33.6914	70.1456	33.6914	68.9882	33.6914	70.4897	33.6914	69.0685	33.6914	70.8613	33.6914	69.1876	33.6914	71.2431	33.6914	69.3528	33.6914	71.6147	33.6914	69.5692	33.6914	71.9547	33.6914	69.8381	33.6914	72.243	33.6914	70.1552	33.6914	72.4627	33.6914	70.5108	33.6914	72.6007	33.6914	70.89	33.6914	72.6495	33.6914	71.2745	33.6914	72.6065	33.6914	71.6443	33.6914	72.4746	33.6914	71.9795	33.6914	72.2615
34.4238	69.3659	34.4238	69.4484	34.4238	69.3108	34.4238	69.5644	34.4238	69.278	34.4238	69.7201	34.4238	69.2646	34.4238	69.9208	34.4238	69.2696	34.4238	70.1688	34.4238	69.2947	34.4238	70.4627	34.4238	69.3437	34.4238	70.7956	34.4238	69.4227	34.4238	71.1557	34.4238	69.5388	34.4238	71.5261	34.4238	69.699	34.4238	71.8873	34.4238	69.9082	34.4238	72.2184	34.4238	70.1678	34.4238	72.4998	34.4238	70.4742	34.4238	72.7145	34.4238	70.8181	34.4238	72.8497	34.4238	71.1854	34.4238	72.8978	34.4238	71.5586	34.4238	72.8561	34.4238	71.9183	34.4238	72.7274	34.4238	72.2447	34.4238	72.5196
35.8887	70.2348	35.8887	70.3158	35.8887	70.1801	35.8887	70.428	35.8887	70.1477	35.8887	70.5764	35.8887	70.1349	35.8887	70.7652	35.8887	70.1411	35.8887	70.9962	35.8887	70.1673	35.8887	71.2679	35.8887	70.2169	35.8887	71.5746	35.8887	70.2944	35.8887	71.9056	35.8887	70.4058	35.8887	72.2464	35.8887	70.5565	35.8887	72.579	35.8887	70.7509	35.8887	72.8846	35.8887	70.9901	35.8887	73.1447	35.8887	71.2711	35.8887	73.3434	35.8887	71.5862	35.8887	73.4684	35.8887	71.9233	35.8887	73.5121	35.8887	72.2667	35.8887	73.4722	35.8887	72.5988	35.8887	73.3514	35.8887	72.9014	35.8887	73.1572
37.3535	71.0376	37.3535	71.1189	37.3535	70.9819	37.3535	71.2297	37.3535	70.9488	37.3535	71.3739	37.3535	70.9361	37.3535	71.5543	37.3535	70.9433	37.3535	71.7722	37.3535	70.9711	37.3535	72.0259	37.3535	71.022	37.3535	72.3102	37.3535	71.0997	37.3535	72.6157	37.3535	71.2087	37.3535	72.9294	37.3535	71.3532	37.3535	73.2354	37.3535	71.5365	37.3535	73.5166	37.3535	71.7593	37.3535	73.7559	37.3535	72.019	37.3535	73.9385	37.3535	72.309	37.3535	74.0529	37.3535	72.6188	37.3535	74.0919	37.3535	72.9347	37.3535	74.0533	37.3535	73.241	37.3535	73.9398	37.3535	73.5209	37.3535	73.7586
38.8184	71.8245	38.8184	71.9015	38.8184	71.7718	38.8184	72.0055	38.8184	71.7407	38.8184	72.1396	38.8184	71.7295	38.8184	72.3058	38.8184	71.7377	38.8184	72.5049	38.8184	71.7657	38.8184	72.7353	38.8184	71.8152	38.8184	72.9923	38.8184	71.8889	38.8184	73.2681	38.8184	71.9902	38.8184	73.5511	38.8184	72.1223	38.8184	73.8274	38.8184	72.2878	38.8184	74.0814	38.8184	72.4875	38.8184	74.2977	38.8184	72.7194	38.8184	74.4625	38.8184	72.9783	38.8184	74.565	38.8184	73.2556	38.8184	74.5986	38.8184	73.5396	38.8184	74.5611	38.8184	73.8164	38.8184	74.4554	38.8184	74.071	38.8184	74.2884
39.5508	72.1498	39.5508	72.2295	39.5508	72.0943	39.5508	72.3356	39.5508	72.0608	39.5508	72.4708	39.5508	72.0478	39.5508	72.6366	39.5508	72.0547	39.5508	72.8334	39.5508	72.0821	39.5508	73.0595	39.5508	72.1314	39.5508	73.3103	39.5508	72.2049	39.5508	73.5782	39.5508	72.3057	39.5508	73.8523	39.5508	72.4366	39.5508	74.1193	39.5508	72.5998	39.5508	74.3643	39.5508	72.7958	39.5508	74.5726	39.5508	73.0227	39.5508	74.7308	39.5508	73.2754	39.5508	74.8286	39.5508	73.5458	39.5508	74.8594	39.5508	73.8225	39.5508	74.8214	39.5508	74.0924	39.5508	74.717	39.5508	74.3408	39.5508	74.5533
41.0156	72.9457	41.0156	73.0241	41.0156	72.8895	41.0156	73.1265	41.0156	72.8541	41.0156	73.2545	41.0156	72.8385	41.0156	73.409	41.0156	72.8422	41.0156	73.5901	41.0156	72.8656	41.0156	73.796	41.0156	72.9097	41.0156	74.0227	41.0156	72.9764	41.0156	74.2635	41.0156	73.0678	41.0156	74.5091	41.0156	73.1862	41.0156	74.7477	41.0156	73.3333	41.0156	74.9663	41.0156	73.5095	41.0156	75.1514	41.0156	73.7133	41.0156	75.2909	41.0156	73.9406	41.0156	75.3753	41.0156	74.1845	41.0156	75.3986	41.0156	74.4354	41.0156	75.359	41.0156	74.6814	41.0156	75.2593	41.0156	74.9094	41.0156	75.1061
42.4805	73.664	42.4805	73.7397	42.4805	73.6092	42.4805	73.8375	42.4805	73.5744	42.4805	73.9584	42.4805	73.559	42.4805	74.1029	42.4805	73.5626	42.4805	74.2706	42.4805	73.5855	42.4805	74.4599	42.4805	73.6286	42.4805	74.6672	42.4805	73.6931	42.4805	74.8867	42.4805	73.7807	42.4805	75.11	42.4805	73.8928	42.4805	75.327	42.4805	74.0304	42.4805	75.5257	42.4805	74.1938	42.4805	75.6942	42.4805	74.3813	42.4805	75.8212	42.4805	74.5892	42.4805	75.898	42.4805	74.8116	42.4805	75.9189	42.4805	75.0399	42.4805	75.8824	42.4805	75.2638	42.4805	75.791	42.4805	75.4715	42.4805	75.651
43.9453	74.285	43.9453	74.3577	43.9453	74.2323	43.9453	74.4512	43.9453	74.1991	43.9453	74.5661	43.9453	74.1847	43.9453	74.7026	43.9453	74.1889	43.9453	74.8599	43.9453	74.2119	43.9453	75.0364	43.9453	74.2541	43.9453	75.2286	43.9453	74.3163	43.9453	75.4312	43.9453	74.3994	43.9453	75.6369	43.9453	74.5047	43.9453	75.8361	43.9453	74.6327	43.9453	76.0183	43.9453	74.7834	43.9453	76.1724	43.9453	74.9555	43.9453	76.288	43.9453	75.1459	43.9453	76.3571	43.9453	75.3494	43.9453	76.3745	43.9453	75.5586	43.9453	76.3389	43.9453	75.7643	43.9453	76.2528	43.9453	75.9558	43.9453	76.1222
45.4102	74.902	45.4102	74.9741	45.4102	74.849	45.4102	75.0657	45.4102	74.8149	45.4102	75.1768	45.4102	74.7995	45.4102	75.3071	45.4102	74.8025	45.4102	75.4557	45.4102	74.8242	45.4102	75.6208	45.4102	74.8646	45.4102	75.799	45.4102	74.9244	45.4102	75.9856	45.4102	75.004	45.4102	76.174	45.4102	75.1039	45.4102	76.3557	45.4102	75.2245	45.4102	76.5213	45.4102	75.3653	45.4102	76.6607	45.4102	75.5251	45.4102	76.7646	45.4102	75.7009	45.4102	76.8256	45.4102	75.8882	45.4102	76.8392	45.4102	76.0807	45.4102	76.8041	45.4102	76.2701	45.4102	76.7228	45.4102	76.4469	45.4102	76.601
47.6074	75.7884	47.6074	75.8584	47.6074	75.7363	47.6074	75.9462	47.6074	75.7023	47.6074	76.0512	47.6074	75.6864	47.6074	76.1728	47.6074	75.6887	47.6074	76.3096	47.6074	75.709	47.6074	76.4597	47.6074	75.7475	47.6074	76.62	47.6074	75.8041	47.6074	76.7864	47.6074	75.879	47.6074	76.9531	47.6074	75.9719	47.6074	77.1129	47.6074	76.0827	47.6074	77.2577	47.6074	76.2107	47.6074	77.3789	47.6074	76.3545	47.6074	77.4684	47.6074	76.5116	47.6074	77.5198	47.6074	76.6781	47.6074	77.5292	47.6074	76.8489	47.6074	77.4956	47.6074	77.0169	47.6074	77.4214	47.6074	77.1741	47.6074	77.3118
49.0723	76.3519	49.0723	76.4207	49.0723	76.3003	49.0723	76.506	49.0723	76.2662	49.0723	76.6071	49.0723	76.2498	49.0723	76.723	49.0723	76.2512	49.0723	76.8522	49.0723	76.2705	49.0723	76.9925	49.0723	76.3074	49.0723	77.1411	49.0723	76.3616	49.0723	77.2941	49.0723	76.433	49.0723	77.4463	49.0723	76.521	49.0723	77.5914	49.0723	76.6252	49.0723	77.722	49.0723	76.7444	49.0723	77.8305	49.0723	76.8774	49.0723	77.9098	49.0723	77.0219	49.0723	77.9542	49.0723	77.1746	49.0723	77.9601	49.0723	77.3307	49.0723	77.927	49.0723	77.4845	49.0723	77.8572	49.0723	77.6286	49.0723	77.7555
50.5371	76.7731	50.5371	76.8383	50.5371	76.7243	50.5371	76.9191	50.5371	76.6925	50.5371	77.0145	50.5371	76.6781	50.5371	77.1232	50.5371	76.6814	50.5371	77.2434	50.5371	76.7022	50.5371	77.3733	50.5371	76.7402	50.5371	77.51	50.5371	76.795	50.5371	77.6504	50.5371	76.8659	50.5371	77.79	50.5371	76.9522	50.5371	77.9235	50.5371	77.0529	50.5371	78.0446	50.5371	77.167	50.5371	78.1465	50.5371	77.2927	50.5371	78.2225	50.5371	77.4281	50.5371	78.2672	50.5371	77.5698	50.5371	78.2769	50.5371	77.7138	50.5371	78.2506	50.5371	77.8545	50.5371	78.1902	50.5371	77.9856	50.5371	78.0998
52.7344	77.571	52.7344	77.6325	52.7344	77.5249	52.7344	77.7083	52.7344	77.495	52.7344	77.7969	52.7344	77.4817	52.7344	77.8968	52.7344	77.4854	52.7344	78.0062	52.7344	77.5059	52.7344	78.1229	52.7344	77.5427	52.7344	78.2445	52.7344	77.5951	52.7344	78.3678	52.7344	77.6619	52.7344	78.4891	52.7344	77.742	52.7344	78.6041	52.7344	77.8341	52.7344	78.7074	52.7344	77.9366	52.7344	78.7935	52.7344	78.048	52.7344	78.8571	52.7344	78.1663	52.7344	78.8935	52.7344	78.289	52.7344	78.9	52.7344	78.4129	52.7344	78.8758	52.7344	78.5336	52.7344	78.8226	52.7344	78.646	52.7344	78.7443
54.1992	78.0358	54.1992	78.0975	54.1992	77.9888	54.1992	78.1727	54.1992	77.9577	54.1992	78.2598	54.1992	77.943	54.1992	78.3569	54.1992	77.945	54.1992	78.4622	54.1992	77.9637	54.1992	78.5733	54.1992	77.9986	54.1992	78.6878	54.1992	78.0488	54.1992	78.8027	54.1992	78.113	54.1992	78.9146	54.1992	78.1899	54.1992	79.0195	54.1992	78.2779	54.1992	79.1129	54.1992	78.3754	54.1992	79.1899	54.1992	78.4807	54.1992	79.2457	54.1992	78.5919	54.1992	79.2765	54.1992	78.7066	54.1992	79.2798	54.1992	78.8219	54.1992	79.2551	54.1992	78.9341	54.1992	79.2042	54.1992	79.0387	54.1992	79.1304
56.3965	78.735	56.3965	78.7946	56.3965	78.689	56.3965	78.8662	56.3965	78.658	56.3965	78.9479	56.3965	78.6428	56.3965	79.0379	56.3965	78.6439	56.3965	79.1338	56.3965	78.6612	56.3965	79.2335	56.3965	78.6942	56.3965	79.3345	56.3965	78.7418	56.3965	79.4342	56.3965	78.8025	56.3965	79.5299	56.3965	78.8746	56.3965	79.6184	56.3965	78.9562	56.3965	79.6961	56.3965	79.0452	56.3965	79.7593	56.3965	79.1399	56.3965	79.8044	56.3965	79.2381	56.3965	79.8283	56.3965	79.3381	56.3965	79.8292	56.3965	79.4374	56.3965	79.8069	56.3965	79.5331	56.3965	79.7629	56.3965	79.622	56.3965	79.6999
58.5938	79.4461	58.5938	79.5045	58.5938	79.4	58.5938	79.5734	58.5938	79.3678	58.5938	79.651	58.5938	79.3505	58.5938	79.7351	58.5938	79.3488	58.5938	79.8235	58.5938	79.3627	58.5938	79.9141	58.5938	79.3919	58.5938	80.0046	58.5938	79.4352	58.5938	80.0927	58.5938	79.4911	58.5938	80.1759	58.5938	79.5576	58.5938	80.2516	58.5938	79.6327	58.5938	80.3168	58.5938	79.7141	58.5938	80.3686	58.5938	79.7999	58.5938	80.4039	58.5938	79.8881	58.5938	80.4207	58.5938	79.9769	58.5938	80.4175	58.5938	80.0645	58.5938	80.3945	58.5938	80.1488	58.5938	80.3532	58.5938	80.2271	58.5938	80.2964
60.0586	79.8805	60.0586	79.9411	60.0586	79.8318	60.0586	80.0117	60.0586	79.7967	60.0586	80.0902	60.0586	79.7764	60.0586	80.1745	60.0586	79.7715	60.0586	80.262	60.0586	79.7824	60.0586	80.3506	60.0586	79.8085	60.0586	80.4377	60.0586	79.8487	60.0586	80.5211	60.0586	79.9016	60.0586	80.5983	60.0586	79.9649	60.0586	80.6668	60.0586	80.0366	60.0586	80.724	60.0586	80.1144	60.0586	80.7674	60.0586	80.1961	60.0586	80.7947	60.0586	80.2799	60.0586	80.8042	60.0586	80.3641	60.0586	80.7954	60.0586	80.4471	60.0586	80.7687	60.0586	80.5272	60.0586	80.7258	60.0586	80.6021	60.0586	80.6693
62.2559	80.4523	62.2559	80.5142	62.2559	80.4015	62.2559	80.585	62.2559	80.3636	62.2559	80.6624	62.2559	80.34	62.2559	80.7438	62.2559	80.3317	62.2559	80.8267	62.2559	80.339	62.2559	80.9086	62.2559	80.3615	62.2559	80.9872	62.2559	80.398	62.2559	81.0601	62.2559	80.447	62.2559	81.1253	62.2559	80.5062	62.2559	81.181	62.2559	80.5732	62.2559	81.2254	62.2559	80.6455	62.2559	81.2569	62.2559	80.7209	62.2559	81.2743	62.2559	80.7973	62.2559	81.2766	62.2559	80.8733	62.2559	81.2638	62.2559	80.9475	62.2559	81.2365	62.2559	81.0186	62.2559	81.1962	62.2559	81.085	62.2559	81.145
64.4531	81.0542	64.4531	81.1119	64.4531	81.0068	64.4531	81.1774	64.4531	80.9714	64.4531	81.2486	64.4531	80.9496	64.4531	81.323	64.4531	80.9423	64.4531	81.398	64.4531	80.9501	64.4531	81.4713	64.4531	80.9725	64.4531	81.5408	64.4531	81.0084	64.4531	81.6044	64.4531	81.0561	64.4531	81.6605	64.4531	81.1133	64.4531	81.7077	64.4531	81.1773	64.4531	81.7447	64.4531	81.2455	64.4531	81.7706	64.4531	81.3153	64.4531	81.7847	64.4531	81.3848	64.4531	81.7866	64.4531	81.4522	64.4531	81.7762	64.4531	81.5164	64.4531	81.7542	64.4531	81.5765	64.4531	81.7218	64.4531	81.6316	64.4531	81.6805
66.6504	81.5634	66.6504	81.6205	66.6504	81.5155	66.6504	81.6845	66.6504	81.4788	66.6504	81.7529	66.6504	81.4551	66.6504	81.8232	66.6504	81.4454	66.6504	81.8929	66.6504	81.4504	66.6504	81.9595	66.6504	81.4698	66.6504	82.0211	66.6504	81.5025	66.6504	82.0757	66.6504	81.5467	66.6504	82.1219	66.6504	81.6	66.6504	82.1587	66.6504	81.6596	66.6504	82.1856	66.6504	81.7226	66.6504	82.2021	66.6504	81.7864	66.6504	82.2083	66.6504	81.8488	66.6504	82.2044	66.6504	81.9083	66.6504	82.1911	66.6504	81.9639	66.6504	82.1691	66.6504	82.0152	66.6504	82.1395	66.6504	82.0618	66.6504	82.1035
69.5801	82.2472	69.5801	82.3023	69.5801	82.2001	69.5801	82.363	69.5801	82.1632	69.5801	82.4267	69.5801	82.1384	69.5801	82.4908	69.5801	82.127	69.5801	82.5529	69.5801	82.1299	69.5801	82.6108	69.5801	82.1469	69.5801	82.6623	69.5801	82.177	69.5801	82.7059	69.5801	82.2184	69.5801	82.7406	69.5801	82.2685	69.5801	82.7659	69.5801	82.3243	69.5801	82.7818	69.5801	82.3826	69.5801	82.7888	69.5801	82.4404	69.5801	82.7878	69.5801	82.4952	69.5801	82.7797	69.5801	82.5456	69.5801	82.7656	69.5801	82.5907	69.5801	82.7465	69.5801	82.6305	69.5801	82.7233	69.5801	82.6655	69.5801	82.6963
71.7773	82.6901	71.7773	82.744	71.7773	82.6431	71.7773	82.8026	71.7773	82.6056	71.7773	82.863	71.7773	82.5795	71.7773	82.923	71.7773	82.5664	71.7773	82.9798	71.7773	82.5671	71.7773	83.0314	71.7773	82.5817	71.7773	83.0758	71.7773	82.6093	71.7773	83.1115	71.7773	82.6481	71.7773	83.1379	71.7773	82.6953	71.7773	83.1546	71.7773	82.7478	71.7773	83.1623	71.7773	82.8021	71.7773	83.162	71.7773	82.8551	71.7773	83.1551	71.7773	82.9043	71.7773	83.1432	71.7773	82.948	71.7773	83.1277	71.7773	82.9857	71.7773	83.1097	71.7773	83.0177	71.7773	83.0901	71.7773	83.0449	71.7773	83.0686
73.9746	83.1131	73.9746	83.1657	73.9746	83.0665	73.9746	83.2216	73.9746	83.0284	73.9746	83.2784	73.9746	83.0007	73.9746	83.3335	73.9746	82.9853	73.9746	83.3846	73.9746	82.9833	73.9746	83.4294	73.9746	82.9948	73.9746	83.4662	73.9746	83.0191	73.9746	83.4937	73.9746	83.0543	73.9746	83.5113	73.9746	83.0978	73.9746	83.5193	73.9746	83.1463	73.9746	83.5186	73.9746	83.1962	73.9746	83.5108	73.9746	83.2442	73.9746	83.4979	73.9746	83.2875	73.9746	83.4819	73.9746	83.3246	73.9746	83.4648	73.9746	83.3549	73.9746	83.4479	73.9746	83.3791	73.9746	83.4316	73.9746	83.3987	73.9746	83.4156
76.9043	83.6176	76.9043	83.6691	76.9043	83.5704	76.9043	83.7223	76.9043	83.5301	76.9043	83.7747	76.9043	83.4991	76.9043	83.8237	76.9043	83.4793	76.9043	83.8671	76.9043	83.4721	76.9043	83.9028	76.9043	83.4779	76.9043	83.9292	76.9043	83.4963	76.9043	83.9453	76.9043	83.5254	76.9043	83.9508	76.9043	83.5627	76.9043	83.9464	76.9043	83.6048	76.9043	83.9335	76.9043	83.6478	76.9043	83.9146	76.9043	83.6884	76.9043	83.8923	76.9043	83.7236	76.9043	83.8696	76.9043	83.7518	76.9043	83.8487	76.9043	83.7728	76.9043	83.8314	76.9043	83.7876	76.9043	83.8179	76.9043	83.7982	76.9043	83.8075
79.834	83.9997	79.834	84.048	79.834	83.9538	79.834	84.0959	79.834	83.9127	79.834	84.1411	79.834	83.8789	79.834	84.1811	79.834	83.8544	79.834	84.2138	79.834	83.8409	79.834	84.2372	79.834	83.8388	79.834	84.2498	79.834	83.848	79.834	84.2506	79.834	83.8668	79.834	84.2395	79.834	83.8927	79.834	84.2177	79.834	83.9223	79.834	84.1874	79.834	83.952	79.834	84.1517	79.834	83.9783	79.834	84.1145	79.834	83.9985	79.834	84.08	79.834	84.0114	79.834	84.0513	79.834	84.0171	79.834	84.0309	79.834	84.0175	79.834	84.0191	79.834	84.0155	79.834	84.0149
82.7637	84.3019	82.7637	84.3497	82.7637	84.257	82.7637	84.3978	82.7637	84.2175	82.7637	84.4435	82.7637	84.1861	82.7637	84.4846	82.7637	84.1651	82.7637	84.5189	82.7637	84.1559	82.7637	84.5443	82.7637	84.1594	82.7637	84.5594	82.7637	84.1753	82.7637	84.5633	82.7637	84.2017	82.7637	84.5559	82.7637	84.2358	82.7637	84.5382	82.7637	84.2738	82.7637	84.5126	82.7637	84.3115	82.7637	84.4823	82.7637	84.3449	82.7637	84.4511	82.7637	84.3708	82.7637	84.4231	82.7637	84.3876	82.7637	84.4015	82.7637	84.395	82.7637	84.3882	82.7637	84.3948	82.7637	84.3833	82.7637	84.3902	82.7637	84.385
85.6934	84.6159	85.6934	84.6623	85.6934	84.5712	85.6934	84.7077	85.6934	84.5308	85.6934	84.7498	85.6934	84.4976	85.6934	84.7866	85.6934	84.474	85.6934	84.8159	85.6934	84.462	85.6934	84.8361	85.6934	84.4627	85.6934	84.8458	85.6934	84.476	85.6934	84.8444	85.6934	84.5005	85.6934	84.8318	85.6934	84.5331	85.6934	84.8093	85.6934	84.5701	85.6934	84.7793	85.6934	84.607	85.6934	84.7454	85.6934	84.6393	85.6934	84.7119	85.6934	84.6635	85.6934	84.6829	85.6934	84.6777	85.6934	84.662	85.6934	84.6816	85.6934	84.6511	85.6934	84.6769	85.6934	84.65	85.6934	84.6671	85.6934	84.6566
88.623	84.9548	88.623	85.0037	88.623	84.9051	88.623	85.0491	88.623	84.8577	88.623	85.0887	88.623	84.8157	88.623	85.1202	88.623	84.7821	88.623	85.1418	88.623	84.7594	88.623	85.152	88.623	84.7492	88.623	85.1498	88.623	84.752	88.623	85.1348	88.623	84.7665	88.623	85.1076	88.623	84.79	88.623	85.07	88.623	84.8188	88.623	85.0251	88.623	84.8481	88.623	84.9772	88.623	84.8734	88.623	84.9314	88.623	84.8911	88.623	84.8926	88.623	84.8988	88.623	84.8648	88.623	84.8965	88.623	84.8502	88.623	84.886	88.623	84.8484	88.623	84.8711	88.623	84.8568
91.5527	85.1491	91.5527	85.1967	91.5527	85.1	91.5527	85.24	91.5527	85.0523	91.5527	85.2766	91.5527	85.0093	91.5527	85.3047	91.5527	84.974	91.5527	85.3224	91.5527	84.9493	91.5527	85.3283	91.5527	84.937	91.5527	85.3216	91.5527	84.9376	91.5527	85.3019	91.5527	84.9501	91.5527	85.2698	91.5527	84.9719	91.5527	85.2274	91.5527	84.9989	91.5527	85.1781	91.5527	85.0265	91.5527	85.1265	91.5527	85.0499	91.5527	85.0779	91.5527	85.0651	91.5527	85.0377	91.5527	85.0697	91.5527	85.0099	91.5527	85.0636	91.5527	84.9969	91.5527	85.0488	91.5527	84.998	91.5527	85.0293	91.5527	85.0104
94.4824	85.3178	94.4824	85.3635	94.4824	85.2693	94.4824	85.4039	94.4824	85.2213	94.4824	85.4368	94.4824	85.1769	94.4824	85.4603	94.4824	85.1396	94.4824	85.473	94.4824	85.1125	94.4824	85.4735	94.4824	85.0975	94.4824	85.4613	94.4824	85.0956	94.4824	85.4361	94.4824	85.1058	94.4824	85.3989	94.4824	85.1257	94.4824	85.352	94.4824	85.1511	94.4824	85.2989	94.4824	85.1772	94.4824	85.2444	94.4824	85.199	94.4824	85.1943	94.4824	85.2123	94.4824	85.154	94.4824	85.2145	94.4824	85.1277	94.4824	85.2053	94.4824	85.1175	94.4824	85.1867	94.4824	85.1225	94.4824	85.1628	94.4824	85.1393
98.1445	85.438	98.1445	85.4828	98.1445	85.3893	98.1445	85.521	98.1445	85.3398	98.1445	85.5506	98.1445	85.2931	98.1445	85.5699	98.1445	85.2529	98.1445	85.5776	98.1445	85.2225	98.1445	85.5727	98.1445	85.2044	98.1445	85.5547	98.1445	85.1999	98.1445	85.5237	98.1445	85.2083	98.1445	85.481	98.1445	85.2269	98.1445	85.4288	98.1445	85.2518	98.1445	85.3712	98.1445	85.2777	98.1445	85.3134	98.1445	85.2991	98.1445	85.2614	98.1445	85.3116	98.1445	85.2209	98.1445	85.3121	98.1445	85.1962	98.1445	85.3002	98.1445	85.1891	98.1445	85.2777	98.1445	85.1985	98.1445	85.2492	98.1445	85.2205
101.807	85.5008	101.807	85.5453	101.807	85.4513	101.807	85.5822	101.807	85.4	101.807	85.6094	101.807	85.3507	101.807	85.6256	101.807	85.3075	101.807	85.6295	101.807	85.2742	101.807	85.6205	101.807	85.2538	101.807	85.5983	101.807	85.2476	101.807	85.563	101.807	85.2553	101.807	85.5162	101.807	85.2744	101.807	85.4605	101.807	85.3005	101.807	85.4001	101.807	85.3281	101.807	85.3404	101.807	85.3512	101.807	85.2879	101.807	85.3649	101.807	85.2483	101.807	85.3657	101.807	85.2259	101.807	85.3528	101.807	85.2224	101.807	85.328	101.807	85.2363	101.807	85.2959	101.807	85.2629
105.469	85.5071	105.469	85.5509	105.469	85.4571	105.469	85.5859	105.469	85.4041	105.469	85.6103	105.469	85.3524	105.469	85.623	105.469	85.3062	105.469	85.6231	105.469	85.27	105.469	85.6103	105.469	85.2472	105.469	85.5844	105.469	85.2397	105.469	85.5461	105.469	85.2474	105.469	85.4969	105.469	85.2677	105.469	85.4397	105.469	85.2962	105.469	85.3788	105.469	85.3268	105.469	85.3199	105.469	85.3532	105.469	85.2691	105.469	85.3698	105.469	85.2325	105.469	85.3726	105.469	85.2141	105.469	85.3605	105.469	85.2151	105.469	85.3351	105.469	85.2336	105.469	85.3009	105.469	85.2646
109.131	85.4829	109.131	85.525	109.131	85.4326	109.131	85.5565	109.131	85.3776	109.131	85.5758	109.131	85.3223	109.131	85.5821	109.131	85.2716	109.131	85.5751	109.131	85.2304	109.131	85.5549	109.131	85.2029	109.131	85.5217	109.131	85.1916	109.131	85.4767	109.131	85.1966	109.131	85.4217	109.131	85.2157	109.131	85.3598	109.131	85.244	109.131	85.2956	109.131	85.2751	109.131	85.235	109.131	85.3023	109.131	85.1843	109.131	85.3193	109.131	85.1494	109.131	85.3216	109.131	85.1342	109.131	85.3079	109.131	85.1398	109.131	85.2796	109.131	85.1635	109.131	85.2412	109.131	85.1999
112.793	85.4271	112.793	85.4682	112.793	85.376	112.793	85.4972	112.793	85.3186	112.793	85.5126	112.793	85.2594	112.793	85.5141	112.793	85.2039	112.793	85.5015	112.793	85.1574	112.793	85.4753	112.793	85.1248	112.793	85.4363	112.793	85.109	112.793	85.3857	112.793	85.1109	112.793	85.3256	112.793	85.1283	112.793	85.2597	112.793	85.1564	112.793	85.1927	112.793	85.1885	112.793	85.1307	112.793	85.2174	112.793	85.0802	112.793	85.2362	112.793	85.047	112.793	85.24	112.793	85.0349	112.793	85.2267	112.793	85.0444	112.793	85.1977	112.793	85.0724	112.793	85.1573	112.793	85.1128
116.455	85.401	116.455	85.4411	116.455	85.3488	116.455	85.467	116.455	85.2883	116.455	85.4778	116.455	85.2242	116.455	85.4732	116.455	85.1625	116.455	85.4539	116.455	85.1094	116.455	85.4207	116.455	85.0703	116.455	85.3749	116.455	85.0491	116.455	85.3181	116.455	85.047	116.455	85.2531	116.455	85.0623	116.455	85.1834	116.455	85.0901	116.455	85.1143	116.455	85.1235	116.455	85.0519	116.455	85.1546	116.455	85.0026	116.455	85.1761	116.455	84.9722	116.455	85.1823	116.455	84.9638	116.455	85.1706	116.455	84.9776	116.455	85.142	116.455	85.0098	116.455	85.1006	116.455	85.0537
120.85	85.3744	120.85	85.4093	120.85	85.3243	120.85	85.4274	120.85	85.2626	120.85	85.4284	120.85	85.1941	120.85	85.413	120.85	85.1251	120.85	85.3824	120.85	85.0626	120.85	85.3384	120.85	85.0128	120.85	85.2826	120.85	84.9805	120.85	85.217	120.85	84.9679	120.85	85.1444	120.85	84.9736	120.85	85.0684	120.85	84.9935	120.85	84.9942	120.85	85.0205	120.85	84.9277	120.85	85.0465	120.85	84.8754	120.85	85.0639	120.85	84.843	120.85	85.0666	120.85	84.8338	120.85	85.0519	120.85	84.8478	120.85	85.0203	120.85	84.8812	120.85	84.9763	120.85	84.9269
125.244	85.3858	125.244	85.4207	125.244	85.3328	125.244	85.4359	125.244	85.2654	125.244	85.4312	125.244	85.1891	125.244	85.4078	125.244	85.1108	125.244	85.3676	125.244	85.0383	125.244	85.3127	125.244	84.9788	125.244	85.2458	125.244	84.9377	125.244	85.1695	125.244	84.9178	125.244	85.0871	125.244	84.918	125.244	85.0028	125.244	84.934	125.244	84.9219	125.244	84.9584	125.244	84.8505	125.244	84.9827	125.244	84.7952	125.244	84.9986	125.244	84.7614	125.244	84.9998	125.244	84.7523	125.244	84.9833	125.244	84.7674	125.244	84.9495	125.244	84.8028	125.244	84.9029	125.244	84.851
129.639	85.2931	129.639	85.3275	129.639	85.2396	129.639	85.3411	129.639	85.1707	129.639	85.334	129.639	85.092	129.639	85.3077	129.639	85.0109	129.639	85.2643	129.639	84.9357	129.639	85.2062	129.639	84.8741	129.639	85.1363	129.639	84.8324	129.639	85.0576	129.639	84.8136	129.639	84.9736	129.639	84.8169	129.639	84.8889	129.639	84.8378	129.639	84.8092	129.639	84.8685	129.639	84.7409	129.639	84.8997	129.639	84.6907	129.639	84.9224	129.639	84.6637	129.639	84.9294	129.639	84.6624	129.639	84.9168	129.639	84.6856	129.639	84.8849	129.639	84.7283	129.639	84.8375	129.639	84.7821
134.033	85.1342	134.033	85.1658	134.033	85.0815	134.033	85.1746	134.033	85.0113	134.033	85.1613	134.033	84.9298	134.033	85.1277	134.033	84.8449	134.033	85.0764	134.033	84.7656	134.033	85.0108	134.033	84.7009	134.033	84.934	134.033	84.6574	134.033	84.8498	134.033	84.6391	134.033	84.7623	134.033	84.6452	134.033	84.6766	134.033	84.671	134.033	84.5986	134.033	84.7079	134.033	84.5351	134.033	84.7459	134.033	84.4924	134.033	84.775	134.033	84.4752	134.033	84.7871	134.033	84.485	134.033	84.7776	134.033	84.5196	134.033	84.7459	134.033	84.5726	134.033	84.6958	134.033	84.6348
138.428	85.0449	138.428	85.0772	138.428	84.9886	138.428	85.0843	138.428	84.9121	138.428	85.0668	138.428	84.822	138.428	85.0271	138.428	84.7267	138.428	84.9684	138.428	84.6361	138.428	84.8946	138.428	84.56	138.428	84.8094	138.428	84.5062	138.428	84.7169	138.428	84.4793	138.428	84.6216	138.428	84.4792	138.428	84.5289	138.428	84.5012	138.428	84.4452	138.428	84.5368	138.428	84.3771	138.428	84.5753	138.428	84.3313	138.428	84.6061	138.428	84.3123	138.428	84.6203	138.428	84.3216	138.428	84.6129	138.428	84.3564	138.428	84.5827	138.428	84.4099	138.428	84.5335	138.428	84.4725
143.555	84.9443	143.555	84.9751	143.555	84.8866	143.555	84.9775	143.555	84.806	143.555	84.9526	143.555	84.7096	143.555	84.9031	143.555	84.6069	143.555	84.8328	143.555	84.5087	143.555	84.7463	143.555	84.4257	143.555	84.648	143.555	84.3666	143.555	84.5429	143.555	84.3364	143.555	84.4362	143.555	84.3352	143.555	84.3343	143.555	84.3576	143.555	84.244	143.555	84.3945	143.555	84.1728	143.555	84.4344	143.555	84.1274	143.555	84.4658	143.555	84.1123	143.555	84.4791	143.555	84.1284	143.555	84.4688	143.555	84.1721	143.555	84.4337	143.555	84.2354	143.555	84.3774	143.555	84.3077
148.682	84.8256	148.682	84.8605	148.682	84.7607	148.682	84.8642	148.682	84.6702	148.682	84.8381	148.682	84.5617	148.682	84.7853	148.682	84.4457	148.682	84.7104	148.682	84.3345	148.682	84.6183	148.682	84.2403	148.682	84.5139	148.682	84.1733	148.682	84.4028	148.682	84.1394	148.682	84.2905	148.682	84.1391	148.682	84.1837	148.682	84.1667	148.682	84.0898	148.682	84.2119	148.682	84.0168	148.682	84.2619	148.682	83.9715	148.682	84.3036	148.682	83.9585	148.682	84.3263	148.682	83.9781	148.682	84.3233	148.682	84.0259	148.682	84.2929	148.682	84.0932	148.682	84.2386	148.682	84.1683
153.809	84.6778	153.809	84.7127	153.809	84.61	153.809	84.7138	153.809	84.5136	153.809	84.6831	153.809	84.3966	153.809	84.6247	153.809	84.2702	153.809	84.5438	153.809	84.148	153.809	84.4461	153.809	84.0437	153.809	84.3374	153.809	83.969	153.809	84.2236	153.809	83.9313	153.809	84.1107	153.809	83.9314	153.809	84.0055	153.809	83.9636	153.809	83.9152	153.809	84.0168	153.809	83.8472	153.809	84.0767	153.809	83.808	153.809	84.1292	153.809	83.8013	153.809	84.1621	153.809	83.8269	153.809	84.1679	153.809	83.8795	153.809	84.1442	153.809	83.9498	153.809	84.0942	153.809	84.0256
159.668	84.5186	159.668	84.5408	159.668	84.4597	159.668	84.5266	159.668	84.3676	159.668	84.4792	159.668	84.25	159.668	84.4041	159.668	84.1184	159.668	84.3081	159.668	83.9872	159.668	84.1979	159.668	83.8713	159.668	84.0801	159.668	83.7844	159.668	83.9611	159.668	83.7353	159.668	83.847	159.668	83.7267	159.668	83.7445	159.668	83.7538	159.668	83.6607	159.668	83.8056	159.668	83.6024	159.668	83.8677	159.668	83.5751	159.668	83.9247	159.668	83.5813	159.668	83.9634	159.668	83.6192	159.668	83.9751	159.668	83.6823	159.668	83.9561	159.668	83.76	159.668	83.9086	159.668	83.8397
164.795	84.5132	164.795	84.5354	164.795	84.4475	164.795	84.5141	164.795	84.3428	164.795	84.4527	164.795	84.2077	164.795	84.3574	164.795	84.0555	164.795	84.236	164.795	83.9023	164.795	84.0968	164.795	83.7653	164.795	83.9486	164.795	83.6603	164.795	83.7998	164.795	83.5978	164.795	83.659	164.795	83.5811	164.795	83.5347	164.795	83.6055	164.795	83.4356	164.795	83.6589	164.795	83.3698	164.795	83.7249	164.795	83.343	164.795	83.7862	164.795	83.3569	164.795	83.8279	164.795	83.408	164.795	83.8394	164.795	83.4876	164.795	83.8162	164.795	83.5827	164.795	83.7601	164.795	83.6783
170.654	84.5724	170.654	84.5924	170.654	84.5074	170.654	84.5676	170.654	84.401	170.654	84.5015	170.654	84.2617	170.654	84.4001	170.654	84.1018	170.654	84.2707	170.654	83.9372	170.654	84.1212	170.654	83.7852	170.654	83.9596	170.654	83.6617	170.654	83.794	170.654	83.5783	170.654	83.6332	170.654	83.5398	170.654	83.4866	170.654	83.5426	170.654	83.3641	170.654	83.576	170.654	83.2756	170.654	83.6244	170.654	83.2286	170.654	83.6706	170.654	83.226	170.654	83.6998	170.654	83.2652	170.654	83.7014	170.654	83.3374	170.654	83.6706	170.654	83.429	170.654	83.6092	170.654	83.5246
176.514	84.249	176.514	84.2702	176.514	84.1812	176.514	84.2456	176.514	84.0708	176.514	84.1797	176.514	83.9268	176.514	84.0796	176.514	83.7625	176.514	83.9536	176.514	83.5953	176.514	83.8104	176.514	83.4434	176.514	83.6584	176.514	83.3237	176.514	83.5054	176.514	83.248	176.514	83.3594	176.514	83.2206	176.514	83.2287	176.514	83.2373	176.514	83.1223	176.514	83.286	176.514	83.0488	176.514	83.3504	176.514	83.0148	176.514	83.4125	176.514	83.0225	176.514	83.4569	176.514	83.0685	176.514	83.4724	176.514	83.1437	176.514	83.4539	176.514	83.2345	176.514	83.4027	176.514	83.3257
183.105	84.1706	183.105	84.2014	183.105	84.0851	183.105	84.178	183.105	83.9499	183.105	84.1054	183.105	83.7753	183.105	83.9918	183.105	83.5776	183.105	83.8475	183.105	83.3767	183.105	83.6835	183.105	83.1945	183.105	83.5105	183.105	83.0509	183.105	83.3388	183.105	82.9598	183.105	83.178	183.105	82.9261	183.105	83.0373	183.105	82.9445	183.105	82.9256	183.105	83.0012	183.105	82.8506	183.105	83.0771	183.105	82.8174	183.105	83.1524	183.105	82.8266	183.105	83.21	183.105	82.8733	183.105	83.238	183.105	82.9474	183.105	83.2308	183.105	83.0348	183.105	83.1893	183.105	83.1202
189.697	84.0261	189.697	84.0555	189.697	83.9397	189.697	84.029	189.697	83.8004	189.697	83.952	189.697	83.6187	189.697	83.833	189.697	83.4108	189.697	83.6825	189.697	83.1979	189.697	83.5116	189.697	83.0036	189.697	83.3313	189.697	82.85	189.697	83.1527	189.697	82.7535	189.697	82.9867	189.697	82.7203	189.697	82.8444	189.697	82.7458	189.697	82.7362	189.697	82.8152	189.697	82.6708	189.697	82.9077	189.697	82.6526	189.697	83.0013	189.697	82.6804	189.697	83.077	189.697	82.7461	189.697	83.1209	189.697	82.8363	189.697	83.1262	189.697	82.9348	189.697	83.0923	189.697	83.025
196.289	83.8511	196.289	83.8738	196.289	83.7653	196.289	83.8353	196.289	83.6203	196.289	83.7423	196.289	83.4267	196.289	83.6047	196.289	83.2016	196.289	83.4342	196.289	82.9679	196.289	83.243	196.289	82.7516	196.289	83.0434	196.289	82.5781	196.289	82.847	196.289	82.4667	196.289	82.6655	196.289	82.4261	196.289	82.5106	196.289	82.4519	196.289	82.3938	196.289	82.5281	196.289	82.325	196.289	82.6313	196.289	82.3095	196.289	82.7365	196.289	82.346	196.289	82.8215	196.289	82.4257	196.289	82.8706	196.289	82.5332	196.289	82.8753	196.289	82.6495	196.289	82.8348	196.289	82.7556
202.881	83.9248	202.881	83.9502	202.881	83.8306	202.881	83.9093	202.881	83.6712	202.881	83.8092	202.881	83.4567	202.881	83.6605	202.881	83.2044	202.881	83.4754	202.881	82.9376	202.881	83.267	202.881	82.684	202.881	83.0483	202.881	82.4712	202.881	82.8319	202.881	82.3217	202.881	82.6305	202.881	82.2477	202.881	82.4567	202.881	82.248	202.881	82.3226	202.881	82.308	202.881	82.2383	202.881	82.4046	202.881	82.209	202.881	82.5115	202.881	82.233	202.881	82.6045	202.881	82.3008	202.881	82.6655	202.881	82.3963	202.881	82.6841	202.881	82.5002	202.881	82.6582	202.881	82.593
210.205	83.8097	210.205	83.8294	210.205	83.7197	210.205	83.7822	210.205	83.5622	210.205	83.6762	210.205	83.3477	210.205	83.5227	210.205	83.0939	210.205	83.3343	210.205	82.8252	210.205	83.1235	210.205	82.5699	210.205	82.9021	210.205	82.3563	210.205	82.6815	210.205	82.2067	210.205	82.4732	210.205	82.1327	210.205	82.2901	210.205	82.1322	210.205	82.1459	210.205	82.1903	210.205	82.0527	210.205	82.2838	210.205	82.0185	210.205	82.3866	210.205	82.0428	210.205	82.4748	210.205	82.1157	210.205	82.5305	210.205	82.2198	210.205	82.543	210.205	82.3337	210.205	82.5099	210.205	82.4362
217.529	83.6772	217.529	83.6736	217.529	83.6028	217.529	83.5971	217.529	83.4522	217.529	83.4582	217.529	83.235	217.529	83.2712	217.529	82.969	217.529	83.0517	217.529	82.6795	217.529	82.8155	217.529	82.3971	217.529	82.5771	217.529	82.1535	217.529	82.3498	217.529	81.9759	217.529	82.1459	217.529	81.8804	217.529	81.9774	217.529	81.8682	217.529	81.8557	217.529	81.9254	217.529	81.7901	217.529	82.0274	217.529	81.7847	217.529	82.1456	217.529	81.8356	217.529	82.2529	217.529	81.9304	217.529	82.3284	217.529	82.0496	217.529	82.3587	217.529	82.1708	217.529	82.3392	217.529	82.273
225.586	83.3878	225.586	83.3862	225.586	83.3055	225.586	83.3065	225.586	83.1419	225.586	83.161	225.586	82.909	225.586	82.9663	225.586	82.6285	225.586	82.7408	225.586	82.33	225.586	82.502	225.586	82.0484	225.586	82.2655	225.586	81.8178	225.586	82.0449	225.586	81.6645	225.586	81.8525	225.586	81.6008	225.586	81.7002	225.586	81.6222	225.586	81.5995	225.586	81.7096	225.586	81.559	225.586	81.8356	225.586	81.5807	225.586	81.9712	225.586	81.658	225.586	82.0909	225.586	81.7747	225.586	82.1757	225.586	81.9088	225.586	82.214	225.586	82.0371	225.586	82.2012	225.586	82.1394
232.91	83.6278	232.91	83.6058	232.91	83.5557	232.91	83.4951	232.91	83.3922	232.91	83.308	232.91	83.1492	232.91	83.062	232.91	82.8478	232.91	82.7774	232.91	82.5183	232.91	82.4753	232.91	82.1971	232.91	82.176	232.91	81.9222	232.91	81.898	232.91	81.7259	232.91	81.6583	232.91	81.6263	232.91	81.4725	232.91	81.6225	232.91	81.3537	232.91	81.6953	232.91	81.3103	232.91	81.8137	232.91	81.3424	232.91	81.9439	232.91	81.4394	232.91	82.0561	232.91	81.5814	232.91	82.129	232.91	81.7433	232.91	82.1502	232.91	81.8996	232.91	82.1158	232.91	82.029
241.699	83.435	241.699	83.4133	241.699	83.3538	241.699	83.2941	241.699	83.1736	241.699	83.0906	241.699	82.9086	241.699	82.8217	241.699	82.583	241.699	82.5091	241.699	82.2305	241.699	82.1748	241.699	81.8908	241.699	81.8387	241.699	81.6044	241.699	81.5186	241.699	81.4043	241.699	81.2316	241.699	81.3077	241.699	80.9956	241.699	81.312	241.699	80.83	241.699	81.3956	241.699	80.7524	241.699	81.5252	241.699	80.7717	241.699	81.6644	241.699	80.8817	241.699	81.7805	241.699	81.0599	241.699	81.8491	241.699	81.2727	241.699	81.855	241.699	81.4846	241.699	81.7927	241.699	81.6651
249.756	83.675	249.756	83.6678	249.756	83.5681	249.756	83.5523	249.756	83.3509	249.756	83.3418	249.756	83.0377	249.756	83.0564	249.756	82.6547	249.756	82.7199	249.756	82.2392	249.756	82.3581	249.756	81.8378	249.756	81.9963	249.756	81.4996	249.756	81.6576	249.756	81.2654	249.756	81.3622	249.756	81.1565	249.756	81.1278	249.756	81.1678	249.756	80.9685	249.756	81.2713	249.756	80.894	249.756	81.4257	249.756	80.9061	249.756	81.5884	249.756	80.996	249.756	81.7239	249.756	81.1443	249.756	81.8071	249.756	81.3241	249.756	81.8249	249.756	81.5062	249.756	81.7748	249.756	81.6636
258.545	83.7558	258.545	83.7418	258.545	83.6552	258.545	83.6195	258.545	83.4423	258.545	83.4023	258.545	83.1296	258.545	83.108	258.545	82.7404	258.545	82.7573	258.545	82.3095	258.545	82.3714	258.545	81.8814	258.545	81.9708	258.545	81.5053	258.545	81.5763	258.545	81.2259	258.545	81.2097	258.545	81.0714	258.545	80.8958	258.545	81.0443	258.545	80.6608	258.545	81.1204	258.545	80.5279	258.545	81.2584	258.545	80.5089	258.545	81.412	258.545	80.5977	258.545	81.5408	258.545	80.7694	258.545	81.6155	258.545	80.9869	258.545	81.6194	258.545	81.2107	258.545	81.5477	258.545	81.4062
268.066	83.5156	268.066	83.5159	268.066	83.3977	268.066	83.4043	268.066	83.166	268.066	83.1942	268.066	82.8351	268.066	82.9045	268.066	82.432	268.066	82.5581	268.066	81.9956	268.066	82.1794	268.066	81.5749	268.066	81.7933	268.066	81.2219	268.066	81.424	268.066	80.9813	268.066	81.0952	268.066	80.8775	268.066	80.8298	268.066	80.9061	268.066	80.6488	268.066	81.0362	268.066	80.5676	268.066	81.2212	268.066	80.5902	268.066	81.4123	268.066	80.7054	268.066	81.5689	268.066	80.8874	268.066	81.6638	268.066	81.1024	268.066	81.6832	268.066	81.3157	268.066	81.6253	268.066	81.4976
277.588	83.5228	277.588	83.5167	277.588	83.4016	277.588	83.3926	277.588	83.1533	277.588	83.167	277.588	82.7904	277.588	82.8607	277.588	82.3394	277.588	82.4958	277.588	81.8416	277.588	82.0941	277.588	81.3523	277.588	81.6767	277.588	80.9346	277.588	81.2649	277.588	80.6471	277.588	80.8834	277.588	80.5258	277.588	80.5616	277.588	80.5715	277.588	80.3326	277.588	80.7488	277.588	80.2264	277.588	81.0003	277.588	80.2576	277.588	81.2643	277.588	80.4158	277.588	81.4884	277.588	80.6657	277.588	81.6354	277.588	80.9577	277.588	81.6844	277.588	81.2415	277.588	81.6289	277.588	81.4752
287.109	83.4889	287.109	83.4597	287.109	83.3882	287.109	83.3143	287.109	83.1558	287.109	83.0751	287.109	82.804	287.109	82.7684	287.109	82.36	287.109	82.4195	287.109	81.8666	287.109	82.0494	287.109	81.3791	287.109	81.6735	287.109	80.9592	287.109	81.3046	287.109	80.6626	287.109	80.9572	287.109	80.524	287.109	80.6515	287.109	80.5448	287.109	80.4146	287.109	80.6936	287.109	80.2767	287.109	80.9171	287.109	80.2594	287.109	81.1569	287.109	80.3647	287.109	81.3617	287.109	80.5686	287.109	81.4944	287.109	80.8278	287.109	81.5334	287.109	81.0927	287.109	81.4724	287.109	81.3187
297.363	83.3083	297.363	83.2981	297.363	83.1691	297.363	83.1486	297.363	82.8816	297.363	82.879	297.363	82.4603	297.363	82.5159	297.363	81.9358	297.363	82.0897	297.363	81.3576	297.363	81.6319	297.363	80.7929	297.363	81.1713	297.363	80.3195	297.363	80.7329	297.363	80.0065	297.363	80.3398	297.363	79.8899	297.363	80.0165	297.363	79.9585	297.363	79.7907	297.363	80.1606	297.363	79.6889	297.363	80.4269	297.363	79.724	297.363	80.6917	297.363	79.8832	297.363	80.9061	297.363	80.128	297.363	81.0401	297.363	80.4068	297.363	81.0806	297.363	80.6713	297.363	81.0267	297.363	80.8857
307.617	83.2263	307.617	83.1712	307.617	83.1272	307.617	82.9815	307.617	82.8696	307.617	82.6886	307.617	82.466	307.617	82.3303	307.617	81.9467	307.617	81.9419	307.617	81.3611	307.617	81.5495	307.617	80.7764	307.617	81.166	307.617	80.2716	307.617	80.7952	307.617	79.9208	307.617	80.4394	307.617	79.7691	307.617	80.1076	307.617	79.8143	307.617	79.822	307.617	80.0082	307.617	79.6174	307.617	80.2779	307.617	79.5317	307.617	80.5502	307.617	79.5864	307.617	80.7667	307.617	79.7703	307.617	80.8901	307.617	80.0402	307.617	80.9025	307.617	80.3371	307.617	80.8031	307.617	80.6055
318.604	83.0031	318.604	82.9935	318.604	82.8418	318.604	82.8326	318.604	82.5051	318.604	82.5529	318.604	82.0048	318.604	82.1953	318.604	81.3733	318.604	81.8024	318.604	80.6677	318.604	81.4096	318.604	79.9743	318.604	81.0384	318.604	79.4043	318.604	80.6957	318.604	79.0665	318.604	80.3802	318.604	79.0208	318.604	80.0909	318.604	79.2431	318.604	79.8363	318.604	79.6408	318.604	79.6388	318.604	80.0991	318.604	79.5317	318.604	80.5196	318.604	79.5474	318.604	80.8336	318.604	79.6987	318.604	81.0022	318.604	79.9647	318.604	81.0125	318.604	80.2935	318.604	80.8742	318.604	80.618
329.59	83.2251	329.59	83.1326	329.59	83.1314	329.59	82.8813	329.59	82.8428	329.59	82.5159	329.59	82.3685	329.59	82.0941	329.59	81.7382	329.59	81.6766	329.59	81.0055	329.59	81.3129	329.59	80.2544	329.59	81.03	329.59	79.6019	329.59	80.8306	329.59	79.1795	329.59	80.7024	329.59	79.0836	329.59	80.6298	329.59	79.3173	329.59	80.6032	329.59	79.7857	329.59	80.6217	329.59	80.3514	329.59	80.6907	329.59	80.8926	329.59	80.8143	329.59	81.3272	329.59	80.9891	329.59	81.6135	329.59	81.1996	329.59	81.7428	329.59	81.4185	329.59	81.7307	329.59	81.6092
341.309	83.1696	341.309	82.9662	341.309	83.1271	341.309	82.5388	341.309	82.8374	341.309	81.9373	341.309	82.3147	341.309	81.2471	341.309	81.5873	341.309	80.5844	341.309	80.7028	341.309	80.0683	341.309	79.7393	341.309	79.7726	341.309	78.8261	341.309	79.6973	341.309	78.1556	341.309	79.7886	341.309	77.9355	341.309	79.9835	341.309	78.2542	341.309	80.2391	341.309	78.9946	341.309	80.5364	341.309	79.927	341.309	80.8707	341.309	80.8466	341.309	81.2382	341.309	81.6232	341.309	81.6253	341.309	82.191	341.309	82.0041	341.309	82.5279	341.309	82.3329	341.309	82.6419	341.309	82.5623
353.76	83.7617	353.76	83.6313	353.76	83.6517	353.76	83.264	353.76	83.3082	353.76	82.6758	353.76	82.7478	353.76	81.9012	353.76	81.9975	353.76	81.0024	353.76	81.0975	353.76	80.0779	353.76	80.1045	353.76	79.2615	353.76	79.1003	353.76	78.6915	353.76	78.2042	353.76	78.4543	353.76	77.5805	353.76	78.5439	353.76	77.4019	353.76	78.8845	353.76	77.7455	353.76	79.3843	353.76	78.5103	353.76	79.9676	353.76	79.4784	353.76	80.576	353.76	80.4385	353.76	81.1573	353.76	81.2465	353.76	81.6577	353.76	81.8237	353.76	82.0218	353.76	82.1396	353.76	82.1968
366.211	84.366	366.211	84.2443	366.211	84.2333	366.211	83.8746	366.211	83.851	366.211	83.2747	366.211	83.2358	366.211	82.4744	366.211	82.4182	366.211	81.5188	366.211	81.445	366.211	80.4723	366.211	80.382	366.211	79.4241	366.211	79.3176	366.211	78.4908	366.211	78.3643	366.211	77.8036	366.211	77.6559	366.211	77.4679	366.211	77.3247	366.211	77.5123	366.211	77.444	366.211	77.8776	366.211	77.9684	366.211	78.4558	366.211	78.7419	366.211	79.1358	366.211	79.574	366.211	79.8203	366.211	80.3069	366.211	80.4255	366.211	80.8378	366.211	80.8791	366.211	81.1141	366.211	81.1222
378.662	84.0633	378.662	83.9623	378.662	83.9197	378.662	83.6261	378.662	83.5298	378.662	83.0727	378.662	82.9019	378.662	82.3304	378.662	82.0588	378.662	81.4423	378.662	81.0437	378.662	80.4705	378.662	79.9282	378.662	79.4981	378.662	78.8188	378.662	78.6257	378.662	77.8558	378.662	77.9597	378.662	77.1894	378.662	77.5909	378.662	76.9278	378.662	77.5656	378.662	77.0888	378.662	77.8639	378.662	77.5959	378.662	78.4029	378.662	78.3183	378.662	79.0663	378.662	79.1131	378.662	79.7359	378.662	79.8512	378.662	80.3098	378.662	80.4307	378.662	80.7084	378.662	80.7834	378.662	80.8761
392.578	84.4543	392.578	84.323	392.578	84.3399	392.578	83.9622	392.578	83.9763	392.578	83.4004	392.578	83.3719	392.578	82.6768	392.578	82.5479	392.578	81.8378	392.578	81.5401	392.578	80.9343	392.578	80.4043	392.578	80.0211	392.578	79.2243	392.578	79.1608	392.578	78.1216	392.578	78.4287	392.578	77.2554	392.578	77.9109	392.578	76.7874	392.578	77.6853	392.578	76.8015	392.578	77.7866	392.578	77.2456	392.578	78.178	392.578	77.9641	392.578	78.7592	392.578	78.7787	392.578	79.4011	392.578	79.5386	392.578	79.9798	392.578	80.133	392.578	80.395	392.578	80.4906	392.578	80.5774
405.762	84.4276	405.762	84.2589	405.762	84.3449	405.762	83.846	405.762	84.014	405.762	83.2117	405.762	83.4468	405.762	82.3991	405.762	82.664	405.762	81.4725	405.762	81.6996	405.762	80.5098	405.762	80.6065	405.762	79.5877	405.762	79.4641	405.762	78.7694	405.762	78.3853	405.762	78.104	405.762	77.5142	405.762	77.6364	405.762	76.9974	405.762	77.413	405.762	76.9197	405.762	77.4671	405.762	77.249	405.762	77.7903	405.762	77.8534	405.762	78.3154	405.762	78.5689	405.762	78.93	405.762	79.2499	405.762	79.5086	405.762	79.7849	405.762	79.9413	405.762	80.0983	405.762	80.1508
420.41	84.5548	420.41	84.368	420.41	84.4646	420.41	83.9124	420.41	84.0998	420.41	83.2066	420.41	83.475	420.41	82.2821	420.41	82.6195	420.41	81.1892	420.41	81.5811	420.41	80.0034	420.41	80.4314	420.41	78.8294	420.41	79.2722	420.41	77.7934	420.41	78.2373	420.41	77.0224	420.41	77.4751	420.41	76.6144	420.41	77.1001	420.41	76.611	420.41	77.1325	420.41	76.9793	420.41	77.4886	420.41	77.6158	420.41	78.0363	420.41	78.3752	420.41	78.6541	420.41	79.1117	420.41	79.2497	420.41	79.7083	420.41	79.7502	420.41	80.0878	420.41	80.0901	420.41	80.2141
435.059	85.04	435.059	84.8223	435.059	84.964	435.059	84.3273	435.059	84.5935	435.059	83.5875	435.059	83.9416	435.059	82.6511	435.059	83.0365	435.059	81.5786	435.059	81.9243	435.059	80.4376	435.059	80.6772	435.059	79.2986	435.059	79.4047	435.059	78.2359	435.059	78.2636	435.059	77.3326	435.059	77.4441	435.059	76.683	435.059	77.0998	435.059	76.3778	435.059	77.2496	435.059	76.4652	435.059	77.7616	435.059	76.9093	435.059	78.4433	435.059	77.5935	435.059	79.1263	435.059	78.3684	435.059	79.6908	435.059	79.099	435.059	80.0595	435.059	79.6847	435.059	80.1879	435.059	80.0597
450.439	84.7074	450.439	84.498	450.439	84.6456	450.439	84.0371	450.439	84.3034	450.439	83.3503	450.439	83.686	450.439	82.4671	450.439	82.8168	450.439	81.4218	450.439	81.7413	450.439	80.2588	450.439	80.5332	450.439	79.0406	450.439	79.3016	450.439	77.8557	450.439	78.1973	450.439	76.8281	450.439	77.3997	450.439	76.1184	450.439	77.0576	450.439	75.8894	450.439	77.2035	450.439	76.2093	450.439	77.7304	450.439	76.9763	450.439	78.4651	450.439	77.9729	450.439	79.2471	450.439	78.9816	450.439	79.9524	450.439	79.8432	450.439	80.4866	450.439	80.4582	450.439	80.7768	450.439	80.774
466.553	84.5829	466.553	84.2891	466.553	84.5421	466.553	83.6857	466.553	84.1618	466.553	82.821	466.553	83.4546	466.553	81.7673	466.553	82.452	466.553	80.614	466.553	81.2086	466.553	79.4537	466.553	79.8125	466.553	78.3635	466.553	78.4017	466.553	77.3962	466.553	77.1803	466.553	76.5856	466.553	76.4018	466.553	75.9713	466.553	76.2579	466.553	75.6296	466.553	76.7184	466.553	75.6719	466.553	77.5384	466.553	76.1569	466.553	78.4363	466.553	76.9851	466.553	79.215	466.553	77.9387	466.553	79.7742	466.553	78.8149	466.553	80.0803	466.553	79.4959	466.553	80.1327	466.553	79.9375
482.666	85.1498	482.666	84.9624	482.666	85.0184	482.666	84.4503	482.666	84.577	482.666	83.6182	482.666	83.8365	482.666	82.4928	482.666	82.8155	482.666	81.1373	482.666	81.5492	482.666	79.6596	482.666	80.1028	482.666	78.2059	482.666	78.5877	482.666	76.9299	482.666	77.1812	482.666	75.9511	482.666	76.1331	482.666	75.3346	482.666	75.7009	482.666	75.1113	482.666	75.9766	482.666	75.3037	482.666	76.7895	482.666	75.9096	482.666	77.8475	482.666	76.8536	482.666	78.9036	482.666	77.9716	482.666	79.7905	482.666	79.0604	482.666	80.3953	482.666	79.9404	482.666	80.6412	482.666	80.4878
500.244	84.6749	500.244	84.4396	500.244	84.5864	500.244	83.9152	500.244	84.1587	500.244	83.1456	500.244	83.399	500.244	82.1723	500.244	82.3348	500.244	81.0284	500.244	81.0118	500.244	79.7482	500.244	79.4979	500.244	78.3834	500.244	77.899	500.244	77.0163	500.244	76.3912	500.244	75.7695	500.244	75.2533	500.244	74.8217	500.244	74.8089	500.244	74.4075	500.244	75.1886	500.244	74.7022	500.244	76.1722	500.244	75.6242	500.244	77.3863	500.244	76.8615	500.244	78.5392	500.244	78.1007	500.244	79.4649	500.244	79.1431	500.244	80.0842	500.244	79.8899	500.244	80.3661	500.244	80.3014
517.822	85.0207	517.822	84.7436	517.822	84.9269	517.822	84.1259	517.822	84.4617	517.822	83.233	517.822	83.6466	517.822	82.158	517.822	82.5209	517.822	80.9967	517.822	81.1422	517.822	79.816	517.822	79.5954	517.822	78.6471	517.822	78.0085	517.822	77.5086	517.822	76.568	517.822	76.4353	517.822	75.5058	517.822	75.5071	517.822	75.0246	517.822	74.8829	517.822	75.1828	517.822	74.7845	517.822	75.8596	517.822	75.3295	517.822	76.8435	517.822	76.3676	517.822	77.9215	517.822	77.585	517.822	78.9073	517.822	78.7034	517.822	79.6476	517.822	79.5421	517.822	80.0317	517.822	79.9994
536.133	84.4335	536.133	84.2136	536.133	84.3073	536.133	83.6762	536.133	83.8063	536.133	82.8417	536.133	82.9152	536.133	81.7271	536.133	81.6441	536.133	80.3639	536.133	80.0444	536.133	78.8154	536.133	78.2365	536.133	77.1791	536.133	76.4616	536.133	75.5676	536.133	75.1203	536.133	74.0908	536.133	74.6232	536.133	72.8843	536.133	75.0041	536.133	72.1921	536.133	75.8755	536.133	72.3325	536.133	76.8145	536.133	73.344	536.133	77.578	536.133	74.8261	536.133	78.1006	536.133	76.3153	536.133	78.4399	536.133	77.5315	536.133	78.6815	536.133	78.3521	536.133	78.8251	536.133	78.7596
554.443	84.3347	554.443	83.8898	554.443	84.3297	554.443	83.0779	554.443	83.8466	554.443	82.0467	554.443	82.8883	554.443	80.9655	554.443	81.4689	554.443	79.9344	554.443	79.6039	554.443	78.9461	554.443	77.318	554.443	77.9577	554.443	74.697	554.443	76.962	554.443	72.1052	554.443	75.9775	554.443	70.6784	554.443	75.0186	554.443	71.5376	554.443	74.1462	554.443	73.6852	554.443	73.5899	554.443	75.8299	554.443	73.6965	554.443	77.5092	554.443	74.5048	554.443	78.6145	554.443	75.6257	554.443	79.1507	554.443	76.6904	554.443	79.1884	554.443	77.5713	554.443	78.8537	554.443	78.288
574.219	84.1671	574.219	83.6743	574.219	84.1961	574.219	82.7262	574.219	83.7688	574.219	81.3751	574.219	82.8943	574.219	79.7633	574.219	81.5769	574.219	78.1573	574.219	79.8111	574.219	76.8627	574.219	77.5772	574.219	75.9998	574.219	74.839	574.219	75.4433	574.219	71.6121	574.219	75.0145	574.219	68.6375	574.219	74.6098	574.219	68.8153	574.219	74.2273	574.219	71.9156	574.219	74.0251	574.219	75.0368	574.219	74.3226	574.219	77.4856	574.219	75.311	574.219	79.2475	574.219	76.7665	574.219	80.3767	574.219	78.2835	574.219	80.928	574.219	79.5719	574.219	80.9503	574.219	80.4842
594.727	84.542	594.727	84.0587	594.727	84.5466	594.727	83.0905	594.727	84.0938	594.727	81.6544	594.727	83.2113	594.727	79.8109	594.727	81.9217	594.727	77.7132	594.727	80.2292	594.727	75.6738	594.727	78.1107	594.727	74.1223	594.727	75.5078	594.727	73.3218	594.727	72.2859	594.727	73.187	594.727	68.1553	594.727	73.4889	594.727	64.5042	594.727	74.0716	594.727	68.4672	594.727	74.9179	594.727	73.6721	594.727	76.0904	594.727	77.4184	594.727	77.5595	594.727	80.0051	594.727	79.1283	594.727	81.6662	594.727	80.5615	594.727	82.5513	594.727	81.7032	594.727	82.7817	594.727	82.4678
615.234	84.5323	615.234	84.1683	615.234	84.297	615.234	83.1812	615.234	83.5146	615.234	81.5873	615.234	82.2566	615.234	79.4611	615.234	80.6011	615.234	76.9706	615.234	78.6175	615.234	74.4291	615.234	76.35	615.234	72.2997	615.234	73.7992	615.234	70.9907	615.234	70.8631	615.234	70.5536	615.234	67.1443	615.234	70.7584	615.234	62.1385	615.234	71.444	615.234	63.9812	615.234	72.6694	615.234	70.5958	615.234	74.4788	615.234	75.3221	615.234	76.6492	615.234	78.6962	615.234	78.8415	615.234	81.0672	615.234	80.7818	615.234	82.565	615.234	82.2606	615.234	83.2367	615.234	83.1153
637.207	85.083	637.207	84.7163	637.207	84.9112	637.207	83.7803	637.207	84.2362	637.207	82.2541	637.207	83.0999	637.207	80.1444	637.207	81.5524	637.207	77.5211	637.207	79.6461	637.207	74.5804	637.207	77.4202	637.207	71.7066	637.207	74.8871	637.207	69.387	637.207	72.0143	637.207	67.8916	637.207	68.5916	637.207	67.1266	637.207	63.5411	637.207	66.9485	637.207	52.5934	637.207	67.6833	637.207	64.5387	637.207	69.9734	637.207	71.5545	637.207	73.3029	637.207	75.8019	637.207	76.5077	637.207	78.6194	637.207	79.0068	637.207	80.4123	637.207	80.645	637.207	81.3296	637.207	81.4112
659.912	85.0195	659.912	84.6816	659.912	84.7419	659.912	83.6706	659.912	83.9172	659.912	81.9481	659.912	82.6219	659.912	79.5151	659.912	80.939	659.912	76.461	659.912	78.9502	659.912	73.0796	659.912	76.7261	659.912	70.0224	659.912	74.3485	659.912	68.1209	659.912	71.9723	659.912	67.6787	659.912	69.7134	659.912	68.2239	659.912	67.0742	659.912	68.9713	659.912	61.9089	659.912	69.4076	659.912	57.0191	659.912	69.7496	659.912	68.4076	659.912	71.1403	659.912	74.0603	659.912	73.871	659.912	77.3731	659.912	76.6507	659.912	79.2532	659.912	78.6921	659.912	80.0251	659.912	79.8234
683.35	84.7987	683.35	84.5906	683.35	84.3645	683.35	83.7498	683.35	83.2685	683.35	82.2526	683.35	81.5148	683.35	80.0305	683.35	79.1781	683.35	76.9721	683.35	76.4642	683.35	72.9335	683.35	73.7074	683.35	67.8002	683.35	71.176	683.35	62.1974	683.35	68.9262	683.35	60.7858	683.35	66.9844	683.35	63.9258	683.35	65.1191	683.35	66.9606	683.35	62.1912	683.35	69.1808	683.35	59.2739	683.35	70.8598	683.35	66.3401	683.35	72.5881	683.35	72.4639	683.35	74.7789	683.35	76.4287	683.35	77.1237	683.35	78.8664	683.35	79.0132	683.35	80.0334	683.35	80.0471
706.787	84.6815	706.787	84.4351	706.787	84.2917	706.787	83.559	706.787	83.2354	706.787	82.0351	706.787	81.4662	706.787	79.8236	706.787	78.9393	706.787	76.8618	706.787	75.6549	706.787	73.0577	706.787	71.7703	706.787	68.3155	706.787	67.8124	706.787	62.6994	706.787	64.8238	706.787	56.2164	706.787	63.7767	706.787	40.9209	706.787	63.746	706.787	56.9161	706.787	62.3117	706.787	64.7656	706.787	56.2884	706.787	69.5302	706.787	62.4897	706.787	72.9573	706.787	70.5777	706.787	75.6243	706.787	75.1438	706.787	77.6992	706.787	77.8764	706.787	79.1063	706.787	79.3205	706.787	79.6904
731.689	85.4066	731.689	85.0377	731.689	85.0658	731.689	83.9581	731.689	84.0011	731.689	82.1542	731.689	82.1807	731.689	79.6052	731.689	79.5524	731.689	76.2979	731.689	76.0382	731.689	72.2844	731.689	71.5537	731.689	67.9796	731.689	66.2008	731.689	64.824	731.689	61.1144	731.689	63.5808	731.689	58.5792	731.689	62.2966	731.689	58.66	731.689	59.5409	731.689	60.0368	731.689	58.4877	731.689	61.695	731.689	64.1475	731.689	64.6098	731.689	69.538	731.689	69.0276	731.689	73.5851	731.689	73.1272	731.689	76.4156	731.689	76.1133	731.689	78.0671	731.689	77.913	731.689	78.561
758.057	85.7225	758.057	85.2301	758.057	85.5358	758.057	84.0903	758.057	84.6419	758.057	82.3326	758.057	83.0151	758.057	79.9801	758.057	80.6253	758.057	77.0776	758.057	77.4425	758.057	73.8028	758.057	73.4832	758.057	70.7105	758.057	69.063	758.057	68.7245	758.057	65.5061	758.057	67.8758	758.057	63.9003	758.057	66.8487	758.057	62.064	758.057	64.0524	758.057	56.1316	758.057	56.583	758.057	55.593	758.057	60.7269	758.057	66.0054	758.057	68.4114	758.057	71.258	758.057	72.7345	758.057	74.6407	758.057	75.5759	758.057	76.8638	758.057	77.3872	758.057	78.0582	758.057	78.2262
784.424	86.1904	784.424	85.7458	784.424	85.9719	784.424	84.6387	784.424	85.0615	784.424	82.8281	784.424	83.4238	784.424	80.2479	784.424	81.0292	784.424	76.8868	784.424	77.8621	784.424	72.9638	784.424	73.9442	784.424	69.0917	784.424	69.496	784.424	66.231	784.424	65.8056	784.424	65.566	784.424	64.9573	784.424	66.2428	784.424	64.8152	784.424	66.034	784.424	61.9894	784.424	63.3377	784.424	46.6178	784.424	51.7936	784.424	64.5357	784.424	62.1507	784.424	71.3966	784.424	70.4999	784.424	75.0729	784.424	74.9072	784.424	77.233	784.424	77.3959	784.424	78.3517	784.424	78.4612
812.256	86.253	812.256	85.7017	812.256	85.9993	812.256	84.3298	812.256	84.9409	812.256	82.0988	812.256	83.0619	812.256	78.9245	812.256	80.3279	812.256	74.6782	812.256	76.6984	812.256	69.3591	812.256	72.1632	812.256	63.6824	812.256	66.7776	812.256	59.0895	812.256	61.3415	812.256	60.063	812.256	61.214	812.256	64.4403	812.256	63.7618	812.256	66.7636	812.256	63.824	812.256	66.634	812.256	58.7992	812.256	63.1173	812.256	56.896	812.256	48.9021	812.256	68.1335	812.256	64.9256	812.256	72.9752	812.256	71.2424	812.256	75.4198	812.256	74.4572	812.256	76.3445	812.256	76.0291
840.82	85.8471	840.82	85.448	840.82	85.353	840.82	84.0726	840.82	83.9928	840.82	81.5581	840.82	81.7405	840.82	77.5705	840.82	78.5277	840.82	71.2984	840.82	74.308	840.82	61.0821	840.82	69.3178	840.82	60.5601	840.82	64.3554	840.82	60.6038	840.82	58.7429	840.82	52.7127	840.82	47.9523	840.82	60.9374	840.82	57.9143	840.82	66.5404	840.82	61.1442	840.82	68.2561	840.82	57.5411	840.82	67.165	840.82	54.7975	840.82	62.45	840.82	67.7211	840.82	61.1742	840.82	72.8401	840.82	68.7607	840.82	75.2135	840.82	72.8779	840.82	75.8249	840.82	75.0408
870.85	85.5389	870.85	85.1744	870.85	84.9184	870.85	83.8289	870.85	83.2676	870.85	81.4368	870.85	80.4573	870.85	77.6964	870.85	76.1624	870.85	71.4824	870.85	69.725	870.85	57.299	870.85	63.4369	870.85	65.0446	870.85	65.0386	870.85	67.8954	870.85	65.5627	870.85	65.5811	870.85	65.3264	870.85	54.7254	870.85	66.2597	870.85	60.8127	870.85	66.4129	870.85	66.6974	870.85	64.3692	870.85	67.8315	870.85	66.8203	870.85	66.6889	870.85	72.7234	870.85	67.5438	870.85	76.3363	870.85	72.1246	870.85	78.1128	870.85	75.756	870.85	78.5464	870.85	77.8036
901.611	85.5882	901.611	85.4939	901.611	84.6445	901.611	84.321	901.611	82.5904	901.611	81.9435	901.611	79.1202	901.611	78.0435	901.611	73.3089	901.611	71.5846	901.611	62.5163	901.611	60.3383	901.611	66.0709	901.611	66.5442	901.611	69.2105	901.611	68.9884	901.611	68.2268	901.611	67.1757	901.611	64.5569	901.611	59.1497	901.611	65.4529	901.611	58.955	901.611	69.1761	901.611	67.2607	901.611	70.1485	901.611	69.9047	901.611	70.2025	901.611	69.9761	901.611	73.9364	901.611	68.8479	901.611	77.9552	901.611	71.3032	901.611	80.0483	901.611	75.8419	901.611	80.3133	901.611	78.9166
933.105	84.649	933.105	84.1906	933.105	84.2583	933.105	83.0914	933.105	82.7793	933.105	81.3847	933.105	79.8533	933.105	78.6474	933.105	74.629	933.105	73.598	933.105	66.6666	933.105	63.4491	933.105	70.7904	933.105	70.322	933.105	74.0239	933.105	74.2675	933.105	74.0944	933.105	74.5615	933.105	71.3228	933.105	72.0262	933.105	65.6419	933.105	66.7638	933.105	68.8466	933.105	68.1768	933.105	72.8827	933.105	72.3955	933.105	74.0102	933.105	74.2912	933.105	75.1993	933.105	75.4389	933.105	78.5195	933.105	77.4749	933.105	81.3633	933.105	80.1186	933.105	82.532	933.105	82.0313
966.064	85.3684	966.064	84.3738	966.064	85.1788	966.064	82.1899	966.064	83.8229	966.064	79.0062	966.064	81.1957	966.064	75.2148	966.064	76.8283	966.064	70.0765	966.064	69.0785	966.064	55.22	966.064	65.5904	966.064	67.4295	966.064	71.7869	966.064	73.0317	966.064	73.6919	966.064	74.6451	966.064	72.9098	966.064	73.9442	966.064	69.0834	966.064	71.214	966.064	62.9621	966.064	66.7447	966.064	69.0745	966.064	65.9618	966.064	72.0151	966.064	70.1392	966.064	71.6491	966.064	73.7303	966.064	73.5857	966.064	76.8557	966.064	78.0594	966.064	79.4208	966.064	80.5079	966.064	80.8143
999.756	85.6877	999.756	84.8153	999.756	85.4795	999.756	82.7614	999.756	84.1238	999.756	79.2043	999.756	81.4047	999.756	73.6063	999.756	76.7159	999.756	66.154	999.756	67.0759	999.756	64.3711	999.756	63.5754	999.756	68.4819	999.756	72.4243	999.756	72.0073	999.756	74.9243	999.756	73.6141	999.756	74.9375	999.756	73.3121	999.756	72.7305	999.756	71.1675	999.756	68.1541	999.756	66.88	999.756	67.3874	999.756	58.67	999.756	69.9811	999.756	60.8466	999.756	69.4814	999.756	69.8035	999.756	71.521	999.756	75.1422	999.756	76.7063	999.756	78.4353	999.756	79.4879	999.756	79.9316
1034.91	84.8624	1034.91	83.9011	1034.91	84.5871	1034.91	81.6638	1034.91	83.0122	1034.91	78.024	1034.91	79.8782	1034.91	72.8223	1034.91	74.282	1034.91	66.9624	1034.91	61.7157	1034.91	67.6394	1034.91	68.5224	1034.91	71.9385	1034.91	73.8291	1034.91	74.8002	1034.91	75.7644	1034.91	75.9607	1034.91	75.8623	1034.91	75.443	1034.91	74.1994	1034.91	73.1405	1034.91	70.4823	1034.91	68.8098	1034.91	67.128	1034.91	62.8181	1034.91	68.6695	1034.91	62.2761	1034.91	68.5978	1034.91	68.3212	1034.91	69	1034.91	73.4809	1034.91	73.8567	1034.91	76.6364	1034.91	77.0141	1034.91	77.8287
1071.53	84.486	1071.53	83.825	1071.53	83.9906	1071.53	81.7645	1071.53	82.3782	1071.53	77.8695	1071.53	79.4003	1071.53	71.9179	1071.53	74.1724	1071.53	68.4035	1071.53	64.128	1071.53	69.8712	1071.53	68.5895	1071.53	72.4372	1071.53	73.2662	1071.53	75.4117	1071.53	74.9377	1071.53	77.1779	1071.53	75.1792	1071.53	77.2923	1071.53	74.2817	1071.53	75.7427	1071.53	72.1529	1071.53	72.5203	1071.53	69.7588	1071.53	67.6186	1071.53	69.5881	1071.53	60.8845	1071.53	69.3053	1071.53	63.2654	1071.53	68.1255	1071.53	70.948	1071.53	71.9121	1071.53	75.1348	1071.53	75.5853	1071.53	76.6222
1109.62	84.6133	1109.62	83.6709	1109.62	84.0387	1109.62	81.1097	1109.62	82.0477	1109.62	76.8705	1109.62	78.6065	1109.62	71.506	1109.62	73.1461	1109.62	69.4329	1109.62	66.6921	1109.62	71.5523	1109.62	71.4938	1109.62	73.6133	1109.62	75.3088	1109.62	75.0781	1109.62	76.8768	1109.62	75.9074	1109.62	76.8769	1109.62	75.9463	1109.62	75.3994	1109.62	74.9223	1109.62	72.3986	1109.62	72.4476	1109.62	69.8885	1109.62	68.2551	1109.62	71.2693	1109.62	63.4115	1109.62	71.7672	1109.62	61.7846	1109.62	69.5382	1109.62	69.0934	1109.62	71.8463	1109.62	74.8492	1109.62	76.1206	1109.62	77.1105
1148.44	84.3802	1148.44	83.2944	1148.44	83.6963	1148.44	80.114	1148.44	81.3711	1148.44	74.4205	1148.44	77.5523	1148.44	70.9335	1148.44	73.023	1148.44	72.9667	1148.44	70.7414	1148.44	73.0959	1148.44	72.5132	1148.44	72.5837	1148.44	74.9979	1148.44	73.9286	1148.44	76.6339	1148.44	75.6235	1148.44	77.2142	1148.44	76.1066	1148.44	76.5028	1148.44	75.2826	1148.44	74.0472	1148.44	73.3774	1148.44	70.87	1148.44	70.4268	1148.44	71.8734	1148.44	65.7159	1148.44	72.4171	1148.44	49.2855	1148.44	68.6211	1148.44	66.6414	1148.44	69.8081	1148.44	73.9039	1148.44	75.2511	1148.44	76.4004
1189.45	85.0109	1189.45	83.8999	1189.45	84.1139	1189.45	80.2286	1189.45	81.3566	1189.45	73.1669	1189.45	76.7302	1189.45	72.0295	1189.45	72.9656	1189.45	74.9276	1189.45	74.4264	1189.45	75.1119	1189.45	75.651	1189.45	74.6189	1189.45	75.9643	1189.45	75.0805	1189.45	76.4167	1189.45	75.9183	1189.45	76.9599	1189.45	75.9983	1189.45	76.7015	1189.45	74.8226	1189.45	74.7202	1189.45	72.0781	1189.45	70.5714	1189.45	67.7921	1189.45	70.7274	1189.45	63.206	1189.45	73.1903	1189.45	36.8234	1189.45	71.2099	1189.45	68.7239	1189.45	70.9003	1189.45	75.6542	1189.45	76.3928	1189.45	77.8933
1231.2	84.5319	1231.2	83.5672	1231.2	83.6261	1231.2	80.2211	1231.2	80.7105	1231.2	72.7042	1231.2	75.7868	1231.2	72.3275	1231.2	73.7567	1231.2	76.6876	1231.2	76.2331	1231.2	76.8745	1231.2	77.5917	1231.2	75.2259	1231.2	77.818	1231.2	75.0201	1231.2	77.7999	1231.2	76.5803	1231.2	78.1936	1231.2	77.4344	1231.2	78.3896	1231.2	76.9548	1231.2	77.1126	1231.2	75.0329	1231.2	72.7799	1231.2	71.2996	1231.2	66.9501	1231.2	65.2777	1231.2	71.8367	1231.2	55.4247	1231.2	71.2284	1231.2	67.6526	1231.2	68.4711	1231.2	75.069	1231.2	75.1932	1231.2	77.32
1274.41	84.1639	1274.41	83.1595	1274.41	83.3456	1274.41	79.9597	1274.41	80.4947	1274.41	73.631	1274.41	75.4187	1274.41	73.4569	1274.41	74.2335	1274.41	77.6429	1274.41	77.4029	1274.41	78.5744	1274.41	78.6827	1274.41	77.4027	1274.41	78.4726	1274.41	75.914	1274.41	77.6187	1274.41	76.4865	1274.41	77.1213	1274.41	77.7584	1274.41	77.2589	1274.41	77.9233	1274.41	76.9782	1274.41	76.455	1274.41	75.2021	1274.41	73.1928	1274.41	72.2241	1274.41	68.9238	1274.41	71.1182	1274.41	62.8573	1274.41	69.0173	1274.41	65.9941	1274.41	64.8718	1274.41	73.6283	1274.41	72.593	1274.41	75.3913
1319.82	84.1265	1319.82	83.0265	1319.82	83.0971	1319.82	79.3866	1319.82	79.7777	1319.82	72.9779	1319.82	75.1383	1319.82	76.6158	1319.82	76.2032	1319.82	80.0914	1319.82	79.0618	1319.82	80.5787	1319.82	80.1479	1319.82	79.5692	1319.82	79.6914	1319.82	78.4953	1319.82	78.3038	1319.82	77.9372	1319.82	77.3245	1319.82	77.3528	1319.82	77.334	1319.82	76.4827	1319.82	76.7896	1319.82	75.0711	1319.82	74.1575	1319.82	71.9635	1319.82	71.507	1319.82	67.0735	1319.82	73.9746	1319.82	63.8431	1319.82	72.9661	1319.82	59.0983	1319.82	66.2912	1319.82	73.8903	1319.82	74.7295	1319.82	77.1922
1365.97	84.3971	1365.97	83.2553	1365.97	83.1155	1365.97	79.6145	1365.97	79.4142	1365.97	74.1122	1365.97	74.9599	1365.97	76.8496	1365.97	76.9273	1365.97	80.8209	1365.97	80.1856	1365.97	81.7864	1365.97	81.6946	1365.97	80.3942	1365.97	81.4623	1365.97	78.495	1365.97	79.7451	1365.97	79.3347	1365.97	77.9133	1365.97	80.7762	1365.97	78.2142	1365.97	80.8745	1365.97	78.8942	1365.97	79.2298	1365.97	76.9455	1365.97	75.0799	1365.97	69.039	1365.97	66.6081	1365.97	73.2213	1365.97	54.7784	1365.97	75.309	1365.97	67.4021	1365.97	70.5382	1365.97	75.4858	1365.97	75.5137	1365.97	78.104
1414.31	84.6489	1414.31	82.9055	1414.31	83.6118	1414.31	78.347	1414.31	79.7552	1414.31	75.5259	1414.31	75.9181	1414.31	78.1197	1414.31	78.8048	1414.31	80.4484	1414.31	81.0171	1414.31	81.7349	1414.31	81.8849	1414.31	81.2888	1414.31	81.7102	1414.31	79.1073	1414.31	80.2256	1414.31	77.7914	1414.31	78.0905	1414.31	79.5015	1414.31	78.3002	1414.31	80.9708	1414.31	79.8089	1414.31	80.9694	1414.31	78.9984	1414.31	79.0298	1414.31	73.1949	1414.31	74.1135	1414.31	69.1195	1414.31	65.8468	1414.31	73.5998	1414.31	65.615	1414.31	67.515	1414.31	74.3937	1414.31	73.2311	1414.31	77.1961
1464.11	85.7655	1464.11	83.8866	1464.11	84.5668	1464.11	78.8473	1464.11	80.2863	1464.11	76.5042	1464.11	77.2556	1464.11	79.7705	1464.11	79.8682	1464.11	81.0346	1464.11	81.393	1464.11	80.9132	1464.11	81.9862	1464.11	79.911	1464.11	81.8649	1464.11	77.8171	1464.11	80.5351	1464.11	74.6689	1464.11	77.7162	1464.11	72.7796	1464.11	75.9393	1464.11	75.6101	1464.11	78.2536	1464.11	78.6236	1464.11	79.0575	1464.11	79.223	1464.11	75.4757	1464.11	76.2603	1464.11	65.7901	1464.11	69.2015	1464.11	71.8095	1464.11	62.8851	1464.11	66.7976	1464.11	72.579	1464.11	71.1306	1464.11	76.1237
1515.38	85.5351	1515.38	83.5099	1515.38	84.465	1515.38	78.0449	1515.38	80.4625	1515.38	76.1719	1515.38	77.6287	1515.38	80.3533	1515.38	80.3532	1515.38	81.7889	1515.38	82.0356	1515.38	81.1962	1515.38	82.5101	1515.38	79.2016	1515.38	82.2461	1515.38	76.3968	1515.38	81.0451	1515.38	74.8582	1515.38	78.8318	1515.38	75.2391	1515.38	77.1	1515.38	74.6725	1515.38	78.1295	1515.38	74.6211	1515.38	78.6944	1515.38	76.5873	1515.38	75.4844	1515.38	75.4537	1515.38	69.1949	1515.38	68.8696	1515.38	72.3201	1515.38	60.4442	1515.38	64.965	1515.38	71.2953	1515.38	73.3264	1515.38	76.024
1568.85	85.2016	1568.85	83.1479	1568.85	84.4422	1568.85	78.6356	1568.85	80.9112	1568.85	76.2069	1568.85	79.2088	1568.85	79.7826	1568.85	81.3667	1568.85	81.8087	1568.85	82.0541	1568.85	82.0244	1568.85	81.6579	1568.85	80.8046	1568.85	81.3718	1568.85	77.7542	1568.85	80.6707	1568.85	75.2406	1568.85	77.8938	1568.85	78.3669	1568.85	73.4664	1568.85	79.7476	1568.85	76.9874	1568.85	77.9291	1568.85	78.9416	1568.85	75.1987	1568.85	75.5514	1568.85	74.3866	1568.85	57.5622	1568.85	69.7644	1568.85	70.9694	1568.85	65.8751	1568.85	68.1965	1568.85	73.2605	1568.85	73.006	1568.85	76.1946
1624.51	85.7269	1624.51	82.6897	1624.51	85.0857	1624.51	77.4547	1624.51	81.1843	1624.51	78.3586	1624.51	80.2199	1624.51	80.344	1624.51	82.0381	1624.51	80.9921	1624.51	81.7758	1624.51	81.4809	1624.51	80.6402	1624.51	81.2766	1624.51	80.7171	1624.51	78.901	1624.51	81.2166	1624.51	70.2354	1624.51	79.8419	1624.51	72.7326	1624.51	74.1493	1624.51	79.616	1624.51	69.9263	1624.51	80.3358	1624.51	78.4367	1624.51	78.4484	1624.51	79.218	1624.51	76.0958	1624.51	73.516	1624.51	73.2719	1624.51	72.1755	1624.51	72.5675	1624.51	74.11	1624.51	75.9618	1624.51	72.9936	1624.51	76.9508
1681.64	86.1016	1681.64	84.014	1681.64	84.6744	1681.64	77.7695	1681.64	80.6644	1681.64	79.729	1681.64	80.3038	1681.64	82.3133	1681.64	82.472	1681.64	81.1886	1681.64	82.4035	1681.64	79.8675	1681.64	80.6304	1681.64	80.9906	1681.64	78.3472	1681.64	81.8202	1681.64	77.8496	1681.64	79.9268	1681.64	79.047	1681.64	72.0125	1681.64	78.1106	1681.64	70.0133	1681.64	69.4402	1681.64	77.6697	1681.64	74.0209	1681.64	79.1564	1681.64	80.3263	1681.64	78.7926	1681.64	79.2854	1681.64	77.8607	1681.64	73.4041	1681.64	76.5725	1681.64	75.1002	1681.64	75.8857	1681.64	71.4037	1681.64	72.4695
1740.97	85.9509	1740.97	84.4712	1740.97	84.5708	1740.97	79.5378	1740.97	80.7651	1740.97	78.5491	1740.97	79.1669	1740.97	82.4244	1740.97	81.0209	1740.97	82.7054	1740.97	81.4816	1740.97	80.0618	1740.97	80.6482	1740.97	76.6001	1740.97	78.9042	1740.97	77.5124	1740.97	76.0384	1740.97	77.8341	1740.97	74.08	1740.97	74.3284	1740.97	75.7848	1740.97	69.9593	1740.97	74.2491	1740.97	77.5482	1740.97	64.4963	1740.97	79.4768	1740.97	76.6012	1740.97	77.9315	1740.97	78.3328	1740.97	75.6857	1740.97	73.5624	1740.97	74.4572	1740.97	70.7663	1740.97	71.6872	1740.97	71.5959	1740.97	59.9326
1802.49	85.9004	1802.49	84.7335	1802.49	84.5105	1802.49	80.8941	1802.49	80.8223	1802.49	78.3794	1802.49	79.4375	1802.49	80.9344	1802.49	81.0258	1802.49	81.5548	1802.49	80.8066	1802.49	79.8994	1802.49	79.6528	1802.49	76.5497	1802.49	78.6255	1802.49	74.1293	1802.49	76.9614	1802.49	74.9135	1802.49	73.62	1802.49	71.8422	1802.49	73.0258	1802.49	55.7813	1802.49	74.7534	1802.49	70.3635	1802.49	69.9797	1802.49	73.487	1802.49	66.5919	1802.49	74.6184	1802.49	75.2955	1802.49	74.7644	1802.49	74.075	1802.49	72.5903	1802.49	70.2977	1802.49	64.816	1802.49	73.3491	1802.49	66.5031
1866.21	85.8092	1866.21	84.7226	1866.21	85.1733	1866.21	82.524	1866.21	82.4569	1866.21	80.2145	1866.21	80.0334	1866.21	80.0282	1866.21	79.9722	1866.21	80.8558	1866.21	79.5454	1866.21	80.5829	1866.21	78.1572	1866.21	77.829	1866.21	77.0013	1866.21	71.8793	1866.21	76.8265	1866.21	71.8574	1866.21	74.6765	1866.21	74.9044	1866.21	68.3077	1866.21	73.3988	1866.21	69.4248	1866.21	62.3777	1866.21	71.8956	1866.21	72.618	1866.21	68.5107	1866.21	74.2179	1866.21	70.5831	1866.21	71.9044	1866.21	71.8329	1866.21	67.0719	1866.21	70.1936	1866.21	54.2577	1866.21	73.9509	1866.21	71.2129
1932.13	85.709	1932.13	84.4334	1932.13	85.1875	1932.13	82.8179	1932.13	83.1034	1932.13	81.9787	1932.13	81.5622	1932.13	81.2296	1932.13	81.3124	1932.13	79.6099	1932.13	79.9019	1932.13	76.5767	1932.13	77.2772	1932.13	74.2021	1932.13	75.5312	1932.13	73.927	1932.13	74.9948	1932.13	73.6627	1932.13	73.6369	1932.13	74.7781	1932.13	70.184	1932.13	74.7295	1932.13	66.2397	1932.13	69.1777	1932.13	70.4426	1932.13	72.4001	1932.13	72.3432	1932.13	74.7138	1932.13	70.9251	1932.13	72.6489	1932.13	70.775	1932.13	68.4775	1932.13	69.2381	1932.13	56.3995	1932.13	70.6406	1932.13	70.2225
2000.24	86.0993	2000.24	84.409	2000.24	85.2196	2000.24	81.9301	2000.24	82.8036	2000.24	82.2167	2000.24	81.676	2000.24	81.2526	2000.24	81.2908	2000.24	78.5277	2000.24	79.9661	2000.24	76.7894	2000.24	77.697	2000.24	76.1745	2000.24	74.7209	2000.24	73.8767	2000.24	74.9224	2000.24	69.743	2000.24	76.0506	2000.24	73.379	2000.24	72.6999	2000.24	75.6296	2000.24	66.7402	2000.24	72.6577	2000.24	70.3159	2000.24	68.6524	2000.24	69.9778	2000.24	73.0382	2000.24	71.6703	2000.24	71.6581	2000.24	71.3409	2000.24	66.4941	2000.24	65.7227	2000.24	61.4784	2000.24	70.2043	2000.24	71.4104
2070.56	85.7423	2070.56	85.0978	2070.56	84.6033	2070.56	82.243	2070.56	82.3576	2070.56	80.8049	2070.56	80.7921	2070.56	80.9892	2070.56	80.45	2070.56	80.4058	2070.56	79.9191	2070.56	78.5152	2070.56	79.3827	2070.56	76.1738	2070.56	77.3997	2070.56	74.7096	2070.56	73.9406	2070.56	70.6394	2070.56	74.276	2070.56	57.7692	2070.56	74.1913	2070.56	66.0593	2070.56	70.4958	2070.56	67.9115	2070.56	74.511	2070.56	67.6941	2070.56	75.1892	2070.56	71.6521	2070.56	69.4942	2070.56	70.3598	2070.56	71.456	2070.56	65.8209	2070.56	68.7389	2070.56	64.0026	2070.56	70.8406	2070.56	69.8573
2143.8	84.8749	2143.8	85.0762	2143.8	83.8332	2143.8	83.3525	2143.8	82.7607	2143.8	81.167	2143.8	80.7833	2143.8	80.401	2143.8	79.9696	2143.8	80.0749	2143.8	80.3004	2143.8	78.897	2143.8	79.6135	2143.8	77.0624	2143.8	77.3179	2143.8	75.5858	2143.8	74.0881	2143.8	75.3261	2143.8	73.2907	2143.8	73.2984	2143.8	74.9249	2143.8	68.2656	2143.8	72.5448	2143.8	72.3222	2143.8	65.6592	2143.8	69.4926	2143.8	73.4669	2143.8	69.4925	2143.8	72.6794	2143.8	71.1909	2143.8	63.4828	2143.8	67.2068	2143.8	65.8867	2143.8	59.3665	2143.8	71.0435	2143.8	70.4316
2219.24	85.106	2219.24	83.7294	2219.24	83.702	2219.24	81.9513	2219.24	82.1829	2219.24	81.5315	2219.24	81.1042	2219.24	80.3853	2219.24	79.6813	2219.24	77.7673	2219.24	78.9779	2219.24	76.2052	2219.24	77.2626	2219.24	75.5363	2219.24	75.1672	2219.24	72.0566	2219.24	74.6449	2219.24	70.7721	2219.24	73.5204	2219.24	74.329	2219.24	73.6818	2219.24	71.7855	2219.24	74.3396	2219.24	69.8101	2219.24	70.1603	2219.24	71.6283	2219.24	70.4239	2219.24	70.9569	2219.24	69.3885	2219.24	72.7296	2219.24	68.7884	2219.24	62.5192	2219.24	66.0299	2219.24	55.3066	2219.24	69.4273	2219.24	70.6863
2297.61	85.7484	2297.61	84.1988	2297.61	84.079	2297.61	81.0908	2297.61	81.3411	2297.61	80.1541	2297.61	80.3273	2297.61	79.648	2297.61	79.6124	2297.61	78.518	2297.61	78.8583	2297.61	77.0652	2297.61	77.8287	2297.61	75.4401	2297.61	75.9006	2297.61	74.0544	2297.61	74.3946	2297.61	71.5523	2297.61	74.9477	2297.61	72.3181	2297.61	74.6541	2297.61	72.1515	2297.61	73.284	2297.61	65.861	2297.61	70.6142	2297.61	69.0332	2297.61	68.335	2297.61	68.2673	2297.61	70.4542	2297.61	70.1889	2297.61	65.5574	2297.61	66.255	2297.61	59.1827	2297.61	56.3196	2297.61	68.6075	2297.61	69.0517
2378.17	84.9014	2378.17	83.8526	2378.17	83.8041	2378.17	80.8867	2378.17	81.6712	2378.17	79.0227	2378.17	79.8639	2378.17	79.6095	2378.17	78.425	2378.17	79.8063	2378.17	78.0708	2378.17	77.7085	2378.17	77.7011	2378.17	74.8105	2378.17	75.6733	2378.17	72.8781	2378.17	74.4345	2378.17	73.5106	2378.17	73.3106	2378.17	68.6797	2378.17	72.5147	2378.17	71.8159	2378.17	72.652	2378.17	71.3153	2378.17	72.0702	2378.17	69.6441	2378.17	70.5275	2378.17	69.3724	2378.17	71.3373	2378.17	69.1279	2378.17	65.9786	2378.17	61.6803	2378.17	62.7108	2378.17	60.382	2378.17	68.4055	2378.17	70.0001
2462.4	84.7008	2462.4	83.2718	2462.4	82.9187	2462.4	80.5943	2462.4	80.5493	2462.4	78.9099	2462.4	80.1103	2462.4	78.9276	2462.4	79.1298	2462.4	79.5706	2462.4	78.4603	2462.4	78.196	2462.4	77.7077	2462.4	74.9414	2462.4	75.9983	2462.4	73.7809	2462.4	73.4775	2462.4	72.623	2462.4	74.5112	2462.4	71.05	2462.4	74.5036	2462.4	68.2501	2462.4	71.3079	2462.4	70.6592	2462.4	73.1723	2462.4	70.097	2462.4	70.3193	2462.4	70.2327	2462.4	70.4063	2462.4	67.124	2462.4	64.354	2462.4	64.201	2462.4	49.1344	2462.4	64.4116	2462.4	65.8388	2462.4	69.4373
2548.83	85.8723	2548.83	83.8299	2548.83	83.9698	2548.83	79.8276	2548.83	80.0304	2548.83	79.9865	2548.83	79.6078	2548.83	80.4342	2548.83	80.1357	2548.83	78.9154	2548.83	79.2471	2548.83	78.5026	2548.83	78.2318	2548.83	77.6159	2548.83	76.717	2548.83	73.7074	2548.83	74.5827	2548.83	72.6728	2548.83	71.637	2548.83	70.5359	2548.83	73.5449	2548.83	65.0354	2548.83	73.6632	2548.83	71.1	2548.83	71.142	2548.83	69.606	2548.83	70.6969	2548.83	69.6762	2548.83	69.3808	2548.83	68.597	2548.83	68.9948	2548.83	64.1271	2548.83	60.9845	2548.83	63.8684	2548.83	66.9373	2548.83	70.4248
2638.92	86.1509	2638.92	84.4253	2638.92	84.6322	2638.92	81.2711	2638.92	80.9291	2638.92	79.774	2638.92	78.9619	2638.92	80.2346	2638.92	80.686	2638.92	80.5317	2638.92	80.7144	2638.92	79.6421	2638.92	78.9721	2638.92	78.0303	2638.92	77.2152	2638.92	75.6393	2638.92	75.5256	2638.92	71.5973	2638.92	73.8268	2638.92	72.554	2638.92	70.5863	2638.92	72.3456	2638.92	73.4651	2638.92	68.6632	2638.92	72.1108	2638.92	72.115	2638.92	70.8488	2638.92	70.217	2638.92	69.7974	2638.92	71.339	2638.92	69.7603	2638.92	65.5582	2638.92	58.8405	2638.92	60.1812	2638.92	67.0712	2638.92	69.2662
2731.93	86.143	2731.93	84.6878	2731.93	84.8946	2731.93	82.3176	2731.93	81.9949	2731.93	80.5134	2731.93	80.2174	2731.93	80.8888	2731.93	80.2335	2731.93	81.6434	2731.93	80.9375	2731.93	79.5771	2731.93	80.0269	2731.93	77.0597	2731.93	78.4271	2731.93	75.6943	2731.93	77.0713	2731.93	74.2645	2731.93	77.2647	2731.93	70.6182	2731.93	76.2371	2731.93	70.4512	2731.93	75.4186	2731.93	70.9147	2731.93	74.0959	2731.93	71.8763	2731.93	72.0785	2731.93	70.5946	2731.93	66.7169	2731.93	70.4677	2731.93	65.055	2731.93	65.7731	2731.93	58.0292	2731.93	59.6323	2731.93	67.2258	2731.93	69.6361
2828.61	86.8137	2828.61	85.2431	2828.61	85.2179	2828.61	81.9258	2828.61	82.148	2828.61	80.7865	2828.61	81.7111	2828.61	81.8209	2828.61	81.7086	2828.61	81.8916	2828.61	81.0197	2828.61	81.6437	2828.61	80.2615	2828.61	79.0674	2828.61	78.7517	2828.61	75.6513	2828.61	75.5667	2828.61	74.7531	2828.61	75.5623	2828.61	70.3451	2828.61	73.4699	2828.61	70.9563	2828.61	75.7333	2828.61	70.3032	2828.61	72.6889	2828.61	71.4	2828.61	71.5922	2828.61	72.4803	2828.61	66.3355	2828.61	70.5904	2828.61	66.7729	2828.61	67.1465	2828.61	57.0265	2828.61	62.9475	2828.61	68.0523	2828.61	66.7882
2928.22	86.8777	2928.22	85.6662	2928.22	85.666	2928.22	82.9915	2928.22	82.4335	2928.22	81.5313	2928.22	81.8267	2928.22	82.949	2928.22	83.1519	2928.22	82.9791	2928.22	82.5201	2928.22	81.3291	2928.22	81.1979	2928.22	79.64	2928.22	80.3187	2928.22	76.6836	2928.22	77.563	2928.22	74.9566	2928.22	73.0863	2928.22	74.3402	2928.22	70.6853	2928.22	69.7481	2928.22	70.6191	2928.22	73.2583	2928.22	72.3492	2928.22	71.4084	2928.22	71.2572	2928.22	72.189	2928.22	68.8047	2928.22	66.5362	2928.22	66.3929	2928.22	64.8612	2928.22	63.2725	2928.22	65.3085	2928.22	64.2727	2928.22	70.424
3031.49	86.4762	3031.49	85.9013	3031.49	85.8829	3031.49	84.0476	3031.49	83.3052	3031.49	82.5523	3031.49	82.3097	3031.49	83.4108	3031.49	83.7539	3031.49	83.1863	3031.49	83.6227	3031.49	82.7742	3031.49	81.9513	3031.49	80.378	3031.49	80.5657	3031.49	74.6036	3031.49	78.6842	3031.49	72.9992	3031.49	72.398	3031.49	70.1507	3031.49	69.7379	3031.49	70.5053	3031.49	70.6522	3031.49	71.2767	3031.49	74.8769	3031.49	73.3109	3031.49	72.3536	3031.49	72.2089	3031.49	69.5208	3031.49	67.4126	3031.49	67.2942	3031.49	62.8235	3031.49	62.9927	3031.49	66.7933	3031.49	65.2245	3031.49	69.9163
3138.43	85.7115	3138.43	86.2885	3138.43	85.8154	3138.43	84.3041	3138.43	84.7627	3138.43	83.4042	3138.43	82.1004	3138.43	83.6766	3138.43	83.2933	3138.43	83.9532	3138.43	83.3694	3138.43	81.4444	3138.43	82.0838	3138.43	78.2988	3138.43	79.7329	3138.43	77.4101	3138.43	77.3065	3138.43	74.5845	3138.43	69.8399	3138.43	72.4499	3138.43	64.0332	3138.43	70.8893	3138.43	66.4042	3138.43	68.3905	3138.43	74.7308	3138.43	71.9056	3138.43	72.195	3138.43	70.9198	3138.43	69.8151	3138.43	67.9155	3138.43	62.0226	3138.43	56.5542	3138.43	60.3378	3138.43	67.203	3138.43	70.9089	3138.43	71.4434
3249.02	85.3911	3249.02	85.7556	3249.02	85.2163	3249.02	84.3806	3249.02	85.6582	3249.02	83.7212	3249.02	83.3514	3249.02	83.9824	3249.02	83.2231	3249.02	83.4141	3249.02	83.3028	3249.02	81.1839	3249.02	81.5424	3249.02	78.797	3249.02	78.1116	3249.02	74.9041	3249.02	74.2086	3249.02	70.3894	3249.02	69.824	3249.02	70.2256	3249.02	64.7017	3249.02	67.865	3249.02	55.0374	3249.02	72.6025	3249.02	69.9902	3249.02	71.7332	3249.02	69.8308	3249.02	72.2317	3249.02	69.0956	3249.02	66.2613	3249.02	61.13	3249.02	55.2528	3249.02	67.2654	3249.02	67.2849	3249.02	68.5809	3249.02	66.8137
3363.28	85.2084	3363.28	85.4231	3363.28	84.5781	3363.28	85.0776	3363.28	85.2042	3363.28	83.8516	3363.28	84.1956	3363.28	83.6028	3363.28	82.9858	3363.28	82.4585	3363.28	83.0646	3363.28	81.9123	3363.28	80.7463	3363.28	78.981	3363.28	77.0784	3363.28	75.5616	3363.28	73.8207	3363.28	75.1878	3363.28	75.7119	3363.28	73.1991	3363.28	74.3897	3363.28	66.4929	3363.28	67.1968	3363.28	70.3938	3363.28	65.5478	3363.28	71.6145	3363.28	71.7501	3363.28	72.259	3363.28	71.5444	3363.28	68.0549	3363.28	60.863	3363.28	57.2296	3363.28	66.3286	3363.28	66.4547	3363.28	64.9631	3363.28	68.1576
3481.93	84.5272	3481.93	85.1505	3481.93	85.1825	3481.93	84.9667	3481.93	84.8827	3481.93	83.5395	3481.93	83.5964	3481.93	82.7529	3481.93	82.9753	3481.93	83.1944	3481.93	82.6218	3481.93	81.2594	3481.93	80.7817	3481.93	77.9658	3481.93	76.6544	3481.93	76.0035	3481.93	75.0828	3481.93	71.9245	3481.93	75.6386	3481.93	69.6363	3481.93	76.5419	3481.93	70.2632	3481.93	72.2479	3481.93	69.6486	3481.93	71.5872	3481.93	71.2977	3481.93	70.6709	3481.93	71.0282	3481.93	70.7017	3481.93	67.2746	3481.93	63.0023	3481.93	53.5644	3481.93	64.5773	3481.93	69.4672	3481.93	64.6348	3481.93	67.9423
3604.98	84.1388	3604.98	85.009	3604.98	84.8345	3604.98	85.6116	3604.98	85.3733	3604.98	83.4144	3604.98	82.9129	3604.98	81.9192	3604.98	82.7047	3604.98	81.899	3604.98	82.7857	3604.98	81.019	3604.98	81.1616	3604.98	79.4924	3604.98	77.3903	3604.98	75.7553	3604.98	76.4305	3604.98	72.6944	3604.98	78.226	3604.98	70.1762	3604.98	76.5278	3604.98	68.611	3604.98	69.5907	3604.98	67.3553	3604.98	70.3709	3604.98	71.8444	3604.98	67.9043	3604.98	71.1096	3604.98	68.5809	3604.98	68.4361	3604.98	63.1881	3604.98	56.356	3604.98	65.0498	3604.98	68.0428	3604.98	64.1709	3604.98	65.6043
3732.42	84.1995	3732.42	84.5135	3732.42	84.7114	3732.42	85.7338	3732.42	85.3233	3732.42	82.8559	3732.42	83.2534	3732.42	81.1823	3732.42	81.3681	3732.42	82.0383	3732.42	82.0882	3732.42	81.6234	3732.42	81.5855	3732.42	77.4637	3732.42	80.1334	3732.42	73.4343	3732.42	76.094	3732.42	72.0216	3732.42	76.9228	3732.42	69.9189	3732.42	76.2328	3732.42	68.6459	3732.42	71.6504	3732.42	69.9691	3732.42	65.6981	3732.42	71.4624	3732.42	69.3226	3732.42	72.2908	3732.42	69.177	3732.42	70.0214	3732.42	54.6592	3732.42	54.4831	3732.42	63.4495	3732.42	67.5311	3732.42	64.5356	3732.42	61.8576
3863.53	84.1688	3863.53	85.2233	3863.53	85.5167	3863.53	86.0088	3863.53	85.2408	3863.53	81.8143	3863.53	83.3631	3863.53	81.0161	3863.53	81.2122	3863.53	82.0758	3863.53	81.957	3863.53	80.5191	3863.53	81.4453	3863.53	77.7225	3863.53	80.3932	3863.53	76.1394	3863.53	78.8984	3863.53	71.8699	3863.53	74.9184	3863.53	69.5729	3863.53	71.3371	3863.53	66.8953	3863.53	62.5302	3863.53	68.938	3863.53	51.1459	3863.53	69.754	3863.53	68.9475	3863.53	70.7636	3863.53	65.8982	3863.53	68.6583	3863.53	55.5497	3863.53	53.6873	3863.53	62.5541	3863.53	68.4764	3863.53	66.4199	3863.53	60.7808
3999.76	84.4042	3999.76	85.8014	3999.76	86.0757	3999.76	86.0198	3999.76	85.2893	3999.76	82.2312	3999.76	83.0505	3999.76	81.5391	3999.76	80.5942	3999.76	81.7186	3999.76	81.6692	3999.76	80.4941	3999.76	81.8333	3999.76	79.2056	3999.76	80.5386	3999.76	75.0082	3999.76	79.1973	3999.76	71.8371	3999.76	74.6696	3999.76	68.8733	3999.76	67.1452	3999.76	69.6328	3999.76	68.2727	3999.76	67.8143	3999.76	67.2626	3999.76	69.5449	3999.76	71.0755	3999.76	72.1481	3999.76	66.2419	3999.76	68.7407	3999.76	61.9313	3999.76	57.1207	3999.76	66.252	3999.76	67.8046	3999.76	65.9953	3999.76	61.1745
4141.11	84.0164	4141.11	86.1894	4141.11	85.3123	4141.11	85.6622	4141.11	85.6681	4141.11	82.9027	4141.11	82.8088	4141.11	81.4586	4141.11	80.8172	4141.11	81.2296	4141.11	82.0829	4141.11	81.6917	4141.11	82.1956	4141.11	79.0957	4141.11	79.8923	4141.11	75.7984	4141.11	78.776	4141.11	74.0717	4141.11	73.0848	4141.11	70.5154	4141.11	72.4801	4141.11	67.4652	4141.11	75.8268	4141.11	69.0028	4141.11	68.591	4141.11	70.0417	4141.11	70.838	4141.11	69.7457	4141.11	66.276	4141.11	62.983	4141.11	59.3193	4141.11	59.3536	4141.11	65.8266	4141.11	67.3443	4141.11	60.7376	4141.11	62.6832
4286.87	85.2455	4286.87	86.0108	4286.87	84.8835	4286.87	84.771	4286.87	84.9744	4286.87	83.9049	4286.87	82.718	4286.87	80.575	4286.87	79.4021	4286.87	81.3361	4286.87	80.7706	4286.87	80.9845	4286.87	82.1169	4286.87	79.5917	4286.87	78.7353	4286.87	76.262	4286.87	72.8355	4286.87	68.6285	4286.87	71.8041	4286.87	67.9721	4286.87	77.2844	4286.87	70.3516	4286.87	77.7873	4286.87	68.963	4286.87	67.6118	4286.87	71.6849	4286.87	64.0605	4286.87	71.5807	4286.87	64.8488	4286.87	62.4128	4286.87	61.813	4286.87	61.0585	4286.87	62.2399	4286.87	68.0321	4286.87	61.9911	4286.87	59.2146
4438.48	85.6256	4438.48	85.666	4438.48	85.4164	4438.48	85.303	4438.48	85.5747	4438.48	83.8705	4438.48	83.0728	4438.48	80.054	4438.48	80.7547	4438.48	81.0705	4438.48	79.1257	4438.48	81.5458	4438.48	79.5695	4438.48	78.3519	4438.48	77.1468	4438.48	73.327	4438.48	68.7042	4438.48	73.574	4438.48	64.2059	4438.48	67.4676	4438.48	74.5486	4438.48	67.7982	4438.48	75.1398	4438.48	67.5146	4438.48	71.9041	4438.48	69.4914	4438.48	67.2387	4438.48	70.6681	4438.48	66.3515	4438.48	60.2175	4438.48	61.7169	4438.48	61.872	4438.48	63.4571	4438.48	67.6412	4438.48	61.5356	4438.48	61.5424
4594.48	86.0833	4594.48	85.3056	4594.48	84.6492	4594.48	85.4513	4594.48	85.9456	4594.48	83.832	4594.48	82.5881	4594.48	80.3696	4594.48	82.0876	4594.48	80.8834	4594.48	80.7912	4594.48	80.7984	4594.48	78.9843	4594.48	77.8968	4594.48	75.281	4594.48	74.5999	4594.48	73.8665	4594.48	70.4228	4594.48	75.2877	4594.48	68.4268	4594.48	68.4639	4594.48	67.1469	4594.48	71.6435	4594.48	67.7293	4594.48	75.0794	4594.48	69.5743	4594.48	71.2407	4594.48	70.7253	4594.48	65.188	4594.48	57.7039	4594.48	57.7295	4594.48	63.5191	4594.48	62.0231	4594.48	63.6742	4594.48	59.0511	4594.48	58.4296
4757.08	86.9648	4757.08	85.0525	4757.08	84.6943	4757.08	85.8782	4757.08	85.7205	4757.08	83.8092	4757.08	82.9003	4757.08	80.1446	4757.08	80.0361	4757.08	80.7147	4757.08	81.4101	4757.08	79.5437	4757.08	78.5639	4757.08	77.857	4757.08	77.3605	4757.08	75.0947	4757.08	74.7021	4757.08	73.6904	4757.08	75.8944	4757.08	67.3178	4757.08	72.1087	4757.08	67.1288	4757.08	67.5875	4757.08	66.8956	4757.08	73.9225	4757.08	70.118	4757.08	70.8779	4757.08	70.1841	4757.08	63.3002	4757.08	59.7023	4757.08	53.5567	4757.08	59.5402	4757.08	62.928	4757.08	65.1517	4757.08	64.4648	4757.08	60.8274
4924.8	86.6102	4924.8	85.4506	4924.8	85.4836	4924.8	85.8021	4924.8	85.4076	4924.8	83.8781	4924.8	84.0253	4924.8	80.9405	4924.8	78.4093	4924.8	78.6425	4924.8	79.9743	4924.8	79.6842	4924.8	80.7958	4924.8	79.105	4924.8	79.2912	4924.8	76.2957	4924.8	77.0237	4924.8	73.2937	4924.8	75.0731	4924.8	71.3831	4924.8	71.962	4924.8	66.8903	4924.8	60.3654	4924.8	69.2508	4924.8	67.4473	4924.8	69.4894	4924.8	72.8388	4924.8	70.0621	4924.8	66.3313	4924.8	56.5329	4924.8	57.0522	4924.8	65.1031	4924.8	64.1417	4924.8	65.4045	4924.8	63.7983	4924.8	64.4755
5098.39	87.1698	5098.39	85.8426	5098.39	85.5633	5098.39	85.0711	5098.39	84.9258	5098.39	84.77	5098.39	84.7556	5098.39	79.7445	5098.39	78.9212	5098.39	77.5624	5098.39	77.4755	5098.39	80.5812	5098.39	80.6464	5098.39	79.9046	5098.39	79.733	5098.39	76.5598	5098.39	75.143	5098.39	73.1616	5098.39	73.1226	5098.39	66.4271	5098.39	74.3704	5098.39	67.1336	5098.39	70.2576	5098.39	67.9757	5098.39	59.072	5098.39	69.66	5098.39	71.6711	5098.39	69.5138	5098.39	67.5531	5098.39	48.47	5098.39	64.9202	5098.39	65.2207	5098.39	67.0651	5098.39	62.0929	5098.39	61.4062	5098.39	59.4463
5277.83	87.127	5277.83	86.1778	5277.83	86.3332	5277.83	84.5707	5277.83	84.014	5277.83	84.854	5277.83	84.5886	5277.83	78.8325	5277.83	79.9886	5277.83	77.7594	5277.83	76.8095	5277.83	80.5478	5277.83	80.1476	5277.83	79.2394	5277.83	79.3465	5277.83	73.5155	5277.83	72.0788	5277.83	72.1816	5277.83	68.9784	5277.83	67.6577	5277.83	75.5982	5277.83	64.7345	5277.83	74.5104	5277.83	67.165	5277.83	66.5461	5277.83	69.3348	5277.83	67.7395	5277.83	66.8691	5277.83	62.7017	5277.83	49.2565	5277.83	58.5303	5277.83	66.2509	5277.83	65.6249	5277.83	63.7925	5277.83	61.5883	5277.83	65.17
5463.87	87.0627	5463.87	86.4688	5463.87	86.4868	5463.87	84.4082	5463.87	84.2292	5463.87	85.0252	5463.87	83.7929	5463.87	79.0903	5463.87	79.676	5463.87	78.2823	5463.87	78.1105	5463.87	80.1814	5463.87	78.384	5463.87	78.0795	5463.87	77.601	5463.87	74.242	5463.87	75.0618	5463.87	69.1777	5463.87	70.6981	5463.87	63.7718	5463.87	73.5687	5463.87	62.484	5463.87	71.9976	5463.87	67.7679	5463.87	69.8379	5463.87	69.9919	5463.87	64.7634	5463.87	67.2323	5463.87	56.9717	5463.87	57.4318	5463.87	62.0938	5463.87	65.3324	5463.87	60.7027	5463.87	63.0814	5463.87	63.3952	5463.87	61.72
5656.49	87.8754	5656.49	86.6792	5656.49	86.77	5656.49	84.4787	5656.49	83.9455	5656.49	84.6415	5656.49	84.2731	5656.49	80.6372	5656.49	80.4767	5656.49	78.2727	5656.49	78.3767	5656.49	79.0889	5656.49	77.6189	5656.49	77.6998	5656.49	78.1747	5656.49	73.817	5656.49	75.3832	5656.49	71.2981	5656.49	71.8023	5656.49	68.6503	5656.49	72.3626	5656.49	60.0269	5656.49	68.5558	5656.49	68.996	5656.49	62.7857	5656.49	69.6064	5656.49	62.1871	5656.49	65.4407	5656.49	53.95	5656.49	55.1328	5656.49	54.4774	5656.49	66.0682	5656.49	61.8993	5656.49	62.9297	5656.49	62.384	5656.49	62.2319
5856.45	87.4804	5856.45	86.587	5856.45	86.8997	5856.45	84.9363	5856.45	84.0563	5856.45	83.7037	5856.45	83.6621	5856.45	82.1897	5856.45	81.7109	5856.45	75.5644	5856.45	77.8497	5856.45	79.1569	5856.45	78.6785	5856.45	78.5884	5856.45	77.1452	5856.45	74.0529	5856.45	75.1712	5856.45	66.7793	5856.45	66.3258	5856.45	63.7969	5856.45	74.1355	5856.45	61.652	5856.45	72.892	5856.45	69.3923	5856.45	58.1987	5856.45	69.4637	5856.45	65.1739	5856.45	62.898	5856.45	55.8702	5856.45	60.5587	5856.45	59.3896	5856.45	65.5164	5856.45	66.448	5856.45	61.6314	5856.45	64.6056	5856.45	62.6441
6062.99	87.5361	6062.99	87.0686	6062.99	86.7868	6062.99	84.9399	6062.99	84.2792	6062.99	83.6639	6062.99	83.2926	6062.99	82.4712	6062.99	82.6481	6062.99	74.5183	6062.99	75.8526	6062.99	79.0113	6062.99	79.6022	6062.99	78.7132	6062.99	79.1965	6062.99	73.4722	6062.99	77.3137	6062.99	67.9881	6062.99	54.4281	6062.99	68.3404	6062.99	73.1477	6062.99	59.9915	6062.99	68.0553	6062.99	68.581	6062.99	62.6046	6062.99	68.2724	6062.99	67.6531	6062.99	64.8148	6062.99	62.5406	6062.99	52.8163	6062.99	62.0119	6062.99	66.8932	6062.99	65.8117	6062.99	62.5719	6062.99	59.6567	6062.99	65.1017
6276.86	86.7632	6276.86	87.1457	6276.86	87.2076	6276.86	84.6887	6276.86	84.5721	6276.86	83.8726	6276.86	83.1442	6276.86	82.306	6276.86	82.5021	6276.86	76.0017	6276.86	76.0276	6276.86	78.66	6276.86	78.9482	6276.86	78.5034	6276.86	79.5013	6276.86	73.6321	6276.86	78.9605	6276.86	62.9814	6276.86	65.1618	6276.86	57.6756	6276.86	65.4539	6276.86	57.9249	6276.86	70.8294	6276.86	68.5879	6276.86	66.7154	6276.86	68.7251	6276.86	67.3848	6276.86	62.6538	6276.86	66.2141	6276.86	57.886	6276.86	59.6313	6276.86	66.0938	6276.86	64.1884	6276.86	56.1536	6276.86	52.644	6276.86	64.4577
6498.05	86.7894	6498.05	87.4307	6498.05	87.2353	6498.05	84.2204	6498.05	84.1136	6498.05	84.3132	6498.05	83.5454	6498.05	82.3777	6498.05	82.2156	6498.05	77.1546	6498.05	76.6655	6498.05	78.1308	6498.05	77.4587	6498.05	76.7899	6498.05	77.3973	6498.05	72.0799	6498.05	75.4131	6498.05	65.1043	6498.05	69.7795	6498.05	65.0789	6498.05	61.3479	6498.05	58.5675	6498.05	72.5397	6498.05	67.5799	6498.05	69.4757	6498.05	67.7699	6498.05	67.4342	6498.05	63.1519	6498.05	57.9282	6498.05	54.8252	6498.05	60.5798	6498.05	65.4363	6498.05	58.8066	6498.05	58.7253	6498.05	59.052	6498.05	62.4563
6727.29	86.3557	6727.29	87.1791	6727.29	87.1529	6727.29	84.6643	6727.29	84.5282	6727.29	83.7511	6727.29	83.3883	6727.29	82.8503	6727.29	82.4084	6727.29	77.0796	6727.29	77.6064	6727.29	77.0863	6727.29	77.7013	6727.29	77.4246	6727.29	76.0486	6727.29	71.9752	6727.29	74.6964	6727.29	64.7325	6727.29	71.5049	6727.29	58.7671	6727.29	50.2723	6727.29	62.531	6727.29	70.004	6727.29	68.0134	6727.29	69.1753	6727.29	67.8123	6727.29	65.9673	6727.29	60.0445	6727.29	61.8228	6727.29	58.6081	6727.29	58.8059	6727.29	64.5413	6727.29	64.1574	6727.29	56.8468	6727.29	59.2403	6727.29	62.5801
6964.6	86.9124	6964.6	86.869	6964.6	86.7224	6964.6	84.86	6964.6	84.5166	6964.6	83.6536	6964.6	83.5357	6964.6	83.2915	6964.6	82.6698	6964.6	76.147	6964.6	76.6952	6964.6	76.3422	6964.6	76.3158	6964.6	76.212	6964.6	75.1833	6964.6	70.8593	6964.6	69.5518	6964.6	69.8924	6964.6	65.6853	6964.6	62.2878	6964.6	55.2131	6964.6	61.8777	6964.6	64.197	6964.6	68.2927	6964.6	68.8074	6964.6	67.4603	6964.6	64.2112	6964.6	60.0871	6964.6	60.1376	6964.6	57.0904	6964.6	55.3425	6964.6	64.5356	6964.6	62.3811	6964.6	49.3219	6964.6	50.7193	6964.6	63.1701
7209.96	86.9967	7209.96	86.1176	7209.96	86.0688	7209.96	85.3268	7209.96	85.1554	7209.96	83.6337	7209.96	83.3198	7209.96	83.0947	7209.96	82.7739	7209.96	76.9597	7209.96	76.735	7209.96	75.7914	7209.96	75.7047	7209.96	76.3192	7209.96	76.2727	7209.96	71.5546	7209.96	72.1564	7209.96	70.2331	7209.96	68.34	7209.96	57.6066	7209.96	52.4107	7209.96	63.7357	7209.96	61.1125	7209.96	66.7605	7209.96	62.8566	7209.96	66.2456	7209.96	64.0725	7209.96	57.6494	7209.96	59.7905	7209.96	59.1938	7209.96	58.6579	7209.96	61.333	7209.96	59.8036	7209.96	49.7619	7209.96	57.0349	7209.96	60.6817
7464.11	87.1473	7464.11	85.7441	7464.11	85.6752	7464.11	85.533	7464.11	85.3887	7464.11	83.538	7464.11	83.3971	7464.11	82.6717	7464.11	82.3904	7464.11	77.7455	7464.11	77.6402	7464.11	75.2413	7464.11	74.0862	7464.11	76.4135	7464.11	75.607	7464.11	70.0624	7464.11	73.1764	7464.11	71.9272	7464.11	71.3198	7464.11	58.7108	7464.11	53.6484	7464.11	64.2195	7464.11	61.3721	7464.11	66.3768	7464.11	61.4872	7464.11	66.4526	7464.11	60.665	7464.11	53.9482	7464.11	57.9729	7464.11	60.4492	7464.11	57.2548	7464.11	59.3251	7464.11	59.8017	7464.11	52.0648	7464.11	55.3893	7464.11	58.5213
7727.78	87.0421	7727.78	85.3184	7727.78	85.0197	7727.78	85.5644	7727.78	85.5557	7727.78	83.6316	7727.78	83.2451	7727.78	81.8869	7727.78	81.558	7727.78	77.9884	7727.78	77.6322	7727.78	74.4319	7727.78	73.5399	7727.78	75.5519	7727.78	75.8741	7727.78	69.1177	7727.78	69.4506	7727.78	71.1734	7727.78	73.8105	7727.78	61.1581	7727.78	57.0509	7727.78	65.393	7727.78	64.179	7727.78	66.405	7727.78	68.1856	7727.78	65.1668	7727.78	57.6372	7727.78	56.7946	7727.78	61.3783	7727.78	60.3625	7727.78	56.7965	7727.78	55.1804	7727.78	59.7288	7727.78	44.5522	7727.78	55.0083	7727.78	59.9975
8000.24	86.5723	8000.24	85.435	8000.24	85.2461	8000.24	85.8492	8000.24	85.55	8000.24	83.4176	8000.24	83.3018	8000.24	81.8506	8000.24	81.5128	8000.24	78.2001	8000.24	77.8915	8000.24	73.2008	8000.24	70.9848	8000.24	76.0632	8000.24	73.7869	8000.24	70.9555	8000.24	70.8652	8000.24	72.8262	8000.24	75.1496	8000.24	67.9382	8000.24	66.8794	8000.24	66.3666	8000.24	58.9357	8000.24	64.0907	8000.24	68.3171	8000.24	65.5515	8000.24	60.0369	8000.24	59.3762	8000.24	60.9429	8000.24	60.7992	8000.24	44.2336	8000.24	55.1888	8000.24	60.4871	8000.24	48.7025	8000.24	47.2013	8000.24	61.984
8282.23	86.2604	8282.23	85.6061	8282.23	85.4129	8282.23	85.534	8282.23	85.3351	8282.23	83.5957	8282.23	83.617	8282.23	81.63	8282.23	81.0385	8282.23	78.2842	8282.23	77.7483	8282.23	70.269	8282.23	71.2062	8282.23	75.1836	8282.23	73.3077	8282.23	73.9442	8282.23	69.8075	8282.23	72.1484	8282.23	74.3761	8282.23	71.9258	8282.23	70.791	8282.23	66.8671	8282.23	63.2923	8282.23	62.8726	8282.23	68.2187	8282.23	63.9208	8282.23	61.5978	8282.23	60.8968	8282.23	56.5626	8282.23	60.273	8282.23	47.9616	8282.23	53.9066	8282.23	58.0673	8282.23	54.5656	8282.23	52.6847	8282.23	61.8477
8574.46	85.5623	8574.46	85.4361	8574.46	85.1529	8574.46	85.2575	8574.46	85.0875	8574.46	84.104	8574.46	83.8643	8574.46	80.7962	8574.46	80.9566	8574.46	78.6558	8574.46	78.4942	8574.46	69.0877	8574.46	70.4456	8574.46	72.5081	8574.46	72.7102	8574.46	73.5184	8574.46	67.46	8574.46	69.2516	8574.46	71.1089	8574.46	70.2746	8574.46	71.5109	8574.46	64.1895	8574.46	64.5887	8574.46	54.5977	8574.46	68.3607	8574.46	62.3247	8574.46	60.5509	8574.46	62.3744	8574.46	60.7063	8574.46	59.5089	8574.46	51.6559	8574.46	53.1192	8574.46	60.7576	8574.46	55.3722	8574.46	53.2504	8574.46	61.1031
8876.22	84.7952	8876.22	85.0697	8876.22	84.9342	8876.22	85.1753	8876.22	84.9623	8876.22	83.9847	8876.22	83.6002	8876.22	80.9415	8876.22	80.8536	8876.22	78.9465	8876.22	78.4458	8876.22	69.2682	8876.22	70.3635	8876.22	68.0051	8876.22	70.4203	8876.22	73.4565	8876.22	71.444	8876.22	68.4051	8876.22	67.9326	8876.22	71.814	8876.22	67.4561	8876.22	60.5088	8876.22	67.7867	8876.22	52.718	8876.22	63.1061	8876.22	61.7551	8876.22	49.2398	8876.22	63.1937	8876.22	59.9861	8876.22	56.4548	8876.22	52.231	8876.22	52.3956	8876.22	57.8403	8876.22	53.2664	8876.22	52.7788	8876.22	59.0971
9189.7	84.0471	9189.7	84.6009	9189.7	84.5764	9189.7	85.0721	9189.7	84.6227	9189.7	83.6429	9189.7	83.3242	9189.7	81.6983	9189.7	81.9586	9189.7	79.1854	9189.7	78.8556	9189.7	67.9161	9189.7	72.6587	9189.7	64.905	9189.7	67.3832	9189.7	73.4006	9189.7	73.9545	9189.7	64.5304	9189.7	67.4335	9189.7	68.8436	9189.7	63.0913	9189.7	53.6042	9189.7	66.3155	9189.7	54.7095	9189.7	58.8469	9189.7	63.0259	9189.7	53.2594	9189.7	61.7829	9189.7	52.6329	9189.7	53.6568	9189.7	49.3761	9189.7	56.7485	9189.7	54.8562	9189.7	51.9588	9189.7	54.926	9189.7	57.6409
9513.43	83.4648	9513.43	84.0607	9513.43	84.143	9513.43	84.5799	9513.43	84.3871	9513.43	83.5802	9513.43	83.0385	9513.43	81.5748	9513.43	81.9953	9513.43	78.8062	9513.43	79.0538	9513.43	70.328	9513.43	72.6819	9513.43	67.6839	9513.43	69.7734	9513.43	72.0515	9513.43	73.5574	9513.43	64.3228	9513.43	62.5692	9513.43	65.1662	9513.43	61.8005	9513.43	50.0256	9513.43	64.6809	9513.43	58.6698	9513.43	60.8906	9513.43	62.5666	9513.43	50.3441	9513.43	60.624	9513.43	56.3678	9513.43	55.676	9513.43	55.0977	9513.43	54.7069	9513.43	57.6589	9513.43	51.9207	9513.43	51.172	9513.43	56.2812
9848.88	83.1443	9848.88	83.5197	9848.88	83.9723	9848.88	84.1449	9848.88	84.05	9848.88	83.5199	9848.88	83.2746	9848.88	80.9052	9848.88	81.9673	9848.88	78.459	9848.88	79.0133	9848.88	71.3594	9848.88	73.6713	9848.88	67.4856	9848.88	72.017	9848.88	69.6071	9848.88	72.6474	9848.88	65.0884	9848.88	63.8274	9848.88	60.6816	9848.88	66.0937	9848.88	52.8716	9848.88	62.0905	9848.88	57.3203	9848.88	60.0273	9848.88	60.8798	9848.88	56.2005	9848.88	59.5099	9848.88	54.8414	9848.88	54.7763	9848.88	51.2786	9848.88	50.2136	9848.88	48.0439	9848.88	51.6757	9848.88	52.0639	9848.88	54.0831
10196.8	83.2016	10196.8	83.1334	10196.8	83.681	10196.8	84.0038	10196.8	83.9915	10196.8	83.2305	10196.8	83.0554	10196.8	80.6313	10196.8	81.5674	10196.8	78.074	10196.8	79.3411	10196.8	71.9826	10196.8	74.4131	10196.8	66.1923	10196.8	71.5688	10196.8	68.4037	10196.8	71.887	10196.8	63.8542	10196.8	64.9717	10196.8	60.6999	10196.8	64.8084	10196.8	52.1333	10196.8	64.7742	10196.8	56.5709	10196.8	62.6614	10196.8	59.1796	10196.8	61.105	10196.8	58.4196	10196.8	44.465	10196.8	49.1748	10196.8	54.8815	10196.8	51.745	10196.8	51.913	10196.8	42.7188	10196.8	48.8165	10196.8	53.6987
10556.4	83.3609	10556.4	83.1815	10556.4	83.4615	10556.4	83.9495	10556.4	84.0036	10556.4	82.6247	10556.4	82.6496	10556.4	80.6325	10556.4	81.503	10556.4	77.0784	10556.4	78.5183	10556.4	72.6902	10556.4	72.7861	10556.4	63.9522	10556.4	70.5508	10556.4	67.9731	10556.4	67.7831	10556.4	62.0057	10556.4	62.6123	10556.4	60.993	10556.4	67.6295	10556.4	51.9334	10556.4	47.9337	10556.4	45.7037	10556.4	58.2814	10556.4	56.3523	10556.4	56.6599	10556.4	58.5048	10556.4	48.0244	10556.4	45.8461	10556.4	49.7171	10556.4	47.3776	10556.4	49.6128	10556.4	47.9954	10556.4	48.7096	10556.4	55.1972
10928.5	83.6855	10928.5	83.5537	10928.5	83.6583	10928.5	83.8774	10928.5	84.0563	10928.5	82.3641	10928.5	82.375	10928.5	80.0057	10928.5	81.1977	10928.5	76.6777	10928.5	78.6799	10928.5	71.8946	10928.5	72.3343	10928.5	63.1826	10928.5	69.7125	10928.5	65.9125	10928.5	68.5459	10928.5	59.4229	10928.5	53.3734	10928.5	61.3324	10928.5	63.2015	10928.5	30.0058	10928.5	62.3484	10928.5	46.2119	10928.5	59.8913	10928.5	53.9643	10928.5	44.488	10928.5	59.2602	10928.5	47.9447	10928.5	40.3386	10928.5	44.7786	10928.5	48.2895	10928.5	47.896	10928.5	43.7156	10928.5	48.8795	10928.5	55.5213
11313.7	83.6938	11313.7	83.7731	11313.7	83.9091	11313.7	83.4127	11313.7	83.6179	11313.7	82.2242	11313.7	82.0639	11313.7	79.333	11313.7	80.242	11313.7	75.993	11313.7	77.8772	11313.7	72.1448	11313.7	72.1067	11313.7	63.0399	11313.7	68.2746	11313.7	58.8842	11313.7	68.2412	11313.7	62.2475	11313.7	59.4586	11313.7	51.1739	11313.7	59.492	11313.7	51.0294	11313.7	54.9932	11313.7	52.2826	11313.7	57.6841	11313.7	55.2656	11313.7	57.0081	11313.7	58.3531	11313.7	48.5565	11313.7	43.9702	11313.7	39.4552	11313.7	50.373	11313.7	43.4859	11313.7	45.8764	11313.7	52.0065	11313.7	52.1323
11712.9	83.766	11712.9	84.0009	11712.9	84.0083	11712.9	83.5769	11712.9	83.5485	11712.9	82.0241	11712.9	81.7587	11712.9	79.4074	11712.9	80.1362	11712.9	75.2323	11712.9	77.7868	11712.9	71.4051	11712.9	71.115	11712.9	65.1374	11712.9	67.7474	11712.9	51.4891	11712.9	64.2093	11712.9	63.1096	11712.9	64.8246	11712.9	42.475	11712.9	45.9074	11712.9	52.8543	11712.9	51.7357	11712.9	47.9922	11712.9	55.8966	11712.9	52.3133	11712.9	54.8477	11712.9	59.2782	11712.9	49.6754	11712.9	45.1987	11712.9	47.5267	11712.9	50.7583	11712.9	41.4536	11712.9	48.162	11712.9	51.8896	11712.9	53.3076
12126	84.3947	12126	83.9535	12126	83.9242	12126	83.8552	12126	83.8262	12126	81.5279	12126	81.3326	12126	78.9028	12126	79.3873	12126	75.1731	12126	76.5574	12126	70.6173	12126	70.4358	12126	64.7608	12126	68.9535	12126	57.9168	12126	60.9873	12126	59.0483	12126	61.3251	12126	43.0284	12126	55.3528	12126	50.4878	12126	57.3371	12126	48.4139	12126	57.4683	12126	48.6576	12126	38.4564	12126	60.3245	12126	39.1817	12126	44.0501	12126	41.564	12126	51.5548	12126	49.8545	12126	52.2237	12126	49.7935	12126	50.6965
12553.7	84.6377	12553.7	84.0118	12553.7	84.2408	12553.7	83.4266	12553.7	83.7439	12553.7	81.3877	12553.7	81.4414	12553.7	78.0588	12553.7	78.6398	12553.7	74.8309	12553.7	75.8838	12553.7	71.2267	12553.7	70.961	12553.7	66.5628	12553.7	68.7362	12553.7	56.2221	12553.7	60.2846	12553.7	58.6251	12553.7	62.3502	12553.7	48.0029	12553.7	56.6892	12553.7	53.3987	12553.7	56.9588	12553.7	44.3928	12553.7	59.5979	12553.7	49.3862	12553.7	53.2294	12553.7	60.6443	12553.7	50.4955	12553.7	42.8787	12553.7	46.2671	12553.7	51.5069	12553.7	45.3434	12553.7	50.4042	12553.7	50.413	12553.7	51.2729
12996.1	84.8471	12996.1	83.9805	12996.1	84.3121	12996.1	83.2012	12996.1	83.5495	12996.1	80.7918	12996.1	81.1634	12996.1	78.4066	12996.1	78.3731	12996.1	74.2541	12996.1	74.3991	12996.1	71.4021	12996.1	72.4301	12996.1	66.0837	12996.1	68.0615	12996.1	62.7859	12996.1	56.8199	12996.1	58.8178	12996.1	63.2831	12996.1	50.5995	12996.1	52.592	12996.1	52.484	12996.1	59.8802	12996.1	50.8447	12996.1	55.3582	12996.1	50.7484	12996.1	52.1251	12996.1	60.622	12996.1	48.2597	12996.1	43.8288	12996.1	43.9778	12996.1	53.9271	12996.1	52.7324	12996.1	46.1424	12996.1	50.0422	12996.1	54.3153
13454.6	84.8922	13454.6	83.799	13454.6	83.9333	13454.6	83.0455	13454.6	83.1756	13454.6	80.6012	13454.6	80.8484	13454.6	78.1592	13454.6	77.9527	13454.6	74.9032	13454.6	74.6029	13454.6	71.1199	13454.6	72.3383	13454.6	66.4622	13454.6	66.882	13454.6	62.7701	13454.6	62.927	13454.6	50.951	13454.6	61.7776	13454.6	44.316	13454.6	45.0497	13454.6	50.3404	13454.6	63.0483	13454.6	55.4168	13454.6	55.6958	13454.6	49.6858	13454.6	39.9684	13454.6	58.7314	13454.6	48.241	13454.6	41.7731	13454.6	38.9633	13454.6	52.3936	13454.6	46.795	13454.6	48.596	13454.6	48.661	13454.6	55.2103
13928.5	84.8252	13928.5	83.5526	13928.5	83.5772	13928.5	82.8488	13928.5	82.9083	13928.5	80.9109	13928.5	81.2527	13928.5	77.9493	13928.5	77.554	13928.5	74.2608	13928.5	74.7485	13928.5	72.0022	13928.5	72.1525	13928.5	65.301	13928.5	67.1768	13928.5	60.9413	13928.5	60.0448	13928.5	43.1683	13928.5	59.5867	13928.5	47.1427	13928.5	50.0969	13928.5	47.416	13928.5	60.4837	13928.5	58.6809	13928.5	54.6258	13928.5	47.9698	13928.5	37.4688	13928.5	57.0705	13928.5	49.8677	13928.5	45.8969	13928.5	36.5249	13928.5	50.8669	13928.5	52.8731	13928.5	49.2918	13928.5	48.7015	13928.5	55.5805
14419.9	84.6989	14419.9	83.427	14419.9	83.4927	14419.9	82.5262	14419.9	82.4742	14419.9	81.0318	14419.9	80.8286	14419.9	78.1574	14419.9	77.7993	14419.9	74.5699	14419.9	74.1863	14419.9	70.7922	14419.9	71.1674	14419.9	66.4631	14419.9	66.0677	14419.9	62.3776	14419.9	56.5271	14419.9	37.0744	14419.9	54.4905	14419.9	47.9733	14419.9	43.5335	14419.9	49.6737	14419.9	63.8997	14419.9	57.2583	14419.9	57.7053	14419.9	43.3425	14419.9	38.845	14419.9	58.4226	14419.9	46.3946	14419.9	44.7556	14419.9	47.6528	14419.9	51.3583	14419.9	50.1022	14419.9	49.0177	14419.9	50.9389	14419.9	56.0524
14928.2	84.7075	14928.2	83.2854	14928.2	83.579	14928.2	82.0229	14928.2	82.1094	14928.2	81.0202	14928.2	80.7093	14928.2	77.6599	14928.2	77.935	14928.2	75.0574	14928.2	75.2405	14928.2	70.5368	14928.2	70.8849	14928.2	63.9662	14928.2	64.6003	14928.2	60.9938	14928.2	61.7885	14928.2	49.9719	14928.2	56.4787	14928.2	52.5509	14928.2	46.3898	14928.2	47.2498	14928.2	62.0818	14928.2	56.7523	14928.2	57.3187	14928.2	43.5153	14928.2	47.6302	14928.2	59.0403	14928.2	52.3354	14928.2	40.5926	14928.2	41.9073	14928.2	50.1961	14928.2	50.0052	14928.2	47.7408	14928.2	51.0341	14928.2	56.1848
15454.8	84.9097	15454.8	83.3504	15454.8	83.6791	15454.8	81.7053	15454.8	82.0878	15454.8	80.7557	15454.8	81.181	15454.8	76.8458	15454.8	76.9986	15454.8	74.5537	15454.8	74.4288	15454.8	69.1573	15454.8	69.367	15454.8	66.147	15454.8	64.1891	15454.8	60.425	15454.8	61.5812	15454.8	51.4354	15454.8	56.815	15454.8	55.1595	15454.8	39.5458	15454.8	40.0416	15454.8	60.8331	15454.8	57.7168	15454.8	52.0532	15454.8	47.9559	15454.8	45.2934	15454.8	57.9158	15454.8	51.0774	15454.8	40.3871	15454.8	48.7536	15454.8	48.4166	15454.8	48.5846	15454.8	49.0617	15454.8	50.6373	15454.8	55.6567
15999.8	84.4502	15999.8	83.0685	15999.8	83.4524	15999.8	81.4644	15999.8	82.0641	15999.8	80.4427	15999.8	81.3258	15999.8	76.9534	15999.8	76.6332	15999.8	74.8207	15999.8	75.0033	15999.8	68.9079	15999.8	69.1417	15999.8	65.5931	15999.8	64.4308	15999.8	61.4698	15999.8	61.8214	15999.8	57.4735	15999.8	52.7551	15999.8	55.3353	15999.8	50.3099	15999.8	48.7472	15999.8	62.8886	15999.8	59.7071	15999.8	47.1093	15999.8	49.5949	15999.8	49.678	15999.8	57.522	15999.8	50.3316	15999.8	46.617	15999.8	43.931	15999.8	43.4735	15999.8	47.4233	15999.8	51.2115	15999.8	52.5091	15999.8	56.1533
16564.5	84.4873	16564.5	82.8787	16564.5	83.3284	16564.5	81.8917	16564.5	82.3042	16564.5	80.4868	16564.5	81.3007	16564.5	76.8273	16564.5	76.6324	16564.5	74.0465	16564.5	73.9794	16564.5	67.6307	16564.5	67.4824	16564.5	67.1182	16564.5	63.3351	16564.5	59.9058	16564.5	60.7328	16564.5	56.4178	16564.5	45.5857	16564.5	58.7078	16564.5	59.293	16564.5	44.6328	16564.5	64.8943	16564.5	60.2092	16564.5	53.9257	16564.5	51.3724	16564.5	53.7066	16564.5	55.347	16564.5	46.9251	16564.5	47.0244	16564.5	50.7546	16564.5	49.0071	16564.5	50.9028	16564.5	51.1425	16564.5	53.1186	16564.5	54.5701
17148.2	84.5753	17148.2	82.8126	17148.2	83.2881	17148.2	81.9174	17148.2	82.2191	17148.2	80.6669	17148.2	80.8877	17148.2	77.2757	17148.2	77.0004	17148.2	73.3456	17148.2	72.8446	17148.2	66.4216	17148.2	67.2375	17148.2	65.7045	17148.2	64.2216	17148.2	62.2957	17148.2	63.6267	17148.2	56.9648	17148.2	51.8281	17148.2	56.8744	17148.2	62.6449	17148.2	49.2388	17148.2	66.9945	17148.2	59.2571	17148.2	55.8844	17148.2	53.8973	17148.2	50.3224	17148.2	48.2523	17148.2	47.3313	17148.2	48.9905	17148.2	47.2223	17148.2	49.9826	17148.2	47.4662	17148.2	51.8489	17148.2	53.4938	17148.2	53.7094
17753.2	84.6177	17753.2	82.5952	17753.2	83.2299	17753.2	82.2455	17753.2	82.3705	17753.2	80.7186	17753.2	80.8325	17753.2	76.9266	17753.2	77.1086	17753.2	73.0911	17753.2	73.0675	17753.2	66.7967	17753.2	66.3472	17753.2	64.0252	17753.2	62.3266	17753.2	62.7069	17753.2	63.4811	17753.2	58.7462	17753.2	55.928	17753.2	51.3036	17753.2	65.1497	17753.2	52.4695	17753.2	68.6725	17753.2	56.0766	17753.2	58.7055	17753.2	54.5353	17753.2	51.5287	17753.2	33.1858	17753.2	51.3284	17753.2	49.9393	17753.2	45.9946	17753.2	53.7875	17753.2	43.9597	17753.2	54.0658	17753.2	54.5795	17753.2	49.2373
18379.4	85.0502	18379.4	82.6332	18379.4	83.4717	18379.4	82.5637	18379.4	82.6444	18379.4	80.5248	18379.4	81.183	18379.4	75.6572	18379.4	76.5832	18379.4	73.1547	18379.4	73.6553	18379.4	70.6476	18379.4	68.5379	18379.4	64.5751	18379.4	58.1319	18379.4	58.3113	18379.4	63.5511	18379.4	60.6039	18379.4	54.9002	18379.4	53.7187	18379.4	63.4381	18379.4	54.0669	18379.4	70.1714	18379.4	51.5633	18379.4	57.7962	18379.4	52.27	18379.4	50.2597	18379.4	46.9985	18379.4	47.276	18379.4	51.7118	18379.4	39.462	18379.4	54.7057	18379.4	48.0883	18379.4	49.8043	18379.4	52.5495	18379.4	40.5429
19027.6	85.6422	19027.6	83.0115	19027.6	84.143	19027.6	82.096	19027.6	82.6911	19027.6	79.2168	19027.6	80.2926	19027.6	73.7878	19027.6	74.7123	19027.6	72.2187	19027.6	73.9063	19027.6	72.8213	19027.6	71.0711	19027.6	68.0327	19027.6	61.3002	19027.6	50.3393	19027.6	61.9275	19027.6	61.2104	19027.6	53.1066	19027.6	56.4906	19027.6	62.1503	19027.6	55.4645	19027.6	71.1161	19027.6	54.6177	19027.6	60.6154	19027.6	52.6372	19027.6	50.2306	19027.6	49.0823	19027.6	51.285	19027.6	53.043	19027.6	46.833	19027.6	54.2521	19027.6	44.0227	19027.6	47.7674	19027.6	51.4711	19027.6	40.9958
19698.5	86.4873	19698.5	84.1853	19698.5	85.2541	19698.5	80.9706	19698.5	81.2894	19698.5	77.2987	19698.5	78.3745	19698.5	73.4241	19698.5	73.4682	19698.5	72.4978	19698.5	72.4237	19698.5	73.2152	19698.5	71.1361	19698.5	69.4265	19698.5	65.2554	19698.5	61.0727	19698.5	56.7239	19698.5	60.9212	19698.5	51.7058	19698.5	58.6536	19698.5	53.9481	19698.5	55.4976	19698.5	68.1726	19698.5	57.6736	19698.5	55.3228	19698.5	53.1829	19698.5	47.6488	19698.5	51.5076	19698.5	48.8889	19698.5	52.8893	19698.5	50.9927	19698.5	53.3086	19698.5	44.4511	19698.5	47.946	19698.5	42.7632	19698.5	27.4837
19999.5	87.0417	19999.5	84.8136	19999.5	85.6468	19999.5	79.9835	19999.5	80.2382	19999.5	75.7993	19999.5	77.4666	19999.5	73.2291	19999.5	73.2896	19999.5	73.3141	19999.5	71.6555	19999.5	73.012	19999.5	72.5824	19999.5	68.6681	19999.5	64.8938	19999.5	65.2667	19999.5	48.8326	19999.5	57.5782	19999.5	39.9408	19999.5	57.7233	19999.5	55.4021	19999.5	55.4635	19999.5	67.1623	19999.5	53.9735	19999.5	52.5307	19999.5	51.9631	19999.5	56.1309	19999.5	52.1114	19999.5	50.4385	19999.5	49.6728	19999.5	51.9712	19999.5	53.7778	19999.5	47.0274	19999.5	46.297	19999.5	50.6367	19999.5	37.5437
