"SPL Vertical"																																																																							
"On-Axis"		"10°"		"-10°"		"20°"		"-20°"		"30°"		"-30°"		"40°"		"-40°"		"50°"		"-50°"		"60°"		"-60°"		"70°"		"-70°"		"80°"		"-80°"		"90°"		"-90°"		"100°"		"-100°"		"110°"		"-110°"		"120°"		"-120°"		"130°"		"-130°"		"140°"		"-140°"		"150°"		"-150°"		"160°"		"-160°"		"170°"		"-170°"		"180°"	
"Frequency / Hz"	"Sound Pressure Level / dB (re 20 µPa/V)  [2.83  V @ 1. m]"	"Frequency / Hz"	"Sound Pressure Level / dB (re 20 µPa/V)  [2.83  V @ 1. m]"	"Frequency / Hz"	"Sound Pressure Level / dB (re 20 µPa/V)  [2.83  V @ 1. m]"	"Frequency / Hz"	"Sound Pressure Level / dB (re 20 µPa/V)  [2.83  V @ 1. m]"	"Frequency / Hz"	"Sound Pressure Level / dB (re 20 µPa/V)  [2.83  V @ 1. m]"	"Frequency / Hz"	"Sound Pressure Level / dB (re 20 µPa/V)  [2.83  V @ 1. m]"	"Frequency / Hz"	"Sound Pressure Level / dB (re 20 µPa/V)  [2.83  V @ 1. m]"	"Frequency / Hz"	"Sound Pressure Level / dB (re 20 µPa/V)  [2.83  V @ 1. m]"	"Frequency / Hz"	"Sound Pressure Level / dB (re 20 µPa/V)  [2.83  V @ 1. m]"	"Frequency / Hz"	"Sound Pressure Level / dB (re 20 µPa/V)  [2.83  V @ 1. m]"	"Frequency / Hz"	"Sound Pressure Level / dB (re 20 µPa/V)  [2.83  V @ 1. m]"	"Frequency / Hz"	"Sound Pressure Level / dB (re 20 µPa/V)  [2.83  V @ 1. m]"	"Frequency / Hz"	"Sound Pressure Level / dB (re 20 µPa/V)  [2.83  V @ 1. m]"	"Frequency / Hz"	"Sound Pressure Level / dB (re 20 µPa/V)  [2.83  V @ 1. m]"	"Frequency / Hz"	"Sound Pressure Level / dB (re 20 µPa/V)  [2.83  V @ 1. m]"	"Frequency / Hz"	"Sound Pressure Level / dB (re 20 µPa/V)  [2.83  V @ 1. m]"	"Frequency / Hz"	"Sound Pressure Level / dB (re 20 µPa/V)  [2.83  V @ 1. m]"	"Frequency / Hz"	"Sound Pressure Level / dB (re 20 µPa/V)  [2.83  V @ 1. m]"	"Frequency / Hz"	"Sound Pressure Level / dB (re 20 µPa/V)  [2.83  V @ 1. m]"	"Frequency / Hz"	"Sound Pressure Level / dB (re 20 µPa/V)  [2.83  V @ 1. m]"	"Frequency / Hz"	"Sound Pressure Level / dB (re 20 µPa/V)  [2.83  V @ 1. m]"	"Frequency / Hz"	"Sound Pressure Level / dB (re 20 µPa/V)  [2.83  V @ 1. m]"	"Frequency / Hz"	"Sound Pressure Level / dB (re 20 µPa/V)  [2.83  V @ 1. m]"	"Frequency / Hz"	"Sound Pressure Level / dB (re 20 µPa/V)  [2.83  V @ 1. m]"	"Frequency / Hz"	"Sound Pressure Level / dB (re 20 µPa/V)  [2.83  V @ 1. m]"	"Frequency / Hz"	"Sound Pressure Level / dB (re 20 µPa/V)  [2.83  V @ 1. m]"	"Frequency / Hz"	"Sound Pressure Level / dB (re 20 µPa/V)  [2.83  V @ 1. m]"	"Frequency / Hz"	"Sound Pressure Level / dB (re 20 µPa/V)  [2.83  V @ 1. m]"	"Frequency / Hz"	"Sound Pressure Level / dB (re 20 µPa/V)  [2.83  V @ 1. m]"	"Frequency / Hz"	"Sound Pressure Level / dB (re 20 µPa/V)  [2.83  V @ 1. m]"	"Frequency / Hz"	"Sound Pressure Level / dB (re 20 µPa/V)  [2.83  V @ 1. m]"	"Frequency / Hz"	"Sound Pressure Level / dB (re 20 µPa/V)  [2.83  V @ 1. m]"	"Frequency / Hz"	"Sound Pressure Level / dB (re 20 µPa/V)  [2.83  V @ 1. m]"	"Frequency / Hz"	"Sound Pressure Level / dB (re 20 µPa/V)  [2.83  V @ 1. m]"	"Frequency / Hz"	"Sound Pressure Level / dB (re 20 µPa/V)  [2.83  V @ 1. m]"	"Frequency / Hz"	"Sound Pressure Level / dB (re 20 µPa/V)  [2.83  V @ 1. m]"
20.5078	65.986	20.5078	65.7333	20.5078	66.325	20.5078	65.5491	20.5078	66.7769	20.5078	65.4233	20.5078	67.3761	20.5078	65.352	20.5078	68.1582	20.5078	65.3354	20.5078	69.1466	20.5078	65.377	20.5078	70.3351	20.5078	65.4821	20.5078	71.6775	20.5078	65.6577	20.5078	73.0877	20.5078	65.9106	20.5078	74.4404	20.5078	66.2476	20.5078	75.579	20.5078	66.6739	20.5078	76.3469	20.5078	67.193	20.5078	76.6423	20.5078	67.8061	20.5078	76.4677	20.5078	68.5117	20.5078	75.9158	20.5078	69.3054	20.5078	75.1098	20.5078	70.1796	20.5078	74.1587	20.5078	71.1231	20.5078	73.1434	20.5078	72.1192
21.9727	68.2806	21.9727	68.032	21.9727	68.6044	21.9727	67.8437	21.9727	69.0258	21.9727	67.7077	21.9727	69.5751	21.9727	67.6207	21.9727	70.2859	21.9727	67.5833	21.9727	71.1852	21.9727	67.5991	21.9727	72.2789	21.9727	67.6732	21.9727	73.5345	21.9727	67.8123	21.9727	74.8714	21.9727	68.0236	21.9727	76.1609	21.9727	68.3141	21.9727	77.2454	21.9727	68.6901	21.9727	77.9718	21.9727	69.1564	21.9727	78.2406	21.9727	69.7157	21.9727	78.054	21.9727	70.3681	21.9727	77.5029	21.9727	71.1107	21.9727	76.7079	21.9727	71.9373	21.9727	75.7762	21.9727	72.8376	21.9727	74.7872	21.9727	73.7955
23.4375	70.5937	23.4375	70.333	23.4375	70.9272	23.4375	70.1323	23.4375	71.3524	23.4375	69.9843	23.4375	71.8935	23.4375	69.8855	23.4375	72.5767	23.4375	69.8362	23.4375	73.4214	23.4375	69.8385	23.4375	74.4275	23.4375	69.8966	23.4375	75.5637	23.4375	70.0159	23.4375	76.7641	23.4375	70.2024	23.4375	77.9268	23.4375	70.4624	23.4375	78.917	23.4375	70.8018	23.4375	79.5875	23.4375	71.2254	23.4375	79.8323	23.4375	71.7367	23.4375	79.644	23.4375	72.3369	23.4375	79.1065	23.4375	73.0248	23.4375	78.3366	23.4375	73.796	23.4375	77.4392	23.4375	74.6417	23.4375	76.4919	23.4375	75.5478
24.9023	72.9604	24.9023	72.6867	24.9023	73.2973	24.9023	72.4673	24.9023	73.711	24.9023	72.2966	24.9023	74.2187	24.9023	72.1725	24.9023	74.839	24.9023	72.0949	24.9023	75.5868	24.9023	72.066	24.9023	76.4642	24.9023	72.0893	24.9023	77.452	24.9023	72.1696	24.9023	78.5031	24.9023	72.3123	24.9023	79.5356	24.9023	72.5235	24.9023	80.4283	24.9023	72.8092	24.9023	81.0384	24.9023	73.1747	24.9023	81.2548	24.9023	73.6244	24.9023	81.0619	24.9023	74.1611	24.9023	80.5367	24.9023	74.785	24.9023	79.7917	24.9023	75.4935	24.9023	78.929	24.9023	76.2795	24.9023	78.0246	24.9023	77.1302
26.3672	75.0375	26.3672	74.7559	26.3672	75.3771	26.3672	74.5258	26.3672	75.7842	26.3672	74.3431	26.3672	76.2712	26.3672	74.2062	26.3672	76.8512	26.3672	74.1152	26.3672	77.5349	26.3672	74.0718	26.3672	78.3241	26.3672	74.0787	26.3672	79.2052	26.3672	74.1397	26.3672	80.1423	26.3672	74.2596	26.3672	81.0679	26.3672	74.4433	26.3672	81.8744	26.3672	74.6961	26.3672	82.4264	26.3672	75.0231	26.3672	82.6134	26.3672	75.4287	26.3672	82.4155	26.3672	75.9162	26.3672	81.9043	26.3672	76.4869	26.3672	81.1876	26.3672	77.1395	26.3672	80.3638	26.3672	77.8688	26.3672	79.5062	26.3672	78.6641
27.832	76.9388	27.832	76.6489	27.832	77.2819	27.832	76.4075	27.832	77.6842	27.832	76.2119	27.832	78.1535	27.832	76.0609	27.832	78.6982	27.832	75.9546	27.832	79.3244	27.832	75.8941	27.832	80.0327	27.832	75.8817	27.832	80.8127	27.832	75.9203	27.832	81.6365	27.832	76.0139	27.832	82.4488	27.832	76.1666	27.832	83.1568	27.832	76.3832	27.832	83.6365	27.832	76.6686	27.832	83.7817	27.832	77.0274	27.832	83.5697	27.832	77.4634	27.832	83.0667	27.832	77.9791	27.832	82.3746	27.832	78.5745	27.832	81.5877	27.832	79.2463	27.832	80.7759	27.832	79.9857
29.2969	78.4115	29.2969	78.1107	29.2969	78.7638	29.2969	77.8582	29.2969	79.1718	29.2969	77.6521	29.2969	79.6406	29.2969	77.4913	29.2969	80.1746	29.2969	77.3757	29.2969	80.7759	29.2969	77.3062	29.2969	81.441	29.2969	77.2845	29.2969	82.1573	29.2969	77.3127	29.2969	82.8995	29.2969	77.3939	29.2969	83.6206	29.2969	77.5316	29.2969	84.2399	29.2969	77.7295	29.2969	84.6465	29.2969	77.9919	29.2969	84.744	29.2969	78.3228	29.2969	84.5122	29.2969	78.7258	29.2969	84.0132	29.2969	79.2036	29.2969	83.3431	29.2969	79.7569	29.2969	82.5905	29.2969	80.3834	29.2969	81.8205	29.2969	81.0761
30.7617	79.3892	30.7617	79.0807	30.7617	79.7469	30.7617	78.8194	30.7617	80.156	30.7617	78.604	30.7617	80.6185	30.7617	78.4339	30.7617	81.1348	30.7617	78.3089	30.7617	81.7026	30.7617	78.2296	30.7617	82.3142	30.7617	78.197	30.7617	82.9565	30.7617	78.213	30.7617	83.6099	30.7617	78.2796	30.7617	84.2384	30.7617	78.3997	30.7617	84.7737	30.7617	78.5764	30.7617	85.1156	30.7617	78.8132	30.7617	85.1737	30.7617	79.1138	30.7617	84.9283	30.7617	79.4815	30.7617	84.4375	30.7617	79.9193	30.7617	83.7921	30.7617	80.4284	30.7617	83.0757	30.7617	81.0079	30.7617	82.3493	30.7617	81.6523
32.2266	79.9685	32.2266	79.6536	32.2266	80.3307	32.2266	79.385	32.2266	80.7404	32.2266	79.1621	32.2266	81.1973	32.2266	78.9843	32.2266	81.6988	32.2266	78.8516	32.2266	82.2388	32.2266	78.7641	32.2266	82.8071	32.2266	78.7227	32.2266	83.3896	32.2266	78.7285	32.2266	83.9696	32.2266	78.7832	32.2266	84.5183	32.2266	78.8889	32.2266	84.9783	32.2266	79.0482	32.2266	85.2612	32.2266	79.2641	32.2266	85.2841	32.2266	79.5399	32.2266	85.028	32.2266	79.8787	32.2266	84.5466	32.2266	80.2834	32.2266	83.9252	32.2266	80.7559	32.2266	83.2422	32.2266	81.2957	32.2266	82.5546	32.2266	81.8988
33.6914	80.2728	33.6914	79.9541	33.6914	80.6371	33.6914	79.681	33.6914	81.0462	33.6914	79.4533	33.6914	81.4982	33.6914	79.2708	33.6914	81.9887	33.6914	79.1334	33.6914	82.5102	33.6914	79.0411	33.6914	83.0507	33.6914	78.9945	33.6914	83.5945	33.6914	78.9944	33.6914	84.1228	33.6914	79.0419	33.6914	84.6087	33.6914	79.1387	33.6914	85.0044	33.6914	79.2868	33.6914	85.2351	33.6914	79.4889	33.6914	85.2271	33.6914	79.7475	33.6914	84.9627	33.6914	80.0655	33.6914	84.4914	33.6914	80.4457	33.6914	83.8929	33.6914	80.8899	33.6914	83.2405	33.6914	81.3981	33.6914	82.5874	33.6914	81.967
35.1562	80.5649	35.1562	80.2392	35.1562	80.9351	35.1562	79.9587	35.1562	81.348	35.1562	79.7238	35.1562	81.8001	35.1562	79.5344	35.1562	82.2854	35.1562	79.3903	35.1562	82.794	35.1562	79.2917	35.1562	83.3119	35.1562	79.2387	35.1562	83.8218	35.1562	79.2319	35.1562	84.3049	35.1562	79.272	35.1562	84.7372	35.1562	79.3604	35.1562	85.0771	35.1562	79.4985	35.1562	85.2585	35.1562	79.6884	35.1562	85.2163	35.1562	79.9324	35.1562	84.9363	35.1562	80.233	35.1562	84.4666	35.1562	80.5927	35.1562	83.8826	35.1562	81.0133	35.1562	83.2532	35.1562	81.4952	35.1562	82.6274	35.1562	82.0358
36.6211	80.7489	36.6211	80.4187	36.6211	81.1227	36.6211	80.1334	36.6211	81.5374	36.6211	79.8935	36.6211	81.9885	36.6211	79.6991	36.6211	82.4687	36.6211	79.5503	36.6211	82.9665	36.6211	79.447	36.6211	83.4662	36.6211	79.3892	36.6211	83.9493	36.6211	79.3771	36.6211	84.3967	36.6211	79.4113	36.6211	84.7859	36.6211	79.4927	36.6211	85.0791	36.6211	79.6224	36.6211	85.2174	36.6211	79.8021	36.6211	85.1441	36.6211	80.0337	36.6211	84.8498	36.6211	80.3194	36.6211	84.3817	36.6211	80.6614	36.6211	83.8112	36.6211	81.0615	36.6211	83.2028	36.6211	81.5204	36.6211	82.6018	36.6211	82.036
38.0859	80.861	38.0859	80.5262	38.0859	81.2383	38.0859	80.2358	38.0859	81.6548	38.0859	79.9906	38.0859	82.1048	38.0859	79.7912	38.0859	82.5798	38.0859	79.6374	38.0859	83.0668	38.0859	79.5293	38.0859	83.5484	38.0859	79.4667	38.0859	84.0045	38.0859	79.4496	38.0859	84.4154	38.0859	79.4785	38.0859	84.7605	38.0859	79.5538	38.0859	85.0078	38.0859	79.6764	38.0859	85.1074	38.0859	79.8475	38.0859	85.0097	38.0859	80.0687	38.0859	84.7075	38.0859	80.342	38.0859	84.2454	38.0859	80.6691	38.0859	83.6908	38.0859	81.0518	38.0859	83.1036	38.0859	81.4906	38.0859	82.5262	38.0859	81.9841
39.5508	81.0478	39.5508	80.7101	39.5508	81.4272	39.5508	80.4163	39.5508	81.8443	39.5508	80.1677	39.5508	82.2926	39.5508	79.9647	39.5508	82.7623	39.5508	79.8076	39.5508	83.2391	39.5508	79.6961	39.5508	83.7038	39.5508	79.63	39.5508	84.1354	39.5508	79.6092	39.5508	84.5147	39.5508	79.6339	39.5508	84.8242	39.5508	79.7041	39.5508	85.036	39.5508	79.8206	39.5508	85.1048	39.5508	79.9843	39.5508	84.9865	39.5508	80.1964	39.5508	84.6765	39.5508	80.4584	39.5508	84.2188	39.5508	80.7721	39.5508	83.6775	39.5508	81.1388	39.5508	83.1092	39.5508	81.5594	39.5508	82.5531	39.5508	82.0325
41.0156	81.1554	41.0156	80.8213	41.0156	81.5296	41.0156	80.5299	41.0156	81.9391	41.0156	80.2827	41.0156	82.3766	41.0156	80.0805	41.0156	82.8306	41.0156	79.9233	41.0156	83.2846	41.0156	79.8109	41.0156	83.7169	41.0156	79.7431	41.0156	84.1045	41.0156	79.7196	41.0156	84.4312	41.0156	79.7402	41.0156	84.6895	41.0156	79.8048	41.0156	84.8629	41.0156	79.9137	41.0156	84.9106	41.0156	80.0675	41.0156	84.787	41.0156	80.2669	41.0156	84.4852	41.0156	80.5131	41.0156	84.0467	41.0156	80.8074	41.0156	83.5328	41.0156	81.151	41.0156	82.9967	41.0156	81.5445	41.0156	82.4746	41.0156	81.9871
42.4805	81.3467	42.4805	80.9966	42.4805	81.7372	42.4805	80.6898	42.4805	82.1629	42.4805	80.4282	42.4805	82.6162	42.4805	80.2126	42.4805	83.0856	42.4805	80.0433	42.4805	83.5549	42.4805	79.9199	42.4805	84.0026	42.4805	79.8424	42.4805	84.4048	42.4805	79.8102	42.4805	84.7403	42.4805	79.8231	42.4805	84.9909	42.4805	79.8809	42.4805	85.1321	42.4805	79.9837	42.4805	85.1286	42.4805	80.1321	42.4805	84.9511	42.4805	80.3266	42.4805	84.6055	42.4805	80.5686	42.4805	84.1366	42.4805	80.8593	42.4805	83.603	42.4805	81.2002	42.4805	83.055	42.4805	81.5924	42.4805	82.5261	42.4805	82.0355
43.9453	81.4992	43.9453	81.145	43.9453	81.8931	43.9453	80.8339	43.9453	82.3214	43.9453	80.5679	43.9453	82.7757	43.9453	80.348	43.9453	83.244	43.9453	80.1745	43.9453	83.709	43.9453	80.0474	43.9453	84.1479	43.9453	79.9662	43.9453	84.5354	43.9453	79.9306	43.9453	84.8497	43.9453	79.9402	43.9453	85.0741	43.9453	79.9948	43.9453	85.1878	43.9453	80.0941	43.9453	85.1607	43.9453	80.2386	43.9453	84.9681	43.9453	80.4287	43.9453	84.6176	43.9453	80.6653	43.9453	84.1523	43.9453	80.9496	43.9453	83.6281	43.9453	81.2827	43.9453	83.0921	43.9453	81.6655	43.9453	82.5761	43.9453	82.0977
45.4102	81.6291	45.4102	81.2745	45.4102	82.0224	45.4102	80.9624	45.4102	82.4485	45.4102	80.695	45.4102	82.8988	45.4102	80.4735	45.4102	83.3605	45.4102	80.2984	45.4102	83.8157	45.4102	80.1696	45.4102	84.2415	45.4102	80.0867	45.4102	84.6124	45.4102	80.0494	45.4102	84.9068	45.4102	80.057	45.4102	85.1082	45.4102	80.1092	45.4102	85.1987	45.4102	80.2058	45.4102	85.1529	45.4102	80.3467	45.4102	84.9505	45.4102	80.5322	45.4102	84.6005	45.4102	80.7629	45.4102	84.1442	45.4102	81.0397	45.4102	83.6344	45.4102	81.3634	45.4102	83.1153	45.4102	81.7348	45.4102	82.6161	45.4102	82.1533
46.875	81.8046	46.875	81.4525	46.875	82.1946	46.875	81.1422	46.875	82.6163	46.875	80.8761	46.875	83.0608	46.875	80.6555	46.875	83.5151	46.875	80.4809	46.875	83.9613	46.875	80.3523	46.875	84.3764	46.875	80.2693	46.875	84.7347	46.875	80.2314	46.875	85.0139	46.875	80.238	46.875	85.1979	46.875	80.2886	46.875	85.2704	46.875	80.3827	46.875	85.2101	46.875	80.5203	46.875	85.0002	46.875	80.7012	46.875	84.6513	46.875	80.926	46.875	84.2037	46.875	81.1952	46.875	83.7076	46.875	81.5094	46.875	83.2046	46.875	81.8693	46.875	82.7217	46.875	82.2743
48.3398	81.9869	48.3398	81.6342	48.3398	82.3767	48.3398	81.3228	48.3398	82.7974	48.3398	81.0554	48.3398	83.2395	48.3398	80.8333	48.3398	83.6896	48.3398	80.6571	48.3398	84.1293	48.3398	80.5269	48.3398	84.5348	48.3398	80.4422	48.3398	84.8799	48.3398	80.4025	48.3398	85.1419	48.3398	80.407	48.3398	85.3053	48.3398	80.4552	48.3398	85.3564	48.3398	80.5464	48.3398	85.2775	48.3398	80.6803	48.3398	85.0562	48.3398	80.8567	48.3398	84.7048	48.3398	81.0757	48.3398	84.2627	48.3398	81.3378	48.3398	83.7774	48.3398	81.6434	48.3398	83.288	48.3398	81.9928	48.3398	82.8195	48.3398	82.3856
51.2695	82.3429	51.2695	81.9884	51.2695	82.7331	51.2695	81.6743	51.2695	83.1521	51.2695	81.4035	51.2695	83.59	51.2695	81.1776	51.2695	84.0328	51.2695	80.9975	51.2695	84.4615	51.2695	80.8631	51.2695	84.8519	51.2695	80.7743	51.2695	85.177	51.2695	80.7302	51.2695	85.4129	51.2695	80.7301	51.2695	85.5434	51.2695	80.7731	51.2695	85.557	51.2695	80.8584	51.2695	85.4429	51.2695	80.9852	51.2695	85.1973	51.2695	81.153	51.2695	84.8369	51.2695	81.3617	51.2695	84.4002	51.2695	81.6111	51.2695	83.9307	51.2695	81.9015	51.2695	83.4625	51.2695	82.2331	51.2695	83.017	51.2695	82.6055
52.7344	82.5202	52.7344	82.1682	52.7344	82.9069	52.7344	81.8558	52.7344	83.3214	52.7344	81.586	52.7344	83.7535	52.7344	81.3606	52.7344	84.1892	52.7344	81.1806	52.7344	84.6096	52.7344	81.046	52.7344	84.991	52.7344	80.9565	52.7344	85.307	52.7344	80.9115	52.7344	85.5345	52.7344	80.9101	52.7344	85.6572	52.7344	80.9514	52.7344	85.6639	52.7344	81.0346	52.7344	85.5445	52.7344	81.1587	52.7344	85.2963	52.7344	81.3233	52.7344	84.9372	52.7344	81.5278	52.7344	84.5055	52.7344	81.7723	52.7344	84.0435	52.7344	82.0568	52.7344	83.5843	52.7344	82.3813	52.7344	83.1482	52.7344	82.7456
54.1992	82.6931	54.1992	82.3444	54.1992	83.0758	54.1992	82.0346	54.1992	83.4853	54.1992	81.7669	54.1992	83.9116	54.1992	81.5431	54.1992	84.3404	54.1992	81.3641	54.1992	84.7526	54.1992	81.2301	54.1992	85.1244	54.1992	81.1409	54.1992	85.4294	54.1992	81.0959	54.1992	85.6451	54.1992	81.0941	54.1992	85.7572	54.1992	81.1347	54.1992	85.756	54.1992	81.2166	54.1992	85.6328	54.1992	81.3391	54.1992	85.386	54.1992	81.5014	54.1992	85.0334	54.1992	81.7029	54.1992	84.6117	54.1992	81.9433	54.1992	84.1617	54.1992	82.2226	54.1992	83.7146	54.1992	82.5406	54.1992	83.2897	54.1992	82.8968
55.6641	82.7955	55.6641	82.457	55.6641	83.1664	55.6641	82.1559	55.6641	83.5622	55.6641	81.8955	55.6641	83.9724	55.6641	81.678	55.6641	84.3829	55.6641	81.5042	55.6641	84.7748	55.6641	81.3746	55.6641	85.1252	55.6641	81.2888	55.6641	85.4093	55.6641	81.2462	55.6641	85.6068	55.6641	81.2458	55.6641	85.705	55.6641	81.2867	55.6641	85.6963	55.6641	81.3678	55.6641	85.5748	55.6641	81.4881	55.6641	85.34	55.6641	81.6465	55.6641	85.0079	55.6641	81.8424	55.6641	84.6116	55.6641	82.0752	55.6641	84.1882	55.6641	82.3444	55.6641	83.7662	55.6641	82.6495	55.6641	83.3636	55.6641	82.9899
58.5938	83.5	58.5938	83.1622	58.5938	83.8681	58.5938	82.8601	58.5938	84.2589	58.5938	82.5973	58.5938	84.662	58.5938	82.3763	58.5938	85.0631	58.5938	82.1982	58.5938	85.4444	58.5938	82.0636	58.5938	85.7836	58.5938	81.9725	58.5938	86.0563	58.5938	81.9242	58.5938	86.2392	58.5938	81.9181	58.5938	86.3156	58.5938	81.953	58.5938	86.2775	58.5938	82.0279	58.5938	86.1251	58.5938	82.1416	58.5938	85.8665	58.5938	82.2928	58.5938	85.5236	58.5938	82.4806	58.5938	85.1304	58.5938	82.7038	58.5938	84.72	58.5938	82.9616	58.5938	84.3162	58.5938	83.2532	58.5938	83.933	58.5938	83.5776
60.0586	83.735	60.0586	83.3852	60.0586	84.1146	60.0586	83.0711	60.0586	84.5161	60.0586	82.7965	60.0586	84.9283	60.0586	82.564	60.0586	85.3361	60.0586	82.375	60.0586	85.7201	60.0586	82.2301	60.0586	86.0559	60.0586	82.1293	60.0586	86.3167	60.0586	82.0722	60.0586	86.4787	60.0586	82.0578	60.0586	86.5267	60.0586	82.0851	60.0586	86.4546	60.0586	82.1528	60.0586	86.2653	60.0586	82.2596	60.0586	85.9735	60.0586	82.4042	60.0586	85.6068	60.0586	82.5853	60.0586	85.2005	60.0586	82.8018	60.0586	84.7854	60.0586	83.0527	60.0586	84.3828	60.0586	83.3373	60.0586	84.0041	60.0586	83.6548
62.9883	84.0831	62.9883	83.7267	62.9883	84.4682	62.9883	83.405	62.9883	84.8734	62.9883	83.1222	62.9883	85.287	62.9883	82.8811	62.9883	85.6934	62.9883	82.6835	62.9883	86.0721	62.9883	82.5301	62.9883	86.3972	62.9883	82.421	62.9883	86.6398	62.9883	82.3558	62.9883	86.7738	62.9883	82.3336	62.9883	86.7832	62.9883	82.3533	62.9883	86.6664	62.9883	82.4134	62.9883	86.4362	62.9883	82.5124	62.9883	86.1168	62.9883	82.6488	62.9883	85.739	62.9883	82.8211	62.9883	85.3348	62.9883	83.0279	62.9883	84.9303	62.9883	83.268	62.9883	84.542	62.9883	83.5404	62.9883	84.1787	62.9883	83.8442
64.4531	84.2164	64.4531	83.8625	64.4531	84.5982	64.4531	83.5427	64.4531	84.9991	64.4531	83.2614	64.4531	85.4076	64.4531	83.0216	64.4531	85.808	64.4531	82.8249	64.4531	86.1797	64.4531	82.6723	64.4531	86.4974	64.4531	82.5639	64.4531	86.733	64.4531	82.4994	64.4531	86.8608	64.4531	82.4778	64.4531	86.8654	64.4531	82.4979	64.4531	86.7451	64.4531	82.5583	64.4531	86.5136	64.4531	82.6573	64.4531	86.1963	64.4531	82.7932	64.4531	85.8242	64.4531	82.9645	64.4531	85.4285	64.4531	83.1694	64.4531	85.0337	64.4531	83.4066	64.4531	84.6551	64.4531	83.6749	64.4531	84.3004	64.4531	83.9731
67.3828	84.5909	67.3828	84.2416	67.3828	84.9662	67.3828	83.9248	67.3828	85.3587	67.3828	83.6452	67.3828	85.7567	67.3828	83.406	67.3828	86.145	67.3828	83.2093	67.3828	86.5045	67.3828	83.0562	67.3828	86.8116	67.3828	82.9472	67.3828	87.0396	67.3828	82.882	67.3828	87.1634	67.3828	82.8599	67.3828	87.1657	67.3828	82.8795	67.3828	87.0432	67.3828	82.9396	67.3828	86.8094	67.3828	83.0381	67.3828	86.4919	67.3828	83.1734	67.3828	86.1248	67.3828	83.3433	67.3828	85.7393	67.3828	83.5461	67.3828	85.3577	67.3828	83.7797	67.3828	84.9928	67.3828	84.0425	67.3828	84.6504	67.3828	84.3332
68.8477	84.8426	68.8477	84.4892	68.8477	85.2208	68.8477	84.1675	68.8477	85.6151	68.8477	83.8821	68.8477	86.0136	68.8477	83.6367	68.8477	86.4014	68.8477	83.4335	68.8477	86.7594	68.8477	83.2739	68.8477	87.0642	68.8477	83.1584	68.8477	87.2888	68.8477	83.087	68.8477	87.4068	68.8477	83.0591	68.8477	87.3989	68.8477	83.0736	68.8477	87.2616	68.8477	83.129	68.8477	87.01	68.8477	83.2235	68.8477	86.6757	68.8477	83.3552	68.8477	86.2964	68.8477	83.5221	68.8477	85.9044	68.8477	83.722	68.8477	85.5209	68.8477	83.953	68.8477	85.1567	68.8477	84.2134	68.8477	84.8163	68.8477	84.5016
71.7773	85.2684	71.7773	84.9167	71.7773	85.6422	71.7773	84.5939	71.7773	86.0294	71.7773	84.3049	71.7773	86.4186	71.7773	84.0534	71.7773	86.7953	71.7773	83.8419	71.7773	87.1418	71.7773	83.6722	71.7773	87.4358	71.7773	83.5451	71.7773	87.6507	71.7773	83.4609	71.7773	87.7576	71.7773	83.4192	71.7773	87.7331	71.7773	83.4194	71.7773	87.5707	71.7773	83.4601	71.7773	87.2875	71.7773	83.54	71.7773	86.922	71.7773	83.6571	71.7773	86.52	71.7773	83.8096	71.7773	86.1165	71.7773	83.9955	71.7773	85.7312	71.7773	84.213	71.7773	85.3718	71.7773	84.4603	71.7773	85.0401	71.7773	84.7363
74.707	85.7426	74.707	85.3955	74.707	86.1099	74.707	85.0756	74.707	86.4887	74.707	84.788	74.707	86.8677	74.707	84.5364	74.707	87.2326	74.707	84.3236	74.707	87.5659	74.707	84.1514	74.707	87.846	74.707	84.0207	74.707	88.0463	74.707	83.9321	74.707	88.1368	74.707	83.8852	74.707	88.0927	74.707	83.8793	74.707	87.9079	74.707	83.9132	74.707	87.604	74.707	83.9853	74.707	87.2257	74.707	84.0939	74.707	86.8222	74.707	84.2369	74.707	86.4274	74.707	84.4122	74.707	86.0568	74.707	84.6178	74.707	85.7146	74.707	84.8518	74.707	85.4004	74.707	85.1129
77.6367	86.1545	77.6367	85.811	77.6367	86.5162	77.6367	85.4928	77.6367	86.8874	77.6367	85.2051	77.6367	87.2569	77.6367	84.9521	77.6367	87.611	77.6367	84.7367	77.6367	87.933	77.6367	84.5609	77.6367	88.2025	77.6367	84.426	77.6367	88.3939	77.6367	84.3326	77.6367	88.4764	77.6367	84.2806	77.6367	88.4236	77.6367	84.2695	77.6367	88.2288	77.6367	84.2979	77.6367	87.9144	77.6367	84.3645	77.6367	87.5283	77.6367	84.4673	77.6367	87.1223	77.6367	84.6043	77.6367	86.7307	77.6367	84.7731	77.6367	86.3673	77.6367	84.9717	77.6367	86.0342	77.6367	85.1982	77.6367	85.7294	77.6367	85.4509
79.1016	86.3771	79.1016	86.0327	79.1016	86.7388	79.1016	85.7129	79.1016	87.109	79.1016	85.423	79.1016	87.4763	79.1016	85.1674	79.1016	87.8271	79.1016	84.9493	79.1016	88.1446	79.1016	84.7707	79.1016	88.4083	79.1016	84.6332	79.1016	88.5925	79.1016	84.5375	79.1016	88.6666	79.1016	84.4834	79.1016	88.6048	79.1016	84.4705	79.1016	88.4018	79.1016	84.4975	79.1016	88.082	79.1016	84.5629	79.1016	87.6942	79.1016	84.6648	79.1016	87.2902	79.1016	84.8008	79.1016	86.903	79.1016	84.9687	79.1016	86.5449	79.1016	85.166	79.1016	86.2169	79.1016	85.3907	79.1016	85.9163	79.1016	85.641
82.0312	86.768	82.0312	86.4133	82.0312	87.139	82.0312	86.0824	82.0312	87.5169	82.0312	85.7811	82.0312	87.8903	82.0312	85.5139	82.0312	88.245	82.0312	85.2843	82.0312	88.5636	82.0312	85.095	82.0312	88.8245	82.0312	84.9475	82.0312	89.0001	82.0312	84.843	82.0312	89.059	82.0312	84.7814	82.0312	88.9764	82.0312	84.7624	82.0312	88.7497	82.0312	84.7849	82.0312	88.4074	82.0312	84.8471	82.0312	88.0019	82.0312	84.9471	82.0312	87.5863	82.0312	85.0823	82.0312	87.1926	82.0312	85.2501	82.0312	86.8314	82.0312	85.448	82.0312	86.502	82.0312	85.6735	82.0312	86.2006	82.0312	85.9247
84.9609	87.0106	84.9609	86.664	84.9609	87.373	84.9609	86.3404	84.9609	87.7423	84.9609	86.0456	84.9609	88.1074	84.9609	85.7841	84.9609	88.4548	84.9609	85.5593	84.9609	88.768	84.9609	85.3738	84.9609	89.0266	84.9609	85.2295	84.9609	89.2041	84.9609	85.1272	84.9609	89.2684	84.9609	85.0673	84.9609	89.192	84.9609	85.0494	84.9609	88.9698	84.9609	85.0723	84.9609	88.6311	84.9609	85.1345	84.9609	88.2309	84.9609	85.2338	84.9609	87.8227	84.9609	85.3678	84.9609	87.4377	84.9609	85.5339	84.9609	87.0852	84.9609	85.7293	84.9609	86.7636	84.9609	85.9514	84.9609	86.4688	84.9609	86.1983
87.8906	87.1993	87.8906	86.8607	87.8906	87.5494	87.8906	86.5413	87.8906	87.9016	87.8906	86.2476	87.8906	88.2456	87.8906	85.9852	87.8906	88.5694	87.8906	85.7585	87.8906	88.8603	87.8906	85.571	87.8906	89.1041	87.8906	85.4254	87.8906	89.283	87.8906	85.3235	87.8906	89.3724	87.8906	85.2662	87.8906	89.3446	87.8906	85.2535	87.8906	89.1841	87.8906	85.2846	87.8906	88.9048	87.8906	85.3582	87.8906	88.5522	87.8906	85.4719	87.8906	88.1766	87.8906	85.623	87.8906	87.8094	87.8906	85.8085	87.8906	87.4614	87.8906	86.025	87.8906	87.1339	87.8906	86.2688	87.8906	86.8255	87.8906	86.5366
90.8203	87.6123	90.8203	87.2585	90.8203	87.9755	90.8203	86.9223	90.8203	88.3383	90.8203	86.6102	90.8203	88.6893	90.8203	86.3278	90.8203	89.015	90.8203	86.0795	90.8203	89.2997	90.8203	85.869	90.8203	89.5249	90.8203	85.699	90.8203	89.6672	90.8203	85.5712	90.8203	89.6978	90.8203	85.4867	90.8203	89.5907	90.8203	85.4456	90.8203	89.3394	90.8203	85.4473	90.8203	88.9715	90.8203	85.4906	90.8203	88.546	90.8203	85.5735	90.8203	88.1211	90.8203	85.6937	90.8203	87.7281	90.8203	85.8484	90.8203	87.3733	90.8203	86.0349	90.8203	87.0522	90.8203	86.2503	90.8203	86.7596	90.8203	86.4923
95.2148	87.834	95.2148	87.4922	95.2148	88.1831	95.2148	87.1658	95.2148	88.53	95.2148	86.8618	95.2148	88.8644	95.2148	86.5862	95.2148	89.175	95.2148	86.344	95.2148	89.4497	95.2148	86.1396	95.2148	89.6746	95.2148	85.976	95.2148	89.8301	95.2148	85.8558	95.2148	89.8882	95.2148	85.7802	95.2148	89.8188	95.2148	85.7497	95.2148	89.6097	95.2148	85.7637	95.2148	89.2843	95.2148	85.821	95.2148	88.8984	95.2148	85.9192	95.2148	88.5068	95.2148	86.0556	95.2148	88.1382	95.2148	86.2268	95.2148	87.7981	95.2148	86.4293	95.2148	87.4827	95.2148	86.6593	95.2148	87.1881	95.2148	86.9131
98.1445	88.0255	98.1445	87.6804	98.1445	88.3755	98.1445	87.3486	98.1445	88.721	98.1445	87.0373	98.1445	89.0517	98.1445	86.7529	98.1445	89.3568	98.1445	86.501	98.1445	89.6251	98.1445	86.2862	98.1445	89.8435	98.1445	86.1121	98.1445	89.9926	98.1445	85.9814	98.1445	90.0427	98.1445	85.896	98.1445	89.9614	98.1445	85.8564	98.1445	89.7357	98.1445	85.8623	98.1445	89.3922	98.1445	85.9125	98.1445	88.9907	98.1445	86.0047	98.1445	88.5883	98.1445	86.1362	98.1445	88.2133	98.1445	86.3035	98.1445	87.8697	98.1445	86.5029	98.1445	87.5526	98.1445	86.7307	98.1445	87.2576	98.1445	86.9832
101.074	88.1192	101.074	87.772	101.074	88.4678	101.074	87.435	101.074	88.8082	101.074	87.1161	101.074	89.1302	101.074	86.8223	101.074	89.4235	101.074	86.5597	101.074	89.678	101.074	86.3335	101.074	89.8827	101.074	86.1481	101.074	90.0211	101.074	86.0067	101.074	90.0658	101.074	85.9115	101.074	89.9847	101.074	85.8636	101.074	89.7622	101.074	85.8628	101.074	89.421	101.074	85.9081	101.074	89.0191	101.074	85.9973	101.074	88.6138	101.074	86.1275	101.074	88.2345	101.074	86.2951	101.074	87.8858	101.074	86.4964	101.074	87.5633	101.074	86.7272	101.074	87.263	101.074	86.9838
105.469	88.3934	105.469	88.0265	105.469	88.7564	105.469	87.6658	105.469	89.1046	105.469	87.3204	105.469	89.4264	105.469	86.9984	105.469	89.71	105.469	86.7069	105.469	89.9439	105.469	86.4524	105.469	90.1165	105.469	86.2399	105.469	90.2128	105.469	86.0737	105.469	90.2109	105.469	85.9567	105.469	90.0882	105.469	85.8905	105.469	89.8359	105.469	85.8752	105.469	89.4773	105.469	85.9099	105.469	89.0661	105.469	85.9922	105.469	88.6549	105.469	86.1191	105.469	88.2699	105.469	86.2866	105.469	87.9144	105.469	86.4904	105.469	87.5842	105.469	86.726	105.469	87.2758	105.469	86.989
108.398	88.5216	108.398	88.1501	108.398	88.8863	108.398	87.782	108.398	89.2328	108.398	87.4269	108.398	89.549	108.398	87.0931	108.398	89.8228	108.398	86.7882	108.398	90.0423	108.398	86.519	108.398	90.1956	108.398	86.2912	108.398	90.2682	108.398	86.1094	108.398	90.2402	108.398	85.9772	108.398	90.0921	108.398	85.8968	108.398	89.8201	108.398	85.8688	108.398	89.4508	108.398	85.8927	108.398	89.0374	108.398	85.9666	108.398	88.628	108.398	86.0875	108.398	88.2444	108.398	86.2514	108.398	87.8886	108.398	86.4539	108.398	87.5564	108.398	86.6902	108.398	87.2451	108.398	86.9554
112.793	88.5825	112.793	88.2199	112.793	88.9354	112.793	87.8581	112.793	89.2672	112.793	87.5067	112.793	89.566	112.793	87.1745	112.793	89.8203	112.793	86.8691	112.793	90.0194	112.793	86.5974	112.793	90.1535	112.793	86.3655	112.793	90.21	112.793	86.1779	112.793	90.1693	112.793	86.0385	112.793	90.0106	112.793	85.9494	112.793	89.7297	112.793	85.9115	112.793	89.3545	112.793	85.9243	112.793	88.9394	112.793	85.986	112.793	88.5326	112.793	86.0939	112.793	88.1547	112.793	86.2443	112.793	87.8069	112.793	86.433	112.793	87.4845	112.793	86.6555	112.793	87.1846	112.793	86.9073
117.188	88.505	117.188	88.1426	117.188	88.8549	117.188	87.7788	117.188	89.1806	117.188	87.4238	117.188	89.47	117.188	87.087	117.188	89.7118	117.188	86.7768	117.188	89.8967	117.188	86.5005	117.188	90.0162	117.188	86.2648	117.188	90.0589	117.188	86.0746	117.188	90.0046	117.188	85.9337	117.188	89.8312	117.188	85.8443	117.188	89.5346	117.188	85.8069	117.188	89.146	117.188	85.8204	117.188	88.7236	117.188	85.8822	117.188	88.3176	117.188	85.9886	117.188	87.9485	117.188	86.1352	117.188	87.6152	117.188	86.3171	117.188	87.3103	117.188	86.5293	117.188	87.0283	117.188	86.7675
120.117	88.5182	120.117	88.1452	120.117	88.8757	120.117	87.7684	120.117	89.2052	120.117	87.3988	120.117	89.4943	120.117	87.0465	120.117	89.7316	120.117	86.721	120.117	89.9078	120.117	86.4305	120.117	90.0157	120.117	86.1824	120.117	90.0459	120.117	85.9829	120.117	89.9814	120.117	85.8363	120.117	89.8036	120.117	85.7457	120.117	89.5113	120.117	85.7118	120.117	89.1358	120.117	85.7336	120.117	88.7313	120.117	85.8082	120.117	88.3425	120.117	85.9311	120.117	87.9855	120.117	86.0967	120.117	87.6575	120.117	86.2986	120.117	87.3508	120.117	86.5305	120.117	87.0605	120.117	86.7861
124.512	88.5719	124.512	88.2189	124.512	88.9089	124.512	87.8615	124.512	89.218	124.512	87.5104	124.512	89.4868	124.512	87.1752	124.512	89.7041	124.512	86.8649	124.512	89.8608	124.512	86.5874	124.512	89.9502	124.512	86.3499	124.512	89.9651	124.512	86.1582	124.512	89.8958	124.512	86.0173	124.512	89.7335	124.512	85.9302	124.512	89.4821	124.512	85.8986	124.512	89.1693	124.512	85.9223	124.512	88.8359	124.512	85.9994	124.512	88.5094	124.512	86.1262	124.512	88.1957	124.512	86.2979	124.512	87.891	124.512	86.5081	124.512	87.5919	124.512	86.75	124.512	87.2988	124.512	87.016
128.906	88.3836	128.906	88.0428	128.906	88.7058	128.906	87.6949	128.906	88.9979	128.906	87.3509	128.906	89.2487	128.906	87.0209	128.906	89.4492	128.906	86.7144	128.906	89.594	128.906	86.44	128.906	89.6813	128.906	86.2056	128.906	89.7088	128.906	86.0177	128.906	89.6676	128.906	85.8817	128.906	89.5441	128.906	85.8011	128.906	89.3328	128.906	85.7775	128.906	89.0541	128.906	85.8106	128.906	88.7471	128.906	85.898	128.906	88.4396	128.906	86.0358	128.906	88.1385	128.906	86.2181	128.906	87.8407	128.906	86.4383	128.906	87.5437	128.906	86.6888	128.906	87.249	128.906	86.9616
133.301	88.3429	133.301	88.002	133.301	88.6614	133.301	87.6505	133.301	88.9454	133.301	87.2998	133.301	89.1832	133.301	86.9603	133.301	89.3653	133.301	86.6418	133.301	89.4862	133.301	86.3535	133.301	89.5447	133.301	86.1038	133.301	89.5412	133.301	85.8998	133.301	89.472	133.301	85.7478	133.301	89.3318	133.301	85.652	133.301	89.1223	133.301	85.6151	133.301	88.8629	133.301	85.6375	133.301	88.5831	133.301	85.7178	133.301	88.2989	133.301	85.8524	133.301	88.0106	133.301	86.0358	133.301	87.7145	133.301	86.2612	133.301	87.4109	133.301	86.5206	133.301	87.105	133.301	86.805
139.16	88.0049	139.16	87.6501	139.16	88.3382	139.16	87.2852	139.16	88.6392	139.16	86.9215	139.16	88.8979	139.16	86.57	139.16	89.1074	139.16	86.2411	139.16	89.2641	139.16	85.9448	139.16	89.3656	139.16	85.6898	139.16	89.4034	139.16	85.4837	139.16	89.3557	139.16	85.3324	139.16	89.1984	139.16	85.2394	139.16	88.9326	139.16	85.2063	139.16	88.5976	139.16	85.2322	139.16	88.2465	139.16	85.3141	139.16	87.9083	139.16	85.4471	139.16	87.5847	139.16	85.6255	139.16	87.2695	139.16	85.8424	139.16	86.9593	139.16	86.0911	139.16	86.6561	139.16	86.3646
143.555	87.5365	143.555	87.1971	143.555	87.8474	143.555	86.8405	143.555	88.1202	143.555	86.4788	143.555	88.3483	143.555	86.1242	143.555	88.5309	143.555	85.7889	143.555	88.6744	143.555	85.4847	143.555	88.7888	143.555	85.2224	143.555	88.875	143.555	85.0116	143.555	88.9076	143.555	84.86	143.555	88.8426	143.555	84.7725	143.555	88.6543	143.555	84.7514	143.555	88.3659	143.555	84.7957	143.555	88.0327	143.555	84.9013	143.555	87.6958	143.555	85.0619	143.555	87.3664	143.555	85.2698	143.555	87.0421	143.555	85.5161	143.555	86.7199	143.555	85.7921	143.555	86.4009	143.555	86.0895
147.949	87.5252	147.949	87.154	147.949	87.8564	147.949	86.7562	147.949	88.1362	147.949	86.3464	147.949	88.3574	147.949	85.9392	147.949	88.5208	147.949	85.5491	147.949	88.6381	147.949	85.1905	147.949	88.7294	147.949	84.8768	147.949	88.8076	147.949	84.6202	147.949	88.8537	147.949	84.4306	147.949	88.8178	147.949	84.315	147.949	88.658	147.949	84.2769	147.949	88.3809	147.949	84.3161	147.949	88.0349	147.949	84.4284	147.949	87.6643	147.949	84.6068	147.949	87.2874	147.949	84.8421	147.949	86.9082	147.949	85.1242	147.949	86.5288	147.949	85.4431	147.949	86.1536	147.949	85.7891
153.809	87.5482	153.809	87.1322	153.809	87.9153	153.809	86.6826	153.809	88.2198	153.809	86.2152	153.809	88.4522	153.809	85.7462	153.809	88.6109	153.809	85.2915	153.809	88.7069	153.809	84.867	153.809	88.7639	153.809	84.4877	153.809	88.8053	153.809	84.168	153.809	88.8281	153.809	83.9199	153.809	88.7894	153.809	83.7531	153.809	88.6336	153.809	83.6734	153.809	88.3406	153.809	83.6822	153.809	87.9452	153.809	83.7766	153.809	87.4987	153.809	83.9498	153.809	87.0338	153.809	84.1926	153.809	86.5659	153.809	84.4946	153.809	86.1046	153.809	84.8455	153.809	85.6586	153.809	85.2363
159.668	87.0008	159.668	86.59	159.668	87.3567	159.668	86.1415	159.668	87.6419	159.668	85.6726	159.668	87.8447	159.668	85.2008	159.668	87.9626	159.668	84.7429	159.668	88.0092	159.668	84.3155	159.668	88.018	159.668	83.9349	159.668	88.032	159.668	83.6163	159.668	88.0704	159.668	83.3736	159.668	88.0986	159.668	83.2175	159.668	88.0422	159.668	83.1552	159.668	87.8465	159.668	83.1885	159.668	87.5213	159.668	83.3138	159.668	87.1165	159.668	83.522	159.668	86.6774	159.668	83.8005	159.668	86.2285	159.668	84.1348	159.668	85.7815	159.668	84.5108	159.668	85.3423	159.668	84.9165
165.527	87.3047	165.527	86.8517	165.527	87.6941	165.527	86.3548	165.527	87.9997	165.527	85.8322	165.527	88.2021	165.527	85.3009	165.527	88.2864	165.527	84.7773	165.527	88.2505	165.527	84.2771	165.527	88.1147	165.527	83.8156	165.527	87.9305	165.527	83.4084	165.527	87.7713	165.527	83.0704	165.527	87.6866	165.527	82.816	165.527	87.6389	165.527	82.6576	165.527	87.5247	165.527	82.6039	165.527	87.2755	165.527	82.6584	165.527	86.8957	165.527	82.819	165.527	86.4243	165.527	83.0775	165.527	85.9012	165.527	83.4216	165.527	85.3586	165.527	83.837	165.527	84.8211	165.527	84.3085
171.387	86.9514	171.387	86.506	171.387	87.3494	171.387	86.03	171.387	87.6819	171.387	85.539	171.387	87.9303	171.387	85.0479	171.387	88.0768	171.387	84.5708	171.387	88.1076	171.387	84.1216	171.387	88.0171	171.387	83.7134	171.387	87.8136	171.387	83.3589	171.387	87.5275	171.387	83.0694	171.387	87.2134	171.387	82.8541	171.387	86.9073	171.387	82.7185	171.387	86.5757	171.387	82.664	171.387	86.1638	171.387	82.6863	171.387	85.6741	171.387	82.7765	171.387	85.1594	171.387	82.9228	171.387	84.6758	171.387	83.1132	171.387	84.2545	171.387	83.339	171.387	83.8994	171.387	83.5987
177.246	85.7644	177.246	85.4939	177.246	85.995	177.246	85.1876	177.246	86.1853	177.246	84.8532	177.246	86.3374	177.246	84.5012	177.246	86.4541	177.246	84.1445	177.246	86.5323	177.246	83.7986	177.246	86.5553	177.246	83.4805	177.246	86.4892	177.246	83.2086	177.246	86.3022	177.246	83.0008	177.246	86.0115	177.246	82.8729	177.246	85.6956	177.246	82.8351	177.246	85.4118	177.246	82.8893	177.246	85.1538	177.246	83.0272	177.246	84.9208	177.246	83.2312	177.246	84.7341	177.246	83.4761	177.246	84.5969	177.246	83.7339	177.246	84.482	177.246	83.978	177.246	84.3537	177.246	84.1878
183.105	86.4106	183.105	86.1917	183.105	86.5134	183.105	85.8783	183.105	86.482	183.105	85.4932	183.105	86.3098	183.105	85.059	183.105	86.0139	183.105	84.5983	183.105	85.6512	183.105	84.1353	183.105	85.315	183.105	83.6959	183.105	85.0843	183.105	83.3093	183.105	84.9489	183.105	83.0069	183.105	84.835	183.105	82.8203	183.105	84.7404	183.105	82.7755	183.105	84.7564	183.105	82.8853	183.105	84.933	183.105	83.1432	183.105	85.2159	183.105	83.5222	183.105	85.4978	183.105	83.9796	183.105	85.6826	183.105	84.4644	183.105	85.7167	183.105	84.9251	183.105	85.5883	183.105	85.3137
188.965	88.1053	188.965	87.7444	188.965	88.3284	188.965	87.2659	188.965	88.3958	188.965	86.6903	188.965	88.297	188.965	86.0377	188.965	88.0392	188.965	85.3283	188.965	87.6596	188.965	84.5835	188.965	87.2299	188.965	83.8287	188.965	86.8323	188.965	83.096	188.965	86.5048	188.965	82.4283	188.965	86.2322	188.965	81.8825	188.965	86.024	188.965	81.525	188.965	85.9399	188.965	81.4165	188.965	85.9838	188.965	81.5856	188.965	86.0689	188.965	82.0101	188.965	86.0939	188.965	82.6222	188.965	85.9905	188.965	83.3339	188.965	85.7272	188.965	84.061	188.965	85.3019	188.965	84.7343
196.289	87.8484	196.289	87.2465	196.289	88.3381	196.289	86.5502	196.289	88.7002	196.289	85.7783	196.289	88.9263	196.289	84.9495	196.289	89.0215	196.289	84.0823	196.289	89.0141	196.289	83.1946	196.289	88.9581	196.289	82.303	196.289	88.9088	196.289	81.4229	196.289	88.8672	196.289	80.5697	196.289	88.766	196.289	79.763	196.289	88.551	196.289	79.0353	196.289	88.2302	196.289	78.4442	196.289	87.805	196.289	78.0821	196.289	87.2289	196.289	78.0636	196.289	86.4565	196.289	78.4725	196.289	85.4819	196.289	79.2981	196.289	84.3335	196.289	80.4319	196.289	83.06	196.289	81.7283
203.613	87.046	203.613	86.4691	203.613	87.5435	203.613	85.8428	203.613	87.9317	203.613	85.1947	203.613	88.1866	203.613	84.5482	203.613	88.2999	203.613	83.9215	203.613	88.2952	203.613	83.3277	203.613	88.2407	203.613	82.7751	203.613	88.2295	203.613	82.2694	203.613	88.2957	203.613	81.8159	203.613	88.3456	203.613	81.4223	203.613	88.2339	203.613	81.1016	203.613	87.8913	203.613	80.8739	203.613	87.3474	203.613	80.7652	203.613	86.6702	203.613	80.804	203.613	85.9092	203.613	81.0124	203.613	85.0932	203.613	81.3982	203.613	84.2505	203.613	81.9492	203.613	83.4174	203.613	82.6357
210.938	86.8768	210.938	86.5911	210.938	87.0691	210.938	86.2319	210.938	87.1501	210.938	85.8176	210.938	87.1106	210.938	85.3639	210.938	86.9636	210.938	84.8835	210.938	86.762	210.938	84.3856	210.938	86.6097	210.938	83.8765	210.938	86.6239	210.938	83.3604	210.938	86.8315	210.938	82.841	210.938	87.1116	210.938	82.3249	210.938	87.2961	210.938	81.8256	210.938	87.2819	210.938	81.3703	210.938	87.0445	210.938	81.0064	210.938	86.6065	210.938	80.8027	210.938	85.9997	210.938	80.8354	210.938	85.2505	210.938	81.155	210.938	84.3902	210.938	81.7523	210.938	83.468	210.938	82.5569
218.262	86.9181	218.262	86.6151	218.262	87.1011	218.262	86.2197	218.262	87.1369	218.262	85.7573	218.262	87.0036	218.262	85.2509	218.262	86.6994	218.262	84.7207	218.262	86.2698	218.262	84.184	218.262	85.8446	218.262	83.6547	218.262	85.6355	218.262	83.1439	218.262	85.7912	218.262	82.6598	218.262	86.2064	218.262	82.2098	218.262	86.6061	218.262	81.8028	218.262	86.7765	218.262	81.452	218.262	86.634	218.262	81.1788	218.262	86.1924	218.262	81.0138	218.262	85.5143	218.262	80.9959	218.262	84.6803	218.262	81.1642	218.262	83.7793	218.262	81.5447	218.262	82.903	218.262	82.1362
225.586	86.8482	225.586	86.5092	225.586	87.0571	225.586	86.0722	225.586	87.1013	225.586	85.5661	225.586	86.9489	225.586	85.0164	225.586	86.584	225.586	84.4455	225.586	86.0404	225.586	83.8727	225.586	85.4636	225.586	83.3137	225.586	85.1537	225.586	82.7816	225.586	85.3853	225.586	82.288	225.586	86.0421	225.586	81.8458	225.586	86.7114	225.586	81.4729	225.586	87.0948	225.586	81.1957	225.586	87.1114	225.586	81.0496	225.586	86.8063	225.586	81.0735	225.586	86.2603	225.586	81.2971	225.586	85.5506	225.586	81.726	225.586	84.7447	225.586	82.3362	225.586	83.9025	225.586	83.0806
232.91	87.1216	232.91	86.783	232.91	87.3276	232.91	86.3413	232.91	87.3672	232.91	85.8227	232.91	87.2024	232.91	85.2515	232.91	86.7954	232.91	84.6505	232.91	86.1262	232.91	84.0405	232.91	85.2451	232.91	83.44	232.91	84.3938	232.91	82.8646	232.91	84.0852	232.91	82.3275	232.91	84.6361	232.91	81.8408	232.91	85.603	232.91	81.4194	232.91	86.3638	232.91	81.0842	232.91	86.6567	232.91	80.8654	232.91	86.4917	232.91	80.8011	232.91	85.9726	232.91	80.9287	232.91	85.2163	232.91	81.2714	232.91	84.3325	232.91	81.8259	232.91	83.4191	232.91	82.5601
241.699	86.7713	241.699	86.3954	241.699	86.9803	241.699	85.8866	241.699	86.9896	241.699	85.2785	241.699	86.7722	241.699	84.6036	241.699	86.3191	241.699	83.8931	241.699	85.665	241.699	83.1749	241.699	84.9324	241.699	82.4729	241.699	84.3666	241.699	81.8067	241.699	84.2525	241.699	81.1935	241.699	84.6301	241.699	80.6526	241.699	85.1814	241.699	80.2114	241.699	85.543	241.699	79.9089	241.699	85.5562	241.699	79.7899	241.699	85.2422	241.699	79.8879	241.699	84.7013	241.699	80.2031	241.699	84.0437	241.699	80.6959	241.699	83.3491	241.699	81.3036	241.699	82.654	241.699	81.968
250.488	86.7225	250.488	86.2728	250.488	87.0023	250.488	85.696	250.488	87.0675	250.488	85.0314	250.488	86.8751	250.488	84.3145	250.488	86.3969	250.488	83.5766	250.488	85.6505	250.488	82.8429	250.488	84.7647	250.488	82.1315	250.488	84.0663	250.488	81.4535	250.488	83.9977	250.488	80.816	250.488	84.6215	250.488	80.23	250.488	85.4531	250.488	79.7221	250.488	86.0319	250.488	79.3469	250.488	86.2091	250.488	79.189	250.488	86.0326	250.488	79.3352	250.488	85.5996	250.488	79.8177	250.488	84.9888	250.488	80.5796	250.488	84.2474	250.488	81.5032	250.488	83.4002	250.488	82.4707
259.277	87.1437	259.277	86.587	259.277	87.5271	259.277	85.9069	259.277	87.6801	259.277	85.1468	259.277	87.5393	259.277	84.3436	259.277	87.0418	259.277	83.5272	259.277	86.1503	259.277	82.7191	259.277	84.9349	259.277	81.9318	259.277	83.7983	259.277	81.1706	259.277	83.6096	259.277	80.4399	259.277	84.6175	259.277	79.7584	259.277	85.865	259.277	79.1827	259.277	86.6654	259.277	78.8294	259.277	86.9424	259.277	78.8586	259.277	86.8371	259.277	79.373	259.277	86.497	259.277	80.3087	259.277	86.0125	259.277	81.4691	259.277	85.4056	259.277	82.6548	259.277	84.6548	259.277	83.736
268.066	88.3816	268.066	87.7525	268.066	88.8748	268.066	87.0313	268.066	89.1763	268.066	86.2517	268.066	89.2186	268.066	85.4391	268.066	88.9271	268.066	84.6123	268.066	88.2344	268.066	83.7831	268.066	87.1202	268.066	82.9541	268.066	85.7545	268.066	82.1159	268.066	84.8291	268.066	81.2453	268.066	85.1955	268.066	80.3099	268.066	86.3286	268.066	79.2847	268.066	87.2465	268.066	78.2051	268.066	87.6802	268.066	77.2898	268.066	87.7145	268.066	77.0592	268.066	87.4399	268.066	77.9623	268.066	86.8843	268.066	79.7025	268.066	86.0391	268.066	81.6433	268.066	84.8859	268.066	83.4131
276.855	87.755	276.855	87.0661	276.855	88.3114	276.855	86.2852	276.855	88.6884	276.855	85.4482	276.855	88.8324	276.855	84.5877	276.855	88.6875	276.855	83.7324	276.855	88.2087	276.855	82.9032	276.855	87.3976	276.855	82.108	276.855	86.4036	276.855	81.3374	276.855	85.7254	276.855	80.562	276.855	85.98	276.855	79.7367	276.855	86.8489	276.855	78.8122	276.855	87.51	276.855	77.7663	276.855	87.6538	276.855	76.6894	276.855	87.3365	276.855	75.9535	276.855	86.6739	276.855	76.2005	276.855	85.743	276.855	77.5981	276.855	84.5721	276.855	79.5383	276.855	83.1508	276.855	81.4611
287.109	87.4598	287.109	86.9119	287.109	87.9002	287.109	86.2935	287.109	88.1802	287.109	85.6302	287.109	88.2321	287.109	84.9411	287.109	87.9829	287.109	84.242	287.109	87.3787	287.109	83.5445	287.109	86.4435	287.109	82.8517	287.109	85.4283	287.109	82.1531	287.109	84.9922	287.109	81.4195	287.109	85.6058	287.109	80.6018	287.109	86.6194	287.109	79.6352	287.109	87.286	287.109	78.4601	287.109	87.4634	287.109	77.1002	287.109	87.262	287.109	75.9089	287.109	86.7705	287.109	75.8327	287.109	86.0096	287.109	77.3767	287.109	84.9549	287.109	79.6359	287.109	83.5598	287.109	81.7814
297.363	86.224	297.363	85.8235	297.363	86.4198	297.363	85.241	297.363	86.3986	297.363	84.5093	297.363	86.1584	297.363	83.674	297.363	85.7083	297.363	82.7956	297.363	85.0675	297.363	81.9517	297.363	84.2605	297.363	81.2329	297.363	83.3105	297.363	80.7281	297.363	82.2434	297.363	80.4978	297.363	81.1186	297.363	80.5505	297.363	80.0875	297.363	80.84	297.363	79.4141	297.363	81.2862	297.363	79.3257	297.363	81.8002	297.363	79.7861	297.363	82.2991	297.363	80.5425	297.363	82.7124	297.363	81.3501	297.363	82.9832	297.363	82.0626	297.363	83.0696	297.363	82.6064	297.363	82.9463
307.617	87.14	307.617	86.8115	307.617	87.232	307.617	86.2647	307.617	87.0763	307.617	85.5254	307.617	86.6712	307.617	84.6288	307.617	86.0265	307.617	83.6256	307.617	85.1653	307.617	82.5912	307.617	84.1218	307.617	81.6329	307.617	82.9362	307.617	80.8823	307.617	81.6573	307.617	80.4557	307.617	80.3737	307.617	80.3932	307.617	79.263	307.617	80.6349	307.617	78.5687	307.617	81.059	307.617	78.4324	307.617	81.5387	307.617	78.777	307.617	81.9712	307.617	79.415	307.617	82.2818	307.617	80.1757	307.617	82.4189	307.617	80.9297	307.617	82.3514	307.617	81.5823	307.617	82.0686
319.336	86.8656	319.336	86.5828	319.336	86.9323	319.336	86.1065	319.336	86.7667	319.336	85.4623	319.336	86.3626	319.336	84.6799	319.336	85.7283	319.336	83.7967	319.336	84.8877	319.336	82.8662	319.336	83.8765	319.336	81.9689	319.336	82.731	319.336	81.2169	319.336	81.4933	319.336	80.736	319.336	80.2669	319.336	80.6151	319.336	79.3025	319.336	80.8517	319.336	78.9236	319.336	81.3504	319.336	79.1954	319.336	81.9739	319.336	79.8667	319.336	82.5919	319.336	80.6876	319.336	83.1015	319.336	81.5286	319.336	83.4276	319.336	82.3057	319.336	83.5203	319.336	82.9374	319.336	83.3552
329.59	86.798	329.59	86.4767	329.59	86.8954	329.59	85.9604	329.59	86.7467	329.59	85.2811	329.59	86.3396	329.59	84.4727	329.59	85.6758	329.59	83.5729	329.59	84.7721	329.59	82.6293	329.59	83.654	329.59	81.7109	329.59	82.3454	329.59	80.9165	329.59	80.8787	329.59	80.3671	329.59	79.3895	329.59	80.1639	329.59	78.2845	329.59	80.3302	329.59	78.074	329.59	80.7898	329.59	78.6808	329.59	81.4071	329.59	79.5698	329.59	82.0416	329.59	80.4268	329.59	82.5771	329.59	81.2026	329.59	82.9278	329.59	81.9035	329.59	83.0383	329.59	82.4889	329.59	82.8862
341.309	87.1818	341.309	86.7597	341.309	87.3516	341.309	86.1149	341.309	87.2479	341.309	85.2845	341.309	86.8611	341.309	84.3126	341.309	86.1955	341.309	83.2503	341.309	85.2723	341.309	82.1583	341.309	84.123	341.309	81.113	341.309	82.7742	341.309	80.215	341.309	81.2445	341.309	79.5883	341.309	79.6364	341.309	79.348	341.309	78.3795	341.309	79.5366	341.309	78.1786	341.309	80.0804	341.309	79.0279	341.309	80.8232	341.309	80.1829	341.309	81.5971	341.309	81.1757	341.309	82.2692	341.309	81.9191	341.309	82.7527	341.309	82.457	341.309	83.0045	341.309	82.8268	341.309	83.0206
353.027	87.5625	353.027	87.1724	353.027	87.6742	353.027	86.5411	353.027	87.4766	353.027	85.709	353.027	86.9483	353.027	84.7201	353.027	86.0831	353.027	83.624	353.027	84.8932	353.027	82.48	353.027	83.4076	353.027	81.3641	353.027	81.659	353.027	80.3742	353.027	79.6914	353.027	79.6279	353.027	77.7114	353.027	79.2389	353.027	76.4645	353.027	79.2685	353.027	76.8166	353.027	79.6828	353.027	78.2356	353.027	80.3612	353.027	79.7414	353.027	81.1475	353.027	80.9692	353.027	81.8975	353.027	81.8838	353.027	82.5017	353.027	82.5193	353.027	82.8892	353.027	82.8991	353.027	83.0242
366.211	87.7379	366.211	87.3135	366.211	87.8741	366.211	86.6421	366.211	87.6889	366.211	85.7713	366.211	87.1581	366.211	84.7534	366.211	86.2703	366.211	83.6438	366.211	85.0313	366.211	82.502	366.211	83.4675	366.211	81.3971	366.211	81.6136	366.211	80.4169	366.211	79.4947	366.211	79.6727	366.211	77.2086	366.211	79.2818	366.211	75.359	366.211	79.3165	366.211	75.2123	366.211	79.7507	366.211	76.6615	366.211	80.4596	366.211	78.4326	366.211	81.2773	366.211	79.9888	366.211	82.0512	366.211	81.2529	366.211	82.6637	366.211	82.2073	366.211	83.0315	366.211	82.8266	366.211	83.0975
379.395	87.1844	379.395	86.8397	379.395	87.2225	379.395	86.2439	379.395	86.907	379.395	85.4564	379.395	86.2021	379.395	84.534	379.395	85.0869	379.395	83.5264	379.395	83.5648	379.395	82.4772	379.395	81.6763	379.395	81.4347	379.395	79.5136	379.395	80.4676	379.395	77.2498	379.395	79.6783	379.395	75.2916	379.395	79.1962	379.395	74.4538	379.395	79.1316	379.395	75.0911	379.395	79.5011	379.395	76.411	379.395	80.1962	379.395	77.761	379.395	81.0327	379.395	79.0251	379.395	81.8234	379.395	80.2278	379.395	82.417	379.395	81.3088	379.395	82.7045	379.395	82.1405	379.395	82.619
392.578	87.649	392.578	87.4147	392.578	87.5396	392.578	86.8914	392.578	87.0314	392.578	86.136	392.578	86.0696	392.578	85.2107	392.578	84.6014	392.578	84.1865	392.578	82.5794	392.578	83.1432	392.578	79.959	392.578	82.1643	392.578	76.6591	392.578	81.3284	392.578	72.4567	392.578	80.6993	392.578	67.6306	392.578	80.3201	392.578	68.0792	392.578	80.2104	392.578	72.1738	392.578	80.362	392.578	75.1237	392.578	80.7316	392.578	77.1323	392.578	81.2361	392.578	78.6594	392.578	81.7611	392.578	79.9467	392.578	82.1809	392.578	81.0249	392.578	82.3815	392.578	81.8223	392.578	82.277
405.762	87.4372	405.762	87.1038	405.762	87.407	405.762	86.4683	405.762	86.9564	405.762	85.5974	405.762	86.0325	405.762	84.5613	405.762	84.5868	405.762	83.4316	405.762	82.5839	405.762	82.2822	405.762	80.0224	405.762	81.1961	405.762	76.9504	405.762	80.2765	405.762	73.3693	405.762	79.6485	405.762	68.9116	405.762	79.4288	405.762	63.9053	405.762	79.6571	405.762	66.4751	405.762	80.2482	405.762	71.0834	405.762	81.0244	405.762	74.1259	405.762	81.7912	405.762	76.3144	405.762	82.3862	405.762	78.1498	405.762	82.6876	405.762	79.7825	405.762	82.6085	405.762	81.1352	405.762	82.0947
420.41	87.508	420.41	87.2018	420.41	87.415	420.41	86.5623	420.41	86.8561	420.41	85.6584	420.41	85.7583	420.41	84.5646	420.41	84.0375	420.41	83.3633	420.41	81.5928	420.41	82.1469	420.41	78.2945	420.41	81.0201	420.41	73.901	420.41	80.1008	420.41	67.5002	420.41	79.5126	420.41	55.9969	420.41	79.3557	420.41	66.1136	420.41	79.6533	420.41	71.8702	420.41	80.3168	420.41	75.078	420.41	81.1721	420.41	77.1043	420.41	82.0248	420.41	78.5346	420.41	82.7075	420.41	79.7414	420.41	83.0951	420.41	80.893	420.41	83.1059	420.41	81.9327	420.41	82.7077
435.059	87.8104	435.059	87.3255	435.059	87.8727	435.059	86.4794	435.059	87.4505	435.059	85.3406	435.059	86.4761	435.059	83.992	435.059	84.8748	435.059	82.5359	435.059	82.572	435.059	81.0916	435.059	79.5181	435.059	79.7879	435.059	75.7265	435.059	78.7538	435.059	71.1408	435.059	78.1124	435.059	64.4007	435.059	77.9666	435.059	47.5153	435.059	78.3511	435.059	66.4439	435.059	79.1762	435.059	72.0387	435.059	80.2416	435.059	75.2812	435.059	81.3196	435.059	77.5724	435.059	82.2211	435.059	79.4042	435.059	82.8129	435.059	80.908	435.059	83.008	435.059	82.047	435.059	82.7569
451.172	87.9089	451.172	87.4845	451.172	87.9018	451.172	86.6969	451.172	87.3953	451.172	85.6204	451.172	86.3175	451.172	84.3402	451.172	84.5853	451.172	82.9566	451.172	82.0969	451.172	81.5803	451.172	78.7274	451.172	80.317	451.172	74.3605	451.172	79.2528	451.172	68.9649	451.172	78.4598	451.172	61.9795	451.172	78.0243	451.172	55.0006	451.172	78.0524	451.172	65.9887	451.172	78.5969	451.172	72.0022	451.172	79.5505	451.172	75.764	451.172	80.6629	451.172	78.2644	451.172	81.6657	451.172	79.9488	451.172	82.3617	451.172	81.1203	451.172	82.6435	451.172	81.9602	451.172	82.4916
465.82	87.7519	465.82	87.6155	465.82	87.3984	465.82	87.0652	465.82	86.4722	465.82	86.1739	465.82	84.8757	465.82	85.0143	465.82	82.4796	465.82	83.6656	465.82	79.0892	465.82	82.2202	465.82	74.3851	465.82	80.7876	465.82	67.9295	465.82	79.488	465.82	61.2838	465.82	78.4432	465.82	61.4902	465.82	77.7902	465.82	64.288	465.82	77.6986	465.82	67.9299	465.82	78.2846	465.82	71.7038	465.82	79.432	465.82	75.1665	465.82	80.8091	465.82	78.1501	465.82	82.0861	465.82	80.5109	465.82	83.052	465.82	82.1897	465.82	83.598	465.82	83.2194	465.82	83.6688
483.398	87.5664	483.398	87.504	483.398	87.0684	483.398	86.9885	483.398	85.8851	483.398	86.1248	483.398	83.8367	483.398	85.0189	483.398	80.5942	483.398	83.7722	483.398	75.3632	483.398	82.4724	483.398	65.0406	483.398	81.1854	483.398	63.3916	483.398	79.9549	483.398	69.0943	483.398	78.8183	483.398	69.3355	483.398	77.8583	483.398	66.7321	483.398	77.2994	483.398	64.4625	483.398	77.5027	483.398	67.9491	483.398	78.5826	483.398	71.7328	483.398	80.1259	483.398	74.7239	483.398	81.5884	483.398	77.4551	483.398	82.6211	483.398	79.8731	483.398	83.042	483.398	81.6888	483.398	82.7496
499.512	87.7319	499.512	87.5316	499.512	87.4007	499.512	86.8951	499.512	86.4281	499.512	85.9212	499.512	84.6588	499.512	84.7222	499.512	81.8206	499.512	83.4228	499.512	77.3205	499.512	82.145	499.512	69.4776	499.512	80.9812	499.512	63.9136	499.512	79.9748	499.512	69.7716	499.512	79.1282	499.512	70.921	499.512	78.4439	499.512	69.7251	499.512	77.9868	499.512	68.7733	499.512	77.927	499.512	70.6455	499.512	78.4478	499.512	73.4098	499.512	79.4908	499.512	75.841	499.512	80.699	499.512	77.9595	499.512	81.6728	499.512	79.782	499.512	82.1455	499.512	81.1746	499.512	81.9871
517.09	87.1964	517.09	87.076	517.09	86.728	517.09	86.4786	517.09	85.536	517.09	85.5117	517.09	83.4183	517.09	84.2872	517.09	79.9829	517.09	82.9249	517.09	74.1715	517.09	81.5485	517.09	59.9844	517.09	80.2691	517.09	66.8149	517.09	79.1638	517.09	71.6284	517.09	78.2752	517.09	72.5427	517.09	77.6607	517.09	71.7503	517.09	77.4658	517.09	70.3922	517.09	77.8824	517.09	70.5533	517.09	78.8996	517.09	72.8484	517.09	80.1905	517.09	75.3463	517.09	81.3494	517.09	77.3876	517.09	82.0859	517.09	79.1332	517.09	82.2354	517.09	80.6421	517.09	81.736
536.133	87.8553	536.133	87.4579	536.133	87.6161	536.133	86.5593	536.133	86.5826	536.133	85.2934	536.133	84.5248	536.133	83.8023	536.133	80.9938	536.133	82.2391	536.133	74.6982	536.133	80.7568	536.133	56.1763	536.133	79.4764	536.133	70.1268	536.133	78.4468	536.133	74.1806	536.133	77.6434	536.133	75.0553	536.133	77.0409	536.133	74.6218	536.133	76.7554	536.133	73.7661	536.133	77.1138	536.133	73.3808	536.133	78.3085	536.133	74.2821	536.133	79.9683	536.133	76.1537	536.133	81.5026	536.133	78.1646	536.133	82.5271	536.133	79.98	536.133	82.8717	536.133	81.4816	536.133	82.4997
555.176	87.884	555.176	87.6571	555.176	87.433	555.176	86.8937	555.176	86.1482	555.176	85.7472	555.176	83.8025	555.176	84.3878	555.176	79.9875	555.176	82.9859	555.176	74.1801	555.176	81.6831	555.176	71.2445	555.176	80.5625	555.176	74.5709	555.176	79.6264	555.176	76.0978	555.176	78.7923	555.176	75.7532	555.176	77.9259	555.176	74.137	555.176	76.9438	555.176	71.9409	555.176	76.0825	555.176	69.9493	555.176	76.1777	555.176	69.5453	555.176	77.6387	555.176	72.0485	555.176	79.4739	555.176	75.2889	555.176	80.7814	555.176	77.8757	555.176	81.2605	555.176	79.7329	555.176	80.886
574.219	87.1367	574.219	87.1089	574.219	86.4013	574.219	86.4691	574.219	84.7049	574.219	85.3797	574.219	81.6669	574.219	84.0366	574.219	76.2425	574.219	82.6576	574.219	64.7512	574.219	81.4376	574.219	71.8754	574.219	80.4916	574.219	76.6044	574.219	79.8205	574.219	78.1054	574.219	79.3158	574.219	77.9342	574.219	78.8015	574.219	76.6243	574.219	78.1143	574.219	74.5327	574.219	77.2766	574.219	72.3631	574.219	76.8431	574.219	71.9314	574.219	77.6936	574.219	74.1828	574.219	79.4796	574.219	77.2396	574.219	81.1011	574.219	79.7414	574.219	82.0214	574.219	81.3662	574.219	82.1162
594.727	87.6198	594.727	87.4383	594.727	87.0352	594.727	86.5994	594.727	85.53	594.727	85.2169	594.727	82.8168	594.727	83.4578	594.727	78.2472	594.727	81.5809	594.727	70.511	594.727	79.9183	594.727	70.4264	594.727	78.7468	594.727	74.9307	594.727	78.1478	594.727	76.3903	594.727	78.0241	594.727	76.1979	594.727	78.2107	594.727	75.1578	594.727	78.541	594.727	73.7311	594.727	78.8862	594.727	72.1697	594.727	79.2104	594.727	71.1068	594.727	79.5931	594.727	71.5124	594.727	80.1119	594.727	73.7663	594.727	80.6451	594.727	76.7449	594.727	80.8732	594.727	79.1054	594.727	80.449
615.234	87.3417	615.234	87.2686	615.234	86.5889	615.234	86.5065	615.234	84.8241	615.234	85.1811	615.234	81.7684	615.234	83.434	615.234	77.2519	615.234	81.4495	615.234	74.056	615.234	79.4765	615.234	75.8503	615.234	77.7926	615.234	77.3785	615.234	76.5696	615.234	77.4921	615.234	75.7727	615.234	76.7193	615.234	75.3179	615.234	75.8311	615.234	75.3583	615.234	75.3305	615.234	76.1662	615.234	74.9291	615.234	77.5481	615.234	74.189	615.234	78.9189	615.234	73.2461	615.234	79.8233	615.234	72.853	615.234	80.0156	615.234	73.7211	615.234	79.3622	615.234	75.7041	615.234	77.8416
637.207	86.7459	637.207	86.7386	637.207	85.9143	637.207	86.062	637.207	84.0144	637.207	84.8654	637.207	80.685	637.207	83.2842	637.207	75.7383	637.207	81.4416	637.207	73.9534	637.207	79.4919	637.207	77.1207	637.207	77.7212	637.207	78.8976	637.207	76.5523	637.207	78.9411	637.207	76.209	637.207	77.4988	637.207	76.4199	637.207	74.8658	637.207	76.7663	637.207	72.0487	637.207	77.0822	637.207	70.5608	637.207	77.4844	637.207	70.4345	637.207	78.1581	637.207	71.7378	637.207	79.0334	637.207	73.9273	637.207	79.7227	637.207	75.9293	637.207	79.8053	637.207	77.6683	637.207	79.0767
659.18	86.9861	659.18	87.0217	659.18	85.9058	659.18	86.2038	659.18	83.5001	659.18	84.6845	659.18	79.3965	659.18	82.6116	659.18	74.8259	659.18	80.1626	659.18	76.0025	659.18	77.5816	659.18	78.1748	659.18	75.2037	659.18	78.4897	659.18	73.4507	659.18	77.0674	659.18	72.7728	659.18	74.1508	659.18	73.2428	659.18	71.2487	659.18	74.1888	659.18	70.5533	659.18	74.8624	659.18	69.4181	659.18	75.1702	659.18	64.9565	659.18	75.8895	659.18	55.073	659.18	77.5231	659.18	65.789	659.18	79.096	659.18	72.3016	659.18	79.645	659.18	76.4026	659.18	78.7962
682.617	87.8899	682.617	87.8071	682.617	86.9277	682.617	86.8459	682.617	84.644	682.617	85.1477	682.617	80.5907	682.617	82.8992	682.617	75.6118	682.617	80.3859	682.617	76.8259	682.617	77.9719	682.617	79.314	682.617	75.886	682.617	79.71	682.617	73.9552	682.617	78.1475	682.617	71.8784	682.617	74.6597	682.617	70.463	682.617	69.9475	682.617	71.7356	682.617	66.5212	682.617	74.2381	682.617	63.6996	682.617	76.0703	682.617	64.9762	682.617	77.1105	682.617	70.4423	682.617	77.9468	682.617	74.8135	682.617	79.0286	682.617	77.774	682.617	79.982	682.617	79.5209	682.617	80.2269
707.52	87.604	707.52	87.8822	707.52	86.4477	707.52	87.3585	707.52	84.2908	707.52	86.1124	707.52	81.0894	707.52	84.3008	707.52	77.8595	707.52	82.2118	707.52	77.4241	707.52	80.2485	707.52	78.6039	707.52	78.7648	707.52	79.2226	707.52	77.8132	707.52	79.0447	707.52	77.0824	707.52	78.1951	707.52	76.1037	707.52	76.789	707.52	74.5397	707.52	74.9958	707.52	72.7985	707.52	72.9575	707.52	72.9284	707.52	70.8875	707.52	75.1868	707.52	69.8776	707.52	77.455	707.52	71.3635	707.52	78.9698	707.52	74.5081	707.52	79.562	707.52	77.3603	707.52	79.0729
732.422	87.615	732.422	87.4673	732.422	86.6744	732.422	86.4802	732.422	84.3913	732.422	84.9682	732.422	80.5234	732.422	83.3229	732.422	76.4719	732.422	81.8674	732.422	77.7352	732.422	80.6855	732.422	80.3262	732.422	79.7051	732.422	81.5359	732.422	78.8627	732.422	81.4201	732.422	78.0754	732.422	80.0698	732.422	77.1304	732.422	77.5821	732.422	75.7245	732.422	74.5279	732.422	73.8007	732.422	72.4513	732.422	72.5686	732.422	71.9694	732.422	73.9717	732.422	71.9531	732.422	76.3726	732.422	72.1192	732.422	77.9677	732.422	73.1578	732.422	78.3057	732.422	75.2803	732.422	77.3212
757.324	86.8018	757.324	87.0882	757.324	85.1958	757.324	86.2775	757.324	81.9396	757.324	84.5787	757.324	76.9499	757.324	82.3051	757.324	75.5336	757.324	80.0102	757.324	78.8163	757.324	78.3806	757.324	80.6103	757.324	77.6557	757.324	80.7529	757.324	77.4663	757.324	79.6009	757.324	77.367	757.324	77.5769	757.324	77.0644	757.324	75.3223	757.324	76.352	757.324	73.162	757.324	75.1441	757.324	70.5433	757.324	73.8418	757.324	67.0168	757.324	73.6655	757.324	64.0752	757.324	74.7924	757.324	64.7017	757.324	75.7007	757.324	67.6294	757.324	75.4192	757.324	70.8506	757.324	73.7011
785.156	86.7788	785.156	86.5593	785.156	85.7764	785.156	85.3795	785.156	83.2324	785.156	83.447	785.156	79.0532	785.156	80.9351	785.156	76.3643	785.156	78.0526	785.156	78.3326	785.156	75.1699	785.156	79.9449	785.156	72.8879	785.156	80.1683	785.156	71.9026	785.156	79.1366	785.156	72.5129	785.156	77.0472	785.156	74.0097	785.156	74.8201	785.156	75.2965	785.156	74.2421	785.156	75.7107	785.156	74.8207	785.156	75.1061	785.156	74.8989	785.156	74.286	785.156	73.9567	785.156	75.0593	785.156	72.3859	785.156	76.6279	785.156	71.578	785.156	77.0227	785.156	73.1211	785.156	75.6731
811.523	86.0367	811.523	86.1895	811.523	84.5258	811.523	85.0611	811.523	81.479	811.523	82.6976	811.523	77.1973	811.523	79.2305	811.523	76.4173	811.523	75.0288	811.523	79.2278	811.523	70.8663	811.523	80.8537	811.523	67.8048	811.523	81.0296	811.523	66.8599	811.523	80.0873	811.523	68.7379	811.523	78.445	811.523	71.1572	811.523	76.7326	811.523	72.2804	811.523	75.3324	811.523	71.9846	811.523	73.7744	811.523	71.2691	811.523	71.6736	811.523	71.9169	811.523	69.5606	811.523	73.5646	811.523	68.443	811.523	74.7031	811.523	69.1449	811.523	74.7614	811.523	71.3885	811.523	73.5981
840.82	86.1064	840.82	85.8058	840.82	85.105	840.82	84.3717	840.82	82.6767	840.82	82.0663	840.82	79.1418	840.82	79.285	840.82	77.122	840.82	76.4866	840.82	78.1035	840.82	74.1663	840.82	78.9999	840.82	72.5558	840.82	78.7473	840.82	71.4113	840.82	77.1275	840.82	70.8248	840.82	74.0827	840.82	71.2673	840.82	71.0764	840.82	72.3786	840.82	71.0746	840.82	73.0877	840.82	72.048	840.82	73.0783	840.82	72.484	840.82	73.4564	840.82	72.9184	840.82	74.6496	840.82	73.4059	840.82	75.2698	840.82	73.1278	840.82	74.7824	840.82	72.6956	840.82	73.5559
870.117	85.0662	870.117	84.9632	870.117	83.4546	870.117	83.1109	870.117	80.1059	870.117	79.7176	870.117	74.9688	870.117	76.2204	870.117	76.2555	870.117	75.1064	870.117	80.9926	870.117	75.2179	870.117	82.8846	870.117	75.2777	870.117	82.6236	870.117	75.1783	870.117	80.8845	870.117	74.5491	870.117	78.4473	870.117	72.7133	870.117	76.6579	870.117	68.4821	870.117	75.9288	870.117	59.7079	870.117	74.7773	870.117	62.4402	870.117	71.5737	870.117	67.0161	870.117	63.9182	870.117	69.917	870.117	52.2957	870.117	72.0753	870.117	58.7658	870.117	73.1602	870.117	68.171	870.117	72.3371
900.879	84.749	900.879	84.4072	900.879	83.5367	900.879	82.6903	900.879	80.6081	900.879	79.9285	900.879	76.813	900.879	77.0475	900.879	76.9249	900.879	75.4365	900.879	79.3855	900.879	75.0555	900.879	80.7407	900.879	74.9002	900.879	80.6861	900.879	74.432	900.879	79.1093	900.879	73.3437	900.879	75.8303	900.879	71.5806	900.879	72.3989	900.879	70.3867	900.879	72.9716	900.879	71.1107	900.879	74.1634	900.879	71.518	900.879	74.3721	900.879	70.5238	900.879	73.4909	900.879	70.9563	900.879	70.9727	900.879	73.2525	900.879	69.6899	900.879	74.1728	900.879	71.7197	900.879	73.444
933.105	81.9402	933.105	83.16	933.105	82.8334	933.105	84.7872	933.105	82.9026	933.105	84.2186	933.105	82.2441	933.105	81.6212	933.105	77.8841	933.105	79.5856	933.105	76.7823	933.105	80.4684	933.105	86.8665	933.105	81.3988	933.105	90.4356	933.105	81.3217	933.105	91.4168	933.105	79.9913	933.105	90.8861	933.105	75.8933	933.105	89.2693	933.105	67.1166	933.105	87.1125	933.105	77.6382	933.105	84.6027	933.105	80.8795	933.105	80.4592	933.105	79.1795	933.105	72.3405	933.105	73.8984	933.105	65.7887	933.105	72.9401	933.105	75.5281	933.105	65.5633	933.105	77.2564	933.105	71.5472
965.332	81.8518	965.332	83.0952	965.332	81.7915	965.332	84.3945	965.332	80.7578	965.332	83.8972	965.332	78.3441	965.332	81.7008	965.332	74.5405	965.332	79.6947	965.332	79.9508	965.332	79.6731	965.332	84.7123	965.332	80.0414	965.332	86.229	965.332	80.1857	965.332	86.3039	965.332	80.5029	965.332	85.9592	965.332	80.8346	965.332	84.9054	965.332	80.4051	965.332	82.7715	965.332	78.259	965.332	80.3916	965.332	73.2832	965.332	78.5996	965.332	67.3538	965.332	74.0965	965.332	61.1697	965.332	64.7573	965.332	67.2787	965.332	71.6871	965.332	75.2452	965.332	72.6321	965.332	75.5388
1,000.49	82.7551	1,000.49	84.7682	1,000.49	81.8889	1,000.49	85.7424	1,000.49	82.609	1,000.49	85.0772	1,000.49	82.195	1,000.49	82.3882	1,000.49	79.6859	1,000.49	77.1283	1,000.49	76.96	1,000.49	71.9383	1,000.49	78.9782	1,000.49	73.6954	1,000.49	80.4068	1,000.49	74.753	1,000.49	78.8982	1,000.49	74.9171	1,000.49	74.2661	1,000.49	74.5918	1,000.49	70.2209	1,000.49	71.9064	1,000.49	70.2999	1,000.49	67.4689	1,000.49	71.6881	1,000.49	73.28	1,000.49	76.2152	1,000.49	75.4466	1,000.49	76.2235	1,000.49	74.6123	1,000.49	73.9102	1,000.49	74.9313	1,000.49	77.6885	1,000.49	72.7806	1,000.49	76.9612	1,000.49	68.9377
1,035.64	83.5544	1,035.64	84.1231	1,035.64	83.4717	1,035.64	84.5993	1,035.64	83.78	1,035.64	84.3828	1,035.64	83.5763	1,035.64	82.9771	1,035.64	82.4645	1,035.64	80.0695	1,035.64	81.6622	1,035.64	76.5676	1,035.64	81.6408	1,035.64	76.3169	1,035.64	80.8233	1,035.64	77.665	1,035.64	78.4139	1,035.64	77.2786	1,035.64	73.0246	1,035.64	73.1393	1,035.64	51.988	1,035.64	61.6574	1,035.64	66.4429	1,035.64	76.2503	1,035.64	61.2473	1,035.64	79.6825	1,035.64	67.7476	1,035.64	78.7696	1,035.64	72.7034	1,035.64	76.1263	1,035.64	64.0367	1,035.64	73.3405	1,035.64	73.7257	1,035.64	54.8162	1,035.64	78.2065	1,035.64	75.3192
1,072.27	85.2309	1,072.27	84.7839	1,072.27	82.8237	1,072.27	82.6147	1,072.27	77.5729	1,072.27	80.6614	1,072.27	73.9729	1,072.27	79.7224	1,072.27	81.2999	1,072.27	80.208	1,072.27	86.3471	1,072.27	82.4312	1,072.27	87.3951	1,072.27	84.2133	1,072.27	86.2017	1,072.27	84.59	1,072.27	85.1517	1,072.27	83.3174	1,072.27	83.9453	1,072.27	79.3209	1,072.27	81.0182	1,072.27	69.8964	1,072.27	76.4208	1,072.27	78.5199	1,072.27	72.2076	1,072.27	81.7504	1,072.27	68.9663	1,072.27	79.8407	1,072.27	66.466	1,072.27	71.7233	1,072.27	72.5093	1,072.27	70.1113	1,072.27	66.3665	1,072.27	76.5068	1,072.27	71.8791	1,072.27	77.6191
1,108.89	84.8539	1,108.89	84.3849	1,108.89	83.4451	1,108.89	83.3383	1,108.89	79.8153	1,108.89	82.5989	1,108.89	80.5132	1,108.89	82.1849	1,108.89	81.5679	1,108.89	80.9548	1,108.89	79.6697	1,108.89	78.2567	1,108.89	77.8643	1,108.89	75.5761	1,108.89	74.9428	1,108.89	76.8329	1,108.89	73.3083	1,108.89	79.8281	1,108.89	79.7751	1,108.89	81.8562	1,108.89	82.1678	1,108.89	81.6812	1,108.89	82.0277	1,108.89	77.2699	1,108.89	82.136	1,108.89	64.0646	1,108.89	81.2151	1,108.89	70.2598	1,108.89	77.1542	1,108.89	65.087	1,108.89	71.8844	1,108.89	75.1639	1,108.89	57.2395	1,108.89	76.3102	1,108.89	70.8822	1,108.89	74.468
1,148.44	85.1505	1,148.44	86.2505	1,148.44	82.5513	1,148.44	85.0985	1,148.44	80.8737	1,148.44	81.689	1,148.44	82.5049	1,148.44	78.2472	1,148.44	83.1966	1,148.44	77.6258	1,148.44	79.3545	1,148.44	76.4043	1,148.44	66.961	1,148.44	74.3262	1,148.44	76.2074	1,148.44	74.5507	1,148.44	78.6033	1,148.44	75.7128	1,148.44	78.3643	1,148.44	75.7487	1,148.44	75.2477	1,148.44	73.341	1,148.44	73.8362	1,148.44	65.6741	1,148.44	71.6928	1,148.44	71.2501	1,148.44	64.8495	1,148.44	73.5175	1,148.44	74.3186	1,148.44	73.2531	1,148.44	68.8511	1,148.44	74.8859	1,148.44	72.8201	1,148.44	71.6537	1,148.44	75.4741	1,148.44	69.3598
1,189.45	84.934	1,189.45	86.3878	1,189.45	82.5701	1,189.45	85.6307	1,189.45	82.0608	1,189.45	82.4453	1,189.45	82.9539	1,189.45	76.7821	1,189.45	82.2726	1,189.45	69.5672	1,189.45	79.4618	1,189.45	65.8196	1,189.45	76.5529	1,189.45	71.9981	1,189.45	75.205	1,189.45	75.832	1,189.45	78.5719	1,189.45	76.6558	1,189.45	79.0868	1,189.45	77.0861	1,189.45	73.9472	1,189.45	77.3111	1,189.45	76.0923	1,189.45	75.9309	1,189.45	81.3343	1,189.45	74.7031	1,189.45	81.4519	1,189.45	70.9084	1,189.45	74.5481	1,189.45	59.6825	1,189.45	67.8433	1,189.45	70.3952	1,189.45	71.665	1,189.45	73.8583	1,189.45	72.8233	1,189.45	76.5182
1,230.47	85.5614	1,230.47	85.8621	1,230.47	84.0666	1,230.47	84.9784	1,230.47	81.3924	1,230.47	83.1465	1,230.47	79.1477	1,230.47	81.2425	1,230.47	79.5005	1,230.47	79.6859	1,230.47	80.3421	1,230.47	78.5335	1,230.47	79.3048	1,230.47	77.7676	1,230.47	76.4526	1,230.47	76.8091	1,230.47	74.0834	1,230.47	75.835	1,230.47	73.453	1,230.47	75.845	1,230.47	73.2816	1,230.47	75.4357	1,230.47	75.437	1,230.47	69.3113	1,230.47	77.717	1,230.47	71.8542	1,230.47	76.1393	1,230.47	75.4557	1,230.47	64.2168	1,230.47	71.8431	1,230.47	73.3546	1,230.47	75.2542	1,230.47	75.3365	1,230.47	72.2444	1,230.47	68.2485	1,230.47	62.2239
1,274.41	84.7161	1,274.41	85.8349	1,274.41	82.628	1,274.41	85.2529	1,274.41	81.1469	1,274.41	83.4874	1,274.41	79.9371	1,274.41	81.5535	1,274.41	77.5653	1,274.41	79.6858	1,274.41	74.3208	1,274.41	77.1739	1,274.41	74.8989	1,274.41	74.7274	1,274.41	78.4038	1,274.41	73.2235	1,274.41	79.5285	1,274.41	70.7109	1,274.41	77.1628	1,274.41	58.2421	1,274.41	72.3293	1,274.41	69.1897	1,274.41	69.1728	1,274.41	73.1962	1,274.41	65.5992	1,274.41	71.4366	1,274.41	68.8862	1,274.41	71.6813	1,274.41	70.549	1,274.41	69.442	1,274.41	67.1921	1,274.41	69.6475	1,274.41	67.9251	1,274.41	72.5273	1,274.41	70.2909	1,274.41	71.8726
1,319.82	84.072	1,319.82	85.7178	1,319.82	81.7144	1,319.82	85.939	1,319.82	78.883	1,319.82	84.3595	1,319.82	76.8762	1,319.82	81.1679	1,319.82	76.432	1,319.82	76.9079	1,319.82	76.1344	1,319.82	73.2074	1,319.82	77.1401	1,319.82	70.4221	1,319.82	77.2986	1,319.82	65.9076	1,319.82	74.5353	1,319.82	70.1834	1,319.82	71.0355	1,319.82	74.5425	1,319.82	72.3413	1,319.82	73.075	1,319.82	72.3577	1,319.82	65.9484	1,319.82	62.968	1,319.82	64.8023	1,319.82	69.5691	1,319.82	57.431	1,319.82	70.4423	1,319.82	65.4687	1,319.82	56.8762	1,319.82	68.5881	1,319.82	69.1536	1,319.82	72.8242	1,319.82	62.6407	1,319.82	69.3706
1,366.7	84.5005	1,366.7	85.4448	1,366.7	81.8238	1,366.7	85.2003	1,366.7	79.187	1,366.7	84.1127	1,366.7	77.5689	1,366.7	81.817	1,366.7	77.9634	1,366.7	77.9496	1,366.7	80.7176	1,366.7	73.1742	1,366.7	80.3211	1,366.7	70.9658	1,366.7	77.8404	1,366.7	73.8417	1,366.7	76.0256	1,366.7	76.2736	1,366.7	74.6047	1,366.7	76.4883	1,366.7	74.0921	1,366.7	73.4803	1,366.7	72.8662	1,366.7	58.2487	1,366.7	67.8465	1,366.7	68.4225	1,366.7	68.7243	1,366.7	66.0448	1,366.7	70.0159	1,366.7	67.4815	1,366.7	71.4588	1,366.7	74.2979	1,366.7	71.1876	1,366.7	71.05	1,366.7	66.3729	1,366.7	65.8113
1,413.57	84.4257	1,413.57	85.7519	1,413.57	80.7617	1,413.57	85.0795	1,413.57	79.2901	1,413.57	83.3106	1,413.57	79.1761	1,413.57	80.7902	1,413.57	76.4288	1,413.57	77.5466	1,413.57	76.1103	1,413.57	75.4155	1,413.57	76.005	1,413.57	73.7139	1,413.57	76.9131	1,413.57	70.1295	1,413.57	76.1129	1,413.57	67.1447	1,413.57	72.8275	1,413.57	66.1673	1,413.57	71.4893	1,413.57	62.8374	1,413.57	68.0867	1,413.57	50.7098	1,413.57	66.5203	1,413.57	57.6509	1,413.57	57.8275	1,413.57	62.4888	1,413.57	66.3699	1,413.57	66.6737	1,413.57	70.3277	1,413.57	70.7482	1,413.57	67.5103	1,413.57	73.6556	1,413.57	58.8798	1,413.57	70.4555
1,463.38	85.2643	1,463.38	86.1686	1,463.38	81.7421	1,463.38	84.5685	1,463.38	79.6781	1,463.38	82.0525	1,463.38	79.7053	1,463.38	80.3243	1,463.38	78.292	1,463.38	78.6353	1,463.38	76.3038	1,463.38	75.8064	1,463.38	77.0914	1,463.38	71.0248	1,463.38	79.1082	1,463.38	62.0046	1,463.38	77.2455	1,463.38	54.0509	1,463.38	69.111	1,463.38	64.0308	1,463.38	73.3948	1,463.38	66.7071	1,463.38	72.2452	1,463.38	63.2729	1,463.38	69.8916	1,463.38	68.8253	1,463.38	65.3301	1,463.38	68.4464	1,463.38	69.5354	1,463.38	67.1205	1,463.38	66.5893	1,463.38	70.8093	1,463.38	58.5564	1,463.38	65.0218	1,463.38	55.8317	1,463.38	61.7853
1,516.11	85.9236	1,516.11	86.4782	1,516.11	82.1636	1,516.11	84.4642	1,516.11	79.6276	1,516.11	81.8795	1,516.11	78.4148	1,516.11	79.6956	1,516.11	75.3461	1,516.11	76.5369	1,516.11	75.152	1,516.11	72.3816	1,516.11	77.2703	1,516.11	67.0578	1,516.11	79.8669	1,516.11	63.3664	1,516.11	78.2803	1,516.11	65.4216	1,516.11	69.5726	1,516.11	62.7804	1,516.11	65.4636	1,516.11	63.4385	1,516.11	69.7457	1,516.11	55.1591	1,516.11	64.314	1,516.11	60.45	1,516.11	59.0611	1,516.11	58.0534	1,516.11	68.2025	1,516.11	60.6795	1,516.11	62.1845	1,516.11	63.9355	1,516.11	69.1343	1,516.11	71.6961	1,516.11	67.2731	1,516.11	70.6508
1,568.85	86.389	1,568.85	86.8249	1,568.85	82.8404	1,568.85	84.1212	1,568.85	80.264	1,568.85	80.8926	1,568.85	78.5226	1,568.85	78.784	1,568.85	74.121	1,568.85	75.968	1,568.85	72.2124	1,568.85	72.6138	1,568.85	76.9954	1,568.85	66.8287	1,568.85	79.6876	1,568.85	33.7546	1,568.85	77.3505	1,568.85	55.4079	1,568.85	67.2026	1,568.85	61.3076	1,568.85	55.6122	1,568.85	59.3528	1,568.85	64.4458	1,568.85	69.3677	1,568.85	65.3111	1,568.85	66.7309	1,568.85	61.0757	1,568.85	64.4106	1,568.85	66.5364	1,568.85	64.811	1,568.85	68.7582	1,568.85	66.5463	1,568.85	58.2061	1,568.85	71.0558	1,568.85	59.8388	1,568.85	68.3265
1,624.51	86.334	1,624.51	87.0551	1,624.51	82.2489	1,624.51	84.8111	1,624.51	80.0658	1,624.51	82.0235	1,624.51	79.0196	1,624.51	78.8378	1,624.51	76.1249	1,624.51	73.8397	1,624.51	76.3572	1,624.51	69.5565	1,624.51	77.5432	1,624.51	67.6652	1,624.51	81.2069	1,624.51	60.7265	1,624.51	80.1826	1,624.51	61.1301	1,624.51	72.783	1,624.51	67.0309	1,624.51	70.5691	1,624.51	53.9254	1,624.51	63.1666	1,624.51	65.3131	1,624.51	61.5357	1,624.51	57.6027	1,624.51	56.3122	1,624.51	64.7679	1,624.51	70.1311	1,624.51	59.9505	1,624.51	64.1074	1,624.51	61.7927	1,624.51	68.0388	1,624.51	65.2297	1,624.51	73.6675	1,624.51	72.0074
1,681.64	86.2172	1,681.64	86.4322	1,681.64	83.142	1,681.64	84.1098	1,681.64	81.0476	1,681.64	81.6443	1,681.64	79.2953	1,681.64	78.7051	1,681.64	73.9229	1,681.64	72.72	1,681.64	71.8475	1,681.64	67.7846	1,681.64	77.2035	1,681.64	58.2428	1,681.64	82.4515	1,681.64	62.074	1,681.64	81.1113	1,681.64	65.2411	1,681.64	69.2914	1,681.64	55.727	1,681.64	69.5227	1,681.64	49.6675	1,681.64	67.2611	1,681.64	63.9446	1,681.64	63.0351	1,681.64	69.0786	1,681.64	61.9453	1,681.64	59.3558	1,681.64	64.433	1,681.64	34.5564	1,681.64	69.2063	1,681.64	69.6883	1,681.64	63.1303	1,681.64	72.5346	1,681.64	60.207	1,681.64	68.7289
1,741.7	86.5734	1,741.7	85.7402	1,741.7	83.5939	1,741.7	82.7785	1,741.7	80.5102	1,741.7	80.537	1,741.7	77.7914	1,741.7	77.0128	1,741.7	71.2558	1,741.7	70.0028	1,741.7	74.9916	1,741.7	60.4748	1,741.7	78.7557	1,741.7	54.3075	1,741.7	82.3064	1,741.7	63.0612	1,741.7	80.6973	1,741.7	62.8584	1,741.7	72.7644	1,741.7	68.1477	1,741.7	59.0147	1,741.7	70.3588	1,741.7	64.6972	1,741.7	52.6471	1,741.7	65.4522	1,741.7	61.5759	1,741.7	62.1978	1,741.7	61.4499	1,741.7	63.2445	1,741.7	64.1322	1,741.7	67.367	1,741.7	66.4134	1,741.7	66.2643	1,741.7	65.2001	1,741.7	74.8239	1,741.7	73.7677
1,803.22	87.3278	1,803.22	85.9729	1,803.22	84.8679	1,803.22	82.2674	1,803.22	80.1025	1,803.22	78.914	1,803.22	75.0397	1,803.22	75.1628	1,803.22	66.6562	1,803.22	66.4608	1,803.22	75.1752	1,803.22	61.484	1,803.22	79.1629	1,803.22	62.6248	1,803.22	82.2354	1,803.22	59.0575	1,803.22	81.4439	1,803.22	66.7661	1,803.22	75.905	1,803.22	63.8471	1,803.22	69.9926	1,803.22	58.968	1,803.22	64.0129	1,803.22	66.8392	1,803.22	67.8317	1,803.22	57.8639	1,803.22	57.442	1,803.22	66.0326	1,803.22	64.9543	1,803.22	62.585	1,803.22	67.7908	1,803.22	68.131	1,803.22	67.4129	1,803.22	72.1364	1,803.22	67.8777	1,803.22	60.5242
1,866.21	87.4191	1,866.21	86.0834	1,866.21	85.0668	1,866.21	82.6145	1,866.21	80.3719	1,866.21	78.3091	1,866.21	74.0275	1,866.21	71.0132	1,866.21	68.3956	1,866.21	62.7417	1,866.21	76.3594	1,866.21	63.5958	1,866.21	79.1341	1,866.21	70.387	1,866.21	83.2765	1,866.21	71.828	1,866.21	81.8931	1,866.21	73.1921	1,866.21	72.7345	1,866.21	71.7316	1,866.21	73.9044	1,866.21	67.164	1,866.21	66.619	1,866.21	70.6399	1,866.21	65.9184	1,866.21	64.153	1,866.21	59.3333	1,866.21	61.9769	1,866.21	61.5112	1,866.21	67.8339	1,866.21	62.4192	1,866.21	65.8704	1,866.21	51.3426	1,866.21	70.6587	1,866.21	72.1286	1,866.21	75.897
1,932.13	86.6338	1,932.13	85.5425	1,932.13	85.3068	1,932.13	82.5304	1,932.13	82.0237	1,932.13	77.7776	1,932.13	73.3739	1,932.13	66.0362	1,932.13	69.2699	1,932.13	62.6425	1,932.13	76.8999	1,932.13	67.9958	1,932.13	80.5674	1,932.13	69.6514	1,932.13	81.7322	1,932.13	67.9558	1,932.13	79.8623	1,932.13	69.5183	1,932.13	76.079	1,932.13	71.2554	1,932.13	67.5694	1,932.13	67.7506	1,932.13	71.5454	1,932.13	58.1143	1,932.13	65.6273	1,932.13	66.5108	1,932.13	64.95	1,932.13	57.2145	1,932.13	49.831	1,932.13	59.7361	1,932.13	62.4968	1,932.13	69.2953	1,932.13	65.7774	1,932.13	67.5762	1,932.13	71.1393	1,932.13	64.4194
1,999.51	86.5898	1,999.51	84.9498	1,999.51	85.3978	1,999.51	81.8527	1,999.51	80.8661	1,999.51	76.485	1,999.51	73.3304	1,999.51	59.7207	1,999.51	70.9479	1,999.51	70.0099	1,999.51	78.964	1,999.51	73.6299	1,999.51	80.1684	1,999.51	72.616	1,999.51	82.4218	1,999.51	71.5152	1,999.51	80.9901	1,999.51	70.811	1,999.51	72.9119	1,999.51	64.6362	1,999.51	74.2542	1,999.51	72.12	1,999.51	67.6354	1,999.51	71.5139	1,999.51	69.2286	1,999.51	63.4989	1,999.51	54.8763	1,999.51	67.2415	1,999.51	64.8293	1,999.51	63.5763	1,999.51	61.0104	1,999.51	62.5704	1,999.51	66.4291	1,999.51	69.6479	1,999.51	67.9068	1,999.51	69.6893
2,069.82	87.3643	2,069.82	85.1114	2,069.82	86.6596	2,069.82	81.0385	2,069.82	82.0109	2,069.82	74.66	2,069.82	71.9268	2,069.82	64.5667	2,069.82	74.5426	2,069.82	74.3268	2,069.82	80.0798	2,069.82	75.023	2,069.82	83.0891	2,069.82	75.3063	2,069.82	81.1259	2,069.82	76.4078	2,069.82	79.7029	2,069.82	77.9095	2,069.82	76.8942	2,069.82	75.6431	2,069.82	70.6343	2,069.82	66.1514	2,069.82	73.4863	2,069.82	69.0515	2,069.82	65.7217	2,069.82	66.833	2,069.82	63.422	2,069.82	64.2026	2,069.82	59.2688	2,069.82	64.3912	2,069.82	55.76	2,069.82	64.6995	2,069.82	64.9326	2,069.82	43.1729	2,069.82	71.1381	2,069.82	70.7557
2,143.07	87.0472	2,143.07	85.4624	2,143.07	86.9901	2,143.07	81.7063	2,143.07	82.3979	2,143.07	72.6997	2,143.07	69.9961	2,143.07	71.5944	2,143.07	76.7088	2,143.07	75.8367	2,143.07	79.8006	2,143.07	77.5218	2,143.07	81.9945	2,143.07	76.2529	2,143.07	82.6929	2,143.07	72.683	2,143.07	81.2792	2,143.07	67.3028	2,143.07	76.984	2,143.07	72.5207	2,143.07	71.6226	2,143.07	74.5747	2,143.07	71.8799	2,143.07	64.5217	2,143.07	66.1688	2,143.07	69.3484	2,143.07	57.9089	2,143.07	66.1683	2,143.07	52.4929	2,143.07	60.2678	2,143.07	55.7026	2,143.07	62.6364	2,143.07	66.8814	2,143.07	67.8498	2,143.07	65.027	2,143.07	63.0569
2,219.24	86.3462	2,219.24	85.0584	2,219.24	86.3031	2,219.24	81.5144	2,219.24	82.8857	2,219.24	74.5026	2,219.24	71.9811	2,219.24	76.1626	2,219.24	79.0126	2,219.24	78.5291	2,219.24	80.278	2,219.24	76.9757	2,219.24	82.5579	2,219.24	75.5311	2,219.24	82.38	2,219.24	76.5434	2,219.24	81.0194	2,219.24	77.5219	2,219.24	76.716	2,219.24	72.6683	2,219.24	69.9961	2,219.24	69.6522	2,219.24	66.184	2,219.24	72.9874	2,219.24	64.1164	2,219.24	64.3966	2,219.24	68.9405	2,219.24	69.429	2,219.24	60.9957	2,219.24	66.3443	2,219.24	62.4701	2,219.24	65.5597	2,219.24	67.4087	2,219.24	66.7868	2,219.24	71.3735	2,219.24	71.8361
2,296.88	86.2714	2,296.88	85.1049	2,296.88	85.999	2,296.88	81.3369	2,296.88	82.4888	2,296.88	76.6504	2,296.88	74.4959	2,296.88	79.2778	2,296.88	79.4304	2,296.88	79.6851	2,296.88	82.0619	2,296.88	77.8321	2,296.88	81.6947	2,296.88	77.9265	2,296.88	82.1236	2,296.88	77.0132	2,296.88	82.1882	2,296.88	77.8521	2,296.88	75.9253	2,296.88	78.2811	2,296.88	72.9109	2,296.88	73.3714	2,296.88	70.1421	2,296.88	66.0867	2,296.88	63.044	2,296.88	68.503	2,296.88	66.7645	2,296.88	65.6215	2,296.88	65.151	2,296.88	65.7037	2,296.88	63.393	2,296.88	67.5137	2,296.88	67.4132	2,296.88	61.9277	2,296.88	70.551	2,296.88	64.9885
2,378.91	87.388	2,378.91	85.9269	2,378.91	87.5356	2,378.91	81.6225	2,378.91	83.1342	2,378.91	78.8671	2,378.91	75.5205	2,378.91	80.1295	2,378.91	80.835	2,378.91	79.5089	2,378.91	81.1431	2,378.91	79.3372	2,378.91	82.4822	2,378.91	78.4254	2,378.91	82.1701	2,378.91	76.5187	2,378.91	82.2581	2,378.91	71.9974	2,378.91	78.6056	2,378.91	67.5066	2,378.91	66.2627	2,378.91	74.1663	2,378.91	42.8974	2,378.91	71.9197	2,378.91	64.7262	2,378.91	64.4882	2,378.91	71.6068	2,378.91	66.1549	2,378.91	65.634	2,378.91	60.5139	2,378.91	61.8161	2,378.91	50.1924	2,378.91	66.235	2,378.91	66.6826	2,378.91	64.9411	2,378.91	62.97
2,462.4	86.0324	2,462.4	85.8101	2,462.4	86.2708	2,462.4	82.2236	2,462.4	84.0288	2,462.4	81.1603	2,462.4	76.1232	2,462.4	81.0315	2,462.4	81.3393	2,462.4	80.6142	2,462.4	82.5309	2,462.4	80.011	2,462.4	81.0129	2,462.4	79.3021	2,462.4	82.0843	2,462.4	78.3103	2,462.4	83.1399	2,462.4	81.0617	2,462.4	75.2428	2,462.4	78.7809	2,462.4	72.7686	2,462.4	70.5406	2,462.4	70.9356	2,462.4	71.7807	2,462.4	70.3464	2,462.4	64.6906	2,462.4	70.0971	2,462.4	64.0604	2,462.4	60.8408	2,462.4	63.0746	2,462.4	58.8225	2,462.4	51.6338	2,462.4	68.8909	2,462.4	67.8888	2,462.4	71.6459	2,462.4	71.5075
2,548.83	85.9644	2,548.83	85.6088	2,548.83	85.0013	2,548.83	83.1469	2,548.83	82.6176	2,548.83	82.1966	2,548.83	77.7583	2,548.83	81.3907	2,548.83	81.6057	2,548.83	80.9547	2,548.83	82.0194	2,548.83	81.0857	2,548.83	82.6201	2,548.83	79.89	2,548.83	81.0723	2,548.83	77.9133	2,548.83	80.6791	2,548.83	69.8969	2,548.83	79.0759	2,548.83	71.6055	2,548.83	68.9273	2,548.83	74.8228	2,548.83	68.7738	2,548.83	69.9002	2,548.83	67.0815	2,548.83	68.2871	2,548.83	67.8389	2,548.83	61.9787	2,548.83	65.9853	2,548.83	62.0825	2,548.83	62.5574	2,548.83	66.4204	2,548.83	69.9365	2,548.83	60.3309	2,548.83	71.9613	2,548.83	68.6397
2,639.65	86.7751	2,639.65	86.151	2,639.65	85.6375	2,639.65	83.6426	2,639.65	82.3741	2,639.65	81.7772	2,639.65	78.9398	2,639.65	81.7198	2,639.65	82.1894	2,639.65	81.8559	2,639.65	82.9667	2,639.65	80.8981	2,639.65	81.8174	2,639.65	79.8606	2,639.65	83.0012	2,639.65	77.887	2,639.65	82.1657	2,639.65	79.5319	2,639.65	73.519	2,639.65	77.4487	2,639.65	67.8148	2,639.65	70.5712	2,639.65	68.7175	2,639.65	69.9612	2,639.65	63.9184	2,639.65	63.0483	2,639.65	60.1024	2,639.65	64.1365	2,639.65	67.0115	2,639.65	45.8134	2,639.65	63.1341	2,639.65	63.6755	2,639.65	69.8669	2,639.65	66.3499	2,639.65	70.1787	2,639.65	60.2652
2,731.93	86.6511	2,731.93	86.5377	2,731.93	85.0457	2,731.93	84.6123	2,731.93	82.9941	2,731.93	82.8805	2,731.93	77.3222	2,731.93	82.645	2,731.93	82.3248	2,731.93	81.418	2,731.93	82.063	2,731.93	80.8876	2,731.93	82.8639	2,731.93	80.4214	2,731.93	80.7019	2,731.93	78.085	2,731.93	81.4261	2,731.93	73.3835	2,731.93	80.1112	2,731.93	73.237	2,731.93	67.1005	2,731.93	73.405	2,731.93	64.2072	2,731.93	70.2792	2,731.93	66.1614	2,731.93	66.1656	2,731.93	63.8074	2,731.93	60.653	2,731.93	66.3164	2,731.93	63.7217	2,731.93	63.7618	2,731.93	62.1792	2,731.93	70.0866	2,731.93	69.9147	2,731.93	65.5255	2,731.93	64.6554
2,828.61	85.8213	2,828.61	85.642	2,828.61	83.8338	2,828.61	83.592	2,828.61	82.4237	2,828.61	81.7279	2,828.61	78.4651	2,828.61	82.3951	2,828.61	81.5456	2,828.61	81.7692	2,828.61	82.8699	2,828.61	81.0366	2,828.61	80.9046	2,828.61	78.8974	2,828.61	82.2888	2,828.61	74.863	2,828.61	78.4167	2,828.61	74.4406	2,828.61	69.1252	2,828.61	74.8992	2,828.61	66.6015	2,828.61	72.4753	2,828.61	68.1675	2,828.61	69.6205	2,828.61	67.6816	2,828.61	66.1997	2,828.61	68.5119	2,828.61	59.2349	2,828.61	66.4533	2,828.61	62.4085	2,828.61	63.8766	2,828.61	64.5274	2,828.61	69.4219	2,828.61	67.8117	2,828.61	64.7083	2,828.61	68.9208
2,928.22	86.0707	2,928.22	85.4536	2,928.22	84.306	2,928.22	83.3531	2,928.22	81.9418	2,928.22	82.7272	2,928.22	79.7473	2,928.22	82.5301	2,928.22	81.4424	2,928.22	81.3769	2,928.22	83.1788	2,928.22	79.1478	2,928.22	82.3242	2,928.22	78.7182	2,928.22	80.7517	2,928.22	77.1581	2,928.22	80.2822	2,928.22	74.9551	2,928.22	75.3945	2,928.22	74.1674	2,928.22	62.8682	2,928.22	69.2265	2,928.22	67.6824	2,928.22	70.7759	2,928.22	65.9916	2,928.22	68.0763	2,928.22	67.6161	2,928.22	56.9065	2,928.22	66.9568	2,928.22	63.3475	2,928.22	63.8964	2,928.22	57.6022	2,928.22	65.2929	2,928.22	65.6364	2,928.22	63.8963	2,928.22	67.094
3,030.76	86.0941	3,030.76	85.8881	3,030.76	84.5973	3,030.76	83.5714	3,030.76	82.4405	3,030.76	82.2887	3,030.76	78.9656	3,030.76	82.0197	3,030.76	81.274	3,030.76	81.4483	3,030.76	83.225	3,030.76	80.2065	3,030.76	82.5042	3,030.76	78.9121	3,030.76	81.5458	3,030.76	76.7	3,030.76	78.3297	3,030.76	77.0228	3,030.76	72.2998	3,030.76	73.0355	3,030.76	67.3002	3,030.76	72.8219	3,030.76	59.3893	3,030.76	70.2471	3,030.76	69.1547	3,030.76	69.6471	3,030.76	63.7398	3,030.76	61.9879	3,030.76	67.1344	3,030.76	61.2741	3,030.76	61.4086	3,030.76	59.2279	3,030.76	65.4434	3,030.76	62.2674	3,030.76	70.2378	3,030.76	69.7566
3,137.7	85.6887	3,137.7	85.9669	3,137.7	83.9208	3,137.7	84.2832	3,137.7	82.9342	3,137.7	83.3951	3,137.7	81.372	3,137.7	82.0936	3,137.7	79.761	3,137.7	82.1043	3,137.7	82.8462	3,137.7	81.0031	3,137.7	80.7934	3,137.7	80.4518	3,137.7	82.1878	3,137.7	77.9494	3,137.7	79.0805	3,137.7	73.3808	3,137.7	67.4472	3,137.7	75.2342	3,137.7	55.5143	3,137.7	68.3546	3,137.7	66.1753	3,137.7	69.6444	3,137.7	65.9388	3,137.7	70.1239	3,137.7	66.1207	3,137.7	59.9927	3,137.7	65.908	3,137.7	44.5361	3,137.7	59.5823	3,137.7	59.9196	3,137.7	64.0252	3,137.7	52.2459	3,137.7	66.6976	3,137.7	63.8584
3,249.02	85.4336	3,249.02	85.2179	3,249.02	84.058	3,249.02	82.9979	3,249.02	82.7495	3,249.02	82.637	3,249.02	82.2972	3,249.02	82.2421	3,249.02	79.9884	3,249.02	83.3209	3,249.02	82.5514	3,249.02	81.3512	3,249.02	81.7122	3,249.02	78.0318	3,249.02	80.7981	3,249.02	77.4447	3,249.02	81.6717	3,249.02	79.0852	3,249.02	76.8419	3,249.02	69.6382	3,249.02	60.3969	3,249.02	70.4442	3,249.02	66.2544	3,249.02	67.8259	3,249.02	65.324	3,249.02	67.435	3,249.02	67.7551	3,249.02	58.958	3,249.02	66.5929	3,249.02	52.5093	3,249.02	57.4588	3,249.02	60.222	3,249.02	61.9413	3,249.02	57.6014	3,249.02	68.4199	3,249.02	67.1949
3,363.28	85.3265	3,363.28	85.9052	3,363.28	83.4581	3,363.28	83.5275	3,363.28	82.3549	3,363.28	82.2731	3,363.28	82.8024	3,363.28	82.947	3,363.28	80.0669	3,363.28	83.0052	3,363.28	81.5924	3,363.28	80.814	3,363.28	81.5762	3,363.28	78.5764	3,363.28	80.8888	3,363.28	75.5494	3,363.28	80.2949	3,363.28	66.0882	3,363.28	74.3405	3,363.28	69.7331	3,363.28	66.9416	3,363.28	70.8291	3,363.28	61.4832	3,363.28	60.1869	3,363.28	65.6399	3,363.28	65.0796	3,363.28	67.0276	3,363.28	62.1596	3,363.28	66.0649	3,363.28	53.6176	3,363.28	63.314	3,363.28	63.2608	3,363.28	60.9867	3,363.28	64.1757	3,363.28	61.9485	3,363.28	60.8002
3,481.93	85.1497	3,481.93	85.3397	3,481.93	82.9622	3,481.93	83.1661	3,481.93	82.86	3,481.93	82.4209	3,481.93	83.2707	3,481.93	83.4382	3,481.93	81.1526	3,481.93	82.6901	3,481.93	81.5603	3,481.93	79.9553	3,481.93	81.3479	3,481.93	75.8836	3,481.93	80.6934	3,481.93	75.682	3,481.93	79.6162	3,481.93	76.7928	3,481.93	67.1565	3,481.93	72.5684	3,481.93	62.1283	3,481.93	59.2005	3,481.93	67.9076	3,481.93	66.3953	3,481.93	58.3894	3,481.93	63.3842	3,481.93	62.1357	3,481.93	43.9649	3,481.93	64.5345	3,481.93	54.9608	3,481.93	56.968	3,481.93	63.1458	3,481.93	63.5126	3,481.93	62.1983	3,481.93	62.3721	3,481.93	66.0085
3,604.98	85.6572	3,604.98	85.4041	3,604.98	82.3111	3,604.98	82.3658	3,604.98	82.7899	3,604.98	82.5746	3,604.98	83.8727	3,604.98	83.5003	3,604.98	81.2211	3,604.98	81.7395	3,604.98	80.3611	3,604.98	79.2079	3,604.98	81.7525	3,604.98	75.4519	3,604.98	79.086	3,604.98	72.9954	3,604.98	78.7174	3,604.98	73.8254	3,604.98	68.5097	3,604.98	62.9447	3,604.98	55.4738	3,604.98	68.6814	3,604.98	58.6048	3,604.98	63.7734	3,604.98	58.6944	3,604.98	66.3766	3,604.98	62.5885	3,604.98	58.7088	3,604.98	65.1596	3,604.98	54.4702	3,604.98	57.2351	3,604.98	61.9349	3,604.98	62.6109	3,604.98	63.1323	3,604.98	63.222	3,604.98	64.9245
3,732.42	86.4175	3,732.42	85.8064	3,732.42	82.6348	3,732.42	82.6598	3,732.42	82.2503	3,732.42	83.3784	3,732.42	84.3534	3,732.42	83.1878	3,732.42	81.8205	3,732.42	81.0981	3,732.42	79.6461	3,732.42	77.9876	3,732.42	82.1705	3,732.42	75.2044	3,732.42	79.1332	3,732.42	75.4037	3,732.42	78.0584	3,732.42	69.997	3,732.42	68.9536	3,732.42	71.3717	3,732.42	44.1526	3,732.42	68.6743	3,732.42	55.6967	3,732.42	61.5615	3,732.42	60.5278	3,732.42	67.2108	3,732.42	59.1374	3,732.42	63.1793	3,732.42	63.6129	3,732.42	61.1741	3,732.42	63.04	3,732.42	61.7145	3,732.42	56.7798	3,732.42	56.4828	3,732.42	61.5415	3,732.42	68.4925
3,864.26	86.9436	3,864.26	84.9519	3,864.26	83.4895	3,864.26	82.8006	3,864.26	81.7877	3,864.26	83.6975	3,864.26	83.8226	3,864.26	82.6139	3,864.26	82.1152	3,864.26	80.4493	3,864.26	79.2771	3,864.26	78.174	3,864.26	80.9155	3,864.26	75.055	3,864.26	79.7555	3,864.26	75.7058	3,864.26	77.8176	3,864.26	76.2491	3,864.26	72.9617	3,864.26	71.8616	3,864.26	57.6101	3,864.26	66.2032	3,864.26	64.2313	3,864.26	68.144	3,864.26	63.1041	3,864.26	61.0213	3,864.26	59.8488	3,864.26	52.2404	3,864.26	62.8812	3,864.26	57.4851	3,864.26	57.3914	3,864.26	63.2214	3,864.26	64.4237	3,864.26	65.835	3,864.26	53.2566	3,864.26	68.3057
4,000.49	86.8486	4,000.49	84.42	4,000.49	84.1081	4,000.49	83.1281	4,000.49	82.1879	4,000.49	83.7109	4,000.49	84.6021	4,000.49	82.7968	4,000.49	82.5872	4,000.49	80.1883	4,000.49	79.2391	4,000.49	78.8273	4,000.49	80.9305	4,000.49	76.9332	4,000.49	77.7666	4,000.49	74.0813	4,000.49	77.8635	4,000.49	73.8801	4,000.49	73.3695	4,000.49	66.7308	4,000.49	62.9984	4,000.49	68.7298	4,000.49	65.6677	4,000.49	68.3114	4,000.49	58.7962	4,000.49	66.5302	4,000.49	61.6146	4,000.49	68.5565	4,000.49	63.484	4,000.49	51.5876	4,000.49	55.3326	4,000.49	61.6195	4,000.49	65.4878	4,000.49	65.6702	4,000.49	53.5561	4,000.49	67.5826
4,141.11	87.2562	4,141.11	84.2559	4,141.11	85.7635	4,141.11	84.0491	4,141.11	81.9364	4,141.11	84.0668	4,141.11	84.6891	4,141.11	82.7445	4,141.11	82.9442	4,141.11	80.3599	4,141.11	77.5677	4,141.11	78.6325	4,141.11	80.323	4,141.11	76.6518	4,141.11	79.1543	4,141.11	73.3406	4,141.11	73.6035	4,141.11	73.1616	4,141.11	70.0149	4,141.11	65.9205	4,141.11	63.8466	4,141.11	67.6029	4,141.11	62.765	4,141.11	64.7433	4,141.11	57.3663	4,141.11	66.6478	4,141.11	59.0443	4,141.11	66.1411	4,141.11	61.7113	4,141.11	60.8864	4,141.11	59.1707	4,141.11	60.6057	4,141.11	61.5112	4,141.11	65.2443	4,141.11	58.2598	4,141.11	60.5566
4,287.6	86.5407	4,287.6	84.2501	4,287.6	85.973	4,287.6	84.4981	4,287.6	82.6048	4,287.6	84.2659	4,287.6	84.7093	4,287.6	82.3822	4,287.6	83.3449	4,287.6	80.5269	4,287.6	77.9838	4,287.6	77.3521	4,287.6	78.6143	4,287.6	73.6794	4,287.6	78.1668	4,287.6	74.4513	4,287.6	74.6396	4,287.6	74.2716	4,287.6	68.6211	4,287.6	69.9783	4,287.6	55.9853	4,287.6	65.2281	4,287.6	64.37	4,287.6	65.5881	4,287.6	52.3836	4,287.6	61.6164	4,287.6	61.4912	4,287.6	58.285	4,287.6	63.2501	4,287.6	57.278	4,287.6	60.9766	4,287.6	59.2774	4,287.6	60.2835	4,287.6	61.5596	4,287.6	65.9676	4,287.6	64.6881
4,438.48	85.6894	4,438.48	84.9799	4,438.48	86.1207	4,438.48	85.0736	4,438.48	83.4814	4,438.48	84.2169	4,438.48	84.4409	4,438.48	81.8998	4,438.48	83.6301	4,438.48	79.6343	4,438.48	78.8027	4,438.48	78.0453	4,438.48	77.8193	4,438.48	75.7013	4,438.48	78.0854	4,438.48	75.1159	4,438.48	77.4197	4,438.48	74.147	4,438.48	72.9259	4,438.48	67.1333	4,438.48	62.1484	4,438.48	69.7879	4,438.48	63.1791	4,438.48	63.8207	4,438.48	56.6047	4,438.48	60.1383	4,438.48	62.6725	4,438.48	54.3972	4,438.48	63.7294	4,438.48	62.9674	4,438.48	55.6256	4,438.48	64.7899	4,438.48	64.7386	4,438.48	60.5326	4,438.48	48.1895	4,438.48	66.7298
4,595.21	85.8391	4,595.21	85.8605	4,595.21	85.5409	4,595.21	84.668	4,595.21	83.8399	4,595.21	83.645	4,595.21	84.4184	4,595.21	82.0384	4,595.21	83.1978	4,595.21	80.4581	4,595.21	78.7142	4,595.21	78.7015	4,595.21	77.4934	4,595.21	77.5411	4,595.21	76.5016	4,595.21	74.0628	4,595.21	76.3748	4,595.21	72.4581	4,595.21	72.036	4,595.21	66.9305	4,595.21	62.425	4,595.21	68.9745	4,595.21	61.8074	4,595.21	62.8108	4,595.21	59.6477	4,595.21	66.1168	4,595.21	58.8863	4,595.21	66.6877	4,595.21	59.309	4,595.21	58.4598	4,595.21	62.3697	4,595.21	58.6546	4,595.21	58.8475	4,595.21	63.9924	4,595.21	59.382	4,595.21	63.684
4,756.35	86.1163	4,756.35	85.3098	4,756.35	85.0846	4,756.35	83.997	4,756.35	84.194	4,756.35	83.6197	4,756.35	84.2161	4,756.35	81.9275	4,756.35	83.2296	4,756.35	80.7358	4,756.35	78.1484	4,756.35	79.6669	4,756.35	76.7168	4,756.35	75.6857	4,756.35	77.4954	4,756.35	75.1807	4,756.35	76.4778	4,756.35	69.6415	4,756.35	65.6753	4,756.35	71.1523	4,756.35	59.512	4,756.35	63.4542	4,756.35	60.6754	4,756.35	65.619	4,756.35	54.695	4,756.35	55.2339	4,756.35	58.8911	4,756.35	49.5828	4,756.35	62.1701	4,756.35	61.0903	4,756.35	58.2045	4,756.35	62.932	4,756.35	58.5825	4,756.35	64.9909	4,756.35	63.5531	4,756.35	65.6212
4,924.8	86.6873	4,924.8	85.111	4,924.8	85.3717	4,924.8	83.8746	4,924.8	83.752	4,924.8	83.3024	4,924.8	84.1203	4,924.8	82.1205	4,924.8	82.6937	4,924.8	81.1131	4,924.8	78.2621	4,924.8	78.997	4,924.8	75.5711	4,924.8	75.5869	4,924.8	75.2535	4,924.8	73.0459	4,924.8	77.0289	4,924.8	71.3209	4,924.8	68.3066	4,924.8	67.5892	4,924.8	45.2415	4,924.8	67.1442	4,924.8	46.4232	4,924.8	61.9872	4,924.8	61.4238	4,924.8	60.0902	4,924.8	58.4801	4,924.8	58.7004	4,924.8	57.0341	4,924.8	62.8354	4,924.8	58.4848	4,924.8	57.3408	4,924.8	61.4477	4,924.8	56.294	4,924.8	52.1622	4,924.8	63.242
5,097.66	86.3228	5,097.66	84.052	5,097.66	85.064	5,097.66	84.1035	5,097.66	84.1162	5,097.66	83.0565	5,097.66	83.6719	5,097.66	82.2258	5,097.66	83.097	5,097.66	81.0781	5,097.66	77.7186	5,097.66	78.6053	5,097.66	76.3222	5,097.66	73.5246	5,097.66	72.485	5,097.66	72.9553	5,097.66	74.9003	5,097.66	68.6465	5,097.66	73.3847	5,097.66	69.1083	5,097.66	56.5245	5,097.66	60.5606	5,097.66	55.8572	5,097.66	63.9085	5,097.66	55.9168	5,097.66	54.0551	5,097.66	55.2078	5,097.66	59.4029	5,097.66	59.0777	5,097.66	62.2276	5,097.66	56.9508	5,097.66	61.0938	5,097.66	56.8228	5,097.66	59.958	5,097.66	59.4297	5,097.66	60.4628
5,277.83	86.6099	5,277.83	84.4208	5,277.83	85.9231	5,277.83	84.425	5,277.83	84.1256	5,277.83	83.2693	5,277.83	83.5865	5,277.83	82.478	5,277.83	83.0901	5,277.83	80.784	5,277.83	78.083	5,277.83	77.4395	5,277.83	75.0576	5,277.83	73.8428	5,277.83	73.7433	5,277.83	71.7659	5,277.83	73.6471	5,277.83	69.8445	5,277.83	72.6264	5,277.83	67.7951	5,277.83	58.5122	5,277.83	65.4672	5,277.83	54.9111	5,277.83	63.6949	5,277.83	59.0542	5,277.83	61.8079	5,277.83	55.541	5,277.83	59.9726	5,277.83	56.2392	5,277.83	58.5461	5,277.83	59.2157	5,277.83	48.1362	5,277.83	55.6207	5,277.83	59.4028	5,277.83	52.9657	5,277.83	61.6515
5,463.87	86.1215	5,463.87	84.087	5,463.87	85.267	5,463.87	84.3542	5,463.87	84.8301	5,463.87	83.2548	5,463.87	83.3985	5,463.87	82.3421	5,463.87	83.2621	5,463.87	80.8536	5,463.87	78.3348	5,463.87	77.28	5,463.87	74.2697	5,463.87	73.8998	5,463.87	72.8252	5,463.87	72.44	5,463.87	75.4765	5,463.87	69.5241	5,463.87	68.322	5,463.87	68.351	5,463.87	55.9534	5,463.87	64.9195	5,463.87	49.4417	5,463.87	62.7423	5,463.87	45.0489	5,463.87	57.6236	5,463.87	55.0652	5,463.87	47.7253	5,463.87	56.7268	5,463.87	50.0769	5,463.87	56.1904	5,463.87	60.5181	5,463.87	55.6169	5,463.87	62.5535	5,463.87	51.9515	5,463.87	63.8106
5,657.23	86.0975	5,657.23	84.2378	5,657.23	85.7021	5,657.23	84.854	5,657.23	84.7651	5,657.23	83.6499	5,657.23	83.3567	5,657.23	82.4119	5,657.23	83.0036	5,657.23	80.9686	5,657.23	78.8572	5,657.23	77.546	5,657.23	72.6822	5,657.23	74.4778	5,657.23	74.8277	5,657.23	73.5732	5,657.23	74.9996	5,657.23	69.4268	5,657.23	75.7113	5,657.23	70.214	5,657.23	62.6013	5,657.23	61.3637	5,657.23	60.8115	5,657.23	64.7478	5,657.23	53.8313	5,657.23	49.1144	5,657.23	58.6212	5,657.23	53.3471	5,657.23	59.3532	5,657.23	51.6507	5,657.23	58.5921	5,657.23	58.4516	5,657.23	46.9573	5,657.23	58.8936	5,657.23	56.2916	5,657.23	57.4206
5,856.45	86.2261	5,856.45	84.1007	5,856.45	85.4959	5,856.45	84.876	5,856.45	85.0029	5,856.45	82.9	5,856.45	83.2871	5,856.45	82.4457	5,856.45	82.5097	5,856.45	80.9249	5,856.45	79.9443	5,856.45	78.0002	5,856.45	71.6522	5,856.45	75.4343	5,856.45	76.7998	5,856.45	72.9711	5,856.45	74.4875	5,856.45	68.2901	5,856.45	71.2324	5,856.45	67.4233	5,856.45	62.2102	5,856.45	63.67	5,856.45	63.9609	5,856.45	64.5372	5,856.45	55.5283	5,856.45	61.7218	5,856.45	56.4979	5,856.45	51.2031	5,856.45	59.7494	5,856.45	58.7093	5,856.45	58.2383	5,856.45	55.4388	5,856.45	50.1942	5,856.45	58.609	5,856.45	50.6847	5,856.45	57.8462
6,062.99	86.2541	6,062.99	84.2413	6,062.99	85.5817	6,062.99	84.6217	6,062.99	84.8289	6,062.99	83.0032	6,062.99	83.5608	6,062.99	83.05	6,062.99	82.281	6,062.99	80.18	6,062.99	80.0855	6,062.99	77.5765	6,062.99	70.8647	6,062.99	72.7076	6,062.99	77.226	6,062.99	70.4481	6,062.99	76.0484	6,062.99	67.5021	6,062.99	71.8477	6,062.99	66.3891	6,062.99	56.6751	6,062.99	65.2725	6,062.99	59.9965	6,062.99	63.229	6,062.99	50.0511	6,062.99	62.0936	6,062.99	55.8773	6,062.99	56.8343	6,062.99	58.4048	6,062.99	59.6999	6,062.99	57.477	6,062.99	59.3691	6,062.99	55.0863	6,062.99	61.0496	6,062.99	47.6909	6,062.99	61.7443
6,276.86	85.5644	6,276.86	83.8198	6,276.86	85.7074	6,276.86	84.2301	6,276.86	84.8304	6,276.86	83.89	6,276.86	83.6596	6,276.86	82.32	6,276.86	81.3681	6,276.86	80.2525	6,276.86	80.8385	6,276.86	76.381	6,276.86	71.7297	6,276.86	74.5734	6,276.86	78.7	6,276.86	71.382	6,276.86	78.9297	6,276.86	68.297	6,276.86	74.8174	6,276.86	67.1595	6,276.86	54.7555	6,276.86	64.7698	6,276.86	61.7599	6,276.86	62.8061	6,276.86	53.0288	6,276.86	60.1329	6,276.86	53.3209	6,276.86	57.896	6,276.86	54.6052	6,276.86	63.7657	6,276.86	57.1935	6,276.86	58.9572	6,276.86	54.6559	6,276.86	59.622	6,276.86	50.5343	6,276.86	62.0885
6,498.05	84.5861	6,498.05	84.1918	6,498.05	86.1555	6,498.05	84.1708	6,498.05	83.9735	6,498.05	83.9521	6,498.05	83.9581	6,498.05	81.482	6,498.05	81.3756	6,498.05	80.4982	6,498.05	81.7753	6,498.05	77.5076	6,498.05	71.419	6,498.05	74.6856	6,498.05	78.1544	6,498.05	72.7012	6,498.05	78.2914	6,498.05	67.7047	6,498.05	75.0643	6,498.05	68.1599	6,498.05	54.9048	6,498.05	61.1764	6,498.05	64.6426	6,498.05	62.8884	6,498.05	57.1551	6,498.05	50.0608	6,498.05	47.6379	6,498.05	59.3731	6,498.05	57.2492	6,498.05	67.4874	6,498.05	58.6862	6,498.05	45.0291	6,498.05	48.5604	6,498.05	59.637	6,498.05	44.439	6,498.05	59.2377
6,726.56	84.0808	6,726.56	84.617	6,726.56	86.2717	6,726.56	83.9896	6,726.56	83.6937	6,726.56	83.1622	6,726.56	84.2808	6,726.56	81.62	6,726.56	81.3792	6,726.56	80.6026	6,726.56	81.7783	6,726.56	77.3019	6,726.56	73.8248	6,726.56	74.0307	6,726.56	77.5995	6,726.56	71.239	6,726.56	70.0038	6,726.56	63.8293	6,726.56	71.9072	6,726.56	67.0966	6,726.56	56.6211	6,726.56	60.5216	6,726.56	60.9977	6,726.56	61.7044	6,726.56	56.3236	6,726.56	50.3611	6,726.56	50.1463	6,726.56	38.7197	6,726.56	59.8393	6,726.56	63.5692	6,726.56	58.1315	6,726.56	60.9952	6,726.56	52.0921	6,726.56	59.8755	6,726.56	49.6186	6,726.56	59.5902
6,963.87	83.7713	6,963.87	84.6041	6,963.87	85.9109	6,963.87	84.1128	6,963.87	83.9243	6,963.87	83.1075	6,963.87	83.9303	6,963.87	82.7401	6,963.87	81.609	6,963.87	79.5943	6,963.87	81.8699	6,963.87	76.6228	6,963.87	75.128	6,963.87	73.0253	6,963.87	77.2148	6,963.87	70.4377	6,963.87	72.3539	6,963.87	67.6705	6,963.87	70.0959	6,963.87	66.1148	6,963.87	59.508	6,963.87	64.8825	6,963.87	63.196	6,963.87	58.8037	6,963.87	57.8587	6,963.87	59.2689	6,963.87	51.769	6,963.87	59.75	6,963.87	58.2597	6,963.87	65.0899	6,963.87	59.321	6,963.87	55.5947	6,963.87	49.2298	6,963.87	55.9084	6,963.87	51.9424	6,963.87	60.7205
7,209.96	84.3	7,209.96	84.801	7,209.96	85.6831	7,209.96	84.1268	7,209.96	83.9342	7,209.96	83.5726	7,209.96	83.441	7,209.96	82.066	7,209.96	82.1345	7,209.96	79.9552	7,209.96	81.1948	7,209.96	76.3918	7,209.96	76.2829	7,209.96	75.3236	7,209.96	74.3839	7,209.96	70.5324	7,209.96	72.8054	7,209.96	69.9208	7,209.96	65.9328	7,209.96	64.809	7,209.96	51.1367	7,209.96	64.2599	7,209.96	60.4565	7,209.96	60.7341	7,209.96	46.1326	7,209.96	60.1527	7,209.96	38.2526	7,209.96	32.4322	7,209.96	59.7187	7,209.96	63.8499	7,209.96	56.658	7,209.96	56.4304	7,209.96	50.8652	7,209.96	55.7541	7,209.96	44.9555	7,209.96	58.3843
7,464.84	84.6335	7,464.84	85.0407	7,464.84	85.9966	7,464.84	84.2478	7,464.84	83.7816	7,464.84	83.4327	7,464.84	83.7321	7,464.84	81.567	7,464.84	81.8194	7,464.84	80.5932	7,464.84	81.1782	7,464.84	76.8795	7,464.84	76.4892	7,464.84	74.6847	7,464.84	72.614	7,464.84	70.3089	7,464.84	75.9734	7,464.84	68.6932	7,464.84	70.334	7,464.84	63.683	7,464.84	44.185	7,464.84	64.3949	7,464.84	39.1265	7,464.84	61.0332	7,464.84	43.1336	7,464.84	60.1061	7,464.84	57.4145	7,464.84	32.597	7,464.84	60.3768	7,464.84	64.1803	7,464.84	58.0247	7,464.84	53.9874	7,464.84	49.1533	7,464.84	57.7747	7,464.84	55.2703	7,464.84	53.6991
7,727.05	84.2692	7,727.05	85.4479	7,727.05	86.1542	7,727.05	84.4166	7,727.05	83.8426	7,727.05	83.0585	7,727.05	83.6619	7,727.05	82.142	7,727.05	82.1949	7,727.05	80.3297	7,727.05	80.3807	7,727.05	76.6133	7,727.05	76.5106	7,727.05	73.9282	7,727.05	71.8682	7,727.05	69.4994	7,727.05	74.8356	7,727.05	67.513	7,727.05	71.2682	7,727.05	64.8427	7,727.05	49.5192	7,727.05	58.8795	7,727.05	53.8599	7,727.05	63.818	7,727.05	43.8338	7,727.05	54.0181	7,727.05	39.9301	7,727.05	59.1733	7,727.05	54.8902	7,727.05	52.8625	7,727.05	53.9157	7,727.05	47.4112	7,727.05	54.0115	7,727.05	56.5207	7,727.05	50.9759	7,727.05	44.1862
7,999.51	84.7923	7,999.51	85.7828	7,999.51	86.2271	7,999.51	84.475	7,999.51	84.3836	7,999.51	83.0034	7,999.51	83.4022	7,999.51	82.4286	7,999.51	82.1727	7,999.51	79.8227	7,999.51	79.8938	7,999.51	77.0003	7,999.51	76.5755	7,999.51	74.2851	7,999.51	70.6691	7,999.51	70.1264	7,999.51	71.6671	7,999.51	68.3641	7,999.51	58.816	7,999.51	63.9468	7,999.51	42.8808	7,999.51	62.114	7,999.51	53.8027	7,999.51	61.8853	7,999.51	53.829	7,999.51	61.3231	7,999.51	50.8674	7,999.51	57.7838	7,999.51	58.3618	7,999.51	58.4372	7,999.51	56.0137	7,999.51	52.1519	7,999.51	56.7613	7,999.51	56.9364	7,999.51	49.3752	7,999.51	57.1258
8,282.23	85.4764	8,282.23	86.3016	8,282.23	86.0339	8,282.23	84.6609	8,282.23	85.1113	8,282.23	83.2018	8,282.23	83.7237	8,282.23	81.6596	8,282.23	81.3452	8,282.23	80.1377	8,282.23	79.1274	8,282.23	76.3104	8,282.23	76.7226	8,282.23	74.1587	8,282.23	64.1601	8,282.23	68.7712	8,282.23	70.4382	8,282.23	67.7832	8,282.23	66.9031	8,282.23	61.445	8,282.23	48.1839	8,282.23	62.9796	8,282.23	56.221	8,282.23	61.8036	8,282.23	50.2214	8,282.23	53.8542	8,282.23	51.6315	8,282.23	55.758	8,282.23	59.2747	8,282.23	59.6567	8,282.23	50.822	8,282.23	53.388	8,282.23	52.301	8,282.23	52.8332	8,282.23	43.635	8,282.23	37.5143
8,573.73	86.2199	8,573.73	86.4375	8,573.73	86.012	8,573.73	85.0981	8,573.73	85.4998	8,573.73	83.0654	8,573.73	84.6577	8,573.73	82.0047	8,573.73	81.7754	8,573.73	79.8883	8,573.73	79.318	8,573.73	75.4142	8,573.73	76.8598	8,573.73	73.3858	8,573.73	63.1738	8,573.73	67.7089	8,573.73	70.1167	8,573.73	64.6036	8,573.73	67.9591	8,573.73	61.7703	8,573.73	50.9155	8,573.73	59.6313	8,573.73	50.0721	8,573.73	59.8992	8,573.73	40.3687	8,573.73	62.4668	8,573.73	38.8965	8,573.73	53.1082	8,573.73	55.2774	8,573.73	59.1797	8,573.73	52.5987	8,573.73	49.0377	8,573.73	55.4017	8,573.73	56.2628	8,573.73	46.3429	8,573.73	55.3583
8,876.95	86.4202	8,876.95	86.7437	8,876.95	86.161	8,876.95	85.2023	8,876.95	85.8989	8,876.95	83.0872	8,876.95	84.975	8,876.95	82.5152	8,876.95	81.0607	8,876.95	79.0703	8,876.95	78.8372	8,876.95	75.7374	8,876.95	77.2326	8,876.95	71.9476	8,876.95	63.3723	8,876.95	67.2628	8,876.95	69.4253	8,876.95	65.8568	8,876.95	66.4077	8,876.95	61.9354	8,876.95	46.6193	8,876.95	58.75	8,876.95	50.0543	8,876.95	61.7658	8,876.95	41.4621	8,876.95	52.9851	8,876.95	55.6431	8,876.95	59.3042	8,876.95	56.9573	8,876.95	63.1463	8,876.95	46.7361	8,876.95	56.2648	8,876.95	52.5413	8,876.95	54.9458	8,876.95	49.8611	8,876.95	48.4129
9,188.96	86.5776	9,188.96	86.7039	9,188.96	86.1232	9,188.96	85.2355	9,188.96	86.1199	9,188.96	83.5321	9,188.96	84.7752	9,188.96	82.1442	9,188.96	80.7063	9,188.96	79.4076	9,188.96	78.1841	9,188.96	74.2352	9,188.96	77.319	9,188.96	72.8944	9,188.96	63.2611	9,188.96	67.0505	9,188.96	69.9125	9,188.96	66.7687	9,188.96	61.9367	9,188.96	56.584	9,188.96	59.9981	9,188.96	63.855	9,188.96	52.6316	9,188.96	44.9526	9,188.96	45.2935	9,188.96	59.8344	9,188.96	55.5451	9,188.96	58.8081	9,188.96	58.5489	9,188.96	54.6789	9,188.96	51.1795	9,188.96	57.7829	9,188.96	47.046	9,188.96	48.6827	9,188.96	54.765	9,188.96	44.488
9,514.16	86.7073	9,514.16	86.7962	9,514.16	86.1565	9,514.16	85.4574	9,514.16	85.9774	9,514.16	83.5814	9,514.16	84.1359	9,514.16	82.2025	9,514.16	81.2431	9,514.16	78.9369	9,514.16	78.3783	9,514.16	74.1733	9,514.16	76.8158	9,514.16	72.4514	9,514.16	63.2136	9,514.16	66.199	9,514.16	70.069	9,514.16	65.8444	9,514.16	67.1273	9,514.16	59.3966	9,514.16	54.5389	9,514.16	62.0221	9,514.16	58.0693	9,514.16	49.9362	9,514.16	52.0895	9,514.16	63.4166	9,514.16	53.5387	9,514.16	47.2523	9,514.16	54.5292	9,514.16	60.3421	9,514.16	45.5189	9,514.16	52.4179	9,514.16	52.7752	9,514.16	34.7233	9,514.16	43.5512	9,514.16	49.6323
9,849.61	86.7062	9,849.61	86.7849	9,849.61	86.2104	9,849.61	85.5157	9,849.61	85.9273	9,849.61	83.3299	9,849.61	83.6732	9,849.61	82.2003	9,849.61	81.3721	9,849.61	78.4226	9,849.61	78.1628	9,849.61	74.6914	9,849.61	75.8337	9,849.61	71.5198	9,849.61	63.1311	9,849.61	66.934	9,849.61	63.3699	9,849.61	63.9567	9,849.61	63.4266	9,849.61	60.2553	9,849.61	50.773	9,849.61	60.5048	9,849.61	55.0806	9,849.61	54.0194	9,849.61	55.4349	9,849.61	63.3677	9,849.61	50.737	9,849.61	52.8831	9,849.61	56.4091	9,849.61	53.5751	9,849.61	49.3539	9,849.61	54.9846	9,849.61	44.608	9,849.61	52.9412	9,849.61	47.9725	9,849.61	44.4694
10,196.8	86.7001	10,196.8	86.6514	10,196.8	86.2465	10,196.8	85.4307	10,196.8	86.0283	10,196.8	83.241	10,196.8	83.5168	10,196.8	81.5173	10,196.8	81.2072	10,196.8	78.4626	10,196.8	77.7424	10,196.8	73.593	10,196.8	74.8085	10,196.8	71.8896	10,196.8	65.2038	10,196.8	65.2059	10,196.8	65.7991	10,196.8	62.2979	10,196.8	62.6506	10,196.8	57.8112	10,196.8	51.7506	10,196.8	60.0039	10,196.8	55.4298	10,196.8	52.6734	10,196.8	53.252	10,196.8	64.2028	10,196.8	52.9845	10,196.8	52.9983	10,196.8	53.3061	10,196.8	54.7954	10,196.8	42.9158	10,196.8	47.083	10,196.8	51.8518	10,196.8	53.1624	10,196.8	41.2055	10,196.8	47.1517
10,555.7	86.7048	10,555.7	86.6333	10,555.7	86.249	10,555.7	85.5285	10,555.7	86.0967	10,555.7	82.9437	10,555.7	83.5748	10,555.7	81.5803	10,555.7	80.9937	10,555.7	78.2245	10,555.7	77.7712	10,555.7	73.7077	10,555.7	73.9493	10,555.7	70.215	10,555.7	68.1298	10,555.7	66.2209	10,555.7	62.4044	10,555.7	63.2756	10,555.7	64.6941	10,555.7	58.4211	10,555.7	53.5745	10,555.7	60.6888	10,555.7	54.3514	10,555.7	47.5088	10,555.7	53.0242	10,555.7	62.6362	10,555.7	54.3542	10,555.7	55.8945	10,555.7	52.445	10,555.7	51.8585	10,555.7	43.3011	10,555.7	55.204	10,555.7	52.1171	10,555.7	48.1074	10,555.7	47.7786	10,555.7	47.0157
10,927.7	86.5068	10,927.7	86.3611	10,927.7	86.0855	10,927.7	85.3296	10,927.7	85.9237	10,927.7	82.5378	10,927.7	83.8007	10,927.7	81.2609	10,927.7	80.9494	10,927.7	78.2038	10,927.7	77.4923	10,927.7	73.6121	10,927.7	73.5553	10,927.7	71.1149	10,927.7	69.7305	10,927.7	65.8024	10,927.7	62.6191	10,927.7	63.2735	10,927.7	60.554	10,927.7	60.0442	10,927.7	53.9981	10,927.7	59.5541	10,927.7	56.3055	10,927.7	54.8112	10,927.7	42.7942	10,927.7	55.5901	10,927.7	49.8351	10,927.7	60.6858	10,927.7	44.6499	10,927.7	36.1983	10,927.7	43.506	10,927.7	55.8107	10,927.7	55.1407	10,927.7	52.1458	10,927.7	53.0424	10,927.7	39.9214
11,313	86.1517	11,313	86.1948	11,313	85.8557	11,313	84.8717	11,313	85.6608	11,313	82.4771	11,313	83.2687	11,313	81.1135	11,313	81.3326	11,313	78.1869	11,313	77.5276	11,313	74.7677	11,313	73.4718	11,313	70.9054	11,313	71.5778	11,313	67.8212	11,313	60.8106	11,313	62.0919	11,313	62.299	11,313	62.8805	11,313	56.8893	11,313	54.8765	11,313	59.4649	11,313	55.345	11,313	51.2506	11,313	59.9565	11,313	51.4677	11,313	49.9753	11,313	46.1307	11,313	49.9108	11,313	48.4509	11,313	56.2692	11,313	53.8625	11,313	44.9835	11,313	51.3311	11,313	41.4543
11,712.9	86.2207	11,712.9	85.6752	11,712.9	85.5482	11,712.9	84.7283	11,712.9	85.0766	11,712.9	81.8573	11,712.9	82.4294	11,712.9	81.1898	11,712.9	81.0528	11,712.9	78.3861	11,712.9	77.3517	11,712.9	75.2769	11,712.9	74.6344	11,712.9	71.946	11,712.9	71.9877	11,712.9	67.8657	11,712.9	61.6123	11,712.9	61.9438	11,712.9	60.7134	11,712.9	59.7571	11,712.9	45.6439	11,712.9	60.5322	11,712.9	54.1385	11,712.9	53.7814	11,712.9	29.5916	11,712.9	63.629	11,712.9	55.8018	11,712.9	60.2207	11,712.9	40.7726	11,712.9	46.6589	11,712.9	46.003	11,712.9	53.4118	11,712.9	52.6101	11,712.9	54.5444	11,712.9	45.2754	11,712.9	44.9453
12,126	85.9258	12,126	85.4431	12,126	85.4678	12,126	84.6328	12,126	84.4647	12,126	81.3835	12,126	81.8413	12,126	81.2878	12,126	80.7207	12,126	78.8526	12,126	77.4641	12,126	76.0533	12,126	75.2369	12,126	72.7016	12,126	74.3252	12,126	69.2759	12,126	58.5111	12,126	62.6574	12,126	61.5447	12,126	63.362	12,126	57.4397	12,126	51.8738	12,126	58.8235	12,126	55.1806	12,126	53.7006	12,126	59.5529	12,126	35.2736	12,126	42.5257	12,126	51.4187	12,126	51.0932	12,126	51.89	12,126	56.0086	12,126	54.0125	12,126	57.7121	12,126	49.7664	12,126	46.147
12,553.7	85.3255	12,553.7	85.0295	12,553.7	85.4135	12,553.7	84.2384	12,553.7	83.993	12,553.7	81.4485	12,553.7	82.3508	12,553.7	81.411	12,553.7	80.3887	12,553.7	78.9237	12,553.7	78.5584	12,553.7	76.9248	12,553.7	76.1117	12,553.7	73.3174	12,553.7	74.8235	12,553.7	68.6782	12,553.7	59.9352	12,553.7	62.1176	12,553.7	57.5832	12,553.7	60.0781	12,553.7	56.8185	12,553.7	57.7884	12,553.7	55.5511	12,553.7	57.9963	12,553.7	50.4354	12,553.7	51.035	12,553.7	42.4705	12,553.7	59.001	12,553.7	53.193	12,553.7	47.0424	12,553.7	49.3601	12,553.7	48.8026	12,553.7	51.5919	12,553.7	46.1194	12,553.7	48.8122	12,553.7	50.7651
12,996.1	84.8468	12,996.1	84.6873	12,996.1	84.8698	12,996.1	83.7216	12,996.1	83.5919	12,996.1	81.795	12,996.1	82.9664	12,996.1	81.1392	12,996.1	80.09	12,996.1	79.2404	12,996.1	79.4632	12,996.1	76.8902	12,996.1	76.3493	12,996.1	73.1809	12,996.1	73.886	12,996.1	67.9407	12,996.1	49.5796	12,996.1	60.6662	12,996.1	55.5554	12,996.1	57.4674	12,996.1	50.4441	12,996.1	57.7586	12,996.1	47.8308	12,996.1	54.0148	12,996.1	40.5395	12,996.1	61.6865	12,996.1	52.1494	12,996.1	59.1689	12,996.1	51.8395	12,996.1	51.0818	12,996.1	42.4618	12,996.1	49.7485	12,996.1	37.329	12,996.1	55.9856	12,996.1	46.2514	12,996.1	57.3544
13,454.6	84.3379	13,454.6	84.6222	13,454.6	84.5717	13,454.6	83.3089	13,454.6	83.4028	13,454.6	81.7185	13,454.6	83.2818	13,454.6	81.2601	13,454.6	80.8369	13,454.6	79.2971	13,454.6	80.0466	13,454.6	77.1342	13,454.6	76.1654	13,454.6	72.6506	13,454.6	73.7404	13,454.6	67.6817	13,454.6	66.2332	13,454.6	60.8088	13,454.6	55.3526	13,454.6	57.2988	13,454.6	44.5684	13,454.6	56.9514	13,454.6	46.2447	13,454.6	51.3602	13,454.6	45.5099	13,454.6	61.9544	13,454.6	44.324	13,454.6	59.3361	13,454.6	53.7936	13,454.6	57.2012	13,454.6	47.9009	13,454.6	43.2473	13,454.6	45.0211	13,454.6	56.3366	13,454.6	40.45	13,454.6	53.682
13,929.2	84.4868	13,929.2	84.0602	13,929.2	84.0675	13,929.2	83.3646	13,929.2	83.5298	13,929.2	81.8448	13,929.2	82.6774	13,929.2	81.3139	13,929.2	81.846	13,929.2	79.8222	13,929.2	80.0489	13,929.2	76.6422	13,929.2	75.9841	13,929.2	72.328	13,929.2	73.5972	13,929.2	67.1751	13,929.2	64.1149	13,929.2	60.1902	13,929.2	58.4704	13,929.2	56.3006	13,929.2	49.6212	13,929.2	57.0736	13,929.2	51.4572	13,929.2	54.0176	13,929.2	51.7933	13,929.2	59.6165	13,929.2	49.2521	13,929.2	59.1015	13,929.2	52.0931	13,929.2	55.3546	13,929.2	46.2689	13,929.2	48.4171	13,929.2	46.9329	13,929.2	53.8659	13,929.2	37.9768	13,929.2	47.7482
14,419.9	85.1208	14,419.9	84.1464	14,419.9	84.1456	14,419.9	84.0902	14,419.9	83.9876	14,419.9	81.5946	14,419.9	81.8352	14,419.9	81.8314	14,419.9	82.3077	14,419.9	79.9842	14,419.9	79.1713	14,419.9	76.2799	14,419.9	75.5788	14,419.9	72.2483	14,419.9	73.2833	14,419.9	67.9688	14,419.9	64.2408	14,419.9	60.4131	14,419.9	57.5989	14,419.9	59.8492	14,419.9	52.1613	14,419.9	56.0623	14,419.9	54.6886	14,419.9	56.5579	14,419.9	51.0982	14,419.9	49.9103	14,419.9	51.4619	14,419.9	57.1498	14,419.9	52.0456	14,419.9	50.5157	14,419.9	44.2967	14,419.9	50.2032	14,419.9	46.138	14,419.9	30.6224	14,419.9	42.0031	14,419.9	47.9696
14,928.2	85.6028	14,928.2	84.3193	14,928.2	84.3312	14,928.2	84.5845	14,928.2	84.7837	14,928.2	81.3419	14,928.2	82.0457	14,928.2	82.0606	14,928.2	81.7337	14,928.2	79.6192	14,928.2	78.4699	14,928.2	75.8984	14,928.2	76.2155	14,928.2	72.2756	14,928.2	72.0325	14,928.2	67.5736	14,928.2	67.7791	14,928.2	56.8744	14,928.2	53.5386	14,928.2	60.808	14,928.2	53.9642	14,928.2	49.1243	14,928.2	54.939	14,928.2	56.7002	14,928.2	49.8574	14,928.2	58.9013	14,928.2	49.3992	14,928.2	52.5141	14,928.2	48.3669	14,928.2	48.9284	14,928.2	38.45	14,928.2	45.0536	14,928.2	44.7394	14,928.2	52.884	14,928.2	52.2301	14,928.2	51.0151
15,455.6	86.0808	15,455.6	85.0863	15,455.6	84.8224	15,455.6	84.7394	15,455.6	84.9932	15,455.6	81.676	15,455.6	82.6923	15,455.6	81.8926	15,455.6	81.0321	15,455.6	78.868	15,455.6	78.1966	15,455.6	76.0528	15,455.6	75.8556	15,455.6	71.1628	15,455.6	70.571	15,455.6	65.6107	15,455.6	65.0395	15,455.6	57.3244	15,455.6	45.6187	15,455.6	52.618	15,455.6	50.7606	15,455.6	57.0419	15,455.6	55.3345	15,455.6	52.1431	15,455.6	50.5693	15,455.6	53.4979	15,455.6	53.2106	15,455.6	58.4602	15,455.6	53.3627	15,455.6	47.9564	15,455.6	45.1574	15,455.6	54.2713	15,455.6	42.2419	15,455.6	55.6662	15,455.6	46.3831	15,455.6	49.2974
16,000.5	86.5577	16,000.5	85.8703	16,000.5	85.6166	16,000.5	84.9514	16,000.5	85.0164	16,000.5	82.4733	16,000.5	82.9996	16,000.5	81.725	16,000.5	80.7301	16,000.5	78.7633	16,000.5	78.4187	16,000.5	75.9295	16,000.5	75.6012	16,000.5	69.5914	16,000.5	67.8211	16,000.5	64.221	16,000.5	64.6155	16,000.5	56.2126	16,000.5	47.5292	16,000.5	54.5514	16,000.5	50.9872	16,000.5	55.7464	16,000.5	55.9949	16,000.5	49.5173	16,000.5	50.4671	16,000.5	58.2559	16,000.5	48.7562	16,000.5	59.2389	16,000.5	48.9207	16,000.5	50.8527	16,000.5	39.8745	16,000.5	55.0301	16,000.5	48.2263	16,000.5	56.942	16,000.5	52.2909	16,000.5	49.1071
16,564.5	86.8758	16,564.5	86.5629	16,564.5	86.3141	16,564.5	85.1737	16,564.5	85.4897	16,564.5	83.043	16,564.5	83.0813	16,564.5	81.5295	16,564.5	81.1359	16,564.5	78.7483	16,564.5	78.2346	16,564.5	75.2783	16,564.5	75.0104	16,564.5	67.8441	16,564.5	68.5834	16,564.5	63.6394	16,564.5	65.785	16,564.5	54.8824	16,564.5	52.677	16,564.5	56.3979	16,564.5	50.2631	16,564.5	53.0917	16,564.5	55.3883	16,564.5	56.009	16,564.5	50.158	16,564.5	58.8343	16,564.5	48.0077	16,564.5	58.6759	16,564.5	46.3777	16,564.5	48.4285	16,564.5	33.1331	16,564.5	51.4322	16,564.5	48.9915	16,564.5	58.403	16,564.5	53.9953	16,564.5	45.7551
17,148.9	87.2218	17,148.9	86.9866	17,148.9	86.8039	17,148.9	85.5387	17,148.9	85.7425	17,148.9	83.2817	17,148.9	83.4947	17,148.9	81.4841	17,148.9	81.2937	17,148.9	78.3086	17,148.9	77.7234	17,148.9	74.3082	17,148.9	72.6683	17,148.9	66.6693	17,148.9	67.5816	17,148.9	62.7261	17,148.9	65.428	17,148.9	55.1402	17,148.9	52.1392	17,148.9	55.4845	17,148.9	50.7609	17,148.9	55.6795	17,148.9	54.1287	17,148.9	56.9894	17,148.9	50.1465	17,148.9	58.7777	17,148.9	48.973	17,148.9	58.8878	17,148.9	43.2496	17,148.9	45.729	17,148.9	27.5266	17,148.9	53.7102	17,148.9	48.8851	17,148.9	56.5764	17,148.9	49.8013	17,148.9	34.8311
17,752.4	87.3987	17,752.4	86.999	17,752.4	86.9539	17,752.4	85.7919	17,752.4	86.1516	17,752.4	83.3259	17,752.4	83.8082	17,752.4	81.6913	17,752.4	81.3906	17,752.4	77.7174	17,752.4	77.4071	17,752.4	73.1318	17,752.4	70.8847	17,752.4	66.0078	17,752.4	65.1367	17,752.4	60.6007	17,752.4	62.4563	17,752.4	55.4722	17,752.4	49.6574	17,752.4	47.6323	17,752.4	45.9411	17,752.4	58.7579	17,752.4	42.2558	17,752.4	53.9036	17,752.4	35.1741	17,752.4	57.2987	17,752.4	45.0602	17,752.4	58.0241	17,752.4	31.8295	17,752.4	47.8255	17,752.4	35.3159	17,752.4	54.7023	17,752.4	44.054	17,752.4	55.2852	17,752.4	46.987	17,752.4	40.2456
18,379.4	87.441	18,379.4	87.0338	18,379.4	86.9165	18,379.4	86.2457	18,379.4	86.5227	18,379.4	83.6593	18,379.4	84.0206	18,379.4	82.2348	18,379.4	81.2276	18,379.4	77.1245	18,379.4	77.0131	18,379.4	72.5024	18,379.4	68.9698	18,379.4	64.0437	18,379.4	64.6985	18,379.4	59.7461	18,379.4	62.62	18,379.4	49.3068	18,379.4	55.0767	18,379.4	51.5218	18,379.4	50.2243	18,379.4	54.6471	18,379.4	52.5759	18,379.4	59.506	18,379.4	49.8254	18,379.4	50.47	18,379.4	48.671	18,379.4	55.8835	18,379.4	42.273	18,379.4	53.2388	18,379.4	38.2651	18,379.4	57.4865	18,379.4	48.3174	18,379.4	56.4559	18,379.4	54.1241	18,379.4	46.1015
19,026.9	87.5628	19,026.9	87.2644	19,026.9	87.0665	19,026.9	87.0316	19,026.9	87.1624	19,026.9	84.5653	19,026.9	84.7717	19,026.9	83.0139	19,026.9	81.6379	19,026.9	77.1588	19,026.9	76.6236	19,026.9	70.968	19,026.9	67.082	19,026.9	61.3928	19,026.9	62.4133	19,026.9	55.6912	19,026.9	57.8504	19,026.9	48.8328	19,026.9	50.6926	19,026.9	45.1026	19,026.9	51.9486	19,026.9	56.2396	19,026.9	52.4094	19,026.9	58.538	19,026.9	48.3726	19,026.9	56.1571	19,026.9	38.6111	19,026.9	57.7897	19,026.9	42.5917	19,026.9	56.7767	19,026.9	37.3954	19,026.9	56.3556	19,026.9	45.2593	19,026.9	56.9934	19,026.9	55.1784	19,026.9	48.2222
19,697.8	87.8409	19,697.8	87.8111	19,697.8	87.5781	19,697.8	88.1752	19,697.8	88.2039	19,697.8	85.9398	19,697.8	86.0735	19,697.8	84.1507	19,697.8	82.8116	19,697.8	77.433	19,697.8	76.8709	19,697.8	69.0054	19,697.8	64.9527	19,697.8	50.7673	19,697.8	56.9619	19,697.8	50.5793	19,697.8	57.3097	19,697.8	49.5819	19,697.8	54.679	19,697.8	45.9901	19,697.8	55.3846	19,697.8	53.9041	19,697.8	53.402	19,697.8	61.8599	19,697.8	48.8683	19,697.8	55.8014	19,697.8	49.0237	19,697.8	57.0645	19,697.8	47.2363	19,697.8	54.6016	19,697.8	43.2743	19,697.8	55.4884	19,697.8	44.1488	19,697.8	57.8366	19,697.8	52.7784	19,697.8	53.2096
19,999.5	88.067	19,999.5	88.1577	19,999.5	88.0562	19,999.5	88.7756	19,999.5	88.8431	19,999.5	86.5847	19,999.5	86.8788	19,999.5	84.5146	19,999.5	83.7013	19,999.5	77.2206	19,999.5	77.598	19,999.5	68.8073	19,999.5	69.0795	19,999.5	59.0624	19,999.5	66.2752	19,999.5	53.2271	19,999.5	69.276	19,999.5	56.5607	19,999.5	59.3821	19,999.5	50.1932	19,999.5	55.6884	19,999.5	56.4478	19,999.5	53.6628	19,999.5	56.2158	19,999.5	59.2374	19,999.5	49.3741	19,999.5	46.6343	19,999.5	55.1455	19,999.5	53.3695	19,999.5	59.9345	19,999.5	41.7451	19,999.5	63.1316	19,999.5	51.8444	19,999.5	57.8724	19,999.5	55.7676	19,999.5	53.2253
