"SPL Horizontal"																																																																							
"On-Axis"		"10°"		"-10°"		"20°"		"-20°"		"30°"		"-30°"		"40°"		"-40°"		"50°"		"-50°"		"60°"		"-60°"		"70°"		"-70°"		"80°"		"-80°"		"90°"		"-90°"		"100°"		"-100°"		"110°"		"-110°"		"120°"		"-120°"		"130°"		"-130°"		"140°"		"-140°"		"150°"		"-150°"		"160°"		"-160°"		"170°"		"-170°"		"180°"	
"Frequency / Hz"	"Sound Pressure Level / dB (re 20 µPa/V)  [2.83  V @ 1. m]"	"Frequency / Hz"	"Sound Pressure Level / dB (re 20 µPa/V)  [2.83  V @ 1. m]"	"Frequency / Hz"	"Sound Pressure Level / dB (re 20 µPa/V)  [2.83  V @ 1. m]"	"Frequency / Hz"	"Sound Pressure Level / dB (re 20 µPa/V)  [2.83  V @ 1. m]"	"Frequency / Hz"	"Sound Pressure Level / dB (re 20 µPa/V)  [2.83  V @ 1. m]"	"Frequency / Hz"	"Sound Pressure Level / dB (re 20 µPa/V)  [2.83  V @ 1. m]"	"Frequency / Hz"	"Sound Pressure Level / dB (re 20 µPa/V)  [2.83  V @ 1. m]"	"Frequency / Hz"	"Sound Pressure Level / dB (re 20 µPa/V)  [2.83  V @ 1. m]"	"Frequency / Hz"	"Sound Pressure Level / dB (re 20 µPa/V)  [2.83  V @ 1. m]"	"Frequency / Hz"	"Sound Pressure Level / dB (re 20 µPa/V)  [2.83  V @ 1. m]"	"Frequency / Hz"	"Sound Pressure Level / dB (re 20 µPa/V)  [2.83  V @ 1. m]"	"Frequency / Hz"	"Sound Pressure Level / dB (re 20 µPa/V)  [2.83  V @ 1. m]"	"Frequency / Hz"	"Sound Pressure Level / dB (re 20 µPa/V)  [2.83  V @ 1. m]"	"Frequency / Hz"	"Sound Pressure Level / dB (re 20 µPa/V)  [2.83  V @ 1. m]"	"Frequency / Hz"	"Sound Pressure Level / dB (re 20 µPa/V)  [2.83  V @ 1. m]"	"Frequency / Hz"	"Sound Pressure Level / dB (re 20 µPa/V)  [2.83  V @ 1. m]"	"Frequency / Hz"	"Sound Pressure Level / dB (re 20 µPa/V)  [2.83  V @ 1. m]"	"Frequency / Hz"	"Sound Pressure Level / dB (re 20 µPa/V)  [2.83  V @ 1. m]"	"Frequency / Hz"	"Sound Pressure Level / dB (re 20 µPa/V)  [2.83  V @ 1. m]"	"Frequency / Hz"	"Sound Pressure Level / dB (re 20 µPa/V)  [2.83  V @ 1. m]"	"Frequency / Hz"	"Sound Pressure Level / dB (re 20 µPa/V)  [2.83  V @ 1. m]"	"Frequency / Hz"	"Sound Pressure Level / dB (re 20 µPa/V)  [2.83  V @ 1. m]"	"Frequency / Hz"	"Sound Pressure Level / dB (re 20 µPa/V)  [2.83  V @ 1. m]"	"Frequency / Hz"	"Sound Pressure Level / dB (re 20 µPa/V)  [2.83  V @ 1. m]"	"Frequency / Hz"	"Sound Pressure Level / dB (re 20 µPa/V)  [2.83  V @ 1. m]"	"Frequency / Hz"	"Sound Pressure Level / dB (re 20 µPa/V)  [2.83  V @ 1. m]"	"Frequency / Hz"	"Sound Pressure Level / dB (re 20 µPa/V)  [2.83  V @ 1. m]"	"Frequency / Hz"	"Sound Pressure Level / dB (re 20 µPa/V)  [2.83  V @ 1. m]"	"Frequency / Hz"	"Sound Pressure Level / dB (re 20 µPa/V)  [2.83  V @ 1. m]"	"Frequency / Hz"	"Sound Pressure Level / dB (re 20 µPa/V)  [2.83  V @ 1. m]"	"Frequency / Hz"	"Sound Pressure Level / dB (re 20 µPa/V)  [2.83  V @ 1. m]"	"Frequency / Hz"	"Sound Pressure Level / dB (re 20 µPa/V)  [2.83  V @ 1. m]"	"Frequency / Hz"	"Sound Pressure Level / dB (re 20 µPa/V)  [2.83  V @ 1. m]"	"Frequency / Hz"	"Sound Pressure Level / dB (re 20 µPa/V)  [2.83  V @ 1. m]"	"Frequency / Hz"	"Sound Pressure Level / dB (re 20 µPa/V)  [2.83  V @ 1. m]"	"Frequency / Hz"	"Sound Pressure Level / dB (re 20 µPa/V)  [2.83  V @ 1. m]"
20.5078	65.986	20.5078	66.0399	20.5078	65.9826	20.5078	66.1474	20.5078	66.0305	20.5078	66.3144	20.5078	66.1342	20.5078	66.5477	20.5078	66.3012	20.5078	66.8529	20.5078	66.5399	20.5078	67.2315	20.5078	66.8567	20.5078	67.6795	20.5078	67.2533	20.5078	68.1866	20.5078	67.7245	20.5078	68.7366	20.5078	68.2574	20.5078	69.309	20.5078	68.8324	20.5078	69.881	20.5078	69.4257	20.5078	70.4292	20.5078	70.0115	20.5078	70.9309	20.5078	70.5643	20.5078	71.3654	20.5078	71.0605	20.5078	71.7143	20.5078	71.479	20.5078	71.9628	20.5078	71.8029	20.5078	72.0999	20.5078	72.0191	20.5078	72.1192
21.9727	68.2806	21.9727	68.3206	21.9727	68.2847	21.9727	68.4073	21.9727	68.3333	21.9727	68.5455	21.9727	68.4301	21.9727	68.7415	21.9727	68.5808	21.9727	69.0008	21.9727	68.792	21.9727	69.3261	21.9727	69.0693	21.9727	69.7159	21.9727	69.4149	21.9727	70.163	21.9727	69.8257	21.9727	70.6543	21.9727	70.2926	21.9727	71.1723	21.9727	70.8003	21.9727	71.6961	21.9727	71.3292	21.9727	72.2032	21.9727	71.8566	21.9727	72.6713	21.9727	72.3592	21.9727	73.0795	21.9727	72.8141	21.9727	73.4091	21.9727	73.2007	21.9727	73.6449	21.9727	73.5014	21.9727	73.7759	21.9727	73.7027	21.9727	73.7955
23.4375	70.5937	23.4375	70.6385	23.4375	70.5897	23.4375	70.7258	23.4375	70.6268	23.4375	70.859	23.4375	70.7074	23.4375	71.0423	23.4375	70.8361	23.4375	71.2794	23.4375	71.0178	23.4375	71.5721	23.4375	71.2574	23.4375	71.9191	23.4375	71.5573	23.4375	72.3148	23.4375	71.9162	23.4375	72.7492	23.4375	72.3275	23.4375	73.208	23.4375	72.7794	23.4375	73.6736	23.4375	73.2551	23.4375	74.1264	23.4375	73.7345	23.4375	74.5462	23.4375	74.1959	23.4375	74.9134	23.4375	74.6174	23.4375	75.21	23.4375	74.9789	23.4375	75.4212	23.4375	75.2628	23.4375	75.536	23.4375	75.4554	23.4375	75.5478
24.9023	72.9604	24.9023	72.9877	24.9023	72.9645	24.9023	73.0481	24.9023	73.0003	24.9023	73.1447	24.9023	73.0697	24.9023	73.2815	24.9023	73.1762	24.9023	73.4625	24.9023	73.3241	24.9023	73.6906	24.9023	73.5176	24.9023	73.9665	24.9023	73.7598	24.9023	74.2876	24.9023	74.0509	24.9023	74.6472	24.9023	74.3873	24.9023	75.0345	24.9023	74.7608	24.9023	75.4349	24.9023	75.1589	24.9023	75.831	24.9023	75.5651	24.9023	76.204	24.9023	75.9604	24.9023	76.5349	24.9023	76.3251	24.9023	76.8061	24.9023	76.6396	24.9023	77.0024	24.9023	76.8871	24.9023	77.1127	24.9023	77.0537	24.9023	77.1302
26.3672	75.0375	26.3672	75.0568	26.3672	75.0454	26.3672	75.1048	26.3672	75.0805	26.3672	75.1839	26.3672	75.1442	26.3672	75.2975	26.3672	75.2389	26.3672	75.449	26.3672	75.368	26.3672	75.641	26.3672	75.5347	26.3672	75.8747	26.3672	75.7415	26.3672	76.1485	26.3672	75.9892	26.3672	76.4576	26.3672	76.2754	26.3672	76.7933	26.3672	76.5943	26.3672	77.1434	26.3672	76.9362	26.3672	77.4929	26.3672	77.2875	26.3672	77.8248	26.3672	77.6321	26.3672	78.1215	26.3672	77.9522	26.3672	78.3664	26.3672	78.23	26.3672	78.5449	26.3672	78.4494	26.3672	78.6463	26.3672	78.5971	26.3672	78.6641
27.832	76.9388	27.832	76.953	27.832	76.9476	27.832	76.9911	27.832	76.979	27.832	77.0552	27.832	77.0339	27.832	77.1477	27.832	77.114	27.832	77.2714	27.832	77.2215	27.832	77.4284	27.832	77.3589	27.832	77.6201	27.832	77.5285	27.832	77.8455	27.832	77.7309	27.832	78.1014	27.832	77.9653	27.832	78.3814	27.832	78.2278	27.832	78.6759	27.832	78.5113	27.832	78.9724	27.832	78.8053	27.832	79.2565	27.832	79.0965	27.832	79.5125	27.832	79.3696	27.832	79.7251	27.832	79.6087	27.832	79.8811	27.832	79.7987	27.832	79.9699	27.832	79.9273	27.832	79.9857
29.2969	78.4115	29.2969	78.4273	29.2969	78.4174	29.2969	78.4655	29.2969	78.4448	29.2969	78.5273	29.2969	78.4943	29.2969	78.6142	29.2969	78.5669	29.2969	78.7277	29.2969	78.6637	29.2969	78.8691	29.2969	78.7865	29.2969	79.0388	29.2969	78.9363	29.2969	79.236	29.2969	79.1136	29.2969	79.4578	29.2969	79.3173	29.2969	79.6992	29.2969	79.5444	29.2969	79.9523	29.2969	79.7891	29.2969	80.2071	29.2969	80.0431	29.2969	80.4514	29.2969	80.2953	29.2969	80.6718	29.2969	80.5328	29.2969	80.8549	29.2969	80.7417	29.2969	80.9889	29.2969	80.9089	29.2969	81.0645	29.2969	81.023	29.2969	81.0761
30.7617	79.3892	30.7617	79.4035	30.7617	79.3938	30.7617	79.4372	30.7617	79.4172	30.7617	79.491	30.7617	79.4596	30.7617	79.566	30.7617	79.5216	30.7617	79.6633	30.7617	79.6041	30.7617	79.7838	30.7617	79.708	30.7617	79.9276	30.7617	79.8343	30.7617	80.0942	30.7617	79.9832	30.7617	80.2813	30.7617	80.1539	30.7617	80.4849	30.7617	80.3441	30.7617	80.6988	30.7617	80.5496	30.7617	80.9147	30.7617	80.7637	30.7617	81.1222	30.7617	80.9775	30.7617	81.31	30.7617	81.1802	30.7617	81.4662	30.7617	81.3599	30.7617	81.5803	30.7617	81.5048	30.7617	81.6439	30.7617	81.6047	30.7617	81.6523
32.2266	79.9685	32.2266	79.9834	32.2266	79.9704	32.2266	80.0151	32.2266	79.9891	32.2266	80.064	32.2266	80.025	32.2266	80.1306	32.2266	80.0784	32.2266	80.2154	32.2266	80.1499	32.2266	80.3191	32.2266	80.24	32.2266	80.4416	32.2266	80.3491	32.2266	80.5824	32.2266	80.4771	32.2266	80.7399	32.2266	80.6231	32.2266	80.9109	32.2266	80.7851	32.2266	81.0906	32.2266	80.9597	32.2266	81.2723	32.2266	81.1415	32.2266	81.4475	32.2266	81.3231	32.2266	81.6067	32.2266	81.4955	32.2266	81.7396	32.2266	81.6487	32.2266	81.837	32.2266	81.7726	32.2266	81.8916	32.2266	81.8581	32.2266	81.8988
33.6914	80.2728	33.6914	80.278	33.6914	80.2833	33.6914	80.2991	33.6914	80.3092	33.6914	80.3365	33.6914	80.3504	33.6914	80.3906	33.6914	80.4068	33.6914	80.4616	33.6914	80.4781	33.6914	80.55	33.6914	80.5644	33.6914	80.6555	33.6914	80.6652	33.6914	80.7777	33.6914	80.7803	33.6914	80.9151	33.6914	80.9087	33.6914	81.065	33.6914	81.0487	33.6914	81.2234	33.6914	81.1974	33.6914	81.3845	33.6914	81.3507	33.6914	81.5412	33.6914	81.5026	33.6914	81.6849	33.6914	81.6458	33.6914	81.8067	33.6914	81.7719	33.6914	81.8984	33.6914	81.8722	33.6914	81.9531	33.6914	81.9391	33.6914	81.967
35.1562	80.5649	35.1562	80.5682	35.1562	80.5759	35.1562	80.5862	35.1562	80.6009	35.1562	80.6192	35.1562	80.6396	35.1562	80.6673	35.1562	80.6914	35.1562	80.7305	35.1562	80.7559	35.1562	80.8089	35.1562	80.8328	35.1562	80.9022	35.1562	80.9216	35.1562	81.0094	35.1562	81.0217	35.1562	81.1294	35.1562	81.1324	35.1562	81.2596	35.1562	81.2522	35.1562	81.3966	35.1562	81.379	35.1562	81.5357	35.1562	81.5093	35.1562	81.6705	35.1562	81.6385	35.1562	81.7942	35.1562	81.7604	35.1562	81.8988	35.1562	81.868	35.1562	81.9775	35.1562	81.954	35.1562	82.0243	35.1562	82.0116	35.1562	82.0358
36.6211	80.7489	36.6211	80.7546	36.6211	80.7567	36.6211	80.7738	36.6211	80.7776	36.6211	80.8065	36.6211	80.8113	36.6211	80.8525	36.6211	80.8573	36.6211	80.9117	36.6211	80.9149	36.6211	80.9836	36.6211	80.9835	36.6211	81.0677	36.6211	81.0626	36.6211	81.163	36.6211	81.1512	36.6211	81.2682	36.6211	81.2486	36.6211	81.3812	36.6211	81.3534	36.6211	81.499	36.6211	81.4637	36.6211	81.6177	36.6211	81.5767	36.6211	81.7322	36.6211	81.6884	36.6211	81.8366	36.6211	81.7939	36.6211	81.9245	36.6211	81.8873	36.6211	81.9899	36.6211	81.9624	36.6211	82.0281	36.6211	82.0134	36.6211	82.036
38.0859	80.861	38.0859	80.8637	38.0859	80.8707	38.0859	80.8788	38.0859	80.8923	38.0859	80.9062	38.0859	80.9254	38.0859	80.9457	38.0859	80.9694	38.0859	80.997	38.0859	81.0235	38.0859	81.0595	38.0859	81.0868	38.0859	81.1325	38.0859	81.1584	38.0859	81.2153	38.0859	81.2376	38.0859	81.3066	38.0859	81.3233	38.0859	81.4046	38.0859	81.4143	38.0859	81.5069	38.0859	81.509	38.0859	81.6101	38.0859	81.605	38.0859	81.7101	38.0859	81.6992	38.0859	81.8018	38.0859	81.7876	38.0859	81.8797	38.0859	81.8651	38.0859	81.9386	38.0859	81.9268	38.0859	81.9742	38.0859	81.9676	38.0859	81.9841
39.5508	81.0478	39.5508	81.0519	39.5508	81.0551	39.5508	81.0672	39.5508	81.0735	39.5508	81.0937	39.5508	81.1025	39.5508	81.1308	39.5508	81.1416	39.5508	81.1781	39.5508	81.19	39.5508	81.2349	39.5508	81.2467	39.5508	81.3006	39.5508	81.3108	39.5508	81.3743	39.5508	81.3813	39.5508	81.4547	39.5508	81.4571	39.5508	81.5403	39.5508	81.5371	39.5508	81.6289	39.5508	81.6197	39.5508	81.7177	39.5508	81.7031	39.5508	81.8032	39.5508	81.7846	39.5508	81.881	39.5508	81.8608	39.5508	81.9468	39.5508	81.9279	39.5508	81.9961	39.5508	81.9814	39.5508	82.0253	39.5508	82.0173	39.5508	82.0325
41.0156	81.1554	41.0156	81.1598	41.0156	81.1607	41.0156	81.1737	41.0156	81.1757	41.0156	81.1968	41.0156	81.2	41.0156	81.2288	41.0156	81.2334	41.0156	81.2691	41.0156	81.2752	41.0156	81.3172	41.0156	81.3245	41.0156	81.3725	41.0156	81.3805	41.0156	81.4343	41.0156	81.442	41.0156	81.5016	41.0156	81.508	41.0156	81.5731	41.0156	81.577	41.0156	81.647	41.0156	81.6476	41.0156	81.7211	41.0156	81.7181	41.0156	81.7924	41.0156	81.7862	41.0156	81.8575	41.0156	81.8492	41.0156	81.9128	41.0156	81.9041	41.0156	81.9546	41.0156	81.9473	41.0156	81.9799	41.0156	81.9758	41.0156	81.9871
42.4805	81.3467	42.4805	81.3553	42.4805	81.3469	42.4805	81.3726	42.4805	81.3559	42.4805	81.398	42.4805	81.3735	42.4805	81.431	42.4805	81.3991	42.4805	81.4709	42.4805	81.4321	42.4805	81.5169	42.4805	81.4716	42.4805	81.568	42.4805	81.5166	42.4805	81.6232	42.4805	81.5662	42.4805	81.6813	42.4805	81.6194	42.4805	81.741	42.4805	81.6752	42.4805	81.8008	42.4805	81.7325	42.4805	81.8587	42.4805	81.7904	42.4805	81.9126	42.4805	81.8471	42.4805	81.96	42.4805	81.9009	42.4805	81.9981	42.4805	81.9493	42.4805	82.0246	42.4805	81.9896	42.4805	82.0374	42.4805	82.0191	42.4805	82.0355
43.9453	81.4992	43.9453	81.513	43.9453	81.4933	43.9453	81.5343	43.9453	81.4955	43.9453	81.5625	43.9453	81.5057	43.9453	81.5968	43.9453	81.5236	43.9453	81.6364	43.9453	81.5488	43.9453	81.6804	43.9453	81.5805	43.9453	81.7277	43.9453	81.618	43.9453	81.7774	43.9453	81.6604	43.9453	81.8282	43.9453	81.7069	43.9453	81.8791	43.9453	81.7564	43.9453	81.9287	43.9453	81.808	43.9453	81.9756	43.9453	81.8606	43.9453	82.0181	43.9453	81.9128	43.9453	82.0542	43.9453	81.9629	43.9453	82.0819	43.9453	82.0088	43.9453	82.0993	43.9453	82.0481	43.9453	82.1048	43.9453	82.0784	43.9453	82.0977
45.4102	81.6291	45.4102	81.6446	45.4102	81.621	45.4102	81.6671	45.4102	81.6205	45.4102	81.6958	45.4102	81.6277	45.4102	81.7299	45.4102	81.6424	45.4102	81.7685	45.4102	81.6639	45.4102	81.8103	45.4102	81.6917	45.4102	81.8544	45.4102	81.7249	45.4102	81.8995	45.4102	81.7626	45.4102	81.9446	45.4102	81.8039	45.4102	81.9886	45.4102	81.848	45.4102	82.0303	45.4102	81.8937	45.4102	82.0686	45.4102	81.9402	45.4102	82.1022	45.4102	81.9862	45.4102	82.1298	45.4102	82.0304	45.4102	82.1498	45.4102	82.071	45.4102	82.161	45.4102	82.1063	45.4102	82.1623	45.4102	82.1343	45.4102	82.1533
46.875	81.8046	46.875	81.8175	46.875	81.7991	46.875	81.8374	46.875	81.8011	46.875	81.8636	46.875	81.8105	46.875	81.8952	46.875	81.8269	46.875	81.931	46.875	81.8496	46.875	81.9699	46.875	81.8778	46.875	82.0107	46.875	81.9104	46.875	82.0521	46.875	81.9463	46.875	82.0931	46.875	81.9846	46.875	82.1324	46.875	82.0241	46.875	82.1691	46.875	82.064	46.875	82.2022	46.875	82.1035	46.875	82.2308	46.875	82.1416	46.875	82.2538	46.875	82.1774	46.875	82.2704	46.875	82.2099	46.875	82.2797	46.875	82.2377	46.875	82.2811	46.875	82.2595	46.875	82.2743
48.3398	81.9869	48.3398	81.9964	48.3398	81.9841	48.3398	82.0123	48.3398	81.9883	48.3398	82.034	48.3398	81.9993	48.3398	82.0605	48.3398	82.0165	48.3398	82.091	48.3398	82.0392	48.3398	82.1242	48.3398	82.0664	48.3398	82.1591	48.3398	82.0971	48.3398	82.1945	48.3398	82.13	48.3398	82.2292	48.3398	82.164	48.3398	82.2624	48.3398	82.198	48.3398	82.2931	48.3398	82.2312	48.3398	82.3206	48.3398	82.2628	48.3398	82.3442	48.3398	82.2922	48.3398	82.3634	48.3398	82.3189	48.3398	82.3776	48.3398	82.3423	48.3398	82.3862	48.3398	82.3617	48.3398	82.3889	48.3398	82.3764	48.3398	82.3856
51.2695	82.3429	51.2695	82.3559	51.2695	82.3357	51.2695	82.374	51.2695	82.3345	51.2695	82.3966	51.2695	82.3392	51.2695	82.4225	51.2695	82.3495	51.2695	82.4506	51.2695	82.3647	51.2695	82.4797	51.2695	82.3839	51.2695	82.5085	51.2695	82.4058	51.2695	82.5357	51.2695	82.4294	51.2695	82.5603	51.2695	82.4534	51.2695	82.5814	51.2695	82.4769	51.2695	82.5983	51.2695	82.4991	51.2695	82.6108	51.2695	82.5195	51.2695	82.6189	51.2695	82.538	51.2695	82.6228	51.2695	82.5547	51.2695	82.6229	51.2695	82.5697	51.2695	82.6198	51.2695	82.5832	51.2695	82.6138	51.2695	82.5952	51.2695	82.6055
52.7344	82.5202	52.7344	82.5363	52.7344	82.5097	52.7344	82.5573	52.7344	82.5052	52.7344	82.5824	52.7344	82.5067	52.7344	82.6104	52.7344	82.5138	52.7344	82.6399	52.7344	82.5258	52.7344	82.6695	52.7344	82.5419	52.7344	82.6978	52.7344	82.561	52.7344	82.7235	52.7344	82.5819	52.7344	82.7453	52.7344	82.6033	52.7344	82.7625	52.7344	82.6244	52.7344	82.7746	52.7344	82.6443	52.7344	82.7814	52.7344	82.6625	52.7344	82.7834	52.7344	82.6791	52.7344	82.7811	52.7344	82.6942	52.7344	82.7753	52.7344	82.7081	52.7344	82.767	52.7344	82.7211	52.7344	82.7569	52.7344	82.7337	52.7344	82.7456
54.1992	82.6931	54.1992	82.7091	54.1992	82.6826	54.1992	82.7299	54.1992	82.6779	54.1992	82.7547	54.1992	82.6791	54.1992	82.7823	54.1992	82.6856	54.1992	82.8113	54.1992	82.697	54.1992	82.8403	54.1992	82.7123	54.1992	82.8678	54.1992	82.7305	54.1992	82.8923	54.1992	82.7503	54.1992	82.9126	54.1992	82.7705	54.1992	82.928	54.1992	82.7902	54.1992	82.9378	54.1992	82.8085	54.1992	82.9421	54.1992	82.825	54.1992	82.9414	54.1992	82.8395	54.1992	82.9366	54.1992	82.8524	54.1992	82.9287	54.1992	82.864	54.1992	82.9188	54.1992	82.875	54.1992	82.9079	54.1992	82.8858	54.1992	82.8968
55.6641	82.7955	55.6641	82.8069	55.6641	82.7899	55.6641	82.8234	55.6641	82.7901	55.6641	82.8443	55.6641	82.796	55.6641	82.8685	55.6641	82.807	55.6641	82.8946	55.6641	82.8223	55.6641	82.9212	55.6641	82.8409	55.6641	82.9468	55.6641	82.8614	55.6641	82.9699	55.6641	82.8826	55.6641	82.9894	55.6641	82.9032	55.6641	83.0042	55.6641	82.922	55.6641	83.014	55.6641	82.9382	55.6641	83.0188	55.6641	82.9513	55.6641	83.019	55.6641	82.9614	55.6641	83.0157	55.6641	82.9689	55.6641	83.01	55.6641	82.9747	55.6641	83.0032	55.6641	82.9796	55.6641	82.9963	55.6641	82.9845	55.6641	82.9899
58.5938	83.5	58.5938	83.4996	58.5938	83.505	58.5938	83.5037	58.5938	83.5145	58.5938	83.5116	58.5938	83.5282	58.5938	83.5225	58.5938	83.5452	58.5938	83.5354	58.5938	83.5644	58.5938	83.5491	58.5938	83.5844	58.5938	83.5625	58.5938	83.6038	58.5938	83.5743	58.5938	83.6209	58.5938	83.5835	58.5938	83.6342	58.5938	83.5894	58.5938	83.6427	58.5938	83.5916	58.5938	83.6456	58.5938	83.5904	58.5938	83.6429	58.5938	83.5865	58.5938	83.6352	58.5938	83.5813	58.5938	83.6239	58.5938	83.5763	58.5938	83.6105	58.5938	83.5732	58.5938	83.5972	58.5938	83.5734	58.5938	83.5857	58.5938	83.5776
60.0586	83.735	60.0586	83.733	60.0586	83.7392	60.0586	83.7332	60.0586	83.7456	60.0586	83.735	60.0586	83.754	60.0586	83.7378	60.0586	83.7637	60.0586	83.741	60.0586	83.7741	60.0586	83.7436	60.0586	83.784	60.0586	83.7447	60.0586	83.7923	60.0586	83.7435	60.0586	83.7976	60.0586	83.7391	60.0586	83.7988	60.0586	83.7312	60.0586	83.7949	60.0586	83.7198	60.0586	83.7855	60.0586	83.7056	60.0586	83.7706	60.0586	83.6899	60.0586	83.7512	60.0586	83.6743	60.0586	83.7288	60.0586	83.6612	60.0586	83.7056	60.0586	83.6526	60.0586	83.6841	60.0586	83.6502	60.0586	83.6665	60.0586	83.6548
62.9883	84.0831	62.9883	84.0754	62.9883	84.0913	62.9883	84.0681	62.9883	84.0998	62.9883	84.061	62.9883	84.1082	62.9883	84.0538	62.9883	84.1158	62.9883	84.0459	62.9883	84.122	62.9883	84.0367	62.9883	84.1256	62.9883	84.0254	62.9883	84.1256	62.9883	84.0114	62.9883	84.1208	62.9883	83.994	62.9883	84.1101	62.9883	83.9731	62.9883	84.0928	62.9883	83.9489	62.9883	84.0686	62.9883	83.9226	62.9883	84.038	62.9883	83.8958	62.9883	84.0025	62.9883	83.871	62.9883	83.9642	62.9883	83.8511	62.9883	83.926	62.9883	83.8387	62.9883	83.8913	62.9883	83.836	62.9883	83.8632	62.9883	83.8442
64.4531	84.2164	64.4531	84.2072	64.4531	84.2259	64.4531	84.1984	64.4531	84.2356	64.4531	84.1897	64.4531	84.2452	64.4531	84.1808	64.4531	84.2541	64.4531	84.1713	64.4531	84.2614	64.4531	84.1606	64.4531	84.2663	64.4531	84.1479	64.4531	84.2675	64.4531	84.1325	64.4531	84.2638	64.4531	84.1141	64.4531	84.254	64.4531	84.0924	64.4531	84.2372	64.4531	84.0678	64.4531	84.2132	64.4531	84.0413	64.4531	84.1821	64.4531	84.0148	64.4531	84.1454	64.4531	83.9909	64.4531	84.1052	64.4531	83.9723	64.4531	84.0645	64.4531	83.9619	64.4531	84.0267	64.4531	83.9619	64.4531	83.9953	64.4531	83.9731
67.3828	84.5909	67.3828	84.5747	67.3828	84.6069	67.3828	84.5584	67.3828	84.6222	67.3828	84.5421	67.3828	84.6365	67.3828	84.5259	67.3828	84.6492	67.3828	84.5096	67.3828	84.6594	67.3828	84.493	67.3828	84.6664	67.3828	84.4756	67.3828	84.6689	67.3828	84.4569	67.3828	84.6658	67.3828	84.4367	67.3828	84.6558	67.3828	84.4146	67.3828	84.638	67.3828	84.3911	67.3828	84.612	67.3828	84.3671	67.3828	84.5781	67.3828	84.3443	67.3828	84.5374	67.3828	84.325	67.3828	84.4923	67.3828	84.312	67.3828	84.4457	67.3828	84.3079	67.3828	84.4013	67.3828	84.3147	67.3828	84.3628	67.3828	84.3332
68.8477	84.8426	68.8477	84.8232	68.8477	84.8604	68.8477	84.8024	68.8477	84.8763	68.8477	84.7807	68.8477	84.8899	68.8477	84.758	68.8477	84.9005	68.8477	84.7346	68.8477	84.9076	68.8477	84.7103	68.8477	84.9103	68.8477	84.6851	68.8477	84.9076	68.8477	84.6587	68.8477	84.8985	68.8477	84.631	68.8477	84.8818	68.8477	84.6021	68.8477	84.8569	68.8477	84.5724	68.8477	84.8234	68.8477	84.543	68.8477	84.7818	68.8477	84.5158	68.8477	84.7336	68.8477	84.4933	68.8477	84.6813	68.8477	84.4783	68.8477	84.628	68.8477	84.4735	68.8477	84.5778	68.8477	84.481	68.8477	84.5346	68.8477	84.5016
71.7773	85.2684	71.7773	85.2437	71.7773	85.2892	71.7773	85.2153	71.7773	85.3058	71.7773	85.1835	71.7773	85.3179	71.7773	85.1485	71.7773	85.3249	71.7773	85.1104	71.7773	85.3264	71.7773	85.0697	71.7773	85.3214	71.7773	85.0266	71.7773	85.3091	71.7773	84.9814	71.7773	85.2886	71.7773	84.9347	71.7773	85.2588	71.7773	84.8872	71.7773	85.2192	71.7773	84.8401	71.7773	85.1697	71.7773	84.7954	71.7773	85.1111	71.7773	84.7556	71.7773	85.0451	71.7773	84.7238	71.7773	84.9748	71.7773	84.7034	71.7773	84.9041	71.7773	84.6975	71.7773	84.8377	71.7773	84.7083	71.7773	84.7804	71.7773	84.7363
74.707	85.7426	74.707	85.7215	74.707	85.759	74.707	85.696	74.707	85.7706	74.707	85.6659	74.707	85.7773	74.707	85.6313	74.707	85.7786	74.707	85.5923	74.707	85.7739	74.707	85.5489	74.707	85.7625	74.707	85.5014	74.707	85.7434	74.707	85.45	74.707	85.7158	74.707	85.3953	74.707	85.6787	74.707	85.3383	74.707	85.6317	74.707	85.2806	74.707	85.5746	74.707	85.2244	74.707	85.5086	74.707	85.1729	74.707	85.4357	74.707	85.1298	74.707	85.3593	74.707	85.0991	74.707	85.2837	74.707	85.0845	74.707	85.214	74.707	85.0888	74.707	85.1556	74.707	85.1129
77.6367	86.1545	77.6367	86.1388	77.6367	86.1647	77.6367	86.1177	77.6367	86.1695	77.6367	86.0911	77.6367	86.1687	77.6367	86.0589	77.6367	86.1619	77.6367	86.021	77.6367	86.1489	77.6367	85.9775	77.6367	86.1289	77.6367	85.9284	77.6367	86.1013	77.6367	85.8741	77.6367	86.0655	77.6367	85.815	77.6367	86.0208	77.6367	85.7522	77.6367	85.9668	77.6367	85.6871	77.6367	85.9041	77.6367	85.6223	77.6367	85.8338	77.6367	85.5611	77.6367	85.7582	77.6367	85.5076	77.6367	85.6808	77.6367	85.4662	77.6367	85.6063	77.6367	85.4411	77.6367	85.5398	77.6367	85.4355	77.6367	85.4866	77.6367	85.4509
79.1016	86.3771	79.1016	86.3628	79.1016	86.3854	79.1016	86.3423	79.1016	86.3877	79.1016	86.3157	79.1016	86.384	79.1016	86.2829	79.1016	86.3741	79.1016	86.2438	79.1016	86.3578	79.1016	86.1985	79.1016	86.3345	79.1016	86.1473	79.1016	86.3037	79.1016	86.0905	79.1016	86.2647	79.1016	86.0288	79.1016	86.2172	79.1016	85.9631	79.1016	86.1608	79.1016	85.8951	79.1016	86.096	79.1016	85.8273	79.1016	86.0239	79.1016	85.7632	79.1016	85.9471	79.1016	85.7067	79.1016	85.869	79.1016	85.6626	79.1016	85.7942	79.1016	85.6351	79.1016	85.728	79.1016	85.6274	79.1016	85.6755	79.1016	85.641
82.0312	86.768	82.0312	86.762	82.0312	86.766	82.0312	86.7476	82.0312	86.7563	82.0312	86.7247	82.0312	86.7393	82.0312	86.6931	82.0312	86.7152	82.0312	86.6531	82.0312	86.6845	82.0312	86.6047	82.0312	86.6471	82.0312	86.5483	82.0312	86.6031	82.0312	86.4846	82.0312	86.5523	82.0312	86.4144	82.0312	86.4945	82.0312	86.3389	82.0312	86.4299	82.0312	86.2601	82.0312	86.3591	82.0312	86.1807	82.0312	86.2835	82.0312	86.1044	82.0312	86.2054	82.0312	86.0357	82.0312	86.1283	82.0312	85.9793	82.0312	86.0567	82.0312	85.9399	82.0312	85.9958	82.0312	85.9211	82.0312	85.9504	82.0312	85.9247
84.9609	87.0106	84.9609	86.9994	84.9609	87.0145	84.9609	86.9808	84.9609	87.0111	84.9609	86.9548	84.9609	87.0007	84.9609	86.9216	84.9609	86.9832	84.9609	86.8811	84.9609	86.9585	84.9609	86.8337	84.9609	86.9265	84.9609	86.7795	84.9609	86.887	84.9609	86.719	84.9609	86.8396	84.9609	86.6527	84.9609	86.7841	84.9609	86.5817	84.9609	86.7206	84.9609	86.5076	84.9609	86.6497	84.9609	86.4329	84.9609	86.5729	84.9609	86.361	84.9609	86.4929	84.9609	86.2963	84.9609	86.4133	84.9609	86.2436	84.9609	86.339	84.9609	86.2075	84.9609	86.2751	84.9609	86.1917	84.9609	86.2269	84.9609	86.1983
87.8906	87.1993	87.8906	87.1922	87.8906	87.1977	87.8906	87.1761	87.8906	87.1877	87.8906	87.1514	87.8906	87.1704	87.8906	87.1186	87.8906	87.1466	87.8906	87.0786	87.8906	87.1174	87.8906	87.0324	87.8906	87.0838	87.8906	86.9813	87.8906	87.0466	87.8906	86.9261	87.8906	87.0063	87.8906	86.8682	87.8906	86.9629	87.8906	86.8086	87.8906	86.9162	87.8906	86.7489	87.8906	86.8663	87.8906	86.6909	87.8906	86.8132	87.8906	86.6372	87.8906	86.7579	87.8906	86.5908	87.8906	86.702	87.8906	86.5551	87.8906	86.6484	87.8906	86.533	87.8906	86.6005	87.8906	86.5266	87.8906	86.5621	87.8906	86.5366
90.8203	87.6123	90.8203	87.6077	90.8203	87.6042	90.8203	87.5903	90.8203	87.5835	90.8203	87.5604	90.8203	87.5507	90.8203	87.5184	90.8203	87.5066	90.8203	87.4649	90.8203	87.4519	90.8203	87.4008	90.8203	87.3875	90.8203	87.327	90.8203	87.3146	90.8203	87.2446	90.8203	87.2341	90.8203	87.1546	90.8203	87.1472	90.8203	87.0588	90.8203	87.0555	90.8203	86.9591	90.8203	86.9605	90.8203	86.8587	90.8203	86.8647	90.8203	86.7613	90.8203	86.7712	90.8203	86.6718	90.8203	86.6841	90.8203	86.5955	90.8203	86.608	90.8203	86.5376	90.8203	86.5478	90.8203	86.5023	90.8203	86.5081	90.8203	86.4923
95.2148	87.834	95.2148	87.8271	95.2148	87.8285	95.2148	87.8075	95.2148	87.8112	95.2148	87.7757	95.2148	87.783	95.2148	87.7322	95.2148	87.745	95.2148	87.6784	95.2148	87.6987	95.2148	87.6156	95.2148	87.6455	95.2148	87.5455	95.2148	87.5865	95.2148	87.4698	95.2148	87.5229	95.2148	87.3902	95.2148	87.4554	95.2148	87.3087	95.2148	87.3849	95.2148	87.2274	95.2148	87.312	95.2148	87.1487	95.2148	87.238	95.2148	87.0756	95.2148	87.1645	95.2148	87.0117	95.2148	87.0941	95.2148	86.9606	95.2148	87.03	95.2148	86.9257	95.2148	86.9761	95.2148	86.9095	95.2148	86.936	95.2148	86.9131
98.1445	88.0255	98.1445	88.0254	98.1445	88.0113	98.1445	88.0107	98.1445	87.9834	98.1445	87.9815	98.1445	87.9431	98.1445	87.9385	98.1445	87.8918	98.1445	87.883	98.1445	87.8314	98.1445	87.8163	98.1445	87.7636	98.1445	87.7402	98.1445	87.6902	98.1445	87.6566	98.1445	87.6128	98.1445	87.5675	98.1445	87.5329	98.1445	87.475	98.1445	87.4516	98.1445	87.3816	98.1445	87.3702	98.1445	87.2902	98.1445	87.2902	98.1445	87.2041	98.1445	87.2134	98.1445	87.1272	98.1445	87.1424	98.1445	87.0636	98.1445	87.0804	98.1445	87.0167	98.1445	87.031	98.1445	86.9895	98.1445	86.9976	98.1445	86.9832
101.074	88.1192	101.074	88.112	101.074	88.1092	101.074	88.0881	101.074	88.0825	101.074	88.0483	101.074	88.0398	101.074	87.9943	101.074	87.9829	101.074	87.9279	101.074	87.9137	101.074	87.8512	101.074	87.8346	101.074	87.7666	101.074	87.7483	101.074	87.6762	101.074	87.6573	101.074	87.5821	101.074	87.564	101.074	87.4865	101.074	87.4705	101.074	87.3913	101.074	87.3789	101.074	87.299	101.074	87.2911	101.074	87.2126	101.074	87.2092	101.074	87.1354	101.074	87.1358	101.074	87.0709	101.074	87.0737	101.074	87.0225	101.074	87.0259	101.074	86.993	101.074	86.9951	101.074	86.9838
105.469	88.3934	105.469	88.3619	105.469	88.4015	105.469	88.3078	105.469	88.3865	105.469	88.2328	105.469	88.3497	105.469	88.1395	105.469	88.2929	105.469	88.0314	105.469	88.2189	105.469	87.9125	105.469	88.1304	105.469	87.7872	105.469	88.0308	105.469	87.6597	105.469	87.9231	105.469	87.5342	105.469	87.8103	105.469	87.4143	105.469	87.6949	105.469	87.3031	105.469	87.5794	105.469	87.2035	105.469	87.4662	105.469	87.1184	105.469	87.3577	105.469	87.0504	105.469	87.2567	105.469	87.0019	105.469	87.1661	105.469	86.9749	105.469	87.0892	105.469	86.9706	105.469	87.0293	105.469	86.989
108.398	88.5216	108.398	88.4939	108.398	88.523	108.398	88.4402	108.398	88.4989	108.398	88.362	108.398	88.4509	108.398	88.2617	108.398	88.3815	108.398	88.1429	108.398	88.2938	108.398	88.0099	108.398	88.1916	108.398	87.8675	108.398	88.0785	108.398	87.7209	108.398	87.9582	108.398	87.5752	108.398	87.8341	108.398	87.4351	108.398	87.709	108.398	87.3053	108.398	87.5854	108.398	87.1897	108.398	87.4652	108.398	87.0921	108.398	87.3507	108.398	87.0157	108.398	87.2442	108.398	86.9628	108.398	87.1483	108.398	86.9351	108.398	87.066	108.398	86.9329	108.398	87.0007	108.398	86.9554
112.793	88.5825	112.793	88.5611	112.793	88.5768	112.793	88.5131	112.793	88.5443	112.793	88.4401	112.793	88.4865	112.793	88.3444	112.793	88.4056	112.793	88.2292	112.793	88.3047	112.793	88.0983	112.793	88.1877	112.793	87.9563	112.793	88.0587	112.793	87.8075	112.793	87.9223	112.793	87.6569	112.793	87.7826	112.793	87.509	112.793	87.6435	112.793	87.3685	112.793	87.5086	112.793	87.2398	112.793	87.3808	112.793	87.1271	112.793	87.2627	112.793	87.0342	112.793	87.1569	112.793	86.9643	112.793	87.0659	112.793	86.9194	112.793	86.9922	112.793	86.9005	112.793	86.9386	112.793	86.9073
117.188	88.505	117.188	88.4776	117.188	88.5046	117.188	88.4233	117.188	88.4762	117.188	88.344	117.188	88.4211	117.188	88.2425	117.188	88.3413	117.188	88.1223	117.188	88.2396	117.188	87.9876	117.188	88.1201	117.188	87.8427	117.188	87.987	117.188	87.6921	117.188	87.8448	117.188	87.5402	117.188	87.6981	117.188	87.3912	117.188	87.5511	117.188	87.2494	117.188	87.4075	117.188	87.1188	117.188	87.2708	117.188	87.0034	117.188	87.144	117.188	86.9071	117.188	87.0303	117.188	86.8333	117.188	86.9328	117.188	86.7845	117.188	86.8547	117.188	86.7625	117.188	86.7988	117.188	86.7675
120.117	88.5182	120.117	88.49	120.117	88.5163	120.117	88.4326	120.117	88.4842	120.117	88.3485	120.117	88.4233	120.117	88.2413	120.117	88.3363	120.117	88.1151	120.117	88.227	120.117	87.975	120.117	88.1	120.117	87.8261	120.117	87.9607	120.117	87.6734	120.117	87.8145	120.117	87.5216	120.117	87.6664	120.117	87.375	120.117	87.521	120.117	87.2374	120.117	87.3819	120.117	87.1123	120.117	87.252	120.117	87.0032	120.117	87.1334	120.117	86.9131	120.117	87.0283	120.117	86.8448	120.117	86.9388	120.117	86.8003	120.117	86.867	120.117	86.7807	120.117	86.8154	120.117	86.7861
124.512	88.5719	124.512	88.5225	124.512	88.5901	124.512	88.4433	124.512	88.5776	124.512	88.3371	124.512	88.5358	124.512	88.2084	124.512	88.4679	124.512	88.0627	124.512	88.3779	124.512	87.9066	124.512	88.2705	124.512	87.7469	124.512	88.1509	124.512	87.5904	124.512	88.0242	124.512	87.4432	124.512	87.8951	124.512	87.3103	124.512	87.7674	124.512	87.1956	124.512	87.6438	124.512	87.1019	124.512	87.5263	124.512	87.0309	124.512	87.4162	124.512	86.9835	124.512	87.3145	124.512	86.9595	124.512	87.2221	124.512	86.9581	124.512	87.1404	124.512	86.9776	124.512	87.071	124.512	87.016
128.906	88.3836	128.906	88.3341	128.906	88.4022	128.906	88.2542	128.906	88.3911	128.906	88.1458	128.906	88.3528	128.906	88.0127	128.906	88.291	128.906	87.8604	128.906	88.2102	128.906	87.6958	128.906	88.1155	128.906	87.5266	128.906	88.012	128.906	87.3611	128.906	87.9045	128.906	87.2074	128.906	87.7968	128.906	87.0724	128.906	87.6916	128.906	86.962	128.906	87.5898	128.906	86.8799	128.906	87.4916	128.906	86.8282	128.906	87.3964	128.906	86.8065	128.906	87.3033	128.906	86.813	128.906	87.2121	128.906	86.844	128.906	87.1234	128.906	86.8951	128.906	87.039	128.906	86.9616
133.301	88.3429	133.301	88.308	133.301	88.3452	133.301	88.2401	133.301	88.3166	133.301	88.1404	133.301	88.2602	133.301	88.0118	133.301	88.1802	133.301	87.8586	133.301	88.0817	133.301	87.687	133.301	87.9707	133.301	87.5043	133.301	87.8531	133.301	87.3192	133.301	87.7348	133.301	87.1408	133.301	87.6204	133.301	86.9784	133.301	87.5129	133.301	86.8406	133.301	87.4134	133.301	86.7345	133.301	87.3208	133.301	86.6649	133.301	87.233	133.301	86.6331	133.301	87.1474	133.301	86.6372	133.301	87.0616	133.301	86.6721	133.301	86.9749	133.301	86.7306	133.301	86.8883	133.301	86.805
139.16	88.0049	139.16	88.0255	139.16	87.9528	139.16	88.0143	139.16	87.8708	139.16	87.9719	139.16	87.7618	139.16	87.9003	139.16	87.6298	139.16	87.8025	139.16	87.4803	139.16	87.6824	139.16	87.3198	139.16	87.5448	139.16	87.156	139.16	87.3947	139.16	86.9969	139.16	87.2375	139.16	86.85	139.16	87.0791	139.16	86.7213	139.16	86.9254	139.16	86.6146	139.16	86.7827	139.16	86.5306	139.16	86.6566	139.16	86.4677	139.16	86.552	139.16	86.4225	139.16	86.4715	139.16	86.3916	139.16	86.4151	139.16	86.372	139.16	86.3808	139.16	86.3626	139.16	86.3646
143.555	87.5365	143.555	87.5221	143.555	87.5206	143.555	87.4792	143.555	87.4744	143.555	87.4105	143.555	87.3992	143.555	87.3202	143.555	87.2977	143.555	87.2133	143.555	87.1742	143.555	87.0952	143.555	87.0345	143.555	86.9714	143.555	86.8854	143.555	86.8468	143.555	86.7346	143.555	86.7253	143.555	86.5897	143.555	86.6101	143.555	86.4575	143.555	86.5033	143.555	86.3434	143.555	86.4068	143.555	86.2503	143.555	86.3219	143.555	86.1792	143.555	86.2496	143.555	86.1289	143.555	86.1906	143.555	86.0973	143.555	86.1446	143.555	86.0816	143.555	86.1111	143.555	86.0795	143.555	86.0895
147.949	87.5252	147.949	87.4836	147.949	87.5243	147.949	87.4009	147.949	87.4817	147.949	87.2808	147.949	87.4003	147.949	87.1292	147.949	87.2851	147.949	86.9543	147.949	87.1428	147.949	86.766	147.949	86.9818	147.949	86.5747	147.949	86.8113	147.949	86.3907	147.949	86.6408	147.949	86.223	147.949	86.479	147.949	86.0783	147.949	86.3326	147.949	85.9606	147.949	86.2059	147.949	85.8714	147.949	86.1003	147.949	85.8098	147.949	86.015	147.949	85.7728	147.949	85.9472	147.949	85.7567	147.949	85.8936	147.949	85.7566	147.949	85.851	147.949	85.7685	147.949	85.8166	147.949	85.7891
153.809	87.5482	153.809	87.5206	153.809	87.5253	153.809	87.4429	153.809	87.4528	153.809	87.318	153.809	87.3341	153.809	87.1503	153.809	87.1743	153.809	86.9469	153.809	86.981	153.809	86.7164	153.809	86.7639	153.809	86.4698	153.809	86.5344	153.809	86.2193	153.809	86.3051	153.809	85.9775	153.809	86.0881	153.809	85.7568	153.809	85.8932	153.809	85.5677	153.809	85.7273	153.809	85.4174	153.809	85.5927	153.809	85.309	153.809	85.4881	153.809	85.241	153.809	85.409	153.809	85.2078	153.809	85.3495	153.809	85.2014	153.809	85.3036	153.809	85.2132	153.809	85.2667	153.809	85.2363
159.668	87.0008	159.668	86.9608	159.668	86.9866	159.668	86.8687	159.668	86.9183	159.668	86.7297	159.668	86.7991	159.668	86.5511	159.668	86.6347	159.668	86.3428	159.668	86.4341	159.668	86.1167	159.668	86.2089	159.668	85.8855	159.668	85.973	159.668	85.6624	159.668	85.7412	159.668	85.4591	159.668	85.5275	159.668	85.285	159.668	85.3431	159.668	85.1458	159.668	85.1949	159.668	85.0434	159.668	85.0844	159.668	84.9754	159.668	85.0088	159.668	84.9363	159.668	84.962	159.668	84.9184	159.668	84.9364	159.668	84.9133	159.668	84.9243	159.668	84.9141	159.668	84.9192	159.668	84.9165
165.527	87.3047	165.527	87.2737	165.527	87.2687	165.527	87.1783	165.527	87.1655	165.527	87.0229	165.527	86.9968	165.527	86.8136	165.527	86.7677	165.527	86.5586	165.527	86.4865	165.527	86.2681	165.527	86.1661	165.527	85.9541	165.527	85.8238	165.527	85.6306	165.527	85.4808	165.527	85.3133	165.527	85.1601	165.527	85.0188	165.527	84.8828	165.527	84.7632	165.527	84.6634	165.527	84.5592	165.527	84.5073	165.527	84.414	165.527	84.4095	165.527	84.3264	165.527	84.3575	165.527	84.2872	165.527	84.3352	165.527	84.2815	165.527	84.3267	165.527	84.2932	165.527	84.3199	165.527	84.3085
171.387	86.9514	171.387	86.912	171.387	86.9334	171.387	86.8205	171.387	86.8545	171.387	86.6836	171.387	86.7131	171.387	86.5096	171.387	86.5096	171.387	86.3072	171.387	86.2475	171.387	86.0856	171.387	85.9334	171.387	85.8529	171.387	85.5782	171.387	85.6158	171.387	85.1973	171.387	85.379	171.387	84.8101	171.387	85.1457	171.387	84.4388	171.387	84.9174	171.387	84.1056	171.387	84.6955	171.387	83.8291	171.387	84.4809	171.387	83.6219	171.387	84.2751	171.387	83.4893	171.387	84.0802	171.387	83.4291	171.387	83.8992	171.387	83.4342	171.387	83.7365	171.387	83.4945	171.387	83.5987
177.246	85.7644	177.246	85.6002	177.246	85.8819	177.246	85.3943	177.246	85.9502	177.246	85.155	177.246	85.9695	177.246	84.8935	177.246	85.9419	177.246	84.6244	177.246	85.8717	177.246	84.3642	177.246	85.7649	177.246	84.13	177.246	85.6294	177.246	83.9373	177.246	85.4741	177.246	83.797	177.246	85.3085	177.246	83.7135	177.246	85.1415	177.246	83.6847	177.246	84.9808	177.246	83.7025	177.246	84.8314	177.246	83.7555	177.246	84.696	177.246	83.8311	177.246	84.5748	177.246	83.9184	177.246	84.4663	177.246	84.0093	177.246	84.3679	177.246	84.0994	177.246	84.2763	177.246	84.1878
183.105	86.4106	183.105	86.3191	183.105	86.4277	183.105	86.1514	183.105	86.3754	183.105	85.9097	183.105	86.2621	183.105	85.6016	183.105	86.0997	183.105	85.2418	183.105	85.9044	183.105	84.8531	183.105	85.6969	183.105	84.4677	183.105	85.5017	183.105	84.1246	183.105	85.3436	183.105	83.8648	183.105	85.2425	183.105	83.7216	183.105	85.2075	183.105	83.7111	183.105	85.2332	183.105	83.8261	183.105	85.3015	183.105	84.0393	183.105	85.3869	183.105	84.3122	183.105	85.4629	183.105	84.6051	183.105	85.5071	183.105	84.8846	183.105	85.5028	183.105	85.126	183.105	85.4398	183.105	85.3137
188.965	88.1053	188.965	88.0098	188.965	88.113	188.965	87.8249	188.965	88.035	188.965	87.5505	188.965	87.874	188.965	87.1888	188.965	87.6339	188.965	86.7461	188.965	87.3214	188.965	86.2357	188.965	86.9479	188.965	85.6798	188.965	86.5326	188.965	85.1122	188.965	86.104	188.965	84.5787	188.965	85.6989	188.965	84.1325	188.965	85.3568	188.965	83.8229	188.965	85.1082	188.965	83.6798	188.965	84.9631	188.965	83.7003	188.965	84.9062	188.965	83.8501	188.965	84.9041	188.965	84.0766	188.965	84.9166	188.965	84.326	188.965	84.9078	188.965	84.5547	188.965	84.8517	188.965	84.7343
196.289	87.8484	196.289	87.7708	196.289	87.823	196.289	87.5895	196.289	87.6962	196.289	87.3052	196.289	87.4707	196.289	86.921	196.289	87.1502	196.289	86.442	196.289	86.7405	196.289	85.8775	196.289	86.2506	196.289	85.2413	196.289	85.6947	196.289	84.5543	196.289	85.0948	196.289	83.8463	196.289	84.4811	196.289	83.1575	196.289	83.8905	196.289	82.5366	196.289	83.3601	196.289	82.0331	196.289	82.9179	196.289	81.6831	196.289	82.5746	196.289	81.4952	196.289	82.3212	196.289	81.4475	196.289	82.1348	196.289	81.4983	196.289	81.9878	196.289	81.6031	196.289	81.8568	196.289	81.7283
203.613	87.046	203.613	87.0027	203.613	86.9825	203.613	86.8546	203.613	86.8136	203.613	86.6074	203.613	86.5435	203.613	86.2712	203.613	86.1796	203.613	85.8608	203.613	85.7335	203.613	85.3951	203.613	85.2221	203.613	84.897	203.613	84.6693	203.613	84.3917	203.613	84.1073	203.613	83.9058	203.613	83.5753	203.613	83.4663	203.613	83.1148	203.613	83.0987	203.613	82.7613	203.613	82.8231	203.613	82.5338	203.613	82.6492	203.613	82.4285	203.613	82.5705	203.613	82.4206	203.613	82.5638	203.613	82.4728	203.613	82.5946	203.613	82.5458	203.613	82.6276	203.613	82.6069	203.613	82.6357
210.938	86.8768	210.938	86.7867	210.938	86.8783	210.938	86.611	210.938	86.7895	210.938	86.3544	210.938	86.6096	210.938	86.0234	210.938	86.3393	210.938	85.6274	210.938	85.9806	210.938	85.1789	210.938	85.539	210.938	84.6951	210.938	85.0257	210.938	84.1988	210.938	84.4601	210.938	83.7191	210.938	83.8739	210.938	83.2902	210.938	83.3111	210.938	82.9458	210.938	82.8244	210.938	82.7096	210.938	82.4625	210.938	82.5851	210.938	82.2533	210.938	82.5515	210.938	82.1912	210.938	82.5705	210.938	82.2402	210.938	82.5987	210.938	82.3486	210.938	82.6007	210.938	82.4665	210.938	82.5569
218.262	86.9181	218.262	86.7888	218.262	86.9644	218.262	86.5803	218.262	86.9252	218.262	86.2975	218.262	86.7998	218.262	85.9459	218.262	86.5892	218.262	85.5319	218.262	86.2964	218.262	85.0627	218.262	85.9269	218.262	84.5486	218.262	85.4899	218.262	84.0053	218.262	84.9992	218.262	83.457	218.262	84.4749	218.262	82.9392	218.262	83.9439	218.262	82.4959	218.262	83.4392	218.262	82.1698	218.262	82.9955	218.262	81.9836	218.262	82.6423	218.262	81.9272	218.262	82.3953	218.262	81.9602	218.262	82.2501	218.262	82.0304	218.262	82.1826	218.262	82.0957	218.262	82.1567	218.262	82.1362
225.586	86.8482	225.586	86.7675	225.586	86.8435	225.586	86.605	225.586	86.7518	225.586	86.366	225.586	86.5746	225.586	86.0569	225.586	86.3168	225.586	85.6851	225.586	85.9876	225.586	85.259	225.586	85.6016	225.586	84.79	225.586	85.1798	225.586	84.2944	225.586	84.7494	225.586	83.7969	225.586	84.3415	225.586	83.3322	225.586	83.9856	225.586	82.9435	225.586	83.703	225.586	82.6728	225.586	83.5009	225.586	82.5443	225.586	83.3718	225.586	82.5509	225.586	83.2976	225.586	82.6554	225.586	83.2544	225.586	82.8064	225.586	83.2177	225.586	82.9578	225.586	83.1653	225.586	83.0806
232.91	87.1216	232.91	87.0969	232.91	87.0584	232.91	86.9875	232.91	86.9049	232.91	86.7974	232.91	86.6598	232.91	86.5311	232.91	86.3224	232.91	86.1932	232.91	85.8944	232.91	85.789	232.91	85.3818	232.91	85.325	232.91	84.7992	232.91	84.8115	232.91	84.1746	232.91	84.2661	232.91	83.5533	232.91	83.7185	232.91	82.9963	232.91	83.212	232.91	82.5662	232.91	82.7984	232.91	82.3042	232.91	82.5212	232.91	82.2104	232.91	82.3939	232.91	82.2446	232.91	82.3896	232.91	82.3467	232.91	82.4531	232.91	82.4586	232.91	82.5247	232.91	82.5375	232.91	82.5601
241.699	86.7713	241.699	86.6485	241.699	86.8031	241.699	86.4395	241.699	86.7413	241.699	86.1521	241.699	86.5844	241.699	85.7976	241.699	86.3318	241.699	85.391	241.699	85.9839	241.699	84.9499	241.699	85.5436	241.699	84.4936	241.699	85.0191	241.699	84.0422	241.699	84.4265	241.699	83.6161	241.699	83.7935	241.699	83.2353	241.699	83.1601	241.699	82.9175	241.699	82.577	241.699	82.6738	241.699	82.0971	241.699	82.5032	241.699	81.7626	241.699	82.3898	241.699	81.5912	241.699	82.3058	241.699	81.5694	241.699	82.2203	241.699	81.6579	241.699	82.1102	241.699	81.8064	241.699	81.968
250.488	86.7225	250.488	86.5853	250.488	86.7553	250.488	86.3404	250.488	86.6907	250.488	85.9883	250.488	86.5378	250.488	85.5349	250.488	86.3069	250.488	84.9923	250.488	86.0089	250.488	84.3801	250.488	85.6559	250.488	83.7278	250.488	85.2618	250.488	83.0765	250.488	84.8438	250.488	82.4795	250.488	84.4223	250.488	81.9981	250.488	84.0186	250.488	81.6863	250.488	83.6517	250.488	81.5683	250.488	83.335	250.488	81.6235	250.488	83.0754	250.488	81.793	250.488	82.8745	250.488	82.0061	250.488	82.7286	250.488	82.2058	250.488	82.627	250.488	82.3617	250.488	82.55	250.488	82.4707
259.277	87.1437	259.277	87.0087	259.277	87.129	259.277	86.7244	259.277	86.9669	259.277	86.2939	259.277	86.6618	259.277	85.725	259.277	86.2219	259.277	85.0322	259.277	85.6635	259.277	84.2402	259.277	85.0187	259.277	83.3892	259.277	84.3459	259.277	82.5415	259.277	83.7353	259.277	81.7869	259.277	83.2941	259.277	81.2351	259.277	83.0997	259.277	80.9816	259.277	83.1497	259.277	81.0561	259.277	83.3632	259.277	81.4006	259.277	83.6316	259.277	81.9031	259.277	83.8659	259.277	82.4527	259.277	84.0113	259.277	82.9692	259.277	84.0422	259.277	83.4051	259.277	83.9502	259.277	83.736
268.066	88.3816	268.066	88.2229	268.066	88.4061	268.066	87.9314	268.066	88.2955	268.066	87.5094	268.066	88.0483	268.066	86.9592	268.066	87.661	268.066	86.2826	268.066	87.1271	268.066	85.4813	268.066	86.4392	268.066	84.5591	268.066	85.5949	268.066	83.5305	268.066	84.6103	268.066	82.4408	268.066	83.5453	268.066	81.4022	268.066	82.535	268.066	80.6242	268.066	81.7946	268.066	80.3479	268.066	81.52	268.066	80.6418	268.066	81.7175	268.066	81.3103	268.066	82.1947	268.066	82.0733	268.066	82.7243	268.066	82.733	268.066	83.1516	268.066	83.1915	268.066	83.3944	268.066	83.4131
276.855	87.755	276.855	87.5908	276.855	87.7778	276.855	87.2883	276.855	87.6594	276.855	86.8537	276.855	87.4015	276.855	86.295	276.855	87.0059	276.855	85.6202	276.855	86.4724	276.855	84.8353	276.855	85.8001	276.855	83.9434	276.855	84.9916	276.855	82.9487	276.855	84.0622	276.855	81.8682	276.855	83.0546	276.855	80.7591	276.855	82.0571	276.855	79.7612	276.855	81.2113	276.855	79.1095	276.855	80.6733	276.855	79.0095	276.855	80.5188	276.855	79.4237	276.855	80.6792	276.855	80.0882	276.855	80.9922	276.855	80.7367	276.855	81.2965	276.855	81.2141	276.855	81.4766	276.855	81.4611
287.109	87.4598	287.109	87.2515	287.109	87.5351	287.109	86.9192	287.109	87.4719	287.109	86.4757	287.109	87.2671	287.109	85.9354	287.109	86.9175	287.109	85.3112	287.109	86.4178	287.109	84.6116	287.109	85.7619	287.109	83.8391	287.109	84.9478	287.109	82.9918	287.109	83.9884	287.109	82.0731	287.109	82.9302	287.109	81.1148	287.109	81.8768	287.109	80.2164	287.109	80.9999	287.109	79.5729	287.109	80.4884	287.109	79.4023	287.109	80.4231	287.109	79.7428	287.109	80.7038	287.109	80.3818	287.109	81.1319	287.109	81.0414	287.109	81.5274	287.109	81.5352	287.109	81.768	287.109	81.7814
297.363	86.224	297.363	86.1752	297.363	86.1923	297.363	86.0461	297.363	86.0779	297.363	85.8347	297.363	85.8763	297.363	85.5377	297.363	85.582	297.363	85.1512	297.363	85.1897	297.363	84.6724	297.363	84.6972	297.363	84.1038	297.363	84.1105	297.363	83.4602	297.363	83.4513	297.363	82.7809	297.363	82.7673	297.363	82.1446	297.363	82.1402	297.363	81.668	297.363	81.6784	297.363	81.4633	297.363	81.4772	297.363	81.5617	297.363	81.5596	297.363	81.8807	297.363	81.8548	297.363	82.2809	297.363	82.24	297.363	82.638	297.363	82.5988	297.363	82.8728	297.363	82.8495	297.363	82.9463
307.617	87.14	307.617	87.0449	307.617	87.1521	307.617	86.8658	307.617	87.0787	307.617	86.5977	307.617	86.9145	307.617	86.2316	307.617	86.6517	307.617	85.756	307.617	86.2813	307.617	85.1612	307.617	85.7937	307.617	84.447	307.617	85.1828	307.617	83.6343	307.617	84.4519	307.617	82.7803	307.617	83.6245	307.617	81.9901	307.617	82.7598	307.617	81.4017	307.617	81.9646	307.617	81.1229	307.617	81.3777	307.617	81.1547	307.617	81.1049	307.617	81.3896	307.617	81.1421	307.617	81.6868	307.617	81.379	307.617	81.9356	307.617	81.6766	307.617	82.0718	307.617	81.9275	307.617	82.0686
319.336	86.8656	319.336	86.8138	319.336	86.8541	319.336	86.6958	319.336	86.7796	319.336	86.5053	319.336	86.6386	319.336	86.2332	319.336	86.4237	319.336	85.8678	319.336	86.1234	319.336	85.397	319.336	85.723	319.336	84.8136	319.336	85.2084	319.336	84.126	319.336	84.573	319.336	83.3754	319.336	83.8305	319.336	82.6567	319.336	83.0359	319.336	82.1184	319.336	82.3054	319.336	81.9021	319.336	81.8068	319.336	82.0352	319.336	81.6756	319.336	82.3999	319.336	81.902	319.336	82.8235	319.336	82.3354	319.336	83.1689	319.336	82.797	319.336	83.3573	319.336	83.1596	319.336	83.3552
329.59	86.798	329.59	86.7381	329.59	86.7906	329.59	86.6078	329.59	86.7164	329.59	86.4006	329.59	86.5741	329.59	86.1055	329.59	86.3603	329.59	85.7062	329.59	86.0702	329.59	85.1831	329.59	85.6969	329.59	84.5176	329.59	85.2333	329.59	83.7035	329.59	84.675	329.59	82.7697	329.59	84.0291	329.59	81.817	329.59	83.3276	329.59	81.0481	329.59	82.6458	329.59	80.7063	329.59	82.1068	329.59	80.8769	329.59	81.8389	329.59	81.3905	329.59	81.8857	329.59	81.988	329.59	82.1594	329.59	82.485	329.59	82.5024	329.59	82.7932	329.59	82.7744	329.59	82.8862
341.309	87.1818	341.309	87.1343	341.309	87.1696	341.309	87.0268	341.309	87.0941	341.309	86.854	341.309	86.9482	341.309	86.6051	341.309	86.7218	341.309	86.2635	341.309	86.4019	341.309	85.809	341.309	85.9747	341.309	85.2221	341.309	85.4288	341.309	84.4929	341.309	84.763	341.309	83.637	341.309	83.9995	341.309	82.7219	341.309	83.2018	341.309	81.8959	341.309	82.4885	341.309	81.3718	341.309	82.0114	341.309	81.2979	341.309	81.8721	341.309	81.6145	341.309	82.0391	341.309	82.1074	341.309	82.3712	341.309	82.5735	341.309	82.7125	341.309	82.8938	341.309	82.9506	341.309	83.0206
353.027	87.5625	353.027	87.5	353.027	87.5501	353.027	87.3631	353.027	87.4603	353.027	87.1498	353.027	87.2879	353.027	86.8557	353.027	87.024	353.027	86.4733	353.027	86.6558	353.027	85.9919	353.027	86.1676	353.027	85.4001	353.027	85.5429	353.027	84.6909	353.027	84.7715	353.027	83.8741	353.027	83.8628	353.027	82.9996	353.027	82.8703	353.027	82.1866	353.027	81.9278	353.027	81.6244	353.027	81.2573	353.027	81.477	353.027	81.0641	353.027	81.7317	353.027	81.3474	353.027	82.1966	353.027	81.8898	353.027	82.6526	353.027	82.4437	353.027	82.9525	353.027	82.8474	353.027	83.0242
366.211	87.7379	366.211	87.6735	366.211	87.7473	366.211	87.5558	366.211	87.6977	366.211	87.3831	366.211	87.5833	366.211	87.1471	366.211	87.3948	366.211	86.8314	366.211	87.1181	366.211	86.4119	366.211	86.7334	366.211	85.8614	366.211	86.2166	366.211	85.1584	366.211	85.5448	366.211	84.3058	366.211	84.7073	366.211	83.3594	366.211	83.7267	366.211	82.4644	366.211	82.6961	366.211	81.8509	366.211	81.8145	366.211	81.7006	366.211	81.3428	366.211	81.97	366.211	81.4047	366.211	82.429	366.211	81.8497	366.211	82.8492	366.211	82.4031	366.211	83.0923	366.211	82.8551	366.211	83.0975
379.395	87.1844	379.395	87.1186	379.395	87.1806	379.395	86.982	379.395	87.1114	379.395	86.7748	379.395	86.9833	379.395	86.4945	379.395	86.802	379.395	86.1325	379.395	86.5665	379.395	85.672	379.395	86.2645	379.395	85.0888	379.395	85.8702	379.395	84.3579	379.395	85.3488	379.395	83.4696	379.395	84.668	379.395	82.4596	379.395	83.818	379.395	81.4577	379.395	82.8464	379.395	80.7194	379.395	81.907	379.395	80.5136	379.395	81.269	379.395	80.8584	379.395	81.1562	379.395	81.4851	379.395	81.5058	379.395	82.093	379.395	82.0247	379.395	82.4977	379.395	82.4444	379.395	82.619
392.578	87.649	392.578	87.5883	392.578	87.6369	392.578	87.4539	392.578	87.5523	392.578	87.2433	392.578	87.395	392.578	86.9495	392.578	87.1618	392.578	86.558	392.578	86.8443	392.578	86.0448	392.578	86.4258	392.578	85.3774	392.578	85.8821	392.578	84.5218	392.578	85.1853	392.578	83.4592	392.578	84.3144	392.578	82.2234	392.578	83.2769	392.578	80.9739	392.578	82.1498	392.578	80.0607	392.578	81.1352	392.578	79.8559	392.578	80.5434	392.578	80.3299	392.578	80.5631	392.578	81.0789	392.578	81.036	392.578	81.7479	392.578	81.6264	392.578	82.1659	392.578	82.0817	392.578	82.277
405.762	87.4372	405.762	87.413	405.762	87.4041	405.762	87.329	405.762	87.3177	405.762	87.1818	405.762	87.1821	405.762	86.9645	405.762	86.9976	405.762	86.6626	405.762	86.7551	405.762	86.254	405.762	86.433	405.762	85.7102	405.762	85.9986	405.762	85.0026	405.762	85.4143	405.762	84.1146	405.762	84.6504	405.762	83.0675	405.762	83.7058	405.762	81.9664	405.762	82.6421	405.762	81.047	405.762	81.63	405.762	80.6056	405.762	80.9427	405.762	80.7333	405.762	80.7833	405.762	81.1994	405.762	81.0717	405.762	81.6931	405.762	81.5302	405.762	82.0181	405.762	81.9153	405.762	82.0947
420.41	87.508	420.41	87.4636	420.41	87.497	420.41	87.3702	420.41	87.4237	420.41	87.2301	420.41	87.2813	420.41	87.0374	420.41	87.0613	420.41	86.775	420.41	86.7504	420.41	86.4138	420.41	86.3263	420.41	85.916	420.41	85.7566	420.41	85.2434	420.41	85.0023	420.41	84.3715	420.41	84.0305	420.41	83.317	420.41	82.845	420.41	82.1902	420.41	81.5523	420.41	81.2521	420.41	80.4578	420.41	80.8422	420.41	80.0111	420.41	81.0631	420.41	80.3603	420.41	81.6437	420.41	81.141	420.41	82.2338	420.41	81.9211	420.41	82.6192	420.41	82.4705	420.41	82.7077
435.059	87.8104	435.059	87.682	435.059	87.8839	435.059	87.5012	435.059	87.904	435.059	87.274	435.059	87.8729	435.059	87.0058	435.059	87.7889	435.059	86.6935	435.059	87.6403	435.059	86.3156	435.059	87.4032	435.059	85.825	435.059	87.0411	435.059	85.1533	435.059	86.5082	435.059	84.2289	435.059	85.7551	435.059	83.0203	435.059	84.7399	435.059	81.6311	435.059	83.4571	435.059	80.461	435.059	82.0158	435.059	80.1215	435.059	80.7803	435.059	80.6982	435.059	80.3223	435.059	81.6074	435.059	80.7804	435.059	82.3578	435.059	81.6286	435.059	82.757	435.059	82.3605	435.059	82.7569
451.172	87.9089	451.172	87.9073	451.172	87.8588	451.172	87.8558	451.172	87.7614	451.172	87.7558	451.172	87.6278	451.172	87.6	451.172	87.4714	451.172	87.3667	451.172	87.2977	451.172	87.0199	451.172	87.0941	451.172	86.5164	451.172	86.8237	451.172	85.813	451.172	86.428	451.172	84.8768	451.172	85.8401	451.172	83.7031	451.172	85.0057	451.172	82.3637	451.172	83.9157	451.172	81.1039	451.172	82.6666	451.172	80.3766	451.172	81.5473	451.172	80.4822	451.172	80.99	451.172	81.1489	451.172	81.1596	451.172	81.8795	451.172	81.7225	451.172	82.3659	451.172	82.248	451.172	82.4916
465.82	87.7519	465.82	87.7826	465.82	87.646	465.82	87.7544	465.82	87.4643	465.82	87.6904	465.82	87.2218	465.82	87.6063	465.82	86.9432	465.82	87.493	465.82	86.6484	465.82	87.309	465.82	86.3351	465.82	86.9847	465.82	85.9688	465.82	86.4385	465.82	85.4901	465.82	85.5928	465.82	84.8371	465.82	84.3974	465.82	83.9806	465.82	82.8847	465.82	82.9776	465.82	81.3232	465.82	82.0455	465.82	80.3924	465.82	81.5549	465.82	80.6568	465.82	81.7314	465.82	81.6735	465.82	82.3653	465.82	82.7015	465.82	83.059	465.82	83.3941	465.82	83.5376	465.82	83.6688
483.398	87.5664	483.398	87.3325	483.398	87.6904	483.398	87.0052	483.398	87.7067	483.398	86.6257	483.398	87.6289	483.398	86.2574	483.398	87.4738	483.398	85.9633	483.398	87.2516	483.398	85.7656	483.398	86.9565	483.398	85.6169	483.398	86.5594	483.398	85.4138	483.398	86.0055	483.398	85.0423	483.398	85.2185	483.398	84.4236	483.398	84.1091	483.398	83.5604	483.398	82.5987	483.398	82.5993	483.398	80.714	483.398	81.867	483.398	78.9165	483.398	81.691	483.398	78.4042	483.398	82.0333	483.398	79.52	483.398	82.5284	483.398	81.0335	483.398	82.8343	483.398	82.163	483.398	82.7496
499.512	87.7319	499.512	87.7101	499.512	87.6729	499.512	87.6066	499.512	87.5428	499.512	87.4231	499.512	87.3634	499.512	87.1564	499.512	87.1633	499.512	86.7922	499.512	86.9636	499.512	86.3025	499.512	86.7596	499.512	85.646	499.512	86.5096	499.512	84.7718	499.512	86.1405	499.512	83.6279	499.512	85.566	499.512	82.1833	499.512	84.707	499.512	80.5089	499.512	83.5161	499.512	78.9895	499.512	82.0352	499.512	78.4367	499.512	80.5366	499.512	79.1574	499.512	79.6503	499.512	80.3772	499.512	79.849	499.512	81.392	499.512	80.7072	499.512	81.946	499.512	81.5366	499.512	81.9871
517.09	87.1964	517.09	87.1035	517.09	87.1683	517.09	86.9168	517.09	87.0228	517.09	86.6897	517.09	86.7897	517.09	86.4829	517.09	86.5156	517.09	86.329	517.09	86.2443	517.09	86.2007	517.09	85.9928	517.09	86.0101	517.09	85.7328	517.09	85.6405	517.09	85.3913	517.09	84.9807	517.09	84.8702	517.09	83.9519	517.09	84.0734	517.09	82.5488	517.09	82.9401	517.09	80.9519	517.09	81.5155	517.09	79.7151	517.09	80.1139	517.09	79.5169	517.09	79.4095	517.09	80.2098	517.09	79.7673	517.09	81.0608	517.09	80.6414	517.09	81.6187	517.09	81.3891	517.09	81.736
536.133	87.8553	536.133	87.6906	536.133	87.8394	536.133	87.3584	536.133	87.6466	536.133	86.8947	536.133	87.2988	536.133	86.3644	536.133	86.8424	536.133	85.8529	536.133	86.3496	536.133	85.4259	536.133	85.8939	536.133	85.0726	536.133	85.4957	536.133	84.6863	536.133	85.0815	536.133	84.1068	536.133	84.5053	536.133	83.1827	536.133	83.6115	536.133	81.8398	536.133	82.2953	536.133	80.2357	536.133	80.6034	536.133	79.0766	536.133	79.0089	536.133	79.2745	536.133	78.571	536.133	80.4625	536.133	79.574	536.133	81.6489	536.133	80.9734	536.133	82.3683	536.133	82.0223	536.133	82.4997
555.176	87.884	555.176	87.7715	555.176	87.8406	555.176	87.5086	555.176	87.6594	555.176	87.1272	555.176	87.3777	555.176	86.6799	555.176	87.044	555.176	86.2225	555.176	86.705	555.176	85.7857	555.176	86.3851	555.176	85.3525	555.176	86.0674	555.176	84.8539	555.176	85.6884	555.176	84.1805	555.176	85.1471	555.176	83.2031	555.176	84.3223	555.176	81.8143	555.176	83.0881	555.176	80.0518	555.176	81.3525	555.176	78.44	555.176	79.221	555.176	78.0829	555.176	77.5133	555.176	79.0479	555.176	77.6059	555.176	80.1943	555.176	78.9756	555.176	80.8633	555.176	80.2338	555.176	80.886
574.219	87.1367	574.219	86.9582	574.219	87.1053	574.219	86.6065	574.219	86.8488	574.219	86.1477	574.219	86.3757	574.219	85.6836	574.219	85.7363	574.219	85.3245	574.219	85.0495	574.219	85.1118	574.219	84.4978	574.219	84.9561	574.219	84.2174	574.219	84.6757	574.219	84.1385	574.219	84.0861	574.219	84.0039	574.219	83.051	574.219	83.5428	574.219	81.5058	574.219	82.5867	574.219	79.571	574.219	81.1475	574.219	77.9627	574.219	79.6307	574.219	77.9822	574.219	79.0068	574.219	79.3976	574.219	79.7153	574.219	80.8731	574.219	80.8952	574.219	81.8165	574.219	81.7845	574.219	82.1162
594.727	87.6198	594.727	87.4742	594.727	87.5712	594.727	87.1322	594.727	87.3431	594.727	86.6072	594.727	86.9653	594.727	85.9398	594.727	86.4872	594.727	85.2148	594.727	85.9749	594.727	84.5622	594.727	85.4895	594.727	84.0953	594.727	85.0502	594.727	83.7877	594.727	84.6059	594.727	83.4295	594.727	84.0413	594.727	82.7287	594.727	83.2004	594.727	81.4255	594.727	81.8991	594.727	79.3869	594.727	79.9336	594.727	76.9968	594.727	77.237	594.727	76.0816	594.727	74.956	594.727	77.5007	594.727	75.8242	594.727	79.2247	594.727	78.1418	594.727	80.2537	594.727	79.7689	594.727	80.449
615.234	87.3417	615.234	87.1578	615.234	87.3362	615.234	86.8007	615.234	87.151	615.234	86.319	615.234	86.8158	615.234	85.7949	615.234	86.3728	615.234	85.3214	615.234	85.8687	615.234	84.9443	615.234	85.3536	615.234	84.6116	615.234	84.8759	615.234	84.1883	615.234	84.4506	615.234	83.5118	615.234	84.0048	615.234	82.416	615.234	83.3644	615.234	80.7145	615.234	82.301	615.234	78.2025	615.234	80.5805	615.234	74.9747	615.234	78.0046	615.234	73.138	615.234	74.7588	615.234	74.7837	615.234	73.0942	615.234	76.8143	615.234	74.7967	615.234	77.8527	615.234	76.7983	615.234	77.8416
637.207	86.7459	637.207	86.5971	637.207	86.7059	637.207	86.2573	637.207	86.4777	637.207	85.7327	637.207	86.059	637.207	85.0617	637.207	85.4566	637.207	84.3443	637.207	84.715	637.207	83.733	637.207	83.9493	637.207	83.3268	637.207	83.3267	637.207	83.044	637.207	82.9318	637.207	82.658	637.207	82.6364	637.207	81.9383	637.207	82.1725	637.207	80.7194	637.207	81.2966	637.207	78.916	637.207	79.879	637.207	76.6752	637.207	78.0217	637.207	75.0232	637.207	76.4367	637.207	75.5505	637.207	76.3646	637.207	77.2768	637.207	77.5484	637.207	78.6054	637.207	78.6666	637.207	79.0767
659.18	86.9861	659.18	86.8526	659.18	86.9123	659.18	86.5214	659.18	86.6334	659.18	86.0204	659.18	86.1599	659.18	85.3987	659.18	85.5163	659.18	84.7163	659.18	84.7586	659.18	84.0244	659.18	83.9864	659.18	83.3535	659.18	83.3138	659.18	82.71	659.18	82.7841	659.18	82.0404	659.18	82.3011	659.18	81.1702	659.18	81.6548	659.18	79.8058	659.18	80.5859	659.18	77.6311	659.18	78.8073	659.18	74.683	659.18	76.0515	659.18	73.0813	659.18	72.9563	659.18	74.9563	659.18	73.3516	659.18	77.2107	659.18	76.1495	659.18	78.5046	659.18	78.0594	659.18	78.7962
682.617	87.8899	682.617	87.701	682.617	87.8157	682.617	87.2449	682.617	87.4877	682.617	86.5291	682.617	86.9306	682.617	85.6043	682.617	86.1998	682.617	84.6265	682.617	85.3959	682.617	83.8787	682.617	84.666	682.617	83.5781	682.617	84.1517	682.617	83.5759	682.617	83.8676	682.617	83.4582	682.617	83.6316	682.617	82.8446	682.617	83.1481	682.617	81.4431	682.617	82.1183	682.617	78.9687	682.617	80.2691	682.617	75.3929	682.617	77.4212	682.617	73.6061	682.617	74.4492	682.617	76.2579	682.617	74.9422	682.617	78.7612	682.617	77.559	682.617	80.0307	682.617	79.4226	682.617	80.2269
707.52	87.604	707.52	87.4145	707.52	87.5317	707.52	86.9573	707.52	87.1939	707.52	86.2238	707.52	86.5816	707.52	85.2367	707.52	85.6974	707.52	84.1237	707.52	84.5957	707.52	83.192	707.52	83.4585	707.52	82.7818	707.52	82.6445	707.52	82.8527	707.52	82.4564	707.52	82.9675	707.52	82.7142	707.52	82.6761	707.52	82.889	707.52	81.6442	707.52	82.5191	707.52	79.5856	707.52	81.269	707.52	76.3662	707.52	78.7945	707.52	73.6398	707.52	74.7518	707.52	75.1793	707.52	71.6762	707.52	77.6891	707.52	74.803	707.52	79.0236	707.52	77.753	707.52	79.0729
732.422	87.615	732.422	87.3767	732.422	87.6205	732.422	86.9075	732.422	87.3762	732.422	86.1956	732.422	86.8653	732.422	85.2337	732.422	86.0922	732.422	84.0597	732.422	85.0916	732.422	82.834	732.422	83.9356	732.422	81.9132	732.422	82.7922	732.422	81.6476	732.422	81.9927	732.422	81.8734	732.422	81.7826	732.422	81.9792	732.422	81.8667	732.422	81.4005	732.422	81.6252	732.422	79.7159	732.422	80.5294	732.422	76.4969	732.422	78.0676	732.422	71.8211	732.422	73.2805	732.422	71.5574	732.422	66.2707	732.422	75.0726	732.422	71.8204	732.422	77.0286	732.422	75.8672	732.422	77.3212
757.324	86.8018	757.324	86.5443	757.324	86.8456	757.324	86.0662	757.324	86.6844	757.324	85.3573	757.324	86.312	757.324	84.3982	757.324	85.6817	757.324	83.2028	757.324	84.7144	757.324	81.9383	757.324	83.3755	757.324	81.0185	757.324	81.8617	757.324	80.7959	757.324	80.8013	757.324	81.0333	757.324	80.7155	757.324	81.1477	757.324	81.0889	757.324	80.6722	757.324	81.0988	757.324	79.2633	757.324	80.314	757.324	76.5621	757.324	78.5365	757.324	72.3173	757.324	75.6175	757.324	69.427	757.324	71.8271	757.324	71.776	757.324	70.2737	757.324	73.6105	757.324	72.2387	757.324	73.7011
785.156	86.7788	785.156	86.6284	785.156	86.7533	785.156	86.2744	785.156	86.5479	785.156	85.6635	785.156	86.1348	785.156	84.7425	785.156	85.4739	785.156	83.4917	785.156	84.5183	785.156	81.9762	785.156	83.2351	785.156	80.434	785.156	81.6835	785.156	79.3036	785.156	80.1714	785.156	78.8635	785.156	79.2399	785.156	78.7772	785.156	78.9917	785.156	78.419	785.156	78.7852	785.156	77.3116	785.156	77.9613	785.156	75.1253	785.156	76.1309	785.156	71.8841	785.156	73.129	785.156	70.4013	785.156	70.4072	785.156	72.955	785.156	71.9685	785.156	75.1281	785.156	74.5574	785.156	75.6731
811.523	86.0367	811.523	85.8581	811.523	86.0418	811.523	85.5031	811.523	85.845	811.523	84.9342	811.523	85.4031	811.523	84.0944	811.523	84.6885	811.523	82.957	811.523	83.7216	811.523	81.6221	811.523	82.5871	811.523	80.3994	811.523	81.426	811.523	79.6491	811.523	80.4269	811.523	79.3956	811.523	79.8055	811.523	79.3145	811.523	79.635	811.523	78.9769	811.523	79.6182	811.523	77.9031	811.523	79.2184	811.523	75.5559	811.523	77.9115	811.523	71.4469	811.523	75.1616	811.523	68.003	811.523	70.5286	811.523	70.7432	811.523	68.5064	811.523	73.1665	811.523	71.91	811.523	73.5981
840.82	86.1064	840.82	85.8883	840.82	86.0892	840.82	85.4323	840.82	85.8299	840.82	84.7199	840.82	85.3309	840.82	83.7292	840.82	84.6134	840.82	82.446	840.82	83.6874	840.82	80.8696	840.82	82.5006	840.82	79.099	840.82	80.9623	840.82	77.6532	840.82	79.1626	840.82	77.342	840.82	77.7458	840.82	77.7683	840.82	77.4583	840.82	77.7543	840.82	77.7303	840.82	76.6674	840.82	77.5149	840.82	74.2571	840.82	76.236	840.82	70.554	840.82	73.4198	840.82	68.3583	840.82	68.7185	840.82	70.9485	840.82	67.8723	840.82	73.2051	840.82	71.757	840.82	73.5559
870.117	85.0662	870.117	85.062	870.117	84.8432	870.117	84.8528	870.117	84.4256	870.117	84.4825	870.117	83.8741	870.117	83.9286	870.117	83.2179	870.117	83.0677	870.117	82.4211	870.117	81.8203	870.117	81.4267	870.117	80.4272	870.117	80.2754	870.117	79.4973	870.117	79.2523	870.117	79.2768	870.117	78.8153	870.117	79.2594	870.117	78.9735	870.117	78.9014	870.117	79.079	870.117	77.8195	870.117	78.5048	870.117	75.6103	870.117	76.9877	870.117	72.1662	870.117	74.6221	870.117	70.1153	870.117	71.933	870.117	71.6499	870.117	70.3465	870.117	72.7151	870.117	71.0383	870.117	72.3371
900.879	84.749	900.879	84.6149	900.879	84.7826	900.879	84.3922	900.879	84.6529	900.879	84.0039	900.879	84.2957	900.879	83.3032	900.879	83.6897	900.879	82.1615	900.879	82.8623	900.879	80.5672	900.879	81.8236	900.879	78.6932	900.879	80.5195	900.879	76.9482	900.879	78.9866	900.879	75.9676	900.879	77.6311	900.879	75.9119	900.879	76.9628	900.879	75.8676	900.879	76.7117	900.879	74.9041	900.879	76.1586	900.879	72.6236	900.879	74.816	900.879	69.4957	900.879	72.3448	900.879	68.8863	900.879	69.2808	900.879	71.2767	900.879	69.6441	900.879	73.0717	900.879	72.2105	900.879	73.444
933.105	81.9402	933.105	81.6601	933.105	82.1557	933.105	81.4646	933.105	82.1832	933.105	81.3485	933.105	82.0054	933.105	81.1127	933.105	81.6413	933.105	80.5321	933.105	81.0365	933.105	79.5213	933.105	80.1119	933.105	78.2994	933.105	78.955	933.105	77.4389	933.105	77.94	933.105	77.1959	933.105	77.6635	933.105	77.2815	933.105	78.4579	933.105	77.5176	933.105	79.7243	933.105	77.4722	933.105	80.4923	933.105	76.3291	933.105	80.1734	933.105	73.213	933.105	78.4857	933.105	68.6327	933.105	75.0245	933.105	70.3301	933.105	68.6031	933.105	72.6183	933.105	66.4361	933.105	71.5472
965.332	81.8518	965.332	82.0975	965.332	81.5316	965.332	82.2999	965.332	81.1003	965.332	82.3752	965.332	80.5753	965.332	82.1679	965.332	79.9578	965.332	81.5798	965.332	79.1829	965.332	80.6451	965.332	78.1216	965.332	79.5488	965.332	76.5802	965.332	78.6041	965.332	74.5625	965.332	78.1972	965.332	73.5163	965.332	78.4184	965.332	75.1962	965.332	78.635	965.332	77.3465	965.332	78.0575	965.332	78.3559	965.332	76.1998	965.332	77.926	965.332	72.909	965.332	75.9734	965.332	70.36	965.332	72.8874	965.332	72.4987	965.332	72.1501	965.332	74.8638	965.332	74.3949	965.332	75.5388
1,000.49	82.7551	1,000.49	82.0543	1,000.49	83.1326	1,000.49	81.155	1,000.49	83.0969	1,000.49	80.2782	1,000.49	82.595	1,000.49	79.7566	1,000.49	81.6716	1,000.49	79.7347	1,000.49	80.4874	1,000.49	79.7783	1,000.49	79.169	1,000.49	79.218	1,000.49	77.6938	1,000.49	77.8065	1,000.49	76.2058	1,000.49	76.2251	1,000.49	75.5433	1,000.49	75.6501	1,000.49	76.4277	1,000.49	75.6612	1,000.49	77.8817	1,000.49	75.1017	1,000.49	78.7002	1,000.49	73.3895	1,000.49	78.3403	1,000.49	70.9575	1,000.49	76.573	1,000.49	70.9368	1,000.49	73.2352	1,000.49	72.4107	1,000.49	67.9733	1,000.49	72.0409	1,000.49	63.9967	1,000.49	68.9377
1,035.64	83.5544	1,035.64	82.9555	1,035.64	83.745	1,035.64	82.0489	1,035.64	83.5939	1,035.64	81.1153	1,035.64	83.2619	1,035.64	80.3802	1,035.64	82.8635	1,035.64	79.6672	1,035.64	82.3274	1,035.64	78.5092	1,035.64	81.5165	1,035.64	76.5898	1,035.64	80.3848	1,035.64	74.5894	1,035.64	78.8483	1,035.64	74.7667	1,035.64	76.7743	1,035.64	76.8044	1,035.64	75.0709	1,035.64	78.6927	1,035.64	75.8169	1,035.64	79.5926	1,035.64	77.0346	1,035.64	79.0254	1,035.64	76.4484	1,035.64	76.4417	1,035.64	73.0178	1,035.64	71.3007	1,035.64	61.77	1,035.64	69.9672	1,035.64	67.1751	1,035.64	73.9135	1,035.64	73.8119	1,035.64	75.3192
1,072.27	85.2309	1,072.27	85.1173	1,072.27	85.1186	1,072.27	84.7995	1,072.27	84.7291	1,072.27	84.2183	1,072.27	84.0168	1,072.27	83.2613	1,072.27	82.9934	1,072.27	81.9476	1,072.27	81.8531	1,072.27	80.6345	1,072.27	80.9119	1,072.27	79.6354	1,072.27	80.0457	1,072.27	78.6067	1,072.27	78.4661	1,072.27	77.4617	1,072.27	75.3412	1,072.27	77.2855	1,072.27	71.6834	1,072.27	77.973	1,072.27	72.7904	1,072.27	77.8474	1,072.27	74.7291	1,072.27	75.9694	1,072.27	74.8824	1,072.27	71.7716	1,072.27	74.0501	1,072.27	68.0778	1,072.27	74.5476	1,072.27	72.4024	1,072.27	76.5601	1,072.27	75.9155	1,072.27	77.8176	1,072.27	77.6191
1,108.89	84.8539	1,108.89	84.521	1,108.89	84.8726	1,108.89	83.9668	1,108.89	84.5155	1,108.89	83.2434	1,108.89	83.7611	1,108.89	82.3522	1,108.89	82.673	1,108.89	81.4027	1,108.89	81.4622	1,108.89	80.5559	1,108.89	80.3457	1,108.89	79.5352	1,108.89	79.2525	1,108.89	77.7969	1,108.89	77.8214	1,108.89	75.2634	1,108.89	75.726	1,108.89	72.4462	1,108.89	73.1978	1,108.89	70.2079	1,108.89	72.0612	1,108.89	69.1443	1,108.89	73.2594	1,108.89	68.6455	1,108.89	74.1171	1,108.89	69.2525	1,108.89	73.2597	1,108.89	71.9638	1,108.89	70.9586	1,108.89	74.6222	1,108.89	69.7643	1,108.89	75.5238	1,108.89	71.9433	1,108.89	74.468
1,148.44	85.1505	1,148.44	84.9713	1,148.44	84.9586	1,148.44	84.3836	1,148.44	84.3624	1,148.44	83.3023	1,148.44	83.3376	1,148.44	81.7346	1,148.44	81.9661	1,148.44	79.8939	1,148.44	80.4103	1,148.44	77.9017	1,148.44	78.863	1,148.44	75.1881	1,148.44	77.6108	1,148.44	70.5394	1,148.44	76.5596	1,148.44	63.454	1,148.44	75.0674	1,148.44	67.6249	1,148.44	73.543	1,148.44	73.0247	1,148.44	74.038	1,148.44	75.9191	1,148.44	75.1973	1,148.44	76.5883	1,148.44	74.8795	1,148.44	74.6989	1,148.44	72.5245	1,148.44	70.0333	1,148.44	66.994	1,148.44	67.2811	1,148.44	52.015	1,148.44	69.2071	1,148.44	66.027	1,148.44	69.3598
1,189.45	84.934	1,189.45	84.6679	1,189.45	84.6657	1,189.45	83.8463	1,189.45	83.9234	1,189.45	82.4785	1,189.45	82.8576	1,189.45	80.7069	1,189.45	81.6017	1,189.45	78.7649	1,189.45	80.1338	1,189.45	76.4767	1,189.45	78.657	1,189.45	73.488	1,189.45	77.7647	1,189.45	71.6597	1,189.45	77.2179	1,189.45	71.7989	1,189.45	75.9043	1,189.45	71.5902	1,189.45	73.477	1,189.45	71.841	1,189.45	73.1889	1,189.45	72.2369	1,189.45	75.2095	1,189.45	71.1534	1,189.45	75.3419	1,189.45	68.4813	1,189.45	72.6105	1,189.45	69.4203	1,189.45	68.4372	1,189.45	73.1887	1,189.45	72.4277	1,189.45	75.5677	1,189.45	75.7681	1,189.45	76.5182
1,230.47	85.5614	1,230.47	84.951	1,230.47	85.6724	1,230.47	84.0787	1,230.47	85.319	1,230.47	83.2865	1,230.47	84.6493	1,230.47	82.5511	1,230.47	83.6855	1,230.47	81.4616	1,230.47	82.4195	1,230.47	79.9958	1,230.47	81.2113	1,230.47	78.9848	1,230.47	80.552	1,230.47	78.548	1,230.47	79.9768	1,230.47	77.4126	1,230.47	78.6511	1,230.47	75.4747	1,230.47	76.8429	1,230.47	74.9844	1,230.47	75.7628	1,230.47	75.5967	1,230.47	75.3309	1,230.47	75.2566	1,230.47	74.8789	1,230.47	73.3954	1,230.47	73.8491	1,230.47	69.8097	1,230.47	71.1867	1,230.47	64.5411	1,230.47	65.5443	1,230.47	61.6596	1,230.47	59.8073	1,230.47	62.2239
1,274.41	84.7161	1,274.41	84.4943	1,274.41	84.6566	1,274.41	84.0327	1,274.41	84.3731	1,274.41	83.3729	1,274.41	83.9104	1,274.41	82.4096	1,274.41	83.2128	1,274.41	81.0501	1,274.41	82.2513	1,274.41	79.6894	1,274.41	81.1395	1,274.41	78.8371	1,274.41	80.0191	1,274.41	77.8912	1,274.41	78.7852	1,274.41	76.1175	1,274.41	76.9219	1,274.41	73.5811	1,274.41	74.0908	1,274.41	70.7722	1,274.41	71.2792	1,274.41	69.2097	1,274.41	70.7883	1,274.41	68.7719	1,274.41	71.5675	1,274.41	64.619	1,274.41	71.1107	1,274.41	56.8004	1,274.41	69.7317	1,274.41	68.8244	1,274.41	68.8312	1,274.41	72.0484	1,274.41	69.8097	1,274.41	71.8726
1,319.82	84.072	1,319.82	83.9983	1,319.82	84.1404	1,319.82	83.821	1,319.82	84.1537	1,319.82	83.4367	1,319.82	83.9003	1,319.82	82.6766	1,319.82	83.2623	1,319.82	81.3554	1,319.82	82.321	1,319.82	79.8533	1,319.82	81.1928	1,319.82	78.9188	1,319.82	79.9958	1,319.82	77.6971	1,319.82	78.6084	1,319.82	74.9329	1,319.82	76.5368	1,319.82	70.6929	1,319.82	73.8221	1,319.82	69.6705	1,319.82	70.9907	1,319.82	71.747	1,319.82	70.2164	1,319.82	71.6489	1,319.82	71.2448	1,319.82	68.0278	1,319.82	69.7383	1,319.82	57.6433	1,319.82	62.2587	1,319.82	66.3315	1,319.82	57.9638	1,319.82	69.463	1,319.82	67.1861	1,319.82	69.3706
1,366.7	84.5005	1,366.7	84.2373	1,366.7	84.7659	1,366.7	83.9239	1,366.7	84.8067	1,366.7	83.3835	1,366.7	84.2795	1,366.7	82.3713	1,366.7	83.1268	1,366.7	80.723	1,366.7	81.6755	1,366.7	79.029	1,366.7	80.2841	1,366.7	78.1675	1,366.7	79.1015	1,366.7	76.8457	1,366.7	77.9574	1,366.7	73.9809	1,366.7	76.2818	1,366.7	71.5242	1,366.7	73.4969	1,366.7	70.8218	1,366.7	68.2492	1,366.7	70.7372	1,366.7	67.6334	1,366.7	71.3908	1,366.7	72.4196	1,366.7	70.4051	1,366.7	72.4519	1,366.7	64.5639	1,366.7	68.5719	1,366.7	52.7394	1,366.7	60.4075	1,366.7	65.1999	1,366.7	60.8878	1,366.7	65.8113
1,413.57	84.4257	1,413.57	84.0626	1,413.57	84.3595	1,413.57	83.461	1,413.57	83.8982	1,413.57	82.6379	1,413.57	83.2603	1,413.57	81.3858	1,413.57	82.4046	1,413.57	79.908	1,413.57	81.1086	1,413.57	78.5557	1,413.57	79.2535	1,413.57	77.1083	1,413.57	76.8571	1,413.57	75.6995	1,413.57	75.2655	1,413.57	74.0591	1,413.57	75.0979	1,413.57	71.6913	1,413.57	74.7099	1,413.57	71.0783	1,413.57	73.125	1,413.57	72.2049	1,413.57	71.1346	1,413.57	73.3111	1,413.57	71.6398	1,413.57	72.4249	1,413.57	72.9615	1,413.57	68.969	1,413.57	72.431	1,413.57	63.4681	1,413.57	64.3011	1,413.57	66.8899	1,413.57	66.5497	1,413.57	70.4555
1,463.38	85.2643	1,463.38	84.9452	1,463.38	85.1827	1,463.38	84.1391	1,463.38	84.7758	1,463.38	82.9284	1,463.38	84.0594	1,463.38	81.4478	1,463.38	82.8842	1,463.38	79.637	1,463.38	81.2795	1,463.38	77.9298	1,463.38	79.7105	1,463.38	76.4449	1,463.38	78.5166	1,463.38	75.1719	1,463.38	77.5988	1,463.38	74.3795	1,463.38	76.3052	1,463.38	73.435	1,463.38	74.0631	1,463.38	71.7175	1,463.38	71.2155	1,463.38	70.5521	1,463.38	70.2653	1,463.38	71.6533	1,463.38	73.1774	1,463.38	71.5028	1,463.38	73.8791	1,463.38	66.2128	1,463.38	69.6161	1,463.38	63.9277	1,463.38	61.73	1,463.38	65.327	1,463.38	63.0056	1,463.38	61.7853
1,516.11	85.9236	1,516.11	85.559	1,516.11	85.9196	1,516.11	84.9691	1,516.11	85.4396	1,516.11	84.0444	1,516.11	84.5121	1,516.11	82.5586	1,516.11	83.3403	1,516.11	80.8744	1,516.11	82.1102	1,516.11	79.4551	1,516.11	80.7456	1,516.11	77.9687	1,516.11	79.1283	1,516.11	76.9141	1,516.11	77.2908	1,516.11	75.1468	1,516.11	75.5897	1,516.11	72.5074	1,516.11	75.0386	1,516.11	70.9152	1,516.11	74.7444	1,516.11	70.9156	1,516.11	72.986	1,516.11	74.8255	1,516.11	72.9601	1,516.11	73.5995	1,516.11	73.0416	1,516.11	67.0658	1,516.11	72.6804	1,516.11	61.8931	1,516.11	69.771	1,516.11	64.6363	1,516.11	67.9219	1,516.11	70.6508
1,568.85	86.389	1,568.85	86.1166	1,568.85	86.1872	1,568.85	85.3211	1,568.85	85.6404	1,568.85	84.3149	1,568.85	84.9475	1,568.85	83.2794	1,568.85	84.0117	1,568.85	81.8038	1,568.85	82.5478	1,568.85	80.0325	1,568.85	80.6178	1,568.85	78.2636	1,568.85	78.6644	1,568.85	76.4958	1,568.85	77.3513	1,568.85	75.0569	1,568.85	76.5781	1,568.85	74.7906	1,568.85	75.4125	1,568.85	73.0755	1,568.85	72.8226	1,568.85	72.1557	1,568.85	70.413	1,568.85	73.4016	1,568.85	72.9569	1,568.85	71.3913	1,568.85	74.775	1,568.85	69.7023	1,568.85	71.7304	1,568.85	68.7871	1,568.85	62.6983	1,568.85	72.1678	1,568.85	61.909	1,568.85	68.3265
1,624.51	86.334	1,624.51	86.0086	1,624.51	86.2492	1,624.51	85.4154	1,624.51	85.6902	1,624.51	84.4346	1,624.51	84.6333	1,624.51	82.8981	1,624.51	83.2456	1,624.51	81.1598	1,624.51	81.876	1,624.51	79.7023	1,624.51	80.4324	1,624.51	77.9991	1,624.51	78.9539	1,624.51	77.0417	1,624.51	77.4342	1,624.51	76.0267	1,624.51	75.3327	1,624.51	74.1601	1,624.51	74.0519	1,624.51	71.2893	1,624.51	73.6814	1,624.51	69.9315	1,624.51	72.2717	1,624.51	74.4935	1,624.51	72.9248	1,624.51	73.6486	1,624.51	72.113	1,624.51	67.5634	1,624.51	71.642	1,624.51	59.2894	1,624.51	70.023	1,624.51	65.4218	1,624.51	70.3385	1,624.51	72.0074
1,681.64	86.2172	1,681.64	85.9235	1,681.64	86.1116	1,681.64	85.1031	1,681.64	85.5187	1,681.64	83.8351	1,681.64	84.6939	1,681.64	82.5806	1,681.64	83.6698	1,681.64	81.2452	1,681.64	82.1886	1,681.64	79.8542	1,681.64	80.4893	1,681.64	78.2263	1,681.64	78.5279	1,681.64	76.483	1,681.64	76.8108	1,681.64	75.1183	1,681.64	76.1057	1,681.64	74.4227	1,681.64	75.3157	1,681.64	73.1651	1,681.64	73.0605	1,681.64	72.2369	1,681.64	69.8226	1,681.64	72.7908	1,681.64	71.5001	1,681.64	71.027	1,681.64	73.981	1,681.64	71.4031	1,681.64	72.3937	1,681.64	68.4457	1,681.64	57.4188	1,681.64	72.2462	1,681.64	65.0173	1,681.64	68.7289
1,741.7	86.5734	1,741.7	86.0879	1,741.7	86.4749	1,741.7	85.1881	1,741.7	85.9505	1,741.7	84.0676	1,741.7	85.1231	1,741.7	82.6443	1,741.7	83.7839	1,741.7	80.8569	1,741.7	82.2531	1,741.7	78.9404	1,741.7	80.8381	1,741.7	77.4192	1,741.7	79.2544	1,741.7	75.9789	1,741.7	78.074	1,741.7	74.6719	1,741.7	76.5579	1,741.7	74.1839	1,741.7	74.7764	1,741.7	72.52	1,741.7	73.9264	1,741.7	70.2584	1,741.7	73.0719	1,741.7	72.6308	1,741.7	72.0298	1,741.7	73.3183	1,741.7	71.3604	1,741.7	68.0617	1,741.7	73.4701	1,741.7	61.1287	1,741.7	72.982	1,741.7	69.7205	1,741.7	72.4312	1,741.7	73.7677
1,803.22	87.3278	1,803.22	86.9852	1,803.22	87.2319	1,803.22	86.1729	1,803.22	86.6533	1,803.22	84.8201	1,803.22	85.606	1,803.22	83.3502	1,803.22	84.3814	1,803.22	81.9444	1,803.22	83.046	1,803.22	80.4461	1,803.22	81.5989	1,803.22	78.8595	1,803.22	79.7845	1,803.22	76.8556	1,803.22	77.5547	1,803.22	74.9627	1,803.22	76.347	1,803.22	73.2377	1,803.22	76.2239	1,803.22	72.8317	1,803.22	74.2034	1,803.22	72.7573	1,803.22	72.2083	1,803.22	72.6579	1,803.22	72.993	1,803.22	73.0065	1,803.22	74.1962	1,803.22	72.3965	1,803.22	72.831	1,803.22	65.5049	1,803.22	60.5655	1,803.22	67.1111	1,803.22	64.2474	1,803.22	60.5242
1,866.21	87.4191	1,866.21	87.0687	1,866.21	87.2618	1,866.21	86.282	1,866.21	86.5606	1,866.21	85.0246	1,866.21	85.5211	1,866.21	83.6366	1,866.21	84.2278	1,866.21	82.4191	1,866.21	82.6816	1,866.21	81.033	1,866.21	81.2875	1,866.21	78.8829	1,866.21	79.9051	1,866.21	77.5049	1,866.21	78.36	1,866.21	75.9078	1,866.21	77.1677	1,866.21	74.9311	1,866.21	75.2942	1,866.21	72.5467	1,866.21	73.7005	1,866.21	71.5993	1,866.21	73.0067	1,866.21	72.9692	1,866.21	70.5272	1,866.21	73.9208	1,866.21	71.888	1,866.21	71.429	1,866.21	73.9072	1,866.21	66.316	1,866.21	71.8902	1,866.21	71.3339	1,866.21	72.7198	1,866.21	75.897
1,932.13	86.6338	1,932.13	86.3518	1,932.13	86.6021	1,932.13	85.6198	1,932.13	86.03	1,932.13	84.4816	1,932.13	84.9359	1,932.13	83.1841	1,932.13	83.6521	1,932.13	81.9422	1,932.13	82.1604	1,932.13	80.6216	1,932.13	80.7327	1,932.13	79.2994	1,932.13	79.005	1,932.13	78.1989	1,932.13	77.4413	1,932.13	76.8145	1,932.13	75.3582	1,932.13	75.3404	1,932.13	74.8481	1,932.13	74.2142	1,932.13	73.9745	1,932.13	72.1622	1,932.13	72.1534	1,932.13	73.0874	1,932.13	71.1111	1,932.13	72.4069	1,932.13	72.6297	1,932.13	72.8139	1,932.13	72.2091	1,932.13	65.1342	1,932.13	68.6074	1,932.13	62.7454	1,932.13	69.4182	1,932.13	64.4194
1,999.51	86.5898	1,999.51	86.1565	1,999.51	86.5408	1,999.51	85.3174	1,999.51	85.9545	1,999.51	84.0079	1,999.51	85.1229	1,999.51	82.5821	1,999.51	83.9405	1,999.51	81.1329	1,999.51	82.5786	1,999.51	79.7985	1,999.51	81.3011	1,999.51	78.0384	1,999.51	79.7946	1,999.51	76.2254	1,999.51	78.2729	1,999.51	75.672	1,999.51	77.0469	1,999.51	74.296	1,999.51	75.4173	1,999.51	73.9808	1,999.51	73.1008	1,999.51	72.0773	1,999.51	73.4531	1,999.51	71.9849	1,999.51	72.1969	1,999.51	73.6248	1,999.51	71.4513	1,999.51	71.048	1,999.51	73.93	1,999.51	67.8122	1,999.51	71.9247	1,999.51	69.1947	1,999.51	59.8634	1,999.51	69.6893
2,069.82	87.3643	2,069.82	87.0405	2,069.82	87.3045	2,069.82	86.2955	2,069.82	86.8909	2,069.82	85.1763	2,069.82	85.8602	2,069.82	83.8872	2,069.82	84.6276	2,069.82	82.3737	2,069.82	83.347	2,069.82	80.9451	2,069.82	82.0677	2,069.82	79.2694	2,069.82	80.7344	2,069.82	77.4346	2,069.82	78.9407	2,069.82	75.6681	2,069.82	77.3779	2,069.82	73.767	2,069.82	76.7427	2,069.82	72.4716	2,069.82	75.2706	2,069.82	73.5958	2,069.82	72.9182	2,069.82	72.0003	2,069.82	73.2652	2,069.82	72.9147	2,069.82	73.9783	2,069.82	72.506	2,069.82	73.0186	2,069.82	62.1215	2,069.82	71.6692	2,069.82	59.7218	2,069.82	71.2949	2,069.82	70.7557
2,143.07	87.0472	2,143.07	86.753	2,143.07	87.0079	2,143.07	86.1659	2,143.07	86.4457	2,143.07	85.2785	2,143.07	85.6692	2,143.07	83.979	2,143.07	84.5537	2,143.07	82.6018	2,143.07	83.0418	2,143.07	81.0649	2,143.07	81.4977	2,143.07	79.7508	2,143.07	80.1375	2,143.07	77.6549	2,143.07	78.4334	2,143.07	76.6814	2,143.07	76.6636	2,143.07	74.9106	2,143.07	75.247	2,143.07	73.4083	2,143.07	74.2194	2,143.07	72.1626	2,143.07	73.0286	2,143.07	73.0513	2,143.07	71.5219	2,143.07	72.8108	2,143.07	72.3896	2,143.07	71.8681	2,143.07	73.7653	2,143.07	70.1406	2,143.07	69.9152	2,143.07	68.7012	2,143.07	59.4665	2,143.07	63.0569
2,219.24	86.3462	2,219.24	86.0635	2,219.24	86.2127	2,219.24	85.5651	2,219.24	85.8317	2,219.24	84.7939	2,219.24	85.1118	2,219.24	83.8287	2,219.24	84.2003	2,219.24	82.3355	2,219.24	82.8936	2,219.24	80.9402	2,219.24	81.331	2,219.24	79.8494	2,219.24	80.185	2,219.24	78.0843	2,219.24	78.1453	2,219.24	76.5944	2,219.24	76.6969	2,219.24	75.6823	2,219.24	76.2733	2,219.24	73.6501	2,219.24	73.3696	2,219.24	73.4357	2,219.24	71.8769	2,219.24	70.9725	2,219.24	72.5455	2,219.24	73.7329	2,219.24	70.4089	2,219.24	72.0175	2,219.24	72.291	2,219.24	64.5879	2,219.24	72.0653	2,219.24	68.2437	2,219.24	66.0867	2,219.24	71.8361
2,296.88	86.2714	2,296.88	85.9016	2,296.88	86.3701	2,296.88	85.3492	2,296.88	85.9553	2,296.88	84.7576	2,296.88	85.2704	2,296.88	83.9433	2,296.88	84.6913	2,296.88	82.4093	2,296.88	83.8231	2,296.88	80.6913	2,296.88	82.1875	2,296.88	79.27	2,296.88	80.4774	2,296.88	77.2462	2,296.88	79.5087	2,296.88	75.4491	2,296.88	76.6218	2,296.88	75.0371	2,296.88	75.5536	2,296.88	72.6582	2,296.88	75.4701	2,296.88	73.1868	2,296.88	72.2176	2,296.88	72.7527	2,296.88	72.7383	2,296.88	71.4024	2,296.88	72.7109	2,296.88	72.3468	2,296.88	73.5822	2,296.88	65.7431	2,296.88	71.6678	2,296.88	56.1564	2,296.88	70.8133	2,296.88	64.9885
2,378.91	87.388	2,378.91	87.1111	2,378.91	87.3047	2,378.91	86.6571	2,378.91	86.8567	2,378.91	85.8877	2,378.91	86.3351	2,378.91	84.9786	2,378.91	85.6014	2,378.91	83.7422	2,378.91	84.6548	2,378.91	82.0557	2,378.91	83.2352	2,378.91	80.3502	2,378.91	81.729	2,378.91	78.7016	2,378.91	79.9228	2,378.91	76.0428	2,378.91	78.8505	2,378.91	75.3988	2,378.91	76.5304	2,378.91	73.4003	2,378.91	75.7946	2,378.91	73.1722	2,378.91	73.2763	2,378.91	72.2505	2,378.91	73.7269	2,378.91	72.6909	2,378.91	72.7677	2,378.91	71.0056	2,378.91	73.4373	2,378.91	70.3968	2,378.91	69.9401	2,378.91	67.7494	2,378.91	62.4485	2,378.91	62.97
2,462.4	86.0324	2,462.4	85.9106	2,462.4	86.0878	2,462.4	85.6186	2,462.4	85.8312	2,462.4	85.2862	2,462.4	85.4315	2,462.4	84.8833	2,462.4	84.8066	2,462.4	83.8943	2,462.4	84.053	2,462.4	82.379	2,462.4	82.518	2,462.4	80.5063	2,462.4	80.6645	2,462.4	79.1776	2,462.4	78.7952	2,462.4	77.0727	2,462.4	76.9074	2,462.4	76.2736	2,462.4	75.8526	2,462.4	73.7784	2,462.4	74.5126	2,462.4	72.5208	2,462.4	71.2417	2,462.4	71.9548	2,462.4	71.4049	2,462.4	73.1526	2,462.4	70.5669	2,462.4	73.2614	2,462.4	72.277	2,462.4	66.1696	2,462.4	71.4429	2,462.4	65.7607	2,462.4	64.9091	2,462.4	71.5075
2,548.83	85.9644	2,548.83	85.8019	2,548.83	85.8792	2,548.83	85.5254	2,548.83	85.8528	2,548.83	85.0913	2,548.83	85.3126	2,548.83	83.9886	2,548.83	84.8145	2,548.83	82.8804	2,548.83	83.9248	2,548.83	81.5637	2,548.83	82.876	2,548.83	79.5729	2,548.83	80.6684	2,548.83	77.8755	2,548.83	78.9697	2,548.83	75.1529	2,548.83	77.9235	2,548.83	74.5165	2,548.83	74.4812	2,548.83	73.914	2,548.83	74.3195	2,548.83	73.2079	2,548.83	72.2929	2,548.83	72.673	2,548.83	71.9821	2,548.83	71.0017	2,548.83	71.251	2,548.83	70.0661	2,548.83	71.6487	2,548.83	67.2756	2,548.83	70.9542	2,548.83	60.7479	2,548.83	70.4369	2,548.83	68.6397
2,639.65	86.7751	2,639.65	86.8738	2,639.65	87.0717	2,639.65	86.8836	2,639.65	86.936	2,639.65	86.6191	2,639.65	86.9331	2,639.65	85.8423	2,639.65	86.401	2,639.65	84.2817	2,639.65	85.3754	2,639.65	82.8384	2,639.65	83.9034	2,639.65	80.6665	2,639.65	82.1079	2,639.65	78.5993	2,639.65	80.1165	2,639.65	76.2611	2,639.65	78.7123	2,639.65	75.0965	2,639.65	76.9358	2,639.65	73.6948	2,639.65	75.6865	2,639.65	71.7355	2,639.65	73.2045	2,639.65	70.8715	2,639.65	72.8091	2,639.65	72.5103	2,639.65	74.346	2,639.65	72.2203	2,639.65	72.8859	2,639.65	63.9423	2,639.65	69.9029	2,639.65	62.1624	2,639.65	71.7894	2,639.65	60.2652
2,731.93	86.6511	2,731.93	86.6125	2,731.93	86.5034	2,731.93	86.6378	2,731.93	86.6797	2,731.93	86.4038	2,731.93	86.5446	2,731.93	85.6254	2,731.93	85.9642	2,731.93	84.4912	2,731.93	85.0043	2,731.93	83.2049	2,731.93	83.427	2,731.93	80.9127	2,731.93	81.1187	2,731.93	78.8146	2,731.93	78.6709	2,731.93	76.9944	2,731.93	77.4524	2,731.93	74.9124	2,731.93	74.9998	2,731.93	74.789	2,731.93	74.3039	2,731.93	73.8738	2,731.93	72.2383	2,731.93	72.5754	2,731.93	71.4804	2,731.93	72.3781	2,731.93	70.2757	2,731.93	70.3331	2,731.93	73.2057	2,731.93	69.0128	2,731.93	70.5515	2,731.93	66.4155	2,731.93	64.4973	2,731.93	64.6554
2,828.61	85.8213	2,828.61	85.8658	2,828.61	86.0159	2,828.61	85.9753	2,828.61	85.9497	2,828.61	85.7811	2,828.61	85.77	2,828.61	84.9259	2,828.61	85.2884	2,828.61	83.0592	2,828.61	84.3777	2,828.61	81.644	2,828.61	82.7468	2,828.61	79.9444	2,828.61	80.7386	2,828.61	77.5859	2,828.61	78.1829	2,828.61	75.4983	2,828.61	76.6703	2,828.61	73.7176	2,828.61	75.0949	2,828.61	73.4858	2,828.61	72.7506	2,828.61	69.9134	2,828.61	71.299	2,828.61	69.9107	2,828.61	70.3813	2,828.61	71.495	2,828.61	71.5753	2,828.61	71.408	2,828.61	70.023	2,828.61	64.4033	2,828.61	67.6907	2,828.61	66.3074	2,828.61	60.055	2,828.61	68.9208
2,928.22	86.0707	2,928.22	86.1722	2,928.22	85.9413	2,928.22	86.3612	2,928.22	86.3725	2,928.22	86.1103	2,928.22	86.3222	2,928.22	85.2122	2,928.22	85.6625	2,928.22	83.5461	2,928.22	84.4205	2,928.22	81.5619	2,928.22	82.8122	2,928.22	79.1943	2,928.22	80.799	2,928.22	76.7831	2,928.22	77.9293	2,928.22	75.0009	2,928.22	76.271	2,928.22	72.9401	2,928.22	73.9358	2,928.22	72.4191	2,928.22	72.5631	2,928.22	72.8232	2,928.22	71.7787	2,928.22	70.1756	2,928.22	69.335	2,928.22	71.1882	2,928.22	70.0381	2,928.22	65.4377	2,928.22	72.0975	2,928.22	65.0977	2,928.22	70.2885	2,928.22	63.0986	2,928.22	63.9753	2,928.22	67.094
3,030.76	86.0941	3,030.76	86.4232	3,030.76	86.3676	3,030.76	86.609	3,030.76	86.4752	3,030.76	86.3911	3,030.76	86.6778	3,030.76	85.5416	3,030.76	86.0109	3,030.76	84.054	3,030.76	84.7914	3,030.76	82.0058	3,030.76	82.8051	3,030.76	80.0914	3,030.76	80.9261	3,030.76	77.0714	3,030.76	78.4732	3,030.76	75.4182	3,030.76	76.2351	3,030.76	73.4229	3,030.76	74.3283	3,030.76	72.1076	3,030.76	71.8712	3,030.76	70.1048	3,030.76	72.1468	3,030.76	69.2026	3,030.76	68.4262	3,030.76	71.8605	3,030.76	72.0147	3,030.76	71.512	3,030.76	69.4545	3,030.76	67.0542	3,030.76	67.9858	3,030.76	58.7727	3,030.76	61.1507	3,030.76	69.7566
3,137.7	85.6887	3,137.7	85.9717	3,137.7	85.5929	3,137.7	86.2257	3,137.7	85.9925	3,137.7	85.9136	3,137.7	86.0148	3,137.7	84.7851	3,137.7	85.2714	3,137.7	83.4477	3,137.7	84.0414	3,137.7	81.2367	3,137.7	82.3997	3,137.7	79.2804	3,137.7	79.5705	3,137.7	77.1293	3,137.7	77.1993	3,137.7	74.8469	3,137.7	75.2457	3,137.7	73.3988	3,137.7	73.1758	3,137.7	71.742	3,137.7	72.0151	3,137.7	73.0661	3,137.7	71.0171	3,137.7	68.3145	3,137.7	68.9513	3,137.7	70.8282	3,137.7	68.8767	3,137.7	62.145	3,137.7	72.5845	3,137.7	65.7198	3,137.7	69.0056	3,137.7	43.282	3,137.7	69.1296	3,137.7	63.8584
3,249.02	85.4336	3,249.02	85.7689	3,249.02	85.5192	3,249.02	86.2171	3,249.02	86.1533	3,249.02	86.0619	3,249.02	86.3155	3,249.02	84.7109	3,249.02	85.3992	3,249.02	83.0118	3,249.02	84.3865	3,249.02	80.4209	3,249.02	82.3665	3,249.02	78.2526	3,249.02	80.0917	3,249.02	75.319	3,249.02	77.3391	3,249.02	72.9707	3,249.02	74.3185	3,249.02	71.3348	3,249.02	73.0299	3,249.02	70.0253	3,249.02	72.0939	3,249.02	69.9613	3,249.02	68.7649	3,249.02	67.7653	3,249.02	67.7174	3,249.02	71.3316	3,249.02	70.7224	3,249.02	70.6116	3,249.02	69.1648	3,249.02	65.3904	3,249.02	67.4696	3,249.02	57.6541	3,249.02	64.3484	3,249.02	67.1949
3,363.28	85.3265	3,363.28	85.9842	3,363.28	85.5857	3,363.28	86.5212	3,363.28	86.2231	3,363.28	86.4501	3,363.28	86.4345	3,363.28	85.3625	3,363.28	85.5641	3,363.28	83.5667	3,363.28	84.1678	3,363.28	81.3373	3,363.28	82.1736	3,363.28	78.96	3,363.28	79.7887	3,363.28	77.686	3,363.28	77.2607	3,363.28	74.0225	3,363.28	75.1413	3,363.28	72.4867	3,363.28	73.7562	3,363.28	70.7049	3,363.28	71.2696	3,363.28	71.6082	3,363.28	71.2154	3,363.28	69.2753	3,363.28	68.3958	3,363.28	70.886	3,363.28	68.3483	3,363.28	66.0794	3,363.28	72.3029	3,363.28	64.6493	3,363.28	69.0288	3,363.28	51.8282	3,363.28	69.2941	3,363.28	60.8002
3,481.93	85.1497	3,481.93	85.6201	3,481.93	85.1348	3,481.93	86.3487	3,481.93	86.1179	3,481.93	86.2315	3,481.93	86.4586	3,481.93	85.1454	3,481.93	85.8862	3,481.93	83.138	3,481.93	84.4855	3,481.93	81.0402	3,481.93	82.7202	3,481.93	78.509	3,481.93	79.8809	3,481.93	76.9447	3,481.93	78.2879	3,481.93	73.937	3,481.93	75.1986	3,481.93	72.8936	3,481.93	74.4666	3,481.93	71.261	3,481.93	72.6801	3,481.93	71.3616	3,481.93	70.7894	3,481.93	69.5477	3,481.93	68.2741	3,481.93	70.1635	3,481.93	69.2257	3,481.93	70.1089	3,481.93	68.8282	3,481.93	63.0334	3,481.93	67.6147	3,481.93	44.0938	3,481.93	65.7355	3,481.93	66.0085
3,604.98	85.6572	3,604.98	86.1817	3,604.98	85.8089	3,604.98	86.6037	3,604.98	86.5311	3,604.98	86.4359	3,604.98	86.5912	3,604.98	85.2506	3,604.98	85.8308	3,604.98	83.3201	3,604.98	84.5487	3,604.98	81.6982	3,604.98	82.2288	3,604.98	78.796	3,604.98	80.3037	3,604.98	76.7272	3,604.98	77.7425	3,604.98	74.1113	3,604.98	74.5741	3,604.98	71.3473	3,604.98	74.5747	3,604.98	69.8686	3,604.98	68.7367	3,604.98	69.8357	3,604.98	70.2207	3,604.98	70.1979	3,604.98	67.7676	3,604.98	69.9573	3,604.98	68.5516	3,604.98	69.2277	3,604.98	71.2928	3,604.98	64.3001	3,604.98	68.3079	3,604.98	54.3515	3,604.98	64.7163	3,604.98	64.9245
3,732.42	86.4175	3,732.42	86.7703	3,732.42	86.462	3,732.42	87.0259	3,732.42	86.9589	3,732.42	86.5566	3,732.42	87.0066	3,732.42	85.3418	3,732.42	86.1166	3,732.42	83.3284	3,732.42	84.6096	3,732.42	81.4513	3,732.42	82.8662	3,732.42	79.1314	3,732.42	80.3702	3,732.42	77.7231	3,732.42	78.5632	3,732.42	74.9939	3,732.42	76.3239	3,732.42	72.6273	3,732.42	74.7646	3,732.42	71.2911	3,732.42	71.4146	3,732.42	71.4071	3,732.42	71.6307	3,732.42	68.3027	3,732.42	69.8888	3,732.42	70.1484	3,732.42	68.3246	3,732.42	67.1527	3,732.42	71.8604	3,732.42	62.8232	3,732.42	67.2232	3,732.42	57.7843	3,732.42	61.7304	3,732.42	68.4925
3,864.26	86.9436	3,864.26	87.0495	3,864.26	86.7552	3,864.26	87.2695	3,864.26	87.2324	3,864.26	86.7392	3,864.26	87.0683	3,864.26	85.3503	3,864.26	85.9623	3,864.26	83.2532	3,864.26	84.5006	3,864.26	81.6932	3,864.26	82.5256	3,864.26	79.1465	3,864.26	80.0206	3,864.26	76.6717	3,864.26	78.537	3,864.26	74.2417	3,864.26	75.1694	3,864.26	72.8993	3,864.26	74.6091	3,864.26	70.8103	3,864.26	71.096	3,864.26	70.6171	3,864.26	70.1209	3,864.26	70.8938	3,864.26	68.6621	3,864.26	69.235	3,864.26	67.054	3,864.26	70.2379	3,864.26	69.8984	3,864.26	63.2161	3,864.26	65.6586	3,864.26	56.8655	3,864.26	56.2607	3,864.26	68.3057
4,000.49	86.8486	4,000.49	87.1126	4,000.49	86.9432	4,000.49	87.0829	4,000.49	87.1442	4,000.49	86.5079	4,000.49	86.74	4,000.49	84.853	4,000.49	85.6443	4,000.49	83.242	4,000.49	84.249	4,000.49	81.511	4,000.49	82.2355	4,000.49	78.8608	4,000.49	80.2583	4,000.49	76.6964	4,000.49	77.9848	4,000.49	74.3491	4,000.49	75.0017	4,000.49	72.1532	4,000.49	74.0797	4,000.49	69.7789	4,000.49	70.1437	4,000.49	68.9521	4,000.49	70.2498	4,000.49	69.0044	4,000.49	67.0102	4,000.49	69.714	4,000.49	70.0649	4,000.49	67.9572	4,000.49	69.6211	4,000.49	61.9381	4,000.49	66.2628	4,000.49	65.9757	4,000.49	55.9088	4,000.49	67.5826
4,141.11	87.2562	4,141.11	87.2211	4,141.11	87.2733	4,141.11	86.9685	4,141.11	87.196	4,141.11	86.3777	4,141.11	86.8975	4,141.11	84.8963	4,141.11	85.684	4,141.11	83.3996	4,141.11	84.2182	4,141.11	81.5554	4,141.11	82.7894	4,141.11	79.3683	4,141.11	80.6127	4,141.11	77.7248	4,141.11	78.1147	4,141.11	74.6444	4,141.11	75.9922	4,141.11	72.7084	4,141.11	74.5802	4,141.11	71.2037	4,141.11	71.5919	4,141.11	69.7327	4,141.11	69.8934	4,141.11	70.0543	4,141.11	67.0406	4,141.11	70.5914	4,141.11	69.3485	4,141.11	68.6938	4,141.11	69.7267	4,141.11	60.8454	4,141.11	67.7696	4,141.11	62.1128	4,141.11	66.3745	4,141.11	60.5566
4,287.6	86.5407	4,287.6	86.2425	4,287.6	86.2426	4,287.6	86.1595	4,287.6	86.3958	4,287.6	85.4609	4,287.6	86.0275	4,287.6	84.5551	4,287.6	84.9203	4,287.6	82.8855	4,287.6	83.8643	4,287.6	81.4554	4,287.6	82.5436	4,287.6	79.2234	4,287.6	80.2813	4,287.6	76.752	4,287.6	77.7498	4,287.6	74.4632	4,287.6	75.4361	4,287.6	71.8185	4,287.6	73.7993	4,287.6	70.0722	4,287.6	71.5743	4,287.6	70.5788	4,287.6	68.9238	4,287.6	70.2753	4,287.6	66.8615	4,287.6	69.2176	4,287.6	67.8301	4,287.6	71.0727	4,287.6	70.3568	4,287.6	61.4461	4,287.6	66.8723	4,287.6	55.051	4,287.6	63.9522	4,287.6	64.6881
4,438.48	85.6894	4,438.48	85.1848	4,438.48	85.5015	4,438.48	85.0309	4,438.48	85.3257	4,438.48	84.5702	4,438.48	84.7911	4,438.48	83.6836	4,438.48	84.1393	4,438.48	82.6871	4,438.48	83.6463	4,438.48	81.0301	4,438.48	82.1692	4,438.48	78.9231	4,438.48	80.1376	4,438.48	76.2228	4,438.48	78.3614	4,438.48	74.0285	4,438.48	75.2387	4,438.48	71.9098	4,438.48	73.2394	4,438.48	69.1595	4,438.48	70.6188	4,438.48	70.64	4,438.48	69.0714	4,438.48	68.5318	4,438.48	67.0672	4,438.48	68.4329	4,438.48	68.3726	4,438.48	69.305	4,438.48	70.1733	4,438.48	59.832	4,438.48	66.5128	4,438.48	55.2292	4,438.48	56.4401	4,438.48	66.7298
4,595.21	85.8391	4,595.21	84.8712	4,595.21	85.7053	4,595.21	83.8916	4,595.21	84.5569	4,595.21	83.4568	4,595.21	83.5222	4,595.21	82.4904	4,595.21	83.1017	4,595.21	81.9828	4,595.21	82.3627	4,595.21	80.1743	4,595.21	81.0898	4,595.21	77.9177	4,595.21	78.7097	4,595.21	75.2055	4,595.21	76.1556	4,595.21	72.821	4,595.21	73.7971	4,595.21	70.234	4,595.21	72.3951	4,595.21	68.7408	4,595.21	69.0199	4,595.21	69.227	4,595.21	66.5882	4,595.21	67.4737	4,595.21	66.7505	4,595.21	67.5861	4,595.21	68.7634	4,595.21	65.9542	4,595.21	66.9337	4,595.21	60.6724	4,595.21	66.16	4,595.21	62.6216	4,595.21	60.2893	4,595.21	63.684
4,756.35	86.1163	4,756.35	84.9217	4,756.35	85.848	4,756.35	83.4768	4,756.35	84.4083	4,756.35	82.7112	4,756.35	82.8549	4,756.35	82.0022	4,756.35	82.7569	4,756.35	81.2549	4,756.35	82.0142	4,756.35	79.1568	4,756.35	80.4145	4,756.35	76.6586	4,756.35	78.1524	4,756.35	74.1535	4,756.35	75.1355	4,756.35	72.0525	4,756.35	72.5701	4,756.35	68.3176	4,756.35	71.1252	4,756.35	67.9971	4,756.35	67.8081	4,756.35	66.9364	4,756.35	64.0558	4,756.35	67.8837	4,756.35	63.7192	4,756.35	64.4575	4,756.35	66.1933	4,756.35	68.454	4,756.35	67.4581	4,756.35	58.6483	4,756.35	63.0187	4,756.35	47.0698	4,756.35	61.2403	4,756.35	65.6212
4,924.8	86.6873	4,924.8	85.4568	4,924.8	86.4209	4,924.8	83.8157	4,924.8	84.6628	4,924.8	82.942	4,924.8	83.1761	4,924.8	82.2154	4,924.8	82.6538	4,924.8	81.162	4,924.8	81.9635	4,924.8	78.9163	4,924.8	80.0751	4,924.8	76.1295	4,924.8	77.9781	4,924.8	73.6546	4,924.8	73.9454	4,924.8	70.9196	4,924.8	72.4808	4,924.8	68.1807	4,924.8	69.8179	4,924.8	65.9455	4,924.8	67.8791	4,924.8	66.9704	4,924.8	64.4626	4,924.8	67.642	4,924.8	65.4162	4,924.8	66.9728	4,924.8	65.6676	4,924.8	65.4593	4,924.8	64.8932	4,924.8	59.5094	4,924.8	64.3717	4,924.8	58.5597	4,924.8	55.006	4,924.8	63.242
5,097.66	86.3228	5,097.66	84.9978	5,097.66	85.9427	5,097.66	83.4741	5,097.66	84.1681	5,097.66	82.645	5,097.66	82.9689	5,097.66	82.0184	5,097.66	82.4685	5,097.66	80.6419	5,097.66	81.3083	5,097.66	77.9228	5,097.66	79.4589	5,097.66	75.7949	5,097.66	76.6746	5,097.66	72.959	5,097.66	73.1025	5,097.66	70.3962	5,097.66	71.2149	5,097.66	67.1048	5,097.66	69.3682	5,097.66	65.9711	5,097.66	67.0368	5,097.66	65.72	5,097.66	62.6999	5,097.66	66.1681	5,097.66	63.1753	5,097.66	63.3005	5,097.66	63.7587	5,097.66	67.8768	5,097.66	67.488	5,097.66	54.8177	5,097.66	66.1532	5,097.66	52.7839	5,097.66	58.0529	5,097.66	60.4628
5,277.83	86.6099	5,277.83	85.4101	5,277.83	86.1154	5,277.83	84.1511	5,277.83	84.3171	5,277.83	83.6705	5,277.83	83.0416	5,277.83	82.9078	5,277.83	82.8378	5,277.83	81.4375	5,277.83	81.7523	5,277.83	78.8888	5,277.83	79.8394	5,277.83	76.6556	5,277.83	77.0886	5,277.83	74.1556	5,277.83	74.0293	5,277.83	71.0152	5,277.83	71.9635	5,277.83	68.4868	5,277.83	68.6897	5,277.83	65.2203	5,277.83	67.1793	5,277.83	64.9053	5,277.83	64.4376	5,277.83	65.7465	5,277.83	65.6455	5,277.83	63.8067	5,277.83	65.9377	5,277.83	66.2716	5,277.83	65.4714	5,277.83	59.0064	5,277.83	65.4277	5,277.83	60.2623	5,277.83	54.006	5,277.83	61.6515
5,463.87	86.1215	5,463.87	84.9261	5,463.87	85.6944	5,463.87	83.7314	5,463.87	83.8527	5,463.87	83.3256	5,463.87	82.9942	5,463.87	82.4578	5,463.87	82.5942	5,463.87	80.9094	5,463.87	81.5991	5,463.87	78.1643	5,463.87	79.3453	5,463.87	75.5576	5,463.87	76.9974	5,463.87	73.2751	5,463.87	74.2338	5,463.87	70.011	5,463.87	71.4276	5,463.87	67.9486	5,463.87	68.6418	5,463.87	66.1678	5,463.87	67.8832	5,463.87	64.3211	5,463.87	62.2844	5,463.87	65.4955	5,463.87	62.7137	5,463.87	61.7742	5,463.87	64.5564	5,463.87	67.212	5,463.87	64.6725	5,463.87	59.9814	5,463.87	64.3929	5,463.87	50.2207	5,463.87	55.29	5,463.87	63.8106
5,657.23	86.0975	5,657.23	84.915	5,657.23	85.7779	5,657.23	84.0456	5,657.23	84.0618	5,657.23	83.5643	5,657.23	83.2719	5,657.23	82.7448	5,657.23	82.8217	5,657.23	81.4406	5,657.23	81.1607	5,657.23	78.9821	5,657.23	79.2322	5,657.23	76.9766	5,657.23	76.9341	5,657.23	74.7209	5,657.23	74.8313	5,657.23	71.5072	5,657.23	71.4887	5,657.23	68.9917	5,657.23	68.6911	5,657.23	67.3999	5,657.23	66.9367	5,657.23	64.6155	5,657.23	65.5433	5,657.23	65.8721	5,657.23	62.727	5,657.23	62.5143	5,657.23	66.08	5,657.23	68.6044	5,657.23	65.9143	5,657.23	57.7402	5,657.23	64.6843	5,657.23	54.354	5,657.23	58.2152	5,657.23	57.4206
5,856.45	86.2261	5,856.45	85.3473	5,856.45	85.7484	5,856.45	84.2129	5,856.45	84.3972	5,856.45	83.6653	5,856.45	83.2623	5,856.45	82.3525	5,856.45	82.5888	5,856.45	81.0307	5,856.45	81.1514	5,856.45	78.8241	5,856.45	79.4361	5,856.45	76.7129	5,856.45	77.2822	5,856.45	73.2192	5,856.45	74.7472	5,856.45	70.6055	5,856.45	72.2862	5,856.45	67.6365	5,856.45	68.7325	5,856.45	65.3763	5,856.45	67.258	5,856.45	64.5217	5,856.45	65.3562	5,856.45	64.7105	5,856.45	62.8956	5,856.45	61.3448	5,856.45	64.3438	5,856.45	66.6206	5,856.45	64.6441	5,856.45	60.3739	5,856.45	65.2366	5,856.45	55.474	5,856.45	56.5443	5,856.45	57.8462
6,062.99	86.2541	6,062.99	85.5221	6,062.99	85.9024	6,062.99	84.5364	6,062.99	84.6402	6,062.99	83.4011	6,062.99	83.5849	6,062.99	81.9641	6,062.99	82.4157	6,062.99	80.3478	6,062.99	80.8998	6,062.99	78.4827	6,062.99	79.718	6,062.99	75.8727	6,062.99	77.3862	6,062.99	73.6173	6,062.99	74.9352	6,062.99	69.8221	6,062.99	72.1122	6,062.99	67.6271	6,062.99	69.0309	6,062.99	65.911	6,062.99	67.3287	6,062.99	64.038	6,062.99	64.0884	6,062.99	65.7957	6,062.99	62.3152	6,062.99	62.4193	6,062.99	63.26	6,062.99	66.5446	6,062.99	63.0018	6,062.99	59.9494	6,062.99	65.3861	6,062.99	55.9054	6,062.99	52.8789	6,062.99	61.7443
6,276.86	85.5644	6,276.86	85.0168	6,276.86	85.6193	6,276.86	84.2096	6,276.86	84.3351	6,276.86	82.6815	6,276.86	83.1194	6,276.86	81.3338	6,276.86	81.7797	6,276.86	80.3536	6,276.86	80.9428	6,276.86	78.3247	6,276.86	79.5566	6,276.86	75.8921	6,276.86	77.4204	6,276.86	72.4236	6,276.86	74.4477	6,276.86	69.6944	6,276.86	71.6053	6,276.86	66.9844	6,276.86	67.5052	6,276.86	65.2158	6,276.86	66.5374	6,276.86	63.6136	6,276.86	63.8639	6,276.86	64.9023	6,276.86	61.6268	6,276.86	62.4542	6,276.86	63.4388	6,276.86	65.829	6,276.86	62.3495	6,276.86	57.7444	6,276.86	65.1166	6,276.86	58.863	6,276.86	52.157	6,276.86	62.0885
6,498.05	84.5861	6,498.05	84.5187	6,498.05	84.602	6,498.05	83.5123	6,498.05	83.8707	6,498.05	82.2723	6,498.05	82.6016	6,498.05	81.4766	6,498.05	81.3712	6,498.05	80.5084	6,498.05	81.1021	6,498.05	78.5118	6,498.05	80.0633	6,498.05	75.4657	6,498.05	77.4076	6,498.05	72.0363	6,498.05	74.2082	6,498.05	69.2544	6,498.05	71.1779	6,498.05	66.1849	6,498.05	67.5077	6,498.05	64.8851	6,498.05	65.8374	6,498.05	62.6616	6,498.05	63.6579	6,498.05	62.916	6,498.05	61.6627	6,498.05	62.4939	6,498.05	62.7046	6,498.05	65.6316	6,498.05	63.7241	6,498.05	59.7619	6,498.05	65.4604	6,498.05	53.3115	6,498.05	48.2038	6,498.05	59.2377
6,726.56	84.0808	6,726.56	84.4716	6,726.56	84.4985	6,726.56	83.5159	6,726.56	83.9443	6,726.56	82.007	6,726.56	82.4313	6,726.56	81.2584	6,726.56	81.6868	6,726.56	80.9457	6,726.56	81.5	6,726.56	78.6531	6,726.56	80.1904	6,726.56	75.6118	6,726.56	77.2507	6,726.56	72.5637	6,726.56	74.2282	6,726.56	68.626	6,726.56	71.828	6,726.56	65.6768	6,726.56	67.7767	6,726.56	64.4987	6,726.56	64.9806	6,726.56	60.7583	6,726.56	63.0174	6,726.56	61.0237	6,726.56	63.0891	6,726.56	61.2058	6,726.56	63.0308	6,726.56	66.0219	6,726.56	63.8553	6,726.56	60.3795	6,726.56	63.7436	6,726.56	53.0542	6,726.56	49.979	6,726.56	59.5902
6,963.87	83.7713	6,963.87	84.3444	6,963.87	84.4022	6,963.87	83.4159	6,963.87	84.3088	6,963.87	81.9756	6,963.87	82.7351	6,963.87	81.4527	6,963.87	82.0312	6,963.87	80.5233	6,963.87	81.7668	6,963.87	77.9204	6,963.87	79.8501	6,963.87	75.0171	6,963.87	76.4732	6,963.87	71.1706	6,963.87	73.3745	6,963.87	68.3318	6,963.87	70.4488	6,963.87	65.1752	6,963.87	67.1866	6,963.87	63.7231	6,963.87	65.2786	6,963.87	60.6902	6,963.87	62.8285	6,963.87	61.7986	6,963.87	64.0992	6,963.87	62.1664	6,963.87	62.2471	6,963.87	64.7326	6,963.87	60.55	6,963.87	60.3521	6,963.87	65.2128	6,963.87	57.1562	6,963.87	42.2752	6,963.87	60.7205
7,209.96	84.3	7,209.96	85.0843	7,209.96	84.8445	7,209.96	83.6763	7,209.96	84.6679	7,209.96	82.005	7,209.96	83.1306	7,209.96	81.8673	7,209.96	82.2273	7,209.96	80.2747	7,209.96	81.6269	7,209.96	77.6212	7,209.96	79.8496	7,209.96	74.7768	7,209.96	77.2371	7,209.96	71.8802	7,209.96	73.9995	7,209.96	69.4149	7,209.96	71.4672	7,209.96	66.6851	7,209.96	68.033	7,209.96	64.6112	7,209.96	65.8543	7,209.96	58.7848	7,209.96	63.0052	7,209.96	60.9827	7,209.96	63.7537	7,209.96	61.6102	7,209.96	59.6792	7,209.96	64.1844	7,209.96	62.9703	7,209.96	62.072	7,209.96	64.9885	7,209.96	47.7025	7,209.96	47.8618	7,209.96	58.3843
7,464.84	84.6335	7,464.84	85.2308	7,464.84	85.18	7,464.84	83.8917	7,464.84	84.7297	7,464.84	82.2894	7,464.84	83.2148	7,464.84	81.8146	7,464.84	82.3872	7,464.84	80.2137	7,464.84	81.5625	7,464.84	77.4636	7,464.84	79.3725	7,464.84	75.2221	7,464.84	76.9899	7,464.84	71.4505	7,464.84	73.9148	7,464.84	69.3114	7,464.84	71.7214	7,464.84	65.2049	7,464.84	68.3623	7,464.84	63.556	7,464.84	65.7692	7,464.84	61.9514	7,464.84	62.3839	7,464.84	61.5386	7,464.84	62.3003	7,464.84	60.0682	7,464.84	58.7582	7,464.84	62.5047	7,464.84	61.0949	7,464.84	60.0922	7,464.84	65.1647	7,464.84	58.5291	7,464.84	57.8841	7,464.84	53.6991
7,727.05	84.2692	7,727.05	85.0261	7,727.05	85.0242	7,727.05	83.9181	7,727.05	84.8412	7,727.05	82.4176	7,727.05	83.282	7,727.05	81.4801	7,727.05	82.3924	7,727.05	80.225	7,727.05	81.1596	7,727.05	77.5703	7,727.05	79.6817	7,727.05	75.2755	7,727.05	77.9516	7,727.05	72.2382	7,727.05	74.3208	7,727.05	68.702	7,727.05	71.969	7,727.05	66.7638	7,727.05	68.5457	7,727.05	63.2709	7,727.05	65.2367	7,727.05	59.949	7,727.05	64.476	7,727.05	57.2985	7,727.05	54.5945	7,727.05	58.9377	7,727.05	62.3334	7,727.05	64.8357	7,727.05	62.4402	7,727.05	50.6465	7,727.05	64.2253	7,727.05	54.8943	7,727.05	60.1822	7,727.05	44.1862
7,999.51	84.7923	7,999.51	85.1975	7,999.51	85.3682	7,999.51	84.2597	7,999.51	85.1687	7,999.51	82.9448	7,999.51	84.0727	7,999.51	81.406	7,999.51	82.668	7,999.51	79.9286	7,999.51	81.3493	7,999.51	77.7487	7,999.51	79.8382	7,999.51	74.9859	7,999.51	77.3703	7,999.51	71.6948	7,999.51	74.1473	7,999.51	69.2105	7,999.51	71.5107	7,999.51	65.5719	7,999.51	67.7557	7,999.51	64.007	7,999.51	65.4532	7,999.51	60.3586	7,999.51	63.0459	7,999.51	58.6275	7,999.51	60.5861	7,999.51	62.1753	7,999.51	59.5711	7,999.51	63.9009	7,999.51	62.256	7,999.51	61.2353	7,999.51	63.0429	7,999.51	53.9695	7,999.51	45.811	7,999.51	57.1258
8,282.23	85.4764	8,282.23	85.6921	8,282.23	85.7539	8,282.23	84.9597	8,282.23	85.6522	8,282.23	83.343	8,282.23	84.7796	8,282.23	81.4887	8,282.23	83.1464	8,282.23	79.8569	8,282.23	81.1872	8,282.23	77.9479	8,282.23	80.1688	8,282.23	74.8369	8,282.23	78.1064	8,282.23	71.9475	8,282.23	74.1037	8,282.23	68.3797	8,282.23	71.0746	8,282.23	65.349	8,282.23	68.2957	8,282.23	63.8199	8,282.23	62.774	8,282.23	61.9654	8,282.23	64.531	8,282.23	58.346	8,282.23	62.9103	8,282.23	57.5031	8,282.23	60.721	8,282.23	63.8491	8,282.23	62.5107	8,282.23	57.6147	8,282.23	63.0013	8,282.23	49.65	8,282.23	57.2907	8,282.23	37.5143
8,573.73	86.2199	8,573.73	85.8858	8,573.73	86.2682	8,573.73	85.4469	8,573.73	85.8714	8,573.73	83.5494	8,573.73	85.1662	8,573.73	81.2564	8,573.73	82.7285	8,573.73	79.898	8,573.73	81.2525	8,573.73	77.7881	8,573.73	80.2273	8,573.73	75.351	8,573.73	77.5561	8,573.73	71.2039	8,573.73	73.7615	8,573.73	68.1241	8,573.73	71.5857	8,573.73	63.1619	8,573.73	66.5022	8,573.73	61.5657	8,573.73	65.7815	8,573.73	59.2598	8,573.73	61.8515	8,573.73	57.6417	8,573.73	57.046	8,573.73	59.021	8,573.73	58.993	8,573.73	62.3068	8,573.73	59.3543	8,573.73	61.5847	8,573.73	62.1333	8,573.73	51.8424	8,573.73	50.0092	8,573.73	55.3583
8,876.95	86.4202	8,876.95	85.7928	8,876.95	86.4446	8,876.95	85.5394	8,876.95	85.9395	8,876.95	83.2608	8,876.95	85.1776	8,876.95	81.31	8,876.95	82.9264	8,876.95	80.0733	8,876.95	81.6115	8,876.95	77.0498	8,876.95	79.927	8,876.95	74.3075	8,876.95	76.3756	8,876.95	70.0597	8,876.95	72.9106	8,876.95	66.5786	8,876.95	69.8264	8,876.95	63.8342	8,876.95	67.3844	8,876.95	63.7612	8,876.95	63.7384	8,876.95	59.5311	8,876.95	64.4552	8,876.95	51.56	8,876.95	56.147	8,876.95	50.485	8,876.95	58.319	8,876.95	61.9827	8,876.95	60.2056	8,876.95	48.4053	8,876.95	61.9029	8,876.95	47.6525	8,876.95	58.1466	8,876.95	48.4129
9,188.96	86.5776	9,188.96	85.7818	9,188.96	86.6905	9,188.96	85.7191	9,188.96	86.1615	9,188.96	83.3984	9,188.96	85.3795	9,188.96	81.4308	9,188.96	83.063	9,188.96	79.3715	9,188.96	81.4172	9,188.96	76.1826	9,188.96	79.8101	9,188.96	72.1861	9,188.96	77.029	9,188.96	71.3571	9,188.96	73.4182	9,188.96	66.1735	9,188.96	71.2465	9,188.96	65.8369	9,188.96	68.3773	9,188.96	63.0587	9,188.96	64.0375	9,188.96	58.7505	9,188.96	59.5238	9,188.96	57.9775	9,188.96	60.1964	9,188.96	59.1912	9,188.96	49.6686	9,188.96	58.7223	9,188.96	60.6693	9,188.96	63.1465	9,188.96	63.5766	9,188.96	59.2454	9,188.96	51.7338	9,188.96	44.488
9,514.16	86.7073	9,514.16	86.1233	9,514.16	86.5831	9,514.16	85.8323	9,514.16	86.4027	9,514.16	83.428	9,514.16	85.3745	9,514.16	81.6807	9,514.16	83.0955	9,514.16	79.0193	9,514.16	80.7408	9,514.16	76.6084	9,514.16	79.4203	9,514.16	74.2319	9,514.16	77.259	9,514.16	71.4913	9,514.16	73.337	9,514.16	67.2143	9,514.16	71.0903	9,514.16	64.2005	9,514.16	67.554	9,514.16	61.686	9,514.16	64.4175	9,514.16	58.3857	9,514.16	58.4353	9,514.16	59.4021	9,514.16	60.8279	9,514.16	59.8515	9,514.16	52.9569	9,514.16	55.5376	9,514.16	59.7862	9,514.16	61.0313	9,514.16	63.9612	9,514.16	52.2678	9,514.16	51.7393	9,514.16	49.6323
9,849.61	86.7062	9,849.61	86.3185	9,849.61	86.6115	9,849.61	85.9401	9,849.61	86.4532	9,849.61	83.7757	9,849.61	85.422	9,849.61	81.3377	9,849.61	83.3337	9,849.61	78.8235	9,849.61	80.7299	9,849.61	76.7663	9,849.61	79.1183	9,849.61	75.042	9,849.61	76.695	9,849.61	69.9455	9,849.61	73.0155	9,849.61	67.3164	9,849.61	70.1202	9,849.61	63.8779	9,849.61	66.708	9,849.61	61.3525	9,849.61	64.0574	9,849.61	57.8617	9,849.61	61.5864	9,849.61	55.9501	9,849.61	53.741	9,849.61	53.8282	9,849.61	57.5284	9,849.61	57.4503	9,849.61	58.035	9,849.61	62.5221	9,849.61	56.602	9,849.61	56.0702	9,849.61	55.6509	9,849.61	44.4694
10,196.8	86.7001	10,196.8	86.4302	10,196.8	86.8306	10,196.8	85.8843	10,196.8	86.3499	10,196.8	83.8181	10,196.8	85.5597	10,196.8	81.1629	10,196.8	83.4489	10,196.8	79.013	10,196.8	80.9466	10,196.8	76.4876	10,196.8	79.7139	10,196.8	73.5289	10,196.8	76.5094	10,196.8	70.0491	10,196.8	72.0865	10,196.8	65.4429	10,196.8	69.5912	10,196.8	63.6803	10,196.8	67.1084	10,196.8	61.5165	10,196.8	61.892	10,196.8	56.4932	10,196.8	60.4794	10,196.8	53.3846	10,196.8	59.7418	10,196.8	54.1873	10,196.8	55.8261	10,196.8	55.8184	10,196.8	59.9272	10,196.8	61.069	10,196.8	59.5142	10,196.8	49.7887	10,196.8	53.7302	10,196.8	47.1517
10,555.7	86.7048	10,555.7	86.37	10,555.7	86.8603	10,555.7	85.7807	10,555.7	86.3107	10,555.7	83.8358	10,555.7	85.4557	10,555.7	81.3585	10,555.7	83.3875	10,555.7	79.1695	10,555.7	80.8662	10,555.7	76.2388	10,555.7	79.8823	10,555.7	72.3858	10,555.7	77.0763	10,555.7	70.7946	10,555.7	72.414	10,555.7	65.6268	10,555.7	70.1392	10,555.7	64.8689	10,555.7	67.2729	10,555.7	61.2876	10,555.7	62.174	10,555.7	59.0199	10,555.7	61.4188	10,555.7	52.7321	10,555.7	59.7554	10,555.7	54.7749	10,555.7	49.1964	10,555.7	57.502	10,555.7	59.5727	10,555.7	60.8999	10,555.7	59.7652	10,555.7	53.5044	10,555.7	36.6101	10,555.7	47.0157
10,927.7	86.5068	10,927.7	86.4989	10,927.7	86.7601	10,927.7	85.4103	10,927.7	86.1382	10,927.7	84.0048	10,927.7	85.5061	10,927.7	81.4383	10,927.7	83.3348	10,927.7	79.6812	10,927.7	81.1499	10,927.7	76.8612	10,927.7	79.7742	10,927.7	74.4462	10,927.7	76.8988	10,927.7	70.506	10,927.7	73.5343	10,927.7	67.1297	10,927.7	70.5268	10,927.7	64.1446	10,927.7	66.3902	10,927.7	62.3178	10,927.7	64.0415	10,927.7	59.9583	10,927.7	63.768	10,927.7	54.3922	10,927.7	59.6718	10,927.7	56.619	10,927.7	50.7012	10,927.7	53.5447	10,927.7	58.2147	10,927.7	60.3777	10,927.7	60.2265	10,927.7	53.968	10,927.7	51.4365	10,927.7	39.9214
11,313	86.1517	11,313	86.3357	11,313	86.6232	11,313	85.1251	11,313	85.971	11,313	84.0075	11,313	85.4428	11,313	81.2852	11,313	83.4055	11,313	79.8347	11,313	81.7578	11,313	77.3056	11,313	80.2287	11,313	74.9308	11,313	77.4811	11,313	70.8226	11,313	73.3429	11,313	67.1567	11,313	70.8469	11,313	64.9238	11,313	66.9462	11,313	62.3676	11,313	64.9378	11,313	57.7076	11,313	63.5782	11,313	53.5456	11,313	58.7932	11,313	50.6842	11,313	56.2362	11,313	57.9902	11,313	55.7404	11,313	44.452	11,313	59.0265	11,313	57.3148	11,313	54.3382	11,313	41.4543
11,712.9	86.2207	11,712.9	86.076	11,712.9	86.814	11,712.9	84.9232	11,712.9	85.5856	11,712.9	83.6532	11,712.9	85.166	11,712.9	81.8685	11,712.9	83.5695	11,712.9	79.8538	11,712.9	81.9523	11,712.9	78.1668	11,712.9	80.8086	11,712.9	74.5546	11,712.9	78.6164	11,712.9	71.8761	11,712.9	74.6975	11,712.9	67.4134	11,712.9	71.4934	11,712.9	64.7012	11,712.9	67.6042	11,712.9	61.8103	11,712.9	63.1876	11,712.9	60.8101	11,712.9	64.2624	11,712.9	56.4101	11,712.9	54.4894	11,712.9	50.5884	11,712.9	53.7087	11,712.9	56.2037	11,712.9	57.5812	11,712.9	59.0938	11,712.9	56.8629	11,712.9	58.679	11,712.9	46.6073	11,712.9	44.9453
12,126	85.9258	12,126	85.6818	12,126	86.4191	12,126	84.3597	12,126	85.2587	12,126	83.2945	12,126	84.9001	12,126	82.135	12,126	83.7539	12,126	79.585	12,126	81.3469	12,126	78.9503	12,126	81.2766	12,126	75.748	12,126	78.7391	12,126	71.1561	12,126	74.7461	12,126	68.7076	12,126	71.7749	12,126	64.4565	12,126	67.5035	12,126	62.2277	12,126	64.9383	12,126	57.3054	12,126	62.6932	12,126	53.8652	12,126	59.6491	12,126	52.9621	12,126	51.3466	12,126	55.0496	12,126	51.2524	12,126	54.9616	12,126	59.2538	12,126	51.9743	12,126	56.0497	12,126	46.147
12,553.7	85.3255	12,553.7	85.0988	12,553.7	85.7553	12,553.7	83.8039	12,553.7	84.711	12,553.7	83.1622	12,553.7	84.4648	12,553.7	81.5039	12,553.7	83.6493	12,553.7	79.9509	12,553.7	81.2745	12,553.7	78.8276	12,553.7	81.2307	12,553.7	75.8158	12,553.7	78.329	12,553.7	71.3978	12,553.7	74.147	12,553.7	68.1056	12,553.7	71.3282	12,553.7	64.8445	12,553.7	66.971	12,553.7	63.353	12,553.7	64.4344	12,553.7	59.2005	12,553.7	63.9856	12,553.7	57.3401	12,553.7	55.5682	12,553.7	50.3028	12,553.7	56.083	12,553.7	47.477	12,553.7	54.6735	12,553.7	62.6225	12,553.7	56.0228	12,553.7	55.9721	12,553.7	46.376	12,553.7	50.7651
12,996.1	84.8468	12,996.1	84.1323	12,996.1	85.2588	12,996.1	83.2212	12,996.1	83.9016	12,996.1	82.5181	12,996.1	83.7347	12,996.1	81.1634	12,996.1	83.4179	12,996.1	80.01	12,996.1	81.427	12,996.1	78.1162	12,996.1	81.1443	12,996.1	75.2256	12,996.1	78.9621	12,996.1	71.9965	12,996.1	74.7176	12,996.1	67.9404	12,996.1	71.7887	12,996.1	64.4421	12,996.1	67.2578	12,996.1	63.0739	12,996.1	64.2265	12,996.1	58.5888	12,996.1	63.6096	12,996.1	57.4613	12,996.1	56.9849	12,996.1	43.5447	12,996.1	53.1617	12,996.1	54.6716	12,996.1	50.7973	12,996.1	57.9885	12,996.1	55.925	12,996.1	55.6183	12,996.1	40.3278	12,996.1	57.3544
13,454.6	84.3379	13,454.6	83.5179	13,454.6	84.5328	13,454.6	82.3704	13,454.6	83.5352	13,454.6	82.0758	13,454.6	83.431	13,454.6	81.3372	13,454.6	83.2218	13,454.6	79.5769	13,454.6	81.588	13,454.6	78.0426	13,454.6	81.1476	13,454.6	74.9124	13,454.6	78.989	13,454.6	71.3021	13,454.6	73.684	13,454.6	66.6679	13,454.6	71.2212	13,454.6	63.1986	13,454.6	66.2138	13,454.6	62.9921	13,454.6	62.6579	13,454.6	59.2973	13,454.6	62.577	13,454.6	59.7242	13,454.6	58.6015	13,454.6	46.0452	13,454.6	55.3883	13,454.6	55.7184	13,454.6	53.4706	13,454.6	54.4683	13,454.6	56.2786	13,454.6	60.5443	13,454.6	41.363	13,454.6	53.682
13,929.2	84.4868	13,929.2	83.4537	13,929.2	84.6051	13,929.2	82.5742	13,929.2	83.5699	13,929.2	82.488	13,929.2	83.7858	13,929.2	81.7268	13,929.2	83.1449	13,929.2	79.3984	13,929.2	81.4771	13,929.2	78.3426	13,929.2	80.8907	13,929.2	74.7337	13,929.2	78.5765	13,929.2	71.0569	13,929.2	73.0069	13,929.2	65.6785	13,929.2	70.7337	13,929.2	62.6081	13,929.2	64.5815	13,929.2	63.3332	13,929.2	62.2889	13,929.2	60.058	13,929.2	62.5931	13,929.2	59.3124	13,929.2	58.3976	13,929.2	39.6542	13,929.2	56.8635	13,929.2	55.0742	13,929.2	51.1721	13,929.2	55.576	13,929.2	54.5542	13,929.2	57.7732	13,929.2	51.2971	13,929.2	47.7482
14,419.9	85.1208	14,419.9	84.0965	14,419.9	85.1819	14,419.9	83.353	14,419.9	84.2892	14,419.9	82.4071	14,419.9	83.8832	14,419.9	81.7763	14,419.9	83.7078	14,419.9	79.3835	14,419.9	81.7431	14,419.9	78.1389	14,419.9	80.83	14,419.9	74.4632	14,419.9	77.9304	14,419.9	70.3701	14,419.9	73.0809	14,419.9	65.8743	14,419.9	70.4744	14,419.9	62.5067	14,419.9	64.0588	14,419.9	62.6879	14,419.9	62.9233	14,419.9	59.2587	14,419.9	61.2679	14,419.9	59.078	14,419.9	57.3115	14,419.9	47.0846	14,419.9	55.9405	14,419.9	48.9576	14,419.9	34.218	14,419.9	48.1866	14,419.9	56.8139	14,419.9	52.1825	14,419.9	55.7917	14,419.9	47.9696
14,928.2	85.6028	14,928.2	84.8614	14,928.2	85.7536	14,928.2	83.7019	14,928.2	85.1806	14,928.2	82.7118	14,928.2	84.5073	14,928.2	82.28	14,928.2	83.9279	14,928.2	79.1953	14,928.2	81.6537	14,928.2	77.4718	14,928.2	80.5789	14,928.2	74.4054	14,928.2	77.9601	14,928.2	69.8757	14,928.2	71.9265	14,928.2	65.3773	14,928.2	70.2549	14,928.2	61.7559	14,928.2	62.7017	14,928.2	62.2394	14,928.2	62.7282	14,928.2	58.6506	14,928.2	60.7078	14,928.2	56.7907	14,928.2	60.0542	14,928.2	50.5825	14,928.2	48.6387	14,928.2	40.9556	14,928.2	49.4678	14,928.2	48.4537	14,928.2	54.2908	14,928.2	49.635	14,928.2	57.4736	14,928.2	51.0151
15,455.6	86.0808	15,455.6	85.4304	15,455.6	86.4272	15,455.6	84.3026	15,455.6	85.9285	15,455.6	83.1396	15,455.6	84.996	15,455.6	82.1093	15,455.6	84.3143	15,455.6	78.9549	15,455.6	82.1989	15,455.6	76.9567	15,455.6	80.1196	15,455.6	73.9773	15,455.6	77.5833	15,455.6	68.5773	15,455.6	71.5843	15,455.6	63.7474	15,455.6	69.2296	15,455.6	60.3609	15,455.6	61.8054	15,455.6	60.1362	15,455.6	61.625	15,455.6	56.6084	15,455.6	59.4425	15,455.6	56.7406	15,455.6	52.0756	15,455.6	30.7548	15,455.6	50.197	15,455.6	43.5765	15,455.6	45.8145	15,455.6	43.4385	15,455.6	53.348	15,455.6	49.4371	15,455.6	47.5097	15,455.6	49.2974
16,000.5	86.5577	16,000.5	85.8818	16,000.5	86.961	16,000.5	84.6306	16,000.5	86.3938	16,000.5	83.1043	16,000.5	85.4597	16,000.5	82.2918	16,000.5	84.5167	16,000.5	78.7949	16,000.5	82.1076	16,000.5	76.8495	16,000.5	79.9182	16,000.5	73.179	16,000.5	77.3287	16,000.5	67.8026	16,000.5	71.2682	16,000.5	62.1951	16,000.5	68.5427	16,000.5	61.158	16,000.5	61.4656	16,000.5	58.1265	16,000.5	61.4306	16,000.5	51.5672	16,000.5	59.1675	16,000.5	52.5824	16,000.5	60.2363	16,000.5	42.3578	16,000.5	44.515	16,000.5	44.9634	16,000.5	41.6937	16,000.5	51.0966	16,000.5	46.3475	16,000.5	49.8279	16,000.5	49.9681	16,000.5	49.1071
16,564.5	86.8758	16,564.5	86.2786	16,564.5	87.3517	16,564.5	84.8446	16,564.5	86.787	16,564.5	83.4069	16,564.5	85.9237	16,564.5	82.5617	16,564.5	84.6532	16,564.5	78.6496	16,564.5	81.9954	16,564.5	76.5394	16,564.5	79.3847	16,564.5	72.5055	16,564.5	76.0325	16,564.5	67.4233	16,564.5	69.7897	16,564.5	61.5783	16,564.5	67.0858	16,564.5	60.4133	16,564.5	59.9945	16,564.5	57.3283	16,564.5	59.6078	16,564.5	52.2108	16,564.5	57.222	16,564.5	53.695	16,564.5	59.779	16,564.5	45.743	16,564.5	49.8238	16,564.5	46.5226	16,564.5	48.5421	16,564.5	51.7152	16,564.5	47.1031	16,564.5	50.9629	16,564.5	46.5735	16,564.5	45.7551
17,148.9	87.2218	17,148.9	86.4899	17,148.9	87.7547	17,148.9	85.0966	17,148.9	87.0195	17,148.9	83.5407	17,148.9	86.0997	17,148.9	82.257	17,148.9	84.3478	17,148.9	78.2917	17,148.9	81.3667	17,148.9	75.5505	17,148.9	77.9995	17,148.9	71.5726	17,148.9	74.1068	17,148.9	65.6915	17,148.9	67.1174	17,148.9	59.5234	17,148.9	64.1887	17,148.9	59.4341	17,148.9	56.5416	17,148.9	55.6713	17,148.9	56.2872	17,148.9	51.1386	17,148.9	55.9155	17,148.9	50.3904	17,148.9	56.4893	17,148.9	45.7548	17,148.9	49.9335	17,148.9	47.8057	17,148.9	46.0356	17,148.9	52.6393	17,148.9	40.6175	17,148.9	50.4152	17,148.9	39.0775	17,148.9	34.8311
17,752.4	87.3987	17,752.4	86.6709	17,752.4	87.973	17,752.4	85.1652	17,752.4	87.2212	17,752.4	83.5382	17,752.4	86.2021	17,752.4	81.9494	17,752.4	84.2365	17,752.4	77.7008	17,752.4	80.9665	17,752.4	74.3061	17,752.4	76.8503	17,752.4	69.1186	17,752.4	72.2165	17,752.4	63.0592	17,752.4	64.7893	17,752.4	56.9647	17,752.4	61.5454	17,752.4	57.7371	17,752.4	56.7506	17,752.4	52.9101	17,752.4	54.877	17,752.4	48.4279	17,752.4	54.1487	17,752.4	51.6334	17,752.4	50.9579	17,752.4	45.7694	17,752.4	49.3516	17,752.4	45.7415	17,752.4	42.4434	17,752.4	48.6175	17,752.4	49.7898	17,752.4	52.7108	17,752.4	51.4064	17,752.4	40.2456
18,379.4	87.441	18,379.4	86.7357	18,379.4	88.0197	18,379.4	85.5571	18,379.4	87.3777	18,379.4	83.8026	18,379.4	86.3878	18,379.4	82.1249	18,379.4	84.2631	18,379.4	77.2458	18,379.4	80.4313	18,379.4	72.7618	18,379.4	75.7376	18,379.4	66.3863	18,379.4	69.9522	18,379.4	58.9557	18,379.4	61.0763	18,379.4	57.3797	18,379.4	56.8467	18,379.4	52.215	18,379.4	54.3306	18,379.4	49.5329	18,379.4	52.158	18,379.4	44.4319	18,379.4	45.0263	18,379.4	47.9505	18,379.4	50.7325	18,379.4	37.7212	18,379.4	50.5205	18,379.4	38.1954	18,379.4	49.2385	18,379.4	53.9565	18,379.4	47.7926	18,379.4	50.915	18,379.4	52.7881	18,379.4	46.1015
19,026.9	87.5628	19,026.9	87.1483	19,026.9	88.2288	19,026.9	86.4417	19,026.9	87.825	19,026.9	84.7532	19,026.9	87.0963	19,026.9	82.6997	19,026.9	84.938	19,026.9	77.4074	19,026.9	80.479	19,026.9	71.7862	19,026.9	74.8879	19,026.9	64.1899	19,026.9	67.4751	19,026.9	57.0271	19,026.9	56.7688	19,026.9	48.9926	19,026.9	50.6928	19,026.9	53.839	19,026.9	48.7003	19,026.9	50.5424	19,026.9	42.9367	19,026.9	45.5265	19,026.9	45.3774	19,026.9	48.9159	19,026.9	34.5389	19,026.9	47.1277	19,026.9	51.5535	19,026.9	48.2044	19,026.9	50.4174	19,026.9	44.2078	19,026.9	49.87	19,026.9	47.2249	19,026.9	54.6824	19,026.9	48.2222
19,697.8	87.8409	19,697.8	87.933	19,697.8	88.669	19,697.8	87.9551	19,697.8	88.9771	19,697.8	86.4513	19,697.8	88.6454	19,697.8	83.9623	19,697.8	86.3926	19,697.8	77.7657	19,697.8	81.3278	19,697.8	69.7284	19,697.8	73.6702	19,697.8	61.3394	19,697.8	60.4403	19,697.8	52.8992	19,697.8	51.7247	19,697.8	43.8639	19,697.8	54.1845	19,697.8	36.7568	19,697.8	47.7253	19,697.8	41.3604	19,697.8	42.2091	19,697.8	39.5977	19,697.8	44.6096	19,697.8	47.4948	19,697.8	43.1301	19,697.8	47.3171	19,697.8	47.324	19,697.8	49.6429	19,697.8	40.4816	19,697.8	46.7422	19,697.8	49.3228	19,697.8	47.8079	19,697.8	46.4869	19,697.8	53.2096
19,999.5	88.067	19,999.5	88.0841	19,999.5	88.9595	19,999.5	88.6312	19,999.5	89.7032	19,999.5	87.0403	19,999.5	89.6488	19,999.5	84.8586	19,999.5	87.1627	19,999.5	78.0845	19,999.5	81.1302	19,999.5	66.3031	19,999.5	73.2697	19,999.5	59.1003	19,999.5	58.6406	19,999.5	61.5273	19,999.5	63.1208	19,999.5	41.1942	19,999.5	56.8151	19,999.5	51.9451	19,999.5	61.1103	19,999.5	61.3606	19,999.5	50.1269	19,999.5	53.3403	19,999.5	53.3754	19,999.5	55.1043	19,999.5	59.9589	19,999.5	53.6521	19,999.5	49.0991	19,999.5	56.6207	19,999.5	50.943	19,999.5	53.4428	19,999.5	59.489	19,999.5	55.1679	19,999.5	56.0403	19,999.5	53.2253
