"SPL Horizontal"																																																																							
"On-Axis"		"10°"		"-10°"		"20°"		"-20°"		"30°"		"-30°"		"40°"		"-40°"		"50°"		"-50°"		"60°"		"-60°"		"70°"		"-70°"		"80°"		"-80°"		"90°"		"-90°"		"100°"		"-100°"		"110°"		"-110°"		"120°"		"-120°"		"130°"		"-130°"		"140°"		"-140°"		"150°"		"-150°"		"160°"		"-160°"		"170°"		"-170°"		"180°"	
"Frequency / Hz"	"Sound Pressure Level / dB (re 20 µPa)  [2.83V at 1m]"	"Frequency / Hz"	"Sound Pressure Level / dB (re 20 µPa)  [2.83V at 1m]"	"Frequency / Hz"	"Sound Pressure Level / dB (re 20 µPa)  [2.83V at 1m]"	"Frequency / Hz"	"Sound Pressure Level / dB (re 20 µPa)  [2.83V at 1m]"	"Frequency / Hz"	"Sound Pressure Level / dB (re 20 µPa)  [2.83V at 1m]"	"Frequency / Hz"	"Sound Pressure Level / dB (re 20 µPa)  [2.83V at 1m]"	"Frequency / Hz"	"Sound Pressure Level / dB (re 20 µPa)  [2.83V at 1m]"	"Frequency / Hz"	"Sound Pressure Level / dB (re 20 µPa)  [2.83V at 1m]"	"Frequency / Hz"	"Sound Pressure Level / dB (re 20 µPa)  [2.83V at 1m]"	"Frequency / Hz"	"Sound Pressure Level / dB (re 20 µPa)  [2.83V at 1m]"	"Frequency / Hz"	"Sound Pressure Level / dB (re 20 µPa)  [2.83V at 1m]"	"Frequency / Hz"	"Sound Pressure Level / dB (re 20 µPa)  [2.83V at 1m]"	"Frequency / Hz"	"Sound Pressure Level / dB (re 20 µPa)  [2.83V at 1m]"	"Frequency / Hz"	"Sound Pressure Level / dB (re 20 µPa)  [2.83V at 1m]"	"Frequency / Hz"	"Sound Pressure Level / dB (re 20 µPa)  [2.83V at 1m]"	"Frequency / Hz"	"Sound Pressure Level / dB (re 20 µPa)  [2.83V at 1m]"	"Frequency / Hz"	"Sound Pressure Level / dB (re 20 µPa)  [2.83V at 1m]"	"Frequency / Hz"	"Sound Pressure Level / dB (re 20 µPa)  [2.83V at 1m]"	"Frequency / Hz"	"Sound Pressure Level / dB (re 20 µPa)  [2.83V at 1m]"	"Frequency / Hz"	"Sound Pressure Level / dB (re 20 µPa)  [2.83V at 1m]"	"Frequency / Hz"	"Sound Pressure Level / dB (re 20 µPa)  [2.83V at 1m]"	"Frequency / Hz"	"Sound Pressure Level / dB (re 20 µPa)  [2.83V at 1m]"	"Frequency / Hz"	"Sound Pressure Level / dB (re 20 µPa)  [2.83V at 1m]"	"Frequency / Hz"	"Sound Pressure Level / dB (re 20 µPa)  [2.83V at 1m]"	"Frequency / Hz"	"Sound Pressure Level / dB (re 20 µPa)  [2.83V at 1m]"	"Frequency / Hz"	"Sound Pressure Level / dB (re 20 µPa)  [2.83V at 1m]"	"Frequency / Hz"	"Sound Pressure Level / dB (re 20 µPa)  [2.83V at 1m]"	"Frequency / Hz"	"Sound Pressure Level / dB (re 20 µPa)  [2.83V at 1m]"	"Frequency / Hz"	"Sound Pressure Level / dB (re 20 µPa)  [2.83V at 1m]"	"Frequency / Hz"	"Sound Pressure Level / dB (re 20 µPa)  [2.83V at 1m]"	"Frequency / Hz"	"Sound Pressure Level / dB (re 20 µPa)  [2.83V at 1m]"	"Frequency / Hz"	"Sound Pressure Level / dB (re 20 µPa)  [2.83V at 1m]"	"Frequency / Hz"	"Sound Pressure Level / dB (re 20 µPa)  [2.83V at 1m]"	"Frequency / Hz"	"Sound Pressure Level / dB (re 20 µPa)  [2.83V at 1m]"	"Frequency / Hz"	"Sound Pressure Level / dB (re 20 µPa)  [2.83V at 1m]"	"Frequency / Hz"	"Sound Pressure Level / dB (re 20 µPa)  [2.83V at 1m]"
20.5078	60.439	20.5078	60.5524	20.5078	60.2811	20.5078	60.6142	20.5078	60.0976	20.5078	60.6284	20.5078	59.9222	20.5078	60.6104	20.5078	59.8046	20.5078	60.5889	20.5078	59.8069	20.5078	60.6066	20.5078	59.9903	20.5078	60.7163	20.5078	60.3904	20.5078	60.9692	20.5078	60.9983	20.5078	61.3946	20.5078	61.762	20.5078	61.9837	20.5078	62.6076	20.5078	62.6894	20.5078	63.4621	20.5078	63.4456	20.5078	64.2668	20.5078	64.1882	20.5078	64.9793	20.5078	64.8684	20.5078	65.5707	20.5078	65.4529	20.5078	66.022	20.5078	65.9196	20.5078	66.3205	20.5078	66.2515	20.5078	66.4587	20.5078	66.4344
21.2402	64.2433	21.2402	64.282	21.2402	64.2084	21.2402	64.3235	21.2402	64.1847	21.2402	64.3735	21.2402	64.1862	21.2402	64.4438	21.2402	64.2321	21.2402	64.552	21.2402	64.3447	21.2402	64.7188	21.2402	64.5449	21.2402	64.9644	21.2402	64.8467	21.2402	65.3024	21.2402	65.2516	21.2402	65.7346	21.2402	65.7466	21.2402	66.2473	21.2402	66.3062	21.2402	66.8132	21.2402	66.8982	21.2402	67.3971	21.2402	67.489	21.2402	67.9625	21.2402	68.0473	21.2402	68.4761	21.2402	68.5464	21.2402	68.91	21.2402	68.9628	21.2402	69.2412	21.2402	69.276	21.2402	69.4515	21.2402	69.4687	21.2402	69.5288
21.9727	65.5784	21.9727	65.6167	21.9727	65.5468	21.9727	65.6628	21.9727	65.5267	21.9727	65.7231	21.9727	65.5283	21.9727	65.8093	21.9727	65.5672	21.9727	65.9374	21.9727	65.6626	21.9727	66.1247	21.9727	65.8342	21.9727	66.387	21.9727	66.0976	21.9727	66.7335	21.9727	66.4594	21.9727	67.1627	21.9727	66.9133	21.9727	67.661	21.9727	67.4401	21.9727	68.2038	21.9727	68.0112	21.9727	68.7599	21.9727	68.5929	21.9727	69.2956	21.9727	69.1518	21.9727	69.7786	21.9727	69.6574	21.9727	70.1806	21.9727	70.0838	21.9727	70.4787	21.9727	70.4102	21.9727	70.6564	21.9727	70.6206	21.9727	70.7043
22.7051	66.8897	22.7051	66.9729	22.7051	66.8099	22.7051	67.0583	22.7051	66.7398	22.7051	67.1493	22.7051	66.6909	22.7051	67.2536	22.7051	66.6795	22.7051	67.3822	22.7051	66.726	22.7051	67.5481	22.7051	66.8518	22.7051	67.764	22.7051	67.0743	22.7051	68.0386	22.7051	67.4007	22.7051	68.3741	22.7051	67.8245	22.7051	68.7641	22.7051	68.324	22.7051	69.1937	22.7051	68.8671	22.7051	69.6408	22.7051	69.4174	22.7051	70.0796	22.7051	69.9396	22.7051	70.4833	22.7051	70.404	22.7051	70.8273	22.7051	70.7873	22.7051	71.0903	22.7051	71.0727	22.7051	71.255	22.7051	71.2488	22.7051	71.3097
23.4375	68.6165	23.4375	68.6468	23.4375	68.5907	23.4375	68.6803	23.4375	68.5753	23.4375	68.7205	23.4375	68.5802	23.4375	68.7751	23.4375	68.6189	23.4375	68.8556	23.4375	68.7067	23.4375	68.976	23.4375	68.8579	23.4375	69.151	23.4375	69.0833	23.4375	69.3922	23.4375	69.3864	23.4375	69.7052	23.4375	69.7616	23.4375	70.0864	23.4375	70.1947	23.4375	70.5215	23.4375	70.664	23.4375	70.9868	23.4375	71.1434	23.4375	71.4526	23.4375	71.6053	23.4375	71.8875	23.4375	72.0227	23.4375	72.2627	23.4375	72.3714	23.4375	72.5544	23.4375	72.6305	23.4375	72.7451	23.4375	72.7844	23.4375	72.8233
24.1699	70.0427	24.1699	70.0945	24.1699	69.9942	24.1699	70.15	24.1699	69.9516	24.1699	70.2129	24.1699	69.9213	24.1699	70.2897	24.1699	69.9125	24.1699	70.3896	24.1699	69.9374	24.1699	70.5226	24.1699	70.0102	24.1699	70.6988	24.1699	70.1447	24.1699	70.9258	24.1699	70.3514	24.1699	71.2066	24.1699	70.6345	24.1699	71.5376	24.1699	70.9889	24.1699	71.908	24.1699	71.3997	24.1699	72.2997	24.1699	71.8442	24.1699	72.6889	24.1699	72.2945	24.1699	73.0484	24.1699	72.7218	24.1699	73.3509	24.1699	73.0984	24.1699	73.5728	24.1699	73.4002	24.1699	73.6955	24.1699	73.6079	24.1699	73.7082
25.6348	71.2017	25.6348	71.2092	25.6348	71.21	25.6348	71.2323	25.6348	71.2375	25.6348	71.2744	25.6348	71.2906	25.6348	71.3418	25.6348	71.3778	25.6348	71.4436	25.6348	71.5088	25.6348	71.5898	25.6348	71.6927	25.6348	71.7902	25.6348	71.9358	25.6348	72.052	25.6348	72.2399	25.6348	72.377	25.6348	72.6003	25.6348	72.7603	25.6348	73.0056	25.6348	73.1885	25.6348	73.4387	25.6348	73.6408	25.6348	73.8781	25.6348	74.091	25.6348	74.3007	25.6348	74.5109	25.6348	74.6833	25.6348	74.8737	25.6348	75.004	25.6348	75.1564	25.6348	75.2433	25.6348	75.3419	25.6348	75.3853	25.6348	75.4194
26.3672	72.7316	26.3672	72.782	26.3672	72.6951	26.3672	72.8459	26.3672	72.6753	26.3672	72.9252	26.3672	72.6778	26.3672	73.0241	26.3672	72.7098	26.3672	73.1481	26.3672	72.7801	26.3672	73.3035	26.3672	72.8979	26.3672	73.4956	26.3672	73.0706	26.3672	73.7277	26.3672	73.3023	26.3672	73.9999	26.3672	73.5914	26.3672	74.3074	26.3672	73.9304	26.3672	74.6408	26.3672	74.3053	26.3672	74.9856	26.3672	74.6973	26.3672	75.3236	26.3672	75.0846	26.3672	75.6343	26.3672	75.4445	26.3672	75.8969	26.3672	75.7554	26.3672	76.0928	26.3672	75.9988	26.3672	76.2072	26.3672	76.1603	26.3672	76.2308
27.0996	73.3194	27.0996	73.3512	27.0996	73.3043	27.0996	73.399	27.0996	73.3087	27.0996	73.4645	27.0996	73.3376	27.0996	73.5509	27.0996	73.3978	27.0996	73.6633	27.0996	73.4972	27.0996	73.807	27.0996	73.6434	27.0996	73.9874	27.0996	73.8424	27.0996	74.208	27.0996	74.0964	27.0996	74.4697	27.0996	74.4022	27.0996	74.7694	27.0996	74.7512	27.0996	75.099	27.0996	75.1286	27.0996	75.4461	27.0996	75.5154	27.0996	75.7939	27.0996	75.8896	27.0996	76.1228	27.0996	76.2284	27.0996	76.4122	27.0996	76.5105	27.0996	76.6425	27.0996	76.7179	27.0996	76.7972	27.0996	76.838	27.0996	76.8644
27.832	74.1481	27.832	74.1561	27.832	74.1623	27.832	74.1866	27.832	74.2004	27.832	74.2417	27.832	74.2658	27.832	74.3253	27.832	74.3633	27.832	74.4419	27.832	74.4982	27.832	74.5967	27.832	74.6757	27.832	74.7937	27.832	74.8991	27.832	75.0354	27.832	75.1685	27.832	75.3211	27.832	75.4805	27.832	75.646	27.832	75.8266	27.832	76.0005	27.832	76.1943	27.832	76.3702	27.832	76.5668	27.832	76.7366	27.832	76.9245	27.832	77.0791	27.832	77.2466	27.832	77.377	27.832	77.5132	27.832	77.6119	27.832	77.7079	27.832	77.7691	27.832	77.8187	27.832	77.8395
29.2969	76.6761	29.2969	76.685	29.2969	76.692	29.2969	76.7186	29.2969	76.7335	29.2969	76.7779	29.2969	76.8021	29.2969	76.8644	29.2969	76.9001	29.2969	76.98	29.2969	77.0298	29.2969	77.1269	29.2969	77.1933	29.2969	77.3074	29.2969	77.3919	29.2969	77.5225	29.2969	77.6254	29.2969	77.772	29.2969	77.8911	29.2969	78.0524	29.2969	78.1834	29.2969	78.3568	29.2969	78.493	29.2969	78.6741	29.2969	78.8075	29.2969	78.9894	29.2969	79.1117	29.2969	79.2853	29.2969	79.389	29.2969	79.543	29.2969	79.6229	29.2969	79.745	29.2969	79.7986	29.2969	79.8774	29.2969	79.9041	29.2969	79.9313
30.0293	77.097	30.0293	77.0905	30.0293	77.1227	30.0293	77.1037	30.0293	77.1676	30.0293	77.1382	30.0293	77.233	30.0293	77.1962	30.0293	77.3203	30.0293	77.2806	30.0293	77.4319	30.0293	77.3944	30.0293	77.5701	30.0293	77.5404	30.0293	77.7369	30.0293	77.7203	30.0293	77.9333	30.0293	77.934	30.0293	78.158	30.0293	78.1784	30.0293	78.407	30.0293	78.447	30.0293	78.6726	30.0293	78.7297	30.0293	78.9438	30.0293	79.0127	30.0293	79.2066	30.0293	79.2803	30.0293	79.4457	30.0293	79.5159	30.0293	79.6455	30.0293	79.7037	30.0293	79.7925	30.0293	79.8311	30.0293	79.8761	30.0293	79.8896
31.4941	77.5902	31.4941	77.6051	31.4941	77.5967	31.4941	77.6414	31.4941	77.6248	31.4941	77.6996	31.4941	77.6756	31.4941	77.7804	31.4941	77.75	31.4941	77.8853	31.4941	77.8494	31.4941	78.0153	31.4941	77.9753	31.4941	78.1714	31.4941	78.1285	31.4941	78.3539	31.4941	78.3089	31.4941	78.5614	31.4941	78.5152	31.4941	78.7909	31.4941	78.7436	31.4941	79.0366	31.4941	78.9881	31.4941	79.2899	31.4941	79.2402	31.4941	79.539	31.4941	79.489	31.4941	79.7701	31.4941	79.7217	31.4941	79.9679	31.4941	79.9249	31.4941	80.1182	31.4941	80.0853	31.4941	80.2092	31.4941	80.1913	31.4941	80.234
32.2266	77.8458	32.2266	77.8448	32.2266	77.8682	32.2266	77.8656	32.2266	77.9121	32.2266	77.9085	32.2266	77.9779	32.2266	77.9744	32.2266	78.0661	32.2266	78.0642	32.2266	78.1773	32.2266	78.179	32.2266	78.3122	32.2266	78.3197	32.2266	78.4708	32.2266	78.4867	32.2266	78.6525	32.2266	78.679	32.2266	78.8554	32.2266	78.8943	32.2266	79.076	32.2266	79.1279	32.2266	79.3086	32.2266	79.3724	32.2266	79.5451	32.2266	79.6177	32.2266	79.7751	32.2266	79.8511	32.2266	79.9864	32.2266	80.0586	32.2266	80.1654	32.2266	80.2255	32.2266	80.2993	32.2266	80.3393	32.2266	80.3769	32.2266	80.391
33.6914	78.585	33.6914	78.5892	33.6914	78.598	33.6914	78.6108	33.6914	78.6281	33.6914	78.65	33.6914	78.6756	33.6914	78.7074	33.6914	78.7409	33.6914	78.7838	33.6914	78.8243	33.6914	78.8799	33.6914	78.9264	33.6914	78.9962	33.6914	79.0473	33.6914	79.1327	33.6914	79.1868	33.6914	79.2882	33.6914	79.3441	33.6914	79.4603	33.6914	79.517	33.6914	79.6451	33.6914	79.7016	33.6914	79.8365	33.6914	79.8919	33.6914	80.027	33.6914	80.0794	33.6914	80.2068	33.6914	80.2537	33.6914	80.365	33.6914	80.4036	33.6914	80.4905	33.6914	80.518	33.6914	80.5734	33.6914	80.5876	33.6914	80.6067
34.4238	78.7231	34.4238	78.7296	34.4238	78.7336	34.4238	78.7532	34.4238	78.7612	34.4238	78.794	34.4238	78.8061	34.4238	78.8524	34.4238	78.8687	34.4238	78.9288	34.4238	78.9491	34.4238	79.0239	34.4238	79.0476	34.4238	79.1379	34.4238	79.1643	34.4238	79.2708	34.4238	79.2987	34.4238	79.4214	34.4238	79.4495	34.4238	79.5874	34.4238	79.6143	34.4238	79.7649	34.4238	79.7893	34.4238	79.948	34.4238	79.9687	34.4238	80.1288	34.4238	80.1449	34.4238	80.2979	34.4238	80.309	34.4238	80.4446	34.4238	80.4512	34.4238	80.5587	34.4238	80.5619	34.4238	80.6311	34.4238	80.6323	34.4238	80.6562
35.8887	78.8525	35.8887	78.8645	35.8887	78.8568	35.8887	78.8925	35.8887	78.8774	35.8887	78.9366	35.8887	78.9144	35.8887	78.9965	35.8887	78.9679	35.8887	79.0724	35.8887	79.038	35.8887	79.1641	35.8887	79.1246	35.8887	79.2714	35.8887	79.2278	35.8887	79.3938	35.8887	79.347	35.8887	79.5301	35.8887	79.4813	35.8887	79.6778	35.8887	79.6285	35.8887	79.8335	35.8887	79.7853	35.8887	79.9921	35.8887	79.9467	35.8887	80.1471	35.8887	80.1061	35.8887	80.2905	35.8887	80.2554	35.8887	80.4138	35.8887	80.3858	35.8887	80.5081	35.8887	80.4885	35.8887	80.5659	35.8887	80.5557	35.8887	80.5823
37.3535	79.0917	37.3535	79.0962	37.3535	79.1043	37.3535	79.1177	37.3535	79.134	37.3535	79.1557	37.3535	79.1807	37.3535	79.2099	37.3535	79.2441	37.3535	79.28	37.3535	79.3236	37.3535	79.3654	37.3535	79.4185	37.3535	79.4656	37.3535	79.5278	37.3535	79.5797	37.3535	79.6501	37.3535	79.7061	37.3535	79.7833	37.3535	79.8428	37.3535	79.9248	37.3535	79.9865	37.3535	80.0711	37.3535	80.1331	37.3535	80.2174	37.3535	80.2775	37.3535	80.358	37.3535	80.4135	37.3535	80.4861	37.3535	80.5338	37.3535	80.594	37.3535	80.6309	37.3535	80.6741	37.3535	80.6975	37.3535	80.7201	37.3535	80.7282
38.8184	79.0718	38.8184	79.0832	38.8184	79.076	38.8184	79.1098	38.8184	79.0956	38.8184	79.1513	38.8184	79.1302	38.8184	79.2069	38.8184	79.1791	38.8184	79.2754	38.8184	79.2415	38.8184	79.3556	38.8184	79.3164	38.8184	79.4459	38.8184	79.4025	38.8184	79.5443	38.8184	79.4984	38.8184	79.6486	38.8184	79.6024	38.8184	79.7563	38.8184	79.7122	38.8184	79.8644	38.8184	79.8251	38.8184	79.9698	38.8184	79.9374	38.8184	80.0688	38.8184	80.0447	38.8184	80.1576	38.8184	80.1418	38.8184	80.2323	38.8184	80.2234	38.8184	80.289	38.8184	80.285	38.8184	80.3245	38.8184	80.3231	38.8184	80.3363
39.5508	79.0168	39.5508	79.0171	39.5508	79.0321	39.5508	79.0328	39.5508	79.0627	39.5508	79.0637	39.5508	79.1081	39.5508	79.1091	39.5508	79.1676	39.5508	79.1682	39.5508	79.2404	39.5508	79.24	39.5508	79.3251	39.5508	79.3234	39.5508	79.4204	39.5508	79.4168	39.5508	79.5248	39.5508	79.5188	39.5508	79.6363	39.5508	79.6273	39.5508	79.7525	39.5508	79.7401	39.5508	79.8704	39.5508	79.8543	39.5508	79.9861	39.5508	79.9667	39.5508	80.0947	39.5508	80.0732	39.5508	80.1906	39.5508	80.169	39.5508	80.2677	39.5508	80.2489	39.5508	80.3206	39.5508	80.3077	39.5508	80.3455	39.5508	80.3409
41.0156	79.4056	41.0156	79.3978	41.0156	79.4278	41.0156	79.4046	41.0156	79.4642	41.0156	79.4257	41.0156	79.514	41.0156	79.4608	41.0156	79.5764	41.0156	79.5092	41.0156	79.6502	41.0156	79.5701	41.0156	79.7342	41.0156	79.6425	41.0156	79.8268	41.0156	79.7253	41.0156	79.9262	41.0156	79.8174	41.0156	80.0304	41.0156	79.9171	41.0156	80.137	41.0156	80.0224	41.0156	80.2432	41.0156	80.1307	41.0156	80.3453	41.0156	80.2389	41.0156	80.4391	41.0156	80.3429	41.0156	80.5197	41.0156	80.4382	41.0156	80.582	41.0156	80.5197	41.0156	80.6215	41.0156	80.5823	41.0156	80.6351	41.0156	80.6217
42.4805	79.8434	42.4805	79.8368	42.4805	79.8633	42.4805	79.8436	42.4805	79.8957	42.4805	79.8635	42.4805	79.9398	42.4805	79.8962	42.4805	79.9945	42.4805	79.9408	42.4805	80.0584	42.4805	79.996	42.4805	80.13	42.4805	80.0607	42.4805	80.2076	42.4805	80.1334	42.4805	80.2897	42.4805	80.2126	42.4805	80.3744	42.4805	80.2969	42.4805	80.4599	42.4805	80.3844	42.4805	80.5441	42.4805	80.4733	42.4805	80.6245	42.4805	80.5609	42.4805	80.6981	42.4805	80.6441	42.4805	80.7618	42.4805	80.7189	42.4805	80.812	42.4805	80.7812	42.4805	80.8458	42.4805	80.8274	42.4805	80.8604	42.4805	80.8543
43.9453	79.8583	43.9453	79.853	43.9453	79.8749	43.9453	79.8591	43.9453	79.9024	43.9453	79.8763	43.9453	79.9401	43.9453	79.9041	43.9453	79.987	43.9453	79.9416	43.9453	80.0419	43.9453	79.9876	43.9453	80.1034	43.9453	80.0412	43.9453	80.1702	43.9453	80.101	43.9453	80.2407	43.9453	80.1661	43.9453	80.3134	43.9453	80.2352	43.9453	80.3866	43.9453	80.3071	43.9453	80.4587	43.9453	80.3805	43.9453	80.5276	43.9453	80.4537	43.9453	80.5909	43.9453	80.5244	43.9453	80.6456	43.9453	80.5897	43.9453	80.6885	43.9453	80.6462	43.9453	80.7163	43.9453	80.6899	43.9453	80.7263	43.9453	80.7173
45.4102	80.0773	45.4102	80.0751	45.4102	80.0911	45.4102	80.0847	45.4102	80.1161	45.4102	80.1057	45.4102	80.1514	45.4102	80.1373	45.4102	80.1957	45.4102	80.1785	45.4102	80.2479	45.4102	80.2278	45.4102	80.3062	45.4102	80.2836	45.4102	80.3691	45.4102	80.3444	45.4102	80.4349	45.4102	80.4085	45.4102	80.5019	45.4102	80.4743	45.4102	80.5686	45.4102	80.5404	45.4102	80.6332	45.4102	80.6051	45.4102	80.6941	45.4102	80.6671	45.4102	80.7493	45.4102	80.7245	45.4102	80.7967	45.4102	80.7755	45.4102	80.834	45.4102	80.8178	45.4102	80.8592	45.4102	80.8489	45.4102	80.8704	45.4102	80.8669
47.6074	80.3166	47.6074	80.3106	47.6074	80.3315	47.6074	80.3137	47.6074	80.3546	47.6074	80.3257	47.6074	80.3853	47.6074	80.3461	47.6074	80.4224	47.6074	80.3741	47.6074	80.4646	47.6074	80.4086	47.6074	80.5106	47.6074	80.4484	47.6074	80.5591	47.6074	80.4919	47.6074	80.6085	47.6074	80.5379	47.6074	80.6576	47.6074	80.5851	47.6074	80.705	47.6074	80.6322	47.6074	80.7496	47.6074	80.6782	47.6074	80.79	47.6074	80.7222	47.6074	80.8251	47.6074	80.7634	47.6074	80.8534	47.6074	80.8008	47.6074	80.8737	47.6074	80.8334	47.6074	80.8849	47.6074	80.8596	47.6074	80.8863	47.6074	80.8776
49.0723	80.5297	49.0723	80.5245	49.0723	80.5441	49.0723	80.5285	49.0723	80.5672	49.0723	80.5413	49.0723	80.5982	49.0723	80.5622	49.0723	80.636	49.0723	80.5904	49.0723	80.6793	49.0723	80.6244	49.0723	80.7265	49.0723	80.663	49.0723	80.7759	49.0723	80.7048	49.0723	80.8259	49.0723	80.7483	49.0723	80.8748	49.0723	80.7924	49.0723	80.9212	49.0723	80.8361	49.0723	80.9637	49.0723	80.8785	49.0723	81.001	49.0723	80.9188	49.0723	81.0321	49.0723	80.9566	49.0723	81.0558	49.0723	80.9911	49.0723	81.0714	49.0723	81.0216	49.0723	81.0783	49.0723	81.0468	49.0723	81.0762	49.0723	81.0654
50.5371	80.7723	50.5371	80.7659	50.5371	80.787	50.5371	80.7681	50.5371	80.8096	50.5371	80.7788	50.5371	80.8391	50.5371	80.7973	50.5371	80.8743	50.5371	80.823	50.5371	80.9137	50.5371	80.8545	50.5371	80.9558	50.5371	80.8905	50.5371	80.9991	50.5371	80.9295	50.5371	81.0417	50.5371	80.97	50.5371	81.0824	50.5371	81.0106	50.5371	81.1197	50.5371	81.0499	50.5371	81.1527	50.5371	81.0869	50.5371	81.1806	50.5371	81.1205	50.5371	81.2029	50.5371	81.1504	50.5371	81.2193	50.5371	81.1761	50.5371	81.2299	50.5371	81.1975	50.5371	81.2345	50.5371	81.2144	50.5371	81.2333	50.5371	81.2264
52.7344	81.0197	52.7344	81.0126	52.7344	81.0334	52.7344	81.0124	52.7344	81.0532	52.7344	81.0189	52.7344	81.0781	52.7344	81.0315	52.7344	81.1069	52.7344	81.0495	52.7344	81.1383	52.7344	81.0715	52.7344	81.1705	52.7344	81.0964	52.7344	81.202	52.7344	81.1227	52.7344	81.2313	52.7344	81.1488	52.7344	81.2572	52.7344	81.1738	52.7344	81.2786	52.7344	81.1964	52.7344	81.2951	52.7344	81.2163	52.7344	81.3064	52.7344	81.2333	52.7344	81.3128	52.7344	81.2478	52.7344	81.3147	52.7344	81.2604	52.7344	81.3129	52.7344	81.2719	52.7344	81.3081	52.7344	81.2825	52.7344	81.301	52.7344	81.2923
54.1992	81.2453	54.1992	81.2373	54.1992	81.2596	54.1992	81.2359	54.1992	81.2795	54.1992	81.2409	54.1992	81.304	54.1992	81.2518	54.1992	81.3319	54.1992	81.2676	54.1992	81.3614	54.1992	81.287	54.1992	81.391	54.1992	81.3084	54.1992	81.4188	54.1992	81.3304	54.1992	81.4434	54.1992	81.3513	54.1992	81.4633	54.1992	81.3701	54.1992	81.4777	54.1992	81.3858	54.1992	81.4862	54.1992	81.3982	54.1992	81.4888	54.1992	81.4075	54.1992	81.4864	54.1992	81.4144	54.1992	81.48	54.1992	81.4203	54.1992	81.471	54.1992	81.4262	54.1992	81.4609	54.1992	81.4331	54.1992	81.4507	54.1992	81.4412
56.3965	81.4923	56.3965	81.4862	56.3965	81.5058	56.3965	81.4874	56.3965	81.526	56.3965	81.4958	56.3965	81.5521	56.3965	81.5104	56.3965	81.5828	56.3965	81.5304	56.3965	81.6168	56.3965	81.5542	56.3965	81.6523	56.3965	81.5801	56.3965	81.6875	56.3965	81.6066	56.3965	81.7205	56.3965	81.6319	56.3965	81.7497	56.3965	81.6548	56.3965	81.7737	56.3965	81.6746	56.3965	81.7915	56.3965	81.691	56.3965	81.8028	56.3965	81.7044	56.3965	81.8075	56.3965	81.7158	56.3965	81.8062	56.3965	81.7264	56.3965	81.7997	56.3965	81.7374	56.3965	81.7894	56.3965	81.7496	56.3965	81.7766	56.3965	81.7629
58.5938	81.972	58.5938	81.9626	58.5938	81.9846	58.5938	81.9564	58.5938	82.0005	58.5938	81.953	58.5938	82.019	58.5938	81.9518	58.5938	82.0395	58.5938	81.9521	58.5938	82.0606	58.5938	81.953	58.5938	82.081	58.5938	81.9535	58.5938	82.0987	58.5938	81.9526	58.5938	82.1121	58.5938	81.9494	58.5938	82.1194	58.5938	81.9432	58.5938	82.1195	58.5938	81.934	58.5938	82.1114	58.5938	81.9224	58.5938	82.0952	58.5938	81.9099	58.5938	82.0714	58.5938	81.8987	58.5938	82.0414	58.5938	81.8913	58.5938	82.0077	58.5938	81.8905	58.5938	81.9733	58.5938	81.8984	58.5938	81.9415	58.5938	81.9157
60.0586	82.224	60.0586	82.2081	60.0586	82.2438	60.0586	82.1964	60.0586	82.2671	60.0586	82.1891	60.0586	82.2931	60.0586	82.1859	60.0586	82.3209	60.0586	82.1864	60.0586	82.3496	60.0586	82.19	60.0586	82.3776	60.0586	82.1958	60.0586	82.4035	60.0586	82.2025	60.0586	82.4254	60.0586	82.2092	60.0586	82.4415	60.0586	82.2149	60.0586	82.4501	60.0586	82.2191	60.0586	82.45	60.0586	82.2219	60.0586	82.4408	60.0586	82.224	60.0586	82.423	60.0586	82.2267	60.0586	82.3979	60.0586	82.2319	60.0586	82.3681	60.0586	82.2415	60.0586	82.3363	60.0586	82.2569	60.0586	82.3056	60.0586	82.2785
62.2559	82.5113	62.2559	82.497	62.2559	82.528	62.2559	82.4855	62.2559	82.5466	62.2559	82.4767	62.2559	82.5663	62.2559	82.4702	62.2559	82.586	62.2559	82.4653	62.2559	82.6045	62.2559	82.4612	62.2559	82.6203	62.2559	82.4567	62.2559	82.6318	62.2559	82.4509	62.2559	82.6375	62.2559	82.4427	62.2559	82.6359	62.2559	82.4315	62.2559	82.6258	62.2559	82.4172	62.2559	82.6067	62.2559	82.4004	62.2559	82.5789	62.2559	82.3826	62.2559	82.5436	62.2559	82.3658	62.2559	82.5035	62.2559	82.353	62.2559	82.4617	62.2559	82.3471	62.2559	82.4223	62.2559	82.3505	62.2559	82.3889	62.2559	82.3644
64.4531	82.8058	64.4531	82.8014	64.4531	82.8128	64.4531	82.7997	64.4531	82.8218	64.4531	82.8006	64.4531	82.8322	64.4531	82.8035	64.4531	82.843	64.4531	82.8077	64.4531	82.8531	64.4531	82.812	64.4531	82.8613	64.4531	82.8153	64.4531	82.866	64.4531	82.8161	64.4531	82.8659	64.4531	82.8133	64.4531	82.8601	64.4531	82.8059	64.4531	82.8478	64.4531	82.7937	64.4531	82.8293	64.4531	82.777	64.4531	82.8055	64.4531	82.7567	64.4531	82.7781	64.4531	82.7347	64.4531	82.7499	64.4531	82.7136	64.4531	82.7236	64.4531	82.6961	64.4531	82.7021	64.4531	82.6849	64.4531	82.6877	64.4531	82.6818
66.6504	82.978	66.6504	82.9699	66.6504	82.9904	66.6504	82.9661	66.6504	83.0067	66.6504	82.9664	66.6504	83.0262	66.6504	82.9701	66.6504	83.048	66.6504	82.9765	66.6504	83.0707	66.6504	82.9843	66.6504	83.0928	66.6504	82.9919	66.6504	83.1127	66.6504	82.9979	66.6504	83.1284	66.6504	83.0008	66.6504	83.1382	66.6504	82.9995	66.6504	83.1407	66.6504	82.9939	66.6504	83.1352	66.6504	82.9845	66.6504	83.1214	66.6504	82.9728	66.6504	83.1003	66.6504	82.9612	66.6504	83.0734	66.6504	82.9524	66.6504	83.0435	66.6504	82.9491	66.6504	83.0136	66.6504	82.9534	66.6504	82.9868	66.6504	82.9661
69.5801	83.4516	69.5801	83.4432	69.5801	83.4615	69.5801	83.4364	69.5801	83.4725	69.5801	83.4316	69.5801	83.4839	69.5801	83.4286	69.5801	83.4951	69.5801	83.4273	69.5801	83.5054	69.5801	83.4271	69.5801	83.5136	69.5801	83.4273	69.5801	83.5186	69.5801	83.4269	69.5801	83.5192	69.5801	83.4247	69.5801	83.5143	69.5801	83.4198	69.5801	83.5029	69.5801	83.4114	69.5801	83.485	69.5801	83.3994	69.5801	83.4612	69.5801	83.384	69.5801	83.433	69.5801	83.3668	69.5801	83.4031	69.5801	83.3496	69.5801	83.3744	69.5801	83.3353	69.5801	83.3504	69.5801	83.3265	69.5801	83.3335	69.5801	83.3255
71.7773	83.6397	71.7773	83.6261	71.7773	83.6553	71.7773	83.6149	71.7773	83.6726	71.7773	83.6061	71.7773	83.6909	71.7773	83.5997	71.7773	83.7096	71.7773	83.5954	71.7773	83.7275	71.7773	83.5928	71.7773	83.7435	71.7773	83.591	71.7773	83.7559	71.7773	83.5891	71.7773	83.7631	71.7773	83.5861	71.7773	83.7635	71.7773	83.5809	71.7773	83.7557	71.7773	83.5731	71.7773	83.7392	71.7773	83.5624	71.7773	83.7142	71.7773	83.5496	71.7773	83.6821	71.7773	83.5362	71.7773	83.6455	71.7773	83.5243	71.7773	83.6079	71.7773	83.5169	71.7773	83.5733	71.7773	83.5168	71.7773	83.5451	71.7773	83.5259
73.9746	83.875	73.9746	83.8611	73.9746	83.8909	73.9746	83.8498	73.9746	83.9084	73.9746	83.8412	73.9746	83.927	73.9746	83.8356	73.9746	83.9459	73.9746	83.8328	73.9746	83.9642	73.9746	83.8325	73.9746	83.9807	73.9746	83.8338	73.9746	83.9941	73.9746	83.8357	73.9746	84.0028	73.9746	83.837	73.9746	84.0051	73.9746	83.8364	73.9746	83.9999	73.9746	83.8329	73.9746	83.9862	73.9746	83.826	73.9746	83.9643	73.9746	83.8162	73.9746	83.9355	73.9746	83.8045	73.9746	83.9021	73.9746	83.7934	73.9746	83.8675	73.9746	83.7858	73.9746	83.8354	73.9746	83.7847	73.9746	83.8095	73.9746	83.7923
76.9043	84.3548	76.9043	84.3434	76.9043	84.3623	76.9043	84.3284	76.9043	84.3658	76.9043	84.3103	76.9043	84.3654	76.9043	84.2895	76.9043	84.3614	76.9043	84.2666	76.9043	84.3537	76.9043	84.2421	76.9043	84.3424	76.9043	84.216	76.9043	84.3274	76.9043	84.1884	76.9043	84.3081	76.9043	84.1594	76.9043	84.2841	76.9043	84.129	76.9043	84.2549	76.9043	84.0973	76.9043	84.2203	76.9043	84.0651	76.9043	84.1807	76.9043	84.0337	76.9043	84.1375	76.9043	84.0049	76.9043	84.0931	76.9043	83.9812	76.9043	84.0504	76.9043	83.9654	76.9043	84.0129	76.9043	83.9597	76.9043	83.984	76.9043	83.9658
79.834	84.8322	79.834	84.8162	79.834	84.8411	79.834	84.7934	79.834	84.8424	79.834	84.7646	79.834	84.8356	79.834	84.7301	79.834	84.8203	79.834	84.6903	79.834	84.7962	79.834	84.6455	79.834	84.7628	79.834	84.5958	79.834	84.7199	79.834	84.5411	79.834	84.6673	79.834	84.4814	79.834	84.6052	79.834	84.417	79.834	84.5341	79.834	84.3487	79.834	84.4555	79.834	84.2781	79.834	84.3717	79.834	84.2077	79.834	84.2863	79.834	84.1413	79.834	84.2039	79.834	84.0836	79.834	84.13	79.834	84.0395	79.834	84.07	79.834	84.0138	79.834	84.0288	79.834	84.0098
82.7637	85.1262	82.7637	85.1093	82.7637	85.1372	82.7637	85.0865	82.7637	85.1423	82.7637	85.0581	82.7637	85.1413	82.7637	85.0243	82.7637	85.1339	82.7637	84.9854	82.7637	85.1198	82.7637	84.9415	82.7637	85.0986	82.7637	84.8931	82.7637	85.0694	82.7637	84.8404	82.7637	85.0318	82.7637	84.7841	82.7637	84.9852	82.7637	84.7251	82.7637	84.9298	82.7637	84.6647	82.7637	84.8663	82.7637	84.6051	82.7637	84.7962	82.7637	84.5489	82.7637	84.7223	82.7637	84.4996	82.7637	84.6482	82.7637	84.4608	82.7637	84.5784	82.7637	84.4362	82.7637	84.5177	82.7637	84.4287	82.7637	84.4704	82.7637	84.4402
85.6934	85.4006	85.6934	85.3916	85.6934	85.4036	85.6934	85.3768	85.6934	85.4002	85.6934	85.3563	85.6934	85.3901	85.6934	85.3302	85.6934	85.3725	85.6934	85.2981	85.6934	85.3465	85.6934	85.2595	85.6934	85.311	85.6934	85.2136	85.6934	85.2647	85.6934	85.1594	85.6934	85.2065	85.6934	85.0958	85.6934	85.1358	85.6934	85.0223	85.6934	85.0527	85.6934	84.9392	85.6934	84.9588	85.6934	84.8482	85.6934	84.8572	85.6934	84.7527	85.6934	84.7529	85.6934	84.6582	85.6934	84.6523	85.6934	84.5717	85.6934	84.5632	85.6934	84.5011	85.6934	84.4932	85.6934	84.4539	85.6934	84.4493	85.6934	84.4358
88.623	85.4991	88.623	85.4775	88.623	85.5182	88.623	85.4534	88.623	85.535	88.623	85.4272	88.623	85.5497	88.623	85.3995	88.623	85.5622	88.623	85.3711	88.623	85.5722	88.623	85.3431	88.623	85.5788	88.623	85.3164	88.623	85.5808	88.623	85.2919	88.623	85.5765	88.623	85.2699	88.623	85.564	88.623	85.2504	88.623	85.5421	88.623	85.2334	88.623	85.5102	88.623	85.2184	88.623	85.4692	88.623	85.2056	88.623	85.4213	88.623	85.1953	88.623	85.3699	88.623	85.1887	88.623	85.3193	88.623	85.1876	88.623	85.2739	88.623	85.1941	88.623	85.2368	88.623	85.2102
91.5527	85.8974	91.5527	85.8757	91.5527	85.9118	91.5527	85.8467	91.5527	85.9193	91.5527	85.8105	91.5527	85.9203	91.5527	85.7676	91.5527	85.9153	91.5527	85.7185	91.5527	85.9048	91.5527	85.664	91.5527	85.8887	91.5527	85.6051	91.5527	85.8669	91.5527	85.5428	91.5527	85.8385	91.5527	85.4784	91.5527	85.8025	91.5527	85.4137	91.5527	85.7578	91.5527	85.3507	91.5527	85.7036	91.5527	85.2922	91.5527	85.6398	91.5527	85.2415	91.5527	85.5678	91.5527	85.2023	91.5527	85.4902	91.5527	85.1782	91.5527	85.4112	91.5527	85.172	91.5527	85.3361	91.5527	85.1857	91.5527	85.2704	91.5527	85.2191
94.4824	86.1792	94.4824	86.1647	94.4824	86.1848	94.4824	86.1413	94.4824	86.1819	94.4824	86.1087	94.4824	86.1712	94.4824	86.0672	94.4824	86.1531	94.4824	86.0169	94.4824	86.1282	94.4824	85.9582	94.4824	86.0967	94.4824	85.8913	94.4824	86.0585	94.4824	85.8169	94.4824	86.013	94.4824	85.7361	94.4824	85.9598	94.4824	85.6508	94.4824	85.8982	94.4824	85.5638	94.4824	85.828	94.4824	85.4791	94.4824	85.7498	94.4824	85.402	94.4824	85.6655	94.4824	85.3379	94.4824	85.578	94.4824	85.2922	94.4824	85.4918	94.4824	85.2689	94.4824	85.4123	94.4824	85.2704	94.4824	85.3454	94.4824	85.2967
98.1445	86.2435	98.1445	86.2447	98.1445	86.2359	98.1445	86.2392	98.1445	86.2225	98.1445	86.2271	98.1445	86.2043	98.1445	86.2084	98.1445	86.1824	98.1445	86.1831	98.1445	86.1578	98.1445	86.1512	98.1445	86.1314	98.1445	86.1123	98.1445	86.1034	98.1445	86.0659	98.1445	86.0733	98.1445	86.0117	98.1445	86.04	98.1445	85.95	98.1445	86.0019	98.1445	85.8823	98.1445	85.9576	98.1445	85.8112	98.1445	85.9063	98.1445	85.7411	98.1445	85.8486	98.1445	85.6775	98.1445	85.7865	98.1445	85.6262	98.1445	85.724	98.1445	85.5926	98.1445	85.6664	98.1445	85.5801	98.1445	85.6198	98.1445	85.5897
101.807	86.553	101.807	86.5589	101.807	86.5342	101.807	86.5521	101.807	86.503	101.807	86.5337	101.807	86.4607	101.807	86.5051	101.807	86.4093	101.807	86.468	101.807	86.3513	101.807	86.4241	101.807	86.2894	101.807	86.3746	101.807	86.2261	101.807	86.3207	101.807	86.1637	101.807	86.2629	101.807	86.104	101.807	86.2023	101.807	86.0483	101.807	86.1397	101.807	85.9972	101.807	86.0771	101.807	85.9515	101.807	86.0167	101.807	85.9116	101.807	85.9611	101.807	85.8783	101.807	85.9132	101.807	85.8525	101.807	85.875	101.807	85.8355	101.807	85.8478	101.807	85.8284	101.807	85.8323
105.469	86.803	105.469	86.7932	105.469	86.7982	105.469	86.7694	105.469	86.7787	105.469	86.7331	105.469	86.7455	105.469	86.6859	105.469	86.6998	105.469	86.6301	105.469	86.6434	105.469	86.5674	105.469	86.5783	105.469	86.4996	105.469	86.5064	105.469	86.4277	105.469	86.4292	105.469	86.3527	105.469	86.3484	105.469	86.275	105.469	86.2653	105.469	86.1958	105.469	86.1814	105.469	86.1166	105.469	86.0989	105.469	86.04	105.469	86.0205	105.469	85.9693	105.469	85.9497	105.469	85.908	105.469	85.8904	105.469	85.8597	105.469	85.8464	105.469	85.8276	105.469	85.8204	105.469	85.8141
109.131	86.643	109.131	86.6351	109.131	86.6389	109.131	86.6153	109.131	86.6232	109.131	86.5844	109.131	86.5969	109.131	86.5436	109.131	86.5614	109.131	86.4945	109.131	86.518	109.131	86.4388	109.131	86.4681	109.131	86.3782	109.131	86.4129	109.131	86.314	109.131	86.3533	109.131	86.2473	109.131	86.2899	109.131	86.1786	109.131	86.223	109.131	86.109	109.131	86.1534	109.131	86.0396	109.131	86.0821	109.131	85.9726	109.131	86.0111	109.131	85.9109	109.131	85.9435	109.131	85.858	109.131	85.8832	109.131	85.8177	109.131	85.8347	109.131	85.7936	109.131	85.8021	109.131	85.7881
112.793	86.6486	112.793	86.6391	112.793	86.6439	112.793	86.6159	112.793	86.6255	112.793	86.5801	112.793	86.595	112.793	86.5334	112.793	86.5543	112.793	86.4778	112.793	86.506	112.793	86.4153	112.793	86.4526	112.793	86.3478	112.793	86.3963	112.793	86.2769	112.793	86.3386	112.793	86.2043	112.793	86.28	112.793	86.1316	112.793	86.2207	112.793	86.0606	112.793	86.1602	112.793	85.9938	112.793	86.0985	112.793	85.9336	112.793	86.0365	112.793	85.8826	112.793	85.9761	112.793	85.8435	112.793	85.9202	112.793	85.8181	112.793	85.8724	112.793	85.8081	112.793	85.8362	112.793	85.8143
116.455	86.7773	116.455	86.764	116.455	86.7716	116.455	86.7329	116.455	86.747	116.455	86.6862	116.455	86.7051	116.455	86.6268	116.455	86.6487	116.455	86.558	116.455	86.5814	116.455	86.4826	116.455	86.5079	116.455	86.4031	116.455	86.4324	116.455	86.3214	116.455	86.3588	116.455	86.239	116.455	86.2895	116.455	86.1578	116.455	86.2257	116.455	86.0802	116.455	86.167	116.455	86.0093	116.455	86.1124	116.455	85.9488	116.455	86.0609	116.455	85.9018	116.455	86.0121	116.455	85.8703	116.455	85.9666	116.455	85.8549	116.455	85.9259	116.455	85.8546	116.455	85.8922	116.455	85.8677
120.85	86.9554	120.85	86.9418	120.85	86.9482	120.85	86.9079	120.85	86.921	120.85	86.8559	120.85	86.8764	120.85	86.7896	120.85	86.8174	120.85	86.7135	120.85	86.748	120.85	86.6324	120.85	86.672	120.85	86.5502	120.85	86.593	120.85	86.4695	120.85	86.514	120.85	86.3911	120.85	86.4371	120.85	86.3147	120.85	86.3635	120.85	86.2394	120.85	86.2934	120.85	86.1656	120.85	86.2266	120.85	86.0951	120.85	86.1626	120.85	86.0319	120.85	86.1017	120.85	85.981	120.85	86.0456	120.85	85.9467	120.85	85.9969	120.85	85.9317	120.85	85.9593	120.85	85.9364
125.244	86.809	125.244	86.8242	125.244	86.7734	125.244	86.8176	125.244	86.7204	125.244	86.789	125.244	86.6539	125.244	86.7399	125.244	86.579	125.244	86.673	125.244	86.5009	125.244	86.592	125.244	86.4249	125.244	86.5018	125.244	86.3553	125.244	86.4074	125.244	86.2953	125.244	86.3136	125.244	86.2457	125.244	86.2248	125.244	86.2056	125.244	86.1442	125.244	86.1723	125.244	86.0742	125.244	86.1422	125.244	86.0166	125.244	86.1118	125.244	85.9726	125.244	86.0791	125.244	85.9434	125.244	86.0438	125.244	85.9299	125.244	86.0076	125.244	85.9317	125.244	85.9741	125.244	85.9475
129.639	86.7755	129.639	86.8023	129.639	86.7248	129.639	86.8047	129.639	86.6519	129.639	86.7837	129.639	86.5596	129.639	86.7409	129.639	86.4525	129.639	86.6792	129.639	86.3362	129.639	86.6022	129.639	86.2179	129.639	86.5143	129.639	86.1051	129.639	86.4203	129.639	86.0054	129.639	86.3252	129.639	85.9249	129.639	86.2342	129.639	85.8675	129.639	86.1518	129.639	85.8338	129.639	86.0819	129.639	85.8215	129.639	86.0263	129.639	85.8255	129.639	85.9852	129.639	85.8399	129.639	85.9565	129.639	85.8588	129.639	85.9369	129.639	85.8779	129.639	85.9223	129.639	85.8948	129.639	85.9092
134.033	86.4986	134.033	86.4819	134.033	86.494	134.033	86.4465	134.033	86.4668	134.033	86.3962	134.033	86.4167	134.033	86.3355	134.033	86.3451	134.033	86.2693	134.033	86.2539	134.033	86.2017	134.033	86.1462	134.033	86.1359	134.033	86.0259	134.033	86.0731	134.033	85.8977	134.033	86.0129	134.033	85.7677	134.033	85.9534	134.033	85.6429	134.033	85.8926	134.033	85.5311	134.033	85.8291	134.033	85.4399	134.033	85.7628	134.033	85.3752	134.033	85.6951	134.033	85.3398	134.033	85.6275	134.033	85.3333	134.033	85.5614	134.033	85.3518	134.033	85.4982	134.033	85.3893	134.033	85.4398
138.428	86.4696	138.428	86.4676	138.428	86.4478	138.428	86.4422	138.428	86.4041	138.428	86.3957	138.428	86.3419	138.428	86.3317	138.428	86.2663	138.428	86.2549	138.428	86.1837	138.428	86.1709	138.428	86.1004	138.428	86.0851	138.428	86.0223	138.428	86.0027	138.428	85.9539	138.428	85.9282	138.428	85.8977	138.428	85.865	138.428	85.8537	138.428	85.815	138.428	85.8209	138.428	85.7782	138.428	85.797	138.428	85.7533	138.428	85.7795	138.428	85.7383	138.428	85.7665	138.428	85.7307	138.428	85.7562	138.428	85.7284	138.428	85.7476	138.428	85.7299	138.428	85.7402	138.428	85.7341
143.555	86.3267	143.555	86.3226	143.555	86.2974	143.555	86.2854	143.555	86.237	143.555	86.218	143.555	86.1501	143.555	86.1259	143.555	86.0435	143.555	86.0164	143.555	85.9261	143.555	85.8982	143.555	85.8076	143.555	85.78	143.555	85.6981	143.555	85.6696	143.555	85.6063	143.555	85.5732	143.555	85.5382	143.555	85.4953	143.555	85.4963	143.555	85.439	143.555	85.4789	143.555	85.4059	143.555	85.4814	143.555	85.3963	143.555	85.4971	143.555	85.4081	143.555	85.5187	143.555	85.4365	143.555	85.5392	143.555	85.4736	143.555	85.5522	143.555	85.5103	143.555	85.5527	143.555	85.5384
148.682	86.3792	148.682	86.4065	148.682	86.3174	148.682	86.3994	148.682	86.223	148.682	86.3599	148.682	86.0996	148.682	86.2915	148.682	85.9527	148.682	86.1989	148.682	85.7899	148.682	86.0877	148.682	85.6201	148.682	85.9637	148.682	85.4532	148.682	85.8317	148.682	85.2993	148.682	85.6954	148.682	85.1671	148.682	85.5574	148.682	85.0625	148.682	85.42	148.682	84.988	148.682	85.2864	148.682	84.9415	148.682	85.1617	148.682	84.9168	148.682	85.0529	148.682	84.9055	148.682	84.9676	148.682	84.8988	148.682	84.9106	148.682	84.891	148.682	84.8819	148.682	84.8814	148.682	84.8754
153.809	85.9495	153.809	85.9431	153.809	85.9216	153.809	85.906	153.809	85.8579	153.809	85.8441	153.809	85.7595	153.809	85.765	153.809	85.6303	153.809	85.6774	153.809	85.4776	153.809	85.5906	153.809	85.3119	153.809	85.5133	153.809	85.1464	153.809	85.4516	153.809	84.9956	153.809	85.4083	153.809	84.8728	153.809	85.3818	153.809	84.7872	153.809	85.3662	153.809	84.7425	153.809	85.3535	153.809	84.7363	153.809	85.3355	153.809	84.7615	153.809	85.3062	153.809	84.809	153.809	85.2634	153.809	84.87	153.809	85.2085	153.809	84.9375	153.809	85.1451	153.809	85.0073	153.809	85.0771
159.668	85.6156	159.668	85.5891	159.668	85.5988	159.668	85.5222	159.668	85.5389	159.668	85.4206	159.668	85.4384	159.668	85.2937	159.668	85.3027	159.668	85.1545	159.668	85.1407	159.668	85.0188	159.668	84.9647	159.668	84.904	159.668	84.7912	159.668	84.8251	159.668	84.6392	159.668	84.7919	159.668	84.5276	159.668	84.8057	159.668	84.4712	159.668	84.8589	159.668	84.4763	159.668	84.9379	159.668	84.5387	159.668	85.026	159.668	84.6449	159.668	85.108	159.668	84.7756	159.668	85.1717	159.668	84.9103	159.668	85.2093	159.668	85.0315	159.668	85.2158	159.668	85.1264	159.668	85.1885
164.795	85.8312	164.795	85.7822	164.795	85.8215	164.795	85.6763	164.795	85.7533	164.795	85.5177	164.795	85.6286	164.795	85.3142	164.795	85.4519	164.795	85.0777	164.795	85.2306	164.795	84.8258	164.795	84.9764	164.795	84.5817	164.795	84.7066	164.795	84.3723	164.795	84.4445	164.795	84.2239	164.795	84.2176	164.795	84.1544	164.795	84.0532	164.795	84.1668	164.795	83.9712	164.795	84.2471	164.795	83.9766	164.795	84.3691	164.795	84.0582	164.795	84.5021	164.795	84.192	164.795	84.6186	164.795	84.3486	164.795	84.6978	164.795	84.4999	164.795	84.7272	164.795	84.6229	164.795	84.7015
170.654	86.0789	170.654	85.9819	170.654	86.1198	170.654	85.8297	170.654	86.1039	170.654	85.6241	170.654	86.0303	170.654	85.3688	170.654	85.8991	170.654	85.0706	170.654	85.7111	170.654	84.7416	170.654	85.4702	170.654	84.4009	170.654	85.1851	170.654	84.0758	170.654	84.8727	170.654	83.7992	170.654	84.5593	170.654	83.6027	170.654	84.2796	170.654	83.5066	170.654	84.0695	170.654	83.5119	170.654	83.9536	170.654	83.5994	170.654	83.9336	170.654	83.7371	170.654	83.986	170.654	83.8907	170.654	84.0722	170.654	84.0311	170.654	84.1527	170.654	84.1367	170.654	84.1986	170.654	84.1945
176.514	85.7592	176.514	85.7352	176.514	85.7295	176.514	85.6543	176.514	85.65	176.514	85.5142	176.514	85.525	176.514	85.314	176.514	85.3589	176.514	85.0557	176.514	85.1553	176.514	84.7458	176.514	84.9173	176.514	84.3986	176.514	84.6484	176.514	84.0388	176.514	84.3557	176.514	83.7019	176.514	84.054	176.514	83.4291	176.514	83.7691	176.514	83.2555	176.514	83.5375	176.514	83.1963	176.514	83.3963	176.514	83.2398	176.514	83.3652	176.514	83.3536	176.514	83.4324	176.514	83.498	176.514	83.5559	176.514	83.6365	176.514	83.6823	176.514	83.7403	176.514	83.7675	176.514	83.7878
183.105	86.0943	183.105	86.0831	183.105	86.0462	183.105	86.0108	183.105	85.9411	183.105	85.8754	183.105	85.783	183.105	85.6737	183.105	85.5782	183.105	85.401	183.105	85.3356	183.105	85.0517	183.105	85.0651	183.105	84.6209	183.105	84.774	183.105	84.1098	183.105	84.4635	183.105	83.534	183.105	84.1274	183.105	82.9345	183.105	83.7562	183.105	82.3838	183.105	83.3469	183.105	81.9724	183.105	82.916	183.105	81.7661	183.105	82.5082	183.105	81.7596	183.105	82.1891	183.105	81.8763	183.105	82.0131	183.105	82.0154	183.105	81.983	183.105	82.1004	183.105	82.0405	183.105	82.1015
189.697	84.9574	189.697	85.0636	189.697	84.7995	189.697	85.1147	189.697	84.5944	189.697	85.1082	189.697	84.3474	189.697	85.0427	189.697	84.0664	189.697	84.9172	189.697	83.7638	189.697	84.7299	189.697	83.4598	189.697	84.4774	189.697	83.1831	189.697	84.1544	189.697	82.9673	189.697	83.7557	189.697	82.8387	189.697	83.2805	189.697	82.8005	189.697	82.7398	189.697	82.8245	189.697	82.1646	189.697	82.8578	189.697	81.6118	189.697	82.8412	189.697	81.1593	189.697	82.7277	189.697	80.8851	189.697	82.4957	189.697	80.8353	189.697	82.1544	189.697	81.0032	189.697	81.7446	189.697	81.3333
196.289	85.2264	196.289	85.2721	196.289	85.1354	196.289	85.2859	196.289	84.9845	196.289	85.2779	196.289	84.7591	196.289	85.2538	196.289	84.4458	196.289	85.2144	196.289	84.0337	196.289	85.1561	196.289	83.5173	196.289	85.0725	196.289	82.9004	196.289	84.9563	196.289	82.2038	196.289	84.8006	196.289	81.4754	196.289	84.5988	196.289	80.798	196.289	84.345	196.289	80.2821	196.289	84.035	196.289	80.0237	196.289	83.6689	196.289	80.0436	196.289	83.2558	196.289	80.2714	196.289	82.8167	196.289	80.5988	196.289	82.3812	196.289	80.9443	196.289	81.9769	196.289	81.2787	196.289	81.6141
202.881	85.6509	202.881	85.5096	202.881	85.7167	202.881	85.2935	202.881	85.7091	202.881	85.0077	202.881	85.6309	202.881	84.6649	202.881	85.4841	202.881	84.2868	202.881	85.2704	202.881	83.9055	202.881	84.9911	202.881	83.561	202.881	84.6496	202.881	83.2928	202.881	84.2533	202.881	83.1279	202.881	83.8164	202.881	83.0692	202.881	83.3633	202.881	83.0929	202.881	82.9293	202.881	83.1579	202.881	82.5575	202.881	83.2192	202.881	82.2904	202.881	83.2394	202.881	82.1556	202.881	83.1953	202.881	82.1564	202.881	83.0802	202.881	82.2712	202.881	82.903	202.881	82.462	202.881	82.686
210.205	86.1388	210.205	86.0139	210.205	86.2168	210.205	85.8437	210.205	86.2435	210.205	85.6262	210.205	86.2135	210.205	85.3544	210.205	86.1219	210.205	85.0179	210.205	85.9652	210.205	84.6045	210.205	85.7415	210.205	84.1057	210.205	85.4512	210.205	83.523	210.205	85.0971	210.205	82.8771	210.205	84.6866	210.205	82.2163	210.205	84.2348	210.205	81.6183	210.205	83.7692	210.205	81.176	210.205	83.3306	210.205	80.9615	210.205	82.9643	210.205	80.9866	210.205	82.6991	210.205	81.1964	210.205	82.5272	210.205	81.5007	210.205	82.4035	210.205	81.8136	210.205	82.2687	210.205	82.077
217.529	86.1059	217.529	86.1255	217.529	86.0283	217.529	86.0735	217.529	85.9098	217.529	85.9416	217.529	85.7686	217.529	85.7277	217.529	85.6207	217.529	85.4359	217.529	85.4769	217.529	85.0761	217.529	85.3409	217.529	84.6623	217.529	85.21	217.529	84.2111	217.529	85.0779	217.529	83.7413	217.529	84.9369	217.529	83.2752	217.529	84.7798	217.529	82.8403	217.529	84.5985	217.529	82.4688	217.529	84.3847	217.529	82.1928	217.529	84.1323	217.529	82.0365	217.529	83.8419	217.529	82.009	217.529	83.5227	217.529	82.1021	217.529	83.1902	217.529	82.2939	217.529	82.862	217.529	82.5561
225.586	85.898	225.586	85.9444	225.586	85.8024	225.586	85.9464	225.586	85.6531	225.586	85.9078	225.586	85.4478	225.586	85.8311	225.586	85.1892	225.586	85.7174	225.586	84.8864	225.586	85.5682	225.586	84.5561	225.586	85.3866	225.586	84.2216	225.586	85.1784	225.586	83.9094	225.586	84.9522	225.586	83.6453	225.586	84.7191	225.586	83.4502	225.586	84.4922	225.586	83.3374	225.586	84.2856	225.586	83.3093	225.586	84.1124	225.586	83.3544	225.586	83.9818	225.586	83.448	225.586	83.895	225.586	83.5591	225.586	83.8438	225.586	83.6599	225.586	83.8126	225.586	83.7347	225.586	83.7821
232.91	85.8873	232.91	85.8632	232.91	85.8482	232.91	85.7862	232.91	85.7365	232.91	85.6674	232.91	85.5458	232.91	85.5166	232.91	85.2742	232.91	85.3425	232.91	84.927	232.91	85.1526	232.91	84.5186	232.91	84.954	232.91	84.0751	232.91	84.7543	232.91	83.6339	232.91	84.5632	232.91	83.2395	232.91	84.3925	232.91	82.9342	232.91	84.2544	232.91	82.7467	232.91	84.1566	232.91	82.6853	232.91	84.0972	232.91	82.7387	232.91	84.0627	232.91	82.8826	232.91	84.0304	232.91	83.0858	232.91	83.9757	232.91	83.3151	232.91	83.8793	232.91	83.5391	232.91	83.7325
241.699	85.5851	241.699	85.5083	241.699	85.6015	241.699	85.3732	241.699	85.5552	241.699	85.1826	241.699	85.4423	241.699	84.942	241.699	85.2581	241.699	84.6612	241.699	84.9985	241.699	84.3549	241.699	84.6633	241.699	84.0424	241.699	84.2605	241.699	83.7468	241.699	83.8115	241.699	83.4927	241.699	83.3533	241.699	83.3035	241.699	82.937	241.699	83.197	241.699	82.6171	241.699	83.1793	241.699	82.4363	241.699	83.2385	241.699	82.4101	241.699	83.3432	241.699	82.5227	241.699	83.4498	241.699	82.7324	241.699	83.5146	241.699	82.9843	241.699	83.5047	241.699	83.2234	241.699	83.4057
249.756	85.2427	249.756	85.1629	249.756	85.2606	249.756	85.0174	249.756	85.2188	249.756	84.8029	249.756	85.1171	249.756	84.5189	249.756	84.9521	249.756	84.17	249.756	84.7198	249.756	83.768	249.756	84.4187	249.756	83.3323	249.756	84.0557	249.756	82.8897	249.756	83.6508	249.756	82.4724	249.756	83.2398	249.756	82.1163	249.756	82.8685	249.756	81.8587	249.756	82.5789	249.756	81.7313	249.756	82.392	249.756	81.7465	249.756	82.303	249.756	81.8821	249.756	82.2919	249.756	82.083	249.756	82.3344	249.756	82.2814	249.756	82.4036	249.756	82.4228	249.756	82.4655	249.756	82.4819
258.545	85.4247	258.545	85.4209	258.545	85.3681	258.545	85.353	258.545	85.2553	258.545	85.2175	258.545	85.0898	258.545	85.0116	258.545	84.8719	258.545	84.7324	258.545	84.5962	258.545	84.3784	258.545	84.2504	258.545	83.9515	258.545	83.8186	258.545	83.4604	258.545	83.2908	258.545	82.9233	258.545	82.6803	258.545	82.3697	258.545	82.0446	258.545	81.8419	258.545	81.4939	258.545	81.3927	258.545	81.1535	258.545	81.0788	258.545	81.078	258.545	80.9408	258.545	81.2018	258.545	80.9787	258.545	81.394	258.545	81.1412	258.545	81.542	258.545	81.3459	258.545	81.5859	258.545	81.5127
268.066	84.4551	268.066	84.339	268.066	84.535	268.066	84.1894	268.066	84.578	268.066	84.0106	268.066	84.5877	268.066	83.8073	268.066	84.5708	268.066	83.5857	268.066	84.5339	268.066	83.3532	268.066	84.4778	268.066	83.117	268.066	84.3922	268.066	82.8809	268.066	84.2534	268.066	82.6419	268.066	84.0279	268.066	82.3901	268.066	83.6816	268.066	82.1124	268.066	83.1928	268.066	81.7995	268.066	82.5674	268.066	81.4536	268.066	81.8529	268.066	81.0917	268.066	81.1422	268.066	80.7421	268.066	80.5511	268.066	80.4339	268.066	80.168	268.066	80.1909	268.066	80.0106	268.066	80.0368
277.588	84.2447	277.588	84.289	277.588	84.0723	277.588	84.195	277.588	83.7924	277.588	83.9618	277.588	83.4386	277.588	83.5984	277.588	83.0627	277.588	83.1265	277.588	82.7369	277.588	82.5858	277.588	82.5423	277.588	82.0395	277.588	82.5354	277.588	81.574	277.588	82.7113	277.588	81.2764	277.588	83.0015	277.588	81.1927	277.588	83.3119	277.588	81.2975	277.588	83.5624	277.588	81.5134	277.588	83.7056	277.588	81.759	277.588	83.7256	277.588	81.9846	277.588	83.6309	277.588	82.1772	277.588	83.4473	277.588	82.3504	277.588	83.2115	277.588	82.5278	277.588	82.9621	277.588	82.7298
287.109	86.6149	287.109	86.5831	287.109	86.5177	287.109	86.4329	287.109	86.2808	287.109	86.1743	287.109	85.8941	287.109	85.8181	287.109	85.3497	287.109	85.3787	287.109	84.6461	287.109	84.8765	287.109	83.7972	287.109	84.3416	287.109	82.8538	287.109	83.8165	287.109	81.9356	287.109	83.3585	287.109	81.2482	287.109	83.0308	287.109	81.0051	287.109	82.8788	287.109	81.2528	287.109	82.9017	287.109	81.8216	287.109	83.051	287.109	82.4809	287.109	83.26	287.109	83.0699	287.109	83.475	287.109	83.5115	287.109	83.6656	287.109	83.7859	287.109	83.8149	287.109	83.9065	287.109	83.9046
297.363	87.7456	297.363	87.6768	297.363	87.6833	297.363	87.4741	297.363	87.4938	297.363	87.1366	297.363	87.1807	297.363	86.6666	297.363	86.747	297.363	86.0707	297.363	86.1972	297.363	85.3649	297.363	85.5443	297.363	84.5846	297.363	84.8208	297.363	83.8017	297.363	84.0915	297.363	83.141	297.363	83.4576	297.363	82.7627	297.363	83.0328	297.363	82.7776	297.363	82.8915	297.363	83.1476	297.363	83.0263	297.363	83.7071	297.363	83.359	297.363	84.2778	297.363	83.7892	297.363	84.7417	297.363	84.2318	297.363	85.0432	297.363	84.6275	297.363	85.1681	297.363	84.9358	297.363	85.1252
307.617	87.7267	307.617	87.6803	307.617	87.6668	307.617	87.5243	307.617	87.4963	307.617	87.2488	307.617	87.2039	307.617	86.8391	307.617	86.7739	307.617	86.2792	307.617	86.1907	307.617	85.5566	307.617	85.4459	307.617	84.6716	307.617	84.5508	307.617	83.6549	307.617	83.5578	307.617	82.5993	307.617	82.5935	307.617	81.6999	307.617	81.8723	307.617	81.2306	307.617	81.6093	307.617	81.3541	307.617	81.8428	307.617	81.9432	307.617	82.3999	307.617	82.7105	307.617	83.0572	307.617	83.4288	307.617	83.6584	307.617	83.9841	307.617	84.1186	307.617	84.3347	307.617	84.3962	307.617	84.4712
318.604	87.9112	318.604	87.8843	318.604	87.8589	318.604	87.7724	318.604	87.7301	318.604	87.5669	318.604	87.5209	318.604	87.256	318.604	87.2175	318.604	86.8215	318.604	86.7959	318.604	86.2385	318.604	86.2239	318.604	85.48	318.604	85.4682	318.604	84.5316	318.604	84.5091	318.604	83.4212	318.604	83.3751	318.604	82.2697	318.604	82.2147	318.604	81.3383	318.604	81.3662	318.604	80.9502	318.604	81.2016	318.604	81.2124	318.604	81.7054	318.604	81.8975	318.604	82.4927	318.604	82.6889	318.604	83.2292	318.604	83.3754	318.604	83.7644	318.604	83.8538	318.604	84.0529	318.604	84.0833
329.59	87.8531	329.59	87.9416	329.59	87.7089	329.59	87.9623	329.59	87.5141	329.59	87.8973	329.59	87.2658	329.59	87.7257	329.59	86.9542	329.59	87.4259	329.59	86.5639	329.59	86.977	329.59	86.0779	329.59	86.3594	329.59	85.4836	329.59	85.5554	329.59	84.7813	329.59	84.5561	329.59	83.9955	329.59	83.3829	329.59	83.1839	329.59	82.135	329.59	82.4444	329.59	81.0489	329.59	81.9102	329.59	80.4564	329.59	81.7032	329.59	80.5133	329.59	81.8334	329.59	81.0196	329.59	82.1562	329.59	81.6503	329.59	82.4659	329.59	82.185	329.59	82.6097	329.59	82.5182
341.309	87.3272	341.309	87.306	341.309	87.2947	341.309	87.2371	341.309	87.1989	341.309	87.1217	341.309	87.0268	341.309	86.9549	341.309	86.7608	341.309	86.7245	341.309	86.3768	341.309	86.4119	341.309	85.8426	341.309	85.9974	341.309	85.1174	341.309	85.4684	341.309	84.163	341.309	84.8306	341.309	82.9777	341.309	84.122	341.309	81.6805	341.309	83.4321	341.309	80.6318	341.309	82.9096	341.309	80.3395	341.309	82.7123	341.309	80.8985	341.309	82.8828	341.309	81.8633	341.309	83.2921	341.309	82.8096	341.309	83.7391	341.309	83.5425	341.309	84.0623	341.309	83.9981	341.309	84.1652
353.76	87.5101	353.76	87.3761	353.76	87.5766	353.76	87.1829	353.76	87.5647	353.76	86.9336	353.76	87.462	353.76	86.624	353.76	87.2563	353.76	86.2412	353.76	86.9336	353.76	85.7619	353.76	86.4765	353.76	85.1549	353.76	85.8615	353.76	84.3918	353.76	85.0603	353.76	83.4741	353.76	84.0512	353.76	82.4752	353.76	82.8539	353.76	81.5799	353.76	81.5995	353.76	81.0457	353.76	80.6061	353.76	81.0216	353.76	80.264	353.76	81.4039	353.76	80.6297	353.76	81.9472	353.76	81.3509	353.76	82.4384	353.76	82.0616	353.76	82.7457	353.76	82.5677	353.76	82.7987
366.211	87.0249	366.211	86.9745	366.211	87.0364	366.211	86.8864	366.211	87.0041	366.211	86.7564	366.211	86.9194	366.211	86.5731	366.211	86.7712	366.211	86.3155	366.211	86.5478	366.211	85.9547	366.211	86.2369	366.211	85.4567	366.211	85.8227	366.211	84.7881	366.211	85.2828	366.211	83.9295	366.211	84.5934	366.211	82.9074	366.211	83.7607	366.211	81.8565	366.211	82.8791	366.211	81.077	366.211	82.1737	366.211	80.9072	366.211	81.8987	366.211	81.3655	366.211	82.0954	366.211	82.1139	366.211	82.5542	366.211	82.8113	366.211	83.0295	366.211	83.2789	366.211	83.361	366.211	83.4597
378.662	87.1547	378.662	87.1534	378.662	87.1296	378.662	87.1066	378.662	87.0965	378.662	86.9995	378.662	87.0586	378.662	86.817	378.662	86.9927	378.662	86.5368	378.662	86.8491	378.662	86.1285	378.662	86.566	378.662	85.5598	378.662	86.0821	378.662	84.8049	378.662	85.341	378.662	83.8548	378.662	84.2925	378.662	82.738	378.662	82.9168	378.662	81.5694	378.662	81.3251	378.662	80.6194	378.662	79.9883	378.662	80.257	378.662	79.6916	378.662	80.6087	378.662	80.5014	378.662	81.3838	378.662	81.633	378.662	82.1981	378.662	82.5306	378.662	82.8118	378.662	83.0259	378.662	83.108
392.578	87.701	392.578	87.6631	392.578	87.6392	392.578	87.5079	392.578	87.5085	392.578	87.237	392.578	87.3397	392.578	86.8692	392.578	87.1453	392.578	86.429	392.578	86.9033	392.578	85.9279	392.578	86.5577	392.578	85.3468	392.578	86.04	392.578	84.6296	392.578	85.3006	392.578	83.6913	392.578	84.328	392.578	82.4398	392.578	83.1492	392.578	80.8272	392.578	81.8206	392.578	79.0078	392.578	80.4531	392.578	77.6748	392.578	79.3089	392.578	77.7481	392.578	78.8017	392.578	78.842	392.578	79.0841	392.578	79.9337	392.578	79.7768	392.578	80.579	392.578	80.4098	392.578	80.7184
405.762	87.77	405.762	87.8313	405.762	87.6557	405.762	87.8554	405.762	87.4695	405.762	87.8455	405.762	87.2031	405.762	87.7884	405.762	86.8693	405.762	87.6557	405.762	86.5022	405.762	87.4063	405.762	86.1381	405.762	86.9919	405.762	85.7831	405.762	86.3662	405.762	85.3917	405.762	85.4974	405.762	84.8824	405.762	84.3819	405.762	84.1845	405.762	83.0669	405.762	83.2982	405.762	81.6871	405.762	82.3477	405.762	80.5049	405.762	81.5697	405.762	79.8491	405.762	81.1538	405.762	79.8419	405.762	81.0642	405.762	80.2381	405.762	81.1109	405.762	80.6896	405.762	81.1233	405.762	80.9983
420.41	87.7336	420.41	87.7453	420.41	87.663	420.41	87.686	420.41	87.5446	420.41	87.5486	420.41	87.3832	420.41	87.3341	420.41	87.174	420.41	87.0489	420.41	86.9012	420.41	86.697	420.41	86.5331	420.41	86.2693	420.41	86.0205	420.41	85.734	420.41	85.3029	420.41	85.0341	420.41	84.3198	420.41	84.101	420.41	83.0292	420.41	82.8972	420.41	81.4729	420.41	81.5101	420.41	79.9614	420.41	80.2925	420.41	79.211	420.41	79.7982	420.41	79.6233	420.41	80.1741	420.41	80.6063	420.41	80.9523	420.41	81.4858	420.41	81.653	420.41	81.9826	420.41	82.0304
435.059	87.2159	435.059	87.1684	435.059	87.2618	435.059	87.1215	435.059	87.2992	435.059	87.0813	435.059	87.3057	435.059	87.0532	435.059	87.2493	435.059	87.024	435.059	87.1087	435.059	86.9446	435.059	86.8847	435.059	86.7336	435.059	86.584	435.059	86.309	435.059	86.1904	435.059	85.6275	435.059	85.6547	435.059	84.7088	435.059	84.9152	435.059	83.6377	435.059	83.9379	435.059	82.5595	435.059	82.7839	435.059	81.682	435.059	81.6978	435.059	81.2253	435.059	81.0634	435.059	81.2409	435.059	81.0371	435.059	81.5189	435.059	81.3571	435.059	81.7777	435.059	81.6878	435.059	81.8475
450.439	87.0279	450.439	87.0156	450.439	86.9932	450.439	86.9705	450.439	86.8997	450.439	86.8912	450.439	86.7468	450.439	86.7601	450.439	86.5373	450.439	86.563	450.439	86.2629	450.439	86.3049	450.439	85.8978	450.439	85.9928	450.439	85.3955	450.439	85.5972	450.439	84.683	450.439	85.0451	450.439	83.676	450.439	84.27	450.439	82.3606	450.439	83.293	450.439	80.9856	450.439	82.309	450.439	80.2082	450.439	81.6966	450.439	80.4999	450.439	81.7439	450.439	81.4396	450.439	82.2993	450.439	82.427	450.439	82.9717	450.439	83.1852	450.439	83.4857	450.439	83.6236	450.439	83.7192
466.553	87.154	466.553	87.0024	466.553	87.2554	466.553	86.8413	466.553	87.2915	466.553	86.7099	466.553	87.2773	466.553	86.6097	466.553	87.2368	466.553	86.4964	466.553	87.1679	466.553	86.3093	466.553	87.025	466.553	86.0032	466.553	86.7393	466.553	85.5445	466.553	86.2429	466.553	84.8922	466.553	85.4639	466.553	84.0082	466.553	84.3046	466.553	82.9131	466.553	82.6515	466.553	81.7427	466.553	80.5157	466.553	80.7499	466.553	78.558	466.553	80.2331	466.553	78.3191	466.553	80.3616	466.553	79.5999	466.553	80.9467	466.553	80.8796	466.553	81.5483	466.553	81.6261	466.553	81.8254
482.666	87.048	482.666	87.0729	482.666	86.8668	482.666	86.9255	482.666	86.5831	482.666	86.641	482.666	86.2747	482.666	86.2916	482.666	86.0358	482.666	85.9424	482.666	85.9385	482.666	85.6097	482.666	85.9551	482.666	85.2611	482.666	85.9425	482.666	84.8397	482.666	85.7394	482.666	84.2609	482.666	85.2576	482.666	83.3957	482.666	84.4907	482.666	82.1205	482.666	83.4774	482.666	80.5377	482.666	82.2927	482.666	79.3995	482.666	81.1302	482.666	79.6566	482.666	80.4213	482.666	80.7846	482.666	80.564	482.666	81.7974	482.666	81.31	482.666	82.3584	482.666	82.0532	482.666	82.4367
500.244	87.7845	500.244	87.8503	500.244	87.5617	500.244	87.7364	500.244	87.2338	500.244	87.4601	500.244	86.8525	500.244	87.0768	500.244	86.4367	500.244	86.653	500.244	85.9762	500.244	86.2143	500.244	85.4821	500.244	85.7155	500.244	85.0149	500.244	85.0766	500.244	84.6146	500.244	84.2383	500.244	84.1846	500.244	83.1669	500.244	83.4984	500.244	81.8342	500.244	82.3556	500.244	80.2848	500.244	80.8107	500.244	78.9249	500.244	79.5134	500.244	78.644	500.244	79.4954	500.244	79.5992	500.244	80.5543	500.244	80.8701	500.244	81.6448	500.244	81.8329	500.244	82.2598	500.244	82.3128
517.822	87.4616	517.822	87.2894	517.822	87.4845	517.822	87.0275	517.822	87.31	517.822	86.7212	517.822	86.9451	517.822	86.4067	517.822	86.4784	517.822	86.1319	517.822	86.0511	517.822	85.9553	517.822	85.7501	517.822	85.8912	517.822	85.5159	517.822	85.8394	517.822	85.1896	517.822	85.5991	517.822	84.633	517.822	84.9718	517.822	83.7755	517.822	83.8414	517.822	82.5829	517.822	82.1925	517.822	81.0612	517.822	80.1671	517.822	79.4385	517.822	78.3812	517.822	78.4276	517.822	78.0027	517.822	78.6103	517.822	78.9598	517.822	79.449	517.822	79.9731	517.822	80.1725	517.822	80.3999
536.133	87.9658	536.133	87.9038	536.133	87.8964	536.133	87.7295	536.133	87.6898	536.133	87.451	536.133	87.3696	536.133	87.0624	536.133	86.9862	536.133	86.5725	536.133	86.5853	536.133	86.03	536.133	86.1562	536.133	85.4974	536.133	85.6208	536.133	84.9769	536.133	84.8838	536.133	84.3611	536.133	83.8739	536.133	83.4679	536.133	82.5464	536.133	82.1292	536.133	80.9476	536.133	80.3125	536.133	79.423	536.133	78.4718	536.133	78.6496	536.133	77.9897	536.133	78.9061	536.133	79.2738	536.133	79.7851	536.133	80.807	536.133	80.8099	536.133	81.7428	536.133	81.623	536.133	81.9834
554.443	86.9711	554.443	86.9016	554.443	86.8853	554.443	86.6013	554.443	86.7565	554.443	86.119	554.443	86.6303	554.443	85.6283	554.443	86.4624	554.443	85.307	554.443	86.2103	554.443	85.187	554.443	85.9203	554.443	85.1459	554.443	85.6781	554.443	85.0046	554.443	85.46	554.443	84.6027	554.443	85.0945	554.443	83.8259	554.443	84.3662	554.443	82.6378	554.443	83.087	554.443	81.1799	554.443	81.1213	554.443	79.8704	554.443	78.5919	554.443	79.1858	554.443	76.6872	554.443	79.2431	554.443	77.1717	554.443	79.8157	554.443	78.8362	554.443	80.4463	554.443	80.1187	554.443	80.6425
574.219	87.6324	574.219	87.4961	574.219	87.5821	574.219	87.2197	574.219	87.2981	574.219	86.8139	574.219	86.7833	574.219	86.2796	574.219	86.1165	574.219	85.6718	574.219	85.4422	574.219	85.1095	574.219	84.9176	574.219	84.6781	574.219	84.6074	574.219	84.3147	574.219	84.3972	574.219	83.846	574.219	84.0363	574.219	83.1242	574.219	83.27	574.219	82.0583	574.219	81.9445	574.219	80.5432	574.219	80.1165	574.219	78.5837	574.219	78.3899	574.219	77.0387	574.219	78.0647	574.219	77.4867	574.219	79.1786	574.219	79.0805	574.219	80.3724	574.219	80.3516	574.219	80.9947	574.219	80.9823
594.727	87.7304	594.727	87.6551	594.727	87.5478	594.727	87.3351	594.727	87.1443	594.727	86.8376	594.727	86.5811	594.727	86.2418	594.727	85.9472	594.727	85.5921	594.727	85.3603	594.727	84.9035	594.727	84.8884	594.727	84.2206	594.727	84.4887	594.727	83.6347	594.727	84.0867	594.727	83.146	594.727	83.6542	594.727	82.501	594.727	83.135	594.727	81.2867	594.727	82.3135	594.727	79.2234	594.727	80.8393	594.727	76.7433	594.727	78.4577	594.727	75.8587	594.727	75.7646	594.727	77.1417	594.727	75.4301	594.727	78.6362	594.727	77.3781	594.727	79.5547	594.727	79.0247	594.727	79.731
615.234	87.6187	615.234	87.6615	615.234	87.4022	615.234	87.4693	615.234	87.0507	615.234	87.0233	615.234	86.5672	615.234	86.392	615.234	85.9505	615.234	85.7126	615.234	85.2255	615.234	85.1235	615.234	84.444	615.234	84.6686	615.234	83.6722	615.234	84.2369	615.234	82.9779	615.234	83.6378	615.234	82.3474	615.234	82.7253	615.234	81.5665	615.234	81.4221	615.234	80.3233	615.234	79.6832	615.234	78.5124	615.234	77.6085	615.234	76.7804	615.234	75.9448	615.234	76.8333	615.234	76.0645	615.234	78.5102	615.234	77.6008	615.234	79.9695	615.234	79.1669	615.234	80.5269	615.234	80.2047
637.207	86.941	637.207	86.7482	637.207	86.972	637.207	86.4352	637.207	86.8255	637.207	86.0256	637.207	86.5339	637.207	85.557	637.207	86.1386	637.207	85.1162	637.207	85.6621	637.207	84.7459	637.207	85.1477	637.207	84.3722	637.207	84.6788	637.207	83.9005	637.207	84.2695	637.207	83.2797	637.207	83.7629	637.207	82.4382	637.207	82.9153	637.207	81.2494	637.207	81.5463	637.207	79.597	637.207	79.6451	637.207	77.5675	637.207	77.4941	637.207	75.9491	637.207	75.8213	637.207	76.0587	637.207	75.657	637.207	77.4185	637.207	76.953	637.207	78.6119	637.207	78.3566	637.207	78.9806
659.912	87.2092	659.912	87.0194	659.912	87.176	659.912	86.6259	659.912	86.9279	659.912	86.1158	659.912	86.4909	659.912	85.6137	659.912	85.9451	659.912	85.1837	659.912	85.4482	659.912	84.8251	659.912	85.1492	659.912	84.5346	659.912	85.0031	659.912	84.2709	659.912	84.7703	659.912	83.8749	659.912	84.2333	659.912	83.0685	659.912	83.2673	659.912	81.5537	659.912	81.6931	659.912	79.1694	659.912	79.1596	659.912	76.1622	659.912	75.497	659.912	74.1946	659.912	73.5777	659.912	75.7901	659.912	76.4203	659.912	78.5927	659.912	79.1782	659.912	80.4551	659.912	80.7041	659.912	81.1284
683.35	88.4867	683.35	88.4324	683.35	88.2961	683.35	88.1338	683.35	87.8165	683.35	87.5295	683.35	87.0082	683.35	86.5336	683.35	85.9142	683.35	85.2061	683.35	84.7551	683.35	84.0254	683.35	83.9652	683.35	83.6691	683.35	83.8962	683.35	84.0177	683.35	84.295	683.35	84.395	683.35	84.5441	683.35	84.3786	683.35	84.2142	683.35	83.6751	683.35	83.0775	683.35	81.8323	683.35	80.834	683.35	78.1249	683.35	76.9542	683.35	72.7986	683.35	72.936	683.35	74.8263	683.35	75.555	683.35	78.491	683.35	78.6587	683.35	80.223	683.35	80.2298	683.35	80.7096
706.787	88.1239	706.787	88.0537	706.787	87.8996	706.787	87.71	706.787	87.3662	706.787	87.0898	706.787	86.568	706.787	86.1978	706.787	85.5878	706.787	85.0791	706.787	84.4855	706.787	83.858	706.787	83.3574	706.787	82.8368	706.787	82.5109	706.787	82.3802	706.787	82.3084	706.787	82.3942	706.787	82.5683	706.787	82.3421	706.787	82.648	706.787	81.7181	706.787	81.9919	706.787	80.0838	706.787	80.192	706.787	76.9215	706.787	76.6518	706.787	72.369	706.787	70.1338	706.787	72.4515	706.787	70.9845	706.787	76.0668	706.787	76.535	706.787	78.391	706.787	78.9177	706.787	79.3657
731.689	87.6895	731.689	87.617	731.689	87.4977	731.689	87.2521	731.689	87.0793	731.689	86.627	731.689	86.4374	731.689	85.7849	731.689	85.568	731.689	84.7117	731.689	84.4643	731.689	83.4228	731.689	83.1363	731.689	82.2081	731.689	81.8426	731.689	81.7067	731.689	81.233	731.689	82.0755	731.689	81.5027	731.689	82.5052	731.689	81.9015	731.689	82.2269	731.689	81.6688	731.689	80.9041	731.689	80.3112	731.689	78.3416	731.689	77.3477	731.689	74.2142	731.689	72.3475	731.689	70.2764	731.689	69.9208	731.689	73.0743	731.689	73.7262	731.689	76.0621	731.689	76.2429	731.689	77.0297
758.057	86.9095	758.057	86.9032	758.057	86.7663	758.057	86.7003	758.057	86.4788	758.057	86.2281	758.057	86.0483	758.057	85.4785	758.057	85.4183	758.057	84.4646	758.057	84.4785	758.057	83.1118	758.057	83.2387	758.057	81.4717	758.057	81.9024	758.057	80.2251	758.057	80.792	758.057	80.2934	758.057	80.3629	758.057	81.1432	758.057	80.5995	758.057	81.5367	758.057	80.7162	758.057	80.8179	758.057	80.0166	758.057	78.7569	758.057	77.988	758.057	75.1879	758.057	73.7799	758.057	70.2567	758.057	66.3904	758.057	69.801	758.057	68.9878	758.057	73.0619	758.057	73.0192	758.057	74.1879
784.424	86.4622	784.424	86.488	784.424	86.2901	784.424	86.3058	784.424	86.0739	784.424	85.9154	784.424	85.8196	784.424	85.3069	784.424	85.3693	784.424	84.448	784.424	84.4854	784.424	83.2399	784.424	83.0178	784.424	81.5482	784.424	81.1096	784.424	79.841	784.424	79.6192	784.424	79.3879	784.424	79.6732	784.424	79.8264	784.424	80.4535	784.424	80.0197	784.424	80.6853	784.424	79.6873	784.424	80.0595	784.424	78.4399	784.424	78.4591	784.424	75.8174	784.424	75.4761	784.424	72.7685	784.424	71.8033	784.424	72.5963	784.424	72.5125	784.424	74.2844	784.424	74.7078	784.424	75.2499
812.256	86.2022	812.256	86.033	812.256	86.1577	812.256	85.6999	812.256	85.9096	812.256	85.2621	812.256	85.4871	812.256	84.6514	812.256	84.8235	812.256	83.6704	812.256	83.7715	812.256	82.2711	812.256	82.3394	812.256	80.7808	812.256	80.7375	812.256	79.7511	812.256	79.147	812.256	79.4778	812.256	78.2662	812.256	79.5769	812.256	78.7634	812.256	79.4411	812.256	79.3911	812.256	79.0031	812.256	79.1616	812.256	78.1517	812.256	77.8226	812.256	75.9832	812.256	75.0801	812.256	71.5305	812.256	71.3535	812.256	69.9558	812.256	70.9293	812.256	73.1157	812.256	73.2217	812.256	74.2096
840.82	86.0948	840.82	86.0947	840.82	85.9192	840.82	85.7261	840.82	85.6896	840.82	84.9881	840.82	85.3212	840.82	84.1207	840.82	84.7093	840.82	83.2928	840.82	83.8841	840.82	82.2945	840.82	82.8526	840.82	80.924	840.82	81.4985	840.82	79.4789	840.82	79.9284	840.82	78.473	840.82	78.7706	840.82	78.1351	840.82	78.5364	840.82	78.3402	840.82	78.6946	840.82	78.1726	840.82	78.1196	840.82	76.7201	840.82	76.103	840.82	73.9968	840.82	72.8906	840.82	71.511	840.82	70.715	840.82	72.213	840.82	72.1491	840.82	74.8165	840.82	74.7276	840.82	75.8904
870.85	85.7417	870.85	85.5804	870.85	85.6154	870.85	85.341	870.85	85.1132	870.85	84.944	870.85	84.4567	870.85	84.194	870.85	83.738	870.85	83.1693	870.85	82.6891	870.85	82.027	870.85	81.2495	870.85	80.6302	870.85	79.776	870.85	79.0176	870.85	78.6323	870.85	78.0492	870.85	78.2417	870.85	78.262	870.85	78.4455	870.85	78.8089	870.85	78.5975	870.85	78.6899	870.85	78.5517	870.85	77.3613	870.85	77.7263	870.85	74.8122	870.85	75.2687	870.85	71.5797	870.85	71.7521	870.85	70.224	870.85	71.0936	870.85	72.4025	870.85	73.1163	870.85	73.8518
901.611	85.9886	901.611	85.812	901.611	85.9476	901.611	85.4993	901.611	85.6404	901.611	85.1064	901.611	85.0642	901.611	84.4175	901.611	84.3673	901.611	83.2271	901.611	83.619	901.611	81.8296	901.611	82.6209	901.611	80.4837	901.611	81.0349	901.611	78.7454	901.611	78.7182	901.611	76.9375	901.611	76.6074	901.611	76.4549	901.611	76.326	901.611	76.699	901.611	76.8085	901.611	76.817	901.611	76.6044	901.611	75.8755	901.611	75.1936	901.611	72.5006	901.611	72.0295	901.611	69.3701	901.611	69.2443	901.611	71.7405	901.611	71.5201	901.611	73.3339	901.611	73.3068	901.611	73.7486
933.105	85.7207	933.105	85.6123	933.105	85.6898	933.105	85.2559	933.105	85.4857	933.105	84.6876	933.105	84.967	933.105	84.102	933.105	84.1794	933.105	83.4226	933.105	83.3009	933.105	82.4393	933.105	82.2526	933.105	81.2738	933.105	80.9085	933.105	80.0043	933.105	79.4737	933.105	78.351	933.105	78.2108	933.105	76.8545	933.105	77.6043	933.105	76.3886	933.105	77.9684	933.105	76.4102	933.105	78.0221	933.105	75.8443	933.105	76.3888	933.105	73.5147	933.105	72.298	933.105	69.8593	933.105	69.0143	933.105	70.8631	933.105	72.5698	933.105	73.1283	933.105	74.3803	933.105	74.2532
966.064	86.2066	966.064	85.9041	966.064	86.089	966.064	85.5151	966.064	85.4904	966.064	85.1017	966.064	84.7317	966.064	84.3636	966.064	83.955	966.064	83.2221	966.064	82.8163	966.064	81.9954	966.064	81.2061	966.064	80.6294	966.064	79.7211	966.064	79.0527	966.064	78.7086	966.064	78.1381	966.064	77.9427	966.064	78.0724	966.064	77.6621	966.064	78.4074	966.064	77.967	966.064	78.3831	966.064	78.0182	966.064	76.753	966.064	76.379	966.064	72.9404	966.064	71.1256	966.064	68.8962	966.064	67.7387	966.064	70.4167	966.064	72.3302	966.064	73.433	966.064	74.2347	966.064	74.6863
999.756	85.6791	999.756	85.5292	999.756	85.7215	999.756	85.16	999.756	85.6215	999.756	84.657	999.756	85.0746	999.756	84.0886	999.756	84.1416	999.756	83.299	999.756	83.293	999.756	82.2338	999.756	82.4091	999.756	80.8942	999.756	80.9479	999.756	79.1884	999.756	78.9821	999.756	77.9751	999.756	77.3139	999.756	77.9051	999.756	76.5479	999.756	77.6842	999.756	76.1862	999.756	77.4215	999.756	75.9872	999.756	76.5214	999.756	75.2131	999.756	73.1807	999.756	71.7725	999.756	69.3004	999.756	68.5527	999.756	70.8857	999.756	72.4518	999.756	73.0467	999.756	74.1449	999.756	74.2143
1034.91	85.4445	1034.91	85.6588	1034.91	85.1585	1034.91	85.5925	1034.91	84.8231	1034.91	85.0624	1034.91	84.2312	1034.91	83.9837	1034.91	83.3706	1034.91	82.9183	1034.91	82.4179	1034.91	82.1622	1034.91	81.6953	1034.91	81.0037	1034.91	81.052	1034.91	79.6893	1034.91	79.7882	1034.91	78.5582	1034.91	78.0838	1034.91	77.5021	1034.91	77.1861	1034.91	77.9044	1034.91	77.1888	1034.91	77.9977	1034.91	77.0301	1034.91	76.5108	1034.91	75.2574	1034.91	73.4855	1034.91	70.8339	1034.91	66.9397	1034.91	68.8742	1034.91	68.694	1034.91	72.3344	1034.91	73.5642	1034.91	74.91	1034.91	75.4316
1071.53	85.4431	1071.53	84.9041	1071.53	85.6117	1071.53	84.341	1071.53	84.9066	1071.53	83.6086	1071.53	83.753	1071.53	82.8107	1071.53	82.6523	1071.53	81.9471	1071.53	81.4421	1071.53	80.8584	1071.53	80.1394	1071.53	79.6049	1071.53	78.458	1071.53	78.3672	1071.53	76.6958	1071.53	77.1043	1071.53	75.9134	1071.53	75.8928	1071.53	74.743	1071.53	75.982	1071.53	75.2073	1071.53	76.5543	1071.53	76.8709	1071.53	75.7205	1071.53	75.8728	1071.53	73.2644	1071.53	72.1126	1071.53	69.45	1071.53	67.601	1071.53	70.3462	1071.53	72.4216	1071.53	74.3816	1071.53	76.0007	1071.53	76.1737
1109.62	85.6343	1109.62	85.7764	1109.62	85.3296	1109.62	85.5062	1109.62	85.0052	1109.62	84.5764	1109.62	84.415	1109.62	83.1594	1109.62	83.4084	1109.62	81.8182	1109.62	81.9093	1109.62	80.5179	1109.62	80.5103	1109.62	79.1684	1109.62	79.3176	1109.62	77.4914	1109.62	77.1443	1109.62	75.7319	1109.62	76.1497	1109.62	74.1051	1109.62	76.648	1109.62	74.3461	1109.62	76.118	1109.62	76.293	1109.62	75.6323	1109.62	75.5615	1109.62	74.7459	1109.62	73.3344	1109.62	72.2096	1109.62	70.4967	1109.62	67.416	1109.62	67.6516	1109.62	64.9057	1109.62	73.354	1109.62	70.6766	1109.62	74.3074
1148.44	86.1335	1148.44	85.6368	1148.44	85.934	1148.44	85.0976	1148.44	85.0851	1148.44	84.7336	1148.44	84.1804	1148.44	83.7319	1148.44	83.3605	1148.44	82.1833	1148.44	82.0538	1148.44	80.9963	1148.44	80.2146	1148.44	79.8495	1148.44	78.9536	1148.44	78.8014	1148.44	78.2341	1148.44	77.232	1148.44	77.2868	1148.44	75.3249	1148.44	75.4101	1148.44	75.7194	1148.44	74.6537	1148.44	75.4991	1148.44	76.4337	1148.44	74.9766	1148.44	75.935	1148.44	73.2144	1148.44	73.6217	1148.44	65.734	1148.44	67.9541	1148.44	63.7278	1148.44	67.1705	1148.44	71.0672	1148.44	73.5309	1148.44	73.8202
1189.45	85.9789	1189.45	85.9525	1189.45	85.7157	1189.45	85.5189	1189.45	85.0756	1189.45	84.5085	1189.45	84.063	1189.45	83.2216	1189.45	82.5901	1189.45	81.9206	1189.45	81.1571	1189.45	81.035	1189.45	80.2847	1189.45	80.396	1189.45	79.2487	1189.45	79.1926	1189.45	78.0261	1189.45	77.6313	1189.45	76.8642	1189.45	75.2669	1189.45	75.0317	1189.45	74.0888	1189.45	74.4919	1189.45	75.2506	1189.45	75.5086	1189.45	75.1958	1189.45	75.7853	1189.45	73.4224	1189.45	73.5624	1189.45	66.9028	1189.45	67.8561	1189.45	64.4188	1189.45	66.9959	1189.45	69.9301	1189.45	70.8088	1189.45	71.8055
1231.2	86.056	1231.2	85.9024	1231.2	85.9858	1231.2	85.4162	1231.2	85.4386	1231.2	84.3808	1231.2	84.3926	1231.2	83.0531	1231.2	83.3373	1231.2	82.0651	1231.2	82.0841	1231.2	80.6317	1231.2	80.2467	1231.2	78.7959	1231.2	78.7559	1231.2	77.4684	1231.2	78.1049	1231.2	75.5272	1231.2	76.5043	1231.2	73.6543	1231.2	73.581	1231.2	73.297	1231.2	73.0608	1231.2	74.1432	1231.2	74.577	1231.2	74.8661	1231.2	74.7013	1231.2	74.2132	1231.2	73.6322	1231.2	71.135	1231.2	69.4211	1231.2	65.6195	1231.2	65.8008	1231.2	70.9028	1231.2	71.4687	1231.2	72.9019
1274.41	85.2664	1274.41	85.2667	1274.41	85.0831	1274.41	84.6883	1274.41	84.8145	1274.41	83.7994	1274.41	84.1226	1274.41	82.8633	1274.41	82.7893	1274.41	81.272	1274.41	81.2346	1274.41	79.5894	1274.41	79.9792	1274.41	78.9999	1274.41	78.7874	1274.41	78.0983	1274.41	76.9255	1274.41	76.2489	1274.41	76.0427	1274.41	75.3873	1274.41	75.5492	1274.41	74.2333	1274.41	73.1202	1274.41	74.1757	1274.41	73.3473	1274.41	74.3515	1274.41	73.8997	1274.41	73.0583	1274.41	73.0807	1274.41	69.5063	1274.41	69.7929	1274.41	63.3724	1274.41	67.0688	1274.41	68.797	1274.41	70.5165	1274.41	72.4759
1319.82	85.1515	1319.82	84.7349	1319.82	85.0447	1319.82	84.3645	1319.82	84.0345	1319.82	83.7747	1319.82	83.2033	1319.82	82.9109	1319.82	82.4629	1319.82	81.7295	1319.82	81.3369	1319.82	80.2712	1319.82	79.9415	1319.82	78.6256	1319.82	78.2753	1319.82	77.189	1319.82	77.5055	1319.82	75.5257	1319.82	75.863	1319.82	73.4241	1319.82	73.9665	1319.82	72.8811	1319.82	73.755	1319.82	73.559	1319.82	74.1776	1319.82	74.3582	1319.82	74.033	1319.82	72.8246	1319.82	72.4538	1319.82	66.388	1319.82	67.4334	1319.82	59.4089	1319.82	59.7584	1319.82	66.2157	1319.82	66.1537	1319.82	65.8808
1365.97	84.9755	1365.97	84.9658	1365.97	84.5843	1365.97	84.0854	1365.97	84.0882	1365.97	83.0377	1365.97	82.9902	1365.97	81.9812	1365.97	81.9851	1365.97	80.7244	1365.97	80.75	1365.97	79.7906	1365.97	78.7528	1365.97	78.7369	1365.97	77.3833	1365.97	77.5015	1365.97	76.5871	1365.97	76.3438	1365.97	75.8724	1365.97	74.6957	1365.97	73.965	1365.97	72.7641	1365.97	71.9758	1365.97	71.8745	1365.97	72.9392	1365.97	73.5492	1365.97	74.2626	1365.97	73.1957	1365.97	73.3828	1365.97	71.6068	1365.97	70.6908	1365.97	65.2611	1365.97	68.554	1365.97	67.6137	1365.97	70.0797	1365.97	71.5965
1414.31	84.6802	1414.31	84.1168	1414.31	84.5959	1414.31	83.6527	1414.31	84.2251	1414.31	83.1929	1414.31	83.9265	1414.31	82.0622	1414.31	82.3644	1414.31	80.3365	1414.31	80.3883	1414.31	78.6106	1414.31	79.3362	1414.31	77.3535	1414.31	78.1748	1414.31	77.5179	1414.31	76.9287	1414.31	76.4415	1414.31	74.8248	1414.31	74.0678	1414.31	72.989	1414.31	72.6672	1414.31	72.1843	1414.31	71.6492	1414.31	72.3987	1414.31	73.3047	1414.31	74.1391	1414.31	74.6883	1414.31	73.6718	1414.31	69.9025	1414.31	69.4387	1414.31	66.7893	1414.31	55.6883	1414.31	67.3252	1414.31	68.2857	1414.31	67.2273
1464.11	85.0944	1464.11	85.397	1464.11	85.191	1464.11	85.0657	1464.11	84.8111	1464.11	84.0642	1464.11	83.8957	1464.11	83.0455	1464.11	83.1739	1464.11	81.7096	1464.11	81.6537	1464.11	80.3794	1464.11	79.0279	1464.11	79.1886	1464.11	76.5368	1464.11	77.3688	1464.11	75.831	1464.11	74.5617	1464.11	76.1396	1464.11	73.8899	1464.11	73.8252	1464.11	71.3744	1464.11	70.7469	1464.11	71.9665	1464.11	70.1493	1464.11	72.6543	1464.11	74.055	1464.11	70.9171	1464.11	74.1432	1464.11	69.3571	1464.11	67.6468	1464.11	63.7301	1464.11	58.3503	1464.11	68.6905	1464.11	68.3823	1464.11	73.1469
1515.38	85.9334	1515.38	85.5162	1515.38	85.5138	1515.38	85.1488	1515.38	85.1456	1515.38	84.1288	1515.38	84.1227	1515.38	83.1216	1515.38	83.1164	1515.38	81.6354	1515.38	81.6268	1515.38	79.246	1515.38	79.2387	1515.38	77.8962	1515.38	77.8896	1515.38	76.5366	1515.38	76.5309	1515.38	75.8544	1515.38	75.8491	1515.38	74.3223	1515.38	74.3178	1515.38	72.6889	1515.38	72.6847	1515.38	72.6414	1515.38	72.6363	1515.38	73.3401	1515.38	73.3339	1515.38	73.7404	1515.38	73.7388	1515.38	70.7352	1515.38	70.7468	1515.38	63.4136	1515.38	63.4334	1515.38	64.7554	1515.38	64.7322	1515.38	68.8984
1568.85	85.8081	1568.85	86.0431	1568.85	86.0418	1568.85	85.0873	1568.85	85.082	1568.85	84.3922	1568.85	84.3884	1568.85	83.0649	1568.85	83.0565	1568.85	81.3939	1568.85	81.3883	1568.85	80.4571	1568.85	80.45	1568.85	78.3993	1568.85	78.3926	1568.85	77.3097	1568.85	77.3042	1568.85	75.9377	1568.85	75.9328	1568.85	74.1561	1568.85	74.1523	1568.85	72.3866	1568.85	72.3836	1568.85	70.9974	1568.85	70.993	1568.85	72.57	1568.85	72.5613	1568.85	74.0364	1568.85	74.034	1568.85	70.6112	1568.85	70.6264	1568.85	64.0035	1568.85	63.992	1568.85	69.2939	1568.85	69.2896	1568.85	68.9255
1624.51	86.2648	1624.51	85.5183	1624.51	85.515	1624.51	85.2303	1624.51	85.2276	1624.51	84.022	1624.51	84.0147	1624.51	82.9207	1624.51	82.9163	1624.51	81.644	1624.51	81.6353	1624.51	79.1868	1624.51	79.1797	1624.51	78.1332	1624.51	78.1266	1624.51	76.2265	1624.51	76.22	1624.51	75.0678	1624.51	75.0628	1624.51	73.7293	1624.51	73.7248	1624.51	72.1984	1624.51	72.1944	1624.51	71.0524	1624.51	71.0485	1624.51	71.8469	1624.51	71.8405	1624.51	72.5557	1624.51	72.5527	1624.51	71.473	1624.51	71.4777	1624.51	65.1695	1624.51	65.198	1624.51	65.4906	1624.51	65.4676	1624.51	68.9433
1681.64	86.191	1681.64	86.2338	1681.64	86.2319	1681.64	85.1586	1681.64	85.153	1681.64	84.3165	1681.64	84.3125	1681.64	83.0747	1681.64	83.0669	1681.64	81.4117	1681.64	81.4059	1681.64	80.5176	1681.64	80.511	1681.64	78.3511	1681.64	78.3441	1681.64	77.2089	1681.64	77.2038	1681.64	75.7601	1681.64	75.7542	1681.64	74.4903	1681.64	74.4851	1681.64	73.4068	1681.64	73.4046	1681.64	70.412	1681.64	70.4083	1681.64	71.774	1681.64	71.7669	1681.64	72.3933	1681.64	72.3908	1681.64	70.4874	1681.64	70.4955	1681.64	64.6204	1681.64	64.6348	1681.64	65.7258	1681.64	65.7055	1681.64	69.8544
1740.97	86.9437	1740.97	86.3825	1740.97	86.3799	1740.97	85.9914	1740.97	85.988	1740.97	84.6743	1740.97	84.6677	1740.97	83.6245	1740.97	83.6196	1740.97	81.9785	1740.97	81.9699	1740.97	80.0075	1740.97	80.0018	1740.97	79.0227	1740.97	79.0164	1740.97	76.862	1740.97	76.8563	1740.97	76.1707	1740.97	76.1662	1740.97	75.0019	1740.97	74.9977	1740.97	74.148	1740.97	74.1441	1740.97	72.2783	1740.97	72.2796	1740.97	70.7162	1740.97	70.7069	1740.97	73.5611	1740.97	73.5566	1740.97	71.2313	1740.97	71.2402	1740.97	64.7749	1740.97	64.8017	1740.97	65.3788	1740.97	65.3465	1740.97	70.3834
1802.49	87.219	1802.49	87.1483	1802.49	87.146	1802.49	86.1855	1802.49	86.1811	1802.49	85.3756	1802.49	85.3705	1802.49	83.7867	1802.49	83.78	1802.49	82.6804	1802.49	82.6749	1802.49	80.8259	1802.49	80.8178	1802.49	78.4745	1802.49	78.468	1802.49	77.0633	1802.49	77.0581	1802.49	76.2171	1802.49	76.2123	1802.49	73.837	1802.49	73.834	1802.49	72.7937	1802.49	72.7896	1802.49	72.5566	1802.49	72.553	1802.49	72.9898	1802.49	72.9847	1802.49	73.9078	1802.49	73.902	1802.49	73.7787	1802.49	73.7828	1802.49	68.1998	1802.49	68.2171	1802.49	67.2508	1802.49	67.2408	1802.49	69.3564
1866.21	87.3163	1866.21	86.7072	1866.21	86.7048	1866.21	86.2063	1866.21	86.2017	1866.21	84.7282	1866.21	84.723	1866.21	83.8303	1866.21	83.824	1866.21	82.0167	1866.21	82.0104	1866.21	81.1268	1866.21	81.1212	1866.21	79.6215	1866.21	79.6158	1866.21	78.2531	1866.21	78.2475	1866.21	76.378	1866.21	76.3735	1866.21	75.3956	1866.21	75.3913	1866.21	74.0293	1866.21	74.0258	1866.21	73.1505	1866.21	73.1493	1866.21	72.1298	1866.21	72.1241	1866.21	74.3659	1866.21	74.3597	1866.21	73.4821	1866.21	73.4868	1866.21	69.0259	1866.21	69.0439	1866.21	66.8888	1866.21	66.8765	1866.21	68.9256
1932.13	86.2317	1932.13	85.9345	1932.13	85.9323	1932.13	85.3237	1932.13	85.3196	1932.13	84.2668	1932.13	84.2617	1932.13	83.2557	1932.13	83.2498	1932.13	81.5834	1932.13	81.5764	1932.13	80.1441	1932.13	80.1381	1932.13	78.8889	1932.13	78.8824	1932.13	76.8133	1932.13	76.8068	1932.13	75.4682	1932.13	75.4634	1932.13	74.7397	1932.13	74.7351	1932.13	73.5453	1932.13	73.5412	1932.13	72.0631	1932.13	72.0628	1932.13	70.7916	1932.13	70.7854	1932.13	72.4716	1932.13	72.4633	1932.13	74.0466	1932.13	74.0479	1932.13	67.9257	1932.13	67.9508	1932.13	62.6511	1932.13	62.6355	1932.13	68.6184
2000.24	86.4398	2000.24	86.0859	2000.24	86.0834	2000.24	85.4279	2000.24	85.4242	2000.24	84.2962	2000.24	84.2898	2000.24	82.9702	2000.24	82.9654	2000.24	81.817	2000.24	81.81	2000.24	80.4302	2000.24	80.425	2000.24	78.5517	2000.24	78.5446	2000.24	77.7839	2000.24	77.7798	2000.24	76.6226	2000.24	76.618	2000.24	75.2732	2000.24	75.2695	2000.24	73.0977	2000.24	73.0944	2000.24	72.6136	2000.24	72.612	2000.24	71.6582	2000.24	71.6526	2000.24	71.9727	2000.24	71.9684	2000.24	73.391	2000.24	73.3916	2000.24	67.4812	2000.24	67.4983	2000.24	68.1936	2000.24	68.1861	2000.24	70.3831
2070.56	86.7529	2070.56	86.3365	2070.56	86.3339	2070.56	85.7144	2070.56	85.7105	2070.56	84.5384	2070.56	84.533	2070.56	83.5004	2070.56	83.4946	2070.56	82.0505	2070.56	82.0451	2070.56	81.2858	2070.56	81.28	2070.56	79.4301	2070.56	79.4239	2070.56	77.8883	2070.56	77.8829	2070.56	75.8964	2070.56	75.8913	2070.56	75.6646	2070.56	75.6609	2070.56	72.288	2070.56	72.2863	2070.56	73.4328	2070.56	73.4262	2070.56	72.4116	2070.56	72.4111	2070.56	73.1962	2070.56	73.1901	2070.56	73.0111	2070.56	73.0149	2070.56	68.9764	2070.56	68.9865	2070.56	65.3184	2070.56	65.3181	2070.56	68.8218
2143.8	86.0425	2143.8	86.1593	2143.8	86.1573	2143.8	85.3062	2143.8	85.3025	2143.8	84.4266	2143.8	84.4209	2143.8	83.2226	2143.8	83.2173	2143.8	81.8367	2143.8	81.8293	2143.8	80.3899	2143.8	80.385	2143.8	80.0636	2143.8	80.0578	2143.8	77.8704	2143.8	77.8645	2143.8	76.5734	2143.8	76.5684	2143.8	75.8234	2143.8	75.8195	2143.8	73.2777	2143.8	73.2757	2143.8	73.1859	2143.8	73.18	2143.8	71.8589	2143.8	71.8602	2143.8	71.8191	2143.8	71.8134	2143.8	73.0196	2143.8	73.0145	2143.8	71.7204	2143.8	71.7316	2143.8	68.9191	2143.8	68.9156	2143.8	67.2743
2219.24	85.5287	2219.24	85.3146	2219.24	85.313	2219.24	84.8474	2219.24	84.8441	2219.24	84.5716	2219.24	84.5687	2219.24	83.3314	2219.24	83.3244	2219.24	82.1301	2219.24	82.1241	2219.24	80.1308	2219.24	80.1239	2219.24	79.1964	2219.24	79.1908	2219.24	77.2701	2219.24	77.2647	2219.24	76.6761	2219.24	76.6716	2219.24	74.913	2219.24	74.9099	2219.24	73.7742	2219.24	73.77	2219.24	72.732	2219.24	72.73	2219.24	70.4878	2219.24	70.4891	2219.24	72.4196	2219.24	72.4043	2219.24	73.9352	2219.24	73.9367	2219.24	71.9873	2219.24	71.9923	2219.24	68.1302	2219.24	68.1351	2219.24	69.0054
2297.61	85.8908	2297.61	85.4312	2297.61	85.429	2297.61	85.0759	2297.61	85.0728	2297.61	84.5838	2297.61	84.581	2297.61	84.0941	2297.61	84.0885	2297.61	82.6406	2297.61	82.6338	2297.61	81.1823	2297.61	81.176	2297.61	80.0741	2297.61	80.0687	2297.61	78.3507	2297.61	78.3444	2297.61	75.7849	2297.61	75.7807	2297.61	75.1678	2297.61	75.1634	2297.61	74.1424	2297.61	74.1398	2297.61	71.8254	2297.61	71.8216	2297.61	72.861	2297.61	72.8575	2297.61	72.2188	2297.61	72.2117	2297.61	74.3392	2297.61	74.3346	2297.61	73.0452	2297.61	73.0572	2297.61	69.739	2297.61	69.7371	2297.61	69.6442
2378.17	85.948	2378.17	85.4628	2378.17	85.4607	2378.17	85.3773	2378.17	85.3752	2378.17	84.8412	2378.17	84.8373	2378.17	84.629	2378.17	84.6251	2378.17	83.1151	2378.17	83.1071	2378.17	81.8312	2378.17	81.8256	2378.17	79.9509	2378.17	79.9441	2378.17	79.0275	2378.17	79.022	2378.17	75.7476	2378.17	75.7425	2378.17	74.6153	2378.17	74.6105	2378.17	74.538	2378.17	74.5343	2378.17	72.2427	2378.17	72.2415	2378.17	73.4351	2378.17	73.4279	2378.17	71.8062	2378.17	71.8073	2378.17	74.0735	2378.17	74.0654	2378.17	71.8366	2378.17	71.8524	2378.17	67.0682	2378.17	67.0669	2378.17	69.7194
2462.4	84.7617	2462.4	84.7619	2462.4	84.7598	2462.4	84.4378	2462.4	84.437	2462.4	84.4081	2462.4	84.4034	2462.4	83.8703	2462.4	83.8673	2462.4	82.8663	2462.4	82.8583	2462.4	81.4694	2462.4	81.4638	2462.4	79.6857	2462.4	79.6787	2462.4	78.2051	2462.4	78.2	2462.4	75.4488	2462.4	75.4435	2462.4	74.7911	2462.4	74.7859	2462.4	75.1117	2462.4	75.1102	2462.4	69.263	2462.4	69.2676	2462.4	70.7103	2462.4	70.7005	2462.4	69.8344	2462.4	69.8347	2462.4	73.9772	2462.4	73.9638	2462.4	71.9715	2462.4	71.9941	2462.4	64.7811	2462.4	64.7708	2462.4	69.6024
2548.83	85.5354	2548.83	85.9721	2548.83	85.9698	2548.83	84.9453	2548.83	84.9431	2548.83	85.147	2548.83	85.143	2548.83	84.1493	2548.83	84.1447	2548.83	83.5828	2548.83	83.577	2548.83	81.7672	2548.83	81.7601	2548.83	80.4752	2548.83	80.4691	2548.83	77.7705	2548.83	77.765	2548.83	77.0631	2548.83	77.0576	2548.83	73.7448	2548.83	73.741	2548.83	74.1991	2548.83	74.1963	2548.83	71.2871	2548.83	71.2834	2548.83	72.8935	2548.83	72.8866	2548.83	70.9134	2548.83	70.9177	2548.83	72.3974	2548.83	72.3891	2548.83	69.9025	2548.83	69.9171	2548.83	67.3305	2548.83	67.3295	2548.83	68.4515
2638.92	86.2384	2638.92	86.7304	2638.92	86.7288	2638.92	85.9957	2638.92	85.9935	2638.92	85.8954	2638.92	85.891	2638.92	84.7473	2638.92	84.7422	2638.92	84.2607	2638.92	84.2557	2638.92	82.4948	2638.92	82.4875	2638.92	80.8823	2638.92	80.8756	2638.92	78.2772	2638.92	78.272	2638.92	78.0523	2638.92	78.0472	2638.92	75.1152	2638.92	75.112	2638.92	73.987	2638.92	73.9837	2638.92	73.4155	2638.92	73.4125	2638.92	71.9709	2638.92	71.969	2638.92	71.0201	2638.92	71.0181	2638.92	70.7102	2638.92	70.703	2638.92	71.1343	2638.92	71.1371	2638.92	68.1359	2638.92	68.1302	2638.92	72.0645
2731.93	85.5564	2731.93	86.0375	2731.93	86.0381	2731.93	85.9872	2731.93	85.9841	2731.93	85.715	2731.93	85.7124	2731.93	84.9245	2731.93	84.9182	2731.93	84.1152	2731.93	84.1104	2731.93	82.3796	2731.93	82.3726	2731.93	80.8756	2731.93	80.869	2731.93	77.5807	2731.93	77.5744	2731.93	77.9137	2731.93	77.9096	2731.93	74.0363	2731.93	74.0333	2731.93	72.1064	2731.93	72.1009	2731.93	72.9892	2731.93	72.9861	2731.93	71.2407	2731.93	71.2398	2731.93	72.452	2731.93	72.4458	2731.93	72.0171	2731.93	72.0154	2731.93	71.3065	2731.93	71.311	2731.93	67.8108	2731.93	67.8113	2731.93	68.0798
2828.61	85.5013	2828.61	85.5504	2828.61	85.5519	2828.61	86.2398	2828.61	86.2378	2828.61	85.6945	2828.61	85.6913	2828.61	85.1475	2828.61	85.1421	2828.61	83.5962	2828.61	83.589	2828.61	82.064	2828.61	82.0588	2828.61	80.0735	2828.61	80.0661	2828.61	78.0392	2828.61	78.0339	2828.61	75.2994	2828.61	75.2959	2828.61	73.8393	2828.61	73.8339	2828.61	73.2952	2828.61	73.2914	2828.61	72.7352	2828.61	72.7347	2828.61	71.3588	2828.61	71.3539	2828.61	72.5529	2828.61	72.5506	2828.61	71.2618	2828.61	71.2626	2828.61	72.0479	2828.61	72.0456	2828.61	68.5529	2828.61	68.5598	2828.61	70.5873
2928.22	85.713	2928.22	85.5773	2928.22	85.5771	2928.22	86.3164	2928.22	86.3171	2928.22	86.2492	2928.22	86.2446	2928.22	85.597	2928.22	85.5929	2928.22	83.8816	2928.22	83.8728	2928.22	81.8924	2928.22	81.8858	2928.22	79.6981	2928.22	79.6919	2928.22	77.8371	2928.22	77.8307	2928.22	73.495	2928.22	73.4899	2928.22	74.6581	2928.22	74.6535	2928.22	73.4532	2928.22	73.4508	2928.22	70.3451	2928.22	70.3473	2928.22	69.388	2928.22	69.3806	2928.22	70.3327	2928.22	70.3337	2928.22	69.9577	2928.22	69.9483	2928.22	71.7851	2928.22	71.7888	2928.22	66.0643	2928.22	66.0748	2928.22	69.4166
3031.49	85.8242	3031.49	85.9656	3031.49	85.9642	3031.49	86.1419	3031.49	86.1432	3031.49	86.4819	3031.49	86.4775	3031.49	85.4502	3031.49	85.4452	3031.49	84.023	3031.49	84.0155	3031.49	81.7069	3031.49	81.699	3031.49	79.8894	3031.49	79.8844	3031.49	77.5556	3031.49	77.5489	3031.49	75.29	3031.49	75.2846	3031.49	73.2597	3031.49	73.2572	3031.49	72.5168	3031.49	72.5106	3031.49	71.1703	3031.49	71.1728	3031.49	71.2103	3031.49	71.202	3031.49	69.6554	3031.49	69.6589	3031.49	71.5871	3031.49	71.5755	3031.49	71.573	3031.49	71.5822	3031.49	64.8932	3031.49	64.913	3031.49	62.9126
3138.43	85.1468	3138.43	86.012	3138.43	86.01	3138.43	85.0435	3138.43	85.0438	3138.43	86.3475	3138.43	86.3456	3138.43	85.1024	3138.43	85.0956	3138.43	84.1593	3138.43	84.1533	3138.43	81.1767	3138.43	81.1676	3138.43	80.1882	3138.43	80.1826	3138.43	77.0307	3138.43	77.0252	3138.43	76.9127	3138.43	76.9079	3138.43	73.1504	3138.43	73.1474	3138.43	71.7688	3138.43	71.7649	3138.43	70.8141	3138.43	70.8149	3138.43	69.6422	3138.43	69.6299	3138.43	71.3387	3138.43	71.3385	3138.43	71.3261	3138.43	71.3161	3138.43	71.5643	3138.43	71.5705	3138.43	66.9213	3138.43	66.9343	3138.43	65.6813
3249.02	84.0867	3249.02	85.5409	3249.02	85.5428	3249.02	85.2779	3249.02	85.2746	3249.02	85.7721	3249.02	85.7714	3249.02	84.7044	3249.02	84.6961	3249.02	83.4281	3249.02	83.422	3249.02	80.8585	3249.02	80.8515	3249.02	79.5764	3249.02	79.5688	3249.02	76.841	3249.02	76.8352	3249.02	75.4493	3249.02	75.4452	3249.02	73.2614	3249.02	73.2556	3249.02	70.1908	3249.02	70.1883	3249.02	70.8456	3249.02	70.844	3249.02	66.0515	3249.02	66.0424	3249.02	71.1722	3249.02	71.1671	3249.02	70.1623	3249.02	70.1514	3249.02	71.0759	3249.02	71.0851	3249.02	63.2156	3249.02	63.2404	3249.02	65.7456
3363.28	84.3053	3363.28	85.354	3363.28	85.3595	3363.28	86.4769	3363.28	86.4737	3363.28	85.7673	3363.28	85.7645	3363.28	85.1135	3363.28	85.1069	3363.28	83.1527	3363.28	83.144	3363.28	81.4622	3363.28	81.4566	3363.28	78.8325	3363.28	78.8238	3363.28	76.9566	3363.28	76.9505	3363.28	72.9413	3363.28	72.936	3363.28	73.377	3363.28	73.3721	3363.28	69.53	3363.28	69.5258	3363.28	70.8827	3363.28	70.8818	3363.28	64.6025	3363.28	64.6016	3363.28	72.0904	3363.28	72.0796	3363.28	69.7486	3363.28	69.7469	3363.28	70.9627	3363.28	70.9676	3363.28	65.2755	3363.28	65.2844	3363.28	63.6171
3481.93	85.6363	3481.93	85.7809	3481.93	85.783	3481.93	86.8923	3481.93	86.8921	3481.93	86.6614	3481.93	86.6566	3481.93	85.494	3481.93	85.4884	3481.93	83.8543	3481.93	83.8454	3481.93	81.68	3481.93	81.673	3481.93	78.6258	3481.93	78.618	3481.93	77.1469	3481.93	77.1407	3481.93	73.9809	3481.93	73.9751	3481.93	73.5267	3481.93	73.5225	3481.93	72.2016	3481.93	72.1989	3481.93	71.1275	3481.93	71.1245	3481.93	68.8719	3481.93	68.8768	3481.93	71.593	3481.93	71.5806	3481.93	69.4171	3481.93	69.4238	3481.93	71.8003	3481.93	71.7977	3481.93	65.845	3481.93	65.87	3481.93	65.9136
3604.98	86.085	3604.98	85.9164	3604.98	85.9141	3604.98	86.2457	3604.98	86.2484	3604.98	86.9849	3604.98	86.9803	3604.98	85.3493	3604.98	85.3427	3604.98	83.9945	3604.98	83.9872	3604.98	80.8299	3604.98	80.8203	3604.98	79.1096	3604.98	79.1042	3604.98	76.8894	3604.98	76.8832	3604.98	75.1393	3604.98	75.1341	3604.98	72.959	3604.98	72.9545	3604.98	71.7285	3604.98	71.7277	3604.98	69.5485	3604.98	69.5428	3604.98	69.9227	3604.98	69.9257	3604.98	70.4217	3604.98	70.41	3604.98	69.547	3604.98	69.5523	3604.98	71.4765	3604.98	71.4718	3604.98	64.4345	3604.98	64.4764	3604.98	65.4853
3732.42	85.2719	3732.42	85.9607	3732.42	85.9606	3732.42	85.8042	3732.42	85.8036	3732.42	86.2596	3732.42	86.256	3732.42	84.7088	3732.42	84.7018	3732.42	83.2626	3732.42	83.2552	3732.42	80.5568	3732.42	80.55	3732.42	79.6885	3732.42	79.6823	3732.42	77.2899	3732.42	77.2842	3732.42	75.2185	3732.42	75.2137	3732.42	73.8071	3732.42	73.8024	3732.42	71.5968	3732.42	71.5965	3732.42	69.7765	3732.42	69.7703	3732.42	70.6524	3732.42	70.6546	3732.42	68.8804	3732.42	68.8669	3732.42	69.4591	3732.42	69.4667	3732.42	71.1111	3732.42	71.1017	3732.42	64.7297	3732.42	64.7767	3732.42	66.1859
3863.53	85.8447	3863.53	86.5461	3863.53	86.5481	3863.53	86.4721	3863.53	86.4675	3863.53	85.8945	3863.53	85.8922	3863.53	84.9595	3863.53	84.9524	3863.53	83.2503	3863.53	83.2426	3863.53	81.3485	3863.53	81.3435	3863.53	79.9326	3863.53	79.9253	3863.53	77.6347	3863.53	77.6293	3863.53	74.9778	3863.53	74.9731	3863.53	73.8732	3863.53	73.8688	3863.53	71.6439	3863.53	71.6417	3863.53	70.0589	3863.53	70.0575	3863.53	70.7065	3863.53	70.7044	3863.53	68.285	3863.53	68.2771	3863.53	70.4228	3863.53	70.4254	3863.53	71.1368	3863.53	71.1303	3863.53	62.6752	3863.53	62.738	3863.53	65.0054
3999.76	85.9043	3999.76	86.3382	3999.76	86.3403	3999.76	86.3722	3999.76	86.3676	3999.76	85.7814	3999.76	85.7791	3999.76	84.8815	3999.76	84.8757	3999.76	83.4584	3999.76	83.4504	3999.76	81.6077	3999.76	81.6025	3999.76	79.2698	3999.76	79.2626	3999.76	77.8279	3999.76	77.8229	3999.76	75.2011	3999.76	75.1965	3999.76	73.3415	3999.76	73.338	3999.76	71.5903	3999.76	71.5865	3999.76	70.8055	3999.76	70.8083	3999.76	68.0526	3999.76	68.0459	3999.76	68.7658	3999.76	68.7585	3999.76	71.1837	3999.76	71.185	3999.76	70.0609	3999.76	70.0568	3999.76	64.329	3999.76	64.3799	3999.76	60.6924
4141.11	84.571	4141.11	84.9804	4141.11	84.9802	4141.11	84.9712	4141.11	84.9702	4141.11	84.8736	4141.11	84.8698	4141.11	83.8836	4141.11	83.878	4141.11	82.1747	4141.11	82.1678	4141.11	80.7242	4141.11	80.7174	4141.11	78.2644	4141.11	78.2594	4141.11	76.9343	4141.11	76.9279	4141.11	74.219	4141.11	74.2144	4141.11	71.4638	4141.11	71.4605	4141.11	71.3491	4141.11	71.3468	4141.11	69.0573	4141.11	69.0562	4141.11	67.5936	4141.11	67.5893	4141.11	67.8994	4141.11	67.8862	4141.11	71.5615	4141.11	71.5693	4141.11	68.613	4141.11	68.6099	4141.11	64.5375	4141.11	64.5675	4141.11	56.2301
4286.87	83.849	4286.87	83.6651	4286.87	83.6636	4286.87	83.6514	4286.87	83.6509	4286.87	83.6493	4286.87	83.6463	4286.87	82.614	4286.87	82.6073	4286.87	80.9708	4286.87	80.9659	4286.87	80.0884	4286.87	80.0819	4286.87	77.7017	4286.87	77.697	4286.87	76.3291	4286.87	76.3226	4286.87	72.8112	4286.87	72.8069	4286.87	71.669	4286.87	71.6645	4286.87	69.6951	4286.87	69.697	4286.87	66.9959	4286.87	66.9854	4286.87	66.2811	4286.87	66.2902	4286.87	67.8499	4286.87	67.8307	4286.87	69.9718	4286.87	69.9806	4286.87	69.2076	4286.87	69.1995	4286.87	60.6097	4286.87	60.6597	4286.87	56.4035
4438.48	85.1856	4438.48	84.3321	4438.48	84.3291	4438.48	83.0074	4438.48	82.9994	4438.48	82.1711	4438.48	82.1696	4438.48	81.16	4438.48	81.1541	4438.48	80.492	4438.48	80.4859	4438.48	78.4916	4438.48	78.4845	4438.48	77.1123	4438.48	77.108	4438.48	74.5181	4438.48	74.511	4438.48	71.1175	4438.48	71.1121	4438.48	71.7282	4438.48	71.7243	4438.48	68.6235	4438.48	68.6237	4438.48	67.1108	4438.48	67.1054	4438.48	67.785	4438.48	67.7854	4438.48	65.777	4438.48	65.7616	4438.48	68.9673	4438.48	68.9731	4438.48	69.0747	4438.48	69.0583	4438.48	60.6594	4438.48	60.7527	4438.48	60.9849
4594.48	85.8494	4594.48	85.3853	4594.48	85.3806	4594.48	83.4707	4594.48	83.4633	4594.48	81.6548	4594.48	81.6487	4594.48	81.5824	4594.48	81.581	4594.48	80.1464	4594.48	80.1363	4594.48	77.7189	4594.48	77.7129	4594.48	76.066	4594.48	76.0598	4594.48	73.4485	4594.48	73.4423	4594.48	71.9195	4594.48	71.9138	4594.48	69.5376	4594.48	69.5354	4594.48	68.0998	4594.48	68.0934	4594.48	67.9959	4594.48	67.9982	4594.48	66.1987	4594.48	66.1912	4594.48	63.0139	4594.48	63.0235	4594.48	68.1731	4594.48	68.1645	4594.48	66.6403	4594.48	66.6239	4594.48	63.9892	4594.48	64.0337	4594.48	59.9453
4757.08	86.236	4757.08	85.2723	4757.08	85.2674	4757.08	83.8234	4757.08	83.817	4757.08	82.319	4757.08	82.3131	4757.08	80.7764	4757.08	80.7701	4757.08	79.2669	4757.08	79.2595	4757.08	77.8352	4757.08	77.8279	4757.08	74.6431	4757.08	74.6367	4757.08	74.1883	4757.08	74.1829	4757.08	70.3012	4757.08	70.2964	4757.08	66.8963	4757.08	66.8895	4757.08	67.9701	4757.08	67.9666	4757.08	66.9189	4757.08	66.9197	4757.08	59.4749	4757.08	59.4828	4757.08	64.8866	4757.08	64.878	4757.08	68.9844	4757.08	68.9716	4757.08	64.705	4757.08	64.7093	4757.08	64.5397	4757.08	64.5669	4757.08	52.7129
4924.8	86.8181	4924.8	85.854	4924.8	85.8509	4924.8	84.1057	4924.8	84.0953	4924.8	83.1175	4924.8	83.116	4924.8	81.1861	4924.8	81.1761	4924.8	79.9581	4924.8	79.953	4924.8	77.7307	4924.8	77.7213	4924.8	75.9413	4924.8	75.9359	4924.8	72.3595	4924.8	72.3532	4924.8	69.9307	4924.8	69.9253	4924.8	69.0895	4924.8	69.0821	4924.8	65.7545	4924.8	65.7594	4924.8	61.8503	4924.8	61.8377	4924.8	63.5171	4924.8	63.527	4924.8	65.9129	4924.8	65.889	4924.8	67.074	4924.8	67.0695	4924.8	63.787	4924.8	63.7958	4924.8	64.7468	4924.8	64.7659	4924.8	48.2821
5098.39	86.4939	5098.39	85.8184	5098.39	85.8137	5098.39	84.054	5098.39	84.0458	5098.39	81.4316	5098.39	81.4259	5098.39	81.528	5098.39	81.5237	5098.39	79.7256	5098.39	79.7181	5098.39	77.3554	5098.39	77.3454	5098.39	74.7482	5098.39	74.7433	5098.39	71.3961	5098.39	71.3882	5098.39	70.2747	5098.39	70.269	5098.39	68.5941	5098.39	68.5906	5098.39	62.0171	5098.39	62.0243	5098.39	64.3532	5098.39	64.3504	5098.39	64.9417	5098.39	64.9399	5098.39	64.041	5098.39	64.0181	5098.39	64.613	5098.39	64.6178	5098.39	65.922	5098.39	65.9232	5098.39	61.246	5098.39	61.2825	5098.39	57.9019
5277.83	85.7627	5277.83	84.6833	5277.83	84.6767	5277.83	83.0193	5277.83	83.0132	5277.83	81.6804	5277.83	81.6782	5277.83	81.3821	5277.83	81.3758	5277.83	80.0931	5277.83	80.0864	5277.83	78.7263	5277.83	78.7178	5277.83	74.9639	5277.83	74.9586	5277.83	74.7314	5277.83	74.7249	5277.83	71.8189	5277.83	71.8129	5277.83	68.6263	5277.83	68.6225	5277.83	66.4895	5277.83	66.486	5277.83	66.3619	5277.83	66.3625	5277.83	64.0396	5277.83	64.0376	5277.83	61.1559	5277.83	61.1402	5277.83	67.062	5277.83	67.0607	5277.83	64.7945	5277.83	64.7912	5277.83	62.5874	5277.83	62.6369	5277.83	61.6171
5463.87	85.9572	5463.87	84.6135	5463.87	84.6084	5463.87	82.8973	5463.87	82.8899	5463.87	82.8744	5463.87	82.8741	5463.87	81.9946	5463.87	81.9894	5463.87	80.6037	5463.87	80.5946	5463.87	78.4339	5463.87	78.4257	5463.87	75.9317	5463.87	75.9262	5463.87	73.7834	5463.87	73.7777	5463.87	71.7731	5463.87	71.7681	5463.87	70.0417	5463.87	70.0362	5463.87	66.5441	5463.87	66.5425	5463.87	65.3299	5463.87	65.3338	5463.87	60.0123	5463.87	60.01	5463.87	61.8635	5463.87	61.8592	5463.87	67.1871	5463.87	67.171	5463.87	64.5027	5463.87	64.5105	5463.87	65.5694	5463.87	65.6009	5463.87	61.2172
5656.49	85.5981	5656.49	84.7746	5656.49	84.7706	5656.49	83.8401	5656.49	83.8349	5656.49	82.0099	5656.49	82.0056	5656.49	82.1058	5656.49	82.1005	5656.49	80.3115	5656.49	80.3055	5656.49	78.0659	5656.49	78.0546	5656.49	75.2513	5656.49	75.2472	5656.49	71.8605	5656.49	71.8528	5656.49	70.7724	5656.49	70.7667	5656.49	69.3829	5656.49	69.3782	5656.49	60.1972	5656.49	60.2144	5656.49	65.0745	5656.49	65.0679	5656.49	60.6691	5656.49	60.6689	5656.49	63.6844	5656.49	63.6571	5656.49	65.7965	5656.49	65.7804	5656.49	65.6615	5656.49	65.6875	5656.49	64.177	5656.49	64.2051	5656.49	59.6878
5856.45	85.3205	5856.45	84.2848	5856.45	84.2804	5856.45	83.2258	5856.45	83.2181	5856.45	81.6813	5856.45	81.6804	5856.45	80.6841	5856.45	80.675	5856.45	79.5102	5856.45	79.506	5856.45	78.9748	5856.45	78.9648	5856.45	74.6791	5856.45	74.6765	5856.45	73.9674	5856.45	73.9608	5856.45	72.124	5856.45	72.1186	5856.45	68.7219	5856.45	68.7175	5856.45	64.5122	5856.45	64.5144	5856.45	66.3881	5856.45	66.3818	5856.45	62.0186	5856.45	62.0066	5856.45	63.2379	5856.45	63.2241	5856.45	65.4382	5856.45	65.4437	5856.45	65.8427	5856.45	65.8586	5856.45	63.6152	5856.45	63.6267	5856.45	52.1728
6062.99	85.5608	6062.99	84.4973	6062.99	84.4939	6062.99	83.424	6062.99	83.4179	6062.99	82.4394	6062.99	82.4353	6062.99	81.2341	6062.99	81.2284	6062.99	79.2914	6062.99	79.2832	6062.99	77.7699	6062.99	77.7619	6062.99	74.8104	6062.99	74.8033	6062.99	72.9655	6062.99	72.9612	6062.99	71.72	6062.99	71.7154	6062.99	68.8455	6062.99	68.8421	6062.99	64.4847	6062.99	64.4843	6062.99	64.5723	6062.99	64.5758	6062.99	60.9225	6062.99	60.9251	6062.99	61.1678	6062.99	61.1623	6062.99	66.7026	6062.99	66.6966	6062.99	64.8792	6062.99	64.8853	6062.99	63.1866	6062.99	63.2116	6062.99	55.2352
6276.86	84.4539	6276.86	83.0973	6276.86	83.0947	6276.86	83.1921	6276.86	83.1872	6276.86	81.6858	6276.86	81.6832	6276.86	81.2669	6276.86	81.2614	6276.86	80.4992	6276.86	80.4934	6276.86	78.6695	6276.86	78.6577	6276.86	74.3006	6276.86	74.2966	6276.86	73.3111	6276.86	73.304	6276.86	71.4053	6276.86	71.4	6276.86	67.9927	6276.86	67.9895	6276.86	59.9248	6276.86	59.9281	6276.86	65.3599	6276.86	65.36	6276.86	49.3358	6276.86	49.2692	6276.86	62.345	6276.86	62.3282	6276.86	63.1214	6276.86	63.1073	6276.86	65.6306	6276.86	65.6473	6276.86	63.0119	6276.86	63.0449	6276.86	59.3126
6498.05	83.5095	6498.05	83.4436	6498.05	83.4439	6498.05	83.0061	6498.05	82.9996	6498.05	81.7775	6498.05	81.7741	6498.05	80.917	6498.05	80.9122	6498.05	80.0115	6498.05	80.0076	6498.05	79.7679	6498.05	79.7575	6498.05	75.1131	6498.05	75.1065	6498.05	73.3119	6498.05	73.3063	6498.05	71.3649	6498.05	71.3601	6498.05	68.2391	6498.05	68.2371	6498.05	63.823	6498.05	63.8155	6498.05	64.3555	6498.05	64.3541	6498.05	59.5066	6498.05	59.4838	6498.05	60.9966	6498.05	60.9967	6498.05	65.6624	6498.05	65.6673	6498.05	65.7745	6498.05	65.7927	6498.05	63.4448	6498.05	63.4588	6498.05	60.2707
6727.29	83.4205	6727.29	82.56	6727.29	82.5611	6727.29	83.0779	6727.29	83.0717	6727.29	80.7184	6727.29	80.7122	6727.29	80.6487	6727.29	80.6476	6727.29	80.3894	6727.29	80.3837	6727.29	78.9758	6727.29	78.9659	6727.29	74.9402	6727.29	74.9336	6727.29	73.2073	6727.29	73.2021	6727.29	71.5827	6727.29	71.5781	6727.29	68.3391	6727.29	68.3343	6727.29	64.3368	6727.29	64.3384	6727.29	64.1219	6727.29	64.1224	6727.29	57.1829	6727.29	57.165	6727.29	61.6831	6727.29	61.6886	6727.29	66.0682	6727.29	66.066	6727.29	65.8962	6727.29	65.902	6727.29	60.8326	6727.29	60.8422	6727.29	61.0977
6964.6	83.7895	6964.6	83.6356	6964.6	83.6385	6964.6	83.8663	6964.6	83.8598	6964.6	82.3621	6964.6	82.3572	6964.6	81.7975	6964.6	81.7945	6964.6	81.4609	6964.6	81.4561	6964.6	79.0906	6964.6	79.077	6964.6	74.5964	6964.6	74.5921	6964.6	72.9135	6964.6	72.9077	6964.6	70.9858	6964.6	70.9818	6964.6	68.7432	6964.6	68.7415	6964.6	58.8686	6964.6	58.8606	6964.6	64.8167	6964.6	64.8202	6964.6	53.059	6964.6	53.0124	6964.6	61.5127	6964.6	61.5172	6964.6	63.7026	6964.6	63.6932	6964.6	65.1868	6964.6	65.1897	6964.6	57.7987	6964.6	57.8405	6964.6	58.1124
7209.96	83.6532	7209.96	83.6361	7209.96	83.6358	7209.96	83.6445	7209.96	83.6408	7209.96	81.7423	7209.96	81.7358	7209.96	81.5184	7209.96	81.5149	7209.96	80.0404	7209.96	80.034	7209.96	78.5031	7209.96	78.4927	7209.96	73.1338	7209.96	73.1262	7209.96	72.9497	7209.96	72.9448	7209.96	69.717	7209.96	69.7129	7209.96	67.0781	7209.96	67.0756	7209.96	63.7055	7209.96	63.7004	7209.96	65.484	7209.96	65.4866	7209.96	52.5872	7209.96	52.5438	7209.96	61.3765	7209.96	61.3729	7209.96	63.3164	7209.96	63.3075	7209.96	65.4463	7209.96	65.465	7209.96	59.4147	7209.96	59.4551	7209.96	59.666
7464.11	83.711	7464.11	83.6403	7464.11	83.6444	7464.11	84.2555	7464.11	84.2479	7464.11	82.0088	7464.11	82.0034	7464.11	81.6012	7464.11	81.5984	7464.11	80.4393	7464.11	80.4329	7464.11	78.522	7464.11	78.5092	7464.11	74.3674	7464.11	74.3624	7464.11	73.0829	7464.11	73.0776	7464.11	69.803	7464.11	69.7989	7464.11	69.1702	7464.11	69.1671	7464.11	63.7186	7464.11	63.7152	7464.11	62.7579	7464.11	62.7601	7464.11	55.8612	7464.11	55.8248	7464.11	61.1144	7464.11	61.1316	7464.11	65.3987	7464.11	65.4064	7464.11	66.1206	7464.11	66.1268	7464.11	60.7539	7464.11	60.7473	7464.11	58.4724
7727.78	84.328	7727.78	84.3016	7727.78	84.3026	7727.78	84.1449	7727.78	84.1402	7727.78	82.2936	7727.78	82.2849	7727.78	81.3181	7727.78	81.3141	7727.78	79.7286	7727.78	79.7221	7727.78	77.7445	7727.78	77.735	7727.78	74.4615	7727.78	74.4539	7727.78	72.9542	7727.78	72.9496	7727.78	70.6019	7727.78	70.598	7727.78	68.8063	7727.78	68.8039	7727.78	62.3267	7727.78	62.3218	7727.78	65.904	7727.78	65.9094	7727.78	47.2344	7727.78	47.1774	7727.78	62.2682	7727.78	62.2826	7727.78	64.1837	7727.78	64.1758	7727.78	65.5396	7727.78	65.5276	7727.78	54.7019	7727.78	54.7289	7727.78	60.8307
8000.24	84.5485	8000.24	84.1123	8000.24	84.111	8000.24	84.347	8000.24	84.3452	8000.24	82.4429	8000.24	82.4323	8000.24	80.8926	8000.24	80.8885	8000.24	79.2992	8000.24	79.2925	8000.24	77.9007	8000.24	77.8891	8000.24	73.4977	8000.24	73.4939	8000.24	73.3618	8000.24	73.3564	8000.24	68.0827	8000.24	68.0795	8000.24	68.8194	8000.24	68.8163	8000.24	63.3831	8000.24	63.3822	8000.24	65.0964	8000.24	65.0981	8000.24	52.1907	8000.24	52.1915	8000.24	61.3978	8000.24	61.4047	8000.24	62.7488	8000.24	62.7459	8000.24	64.3204	8000.24	64.3245	8000.24	57.7822	8000.24	57.8229	8000.24	61.9778
8282.23	85.2173	8282.23	84.6465	8282.23	84.645	8282.23	85.0328	8282.23	85.0317	8282.23	83.1897	8282.23	83.179	8282.23	81.1502	8282.23	81.1439	8282.23	79.476	8282.23	79.471	8282.23	77.8337	8282.23	77.8219	8282.23	73.8909	8282.23	73.8854	8282.23	73.5167	8282.23	73.5122	8282.23	68.5127	8282.23	68.5091	8282.23	68.2581	8282.23	68.2562	8282.23	61.6814	8282.23	61.6758	8282.23	62.3313	8282.23	62.3308	8282.23	53.0213	8282.23	53.0419	8282.23	61.0964	8282.23	61.1159	8282.23	63.4129	8282.23	63.4028	8282.23	64.6126	8282.23	64.609	8282.23	56.506	8282.23	56.4853	8282.23	60.4281
8574.46	85.6731	8574.46	84.6286	8574.46	84.6258	8574.46	85.0215	8574.46	85.0206	8574.46	83.1819	8574.46	83.1699	8574.46	80.5144	8574.46	80.5086	8574.46	79.2331	8574.46	79.2284	8574.46	77.679	8574.46	77.6663	8574.46	72.5018	8574.46	72.4949	8574.46	72.5804	8574.46	72.5762	8574.46	64.8499	8574.46	64.8469	8574.46	67.9869	8574.46	67.985	8574.46	61.0228	8574.46	61.0172	8574.46	63.8852	8574.46	63.8867	8574.46	53.057	8574.46	53.1044	8574.46	59.7345	8574.46	59.7511	8574.46	62.3258	8574.46	62.3111	8574.46	64.3775	8574.46	64.3741	8574.46	52.0615	8574.46	52.0387	8574.46	59.9569
8876.22	86.0048	8876.22	84.8381	8876.22	84.835	8876.22	85.2246	8876.22	85.2236	8876.22	83.1526	8876.22	83.1397	8876.22	80.4562	8876.22	80.4505	8876.22	78.723	8876.22	78.7171	8876.22	76.9316	8876.22	76.918	8876.22	71.8353	8876.22	71.8273	8876.22	71.4225	8876.22	71.419	8876.22	64.6466	8876.22	64.642	8876.22	67.3071	8876.22	67.3067	8876.22	62.3582	8876.22	62.347	8876.22	60.2651	8876.22	60.2628	8876.22	54.8372	8876.22	54.8786	8876.22	60.2002	8876.22	60.208	8876.22	61.3492	8876.22	61.3322	8876.22	62.9417	8876.22	62.9291	8876.22	53.4311	8876.22	53.4154	8876.22	61.1295
9189.7	86.4117	9189.7	85.0604	9189.7	85.0562	9189.7	85.6848	9189.7	85.6861	9189.7	83.7908	9189.7	83.7765	9189.7	80.7453	9189.7	80.7404	9189.7	79.4086	9189.7	79.4019	9189.7	76.5733	9189.7	76.5592	9189.7	71.9383	9189.7	71.9318	9189.7	72.6104	9189.7	72.6059	9189.7	65.5944	9189.7	65.59	9189.7	68.7561	9189.7	68.7568	9189.7	62.2841	9189.7	62.2757	9189.7	62.9427	9189.7	62.9428	9189.7	57.1211	9189.7	57.1672	9189.7	58.4949	9189.7	58.4968	9189.7	62.2099	9189.7	62.1871	9189.7	63.132	9189.7	63.1228	9189.7	55.69	9189.7	55.6281	9189.7	60.4414
9513.43	86.6518	9513.43	85.5993	9513.43	85.5952	9513.43	86.0756	9513.43	86.0757	9513.43	83.4435	9513.43	83.4285	9513.43	81.0182	9513.43	81.0139	9513.43	79.0156	9513.43	79.0079	9513.43	76.4662	9513.43	76.4505	9513.43	72.4674	9513.43	72.4612	9513.43	73.2023	9513.43	73.1983	9513.43	65.1792	9513.43	65.1742	9513.43	67.6105	9513.43	67.6128	9513.43	63.4633	9513.43	63.4502	9513.43	59.2175	9513.43	59.2105	9513.43	59.5795	9513.43	59.6179	9513.43	57.438	9513.43	57.4591	9513.43	58.6907	9513.43	58.6587	9513.43	62.4067	9513.43	62.3987	9513.43	55.9847	9513.43	55.9246	9513.43	61.3236
9848.88	86.7328	9848.88	85.3449	9848.88	85.3412	9848.88	85.8951	9848.88	85.8945	9848.88	83.7274	9848.88	83.7144	9848.88	80.8442	9848.88	80.837	9848.88	78.6872	9848.88	78.6818	9848.88	76.2389	9848.88	76.225	9848.88	72.4088	9848.88	72.3987	9848.88	73.0867	9848.88	73.0831	9848.88	63.5098	9848.88	63.5036	9848.88	67.0975	9848.88	67.0993	9848.88	62.244	9848.88	62.2306	9848.88	59.4647	9848.88	59.4588	9848.88	56.4678	9848.88	56.5196	9848.88	54.8817	9848.88	54.9189	9848.88	60.1737	9848.88	60.1595	9848.88	61.5727	9848.88	61.5532	9848.88	54.5365	9848.88	54.4376	9848.88	59.2008
10196.8	86.4634	10196.8	85.7293	10196.8	85.7261	10196.8	85.9238	10196.8	85.9228	10196.8	83.9647	10196.8	83.953	10196.8	80.7296	10196.8	80.7199	10196.8	77.9118	10196.8	77.9062	10196.8	76.4755	10196.8	76.4631	10196.8	72.3137	10196.8	72.3017	10196.8	71.9191	10196.8	71.9159	10196.8	63.9844	10196.8	63.978	10196.8	66.4449	10196.8	66.4483	10196.8	63.0932	10196.8	63.08	10196.8	57.4129	10196.8	57.4083	10196.8	57.4806	10196.8	57.5246	10196.8	54.3384	10196.8	54.3561	10196.8	58.8876	10196.8	58.8518	10196.8	60.6589	10196.8	60.6423	10196.8	57.0726	10196.8	56.9919	10196.8	60.0527
10556.4	86.7013	10556.4	85.993	10556.4	85.9892	10556.4	85.8923	10556.4	85.8916	10556.4	83.8965	10556.4	83.8835	10556.4	80.909	10556.4	80.9018	10556.4	78.4937	10556.4	78.4867	10556.4	76.3132	10556.4	76.2992	10556.4	71.6319	10556.4	71.6212	10556.4	71.9585	10556.4	71.9539	10556.4	65.2967	10556.4	65.2902	10556.4	66.0701	10556.4	66.076	10556.4	62.915	10556.4	62.9018	10556.4	56.3274	10556.4	56.3169	10556.4	59.9735	10556.4	60.015	10556.4	52.6966	10556.4	52.7513	10556.4	57.6951	10556.4	57.6601	10556.4	59.9427	10556.4	59.9169	10556.4	55.7608	10556.4	55.6487	10556.4	61.5921
10928.5	86.2024	10928.5	85.7156	10928.5	85.7114	10928.5	85.4502	10928.5	85.45	10928.5	83.7563	10928.5	83.7438	10928.5	80.525	10928.5	80.5185	10928.5	78.9755	10928.5	78.9713	10928.5	75.9782	10928.5	75.9601	10928.5	72.3969	10928.5	72.3864	10928.5	72.9326	10928.5	72.9283	10928.5	65.579	10928.5	65.5726	10928.5	64.8935	10928.5	64.8992	10928.5	63.2821	10928.5	63.2713	10928.5	46.7801	10928.5	46.7497	10928.5	60.6304	10928.5	60.6622	10928.5	49.6056	10928.5	49.6987	10928.5	57.7905	10928.5	57.7597	10928.5	59.9359	10928.5	59.9313	10928.5	58.5233	10928.5	58.4598	10928.5	59.8605
11313.7	85.3548	11313.7	85.2284	11313.7	85.2245	11313.7	84.9197	11313.7	84.9201	11313.7	83.4599	11313.7	83.448	11313.7	80.2166	11313.7	80.2092	11313.7	78.3437	11313.7	78.3386	11313.7	75.5835	11313.7	75.5689	11313.7	72.6229	11313.7	72.6102	11313.7	71.9514	11313.7	71.9463	11313.7	66.6925	11313.7	66.6862	11313.7	64.4711	11313.7	64.4771	11313.7	63.4205	11313.7	63.4114	11313.7	49.7066	11313.7	49.6724	11313.7	61.2199	11313.7	61.2495	11313.7	52.0311	11313.7	52.1193	11313.7	56.6545	11313.7	56.625	11313.7	60.6409	11313.7	60.6228	11313.7	57.8724	11313.7	57.7898	11313.7	60.3439
11712.9	84.9708	11712.9	84.9286	11712.9	84.9238	11712.9	84.354	11712.9	84.3548	11712.9	82.8063	11712.9	82.7947	11712.9	80.24	11712.9	80.2341	11712.9	78.1852	11712.9	78.1793	11712.9	75.914	11712.9	75.9007	11712.9	73.2257	11712.9	73.2129	11712.9	72.3472	11712.9	72.3419	11712.9	67.1194	11712.9	67.1136	11712.9	63.5544	11712.9	63.5619	11712.9	63.9355	11712.9	63.9263	11712.9	40.8399	11712.9	40.8161	11712.9	62.7578	11712.9	62.7808	11712.9	50.7844	11712.9	50.8991	11712.9	58.2902	11712.9	58.2628	11712.9	58.7778	11712.9	58.7518	11712.9	57.9377	11712.9	57.8671	11712.9	58.4421
12126	84.7859	12126	84.2049	12126	84.1985	12126	83.628	12126	83.6283	12126	82.0988	12126	82.089	12126	80.5343	12126	80.5324	12126	78.6484	12126	78.6434	12126	76.4515	12126	76.436	12126	73.6399	12126	73.6278	12126	73.3758	12126	73.3702	12126	67.9223	12126	67.9164	12126	64.1407	12126	64.1467	12126	62.6244	12126	62.6171	12126	45.1779	12126	45.2421	12126	62.6275	12126	62.6491	12126	54.2549	12126	54.3112	12126	55.9636	12126	55.921	12126	58.8818	12126	58.8666	12126	55.4894	12126	55.4015	12126	61.7399
12553.7	84.5107	12553.7	83.3656	12553.7	83.3595	12553.7	83.1096	12553.7	83.1083	12553.7	81.861	12553.7	81.854	12553.7	80.2092	12553.7	80.2042	12553.7	78.3857	12553.7	78.3859	12553.7	76.3068	12553.7	76.2904	12553.7	73.2801	12553.7	73.267	12553.7	72.365	12553.7	72.3584	12553.7	68.4536	12553.7	68.4482	12553.7	63.249	12553.7	63.2542	12553.7	63.8451	12553.7	63.84	12553.7	46.3767	12553.7	46.4157	12553.7	62.7016	12553.7	62.713	12553.7	54.6194	12553.7	54.6514	12553.7	56.484	12553.7	56.4573	12553.7	59.73	12553.7	59.7063	12553.7	57.3287	12553.7	57.2698	12553.7	55.4898
12996.1	84.3035	12996.1	82.5543	12996.1	82.5483	12996.1	82.6286	12996.1	82.6269	12996.1	81.7706	12996.1	81.7648	12996.1	79.8245	12996.1	79.8203	12996.1	78.683	12996.1	78.6827	12996.1	76.3578	12996.1	76.3412	12996.1	72.7481	12996.1	72.7325	12996.1	72.6431	12996.1	72.6375	12996.1	67.7245	12996.1	67.719	12996.1	63.7267	12996.1	63.7325	12996.1	63.6929	12996.1	63.6859	12996.1	47.5401	12996.1	47.5717	12996.1	61.675	12996.1	61.6893	12996.1	53.8893	12996.1	53.9388	12996.1	58.3071	12996.1	58.2765	12996.1	55.2529	12996.1	55.2059	12996.1	57.434	12996.1	57.3946	12996.1	59.4091
13454.6	84.1652	13454.6	81.7902	13454.6	81.7844	13454.6	82.1633	13454.6	82.1621	13454.6	81.2049	13454.6	81.1959	13454.6	79.7223	13454.6	79.723	13454.6	78.4998	13454.6	78.498	13454.6	75.4992	13454.6	75.48	13454.6	71.9461	13454.6	71.9299	13454.6	72.3211	13454.6	72.3152	13454.6	67.0559	13454.6	67.0504	13454.6	62.1747	13454.6	62.1823	13454.6	62.5582	13454.6	62.5525	13454.6	46.8642	13454.6	46.9069	13454.6	62.3652	13454.6	62.3777	13454.6	53.2927	13454.6	53.3387	13454.6	56.1183	13454.6	56.0744	13454.6	54.2322	13454.6	54.1749	13454.6	58.9088	13454.6	58.8709	13454.6	59.4985
13928.5	84.0489	13928.5	81.974	13928.5	81.9678	13928.5	81.7911	13928.5	81.7905	13928.5	81.1865	13928.5	81.1763	13928.5	79.7178	13928.5	79.7172	13928.5	77.6196	13928.5	77.6202	13928.5	74.4735	13928.5	74.4526	13928.5	70.9591	13928.5	70.9417	13928.5	71.6146	13928.5	71.6075	13928.5	66.6365	13928.5	66.6311	13928.5	60.7587	13928.5	60.7661	13928.5	61.7746	13928.5	61.7734	13928.5	47.9012	13928.5	47.9243	13928.5	61.4322	13928.5	61.4423	13928.5	52.5115	13928.5	52.5571	13928.5	53.2887	13928.5	53.2254	13928.5	51.7577	13928.5	51.7018	13928.5	57.1098	13928.5	57.0679	13928.5	55.9933
14419.9	84.2429	14419.9	82.5291	14419.9	82.5233	14419.9	82.4514	14419.9	82.4527	14419.9	81.3933	14419.9	81.3804	14419.9	79.7669	14419.9	79.765	14419.9	77.2526	14419.9	77.2534	14419.9	73.4648	14419.9	73.442	14419.9	70.1488	14419.9	70.1291	14419.9	70.8723	14419.9	70.8651	14419.9	66.2363	14419.9	66.2311	14419.9	57.6984	14419.9	57.7076	14419.9	61.06	14419.9	61.0604	14419.9	52.0392	14419.9	52.0538	14419.9	61.2523	14419.9	61.2663	14419.9	51.9221	14419.9	51.9862	14419.9	52.1928	14419.9	52.1118	14419.9	49.5844	14419.9	49.4644	14419.9	58.159	14419.9	58.1248	14419.9	58.7876
14928.2	84.8611	14928.2	83.2767	14928.2	83.2703	14928.2	83.3162	14928.2	83.3169	14928.2	81.1868	14928.2	81.1733	14928.2	79.9425	14928.2	79.9401	14928.2	77.3297	14928.2	77.3296	14928.2	72.114	14928.2	72.0894	14928.2	69.1866	14928.2	69.1641	14928.2	70.085	14928.2	70.0762	14928.2	66.1345	14928.2	66.1296	14928.2	53.2883	14928.2	53.3005	14928.2	59.7597	14928.2	59.764	14928.2	54.9864	14928.2	54.9995	14928.2	61.2278	14928.2	61.2416	14928.2	51.2296	14928.2	51.2989	14928.2	48.588	14928.2	48.4945	14928.2	49.4065	14928.2	49.3521	14928.2	57.5414	14928.2	57.4938	14928.2	56.7273
15454.8	85.1513	15454.8	83.7311	15454.8	83.724	15454.8	83.7956	15454.8	83.7958	15454.8	82.0362	15454.8	82.0258	15454.8	79.9843	15454.8	79.9816	15454.8	77.7022	15454.8	77.7013	15454.8	72.0005	15454.8	71.9746	15454.8	68.548	15454.8	68.5241	15454.8	69.6467	15454.8	69.6367	15454.8	65.9192	15454.8	65.9145	15454.8	49.3472	15454.8	49.3471	15454.8	58.3797	15454.8	58.3892	15454.8	55.8758	15454.8	55.8781	15454.8	58.9514	15454.8	58.9578	15454.8	47.7792	15454.8	47.8405	15454.8	46.1678	15454.8	46.04	15454.8	45.9078	15454.8	45.9853	15454.8	55.8954	15454.8	55.8399	15454.8	54.765
15999.8	85.0751	15999.8	83.1485	15999.8	83.1424	15999.8	84.1287	15999.8	84.1286	15999.8	82.4097	15999.8	82.399	15999.8	80.4419	15999.8	80.4431	15999.8	77.6103	15999.8	77.6101	15999.8	72.2357	15999.8	72.2073	15999.8	68.5893	15999.8	68.5641	15999.8	69.2883	15999.8	69.2764	15999.8	66.2211	15999.8	66.2166	15999.8	55.2001	15999.8	55.1954	15999.8	58.2114	15999.8	58.2239	15999.8	58.7325	15999.8	58.73	15999.8	58.9214	15999.8	58.9209	15999.8	50.8218	15999.8	50.8482	15999.8	36.6616	15999.8	36.1942	15999.8	41.2607	15999.8	40.9211	15999.8	57.7799	15999.8	57.7188	15999.8	56.3671
16564.5	84.9298	16564.5	83.4031	16564.5	83.4013	16564.5	84.2238	16564.5	84.2204	16564.5	81.8476	16564.5	81.8345	16564.5	80.1038	16564.5	80.1067	16564.5	77.4212	16564.5	77.4225	16564.5	70.2682	16564.5	70.2256	16564.5	64.7809	16564.5	64.7391	16564.5	67.7164	16564.5	67.7065	16564.5	64.1951	16564.5	64.1906	16564.5	51.0214	16564.5	51.0325	16564.5	56.0493	16564.5	56.0571	16564.5	54.1305	16564.5	54.1204	16564.5	55.317	16564.5	55.3054	16564.5	48.7808	16564.5	48.789	16564.5	41.681	16564.5	41.7568	16564.5	48.1867	16564.5	48.2752	16564.5	56.0715	16564.5	56.0019	16564.5	55.3146
17148.2	85.6618	17148.2	84.9774	17148.2	84.9744	17148.2	84.4838	17148.2	84.479	17148.2	81.4973	17148.2	81.4833	17148.2	80.2434	17148.2	80.2442	17148.2	75.418	17148.2	75.4134	17148.2	61.2925	17148.2	61.1868	17148.2	43.2319	17148.2	43.2683	17148.2	65.1952	17148.2	65.1796	17148.2	63.7035	17148.2	63.6991	17148.2	47.2849	17148.2	47.2716	17148.2	55.0036	17148.2	55.0144	17148.2	51.1707	17148.2	51.1558	17148.2	55.6158	17148.2	55.6225	17148.2	47.5108	17148.2	47.5539	17148.2	46.2324	17148.2	46.1565	17148.2	38.0953	17148.2	38.0852	17148.2	55.5255	17148.2	55.4661	17148.2	53.6856
17753.2	86.3556	17753.2	85.4044	17753.2	85.3997	17753.2	85.3143	17753.2	85.3104	17753.2	82.2488	17753.2	82.2368	17753.2	80.2072	17753.2	80.2068	17753.2	75.4464	17753.2	75.4483	17753.2	63.8482	17753.2	63.7915	17753.2	55.0893	17753.2	55.01	17753.2	67.5067	17753.2	67.4933	17753.2	62.859	17753.2	62.8545	17753.2	53.3739	17753.2	53.3795	17753.2	54.3483	17753.2	54.3603	17753.2	56.0049	17753.2	55.9878	17753.2	54.5824	17753.2	54.5855	17753.2	36.7536	17753.2	36.6124	17753.2	43.5272	17753.2	43.3621	17753.2	38.7027	17753.2	39.1176	17753.2	55.0889	17753.2	55.03	17753.2	54.319
18379.4	85.9884	18379.4	85.4216	18379.4	85.4179	18379.4	85.4301	18379.4	85.4266	18379.4	82.4288	18379.4	82.4152	18379.4	78.9246	18379.4	78.9238	18379.4	73.9786	18379.4	73.9799	18379.4	62.4706	18379.4	62.3969	18379.4	49.3546	18379.4	49.2263	18379.4	59.0199	18379.4	58.9915	18379.4	61.79	18379.4	61.7861	18379.4	54.4368	18379.4	54.4422	18379.4	46.5147	18379.4	46.4613	18379.4	55.4326	18379.4	55.4227	18379.4	51.8667	18379.4	51.9018	18379.4	45.3212	18379.4	45.1993	18379.4	46.7846	18379.4	46.6634	18379.4	45.3724	18379.4	45.652	18379.4	55.3997	18379.4	55.3317	18379.4	55.3632
19027.6	86.3518	19027.6	85.7822	19027.6	85.7768	19027.6	85.9658	19027.6	85.964	19027.6	82.9202	19027.6	82.9064	19027.6	78.823	19027.6	78.8221	19027.6	72.7184	19027.6	72.7242	19027.6	63.5886	19027.6	63.5119	19027.6	58.6624	19027.6	58.6327	19027.6	61.1208	19027.6	61.1063	19027.6	57.4946	19027.6	57.4907	19027.6	55.2401	19027.6	55.2467	19027.6	41.2683	19027.6	41.1922	19027.6	48.977	19027.6	48.9802	19027.6	53.8113	19027.6	53.8611	19027.6	48.3795	19027.6	48.2708	19027.6	49.0341	19027.6	48.9984	19027.6	47.8109	19027.6	48.041	19027.6	54.9069	19027.6	54.8246	19027.6	56.1542
19698.5	86.2098	19698.5	85.6456	19698.5	85.6401	19698.5	86.3846	19698.5	86.3843	19698.5	83.5767	19698.5	83.564	19698.5	79.5013	19698.5	79.5012	19698.5	72.6839	19698.5	72.6894	19698.5	63.5427	19698.5	63.4861	19698.5	62.837	19698.5	62.8436	19698.5	52.8685	19698.5	52.8519	19698.5	50.5302	19698.5	50.5277	19698.5	54.7029	19698.5	54.7153	19698.5	47.5071	19698.5	47.4284	19698.5	51.1341	19698.5	51.1372	19698.5	56.2361	19698.5	56.2873	19698.5	45.6612	19698.5	45.5134	19698.5	49.4831	19698.5	49.5107	19698.5	48.2	19698.5	48.4673	19698.5	56.0816	19698.5	56.0059	19698.5	56.259
19999.5	85.8909	19999.5	86.0792	19999.5	86.0761	19999.5	86.8823	19999.5	86.8809	19999.5	84.1975	19999.5	84.1857	19999.5	80.0968	19999.5	80.096	19999.5	71.3598	19999.5	71.3596	19999.5	62.2239	19999.5	62.1703	19999.5	60.3473	19999.5	60.3225	19999.5	60.1493	19999.5	60.1381	19999.5	58.3426	19999.5	58.3384	19999.5	50.1771	19999.5	50.1818	19999.5	55.3529	19999.5	55.3315	19999.5	59.0559	19999.5	59.0579	19999.5	60.3957	19999.5	60.4197	19999.5	49.8047	19999.5	49.8779	19999.5	54.2418	19999.5	54.2753	19999.5	55.9525	19999.5	55.9548	19999.5	50.1108	19999.5	49.987	19999.5	55.6383
