"SPL Horizontal"																																																																							
"On-Axis"		"10°"		"-10°"		"20°"		"-20°"		"30°"		"-30°"		"40°"		"-40°"		"50°"		"-50°"		"60°"		"-60°"		"70°"		"-70°"		"80°"		"-80°"		"90°"		"-90°"		"100°"		"-100°"		"110°"		"-110°"		"120°"		"-120°"		"130°"		"-130°"		"140°"		"-140°"		"150°"		"-150°"		"160°"		"-160°"		"170°"		"-170°"		"180°"	
"Frequency / Hz"	"Sound Pressure Level / dB (re 20 µPa/V)  [2.83  V @ 1. m]"	"Frequency / Hz"	"Sound Pressure Level / dB (re 20 µPa/V)  [2.83  V @ 1. m]"	"Frequency / Hz"	"Sound Pressure Level / dB (re 20 µPa/V)  [2.83  V @ 1. m]"	"Frequency / Hz"	"Sound Pressure Level / dB (re 20 µPa/V)  [2.83  V @ 1. m]"	"Frequency / Hz"	"Sound Pressure Level / dB (re 20 µPa/V)  [2.83  V @ 1. m]"	"Frequency / Hz"	"Sound Pressure Level / dB (re 20 µPa/V)  [2.83  V @ 1. m]"	"Frequency / Hz"	"Sound Pressure Level / dB (re 20 µPa/V)  [2.83  V @ 1. m]"	"Frequency / Hz"	"Sound Pressure Level / dB (re 20 µPa/V)  [2.83  V @ 1. m]"	"Frequency / Hz"	"Sound Pressure Level / dB (re 20 µPa/V)  [2.83  V @ 1. m]"	"Frequency / Hz"	"Sound Pressure Level / dB (re 20 µPa/V)  [2.83  V @ 1. m]"	"Frequency / Hz"	"Sound Pressure Level / dB (re 20 µPa/V)  [2.83  V @ 1. m]"	"Frequency / Hz"	"Sound Pressure Level / dB (re 20 µPa/V)  [2.83  V @ 1. m]"	"Frequency / Hz"	"Sound Pressure Level / dB (re 20 µPa/V)  [2.83  V @ 1. m]"	"Frequency / Hz"	"Sound Pressure Level / dB (re 20 µPa/V)  [2.83  V @ 1. m]"	"Frequency / Hz"	"Sound Pressure Level / dB (re 20 µPa/V)  [2.83  V @ 1. m]"	"Frequency / Hz"	"Sound Pressure Level / dB (re 20 µPa/V)  [2.83  V @ 1. m]"	"Frequency / Hz"	"Sound Pressure Level / dB (re 20 µPa/V)  [2.83  V @ 1. m]"	"Frequency / Hz"	"Sound Pressure Level / dB (re 20 µPa/V)  [2.83  V @ 1. m]"	"Frequency / Hz"	"Sound Pressure Level / dB (re 20 µPa/V)  [2.83  V @ 1. m]"	"Frequency / Hz"	"Sound Pressure Level / dB (re 20 µPa/V)  [2.83  V @ 1. m]"	"Frequency / Hz"	"Sound Pressure Level / dB (re 20 µPa/V)  [2.83  V @ 1. m]"	"Frequency / Hz"	"Sound Pressure Level / dB (re 20 µPa/V)  [2.83  V @ 1. m]"	"Frequency / Hz"	"Sound Pressure Level / dB (re 20 µPa/V)  [2.83  V @ 1. m]"	"Frequency / Hz"	"Sound Pressure Level / dB (re 20 µPa/V)  [2.83  V @ 1. m]"	"Frequency / Hz"	"Sound Pressure Level / dB (re 20 µPa/V)  [2.83  V @ 1. m]"	"Frequency / Hz"	"Sound Pressure Level / dB (re 20 µPa/V)  [2.83  V @ 1. m]"	"Frequency / Hz"	"Sound Pressure Level / dB (re 20 µPa/V)  [2.83  V @ 1. m]"	"Frequency / Hz"	"Sound Pressure Level / dB (re 20 µPa/V)  [2.83  V @ 1. m]"	"Frequency / Hz"	"Sound Pressure Level / dB (re 20 µPa/V)  [2.83  V @ 1. m]"	"Frequency / Hz"	"Sound Pressure Level / dB (re 20 µPa/V)  [2.83  V @ 1. m]"	"Frequency / Hz"	"Sound Pressure Level / dB (re 20 µPa/V)  [2.83  V @ 1. m]"	"Frequency / Hz"	"Sound Pressure Level / dB (re 20 µPa/V)  [2.83  V @ 1. m]"	"Frequency / Hz"	"Sound Pressure Level / dB (re 20 µPa/V)  [2.83  V @ 1. m]"	"Frequency / Hz"	"Sound Pressure Level / dB (re 20 µPa/V)  [2.83  V @ 1. m]"	"Frequency / Hz"	"Sound Pressure Level / dB (re 20 µPa/V)  [2.83  V @ 1. m]"	"Frequency / Hz"	"Sound Pressure Level / dB (re 20 µPa/V)  [2.83  V @ 1. m]"
20.5078	68.7941	20.5078	68.7904	20.5078	68.7985	20.5078	68.7874	20.5078	68.8034	20.5078	68.7853	20.5078	68.8086	20.5078	68.7839	20.5078	68.8138	20.5078	68.7831	20.5078	68.8186	20.5078	68.7828	20.5078	68.8227	20.5078	68.7827	20.5078	68.8259	20.5078	68.7827	20.5078	68.8279	20.5078	68.7828	20.5078	68.8286	20.5078	68.7827	20.5078	68.8279	20.5078	68.7827	20.5078	68.8259	20.5078	68.7828	20.5078	68.8227	20.5078	68.7831	20.5078	68.8186	20.5078	68.7839	20.5078	68.8138	20.5078	68.7853	20.5078	68.8086	20.5078	68.7874	20.5078	68.8034	20.5078	68.7904	20.5078	68.7985	20.5078	68.7941
21.9727	70.0976	21.9727	70.0937	21.9727	70.1024	21.9727	70.0909	21.9727	70.108	21.9727	70.0891	21.9727	70.1141	21.9727	70.0882	21.9727	70.1202	21.9727	70.088	21.9727	70.126	21.9727	70.0882	21.9727	70.131	21.9727	70.0886	21.9727	70.135	21.9727	70.0889	21.9727	70.1375	21.9727	70.089	21.9727	70.1383	21.9727	70.0889	21.9727	70.1375	21.9727	70.0886	21.9727	70.135	21.9727	70.0882	21.9727	70.131	21.9727	70.088	21.9727	70.126	21.9727	70.0882	21.9727	70.1202	21.9727	70.0891	21.9727	70.1141	21.9727	70.0909	21.9727	70.108	21.9727	70.0937	21.9727	70.1024	21.9727	70.0976
23.4375	71.0838	23.4375	71.0821	23.4375	71.0863	23.4375	71.0811	23.4375	71.0894	23.4375	71.0809	23.4375	71.093	23.4375	71.0813	23.4375	71.0968	23.4375	71.0821	23.4375	71.1005	23.4375	71.083	23.4375	71.1038	23.4375	71.0838	23.4375	71.1064	23.4375	71.0844	23.4375	71.1081	23.4375	71.0846	23.4375	71.1087	23.4375	71.0844	23.4375	71.1081	23.4375	71.0838	23.4375	71.1064	23.4375	71.083	23.4375	71.1038	23.4375	71.0821	23.4375	71.1005	23.4375	71.0813	23.4375	71.0968	23.4375	71.0809	23.4375	71.093	23.4375	71.0811	23.4375	71.0894	23.4375	71.0821	23.4375	71.0863	23.4375	71.0838
24.9023	72.0101	24.9023	72.0084	24.9023	72.0124	24.9023	72.0072	24.9023	72.0151	24.9023	72.0067	24.9023	72.0182	24.9023	72.0066	24.9023	72.0214	24.9023	72.0068	24.9023	72.0245	24.9023	72.0072	24.9023	72.0272	24.9023	72.0076	24.9023	72.0294	24.9023	72.008	24.9023	72.0307	24.9023	72.0081	24.9023	72.0312	24.9023	72.008	24.9023	72.0307	24.9023	72.0076	24.9023	72.0294	24.9023	72.0072	24.9023	72.0272	24.9023	72.0068	24.9023	72.0245	24.9023	72.0066	24.9023	72.0214	24.9023	72.0067	24.9023	72.0182	24.9023	72.0072	24.9023	72.0151	24.9023	72.0084	24.9023	72.0124	24.9023	72.0101
26.3672	72.8845	26.3672	72.8821	26.3672	72.8876	26.3672	72.8802	26.3672	72.8912	26.3672	72.879	26.3672	72.895	26.3672	72.8784	26.3672	72.899	26.3672	72.8782	26.3672	72.9027	26.3672	72.8782	26.3672	72.906	26.3672	72.8784	26.3672	72.9085	26.3672	72.8785	26.3672	72.9102	26.3672	72.8786	26.3672	72.9107	26.3672	72.8785	26.3672	72.9102	26.3672	72.8784	26.3672	72.9085	26.3672	72.8782	26.3672	72.906	26.3672	72.8782	26.3672	72.9027	26.3672	72.8784	26.3672	72.899	26.3672	72.879	26.3672	72.895	26.3672	72.8802	26.3672	72.8912	26.3672	72.8821	26.3672	72.8876	26.3672	72.8845
27.832	73.7379	27.832	73.7351	27.832	73.7414	27.832	73.733	27.832	73.7453	27.832	73.7315	27.832	73.7495	27.832	73.7306	27.832	73.7537	27.832	73.7302	27.832	73.7577	27.832	73.7301	27.832	73.7611	27.832	73.7301	27.832	73.7638	27.832	73.7302	27.832	73.7655	27.832	73.7303	27.832	73.7661	27.832	73.7302	27.832	73.7655	27.832	73.7301	27.832	73.7638	27.832	73.7301	27.832	73.7611	27.832	73.7302	27.832	73.7577	27.832	73.7306	27.832	73.7537	27.832	73.7315	27.832	73.7495	27.832	73.733	27.832	73.7453	27.832	73.7351	27.832	73.7414	27.832	73.7379
29.2969	74.5912	29.2969	74.5887	29.2969	74.5944	29.2969	74.5868	29.2969	74.598	29.2969	74.5855	29.2969	74.6019	29.2969	74.5848	29.2969	74.6059	29.2969	74.5845	29.2969	74.6096	29.2969	74.5845	29.2969	74.6129	29.2969	74.5847	29.2969	74.6154	29.2969	74.5848	29.2969	74.617	29.2969	74.5849	29.2969	74.6176	29.2969	74.5848	29.2969	74.617	29.2969	74.5847	29.2969	74.6154	29.2969	74.5845	29.2969	74.6129	29.2969	74.5845	29.2969	74.6096	29.2969	74.5848	29.2969	74.6059	29.2969	74.5855	29.2969	74.6019	29.2969	74.5868	29.2969	74.598	29.2969	74.5887	29.2969	74.5944	29.2969	74.5912
30.7617	75.3798	30.7617	75.3768	30.7617	75.3832	30.7617	75.3745	30.7617	75.3869	30.7617	75.3726	30.7617	75.3908	30.7617	75.3713	30.7617	75.3946	30.7617	75.3704	30.7617	75.3982	30.7617	75.3698	30.7617	75.4013	30.7617	75.3695	30.7617	75.4037	30.7617	75.3694	30.7617	75.4052	30.7617	75.3693	30.7617	75.4057	30.7617	75.3694	30.7617	75.4052	30.7617	75.3695	30.7617	75.4037	30.7617	75.3698	30.7617	75.4013	30.7617	75.3704	30.7617	75.3982	30.7617	75.3713	30.7617	75.3946	30.7617	75.3726	30.7617	75.3908	30.7617	75.3745	30.7617	75.3869	30.7617	75.3768	30.7617	75.3832	30.7617	75.3798
32.2266	76.1822	32.2266	76.1797	32.2266	76.185	32.2266	76.1777	32.2266	76.188	32.2266	76.1761	32.2266	76.1912	32.2266	76.175	32.2266	76.1943	32.2266	76.1742	32.2266	76.1972	32.2266	76.1737	32.2266	76.1997	32.2266	76.1734	32.2266	76.2016	32.2266	76.1733	32.2266	76.2028	32.2266	76.1733	32.2266	76.2032	32.2266	76.1733	32.2266	76.2028	32.2266	76.1734	32.2266	76.2016	32.2266	76.1737	32.2266	76.1997	32.2266	76.1742	32.2266	76.1972	32.2266	76.175	32.2266	76.1943	32.2266	76.1761	32.2266	76.1912	32.2266	76.1777	32.2266	76.188	32.2266	76.1797	32.2266	76.185	32.2266	76.1822
33.6914	76.873	33.6914	76.8712	33.6914	76.8751	33.6914	76.8696	33.6914	76.8772	33.6914	76.8682	33.6914	76.8794	33.6914	76.8672	33.6914	76.8815	33.6914	76.8663	33.6914	76.8834	33.6914	76.8658	33.6914	76.885	33.6914	76.8654	33.6914	76.8862	33.6914	76.8651	33.6914	76.887	33.6914	76.8651	33.6914	76.8873	33.6914	76.8651	33.6914	76.887	33.6914	76.8654	33.6914	76.8862	33.6914	76.8658	33.6914	76.885	33.6914	76.8663	33.6914	76.8834	33.6914	76.8672	33.6914	76.8815	33.6914	76.8682	33.6914	76.8794	33.6914	76.8696	33.6914	76.8772	33.6914	76.8712	33.6914	76.8751	33.6914	76.873
35.1562	77.5693	35.1562	77.5677	35.1562	77.5713	35.1562	77.5665	35.1562	77.5734	35.1562	77.5657	35.1562	77.5758	35.1562	77.5651	35.1562	77.5781	35.1562	77.5648	35.1562	77.5804	35.1562	77.5647	35.1562	77.5823	35.1562	77.5647	35.1562	77.5838	35.1562	77.5648	35.1562	77.5847	35.1562	77.5648	35.1562	77.585	35.1562	77.5648	35.1562	77.5847	35.1562	77.5647	35.1562	77.5838	35.1562	77.5647	35.1562	77.5823	35.1562	77.5648	35.1562	77.5804	35.1562	77.5651	35.1562	77.5781	35.1562	77.5657	35.1562	77.5758	35.1562	77.5665	35.1562	77.5734	35.1562	77.5677	35.1562	77.5713	35.1562	77.5693
36.6211	78.2355	36.6211	78.2348	36.6211	78.2362	36.6211	78.2343	36.6211	78.237	36.6211	78.2339	36.6211	78.2379	36.6211	78.2336	36.6211	78.2387	36.6211	78.2334	36.6211	78.2395	36.6211	78.2333	36.6211	78.2402	36.6211	78.2332	36.6211	78.2407	36.6211	78.2331	36.6211	78.241	36.6211	78.2331	36.6211	78.2411	36.6211	78.2331	36.6211	78.241	36.6211	78.2332	36.6211	78.2407	36.6211	78.2333	36.6211	78.2402	36.6211	78.2334	36.6211	78.2395	36.6211	78.2336	36.6211	78.2387	36.6211	78.2339	36.6211	78.2379	36.6211	78.2343	36.6211	78.237	36.6211	78.2348	36.6211	78.2362	36.6211	78.2355
38.0859	78.8388	38.0859	78.8397	38.0859	78.8381	38.0859	78.8409	38.0859	78.8376	38.0859	78.8421	38.0859	78.8374	38.0859	78.8434	38.0859	78.8373	38.0859	78.8447	38.0859	78.8373	38.0859	78.8459	38.0859	78.8375	38.0859	78.8468	38.0859	78.8376	38.0859	78.8473	38.0859	78.8377	38.0859	78.8475	38.0859	78.8377	38.0859	78.8473	38.0859	78.8377	38.0859	78.8468	38.0859	78.8376	38.0859	78.8459	38.0859	78.8375	38.0859	78.8447	38.0859	78.8373	38.0859	78.8434	38.0859	78.8373	38.0859	78.8421	38.0859	78.8374	38.0859	78.8409	38.0859	78.8376	38.0859	78.8397	38.0859	78.8381	38.0859	78.8388
39.5508	79.5049	39.5508	79.502	39.5508	79.5078	39.5508	79.4992	39.5508	79.5107	39.5508	79.4967	39.5508	79.5134	39.5508	79.4944	39.5508	79.5158	39.5508	79.4925	39.5508	79.5179	39.5508	79.491	39.5508	79.5195	39.5508	79.4899	39.5508	79.5207	39.5508	79.4893	39.5508	79.5214	39.5508	79.4891	39.5508	79.5217	39.5508	79.4893	39.5508	79.5214	39.5508	79.4899	39.5508	79.5207	39.5508	79.491	39.5508	79.5195	39.5508	79.4925	39.5508	79.5179	39.5508	79.4944	39.5508	79.5158	39.5508	79.4967	39.5508	79.5134	39.5508	79.4992	39.5508	79.5107	39.5508	79.502	39.5508	79.5078	39.5508	79.5049
41.0156	80.1533	41.0156	80.1498	41.0156	80.1567	41.0156	80.1465	41.0156	80.1601	41.0156	80.1435	41.0156	80.1632	41.0156	80.1407	41.0156	80.1659	41.0156	80.1384	41.0156	80.1682	41.0156	80.1365	41.0156	80.17	41.0156	80.1351	41.0156	80.1713	41.0156	80.1343	41.0156	80.1721	41.0156	80.134	41.0156	80.1724	41.0156	80.1343	41.0156	80.1721	41.0156	80.1351	41.0156	80.1713	41.0156	80.1365	41.0156	80.17	41.0156	80.1384	41.0156	80.1682	41.0156	80.1407	41.0156	80.1659	41.0156	80.1435	41.0156	80.1632	41.0156	80.1465	41.0156	80.1601	41.0156	80.1498	41.0156	80.1567	41.0156	80.1533
42.4805	80.6928	42.4805	80.6901	42.4805	80.6952	42.4805	80.6873	42.4805	80.6973	42.4805	80.6844	42.4805	80.699	42.4805	80.6816	42.4805	80.7002	42.4805	80.6791	42.4805	80.7011	42.4805	80.677	42.4805	80.7016	42.4805	80.6753	42.4805	80.7019	42.4805	80.6743	42.4805	80.702	42.4805	80.674	42.4805	80.702	42.4805	80.6743	42.4805	80.702	42.4805	80.6753	42.4805	80.7019	42.4805	80.677	42.4805	80.7016	42.4805	80.6791	42.4805	80.7011	42.4805	80.6816	42.4805	80.7002	42.4805	80.6844	42.4805	80.699	42.4805	80.6873	42.4805	80.6973	42.4805	80.6901	42.4805	80.6952	42.4805	80.6928
43.9453	81.2806	43.9453	81.2669	43.9453	81.2931	43.9453	81.2524	43.9453	81.3042	43.9453	81.2378	43.9453	81.3137	43.9453	81.2235	43.9453	81.3214	43.9453	81.2105	43.9453	81.3275	43.9453	81.1993	43.9453	81.3319	43.9453	81.1908	43.9453	81.335	43.9453	81.1854	43.9453	81.3367	43.9453	81.1836	43.9453	81.3373	43.9453	81.1854	43.9453	81.3367	43.9453	81.1908	43.9453	81.335	43.9453	81.1993	43.9453	81.3319	43.9453	81.2105	43.9453	81.3275	43.9453	81.2235	43.9453	81.3214	43.9453	81.2378	43.9453	81.3137	43.9453	81.2524	43.9453	81.3042	43.9453	81.2669	43.9453	81.2931	43.9453	81.2806
45.4102	81.8861	45.4102	81.8811	45.4102	81.8912	45.4102	81.8762	45.4102	81.8961	45.4102	81.8715	45.4102	81.9008	45.4102	81.8672	45.4102	81.9052	45.4102	81.8633	45.4102	81.909	45.4102	81.8602	45.4102	81.9122	45.4102	81.8578	45.4102	81.9145	45.4102	81.8563	45.4102	81.916	45.4102	81.8558	45.4102	81.9165	45.4102	81.8563	45.4102	81.916	45.4102	81.8578	45.4102	81.9145	45.4102	81.8602	45.4102	81.9122	45.4102	81.8633	45.4102	81.909	45.4102	81.8672	45.4102	81.9052	45.4102	81.8715	45.4102	81.9008	45.4102	81.8762	45.4102	81.8961	45.4102	81.8811	45.4102	81.8912	45.4102	81.8861
46.875	82.3633	46.875	82.358	46.875	82.3692	46.875	82.3534	46.875	82.3755	46.875	82.3495	46.875	82.3821	46.875	82.3464	46.875	82.3885	46.875	82.344	46.875	82.3945	46.875	82.3422	46.875	82.3997	46.875	82.341	46.875	82.4036	46.875	82.3403	46.875	82.4062	46.875	82.3401	46.875	82.407	46.875	82.3403	46.875	82.4062	46.875	82.341	46.875	82.4036	46.875	82.3422	46.875	82.3997	46.875	82.344	46.875	82.3945	46.875	82.3464	46.875	82.3885	46.875	82.3495	46.875	82.3821	46.875	82.3534	46.875	82.3755	46.875	82.358	46.875	82.3692	46.875	82.3633
48.3398	82.8876	48.3398	82.8753	48.3398	82.8999	48.3398	82.8632	48.3398	82.9119	48.3398	82.8516	48.3398	82.9234	48.3398	82.841	48.3398	82.9341	48.3398	82.8315	48.3398	82.9436	48.3398	82.8237	48.3398	82.9516	48.3398	82.8178	48.3398	82.9576	48.3398	82.8141	48.3398	82.9614	48.3398	82.8129	48.3398	82.9627	48.3398	82.8141	48.3398	82.9614	48.3398	82.8178	48.3398	82.9576	48.3398	82.8237	48.3398	82.9516	48.3398	82.8315	48.3398	82.9436	48.3398	82.841	48.3398	82.9341	48.3398	82.8516	48.3398	82.9234	48.3398	82.8632	48.3398	82.9119	48.3398	82.8753	48.3398	82.8999	48.3398	82.8876
51.2695	83.3132	51.2695	83.3192	51.2695	83.3078	51.2695	83.3255	51.2695	83.3029	51.2695	83.3318	51.2695	83.2987	51.2695	83.338	51.2695	83.2953	51.2695	83.3437	51.2695	83.2925	51.2695	83.3485	51.2695	83.2905	51.2695	83.3522	51.2695	83.289	51.2695	83.3545	51.2695	83.2882	51.2695	83.3553	51.2695	83.2879	51.2695	83.3545	51.2695	83.2882	51.2695	83.3522	51.2695	83.289	51.2695	83.3485	51.2695	83.2905	51.2695	83.3437	51.2695	83.2925	51.2695	83.338	51.2695	83.2953	51.2695	83.3318	51.2695	83.2987	51.2695	83.3255	51.2695	83.3029	51.2695	83.3192	51.2695	83.3078	51.2695	83.3132
52.7344	83.4147	52.7344	83.4198	52.7344	83.4094	52.7344	83.4248	52.7344	83.4042	52.7344	83.4294	52.7344	83.3992	52.7344	83.4335	52.7344	83.3946	52.7344	83.4371	52.7344	83.3905	52.7344	83.4401	52.7344	83.3871	52.7344	83.4423	52.7344	83.3845	52.7344	83.4436	52.7344	83.3829	52.7344	83.4441	52.7344	83.3824	52.7344	83.4436	52.7344	83.3829	52.7344	83.4423	52.7344	83.3845	52.7344	83.4401	52.7344	83.3871	52.7344	83.4371	52.7344	83.3905	52.7344	83.4335	52.7344	83.3946	52.7344	83.4294	52.7344	83.3992	52.7344	83.4248	52.7344	83.4042	52.7344	83.4198	52.7344	83.4094	52.7344	83.4147
54.1992	83.688	54.1992	83.6868	54.1992	83.6889	54.1992	83.6851	54.1992	83.6893	54.1992	83.6833	54.1992	83.6893	54.1992	83.6813	54.1992	83.6891	54.1992	83.6794	54.1992	83.6886	54.1992	83.6776	54.1992	83.6881	54.1992	83.6763	54.1992	83.6876	54.1992	83.6754	54.1992	83.6872	54.1992	83.6751	54.1992	83.6871	54.1992	83.6754	54.1992	83.6872	54.1992	83.6763	54.1992	83.6876	54.1992	83.6776	54.1992	83.6881	54.1992	83.6794	54.1992	83.6886	54.1992	83.6813	54.1992	83.6891	54.1992	83.6833	54.1992	83.6893	54.1992	83.6851	54.1992	83.6893	54.1992	83.6868	54.1992	83.6889	54.1992	83.688
55.6641	84.4135	55.6641	84.4111	55.6641	84.4157	55.6641	84.4086	55.6641	84.4176	55.6641	84.406	55.6641	84.4193	55.6641	84.4035	55.6641	84.4205	55.6641	84.4012	55.6641	84.4216	55.6641	84.3993	55.6641	84.4223	55.6641	84.3978	55.6641	84.4228	55.6641	84.3969	55.6641	84.4231	55.6641	84.3966	55.6641	84.4232	55.6641	84.3969	55.6641	84.4231	55.6641	84.3978	55.6641	84.4228	55.6641	84.3993	55.6641	84.4223	55.6641	84.4012	55.6641	84.4216	55.6641	84.4035	55.6641	84.4205	55.6641	84.406	55.6641	84.4193	55.6641	84.4086	55.6641	84.4176	55.6641	84.4111	55.6641	84.4157	55.6641	84.4135
58.5938	85.1667	58.5938	85.1645	58.5938	85.1686	58.5938	85.162	58.5938	85.1701	58.5938	85.1595	58.5938	85.1713	58.5938	85.157	58.5938	85.172	58.5938	85.1546	58.5938	85.1725	58.5938	85.1526	58.5938	85.1727	58.5938	85.1511	58.5938	85.1728	58.5938	85.1501	58.5938	85.1729	58.5938	85.1498	58.5938	85.1729	58.5938	85.1501	58.5938	85.1729	58.5938	85.1511	58.5938	85.1728	58.5938	85.1526	58.5938	85.1727	58.5938	85.1546	58.5938	85.1725	58.5938	85.157	58.5938	85.172	58.5938	85.1595	58.5938	85.1713	58.5938	85.162	58.5938	85.1701	58.5938	85.1645	58.5938	85.1686	58.5938	85.1667
60.0586	85.5229	60.0586	85.5211	60.0586	85.5243	60.0586	85.5189	60.0586	85.5251	60.0586	85.5164	60.0586	85.5255	60.0586	85.5139	60.0586	85.5255	60.0586	85.5114	60.0586	85.5252	60.0586	85.5092	60.0586	85.5249	60.0586	85.5075	60.0586	85.5245	60.0586	85.5064	60.0586	85.5242	60.0586	85.506	60.0586	85.5241	60.0586	85.5064	60.0586	85.5242	60.0586	85.5075	60.0586	85.5245	60.0586	85.5092	60.0586	85.5249	60.0586	85.5114	60.0586	85.5252	60.0586	85.5139	60.0586	85.5255	60.0586	85.5164	60.0586	85.5255	60.0586	85.5189	60.0586	85.5251	60.0586	85.5211	60.0586	85.5243	60.0586	85.5229
62.9883	86.0642	62.9883	86.0618	62.9883	86.0659	62.9883	86.0588	62.9883	86.0669	62.9883	86.0554	62.9883	86.0673	62.9883	86.0519	62.9883	86.0671	62.9883	86.0485	62.9883	86.0666	62.9883	86.0455	62.9883	86.0659	62.9883	86.0431	62.9883	86.0653	62.9883	86.0416	62.9883	86.0648	62.9883	86.041	62.9883	86.0647	62.9883	86.0416	62.9883	86.0648	62.9883	86.0431	62.9883	86.0653	62.9883	86.0455	62.9883	86.0659	62.9883	86.0485	62.9883	86.0666	62.9883	86.0519	62.9883	86.0671	62.9883	86.0554	62.9883	86.0673	62.9883	86.0588	62.9883	86.0669	62.9883	86.0618	62.9883	86.0659	62.9883	86.0642
64.4531	86.3061	64.4531	86.3033	64.4531	86.3081	64.4531	86.2999	64.4531	86.3093	64.4531	86.2961	64.4531	86.3098	64.4531	86.2921	64.4531	86.3097	64.4531	86.2882	64.4531	86.3092	64.4531	86.2847	64.4531	86.3085	64.4531	86.282	64.4531	86.3078	64.4531	86.2803	64.4531	86.3074	64.4531	86.2797	64.4531	86.3072	64.4531	86.2803	64.4531	86.3074	64.4531	86.282	64.4531	86.3078	64.4531	86.2847	64.4531	86.3085	64.4531	86.2882	64.4531	86.3092	64.4531	86.2921	64.4531	86.3097	64.4531	86.2961	64.4531	86.3098	64.4531	86.2999	64.4531	86.3093	64.4531	86.3033	64.4531	86.3081	64.4531	86.3061
67.3828	86.7675	67.3828	86.7647	67.3828	86.7694	67.3828	86.761	67.3828	86.7704	67.3828	86.7568	67.3828	86.7705	67.3828	86.7524	67.3828	86.7699	67.3828	86.748	67.3828	86.7689	67.3828	86.7441	67.3828	86.7677	67.3828	86.741	67.3828	86.7666	67.3828	86.739	67.3828	86.7659	67.3828	86.7384	67.3828	86.7656	67.3828	86.739	67.3828	86.7659	67.3828	86.741	67.3828	86.7666	67.3828	86.7441	67.3828	86.7677	67.3828	86.748	67.3828	86.7689	67.3828	86.7524	67.3828	86.7699	67.3828	86.7568	67.3828	86.7705	67.3828	86.761	67.3828	86.7704	67.3828	86.7647	67.3828	86.7694	67.3828	86.7675
68.8477	86.9803	68.8477	86.9777	68.8477	86.9818	68.8477	86.9743	68.8477	86.9823	68.8477	86.9703	68.8477	86.982	68.8477	86.9659	68.8477	86.9809	68.8477	86.9616	68.8477	86.9795	68.8477	86.9577	68.8477	86.9779	68.8477	86.9546	68.8477	86.9765	68.8477	86.9526	68.8477	86.9756	68.8477	86.9519	68.8477	86.9752	68.8477	86.9526	68.8477	86.9756	68.8477	86.9546	68.8477	86.9765	68.8477	86.9577	68.8477	86.9779	68.8477	86.9616	68.8477	86.9795	68.8477	86.9659	68.8477	86.9809	68.8477	86.9703	68.8477	86.982	68.8477	86.9743	68.8477	86.9823	68.8477	86.9777	68.8477	86.9818	68.8477	86.9803
71.7773	87.3285	71.7773	87.3268	71.7773	87.3289	71.7773	87.3241	71.7773	87.3281	71.7773	87.3205	71.7773	87.3264	71.7773	87.3164	71.7773	87.3239	71.7773	87.3122	71.7773	87.3211	71.7773	87.3083	71.7773	87.3183	71.7773	87.3052	71.7773	87.3161	71.7773	87.3032	71.7773	87.3145	71.7773	87.3025	71.7773	87.314	71.7773	87.3032	71.7773	87.3145	71.7773	87.3052	71.7773	87.3161	71.7773	87.3083	71.7773	87.3183	71.7773	87.3122	71.7773	87.3211	71.7773	87.3164	71.7773	87.3239	71.7773	87.3205	71.7773	87.3264	71.7773	87.3241	71.7773	87.3281	71.7773	87.3268	71.7773	87.3289	71.7773	87.3285
74.707	87.5861	74.707	87.5846	74.707	87.5861	74.707	87.5819	74.707	87.5846	74.707	87.578	74.707	87.582	74.707	87.5734	74.707	87.5786	74.707	87.5687	74.707	87.5748	74.707	87.5643	74.707	87.5712	74.707	87.5608	74.707	87.5683	74.707	87.5585	74.707	87.5663	74.707	87.5577	74.707	87.5656	74.707	87.5585	74.707	87.5663	74.707	87.5608	74.707	87.5683	74.707	87.5643	74.707	87.5712	74.707	87.5687	74.707	87.5748	74.707	87.5734	74.707	87.5786	74.707	87.578	74.707	87.582	74.707	87.5819	74.707	87.5846	74.707	87.5846	74.707	87.5861	74.707	87.5861
77.6367	87.767	77.6367	87.7663	77.6367	87.7662	77.6367	87.7641	77.6367	87.7639	77.6367	87.7607	77.6367	87.7603	77.6367	87.7565	77.6367	87.756	77.6367	87.7521	77.6367	87.7514	77.6367	87.7478	77.6367	87.7471	77.6367	87.7444	77.6367	87.7436	77.6367	87.7421	77.6367	87.7413	77.6367	87.7414	77.6367	87.7405	77.6367	87.7421	77.6367	87.7413	77.6367	87.7444	77.6367	87.7436	77.6367	87.7478	77.6367	87.7471	77.6367	87.7521	77.6367	87.7514	77.6367	87.7565	77.6367	87.756	77.6367	87.7607	77.6367	87.7603	77.6367	87.7641	77.6367	87.7639	77.6367	87.7663	77.6367	87.7662	77.6367	87.767
79.1016	87.8388	79.1016	87.8378	79.1016	87.8383	79.1016	87.8352	79.1016	87.8361	79.1016	87.8313	79.1016	87.8327	79.1016	87.8267	79.1016	87.8284	79.1016	87.8217	79.1016	87.8239	79.1016	87.8172	79.1016	87.8195	79.1016	87.8134	79.1016	87.8159	79.1016	87.811	79.1016	87.8136	79.1016	87.8101	79.1016	87.8128	79.1016	87.811	79.1016	87.8136	79.1016	87.8134	79.1016	87.8159	79.1016	87.8172	79.1016	87.8195	79.1016	87.8217	79.1016	87.8239	79.1016	87.8267	79.1016	87.8284	79.1016	87.8313	79.1016	87.8327	79.1016	87.8352	79.1016	87.8361	79.1016	87.8378	79.1016	87.8383	79.1016	87.8388
82.0312	87.9604	82.0312	87.9593	82.0312	87.9596	82.0312	87.9566	82.0312	87.9571	82.0312	87.9525	82.0312	87.9532	82.0312	87.9475	82.0312	87.9483	82.0312	87.9422	82.0312	87.9431	82.0312	87.9372	82.0312	87.9382	82.0312	87.9331	82.0312	87.9342	82.0312	87.9305	82.0312	87.9316	82.0312	87.9295	82.0312	87.9307	82.0312	87.9305	82.0312	87.9316	82.0312	87.9331	82.0312	87.9342	82.0312	87.9372	82.0312	87.9382	82.0312	87.9422	82.0312	87.9431	82.0312	87.9475	82.0312	87.9483	82.0312	87.9525	82.0312	87.9532	82.0312	87.9566	82.0312	87.9571	82.0312	87.9593	82.0312	87.9596	82.0312	87.9604
84.9609	88.0521	84.9609	88.0495	84.9609	88.0522	84.9609	88.0447	84.9609	88.05	84.9609	88.038	84.9609	88.0459	84.9609	88.0303	84.9609	88.0403	84.9609	88.0223	84.9609	88.0342	84.9609	88.0149	84.9609	88.0283	84.9609	88.009	84.9609	88.0234	84.9609	88.0051	84.9609	88.0201	84.9609	88.0038	84.9609	88.019	84.9609	88.0051	84.9609	88.0201	84.9609	88.009	84.9609	88.0234	84.9609	88.0149	84.9609	88.0283	84.9609	88.0223	84.9609	88.0342	84.9609	88.0303	84.9609	88.0403	84.9609	88.038	84.9609	88.0459	84.9609	88.0447	84.9609	88.05	84.9609	88.0495	84.9609	88.0522	84.9609	88.0521
87.8906	88.137	87.8906	88.134	87.8906	88.1367	87.8906	88.128	87.8906	88.1333	87.8906	88.1195	87.8906	88.1274	87.8906	88.1095	87.8906	88.1197	87.8906	88.0991	87.8906	88.1113	87.8906	88.0893	87.8906	88.1032	87.8906	88.0814	87.8906	88.0965	87.8906	88.0762	87.8906	88.0921	87.8906	88.0744	87.8906	88.0906	87.8906	88.0762	87.8906	88.0921	87.8906	88.0814	87.8906	88.0965	87.8906	88.0893	87.8906	88.1032	87.8906	88.0991	87.8906	88.1113	87.8906	88.1095	87.8906	88.1197	87.8906	88.1195	87.8906	88.1274	87.8906	88.128	87.8906	88.1333	87.8906	88.134	87.8906	88.1367	87.8906	88.137
90.8203	88.2046	90.8203	88.2024	90.8203	88.2039	90.8203	88.1974	90.8203	88.2004	90.8203	88.1901	90.8203	88.1945	90.8203	88.1814	90.8203	88.1871	90.8203	88.1722	90.8203	88.1791	90.8203	88.1636	90.8203	88.1714	90.8203	88.1566	90.8203	88.1651	90.8203	88.1521	90.8203	88.161	90.8203	88.1505	90.8203	88.1596	90.8203	88.1521	90.8203	88.161	90.8203	88.1566	90.8203	88.1651	90.8203	88.1636	90.8203	88.1714	90.8203	88.1722	90.8203	88.1791	90.8203	88.1814	90.8203	88.1871	90.8203	88.1901	90.8203	88.1945	90.8203	88.1974	90.8203	88.2004	90.8203	88.2024	90.8203	88.2039	90.8203	88.2046
95.2148	88.1814	95.2148	88.1797	95.2148	88.18	95.2148	88.1749	95.2148	88.1756	95.2148	88.1677	95.2148	88.1688	95.2148	88.1589	95.2148	88.1604	95.2148	88.1496	95.2148	88.1513	95.2148	88.1408	95.2148	88.1428	95.2148	88.1336	95.2148	88.1358	95.2148	88.1288	95.2148	88.1313	95.2148	88.1272	95.2148	88.1297	95.2148	88.1288	95.2148	88.1313	95.2148	88.1336	95.2148	88.1358	95.2148	88.1408	95.2148	88.1428	95.2148	88.1496	95.2148	88.1513	95.2148	88.1589	95.2148	88.1604	95.2148	88.1677	95.2148	88.1688	95.2148	88.1749	95.2148	88.1756	95.2148	88.1797	95.2148	88.18	95.2148	88.1814
98.1445	88.164	98.1445	88.1623	98.1445	88.1622	98.1445	88.1574	98.1445	88.1573	98.1445	88.1498	98.1445	88.1497	98.1445	88.1405	98.1445	88.1404	98.1445	88.1305	98.1445	88.1305	98.1445	88.1211	98.1445	88.1212	98.1445	88.1134	98.1445	88.1136	98.1445	88.1083	98.1445	88.1086	98.1445	88.1066	98.1445	88.1069	98.1445	88.1083	98.1445	88.1086	98.1445	88.1134	98.1445	88.1136	98.1445	88.1211	98.1445	88.1212	98.1445	88.1305	98.1445	88.1305	98.1445	88.1405	98.1445	88.1404	98.1445	88.1498	98.1445	88.1497	98.1445	88.1574	98.1445	88.1573	98.1445	88.1623	98.1445	88.1622	98.1445	88.164
101.074	88.1463	101.074	88.1443	101.074	88.1447	101.074	88.1389	101.074	88.1397	101.074	88.1306	101.074	88.1319	101.074	88.1206	101.074	88.1222	101.074	88.1099	101.074	88.1119	101.074	88.0998	101.074	88.1021	101.074	88.0916	101.074	88.0941	101.074	88.0863	101.074	88.0889	101.074	88.0844	101.074	88.0871	101.074	88.0863	101.074	88.0889	101.074	88.0916	101.074	88.0941	101.074	88.0998	101.074	88.1021	101.074	88.1099	101.074	88.1119	101.074	88.1206	101.074	88.1222	101.074	88.1306	101.074	88.1319	101.074	88.1389	101.074	88.1397	101.074	88.1443	101.074	88.1447	101.074	88.1463
105.469	88.0153	105.469	88.0124	105.469	88.0145	105.469	88.0059	105.469	88.0101	105.469	87.9966	105.469	88.0027	105.469	87.9854	105.469	87.9933	105.469	87.9736	105.469	87.983	105.469	87.9627	105.469	87.9733	105.469	87.9538	105.469	87.9654	105.469	87.948	105.469	87.9601	105.469	87.9459	105.469	87.9583	105.469	87.948	105.469	87.9601	105.469	87.9538	105.469	87.9654	105.469	87.9627	105.469	87.9733	105.469	87.9736	105.469	87.983	105.469	87.9854	105.469	87.9933	105.469	87.9966	105.469	88.0027	105.469	88.0059	105.469	88.0101	105.469	88.0124	105.469	88.0145	105.469	88.0153
108.398	87.9557	108.398	87.9527	108.398	87.9546	108.398	87.9459	108.398	87.9497	108.398	87.9361	108.398	87.9416	108.398	87.9242	108.398	87.9314	108.398	87.9117	108.398	87.9204	108.398	87.9001	108.398	87.9099	108.398	87.8906	108.398	87.9013	108.398	87.8844	108.398	87.8957	108.398	87.8822	108.398	87.8938	108.398	87.8844	108.398	87.8957	108.398	87.8906	108.398	87.9013	108.398	87.9001	108.398	87.9099	108.398	87.9117	108.398	87.9204	108.398	87.9242	108.398	87.9314	108.398	87.9361	108.398	87.9416	108.398	87.9459	108.398	87.9497	108.398	87.9527	108.398	87.9546	108.398	87.9557
112.793	87.8459	112.793	87.8425	112.793	87.8449	112.793	87.8348	112.793	87.8396	112.793	87.8238	112.793	87.8308	112.793	87.8106	112.793	87.8197	112.793	87.7967	112.793	87.8076	112.793	87.7838	112.793	87.7962	112.793	87.7732	112.793	87.7868	112.793	87.7663	112.793	87.7806	112.793	87.764	112.793	87.7785	112.793	87.7663	112.793	87.7806	112.793	87.7732	112.793	87.7868	112.793	87.7838	112.793	87.7962	112.793	87.7967	112.793	87.8076	112.793	87.8106	112.793	87.8197	112.793	87.8238	112.793	87.8308	112.793	87.8348	112.793	87.8396	112.793	87.8425	112.793	87.8449	112.793	87.8459
117.188	87.7253	117.188	87.7233	117.188	87.7224	117.188	87.7166	117.188	87.7149	117.188	87.7061	117.188	87.7036	117.188	87.693	117.188	87.6899	117.188	87.679	117.188	87.6753	117.188	87.6657	117.188	87.6616	117.188	87.6549	117.188	87.6505	117.188	87.6478	117.188	87.6432	117.188	87.6453	117.188	87.6407	117.188	87.6478	117.188	87.6432	117.188	87.6549	117.188	87.6505	117.188	87.6657	117.188	87.6616	117.188	87.679	117.188	87.6753	117.188	87.693	117.188	87.6899	117.188	87.7061	117.188	87.7036	117.188	87.7166	117.188	87.7149	117.188	87.7233	117.188	87.7224	117.188	87.7253
120.117	87.658	120.117	87.6566	120.117	87.6542	120.117	87.6501	120.117	87.6456	120.117	87.6396	120.117	87.633	120.117	87.6263	120.117	87.6179	120.117	87.6119	120.117	87.602	120.117	87.5982	120.117	87.5872	120.117	87.587	120.117	87.5752	120.117	87.5796	120.117	87.5673	120.117	87.5771	120.117	87.5646	120.117	87.5796	120.117	87.5673	120.117	87.587	120.117	87.5752	120.117	87.5982	120.117	87.5872	120.117	87.6119	120.117	87.602	120.117	87.6263	120.117	87.6179	120.117	87.6396	120.117	87.633	120.117	87.6501	120.117	87.6456	120.117	87.6566	120.117	87.6542	120.117	87.658
124.512	87.5633	124.512	87.5637	124.512	87.5571	124.512	87.5586	124.512	87.5456	124.512	87.5488	124.512	87.5299	124.512	87.5358	124.512	87.5115	124.512	87.5214	124.512	87.4926	124.512	87.5074	124.512	87.475	124.512	87.4959	124.512	87.4608	124.512	87.4883	124.512	87.4516	124.512	87.4856	124.512	87.4485	124.512	87.4883	124.512	87.4516	124.512	87.4959	124.512	87.4608	124.512	87.5074	124.512	87.475	124.512	87.5214	124.512	87.4926	124.512	87.5358	124.512	87.5115	124.512	87.5488	124.512	87.5299	124.512	87.5586	124.512	87.5456	124.512	87.5637	124.512	87.5571	124.512	87.5633
128.906	87.4553	128.906	87.4578	128.906	87.4464	128.906	87.454	128.906	87.4316	128.906	87.4449	128.906	87.4122	128.906	87.4319	128.906	87.3901	128.906	87.4171	128.906	87.3675	128.906	87.4026	128.906	87.3468	128.906	87.3904	128.906	87.3301	128.906	87.3824	128.906	87.3194	128.906	87.3796	128.906	87.3156	128.906	87.3824	128.906	87.3194	128.906	87.3904	128.906	87.3301	128.906	87.4026	128.906	87.3468	128.906	87.4171	128.906	87.3675	128.906	87.4319	128.906	87.3901	128.906	87.4449	128.906	87.4122	128.906	87.454	128.906	87.4316	128.906	87.4578	128.906	87.4464	128.906	87.4553
133.301	87.3785	133.301	87.384	133.301	87.3659	133.301	87.3824	133.301	87.3467	133.301	87.3748	133.301	87.3227	133.301	87.3626	133.301	87.2958	133.301	87.3482	133.301	87.2687	133.301	87.3336	133.301	87.244	133.301	87.3214	133.301	87.2242	133.301	87.3131	133.301	87.2115	133.301	87.3103	133.301	87.2071	133.301	87.3131	133.301	87.2115	133.301	87.3214	133.301	87.2242	133.301	87.3336	133.301	87.244	133.301	87.3482	133.301	87.2687	133.301	87.3626	133.301	87.2958	133.301	87.3748	133.301	87.3227	133.301	87.3824	133.301	87.3467	133.301	87.384	133.301	87.3659	133.301	87.3785
139.16	87.3211	139.16	87.3267	139.16	87.3074	139.16	87.3245	139.16	87.2867	139.16	87.3155	139.16	87.2605	139.16	87.3014	139.16	87.2312	139.16	87.2848	139.16	87.2018	139.16	87.2681	139.16	87.175	139.16	87.254	139.16	87.1537	139.16	87.2446	139.16	87.1399	139.16	87.2413	139.16	87.1352	139.16	87.2446	139.16	87.1399	139.16	87.254	139.16	87.1537	139.16	87.2681	139.16	87.175	139.16	87.2848	139.16	87.2018	139.16	87.3014	139.16	87.2312	139.16	87.3155	139.16	87.2605	139.16	87.3245	139.16	87.2867	139.16	87.3267	139.16	87.3074	139.16	87.3211
143.555	87.2325	143.555	87.2341	143.555	87.2227	143.555	87.228	143.555	87.2056	143.555	87.2153	143.555	87.1826	143.555	87.1979	143.555	87.1562	143.555	87.1784	143.555	87.1289	143.555	87.1594	143.555	87.1039	143.555	87.1436	143.555	87.0836	143.555	87.1332	143.555	87.0705	143.555	87.1296	143.555	87.066	143.555	87.1332	143.555	87.0705	143.555	87.1436	143.555	87.0836	143.555	87.1594	143.555	87.1039	143.555	87.1784	143.555	87.1289	143.555	87.1979	143.555	87.1562	143.555	87.2153	143.555	87.1826	143.555	87.228	143.555	87.2056	143.555	87.2341	143.555	87.2227	143.555	87.2325
147.949	87.2027	147.949	87.2062	147.949	87.1899	147.949	87.2006	147.949	87.1686	147.949	87.1874	147.949	87.1407	147.949	87.1686	147.949	87.109	147.949	87.1472	147.949	87.0766	147.949	87.1262	147.949	87.047	147.949	87.1087	147.949	87.0232	147.949	87.0972	147.949	87.0078	147.949	87.0931	147.949	87.0025	147.949	87.0972	147.949	87.0078	147.949	87.1087	147.949	87.0232	147.949	87.1262	147.949	87.047	147.949	87.1472	147.949	87.0766	147.949	87.1686	147.949	87.109	147.949	87.1874	147.949	87.1407	147.949	87.2006	147.949	87.1686	147.949	87.2062	147.949	87.1899	147.949	87.2027
153.809	87.0415	153.809	87.0384	153.809	87.0344	153.809	87.0256	153.809	87.0178	153.809	87.0047	153.809	86.9939	153.809	86.9782	153.809	86.9652	153.809	86.9497	153.809	86.9353	153.809	86.9226	153.809	86.9075	153.809	86.9003	153.809	86.885	153.809	86.8858	153.809	86.8705	153.809	86.8807	153.809	86.8654	153.809	86.8858	153.809	86.8705	153.809	86.9003	153.809	86.885	153.809	86.9226	153.809	86.9075	153.809	86.9497	153.809	86.9353	153.809	86.9782	153.809	86.9652	153.809	87.0047	153.809	86.9939	153.809	87.0256	153.809	87.0178	153.809	87.0384	153.809	87.0344	153.809	87.0415
159.668	86.8725	159.668	86.8683	159.668	86.8657	159.668	86.8537	159.668	86.8487	159.668	86.8305	159.668	86.8236	159.668	86.8016	159.668	86.7933	159.668	86.7704	159.668	86.7614	159.668	86.741	159.668	86.7316	159.668	86.7169	159.668	86.7075	159.668	86.7012	159.668	86.6918	159.668	86.6957	159.668	86.6863	159.668	86.7012	159.668	86.6918	159.668	86.7169	159.668	86.7075	159.668	86.741	159.668	86.7316	159.668	86.7704	159.668	86.7614	159.668	86.8016	159.668	86.7933	159.668	86.8305	159.668	86.8236	159.668	86.8537	159.668	86.8487	159.668	86.8683	159.668	86.8657	159.668	86.8725
165.527	87.0118	165.527	87.0077	165.527	87.0023	165.527	86.9908	165.527	86.9802	165.527	86.9636	165.527	86.9479	165.527	86.9295	165.527	86.9089	165.527	86.893	165.527	86.868	165.527	86.8585	165.527	86.8298	165.527	86.8304	165.527	86.7988	165.527	86.812	165.527	86.7786	165.527	86.8057	165.527	86.7716	165.527	86.812	165.527	86.7786	165.527	86.8304	165.527	86.7988	165.527	86.8585	165.527	86.8298	165.527	86.893	165.527	86.868	165.527	86.9295	165.527	86.9089	165.527	86.9636	165.527	86.9479	165.527	86.9908	165.527	86.9802	165.527	87.0077	165.527	87.0023	165.527	87.0118
171.387	86.964	171.387	86.9647	171.387	86.9492	171.387	86.952	171.387	86.9212	171.387	86.9281	171.387	86.8827	171.387	86.8966	171.387	86.8376	171.387	86.8618	171.387	86.7906	171.387	86.8284	171.387	86.7471	171.387	86.8008	171.387	86.7118	171.387	86.7827	171.387	86.6889	171.387	86.7764	171.387	86.681	171.387	86.7827	171.387	86.6889	171.387	86.8008	171.387	86.7118	171.387	86.8284	171.387	86.7471	171.387	86.8618	171.387	86.7906	171.387	86.8966	171.387	86.8376	171.387	86.9281	171.387	86.8827	171.387	86.952	171.387	86.9212	171.387	86.9647	171.387	86.9492	171.387	86.964
177.246	86.8013	177.246	86.8082	177.246	86.7789	177.246	86.7999	177.246	86.7423	177.246	86.7788	177.246	86.6946	177.246	86.7487	177.246	86.6404	177.246	86.7141	177.246	86.5851	177.246	86.6804	177.246	86.5345	177.246	86.6522	177.246	86.4939	177.246	86.6335	177.246	86.4677	177.246	86.627	177.246	86.4586	177.246	86.6335	177.246	86.4677	177.246	86.6522	177.246	86.4939	177.246	86.6804	177.246	86.5345	177.246	86.7141	177.246	86.5851	177.246	86.7487	177.246	86.6404	177.246	86.7788	177.246	86.6946	177.246	86.7999	177.246	86.7423	177.246	86.8082	177.246	86.7789	177.246	86.8013
183.105	86.7453	183.105	86.753	183.105	86.7202	183.105	86.7437	183.105	86.6792	183.105	86.7199	183.105	86.6255	183.105	86.686	183.105	86.5643	183.105	86.647	183.105	86.5017	183.105	86.6089	183.105	86.4441	183.105	86.5769	183.105	86.3978	183.105	86.5557	183.105	86.3678	183.105	86.5483	183.105	86.3574	183.105	86.5557	183.105	86.3678	183.105	86.5769	183.105	86.3978	183.105	86.6089	183.105	86.4441	183.105	86.647	183.105	86.5017	183.105	86.686	183.105	86.5643	183.105	86.7199	183.105	86.6255	183.105	86.7437	183.105	86.6792	183.105	86.753	183.105	86.7202	183.105	86.7453
188.965	86.555	188.965	86.5571	188.965	86.534	188.965	86.5412	188.965	86.4955	188.965	86.5101	188.965	86.443	188.965	86.4685	188.965	86.3818	188.965	86.4224	188.965	86.3185	188.965	86.3779	188.965	86.2598	188.965	86.3411	188.965	86.2124	188.965	86.3168	188.965	86.1815	188.965	86.3083	188.965	86.1709	188.965	86.3168	188.965	86.1815	188.965	86.3411	188.965	86.2124	188.965	86.3779	188.965	86.2598	188.965	86.4224	188.965	86.3185	188.965	86.4685	188.965	86.3818	188.965	86.5101	188.965	86.443	188.965	86.5412	188.965	86.4955	188.965	86.5571	188.965	86.534	188.965	86.555
196.289	86.2762	196.289	86.2769	196.289	86.256	196.289	86.2588	196.289	86.2179	196.289	86.2251	196.289	86.1658	196.289	86.1807	196.289	86.1053	196.289	86.1319	196.289	86.0432	196.289	86.0852	196.289	85.9861	196.289	86.0467	196.289	85.9404	196.289	86.0215	196.289	85.9108	196.289	86.0128	196.289	85.9006	196.289	86.0215	196.289	85.9108	196.289	86.0467	196.289	85.9404	196.289	86.0852	196.289	85.9861	196.289	86.1319	196.289	86.0432	196.289	86.1807	196.289	86.1053	196.289	86.2251	196.289	86.1658	196.289	86.2588	196.289	86.2179	196.289	86.2769	196.289	86.256	196.289	86.2762
203.613	86.5277	203.613	86.5588	203.613	86.4721	203.613	86.5659	203.613	86.394	203.613	86.5522	203.613	86.2986	203.613	86.5227	203.613	86.1932	203.613	86.4844	203.613	86.0869	203.613	86.4444	203.613	85.9899	203.613	86.4098	203.613	85.912	203.613	86.3864	203.613	85.8615	203.613	86.3782	203.613	85.8441	203.613	86.3864	203.613	85.8615	203.613	86.4098	203.613	85.912	203.613	86.4444	203.613	85.9899	203.613	86.4844	203.613	86.0869	203.613	86.5227	203.613	86.1932	203.613	86.5522	203.613	86.2986	203.613	86.5659	203.613	86.394	203.613	86.5588	203.613	86.4721	203.613	86.5277
210.938	86.5037	210.938	86.5023	210.938	86.4777	210.938	86.4744	210.938	86.4267	210.938	86.424	210.938	86.3558	210.938	86.3576	210.938	86.2725	210.938	86.2839	210.938	86.1859	210.938	86.2125	210.938	86.1055	210.938	86.1532	210.938	86.0405	210.938	86.1139	210.938	85.9982	210.938	86.1002	210.938	85.9835	210.938	86.1139	210.938	85.9982	210.938	86.1532	210.938	86.0405	210.938	86.2125	210.938	86.1055	210.938	86.2839	210.938	86.1859	210.938	86.3576	210.938	86.2725	210.938	86.424	210.938	86.3558	210.938	86.4744	210.938	86.4267	210.938	86.5023	210.938	86.4777	210.938	86.5037
218.262	86.3841	218.262	86.3775	218.262	86.3663	218.262	86.3478	218.262	86.3257	218.262	86.2991	218.262	86.2666	218.262	86.2376	218.262	86.1955	218.262	86.1712	218.262	86.1206	218.262	86.1081	218.262	86.0504	218.262	86.0564	218.262	85.9934	218.262	86.0224	218.262	85.9562	218.262	86.0106	218.262	85.9433	218.262	86.0224	218.262	85.9562	218.262	86.0564	218.262	85.9934	218.262	86.1081	218.262	86.0504	218.262	86.1712	218.262	86.1206	218.262	86.2376	218.262	86.1955	218.262	86.2991	218.262	86.2666	218.262	86.3478	218.262	86.3257	218.262	86.3775	218.262	86.3663	218.262	86.3841
225.586	86.3156	225.586	86.3188	225.586	86.2857	225.586	86.2957	225.586	86.2317	225.586	86.25	225.586	86.1592	225.586	86.1881	225.586	86.0758	225.586	86.1187	225.586	85.9905	225.586	86.0511	225.586	85.9124	225.586	85.9949	225.586	85.8499	225.586	85.9576	225.586	85.8095	225.586	85.9446	225.586	85.7955	225.586	85.9576	225.586	85.8095	225.586	85.9949	225.586	85.8499	225.586	86.0511	225.586	85.9124	225.586	86.1187	225.586	85.9905	225.586	86.1881	225.586	86.0758	225.586	86.25	225.586	86.1592	225.586	86.2957	225.586	86.2317	225.586	86.3188	225.586	86.2857	225.586	86.3156
232.91	86.0403	232.91	86.0337	232.91	86.022	232.91	86.0021	232.91	85.9818	232.91	85.9486	232.91	85.9252	232.91	85.8794	232.91	85.8591	232.91	85.8029	232.91	85.7912	232.91	85.7291	232.91	85.7291	232.91	85.6678	232.91	85.6794	232.91	85.6272	232.91	85.6474	232.91	85.6131	232.91	85.6364	232.91	85.6272	232.91	85.6474	232.91	85.6678	232.91	85.6794	232.91	85.7291	232.91	85.7291	232.91	85.8029	232.91	85.7912	232.91	85.8794	232.91	85.8591	232.91	85.9486	232.91	85.9252	232.91	86.0021	232.91	85.9818	232.91	86.0337	232.91	86.022	232.91	86.0403
241.699	85.7728	241.699	85.7456	241.699	85.779	241.699	85.6992	241.699	85.7653	241.699	85.6376	241.699	85.7353	241.699	85.5673	241.699	85.6943	241.699	85.4956	241.699	85.6488	241.699	85.4302	241.699	85.6052	241.699	85.3781	241.699	85.5695	241.699	85.3445	241.699	85.5462	241.699	85.333	241.699	85.5381	241.699	85.3445	241.699	85.5462	241.699	85.3781	241.699	85.5695	241.699	85.4302	241.699	85.6052	241.699	85.4956	241.699	85.6488	241.699	85.5673	241.699	85.6943	241.699	85.6376	241.699	85.7353	241.699	85.6992	241.699	85.7653	241.699	85.7456	241.699	85.779	241.699	85.7728
250.488	85.0196	250.488	84.9655	250.488	85.0667	250.488	84.908	250.488	85.1043	250.488	84.851	250.488	85.1315	250.488	84.7983	250.488	85.1487	250.488	84.7529	250.488	85.1575	250.488	84.7168	250.488	85.1603	250.488	84.691	250.488	85.1598	250.488	84.6757	250.488	85.1585	250.488	84.6706	250.488	85.1578	250.488	84.6757	250.488	85.1585	250.488	84.691	250.488	85.1598	250.488	84.7168	250.488	85.1603	250.488	84.7529	250.488	85.1575	250.488	84.7983	250.488	85.1487	250.488	84.851	250.488	85.1315	250.488	84.908	250.488	85.1043	250.488	84.9655	250.488	85.0667	250.488	85.0196
259.277	84.2927	259.277	84.2966	259.277	84.2943	259.277	84.3078	259.277	84.2999	259.277	84.3271	259.277	84.3083	259.277	84.3541	259.277	84.3186	259.277	84.3865	259.277	84.3297	259.277	84.42	259.277	84.3405	259.277	84.4494	259.277	84.3497	259.277	84.4695	259.277	84.3558	259.277	84.4767	259.277	84.358	259.277	84.4695	259.277	84.3558	259.277	84.4494	259.277	84.3497	259.277	84.42	259.277	84.3405	259.277	84.3865	259.277	84.3297	259.277	84.3541	259.277	84.3186	259.277	84.3271	259.277	84.3083	259.277	84.3078	259.277	84.2999	259.277	84.2966	259.277	84.2943	259.277	84.2927
268.066	87.4772	268.066	87.433	268.066	87.4352	268.066	87.3098	268.066	87.3097	268.066	87.1241	268.066	87.1136	268.066	86.8995	268.066	86.8684	268.066	86.6639	268.066	86.6029	268.066	86.4458	268.066	86.3495	268.066	86.2705	268.066	86.1404	268.066	86.1575	268.066	86.0027	268.066	86.1186	268.066	85.9546	268.066	86.1575	268.066	86.0027	268.066	86.2705	268.066	86.1404	268.066	86.4458	268.066	86.3495	268.066	86.6639	268.066	86.6029	268.066	86.8995	268.066	86.8684	268.066	87.1241	268.066	87.1136	268.066	87.3098	268.066	87.3097	268.066	87.433	268.066	87.4352	268.066	87.4772
276.855	87.5621	276.855	87.5325	276.855	87.5142	276.855	87.4298	276.855	87.3928	276.855	87.2664	276.855	87.21	276.855	87.0617	276.855	86.9853	276.855	86.8401	276.855	86.744	276.855	86.629	276.855	86.5145	276.855	86.4548	276.855	86.3252	276.855	86.3403	276.855	86.2005	276.855	86.3003	276.855	86.157	276.855	86.3403	276.855	86.2005	276.855	86.4548	276.855	86.3252	276.855	86.629	276.855	86.5145	276.855	86.8401	276.855	86.744	276.855	87.0617	276.855	86.9853	276.855	87.2664	276.855	87.21	276.855	87.4298	276.855	87.3928	276.855	87.5325	276.855	87.5142	276.855	87.5621
287.109	87.3111	287.109	87.2786	287.109	87.273	287.109	87.1785	287.109	87.1696	287.109	87.0215	287.109	87.0134	287.109	86.8253	287.109	86.823	287.109	86.6131	287.109	86.6209	287.109	86.4107	287.109	86.4312	287.109	86.2437	287.109	86.2766	287.109	86.1337	287.109	86.1756	287.109	86.0953	287.109	86.1406	287.109	86.1337	287.109	86.1756	287.109	86.2437	287.109	86.2766	287.109	86.4107	287.109	86.4312	287.109	86.6131	287.109	86.6209	287.109	86.8253	287.109	86.823	287.109	87.0215	287.109	87.0134	287.109	87.1785	287.109	87.1696	287.109	87.2786	287.109	87.273	287.109	87.3111
297.363	87.2856	297.363	87.2597	297.363	87.2405	297.363	87.1656	297.363	87.1291	297.363	87.0141	297.363	86.964	297.363	86.8229	297.363	86.7636	297.363	86.6146	297.363	86.5512	297.363	86.415	297.363	86.3517	297.363	86.2497	297.363	86.1889	297.363	86.1406	297.363	86.0825	297.363	86.1025	297.363	86.0455	297.363	86.1406	297.363	86.0825	297.363	86.2497	297.363	86.1889	297.363	86.415	297.363	86.3517	297.363	86.6146	297.363	86.5512	297.363	86.8229	297.363	86.7636	297.363	87.0141	297.363	86.964	297.363	87.1656	297.363	87.1291	297.363	87.2597	297.363	87.2405	297.363	87.2856
307.617	87.5483	307.617	87.4587	307.617	87.569	307.617	87.3059	307.617	87.5241	307.617	87.1037	307.617	87.4247	307.617	86.8725	307.617	87.2883	307.617	86.6369	307.617	87.1359	307.617	86.4222	307.617	86.9896	307.617	86.251	307.617	86.8691	307.617	86.141	307.617	86.7903	307.617	86.1031	307.617	86.7628	307.617	86.141	307.617	86.7903	307.617	86.251	307.617	86.8691	307.617	86.4222	307.617	86.9896	307.617	86.6369	307.617	87.1359	307.617	86.8725	307.617	87.2883	307.617	87.1037	307.617	87.4247	307.617	87.3059	307.617	87.5241	307.617	87.4587	307.617	87.569	307.617	87.5483
319.336	88.8508	319.336	88.7538	319.336	88.8566	319.336	88.5739	319.336	88.7733	319.336	88.3286	319.336	88.6133	319.336	88.0433	319.336	88.3976	319.336	87.7484	319.336	88.1549	319.336	87.4762	319.336	87.9177	319.336	87.2567	319.336	87.7188	319.336	87.1143	319.336	87.5864	319.336	87.0651	319.336	87.54	319.336	87.1143	319.336	87.5864	319.336	87.2567	319.336	87.7188	319.336	87.4762	319.336	87.9177	319.336	87.7484	319.336	88.1549	319.336	88.0433	319.336	88.3976	319.336	88.3286	319.336	88.6133	319.336	88.5739	319.336	88.7733	319.336	88.7538	319.336	88.8566	319.336	88.8508
329.59	88.3444	329.59	88.2632	329.59	88.3293	329.59	88.0934	329.59	88.2211	329.59	87.8532	329.59	88.0335	329.59	87.5688	329.59	87.7902	329.59	87.2719	329.59	87.5216	329.59	86.996	329.59	87.2623	329.59	86.7726	329.59	87.0466	329.59	86.6274	329.59	86.9038	329.59	86.577	329.59	86.8538	329.59	86.6274	329.59	86.9038	329.59	86.7726	329.59	87.0466	329.59	86.996	329.59	87.2623	329.59	87.2719	329.59	87.5216	329.59	87.5688	329.59	87.7902	329.59	87.8532	329.59	88.0335	329.59	88.0934	329.59	88.2211	329.59	88.2632	329.59	88.3293	329.59	88.3444
341.309	88.2561	341.309	88.1564	341.309	88.2723	341.309	87.9794	341.309	88.2086	341.309	87.7413	341.309	88.0785	341.309	87.466	341.309	87.9032	341.309	87.1826	341.309	87.7085	341.309	86.9215	341.309	87.5216	341.309	86.7112	341.309	87.3676	341.309	86.5749	341.309	87.2666	341.309	86.5278	341.309	87.2314	341.309	86.5749	341.309	87.2666	341.309	86.7112	341.309	87.3676	341.309	86.9215	341.309	87.5216	341.309	87.1826	341.309	87.7085	341.309	87.466	341.309	87.9032	341.309	87.7413	341.309	88.0785	341.309	87.9794	341.309	88.2086	341.309	88.1564	341.309	88.2723	341.309	88.2561
353.027	87.7358	353.027	87.7466	353.027	87.6509	353.027	87.6845	353.027	87.4999	353.027	87.5599	353.027	87.299	353.027	87.3911	353.027	87.07	353.027	87.2021	353.027	86.8373	353.027	87.0189	353.027	86.6257	353.027	86.8668	353.027	86.457	353.027	86.7665	353.027	86.3484	353.027	86.7314	353.027	86.311	353.027	86.7665	353.027	86.3484	353.027	86.8668	353.027	86.457	353.027	87.0189	353.027	86.6257	353.027	87.2021	353.027	86.8373	353.027	87.3911	353.027	87.07	353.027	87.5599	353.027	87.299	353.027	87.6845	353.027	87.4999	353.027	87.7466	353.027	87.6509	353.027	87.7358
366.211	87.7741	366.211	87.7473	366.211	87.7226	366.211	87.6454	366.211	87.6002	366.211	87.4814	366.211	87.4227	366.211	87.2764	366.211	87.2122	366.211	87.057	366.211	86.9936	366.211	86.8508	366.211	86.7921	366.211	86.6832	366.211	86.6301	366.211	86.5741	366.211	86.5253	366.211	86.5363	366.211	86.4891	366.211	86.5741	366.211	86.5253	366.211	86.6832	366.211	86.6301	366.211	86.8508	366.211	86.7921	366.211	87.057	366.211	86.9936	366.211	87.2764	366.211	87.2122	366.211	87.4814	366.211	87.4227	366.211	87.6454	366.211	87.6002	366.211	87.7473	366.211	87.7226	366.211	87.7741
379.395	88.2668	379.395	88.2251	379.395	88.2205	379.395	88.0986	379.395	88.0943	379.395	87.9015	379.395	87.9058	379.395	87.6573	379.395	87.6795	379.395	87.3961	379.395	87.4434	379.395	87.15	379.395	87.2254	379.395	86.9492	379.395	87.0503	379.395	86.8182	379.395	86.9371	379.395	86.7727	379.395	86.898	379.395	86.8182	379.395	86.9371	379.395	86.9492	379.395	87.0503	379.395	87.15	379.395	87.2254	379.395	87.3961	379.395	87.4434	379.395	87.6573	379.395	87.6795	379.395	87.9015	379.395	87.9058	379.395	88.0986	379.395	88.0943	379.395	88.2251	379.395	88.2205	379.395	88.2668
392.578	88.207	392.578	88.1038	392.578	88.2274	392.578	87.925	392.578	88.1692	392.578	87.6889	392.578	88.0465	392.578	87.4219	392.578	87.8802	392.578	87.1541	392.578	87.695	392.578	86.9143	392.578	87.5165	392.578	86.7263	392.578	87.3685	392.578	86.607	392.578	87.2709	392.578	86.5661	392.578	87.2368	392.578	86.607	392.578	87.2709	392.578	86.7263	392.578	87.3685	392.578	86.9143	392.578	87.5165	392.578	87.1541	392.578	87.695	392.578	87.4219	392.578	87.8802	392.578	87.6889	392.578	88.0465	392.578	87.925	392.578	88.1692	392.578	88.1038	392.578	88.2274	392.578	88.207
405.762	88.1706	405.762	88.0739	405.762	88.1838	405.762	87.9033	405.762	88.1141	405.762	87.6775	405.762	87.9725	405.762	87.4217	405.762	87.7782	405.762	87.1636	405.762	87.557	405.762	86.9301	405.762	87.3386	405.762	86.7449	405.762	87.1536	405.762	86.626	405.762	87.0296	405.762	86.585	405.762	86.986	405.762	86.626	405.762	87.0296	405.762	86.7449	405.762	87.1536	405.762	86.9301	405.762	87.3386	405.762	87.1636	405.762	87.557	405.762	87.4217	405.762	87.7782	405.762	87.6775	405.762	87.9725	405.762	87.9033	405.762	88.1141	405.762	88.0739	405.762	88.1838	405.762	88.1706
420.41	88.1652	420.41	88.0782	420.41	88.1591	420.41	87.9059	420.41	88.0626	420.41	87.6657	420.41	87.888	420.41	87.3831	420.41	87.6558	420.41	87.0887	420.41	87.3939	420.41	86.8149	420.41	87.1355	420.41	86.5926	420.41	86.916	420.41	86.4475	420.41	86.7683	420.41	86.3972	420.41	86.7162	420.41	86.4475	420.41	86.7683	420.41	86.5926	420.41	86.916	420.41	86.8149	420.41	87.1355	420.41	87.0887	420.41	87.3939	420.41	87.3831	420.41	87.6558	420.41	87.6657	420.41	87.888	420.41	87.9059	420.41	88.0626	420.41	88.0782	420.41	88.1591	420.41	88.1652
435.059	87.8124	435.059	87.7087	435.059	87.8183	435.059	87.518	435.059	87.7272	435.059	87.2607	435.059	87.5511	435.059	86.9646	435.059	87.3124	435.059	86.6611	435.059	87.0415	435.059	86.3822	435.059	86.7743	435.059	86.1576	435.059	86.548	435.059	86.0118	435.059	86.3964	435.059	85.9613	435.059	86.343	435.059	86.0118	435.059	86.3964	435.059	86.1576	435.059	86.548	435.059	86.3822	435.059	86.7743	435.059	86.6611	435.059	87.0415	435.059	86.9646	435.059	87.3124	435.059	87.2607	435.059	87.5511	435.059	87.518	435.059	87.7272	435.059	87.7087	435.059	87.8183	435.059	87.8124
451.172	87.946	451.172	87.8661	451.172	87.9153	451.172	87.6861	451.172	87.7758	451.172	87.4264	451.172	87.5418	451.172	87.115	451.172	87.2396	451.172	86.7849	451.172	86.9052	451.172	86.472	451.172	86.5806	451.172	86.2128	451.172	86.3091	451.172	86.0409	451.172	86.1285	451.172	85.9806	451.172	86.0652	451.172	86.0409	451.172	86.1285	451.172	86.2128	451.172	86.3091	451.172	86.472	451.172	86.5806	451.172	86.7849	451.172	86.9052	451.172	87.115	451.172	87.2396	451.172	87.4264	451.172	87.5418	451.172	87.6861	451.172	87.7758	451.172	87.8661	451.172	87.9153	451.172	87.946
465.82	87.5873	465.82	87.4399	465.82	87.6253	465.82	87.1951	465.82	87.5531	465.82	86.8743	465.82	87.3823	465.82	86.5056	465.82	87.1366	465.82	86.1229	465.82	86.8498	465.82	85.7643	465.82	86.5625	465.82	85.4696	465.82	86.3172	465.82	85.2751	465.82	86.1519	465.82	85.2071	465.82	86.0936	465.82	85.2751	465.82	86.1519	465.82	85.4696	465.82	86.3172	465.82	85.7643	465.82	86.5625	465.82	86.1229	465.82	86.8498	465.82	86.5056	465.82	87.1366	465.82	86.8743	465.82	87.3823	465.82	87.1951	465.82	87.5531	465.82	87.4399	465.82	87.6253	465.82	87.5873
483.398	88.3112	483.398	88.2142	483.398	88.2698	483.398	87.9884	483.398	88.0967	483.398	87.6598	483.398	87.815	483.398	87.2668	483.398	87.4603	483.398	86.8557	483.398	87.0767	483.398	86.4745	483.398	86.7115	483.398	86.1671	483.398	86.4101	483.398	85.9681	483.398	86.2113	483.398	85.8992	483.398	86.1418	483.398	85.9681	483.398	86.2113	483.398	86.1671	483.398	86.4101	483.398	86.4745	483.398	86.7115	483.398	86.8557	483.398	87.0767	483.398	87.2668	483.398	87.4603	483.398	87.6598	483.398	87.815	483.398	87.9884	483.398	88.0967	483.398	88.2142	483.398	88.2698	483.398	88.3112
499.512	88.136	499.512	88.038	499.512	88.1146	499.512	87.8302	499.512	87.981	499.512	87.5382	499.512	87.7577	499.512	87.1991	499.512	87.4778	499.512	86.8548	499.512	87.1789	499.512	86.545	499.512	86.8979	499.512	86.3017	499.512	86.6684	499.512	86.1474	499.512	86.5181	499.512	86.0946	499.512	86.4657	499.512	86.1474	499.512	86.5181	499.512	86.3017	499.512	86.6684	499.512	86.545	499.512	86.8979	499.512	86.8548	499.512	87.1789	499.512	87.1991	499.512	87.4778	499.512	87.5382	499.512	87.7577	499.512	87.8302	499.512	87.981	499.512	88.038	499.512	88.1146	499.512	88.136
517.09	88.322	517.09	88.2519	517.09	88.2587	517.09	88.0557	517.09	88.0743	517.09	87.7598	517.09	87.7963	517.09	87.406	517.09	87.4628	517.09	87.0435	517.09	87.1161	517.09	86.7185	517.09	86.7976	517.09	86.4664	517.09	86.5431	517.09	86.3086	517.09	86.3797	517.09	86.2551	517.09	86.3234	517.09	86.3086	517.09	86.3797	517.09	86.4664	517.09	86.5431	517.09	86.7185	517.09	86.7976	517.09	87.0435	517.09	87.1161	517.09	87.406	517.09	87.4628	517.09	87.7598	517.09	87.7963	517.09	88.0557	517.09	88.0743	517.09	88.2519	517.09	88.2587	517.09	88.322
536.133	88.3087	536.133	88.2441	536.133	88.2522	536.133	88.0702	536.133	88.0791	536.133	87.8125	536.133	87.8091	536.133	87.5058	536.133	87.4734	536.133	87.1888	536.133	87.11	536.133	86.8983	536.133	86.7607	536.133	86.666	536.133	86.4684	536.133	86.5163	536.133	86.2732	536.133	86.4647	536.133	86.2044	536.133	86.5163	536.133	86.2732	536.133	86.666	536.133	86.4684	536.133	86.8983	536.133	86.7607	536.133	87.1888	536.133	87.11	536.133	87.5058	536.133	87.4734	536.133	87.8125	536.133	87.8091	536.133	88.0702	536.133	88.0791	536.133	88.2441	536.133	88.2522	536.133	88.3087
555.176	87.8992	555.176	87.8303	555.176	87.8603	555.176	87.6624	555.176	87.7203	555.176	87.419	555.176	87.498	555.176	87.1319	555.176	87.2184	555.176	86.8339	555.176	86.911	555.176	86.5563	555.176	86.61	555.176	86.3286	555.176	86.354	555.176	86.1779	555.176	86.1812	555.176	86.1251	555.176	86.1201	555.176	86.1779	555.176	86.1812	555.176	86.3286	555.176	86.354	555.176	86.5563	555.176	86.61	555.176	86.8339	555.176	86.911	555.176	87.1319	555.176	87.2184	555.176	87.419	555.176	87.498	555.176	87.6624	555.176	87.7203	555.176	87.8303	555.176	87.8603	555.176	87.8992
574.219	87.8113	574.219	87.8148	574.219	87.7114	574.219	87.7127	574.219	87.5277	574.219	87.5036	574.219	87.2745	574.219	87.1993	574.219	86.968	574.219	86.8292	574.219	86.631	574.219	86.4417	574.219	86.2966	574.219	86.0985	574.219	86.0077	574.219	85.8614	574.219	85.8102	574.219	85.7767	574.219	85.7397	574.219	85.8614	574.219	85.8102	574.219	86.0985	574.219	86.0077	574.219	86.4417	574.219	86.2966	574.219	86.8292	574.219	86.631	574.219	87.1993	574.219	86.968	574.219	87.5036	574.219	87.2745	574.219	87.7127	574.219	87.5277	574.219	87.8148	574.219	87.7114	574.219	87.8113
594.727	88.004	594.727	87.9802	594.727	87.8972	594.727	87.8254	594.727	87.674	594.727	87.5552	594.727	87.3589	594.727	87.201	594.727	86.9838	594.727	86.8074	594.727	86.5872	594.727	86.4262	594.727	86.2131	594.727	86.1091	594.727	85.9066	594.727	85.8996	594.727	85.7059	594.727	85.8264	594.727	85.6362	594.727	85.8996	594.727	85.7059	594.727	86.1091	594.727	85.9066	594.727	86.4262	594.727	86.2131	594.727	86.8074	594.727	86.5872	594.727	87.201	594.727	86.9838	594.727	87.5552	594.727	87.3589	594.727	87.8254	594.727	87.674	594.727	87.9802	594.727	87.8972	594.727	88.004
615.234	87.8018	615.234	87.8068	615.234	87.6742	615.234	87.6774	615.234	87.4438	615.234	87.4173	615.234	87.1336	615.234	87.0514	615.234	86.7711	615.234	86.6276	615.234	86.3925	615.234	86.2093	615.234	86.0424	615.234	85.8602	615.234	85.7645	615.234	85.6309	615.234	85.5891	615.234	85.5513	615.234	85.5297	615.234	85.6309	615.234	85.5891	615.234	85.8602	615.234	85.7645	615.234	86.2093	615.234	86.0424	615.234	86.6276	615.234	86.3925	615.234	87.0514	615.234	86.7711	615.234	87.4173	615.234	87.1336	615.234	87.6774	615.234	87.4438	615.234	87.8068	615.234	87.6742	615.234	87.8018
637.207	88.3313	637.207	88.2812	637.207	88.2294	637.207	88.0753	637.207	87.9926	637.207	87.7275	637.207	87.647	637.207	87.2742	637.207	87.2286	637.207	86.7725	637.207	86.7821	637.207	86.2906	637.207	86.3581	637.207	85.8944	637.207	86.0069	637.207	85.6356	637.207	85.774	637.207	85.5459	637.207	85.6923	637.207	85.6356	637.207	85.774	637.207	85.8944	637.207	86.0069	637.207	86.2906	637.207	86.3581	637.207	86.7725	637.207	86.7821	637.207	87.2742	637.207	87.2286	637.207	87.7275	637.207	87.647	637.207	88.0753	637.207	87.9926	637.207	88.2812	637.207	88.2294	637.207	88.3313
659.18	87.6807	659.18	87.7075	659.18	87.5401	659.18	87.6066	659.18	87.3032	659.18	87.3793	659.18	86.9892	659.18	87.0537	659.18	86.6238	659.18	86.6844	659.18	86.2447	659.18	86.3361	659.18	85.8978	659.18	86.0618	659.18	85.6253	659.18	85.8912	659.18	85.4548	659.18	85.8339	659.18	85.3972	659.18	85.8912	659.18	85.4548	659.18	86.0618	659.18	85.6253	659.18	86.3361	659.18	85.8978	659.18	86.6844	659.18	86.2447	659.18	87.0537	659.18	86.6238	659.18	87.3793	659.18	86.9892	659.18	87.6066	659.18	87.3032	659.18	87.7075	659.18	87.5401	659.18	87.6807
682.617	87.5998	682.617	87.544	682.617	87.5282	682.617	87.3626	682.617	87.3342	682.617	87.0693	682.617	87.0326	682.617	86.6972	682.617	86.6548	682.617	86.2967	682.617	86.2496	682.617	85.9217	682.617	85.8733	682.617	85.6181	682.617	85.5749	682.617	85.4203	682.617	85.3864	682.617	85.3516	682.617	85.3224	682.617	85.4203	682.617	85.3864	682.617	85.6181	682.617	85.5749	682.617	85.9217	682.617	85.8733	682.617	86.2967	682.617	86.2496	682.617	86.6972	682.617	86.6548	682.617	87.0693	682.617	87.0326	682.617	87.3626	682.617	87.3342	682.617	87.544	682.617	87.5282	682.617	87.5998
707.52	88.3721	707.52	88.2613	707.52	88.2869	707.52	87.9643	707.52	88.0195	707.52	87.5162	707.52	87.6051	707.52	86.975	707.52	87.0958	707.52	86.4075	707.52	86.5524	707.52	85.8764	707.52	86.0364	707.52	85.4376	707.52	85.6072	707.52	85.1445	707.52	85.3207	707.52	85.0409	707.52	85.2197	707.52	85.1445	707.52	85.3207	707.52	85.4376	707.52	85.6072	707.52	85.8764	707.52	86.0364	707.52	86.4075	707.52	86.5524	707.52	86.975	707.52	87.0958	707.52	87.5162	707.52	87.6051	707.52	87.9643	707.52	88.0195	707.52	88.2613	707.52	88.2869	707.52	88.3721
732.422	87.8945	732.422	87.8701	732.422	87.7621	732.422	87.6807	732.422	87.5067	732.422	87.3483	732.422	87.1747	732.422	86.9207	732.422	86.8101	732.422	86.4588	732.422	86.4474	732.422	86.022	732.422	86.1166	732.422	85.6628	732.422	85.8491	732.422	85.4254	732.422	85.675	732.422	85.3422	732.422	85.6146	732.422	85.4254	732.422	85.675	732.422	85.6628	732.422	85.8491	732.422	86.022	732.422	86.1166	732.422	86.4588	732.422	86.4474	732.422	86.9207	732.422	86.8101	732.422	87.3483	732.422	87.1747	732.422	87.6807	732.422	87.5067	732.422	87.8701	732.422	87.7621	732.422	87.8945
757.324	87.8768	757.324	87.7726	757.324	87.8445	757.324	87.5544	757.324	87.6814	757.324	87.2554	757.324	87.4155	757.324	86.8973	757.324	87.0746	757.324	86.4912	757.324	86.6814	757.324	86.0598	757.324	86.271	757.324	85.6578	757.324	85.9031	757.324	85.3656	757.324	85.6471	757.324	85.258	757.324	85.5556	757.324	85.3656	757.324	85.6471	757.324	85.6578	757.324	85.9031	757.324	86.0598	757.324	86.271	757.324	86.4912	757.324	86.6814	757.324	86.8973	757.324	87.0746	757.324	87.2554	757.324	87.4155	757.324	87.5544	757.324	87.6814	757.324	87.7726	757.324	87.8445	757.324	87.8768
785.156	88.3746	785.156	88.2864	785.156	88.2593	785.156	87.9733	785.156	87.9935	785.156	87.4629	785.156	87.6228	785.156	86.8226	785.156	87.1675	785.156	86.139	785.156	86.649	785.156	85.5001	785.156	86.123	785.156	84.9837	785.156	85.6743	785.156	84.6495	785.156	85.3788	785.156	84.5342	785.156	85.2768	785.156	84.6495	785.156	85.3788	785.156	84.9837	785.156	85.6743	785.156	85.5001	785.156	86.123	785.156	86.139	785.156	86.649	785.156	86.8226	785.156	87.1675	785.156	87.4629	785.156	87.6228	785.156	87.9733	785.156	87.9935	785.156	88.2864	785.156	88.2593	785.156	88.3746
811.523	87.2942	811.523	87.3547	811.523	87.2107	811.523	87.332	811.523	87.1261	811.523	87.1684	811.523	87.004	811.523	86.8416	811.523	86.7857	811.523	86.3836	811.523	86.4553	811.523	85.8754	811.523	86.0669	811.523	85.4196	811.523	85.713	811.523	85.1074	811.523	85.4739	811.523	84.9969	811.523	85.3907	811.523	85.1074	811.523	85.4739	811.523	85.4196	811.523	85.713	811.523	85.8754	811.523	86.0669	811.523	86.3836	811.523	86.4553	811.523	86.8416	811.523	86.7857	811.523	87.1684	811.523	87.004	811.523	87.332	811.523	87.1261	811.523	87.3547	811.523	87.2107	811.523	87.2942
840.82	87.7254	840.82	87.6206	840.82	87.7646	840.82	87.4256	840.82	87.7112	840.82	87.1009	840.82	87.5032	840.82	86.6424	840.82	87.115	840.82	86.1056	840.82	86.609	840.82	85.5807	840.82	86.1109	840.82	85.149	840.82	85.7323	840.82	84.8667	840.82	85.5159	840.82	84.7683	840.82	85.4485	840.82	84.8667	840.82	85.5159	840.82	85.149	840.82	85.7323	840.82	85.5807	840.82	86.1109	840.82	86.1056	840.82	86.609	840.82	86.6424	840.82	87.115	840.82	87.1009	840.82	87.5032	840.82	87.4256	840.82	87.7112	840.82	87.6206	840.82	87.7646	840.82	87.7254
870.117	87.3459	870.117	87.3848	870.117	87.3089	870.117	87.3548	870.117	87.2679	870.117	87.1848	870.117	87.1545	870.117	86.8712	870.117	86.9175	870.117	86.4674	870.117	86.5662	870.117	86.0325	870.117	86.1578	870.117	85.6237	870.117	85.7729	870.117	85.3189	870.117	85.4971	870.117	85.2041	870.117	85.3969	870.117	85.3189	870.117	85.4971	870.117	85.6237	870.117	85.7729	870.117	86.0325	870.117	86.1578	870.117	86.4674	870.117	86.5662	870.117	86.8712	870.117	86.9175	870.117	87.1848	870.117	87.1545	870.117	87.3548	870.117	87.2679	870.117	87.3848	870.117	87.3089	870.117	87.3459
900.879	87.4548	900.879	87.4698	900.879	87.4581	900.879	87.4539	900.879	87.4464	900.879	87.3287	900.879	87.3446	900.879	87.0611	900.879	87.1067	900.879	86.6708	900.879	86.7438	900.879	86.2038	900.879	86.3217	900.879	85.7349	900.879	85.9409	900.879	85.3764	900.879	85.6894	900.879	85.2408	900.879	85.6042	900.879	85.3764	900.879	85.6894	900.879	85.7349	900.879	85.9409	900.879	86.2038	900.879	86.3217	900.879	86.6708	900.879	86.7438	900.879	87.0611	900.879	87.1067	900.879	87.3287	900.879	87.3446	900.879	87.4539	900.879	87.4464	900.879	87.4698	900.879	87.4581	900.879	87.4548
933.105	87.6934	933.105	87.5678	933.105	87.7625	933.105	87.4179	933.105	87.748	933.105	87.2611	933.105	87.6163	933.105	87.0695	933.105	87.3226	933.105	86.7814	933.105	86.8585	933.105	86.374	933.105	86.3087	933.105	85.9179	933.105	85.8252	933.105	85.5542	933.105	85.5235	933.105	85.4155	933.105	85.4264	933.105	85.5542	933.105	85.5235	933.105	85.9179	933.105	85.8252	933.105	86.374	933.105	86.3087	933.105	86.7814	933.105	86.8585	933.105	87.0695	933.105	87.3226	933.105	87.2611	933.105	87.6163	933.105	87.4179	933.105	87.748	933.105	87.5678	933.105	87.7625	933.105	87.6934
965.332	87.5135	965.332	87.4796	965.332	87.6179	965.332	87.4701	965.332	87.7315	965.332	87.3841	965.332	87.7015	965.332	87.1357	965.332	87.4007	965.332	86.7093	965.332	86.8542	965.332	86.175	965.332	86.2489	965.332	85.6598	965.332	85.7961	965.332	85.2927	965.332	85.5691	965.332	85.1606	965.332	85.5089	965.332	85.2927	965.332	85.5691	965.332	85.6598	965.332	85.7961	965.332	86.175	965.332	86.2489	965.332	86.7093	965.332	86.8542	965.332	87.1357	965.332	87.4007	965.332	87.3841	965.332	87.7015	965.332	87.4701	965.332	87.7315	965.332	87.4796	965.332	87.6179	965.332	87.5135
1,000.49	86.9989	1,000.49	87.0952	1,000.49	87.0836	1,000.49	87.2492	1,000.49	87.2319	1,000.49	87.2535	1,000.49	87.1964	1,000.49	87.0092	1,000.49	86.8491	1,000.49	86.5694	1,000.49	86.2927	1,000.49	86.0603	1,000.49	85.761	1,000.49	85.598	1,000.49	85.4184	1,000.49	85.273	1,000.49	85.2682	1,000.49	85.155	1,000.49	85.2322	1,000.49	85.273	1,000.49	85.2682	1,000.49	85.598	1,000.49	85.4184	1,000.49	86.0603	1,000.49	85.761	1,000.49	86.5694	1,000.49	86.2927	1,000.49	87.0092	1,000.49	86.8491	1,000.49	87.2535	1,000.49	87.1964	1,000.49	87.2492	1,000.49	87.2319	1,000.49	87.0952	1,000.49	87.0836	1,000.49	86.9989
1,035.64	87.472	1,035.64	87.3567	1,035.64	87.625	1,035.64	87.2358	1,035.64	87.6646	1,035.64	86.9825	1,035.64	87.4073	1,035.64	86.5747	1,035.64	86.8401	1,035.64	86.0797	1,035.64	86.1126	1,035.64	85.5301	1,035.64	85.3905	1,035.64	84.952	1,035.64	84.7929	1,035.64	84.4713	1,035.64	84.4078	1,035.64	84.2794	1,035.64	84.2775	1,035.64	84.4713	1,035.64	84.4078	1,035.64	84.952	1,035.64	84.7929	1,035.64	85.5301	1,035.64	85.3905	1,035.64	86.0797	1,035.64	86.1126	1,035.64	86.5747	1,035.64	86.8401	1,035.64	86.9825	1,035.64	87.4073	1,035.64	87.2358	1,035.64	87.6646	1,035.64	87.3567	1,035.64	87.625	1,035.64	87.472
1,072.27	85.9843	1,072.27	86.0348	1,072.27	86.1773	1,072.27	86.2301	1,072.27	86.4263	1,072.27	86.3409	1,072.27	86.4715	1,072.27	86.2323	1,072.27	86.2061	1,072.27	85.8478	1,072.27	85.6656	1,072.27	85.1816	1,072.27	84.9786	1,072.27	84.3626	1,072.27	84.3579	1,072.27	83.6715	1,072.27	83.9805	1,072.27	83.4004	1,072.27	83.8658	1,072.27	83.6715	1,072.27	83.9805	1,072.27	84.3626	1,072.27	84.3579	1,072.27	85.1816	1,072.27	84.9786	1,072.27	85.8478	1,072.27	85.6656	1,072.27	86.2323	1,072.27	86.2061	1,072.27	86.3409	1,072.27	86.4715	1,072.27	86.2301	1,072.27	86.4263	1,072.27	86.0348	1,072.27	86.1773	1,072.27	85.9843
1,108.89	85.8807	1,108.89	85.9221	1,108.89	85.9894	1,108.89	86.0413	1,108.89	86.1225	1,108.89	86.0594	1,108.89	86.0803	1,108.89	85.8487	1,108.89	85.73	1,108.89	85.3527	1,108.89	85.0823	1,108.89	84.6138	1,108.89	84.3384	1,108.89	83.8206	1,108.89	83.7905	1,108.89	83.2291	1,108.89	83.5548	1,108.89	83.0148	1,108.89	83.5088	1,108.89	83.2291	1,108.89	83.5548	1,108.89	83.8206	1,108.89	83.7905	1,108.89	84.6138	1,108.89	84.3384	1,108.89	85.3527	1,108.89	85.0823	1,108.89	85.8487	1,108.89	85.73	1,108.89	86.0594	1,108.89	86.0803	1,108.89	86.0413	1,108.89	86.1225	1,108.89	85.9221	1,108.89	85.9894	1,108.89	85.8807
1,148.44	86.1739	1,148.44	86.0844	1,148.44	86.4146	1,148.44	86.1533	1,148.44	86.6306	1,148.44	86.2057	1,148.44	86.604	1,148.44	86.0209	1,148.44	86.208	1,148.44	85.4874	1,148.44	85.4959	1,148.44	84.6777	1,148.44	84.7149	1,148.44	83.831	1,148.44	84.1439	1,148.44	83.2201	1,148.44	83.8743	1,148.44	83.0038	1,148.44	83.8094	1,148.44	83.2201	1,148.44	83.8743	1,148.44	83.831	1,148.44	84.1439	1,148.44	84.6777	1,148.44	84.7149	1,148.44	85.4874	1,148.44	85.4959	1,148.44	86.0209	1,148.44	86.208	1,148.44	86.2057	1,148.44	86.604	1,148.44	86.1533	1,148.44	86.6306	1,148.44	86.0844	1,148.44	86.4146	1,148.44	86.1739
1,189.45	86.6238	1,189.45	86.537	1,189.45	86.8886	1,189.45	86.5844	1,189.45	87.1459	1,189.45	86.5368	1,189.45	87.1197	1,189.45	86.1958	1,189.45	86.6676	1,189.45	85.5375	1,189.45	85.9092	1,189.45	84.6812	1,189.45	85.1153	1,189.45	83.8129	1,189.45	84.5063	1,189.45	83.1523	1,189.45	84.1758	1,189.45	82.9031	1,189.45	84.0837	1,189.45	83.1523	1,189.45	84.1758	1,189.45	83.8129	1,189.45	84.5063	1,189.45	84.6812	1,189.45	85.1153	1,189.45	85.5375	1,189.45	85.9092	1,189.45	86.1958	1,189.45	86.6676	1,189.45	86.5368	1,189.45	87.1197	1,189.45	86.5844	1,189.45	87.1459	1,189.45	86.537	1,189.45	86.8886	1,189.45	86.6238
1,230.47	87.6594	1,230.47	87.5732	1,230.47	87.7002	1,230.47	87.4048	1,230.47	87.6767	1,230.47	87.0844	1,230.47	87.5066	1,230.47	86.6014	1,230.47	87.1387	1,230.47	85.9863	1,230.47	86.6042	1,230.47	85.211	1,230.47	85.9551	1,230.47	84.3399	1,230.47	85.3282	1,230.47	83.6366	1,230.47	84.9167	1,230.47	83.3702	1,230.47	84.7857	1,230.47	83.6366	1,230.47	84.9167	1,230.47	84.3399	1,230.47	85.3282	1,230.47	85.211	1,230.47	85.9551	1,230.47	85.9863	1,230.47	86.6042	1,230.47	86.6014	1,230.47	87.1387	1,230.47	87.0844	1,230.47	87.5066	1,230.47	87.4048	1,230.47	87.6767	1,230.47	87.5732	1,230.47	87.7002	1,230.47	87.6594
1,274.41	87.965	1,274.41	87.761	1,274.41	88.1256	1,274.41	87.5036	1,274.41	88.1951	1,274.41	87.1809	1,274.41	88.0587	1,274.41	86.7556	1,274.41	87.5939	1,274.41	86.111	1,274.41	86.7408	1,274.41	85.215	1,274.41	85.6947	1,274.41	84.3267	1,274.41	84.9069	1,274.41	83.7752	1,274.41	84.6016	1,274.41	83.6117	1,274.41	84.5617	1,274.41	83.7752	1,274.41	84.6016	1,274.41	84.3267	1,274.41	84.9069	1,274.41	85.215	1,274.41	85.6947	1,274.41	86.111	1,274.41	86.7408	1,274.41	86.7556	1,274.41	87.5939	1,274.41	87.1809	1,274.41	88.0587	1,274.41	87.5036	1,274.41	88.1951	1,274.41	87.761	1,274.41	88.1256	1,274.41	87.965
1,319.82	87.9761	1,319.82	87.7356	1,319.82	88.0297	1,319.82	87.3972	1,319.82	87.9147	1,319.82	87.0238	1,319.82	87.6476	1,319.82	86.5501	1,319.82	87.1166	1,319.82	85.8294	1,319.82	86.2976	1,319.82	84.8727	1,319.82	85.4595	1,319.82	83.952	1,319.82	84.8676	1,319.82	83.3377	1,319.82	84.544	1,319.82	83.128	1,319.82	84.4447	1,319.82	83.3377	1,319.82	84.544	1,319.82	83.952	1,319.82	84.8676	1,319.82	84.8727	1,319.82	85.4595	1,319.82	85.8294	1,319.82	86.2976	1,319.82	86.5501	1,319.82	87.1166	1,319.82	87.0238	1,319.82	87.6476	1,319.82	87.3972	1,319.82	87.9147	1,319.82	87.7356	1,319.82	88.0297	1,319.82	87.9761
1,366.7	87.293	1,366.7	87.1892	1,366.7	87.2717	1,366.7	86.9345	1,366.7	87.2213	1,366.7	86.5476	1,366.7	87.0434	1,366.7	85.9937	1,366.7	86.5402	1,366.7	85.2473	1,366.7	85.7809	1,366.7	84.3332	1,366.7	84.9423	1,366.7	83.3561	1,366.7	84.0515	1,366.7	82.5565	1,366.7	83.2758	1,366.7	82.241	1,366.7	82.9621	1,366.7	82.5565	1,366.7	83.2758	1,366.7	83.3561	1,366.7	84.0515	1,366.7	84.3332	1,366.7	84.9423	1,366.7	85.2473	1,366.7	85.7809	1,366.7	85.9937	1,366.7	86.5402	1,366.7	86.5476	1,366.7	87.0434	1,366.7	86.9345	1,366.7	87.2213	1,366.7	87.1892	1,366.7	87.2717	1,366.7	87.293
1,413.57	87.7173	1,413.57	87.261	1,413.57	87.6824	1,413.57	86.5298	1,413.57	87.2528	1,413.57	85.8348	1,413.57	86.6498	1,413.57	85.3007	1,413.57	86.0204	1,413.57	84.7137	1,413.57	85.3506	1,413.57	83.7896	1,413.57	84.4977	1,413.57	82.7543	1,413.57	83.6235	1,413.57	82.0995	1,413.57	83.1064	1,413.57	81.915	1,413.57	82.9746	1,413.57	82.0995	1,413.57	83.1064	1,413.57	82.7543	1,413.57	83.6235	1,413.57	83.7896	1,413.57	84.4977	1,413.57	84.7137	1,413.57	85.3506	1,413.57	85.3007	1,413.57	86.0204	1,413.57	85.8348	1,413.57	86.6498	1,413.57	86.5298	1,413.57	87.2528	1,413.57	87.261	1,413.57	87.6824	1,413.57	87.7173
1,463.38	88.4659	1,463.38	87.8096	1,463.38	88.4193	1,463.38	86.7749	1,463.38	87.8437	1,463.38	85.9705	1,463.38	87.1687	1,463.38	85.5066	1,463.38	86.5472	1,463.38	84.8081	1,463.38	85.7279	1,463.38	83.6921	1,463.38	84.7391	1,463.38	82.7255	1,463.38	83.9465	1,463.38	82.2542	1,463.38	83.4329	1,463.38	82.1281	1,463.38	83.2422	1,463.38	82.2542	1,463.38	83.4329	1,463.38	82.7255	1,463.38	83.9465	1,463.38	83.6921	1,463.38	84.7391	1,463.38	84.8081	1,463.38	85.7279	1,463.38	85.5066	1,463.38	86.5472	1,463.38	85.9705	1,463.38	87.1687	1,463.38	86.7749	1,463.38	87.8437	1,463.38	87.8096	1,463.38	88.4193	1,463.38	88.4659
1,516.11	88.6133	1,516.11	88.4308	1,516.11	88.3775	1,516.11	87.8052	1,516.11	88.0777	1,516.11	87.1003	1,516.11	87.8153	1,516.11	86.4654	1,516.11	87.3092	1,516.11	85.6496	1,516.11	86.5524	1,516.11	84.6748	1,516.11	85.8156	1,516.11	83.7869	1,516.11	84.9616	1,516.11	83.0795	1,516.11	83.976	1,516.11	82.7772	1,516.11	83.4962	1,516.11	83.0795	1,516.11	83.976	1,516.11	83.7869	1,516.11	84.9616	1,516.11	84.6748	1,516.11	85.8156	1,516.11	85.6496	1,516.11	86.5524	1,516.11	86.4654	1,516.11	87.3092	1,516.11	87.1003	1,516.11	87.8153	1,516.11	87.8052	1,516.11	88.0777	1,516.11	88.4308	1,516.11	88.3775	1,516.11	88.6133
1,568.85	89.3608	1,568.85	88.7011	1,568.85	89.409	1,568.85	87.8529	1,568.85	88.8635	1,568.85	87.296	1,568.85	88.0249	1,568.85	86.9124	1,568.85	87.2295	1,568.85	86.1917	1,568.85	86.5331	1,568.85	85.0071	1,568.85	85.6389	1,568.85	83.7637	1,568.85	84.5614	1,568.85	82.9228	1,568.85	83.7337	1,568.85	82.6415	1,568.85	83.4477	1,568.85	82.9228	1,568.85	83.7337	1,568.85	83.7637	1,568.85	84.5614	1,568.85	85.0071	1,568.85	85.6389	1,568.85	86.1917	1,568.85	86.5331	1,568.85	86.9124	1,568.85	87.2295	1,568.85	87.296	1,568.85	88.0249	1,568.85	87.8529	1,568.85	88.8635	1,568.85	88.7011	1,568.85	89.409	1,568.85	89.3608
1,624.51	88.355	1,624.51	87.6602	1,624.51	88.2655	1,624.51	86.935	1,624.51	87.583	1,624.51	86.5947	1,624.51	87.0917	1,624.51	85.983	1,624.51	86.7726	1,624.51	84.6831	1,624.51	85.9375	1,624.51	83.2098	1,624.51	84.6565	1,624.51	82.0934	1,624.51	83.4892	1,624.51	81.3834	1,624.51	82.4237	1,624.51	81.1326	1,624.51	81.8748	1,624.51	81.3834	1,624.51	82.4237	1,624.51	82.0934	1,624.51	83.4892	1,624.51	83.2098	1,624.51	84.6565	1,624.51	84.6831	1,624.51	85.9375	1,624.51	85.983	1,624.51	86.7726	1,624.51	86.5947	1,624.51	87.0917	1,624.51	86.935	1,624.51	87.583	1,624.51	87.6602	1,624.51	88.2655	1,624.51	88.355
1,681.64	88.0117	1,681.64	87.1333	1,681.64	88.0331	1,681.64	86.1573	1,681.64	87.3814	1,681.64	85.579	1,681.64	86.7329	1,681.64	84.8521	1,681.64	86.0007	1,681.64	83.6593	1,681.64	84.8535	1,681.64	82.5797	1,681.64	83.7077	1,681.64	81.6307	1,681.64	82.7325	1,681.64	80.6016	1,681.64	81.6532	1,681.64	80.0969	1,681.64	81.0746	1,681.64	80.6016	1,681.64	81.6532	1,681.64	81.6307	1,681.64	82.7325	1,681.64	82.5797	1,681.64	83.7077	1,681.64	83.6593	1,681.64	84.8535	1,681.64	84.8521	1,681.64	86.0007	1,681.64	85.579	1,681.64	86.7329	1,681.64	86.1573	1,681.64	87.3814	1,681.64	87.1333	1,681.64	88.0331	1,681.64	88.0117
1,741.7	88.6481	1,741.7	87.9452	1,741.7	88.7206	1,741.7	87.0029	1,741.7	88.2031	1,741.7	86.0279	1,741.7	87.3769	1,741.7	84.9139	1,741.7	86.3049	1,741.7	83.8143	1,741.7	85.1738	1,741.7	82.9049	1,741.7	84.38	1,741.7	81.8606	1,741.7	83.6225	1,741.7	80.8231	1,741.7	82.5361	1,741.7	80.3889	1,741.7	81.8994	1,741.7	80.8231	1,741.7	82.5361	1,741.7	81.8606	1,741.7	83.6225	1,741.7	82.9049	1,741.7	84.38	1,741.7	83.8143	1,741.7	85.1738	1,741.7	84.9139	1,741.7	86.3049	1,741.7	86.0279	1,741.7	87.3769	1,741.7	87.0029	1,741.7	88.2031	1,741.7	87.9452	1,741.7	88.7206	1,741.7	88.6481
1,803.22	89.2753	1,803.22	88.744	1,803.22	89.2715	1,803.22	87.8215	1,803.22	88.8324	1,803.22	86.7394	1,803.22	87.9825	1,803.22	85.6669	1,803.22	86.7218	1,803.22	84.6314	1,803.22	85.4676	1,803.22	83.471	1,803.22	84.6104	1,803.22	82.1043	1,803.22	83.7248	1,803.22	80.8979	1,803.22	82.5991	1,803.22	80.4258	1,803.22	82.0041	1,803.22	80.8979	1,803.22	82.5991	1,803.22	82.1043	1,803.22	83.7248	1,803.22	83.471	1,803.22	84.6104	1,803.22	84.6314	1,803.22	85.4676	1,803.22	85.6669	1,803.22	86.7218	1,803.22	86.7394	1,803.22	87.9825	1,803.22	87.8215	1,803.22	88.8324	1,803.22	88.744	1,803.22	89.2715	1,803.22	89.2753
1,866.21	89.0149	1,866.21	88.4907	1,866.21	89.0014	1,866.21	87.5472	1,866.21	88.507	1,866.21	86.5416	1,866.21	87.5525	1,866.21	85.7239	1,866.21	86.2772	1,866.21	84.7971	1,866.21	85.2436	1,866.21	83.5161	1,866.21	84.516	1,866.21	81.9921	1,866.21	83.4143	1,866.21	80.7439	1,866.21	81.9333	1,866.21	80.3092	1,866.21	81.143	1,866.21	80.7439	1,866.21	81.9333	1,866.21	81.9921	1,866.21	83.4143	1,866.21	83.5161	1,866.21	84.516	1,866.21	84.7971	1,866.21	85.2436	1,866.21	85.7239	1,866.21	86.2772	1,866.21	86.5416	1,866.21	87.5525	1,866.21	87.5472	1,866.21	88.507	1,866.21	88.4907	1,866.21	89.0014	1,866.21	89.0149
1,932.13	88.2866	1,932.13	87.863	1,932.13	88.245	1,932.13	86.8412	1,932.13	87.8217	1,932.13	85.7757	1,932.13	86.7602	1,932.13	84.9227	1,932.13	85.4921	1,932.13	83.8047	1,932.13	84.6266	1,932.13	82.4133	1,932.13	83.6388	1,932.13	81.0079	1,932.13	82.2131	1,932.13	80.0039	1,932.13	80.662	1,932.13	79.683	1,932.13	79.8808	1,932.13	80.0039	1,932.13	80.662	1,932.13	81.0079	1,932.13	82.2131	1,932.13	82.4133	1,932.13	83.6388	1,932.13	83.8047	1,932.13	84.6266	1,932.13	84.9227	1,932.13	85.4921	1,932.13	85.7757	1,932.13	86.7602	1,932.13	86.8412	1,932.13	87.8217	1,932.13	87.863	1,932.13	88.245	1,932.13	88.2866
1,999.51	87.8899	1,999.51	87.3016	1,999.51	88.0731	1,999.51	86.1901	1,999.51	87.6401	1,999.51	85.1275	1,999.51	86.4234	1,999.51	84.1501	1,999.51	85.218	1,999.51	82.7682	1,999.51	84.2029	1,999.51	81.4523	1,999.51	83.0891	1,999.51	80.3156	1,999.51	81.8367	1,999.51	79.3349	1,999.51	80.36	1,999.51	78.9661	1,999.51	79.5584	1,999.51	79.3349	1,999.51	80.36	1,999.51	80.3156	1,999.51	81.8367	1,999.51	81.4523	1,999.51	83.0891	1,999.51	82.7682	1,999.51	84.2029	1,999.51	84.1501	1,999.51	85.218	1,999.51	85.1275	1,999.51	86.4234	1,999.51	86.1901	1,999.51	87.6401	1,999.51	87.3016	1,999.51	88.0731	1,999.51	87.8899
2,069.82	87.9595	2,069.82	87.1572	2,069.82	88.141	2,069.82	86.1199	2,069.82	87.5061	2,069.82	85.3222	2,069.82	86.2797	2,069.82	84.1491	2,069.82	85.1144	2,069.82	82.6873	2,069.82	84.0392	2,069.82	81.6072	2,069.82	82.7807	2,069.82	80.3147	2,069.82	81.4182	2,069.82	79.3061	2,069.82	80.2061	2,069.82	79.0191	2,069.82	79.671	2,069.82	79.3061	2,069.82	80.2061	2,069.82	80.3147	2,069.82	81.4182	2,069.82	81.6072	2,069.82	82.7807	2,069.82	82.6873	2,069.82	84.0392	2,069.82	84.1491	2,069.82	85.1144	2,069.82	85.3222	2,069.82	86.2797	2,069.82	86.1199	2,069.82	87.5061	2,069.82	87.1572	2,069.82	88.141	2,069.82	87.9595
2,143.07	87.517	2,143.07	86.7637	2,143.07	87.6131	2,143.07	85.871	2,143.07	86.8669	2,143.07	85.0074	2,143.07	85.6506	2,143.07	83.7178	2,143.07	84.5849	2,143.07	82.5997	2,143.07	83.3215	2,143.07	81.6014	2,143.07	82.055	2,143.07	80.0107	2,143.07	80.8126	2,143.07	78.7202	2,143.07	79.4739	2,143.07	78.293	2,143.07	78.9251	2,143.07	78.7202	2,143.07	79.4739	2,143.07	80.0107	2,143.07	80.8126	2,143.07	81.6014	2,143.07	82.055	2,143.07	82.5997	2,143.07	83.3215	2,143.07	83.7178	2,143.07	84.5849	2,143.07	85.0074	2,143.07	85.6506	2,143.07	85.871	2,143.07	86.8669	2,143.07	86.7637	2,143.07	87.6131	2,143.07	87.517
2,219.24	86.5071	2,219.24	85.6301	2,219.24	86.6431	2,219.24	84.8099	2,219.24	85.8475	2,219.24	83.7277	2,219.24	84.7932	2,219.24	82.3058	2,219.24	83.3646	2,219.24	81.6664	2,219.24	81.9397	2,219.24	80.8575	2,219.24	81.2599	2,219.24	79.12	2,219.24	79.9675	2,219.24	77.6093	2,219.24	78.3639	2,219.24	76.9907	2,219.24	77.7708	2,219.24	77.6093	2,219.24	78.3639	2,219.24	79.12	2,219.24	79.9675	2,219.24	80.8575	2,219.24	81.2599	2,219.24	81.6664	2,219.24	81.9397	2,219.24	82.3058	2,219.24	83.3646	2,219.24	83.7277	2,219.24	84.7932	2,219.24	84.8099	2,219.24	85.8475	2,219.24	85.6301	2,219.24	86.6431	2,219.24	86.5071
2,296.88	86.8329	2,296.88	85.9324	2,296.88	87.0408	2,296.88	85.2716	2,296.88	86.3636	2,296.88	84.0211	2,296.88	85.1743	2,296.88	82.447	2,296.88	83.4562	2,296.88	81.7507	2,296.88	82.3613	2,296.88	80.6277	2,296.88	81.6828	2,296.88	79.1123	2,296.88	79.9366	2,296.88	78.0973	2,296.88	78.2199	2,296.88	77.7234	2,296.88	77.8501	2,296.88	78.0973	2,296.88	78.2199	2,296.88	79.1123	2,296.88	79.9366	2,296.88	80.6277	2,296.88	81.6828	2,296.88	81.7507	2,296.88	82.3613	2,296.88	82.447	2,296.88	83.4562	2,296.88	84.0211	2,296.88	85.1743	2,296.88	85.2716	2,296.88	86.3636	2,296.88	85.9324	2,296.88	87.0408	2,296.88	86.8329
2,378.91	87.545	2,378.91	86.8744	2,378.91	87.5722	2,378.91	86.2145	2,378.91	86.6769	2,378.91	84.9919	2,378.91	85.4286	2,378.91	83.6773	2,378.91	83.8552	2,378.91	82.7427	2,378.91	83.0938	2,378.91	81.3669	2,378.91	82.3076	2,378.91	80.051	2,378.91	80.1867	2,378.91	79.1486	2,378.91	78.4673	2,378.91	78.7219	2,378.91	78.2506	2,378.91	79.1486	2,378.91	78.4673	2,378.91	80.051	2,378.91	80.1867	2,378.91	81.3669	2,378.91	82.3076	2,378.91	82.7427	2,378.91	83.0938	2,378.91	83.6773	2,378.91	83.8552	2,378.91	84.9919	2,378.91	85.4286	2,378.91	86.2145	2,378.91	86.6769	2,378.91	86.8744	2,378.91	87.5722	2,378.91	87.545
2,462.4	86.8559	2,462.4	86.3138	2,462.4	86.887	2,462.4	85.6255	2,462.4	86.1957	2,462.4	84.5461	2,462.4	84.7423	2,462.4	83.5877	2,462.4	83.2839	2,462.4	82.676	2,462.4	82.5744	2,462.4	81.2432	2,462.4	81.4053	2,462.4	79.9762	2,462.4	79.5564	2,462.4	78.9162	2,462.4	78.267	2,462.4	78.5373	2,462.4	78.2978	2,462.4	78.9162	2,462.4	78.267	2,462.4	79.9762	2,462.4	79.5564	2,462.4	81.2432	2,462.4	81.4053	2,462.4	82.676	2,462.4	82.5744	2,462.4	83.5877	2,462.4	83.2839	2,462.4	84.5461	2,462.4	84.7423	2,462.4	85.6255	2,462.4	86.1957	2,462.4	86.3138	2,462.4	86.887	2,462.4	86.8559
2,548.83	86.8469	2,548.83	86.2732	2,548.83	86.9173	2,548.83	85.4265	2,548.83	86.2327	2,548.83	84.5198	2,548.83	84.9516	2,548.83	83.1886	2,548.83	83.8523	2,548.83	82.1368	2,548.83	82.8672	2,548.83	81.2668	2,548.83	81.8965	2,548.83	80.1113	2,548.83	80.3847	2,548.83	79.0976	2,548.83	79.0153	2,548.83	78.669	2,548.83	78.888	2,548.83	79.0976	2,548.83	79.0153	2,548.83	80.1113	2,548.83	80.3847	2,548.83	81.2668	2,548.83	81.8965	2,548.83	82.1368	2,548.83	82.8672	2,548.83	83.1886	2,548.83	83.8523	2,548.83	84.5198	2,548.83	84.9516	2,548.83	85.4265	2,548.83	86.2327	2,548.83	86.2732	2,548.83	86.9173	2,548.83	86.8469
2,639.65	87.7193	2,639.65	87.2683	2,639.65	87.8721	2,639.65	86.7876	2,639.65	87.417	2,639.65	85.9272	2,639.65	86.0862	2,639.65	84.4759	2,639.65	84.866	2,639.65	83.6952	2,639.65	83.8917	2,639.65	82.7252	2,639.65	83.3075	2,639.65	81.2662	2,639.65	81.683	2,639.65	79.8136	2,639.65	80.0195	2,639.65	79.3129	2,639.65	79.8458	2,639.65	79.8136	2,639.65	80.0195	2,639.65	81.2662	2,639.65	81.683	2,639.65	82.7252	2,639.65	83.3075	2,639.65	83.6952	2,639.65	83.8917	2,639.65	84.4759	2,639.65	84.866	2,639.65	85.9272	2,639.65	86.0862	2,639.65	86.7876	2,639.65	87.417	2,639.65	87.2683	2,639.65	87.8721	2,639.65	87.7193
2,731.93	87.4381	2,731.93	86.9342	2,731.93	87.682	2,731.93	86.4243	2,731.93	87.0627	2,731.93	85.5164	2,731.93	85.9833	2,731.93	84.1167	2,731.93	84.6526	2,731.93	83.6589	2,731.93	83.6844	2,731.93	82.5078	2,731.93	82.9976	2,731.93	81.016	2,731.93	80.9891	2,731.93	79.616	2,731.93	79.1633	2,731.93	78.7792	2,731.93	78.9218	2,731.93	79.616	2,731.93	79.1633	2,731.93	81.016	2,731.93	80.9891	2,731.93	82.5078	2,731.93	82.9976	2,731.93	83.6589	2,731.93	83.6844	2,731.93	84.1167	2,731.93	84.6526	2,731.93	85.5164	2,731.93	85.9833	2,731.93	86.4243	2,731.93	87.0627	2,731.93	86.9342	2,731.93	87.682	2,731.93	87.4381
2,828.61	87.2136	2,828.61	86.6109	2,828.61	87.5367	2,828.61	86.2747	2,828.61	87.1328	2,828.61	84.9622	2,828.61	86.2873	2,828.61	83.8193	2,828.61	84.8757	2,828.61	82.6381	2,828.61	84.1198	2,828.61	81.0193	2,828.61	83.015	2,828.61	79.5383	2,828.61	80.7193	2,828.61	78.0434	2,828.61	78.8433	2,828.61	77.4074	2,828.61	78.5927	2,828.61	78.0434	2,828.61	78.8433	2,828.61	79.5383	2,828.61	80.7193	2,828.61	81.0193	2,828.61	83.015	2,828.61	82.6381	2,828.61	84.1198	2,828.61	83.8193	2,828.61	84.8757	2,828.61	84.9622	2,828.61	86.2873	2,828.61	86.2747	2,828.61	87.1328	2,828.61	86.6109	2,828.61	87.5367	2,828.61	87.2136
2,928.22	88.1024	2,928.22	87.4549	2,928.22	88.404	2,928.22	87.035	2,928.22	88.016	2,928.22	85.7553	2,928.22	87.0665	2,928.22	84.5018	2,928.22	85.6741	2,928.22	82.7525	2,928.22	84.9652	2,928.22	81.145	2,928.22	83.5671	2,928.22	79.4724	2,928.22	81.4105	2,928.22	78.0512	2,928.22	79.6901	2,928.22	77.267	2,928.22	79.3341	2,928.22	78.0512	2,928.22	79.6901	2,928.22	79.4724	2,928.22	81.4105	2,928.22	81.145	2,928.22	83.5671	2,928.22	82.7525	2,928.22	84.9652	2,928.22	84.5018	2,928.22	85.6741	2,928.22	85.7553	2,928.22	87.0665	2,928.22	87.035	2,928.22	88.016	2,928.22	87.4549	2,928.22	88.404	2,928.22	88.1024
3,030.76	88.1304	3,030.76	87.6958	3,030.76	88.5184	3,030.76	87.3379	3,030.76	88.3111	3,030.76	85.8944	3,030.76	87.2476	3,030.76	84.2934	3,030.76	85.8262	3,030.76	82.3561	3,030.76	84.6505	3,030.76	81.1581	3,030.76	83.3791	3,030.76	79.2285	3,030.76	81.3046	3,030.76	77.6827	3,030.76	79.7008	3,030.76	76.8535	3,030.76	79.1356	3,030.76	77.6827	3,030.76	79.7008	3,030.76	79.2285	3,030.76	81.3046	3,030.76	81.1581	3,030.76	83.3791	3,030.76	82.3561	3,030.76	84.6505	3,030.76	84.2934	3,030.76	85.8262	3,030.76	85.8944	3,030.76	87.2476	3,030.76	87.3379	3,030.76	88.3111	3,030.76	87.6958	3,030.76	88.5184	3,030.76	88.1304
3,137.7	87.6837	3,137.7	87.2457	3,137.7	88.1128	3,137.7	86.7725	3,137.7	87.8254	3,137.7	85.3458	3,137.7	86.6092	3,137.7	83.424	3,137.7	85.1214	3,137.7	81.5672	3,137.7	83.8144	3,137.7	80.1195	3,137.7	82.7043	3,137.7	78.3098	3,137.7	80.1966	3,137.7	76.7669	3,137.7	78.4271	3,137.7	76.0736	3,137.7	77.6395	3,137.7	76.7669	3,137.7	78.4271	3,137.7	78.3098	3,137.7	80.1966	3,137.7	80.1195	3,137.7	82.7043	3,137.7	81.5672	3,137.7	83.8144	3,137.7	83.424	3,137.7	85.1214	3,137.7	85.3458	3,137.7	86.6092	3,137.7	86.7725	3,137.7	87.8254	3,137.7	87.2457	3,137.7	88.1128	3,137.7	87.6837
3,249.02	87.3271	3,249.02	86.8334	3,249.02	87.6599	3,249.02	86.368	3,249.02	87.494	3,249.02	84.627	3,249.02	86.235	3,249.02	82.8383	3,249.02	84.5588	3,249.02	81.0254	3,249.02	83.3918	3,249.02	79.3189	3,249.02	82.1562	3,249.02	77.8553	3,249.02	79.4281	3,249.02	76.5376	3,249.02	77.8	3,249.02	75.9887	3,249.02	76.5688	3,249.02	76.5376	3,249.02	77.8	3,249.02	77.8553	3,249.02	79.4281	3,249.02	79.3189	3,249.02	82.1562	3,249.02	81.0254	3,249.02	83.3918	3,249.02	82.8383	3,249.02	84.5588	3,249.02	84.627	3,249.02	86.235	3,249.02	86.368	3,249.02	87.494	3,249.02	86.8334	3,249.02	87.6599	3,249.02	87.3271
3,363.28	87.416	3,363.28	86.9614	3,363.28	87.7811	3,363.28	86.4881	3,363.28	87.3544	3,363.28	84.6541	3,363.28	86.0303	3,363.28	82.8633	3,363.28	84.1532	3,363.28	80.8806	3,363.28	83.0414	3,363.28	79.4026	3,363.28	81.2535	3,363.28	78.2411	3,363.28	78.7012	3,363.28	76.6792	3,363.28	77.7914	3,363.28	76.6074	3,363.28	76.3163	3,363.28	76.6792	3,363.28	77.7914	3,363.28	78.2411	3,363.28	78.7012	3,363.28	79.4026	3,363.28	81.2535	3,363.28	80.8806	3,363.28	83.0414	3,363.28	82.8633	3,363.28	84.1532	3,363.28	84.6541	3,363.28	86.0303	3,363.28	86.4881	3,363.28	87.3544	3,363.28	86.9614	3,363.28	87.7811	3,363.28	87.416
3,481.93	86.9868	3,481.93	86.5885	3,481.93	87.4246	3,481.93	86.1546	3,481.93	87.2157	3,481.93	84.2761	3,481.93	85.9037	3,481.93	82.3334	3,481.93	84.1089	3,481.93	80.157	3,481.93	82.8049	3,481.93	78.51	3,481.93	80.8821	3,481.93	77.4134	3,481.93	78.7456	3,481.93	76.1024	3,481.93	77.8479	3,481.93	75.9556	3,481.93	76.4992	3,481.93	76.1024	3,481.93	77.8479	3,481.93	77.4134	3,481.93	78.7456	3,481.93	78.51	3,481.93	80.8821	3,481.93	80.157	3,481.93	82.8049	3,481.93	82.3334	3,481.93	84.1089	3,481.93	84.2761	3,481.93	85.9037	3,481.93	86.1546	3,481.93	87.2157	3,481.93	86.5885	3,481.93	87.4246	3,481.93	86.9868
3,604.98	87.0296	3,604.98	86.8632	3,604.98	87.418	3,604.98	86.2554	3,604.98	87.303	3,604.98	84.6774	3,604.98	85.9062	3,604.98	82.4197	3,604.98	84.1118	3,604.98	80.6839	3,604.98	82.6602	3,604.98	78.8107	3,604.98	80.9788	3,604.98	77.9351	3,604.98	78.2703	3,604.98	76.3242	3,604.98	77.4553	3,604.98	76.0656	3,604.98	76.3927	3,604.98	76.3242	3,604.98	77.4553	3,604.98	77.9351	3,604.98	78.2703	3,604.98	78.8107	3,604.98	80.9788	3,604.98	80.6839	3,604.98	82.6602	3,604.98	82.4197	3,604.98	84.1118	3,604.98	84.6774	3,604.98	85.9062	3,604.98	86.2554	3,604.98	87.303	3,604.98	86.8632	3,604.98	87.418	3,604.98	87.0296
3,732.42	86.9474	3,732.42	86.8552	3,732.42	87.4581	3,732.42	86.2783	3,732.42	87.3564	3,732.42	84.5689	3,732.42	85.9775	3,732.42	82.3146	3,732.42	84.3214	3,732.42	80.8412	3,732.42	83.0658	3,732.42	78.9077	3,732.42	80.9025	3,732.42	77.6689	3,732.42	79.0172	3,732.42	76.5159	3,732.42	77.649	3,732.42	76.1616	3,732.42	76.7395	3,732.42	76.5159	3,732.42	77.649	3,732.42	77.6689	3,732.42	79.0172	3,732.42	78.9077	3,732.42	80.9025	3,732.42	80.8412	3,732.42	83.0658	3,732.42	82.3146	3,732.42	84.3214	3,732.42	84.5689	3,732.42	85.9775	3,732.42	86.2783	3,732.42	87.3564	3,732.42	86.8552	3,732.42	87.4581	3,732.42	86.9474
3,864.26	86.9482	3,864.26	86.9862	3,864.26	87.5423	3,864.26	86.3495	3,864.26	87.4787	3,864.26	84.7382	3,864.26	86.0298	3,864.26	82.7844	3,864.26	84.1006	3,864.26	81.0083	3,864.26	83.123	3,864.26	79.7933	3,864.26	80.6364	3,864.26	78.0338	3,864.26	78.851	3,864.26	76.4863	3,864.26	77.6552	3,864.26	75.8838	3,864.26	76.5268	3,864.26	76.4863	3,864.26	77.6552	3,864.26	78.0338	3,864.26	78.851	3,864.26	79.7933	3,864.26	80.6364	3,864.26	81.0083	3,864.26	83.123	3,864.26	82.7844	3,864.26	84.1006	3,864.26	84.7382	3,864.26	86.0298	3,864.26	86.3495	3,864.26	87.4787	3,864.26	86.9862	3,864.26	87.5423	3,864.26	86.9482
4,000.49	87.1801	4,000.49	87.0102	4,000.49	87.6579	4,000.49	86.2211	4,000.49	87.4208	4,000.49	84.4876	4,000.49	85.9078	4,000.49	82.3	4,000.49	84.1354	4,000.49	80.6816	4,000.49	82.9181	4,000.49	79.1846	4,000.49	80.1891	4,000.49	77.8738	4,000.49	78.8653	4,000.49	76.6604	4,000.49	76.9154	4,000.49	76.0281	4,000.49	76.3231	4,000.49	76.6604	4,000.49	76.9154	4,000.49	77.8738	4,000.49	78.8653	4,000.49	79.1846	4,000.49	80.1891	4,000.49	80.6816	4,000.49	82.9181	4,000.49	82.3	4,000.49	84.1354	4,000.49	84.4876	4,000.49	85.9078	4,000.49	86.2211	4,000.49	87.4208	4,000.49	87.0102	4,000.49	87.6579	4,000.49	87.1801
4,141.11	87.6283	4,141.11	87.5321	4,141.11	88.2053	4,141.11	86.6207	4,141.11	87.8944	4,141.11	85.1325	4,141.11	86.1495	4,141.11	82.8176	4,141.11	84.2717	4,141.11	81.2841	4,141.11	83.5337	4,141.11	79.4363	4,141.11	80.6339	4,141.11	78.3662	4,141.11	79.0904	4,141.11	77.0719	4,141.11	77.3091	4,141.11	76.411	4,141.11	76.8623	4,141.11	77.0719	4,141.11	77.3091	4,141.11	78.3662	4,141.11	79.0904	4,141.11	79.4363	4,141.11	80.6339	4,141.11	81.2841	4,141.11	83.5337	4,141.11	82.8176	4,141.11	84.2717	4,141.11	85.1325	4,141.11	86.1495	4,141.11	86.6207	4,141.11	87.8944	4,141.11	87.5321	4,141.11	88.2053	4,141.11	87.6283
4,287.6	87.5922	4,287.6	87.5788	4,287.6	88.2336	4,287.6	86.4458	4,287.6	87.9623	4,287.6	85.0023	4,287.6	86.0819	4,287.6	83.1298	4,287.6	84.3109	4,287.6	81.5339	4,287.6	83.794	4,287.6	79.7512	4,287.6	80.7158	4,287.6	77.8571	4,287.6	79.1898	4,287.6	77.0628	4,287.6	76.7303	4,287.6	74.9165	4,287.6	76.3539	4,287.6	77.0628	4,287.6	76.7303	4,287.6	77.8571	4,287.6	79.1898	4,287.6	79.7512	4,287.6	80.7158	4,287.6	81.5339	4,287.6	83.794	4,287.6	83.1298	4,287.6	84.3109	4,287.6	85.0023	4,287.6	86.0819	4,287.6	86.4458	4,287.6	87.9623	4,287.6	87.5788	4,287.6	88.2336	4,287.6	87.5922
4,438.48	87.4095	4,438.48	87.1387	4,438.48	88.035	4,438.48	85.9932	4,438.48	87.5229	4,438.48	84.3108	4,438.48	85.445	4,438.48	82.3783	4,438.48	83.6982	4,438.48	80.8535	4,438.48	83.1319	4,438.48	78.8908	4,438.48	80.1955	4,438.48	77.4688	4,438.48	78.3176	4,438.48	76.362	4,438.48	76.3376	4,438.48	75.3257	4,438.48	74.8456	4,438.48	76.362	4,438.48	76.3376	4,438.48	77.4688	4,438.48	78.3176	4,438.48	78.8908	4,438.48	80.1955	4,438.48	80.8535	4,438.48	83.1319	4,438.48	82.3783	4,438.48	83.6982	4,438.48	84.3108	4,438.48	85.445	4,438.48	85.9932	4,438.48	87.5229	4,438.48	87.1387	4,438.48	88.035	4,438.48	87.4095
4,595.21	87.6943	4,595.21	87.4149	4,595.21	88.2992	4,595.21	86.2723	4,595.21	87.7322	4,595.21	85.1205	4,595.21	85.7295	4,595.21	83.1201	4,595.21	84.2249	4,595.21	81.1182	4,595.21	83.62	4,595.21	78.7378	4,595.21	80.5099	4,595.21	77.1883	4,595.21	78.5971	4,595.21	76.5739	4,595.21	76.942	4,595.21	75.5891	4,595.21	75.44	4,595.21	76.5739	4,595.21	76.942	4,595.21	77.1883	4,595.21	78.5971	4,595.21	78.7378	4,595.21	80.5099	4,595.21	81.1182	4,595.21	83.62	4,595.21	83.1201	4,595.21	84.2249	4,595.21	85.1205	4,595.21	85.7295	4,595.21	86.2723	4,595.21	87.7322	4,595.21	87.4149	4,595.21	88.2992	4,595.21	87.6943
4,756.35	87.2668	4,756.35	86.8207	4,756.35	87.8563	4,756.35	85.8194	4,756.35	87.1166	4,756.35	84.6652	4,756.35	85.301	4,756.35	83.138	4,756.35	83.9377	4,756.35	80.9321	4,756.35	83.5546	4,756.35	78.7442	4,756.35	80.4096	4,756.35	76.6957	4,756.35	78.0712	4,756.35	75.9711	4,756.35	76.4518	4,756.35	75.0119	4,756.35	74.4616	4,756.35	75.9711	4,756.35	76.4518	4,756.35	76.6957	4,756.35	78.0712	4,756.35	78.7442	4,756.35	80.4096	4,756.35	80.9321	4,756.35	83.5546	4,756.35	83.138	4,756.35	83.9377	4,756.35	84.6652	4,756.35	85.301	4,756.35	85.8194	4,756.35	87.1166	4,756.35	86.8207	4,756.35	87.8563	4,756.35	87.2668
4,924.8	87.8847	4,924.8	87.4844	4,924.8	88.5594	4,924.8	86.4896	4,924.8	87.7884	4,924.8	85.5297	4,924.8	85.9607	4,924.8	84.0463	4,924.8	84.8229	4,924.8	81.9739	4,924.8	83.7686	4,924.8	79.6717	4,924.8	80.8112	4,924.8	77.3067	4,924.8	78.1415	4,924.8	75.8701	4,924.8	75.8363	4,924.8	75.8431	4,924.8	74.6028	4,924.8	75.8701	4,924.8	75.8363	4,924.8	77.3067	4,924.8	78.1415	4,924.8	79.6717	4,924.8	80.8112	4,924.8	81.9739	4,924.8	83.7686	4,924.8	84.0463	4,924.8	84.8229	4,924.8	85.5297	4,924.8	85.9607	4,924.8	86.4896	4,924.8	87.7884	4,924.8	87.4844	4,924.8	88.5594	4,924.8	87.8847
5,097.66	87.3671	5,097.66	86.7015	5,097.66	88.0727	5,097.66	85.7992	5,097.66	87.0032	5,097.66	84.9827	5,097.66	85.3377	5,097.66	82.7121	5,097.66	84.4703	5,097.66	80.2711	5,097.66	83.1576	5,097.66	78.6833	5,097.66	79.8514	5,097.66	76.0053	5,097.66	78.077	5,097.66	75.0124	5,097.66	75.603	5,097.66	74.0234	5,097.66	74.7495	5,097.66	75.0124	5,097.66	75.603	5,097.66	76.0053	5,097.66	78.077	5,097.66	78.6833	5,097.66	79.8514	5,097.66	80.2711	5,097.66	83.1576	5,097.66	82.7121	5,097.66	84.4703	5,097.66	84.9827	5,097.66	85.3377	5,097.66	85.7992	5,097.66	87.0032	5,097.66	86.7015	5,097.66	88.0727	5,097.66	87.3671
5,277.83	88.1168	5,277.83	87.4897	5,277.83	88.773	5,277.83	86.7041	5,277.83	87.56	5,277.83	85.6462	5,277.83	86.0681	5,277.83	83.3299	5,277.83	85.0166	5,277.83	80.6195	5,277.83	83.3953	5,277.83	78.978	5,277.83	80.0561	5,277.83	77.1117	5,277.83	77.7592	5,277.83	75.7494	5,277.83	75.6716	5,277.83	75.6979	5,277.83	75.2245	5,277.83	75.7494	5,277.83	75.6716	5,277.83	77.1117	5,277.83	77.7592	5,277.83	78.978	5,277.83	80.0561	5,277.83	80.6195	5,277.83	83.3953	5,277.83	83.3299	5,277.83	85.0166	5,277.83	85.6462	5,277.83	86.0681	5,277.83	86.7041	5,277.83	87.56	5,277.83	87.4897	5,277.83	88.773	5,277.83	88.1168
5,463.87	87.5404	5,463.87	86.8318	5,463.87	88.3214	5,463.87	86.143	5,463.87	87.0446	5,463.87	84.8959	5,463.87	85.5239	5,463.87	82.4455	5,463.87	84.27	5,463.87	80.2695	5,463.87	82.6473	5,463.87	79.4506	5,463.87	80.0462	5,463.87	78.0611	5,463.87	78.151	5,463.87	76.0785	5,463.87	76.5542	5,463.87	75.9497	5,463.87	76.2339	5,463.87	76.0785	5,463.87	76.5542	5,463.87	78.0611	5,463.87	78.151	5,463.87	79.4506	5,463.87	80.0462	5,463.87	80.2695	5,463.87	82.6473	5,463.87	82.4455	5,463.87	84.27	5,463.87	84.8959	5,463.87	85.5239	5,463.87	86.143	5,463.87	87.0446	5,463.87	86.8318	5,463.87	88.3214	5,463.87	87.5404
5,657.23	87.1123	5,657.23	86.3388	5,657.23	87.9208	5,657.23	85.7528	5,657.23	86.5081	5,657.23	84.5726	5,657.23	85.0902	5,657.23	82.0809	5,657.23	84.0765	5,657.23	80.0649	5,657.23	82.6201	5,657.23	79.7571	5,657.23	80.2611	5,657.23	78.0522	5,657.23	78.4251	5,657.23	75.9254	5,657.23	76.0711	5,657.23	75.0323	5,657.23	75.4583	5,657.23	75.9254	5,657.23	76.0711	5,657.23	78.0522	5,657.23	78.4251	5,657.23	79.7571	5,657.23	80.2611	5,657.23	80.0649	5,657.23	82.6201	5,657.23	82.0809	5,657.23	84.0765	5,657.23	84.5726	5,657.23	85.0902	5,657.23	85.7528	5,657.23	86.5081	5,657.23	86.3388	5,657.23	87.9208	5,657.23	87.1123
5,856.45	86.7229	5,856.45	86.1251	5,856.45	87.5235	5,856.45	85.3556	5,856.45	86.0973	5,856.45	83.7666	5,856.45	84.6077	5,856.45	82.4038	5,856.45	83.3655	5,856.45	80.6821	5,856.45	82.2333	5,856.45	79.4228	5,856.45	80.7886	5,856.45	78.7935	5,856.45	78.7049	5,856.45	75.8531	5,856.45	75.9522	5,856.45	75.5152	5,856.45	75.4681	5,856.45	75.8531	5,856.45	75.9522	5,856.45	78.7935	5,856.45	78.7049	5,856.45	79.4228	5,856.45	80.7886	5,856.45	80.6821	5,856.45	82.2333	5,856.45	82.4038	5,856.45	83.3655	5,856.45	83.7666	5,856.45	84.6077	5,856.45	85.3556	5,856.45	86.0973	5,856.45	86.1251	5,856.45	87.5235	5,856.45	86.7229
6,062.99	86.807	6,062.99	86.5048	6,062.99	87.5489	6,062.99	85.3944	6,062.99	86.4494	6,062.99	83.6063	6,062.99	84.2722	6,062.99	82.4405	6,062.99	83.0659	6,062.99	80.562	6,062.99	82.4535	6,062.99	79.2322	6,062.99	80.3848	6,062.99	77.6382	6,062.99	78.5947	6,062.99	75.9764	6,062.99	75.4359	6,062.99	73.6485	6,062.99	74.9587	6,062.99	75.9764	6,062.99	75.4359	6,062.99	77.6382	6,062.99	78.5947	6,062.99	79.2322	6,062.99	80.3848	6,062.99	80.562	6,062.99	82.4535	6,062.99	82.4405	6,062.99	83.0659	6,062.99	83.6063	6,062.99	84.2722	6,062.99	85.3944	6,062.99	86.4494	6,062.99	86.5048	6,062.99	87.5489	6,062.99	86.807
6,276.86	86.7678	6,276.86	86.7115	6,276.86	87.6981	6,276.86	85.0075	6,276.86	86.4197	6,276.86	83.3766	6,276.86	83.7845	6,276.86	81.9973	6,276.86	82.6096	6,276.86	79.7489	6,276.86	81.9695	6,276.86	77.0716	6,276.86	79.7753	6,276.86	75.5611	6,276.86	77.1222	6,276.86	73.1279	6,276.86	73.9777	6,276.86	73.2264	6,276.86	72.223	6,276.86	73.1279	6,276.86	73.9777	6,276.86	75.5611	6,276.86	77.1222	6,276.86	77.0716	6,276.86	79.7753	6,276.86	79.7489	6,276.86	81.9695	6,276.86	81.9973	6,276.86	82.6096	6,276.86	83.3766	6,276.86	83.7845	6,276.86	85.0075	6,276.86	86.4197	6,276.86	86.7115	6,276.86	87.6981	6,276.86	86.7678
6,498.05	87.1832	6,498.05	87.0914	6,498.05	88.0942	6,498.05	85.3943	6,498.05	86.8108	6,498.05	83.7132	6,498.05	84.0101	6,498.05	82.3375	6,498.05	83.0433	6,498.05	79.004	6,498.05	82.0485	6,498.05	75.889	6,498.05	78.9985	6,498.05	75.3792	6,498.05	76.2977	6,498.05	74.2801	6,498.05	72.8501	6,498.05	72.6183	6,498.05	72.0961	6,498.05	74.2801	6,498.05	72.8501	6,498.05	75.3792	6,498.05	76.2977	6,498.05	75.889	6,498.05	78.9985	6,498.05	79.004	6,498.05	82.0485	6,498.05	82.3375	6,498.05	83.0433	6,498.05	83.7132	6,498.05	84.0101	6,498.05	85.3943	6,498.05	86.8108	6,498.05	87.0914	6,498.05	88.0942	6,498.05	87.1832
6,726.56	87.395	6,726.56	87.6834	6,726.56	88.446	6,726.56	85.921	6,726.56	87.3832	6,726.56	84.3936	6,726.56	84.4068	6,726.56	82.9773	6,726.56	83.8919	6,726.56	80.121	6,726.56	82.7515	6,726.56	76.5123	6,726.56	79.127	6,726.56	76.3617	6,726.56	77.5595	6,726.56	74.9744	6,726.56	75.1286	6,726.56	75.1097	6,726.56	73.715	6,726.56	74.9744	6,726.56	75.1286	6,726.56	76.3617	6,726.56	77.5595	6,726.56	76.5123	6,726.56	79.127	6,726.56	80.121	6,726.56	82.7515	6,726.56	82.9773	6,726.56	83.8919	6,726.56	84.3936	6,726.56	84.4068	6,726.56	85.921	6,726.56	87.3832	6,726.56	87.6834	6,726.56	88.446	6,726.56	87.395
6,963.87	87.2589	6,963.87	87.7599	6,963.87	88.3258	6,963.87	85.5897	6,963.87	87.3076	6,963.87	84.3776	6,963.87	84.1818	6,963.87	83.4597	6,963.87	84.1124	6,963.87	80.3975	6,963.87	82.8413	6,963.87	77.943	6,963.87	79.3997	6,963.87	78.0685	6,963.87	78.5066	6,963.87	77.2144	6,963.87	76.8114	6,963.87	75.3077	6,963.87	74.7011	6,963.87	77.2144	6,963.87	76.8114	6,963.87	78.0685	6,963.87	78.5066	6,963.87	77.943	6,963.87	79.3997	6,963.87	80.3975	6,963.87	82.8413	6,963.87	83.4597	6,963.87	84.1124	6,963.87	84.3776	6,963.87	84.1818	6,963.87	85.5897	6,963.87	87.3076	6,963.87	87.7599	6,963.87	88.3258	6,963.87	87.2589
7,209.96	87.133	7,209.96	87.5929	7,209.96	88.1259	7,209.96	85.3118	7,209.96	87.1612	7,209.96	84.6497	7,209.96	83.9941	7,209.96	83.4377	7,209.96	84.2979	7,209.96	81.3313	7,209.96	82.7468	7,209.96	78.4594	7,209.96	80.0436	7,209.96	77.3543	7,209.96	78.9854	7,209.96	75.4309	7,209.96	77.0381	7,209.96	75.0519	7,209.96	75.0831	7,209.96	75.4309	7,209.96	77.0381	7,209.96	77.3543	7,209.96	78.9854	7,209.96	78.4594	7,209.96	80.0436	7,209.96	81.3313	7,209.96	82.7468	7,209.96	83.4377	7,209.96	84.2979	7,209.96	84.6497	7,209.96	83.9941	7,209.96	85.3118	7,209.96	87.1612	7,209.96	87.5929	7,209.96	88.1259	7,209.96	87.133
7,464.84	87.0496	7,464.84	87.5015	7,464.84	88.1442	7,464.84	85.5804	7,464.84	87.0344	7,464.84	84.656	7,464.84	84.1405	7,464.84	83.1222	7,464.84	83.9703	7,464.84	81.2615	7,464.84	82.3057	7,464.84	78.3582	7,464.84	79.6442	7,464.84	77.5401	7,464.84	78.7841	7,464.84	75.9691	7,464.84	76.4762	7,464.84	75.2707	7,464.84	75.4063	7,464.84	75.9691	7,464.84	76.4762	7,464.84	77.5401	7,464.84	78.7841	7,464.84	78.3582	7,464.84	79.6442	7,464.84	81.2615	7,464.84	82.3057	7,464.84	83.1222	7,464.84	83.9703	7,464.84	84.656	7,464.84	84.1405	7,464.84	85.5804	7,464.84	87.0344	7,464.84	87.5015	7,464.84	88.1442	7,464.84	87.0496
7,727.05	86.9467	7,727.05	87.3624	7,727.05	88.0236	7,727.05	85.66	7,727.05	86.814	7,727.05	84.1986	7,727.05	84.2345	7,727.05	82.9235	7,727.05	83.7378	7,727.05	81.4059	7,727.05	81.9634	7,727.05	78.4128	7,727.05	79.9249	7,727.05	76.9103	7,727.05	78.5415	7,727.05	75.0105	7,727.05	76.6105	7,727.05	73.5641	7,727.05	74.8171	7,727.05	75.0105	7,727.05	76.6105	7,727.05	76.9103	7,727.05	78.5415	7,727.05	78.4128	7,727.05	79.9249	7,727.05	81.4059	7,727.05	81.9634	7,727.05	82.9235	7,727.05	83.7378	7,727.05	84.1986	7,727.05	84.2345	7,727.05	85.66	7,727.05	86.814	7,727.05	87.3624	7,727.05	88.0236	7,727.05	86.9467
7,999.51	87.102	7,999.51	87.3711	7,999.51	88.0577	7,999.51	85.9774	7,999.51	86.8281	7,999.51	84.3353	7,999.51	84.5677	7,999.51	83.3053	7,999.51	83.6541	7,999.51	81.5307	7,999.51	82.376	7,999.51	77.1631	7,999.51	79.7592	7,999.51	76.1854	7,999.51	77.3908	7,999.51	75.3082	7,999.51	76.3166	7,999.51	74.3062	7,999.51	74.9984	7,999.51	75.3082	7,999.51	76.3166	7,999.51	76.1854	7,999.51	77.3908	7,999.51	77.1631	7,999.51	79.7592	7,999.51	81.5307	7,999.51	82.376	7,999.51	83.3053	7,999.51	83.6541	7,999.51	84.3353	7,999.51	84.5677	7,999.51	85.9774	7,999.51	86.8281	7,999.51	87.3711	7,999.51	88.0577	7,999.51	87.102
8,282.23	87.0637	8,282.23	87.5308	8,282.23	88.0445	8,282.23	86.5737	8,282.23	87.0857	8,282.23	84.0794	8,282.23	84.7915	8,282.23	83.4666	8,282.23	83.9961	8,282.23	81.2752	8,282.23	82.2732	8,282.23	77.136	8,282.23	79.2819	8,282.23	76.4567	8,282.23	76.7297	8,282.23	76.5715	8,282.23	77.4984	8,282.23	75.7187	8,282.23	76.483	8,282.23	76.5715	8,282.23	77.4984	8,282.23	76.4567	8,282.23	76.7297	8,282.23	77.136	8,282.23	79.2819	8,282.23	81.2752	8,282.23	82.2732	8,282.23	83.4666	8,282.23	83.9961	8,282.23	84.0794	8,282.23	84.7915	8,282.23	86.5737	8,282.23	87.0857	8,282.23	87.5308	8,282.23	88.0445	8,282.23	87.0637
8,573.73	87.0855	8,573.73	87.6302	8,573.73	87.8742	8,573.73	86.7806	8,573.73	87.3125	8,573.73	84.1995	8,573.73	84.845	8,573.73	83.4818	8,573.73	83.9002	8,573.73	81.5345	8,573.73	82.3715	8,573.73	77.7373	8,573.73	79.1993	8,573.73	76.5781	8,573.73	76.8678	8,573.73	77.4091	8,573.73	77.859	8,573.73	76.3918	8,573.73	77.1994	8,573.73	77.4091	8,573.73	77.859	8,573.73	76.5781	8,573.73	76.8678	8,573.73	77.7373	8,573.73	79.1993	8,573.73	81.5345	8,573.73	82.3715	8,573.73	83.4818	8,573.73	83.9002	8,573.73	84.1995	8,573.73	84.845	8,573.73	86.7806	8,573.73	87.3125	8,573.73	87.6302	8,573.73	87.8742	8,573.73	87.0855
8,876.95	86.8549	8,876.95	87.6701	8,876.95	87.4957	8,876.95	86.6234	8,876.95	87.3615	8,876.95	83.8383	8,876.95	84.3996	8,876.95	83.3193	8,876.95	83.9687	8,876.95	81.1238	8,876.95	82.3068	8,876.95	77.4655	8,876.95	79.3589	8,876.95	75.537	8,876.95	75.8785	8,876.95	77.3437	8,876.95	78.2056	8,876.95	76.2194	8,876.95	77.0168	8,876.95	77.3437	8,876.95	78.2056	8,876.95	75.537	8,876.95	75.8785	8,876.95	77.4655	8,876.95	79.3589	8,876.95	81.1238	8,876.95	82.3068	8,876.95	83.3193	8,876.95	83.9687	8,876.95	83.8383	8,876.95	84.3996	8,876.95	86.6234	8,876.95	87.3615	8,876.95	87.6701	8,876.95	87.4957	8,876.95	86.8549
9,188.96	86.7606	9,188.96	87.9051	9,188.96	87.3082	9,188.96	86.4472	9,188.96	87.7581	9,188.96	83.9656	9,188.96	83.9794	9,188.96	83.114	9,188.96	84.0099	9,188.96	80.9422	9,188.96	82.3349	9,188.96	76.7502	9,188.96	79.7625	9,188.96	74.7345	9,188.96	74.29	9,188.96	78.0536	9,188.96	77.6598	9,188.96	77.3551	9,188.96	77.4661	9,188.96	78.0536	9,188.96	77.6598	9,188.96	74.7345	9,188.96	74.29	9,188.96	76.7502	9,188.96	79.7625	9,188.96	80.9422	9,188.96	82.3349	9,188.96	83.114	9,188.96	84.0099	9,188.96	83.9656	9,188.96	83.9794	9,188.96	86.4472	9,188.96	87.7581	9,188.96	87.9051	9,188.96	87.3082	9,188.96	86.7606
9,514.16	85.6407	9,514.16	87.2912	9,514.16	86.2992	9,514.16	86.1593	9,514.16	87.364	9,514.16	83.8077	9,514.16	83.3924	9,514.16	82.7607	9,514.16	83.9834	9,514.16	80.2226	9,514.16	82.2439	9,514.16	76.2817	9,514.16	79.0586	9,514.16	72.8844	9,514.16	71.7662	9,514.16	77.8162	9,514.16	77.3694	9,514.16	77.1729	9,514.16	77.9185	9,514.16	77.8162	9,514.16	77.3694	9,514.16	72.8844	9,514.16	71.7662	9,514.16	76.2817	9,514.16	79.0586	9,514.16	80.2226	9,514.16	82.2439	9,514.16	82.7607	9,514.16	83.9834	9,514.16	83.8077	9,514.16	83.3924	9,514.16	86.1593	9,514.16	87.364	9,514.16	87.2912	9,514.16	86.2992	9,514.16	85.6407
9,849.61	84.6753	9,849.61	87.0853	9,849.61	85.6269	9,849.61	86.1584	9,849.61	87.0017	9,849.61	84.1037	9,849.61	83.3332	9,849.61	82.5892	9,849.61	84.0429	9,849.61	79.6592	9,849.61	82.0284	9,849.61	76.8198	9,849.61	78.9894	9,849.61	74.4344	9,849.61	71.0105	9,849.61	78.9229	9,849.61	77.9584	9,849.61	77.8704	9,849.61	78.0445	9,849.61	78.9229	9,849.61	77.9584	9,849.61	74.4344	9,849.61	71.0105	9,849.61	76.8198	9,849.61	78.9894	9,849.61	79.6592	9,849.61	82.0284	9,849.61	82.5892	9,849.61	84.0429	9,849.61	84.1037	9,849.61	83.3332	9,849.61	86.1584	9,849.61	87.0017	9,849.61	87.0853	9,849.61	85.6269	9,849.61	84.6753
10,196.8	85.6304	10,196.8	86.9461	10,196.8	86.7412	10,196.8	86.2207	10,196.8	86.9318	10,196.8	84.4117	10,196.8	83.413	10,196.8	82.1204	10,196.8	84.2352	10,196.8	78.7776	10,196.8	81.0038	10,196.8	77.3243	10,196.8	78.84	10,196.8	73.4677	10,196.8	72.5179	10,196.8	78.6712	10,196.8	77.7924	10,196.8	77.7489	10,196.8	78.1978	10,196.8	78.6712	10,196.8	77.7924	10,196.8	73.4677	10,196.8	72.5179	10,196.8	77.3243	10,196.8	78.84	10,196.8	78.7776	10,196.8	81.0038	10,196.8	82.1204	10,196.8	84.2352	10,196.8	84.4117	10,196.8	83.413	10,196.8	86.2207	10,196.8	86.9318	10,196.8	86.9461	10,196.8	86.7412	10,196.8	85.6304
10,555.7	86.7676	10,555.7	86.5444	10,555.7	87.8408	10,555.7	86.0844	10,555.7	86.5572	10,555.7	84.8886	10,555.7	83.9774	10,555.7	81.5296	10,555.7	84.7328	10,555.7	78.4172	10,555.7	80.4188	10,555.7	77.2322	10,555.7	79.8065	10,555.7	71.6922	10,555.7	72.4439	10,555.7	77.714	10,555.7	77.0458	10,555.7	77.2325	10,555.7	77.5329	10,555.7	77.714	10,555.7	77.0458	10,555.7	71.6922	10,555.7	72.4439	10,555.7	77.2322	10,555.7	79.8065	10,555.7	78.4172	10,555.7	80.4188	10,555.7	81.5296	10,555.7	84.7328	10,555.7	84.8886	10,555.7	83.9774	10,555.7	86.0844	10,555.7	86.5572	10,555.7	86.5444	10,555.7	87.8408	10,555.7	86.7676
10,927.7	87.6284	10,927.7	85.6569	10,927.7	87.7603	10,927.7	86.2005	10,927.7	85.4772	10,927.7	85.3116	10,927.7	84.4959	10,927.7	81.3815	10,927.7	84.4028	10,927.7	79.5654	10,927.7	80.7373	10,927.7	76.2416	10,927.7	80.1294	10,927.7	68.6364	10,927.7	68.8195	10,927.7	77.1595	10,927.7	75.2011	10,927.7	77.6445	10,927.7	76.6703	10,927.7	77.1595	10,927.7	75.2011	10,927.7	68.6364	10,927.7	68.8195	10,927.7	76.2416	10,927.7	80.1294	10,927.7	79.5654	10,927.7	80.7373	10,927.7	81.3815	10,927.7	84.4028	10,927.7	85.3116	10,927.7	84.4959	10,927.7	86.2005	10,927.7	85.4772	10,927.7	85.6569	10,927.7	87.7603	10,927.7	87.6284
11,313	88.2419	11,313	85.0638	11,313	87.3537	11,313	86.5597	11,313	85.0034	11,313	85.0935	11,313	84.6534	11,313	82.1282	11,313	84.5147	11,313	79.9655	11,313	81.3477	11,313	73.9411	11,313	79.2976	11,313	65.3635	11,313	64.4614	11,313	77.2422	11,313	72.9905	11,313	78.9951	11,313	76.8714	11,313	77.2422	11,313	72.9905	11,313	65.3635	11,313	64.4614	11,313	73.9411	11,313	79.2976	11,313	79.9655	11,313	81.3477	11,313	82.1282	11,313	84.5147	11,313	85.0935	11,313	84.6534	11,313	86.5597	11,313	85.0034	11,313	85.0638	11,313	87.3537	11,313	88.2419
11,712.9	88.5394	11,712.9	85.7836	11,712.9	87.671	11,712.9	86.4007	11,712.9	86.1913	11,712.9	84.2865	11,712.9	84.1659	11,712.9	82.2473	11,712.9	84.7709	11,712.9	78.7651	11,712.9	81.6017	11,712.9	75.2617	11,712.9	77.4369	11,712.9	69.4614	11,712.9	69.7382	11,712.9	77.4214	11,712.9	72.4208	11,712.9	79.643	11,712.9	76.9985	11,712.9	77.4214	11,712.9	72.4208	11,712.9	69.4614	11,712.9	69.7382	11,712.9	75.2617	11,712.9	77.4369	11,712.9	78.7651	11,712.9	81.6017	11,712.9	82.2473	11,712.9	84.7709	11,712.9	84.2865	11,712.9	84.1659	11,712.9	86.4007	11,712.9	86.1913	11,712.9	85.7836	11,712.9	87.671	11,712.9	88.5394
12,126	88.4976	12,126	86.6735	12,126	88.1737	12,126	86.0751	12,126	87.336	12,126	83.9412	12,126	83.5819	12,126	81.9108	12,126	84.825	12,126	77.5092	12,126	81.4679	12,126	76.7626	12,126	77.8043	12,126	70.5351	12,126	72.3349	12,126	76.908	12,126	70.9351	12,126	80.0019	12,126	76.3491	12,126	76.908	12,126	70.9351	12,126	70.5351	12,126	72.3349	12,126	76.7626	12,126	77.8043	12,126	77.5092	12,126	81.4679	12,126	81.9108	12,126	84.825	12,126	83.9412	12,126	83.5819	12,126	86.0751	12,126	87.336	12,126	86.6735	12,126	88.1737	12,126	88.4976
12,553.7	88.0258	12,553.7	87.2312	12,553.7	88.0685	12,553.7	86.0528	12,553.7	87.6807	12,553.7	84.4395	12,553.7	83.5115	12,553.7	81.7438	12,553.7	85.1434	12,553.7	78.5174	12,553.7	81.5143	12,553.7	77.4711	12,553.7	78.8551	12,553.7	69.9052	12,553.7	73.3183	12,553.7	75.9958	12,553.7	67.5928	12,553.7	79.8314	12,553.7	74.8214	12,553.7	75.9958	12,553.7	67.5928	12,553.7	69.9052	12,553.7	73.3183	12,553.7	77.4711	12,553.7	78.8551	12,553.7	78.5174	12,553.7	81.5143	12,553.7	81.7438	12,553.7	85.1434	12,553.7	84.4395	12,553.7	83.5115	12,553.7	86.0528	12,553.7	87.6807	12,553.7	87.2312	12,553.7	88.0685	12,553.7	88.0258
12,996.1	87.0605	12,996.1	87.1657	12,996.1	87.2853	12,996.1	85.6416	12,996.1	87.5379	12,996.1	84.7648	12,996.1	83.0079	12,996.1	81.1761	12,996.1	84.9936	12,996.1	79.5576	12,996.1	81.1933	12,996.1	77.3215	12,996.1	79.6763	12,996.1	70.2903	12,996.1	73.881	12,996.1	74.2939	12,996.1	61.2335	12,996.1	79.8084	12,996.1	72.4364	12,996.1	74.2939	12,996.1	61.2335	12,996.1	70.2903	12,996.1	73.881	12,996.1	77.3215	12,996.1	79.6763	12,996.1	79.5576	12,996.1	81.1933	12,996.1	81.1761	12,996.1	84.9936	12,996.1	84.7648	12,996.1	83.0079	12,996.1	85.6416	12,996.1	87.5379	12,996.1	87.1657	12,996.1	87.2853	12,996.1	87.0605
13,454.6	86.3887	13,454.6	87.0941	13,454.6	86.8029	13,454.6	85.1185	13,454.6	87.5313	13,454.6	84.7977	13,454.6	82.5193	13,454.6	80.9669	13,454.6	84.6588	13,454.6	80.1373	13,454.6	81.047	13,454.6	77.3768	13,454.6	79.2451	13,454.6	70.2266	13,454.6	74.3684	13,454.6	73.0439	13,454.6	57.5105	13,454.6	79.4764	13,454.6	70.414	13,454.6	73.0439	13,454.6	57.5105	13,454.6	70.2266	13,454.6	74.3684	13,454.6	77.3768	13,454.6	79.2451	13,454.6	80.1373	13,454.6	81.047	13,454.6	80.9669	13,454.6	84.6588	13,454.6	84.7977	13,454.6	82.5193	13,454.6	85.1185	13,454.6	87.5313	13,454.6	87.0941	13,454.6	86.8029	13,454.6	86.3887
13,929.2	86.347	13,929.2	86.9483	13,929.2	86.5212	13,929.2	85.0303	13,929.2	87.4134	13,929.2	84.6487	13,929.2	82.3735	13,929.2	81.3602	13,929.2	84.0605	13,929.2	79.9164	13,929.2	81.5289	13,929.2	77.6643	13,929.2	78.9139	13,929.2	70.5916	13,929.2	75.2559	13,929.2	71.0577	13,929.2	63.0872	13,929.2	79.1536	13,929.2	69.6952	13,929.2	71.0577	13,929.2	63.0872	13,929.2	70.5916	13,929.2	75.2559	13,929.2	77.6643	13,929.2	78.9139	13,929.2	79.9164	13,929.2	81.5289	13,929.2	81.3602	13,929.2	84.0605	13,929.2	84.6487	13,929.2	82.3735	13,929.2	85.0303	13,929.2	87.4134	13,929.2	86.9483	13,929.2	86.5212	13,929.2	86.347
14,419.9	86.7185	14,419.9	86.8114	14,419.9	86.5035	14,419.9	85.1972	14,419.9	87.4233	14,419.9	84.1252	14,419.9	82.4395	14,419.9	81.7925	14,419.9	83.3624	14,419.9	79.5628	14,419.9	81.8696	14,419.9	77.8206	14,419.9	78.9733	14,419.9	70.7763	14,419.9	75.7316	14,419.9	68.535	14,419.9	66.521	14,419.9	78.1078	14,419.9	70.0671	14,419.9	68.535	14,419.9	66.521	14,419.9	70.7763	14,419.9	75.7316	14,419.9	77.8206	14,419.9	78.9733	14,419.9	79.5628	14,419.9	81.8696	14,419.9	81.7925	14,419.9	83.3624	14,419.9	84.1252	14,419.9	82.4395	14,419.9	85.1972	14,419.9	87.4233	14,419.9	86.8114	14,419.9	86.5035	14,419.9	86.7185
14,928.2	87.0745	14,928.2	86.525	14,928.2	86.458	14,928.2	85.3304	14,928.2	87.2184	14,928.2	83.7758	14,928.2	82.4231	14,928.2	81.9021	14,928.2	82.971	14,928.2	78.9756	14,928.2	81.8364	14,928.2	77.3854	14,928.2	78.568	14,928.2	70.5053	14,928.2	75.646	14,928.2	62.814	14,928.2	68.5451	14,928.2	75.9469	14,928.2	71.167	14,928.2	62.814	14,928.2	68.5451	14,928.2	70.5053	14,928.2	75.646	14,928.2	77.3854	14,928.2	78.568	14,928.2	78.9756	14,928.2	81.8364	14,928.2	81.9021	14,928.2	82.971	14,928.2	83.7758	14,928.2	82.4231	14,928.2	85.3304	14,928.2	87.2184	14,928.2	86.525	14,928.2	86.458	14,928.2	87.0745
15,455.6	87.3519	15,455.6	86.246	15,455.6	86.3678	15,455.6	85.6612	15,455.6	87.193	15,455.6	83.9238	15,455.6	82.6995	15,455.6	81.9964	15,455.6	82.7484	15,455.6	78.8071	15,455.6	81.7679	15,455.6	77.2013	15,455.6	78.5958	15,455.6	69.1234	15,455.6	75.8642	15,455.6	53.9024	15,455.6	68.387	15,455.6	72.3241	15,455.6	73.3693	15,455.6	53.9024	15,455.6	68.387	15,455.6	69.1234	15,455.6	75.8642	15,455.6	77.2013	15,455.6	78.5958	15,455.6	78.8071	15,455.6	81.7679	15,455.6	81.9964	15,455.6	82.7484	15,455.6	83.9238	15,455.6	82.6995	15,455.6	85.6612	15,455.6	87.193	15,455.6	86.246	15,455.6	86.3678	15,455.6	87.3519
16,000.5	87.8561	16,000.5	86.1835	16,000.5	86.5512	16,000.5	85.8561	16,000.5	87.0585	16,000.5	84.0155	16,000.5	82.438	16,000.5	82.025	16,000.5	82.2351	16,000.5	78.9147	16,000.5	81.5369	16,000.5	76.5038	16,000.5	78.8461	16,000.5	69.0807	16,000.5	75.0045	16,000.5	58.0574	16,000.5	67.8615	16,000.5	67.0325	16,000.5	74.4651	16,000.5	58.0574	16,000.5	67.8615	16,000.5	69.0807	16,000.5	75.0045	16,000.5	76.5038	16,000.5	78.8461	16,000.5	78.9147	16,000.5	81.5369	16,000.5	82.025	16,000.5	82.2351	16,000.5	84.0155	16,000.5	82.438	16,000.5	85.8561	16,000.5	87.0585	16,000.5	86.1835	16,000.5	86.5512	16,000.5	87.8561
16,564.5	87.9795	16,564.5	86.049	16,564.5	86.3615	16,564.5	85.7649	16,564.5	86.8042	16,564.5	84.2402	16,564.5	82.2696	16,564.5	82.0305	16,564.5	81.9769	16,564.5	78.9445	16,564.5	81.1809	16,564.5	76.1677	16,564.5	78.8529	16,564.5	69.4134	16,564.5	74.1956	16,564.5	62.5888	16,564.5	65.8961	16,564.5	56.9345	16,564.5	74.871	16,564.5	62.5888	16,564.5	65.8961	16,564.5	69.4134	16,564.5	74.1956	16,564.5	76.1677	16,564.5	78.8529	16,564.5	78.9445	16,564.5	81.1809	16,564.5	82.0305	16,564.5	81.9769	16,564.5	84.2402	16,564.5	82.2696	16,564.5	85.7649	16,564.5	86.8042	16,564.5	86.049	16,564.5	86.3615	16,564.5	87.9795
17,148.9	87.8271	17,148.9	85.7047	17,148.9	85.9611	17,148.9	85.2594	17,148.9	86.5306	17,148.9	84.0535	17,148.9	81.9621	17,148.9	81.882	17,148.9	81.6559	17,148.9	78.6647	17,148.9	80.8839	17,148.9	75.8476	17,148.9	78.7148	17,148.9	69.073	17,148.9	73.6824	17,148.9	66.1989	17,148.9	62.0543	17,148.9	64.8777	17,148.9	74.053	17,148.9	66.1989	17,148.9	62.0543	17,148.9	69.073	17,148.9	73.6824	17,148.9	75.8476	17,148.9	78.7148	17,148.9	78.6647	17,148.9	80.8839	17,148.9	81.882	17,148.9	81.6559	17,148.9	84.0535	17,148.9	81.9621	17,148.9	85.2594	17,148.9	86.5306	17,148.9	85.7047	17,148.9	85.9611	17,148.9	87.8271
17,752.4	87.6052	17,752.4	85.4413	17,752.4	85.7599	17,752.4	84.6607	17,752.4	86.2863	17,752.4	83.6379	17,752.4	81.6894	17,752.4	81.6079	17,752.4	80.996	17,752.4	78.2339	17,752.4	80.2622	17,752.4	74.8359	17,752.4	78.245	17,752.4	69.2721	17,752.4	73.0974	17,752.4	67.4273	17,752.4	56.141	17,752.4	70.6314	17,752.4	73.0343	17,752.4	67.4273	17,752.4	56.141	17,752.4	69.2721	17,752.4	73.0974	17,752.4	74.8359	17,752.4	78.245	17,752.4	78.2339	17,752.4	80.2622	17,752.4	81.6079	17,752.4	80.996	17,752.4	83.6379	17,752.4	81.6894	17,752.4	84.6607	17,752.4	86.2863	17,752.4	85.4413	17,752.4	85.7599	17,752.4	87.6052
18,379.4	86.5641	18,379.4	84.7743	18,379.4	84.6387	18,379.4	84.0769	18,379.4	85.4019	18,379.4	83.0238	18,379.4	81.2463	18,379.4	81.0073	18,379.4	80.298	18,379.4	77.4326	18,379.4	79.8747	18,379.4	74.0228	18,379.4	77.5591	18,379.4	69.344	18,379.4	72.9438	18,379.4	67.3007	18,379.4	58.3795	18,379.4	72.4308	18,379.4	70.0896	18,379.4	67.3007	18,379.4	58.3795	18,379.4	69.344	18,379.4	72.9438	18,379.4	74.0228	18,379.4	77.5591	18,379.4	77.4326	18,379.4	79.8747	18,379.4	81.0073	18,379.4	80.298	18,379.4	83.0238	18,379.4	81.2463	18,379.4	84.0769	18,379.4	85.4019	18,379.4	84.7743	18,379.4	84.6387	18,379.4	86.5641
19,026.9	85.273	19,026.9	83.9454	19,026.9	83.1003	19,026.9	83.6949	19,026.9	84.3493	19,026.9	82.7036	19,026.9	80.9032	19,026.9	80.8371	19,026.9	80.2467	19,026.9	76.9099	19,026.9	80.071	19,026.9	73.92	19,026.9	77.2178	19,026.9	68.4319	19,026.9	73.3959	19,026.9	66.3388	19,026.9	61.9509	19,026.9	73.1133	19,026.9	65.674	19,026.9	66.3388	19,026.9	61.9509	19,026.9	68.4319	19,026.9	73.3959	19,026.9	73.92	19,026.9	77.2178	19,026.9	76.9099	19,026.9	80.071	19,026.9	80.8371	19,026.9	80.2467	19,026.9	82.7036	19,026.9	80.9032	19,026.9	83.6949	19,026.9	84.3493	19,026.9	83.9454	19,026.9	83.1003	19,026.9	85.273
19,697.8	84.4304	19,697.8	83.2234	19,697.8	82.0954	19,697.8	83.4776	19,697.8	83.8517	19,697.8	82.3904	19,697.8	80.7085	19,697.8	80.5634	19,697.8	79.9909	19,697.8	76.4823	19,697.8	79.9575	19,697.8	73.7334	19,697.8	76.7457	19,697.8	66.4585	19,697.8	73.1392	19,697.8	65.3032	19,697.8	63.2387	19,697.8	72.9995	19,697.8	66.7562	19,697.8	65.3032	19,697.8	63.2387	19,697.8	66.4585	19,697.8	73.1392	19,697.8	73.7334	19,697.8	76.7457	19,697.8	76.4823	19,697.8	79.9575	19,697.8	80.5634	19,697.8	79.9909	19,697.8	82.3904	19,697.8	80.7085	19,697.8	83.4776	19,697.8	83.8517	19,697.8	83.2234	19,697.8	82.0954	19,697.8	84.4304
19,999.5	84.2221	19,999.5	82.908	19,999.5	81.526	19,999.5	83.287	19,999.5	83.4934	19,999.5	81.9246	19,999.5	80.5194	19,999.5	80.1308	19,999.5	79.7774	19,999.5	76.0627	19,999.5	79.8704	19,999.5	74.1817	19,999.5	77.4763	19,999.5	67.3041	19,999.5	73.0828	19,999.5	64.3851	19,999.5	65.6426	19,999.5	72.7868	19,999.5	68.1644	19,999.5	64.3851	19,999.5	65.6426	19,999.5	67.3041	19,999.5	73.0828	19,999.5	74.1817	19,999.5	77.4763	19,999.5	76.0627	19,999.5	79.8704	19,999.5	80.1308	19,999.5	79.7774	19,999.5	81.9246	19,999.5	80.5194	19,999.5	83.287	19,999.5	83.4934	19,999.5	82.908	19,999.5	81.526	19,999.5	84.2221
