"SPL Vertical"																																																																							
"On-Axis"		"10°"		"-10°"		"20°"		"-20°"		"30°"		"-30°"		"40°"		"-40°"		"50°"		"-50°"		"60°"		"-60°"		"70°"		"-70°"		"80°"		"-80°"		"90°"		"-90°"		"100°"		"-100°"		"110°"		"-110°"		"120°"		"-120°"		"130°"		"-130°"		"140°"		"-140°"		"150°"		"-150°"		"160°"		"-160°"		"170°"		"-170°"		"180°"	
"Frequency / Hz"	"Sound Pressure Level / dB (re 20 µPa)"	"Frequency / Hz"	"Sound Pressure Level / dB (re 20 µPa)"	"Frequency / Hz"	"Sound Pressure Level / dB (re 20 µPa)"	"Frequency / Hz"	"Sound Pressure Level / dB (re 20 µPa)"	"Frequency / Hz"	"Sound Pressure Level / dB (re 20 µPa)"	"Frequency / Hz"	"Sound Pressure Level / dB (re 20 µPa)"	"Frequency / Hz"	"Sound Pressure Level / dB (re 20 µPa)"	"Frequency / Hz"	"Sound Pressure Level / dB (re 20 µPa)"	"Frequency / Hz"	"Sound Pressure Level / dB (re 20 µPa)"	"Frequency / Hz"	"Sound Pressure Level / dB (re 20 µPa)"	"Frequency / Hz"	"Sound Pressure Level / dB (re 20 µPa)"	"Frequency / Hz"	"Sound Pressure Level / dB (re 20 µPa)"	"Frequency / Hz"	"Sound Pressure Level / dB (re 20 µPa)"	"Frequency / Hz"	"Sound Pressure Level / dB (re 20 µPa)"	"Frequency / Hz"	"Sound Pressure Level / dB (re 20 µPa)"	"Frequency / Hz"	"Sound Pressure Level / dB (re 20 µPa)"	"Frequency / Hz"	"Sound Pressure Level / dB (re 20 µPa)"	"Frequency / Hz"	"Sound Pressure Level / dB (re 20 µPa)"	"Frequency / Hz"	"Sound Pressure Level / dB (re 20 µPa)"	"Frequency / Hz"	"Sound Pressure Level / dB (re 20 µPa)"	"Frequency / Hz"	"Sound Pressure Level / dB (re 20 µPa)"	"Frequency / Hz"	"Sound Pressure Level / dB (re 20 µPa)"	"Frequency / Hz"	"Sound Pressure Level / dB (re 20 µPa)"	"Frequency / Hz"	"Sound Pressure Level / dB (re 20 µPa)"	"Frequency / Hz"	"Sound Pressure Level / dB (re 20 µPa)"	"Frequency / Hz"	"Sound Pressure Level / dB (re 20 µPa)"	"Frequency / Hz"	"Sound Pressure Level / dB (re 20 µPa)"	"Frequency / Hz"	"Sound Pressure Level / dB (re 20 µPa)"	"Frequency / Hz"	"Sound Pressure Level / dB (re 20 µPa)"	"Frequency / Hz"	"Sound Pressure Level / dB (re 20 µPa)"	"Frequency / Hz"	"Sound Pressure Level / dB (re 20 µPa)"	"Frequency / Hz"	"Sound Pressure Level / dB (re 20 µPa)"	"Frequency / Hz"	"Sound Pressure Level / dB (re 20 µPa)"	"Frequency / Hz"	"Sound Pressure Level / dB (re 20 µPa)"	"Frequency / Hz"	"Sound Pressure Level / dB (re 20 µPa)"	"Frequency / Hz"	"Sound Pressure Level / dB (re 20 µPa)"
20.5078	31.3578	20.5078	31.0903	20.5078	31.6416	20.5078	30.8458	20.5078	31.9336	20.5078	30.629	20.5078	32.2242	20.5078	30.4434	20.5078	32.5025	20.5078	30.2913	20.5078	32.7574	20.5078	30.1743	20.5078	32.9776	20.5078	30.0936	20.5078	33.1533	20.5078	30.0502	20.5078	33.2762	20.5078	30.0451	20.5078	33.3404	20.5078	30.079	20.5078	33.3429	20.5078	30.1525	20.5078	33.2836	20.5078	30.2658	20.5078	33.1654	20.5078	30.4181	20.5078	32.9938	20.5078	30.6077	20.5078	32.7767	20.5078	30.8314	20.5078	32.5234	20.5078	31.0846	20.5078	32.2444	20.5078	31.361	20.5078	31.9505	20.5078	31.6527
23.4375	33.1844	23.4375	32.9108	23.4375	33.4755	23.4375	32.6624	23.4375	33.7747	23.4375	32.4441	23.4375	34.0705	23.4375	32.2592	23.4375	34.3502	23.4375	32.1088	23.4375	34.601	23.4375	31.9933	23.4375	34.8109	23.4375	31.9124	23.4375	34.9694	23.4375	31.8657	23.4375	35.0685	23.4375	31.8528	23.4375	35.1035	23.4375	31.8738	23.4375	35.0731	23.4375	31.9291	23.4375	34.9792	23.4375	32.0192	23.4375	34.8273	23.4375	32.1444	23.4375	34.6256	23.4375	32.3043	23.4375	34.3841	23.4375	32.4979	23.4375	34.1141	23.4375	32.7226	23.4375	33.8273	23.4375	32.9744	23.4375	33.5351	23.4375	33.2478
26.3672	37.5372	26.3672	37.2815	26.3672	37.8045	26.3672	37.0443	26.3672	38.0751	26.3672	36.8306	26.3672	38.339	26.3672	36.6438	26.3672	38.5853	26.3672	36.486	26.3672	38.8029	26.3672	36.3584	26.3672	38.9813	26.3672	36.2617	26.3672	39.1113	26.3672	36.1964	26.3672	39.1857	26.3672	36.163	26.3672	39.2003	26.3672	36.1621	26.3672	39.154	26.3672	36.1945	26.3672	39.049	26.3672	36.261	26.3672	38.8906	26.3672	36.3622	26.3672	38.6866	26.3672	36.4982	26.3672	38.4471	26.3672	36.6683	26.3672	38.1831	26.3672	36.8705	26.3672	37.906	26.3672	37.1014	26.3672	37.6269	26.3672	37.3558
29.2969	41.6571	29.2969	41.4431	29.2969	41.8802	29.2969	41.2435	29.2969	42.1054	29.2969	41.0625	29.2969	42.3248	29.2969	40.9029	29.2969	42.5292	29.2969	40.7666	29.2969	42.7094	29.2969	40.6549	29.2969	42.8563	29.2969	40.5686	29.2969	42.9621	29.2969	40.5084	29.2969	43.0205	29.2969	40.4749	29.2969	43.0279	29.2969	40.4687	29.2969	42.9833	29.2969	40.4907	29.2969	42.8888	29.2969	40.5416	29.2969	42.7492	29.2969	40.6219	29.2969	42.5716	29.2969	40.7317	29.2969	42.3649	29.2969	40.8705	29.2969	42.1387	29.2969	41.0368	29.2969	41.9031	29.2969	41.2279	29.2969	41.6674	29.2969	41.44
32.2266	44.728	32.2266	44.542	32.2266	44.9203	32.2266	44.3675	32.2266	45.1127	32.2266	44.2082	32.2266	45.2977	32.2266	44.0668	32.2266	45.4673	32.2266	43.9449	32.2266	45.6131	32.2266	43.8437	32.2266	45.7269	32.2266	43.7638	32.2266	45.8021	32.2266	43.7054	32.2266	45.8336	32.2266	43.6688	32.2266	45.8189	32.2266	43.6544	32.2266	45.7583	32.2266	43.6625	32.2266	45.655	32.2266	43.6935	32.2266	45.5146	32.2266	43.7478	32.2266	45.345	32.2266	43.826	32.2266	45.1552	32.2266	43.9279	32.2266	44.9544	32.2266	44.0534	32.2266	44.7515	32.2266	44.2012	32.2266	44.5543	32.2266	44.3693
35.1562	48.2959	35.1562	48.1219	35.1562	48.4732	35.1562	47.9562	35.1562	48.6481	35.1562	47.8023	35.1562	48.814	35.1562	47.6631	35.1562	48.9634	35.1562	47.5406	35.1562	49.089	35.1562	47.4363	35.1562	49.1839	35.1562	47.351	35.1562	49.242	35.1562	47.2855	35.1562	49.2591	35.1562	47.2402	35.1562	49.2332	35.1562	47.2158	35.1562	49.1648	35.1562	47.2126	35.1562	49.0574	35.1562	47.2314	35.1562	48.9163	35.1562	47.2726	35.1562	48.7493	35.1562	47.3369	35.1562	48.565	35.1562	47.4245	35.1562	48.3722	35.1562	47.5353	35.1562	48.1795	35.1562	47.6685	35.1562	47.9943	35.1562	47.8225
38.0859	51.753	38.0859	51.5821	38.0859	51.9237	38.0859	51.4159	38.0859	52.0887	38.0859	51.2582	38.0859	52.2417	38.0859	51.1124	38.0859	52.3763	38.0859	50.9811	38.0859	52.486	38.0859	50.8663	38.0859	52.5646	38.0859	50.7696	38.0859	52.6071	38.0859	50.6923	38.0859	52.6102	38.0859	50.6355	38.0859	52.5725	38.0859	50.6001	38.0859	52.495	38.0859	50.5869	38.0859	52.3811	38.0859	50.5967	38.0859	52.2364	38.0859	50.6302	38.0859	52.068	38.0859	50.6877	38.0859	51.8842	38.0859	50.7695	38.0859	51.6934	38.0859	50.8753	38.0859	51.5036	38.0859	51.004	38.0859	51.3219	38.0859	51.1539
41.0156	55.203	41.0156	55.0506	41.0156	55.3542	41.0156	54.9013	41.0156	55.4991	41.0156	54.7589	41.0156	55.6322	41.0156	54.6265	41.0156	55.7478	41.0156	54.5066	41.0156	55.8401	41.0156	54.4014	41.0156	55.9042	41.0156	54.3125	41.0156	55.9357	41.0156	54.2413	41.0156	55.932	41.0156	54.1886	41.0156	55.8924	41.0156	54.1554	41.0156	55.8181	41.0156	54.1423	41.0156	55.7126	41.0156	54.1499	41.0156	55.5811	41.0156	54.1784	41.0156	55.4303	41.0156	54.2281	41.0156	55.2675	41.0156	54.2988	41.0156	55.0999	41.0156	54.3903	41.0156	54.9344	41.0156	54.5016	41.0156	54.7766	41.0156	54.6311
43.9453	58.0985	43.9453	57.9514	43.9453	58.2434	43.9453	57.8064	43.9453	58.3811	43.9453	57.6675	43.9453	58.5063	43.9453	57.538	43.9453	58.6135	43.9453	57.4206	43.9453	58.6973	43.9453	57.3174	43.9453	58.7532	43.9453	57.2301	43.9453	58.7773	43.9453	57.1601	43.9453	58.7677	43.9453	57.1084	43.9453	58.7237	43.9453	57.0755	43.9453	58.6473	43.9453	57.062	43.9453	58.542	43.9453	57.0681	43.9453	58.4131	43.9453	57.0941	43.9453	58.2672	43.9453	57.1398	43.9453	58.1113	43.9453	57.2051	43.9453	57.9522	43.9453	57.2896	43.9453	57.7962	43.9453	57.3927	43.9453	57.6484	43.9453	57.5129
46.875	60.9893	46.875	60.847	46.875	61.1277	46.875	60.7051	46.875	61.2575	46.875	60.5676	46.875	61.3738	46.875	60.4379	46.875	61.4716	46.875	60.3189	46.875	61.5461	46.875	60.2133	46.875	61.5935	46.875	60.123	46.875	61.6106	46.875	60.0497	46.875	61.5957	46.875	59.9946	46.875	61.549	46.875	59.9588	46.875	61.4721	46.875	59.9427	46.875	61.3688	46.875	59.9467	46.875	61.244	46.875	59.9709	46.875	61.1037	46.875	60.0151	46.875	60.9542	46.875	60.0789	46.875	60.8018	46.875	60.1615	46.875	60.652	46.875	60.262	46.875	60.5098	46.875	60.3788
49.8047	63.0953	49.8047	62.9611	49.8047	63.2248	49.8047	62.8263	49.8047	63.3449	49.8047	62.6949	49.8047	63.451	49.8047	62.5703	49.8047	63.5386	49.8047	62.4556	49.8047	63.6032	49.8047	62.3532	49.8047	63.6414	49.8047	62.2653	49.8047	63.6505	49.8047	62.1935	49.8047	63.6294	49.8047	62.139	49.8047	63.5786	49.8047	62.1028	49.8047	63.5002	49.8047	62.0852	49.8047	63.398	49.8047	62.0865	49.8047	63.2769	49.8047	62.1066	49.8047	63.1429	49.8047	62.1452	49.8047	63.002	49.8047	62.2019	49.8047	62.8599	49.8047	62.2759	49.8047	62.7216	49.8047	62.3663	49.8047	62.5912	49.8047	62.472
52.7344	64.3401	52.7344	64.21	52.7344	64.4649	52.7344	64.0789	52.7344	64.58	52.7344	63.9506	52.7344	64.6809	52.7344	63.8287	52.7344	64.7631	52.7344	63.7163	52.7344	64.8228	52.7344	63.616	52.7344	64.8567	52.7344	63.53	52.7344	64.8625	52.7344	63.46	52.7344	64.8394	52.7344	63.4071	52.7344	64.7881	52.7344	63.3722	52.7344	64.7108	52.7344	63.3557	52.7344	64.6113	52.7344	63.3575	52.7344	64.4946	52.7344	63.3776	52.7344	64.3662	52.7344	63.4154	52.7344	64.2317	52.7344	63.4702	52.7344	64.0966	52.7344	63.5414	52.7344	63.9654	52.7344	63.6279	52.7344	63.8417	52.7344	63.7285
55.6641	64.9044	55.6641	64.7778	55.6641	65.0252	55.6641	64.6495	55.6641	65.1357	55.6641	64.5234	55.6641	65.2315	55.6641	64.4033	55.6641	65.3086	55.6641	64.2922	55.6641	65.3631	55.6641	64.193	55.6641	65.3921	55.6641	64.1079	55.6641	65.3937	55.6641	64.0386	55.6641	65.3675	55.6641	63.9863	55.6641	65.3143	55.6641	63.9518	55.6641	65.2366	55.6641	63.9354	55.6641	65.1383	55.6641	63.937	55.6641	65.0243	55.6641	63.9562	55.6641	64.9	55.6641	63.9925	55.6641	64.7707	55.6641	64.0451	55.6641	64.6415	55.6641	64.1131	55.6641	64.5164	55.6641	64.1955	55.6641	64.3988	55.6641	64.2912
58.5938	64.9891	58.5938	64.8683	58.5938	65.104	58.5938	64.7458	58.5938	65.2091	58.5938	64.6255	58.5938	65.3001	58.5938	64.5107	58.5938	65.3732	58.5938	64.4047	58.5938	65.425	58.5938	64.3101	58.5938	65.4527	58.5938	64.229	58.5938	65.4548	58.5938	64.1631	58.5938	65.4307	58.5938	64.1137	58.5938	65.3814	58.5938	64.0813	58.5938	65.3092	58.5938	64.0663	58.5938	65.2176	58.5938	64.0687	58.5938	65.1109	58.5938	64.088	58.5938	64.994	58.5938	64.1236	58.5938	64.8719	58.5938	64.1749	58.5938	64.7492	58.5938	64.2411	58.5938	64.6298	58.5938	64.321	58.5938	64.5171	58.5938	64.4135
61.5234	64.9848	61.5234	64.8638	61.5234	65.0993	61.5234	64.7404	61.5234	65.2033	61.5234	64.6186	61.5234	65.2925	61.5234	64.502	61.5234	65.3633	61.5234	64.3938	61.5234	65.4124	61.5234	64.2969	61.5234	65.4373	61.5234	64.2135	61.5234	65.4364	61.5234	64.1455	61.5234	65.4096	61.5234	64.0941	61.5234	65.3578	61.5234	64.0601	61.5234	65.2835	61.5234	64.0436	61.5234	65.1902	61.5234	64.0447	61.5234	65.0822	61.5234	64.063	61.5234	64.9645	61.5234	64.0977	61.5234	64.842	61.5234	64.1482	61.5234	64.7191	61.5234	64.2135	61.5234	64.5999	61.5234	64.2927	61.5234	64.4875	61.5234	64.3845
64.4531	65.0228	64.4531	64.9072	64.4531	65.1309	64.4531	64.7879	64.4531	65.2274	64.4531	64.669	64.4531	65.3085	64.4531	64.5539	64.4531	65.3709	64.4531	64.446	64.4531	65.4115	64.4531	64.3482	64.4531	65.4285	64.4531	64.2631	64.4531	65.4206	64.4531	64.1926	64.4531	65.388	64.4531	64.138	64.4531	65.3321	64.4531	64.1004	64.4531	65.2554	64.4531	64.0801	64.4531	65.1617	64.4531	64.0771	64.4531	65.0552	64.4531	64.0911	64.4531	64.9406	64.4531	64.1214	64.4531	64.8225	64.4531	64.1673	64.4531	64.7049	64.4531	64.2277	64.4531	64.5915	64.4531	64.3016	64.4531	64.4851	64.4531	64.3878
67.3828	64.8961	67.3828	64.7803	67.3828	65.0048	67.3828	64.6613	67.3828	65.1021	67.3828	64.5434	67.3828	65.1843	67.3828	64.43	67.3828	65.2478	67.3828	64.3247	67.3828	65.2897	67.3828	64.2303	67.3828	65.3079	67.3828	64.1493	67.3828	65.3014	67.3828	64.0833	67.3828	65.2703	67.3828	64.0337	67.3828	65.2162	67.3828	64.001	67.3828	65.1416	67.3828	63.9854	67.3828	65.0504	67.3828	63.9866	67.3828	64.9468	67.3828	64.0039	67.3828	64.8355	67.3828	64.0365	67.3828	64.7209	67.3828	64.0834	67.3828	64.6072	67.3828	64.1438	67.3828	64.4976	67.3828	64.2165	67.3828	64.3947	67.3828	64.3005
70.3125	64.9621	70.3125	64.8465	70.3125	65.0699	70.3125	64.7272	70.3125	65.1658	70.3125	64.6083	70.3125	65.246	70.3125	64.4937	70.3125	65.3071	70.3125	64.3867	70.3125	65.3464	70.3125	64.2906	70.3125	65.3618	70.3125	64.2078	70.3125	65.3526	70.3125	64.1401	70.3125	65.3191	70.3125	64.089	70.3125	65.2629	70.3125	64.0551	70.3125	65.1868	70.3125	64.0385	70.3125	65.0945	70.3125	64.0389	70.3125	64.9904	70.3125	64.0555	70.3125	64.8791	70.3125	64.0876	70.3125	64.765	70.3125	64.134	70.3125	64.652	70.3125	64.1936	70.3125	64.5434	70.3125	64.2655	70.3125	64.4416	70.3125	64.3485
73.2422	64.738	73.2422	64.6242	73.2422	64.8437	73.2422	64.5066	73.2422	64.9373	73.2422	64.3892	73.2422	65.0149	73.2422	64.2758	73.2422	65.0734	73.2422	64.1701	73.2422	65.11	73.2422	64.0751	73.2422	65.1231	73.2422	63.9933	73.2422	65.1119	73.2422	63.9265	73.2422	65.0769	73.2422	63.8762	73.2422	65.0199	73.2422	63.8428	73.2422	64.9437	73.2422	63.8264	73.2422	64.8521	73.2422	63.8266	73.2422	64.7494	73.2422	63.8426	73.2422	64.6401	73.2422	63.8734	73.2422	64.5286	73.2422	63.918	73.2422	64.4186	73.2422	63.9754	73.2422	64.3131	73.2422	64.0446	73.2422	64.2146	73.2422	64.1247
76.1719	64.8767	76.1719	64.7634	76.1719	64.9816	76.1719	64.6459	76.1719	65.074	76.1719	64.5285	76.1719	65.1501	76.1719	64.4151	76.1719	65.2067	76.1719	64.3096	76.1719	65.2414	76.1719	64.2152	76.1719	65.2527	76.1719	64.1345	76.1719	65.2402	76.1719	64.0695	76.1719	65.2045	76.1719	64.0213	76.1719	65.1477	76.1719	63.9907	76.1719	65.0728	76.1719	63.9774	76.1719	64.9836	76.1719	63.9807	76.1719	64.8843	76.1719	63.9997	76.1719	64.7793	76.1719	64.0331	76.1719	64.6726	76.1719	64.0795	76.1719	64.5675	76.1719	64.1377	76.1719	64.4666	76.1719	64.2065	76.1719	64.372	76.1719	64.2849
79.1016	64.8694	79.1016	64.7564	79.1016	64.974	79.1016	64.6391	79.1016	65.0659	79.1016	64.5219	79.1016	65.1413	79.1016	64.4091	79.1016	65.1973	79.1016	64.3043	79.1016	65.2313	79.1016	64.2109	79.1016	65.242	79.1016	64.1317	79.1016	65.2291	79.1016	64.0684	79.1016	65.1936	79.1016	64.0224	79.1016	65.1374	79.1016	63.994	79.1016	65.0637	79.1016	63.9831	79.1016	64.9763	79.1016	63.9887	79.1016	64.8794	79.1016	64.0097	79.1016	64.7771	79.1016	64.0447	79.1016	64.6734	79.1016	64.0921	79.1016	64.5714	79.1016	64.1505	79.1016	64.4734	79.1016	64.2189	79.1016	64.3812	79.1016	64.2961
82.0312	64.9259	82.0312	64.8128	82.0312	65.0299	82.0312	64.6949	82.0312	65.1205	82.0312	64.5767	82.0312	65.194	82.0312	64.4626	82.0312	65.2473	82.0312	64.3567	82.0312	65.2782	82.0312	64.2623	82.0312	65.2856	82.0312	64.1823	82.0312	65.2694	82.0312	64.1188	82.0312	65.2308	82.0312	64.073	82.0312	65.1722	82.0312	64.0452	82.0312	65.0969	82.0312	64.0351	82.0312	65.0089	82.0312	64.0416	82.0312	64.9125	82.0312	64.0634	82.0312	64.8118	82.0312	64.0987	82.0312	64.7104	82.0312	64.146	82.0312	64.6114	82.0312	64.2037	82.0312	64.5167	82.0312	64.2704	82.0312	64.4277	82.0312	64.3454
84.9609	64.9973	84.9609	64.8842	84.9609	65.1003	84.9609	64.7655	84.9609	65.1889	84.9609	64.646	84.9609	65.2594	84.9609	64.53	84.9609	65.3089	84.9609	64.4219	84.9609	65.3352	84.9609	64.3254	84.9609	65.3374	84.9609	64.2433	84.9609	65.3158	84.9609	64.178	84.9609	65.2719	84.9609	64.1307	84.9609	65.2083	84.9609	64.1017	84.9609	65.1288	84.9609	64.0905	84.9609	65.0378	84.9609	64.0961	84.9609	64.9397	84.9609	64.1169	84.9609	64.8388	84.9609	64.1509	84.9609	64.7387	84.9609	64.1963	84.9609	64.642	84.9609	64.2516	84.9609	64.5506	84.9609	64.3154	84.9609	64.4653	84.9609	64.3868
87.8906	65.1036	87.8906	64.9884	87.8906	65.2083	87.8906	64.8673	87.8906	65.2982	87.8906	64.745	87.8906	65.3695	87.8906	64.6262	87.8906	65.419	87.8906	64.5153	87.8906	65.4449	87.8906	64.4159	87.8906	65.4459	87.8906	64.3313	87.8906	65.4224	87.8906	64.2636	87.8906	65.3759	87.8906	64.2141	87.8906	65.3091	87.8906	64.1832	87.8906	65.2259	87.8906	64.1703	87.8906	65.1307	87.8906	64.1742	87.8906	65.0282	87.8906	64.1935	87.8906	64.9231	87.8906	64.2262	87.8906	64.8192	87.8906	64.2704	87.8906	64.7193	87.8906	64.3247	87.8906	64.6255	87.8906	64.388	87.8906	64.5387	87.8906	64.4594
90.8203	65.1608	90.8203	65.0449	90.8203	65.2662	90.8203	64.9232	90.8203	65.3567	90.8203	64.8005	90.8203	65.4287	90.8203	64.6817	90.8203	65.4792	90.8203	64.5711	90.8203	65.5061	90.8203	64.4727	90.8203	65.5085	90.8203	64.3896	90.8203	65.4868	90.8203	64.324	90.8203	65.4425	90.8203	64.2773	90.8203	65.3784	90.8203	64.2496	90.8203	65.2981	90.8203	64.2403	90.8203	65.2061	90.8203	64.2481	90.8203	65.107	90.8203	64.271	90.8203	65.005	90.8203	64.3071	90.8203	64.9037	90.8203	64.3544	90.8203	64.8061	90.8203	64.4111	90.8203	64.7137	90.8203	64.476	90.8203	64.6277	90.8203	64.5484
93.75	65.2234	93.75	65.1078	93.75	65.3275	93.75	64.9855	93.75	65.4159	93.75	64.8617	93.75	65.4849	93.75	64.7412	93.75	65.5317	93.75	64.6289	93.75	65.5547	93.75	64.5289	93.75	65.5533	93.75	64.4448	93.75	65.5282	93.75	64.3789	93.75	65.4815	93.75	64.3326	93.75	65.4161	93.75	64.3062	93.75	65.3362	93.75	64.2989	93.75	65.246	93.75	64.3092	93.75	65.1502	93.75	64.3349	93.75	65.0525	93.75	64.3736	93.75	64.9563	93.75	64.423	93.75	64.8638	93.75	64.4809	93.75	64.7761	93.75	64.5459	93.75	64.6938	93.75	64.6171
96.6797	65.4489	96.6797	65.3346	96.6797	65.5504	96.6797	65.2122	96.6797	65.6348	96.6797	65.0869	96.6797	65.6985	96.6797	64.9637	96.6797	65.7387	96.6797	64.8475	96.6797	65.754	96.6797	64.7427	96.6797	65.744	96.6797	64.6528	96.6797	65.7097	96.6797	64.5805	96.6797	65.6534	96.6797	64.5273	96.6797	65.5786	96.6797	64.4937	96.6797	65.4897	96.6797	64.4791	96.6797	65.3916	96.6797	64.4821	96.6797	65.2891	96.6797	64.5007	96.6797	65.1866	96.6797	64.5325	96.6797	65.0874	96.6797	64.5753	96.6797	64.9937	96.6797	64.6273	96.6797	64.9067	96.6797	64.6869	96.6797	64.8266	96.6797	64.7534
102.539	65.6319	102.539	65.5183	102.539	65.7335	102.539	65.3977	102.539	65.8185	102.539	65.2756	102.539	65.8833	102.539	65.1573	102.539	65.925	102.539	65.0479	102.539	65.9421	102.539	64.9518	102.539	65.9345	102.539	64.8724	102.539	65.9034	102.539	64.8122	102.539	65.8513	102.539	64.7722	102.539	65.7821	102.539	64.7522	102.539	65.7005	102.539	64.7509	102.539	65.6114	102.539	64.7662	102.539	65.5197	102.539	64.7952	102.539	65.4294	102.539	64.8349	102.539	65.3433	102.539	64.8826	102.539	65.263	102.539	64.936	102.539	65.1885	102.539	64.9936	102.539	65.1194	102.539	65.0547
105.469	65.6197	105.469	65.5011	105.469	65.7254	105.469	65.3747	105.469	65.8133	105.469	65.2464	105.469	65.8797	105.469	65.1216	105.469	65.9218	105.469	65.0059	105.469	65.9379	105.469	64.904	105.469	65.928	105.469	64.8197	105.469	65.8933	105.469	64.7556	105.469	65.8367	105.469	64.7128	105.469	65.7622	105.469	64.6914	105.469	65.6748	105.469	64.6898	105.469	65.58	105.469	64.7056	105.469	65.483	105.469	64.7358	105.469	65.3882	105.469	64.7771	105.469	65.2984	105.469	64.8264	105.469	65.2153	105.469	64.8814	105.469	65.139	105.469	64.9403	105.469	65.0684	105.469	65.0025
108.398	65.6551	108.398	65.5335	108.398	65.7631	108.398	65.4035	108.398	65.8527	108.398	65.271	108.398	65.9202	108.398	65.1417	108.398	65.9628	108.398	65.0212	108.398	65.9789	108.398	64.9145	108.398	65.9684	108.398	64.8255	108.398	65.9326	108.398	64.757	108.398	65.8742	108.398	64.7105	108.398	65.7972	108.398	64.686	108.398	65.7066	108.398	64.682	108.398	65.6079	108.398	64.6962	108.398	65.5064	108.398	64.7256	108.398	65.4067	108.398	64.7669	108.398	65.312	108.398	64.817	108.398	65.224	108.398	64.8733	108.398	65.1431	108.398	64.9343	108.398	65.0686	108.398	64.9993
111.328	65.7375	111.328	65.6171	111.328	65.8436	111.328	65.4878	111.328	65.9307	111.328	65.3554	111.328	65.9951	111.328	65.2259	111.328	66.0342	111.328	65.1049	111.328	66.0466	111.328	64.9975	111.328	66.0326	111.328	64.9081	111.328	65.9937	111.328	64.8394	111.328	65.9328	111.328	64.7929	111.328	65.8542	111.328	64.7685	111.328	65.7631	111.328	64.7648	111.328	65.665	111.328	64.7794	111.328	65.5651	111.328	64.8089	111.328	65.4678	111.328	64.85	111.328	65.3762	111.328	64.8994	111.328	65.2916	111.328	64.9545	111.328	65.2141	111.328	65.0137	111.328	65.1428	111.328	65.0764
117.188	65.9038	117.188	65.7813	117.188	66.01	117.188	65.6483	117.188	66.0951	117.188	65.511	117.188	66.1553	117.188	65.3758	117.188	66.1881	117.188	65.2491	117.188	66.1926	117.188	65.1365	117.188	66.1692	117.188	65.0427	117.188	66.1201	117.188	64.9709	117.188	66.0491	117.188	64.9226	117.188	65.9614	117.188	64.8978	117.188	65.8629	117.188	64.8948	117.188	65.7598	117.188	64.9105	117.188	65.6578	117.188	64.9412	117.188	65.5615	117.188	64.983	117.188	65.4734	117.188	65.0321	117.188	65.3945	117.188	65.0855	117.188	65.3237	117.188	65.1413	117.188	65.2593	117.188	65.1991
120.117	66.2801	120.117	66.1637	120.117	66.3812	120.117	66.0372	120.117	66.4624	120.117	65.9063	120.117	66.5201	120.117	65.777	120.117	66.552	120.117	65.6546	120.117	66.5569	120.117	65.5442	120.117	66.5352	120.117	65.4496	120.117	66.4886	120.117	65.3738	120.117	66.4202	120.117	65.3181	120.117	66.3342	120.117	65.2827	120.117	66.2358	120.117	65.2666	120.117	66.1302	120.117	65.2678	120.117	66.0228	120.117	65.2837	120.117	65.918	120.117	65.3119	120.117	65.8193	120.117	65.3499	120.117	65.7287	120.117	65.3958	120.117	65.6467	120.117	65.4484	120.117	65.5733	120.117	65.5074
125.977	66.4378	125.977	66.3183	125.977	66.5413	125.977	66.188	125.977	66.6243	125.977	66.0528	125.977	66.6833	125.977	65.9184	125.977	66.716	125.977	65.7906	125.977	66.7213	125.977	65.6745	125.977	66.6996	125.977	65.5743	125.977	66.6524	125.977	65.493	125.977	66.5828	125.977	65.4324	125.977	66.4948	125.977	65.3927	125.977	66.3934	125.977	65.3732	125.977	66.2839	125.977	65.3719	125.977	66.1715	125.977	65.3866	125.977	66.0609	125.977	65.4146	125.977	65.9559	125.977	65.4536	125.977	65.8588	125.977	65.5015	125.977	65.7706	125.977	65.5573	125.977	65.6914	125.977	65.6205
128.906	66.5046	128.906	66.3863	128.906	66.6068	128.906	66.2573	128.906	66.6886	128.906	66.1232	128.906	66.7463	128.906	65.99	128.906	66.7778	128.906	65.8633	128.906	66.782	128.906	65.7483	128.906	66.7592	128.906	65.6492	128.906	66.7114	128.906	65.5688	128.906	66.6415	128.906	65.5089	128.906	66.5536	128.906	65.4699	128.906	66.4526	128.906	65.4507	128.906	66.344	128.906	65.4496	128.906	66.233	128.906	65.4641	128.906	66.1242	128.906	65.4918	128.906	66.0212	128.906	65.5301	128.906	65.9262	128.906	65.5772	128.906	65.84	128.906	65.6318	128.906	65.7627	128.906	65.6936
134.766	66.611	134.766	66.494	134.766	66.7113	134.766	66.3658	134.766	66.7904	134.766	66.2323	134.766	66.8449	134.766	66.0995	134.766	66.8727	134.766	65.9733	134.766	66.873	134.766	65.8592	134.766	66.8465	134.766	65.7613	134.766	66.7953	134.766	65.6826	134.766	66.7229	134.766	65.6248	134.766	66.6337	134.766	65.588	134.766	66.5329	134.766	65.5711	134.766	66.426	134.766	65.5721	134.766	66.3182	134.766	65.5882	134.766	66.2139	134.766	65.6167	134.766	66.1164	134.766	65.6549	134.766	66.0274	134.766	65.7008	134.766	65.9473	134.766	65.7529	134.766	65.8755	134.766	65.8111
137.695	66.6648	137.695	66.5481	137.695	66.7646	137.695	66.4197	137.695	66.8426	137.695	66.2859	137.695	66.8956	137.695	66.1528	137.695	66.9214	137.695	66.0264	137.695	66.9193	137.695	65.9121	137.695	66.8901	137.695	65.8143	137.695	66.8362	137.695	65.736	137.695	66.7612	137.695	65.6787	137.695	66.6698	137.695	65.6425	137.695	66.5674	137.695	65.6261	137.695	66.4597	137.695	65.6274	137.695	66.352	137.695	65.6436	137.695	66.2489	137.695	65.6718	137.695	66.1533	137.695	65.7092	137.695	66.0669	137.695	65.7536	137.695	65.9898	137.695	65.8038	137.695	65.9211	137.695	65.8595
143.555	66.8149	143.555	66.6977	143.555	66.9142	143.555	66.5682	143.555	66.9906	143.555	66.4327	143.555	67.0406	143.555	66.298	143.555	67.0621	143.555	66.1702	143.555	67.0543	143.555	66.055	143.555	67.0183	143.555	65.9568	143.555	66.9569	143.555	65.8786	143.555	66.874	143.555	65.8218	143.555	66.775	143.555	65.7862	143.555	66.6661	143.555	65.7703	143.555	66.5537	143.555	65.7716	143.555	66.4437	143.555	65.7871	143.555	66.341	143.555	65.8135	143.555	66.2484	143.555	65.8478	143.555	66.1672	143.555	65.8879	143.555	66.0968	143.555	65.9325	143.555	66.0356	143.555	65.9814
149.414	66.8408	149.414	66.7196	149.414	66.9434	149.414	66.5859	149.414	67.0225	149.414	66.4464	149.414	67.0742	149.414	66.3081	149.414	67.0962	149.414	66.1775	149.414	67.088	149.414	66.0605	149.414	67.0505	149.414	65.9618	149.414	66.9863	149.414	65.8841	149.414	66.8996	149.414	65.8288	149.414	66.7959	149.414	65.7953	149.414	66.6818	149.414	65.7817	149.414	66.5642	149.414	65.785	149.414	66.4495	149.414	65.8018	149.414	66.3431	149.414	65.8285	149.414	66.2485	149.414	65.8621	149.414	66.167	149.414	65.9004	149.414	66.0979	149.414	65.9423	149.414	66.0391	149.414	65.9881
155.273	66.9025	155.273	66.7773	155.273	67.0081	155.273	66.6389	155.273	67.089	155.273	66.4944	155.273	67.1413	155.273	66.3512	155.273	67.1627	155.273	66.2163	155.273	67.1526	155.273	66.096	155.273	67.1121	155.273	65.9951	155.273	67.044	155.273	65.9167	155.273	66.9529	155.273	65.862	155.273	66.8445	155.273	65.8302	155.273	66.7259	155.273	65.819	155.273	66.6044	155.273	65.8251	155.273	66.4869	155.273	65.8446	155.273	66.379	155.273	65.8735	155.273	66.2843	155.273	65.9084	155.273	66.2041	155.273	65.947	155.273	66.1371	155.273	65.9881	155.273	66.0809	155.273	66.0322
158.203	66.9202	158.203	66.7916	158.203	67.029	158.203	66.6497	158.203	67.1126	158.203	66.5017	158.203	67.1671	158.203	66.3553	158.203	67.1902	158.203	66.2177	158.203	67.1812	158.203	66.0954	158.203	67.1413	158.203	65.9934	158.203	67.0731	158.203	65.9148	158.203	66.9813	158.203	65.8606	158.203	66.8716	158.203	65.8299	158.203	66.7512	158.203	65.8204	158.203	66.6273	158.203	65.8283	158.203	66.5072	158.203	65.8495	158.203	66.3968	158.203	65.88	158.203	66.2999	158.203	65.9163	158.203	66.2177	158.203	65.9559	158.203	66.1494	158.203	65.9979	158.203	66.0921	158.203	66.0426
164.062	66.9465	164.062	66.8124	164.062	67.0595	164.062	66.664	164.062	67.146	164.062	66.5089	164.062	67.2022	164.062	66.3551	164.062	67.2261	164.062	66.2108	164.062	67.2172	164.062	66.0829	164.062	67.177	164.062	65.9771	164.062	67.1086	164.062	65.8969	164.062	67.0165	164.062	65.8435	164.062	66.9069	164.062	65.816	164.062	66.7867	164.062	65.8116	164.062	66.6636	164.062	65.8261	164.062	66.5445	164.062	65.8549	164.062	66.4352	164.062	65.8931	164.062	66.3393	164.062	65.9367	164.062	66.2578	164.062	65.9829	164.062	66.1893	164.062	66.0302	164.062	66.1309	164.062	66.0789
169.922	67.0456	169.922	66.9075	169.922	67.1602	169.922	66.7529	169.922	67.246	169.922	66.5895	169.922	67.2993	169.922	66.426	169.922	67.3181	169.922	66.2708	169.922	67.3023	169.922	66.1318	169.922	67.2537	169.922	66.0152	169.922	67.1757	169.922	65.9254	169.922	67.0736	169.922	65.8643	169.922	66.954	169.922	65.8312	169.922	66.8248	169.922	65.8236	169.922	66.694	169.922	65.8371	169.922	66.5692	169.922	65.8667	169.922	66.4564	169.922	65.907	169.922	66.3592	169.922	65.9533	169.922	66.2778	169.922	66.0021	169.922	66.2103	169.922	66.0513	169.922	66.1527	169.922	66.1008
175.781	67.0723	175.781	66.9323	175.781	67.1883	175.781	66.7752	175.781	67.2748	175.781	66.6087	175.781	67.3281	175.781	66.4416	175.781	67.3463	175.781	66.2823	175.781	67.329	175.781	66.1385	175.781	67.278	175.781	66.0168	175.781	67.1965	175.781	65.9213	175.781	67.0896	175.781	65.8541	175.781	66.964	175.781	65.8149	175.781	66.8273	175.781	65.8011	175.781	66.6882	175.781	65.8089	175.781	66.5547	175.781	65.8332	175.781	66.4336	175.781	65.8691	175.781	66.3288	175.781	65.9119	175.781	66.2414	175.781	65.9583	175.781	66.1693	175.781	66.0062	175.781	66.1089	175.781	66.0557
181.641	67.0734	181.641	66.9299	181.641	67.1922	181.641	66.7685	181.641	67.2807	181.641	66.5977	181.641	67.3352	181.641	66.4263	181.641	67.3539	181.641	66.2635	181.641	67.3369	181.641	66.1175	181.641	67.286	181.641	65.995	181.641	67.2046	181.641	65.9005	181.641	67.0982	181.641	65.836	181.641	66.9733	181.641	65.8008	181.641	66.8379	181.641	65.7922	181.641	66.7004	181.641	65.8056	181.641	66.5688	181.641	65.8358	181.641	66.4498	181.641	65.8772	181.641	66.3472	181.641	65.925	181.641	66.2616	181.641	65.9753	181.641	66.191	181.641	66.0261	181.641	66.1311	181.641	66.0773
190.43	67.067	190.43	66.9218	190.43	67.1858	190.43	66.7573	190.43	67.2731	190.43	66.5818	190.43	67.3254	190.43	66.4047	190.43	67.3412	190.43	66.2353	190.43	67.3209	190.43	66.0823	190.43	67.2666	190.43	65.9531	190.43	67.1821	190.43	65.8527	190.43	67.0728	190.43	65.7836	190.43	66.9455	190.43	65.7454	190.43	66.808	190.43	65.7354	190.43	66.6689	190.43	65.7493	190.43	66.5363	190.43	65.7814	190.43	66.4166	190.43	65.8259	190.43	66.3138	190.43	65.8774	190.43	66.2281	190.43	65.9317	190.43	66.1569	190.43	65.9861	190.43	66.0959	190.43	66.0402
196.289	67.096	196.289	66.9536	196.289	67.2109	196.289	66.7906	196.289	67.293	196.289	66.6157	196.289	67.339	196.289	66.4381	196.289	67.3477	196.289	66.2674	196.289	67.3198	196.289	66.1125	196.289	67.258	196.289	65.981	196.289	67.1666	196.289	65.8782	196.289	67.0518	196.289	65.8066	196.289	66.921	196.289	65.7663	196.289	66.7827	196.289	65.7549	196.289	66.6456	196.289	65.7681	196.289	66.5178	196.289	65.8004	196.289	66.4051	196.289	65.8458	196.289	66.3104	196.289	65.8986	196.289	66.233	196.289	65.9539	196.289	66.1692	196.289	66.0085	196.289	66.1136	196.289	66.0613
202.148	67.049	202.148	66.9078	202.148	67.1628	202.148	66.7465	202.148	67.2437	202.148	66.574	202.148	67.2881	202.148	66.3997	202.148	67.2943	202.148	66.2331	202.148	67.2631	202.148	66.0829	202.148	67.197	202.148	65.956	202.148	67.1004	202.148	65.8571	202.148	66.9795	202.148	65.7883	202.148	66.8424	202.148	65.7491	202.148	66.6981	202.148	65.7368	202.148	66.5563	202.148	65.7472	202.148	66.4259	202.148	65.7751	202.148	66.3134	202.148	65.8148	202.148	66.2216	202.148	65.861	202.148	66.1495	202.148	65.9091	202.148	66.0926	202.148	65.956	202.148	66.0449	202.148	66.0007
210.938	66.9429	210.938	66.7979	210.938	67.0591	210.938	66.6319	210.938	67.1402	210.938	66.4549	210.938	67.1827	210.938	66.2773	210.938	67.1852	210.938	66.1099	210.938	67.1487	210.938	65.9622	210.938	67.0765	210.938	65.8415	210.938	66.9738	210.938	65.7523	210.938	66.848	210.938	65.696	210.938	66.7079	210.938	65.671	210.938	66.5638	210.938	65.6732	210.938	66.4261	210.938	65.697	210.938	66.3039	210.938	65.7362	210.938	66.2035	210.938	65.7842	210.938	66.1268	210.938	65.8351	210.938	66.0712	210.938	65.8839	210.938	66.0306	210.938	65.9274	210.938	65.9974	210.938	65.9646
216.797	66.8604	216.797	66.7336	216.797	66.9565	216.797	66.5835	216.797	67.0164	216.797	66.4186	216.797	67.0372	216.797	66.2478	216.797	67.0183	216.797	66.0798	216.797	66.9625	216.797	65.9221	216.797	66.8748	216.797	65.7809	216.797	66.7628	216.797	65.6609	216.797	66.6353	216.797	65.5654	216.797	66.5016	216.797	65.4967	216.797	66.3705	216.797	65.4558	216.797	66.2491	216.797	65.4425	216.797	66.1421	216.797	65.455	216.797	66.0512	216.797	65.4896	216.797	65.9752	216.797	65.5409	216.797	65.9103	216.797	65.6024	216.797	65.8513	216.797	65.6679	216.797	65.7931	216.797	65.7322
225.586	66.8233	225.586	66.6831	225.586	66.9281	225.586	66.5158	225.586	66.9915	225.586	66.3308	225.586	67.0099	225.586	66.1384	225.586	66.983	225.586	65.9486	225.586	66.9134	225.586	65.7703	225.586	66.8069	225.586	65.611	225.586	66.6719	225.586	65.4764	225.586	66.5188	225.586	65.3704	225.586	66.3589	225.586	65.2956	225.586	66.2033	225.586	65.2529	225.586	66.0615	225.586	65.2415	225.586	65.94	225.586	65.2585	225.586	65.8416	225.586	65.2988	225.586	65.7647	225.586	65.3555	225.586	65.7042	225.586	65.4204	225.586	65.6525	225.586	65.4862	225.586	65.6021	225.586	65.5474
234.375	66.78	234.375	66.6305	234.375	66.8906	234.375	66.4504	234.375	66.9567	234.375	66.2492	234.375	66.9753	234.375	66.0375	234.375	66.9462	234.375	65.8261	234.375	66.8726	234.375	65.6251	234.375	66.7604	234.375	65.4433	234.375	66.6178	234.375	65.2879	234.375	66.4551	234.375	65.1646	234.375	66.2836	234.375	65.077	234.375	66.1142	234.375	65.0269	234.375	65.9569	234.375	65.0137	234.375	65.8194	234.375	65.0339	234.375	65.7057	234.375	65.0812	234.375	65.6155	234.375	65.1469	234.375	65.5442	234.375	65.2214	234.375	65.4841	234.375	65.2961	234.375	65.4267	234.375	65.365
240.234	66.7829	240.234	66.634	240.234	66.8894	240.234	66.4506	240.234	66.9482	240.234	66.2422	240.234	66.9562	240.234	66.0192	240.234	66.9139	240.234	65.7922	240.234	66.8248	240.234	65.5714	240.234	66.6956	240.234	65.3663	240.234	66.5358	240.234	65.1852	240.234	66.3568	240.234	65.0353	240.234	66.1709	240.234	64.9228	240.234	65.9899	240.234	64.8516	240.234	65.8242	240.234	64.8232	240.234	65.681	240.234	64.8353	240.234	65.5638	240.234	64.8816	240.234	65.471	240.234	64.9522	240.234	65.397	240.234	65.0354	240.234	65.3329	240.234	65.1205	240.234	65.2693	240.234	65.1994
249.023	66.8952	249.023	66.746	249.023	67.0008	249.023	66.5616	249.023	67.0563	249.023	66.3517	249.023	67.0579	249.023	66.1264	249.023	67.0044	249.023	65.8953	249.023	66.8982	249.023	65.6675	249.023	66.7449	249.023	65.4507	249.023	66.5534	249.023	65.2517	249.023	66.3354	249.023	65.0768	249.023	66.1048	249.023	64.9321	249.023	65.8765	249.023	64.8228	249.023	65.6649	249.023	64.7528	249.023	65.4814	249.023	64.7233	249.023	65.3327	249.023	64.7308	249.023	65.2191	249.023	64.768	249.023	65.1347	249.023	64.8242	249.023	65.069	249.023	64.8881	249.023	65.0107	249.023	64.9514
257.812	66.9205	257.812	66.7653	257.812	67.0333	257.812	66.5764	257.812	67.0969	257.812	66.3639	257.812	67.107	257.812	66.1382	257.812	67.0623	257.812	65.9092	257.812	66.9645	257.812	65.6857	257.812	66.8182	257.812	65.475	257.812	66.6313	257.812	65.2831	257.812	66.4144	257.812	65.1153	257.812	66.1802	257.812	64.9764	257.812	65.9434	257.812	64.8711	257.812	65.7189	257.812	64.8024	257.812	65.5199	257.812	64.7711	257.812	65.3559	257.812	64.7741	257.812	65.23	257.812	64.8045	257.812	65.1381	257.812	64.8521	257.812	65.0703	257.812	64.9071	257.812	65.0148	257.812	64.9619
266.602	66.8711	266.602	66.7093	266.602	66.9903	266.602	66.5142	266.602	67.0596	266.602	66.2963	266.602	67.0744	266.602	66.0667	266.602	67.0331	266.602	65.8356	266.602	66.9371	266.602	65.612	266.602	66.7909	266.602	65.4032	266.602	66.6018	266.602	65.2151	266.602	66.3804	266.602	65.0527	266.602	66.1396	266.602	64.9208	266.602	65.895	266.602	64.8238	266.602	65.6631	266.602	64.7648	266.602	65.4594	266.602	64.7439	266.602	65.2955	266.602	64.7571	266.602	65.1753	266.602	64.7958	266.602	65.0939	266.602	64.8486	266.602	65.0394	266.602	64.9038	266.602	64.9967	266.602	64.9536
278.32	66.8205	278.32	66.6381	278.32	66.9587	278.32	66.4215	278.32	67.0453	278.32	66.1825	278.32	67.0756	278.32	65.9331	278.32	67.048	278.32	65.6848	278.32	66.964	278.32	65.4474	278.32	66.8279	278.32	65.2284	278.32	66.6461	278.32	65.0337	278.32	66.4276	278.32	64.8678	278.32	66.1835	278.32	64.735	278.32	65.9272	278.32	64.6394	278.32	65.6745	278.32	64.5837	278.32	65.4424	278.32	64.5678	278.32	65.2458	278.32	64.5871	278.32	65.0936	278.32	64.632	278.32	64.9854	278.32	64.6905	278.32	64.9114	278.32	64.7508	278.32	64.8565	278.32	64.8059
287.109	66.7738	287.109	66.581	287.109	66.9202	287.109	66.3515	287.109	67.0132	287.109	66.097	287.109	67.0489	287.109	65.8301	287.109	67.0263	287.109	65.5633	287.109	66.9475	287.109	65.3079	287.109	66.8171	287.109	65.0732	287.109	66.6417	287.109	64.8667	287.109	66.4302	287.109	64.6947	287.109	66.1935	287.109	64.5629	287.109	65.945	287.109	64.476	287.109	65.6999	287.109	64.437	287.109	65.4748	287.109	64.4445	287.109	65.2839	287.109	64.492	287.109	65.1351	287.109	64.5672	287.109	65.0271	287.109	64.655	287.109	64.9487	287.109	64.7415	287.109	64.8841	287.109	64.8179
295.898	66.7122	295.898	66.5314	295.898	66.8464	295.898	66.3126	295.898	66.9277	295.898	66.0664	295.898	66.9525	295.898	65.8038	295.898	66.9204	295.898	65.5357	295.898	66.8335	295.898	65.2715	295.898	66.6961	295.898	65.02	295.898	66.5147	295.898	64.7888	295.898	66.2973	295.898	64.5864	295.898	66.0542	295.898	64.422	295.898	65.7984	295.898	64.3053	295.898	65.5459	295.898	64.2439	295.898	65.3146	295.898	64.2401	295.898	65.1203	295.898	64.2877	295.898	64.972	295.898	64.3722	295.898	64.8673	295.898	64.474	295.898	64.793	295.898	64.574	295.898	64.7298	295.898	64.6599
307.617	66.4622	307.617	66.2761	307.617	66.6022	307.617	66.0542	307.617	66.6887	307.617	65.8089	307.617	66.7179	307.617	65.5527	307.617	66.6893	307.617	65.2971	307.617	66.6057	307.617	65.0509	307.617	66.4719	307.617	64.8201	307.617	66.2947	307.617	64.6089	307.617	66.0818	307.617	64.4219	307.617	65.8426	307.617	64.265	307.617	65.5889	307.617	64.1466	307.617	65.336	307.617	64.0755	307.617	65.1017	307.617	64.0573	307.617	64.9029	307.617	64.0897	307.617	64.7503	307.617	64.1618	307.617	64.6427	307.617	64.2553	307.617	64.5671	307.617	64.3508	307.617	64.5037	307.617	64.4346
319.336	66.3776	319.336	66.1694	319.336	66.5329	319.336	65.9198	319.336	66.6274	319.336	65.6431	319.336	66.6573	319.336	65.3544	319.336	66.6227	319.336	65.0682	319.336	66.5271	319.336	64.7958	319.336	66.3764	319.336	64.5452	319.336	66.1782	319.336	64.3218	319.336	65.941	319.336	64.1298	319.336	65.6751	319.336	63.9747	319.336	65.3935	319.336	63.8636	319.336	65.1136	319.336	63.8041	319.336	64.856	319.336	63.8	319.336	64.6416	319.336	63.8471	319.336	64.4834	319.336	63.9316	319.336	64.3803	319.336	64.0329	319.336	64.3162	319.336	64.1299	319.336	64.2664	319.336	64.2084
331.055	66.4617	331.055	66.2376	331.055	66.6281	331.055	65.9664	331.055	66.7296	331.055	65.6618	331.055	66.7629	331.055	65.3388	331.055	66.7282	331.055	65.012	331.055	66.6283	331.055	64.6939	331.055	66.468	331.055	64.3944	331.055	66.253	331.055	64.1211	331.055	65.9897	331.055	63.8813	331.055	65.6868	331.055	63.6842	331.055	65.3569	331.055	63.5406	331.055	65.0194	331.055	63.4611	331.055	64.7005	331.055	63.4504	331.055	64.4288	331.055	63.5023	331.055	64.2253	331.055	63.5984	331.055	64.0934	331.055	63.7124	331.055	64.0156	331.055	63.8189	331.055	63.9617	331.055	63.9019
342.773	66.3758	342.773	66.159	342.773	66.5354	342.773	65.896	342.773	66.6313	342.773	65.6003	342.773	66.6608	342.773	65.2867	342.773	66.6254	342.773	64.9687	342.773	66.5292	342.773	64.6572	342.773	66.3778	342.773	64.3591	342.773	66.1765	342.773	64.0791	342.773	65.9301	342.773	63.822	342.773	65.6437	342.773	63.5963	342.773	65.3253	342.773	63.4148	342.773	64.9897	342.773	63.2933	342.773	64.6598	342.773	63.2435	342.773	64.3643	342.773	63.2662	342.773	64.1277	342.773	63.3468	342.773	63.9591	342.773	63.4594	342.773	63.8462	342.773	63.5757	342.773	63.7618	342.773	63.6771
354.492	66.4404	354.492	66.2274	354.492	66.5942	354.492	65.966	354.492	66.6803	354.492	65.668	354.492	66.6927	354.492	65.3451	354.492	66.6283	354.492	65.0072	354.492	66.4873	354.492	64.6619	354.492	66.2736	354.492	64.3156	354.492	65.9955	354.492	63.9762	354.492	65.6669	354.492	63.6569	354.492	65.3077	354.492	63.3784	354.492	64.9437	354.492	63.1677	354.492	64.604	354.492	63.0511	354.492	64.3172	354.492	63.0417	354.492	64.1035	354.492	63.1302	354.492	63.9677	354.492	63.2848	354.492	63.8954	354.492	63.4625	354.492	63.8566	354.492	63.6235	354.492	63.8158	354.492	63.743
366.211	66.4441	366.211	66.2151	366.211	66.6163	366.211	65.9399	366.211	66.7227	366.211	65.6297	366.211	66.7559	366.211	65.2948	366.211	66.7105	366.211	64.9435	366.211	66.5825	366.211	64.5814	366.211	66.3702	366.211	64.2122	366.211	66.0761	366.211	63.842	366.211	65.7086	366.211	63.4831	366.211	65.2854	366.211	63.1582	366.211	64.8354	366.211	62.8998	366.211	64.3985	366.211	62.7424	366.211	64.02	366.211	62.7068	366.211	63.7381	366.211	62.7861	366.211	63.5684	366.211	62.9442	366.211	63.4946	366.211	63.1293	366.211	63.4749	366.211	63.293	366.211	63.4586	366.211	63.4046
377.93	66.3799	377.93	66.1479	377.93	66.5615	377.93	65.8745	377.93	66.6853	377.93	65.5698	377.93	66.746	377.93	65.2431	377.93	66.7389	377.93	64.9011	377.93	66.6596	377.93	64.5472	377.93	66.5036	377.93	64.1826	377.93	66.2672	377.93	63.8103	377.93	65.95	377.93	63.4401	377.93	65.5581	377.93	63.0935	377.93	65.1086	377.93	62.8049	377.93	64.6325	377.93	62.6134	377.93	64.1755	377.93	62.5463	377.93	63.7893	377.93	62.6014	377.93	63.5132	377.93	62.7433	377.93	63.3541	377.93	62.9177	377.93	63.2811	377.93	63.0737	377.93	63.2406	377.93	63.1814
392.578	66.0244	392.578	65.8053	392.578	66.1953	392.578	65.5469	392.578	66.3136	392.578	65.2607	392.578	66.3787	392.578	64.9578	392.578	66.3926	392.578	64.6457	392.578	66.3567	392.578	64.3264	392.578	66.2701	392.578	63.9974	392.578	66.1281	392.578	63.6561	392.578	65.9236	392.578	63.3067	392.578	65.6503	392.578	62.967	392.578	65.3086	392.578	62.6723	392.578	64.9119	392.578	62.4682	392.578	64.4907	392.578	62.3929	392.578	64.0911	392.578	62.4533	392.578	63.7613	392.578	62.6165	392.578	63.5284	392.578	62.8238	392.578	63.3823	392.578	63.0191	392.578	63.2801	392.578	63.1704
407.227	65.9809	407.227	65.7495	407.227	66.1503	407.227	65.4658	407.227	66.2534	407.227	65.1435	407.227	66.2912	407.227	64.7979	407.227	66.2687	407.227	64.4424	407.227	66.1922	407.227	64.0867	407.227	66.0675	407.227	63.7364	407.227	65.8971	407.227	63.3949	407.227	65.6809	407.227	63.0688	407.227	65.4179	407.227	62.7722	407.227	65.1108	407.227	62.5296	407.227	64.7707	407.227	62.3716	407.227	64.4201	407.227	62.3231	407.227	64.0904	407.227	62.3888	407.227	63.8115	407.227	62.5457	407.227	63.5969	407.227	62.7512	407.227	63.4353	407.227	62.9604	407.227	63.2954	407.227	63.1436
421.875	65.9968	421.875	65.73	421.875	66.1864	421.875	65.399	421.875	66.2933	421.875	65.0236	421.875	66.3188	421.875	64.6289	421.875	66.2697	421.875	64.2411	421.875	66.1561	421.875	63.883	421.875	65.9896	421.875	63.5695	421.875	65.7803	421.875	63.3063	421.875	65.5357	421.875	63.0923	421.875	65.2609	421.875	62.9242	421.875	64.9607	421.875	62.802	421.875	64.6436	421.875	62.7302	421.875	64.3255	421.875	62.715	421.875	64.0293	421.875	62.7579	421.875	63.7783	421.875	62.8504	421.875	63.5849	421.875	62.9729	421.875	63.4431	421.875	63.1024	421.875	63.3307	421.875	63.2222
436.523	65.7887	436.523	65.502	436.523	65.9897	436.523	65.1361	436.523	66.1041	436.523	64.7046	436.523	66.1353	436.523	64.2291	436.523	66.0897	436.523	63.739	436.523	65.9748	436.523	63.2701	436.523	65.7992	436.523	62.8602	436.523	65.5722	436.523	62.5429	436.523	65.3046	436.523	62.3403	436.523	65.0105	436.523	62.2587	436.523	64.7077	436.523	62.289	436.523	64.4177	436.523	62.4103	436.523	64.163	436.523	62.596	436.523	63.9621	436.523	62.8168	436.523	63.8226	436.523	63.0445	436.523	63.7368	436.523	63.2535	436.523	63.6821	436.523	63.4247	436.523	63.6285	436.523	63.5485
451.172	65.5766	451.172	65.3174	451.172	65.7466	451.172	64.9683	451.172	65.8327	451.172	64.5348	451.172	65.8439	451.172	64.0294	451.172	65.7906	451.172	63.4728	451.172	65.6815	451.172	62.8959	451.172	65.5223	451.172	62.3408	451.172	65.3146	451.172	61.8598	451.172	65.059	451.172	61.5085	451.172	64.7592	451.172	61.3316	451.172	64.4282	451.172	61.3454	451.172	64.0917	451.172	61.5297	451.172	63.7874	451.172	61.835	451.172	63.5541	451.172	62.1991	451.172	63.4142	451.172	62.5629	451.172	63.359	451.172	62.8795	451.172	63.35	451.172	63.1184	451.172	63.335	451.172	63.2675
465.82	65.4891	465.82	65.2775	465.82	65.6027	465.82	64.9636	465.82	65.6273	465.82	64.5481	465.82	65.5761	465.82	64.0366	465.82	65.4645	465.82	63.4411	465.82	65.3077	465.82	62.7826	465.82	65.1167	465.82	62.0956	465.82	64.8964	465.82	61.4323	465.82	64.6458	465.82	60.8638	465.82	64.3626	465.82	60.4694	465.82	64.0501	465.82	60.3103	465.82	63.723	465.82	60.3987	465.82	63.4102	465.82	60.6896	465.82	63.1469	465.82	61.1016	465.82	62.9585	465.82	61.549	465.82	62.8434	465.82	61.9626	465.82	62.7682	465.82	62.2977	465.82	62.6817	465.82	62.5352
483.398	65.2721	483.398	65.1812	483.398	65.2761	483.398	64.9978	483.398	65.2024	483.398	64.7185	483.398	65.0655	483.398	64.3408	483.398	64.885	483.398	63.8635	483.398	64.6819	483.398	63.2889	483.398	64.4719	483.398	62.6271	483.398	64.2591	483.398	61.901	483.398	64.0342	483.398	61.1535	483.398	63.78	483.398	60.452	483.398	63.4832	483.398	59.8836	483.398	63.1446	483.398	59.5329	483.398	62.7849	483.398	59.4448	483.398	62.4377	483.398	59.5999	483.398	62.1328	483.398	59.9256	483.398	61.8765	483.398	60.3313	483.398	61.6452	483.398	60.7397	483.398	61.3986	483.398	61.1011
500.977	65.397	500.977	65.2095	500.977	65.4819	500.977	64.9398	500.977	65.4439	500.977	64.6034	500.977	65.2671	500.977	64.2102	500.977	64.9459	500.977	63.7663	500.977	64.49	500.977	63.2798	500.977	63.9296	500.977	62.7687	500.977	63.3168	500.977	62.268	500.977	62.7209	500.977	61.8293	500.977	62.2133	500.977	61.5095	500.977	61.8459	500.977	61.3461	500.977	61.6377	500.977	61.3369	500.977	61.5758	500.977	61.4415	500.977	61.6262	500.977	61.603	500.977	61.7434	500.977	61.7719	500.977	61.8796	500.977	61.916	500.977	61.9939	500.977	62.0178	500.977	62.0601	500.977	62.0678
518.555	65.5942	518.555	65.2736	518.555	65.8565	518.555	64.9096	518.555	66.0414	518.555	64.5071	518.555	66.1293	518.555	64.0578	518.555	66.1018	518.555	63.541	518.555	65.9413	518.555	62.9311	518.555	65.6304	518.555	62.2122	518.555	65.1524	518.555	61.4018	518.555	64.494	518.555	60.584	518.555	63.6549	518.555	59.9366	518.555	62.6669	518.555	59.6816	518.555	61.6301	518.555	59.9149	518.555	60.7485	518.555	60.4975	518.555	60.2852	518.555	61.1825	518.555	60.3636	518.555	61.7761	518.555	60.8333	518.555	62.1744	518.555	61.4236	518.555	62.3352	518.555	61.9307	518.555	62.2494
536.133	64.7546	536.133	64.4484	536.133	65.0184	536.133	64.1208	536.133	65.2242	536.133	63.7921	536.133	65.3624	536.133	63.4721	536.133	65.4269	536.133	63.1521	536.133	65.4103	536.133	62.8048	536.133	65.3008	536.133	62.3921	536.133	65.0814	536.133	61.8793	536.133	64.732	536.133	61.2524	536.133	64.2346	536.133	60.5394	536.133	63.5826	536.133	59.835	536.133	62.7948	536.133	59.3061	536.133	61.9372	536.133	59.1226	536.133	61.1412	536.133	59.3176	536.133	60.5782	536.133	59.7432	536.133	60.354	536.133	60.1901	536.133	60.4068	536.133	60.5045	536.133	60.5541	536.133	60.6202
553.711	64.2328	553.711	63.933	553.711	64.4545	553.711	63.5775	553.711	64.5931	553.711	63.2027	553.711	64.659	553.711	62.8486	553.711	64.6702	553.711	62.5425	553.711	64.6431	553.711	62.2864	553.711	64.5812	553.711	62.0559	553.711	64.4701	553.711	61.8127	553.711	64.2795	553.711	61.5234	553.711	63.9734	553.711	61.1766	553.711	63.5245	553.711	60.7955	553.711	62.9315	553.711	60.4436	553.711	62.2403	553.711	60.2106	553.711	61.5597	553.711	60.1666	553.711	61.041	553.711	60.3065	553.711	60.7894	553.711	60.5424	553.711	60.7719	553.711	60.7562	553.711	60.8441	553.711	60.8621
574.219	64.5393	574.219	64.2734	574.219	64.6902	574.219	63.8998	574.219	64.7294	574.219	63.4364	574.219	64.6708	574.219	62.9092	574.219	64.5358	574.219	62.3492	574.219	64.3488	574.219	61.7881	574.219	64.1294	574.219	61.2539	574.219	63.8843	574.219	60.7686	574.219	63.6029	574.219	60.3478	574.219	63.2594	574.219	60.0042	574.219	62.8247	574.219	59.7508	574.219	62.2842	574.219	59.6043	574.219	61.6619	574.219	59.5804	574.219	61.0397	574.219	59.6799	574.219	60.5466	574.219	59.8727	574.219	60.287	574.219	60.0954	574.219	60.2499	574.219	60.2715	574.219	60.314	574.219	60.3452
594.727	64.5052	594.727	64.3152	594.727	64.586	594.727	64.0243	594.727	64.5607	594.727	63.6494	594.727	64.4427	594.727	63.2131	594.727	64.2531	594.727	62.7374	594.727	64.0158	594.727	62.2403	594.727	63.7504	594.727	61.7343	594.727	63.465	594.727	61.2297	594.727	63.1504	594.727	60.7396	594.727	62.7812	594.727	60.2834	594.727	62.325	594.727	59.888	594.727	61.7597	594.727	59.5838	594.727	61.0991	594.727	59.3976	594.727	60.4182	594.727	59.3395	594.727	59.852	594.727	59.3895	594.727	59.5273	594.727	59.4932	594.727	59.4564	594.727	59.5789	594.727	59.5241	594.727	59.5902
615.234	64.4428	615.234	64.2849	615.234	64.4672	615.234	64.002	615.234	64.3643	615.234	63.6146	615.234	64.1544	615.234	63.1507	615.234	63.8696	615.234	62.6395	615.234	63.548	615.234	62.1075	615.234	63.224	615.234	61.5773	615.234	62.918	615.234	61.0703	615.234	62.6272	615.234	60.6109	615.234	62.3239	615.234	60.2253	615.234	61.9646	615.234	59.9352	615.234	61.5098	615.234	59.7501	615.234	60.9512	615.234	59.6624	615.234	60.3392	615.234	59.6498	615.234	59.7917	615.234	59.6775	615.234	59.4462	615.234	59.7018	615.234	59.3573	615.234	59.6793	615.234	59.4482	615.234	59.5865
638.672	65.4309	638.672	65.242	638.672	65.4531	638.672	64.9032	638.672	65.3078	638.672	64.4455	638.672	65.0099	638.672	63.9077	638.672	64.5869	638.672	63.3268	638.672	64.0751	638.672	62.7287	638.672	63.5164	638.672	62.1257	638.672	62.9551	638.672	61.5244	638.672	62.4324	638.672	60.9403	638.672	61.9737	638.672	60.4118	638.672	61.5763	638.672	60.0018	638.672	61.2127	638.672	59.778	638.672	60.8582	638.672	59.7716	638.672	60.5268	638.672	59.9471	638.672	60.2826	638.672	60.2113	638.672	60.1993	638.672	60.4548	638.672	60.2841	638.672	60.5916	638.672	60.4522	638.672	60.5833
659.18	66.1936	659.18	66.0288	659.18	66.1864	659.18	65.7042	659.18	66.0129	659.18	65.249	659.18	65.6944	659.18	64.7045	659.18	65.2619	659.18	64.1163	659.18	64.7491	659.18	63.5236	659.18	64.1844	659.18	62.9515	659.18	63.5887	659.18	62.4099	659.18	62.9786	659.18	61.9001	659.18	62.3698	659.18	61.4263	659.18	61.7779	659.18	61.006	659.18	61.2174	659.18	60.6764	659.18	60.7114	659.18	60.4868	659.18	60.3133	659.18	60.4688	659.18	60.1074	659.18	60.5974	659.18	60.1509	659.18	60.782	659.18	60.3925	659.18	60.9053	659.18	60.6841	659.18	60.8789
682.617	66.2799	682.617	66.116	682.617	66.2617	682.617	65.7818	682.617	66.0701	682.617	65.3072	682.617	65.7344	682.617	64.733	682.617	65.2982	682.617	64.1013	682.617	64.8084	682.617	63.4457	682.617	64.3008	682.617	62.7869	682.617	63.7899	682.617	62.1381	682.617	63.2701	682.617	61.5161	682.617	62.7231	682.617	60.9532	682.617	62.129	682.617	60.5002	682.617	61.4782	682.617	60.216	682.617	60.7941	682.617	60.1398	682.617	60.168	682.617	60.2591	682.617	59.7683	682.617	60.4963	682.617	59.7394	682.617	60.7305	682.617	60.0376	682.617	60.8409	682.617	60.4448	682.617	60.7471
706.055	66.0156	706.055	65.8333	706.055	65.9892	706.055	65.4605	706.055	65.7609	706.055	64.938	706.055	65.3638	706.055	64.3233	706.055	64.854	706.055	63.6794	706.055	64.3011	706.055	63.0583	706.055	63.7694	706.055	62.4878	706.055	63.2956	706.055	61.9691	706.055	62.877	706.055	61.488	706.055	62.4775	706.055	61.0334	706.055	62.0442	706.055	60.6141	706.055	61.5292	706.055	60.2706	706.055	60.9199	706.055	60.0698	706.055	60.2829	706.055	60.0655	706.055	59.7937	706.055	60.2373	706.055	59.6545	706.055	60.4707	706.055	59.8839	706.055	60.6123	706.055	60.2647	706.055	60.5486
732.422	66.1135	732.422	65.895	732.422	66.0955	732.422	65.4579	732.422	65.84	732.422	64.8353	732.422	65.3676	732.422	64.0753	732.422	64.7254	732.422	63.2437	732.422	63.99	732.422	62.4241	732.422	63.2605	732.422	61.7065	732.422	62.6309	732.422	61.1523	732.422	62.1453	732.422	60.7527	732.422	61.7696	732.422	60.4266	732.422	61.4115	732.422	60.0753	732.422	60.9723	732.422	59.661	732.422	60.4027	732.422	59.2702	732.422	59.7592	732.422	59.102	732.422	59.2469	732.422	59.291	732.422	59.1273	732.422	59.7091	732.422	59.4313	732.422	60.0642	732.422	59.8739	732.422	60.1348
758.789	66.4748	758.789	66.2096	758.789	66.4876	758.789	65.7049	758.789	66.2477	758.789	64.984	758.789	65.7721	758.789	64.0832	758.789	65.0995	758.789	63.0611	758.789	64.2938	758.789	62.015	758.789	63.4403	758.789	61.0873	758.789	62.6298	758.789	60.4161	758.789	61.929	758.789	60.03	758.789	61.3554	758.789	59.8006	758.789	60.8743	758.789	59.5384	758.789	60.4239	758.789	59.1325	758.789	59.958	758.789	58.6526	758.789	59.5015	758.789	58.3809	758.789	59.189	758.789	58.5949	758.789	59.192	758.789	59.1856	758.789	59.5039	758.789	59.754	758.789	59.8716	758.789	60.0037
785.156	66.2619	785.156	65.9814	785.156	66.3006	785.156	65.4728	785.156	66.1009	785.156	64.7658	785.156	65.6858	785.156	63.9067	785.156	65.099	785.156	62.963	785.156	64.4029	785.156	62.028	785.156	63.6683	785.156	61.2123	785.156	62.9547	785.156	60.5987	785.156	62.2896	785.156	60.1773	785.156	61.66	785.156	59.8272	785.156	61.0243	785.156	59.3811	785.156	60.3353	785.156	58.7234	785.156	59.572	785.156	57.9001	785.156	58.7931	785.156	57.2386	785.156	58.1981	785.156	57.2107	785.156	58.0474	785.156	57.8111	785.156	58.344	785.156	58.5	785.156	58.7357	785.156	58.8437
811.523	66.1534	811.523	65.8961	811.523	66.1669	811.523	65.3937	811.523	65.954	811.523	64.6583	811.523	65.5505	811.523	63.7172	811.523	65.0084	811.523	62.6266	811.523	64.3857	811.523	61.5012	811.523	63.732	811.523	60.5361	811.523	63.0769	811.523	59.9401	811.523	62.4347	811.523	59.748	811.523	61.817	811.523	59.7442	811.523	61.2361	811.523	59.6322	811.523	60.6871	811.523	59.2133	811.523	60.1374	811.523	58.4767	811.523	59.5705	811.523	57.7106	811.523	59.0735	811.523	57.476	811.523	58.8405	811.523	57.9762	811.523	58.9493	811.523	58.7036	811.523	59.1668	811.523	59.1449
840.82	65.7844	840.82	65.5773	840.82	65.7293	840.82	65.1227	840.82	65.4175	840.82	64.4455	840.82	64.8876	840.82	63.5772	840.82	64.2211	840.82	62.5646	840.82	63.5349	840.82	61.4973	840.82	62.9388	840.82	60.5412	840.82	62.4698	840.82	59.9052	840.82	62.0707	840.82	59.6716	840.82	61.6403	840.82	59.6624	840.82	61.1015	840.82	59.5647	840.82	60.429	840.82	59.1275	840.82	59.6505	840.82	58.2719	840.82	58.8616	840.82	57.2367	840.82	58.2671	840.82	56.716	840.82	58.1108	840.82	57.1819	840.82	58.374	840.82	58.058	840.82	58.6806	840.82	58.6297
870.117	66.3219	870.117	66.0816	870.117	66.28	870.117	65.5748	870.117	65.9515	870.117	64.8186	870.117	65.3555	870.117	63.827	870.117	64.5466	870.117	62.6199	870.117	63.6232	870.117	61.263	870.117	62.7147	870.117	59.95	870.117	61.9302	870.117	59.0462	870.117	61.2948	870.117	58.8273	870.117	60.7436	870.117	59.0818	870.117	60.1809	870.117	59.3136	870.117	59.534	870.117	59.1579	870.117	58.7748	870.117	58.4884	870.117	57.9612	870.117	57.4878	870.117	57.3287	870.117	56.8063	870.117	57.234	870.117	57.0633	870.117	57.6908	870.117	57.8237	870.117	58.208	870.117	58.3034
902.344	66.0099	902.344	65.8166	902.344	65.9334	902.344	65.3736	902.344	65.5754	902.344	64.6989	902.344	64.9451	902.344	63.8007	902.344	64.0867	902.344	62.6839	902.344	63.0936	902.344	61.384	902.344	62.1112	902.344	60.0445	902.344	61.2969	902.344	58.9929	902.344	60.7309	902.344	58.5716	902.344	60.3557	902.344	58.6897	902.344	60.0198	902.344	58.8608	902.344	59.5575	902.344	58.6589	902.344	58.8336	902.344	57.8976	902.344	57.7886	902.344	56.7133	902.344	56.5864	902.344	55.7921	902.344	55.8219	902.344	55.919	902.344	56.0292	902.344	56.6331	902.344	56.6977	902.344	56.9994
931.641	65.4826	931.641	65.2535	931.641	65.4556	931.641	64.7959	931.641	65.1559	931.641	64.1331	931.641	64.5886	931.641	63.2681	931.641	63.788	931.641	62.1808	931.641	62.822	931.641	60.8547	931.641	61.7957	931.641	59.3588	931.641	60.8465	931.641	57.997	931.641	60.1147	931.641	57.3015	931.641	59.6754	931.641	57.4227	931.641	59.467	931.641	57.799	931.641	59.2928	931.641	57.8258	931.641	58.9067	931.641	57.2209	931.641	58.1211	931.641	56.061	931.641	56.9524	931.641	55.0306	931.641	55.8752	931.641	55.1096	931.641	55.6587	931.641	55.9111	931.641	56.1312	931.641	56.3633
966.797	64.6706	966.797	64.4046	966.797	64.6643	966.797	63.9043	966.797	64.3793	966.797	63.2138	966.797	63.8502	966.797	62.3516	966.797	63.138	966.797	61.293	966.797	62.2894	966.797	59.9904	966.797	61.2966	966.797	58.4645	966.797	60.1144	966.797	57.0065	966.797	58.7738	966.797	56.2866	966.797	57.5714	966.797	56.5984	966.797	57.0303	966.797	57.2539	966.797	57.2052	966.797	57.5136	966.797	57.4754	966.797	57.0529	966.797	57.2961	966.797	55.8847	966.797	56.5272	966.797	54.5548	966.797	55.4977	966.797	54.1734	966.797	54.9584	966.797	54.7677	966.797	55.1176	966.797	55.2218
999.023	64.6005	999.023	64.2463	999.023	64.6641	999.023	63.6586	999.023	64.4122	999.023	62.9033	999.023	63.8674	999.023	62.0253	999.023	63.1041	999.023	61.0224	999.023	62.2267	999.023	59.8537	999.023	61.3097	999.023	58.508	999.023	60.3403	999.023	57.1484	999.023	59.2371	999.023	56.2313	999.023	57.9669	999.023	56.1359	999.023	56.7063	999.023	56.5194	999.023	55.8646	999.023	56.7024	999.023	55.6303	999.023	56.2603	999.023	55.6207	999.023	55.1161	999.023	55.4212	999.023	53.7744	999.023	55.078	999.023	53.4586	999.023	54.9685	999.023	54.2771	999.023	55.1133	999.023	54.9933
1,034.18	65.25	1,034.18	64.8487	1,034.18	65.3102	1,034.18	64.165	1,034.18	65.0179	1,034.18	63.2828	1,034.18	64.4211	1,034.18	62.2699	1,034.18	63.629	1,034.18	61.1279	1,034.18	62.7838	1,034.18	59.7783	1,034.18	61.989	1,034.18	58.1355	1,034.18	61.2386	1,034.18	56.3393	1,034.18	60.4351	1,034.18	55.1763	1,034.18	59.4906	1,034.18	55.5243	1,034.18	58.4314	1,034.18	56.6508	1,034.18	57.4344	1,034.18	57.3989	1,034.18	56.6779	1,034.18	57.2673	1,034.18	56.0946	1,034.18	56.1162	1,034.18	55.4931	1,034.18	54.2289	1,034.18	54.9873	1,034.18	53.093	1,034.18	54.9391	1,034.18	53.87	1,034.18	55.1485	1,034.18	54.8914
1,072.27	64.9525	1,072.27	64.4196	1,072.27	65.0965	1,072.27	63.5987	1,072.27	64.7966	1,072.27	62.6163	1,072.27	64.0613	1,072.27	61.5852	1,072.27	62.9869	1,072.27	60.5371	1,072.27	61.7733	1,072.27	59.3643	1,072.27	60.6666	1,072.27	57.8334	1,072.27	59.7881	1,072.27	55.7044	1,072.27	59.0369	1,072.27	53.2202	1,072.27	58.2472	1,072.27	52.4942	1,072.27	57.4116	1,072.27	54.4963	1,072.27	56.7378	1,072.27	56.5309	1,072.27	56.4001	1,072.27	57.5026	1,072.27	56.2156	1,072.27	57.2971	1,072.27	55.8354	1,072.27	55.9861	1,072.27	55.1796	1,072.27	54.0568	1,072.27	54.5135	1,072.27	52.9496	1,072.27	53.9707	1,072.27	53.3196
1,110.35	65.3076	1,110.35	64.853	1,110.35	65.38	1,110.35	64.0758	1,110.35	65.0345	1,110.35	63.0673	1,110.35	64.2686	1,110.35	61.9611	1,110.35	63.1406	1,110.35	60.8899	1,110.35	61.8024	1,110.35	59.8665	1,110.35	60.4953	1,110.35	58.7058	1,110.35	59.4247	1,110.35	57.1021	1,110.35	58.5824	1,110.35	54.8123	1,110.35	57.7917	1,110.35	52.2852	1,110.35	56.9578	1,110.35	51.9836	1,110.35	56.227	1,110.35	54.0765	1,110.35	55.8439	1,110.35	55.8526	1,110.35	55.7699	1,110.35	56.5661	1,110.35	55.7318	1,110.35	56.3437	1,110.35	55.6657	1,110.35	55.6964	1,110.35	55.7097	1,110.35	55.395	1,110.35	55.7687	1,110.35	55.5995
1,148.44	65.4058	1,148.44	64.7776	1,148.44	65.5704	1,148.44	63.7314	1,148.44	65.248	1,148.44	62.3523	1,148.44	64.4427	1,148.44	60.8026	1,148.44	63.2145	1,148.44	59.328	1,148.44	61.7244	1,148.44	58.1115	1,148.44	60.2528	1,148.44	57.0468	1,148.44	59.0654	1,148.44	55.7692	1,148.44	58.161	1,148.44	53.8918	1,148.44	57.2963	1,148.44	51.2686	1,148.44	56.3108	1,148.44	49.0644	1,148.44	55.3666	1,148.44	49.9308	1,148.44	54.8399	1,148.44	52.0213	1,148.44	54.7725	1,148.44	53.2193	1,148.44	54.8117	1,148.44	53.401	1,148.44	54.818	1,148.44	53.2098	1,148.44	54.8799	1,148.44	53.5461	1,148.44	54.825	1,148.44	54.329
1,189.45	65.3918	1,189.45	64.5639	1,189.45	65.6978	1,189.45	63.2573	1,189.45	65.4406	1,189.45	61.5162	1,189.45	64.597	1,189.45	59.419	1,189.45	63.1945	1,189.45	57.1816	1,189.45	61.3772	1,189.45	55.2749	1,189.45	59.4893	1,189.45	54.1327	1,189.45	57.9792	1,189.45	53.4902	1,189.45	56.9497	1,189.45	52.6445	1,189.45	56.0528	1,189.45	51.0929	1,189.45	55.0402	1,189.45	48.8952	1,189.45	54.1577	1,189.45	47.9109	1,189.45	53.9025	1,189.45	49.6959	1,189.45	54.158	1,189.45	51.6125	1,189.45	54.3654	1,189.45	52.4111	1,189.45	54.3781	1,189.45	52.4247	1,189.45	54.3453	1,189.45	52.6497	1,189.45	54.1269	1,189.45	53.4546
1,230.47	65.5502	1,230.47	64.6807	1,230.47	65.9205	1,230.47	63.366	1,230.47	65.7338	1,230.47	61.6496	1,230.47	64.9407	1,230.47	59.5699	1,230.47	63.5254	1,230.47	57.2013	1,230.47	61.5734	1,230.47	54.775	1,230.47	59.4022	1,230.47	52.8058	1,230.47	57.577	1,230.47	51.7317	1,230.47	56.3428	1,230.47	51.2325	1,230.47	55.206	1,230.47	50.6505	1,230.47	53.6298	1,230.47	49.7271	1,230.47	51.8124	1,230.47	48.9335	1,230.47	51.1251	1,230.47	49.1944	1,230.47	52.077	1,230.47	50.22	1,230.47	53.3381	1,230.47	51.0646	1,230.47	54.3202	1,230.47	51.7988	1,230.47	54.9567	1,230.47	52.9856	1,230.47	55.0235	1,230.47	54.3013
1,274.41	65.56	1,274.41	64.8025	1,274.41	65.844	1,274.41	63.6163	1,274.41	65.5962	1,274.41	62.0277	1,274.41	64.7472	1,274.41	60.0374	1,274.41	63.2313	1,274.41	57.6385	1,274.41	61.0453	1,274.41	54.9208	1,274.41	58.4175	1,274.41	52.3512	1,274.41	56.0449	1,274.41	50.8156	1,274.41	54.5975	1,274.41	50.3668	1,274.41	53.6256	1,274.41	50.0383	1,274.41	52.3119	1,274.41	49.4303	1,274.41	50.4301	1,274.41	49.3018	1,274.41	48.6162	1,274.41	50.3499	1,274.41	48.2457	1,274.41	51.4476	1,274.41	49.5874	1,274.41	51.5543	1,274.41	51.6522	1,274.41	51.1036	1,274.41	53.4212	1,274.41	51.8659	1,274.41	54.1317	1,274.41	53.4635
1,318.36	65.8478	1,318.36	65.0208	1,318.36	66.1911	1,318.36	63.792	1,318.36	65.9783	1,318.36	62.2441	1,318.36	65.1305	1,318.36	60.4222	1,318.36	63.5545	1,318.36	58.301	1,318.36	61.1845	1,318.36	55.8222	1,318.36	58.1514	1,318.36	53.081	1,318.36	55.1827	1,318.36	50.743	1,318.36	53.3719	1,318.36	49.8	1,318.36	52.3968	1,318.36	49.7656	1,318.36	51.2429	1,318.36	49.4535	1,318.36	49.8411	1,318.36	48.8314	1,318.36	48.9734	1,318.36	49.1682	1,318.36	49.0575	1,318.36	50.4271	1,318.36	49.872	1,318.36	50.9747	1,318.36	51.4685	1,318.36	50.5991	1,318.36	53.1179	1,318.36	51.109	1,318.36	53.7153	1,318.36	52.8247
1,365.23	65.6695	1,365.23	64.9402	1,365.23	65.9614	1,365.23	63.8302	1,365.23	65.7786	1,365.23	62.4336	1,365.23	65.0379	1,365.23	60.835	1,365.23	63.576	1,365.23	59.0498	1,365.23	61.2056	1,365.23	57.0195	1,365.23	57.9082	1,365.23	54.697	1,365.23	54.3867	1,365.23	52.2658	1,365.23	52.1855	1,365.23	50.4448	1,365.23	50.9521	1,365.23	49.9078	1,365.23	49.148	1,365.23	50.1353	1,365.23	46.7138	1,365.23	50.6255	1,365.23	45.6237	1,365.23	51.4558	1,365.23	46.7121	1,365.23	52.1107	1,365.23	48.4882	1,365.23	51.6116	1,365.23	50.7355	1,365.23	49.7795	1,365.23	52.707	1,365.23	49.6409	1,365.23	53.337	1,365.23	52.0954
1,415.04	65.7654	1,415.04	64.9005	1,415.04	66.0407	1,415.04	63.5823	1,415.04	65.7311	1,415.04	62.0752	1,415.04	64.8699	1,415.04	60.6094	1,415.04	63.3751	1,415.04	59.2094	1,415.04	61.0411	1,415.04	57.7462	1,415.04	57.7598	1,415.04	56.1445	1,415.04	54.119	1,415.04	54.5282	1,415.04	51.7424	1,415.04	53.1289	1,415.04	50.4971	1,415.04	51.8782	1,415.04	48.8243	1,415.04	50.471	1,415.04	46.7469	1,415.04	49.851	1,415.04	45.671	1,415.04	51.6411	1,415.04	45.7972	1,415.04	53.6109	1,415.04	47.0234	1,415.04	53.8237	1,415.04	49.4183	1,415.04	51.6367	1,415.04	51.236	1,415.04	47.7838	1,415.04	51.2207	1,415.04	48.8826
1,464.84	65.6348	1,464.84	64.6761	1,464.84	65.9658	1,464.84	63.3004	1,464.84	65.6674	1,464.84	61.8664	1,464.84	64.7973	1,464.84	60.5758	1,464.84	63.2685	1,464.84	59.3094	1,464.84	60.8309	1,464.84	57.864	1,464.84	57.3776	1,464.84	56.2183	1,464.84	53.7746	1,464.84	54.6705	1,464.84	51.7865	1,464.84	53.6834	1,464.84	50.4379	1,464.84	53.1722	1,464.84	48.1991	1,464.84	52.4537	1,464.84	46.0237	1,464.84	51.378	1,464.84	45.8189	1,464.84	51.3268	1,464.84	46.2101	1,464.84	52.6909	1,464.84	47.2415	1,464.84	53.4354	1,464.84	49.0329	1,464.84	52.5698	1,464.84	49.8294	1,464.84	50.3286	1,464.84	49.2225	1,464.84	48.6549
1,514.65	65.464	1,514.65	64.9644	1,514.65	65.4856	1,514.65	64.0427	1,514.65	64.9745	1,514.65	62.7598	1,514.65	63.8717	1,514.65	61.1856	1,514.65	62.1091	1,514.65	59.4036	1,514.65	59.6118	1,514.65	57.5218	1,514.65	56.361	1,514.65	55.6923	1,514.65	52.7317	1,514.65	54.1256	1,514.65	50.1917	1,514.65	53.0185	1,514.65	49.5386	1,514.65	52.3469	1,514.65	49.052	1,514.65	51.8016	1,514.65	47.4725	1,514.65	51.0588	1,514.65	44.0909	1,514.65	50.148	1,514.65	38.586	1,514.65	49.7449	1,514.65	41.0869	1,514.65	50.4918	1,514.65	46.555	1,514.65	51.7441	1,514.65	49.8662	1,514.65	52.5883	1,514.65	51.7789	1,514.65	52.6418
1,570.31	65.1777	1,570.31	64.7612	1,570.31	65.1462	1,570.31	63.9536	1,570.31	64.6158	1,570.31	62.8193	1,570.31	63.5376	1,570.31	61.4273	1,570.31	61.8571	1,570.31	59.8472	1,570.31	59.5103	1,570.31	58.1463	1,570.31	56.4465	1,570.31	56.397	1,570.31	52.826	1,570.31	54.707	1,570.31	49.7696	1,570.31	53.2551	1,570.31	48.9267	1,570.31	52.2311	1,570.31	49.0638	1,570.31	51.6403	1,570.31	48.4837	1,570.31	51.2836	1,570.31	46.6634	1,570.31	51.039	1,570.31	44.0453	1,570.31	51.0258	1,570.31	44.0556	1,570.31	51.3754	1,570.31	47.1166	1,570.31	51.9057	1,570.31	49.7219	1,570.31	52.2468	1,570.31	51.3279	1,570.31	52.1134
1,623.05	64.9941	1,623.05	64.6274	1,623.05	64.8944	1,623.05	63.8554	1,623.05	64.2897	1,623.05	62.765	1,623.05	63.1623	1,623.05	61.4678	1,623.05	61.5184	1,623.05	60.0866	1,623.05	59.3995	1,623.05	58.7252	1,623.05	56.9135	1,623.05	57.4312	1,623.05	54.303	1,623.05	56.1788	1,623.05	52.0284	1,623.05	54.8916	1,623.05	50.5614	1,623.05	53.5102	1,623.05	49.7427	1,623.05	52.104	1,623.05	48.8284	1,623.05	50.9862	1,623.05	47.2183	1,623.05	50.5527	1,623.05	45.185	1,623.05	50.7444	1,623.05	45.0954	1,623.05	51.0883	1,623.05	47.333	1,623.05	51.2621	1,623.05	49.3323	1,623.05	51.2244	1,623.05	50.4739	1,623.05	51.0039
1,681.64	65.1832	1,681.64	64.8917	1,681.64	64.9742	1,681.64	64.1373	1,681.64	64.2591	1,681.64	62.9896	1,681.64	63.0672	1,681.64	61.5547	1,681.64	61.4594	1,681.64	59.9757	1,681.64	59.5039	1,681.64	58.4188	1,681.64	57.2326	1,681.64	57.0268	1,681.64	54.6813	1,681.64	55.8527	1,681.64	52.2598	1,681.64	54.8279	1,681.64	51.1221	1,681.64	53.8277	1,681.64	51.3579	1,681.64	52.816	1,681.64	51.4181	1,681.64	51.976	1,681.64	50.3009	1,681.64	51.5825	1,681.64	47.7379	1,681.64	51.548	1,681.64	45.3659	1,681.64	51.4208	1,681.64	46.7657	1,681.64	50.9252	1,681.64	48.831	1,681.64	50.2733	1,681.64	49.7182	1,681.64	49.9254
1,740.23	65.3529	1,740.23	65.1181	1,740.23	65.1021	1,740.23	64.4253	1,740.23	64.3781	1,740.23	63.3307	1,740.23	63.2456	1,740.23	61.9132	1,740.23	61.8108	1,740.23	60.278	1,740.23	60.1508	1,740.23	58.5726	1,740.23	58.2058	1,740.23	57.0094	1,740.23	55.7742	1,740.23	55.8094	1,740.23	52.8416	1,740.23	54.9834	1,740.23	50.6704	1,740.23	54.2193	1,740.23	50.9217	1,740.23	53.1506	1,740.23	51.6563	1,740.23	51.7902	1,740.23	51.179	1,740.23	50.9373	1,740.23	49.2174	1,740.23	51.2881	1,740.23	46.8644	1,740.23	51.903	1,740.23	46.9027	1,740.23	51.7556	1,740.23	48.0807	1,740.23	50.6834	1,740.23	48.6453	1,740.23	49.3443
1,801.76	65.3757	1,801.76	65.2992	1,801.76	65.0291	1,801.76	64.8131	1,801.76	64.304	1,801.76	63.9623	1,801.76	63.3119	1,801.76	62.7978	1,801.76	62.1798	1,801.76	61.3626	1,801.76	60.92	1,801.76	59.7037	1,801.76	59.3409	1,801.76	57.9401	1,801.76	57.1163	1,801.76	56.379	1,801.76	54.0201	1,801.76	55.4259	1,801.76	50.9464	1,801.76	55.0407	1,801.76	50.7086	1,801.76	54.648	1,801.76	51.7873	1,801.76	53.7823	1,801.76	51.6559	1,801.76	52.5287	1,801.76	49.9771	1,801.76	51.6922	1,801.76	47.8586	1,801.76	51.7909	1,801.76	47.9392	1,801.76	52.0082	1,801.76	49.264	1,801.76	51.6546	1,801.76	50.1521	1,801.76	50.8871
1,866.21	65.2384	1,866.21	65.1966	1,866.21	64.8583	1,866.21	64.7407	1,866.21	64.1219	1,866.21	63.9218	1,866.21	63.177	1,866.21	62.8072	1,866.21	62.1776	1,866.21	61.4622	1,866.21	61.1205	1,866.21	59.9479	1,866.21	59.7801	1,866.21	58.35	1,866.21	57.8444	1,866.21	56.8286	1,866.21	55.178	1,866.21	55.5985	1,866.21	52.5876	1,866.21	54.7273	1,866.21	52.094	1,866.21	54.0041	1,866.21	52.7583	1,866.21	53.2136	1,866.21	52.4887	1,866.21	52.478	1,866.21	50.8408	1,866.21	52.1177	1,866.21	49.0083	1,866.21	52.0206	1,866.21	49.4996	1,866.21	51.7421	1,866.21	50.8582	1,866.21	51.2933	1,866.21	51.3243	1,866.21	51.1849
1,930.66	65.1461	1,930.66	65.1803	1,930.66	64.7329	1,930.66	64.82	1,930.66	64.0481	1,930.66	64.1101	1,930.66	63.2706	1,930.66	63.1178	1,930.66	62.5152	1,930.66	61.9003	1,930.66	61.6721	1,930.66	60.4879	1,930.66	60.4347	1,930.66	58.898	1,930.66	58.4442	1,930.66	57.1893	1,930.66	55.4169	1,930.66	55.5424	1,930.66	51.8951	1,930.66	54.2566	1,930.66	51.1162	1,930.66	53.522	1,930.66	52.5104	1,930.66	53.2404	1,930.66	52.8294	1,930.66	53.1752	1,930.66	51.6355	1,930.66	53.0222	1,930.66	50.0365	1,930.66	52.3838	1,930.66	50.1938	1,930.66	51.0034	1,930.66	51.0882	1,930.66	49.5283	1,930.66	50.8949	1,930.66	49.7432
2,000.98	65.0966	2,000.98	65.1876	2,000.98	64.5891	2,000.98	64.8234	2,000.98	63.8432	2,000.98	64.0548	2,000.98	63.1369	2,000.98	62.9718	2,000.98	62.6026	2,000.98	61.6659	2,000.98	62.0238	2,000.98	60.207	2,000.98	61.0038	2,000.98	58.6469	2,000.98	59.1822	2,000.98	57.0458	2,000.98	56.3006	2,000.98	55.4939	2,000.98	52.699	2,000.98	54.0989	2,000.98	51.1373	2,000.98	53.0283	2,000.98	52.1249	2,000.98	52.647	2,000.98	52.3438	2,000.98	53.1307	2,000.98	51.0965	2,000.98	53.8107	2,000.98	49.6842	2,000.98	53.7818	2,000.98	50.1782	2,000.98	52.5134	2,000.98	50.9739	2,000.98	50.1824	2,000.98	50.379	2,000.98	49.12
2,071.29	65.0634	2,071.29	65.132	2,071.29	64.5899	2,071.29	64.722	2,071.29	63.9215	2,071.29	63.8742	2,071.29	63.3096	2,071.29	62.7023	2,071.29	62.7981	2,071.29	61.3504	2,071.29	62.1343	2,071.29	59.9465	2,071.29	60.9752	2,071.29	58.5758	2,071.29	59.0538	2,071.29	57.287	2,071.29	56.2845	2,071.29	56.0783	2,071.29	53.3414	2,071.29	54.8175	2,071.29	52.2645	2,071.29	53.2434	2,071.29	52.6475	2,071.29	51.4117	2,071.29	52.2604	2,071.29	50.7199	2,071.29	50.5897	2,071.29	51.944	2,071.29	49.2247	2,071.29	52.9607	2,071.29	50.1534	2,071.29	52.4816	2,071.29	50.9741	2,071.29	50.4605	2,071.29	50.1628	2,071.29	48.9694
2,144.53	64.8124	2,144.53	65.0288	2,144.53	64.199	2,144.53	64.7116	2,144.53	63.5418	2,144.53	63.8927	2,144.53	63.1826	2,144.53	62.6915	2,144.53	63.0067	2,144.53	61.2477	2,144.53	62.5467	2,144.53	59.6607	2,144.53	61.399	2,144.53	57.9752	2,144.53	59.3093	2,144.53	56.2584	2,144.53	56.1758	2,144.53	54.721	2,144.53	52.714	2,144.53	53.5941	2,144.53	51.5382	2,144.53	52.7018	2,144.53	52.0784	2,144.53	51.6855	2,144.53	51.6819	2,144.53	51.0019	2,144.53	50.0009	2,144.53	51.5434	2,144.53	48.9938	2,144.53	52.3171	2,144.53	50.2976	2,144.53	51.9012	2,144.53	51.2002	2,144.53	50.0808	2,144.53	50.3976	2,144.53	49.0074
2,217.77	64.5635	2,217.77	64.8478	2,217.77	63.7579	2,217.77	64.4786	2,217.77	62.9092	2,217.77	63.5299	2,217.77	62.6081	2,217.77	62.1907	2,217.77	62.7285	2,217.77	60.7013	2,217.77	62.564	2,217.77	59.251	2,217.77	61.5819	2,217.77	57.8882	2,217.77	59.4779	2,217.77	56.5651	2,217.77	56.109	2,217.77	55.2899	2,217.77	52.5074	2,217.77	54.1512	2,217.77	52.0574	2,217.77	53.0683	2,217.77	52.8046	2,217.77	51.7784	2,217.77	51.9026	2,217.77	50.6255	2,217.77	49.0365	2,217.77	50.7521	2,217.77	47.1569	2,217.77	51.432	2,217.77	49.2972	2,217.77	50.8711	2,217.77	50.4161	2,217.77	48.422	2,217.77	49.1331	2,217.77	46.7985
2,296.88	65.714	2,296.88	65.9435	2,296.88	64.8863	2,296.88	65.4847	2,296.88	63.8685	2,296.88	64.3964	2,296.88	63.345	2,296.88	62.8193	2,296.88	63.4272	2,296.88	60.965	2,296.88	63.4003	2,296.88	59.1003	2,296.88	62.6059	2,296.88	57.4765	2,296.88	60.6439	2,296.88	56.2099	2,296.88	57.1643	2,296.88	55.2119	2,296.88	52.601	2,296.88	54.2416	2,296.88	52.0129	2,296.88	53.0613	2,296.88	53.8419	2,296.88	51.8634	2,296.88	53.7043	2,296.88	51.8355	2,296.88	51.2984	2,296.88	53.1978	2,296.88	48.6182	2,296.88	54.1437	2,296.88	50.037	2,296.88	53.474	2,296.88	51.1943	2,296.88	50.7094	2,296.88	49.8095	2,296.88	47.8471
2,378.91	66.5441	2,378.91	66.711	2,378.91	65.7964	2,378.91	66.2442	2,378.91	64.8102	2,378.91	65.2277	2,378.91	64.2108	2,378.91	63.8036	2,378.91	64.2004	2,378.91	62.1282	2,378.91	64.1904	2,378.91	60.3426	2,378.91	63.5493	2,378.91	58.5961	2,378.91	61.8818	2,378.91	57.1447	2,378.91	58.7841	2,378.91	56.2621	2,378.91	53.6765	2,378.91	55.7091	2,378.91	49.4622	2,378.91	54.6344	2,378.91	52.3443	2,378.91	52.1888	2,378.91	53.7739	2,378.91	49.6151	2,378.91	52.7352	2,378.91	52.0591	2,378.91	50.6794	2,378.91	54.6995	2,378.91	51.032	2,378.91	54.9255	2,378.91	51.9812	2,378.91	52.6859	2,378.91	50.8563	2,378.91	49.7181
2,460.94	66.6228	2,460.94	66.8566	2,460.94	65.7339	2,460.94	66.3476	2,460.94	64.6563	2,460.94	65.1896	2,460.94	64.1338	2,460.94	63.5664	2,460.94	64.1878	2,460.94	61.6962	2,460.94	64.0511	2,460.94	59.7367	2,460.94	63.1686	2,460.94	57.6856	2,460.94	61.3349	2,460.94	55.4952	2,460.94	58.5191	2,460.94	53.7009	2,460.94	54.9803	2,460.94	53.5132	2,460.94	51.9897	2,460.94	54.1448	2,460.94	51.3509	2,460.94	53.7505	2,460.94	51.8737	2,460.94	51.8403	2,460.94	51.8539	2,460.94	51.1409	2,460.94	51.4131	2,460.94	53.2975	2,460.94	51.6823	2,460.94	54.1259	2,460.94	51.8633	2,460.94	52.3895	2,460.94	50.3719	2,460.94	49.4236
2,548.83	66.4704	2,548.83	66.6612	2,548.83	65.6271	2,548.83	66.1245	2,548.83	64.5561	2,548.83	64.9492	2,548.83	63.9742	2,548.83	63.3094	2,548.83	63.9733	2,548.83	61.4403	2,548.83	63.8333	2,548.83	59.5798	2,548.83	62.9789	2,548.83	57.8382	2,548.83	61.1825	2,548.83	56.102	2,548.83	58.408	2,548.83	54.222	2,548.83	54.918	2,548.83	52.6345	2,548.83	51.8389	2,548.83	52.2744	2,548.83	50.747	2,548.83	52.4216	2,548.83	51.0159	2,548.83	51.8259	2,548.83	51.2432	2,548.83	51.2992	2,548.83	51.3543	2,548.83	52.3427	2,548.83	51.9008	2,548.83	53.0392	2,548.83	52.0857	2,548.83	51.8575	2,548.83	50.878	2,548.83	49.9976
2,639.65	66.5382	2,639.65	66.6946	2,639.65	65.6585	2,639.65	66.0445	2,639.65	64.5419	2,639.65	64.7015	2,639.65	63.9906	2,639.65	62.9086	2,639.65	64.0248	2,639.65	61.0235	2,639.65	63.8158	2,639.65	59.4094	2,639.65	62.7898	2,639.65	58.1806	2,639.65	60.7691	2,639.65	57.0089	2,639.65	57.8575	2,639.65	55.2531	2,639.65	54.6473	2,639.65	52.3347	2,639.65	52.1543	2,639.65	49.0084	2,639.65	50.7652	2,639.65	48.8093	2,639.65	50.4746	2,639.65	49.864	2,639.65	50.7943	2,639.65	50.7479	2,639.65	51.2888	2,639.65	52.534	2,639.65	52.116	2,639.65	53.6628	2,639.65	52.3024	2,639.65	52.7953	2,639.65	51.0404	2,639.65	50.7053
2,733.4	66.9716	2,733.4	67.129	2,733.4	65.9912	2,733.4	66.406	2,733.4	64.7059	2,733.4	64.9352	2,733.4	64.0901	2,733.4	62.9654	2,733.4	64.1948	2,733.4	60.8593	2,733.4	64.0265	2,733.4	59.0148	2,733.4	62.9643	2,733.4	57.7106	2,733.4	60.8622	2,733.4	56.9622	2,733.4	57.8878	2,733.4	56.3922	2,733.4	54.6376	2,733.4	55.4721	2,733.4	51.7412	2,733.4	53.9232	2,733.4	49.3744	2,733.4	51.6569	2,733.4	48.5811	2,733.4	48.4157	2,733.4	48.8823	2,733.4	47.3007	2,733.4	49.5584	2,733.4	51.3627	2,733.4	51.2416	2,733.4	53.6979	2,733.4	52.0831	2,733.4	53.3218	2,733.4	51.1845	2,733.4	51.2958
2,827.15	67.3059	2,827.15	67.0948	2,827.15	66.5549	2,827.15	65.9115	2,827.15	65.2739	2,827.15	63.9817	2,827.15	64.4283	2,827.15	61.7764	2,827.15	64.3392	2,827.15	59.9035	2,827.15	64.108	2,827.15	58.59	2,827.15	63.0369	2,827.15	57.5118	2,827.15	60.9614	2,827.15	56.355	2,827.15	58.071	2,827.15	55.1962	2,827.15	54.8459	2,827.15	54.5109	2,827.15	51.5378	2,827.15	54.4318	2,827.15	48.7	2,827.15	53.9773	2,827.15	48.5684	2,827.15	51.7399	2,827.15	48.6512	2,827.15	47.4469	2,827.15	47.9508	2,827.15	49.8082	2,827.15	50.1904	2,827.15	53.1767	2,827.15	52.1948	2,827.15	53.4407	2,827.15	52.0857	2,827.15	52.117
2,926.76	66.9617	2,926.76	66.7525	2,926.76	66.0131	2,926.76	65.3835	2,926.76	64.6687	2,926.76	63.3421	2,926.76	64.3692	2,926.76	61.6135	2,926.76	64.7501	2,926.76	60.7342	2,926.76	64.3546	2,926.76	60.1491	2,926.76	62.6231	2,926.76	59.378	2,926.76	59.648	2,926.76	58.3811	2,926.76	56.2752	2,926.76	57.2172	2,926.76	53.3969	2,926.76	55.8263	2,926.76	50.1587	2,926.76	54.2693	2,926.76	49.0964	2,926.76	53.1087	2,926.76	50.7241	2,926.76	52.2879	2,926.76	49.276	2,926.76	50.4593	2,926.76	45.1445	2,926.76	48.2659	2,926.76	49.4275	2,926.76	49.5884	2,926.76	51.8976	2,926.76	50.6107	2,926.76	51.134	2,926.76	50.1468
3,032.23	66.7861	3,032.23	66.2818	3,032.23	66.0409	3,032.23	64.7812	3,032.23	64.5484	3,032.23	63.0338	3,032.23	63.962	3,032.23	61.8455	3,032.23	64.5337	3,032.23	61.093	3,032.23	64.5456	3,032.23	60.1311	3,032.23	63.1965	3,032.23	58.7194	3,032.23	60.4174	3,032.23	57.1424	3,032.23	56.7139	3,032.23	55.7859	3,032.23	53.0967	3,032.23	54.3829	3,032.23	48.9918	3,032.23	52.4063	3,032.23	47.5099	3,032.23	50.8526	3,032.23	50.5398	3,032.23	51.164	3,032.23	49.9273	3,032.23	50.8935	3,032.23	44.2488	3,032.23	48.8878	3,032.23	47.486	3,032.23	48.1578	3,032.23	51.1647	3,032.23	48.8809	3,032.23	50.7878	3,032.23	49.1941
3,137.7	67.1612	3,137.7	66.5274	3,137.7	66.5721	3,137.7	65.0441	3,137.7	64.9905	3,137.7	63.49	3,137.7	63.8134	3,137.7	62.4064	3,137.7	64.1053	3,137.7	61.5431	3,137.7	64.344	3,137.7	60.5559	3,137.7	63.3584	3,137.7	59.3154	3,137.7	60.9073	3,137.7	57.796	3,137.7	57.2726	3,137.7	56.2031	3,137.7	53.4058	3,137.7	54.8002	3,137.7	49.0182	3,137.7	53.3472	3,137.7	44.9769	3,137.7	51.7516	3,137.7	49.0279	3,137.7	51.0258	3,137.7	49.7915	3,137.7	50.7388	3,137.7	45.9028	3,137.7	49.729	3,137.7	47.3889	3,137.7	49.2878	3,137.7	50.8896	3,137.7	49.2042	3,137.7	50.543	3,137.7	48.9665
3,249.02	66.646	3,249.02	66.0012	3,249.02	66.2603	3,249.02	64.7785	3,249.02	65.0064	3,249.02	63.7159	3,249.02	63.9197	3,249.02	63.0124	3,249.02	63.7885	3,249.02	62.1602	3,249.02	63.6717	3,249.02	60.8237	3,249.02	62.6609	3,249.02	59.1555	3,249.02	60.5873	3,249.02	57.5764	3,249.02	57.6942	3,249.02	56.2918	3,249.02	54.1512	3,249.02	54.9676	3,249.02	48.7105	3,249.02	53.2188	3,249.02	41.2357	3,249.02	51.7343	3,249.02	47.4544	3,249.02	51.5402	3,249.02	48.7874	3,249.02	50.9534	3,249.02	45.4763	3,249.02	49.0685	3,249.02	46.8465	3,249.02	48.4728	3,249.02	50.6349	3,249.02	48.8551	3,249.02	50.7638	3,249.02	49.1972
3,363.28	66.5765	3,363.28	65.9638	3,363.28	65.8949	3,363.28	64.6125	3,363.28	64.2906	3,363.28	63.5095	3,363.28	63.3956	3,363.28	62.8445	3,363.28	63.6571	3,363.28	61.9901	3,363.28	63.4417	3,363.28	60.5806	3,363.28	62.0979	3,363.28	58.5521	3,363.28	60.0637	3,363.28	56.0637	3,363.28	58.1263	3,363.28	53.7764	3,363.28	55.7675	3,363.28	52.3755	3,363.28	50.9018	3,363.28	51.0253	3,363.28	39.0227	3,363.28	48.8905	3,363.28	44.925	3,363.28	48.2259	3,363.28	47.2365	3,363.28	49.0491	3,363.28	44.8647	3,363.28	48.223	3,363.28	45.7762	3,363.28	47.4075	3,363.28	49.2125	3,363.28	47.8531	3,363.28	49.2693	3,363.28	47.9413
3,483.4	66.8048	3,483.4	65.8117	3,483.4	66.5992	3,483.4	64.7005	3,483.4	64.902	3,483.4	64.1596	3,483.4	63.018	3,483.4	63.4552	3,483.4	63.146	3,483.4	61.9868	3,483.4	63.5057	3,483.4	59.9877	3,483.4	62.3185	3,483.4	57.9732	3,483.4	59.5334	3,483.4	56.0586	3,483.4	56.9081	3,483.4	54.1421	3,483.4	55.7303	3,483.4	52.7578	3,483.4	52.7766	3,483.4	51.938	3,483.4	43.9826	3,483.4	50.1012	3,483.4	43.2152	3,483.4	48.2558	3,483.4	46.3104	3,483.4	48.6814	3,483.4	42.8313	3,483.4	47.3405	3,483.4	44.7883	3,483.4	46.0696	3,483.4	48.793	3,483.4	47.7869	3,483.4	48.9856	3,483.4	48.1333
3,606.45	66.1202	3,606.45	65.3467	3,606.45	66.123	3,606.45	64.5753	3,606.45	64.9655	3,606.45	63.966	3,606.45	63.3931	3,606.45	63.0429	3,606.45	62.9837	3,606.45	61.5307	3,606.45	63.0671	3,606.45	59.6339	3,606.45	62.0111	3,606.45	57.8752	3,606.45	59.3535	3,606.45	56.4375	3,606.45	56.4322	3,606.45	54.8598	3,606.45	55.4883	3,606.45	53.2103	3,606.45	53.6494	3,606.45	52.1242	3,606.45	46.9353	3,606.45	50.5048	3,606.45	40.0528	3,606.45	48.2201	3,606.45	46.7759	3,606.45	48.331	3,606.45	44.5924	3,606.45	47.5982	3,606.45	43.5795	3,606.45	45.2822	3,606.45	48.2421	3,606.45	45.944	3,606.45	48.5477	3,606.45	46.8458
3,732.42	66.4159	3,732.42	65.4954	3,732.42	66.4012	3,732.42	64.6659	3,732.42	64.9277	3,732.42	64.0969	3,732.42	62.8972	3,732.42	63.1098	3,732.42	62.6966	3,732.42	61.4317	3,732.42	63.21	3,732.42	59.3266	3,732.42	62.1924	3,732.42	57.2859	3,732.42	58.8627	3,732.42	55.5759	3,732.42	54.1319	3,732.42	54.0303	3,732.42	53.8589	3,732.42	52.6099	3,732.42	53.7098	3,732.42	51.4013	3,732.42	49.5328	3,732.42	49.5553	3,732.42	40.0269	3,732.42	47.4281	3,732.42	43.5227	3,732.42	47.7569	3,732.42	44.294	3,732.42	46.9609	3,732.42	44.2098	3,732.42	45.1023	3,732.42	47.1157	3,732.42	46.5769	3,732.42	47.5086	3,732.42	46.9483
3,864.26	65.9017	3,864.26	65.2539	3,864.26	66.0968	3,864.26	64.9054	3,864.26	65.0025	3,864.26	64.3963	3,864.26	62.991	3,864.26	63.1481	3,864.26	62.2836	3,864.26	61.2279	3,864.26	62.8649	3,864.26	59.1098	3,864.26	62.3261	3,864.26	57.2327	3,864.26	59.5928	3,864.26	55.6722	3,864.26	54.342	3,864.26	54.2337	3,864.26	51.2346	3,864.26	52.9647	3,864.26	51.8277	3,864.26	51.9921	3,864.26	49.1937	3,864.26	50.3458	3,864.26	42.2404	3,864.26	47.8814	3,864.26	42.2602	3,864.26	47.5258	3,864.26	43.9833	3,864.26	46.7652	3,864.26	44.4712	3,864.26	44.5532	3,864.26	48.0243	3,864.26	45.4618	3,864.26	48.7235	3,864.26	46.9857
3,999.02	65.7889	3,999.02	65.1426	3,999.02	66.244	3,999.02	64.9617	3,999.02	65.2089	3,999.02	64.3385	3,999.02	62.7491	3,999.02	62.8681	3,999.02	61.8289	3,999.02	61.0763	3,999.02	62.7666	3,999.02	59.5427	3,999.02	62.2946	3,999.02	58.2052	3,999.02	59.5603	3,999.02	56.8586	3,999.02	54.8183	3,999.02	55.2649	3,999.02	50.6431	3,999.02	53.2005	3,999.02	49.3992	3,999.02	51.569	3,999.02	49.808	3,999.02	50.5576	3,999.02	46.6939	3,999.02	47.8159	3,999.02	37.7801	3,999.02	46.3778	3,999.02	44.9858	3,999.02	47.2398	3,999.02	43.1022	3,999.02	42.8447	3,999.02	45.5675	3,999.02	43.8425	3,999.02	47.6655	3,999.02	47.1773
4,139.65	65.616	4,139.65	65.3844	4,139.65	65.7596	4,139.65	65.0295	4,139.65	64.9161	4,139.65	64.0092	4,139.65	62.8661	4,139.65	62.4592	4,139.65	61.6292	4,139.65	60.9149	4,139.65	62.2532	4,139.65	59.4027	4,139.65	62.1189	4,139.65	57.4864	4,139.65	60.112	4,139.65	55.3553	4,139.65	56.1648	4,139.65	53.5062	4,139.65	50.8774	4,139.65	51.4536	4,139.65	46.6041	4,139.65	49.9082	4,139.65	46.8455	4,139.65	49.6402	4,139.65	44.3443	4,139.65	47.4305	4,139.65	41.8544	4,139.65	45.1426	4,139.65	45.6538	4,139.65	46.3983	4,139.65	42.2728	4,139.65	42.9234	4,139.65	45.2949	4,139.65	43.0988	4,139.65	47.4908	4,139.65	46.2427
4,286.13	65.4289	4,286.13	65.1125	4,286.13	65.8954	4,286.13	64.9262	4,286.13	65.2041	4,286.13	64.0079	4,286.13	62.9039	4,286.13	62.3806	4,286.13	61.2078	4,286.13	60.6245	4,286.13	61.8569	4,286.13	58.9901	4,286.13	61.6595	4,286.13	57.2613	4,286.13	59.5148	4,286.13	55.3281	4,286.13	56.5215	4,286.13	53.5659	4,286.13	53.7893	4,286.13	51.9845	4,286.13	47.9279	4,286.13	50.3557	4,286.13	43.0375	4,286.13	49.8138	4,286.13	43.1938	4,286.13	48.3155	4,286.13	39.3409	4,286.13	45.1897	4,286.13	46.833	4,286.13	45.8141	4,286.13	43.2789	4,286.13	42.5678	4,286.13	45.1582	4,286.13	42.7395	4,286.13	47.7658	4,286.13	46.3538
4,438.48	65.6194	4,438.48	65.6239	4,438.48	65.6871	4,438.48	65.1375	4,438.48	64.9105	4,438.48	63.6976	4,438.48	62.5696	4,438.48	61.8347	4,438.48	61.0151	4,438.48	60.2197	4,438.48	61.9929	4,438.48	58.7732	4,438.48	61.7311	4,438.48	57.0995	4,438.48	58.9008	4,438.48	55.1772	4,438.48	54.7717	4,438.48	53.055	4,438.48	53.4995	4,438.48	50.8751	4,438.48	51.0764	4,438.48	49.6493	4,438.48	47.3201	4,438.48	48.7421	4,438.48	41.485	4,438.48	46.4846	4,438.48	41.0562	4,438.48	44.7729	4,438.48	46.8897	4,438.48	44.9506	4,438.48	40.938	4,438.48	42.0025	4,438.48	44.6413	4,438.48	42.518	4,438.48	46.7485	4,438.48	45.564
4,593.75	64.8808	4,593.75	65.1658	4,593.75	65.3456	4,593.75	64.8356	4,593.75	65.2323	4,593.75	63.4175	4,593.75	62.8301	4,593.75	61.8355	4,593.75	59.8537	4,593.75	60.3442	4,593.75	61.3706	4,593.75	58.3851	4,593.75	62.0383	4,593.75	56.0637	4,593.75	59.7009	4,593.75	54.1333	4,593.75	55.0693	4,593.75	52.7874	4,593.75	52.2507	4,593.75	51.3726	4,593.75	49.7917	4,593.75	49.9041	4,593.75	48.5605	4,593.75	49.0399	4,593.75	42.4466	4,593.75	47.3952	4,593.75	43.6573	4,593.75	43.9866	4,593.75	48.0777	4,593.75	44.4021	4,593.75	40.0629	4,593.75	41.6603	4,593.75	44.8466	4,593.75	40.4781	4,593.75	46.9307	4,593.75	46.142
4,757.81	65.4054	4,757.81	65.4427	4,757.81	65.1649	4,757.81	64.6357	4,757.81	64.7379	4,757.81	63.2584	4,757.81	62.9	4,757.81	61.7456	4,757.81	59.9972	4,757.81	60.0031	4,757.81	60.2196	4,757.81	58.2593	4,757.81	61.2943	4,757.81	56.9379	4,757.81	59.906	4,757.81	55.6445	4,757.81	55.6183	4,757.81	53.9562	4,757.81	50.6478	4,757.81	51.8957	4,757.81	49.1654	4,757.81	49.7177	4,757.81	49.2855	4,757.81	48.2281	4,757.81	45.9966	4,757.81	46.8653	4,757.81	39.7765	4,757.81	44.5923	4,757.81	45.964	4,757.81	44.5086	4,757.81	39.7343	4,757.81	41.6019	4,757.81	43.8972	4,757.81	39.6815	4,757.81	46.1667	4,757.81	44.8887
4,924.8	64.9168	4,924.8	65.1383	4,924.8	64.6838	4,924.8	64.4756	4,924.8	64.4884	4,924.8	63.1324	4,924.8	62.8578	4,924.8	61.6851	4,924.8	59.8998	4,924.8	60.237	4,924.8	59.6599	4,924.8	58.6885	4,924.8	60.519	4,924.8	56.9675	4,924.8	59.0722	4,924.8	54.9589	4,924.8	55.3316	4,924.8	52.6755	4,924.8	52.0096	4,924.8	50.5565	4,924.8	49.1306	4,924.8	49.305	4,924.8	49.1512	4,924.8	48.7357	4,924.8	47.7614	4,924.8	47.1394	4,924.8	24.4748	4,924.8	44.1849	4,924.8	44.0406	4,924.8	44.6398	4,924.8	38.4237	4,924.8	41.74	4,924.8	42.7754	4,924.8	36.6993	4,924.8	45.5702	4,924.8	44.0237
5,097.66	65.2471	5,097.66	65.2167	5,097.66	64.9173	5,097.66	64.3153	5,097.66	64.3383	5,097.66	62.9389	5,097.66	62.5348	5,097.66	61.6422	5,097.66	59.6048	5,097.66	60.2488	5,097.66	59.2029	5,097.66	58.4957	5,097.66	60.2472	5,097.66	56.6794	5,097.66	59.138	5,097.66	55.1163	5,097.66	54.9546	5,097.66	53.163	5,097.66	48.9094	5,097.66	50.7435	5,097.66	48.4282	5,097.66	49.2565	5,097.66	49.1043	5,097.66	47.6314	5,097.66	45.942	5,097.66	45.8967	5,097.66	28.3958	5,097.66	43.4883	5,097.66	44.6411	5,097.66	43.6159	5,097.66	40.0295	5,097.66	42.3845	5,097.66	41.3365	5,097.66	36.3535	5,097.66	44.1135	5,097.66	43.2543
5,279.3	65.1064	5,279.3	65.1339	5,279.3	64.7801	5,279.3	64.2482	5,279.3	64.3441	5,279.3	62.7897	5,279.3	62.6696	5,279.3	61.3781	5,279.3	59.6616	5,279.3	60.0851	5,279.3	58.844	5,279.3	58.6036	5,279.3	59.8091	5,279.3	56.4602	5,279.3	58.9076	5,279.3	53.6815	5,279.3	55.6016	5,279.3	51.0141	5,279.3	50.4586	5,279.3	48.3746	5,279.3	46.7009	5,279.3	47.1083	5,279.3	48.936	5,279.3	47.895	5,279.3	47.1569	5,279.3	45.819	5,279.3	30.3814	5,279.3	41.8863	5,279.3	43.7001	5,279.3	42.2799	5,279.3	42.0792	5,279.3	38.4085	5,279.3	41.3855	5,279.3	37.1069	5,279.3	44.4814	5,279.3	42.1407
5,463.87	65.1791	5,463.87	65.2446	5,463.87	64.7604	5,463.87	64.245	5,463.87	64.529	5,463.87	62.7636	5,463.87	63.0856	5,463.87	61.1841	5,463.87	59.9395	5,463.87	59.262	5,463.87	58.9348	5,463.87	57.0014	5,463.87	60.0174	5,463.87	54.5604	5,463.87	58.9813	5,463.87	52.6177	5,463.87	55.4722	5,463.87	51.3346	5,463.87	50.4905	5,463.87	49.01	5,463.87	44.5559	5,463.87	47.0854	5,463.87	46.9704	5,463.87	46.5985	5,463.87	44.6598	5,463.87	44.9959	5,463.87	37.4977	5,463.87	41.8489	5,463.87	44.0015	5,463.87	39.2606	5,463.87	41.5996	5,463.87	39.9981	5,463.87	41.908	5,463.87	29.2385	5,463.87	43.6014	5,463.87	41.6438
5,657.23	65.2841	5,657.23	65.1677	5,657.23	64.8889	5,657.23	63.9955	5,657.23	64.8392	5,657.23	62.5504	5,657.23	63.584	5,657.23	60.7318	5,657.23	60.2155	5,657.23	58.1311	5,657.23	59.0992	5,657.23	55.8672	5,657.23	60.6189	5,657.23	54.5334	5,657.23	59.5412	5,657.23	52.7865	5,657.23	55.58	5,657.23	51.0184	5,657.23	51.2401	5,657.23	48.9047	5,657.23	47.3548	5,657.23	45.7807	5,657.23	48.4337	5,657.23	47.3799	5,657.23	45.4534	5,657.23	46.3178	5,657.23	31.866	5,657.23	42.1756	5,657.23	42.6792	5,657.23	41.3288	5,657.23	40.8995	5,657.23	36.3212	5,657.23	40.6255	5,657.23	30.6024	5,657.23	43.0688	5,657.23	39.5147
5,856.45	65.6265	5,856.45	65.2268	5,856.45	64.8076	5,856.45	63.7853	5,856.45	64.5747	5,856.45	62.5076	5,856.45	63.9927	5,856.45	60.7543	5,856.45	61.0717	5,856.45	58.0601	5,856.45	58.67	5,856.45	56.0123	5,856.45	60.5468	5,856.45	55.2261	5,856.45	60.112	5,856.45	53.8032	5,856.45	55.9518	5,856.45	51.89	5,856.45	49.3523	5,856.45	50.3861	5,856.45	42.6767	5,856.45	47.7312	5,856.45	46.4237	5,856.45	47.4527	5,856.45	44.3869	5,856.45	46.3954	5,856.45	34.6279	5,856.45	42.873	5,856.45	44.4329	5,856.45	42.561	5,856.45	43.1407	5,856.45	38.6393	5,856.45	41.0836	5,856.45	29.757	5,856.45	43.4634	5,856.45	39.2054
6,061.52	65.6267	6,061.52	65.088	6,061.52	64.8504	6,061.52	63.8934	6,061.52	64.4604	6,061.52	62.5708	6,061.52	64.1001	6,061.52	60.2583	6,061.52	61.5004	6,061.52	58.0458	6,061.52	58.8839	6,061.52	57.3428	6,061.52	60.4449	6,061.52	56.566	6,061.52	60.0237	6,061.52	54.3467	6,061.52	56.3928	6,061.52	51.3728	6,061.52	50.9358	6,061.52	49.1071	6,061.52	39.6158	6,061.52	47.0589	6,061.52	46.232	6,061.52	46.9445	6,061.52	45.0391	6,061.52	46.3228	6,061.52	28.4345	6,061.52	43.6574	6,061.52	42.3354	6,061.52	41.2897	6,061.52	44.6154	6,061.52	40.2421	6,061.52	41.6354	6,061.52	25.6258	6,061.52	43.2854	6,061.52	38.8843
6,275.39	66.1141	6,275.39	65.4037	6,275.39	65.4985	6,275.39	64.2627	6,275.39	64.516	6,275.39	62.4916	6,275.39	64.0349	6,275.39	60.2191	6,275.39	61.804	6,275.39	58.9731	6,275.39	58.6141	6,275.39	57.7999	6,275.39	60.007	6,275.39	55.804	6,275.39	59.801	6,275.39	53.2816	6,275.39	55.7001	6,275.39	50.3995	6,275.39	51.6	6,275.39	48.3771	6,275.39	45.3505	6,275.39	46.3072	6,275.39	43.1603	6,275.39	46.3526	6,275.39	45.7542	6,275.39	46.4895	6,275.39	32.7469	6,275.39	41.187	6,275.39	38.8501	6,275.39	42.5211	6,275.39	42.9177	6,275.39	37.8309	6,275.39	42.4012	6,275.39	30.9972	6,275.39	43.9008	6,275.39	37.2281
6,498.05	66.2289	6,498.05	65.5468	6,498.05	65.6831	6,498.05	64.3392	6,498.05	64.4539	6,498.05	62.3622	6,498.05	63.8809	6,498.05	60.4543	6,498.05	61.9271	6,498.05	59.301	6,498.05	58.2116	6,498.05	57.5395	6,498.05	59.2645	6,498.05	55.1891	6,498.05	59.7375	6,498.05	52.6886	6,498.05	56.141	6,498.05	50.244	6,498.05	50.9817	6,498.05	48.533	6,498.05	45.4126	6,498.05	46.4414	6,498.05	43.8618	6,498.05	45.4322	6,498.05	45.9566	6,498.05	44.9209	6,498.05	39.1922	6,498.05	41.8647	6,498.05	38.3807	6,498.05	40.9221	6,498.05	43.1583	6,498.05	39.5557	6,498.05	41.273	6,498.05	23.8006	6,498.05	43.1008	6,498.05	37.0549
6,726.56	65.994	6,726.56	65.4683	6,726.56	65.5423	6,726.56	64.1797	6,726.56	64.5176	6,726.56	62.4577	6,726.56	63.6644	6,726.56	61.0356	6,726.56	61.6174	6,726.56	59.2852	6,726.56	58.2586	6,726.56	57.0101	6,726.56	58.5785	6,726.56	55.2911	6,726.56	58.4701	6,726.56	53.4718	6,726.56	54.385	6,726.56	50.9074	6,726.56	50.1047	6,726.56	48.5338	6,726.56	46.3966	6,726.56	46.0767	6,726.56	39.3173	6,726.56	45.3221	6,726.56	43.6957	6,726.56	45.1727	6,726.56	40.3781	6,726.56	41.6791	6,726.56	36.0282	6,726.56	40.4721	6,726.56	43.242	6,726.56	39.77	6,726.56	40.6229	6,726.56	23.4335	6,726.56	42.3614	6,726.56	36.1083
6,963.87	66.0657	6,963.87	65.4712	6,963.87	65.5917	6,963.87	64.1827	6,963.87	64.2657	6,963.87	62.4915	6,963.87	63.3883	6,963.87	60.956	6,963.87	61.6435	6,963.87	59.0692	6,963.87	57.7897	6,963.87	56.8551	6,963.87	57.6033	6,963.87	54.9945	6,963.87	58.1801	6,963.87	52.9676	6,963.87	53.9921	6,963.87	50.0374	6,963.87	46.4328	6,963.87	47.8384	6,963.87	44.6571	6,963.87	46.5944	6,963.87	41.0359	6,963.87	45.7257	6,963.87	39.0663	6,963.87	44.8093	6,963.87	40.4773	6,963.87	40.3285	6,963.87	33.8643	6,963.87	40.1842	6,963.87	41.9541	6,963.87	38.2057	6,963.87	40.0987	6,963.87	20.8866	6,963.87	42.5502	6,963.87	36.9994
7,209.96	66.0769	7,209.96	65.5074	7,209.96	65.5507	7,209.96	64.2965	7,209.96	64.1513	7,209.96	62.5936	7,209.96	63.1202	7,209.96	60.7661	7,209.96	61.2412	7,209.96	58.953	7,209.96	57.4617	7,209.96	57.0869	7,209.96	57.0667	7,209.96	55.1229	7,209.96	57.443	7,209.96	52.7932	7,209.96	53.6679	7,209.96	49.0307	7,209.96	45.929	7,209.96	47.1879	7,209.96	38.8139	7,209.96	46.1652	7,209.96	43.7304	7,209.96	44.5951	7,209.96	40.7472	7,209.96	44.7591	7,209.96	38.2538	7,209.96	40.9815	7,209.96	32.3737	7,209.96	38.9123	7,209.96	41.6351	7,209.96	37.6958	7,209.96	38.9521	7,209.96	21.1764	7,209.96	41.2807	7,209.96	36.3244
7,464.84	65.8696	7,464.84	65.4241	7,464.84	65.4734	7,464.84	64.3232	7,464.84	63.9994	7,464.84	62.4774	7,464.84	62.7614	7,464.84	60.7616	7,464.84	61.0207	7,464.84	59.2989	7,464.84	56.9608	7,464.84	57.3971	7,464.84	56.1093	7,464.84	54.6988	7,464.84	57.0416	7,464.84	51.7004	7,464.84	53.093	7,464.84	48.9481	7,464.84	45.3124	7,464.84	47.2359	7,464.84	37.4899	7,464.84	45.3331	7,464.84	40.8198	7,464.84	43.7197	7,464.84	42.4697	7,464.84	43.9433	7,464.84	39.2557	7,464.84	39.6576	7,464.84	37.421	7,464.84	40.5355	7,464.84	41.2478	7,464.84	37.8607	7,464.84	37.6673	7,464.84	26.1595	7,464.84	41.1695	7,464.84	36.2227
7,728.52	65.5684	7,728.52	65.2798	7,728.52	65.2884	7,728.52	64.0906	7,728.52	63.9243	7,728.52	62.3176	7,728.52	62.2878	7,728.52	60.7958	7,728.52	60.5724	7,728.52	58.9996	7,728.52	56.735	7,728.52	56.9694	7,728.52	54.7552	7,728.52	54.2127	7,728.52	56.3293	7,728.52	50.8728	7,728.52	53.1704	7,728.52	48.377	7,728.52	45.6371	7,728.52	46.0839	7,728.52	43.0691	7,728.52	44.5989	7,728.52	1.7835	7,728.52	42.5173	7,728.52	36.9976	7,728.52	42.8461	7,728.52	36.364	7,728.52	38.1897	7,728.52	34.8167	7,728.52	40.3344	7,728.52	41.0692	7,728.52	36.1884	7,728.52	38.0885	7,728.52	24.7395	7,728.52	39.9207	7,728.52	35.9454
8,000.98	65.6565	8,000.98	65.3479	8,000.98	65.1379	8,000.98	63.8929	8,000.98	63.6684	8,000.98	62.2695	8,000.98	61.8249	8,000.98	60.8223	8,000.98	59.9963	8,000.98	58.7554	8,000.98	56.426	8,000.98	56.3933	8,000.98	53.6723	8,000.98	53.3694	8,000.98	54.7654	8,000.98	49.3362	8,000.98	51.7568	8,000.98	46.5094	8,000.98	44.7175	8,000.98	44.8895	8,000.98	43.9194	8,000.98	43.3357	8,000.98	28.6219	8,000.98	40.8647	8,000.98	38.3081	8,000.98	41.3671	8,000.98	28.5793	8,000.98	36.5438	8,000.98	32.665	8,000.98	38.8789	8,000.98	39.2041	8,000.98	35.4192	8,000.98	35.9471	8,000.98	23.165	8,000.98	37.2119	8,000.98	35.6166
8,282.23	65.8134	8,282.23	65.3758	8,282.23	65.0904	8,282.23	63.9062	8,282.23	63.3644	8,282.23	62.2542	8,282.23	61.3271	8,282.23	60.5341	8,282.23	59.4751	8,282.23	58.6025	8,282.23	56.2605	8,282.23	55.9297	8,282.23	52.9304	8,282.23	51.8636	8,282.23	53.7827	8,282.23	47.4501	8,282.23	51.2424	8,282.23	45.9198	8,282.23	42.116	8,282.23	45.1053	8,282.23	40.7244	8,282.23	42.4979	8,282.23	38.9869	8,282.23	40.2568	8,282.23	36.3397	8,282.23	40.1758	8,282.23	33.8798	8,282.23	37.6167	8,282.23	34.0545	8,282.23	38.9252	8,282.23	36.5714	8,282.23	36.0919	8,282.23	37.269	8,282.23	27.0173	8,282.23	36.4409	8,282.23	34.4779
8,575.2	65.4699	8,575.2	65.0678	8,575.2	64.878	8,575.2	63.8883	8,575.2	63.2975	8,575.2	62.493	8,575.2	61.1497	8,575.2	60.6722	8,575.2	59.1268	8,575.2	58.2329	8,575.2	56.0008	8,575.2	55.1454	8,575.2	52.3879	8,575.2	51.2667	8,575.2	52.4554	8,575.2	48.0037	8,575.2	49.4025	8,575.2	46.8586	8,575.2	38.0852	8,575.2	45.3809	8,575.2	35.239	8,575.2	42.4397	8,575.2	34.8009	8,575.2	39.8178	8,575.2	35.11	8,575.2	40.5866	8,575.2	31.5387	8,575.2	38.3473	8,575.2	35.4637	8,575.2	38.4817	8,575.2	37.0397	8,575.2	36.0249	8,575.2	36.529	8,575.2	30.3689	8,575.2	36.1003	8,575.2	35.1218
8,876.95	65.239	8,876.95	64.813	8,876.95	64.7643	8,876.95	63.6457	8,876.95	63.3509	8,876.95	62.4236	8,876.95	61.2857	8,876.95	60.5951	8,876.95	59.3548	8,876.95	57.7161	8,876.95	56.336	8,876.95	54.5432	8,876.95	52.6061	8,876.95	51.5486	8,876.95	52.8337	8,876.95	48.0612	8,876.95	50.5671	8,876.95	45.9051	8,876.95	42.4526	8,876.95	44.4041	8,876.95	35.4856	8,876.95	40.5885	8,876.95	35.5902	8,876.95	37.4669	8,876.95	38.716	8,876.95	40.2579	8,876.95	10.2929	8,876.95	38.0489	8,876.95	38.1456	8,876.95	37.3272	8,876.95	35.0995	8,876.95	31.1877	8,876.95	37.4912	8,876.95	26.7052	8,876.95	33.4271	8,876.95	34.8697
9,190.43	64.9425	9,190.43	64.5225	9,190.43	64.7514	9,190.43	63.4746	9,190.43	63.3858	9,190.43	62.0574	9,190.43	61.2801	9,190.43	60.0908	9,190.43	59.5796	9,190.43	57.3955	9,190.43	56.3628	9,190.43	53.7987	9,190.43	52.4924	9,190.43	49.3569	9,190.43	52.9352	9,190.43	45.1682	9,190.43	49.9416	9,190.43	42.6852	9,190.43	42.4333	9,190.43	42.5572	9,190.43	37.3528	9,190.43	38.2132	9,190.43	38.2326	9,190.43	33.9192	9,190.43	37.6695	9,190.43	36.4334	9,190.43	34.0616	9,190.43	37.8601	9,190.43	37.6013	9,190.43	36.2233	9,190.43	32.0233	9,190.43	29.0822	9,190.43	37.2701	9,190.43	26.7057	9,190.43	29.6571	9,190.43	34.8922
9,512.7	64.5434	9,512.7	64.1404	9,512.7	64.5512	9,512.7	62.9916	9,512.7	63.5892	9,512.7	61.8169	9,512.7	61.3056	9,512.7	59.5945	9,512.7	59.6663	9,512.7	56.1472	9,512.7	56.9141	9,512.7	51.7621	9,512.7	51.7584	9,512.7	46.2779	9,512.7	52.3491	9,512.7	43.9616	9,512.7	50.0678	9,512.7	42.5156	9,512.7	42.9921	9,512.7	41.1315	9,512.7	36.9859	9,512.7	38.2395	9,512.7	36.7016	9,512.7	34.1926	9,512.7	35.7546	9,512.7	33.9455	9,512.7	36.5215	9,512.7	36.7232	9,512.7	38.7089	9,512.7	36.8163	9,512.7	30.5244	9,512.7	29.095	9,512.7	36.8901	9,512.7	29.3127	9,512.7	28.5551	9,512.7	32.7309
9,849.61	64.6773	9,849.61	64.1605	9,849.61	64.4801	9,849.61	63.0718	9,849.61	63.6549	9,849.61	61.7435	9,849.61	61.487	9,849.61	59.0225	9,849.61	59.4491	9,849.61	55.1621	9,849.61	56.9294	9,849.61	49.9263	9,849.61	52.2027	9,849.61	46.2105	9,849.61	51.323	9,849.61	45.8012	9,849.61	48.8247	9,849.61	43.3734	9,849.61	41.8012	9,849.61	40.0196	9,849.61	38.6913	9,849.61	36.5072	9,849.61	37.8986	9,849.61	32.3388	9,849.61	30.5641	9,849.61	35.2618	9,849.61	35.9582	9,849.61	33.6081	9,849.61	39.3274	9,849.61	36.4016	9,849.61	34.4265	9,849.61	26.4136	9,849.61	35.5399	9,849.61	28.7866	9,849.61	22.5036	9,849.61	35.2932
10,195.3	64.4536	10,195.3	63.9155	10,195.3	64.5352	10,195.3	62.8643	10,195.3	63.7678	10,195.3	61.0977	10,195.3	61.5717	10,195.3	57.7542	10,195.3	59.1785	10,195.3	53.3286	10,195.3	55.8671	10,195.3	48.4023	10,195.3	51.3788	10,195.3	45.0508	10,195.3	51.0248	10,195.3	43.2225	10,195.3	47.5442	10,195.3	39.075	10,195.3	39.8099	10,195.3	36.2124	10,195.3	34.7097	10,195.3	33.2824	10,195.3	40.1687	10,195.3	23.0571	10,195.3	33.3316	10,195.3	33.1083	10,195.3	29.4595	10,195.3	32.6091	10,195.3	37.5694	10,195.3	33.4091	10,195.3	33.1583	10,195.3	17.0858	10,195.3	32.9905	10,195.3	25.6123	10,195.3	25.8589	10,195.3	35.3242
10,555.7	64.2811	10,555.7	63.679	10,555.7	64.2728	10,555.7	62.4973	10,555.7	63.5903	10,555.7	60.2323	10,555.7	61.531	10,555.7	56.0685	10,555.7	59.0017	10,555.7	51.0633	10,555.7	55.2141	10,555.7	44.8032	10,555.7	49.0864	10,555.7	41.3126	10,555.7	49.5458	10,555.7	40.5849	10,555.7	46.7993	10,555.7	35.9998	10,555.7	39.3152	10,555.7	30.3297	10,555.7	38.0445	10,555.7	33.1793	10,555.7	37.6215	10,555.7	30.1921	10,555.7	36.2123	10,555.7	28.2738	10,555.7	25.3687	10,555.7	32.3206	10,555.7	36.3082	10,555.7	33.6252	10,555.7	30.0643	10,555.7	18.408	10,555.7	32.8472	10,555.7	33.5149	10,555.7	22.3722	10,555.7	32.2757
10,927.7	64.593	10,927.7	63.9572	10,927.7	64.6581	10,927.7	62.5898	10,927.7	63.5999	10,927.7	59.4478	10,927.7	61.5079	10,927.7	54.5958	10,927.7	59.0792	10,927.7	48.4047	10,927.7	55.2814	10,927.7	41.3896	10,927.7	49.3737	10,927.7	40.2286	10,927.7	47.6401	10,927.7	38.8168	10,927.7	45.3185	10,927.7	35.2039	10,927.7	41.8217	10,927.7	26.9433	10,927.7	39.183	10,927.7	27.5094	10,927.7	32.625	10,927.7	31.7735	10,927.7	35.3396	10,927.7	24.4998	10,927.7	26.6439	10,927.7	26.0599	10,927.7	33.4636	10,927.7	34.0543	10,927.7	28.9801	10,927.7	26.9635	10,927.7	31.3202	10,927.7	36.4497	10,927.7	25.3449	10,927.7	25.993
11,314.5	64.9733	11,314.5	64.4108	11,314.5	64.9864	11,314.5	62.6085	11,314.5	63.9132	11,314.5	59.1588	11,314.5	61.3535	11,314.5	53.5873	11,314.5	58.6321	11,314.5	46.8461	11,314.5	54.4975	11,314.5	41.2849	11,314.5	48.1548	11,314.5	39.5278	11,314.5	46.8209	11,314.5	36.4604	11,314.5	42.943	11,314.5	34.8422	11,314.5	38.6007	11,314.5	32.4252	11,314.5	39.5158	11,314.5	23.8878	11,314.5	34.808	11,314.5	33.4068	11,314.5	23.7923	11,314.5	23.9531	11,314.5	25.7379	11,314.5	25.195	11,314.5	33.1472	11,314.5	32.3908	11,314.5	18.8351	11,314.5	22.943	11,314.5	33.6145	11,314.5	36.1483	11,314.5	26.2834	11,314.5	21.9031
11,712.9	65.4537	11,712.9	64.6865	11,712.9	65.384	11,712.9	62.611	11,712.9	64.1174	11,712.9	58.5874	11,712.9	61.1531	11,712.9	51.8786	11,712.9	57.5857	11,712.9	44.3945	11,712.9	52.6753	11,712.9	40.2587	11,712.9	45.0846	11,712.9	39.7062	11,712.9	43.9591	11,712.9	36.0491	11,712.9	40.7039	11,712.9	36.3601	11,712.9	35.6208	11,712.9	35.0709	11,712.9	35.043	11,712.9	30.0604	11,712.9	36.3744	11,712.9	35.4335	11,712.9	24.0935	11,712.9	27.1195	11,712.9	26.0211	11,712.9	26.0551	11,712.9	31.6365	11,712.9	31.7649	11,712.9	23.9491	11,712.9	28.952	11,712.9	34.1715	11,712.9	37.1863	11,712.9	29.0405	11,712.9	31.9888
12,126	65.7795	12,126	64.6365	12,126	65.6586	12,126	62.5139	12,126	64.1323	12,126	57.436	12,126	60.9717	12,126	50.0787	12,126	56.4284	12,126	44.6181	12,126	50.7781	12,126	44.2796	12,126	40.3117	12,126	42.2106	12,126	38.9505	12,126	39.4757	12,126	40.4792	12,126	39.8812	12,126	34.0265	12,126	38.6291	12,126	32.7727	12,126	36.3324	12,126	33.5978	12,126	36.2329	12,126	31.5292	12,126	31.4394	12,126	30.1465	12,126	30.3865	12,126	32.8046	12,126	32.621	12,126	23.4155	12,126	31.3096	12,126	36.2518	12,126	38.9865	12,126	27.8555	12,126	36.9823
12,553.7	65.564	12,553.7	64.7053	12,553.7	65.9836	12,553.7	62.7364	12,553.7	64.17	12,553.7	56.5887	12,553.7	60.7142	12,553.7	51.4181	12,553.7	56.1345	12,553.7	49.137	12,553.7	51.2356	12,553.7	47.2474	12,553.7	43.4724	12,553.7	45.8788	12,553.7	31.5605	12,553.7	44.2519	12,553.7	41.8163	12,553.7	41.84	12,553.7	38.9329	12,553.7	40.178	12,553.7	34.1095	12,553.7	39.0681	12,553.7	32.6783	12,553.7	36.493	12,553.7	32.7578	12,553.7	32.4255	12,553.7	37.2356	12,553.7	32.1097	12,553.7	33.1987	12,553.7	33.2453	12,553.7	16.5923	12,553.7	34.6137	12,553.7	36.239	12,553.7	39.437	12,553.7	31.8802	12,553.7	39.5471
12,996.1	65.2883	12,996.1	65.1964	12,996.1	66.0081	12,996.1	62.943	12,996.1	64.5645	12,996.1	56.9444	12,996.1	60.8012	12,996.1	53.3708	12,996.1	56.3087	12,996.1	51.167	12,996.1	52.7312	12,996.1	48.9747	12,996.1	47.6911	12,996.1	47.951	12,996.1	39.8279	12,996.1	45.2504	12,996.1	43.0905	12,996.1	41.7168	12,996.1	42.3503	12,996.1	40.5247	12,996.1	33.8796	12,996.1	40.3329	12,996.1	33.6998	12,996.1	35.407	12,996.1	36.1372	12,996.1	34.8083	12,996.1	36.3187	12,996.1	31.9015	12,996.1	35.051	12,996.1	32.5001	12,996.1	26.1166	12,996.1	35.6702	12,996.1	38.4991	12,996.1	38.7981	12,996.1	32.2824	12,996.1	39.4138
13,453.1	65.3943	13,453.1	65.4876	13,453.1	65.7281	13,453.1	62.941	13,453.1	64.7326	13,453.1	56.9457	13,453.1	61.0959	13,453.1	54.4041	13,453.1	56.0944	13,453.1	51.4161	13,453.1	53.1049	13,453.1	50.4959	13,453.1	48.6683	13,453.1	48.6692	13,453.1	43.1061	13,453.1	46.6424	13,453.1	42.0878	13,453.1	43.7053	13,453.1	40.2227	13,453.1	40.8368	13,453.1	32.6555	13,453.1	40.9135	13,453.1	36.6119	13,453.1	34.9802	13,453.1	36.6977	13,453.1	36.5215	13,453.1	33.0958	13,453.1	28.0989	13,453.1	33.1579	13,453.1	34.0514	13,453.1	31.7233	13,453.1	37.8711	13,453.1	34.8364	13,453.1	38.6501	13,453.1	29.7463	13,453.1	40.2177
13,927.7	65.1443	13,927.7	65.1909	13,927.7	65.3382	13,927.7	62.3477	13,927.7	64.3559	13,927.7	56.6864	13,927.7	60.8869	13,927.7	54.1115	13,927.7	55.5961	13,927.7	52.1105	13,927.7	52.4714	13,927.7	50.5934	13,927.7	49.1845	13,927.7	49.0034	13,927.7	45.0742	13,927.7	46.6758	13,927.7	40.4186	13,927.7	43.0466	13,927.7	39.5661	13,927.7	40.5789	13,927.7	17.6271	13,927.7	39.5111	13,927.7	37.6328	13,927.7	33.8894	13,927.7	30.437	13,927.7	36.74	13,927.7	35.0547	13,927.7	19.7792	13,927.7	32.7802	13,927.7	34.5392	13,927.7	33.1872	13,927.7	37.7827	13,927.7	33.1602	13,927.7	38.6995	13,927.7	32.44	13,927.7	40.1588
14,419.9	64.7352	14,419.9	65.0769	14,419.9	64.9034	14,419.9	61.729	14,419.9	64.0848	14,419.9	57.0471	14,419.9	60.3018	14,419.9	55.0186	14,419.9	55.5576	14,419.9	53.3752	14,419.9	52.9614	14,419.9	51.3793	14,419.9	49.8119	14,419.9	49.0334	14,419.9	45.9024	14,419.9	46.4304	14,419.9	38.0259	14,419.9	44.0994	14,419.9	38.8487	14,419.9	42.2924	14,419.9	30.3353	14,419.9	39.0667	14,419.9	40.8754	14,419.9	35.361	14,419.9	26.9093	14,419.9	36.4664	14,419.9	35.1823	14,419.9	13.129	14,419.9	33.2103	14,419.9	35.3967	14,419.9	33.5701	14,419.9	37.408	14,419.9	32.4492	14,419.9	38.9444	14,419.9	35.0707	14,419.9	39.6074
14,929.7	64.5256	14,929.7	64.6379	14,929.7	64.1921	14,929.7	61.4458	14,929.7	63.7353	14,929.7	57.9677	14,929.7	59.9486	14,929.7	56.8181	14,929.7	55.0774	14,929.7	54.9088	14,929.7	52.311	14,929.7	52.7539	14,929.7	49.6359	14,929.7	49.8972	14,929.7	44.4729	14,929.7	47.6168	14,929.7	39.2202	14,929.7	45.4935	14,929.7	38.1323	14,929.7	43.5669	14,929.7	31.977	14,929.7	40.5109	14,929.7	40.7602	14,929.7	37.62	14,929.7	27.6261	14,929.7	37.7425	14,929.7	30.5394	14,929.7	17.2695	14,929.7	32.6313	14,929.7	36.2375	14,929.7	30.9571	14,929.7	36.7823	14,929.7	32.6849	14,929.7	38.5761	14,929.7	35.0172	14,929.7	38.5273
15,454.1	64.1155	15,454.1	64.5004	15,454.1	63.6488	15,454.1	61.8099	15,454.1	63.2206	15,454.1	59.2745	15,454.1	59.6353	15,454.1	58.2522	15,454.1	55.3687	15,454.1	55.8293	15,454.1	53.1511	15,454.1	52.828	15,454.1	51.1377	15,454.1	50.2714	15,454.1	45.7058	15,454.1	47.8978	15,454.1	40.6968	15,454.1	45.3647	15,454.1	38.1796	15,454.1	43.5428	15,454.1	32.8092	15,454.1	40.9969	15,454.1	40.7094	15,454.1	38.2342	15,454.1	29.4036	15,454.1	36.4767	15,454.1	28.0885	15,454.1	23.8338	15,454.1	32.0556	15,454.1	36.106	15,454.1	33.5835	15,454.1	35.9191	15,454.1	32.6604	15,454.1	37.7975	15,454.1	36.0284	15,454.1	37.7284
15,999	64.805	15,999	64.861	15,999	63.7215	15,999	62.5102	15,999	62.8954	15,999	59.8527	15,999	59.87	15,999	58.6278	15,999	56.778	15,999	55.104	15,999	54.8757	15,999	52.8273	15,999	52.3986	15,999	50.2393	15,999	46.941	15,999	47.6608	15,999	41.3455	15,999	45.2828	15,999	37.8673	15,999	43.4947	15,999	31.0191	15,999	40.9207	15,999	37.7582	15,999	38.7941	15,999	33.4326	15,999	35.4154	15,999	29.039	15,999	23.5605	15,999	34.2231	15,999	36.3236	15,999	31.7018	15,999	34.0963	15,999	31.197	15,999	37.1391	15,999	36.0516	15,999	36.4639
16,564.5	65.2472	16,564.5	65.0741	16,564.5	63.9239	16,564.5	62.6714	16,564.5	62.7645	16,564.5	59.716	16,564.5	60.4898	16,564.5	58.1037	16,564.5	57.9304	16,564.5	54.7206	16,564.5	55.7687	16,564.5	53.1178	16,564.5	53.2607	16,564.5	50.6462	16,564.5	47.7785	16,564.5	47.7964	16,564.5	42.2117	16,564.5	45.1079	16,564.5	38.3209	16,564.5	42.7781	16,564.5	33.7359	16,564.5	39.7823	16,564.5	37.1174	16,564.5	39.2858	16,564.5	33.0266	16,564.5	32.7492	16,564.5	30.3093	16,564.5	29.1782	16,564.5	34.857	16,564.5	36.2821	16,564.5	31.6421	16,564.5	33.1254	16,564.5	29.1215	16,564.5	36.5816	16,564.5	36.1708	16,564.5	34.3848
17,147.5	65.3857	17,147.5	64.9627	17,147.5	64.1261	17,147.5	62.1707	17,147.5	62.6591	17,147.5	59.4257	17,147.5	60.679	17,147.5	57.89	17,147.5	58.7198	17,147.5	54.7196	17,147.5	56.6327	17,147.5	53.5876	17,147.5	53.7774	17,147.5	50.1199	17,147.5	48.0676	17,147.5	46.4486	17,147.5	42.85	17,147.5	43.9133	17,147.5	39.1262	17,147.5	41.199	17,147.5	32.7418	17,147.5	38.6862	17,147.5	24.7002	17,147.5	38.7423	17,147.5	30.4253	17,147.5	28.1891	17,147.5	25.8061	17,147.5	30.2801	17,147.5	35.2256	17,147.5	35.5884	17,147.5	31.3255	17,147.5	30.3376	17,147.5	27.4146	17,147.5	35.8894	17,147.5	34.7834	17,147.5	32.5956
17,753.9	65.2207	17,753.9	64.7172	17,753.9	64.1339	17,753.9	61.9322	17,753.9	62.4751	17,753.9	59.6214	17,753.9	60.3181	17,753.9	57.8199	17,753.9	58.9034	17,753.9	55.415	17,753.9	56.9765	17,753.9	53.8097	17,753.9	53.8645	17,753.9	49.9274	17,753.9	47.3273	17,753.9	45.9339	17,753.9	41.0392	17,753.9	42.2124	17,753.9	38.9317	17,753.9	40.403	17,753.9	30.4653	17,753.9	37.9855	17,753.9	26.9491	17,753.9	37.6554	17,753.9	32.3342	17,753.9	25.513	17,753.9	31.7389	17,753.9	32.1073	17,753.9	37.4598	17,753.9	31.4082	17,753.9	32.526	17,753.9	25.0655	17,753.9	27.9574	17,753.9	35.6203	17,753.9	33.8175	17,753.9	28.3976
18,377.9	65.1814	18,377.9	64.7144	18,377.9	64.0023	18,377.9	61.7646	18,377.9	61.9778	18,377.9	60.1891	18,377.9	59.9134	18,377.9	58.122	18,377.9	59.1989	18,377.9	56.0527	18,377.9	56.7801	18,377.9	53.9899	18,377.9	53.752	18,377.9	48.9645	18,377.9	47.3365	18,377.9	46.0011	18,377.9	42.3823	18,377.9	41.7217	18,377.9	38.7275	18,377.9	40.1471	18,377.9	29.2809	18,377.9	38.5583	18,377.9	30.4587	18,377.9	35.7196	18,377.9	26.0027	18,377.9	32.1385	18,377.9	25.9758	18,377.9	33.0672	18,377.9	36.7997	18,377.9	29.5671	18,377.9	31.1675	18,377.9	21.5705	18,377.9	28.518	18,377.9	34.7671	18,377.9	32.1707	18,377.9	21.0057
19,028.3	65.1085	19,028.3	64.5478	19,028.3	63.7832	19,028.3	61.6798	19,028.3	61.4259	19,028.3	60.5709	19,028.3	59.728	19,028.3	58.4128	19,028.3	59.2635	19,028.3	56.5598	19,028.3	56.7102	19,028.3	53.7456	19,028.3	53.3603	19,028.3	48.9065	19,028.3	45.0351	19,028.3	45.6489	19,028.3	39.7668	19,028.3	41.6357	19,028.3	35.2597	19,028.3	40.3969	19,028.3	30.802	19,028.3	38.0671	19,028.3	26.7502	19,028.3	36.3124	19,028.3	21.3405	19,028.3	34.3703	19,028.3	32.245	19,028.3	35.138	19,028.3	36.9499	19,028.3	31.5571	19,028.3	28.8244	19,028.3	26.6306	19,028.3	20.5584	19,028.3	33.096	19,028.3	31.9411	19,028.3	3.46187
19,699.2	64.931	19,699.2	64.1634	19,699.2	63.41	19,699.2	61.4122	19,699.2	60.6365	19,699.2	60.8486	19,699.2	59.8913	19,699.2	58.947	19,699.2	59.1043	19,699.2	57.0561	19,699.2	56.6701	19,699.2	53.7149	19,699.2	52.1962	19,699.2	49.2756	19,699.2	41.56	19,699.2	45.5783	19,699.2	37.3908	19,699.2	41.6376	19,699.2	32.0074	19,699.2	40.2172	19,699.2	33.8367	19,699.2	38.001	19,699.2	34.1286	19,699.2	34.9528	19,699.2	27.6328	19,699.2	36.199	19,699.2	31.9301	19,699.2	35.8457	19,699.2	36.3426	19,699.2	31.0235	19,699.2	28.9886	19,699.2	28.6053	19,699.2	10.317	19,699.2	32.7278	19,699.2	33.0091	19,699.2	22.1536
19,998	64.2823	19,998	63.9216	19,998	63.1369	19,998	61.0275	19,998	59.9647	19,998	60.9054	19,998	59.8372	19,998	59.4402	19,998	58.9028	19,998	57.439	19,998	55.9998	19,998	53.2033	19,998	50.84	19,998	49.4686	19,998	41.2856	19,998	45.032	19,998	38.0746	19,998	42.2912	19,998	29.9733	19,998	39.0409	19,998	29.0763	19,998	38.2723	19,998	40.2329	19,998	36.885	19,998	36.2581	19,998	35.0222	19,998	24.7669	19,998	35.3339	19,998	34.6699	19,998	28.55	19,998	27.5432	19,998	23.4466	19,998	5.70752	19,998	29.7118	19,998	31.1271	19,998	22.0713
