"SPL Vertical"																																																																							
"On-Axis"		"10°"		"-10°"		"20°"		"-20°"		"30°"		"-30°"		"40°"		"-40°"		"50°"		"-50°"		"60°"		"-60°"		"70°"		"-70°"		"80°"		"-80°"		"90°"		"-90°"		"100°"		"-100°"		"110°"		"-110°"		"120°"		"-120°"		"130°"		"-130°"		"140°"		"-140°"		"150°"		"-150°"		"160°"		"-160°"		"170°"		"-170°"		"180°"	
"Frequency / Hz"	"Sound Pressure Level / dB (re 20 µPa/V)  [2.83  V @ 1. m]"	"Frequency / Hz"	"Sound Pressure Level / dB (re 20 µPa/V)  [2.83  V @ 1. m]"	"Frequency / Hz"	"Sound Pressure Level / dB (re 20 µPa/V)  [2.83  V @ 1. m]"	"Frequency / Hz"	"Sound Pressure Level / dB (re 20 µPa/V)  [2.83  V @ 1. m]"	"Frequency / Hz"	"Sound Pressure Level / dB (re 20 µPa/V)  [2.83  V @ 1. m]"	"Frequency / Hz"	"Sound Pressure Level / dB (re 20 µPa/V)  [2.83  V @ 1. m]"	"Frequency / Hz"	"Sound Pressure Level / dB (re 20 µPa/V)  [2.83  V @ 1. m]"	"Frequency / Hz"	"Sound Pressure Level / dB (re 20 µPa/V)  [2.83  V @ 1. m]"	"Frequency / Hz"	"Sound Pressure Level / dB (re 20 µPa/V)  [2.83  V @ 1. m]"	"Frequency / Hz"	"Sound Pressure Level / dB (re 20 µPa/V)  [2.83  V @ 1. m]"	"Frequency / Hz"	"Sound Pressure Level / dB (re 20 µPa/V)  [2.83  V @ 1. m]"	"Frequency / Hz"	"Sound Pressure Level / dB (re 20 µPa/V)  [2.83  V @ 1. m]"	"Frequency / Hz"	"Sound Pressure Level / dB (re 20 µPa/V)  [2.83  V @ 1. m]"	"Frequency / Hz"	"Sound Pressure Level / dB (re 20 µPa/V)  [2.83  V @ 1. m]"	"Frequency / Hz"	"Sound Pressure Level / dB (re 20 µPa/V)  [2.83  V @ 1. m]"	"Frequency / Hz"	"Sound Pressure Level / dB (re 20 µPa/V)  [2.83  V @ 1. m]"	"Frequency / Hz"	"Sound Pressure Level / dB (re 20 µPa/V)  [2.83  V @ 1. m]"	"Frequency / Hz"	"Sound Pressure Level / dB (re 20 µPa/V)  [2.83  V @ 1. m]"	"Frequency / Hz"	"Sound Pressure Level / dB (re 20 µPa/V)  [2.83  V @ 1. m]"	"Frequency / Hz"	"Sound Pressure Level / dB (re 20 µPa/V)  [2.83  V @ 1. m]"	"Frequency / Hz"	"Sound Pressure Level / dB (re 20 µPa/V)  [2.83  V @ 1. m]"	"Frequency / Hz"	"Sound Pressure Level / dB (re 20 µPa/V)  [2.83  V @ 1. m]"	"Frequency / Hz"	"Sound Pressure Level / dB (re 20 µPa/V)  [2.83  V @ 1. m]"	"Frequency / Hz"	"Sound Pressure Level / dB (re 20 µPa/V)  [2.83  V @ 1. m]"	"Frequency / Hz"	"Sound Pressure Level / dB (re 20 µPa/V)  [2.83  V @ 1. m]"	"Frequency / Hz"	"Sound Pressure Level / dB (re 20 µPa/V)  [2.83  V @ 1. m]"	"Frequency / Hz"	"Sound Pressure Level / dB (re 20 µPa/V)  [2.83  V @ 1. m]"	"Frequency / Hz"	"Sound Pressure Level / dB (re 20 µPa/V)  [2.83  V @ 1. m]"	"Frequency / Hz"	"Sound Pressure Level / dB (re 20 µPa/V)  [2.83  V @ 1. m]"	"Frequency / Hz"	"Sound Pressure Level / dB (re 20 µPa/V)  [2.83  V @ 1. m]"	"Frequency / Hz"	"Sound Pressure Level / dB (re 20 µPa/V)  [2.83  V @ 1. m]"	"Frequency / Hz"	"Sound Pressure Level / dB (re 20 µPa/V)  [2.83  V @ 1. m]"	"Frequency / Hz"	"Sound Pressure Level / dB (re 20 µPa/V)  [2.83  V @ 1. m]"	"Frequency / Hz"	"Sound Pressure Level / dB (re 20 µPa/V)  [2.83  V @ 1. m]"	"Frequency / Hz"	"Sound Pressure Level / dB (re 20 µPa/V)  [2.83  V @ 1. m]"	"Frequency / Hz"	"Sound Pressure Level / dB (re 20 µPa/V)  [2.83  V @ 1. m]"
20.5078	36.7931	20.5078	36.5455	20.5078	36.9857	20.5078	36.244	20.5078	37.1213	20.5078	35.8896	20.5078	37.1974	20.5078	35.4832	20.5078	37.2109	20.5078	35.026	20.5078	37.1581	20.5078	34.5202	20.5078	37.0353	20.5078	33.9696	20.5078	36.8382	20.5078	33.3808	20.5078	36.5631	20.5078	32.7647	20.5078	36.2069	20.5078	32.1376	20.5078	35.7681	20.5078	31.5232	20.5078	35.2475	20.5078	30.9532	20.5078	34.6496	20.5078	30.4672	20.5078	33.9845	20.5078	30.1094	20.5078	33.2691	20.5078	29.9213	20.5078	32.5294	20.5078	29.9325	20.5078	31.8009	20.5078	30.1516	20.5078	31.1285	20.5078	30.5625
21.9727	40.3148	21.9727	40.1446	21.9727	40.4374	21.9727	39.9308	21.9727	40.5086	21.9727	39.6787	21.9727	40.5253	21.9727	39.3945	21.9727	40.485	21.9727	39.0862	21.9727	40.3861	21.9727	38.7634	21.9727	40.2281	21.9727	38.438	21.9727	40.0128	21.9727	38.1236	21.9727	39.7448	21.9727	37.8348	21.9727	39.4326	21.9727	37.5853	21.9727	39.0892	21.9727	37.3858	21.9727	38.7322	21.9727	37.2418	21.9727	38.383	21.9727	37.1523	21.9727	38.0631	21.9727	37.1102	21.9727	37.7902	21.9727	37.1048	21.9727	37.5738	21.9727	37.1252	21.9727	37.4133	21.9727	37.1642	21.9727	37.2998	21.9727	37.2205
23.4375	39.5182	23.4375	39.2645	23.4375	39.6761	23.4375	38.9177	23.4375	39.7345	23.4375	38.4799	23.4375	39.689	23.4375	37.954	23.4375	39.5336	23.4375	37.3448	23.4375	39.2618	23.4375	36.6616	23.4375	38.8666	23.4375	35.922	23.4375	38.3419	23.4375	35.1567	23.4375	37.6848	23.4375	34.4142	23.4375	36.8999	23.4375	33.7605	23.4375	36.0071	23.4375	33.265	23.4375	35.0532	23.4375	32.9732	23.4375	34.1248	23.4375	32.8797	23.4375	33.3467	23.4375	32.9263	23.4375	32.84	23.4375	33.0293	23.4375	32.6477	23.4375	33.1105	23.4375	32.6999	23.4375	33.1166	23.4375	32.8659	23.4375	33.028
24.9023	42.1837	24.9023	41.924	24.9023	42.3571	24.9023	41.5808	24.9023	42.4409	24.9023	41.1574	24.9023	42.4312	24.9023	40.6581	24.9023	42.3239	24.9023	40.0897	24.9023	42.1146	24.9023	39.4639	24.9023	41.7997	24.9023	38.8	24.9023	41.3772	24.9023	38.1286	24.9023	40.8492	24.9023	37.4933	24.9023	40.2247	24.9023	36.9475	24.9023	39.5247	24.9023	36.5424	24.9023	38.7874	24.9023	36.3074	24.9023	38.0713	24.9023	36.2342	24.9023	37.4492	24.9023	36.279	24.9023	36.986	24.9023	36.3809	24.9023	36.709	24.9023	36.4838	24.9023	36.5916	24.9023	36.5509	24.9023	36.5694	24.9023	36.5725
26.3672	43.0597	26.3672	42.8155	26.3672	43.2169	26.3672	42.4925	26.3672	43.2811	26.3672	42.1026	26.3672	43.248	26.3672	41.6638	26.3672	43.1152	26.3672	41.203	26.3672	42.8829	26.3672	40.7592	26.3672	42.5568	26.3672	40.3825	26.3672	42.1513	26.3672	40.1282	26.3672	41.6951	26.3672	40.0408	26.3672	41.2368	26.3672	40.1353	26.3672	40.8452	26.3672	40.3883	26.3672	40.597	26.3672	40.7465	26.3672	40.5473	26.3672	41.1456	26.3672	40.6982	26.3672	41.5261	26.3672	40.9953	26.3672	41.8413	26.3672	41.3554	26.3672	42.0582	26.3672	41.6988	26.3672	42.156	26.3672	41.9671	26.3672	42.1249
27.832	43.9477	27.832	43.6978	27.832	44.104	27.832	43.3643	27.832	44.1597	27.832	42.9631	27.832	44.1105	27.832	42.5183	27.832	43.9548	27.832	42.067	27.832	43.6952	27.832	41.661	27.832	43.3417	27.832	41.3641	27.832	42.9171	27.832	41.2375	27.832	42.4645	27.832	41.3164	27.832	42.0517	27.832	41.5917	27.832	41.7669	27.832	42.0125	27.832	41.6907	27.832	42.5073	27.832	41.8547	27.832	43.0068	27.832	42.2187	27.832	43.4553	27.832	42.6933	27.832	43.8127	27.832	43.1822	27.832	44.0518	27.832	43.6105	27.832	44.1556	27.832	43.9301	27.832	44.1152
29.2969	45.4434	29.2969	45.198	29.2969	45.6038	29.2969	44.8816	29.2969	45.6705	29.2969	44.5155	29.2969	45.6393	29.2969	44.1323	29.2969	45.5104	29.2969	43.7773	29.2969	45.2906	29.2969	43.508	29.2969	44.9968	29.2969	43.3836	29.2969	44.6614	29.2969	43.4466	29.2969	44.3372	29.2969	43.7034	29.2969	44.0964	29.2969	44.1202	29.2969	44.0157	29.2969	44.6365	29.2969	44.1438	29.2969	45.1866	29.2969	44.4738	29.2969	45.7134	29.2969	44.944	29.2969	46.1736	29.2969	45.4689	29.2969	46.5363	29.2969	45.9699	29.2969	46.7804	29.2969	46.3901	29.2969	46.8922	29.2969	46.6943	29.2969	46.8639
30.7617	46.6096	30.7617	46.3845	30.7617	46.7571	30.7617	46.0994	30.7617	46.8165	30.7617	45.7811	30.7617	46.7835	30.7617	45.4686	30.7617	46.6602	30.7617	45.2127	30.7617	46.4574	30.7617	45.071	30.7617	46.1992	30.7617	45.0935	30.7617	45.9275	30.7617	45.3036	30.7617	45.7044	30.7617	45.6868	30.7617	45.6053	30.7617	46.1966	30.7617	45.6942	30.7617	46.7717	30.7617	45.9922	30.7617	47.3534	30.7617	46.4628	30.7617	47.8939	30.7617	47.0301	30.7617	48.3579	30.7617	47.6117	30.7617	48.72	30.7617	48.1405	30.7617	48.9628	30.7617	48.5713	30.7617	49.074	30.7617	48.8776	30.7617	49.0465
32.2266	48.0884	32.2266	47.8625	32.2266	48.2357	32.2266	47.5765	32.2266	48.2933	32.2266	47.2591	32.2266	48.2568	32.2266	46.952	32.2266	48.1289	32.2266	46.7091	32.2266	47.9218	32.2266	46.5908	32.2266	47.6617	32.2266	46.6468	32.2266	47.3941	32.2266	46.8971	32.2266	47.1858	32.2266	47.3213	32.2266	47.1155	32.2266	47.8675	32.2266	47.2464	32.2266	48.4717	32.2266	47.5929	32.2266	49.0751	32.2266	48.1096	32.2266	49.6308	32.2266	48.7149	32.2266	50.1049	32.2266	49.3243	32.2266	50.4734	32.2266	49.8723	32.2266	50.7196	32.2266	50.3155	32.2266	50.8317	32.2266	50.6295	32.2266	50.8026
33.6914	49.0832	33.6914	48.8811	33.6914	49.2149	33.6914	48.6313	33.6914	49.2633	33.6914	48.3681	33.6914	49.2241	33.6914	48.1388	33.6914	49.1022	33.6914	48.0008	33.6914	48.9149	33.6914	48.01	33.6914	48.6965	33.6914	48.2026	33.6914	48.502	33.6914	48.5791	33.6914	48.4052	33.6914	49.1036	33.6914	48.4802	33.6914	49.7186	33.6914	48.7699	33.6914	50.3636	33.6914	49.2598	33.6914	50.9873	33.6914	49.8845	33.6914	51.5503	33.6914	50.5586	33.6914	52.0247	33.6914	51.2059	33.6914	52.3905	33.6914	51.7718	33.6914	52.6332	33.6914	52.2221	33.6914	52.7428	33.6914	52.5383	33.6914	52.7123
35.1562	50.8082	35.1562	50.6412	35.1562	50.9215	35.1562	50.444	35.1562	50.9679	35.1562	50.2509	35.1562	50.9437	35.1562	50.1069	35.1562	50.8557	35.1562	50.0619	35.1562	50.7237	35.1562	50.1593	35.1562	50.5837	35.1562	50.4214	35.1562	50.4885	35.1562	50.84	35.1562	50.5016	35.1562	51.3789	35.1562	50.6787	35.1562	51.9874	35.1562	51.042	35.1562	52.6141	35.1562	51.5669	35.1562	53.215	35.1562	52.1924	35.1562	53.7562	35.1562	52.8459	35.1562	54.2124	35.1562	53.464	35.1562	54.5651	35.1562	54.0004	35.1562	54.8007	35.1562	54.4255	35.1562	54.9093	35.1562	54.7226	35.1562	54.8844
36.6211	52.2884	36.6211	52.1117	36.6211	52.4095	36.6211	51.9028	36.6211	52.4614	36.6211	51.6964	36.6211	52.4401	36.6211	51.5379	36.6211	52.3517	36.6211	51.4782	36.6211	52.2148	36.6211	51.5624	36.6211	52.0637	36.6211	51.814	36.6211	51.9504	36.6211	52.2254	36.6211	51.9388	36.6211	52.7599	36.6211	52.0872	36.6211	53.3659	36.6211	52.4231	36.6211	53.9909	36.6211	52.9264	36.6211	54.5901	36.6211	53.5381	36.6211	55.1292	36.6211	54.1851	36.6211	55.5827	36.6211	54.8019	36.6211	55.932	36.6211	55.3403	36.6211	56.1636	36.6211	55.7692	36.6211	56.2677	36.6211	56.0712	36.6211	56.2378
38.0859	53.9031	38.0859	53.7368	38.0859	54.0177	38.0859	53.542	38.0859	54.0676	38.0859	53.3527	38.0859	54.0493	38.0859	53.2129	38.0859	53.9696	38.0859	53.1712	38.0859	53.8479	38.0859	53.2698	38.0859	53.719	38.0859	53.53	38.0859	53.6338	38.0859	53.9433	38.0859	53.6527	38.0859	54.4744	38.0859	53.8283	38.0859	55.0737	38.0859	54.182	38.0859	55.6909	38.0859	54.6911	38.0859	56.283	38.0859	55.2981	38.0859	56.8163	38.0859	55.9338	38.0859	57.2658	38.0859	56.5366	38.0859	57.6134	38.0859	57.0611	38.0859	57.8456	38.0859	57.4776	38.0859	57.9526	38.0859	57.7693	38.0859	57.9282
39.5508	55.5305	39.5508	55.3648	39.5508	55.6474	39.5508	55.1725	39.5508	55.7032	39.5508	54.9858	39.5508	55.6942	39.5508	54.8464	39.5508	55.627	39.5508	54.8005	39.5508	55.5198	39.5508	54.8884	39.5508	55.405	39.5508	55.1311	39.5508	55.3293	39.5508	55.5225	39.5508	55.3487	39.5508	56.0302	39.5508	55.5122	39.5508	56.6077	39.5508	55.8415	39.5508	57.2064	39.5508	56.3184	39.5508	57.7837	39.5508	56.8914	39.5508	58.3061	39.5508	57.4961	39.5508	58.7483	39.5508	58.0731	39.5508	59.0918	39.5508	58.5773	39.5508	59.3226	39.5508	58.9786	39.5508	59.4311	39.5508	59.2594	39.5508	59.4109
41.0156	56.4431	41.0156	56.298	41.0156	56.5406	41.0156	56.131	41.0156	56.5757	41.0156	55.9788	41.0156	56.5437	41.0156	55.8869	41.0156	56.4515	41.0156	55.9029	41.0156	56.3198	41.0156	56.0644	41.0156	56.1865	41.0156	56.385	41.0156	56.1072	41.0156	56.8488	41.0156	56.1472	41.0156	57.4162	41.0156	56.3609	41.0156	58.0375	41.0156	56.7663	41.0156	58.6646	41.0156	57.3329	41.0156	59.2574	41.0156	57.9953	41.0156	59.7852	41.0156	58.6798	41.0156	60.225	41.0156	59.3238	41.0156	60.5599	41.0156	59.8824	41.0156	60.7771	41.0156	60.3275	41.0156	60.8672	41.0156	60.6436	41.0156	60.8238
42.4805	58.4325	42.4805	58.2831	42.4805	58.5367	42.4805	58.1096	42.4805	58.5837	42.4805	57.9427	42.4805	58.5703	42.4805	57.8211	42.4805	58.5029	42.4805	57.7873	42.4805	58.3994	42.4805	57.8781	42.4805	58.2912	42.4805	58.113	42.4805	58.2235	42.4805	58.4869	42.4805	58.2489	42.4805	58.9709	42.4805	58.4135	42.4805	59.5226	42.4805	58.737	42.4805	60.0964	42.4805	59.2019	42.4805	60.6518	42.4805	59.7594	42.4805	61.156	42.4805	60.3482	42.4805	61.5838	42.4805	60.9109	42.4805	61.9164	42.4805	61.4038	42.4805	62.1398	42.4805	61.797	42.4805	62.244	42.4805	62.0728	42.4805	62.2226
43.9453	59.9178	43.9453	59.7765	43.9453	60.0154	43.9453	59.6117	43.9453	60.0576	43.9453	59.4522	43.9453	60.0413	43.9453	59.3345	43.9453	59.9724	43.9453	59.2984	43.9453	59.8679	43.9453	59.3786	43.9453	59.7575	43.9453	59.5947	43.9453	59.6841	43.9453	59.9435	43.9453	59.6985	43.9453	60.3997	43.9453	59.8454	43.9453	60.924	43.9453	60.146	43.9453	61.4731	43.9453	60.5858	43.9453	62.0076	43.9453	61.1195	43.9453	62.4947	43.9453	61.688	43.9453	62.9092	43.9453	62.2352	43.9453	63.2317	43.9453	62.717	43.9453	63.4479	43.9453	63.1031	43.9453	63.5476	43.9453	63.3752	43.9453	63.5242
45.4102	61.4121	45.4102	61.2722	45.4102	61.5086	45.4102	61.1076	45.4102	61.5509	45.4102	60.9451	45.4102	61.5362	45.4102	60.8189	45.4102	61.4701	45.4102	60.7667	45.4102	61.3685	45.4102	60.823	45.4102	61.2592	45.4102	61.0086	45.4102	61.1822	45.4102	61.3237	45.4102	61.1852	45.4102	61.7471	45.4102	61.3112	45.4102	62.2425	45.4102	61.5822	45.4102	62.7683	45.4102	61.9876	45.4102	63.2852	45.4102	62.487	45.4102	63.76	45.4102	63.0249	45.4102	64.1665	45.4102	63.5468	45.4102	64.4848	45.4102	64.0087	45.4102	64.6999	45.4102	64.3798	45.4102	64.8014	45.4102	64.641	45.4102	64.7825
46.875	62.7429	46.875	62.597	46.875	62.8444	46.875	62.4242	46.875	62.8913	46.875	62.2498	46.875	62.8808	46.875	62.1066	46.875	62.8182	46.875	62.0315	46.875	62.718	46.875	62.059	46.875	62.6059	46.875	62.2122	46.875	62.5192	46.875	62.4944	46.875	62.5028	46.875	62.8874	46.875	62.5989	46.875	63.3572	46.875	62.8318	46.875	63.863	46.875	63.1959	46.875	64.365	46.875	63.6561	46.875	64.8294	46.875	64.1606	46.875	65.229	46.875	64.6562	46.875	65.5433	46.875	65.0985	46.875	65.7569	46.875	65.4557	46.875	65.859	46.875	65.7076	46.875	65.8432
48.3398	63.9951	48.3398	63.8505	48.3398	64.097	48.3398	63.6801	48.3398	64.1463	48.3398	63.5081	48.3398	64.1402	48.3398	63.3654	48.3398	64.0833	48.3398	63.2871	48.3398	63.989	48.3398	63.3061	48.3398	63.8811	48.3398	63.4447	48.3398	63.7941	48.3398	63.7071	48.3398	63.7702	48.3398	64.0775	48.3398	63.8496	48.3398	64.5241	48.3398	64.0573	48.3398	65.0082	48.3398	64.3909	48.3398	65.4914	48.3398	64.8202	48.3398	65.9401	48.3398	65.2971	48.3398	66.3273	48.3398	65.7705	48.3398	66.6321	48.3398	66.1965	48.3398	66.8392	48.3398	66.5427	48.3398	66.9377	48.3398	66.7881	48.3398	66.9212
51.2695	66.4648	51.2695	66.3241	51.2695	66.5642	51.2695	66.1568	51.2695	66.6138	51.2695	65.9833	51.2695	66.6108	51.2695	65.83	51.2695	66.5588	51.2695	65.7271	51.2695	66.4685	51.2695	65.7044	51.2695	66.3594	51.2695	65.7845	51.2695	66.2603	51.2695	65.976	51.2695	66.2069	51.2695	66.2704	51.2695	66.2357	51.2695	66.6438	51.2695	66.373	51.2695	67.0628	51.2695	66.624	51.2695	67.4918	51.2695	66.9691	51.2695	67.898	51.2695	67.3696	51.2695	68.2537	51.2695	67.7798	51.2695	68.5368	51.2695	68.1573	51.2695	68.731	51.2695	68.4688	51.2695	68.8248	51.2695	68.6915	51.2695	68.812
52.7344	67.5658	52.7344	67.4275	52.7344	67.6642	52.7344	67.2627	52.7344	67.7143	52.7344	67.0908	52.7344	67.7135	52.7344	66.9364	52.7344	67.6649	52.7344	66.828	52.7344	67.5785	52.7344	66.7939	52.7344	67.4723	52.7344	66.8561	52.7344	67.3728	52.7344	67.0245	52.7344	67.3133	52.7344	67.2927	52.7344	67.3283	52.7344	67.6395	52.7344	67.4436	52.7344	68.0338	52.7344	67.6663	52.7344	68.4417	52.7344	67.9805	52.7344	68.8307	52.7344	68.3514	52.7344	69.1733	52.7344	68.736	52.7344	69.4473	52.7344	69.0931	52.7344	69.6361	52.7344	69.3896	52.7344	69.728	52.7344	69.6022	52.7344	69.7169
54.1992	68.6727	54.1992	68.5418	54.1992	68.7668	54.1992	68.3867	54.1992	68.8165	54.1992	68.2253	54.1992	68.8189	54.1992	68.0798	54.1992	68.777	54.1992	67.9761	54.1992	68.6996	54.1992	67.9396	54.1992	68.603	54.1992	67.9906	54.1992	68.5111	54.1992	68.139	54.1992	68.4539	54.1992	68.3802	54.1992	68.4627	54.1992	68.6963	54.1992	68.5616	54.1992	69.0598	54.1992	68.7585	54.1992	69.4392	54.1992	69.041	54.1992	69.804	54.1992	69.3787	54.1992	70.1274	54.1992	69.7326	54.1992	70.3875	54.1992	70.064	54.1992	70.5675	54.1992	70.3408	54.1992	70.6561	54.1992	70.5399	54.1992	70.6471
55.6641	69.8176	55.6641	69.6861	55.6641	69.9119	55.6641	69.5288	55.6641	69.9619	55.6641	69.3622	55.6641	69.9651	55.6641	69.207	55.6641	69.924	55.6641	69.0874	55.6641	69.8468	55.6641	69.0282	55.6641	69.7482	55.6641	69.0501	55.6641	69.6499	55.6641	69.1647	55.6641	69.5798	55.6641	69.3704	55.6641	69.5672	55.6641	69.6526	55.6641	69.6363	55.6641	69.9859	55.6641	69.7971	55.6641	70.3406	55.6641	70.0409	55.6641	70.6863	55.6641	70.3416	55.6641	70.996	55.6641	70.6631	55.6641	71.2474	55.6641	70.9681	55.6641	71.4233	55.6641	71.2247	55.6641	71.5121	55.6641	71.4095	55.6641	71.5075
58.5938	71.7622	58.5938	71.6375	58.5938	71.8547	58.5938	71.4912	58.5938	71.9083	58.5938	71.3381	58.5938	71.9204	58.5938	71.1964	58.5938	71.8927	58.5938	71.087	58.5938	71.832	58.5938	71.031	58.5938	71.7508	58.5938	71.0461	58.5938	71.6675	58.5938	71.1422	58.5938	71.6053	58.5938	71.319	58.5938	71.5893	58.5938	71.5644	58.5938	71.6405	58.5938	71.8577	58.5938	71.7692	58.5938	72.1729	58.5938	71.9702	58.5938	72.4832	58.5938	72.2233	58.5938	72.7635	58.5938	72.4987	58.5938	72.9929	58.5938	72.7636	58.5938	73.1548	58.5938	72.9886	58.5938	73.238	58.5938	73.1512	58.5938	73.2367
60.0586	72.7218	60.0586	72.6029	60.0586	72.8105	60.0586	72.4638	60.0586	72.8628	60.0586	72.318	60.0586	72.8761	60.0586	72.1823	60.0586	72.852	60.0586	72.0758	60.0586	72.7964	60.0586	72.0176	60.0586	72.7208	60.0586	72.024	60.0586	72.6419	60.0586	72.105	60.0586	72.5806	60.0586	72.2609	60.0586	72.5601	60.0586	72.4818	60.0586	72.5997	60.0586	72.7496	60.0586	72.7099	60.0586	73.0404	60.0586	72.8873	60.0586	73.3292	60.0586	73.1146	60.0586	73.5922	60.0586	73.3648	60.0586	73.8086	60.0586	73.6076	60.0586	73.9626	60.0586	73.815	60.0586	74.0427	60.0586	73.9652	60.0586	74.0435
62.9883	74.6539	62.9883	74.5497	62.9883	74.7342	62.9883	74.4294	62.9883	74.7854	62.9883	74.3037	62.9883	74.8052	62.9883	74.1856	62.9883	74.7943	62.9883	74.0896	62.9883	74.7572	62.9883	74.0306	62.9883	74.7018	62.9883	74.0216	62.9883	74.6402	62.9883	74.0711	62.9883	74.5878	62.9883	74.1813	62.9883	74.5617	62.9883	74.3465	62.9883	74.5772	62.9883	74.5538	62.9883	74.6442	62.9883	74.7852	62.9883	74.7631	62.9883	75.02	62.9883	74.9238	62.9883	75.2378	62.9883	75.1077	62.9883	75.4199	62.9883	75.2914	62.9883	75.5517	62.9883	75.4515	62.9883	75.6226	62.9883	75.5683	62.9883	75.6278
64.4531	75.585	64.4531	75.4796	64.4531	75.6648	64.4531	75.3562	64.4531	75.714	64.4531	75.2247	64.4531	75.7305	64.4531	75.0975	64.4531	75.7147	64.4531	74.9884	64.4531	75.6706	64.4531	74.9121	64.4531	75.6055	64.4531	74.8817	64.4531	75.531	64.4531	74.9065	64.4531	75.4619	64.4531	74.9901	64.4531	75.4149	64.4531	75.1284	64.4531	75.4061	64.4531	75.3104	64.4531	75.4464	64.4531	75.5193	64.4531	75.5381	64.4531	75.7353	64.4531	75.6732	64.4531	75.9383	64.4531	75.8346	64.4531	76.1098	64.4531	76	64.4531	76.2347	64.4531	76.1464	64.4531	76.3027	64.4531	76.2541	64.4531	76.3088
67.3828	77.1365	67.3828	77.0374	67.3828	77.2133	67.3828	76.9224	67.3828	77.2631	67.3828	76.8005	67.3828	77.284	67.3828	76.6823	67.3828	77.2762	67.3828	76.5798	67.3828	77.2429	67.3828	76.5057	67.3828	77.1903	67.3828	76.4715	67.3828	77.128	67.3828	76.4856	67.3828	77.0685	67.3828	76.5516	67.3828	77.0257	67.3828	76.667	67.3828	77.0133	67.3828	76.8228	67.3828	77.0408	67.3828	77.005	67.3828	77.111	67.3828	77.1964	67.3828	77.2183	67.3828	77.3788	67.3828	77.3489	67.3828	77.5354	67.3828	77.4841	67.3828	77.652	67.3828	77.604	67.3828	77.719	67.3828	77.6909	67.3828	77.7316
68.8477	77.8885	68.8477	77.7926	68.8477	77.9635	68.8477	77.682	68.8477	78.0134	68.8477	77.5647	68.8477	78.0361	68.8477	77.4505	68.8477	78.0318	68.8477	77.3505	68.8477	78.0032	68.8477	77.2762	68.8477	77.9557	68.8477	77.2381	68.8477	77.898	68.8477	77.2443	68.8477	77.841	68.8477	77.2985	68.8477	77.7975	68.8477	77.3988	68.8477	77.7799	68.8477	77.5378	68.8477	77.7974	68.8477	77.7029	68.8477	77.8532	68.8477	77.8783	68.8477	77.9429	68.8477	78.0472	68.8477	78.0548	68.8477	78.1937	68.8477	78.1721	68.8477	78.3043	68.8477	78.2766	68.8477	78.3696	68.8477	78.3517	68.8477	78.385
71.7773	79.3761	71.7773	79.2877	71.7773	79.4468	71.7773	79.1868	71.7773	79.4962	71.7773	79.0804	71.7773	79.5223	71.7773	78.9764	71.7773	79.5248	71.7773	78.8842	71.7773	79.5057	71.7773	78.813	71.7773	79.4692	71.7773	78.7719	71.7773	79.4219	71.7773	78.7677	71.7773	79.3725	71.7773	78.8041	71.7773	79.3313	71.7773	78.8804	71.7773	79.3086	71.7773	78.9911	71.7773	79.3122	71.7773	79.1264	71.7773	79.346	71.7773	79.2734	71.7773	79.4073	71.7773	79.4177	71.7773	79.4878	71.7773	79.5453	71.7773	79.5744	71.7773	79.6443	71.7773	79.6519	71.7773	79.7059	71.7773	79.7061	71.7773	79.7262
74.707	80.6488	74.707	80.5669	74.707	80.7155	74.707	80.4743	74.707	80.7636	74.707	80.3768	74.707	80.7912	74.707	80.2812	74.707	80.798	74.707	80.1954	74.707	80.7852	74.707	80.1272	74.707	80.7561	74.707	80.0843	74.707	80.7159	74.707	80.0727	74.707	80.6717	74.707	80.096	74.707	80.632	74.707	80.1541	74.707	80.6054	74.707	80.2432	74.707	80.5992	74.707	80.3553	74.707	80.617	74.707	80.4797	74.707	80.6579	74.707	80.6042	74.707	80.7155	74.707	80.7162	74.707	80.7794	74.707	80.8051	74.707	80.8369	74.707	80.8631	74.707	80.8758	74.707	80.8864
77.6367	81.7526	77.6367	81.6772	77.6367	81.8154	77.6367	81.593	77.6367	81.8627	77.6367	81.5048	77.6367	81.8928	77.6367	81.4184	77.6367	81.905	77.6367	81.3399	77.6367	81.9001	77.6367	81.2761	77.6367	81.8805	77.6367	81.2333	77.6367	81.8499	77.6367	81.2166	77.6367	81.8138	77.6367	81.2293	77.6367	81.779	77.6367	81.2722	77.6367	81.7523	77.6367	81.3423	77.6367	81.74	77.6367	81.4338	77.6367	81.7455	77.6367	81.538	77.6367	81.7688	77.6367	81.6446	77.6367	81.8055	77.6367	81.743	77.6367	81.8476	77.6367	81.8236	77.6367	81.885	77.6367	81.8796	77.6367	81.9076	77.6367	81.9074
79.1016	82.2845	79.1016	82.2129	79.1016	82.3452	79.1016	82.1338	79.1016	82.3924	79.1016	82.0517	79.1016	82.4243	79.1016	81.9715	79.1016	82.4402	79.1016	81.8989	79.1016	82.4405	79.1016	81.8399	79.1016	82.4272	79.1016	81.7999	79.1016	82.4033	79.1016	81.7838	79.1016	82.3736	79.1016	81.7946	79.1016	82.3438	79.1016	81.8329	79.1016	82.3201	79.1016	81.8966	79.1016	82.3077	79.1016	81.9803	79.1016	82.3102	79.1016	82.0764	79.1016	82.3277	79.1016	82.1755	79.1016	82.3565	79.1016	82.268	79.1016	82.3899	79.1016	82.345	79.1016	82.4189	79.1016	82.4	79.1016	82.4346	79.1016	82.4297
82.0312	83.1546	82.0312	83.0888	82.0312	83.2118	82.0312	83.0173	82.0312	83.2582	82.0312	82.9437	82.0312	83.2921	82.0312	82.8719	82.0312	83.3125	82.0312	82.8064	82.0312	83.3195	82.0312	82.752	82.0312	83.3141	82.0312	82.7132	82.0312	83.2982	82.0312	82.694	82.0312	83.2752	82.0312	82.6971	82.0312	83.2494	82.0312	82.7236	82.0312	83.2256	82.0312	82.772	82.0312	83.2084	82.0312	82.8385	82.0312	83.201	82.0312	82.9173	82.0312	83.2043	82.0312	83.0005	82.0312	83.2162	82.0312	83.0804	82.0312	83.2318	82.0312	83.1492	82.0312	83.2446	82.0312	83.2014	82.0312	83.2472	82.0312	83.234
84.9609	83.834	84.9609	83.7739	84.9609	83.8876	84.9609	83.7097	84.9609	83.9328	84.9609	83.6442	84.9609	83.968	84.9609	83.5806	84.9609	83.9921	84.9609	83.5224	84.9609	84.0047	84.9609	83.4732	84.9609	84.0061	84.9609	83.437	84.9609	83.9975	84.9609	83.4169	84.9609	83.981	84.9609	83.4154	84.9609	83.96	84.9609	83.4337	84.9609	83.9381	84.9609	83.4711	84.9609	83.9192	84.9609	83.5248	84.9609	83.9062	84.9609	83.5902	84.9609	83.9004	84.9609	83.6612	84.9609	83.9007	84.9609	83.7311	84.9609	83.9038	84.9609	83.7935	84.9609	83.9046	84.9609	83.8434	84.9609	83.8976	84.9609	83.8781
87.8906	84.4316	87.8906	84.3793	87.8906	84.481	87.8906	84.3259	87.8906	84.5261	87.8906	84.2729	87.8906	84.5656	87.8906	84.2224	87.8906	84.5981	87.8906	84.1767	87.8906	84.6227	87.8906	84.1382	87.8906	84.6388	87.8906	84.1094	87.8906	84.6461	87.8906	84.0928	87.8906	84.6453	87.8906	84.0904	87.8906	84.6377	87.8906	84.1034	87.8906	84.6254	87.8906	84.1316	87.8906	84.6108	87.8906	84.1736	87.8906	84.5961	87.8906	84.2263	87.8906	84.5827	87.8906	84.2856	87.8906	84.5708	87.8906	84.3463	87.8906	84.5588	87.8906	84.4036	87.8906	84.544	87.8906	84.4534	87.8906	84.5231	87.8906	84.4934
90.8203	84.9237	90.8203	84.8741	90.8203	84.97	90.8203	84.8225	90.8203	85.0119	90.8203	84.7703	90.8203	85.0481	90.8203	84.7189	90.8203	85.0772	90.8203	84.67	90.8203	85.0979	90.8203	84.6255	90.8203	85.1093	90.8203	84.5877	90.8203	85.1106	90.8203	84.5589	90.8203	85.102	90.8203	84.5411	90.8203	85.0841	90.8203	84.5358	90.8203	85.0589	90.8203	84.544	90.8203	85.0288	90.8203	84.5649	90.8203	84.9963	90.8203	84.597	90.8203	84.964	90.8203	84.6374	90.8203	84.9332	90.8203	84.6822	90.8203	84.9039	90.8203	84.7278	90.8203	84.8749	90.8203	84.7711	90.8203	84.8443	90.8203	84.81
95.2148	85.4606	95.2148	85.4198	95.2148	85.5015	95.2148	85.3799	95.2148	85.5418	95.2148	85.3411	95.2148	85.5804	95.2148	85.3038	95.2148	85.6155	95.2148	85.2686	95.2148	85.6455	95.2148	85.2362	95.2148	85.6684	95.2148	85.2076	95.2148	85.6824	95.2148	85.1844	95.2148	85.6863	95.2148	85.1678	95.2148	85.6793	95.2148	85.1594	95.2148	85.6621	95.2148	85.1603	95.2148	85.636	95.2148	85.1708	95.2148	85.6032	95.2148	85.1907	95.2148	85.5662	95.2148	85.2186	95.2148	85.5273	95.2148	85.2527	95.2148	85.4879	95.2148	85.2905	95.2148	85.4486	95.2148	85.3301	95.2148	85.4095	95.2148	85.37
98.1445	85.7418	98.1445	85.706	98.1445	85.7794	98.1445	85.672	98.1445	85.8181	98.1445	85.6397	98.1445	85.8568	98.1445	85.6088	98.1445	85.894	98.1445	85.5792	98.1445	85.9273	98.1445	85.5509	98.1445	85.9545	98.1445	85.5245	98.1445	85.973	98.1445	85.5009	98.1445	85.981	98.1445	85.4813	98.1445	85.977	98.1445	85.4671	98.1445	85.9609	98.1445	85.4599	98.1445	85.9337	98.1445	85.4608	98.1445	85.8972	98.1445	85.4703	98.1445	85.8542	98.1445	85.4883	98.1445	85.8076	98.1445	85.5139	98.1445	85.7597	98.1445	85.5458	98.1445	85.7124	98.1445	85.5827	98.1445	85.6667	98.1445	85.6233
101.074	85.9271	101.074	85.8997	101.074	85.9581	101.074	85.8755	101.074	85.9924	101.074	85.8539	101.074	86.0293	101.074	85.8337	101.074	86.0669	101.074	85.8141	101.074	86.1029	101.074	85.7943	101.074	86.1346	101.074	85.7743	101.074	86.159	101.074	85.7542	101.074	86.1736	101.074	85.7351	101.074	86.1762	101.074	85.7184	101.074	86.1659	101.074	85.7057	101.074	86.143	101.074	85.6988	101.074	86.1089	101.074	85.6992	101.074	86.0661	101.074	85.7078	101.074	86.0177	101.074	85.725	101.074	85.9666	101.074	85.7504	101.074	85.9157	101.074	85.7832	101.074	85.8671	101.074	85.8225
105.469	86.1181	105.469	86.0947	105.469	86.1465	105.469	86.0755	105.469	86.1801	105.469	86.059	105.469	86.2181	105.469	86.0434	105.469	86.2587	105.469	86.0269	105.469	86.2991	105.469	86.0083	105.469	86.336	105.469	85.9867	105.469	86.3656	105.469	85.9621	105.469	86.3843	105.469	85.9353	105.469	86.3892	105.469	85.908	105.469	86.3784	105.469	85.8824	105.469	86.3515	105.469	85.8613	105.469	86.3097	105.469	85.8474	105.469	86.2557	105.469	85.8432	105.469	86.1934	105.469	85.8504	105.469	86.127	105.469	85.87	105.469	86.0611	105.469	85.9021	105.469	85.9997	105.469	85.9458
108.398	86.2625	108.398	86.2394	108.398	86.291	108.398	86.2204	108.398	86.325	108.398	86.204	108.398	86.3638	108.398	86.1882	108.398	86.4056	108.398	86.1709	108.398	86.4474	108.398	86.1506	108.398	86.4857	108.398	86.1262	108.398	86.5164	108.398	86.0976	108.398	86.5356	108.398	86.0656	108.398	86.5399	108.398	86.0319	108.398	86.5271	108.398	85.999	108.398	86.4965	108.398	85.9702	108.398	86.4491	108.398	85.9488	108.398	86.3878	108.398	85.938	108.398	86.3168	108.398	85.9403	108.398	86.2411	108.398	85.9573	108.398	86.166	108.398	85.9897	108.398	86.0965	108.398	86.0367
112.793	86.3208	112.793	86.3022	112.793	86.3455	112.793	86.2883	112.793	86.377	112.793	86.277	112.793	86.4148	112.793	86.2657	112.793	86.4569	112.793	86.252	112.793	86.5004	112.793	86.2338	112.793	86.5414	112.793	86.2097	112.793	86.5754	112.793	86.1792	112.793	86.5978	112.793	86.143	112.793	86.6046	112.793	86.1027	112.793	86.5927	112.793	86.0614	112.793	86.5611	112.793	86.0226	112.793	86.5103	112.793	85.9906	112.793	86.4431	112.793	85.9697	112.793	86.3643	112.793	85.9636	112.793	86.2796	112.793	85.975	112.793	86.1956	112.793	86.0052	112.793	86.1185	112.793	86.0538
117.188	86.2833	117.188	86.2687	117.188	86.3052	117.188	86.2595	117.188	86.3352	117.188	86.2531	117.188	86.3728	117.188	86.2465	117.188	86.4161	117.188	86.2367	117.188	86.4619	117.188	86.221	117.188	86.5058	117.188	86.1976	117.188	86.5427	117.188	86.1656	117.188	86.5675	117.188	86.1255	117.188	86.5755	117.188	86.0791	117.188	86.5633	117.188	86.0293	117.188	86.5291	117.188	85.9806	117.188	86.4735	117.188	85.938	117.188	86.3995	117.188	85.9067	117.188	86.3123	117.188	85.8916	117.188	86.2186	117.188	85.8967	117.188	86.126	117.188	85.9239	117.188	86.042	117.188	85.9731
120.117	86.2846	120.117	86.2706	120.117	86.3063	120.117	86.2623	120.117	86.3367	120.117	86.257	120.117	86.3752	120.117	86.2513	120.117	86.4199	120.117	86.2419	120.117	86.4673	120.117	86.2261	120.117	86.513	120.117	86.2018	120.117	86.5515	120.117	86.1679	120.117	86.5775	120.117	86.1247	120.117	86.5859	120.117	86.0742	120.117	86.573	120.117	86.0196	120.117	86.537	120.117	85.9655	120.117	86.4782	120.117	85.9174	120.117	86.3996	120.117	85.8813	120.117	86.3067	120.117	85.8627	120.117	86.2067	120.117	85.8659	120.117	86.1077	120.117	85.8932	120.117	86.0181	120.117	85.9449
124.512	86.2178	124.512	86.2059	124.512	86.2379	124.512	86.1998	124.512	86.2671	124.512	86.1965	124.512	86.305	124.512	86.1925	124.512	86.3496	124.512	86.184	124.512	86.3974	124.512	86.168	124.512	86.4437	124.512	86.1421	124.512	86.4828	124.512	86.105	124.512	86.5089	124.512	86.057	124.512	86.5168	124.512	86	124.512	86.5023	124.512	85.9376	124.512	86.4632	124.512	85.8748	124.512	86.3997	124.512	85.8178	124.512	86.315	124.512	85.7735	124.512	86.2147	124.512	85.7481	124.512	86.1067	124.512	85.7469	124.512	85.9999	124.512	85.7729	124.512	85.9037	124.512	85.8261
128.906	86.0668	128.906	86.0579	128.906	86.0854	128.906	86.0562	128.906	86.115	128.906	86.0583	128.906	86.1552	128.906	86.0602	128.906	86.204	128.906	86.0581	128.906	86.258	128.906	86.0484	128.906	86.3119	128.906	86.0284	128.906	86.3598	128.906	85.9966	128.906	86.3954	128.906	85.953	128.906	86.4126	128.906	85.8994	128.906	86.4066	128.906	85.8393	128.906	86.3747	128.906	85.778	128.906	86.3167	128.906	85.7219	128.906	86.2352	128.906	85.6781	128.906	86.136	128.906	85.6535	128.906	86.027	128.906	85.6536	128.906	85.918	128.906	85.6816	128.906	85.8186	128.906	85.7377
133.301	85.9026	133.301	85.8982	133.301	85.9177	133.301	85.9018	133.301	85.9449	133.301	85.9096	133.301	85.9842	133.301	85.9174	133.301	86.0336	133.301	85.921	133.301	86.0896	133.301	85.9165	133.301	86.1469	133.301	85.9009	133.301	86.1995	133.301	85.8724	133.301	86.2404	133.301	85.8309	133.301	86.2633	133.301	85.778	133.301	86.2628	133.301	85.7172	133.301	86.2355	133.301	85.654	133.301	86.181	133.301	85.5951	133.301	86.1016	133.301	85.548	133.301	86.003	133.301	85.5203	133.301	85.8935	133.301	85.518	133.301	85.7831	133.301	85.5447	133.301	85.6824	133.301	85.6007
139.16	85.7184	139.16	85.7168	139.16	85.7311	139.16	85.7233	139.16	85.7568	139.16	85.734	139.16	85.7952	139.16	85.7442	139.16	85.8448	139.16	85.7493	139.16	85.9017	139.16	85.7452	139.16	85.9608	139.16	85.7284	139.16	86.0155	139.16	85.6971	139.16	86.0586	139.16	85.651	139.16	86.0833	139.16	85.592	139.16	86.0837	139.16	85.5239	139.16	86.0561	139.16	85.4526	139.16	85.9993	139.16	85.3858	139.16	85.9158	139.16	85.3318	139.16	85.8113	139.16	85.2991	139.16	85.6945	139.16	85.2943	139.16	85.5764	139.16	85.3215	139.16	85.4684	139.16	85.3809
143.555	85.5968	143.555	85.5961	143.555	85.608	143.555	85.603	143.555	85.6315	143.555	85.6133	143.555	85.6674	143.555	85.6226	143.555	85.7138	143.555	85.6262	143.555	85.7673	143.555	85.6198	143.555	85.8227	143.555	85.6	143.555	85.8737	143.555	85.5648	143.555	85.9131	143.555	85.514	143.555	85.934	143.555	85.4495	143.555	85.9306	143.555	85.3753	143.555	85.899	143.555	85.2975	143.555	85.8382	143.555	85.2241	143.555	85.7505	143.555	85.164	143.555	85.6417	143.555	85.1259	143.555	85.5211	143.555	85.1171	143.555	85.3996	143.555	85.1419	143.555	85.2892	143.555	85.2006
147.949	85.4413	147.949	85.445	147.949	85.4486	147.949	85.4563	147.949	85.4686	147.949	85.471	147.949	85.5017	147.949	85.4843	147.949	85.5462	147.949	85.4911	147.949	85.5986	147.949	85.487	147.949	85.6536	147.949	85.4685	147.949	85.7048	147.949	85.4333	147.949	85.7447	147.949	85.381	147.949	85.7661	147.949	85.3136	147.949	85.7628	147.949	85.235	147.949	85.7309	147.949	85.1518	147.949	85.6691	147.949	85.0722	147.949	85.5798	147.949	85.0057	147.949	85.4691	147.949	84.9614	147.949	85.3465	147.949	84.9474	147.949	85.2235	147.949	84.9683	147.949	85.1125	147.949	85.0246
153.809	85.2283	153.809	85.2297	153.809	85.2387	153.809	85.2397	153.809	85.2628	153.809	85.254	153.809	85.3004	153.809	85.2676	153.809	85.3499	153.809	85.2751	153.809	85.4074	153.809	85.2716	153.809	85.4674	153.809	85.2532	153.809	85.523	153.809	85.2174	153.809	85.5666	153.809	85.1635	153.809	85.5905	153.809	85.0934	153.809	85.5883	153.809	85.0114	153.809	85.5555	153.809	84.9243	153.809	85.4907	153.809	84.8409	153.809	85.3963	153.809	84.7715	153.809	85.2786	153.809	84.726	153.809	85.1474	153.809	84.7128	153.809	85.0152	153.809	84.7372	153.809	84.8952	153.809	84.7995
159.668	85.0865	159.668	85.0843	159.668	85.0994	159.668	85.09	159.668	85.1247	159.668	85.0994	159.668	85.1627	159.668	85.108	159.668	85.2119	159.668	85.1109	159.668	85.2692	159.668	85.1037	159.668	85.3297	159.668	85.0827	159.668	85.3869	159.668	85.0455	159.668	85.4336	159.668	84.9917	159.668	85.4621	159.668	84.9234	159.668	85.4656	159.668	84.8448	159.668	85.4391	159.668	84.7628	159.668	85.3805	159.668	84.6862	159.668	85.2915	159.668	84.6249	159.668	85.1775	159.668	84.5886	159.668	85.0478	159.668	84.5849	159.668	84.9144	159.668	84.6184	159.668	84.7906	159.668	84.6887
165.527	84.9618	165.527	84.9672	165.527	84.9666	165.527	84.9795	165.527	84.9837	165.527	84.9944	165.527	85.0138	165.527	85.0068	165.527	85.0557	165.527	85.0117	165.527	85.1066	165.527	85.0042	165.527	85.1617	165.527	84.9805	165.527	85.2145	165.527	84.9381	165.527	85.2574	165.527	84.8767	165.527	85.2825	165.527	84.7984	165.527	85.2826	165.527	84.7078	165.527	85.2523	165.527	84.6125	165.527	85.1894	165.527	84.5219	165.527	85.0954	165.527	84.447	165.527	84.9762	165.527	84.3984	165.527	84.8416	165.527	84.3848	165.527	84.7044	165.527	84.4111	165.527	84.5787	165.527	84.4776
171.387	84.7274	171.387	84.7353	171.387	84.7302	171.387	84.7507	171.387	84.7458	171.387	84.7693	171.387	84.7749	171.387	84.7862	171.387	84.8166	171.387	84.7961	171.387	84.8683	171.387	84.794	171.387	84.9254	171.387	84.7758	171.387	84.9818	171.387	84.7389	171.387	85.0298	171.387	84.6824	171.387	85.0613	171.387	84.6084	171.387	85.0687	171.387	84.5215	171.387	85.046	171.387	84.429	171.387	84.9905	171.387	84.3406	171.387	84.9032	171.387	84.2673	171.387	84.7896	171.387	84.2199	171.387	84.6594	171.387	84.2072	171.387	84.5251	171.387	84.2342	171.387	84.4011	171.387	84.3007
177.246	84.5349	177.246	84.5429	177.246	84.5374	177.246	84.5584	177.246	84.5523	177.246	84.5771	177.246	84.5804	177.246	84.5941	177.246	84.6207	177.246	84.6042	177.246	84.6708	177.246	84.6024	177.246	84.7263	177.246	84.5844	177.246	84.7811	177.246	84.5474	177.246	84.8278	177.246	84.4907	177.246	84.8582	177.246	84.416	177.246	84.8647	177.246	84.3282	177.246	84.8413	177.246	84.2346	177.246	84.7853	177.246	84.1449	177.246	84.6977	177.246	84.0702	177.246	84.584	177.246	84.0213	177.246	84.4539	177.246	84.0071	177.246	84.3202	177.246	84.0326	177.246	84.1971	177.246	84.0978
183.105	84.3317	183.105	84.3415	183.105	84.3317	183.105	84.3577	183.105	84.3437	183.105	84.3764	183.105	84.3689	183.105	84.393	183.105	84.4072	183.105	84.4027	183.105	84.4571	183.105	84.4007	183.105	84.515	183.105	84.3832	183.105	84.5751	183.105	84.3478	183.105	84.6301	183.105	84.2941	183.105	84.6716	183.105	84.2243	183.105	84.691	183.105	84.1432	183.105	84.6817	183.105	84.0582	183.105	84.6396	183.105	83.9791	183.105	84.5648	183.105	83.9163	183.105	84.4619	183.105	83.8797	183.105	84.3397	183.105	83.8773	183.105	84.2104	183.105	83.9127	183.105	84.0877	183.105	83.985
188.965	84.2373	188.965	84.2469	188.965	84.2345	188.965	84.2606	188.965	84.2409	188.965	84.2745	188.965	84.2576	188.965	84.2844	188.965	84.285	188.965	84.2858	188.965	84.3223	188.965	84.2741	188.965	84.3665	188.965	84.2457	188.965	84.4132	188.965	84.1984	188.965	84.4558	188.965	84.1322	188.965	84.4865	188.965	84.0496	188.965	84.4971	188.965	83.9561	188.965	84.4809	188.965	83.8599	188.965	84.4335	188.965	83.7712	188.965	84.3547	188.965	83.701	188.965	84.2485	188.965	83.6595	188.965	84.1236	188.965	83.6545	188.965	83.9917	188.965	83.6893	188.965	83.8669	188.965	83.7624
196.289	84.2298	196.289	84.2402	196.289	84.2226	196.289	84.2509	196.289	84.2209	196.289	84.2584	196.289	84.2258	196.289	84.2582	196.289	84.2378	196.289	84.2457	196.289	84.256	196.289	84.2163	196.289	84.278	196.289	84.1664	196.289	84.2997	196.289	84.0938	196.289	84.315	196.289	83.9988	196.289	84.3167	196.289	83.8848	196.289	84.2977	196.289	83.7581	196.289	84.2518	196.289	83.6284	196.289	84.1759	196.289	83.5074	196.289	84.0705	196.289	83.408	196.289	83.9408	196.289	83.3421	196.289	83.7964	196.289	83.3186	196.289	83.6501	196.289	83.3416	196.289	83.5166	196.289	83.41
203.613	83.9758	203.613	83.9883	203.613	83.967	203.613	84.0022	203.613	83.9635	203.613	84.0142	203.613	83.9666	203.613	84.0203	203.613	83.977	203.613	84.0163	203.613	83.9944	203.613	83.9972	203.613	84.0172	203.613	83.9593	203.613	84.0419	203.613	83.9	203.613	84.0631	203.613	83.8189	203.613	84.0739	203.613	83.7187	203.613	84.0667	203.613	83.6052	203.613	84.0349	203.613	83.4873	203.613	83.9743	203.613	83.3762	203.613	83.8846	203.613	83.2842	203.613	83.7703	203.613	83.2227	203.613	83.6402	203.613	83.2004	203.613	83.5065	203.613	83.2215	203.613	83.3835	203.613	83.2848
210.938	83.8202	210.938	83.8259	210.938	83.8165	210.938	83.8314	210.938	83.8163	210.938	83.834	210.938	83.8205	210.938	83.8296	210.938	83.8295	210.938	83.814	210.938	83.8431	210.938	83.7827	210.938	83.8596	210.938	83.7318	210.938	83.8757	210.938	83.6591	210.938	83.886	210.938	83.5647	210.938	83.884	210.938	83.4516	210.938	83.8625	210.938	83.3264	210.938	83.8153	210.938	83.1986	210.938	83.7392	210.938	83.08	210.938	83.6345	210.938	82.9829	210.938	83.5064	210.938	82.919	210.938	83.3643	210.938	82.8965	210.938	83.2209	210.938	82.9194	210.938	83.0904	210.938	82.9862
218.262	83.6103	218.262	83.6187	218.262	83.6034	218.262	83.6267	218.262	83.5995	218.262	83.6315	218.262	83.6	218.262	83.6297	218.262	83.6061	218.262	83.617	218.262	83.6183	218.262	83.5889	218.262	83.6361	218.262	83.5417	218.262	83.6567	218.262	83.4728	218.262	83.6749	218.262	83.3825	218.262	83.6837	218.262	83.2738	218.262	83.6749	218.262	83.1535	218.262	83.6413	218.262	83.0312	218.262	83.5783	218.262	82.9189	218.262	83.4853	218.262	82.8289	218.262	83.3667	218.262	82.7724	218.262	83.2315	218.262	82.7571	218.262	83.0922	218.262	82.786	218.262	82.9628	218.262	82.857
225.586	83.4525	225.586	83.4619	225.586	83.4418	225.586	83.4686	225.586	83.4312	225.586	83.4707	225.586	83.4217	225.586	83.4651	225.586	83.415	225.586	83.4478	225.586	83.4125	225.586	83.4147	225.586	83.4145	225.586	83.3618	225.586	83.4198	225.586	83.2868	225.586	83.4246	225.586	83.1898	225.586	83.4228	225.586	83.0743	225.586	83.407	225.586	82.9472	225.586	83.37	225.586	82.8187	225.586	83.3069	225.586	82.7011	225.586	83.2168	225.586	82.6069	225.586	83.1033	225.586	82.547	225.586	82.9746	225.586	82.5285	225.586	82.8424	225.586	82.5538	225.586	82.7199	225.586	82.62
232.91	83.2714	232.91	83.2803	232.91	83.2602	232.91	83.2861	232.91	83.2473	232.91	83.2868	232.91	83.2336	232.91	83.2798	232.91	83.2204	232.91	83.2611	232.91	83.209	232.91	83.2259	232.91	83.2003	232.91	83.1701	232.91	83.1934	232.91	83.0907	232.91	83.1852	232.91	82.9874	232.91	83.1702	232.91	82.8634	232.91	83.1417	232.91	82.7259	232.91	83.0929	232.91	82.5855	232.91	83.0194	232.91	82.4551	232.91	82.9208	232.91	82.3481	232.91	82.8011	232.91	82.276	232.91	82.669	232.91	82.2466	232.91	82.5363	232.91	82.2626	232.91	82.4162	232.91	82.3215
241.699	82.9525	241.699	82.9577	241.699	82.9447	241.699	82.9605	241.699	82.9342	241.699	82.9601	241.699	82.9215	241.699	82.9546	241.699	82.9081	241.699	82.9402	241.699	82.8959	241.699	82.9124	241.699	82.8865	241.699	82.8662	241.699	82.8801	241.699	82.7979	241.699	82.8741	241.699	82.7063	241.699	82.8633	241.699	82.5934	241.699	82.8404	241.699	82.4654	241.699	82.7981	241.699	82.3323	241.699	82.7312	241.699	82.2065	241.699	82.6386	241.699	82.1014	241.699	82.5242	241.699	82.0287	241.699	82.3969	241.699	81.9967	241.699	82.2686	241.699	82.0087	241.699	82.1531	241.699	82.063
250.488	82.7454	250.488	82.7307	250.488	82.7504	250.488	82.7074	250.488	82.745	250.488	82.6767	250.488	82.73	250.488	82.6384	250.488	82.7074	250.488	82.5915	250.488	82.6806	250.488	82.5333	250.488	82.6531	250.488	82.461	250.488	82.6268	250.488	82.3724	250.488	82.6014	250.488	82.2673	250.488	82.5732	250.488	82.1485	250.488	82.536	250.488	82.0224	250.488	82.4829	250.488	81.8981	250.488	82.4086	250.488	81.787	250.488	82.3115	250.488	81.7001	250.488	82.1948	250.488	81.6466	250.488	82.0662	250.488	81.6322	250.488	81.9366	250.488	81.6584	250.488	81.8183	250.488	81.7225
259.277	82.6409	259.277	82.6219	259.277	82.6496	259.277	82.5938	259.277	82.6473	259.277	82.5576	259.277	82.6346	259.277	82.5135	259.277	82.6137	259.277	82.4599	259.277	82.588	259.277	82.3944	259.277	82.5613	259.277	82.3141	259.277	82.5361	259.277	82.2171	259.277	82.5121	259.277	82.1037	259.277	82.4858	259.277	81.9775	259.277	82.451	259.277	81.8457	259.277	82.4002	259.277	81.7188	259.277	82.3276	259.277	81.6088	259.277	82.2308	259.277	81.5275	259.277	82.1122	259.277	81.4838	259.277	81.9789	259.277	81.4825	259.277	81.8414	259.277	81.5235	259.277	81.712	259.277	81.6026
268.066	82.3912	268.066	82.3737	268.066	82.3931	268.066	82.3426	268.066	82.3781	268.066	82.3	268.066	82.3472	268.066	82.247	268.066	82.3035	268.066	82.1834	268.066	82.2525	268.066	82.108	268.066	82.2005	268.066	82.0189	268.066	82.1534	268.066	81.9149	268.066	82.1138	268.066	81.7969	268.066	82.0799	268.066	81.6688	268.066	82.0456	268.066	81.5379	268.066	82.0023	268.066	81.4144	268.066	81.9419	268.066	81.3095	268.066	81.8601	268.066	81.2336	268.066	81.7578	268.066	81.1942	268.066	81.6409	268.066	81.1943	268.066	81.5191	268.066	81.2327	268.066	81.4035	268.066	81.3049
276.855	82.3841	276.855	82.3453	276.855	82.4106	276.855	82.2965	276.855	82.4227	276.855	82.2392	276.855	82.4193	276.855	82.1738	276.855	82.4004	276.855	82.0988	276.855	82.3674	276.855	82.0116	276.855	82.3224	276.855	81.9091	276.855	82.2678	276.855	81.7898	276.855	82.2049	276.855	81.6548	276.855	82.134	276.855	81.5092	276.855	82.0537	276.855	81.362	276.855	81.9619	276.855	81.2255	276.855	81.8568	276.855	81.1124	276.855	81.7388	276.855	81.0339	276.855	81.6104	276.855	80.9965	276.855	81.4771	276.855	81.0015	276.855	81.3461	276.855	81.0455	276.855	81.2253	276.855	81.1225
287.109	82.2604	287.109	82.2329	287.109	82.2642	287.109	82.1837	287.109	82.2446	287.109	82.116	287.109	82.2049	287.109	82.0329	287.109	82.1519	287.109	81.9365	287.109	82.0941	287.109	81.8277	287.109	82.0405	287.109	81.7068	287.109	81.9972	287.109	81.5743	287.109	81.965	287.109	81.4325	287.109	81.9384	287.109	81.2866	287.109	81.9074	287.109	81.1448	287.109	81.8602	287.109	81.0181	287.109	81.788	287.109	80.9177	287.109	81.6875	287.109	80.8533	287.109	81.5616	287.109	80.8306	287.109	81.419	287.109	80.8511	287.109	81.2712	287.109	80.9119	287.109	81.1304	287.109	81.0075
297.363	82.3259	297.363	82.3064	297.363	82.3213	297.363	82.2652	297.363	82.292	297.363	82.2045	297.363	82.2396	297.363	82.126	297.363	82.1689	297.363	82.0298	297.363	82.0874	297.363	81.9149	297.363	82.0044	297.363	81.7807	297.363	81.9285	297.363	81.6278	297.363	81.8646	297.363	81.4605	297.363	81.812	297.363	81.2874	297.363	81.7643	297.363	81.1215	297.363	81.7119	297.363	80.9778	297.363	81.6456	297.363	80.8704	297.363	81.5601	297.363	80.8086	297.363	81.4557	297.363	80.7947	297.363	81.3376	297.363	80.8245	297.363	81.2138	297.363	80.8901	297.363	81.0928	297.363	80.9823
307.617	82.1973	307.617	82.1762	307.617	82.193	307.617	82.1333	307.617	82.1615	307.617	82.072	307.617	82.1038	307.617	81.9949	307.617	82.0247	307.617	81.9026	307.617	81.9325	307.617	81.7939	307.617	81.8384	307.617	81.6667	307.617	81.7537	307.617	81.52	307.617	81.6861	307.617	81.3555	307.617	81.637	307.617	81.1799	307.617	81.6	307.617	81.0053	307.617	81.5634	307.617	80.8476	307.617	81.5142	307.617	80.7237	307.617	81.4429	307.617	80.647	307.617	81.346	307.617	80.6241	307.617	81.2271	307.617	80.6531	307.617	81.0943	307.617	80.7261	307.617	80.9587	307.617	80.832
319.336	82.082	319.336	82.067	319.336	82.0686	319.336	82.0278	319.336	82.0245	319.336	81.9689	319.336	81.9502	319.336	81.8935	319.336	81.8504	319.336	81.8027	319.336	81.7341	319.336	81.6955	319.336	81.6133	319.336	81.57	319.336	81.5011	319.336	81.4248	319.336	81.4078	319.336	81.2618	319.336	81.3376	319.336	81.0874	319.336	81.2868	319.336	80.9137	319.336	81.2455	319.336	80.7564	319.336	81.2021	319.336	80.6321	319.336	81.1469	319.336	80.5538	319.336	81.0755	319.336	80.5265	319.336	80.9885	319.336	80.547	319.336	80.8905	319.336	80.6056	319.336	80.7882	319.336	80.6899
329.59	82.124	329.59	82.0917	329.59	82.1265	329.59	82.0349	329.59	82.0957	329.59	81.9592	329.59	82.0315	329.59	81.8693	329.59	81.9376	329.59	81.7679	329.59	81.822	329.59	81.6551	329.59	81.6962	329.59	81.5298	329.59	81.5732	329.59	81.3911	329.59	81.464	329.59	81.2406	329.59	81.3746	329.59	81.0839	329.59	81.3036	329.59	80.931	329.59	81.2439	329.59	80.7949	329.59	81.1858	329.59	80.6887	329.59	81.1213	329.59	80.6215	329.59	81.0471	329.59	80.596	329.59	80.9646	329.59	80.6087	329.59	80.8782	329.59	80.6516	329.59	80.7934	329.59	80.7157
341.309	82.1666	341.309	82.1565	341.309	82.1362	341.309	82.1114	341.309	82.0622	341.309	82.0378	341.309	81.9463	341.309	81.9412	341.309	81.7955	341.309	81.8251	341.309	81.6232	341.309	81.6907	341.309	81.4476	341.309	81.5375	341.309	81.2888	341.309	81.3659	341.309	81.1632	341.309	81.1794	341.309	81.0781	341.309	80.9865	341.309	81.0293	341.309	80.8018	341.309	81.0039	341.309	80.6434	341.309	80.9859	341.309	80.5285	341.309	80.9618	341.309	80.4677	341.309	80.9242	341.309	80.461	341.309	80.8713	341.309	80.4987	341.309	80.8048	341.309	80.5653	341.309	80.728	341.309	80.6457
353.027	82.2786	353.027	82.2449	353.027	82.2814	353.027	82.1869	353.027	82.2478	353.027	82.1101	353.027	82.1748	353.027	82.0178	353.027	82.0631	353.027	81.9104	353.027	81.9181	353.027	81.7853	353.027	81.7501	353.027	81.6389	353.027	81.5728	353.027	81.4686	353.027	81.4003	353.027	81.2759	353.027	81.2436	353.027	81.0681	353.027	81.1074	353.027	80.8588	353.027	80.9905	353.027	80.6662	353.027	80.8876	353.027	80.509	353.027	80.7938	353.027	80.4004	353.027	80.7058	353.027	80.3447	353.027	80.6231	353.027	80.3361	353.027	80.546	353.027	80.3629	353.027	80.4751	353.027	80.4124
366.211	82.1641	366.211	82.1266	366.211	82.1626	366.211	82.0592	366.211	82.1171	366.211	81.9728	366.211	82.028	366.211	81.8776	366.211	81.9016	366.211	81.7798	366.211	81.7499	366.211	81.6804	366.211	81.5891	366.211	81.5757	366.211	81.436	366.211	81.4594	366.211	81.3033	366.211	81.3264	366.211	81.1957	366.211	81.1761	366.211	81.109	366.211	81.0147	366.211	81.0332	366.211	80.8544	366.211	80.958	366.211	80.7112	366.211	80.8783	366.211	80.5995	366.211	80.7948	366.211	80.5278	366.211	80.7129	366.211	80.4964	366.211	80.6384	366.211	80.4992	366.211	80.5756	366.211	80.5278
379.395	82.1154	379.395	82.0637	379.395	82.1199	379.395	81.9772	379.395	82.0688	379.395	81.8696	379.395	81.959	379.395	81.7535	379.395	81.796	379.395	81.6383	379.395	81.5949	379.395	81.5285	379.395	81.381	379.395	81.4244	379.395	81.1857	379.395	81.3238	379.395	81.0375	379.395	81.2247	379.395	80.9519	379.395	81.1275	379.395	80.9247	379.395	81.0365	379.395	80.9365	379.395	80.9586	379.395	80.9625	379.395	80.9009	379.395	80.9838	379.395	80.8679	379.395	80.9914	379.395	80.8591	379.395	80.985	379.395	80.8696	379.395	80.9685	379.395	80.8919	379.395	80.9455	379.395	80.9189
392.578	82.1357	392.578	82.0337	392.578	82.1857	392.578	81.8922	392.578	82.1744	392.578	81.7255	392.578	82.0973	392.578	81.5473	392.578	81.9559	392.578	81.3686	392.578	81.7598	392.578	81.1967	392.578	81.527	392.578	81.0355	392.578	81.2834	392.578	80.8873	392.578	81.0578	392.578	80.7556	392.578	80.8743	392.578	80.6464	392.578	80.7452	392.578	80.5674	392.578	80.6682	392.578	80.525	392.578	80.6317	392.578	80.5204	392.578	80.6224	392.578	80.5473	392.578	80.6302	392.578	80.5928	392.578	80.6485	392.578	80.6405	392.578	80.6707	392.578	80.6764	392.578	80.6885	392.578	80.6925
405.762	82.1439	405.762	82.0506	405.762	82.1758	405.762	81.9085	405.762	82.1395	405.762	81.7333	405.762	82.0346	405.762	81.5418	405.762	81.8682	405.762	81.3481	405.762	81.6562	405.762	81.1611	405.762	81.4221	405.762	80.9844	405.762	81.1949	405.762	80.8181	405.762	81.0014	405.762	80.6632	405.762	80.8578	405.762	80.5246	405.762	80.7648	405.762	80.4124	405.762	80.7096	405.762	80.3386	405.762	80.6751	405.762	80.3118	405.762	80.6492	405.762	80.3308	405.762	80.6278	405.762	80.3833	405.762	80.6113	405.762	80.45	405.762	80.5987	405.762	80.5118	405.762	80.5837	405.762	80.557
420.41	82.3307	420.41	82.2085	420.41	82.385	420.41	82.0329	420.41	82.3619	420.41	81.8224	420.41	82.2585	420.41	81.5969	420.41	82.0793	420.41	81.3737	420.41	81.8389	420.41	81.1647	420.41	81.5634	420.41	80.9746	420.41	81.289	420.41	80.8025	420.41	81.0543	420.41	80.6464	420.41	80.8864	420.41	80.5075	420.41	80.7891	420.41	80.392	420.41	80.7427	420.41	80.3091	420.41	80.7169	420.41	80.266	420.41	80.6867	420.41	80.263	420.41	80.6425	420.41	80.2916	420.41	80.5885	420.41	80.3379	420.41	80.5339	420.41	80.3886	420.41	80.484	420.41	80.4371
435.059	82.1245	435.059	82.0076	435.059	82.1604	435.059	81.824	435.059	82.1074	435.059	81.5939	435.059	81.965	435.059	81.3415	435.059	81.7415	435.059	81.0924	435.059	81.4572	435.059	80.8684	435.059	81.1475	435.059	80.6836	435.059	80.8605	435.059	80.543	435.059	80.6464	435.059	80.4442	435.059	80.5378	435.059	80.3814	435.059	80.533	435.059	80.3495	435.059	80.5982	435.059	80.3458	435.059	80.687	435.059	80.3689	435.059	80.7615	435.059	80.4158	435.059	80.803	435.059	80.4808	435.059	80.8099	435.059	80.5549	435.059	80.7894	435.059	80.6287	435.059	80.7495	435.059	80.695
451.172	82.5874	451.172	82.4109	451.172	82.6648	451.172	82.1473	451.172	82.6357	451.172	81.8142	451.172	82.4966	451.172	81.4363	451.172	82.2498	451.172	81.0446	451.172	81.9078	451.172	80.6736	451.172	81.4996	451.172	80.3558	451.172	81.0744	451.172	80.1152	451.172	80.6972	451.172	79.9622	451.172	80.4281	451.172	79.8938	451.172	80.2939	451.172	79.8965	451.172	80.2745	451.172	79.9513	451.172	80.3187	451.172	80.0379	451.172	80.3757	451.172	80.1373	451.172	80.416	451.172	80.2327	451.172	80.4334	451.172	80.3121	451.172	80.4342	451.172	80.3694	451.172	80.4249	451.172	80.4051
465.82	82.6382	465.82	82.4788	465.82	82.6861	465.82	82.2151	465.82	82.6188	465.82	81.8595	465.82	82.4358	465.82	81.4324	465.82	82.1416	465.82	80.9649	465.82	81.7514	465.82	80.4996	465.82	81.2987	465.82	80.0881	465.82	80.8418	465.82	79.7818	465.82	80.4597	465.82	79.6162	465.82	80.2283	465.82	79.5981	465.82	80.1823	465.82	79.7043	465.82	80.2934	465.82	79.8943	465.82	80.4907	465.82	80.1252	465.82	80.7005	465.82	80.3619	465.82	80.8735	465.82	80.5798	465.82	80.9886	465.82	80.7632	465.82	81.0442	465.82	80.9039	465.82	81.0458	465.82	80.9984
483.398	83.3033	483.398	83.1538	483.398	83.3399	483.398	82.8962	483.398	83.2585	483.398	82.536	483.398	83.054	483.398	82.0804	483.398	82.7235	483.398	81.5413	483.398	82.2718	483.398	80.939	483.398	81.7211	483.398	80.3104	483.398	81.122	483.398	79.7177	483.398	80.5604	483.398	79.2501	483.398	80.1433	483.398	79.0029	483.398	79.9546	483.398	79.0276	483.398	80.0034	483.398	79.2947	483.398	80.2219	483.398	79.7101	483.398	80.5138	483.398	80.1675	483.398	80.8015	483.398	80.5867	483.398	81.039	483.398	80.9207	483.398	81.2038	483.398	81.1491	483.398	81.2834	483.398	81.2682
499.512	83.4798	499.512	83.3538	499.512	83.5065	499.512	83.1328	499.512	83.426	499.512	82.8184	499.512	83.2275	499.512	82.4103	499.512	82.9005	499.512	81.9095	499.512	82.4402	499.512	81.3228	499.512	81.8589	499.512	80.6715	499.512	81.1999	499.512	80.0036	499.512	80.5507	499.512	79.4039	499.512	80.0373	499.512	78.9856	499.512	79.7759	499.512	78.8461	499.512	79.7991	499.512	79.0041	499.512	80.035	499.512	79.3838	499.512	80.3664	499.512	79.8651	499.512	80.6963	499.512	80.3415	499.512	80.9674	499.512	80.7426	499.512	81.151	499.512	81.0313	499.512	81.2306	499.512	81.1937
517.09	83.1946	517.09	83.0928	517.09	83.2202	517.09	82.9182	517.09	83.1615	517.09	82.6707	517.09	83.0051	517.09	82.3478	517.09	82.7345	517.09	81.9451	517.09	82.3349	517.09	81.4576	517.09	81.8033	517.09	80.8833	517.09	81.1627	517.09	80.2321	517.09	80.4769	517.09	79.5394	517.09	79.8562	517.09	78.8849	517.09	79.4299	517.09	78.395	517.09	79.2773	517.09	78.1985	517.09	79.3742	517.09	78.3383	517.09	79.6189	517.09	78.7302	517.09	79.9027	517.09	79.2254	517.09	80.149	517.09	79.6941	517.09	80.312	517.09	80.0576	517.09	80.3632	517.09	80.2822
536.133	82.8534	536.133	82.7373	536.133	82.8837	536.133	82.5413	536.133	82.8217	536.133	82.2732	536.133	82.6568	536.133	81.944	536.133	82.3749	536.133	81.5668	536.133	81.9614	536.133	81.1528	536.133	81.4104	536.133	80.7079	536.133	80.7393	536.133	80.2332	536.133	80.0079	536.133	79.7344	536.133	79.3322	536.133	79.2399	536.133	78.8637	536.133	78.818	536.133	78.712	536.133	78.5687	536.133	78.8644	536.133	78.572	536.133	79.2036	536.133	78.8217	536.133	79.5949	536.133	79.2219	536.133	79.9396	536.133	79.6472	536.133	80.1779	536.133	79.9979	536.133	80.2755	536.133	80.2154
555.176	82.9249	555.176	82.7663	555.176	83.0141	555.176	82.5485	555.176	83.0159	555.176	82.2759	555.176	82.9052	555.176	81.9484	555.176	82.6525	555.176	81.5628	555.176	82.2317	555.176	81.1141	555.176	81.6328	555.176	80.5989	555.176	80.8791	555.176	80.0219	555.176	80.0484	555.176	79.4084	555.176	79.2827	555.176	78.8211	555.176	78.7491	555.176	78.3665	555.176	78.5435	555.176	78.1636	555.176	78.6278	555.176	78.2668	555.176	78.887	555.176	78.6146	555.176	79.2153	555.176	79.0703	555.176	79.5403	555.176	79.5006	555.176	79.806	555.176	79.816	555.176	79.9631	555.176	79.9729
574.219	82.9035	574.219	82.7023	574.219	83.0291	574.219	82.4341	574.219	83.0641	574.219	82.1047	574.219	82.9844	574.219	81.7204	574.219	82.7588	574.219	81.2899	574.219	82.3554	574.219	80.8237	574.219	81.7542	574.219	80.3312	574.219	80.965	574.219	79.8188	574.219	80.0524	574.219	79.2938	574.219	79.1583	574.219	78.783	574.219	78.4834	574.219	78.3568	574.219	78.1835	574.219	78.1276	574.219	78.2564	574.219	78.1851	574.219	78.5692	574.219	78.5089	574.219	78.9764	574.219	78.9706	574.219	79.3745	574.219	79.4197	574.219	79.6941	574.219	79.7497	574.219	79.884	574.219	79.9082
594.727	82.8241	594.727	82.6245	594.727	82.9462	594.727	82.3486	594.727	82.9827	594.727	81.9956	594.727	82.9138	594.727	81.5676	594.727	82.7088	594.727	81.0719	594.727	82.3315	594.727	80.5228	594.727	81.7496	594.727	79.9388	594.727	80.9496	594.727	79.3373	594.727	79.9619	594.727	78.7322	594.727	78.9046	594.727	78.1459	594.727	78.0208	594.727	77.6397	594.727	77.5947	594.727	77.3293	594.727	77.7027	594.727	77.3304	594.727	78.1394	594.727	77.6511	594.727	78.6485	594.727	78.1656	594.727	79.0785	594.727	78.7049	594.727	79.3656	594.727	79.1416	594.727	79.4812	594.727	79.4078
615.234	82.9081	615.234	82.7648	615.234	83.0026	615.234	82.5637	615.234	83.0398	615.234	82.2859	615.234	82.9915	615.234	81.9092	615.234	82.8166	615.234	81.413	615.234	82.4742	615.234	80.7825	615.234	81.9358	615.234	80.0179	615.234	81.1946	615.234	79.1497	615.234	80.2745	615.234	78.2581	615.234	79.2454	615.234	77.4822	615.234	78.2514	615.234	76.9903	615.234	77.5212	615.234	76.9004	615.234	77.2791	615.234	77.202	615.234	77.5536	615.234	77.7634	615.234	78.1378	615.234	78.4108	615.234	78.7711	615.234	78.9951	615.234	79.2767	615.234	79.4155	615.234	79.5683	615.234	79.6148
637.207	82.685	637.207	82.5433	637.207	82.8032	637.207	82.3696	637.207	82.8909	637.207	82.1483	637.207	82.921	637.207	81.8625	637.207	82.8493	637.207	81.4945	637.207	82.6231	637.207	81.0229	637.207	82.1906	637.207	80.4228	637.207	81.5107	637.207	79.672	637.207	80.5693	637.207	78.7722	637.207	79.4155	637.207	77.7895	637.207	78.2282	637.207	76.9118	637.207	77.3502	637.207	76.449	637.207	77.1047	637.207	76.626	637.207	77.4682	637.207	77.3251	637.207	78.1363	637.207	78.2088	637.207	78.8321	637.207	78.9971	637.207	79.394	637.207	79.5427	637.207	79.731	637.207	79.7893
659.18	82.3049	659.18	82.1734	659.18	82.4519	659.18	82.0469	659.18	82.6007	659.18	81.9029	659.18	82.7099	659.18	81.715	659.18	82.7194	659.18	81.4516	659.18	82.566	659.18	81.0739	659.18	82.1951	659.18	80.5372	659.18	81.5644	659.18	79.8026	659.18	80.65	659.18	78.8581	659.18	79.4699	659.18	77.7563	659.18	78.1497	659.18	76.6738	659.18	77.0203	659.18	75.9471	659.18	76.5414	659.18	75.9074	659.18	76.8476	659.18	76.5299	659.18	77.5874	659.18	77.4544	659.18	78.3656	659.18	78.3344	659.18	78.9666	659.18	78.9773	659.18	79.2944	659.18	79.3034
682.617	82.4462	682.617	82.2628	682.617	82.596	682.617	82.0408	682.617	82.7056	682.617	81.7753	682.617	82.7522	682.617	81.47	682.617	82.704	682.617	81.1317	682.617	82.529	682.617	80.7542	682.617	82.1983	682.617	80.3055	682.617	81.682	682.617	79.7293	682.617	80.9463	682.617	78.966	682.617	79.9643	682.617	77.9912	682.617	78.7622	682.617	76.8798	682.617	77.5219	682.617	75.9002	682.617	76.6748	682.617	75.508	682.617	76.6439	682.617	75.9528	682.617	77.2986	682.617	76.932	682.617	78.1408	682.617	77.9615	682.617	78.8169	682.617	78.7424	682.617	79.1746	682.617	79.1557
707.52	82.5664	707.52	82.2747	707.52	82.7895	707.52	81.9438	707.52	82.927	707.52	81.6118	707.52	82.9693	707.52	81.3077	707.52	82.9073	707.52	81.031	707.52	82.7263	707.52	80.741	707.52	82.4017	707.52	80.3642	707.52	81.8969	707.52	79.8137	707.52	81.1678	707.52	79.0124	707.52	80.1753	707.52	77.9232	707.52	78.9131	707.52	76.6062	707.52	77.4815	707.52	75.33	707.52	76.2449	707.52	74.6398	707.52	75.8421	707.52	74.9545	707.52	76.463	707.52	75.9916	707.52	77.4889	707.52	77.1644	707.52	78.3238	707.52	78.1026	707.52	78.726	707.52	78.6454
732.422	82.0433	732.422	81.6937	732.422	82.3579	732.422	81.3596	732.422	82.5912	732.422	81.0848	732.422	82.7067	732.422	80.89	732.422	82.6825	732.422	80.7593	732.422	82.5145	732.422	80.6391	732.422	82.2106	732.422	80.45	732.422	81.773	732.422	80.1017	732.422	81.1778	732.422	79.5092	732.422	80.3701	732.422	78.6141	732.422	79.293	732.422	77.4307	732.422	77.9737	732.422	76.1376	732.422	76.6953	732.422	75.1805	732.422	76.0829	732.422	75.0766	732.422	76.4771	732.422	75.8068	732.422	77.3631	732.422	76.8496	732.422	78.1149	732.422	77.7633	732.422	78.4568	732.422	78.3301
757.324	82.3706	757.324	81.9602	757.324	82.6713	757.324	81.4728	757.324	82.8452	757.324	80.9658	757.324	82.8779	757.324	80.5089	757.324	82.7542	757.324	80.156	757.324	82.4682	757.324	79.919	757.324	82.0324	757.324	79.762	757.324	81.4767	757.324	79.5989	757.324	80.8315	757.324	79.2972	757.324	80.105	757.324	78.7118	757.324	79.2721	757.324	77.7637	757.324	78.3018	757.324	76.5589	757.324	77.2647	757.324	75.5231	757.324	76.4962	757.324	75.2766	757.324	76.4679	757.324	75.9408	757.324	77.1334	757.324	76.9796	757.324	77.9216	757.324	77.8772	757.324	78.3912	757.324	78.3791
785.156	82.7107	785.156	82.388	785.156	82.9098	785.156	81.9799	785.156	82.9707	785.156	81.5473	785.156	82.8963	785.156	81.1516	785.156	82.7027	785.156	80.8135	785.156	82.416	785.156	80.4902	785.156	82.0592	785.156	80.1082	785.156	81.6311	785.156	79.6297	785.156	81.0881	785.156	79.0771	785.156	80.3512	785.156	78.4732	785.156	79.3536	785.156	77.7753	785.156	78.1329	785.156	76.9378	785.156	76.9595	785.156	76.0823	785.156	76.3289	785.156	75.5994	785.156	76.4889	785.156	75.8523	785.156	77.1015	785.156	76.6466	785.156	77.7022	785.156	77.4596	785.156	78.0249	785.156	77.953
811.523	82.9265	811.523	82.5269	811.523	83.1955	811.523	82.0422	811.523	83.3186	811.523	81.5583	811.523	83.29	811.523	81.1737	811.523	83.103	811.523	80.9264	811.523	82.7519	811.523	80.7317	811.523	82.2413	811.523	80.4146	811.523	81.5926	811.523	79.8161	811.523	80.84	811.523	78.8918	811.523	80.0092	811.523	77.7532	811.523	79.0908	811.523	76.6156	811.523	78.0691	811.523	75.6866	811.523	77.0813	811.523	75.1688	811.523	76.5737	811.523	75.2949	811.523	76.9127	811.523	76.0834	811.523	77.7618	811.523	77.1814	811.523	78.529	811.523	78.1633	811.523	78.8963	811.523	78.7702
840.82	82.7179	840.82	82.8475	840.82	82.5574	840.82	82.82	840.82	82.4851	840.82	82.5839	840.82	82.5298	840.82	82.1985	840.82	82.6209	840.82	81.8094	840.82	82.6454	840.82	81.523	840.82	82.5013	840.82	81.2604	840.82	82.1292	840.82	80.8016	840.82	81.5313	840.82	79.9828	840.82	80.7665	840.82	78.8401	840.82	79.8935	840.82	77.6161	840.82	78.8983	840.82	76.5816	840.82	77.7558	840.82	75.8554	840.82	76.704	840.82	75.6091	840.82	76.3888	840.82	76.1827	840.82	77.0835	840.82	77.3964	840.82	78.146	840.82	78.5212	840.82	78.9106	840.82	79.0664
870.117	82.9629	870.117	82.8678	870.117	82.9328	870.117	82.5861	870.117	82.824	870.117	82.0914	870.117	82.6593	870.117	81.4634	870.117	82.4565	870.117	80.9338	870.117	82.2247	870.117	80.7659	870.117	81.9421	870.117	80.9297	870.117	81.5625	870.117	81.0634	870.117	81.0421	870.117	80.8211	870.117	80.3477	870.117	80.0885	870.117	79.4525	870.117	78.9859	870.117	78.3818	870.117	77.7755	870.117	77.364	870.117	76.7208	870.117	76.8858	870.117	76.0638	870.117	77.1713	870.117	76.0747	870.117	77.8115	870.117	76.7583	870.117	78.3398	870.117	77.658	870.117	78.5369	870.117	78.312
900.879	83.0445	900.879	83.1213	900.879	82.8988	900.879	82.9887	900.879	82.7814	900.879	82.5434	900.879	82.688	900.879	81.7681	900.879	82.5524	900.879	80.7819	900.879	82.3285	900.879	79.8878	900.879	82.0145	900.879	79.4114	900.879	81.6183	900.879	79.2878	900.879	81.1241	900.879	79.1088	900.879	80.4808	900.879	78.6117	900.879	79.602	900.879	77.8684	900.879	78.4072	900.879	77.149	900.879	77.0182	900.879	76.6786	900.879	76.1004	900.879	76.5415	900.879	76.3769	900.879	76.7882	900.879	77.3576	900.879	77.398	900.879	78.2163	900.879	78.1132	900.879	78.6441	900.879	78.5933
933.105	83.7847	933.105	83.733	933.105	83.7315	933.105	83.5266	933.105	83.5741	933.105	83.0919	933.105	83.2904	933.105	82.37	933.105	82.8915	933.105	81.3677	933.105	82.4244	933.105	80.2694	933.105	81.916	933.105	79.5082	933.105	81.34	933.105	79.3615	933.105	80.6503	933.105	79.462	933.105	79.8368	933.105	79.2945	933.105	78.9137	933.105	78.7151	933.105	77.8819	933.105	77.9228	933.105	76.9192	933.105	77.2751	933.105	76.6431	933.105	77.0956	933.105	77.3654	933.105	77.4857	933.105	78.4104	933.105	78.2191	933.105	79.1614	933.105	78.9306	933.105	79.4725	933.105	79.3792
965.332	84.9802	965.332	85.164	965.332	84.5825	965.332	85.0132	965.332	84.128	965.332	84.4716	965.332	83.7366	965.332	83.5335	965.332	83.4569	965.332	82.2717	965.332	83.279	965.332	80.9536	965.332	83.1283	965.332	80.0272	965.332	82.8763	965.332	79.5784	965.332	82.3946	965.332	79.1507	965.332	81.5612	965.332	78.4853	965.332	80.2048	965.332	77.8236	965.332	78.1513	965.332	77.5055	965.332	75.8086	965.332	77.5842	965.332	75.2944	965.332	77.9888	965.332	77.0082	965.332	78.7688	965.332	78.7776	965.332	79.8091	965.332	80.0054	965.332	80.6683	965.332	80.7545	965.332	81.0031
1,000.49	84.028	1,000.49	83.8806	1,000.49	84.1769	1,000.49	83.7347	1,000.49	84.2214	1,000.49	83.4787	1,000.49	84.0524	1,000.49	82.9743	1,000.49	83.6562	1,000.49	82.1744	1,000.49	83.1358	1,000.49	81.2655	1,000.49	82.64	1,000.49	80.6523	1,000.49	82.2242	1,000.49	80.4408	1,000.49	81.7576	1,000.49	80.1947	1,000.49	80.9716	1,000.49	79.6114	1,000.49	79.5904	1,000.49	78.9021	1,000.49	77.562	1,000.49	78.4565	1,000.49	75.8191	1,000.49	78.3623	1,000.49	76.2175	1,000.49	78.5777	1,000.49	77.7939	1,000.49	79.2198	1,000.49	78.9736	1,000.49	80.0999	1,000.49	79.6819	1,000.49	80.6741	1,000.49	80.2447	1,000.49	80.6718
1,035.64	85.0447	1,035.64	85.0549	1,035.64	84.4493	1,035.64	84.5035	1,035.64	83.372	1,035.64	83.5048	1,035.64	82.058	1,035.64	82.1625	1,035.64	80.9317	1,035.64	80.4415	1,035.64	80.5661	1,035.64	78.3869	1,035.64	81.1283	1,035.64	77.1935	1,035.64	81.9605	1,035.64	78.2222	1,035.64	82.3229	1,035.64	79.7186	1,035.64	81.8738	1,035.64	80.4283	1,035.64	80.497	1,035.64	80.4187	1,035.64	77.9979	1,035.64	80.0429	1,035.64	74.2273	1,035.64	79.5492	1,035.64	73.1412	1,035.64	79.0172	1,035.64	77.006	1,035.64	78.724	1,035.64	79.8204	1,035.64	79.2476	1,035.64	81.1683	1,035.64	80.3452	1,035.64	81.542	1,035.64	81.2263
1,072.27	84.0851	1,072.27	84.4569	1,072.27	83.4596	1,072.27	84.3764	1,072.27	82.8644	1,072.27	83.828	1,072.27	82.3844	1,072.27	82.8987	1,072.27	81.8272	1,072.27	81.5666	1,072.27	81.1106	1,072.27	79.5268	1,072.27	80.7359	1,072.27	76.4778	1,072.27	81.3267	1,072.27	73.9168	1,072.27	82.2793	1,072.27	74.7119	1,072.27	82.5867	1,072.27	76.0587	1,072.27	81.7353	1,072.27	76.7549	1,072.27	79.2951	1,072.27	77.5859	1,072.27	74.3245	1,072.27	78.9521	1,072.27	70.6203	1,072.27	80.3367	1,072.27	76.5166	1,072.27	81.2728	1,072.27	79.876	1,072.27	81.7902	1,072.27	81.322	1,072.27	82.0378	1,072.27	81.8705	1,072.27	82.0609
1,108.89	85.192	1,108.89	85.4206	1,108.89	84.1221	1,108.89	84.7427	1,108.89	82.6471	1,108.89	83.2968	1,108.89	81.7317	1,108.89	81.528	1,108.89	81.7302	1,108.89	80.0746	1,108.89	81.6975	1,108.89	78.8029	1,108.89	81.1952	1,108.89	76.7716	1,108.89	81.3979	1,108.89	74.7361	1,108.89	82.9762	1,108.89	77.1355	1,108.89	84.3213	1,108.89	80.5011	1,108.89	84.4546	1,108.89	82.2465	1,108.89	83.0448	1,108.89	82.5162	1,108.89	79.3649	1,108.89	81.6984	1,108.89	73.1762	1,108.89	80.3098	1,108.89	78.7197	1,108.89	79.249	1,108.89	83.4369	1,108.89	79.9034	1,108.89	85.3488	1,108.89	82.15	1,108.89	85.4856	1,108.89	84.3023
1,148.44	84.7438	1,148.44	84.5292	1,148.44	85.4274	1,148.44	84.5637	1,148.44	86.1846	1,148.44	84.3542	1,148.44	86.5462	1,148.44	83.6461	1,148.44	86.2834	1,148.44	82.4047	1,148.44	85.2744	1,148.44	80.5592	1,148.44	83.5384	1,148.44	77.5493	1,148.44	82.195	1,148.44	70.79	1,148.44	83.355	1,148.44	64.7748	1,148.44	85.4501	1,148.44	76.9062	1,148.44	86.6385	1,148.44	80.7448	1,148.44	86.5316	1,148.44	81.606	1,148.44	84.8404	1,148.44	80.3866	1,148.44	80.8978	1,148.44	77.9764	1,148.44	77.3631	1,148.44	78.2165	1,148.44	82.3009	1,148.44	82.1699	1,148.44	85.8578	1,148.44	85.4272	1,148.44	87.2937	1,148.44	87.1177
1,189.45	87.6014	1,189.45	87.2804	1,189.45	87.024	1,189.45	85.633	1,189.45	86.4114	1,189.45	82.2734	1,189.45	86.549	1,189.45	77.0296	1,189.45	86.9663	1,189.45	76.0337	1,189.45	86.747	1,189.45	79.666	1,189.45	85.2267	1,189.45	81.5816	1,189.45	82.1843	1,189.45	81.5876	1,189.45	81.01	1,189.45	78.9997	1,189.45	83.8654	1,189.45	70.0277	1,189.45	85.7552	1,189.45	70.2767	1,189.45	85.9406	1,189.45	77.6493	1,189.45	84.5031	1,189.45	79.4818	1,189.45	81.1105	1,189.45	80.0639	1,189.45	78.0704	1,189.45	81.2905	1,189.45	82.1969	1,189.45	83.4116	1,189.45	85.5847	1,189.45	85.514	1,189.45	86.9463	1,189.45	86.8163
1,230.47	87.5838	1,230.47	87.1124	1,230.47	87.999	1,230.47	86.1495	1,230.47	88.4733	1,230.47	84.1781	1,230.47	88.6845	1,230.47	80.5374	1,230.47	88.3595	1,230.47	75.2721	1,230.47	87.4769	1,230.47	75.6695	1,230.47	85.8575	1,230.47	79.1149	1,230.47	82.7597	1,230.47	80.9642	1,230.47	79.0597	1,230.47	80.7939	1,230.47	82.7865	1,230.47	76.4083	1,230.47	86.6768	1,230.47	68.3842	1,230.47	88.3928	1,230.47	80.213	1,230.47	88.3947	1,230.47	83.0065	1,230.47	86.8345	1,230.47	82.3659	1,230.47	84.5742	1,230.47	80.231	1,230.47	85.3654	1,230.47	80.9556	1,230.47	87.9538	1,230.47	85.2658	1,230.47	89.0799	1,230.47	88.2273
1,274.41	83.0451	1,274.41	75.0868	1,274.41	90.2251	1,274.41	87.4587	1,274.41	93.1409	1,274.41	91.4626	1,274.41	93.9416	1,274.41	93.1205	1,274.41	93.0692	1,274.41	93.4593	1,274.41	90.2675	1,274.41	92.9424	1,274.41	85.2398	1,274.41	91.8912	1,274.41	86.0815	1,274.41	90.6265	1,274.41	89.3321	1,274.41	89.6309	1,274.41	89.8977	1,274.41	89.3673	1,274.41	89.0485	1,274.41	89.3711	1,274.41	88.5463	1,274.41	88.647	1,274.41	89.0564	1,274.41	86.9171	1,274.41	89.3915	1,274.41	83.8269	1,274.41	88.5349	1,274.41	74.3812	1,274.41	86.7842	1,274.41	81.4156	1,274.41	87.0928	1,274.41	88.1837	1,274.41	89.2824	1,274.41	90.0761
1,319.82	87.4646	1,319.82	83.6955	1,319.82	88.9421	1,319.82	77.0567	1,319.82	88.5663	1,319.82	81.9459	1,319.82	85.9501	1,319.82	87.1592	1,319.82	79.0366	1,319.82	89.7331	1,319.82	73.8848	1,319.82	90.8193	1,319.82	85.2921	1,319.82	90.9565	1,319.82	89.2603	1,319.82	90.4752	1,319.82	89.9891	1,319.82	89.5803	1,319.82	88.0792	1,319.82	88.2065	1,319.82	83.1459	1,319.82	85.9548	1,319.82	73.6507	1,319.82	82.5006	1,319.82	78.9049	1,319.82	77.747	1,319.82	82.6756	1,319.82	72.1593	1,319.82	82.6674	1,319.82	72.9836	1,319.82	79.5979	1,319.82	74.392	1,319.82	77.0627	1,319.82	78.3452	1,319.82	80.1677	1,319.82	81.0086
1,366.7	88.1376	1,366.7	85.8306	1,366.7	88.1747	1,366.7	79.4088	1,366.7	85.8127	1,366.7	75.884	1,366.7	78.8157	1,366.7	85.1108	1,366.7	70.7189	1,366.7	88.8432	1,366.7	82.8752	1,366.7	90.4037	1,366.7	87.7218	1,366.7	90.6839	1,366.7	90.1812	1,366.7	90.136	1,366.7	90.4054	1,366.7	89.1702	1,366.7	88.5864	1,366.7	87.8514	1,366.7	84.7052	1,366.7	85.5455	1,366.7	76.7434	1,366.7	81.8482	1,366.7	71.2161	1,366.7	79.2853	1,366.7	80.6884	1,366.7	79.2097	1,366.7	82.6923	1,366.7	76.6057	1,366.7	80.9539	1,366.7	63.0449	1,366.7	75.371	1,366.7	76.3748	1,366.7	75.9727	1,366.7	79.1027
1,413.57	85.0159	1,413.57	84.3619	1,413.57	84.8488	1,413.57	82.8965	1,413.57	83.3982	1,413.57	80.476	1,413.57	80.9847	1,413.57	79.5624	1,413.57	81.5426	1,413.57	82.6618	1,413.57	84.0789	1,413.57	85.4329	1,413.57	86.5978	1,413.57	86.6598	1,413.57	88.2001	1,413.57	86.6341	1,413.57	87.6973	1,413.57	85.8189	1,413.57	85.0852	1,413.57	83.9452	1,413.57	81.4477	1,413.57	78.8681	1,413.57	79.7354	1,413.57	62.4785	1,413.57	81.9223	1,413.57	63.8053	1,413.57	83.9968	1,413.57	71.4145	1,413.57	83.7113	1,413.57	78.4624	1,413.57	80.0415	1,413.57	76.1096	1,413.57	73.0734	1,413.57	74.8645	1,413.57	78.445	1,413.57	79.9095
1,463.38	83.4367	1,463.38	85.0505	1,463.38	82.387	1,463.38	85.4779	1,463.38	83.4188	1,463.38	83.8676	1,463.38	85.31	1,463.38	78.603	1,463.38	86.5232	1,463.38	71.4631	1,463.38	86.78	1,463.38	82.5138	1,463.38	87.497	1,463.38	87.0561	1,463.38	88.4114	1,463.38	89.1403	1,463.38	87.7539	1,463.38	89.7257	1,463.38	86.1637	1,463.38	88.8374	1,463.38	85.8922	1,463.38	85.7532	1,463.38	86.3196	1,463.38	79.8881	1,463.38	86.0227	1,463.38	75.7948	1,463.38	84.7652	1,463.38	65.2291	1,463.38	82.0797	1,463.38	72.1913	1,463.38	76.2398	1,463.38	72.5311	1,463.38	63.9465	1,463.38	70.8808	1,463.38	75.7947	1,463.38	77.254
1,516.11	83.6984	1,516.11	79.9599	1,516.11	86.4764	1,516.11	82.3835	1,516.11	86.9227	1,516.11	85.0056	1,516.11	85.4985	1,516.11	85.4103	1,516.11	81.9758	1,516.11	83.653	1,516.11	76.8601	1,516.11	78.9454	1,516.11	72.1017	1,516.11	68.8397	1,516.11	72.5021	1,516.11	76.6622	1,516.11	75.1202	1,516.11	80.6008	1,516.11	73.3553	1,516.11	80.3028	1,516.11	68.614	1,516.11	75.6144	1,516.11	76.1685	1,516.11	78.2087	1,516.11	81.3772	1,516.11	80.5864	1,516.11	84.2601	1,516.11	77.9641	1,516.11	85.1472	1,516.11	80.213	1,516.11	83.5643	1,516.11	79.7072	1,516.11	79.0613	1,516.11	79.2331	1,516.11	79.184	1,516.11	81.4462
1,568.85	85.9558	1,568.85	82.1515	1,568.85	87.1985	1,568.85	78.5926	1,568.85	85.8411	1,568.85	81.5064	1,568.85	82.4061	1,568.85	84.2399	1,568.85	81.2687	1,568.85	84.8519	1,568.85	83.2284	1,568.85	83.4733	1,568.85	82.6752	1,568.85	79.847	1,568.85	80.9433	1,568.85	71.9821	1,568.85	80.582	1,568.85	64.0016	1,568.85	78.7338	1,568.85	70.6785	1,568.85	72.6417	1,568.85	65.9809	1,568.85	60.1368	1,568.85	74.3141	1,568.85	75.0358	1,568.85	77.0914	1,568.85	79.955	1,568.85	75.8258	1,568.85	81.9964	1,568.85	78.0233	1,568.85	81.4735	1,568.85	75.7365	1,568.85	77.3817	1,568.85	75.1226	1,568.85	73.2034	1,568.85	77.2109
1,624.51	85.9314	1,624.51	80.3049	1,624.51	87.8371	1,624.51	77.6105	1,624.51	86.645	1,624.51	83.5498	1,624.51	82.3184	1,624.51	85.6037	1,624.51	79.3192	1,624.51	84.9991	1,624.51	82.8255	1,624.51	82.4957	1,624.51	83.0296	1,624.51	77.7797	1,624.51	80.7592	1,624.51	69.2402	1,624.51	79.0657	1,624.51	72.2661	1,624.51	75.6307	1,624.51	78.0714	1,624.51	63.5917	1,624.51	79.856	1,624.51	71.3033	1,624.51	75.8171	1,624.51	78.1321	1,624.51	64.0342	1,624.51	81.2964	1,624.51	68.9891	1,624.51	82.1539	1,624.51	73.3294	1,624.51	80.4366	1,624.51	75.2731	1,624.51	74.5709	1,624.51	70.978	1,624.51	67.4776	1,624.51	72.1832
1,681.64	86.5335	1,681.64	82.6178	1,681.64	87.1646	1,681.64	74.4058	1,681.64	84.4741	1,681.64	80.953	1,681.64	78.5411	1,681.64	84.7848	1,681.64	81.1453	1,681.64	85.26	1,681.64	84.9768	1,681.64	83.5284	1,681.64	85.3852	1,681.64	79.2526	1,681.64	83.6952	1,681.64	77.0857	1,681.64	83.0403	1,681.64	81.2035	1,681.64	83.8169	1,681.64	84.0312	1,681.64	83.7339	1,681.64	85.1251	1,681.64	82.2859	1,681.64	82.1585	1,681.64	80.8966	1,681.64	78.5944	1,681.64	82.6797	1,681.64	80.7483	1,681.64	84.8806	1,681.64	80.827	1,681.64	84.656	1,681.64	80.8541	1,681.64	81.2731	1,681.64	77.715	1,681.64	76.3205	1,681.64	76.6083
1,741.7	86.0859	1,741.7	84.8102	1,741.7	84.8012	1,741.7	79.8734	1,741.7	81.0613	1,741.7	74.4809	1,741.7	82.3727	1,741.7	82.1299	1,741.7	85.953	1,741.7	84.9339	1,741.7	87.1176	1,741.7	85.5316	1,741.7	85.9528	1,741.7	84.6004	1,741.7	83.3876	1,741.7	81.9094	1,741.7	82.2869	1,741.7	78.3656	1,741.7	81.9201	1,741.7	77.0457	1,741.7	80.9645	1,741.7	77.1772	1,741.7	79.5886	1,741.7	74.0488	1,741.7	76.8322	1,741.7	74.7583	1,741.7	66.0465	1,741.7	77.9408	1,741.7	74.77	1,741.7	78.4303	1,741.7	80.2626	1,741.7	76.2505	1,741.7	79.9787	1,741.7	72.3206	1,741.7	74.493	1,741.7	70.5909
1,803.22	84.0546	1,803.22	83.2524	1,803.22	84.4269	1,803.22	81.9152	1,803.22	84.3335	1,803.22	80.2708	1,803.22	83.642	1,803.22	78.2001	1,803.22	82.4341	1,803.22	75.0707	1,803.22	80.8868	1,803.22	72.2241	1,803.22	78.8317	1,803.22	70.7995	1,803.22	76.1009	1,803.22	67.1746	1,803.22	74.7934	1,803.22	68.3455	1,803.22	75.0986	1,803.22	69.4774	1,803.22	73.5131	1,803.22	61.5849	1,803.22	70.4229	1,803.22	63.1328	1,803.22	70.7937	1,803.22	66.9575	1,803.22	73.1227	1,803.22	62.812	1,803.22	74.4897	1,803.22	61.5952	1,803.22	73.9709	1,803.22	64.8304	1,803.22	72.0835	1,803.22	65.5574	1,803.22	69.8233	1,803.22	67.1316
1,866.21	83.5951	1,866.21	82.8567	1,866.21	83.848	1,866.21	81.1241	1,866.21	83.8025	1,866.21	78.2837	1,866.21	83.2875	1,866.21	75.4761	1,866.21	82.2301	1,866.21	73.9097	1,866.21	80.6721	1,866.21	73.1488	1,866.21	78.4687	1,866.21	72.1775	1,866.21	75.0907	1,866.21	68.0469	1,866.21	71.7107	1,866.21	63.7105	1,866.21	71.9405	1,866.21	62.7069	1,866.21	71.0427	1,866.21	59.8871	1,866.21	68.8984	1,866.21	47.5487	1,866.21	71.1614	1,866.21	64.2716	1,866.21	72.9949	1,866.21	65.1918	1,866.21	73.5947	1,866.21	62.7714	1,866.21	72.9335	1,866.21	61.1278	1,866.21	71.1119	1,866.21	62.3402	1,866.21	68.354	1,866.21	65.0433
1,932.13	83.7333	1,932.13	82.7051	1,932.13	84.0005	1,932.13	80.7977	1,932.13	83.7188	1,932.13	78.2996	1,932.13	82.951	1,932.13	76.1805	1,932.13	81.689	1,932.13	74.7844	1,932.13	80.0232	1,932.13	73.1337	1,932.13	78	1,932.13	70.9455	1,932.13	74.9812	1,932.13	66.8082	1,932.13	70.4166	1,932.13	58.8616	1,932.13	69.1064	1,932.13	61.0993	1,932.13	69.5129	1,932.13	65.6757	1,932.13	66.6244	1,932.13	60.7468	1,932.13	68.4169	1,932.13	58.1534	1,932.13	71.8768	1,932.13	66.0927	1,932.13	72.8846	1,932.13	67.3429	1,932.13	72.6486	1,932.13	65.7919	1,932.13	72.0011	1,932.13	64.6695	1,932.13	70.114	1,932.13	66.9692
1,999.51	84.8589	1,999.51	83.4406	1,999.51	84.9824	1,999.51	81.2858	1,999.51	84.0626	1,999.51	79.3332	1,999.51	82.9195	1,999.51	78.0957	1,999.51	81.8487	1,999.51	77.0798	1,999.51	80.2559	1,999.51	75.3215	1,999.51	78.0315	1,999.51	72.4446	1,999.51	75.2557	1,999.51	66.9135	1,999.51	71.0068	1,999.51	56.2229	1,999.51	67.9591	1,999.51	58.0316	1,999.51	67.9461	1,999.51	66.0138	1,999.51	65.0814	1,999.51	64.2499	1,999.51	65.4615	1,999.51	58.0725	1,999.51	70.5409	1,999.51	65.6871	1,999.51	72.8394	1,999.51	67.7649	1,999.51	72.8319	1,999.51	66.3439	1,999.51	72.4235	1,999.51	64.7117	1,999.51	71.2201	1,999.51	67.8378
2,069.82	85.7181	2,069.82	84.2815	2,069.82	85.8096	2,069.82	82.4211	2,069.82	84.5932	2,069.82	80.9688	2,069.82	83.0269	2,069.82	79.5839	2,069.82	81.5889	2,069.82	77.8767	2,069.82	79.6685	2,069.82	75.3053	2,069.82	77.3227	2,069.82	70.6042	2,069.82	74.5873	2,069.82	62.9909	2,069.82	70.5861	2,069.82	51.3121	2,069.82	68.6788	2,069.82	55.6497	2,069.82	69.4584	2,069.82	67.218	2,069.82	66.6701	2,069.82	65.8285	2,069.82	65.3081	2,069.82	59.6786	2,069.82	68.6317	2,069.82	66.4696	2,069.82	71.2389	2,069.82	68.3808	2,069.82	72.483	2,069.82	67.024	2,069.82	72.9647	2,069.82	65.5743	2,069.82	72.1466	2,069.82	68.9444
2,143.07	85.198	2,143.07	84.102	2,143.07	85.5707	2,143.07	82.9815	2,143.07	84.6889	2,143.07	81.6949	2,143.07	82.9926	2,143.07	79.6558	2,143.07	81.0899	2,143.07	76.6796	2,143.07	78.8477	2,143.07	73.4049	2,143.07	76.3806	2,143.07	69.1062	2,143.07	73.5899	2,143.07	62.8696	2,143.07	70.0572	2,143.07	56.9556	2,143.07	68.475	2,143.07	50.7529	2,143.07	68.8205	2,143.07	63.4477	2,143.07	66.4624	2,143.07	65.7701	2,143.07	64.1226	2,143.07	56.8402	2,143.07	67.0417	2,143.07	64.5508	2,143.07	69.7703	2,143.07	68.1955	2,143.07	71.3386	2,143.07	67.5181	2,143.07	72.1169	2,143.07	65.5611	2,143.07	71.2608	2,143.07	68.1099
2,219.24	84.5887	2,219.24	83.5706	2,219.24	84.8253	2,219.24	82.4552	2,219.24	84.0289	2,219.24	81.2331	2,219.24	82.6444	2,219.24	79.2915	2,219.24	80.6922	2,219.24	76.2184	2,219.24	77.7756	2,219.24	71.7599	2,219.24	74.8584	2,219.24	66.2217	2,219.24	72.138	2,219.24	59.6823	2,219.24	68.8081	2,219.24	58.6063	2,219.24	67.6312	2,219.24	56.9217	2,219.24	67.7541	2,219.24	56.6022	2,219.24	64.9111	2,219.24	63.6687	2,219.24	61.1808	2,219.24	60.6177	2,219.24	64.0448	2,219.24	61.4859	2,219.24	67.6798	2,219.24	66.619	2,219.24	69.9732	2,219.24	67.471	2,219.24	71.3641	2,219.24	65.9963	2,219.24	70.5398	2,219.24	67.1982
2,296.88	85.3841	2,296.88	84.1668	2,296.88	85.4362	2,296.88	82.5685	2,296.88	84.0558	2,296.88	80.7521	2,296.88	82.1729	2,296.88	78.8746	2,296.88	80.2299	2,296.88	76.9511	2,296.88	77.3794	2,296.88	73.8719	2,296.88	73.4434	2,296.88	69.7335	2,296.88	68.4735	2,296.88	65.5826	2,296.88	65.1579	2,296.88	64.0244	2,296.88	66.7937	2,296.88	63.7024	2,296.88	68.1913	2,296.88	56.8558	2,296.88	66.5682	2,296.88	60.4818	2,296.88	63.7869	2,296.88	64.3241	2,296.88	61.564	2,296.88	64.7857	2,296.88	64.7979	2,296.88	67.6736	2,296.88	68.0112	2,296.88	68.2581	2,296.88	70.6632	2,296.88	66.7922	2,296.88	70.5332	2,296.88	67.5765
2,378.91	86.1297	2,378.91	85.032	2,378.91	86.51	2,378.91	83.3529	2,378.91	85.4979	2,378.91	80.7213	2,378.91	83.3142	2,378.91	78.4404	2,378.91	80.5767	2,378.91	77.6111	2,378.91	77.7732	2,378.91	75.7006	2,378.91	74.6624	2,378.91	71.5889	2,378.91	69.9985	2,378.91	64.9558	2,378.91	64.8585	2,378.91	56.9021	2,378.91	68.0876	2,378.91	64.6755	2,378.91	69.6464	2,378.91	65.5999	2,378.91	67.3024	2,378.91	59.9658	2,378.91	66.4892	2,378.91	66.0811	2,378.91	66.0023	2,378.91	67.3436	2,378.91	64.2458	2,378.91	69.8346	2,378.91	68.2735	2,378.91	69.8708	2,378.91	71.1151	2,378.91	68.1306	2,378.91	71.5031	2,378.91	68.9425
2,462.4	85.596	2,462.4	84.4667	2,462.4	86.1994	2,462.4	82.6986	2,462.4	86.0597	2,462.4	80.6867	2,462.4	84.7673	2,462.4	79.0891	2,462.4	82.0789	2,462.4	78.018	2,462.4	78.6311	2,462.4	76.0813	2,462.4	75.8635	2,462.4	71.4046	2,462.4	71.694	2,462.4	65.455	2,462.4	60.3315	2,462.4	63.4874	2,462.4	65.1578	2,462.4	68.5405	2,462.4	68.7277	2,462.4	68.2224	2,462.4	65.8423	2,462.4	56.5154	2,462.4	66.8417	2,462.4	65.4782	2,462.4	68.8342	2,462.4	68.2913	2,462.4	64.9866	2,462.4	69.9805	2,462.4	66.662	2,462.4	70.58	2,462.4	71.6544	2,462.4	69.5601	2,462.4	72.1853	2,462.4	69.5235
2,548.83	86.0053	2,548.83	84.1803	2,548.83	86.0979	2,548.83	81.742	2,548.83	85.3521	2,548.83	80.2009	2,548.83	84.3785	2,548.83	78.0638	2,548.83	82.2331	2,548.83	75.6943	2,548.83	78.3649	2,548.83	75.2082	2,548.83	74.2837	2,548.83	73.3627	2,548.83	69.2772	2,548.83	67.8359	2,548.83	56.8449	2,548.83	65.9622	2,548.83	62.7913	2,548.83	70.6785	2,548.83	64.2628	2,548.83	70.7934	2,548.83	53.7073	2,548.83	62.409	2,548.83	59.975	2,548.83	63.1237	2,548.83	68.4074	2,548.83	68.1818	2,548.83	68.0394	2,548.83	70.0179	2,548.83	63.541	2,548.83	70.5097	2,548.83	66.9544	2,548.83	69.1621	2,548.83	69.6039	2,548.83	68.7693
2,639.65	85.3418	2,639.65	83.2192	2,639.65	86.0174	2,639.65	79.698	2,639.65	85.0516	2,639.65	75.7362	2,639.65	82.9514	2,639.65	73.4438	2,639.65	80.4567	2,639.65	72.4452	2,639.65	76.7021	2,639.65	72.2849	2,639.65	70.7093	2,639.65	72.6633	2,639.65	59.5661	2,639.65	70.7023	2,639.65	63.3375	2,639.65	68.3656	2,639.65	66.3882	2,639.65	69.004	2,639.65	60.5108	2,639.65	68.8837	2,639.65	56.9056	2,639.65	65.5739	2,639.65	48.4871	2,639.65	63.7182	2,639.65	60.2643	2,639.65	67.7613	2,639.65	64.65	2,639.65	69.0209	2,639.65	66.0674	2,639.65	67.2733	2,639.65	66.1443	2,639.65	63.5403	2,639.65	65.5731	2,639.65	63.8673
2,731.93	83.8873	2,731.93	81.5972	2,731.93	85.1143	2,731.93	78.1915	2,731.93	84.4641	2,731.93	73.0736	2,731.93	81.789	2,731.93	63.3071	2,731.93	77.9029	2,731.93	64.2973	2,731.93	73.0694	2,731.93	66.8136	2,731.93	65.7269	2,731.93	70.1841	2,731.93	64.3491	2,731.93	71.3424	2,731.93	69.2906	2,731.93	67.8933	2,731.93	68.0493	2,731.93	66.9632	2,731.93	61.2931	2,731.93	67.8032	2,731.93	58.5431	2,731.93	65.5872	2,731.93	57.0237	2,731.93	62.8148	2,731.93	45.9142	2,731.93	65.8736	2,731.93	60.3915	2,731.93	66.9083	2,731.93	66.5458	2,731.93	61.5647	2,731.93	68.8478	2,731.93	47.258	2,731.93	66.4236	2,731.93	58.6961
2,828.61	83.5167	2,828.61	81.3726	2,828.61	84.4404	2,828.61	78.3135	2,828.61	83.4984	2,828.61	74.0709	2,828.61	80.5469	2,828.61	69.3775	2,828.61	75.8798	2,828.61	63.1306	2,828.61	69.211	2,828.61	62.1117	2,828.61	66.1342	2,828.61	67.1986	2,828.61	69.2363	2,828.61	68.8592	2,828.61	72.3942	2,828.61	68.6246	2,828.61	69.337	2,828.61	66.803	2,828.61	65.2205	2,828.61	65.7191	2,828.61	59.4363	2,828.61	63.5402	2,828.61	58.4447	2,828.61	63.474	2,828.61	52.5205	2,828.61	62.55	2,828.61	52.9268	2,828.61	63.0526	2,828.61	64.5729	2,828.61	52.1275	2,828.61	70.6484	2,828.61	59.2135	2,828.61	69.9882	2,828.61	63.9494
2,928.22	84.4452	2,928.22	82.7252	2,928.22	84.7796	2,928.22	79.7555	2,928.22	83.2287	2,928.22	77.1106	2,928.22	79.422	2,928.22	73.2127	2,928.22	73.8218	2,928.22	65.3986	2,928.22	67.1865	2,928.22	59.4083	2,928.22	69.2156	2,928.22	66.7115	2,928.22	70.712	2,928.22	71.7419	2,928.22	71.1684	2,928.22	68.8239	2,928.22	70.5113	2,928.22	65.0467	2,928.22	62.8577	2,928.22	65.1374	2,928.22	66.488	2,928.22	61.6537	2,928.22	49.073	2,928.22	64.9061	2,928.22	59.8821	2,928.22	65.4561	2,928.22	42.7556	2,928.22	61.0703	2,928.22	63.0949	2,928.22	53.5913	2,928.22	69.7108	2,928.22	62.572	2,928.22	69.9752	2,928.22	65.7764
3,030.76	84.7569	3,030.76	83.0633	3,030.76	85.0398	3,030.76	81.2774	3,030.76	83.124	3,030.76	78.6038	3,030.76	78.2574	3,030.76	73.4081	3,030.76	70.2173	3,030.76	68.0876	3,030.76	69.1995	3,030.76	54.7003	3,030.76	70.7067	3,030.76	66.8452	3,030.76	71.66	3,030.76	65.1955	3,030.76	73.7009	3,030.76	58.3204	3,030.76	74.0497	3,030.76	67.4497	3,030.76	50.8446	3,030.76	67.8934	3,030.76	67.6295	3,030.76	63.2106	3,030.76	57.2374	3,030.76	64.1746	3,030.76	61.3182	3,030.76	66.5096	3,030.76	53.6286	3,030.76	64.2079	3,030.76	61.8041	3,030.76	61.0837	3,030.76	70.5693	3,030.76	64.0082	3,030.76	70.8838	3,030.76	65.9573
3,137.7	84.6149	3,137.7	83.5684	3,137.7	84.7927	3,137.7	81.7251	3,137.7	83.2322	3,137.7	77.8006	3,137.7	78.356	3,137.7	72.734	3,137.7	65.9408	3,137.7	67.7603	3,137.7	72.3408	3,137.7	56.6883	3,137.7	74.455	3,137.7	56.8158	3,137.7	75.0167	3,137.7	66.1279	3,137.7	76.7536	3,137.7	71.6861	3,137.7	75.688	3,137.7	68.8283	3,137.7	60.7243	3,137.7	66.8251	3,137.7	65.7842	3,137.7	63.9235	3,137.7	61.106	3,137.7	63.2247	3,137.7	59.9696	3,137.7	67.1562	3,137.7	57.102	3,137.7	66.3888	3,137.7	60.4532	3,137.7	63.1875	3,137.7	70.917	3,137.7	62.4202	3,137.7	69.7649	3,137.7	63.2089
3,249.02	85.5323	3,249.02	84.2105	3,249.02	85.1506	3,249.02	81.0683	3,249.02	82.8965	3,249.02	76.0583	3,249.02	78.0685	3,249.02	73.3093	3,249.02	64.5649	3,249.02	65.688	3,249.02	73.8775	3,249.02	61.6932	3,249.02	76.7336	3,249.02	70.242	3,249.02	78.4879	3,249.02	74.3688	3,249.02	80.1823	3,249.02	71.8365	3,249.02	77.2262	3,249.02	66.9019	3,249.02	62.6582	3,249.02	67.5839	3,249.02	66.8476	3,249.02	67.047	3,249.02	65.1332	3,249.02	64.1937	3,249.02	58.9786	3,249.02	67.2095	3,249.02	63.3725	3,249.02	66.2467	3,249.02	57.1878	3,249.02	61.5605	3,249.02	71.4122	3,249.02	64.1523	3,249.02	70.527	3,249.02	66.1899
3,363.28	85.6145	3,363.28	84.1552	3,363.28	85.7818	3,363.28	80.7646	3,363.28	83.0543	3,363.28	75.8729	3,363.28	76.6055	3,363.28	72.4066	3,363.28	67.4622	3,363.28	65.5875	3,363.28	75.0489	3,363.28	69.7339	3,363.28	78.2897	3,363.28	75.3947	3,363.28	80.6505	3,363.28	73.0611	3,363.28	81.311	3,363.28	67.3782	3,363.28	76.19	3,363.28	72.569	3,363.28	57.3765	3,363.28	68.7931	3,363.28	68.4647	3,363.28	68.5902	3,363.28	64.4196	3,363.28	67.5314	3,363.28	54.8365	3,363.28	68.2261	3,363.28	65.5202	3,363.28	68.8342	3,363.28	55.4928	3,363.28	62.6044	3,363.28	72.355	3,363.28	62.291	3,363.28	70.8338	3,363.28	66.0505
3,481.93	85.7651	3,481.93	83.8908	3,481.93	85.5408	3,481.93	79.0475	3,481.93	83.1661	3,481.93	76.3202	3,481.93	75.2536	3,481.93	70.9544	3,481.93	69.8715	3,481.93	64.5836	3,481.93	77.0854	3,481.93	73.3899	3,481.93	78.8321	3,481.93	75.4746	3,481.93	81.249	3,481.93	71.4555	3,481.93	80.504	3,481.93	76.0462	3,481.93	70.6529	3,481.93	74.8253	3,481.93	67.5828	3,481.93	68.8031	3,481.93	71.5991	3,481.93	65.933	3,481.93	67.4063	3,481.93	68.606	3,481.93	56.6204	3,481.93	68.5808	3,481.93	67.7406	3,481.93	70.4478	3,481.93	56.6611	3,481.93	64.9082	3,481.93	73.6678	3,481.93	63.6967	3,481.93	72.9791	3,481.93	67.0246
3,604.98	86.2592	3,604.98	83.6742	3,604.98	85.114	3,604.98	79.5656	3,604.98	83.0306	3,604.98	74.6597	3,604.98	76.2	3,604.98	61.3568	3,604.98	72.0348	3,604.98	68.9949	3,604.98	79.7096	3,604.98	76.0585	3,604.98	81.1903	3,604.98	76.0509	3,604.98	81.3795	3,604.98	78.7457	3,604.98	78.9399	3,604.98	76.9221	3,604.98	72.7672	3,604.98	71.2973	3,604.98	74.2005	3,604.98	72.9459	3,604.98	72.2538	3,604.98	66.0275	3,604.98	69.8482	3,604.98	67.7629	3,604.98	60.0169	3,604.98	69.6516	3,604.98	66.5454	3,604.98	71.1829	3,604.98	58.4396	3,604.98	65.9348	3,604.98	73.8518	3,604.98	62.1116	3,604.98	71.2652	3,604.98	62.0646
3,732.42	86.7992	3,732.42	83.0791	3,732.42	86.0501	3,732.42	79.6462	3,732.42	82.0061	3,732.42	76.0132	3,732.42	74.5895	3,732.42	58.5688	3,732.42	75.5526	3,732.42	73.283	3,732.42	80.9239	3,732.42	76.8912	3,732.42	82.4489	3,732.42	78.3505	3,732.42	81.2043	3,732.42	77.734	3,732.42	78.527	3,732.42	75.0202	3,732.42	79.0649	3,732.42	73.0487	3,732.42	76.5173	3,732.42	71.6309	3,732.42	69.1261	3,732.42	66.7531	3,732.42	71.8859	3,732.42	68.8278	3,732.42	66.4289	3,732.42	69.7129	3,732.42	67.265	3,732.42	71.6583	3,732.42	62.2362	3,732.42	67.3576	3,732.42	72.4941	3,732.42	64.4084	3,732.42	71.3128	3,732.42	66.0321
3,864.26	85.9753	3,864.26	82.5065	3,864.26	86.3097	3,864.26	80.5116	3,864.26	82.413	3,864.26	75.8993	3,864.26	72.6583	3,864.26	62.1299	3,864.26	77.9248	3,864.26	75.4424	3,864.26	81.8656	3,864.26	77.1657	3,864.26	82.4664	3,864.26	79.2737	3,864.26	81.3096	3,864.26	77.5456	3,864.26	79.4809	3,864.26	76.2335	3,864.26	80.4352	3,864.26	73.6623	3,864.26	76.8794	3,864.26	72.111	3,864.26	66.33	3,864.26	66.8799	3,864.26	74.3924	3,864.26	68.5187	3,864.26	63.8898	3,864.26	69.2359	3,864.26	68.329	3,864.26	71.2521	3,864.26	64.7976	3,864.26	67.9682	3,864.26	72.9385	3,864.26	64.6156	3,864.26	70.8182	3,864.26	64.1205
4,000.49	86.4528	4,000.49	83.4354	4,000.49	86.0429	4,000.49	81.821	4,000.49	81.2686	4,000.49	75.6615	4,000.49	72.6963	4,000.49	69.6219	4,000.49	79.533	4,000.49	76.672	4,000.49	83.2097	4,000.49	78.6782	4,000.49	83.1856	4,000.49	78.4038	4,000.49	81.1322	4,000.49	77.0968	4,000.49	78.4328	4,000.49	78.5914	4,000.49	82.0819	4,000.49	73.3261	4,000.49	72.0317	4,000.49	73.3074	4,000.49	72.4815	4,000.49	69.7149	4,000.49	72.3764	4,000.49	67.8233	4,000.49	56.3342	4,000.49	69.9235	4,000.49	70.122	4,000.49	70.4022	4,000.49	65.1194	4,000.49	67.6294	4,000.49	73.0499	4,000.49	61.3371	4,000.49	68.9039	4,000.49	64.5647
4,141.11	86.1334	4,141.11	83.9375	4,141.11	86.5181	4,141.11	82.2687	4,141.11	79.9472	4,141.11	74.3393	4,141.11	69.9833	4,141.11	71.6037	4,141.11	79.892	4,141.11	77.5232	4,141.11	84.2681	4,141.11	79.2243	4,141.11	83.3347	4,141.11	79.1019	4,141.11	80.4539	4,141.11	80.0856	4,141.11	81.4159	4,141.11	77.4667	4,141.11	82.9802	4,141.11	71.1486	4,141.11	65.9207	4,141.11	72.2438	4,141.11	75.563	4,141.11	66.349	4,141.11	65.8723	4,141.11	64.483	4,141.11	64.0456	4,141.11	70.6442	4,141.11	68.0295	4,141.11	69.9956	4,141.11	59.5693	4,141.11	67.342	4,141.11	72.2972	4,141.11	65.0609	4,141.11	69.8876	4,141.11	67.9398
4,287.6	85.5126	4,287.6	84.3937	4,287.6	86.2659	4,287.6	81.3329	4,287.6	79.6204	4,287.6	74.7351	4,287.6	67.5232	4,287.6	73.8832	4,287.6	80.2493	4,287.6	79.6719	4,287.6	84.2298	4,287.6	77.2373	4,287.6	81.7501	4,287.6	79.2504	4,287.6	77.6441	4,287.6	77.4785	4,287.6	82.592	4,287.6	76.0053	4,287.6	79.8142	4,287.6	73.7508	4,287.6	74.8851	4,287.6	70.5633	4,287.6	73.2979	4,287.6	69.1958	4,287.6	68.0618	4,287.6	64.8394	4,287.6	67.2934	4,287.6	69.855	4,287.6	67.7203	4,287.6	69.3612	4,287.6	61.8797	4,287.6	66.1235	4,287.6	72.7663	4,287.6	62.7693	4,287.6	67.7678	4,287.6	64.7841
4,438.48	85.5986	4,438.48	84.7549	4,438.48	85.9535	4,438.48	80.8627	4,438.48	81.3236	4,438.48	74.7391	4,438.48	69.2974	4,438.48	76.1832	4,438.48	80.6647	4,438.48	78.7293	4,438.48	82.9885	4,438.48	78.4126	4,438.48	79.6375	4,438.48	79.8543	4,438.48	80.3361	4,438.48	78.3628	4,438.48	82.8893	4,438.48	78.5976	4,438.48	74.6024	4,438.48	72.3809	4,438.48	79.0423	4,438.48	72.6233	4,438.48	67.2304	4,438.48	68.8385	4,438.48	69.2754	4,438.48	63.0886	4,438.48	63.4415	4,438.48	69.5518	4,438.48	68.2885	4,438.48	70.2132	4,438.48	61.7187	4,438.48	64.6814	4,438.48	72.3651	4,438.48	58.1651	4,438.48	67.9491	4,438.48	67.2752
4,595.21	85.4494	4,595.21	85.1176	4,595.21	85.1481	4,595.21	81.0094	4,595.21	81.5098	4,595.21	74.6909	4,595.21	70.4826	4,595.21	76.6493	4,595.21	79.9755	4,595.21	78.2804	4,595.21	82.0068	4,595.21	77.5869	4,595.21	81.07	4,595.21	78.1025	4,595.21	82.6572	4,595.21	78.7477	4,595.21	81.672	4,595.21	73.7899	4,595.21	77.7589	4,595.21	70.1823	4,595.21	78.4392	4,595.21	68.6395	4,595.21	71.9833	4,595.21	67.7101	4,595.21	64.002	4,595.21	61.822	4,595.21	47.0243	4,595.21	66.1289	4,595.21	68.3112	4,595.21	67.1633	4,595.21	58.7038	4,595.21	65.1648	4,595.21	70.5156	4,595.21	61.7052	4,595.21	66.9046	4,595.21	64.4501
4,756.35	85.7131	4,756.35	84.8309	4,756.35	83.0937	4,756.35	78.7067	4,756.35	78.3161	4,756.35	75.1699	4,756.35	73.6352	4,756.35	76.3419	4,756.35	79.4639	4,756.35	78.8853	4,756.35	82.0959	4,756.35	77.8799	4,756.35	83.0706	4,756.35	79.9073	4,756.35	83.2913	4,756.35	77.5383	4,756.35	79.7107	4,756.35	76.3342	4,756.35	79.6553	4,756.35	72.4837	4,756.35	76.7381	4,756.35	71.3788	4,756.35	73.0225	4,756.35	67.7342	4,756.35	56.3314	4,756.35	62.4063	4,756.35	64.4754	4,756.35	65.0068	4,756.35	65.5369	4,756.35	65.3779	4,756.35	61.5404	4,756.35	63.3597	4,756.35	70.2831	4,756.35	58.5685	4,756.35	67.0326	4,756.35	56.6221
4,924.8	86.3694	4,924.8	84.2494	4,924.8	83.0435	4,924.8	78.4847	4,924.8	76.323	4,924.8	74.9523	4,924.8	74.5493	4,924.8	77.9341	4,924.8	81.1053	4,924.8	77.6733	4,924.8	82.1948	4,924.8	78.3641	4,924.8	82.6549	4,924.8	78.8323	4,924.8	81.5104	4,924.8	76.9298	4,924.8	77.2332	4,924.8	75.7142	4,924.8	79.4836	4,924.8	69.5435	4,924.8	76.5902	4,924.8	67.8407	4,924.8	74.033	4,924.8	63.6363	4,924.8	65.639	4,924.8	63.7636	4,924.8	67.9632	4,924.8	64.013	4,924.8	65.0926	4,924.8	66.0061	4,924.8	65.221	4,924.8	58.8469	4,924.8	69.3849	4,924.8	53.1803	4,924.8	67.0313	4,924.8	66.4459
5,097.66	85.6027	5,097.66	83.3098	5,097.66	82.7208	5,097.66	77.5614	5,097.66	76.3545	5,097.66	73.9972	5,097.66	72.3521	5,097.66	76.8062	5,097.66	81.6262	5,097.66	77.0273	5,097.66	82.2666	5,097.66	77.6641	5,097.66	81.6166	5,097.66	78.1441	5,097.66	78.8611	5,097.66	76.7517	5,097.66	75.7622	5,097.66	73.0989	5,097.66	77.2191	5,097.66	71.7706	5,097.66	75.5854	5,097.66	66.3181	5,097.66	73.06	5,097.66	64.3825	5,097.66	65.6442	5,097.66	61.9755	5,097.66	67.2402	5,097.66	63.1519	5,097.66	62.654	5,097.66	64.3643	5,097.66	62.0504	5,097.66	60.2539	5,097.66	68.2026	5,097.66	63.6483	5,097.66	63.4236	5,097.66	63.0577
5,277.83	84.2276	5,277.83	82.1686	5,277.83	81.2824	5,277.83	74.9442	5,277.83	75.415	5,277.83	72.1754	5,277.83	69.495	5,277.83	76.2161	5,277.83	80.4001	5,277.83	77.8065	5,277.83	81.438	5,277.83	77.2361	5,277.83	80.0108	5,277.83	77.596	5,277.83	77.0966	5,277.83	74.7718	5,277.83	76.6981	5,277.83	72.6455	5,277.83	76.3648	5,277.83	68.7612	5,277.83	76.4129	5,277.83	62.3579	5,277.83	72.7321	5,277.83	61.7941	5,277.83	60.4409	5,277.83	58.1335	5,277.83	66.2634	5,277.83	58.7096	5,277.83	45.1494	5,277.83	63.1761	5,277.83	62.1778	5,277.83	56.9141	5,277.83	64.8978	5,277.83	58.9544	5,277.83	63.0277	5,277.83	55.3467
5,463.87	85.8258	5,463.87	82.5306	5,463.87	82.1166	5,463.87	74.0445	5,463.87	73.8789	5,463.87	71.2783	5,463.87	68.485	5,463.87	78.9426	5,463.87	79.2204	5,463.87	79.0275	5,463.87	81.7688	5,463.87	78.6789	5,463.87	80.3964	5,463.87	78.1582	5,463.87	73.7344	5,463.87	76.0069	5,463.87	77.4979	5,463.87	72.2459	5,463.87	77.2576	5,463.87	71.0362	5,463.87	78.1635	5,463.87	63.2814	5,463.87	74.6302	5,463.87	65.4775	5,463.87	61.636	5,463.87	52.7898	5,463.87	67.2381	5,463.87	56.471	5,463.87	60.8938	5,463.87	62.6855	5,463.87	62.8134	5,463.87	59.0784	5,463.87	65.4143	5,463.87	54.5128	5,463.87	61.005	5,463.87	54.4988
5,657.23	86.3546	5,657.23	79.7511	5,657.23	84.1914	5,657.23	64.6987	5,657.23	78.8135	5,657.23	74.8832	5,657.23	67.7619	5,657.23	80.6056	5,657.23	77.8138	5,657.23	80.3255	5,657.23	81.9915	5,657.23	78.1715	5,657.23	80.9932	5,657.23	78.5082	5,657.23	75.9821	5,657.23	75.0253	5,657.23	78.1105	5,657.23	73.0109	5,657.23	79.4963	5,657.23	68.8369	5,657.23	80.5239	5,657.23	60.3841	5,657.23	76.3249	5,657.23	64.1374	5,657.23	62.9527	5,657.23	44.0188	5,657.23	65.8465	5,657.23	52.6848	5,657.23	62.3257	5,657.23	59.476	5,657.23	62.1414	5,657.23	61.1941	5,657.23	63.4499	5,657.23	62.2956	5,657.23	65.1793	5,657.23	62.1491
5,856.45	84.0695	5,856.45	78.8581	5,856.45	84.3131	5,856.45	75.1712	5,856.45	80.4646	5,856.45	77.3407	5,856.45	78.237	5,856.45	80.4461	5,856.45	74.9548	5,856.45	78.9537	5,856.45	80.4372	5,856.45	76.0497	5,856.45	78.4882	5,856.45	78.3623	5,856.45	78.5129	5,856.45	75.2084	5,856.45	76.356	5,856.45	71.4463	5,856.45	78.0251	5,856.45	66.7795	5,856.45	76.7107	5,856.45	50.9258	5,856.45	73.1363	5,856.45	61.4284	5,856.45	60.1623	5,856.45	56.6194	5,856.45	66.3363	5,856.45	41.3888	5,856.45	57.444	5,856.45	46.677	5,856.45	51.8628	5,856.45	47.2841	5,856.45	66.4594	5,856.45	57.1424	5,856.45	65.4643	5,856.45	54.3469
6,062.99	84.1099	6,062.99	82.2707	6,062.99	82.8294	6,062.99	77.4007	6,062.99	80.2106	6,062.99	75.9549	6,062.99	79.8052	6,062.99	79.7997	6,062.99	77.2603	6,062.99	77.8909	6,062.99	79.3884	6,062.99	76.2331	6,062.99	78.6236	6,062.99	77.9181	6,062.99	79.3332	6,062.99	73.5232	6,062.99	76.5664	6,062.99	70.8583	6,062.99	75.2503	6,062.99	65.4951	6,062.99	69.467	6,062.99	56.5166	6,062.99	70.8089	6,062.99	63.1501	6,062.99	53.55	6,062.99	54.8641	6,062.99	64.0386	6,062.99	49.1672	6,062.99	57.1524	6,062.99	52.105	6,062.99	52.2469	6,062.99	54.0086	6,062.99	64.9323	6,062.99	53.6201	6,062.99	61.8912	6,062.99	51.2962
6,276.86	85.1495	6,276.86	83.7496	6,276.86	82.1808	6,276.86	76.7916	6,276.86	79.9995	6,276.86	76.0554	6,276.86	81.6416	6,276.86	80.3084	6,276.86	76.3288	6,276.86	77.4403	6,276.86	78.9203	6,276.86	75.6036	6,276.86	80.0527	6,276.86	77.0022	6,276.86	79.5195	6,276.86	74.0725	6,276.86	77.3066	6,276.86	65.9435	6,276.86	73.2671	6,276.86	65.0265	6,276.86	70.9433	6,276.86	59.6863	6,276.86	69.2364	6,276.86	61.156	6,276.86	56.2154	6,276.86	57.296	6,276.86	60.1985	6,276.86	55.8563	6,276.86	53.4064	6,276.86	46.4881	6,276.86	56.466	6,276.86	53.4523	6,276.86	66.7822	6,276.86	54.6754	6,276.86	53.9489	6,276.86	59.829
6,498.05	85.3195	6,498.05	84.2478	6,498.05	82.4956	6,498.05	75.7465	6,498.05	80.4325	6,498.05	77.156	6,498.05	83.2607	6,498.05	80.2091	6,498.05	79.576	6,498.05	77.1939	6,498.05	78.8839	6,498.05	75.0734	6,498.05	80.6432	6,498.05	73.5703	6,498.05	78.6779	6,498.05	68.4084	6,498.05	74.4306	6,498.05	64.5672	6,498.05	72.0558	6,498.05	63.809	6,498.05	72.9623	6,498.05	62.9903	6,498.05	68.1307	6,498.05	62.3009	6,498.05	60.3423	6,498.05	60.7964	6,498.05	62.3019	6,498.05	49.9442	6,498.05	59.7152	6,498.05	54.7178	6,498.05	58.1632	6,498.05	56.5586	6,498.05	68.759	6,498.05	52.4833	6,498.05	58.4008	6,498.05	59.1055
6,726.56	85.8763	6,726.56	85.0903	6,726.56	81.8338	6,726.56	75.3252	6,726.56	79.0639	6,726.56	78.5634	6,726.56	84.0864	6,726.56	80.5802	6,726.56	82.0224	6,726.56	77.4047	6,726.56	79.5007	6,726.56	72.2006	6,726.56	79.6548	6,726.56	71.6517	6,726.56	76.95	6,726.56	61.2122	6,726.56	70.3799	6,726.56	66.5829	6,726.56	72.8256	6,726.56	66.2532	6,726.56	71.9233	6,726.56	65.9637	6,726.56	67.9465	6,726.56	62.0698	6,726.56	54.6494	6,726.56	62.3601	6,726.56	54.3529	6,726.56	48.9106	6,726.56	56.4815	6,726.56	44.8104	6,726.56	54.1902	6,726.56	59.8052	6,726.56	66.9854	6,726.56	58.1627	6,726.56	54.1824	6,726.56	62.235
6,963.87	86.8277	6,963.87	84.6805	6,963.87	81.7246	6,963.87	76.521	6,963.87	79.6891	6,963.87	79.15	6,963.87	83.0072	6,963.87	80.9873	6,963.87	81.1111	6,963.87	75.9252	6,963.87	77.7954	6,963.87	72.1781	6,963.87	79.6711	6,963.87	73.4621	6,963.87	74.9783	6,963.87	68.7065	6,963.87	74.294	6,963.87	68.5003	6,963.87	68.8741	6,963.87	66.9973	6,963.87	65.9064	6,963.87	66.4049	6,963.87	67.61	6,963.87	61.9728	6,963.87	56.4465	6,963.87	62.0174	6,963.87	56.1571	6,963.87	50.2345	6,963.87	59.3558	6,963.87	50.066	6,963.87	60.8714	6,963.87	61.622	6,963.87	67.7768	6,963.87	58.1317	6,963.87	53.2716	6,963.87	61.832
7,209.96	86.5477	7,209.96	84.2305	7,209.96	81.1405	7,209.96	77.3032	7,209.96	80.0753	7,209.96	79.0544	7,209.96	81.3096	7,209.96	81.3326	7,209.96	79.7271	7,209.96	74.4246	7,209.96	76.0331	7,209.96	76.2674	7,209.96	78.9957	7,209.96	76.0677	7,209.96	75.4234	7,209.96	69.778	7,209.96	77.3276	7,209.96	69.294	7,209.96	70.8884	7,209.96	65.311	7,209.96	56.8433	7,209.96	66.0384	7,209.96	63.8276	7,209.96	60.4532	7,209.96	63.186	7,209.96	61.0699	7,209.96	57.5294	7,209.96	39.1118	7,209.96	59.3356	7,209.96	42.1496	7,209.96	54.526	7,209.96	62.3552	7,209.96	68.4055	7,209.96	60.2547	7,209.96	50.1961	7,209.96	58.4459
7,464.84	86.5085	7,464.84	83.701	7,464.84	80.7291	7,464.84	77.9357	7,464.84	80.7708	7,464.84	78.9011	7,464.84	82.7784	7,464.84	80.6335	7,464.84	80.7438	7,464.84	72.0402	7,464.84	75.186	7,464.84	77.2668	7,464.84	77.1276	7,464.84	76.0616	7,464.84	78.1616	7,464.84	68.7032	7,464.84	76.2452	7,464.84	63.6057	7,464.84	73.843	7,464.84	59.9702	7,464.84	66.2331	7,464.84	63.6813	7,464.84	61.465	7,464.84	57.7334	7,464.84	64.3235	7,464.84	60.3768	7,464.84	56.9535	7,464.84	44.1424	7,464.84	58.2958	7,464.84	52.5454	7,464.84	55.9964	7,464.84	60.2176	7,464.84	67.5693	7,464.84	62.8373	7,464.84	60.3228	7,464.84	56.6961
7,727.05	86.5773	7,727.05	83.9245	7,727.05	81.4438	7,727.05	77.8321	7,727.05	80.7918	7,727.05	79.3629	7,727.05	83.3464	7,727.05	79.4989	7,727.05	81.7565	7,727.05	71.7226	7,727.05	74.2586	7,727.05	76.0387	7,727.05	76.5025	7,727.05	73.1003	7,727.05	79.015	7,727.05	63.4646	7,727.05	72.8251	7,727.05	58.2305	7,727.05	70.2887	7,727.05	52.046	7,727.05	64.0647	7,727.05	62.8719	7,727.05	65.1455	7,727.05	54.4931	7,727.05	61.7606	7,727.05	57.9978	7,727.05	58.8706	7,727.05	48.7711	7,727.05	57.8731	7,727.05	54.3643	7,727.05	50.0748	7,727.05	58.2243	7,727.05	66.2106	7,727.05	62.7987	7,727.05	57.5076	7,727.05	56.8616
7,999.51	86.4943	7,999.51	83.8839	7,999.51	80.7562	7,999.51	78.146	7,999.51	81.353	7,999.51	79.4691	7,999.51	82.7028	7,999.51	78.4537	7,999.51	80.5519	7,999.51	72.1244	7,999.51	73.8231	7,999.51	71.3613	7,999.51	78.2312	7,999.51	70.325	7,999.51	76.7556	7,999.51	54.6502	7,999.51	67.2698	7,999.51	60.7927	7,999.51	67.0077	7,999.51	57.2264	7,999.51	57.0919	7,999.51	62.8994	7,999.51	66.5259	7,999.51	54.0962	7,999.51	57.6738	7,999.51	58.0339	7,999.51	58.2436	7,999.51	42.154	7,999.51	59.078	7,999.51	54.9786	7,999.51	56.72	7,999.51	57.8191	7,999.51	64.2392	7,999.51	63.383	7,999.51	56.474	7,999.51	58.6107
8,282.23	87.0745	8,282.23	83.6201	8,282.23	81.0332	8,282.23	78.4445	8,282.23	82.1686	8,282.23	78.531	8,282.23	83.5526	8,282.23	78.1725	8,282.23	79.0941	8,282.23	70.6471	8,282.23	72.1966	8,282.23	68.4928	8,282.23	78.4978	8,282.23	70.2352	8,282.23	72.7887	8,282.23	51.4897	8,282.23	71.1705	8,282.23	58.1528	8,282.23	68.639	8,282.23	58.3268	8,282.23	60.0474	8,282.23	60.4687	8,282.23	65.304	8,282.23	56.8099	8,282.23	59.9968	8,282.23	54.4713	8,282.23	56.0522	8,282.23	30.3031	8,282.23	61.0044	8,282.23	54.6716	8,282.23	53.969	8,282.23	54.6469	8,282.23	62.7905	8,282.23	63.728	8,282.23	57.2395	8,282.23	60.9038
8,573.73	87.2722	8,573.73	83.1966	8,573.73	81.6757	8,573.73	79.3954	8,573.73	81.5011	8,573.73	78.7298	8,573.73	84.0394	8,573.73	79.147	8,573.73	79.763	8,573.73	66.6101	8,573.73	72.8739	8,573.73	71.5495	8,573.73	75.646	8,573.73	67.2335	8,573.73	74.5578	8,573.73	62.9234	8,573.73	71.7014	8,573.73	59.8565	8,573.73	66.9757	8,573.73	60.4249	8,573.73	63.5336	8,573.73	60.301	8,573.73	64.6864	8,573.73	58.162	8,573.73	62.1008	8,573.73	53.5759	8,573.73	55.3445	8,573.73	45.5698	8,573.73	62.2255	8,573.73	52.2632	8,573.73	53.3358	8,573.73	58.2962	8,573.73	61.1961	8,573.73	63.0899	8,573.73	54.5203	8,573.73	61.3459
8,876.95	86.5304	8,876.95	83.0842	8,876.95	82.2607	8,876.95	80.2834	8,876.95	81.5687	8,876.95	79.9499	8,876.95	82.7014	8,876.95	79.1683	8,876.95	80.8983	8,876.95	61.7316	8,876.95	73.2813	8,876.95	72.3832	8,876.95	70.424	8,876.95	67.6492	8,876.95	74.8048	8,876.95	65.332	8,876.95	67.8017	8,876.95	61.9986	8,876.95	62.9916	8,876.95	59.9469	8,876.95	66.2765	8,876.95	59.7211	8,876.95	68.9824	8,876.95	57.293	8,876.95	62.3809	8,876.95	54.796	8,876.95	61.0163	8,876.95	45.6909	8,876.95	61.7488	8,876.95	53.8072	8,876.95	54.4665	8,876.95	59.284	8,876.95	60.4862	8,876.95	62.911	8,876.95	54.6373	8,876.95	60.1539
9,188.96	85.972	9,188.96	83.8949	9,188.96	80.8417	9,188.96	79.6698	9,188.96	82.613	9,188.96	79.9254	9,188.96	82.3619	9,188.96	77.2096	9,188.96	80.0559	9,188.96	66.7978	9,188.96	74.794	9,188.96	71.9361	9,188.96	68.5751	9,188.96	67.8416	9,188.96	72.8619	9,188.96	59.9684	9,188.96	63.8424	9,188.96	58.4451	9,188.96	57.5206	9,188.96	57.8578	9,188.96	64.8863	9,188.96	55.4613	9,188.96	68.0071	9,188.96	53.8018	9,188.96	59.027	9,188.96	51.2478	9,188.96	57.6212	9,188.96	43.7001	9,188.96	60.0585	9,188.96	55.4433	9,188.96	55.8707	9,188.96	57.6569	9,188.96	60.7576	9,188.96	62.1348	9,188.96	54.7327	9,188.96	58.1606
9,514.16	86.4502	9,514.16	83.3368	9,514.16	79.321	9,514.16	79.9085	9,514.16	82.694	9,514.16	79.8249	9,514.16	82.1439	9,514.16	75.9132	9,514.16	79.4073	9,514.16	68.3545	9,514.16	74.5607	9,514.16	71.2552	9,514.16	68.6326	9,514.16	64.4308	9,514.16	70.7756	9,514.16	60.1863	9,514.16	65.699	9,514.16	56.7865	9,514.16	59.5972	9,514.16	56.7165	9,514.16	66.7049	9,514.16	53.0295	9,514.16	68.6504	9,514.16	53.2503	9,514.16	58.5644	9,514.16	50.1138	9,514.16	55.5412	9,514.16	53.958	9,514.16	59.2881	9,514.16	54.3118	9,514.16	53.0659	9,514.16	56.2755	9,514.16	57.861	9,514.16	61.281	9,514.16	54.0012	9,514.16	57.3934
9,849.61	87.1598	9,849.61	82.0667	9,849.61	78.3053	9,849.61	81.0863	9,849.61	82.4277	9,849.61	79.3939	9,849.61	82.0522	9,849.61	75.6242	9,849.61	79.7305	9,849.61	69.2065	9,849.61	74.2285	9,849.61	70.3552	9,849.61	63.4549	9,849.61	57.478	9,849.61	69.4318	9,849.61	64.4053	9,849.61	62.5852	9,849.61	59.2925	9,849.61	57.9538	9,849.61	56.3644	9,849.61	68.6072	9,849.61	53.4346	9,849.61	69.8178	9,849.61	55.3363	9,849.61	62.0308	9,849.61	46.9676	9,849.61	57.4399	9,849.61	54.5218	9,849.61	61.0799	9,849.61	55.0953	9,849.61	56.6174	9,849.61	59.0818	9,849.61	59.5842	9,849.61	62.6541	9,849.61	49.6193	9,849.61	55.3096
10,196.8	86.967	10,196.8	80.6437	10,196.8	79.5024	10,196.8	82.0325	10,196.8	81.4771	10,196.8	78.5759	10,196.8	81.3102	10,196.8	75.8025	10,196.8	79.1046	10,196.8	68.0369	10,196.8	74.1791	10,196.8	69.5746	10,196.8	59.7589	10,196.8	56.824	10,196.8	67.2382	10,196.8	65.8244	10,196.8	64.7954	10,196.8	58.875	10,196.8	54.6326	10,196.8	55.9653	10,196.8	67.3975	10,196.8	53.2828	10,196.8	69.385	10,196.8	55.7115	10,196.8	61.6333	10,196.8	47.7478	10,196.8	58.3403	10,196.8	53.851	10,196.8	61.8167	10,196.8	59.2858	10,196.8	58.0434	10,196.8	55.9895	10,196.8	62.1828	10,196.8	64.4575	10,196.8	44.3185	10,196.8	57.1872
10,555.7	86.7182	10,555.7	79.797	10,555.7	79.2709	10,555.7	82.117	10,555.7	81.4534	10,555.7	77.4296	10,555.7	80.7422	10,555.7	74.9472	10,555.7	78.8075	10,555.7	65.6945	10,555.7	73.2828	10,555.7	69.3949	10,555.7	59.3738	10,555.7	56.6341	10,555.7	67.4569	10,555.7	65.2652	10,555.7	66.3909	10,555.7	56.4869	10,555.7	53.7151	10,555.7	51.9495	10,555.7	66.1914	10,555.7	53.0774	10,555.7	68.9606	10,555.7	56.1362	10,555.7	57.8981	10,555.7	46.1945	10,555.7	53.9551	10,555.7	52.2128	10,555.7	62.505	10,555.7	60.2965	10,555.7	51.0198	10,555.7	50.5763	10,555.7	62.3428	10,555.7	63.8625	10,555.7	55.4554	10,555.7	61.5981
10,927.7	86.2297	10,927.7	78.0162	10,927.7	80.0042	10,927.7	82.1298	10,927.7	80.7229	10,927.7	74.9081	10,927.7	79.7916	10,927.7	74.0659	10,927.7	78.9499	10,927.7	64.2557	10,927.7	73.7274	10,927.7	68.9504	10,927.7	62.1375	10,927.7	55.1215	10,927.7	67.5248	10,927.7	62.0444	10,927.7	65.0742	10,927.7	57.6513	10,927.7	49.3075	10,927.7	47.6804	10,927.7	65.1801	10,927.7	50.6649	10,927.7	68.1115	10,927.7	56.2473	10,927.7	57.0576	10,927.7	39.1033	10,927.7	50.7018	10,927.7	55.592	10,927.7	59.4453	10,927.7	57.8863	10,927.7	52.9489	10,927.7	58.9537	10,927.7	60.3251	10,927.7	60.4962	10,927.7	55.0167	10,927.7	61.7223
11,313	85.4581	11,313	77.4026	11,313	80.1278	11,313	81.4889	11,313	79.6874	11,313	72.8882	11,313	78.298	11,313	73.8223	11,313	79.0753	11,313	67.4595	11,313	74.1696	11,313	68.8613	11,313	66.8288	11,313	50.1504	11,313	66.8784	11,313	61.6694	11,313	68.7863	11,313	58.9568	11,313	50.9897	11,313	47.7776	11,313	61.3454	11,313	51.551	11,313	68.229	11,313	56.7949	11,313	54.9978	11,313	37.2299	11,313	51.4018	11,313	57.4305	11,313	62.2794	11,313	53.7751	11,313	54.6776	11,313	60.209	11,313	54.2107	11,313	59.322	11,313	56.1362	11,313	60.3397
11,712.9	84.3857	11,712.9	77.395	11,712.9	80.7173	11,712.9	80.3755	11,712.9	79.6605	11,712.9	74.3279	11,712.9	76.9279	11,712.9	74.1848	11,712.9	79.3684	11,712.9	70.8098	11,712.9	74.9269	11,712.9	69.7896	11,712.9	68.4812	11,712.9	53.3842	11,712.9	66.4315	11,712.9	62.3626	11,712.9	71.567	11,712.9	59.829	11,712.9	55.0664	11,712.9	53.1649	11,712.9	58.5476	11,712.9	51.0519	11,712.9	67.9594	11,712.9	57.8901	11,712.9	56.4923	11,712.9	39.5153	11,712.9	52.2328	11,712.9	57.499	11,712.9	62.4272	11,712.9	53.2196	11,712.9	52.7809	11,712.9	60.182	11,712.9	56.1231	11,712.9	57.1816	11,712.9	54.1392	11,712.9	60.8077
12,126	84.498	12,126	79.4045	12,126	83.1292	12,126	80.7424	12,126	81.474	12,126	76.8932	12,126	78.9712	12,126	74.6046	12,126	79.8956	12,126	72.529	12,126	76.3348	12,126	69.5505	12,126	69.9357	12,126	56.5247	12,126	68.586	12,126	63.237	12,126	69.3599	12,126	60.2863	12,126	51.5327	12,126	55.7696	12,126	57.6189	12,126	55.1259	12,126	68.1709	12,126	58.5572	12,126	56.8922	12,126	44.7555	12,126	52.6254	12,126	57.689	12,126	61.7865	12,126	54.6298	12,126	49.8445	12,126	57.5243	12,126	50.0454	12,126	57.1366	12,126	55.0257	12,126	60.7793
12,553.7	84.8461	12,553.7	83.4625	12,553.7	86.1532	12,553.7	81.5098	12,553.7	81.6314	12,553.7	78.1494	12,553.7	81.3217	12,553.7	74.1421	12,553.7	79.3757	12,553.7	72.592	12,553.7	75.8336	12,553.7	67.1243	12,553.7	71.9267	12,553.7	56.424	12,553.7	66.8654	12,553.7	62.1165	12,553.7	67.9169	12,553.7	57.3593	12,553.7	57.6667	12,553.7	52.2049	12,553.7	53.2478	12,553.7	56.4718	12,553.7	68.4355	12,553.7	57.5621	12,553.7	56.3817	12,553.7	48.0821	12,553.7	50.7202	12,553.7	56.0908	12,553.7	61.0186	12,553.7	51.2853	12,553.7	51.7076	12,553.7	53.5491	12,553.7	49.9532	12,553.7	53.5868	12,553.7	56.3079	12,553.7	60.2659
12,996.1	85.5132	12,996.1	85.8653	12,996.1	87.2277	12,996.1	82.2688	12,996.1	82.849	12,996.1	79.4141	12,996.1	82.4585	12,996.1	74.4291	12,996.1	78.3222	12,996.1	71.1657	12,996.1	74.9477	12,996.1	67.1721	12,996.1	70.7589	12,996.1	51.0849	12,996.1	65.5669	12,996.1	58.491	12,996.1	62.8583	12,996.1	53.829	12,996.1	58.5483	12,996.1	47.8155	12,996.1	61.3896	12,996.1	56.8319	12,996.1	68.5117	12,996.1	53.3166	12,996.1	59.4935	12,996.1	48.776	12,996.1	52.8051	12,996.1	53.9557	12,996.1	58.0845	12,996.1	48.3278	12,996.1	51.6321	12,996.1	43.0155	12,996.1	41.2642	12,996.1	43.1735	12,996.1	55.7551	12,996.1	56.5061
13,454.6	86.8583	13,454.6	87.0537	13,454.6	87.6984	13,454.6	83.2926	13,454.6	84.5291	13,454.6	80.2063	13,454.6	82.5479	13,454.6	74.5609	13,454.6	78.5155	13,454.6	70.0179	13,454.6	72.4068	13,454.6	66.3559	13,454.6	68.8622	13,454.6	56.1603	13,454.6	58.7229	13,454.6	56.0695	13,454.6	54.4823	13,454.6	51.7852	13,454.6	62.4598	13,454.6	49.6041	13,454.6	64.593	13,454.6	54.6946	13,454.6	69.0991	13,454.6	51.1373	13,454.6	60.3533	13,454.6	46.4627	13,454.6	50.5567	13,454.6	53.6215	13,454.6	54.9136	13,454.6	50.7813	13,454.6	47.0288	13,454.6	53.0398	13,454.6	43.5624	13,454.6	45.3437	13,454.6	53.2836	13,454.6	51.753
13,929.2	87.8756	13,929.2	87.7966	13,929.2	88.1626	13,929.2	84.0726	13,929.2	85.294	13,929.2	80.7173	13,929.2	82.5201	13,929.2	74.6038	13,929.2	77.7469	13,929.2	69.4611	13,929.2	69.3137	13,929.2	65.3609	13,929.2	64.8661	13,929.2	60.6474	13,929.2	58.6715	13,929.2	56.3042	13,929.2	43.6734	13,929.2	53.7932	13,929.2	64.2675	13,929.2	52.0378	13,929.2	66.6303	13,929.2	53.4187	13,929.2	69.4106	13,929.2	49.9925	13,929.2	60.7786	13,929.2	47.8523	13,929.2	49.5044	13,929.2	53.7011	13,929.2	54.2742	13,929.2	51.8462	13,929.2	46.2346	13,929.2	55.4912	13,929.2	46.8952	13,929.2	52.9042	13,929.2	51.6537	13,929.2	46.3617
14,419.9	88.5477	14,419.9	88.2129	14,419.9	88.3385	14,419.9	84.5686	14,419.9	85.6395	14,419.9	80.896	14,419.9	82.1024	14,419.9	74.4286	14,419.9	77.2892	14,419.9	69.2486	14,419.9	67.2294	14,419.9	63.6153	14,419.9	59.099	14,419.9	61.3307	14,419.9	57.2283	14,419.9	54.4056	14,419.9	52.313	14,419.9	53.1433	14,419.9	63.9395	14,419.9	53.6199	14,419.9	67.2391	14,419.9	50.9796	14,419.9	68.5519	14,419.9	51.1607	14,419.9	59.9729	14,419.9	47.9887	14,419.9	43.6264	14,419.9	54.0363	14,419.9	53.4546	14,419.9	52.4277	14,419.9	44.571	14,419.9	56.2612	14,419.9	48.03	14,419.9	54.0687	14,419.9	51.4939	14,419.9	40.7831
14,928.2	88.7868	14,928.2	88.2987	14,928.2	88.4993	14,928.2	84.7451	14,928.2	85.6199	14,928.2	80.5302	14,928.2	81.4632	14,928.2	73.8238	14,928.2	76.1089	14,928.2	68.0816	14,928.2	67.2481	14,928.2	62.4877	14,928.2	54.755	14,928.2	59.6268	14,928.2	57.4679	14,928.2	52.0467	14,928.2	57.9606	14,928.2	50.3774	14,928.2	64.4569	14,928.2	53.8603	14,928.2	66.7786	14,928.2	50.3709	14,928.2	67.4847	14,928.2	50.4278	14,928.2	58.4065	14,928.2	47.2887	14,928.2	43.8438	14,928.2	53.65	14,928.2	52.5572	14,928.2	53.5912	14,928.2	49.3546	14,928.2	56.6041	14,928.2	45.2075	14,928.2	52.7102	14,928.2	43.1708	14,928.2	33.3832
15,455.6	88.7961	15,455.6	88.3818	15,455.6	88.751	15,455.6	84.6096	15,455.6	85.3598	15,455.6	79.8541	15,455.6	80.5197	15,455.6	72.8921	15,455.6	75.0271	15,455.6	67.2506	15,455.6	67.7635	15,455.6	60.6748	15,455.6	58.2803	15,455.6	58.9144	15,455.6	58.9424	15,455.6	50.9499	15,455.6	59.366	15,455.6	49.4119	15,455.6	63.812	15,455.6	52.8642	15,455.6	66.6324	15,455.6	47.5721	15,455.6	66.0396	15,455.6	48.9203	15,455.6	57.6308	15,455.6	49.345	15,455.6	41.1695	15,455.6	50.4415	15,455.6	51.4453	15,455.6	53.6891	15,455.6	49.1087	15,455.6	53.7988	15,455.6	45.6706	15,455.6	45.5294	15,455.6	39.8472	15,455.6	32.6136
16,000.5	88.7264	16,000.5	88.2817	16,000.5	88.598	16,000.5	84.082	16,000.5	85.0966	16,000.5	79.2052	16,000.5	79.1516	16,000.5	71.0735	16,000.5	73.0446	16,000.5	64.7601	16,000.5	67.605	16,000.5	57.9869	16,000.5	60.9649	16,000.5	55.3014	16,000.5	57.4726	16,000.5	46.9602	16,000.5	61.6958	16,000.5	36.799	16,000.5	62.9205	16,000.5	53.0068	16,000.5	65.734	16,000.5	44.6356	16,000.5	64.5861	16,000.5	45.3679	16,000.5	55.9308	16,000.5	43.6532	16,000.5	42.0985	16,000.5	50.361	16,000.5	47.5387	16,000.5	52.8915	16,000.5	49.4428	16,000.5	54.7091	16,000.5	40.5268	16,000.5	45.9106	16,000.5	43.6644	16,000.5	44.1566
16,564.5	88.2103	16,564.5	87.669	16,564.5	88.0435	16,564.5	83.5068	16,564.5	84.5559	16,564.5	78.0602	16,564.5	77.786	16,564.5	66.4516	16,564.5	71.9468	16,564.5	66.1078	16,564.5	68.0119	16,564.5	56.4288	16,564.5	64.3848	16,564.5	51.4856	16,564.5	60.9708	16,564.5	33.3882	16,564.5	62.4137	16,564.5	43.522	16,564.5	62.6083	16,564.5	52.9745	16,564.5	65.1179	16,564.5	45.529	16,564.5	62.6512	16,564.5	44.5704	16,564.5	54.6607	16,564.5	34.3731	16,564.5	44.5192	16,564.5	46.877	16,564.5	50.5017	16,564.5	52.8994	16,564.5	47.923	16,564.5	56.5219	16,564.5	19.306	16,564.5	48.0857	16,564.5	47.2625	16,564.5	43.3522
17,148.9	87.3578	17,148.9	86.7915	17,148.9	87.1611	17,148.9	82.2231	17,148.9	83.4941	17,148.9	76.1026	17,148.9	76.3712	17,148.9	65.1411	17,148.9	71.0718	17,148.9	68.5994	17,148.9	68.0657	17,148.9	56.3261	17,148.9	64.104	17,148.9	55.0024	17,148.9	61.6415	17,148.9	31.5004	17,148.9	61.6634	17,148.9	44.7852	17,148.9	62.5042	17,148.9	51.7819	17,148.9	64.1051	17,148.9	49.1943	17,148.9	61.347	17,148.9	45.7056	17,148.9	53.1395	17,148.9	35.7241	17,148.9	45.7437	17,148.9	45.5729	17,148.9	45.5364	17,148.9	53.186	17,148.9	46.5585	17,148.9	56.3986	17,148.9	26.3408	17,148.9	49.03	17,148.9	46.8423	17,148.9	41.5689
17,752.4	86.0462	17,752.4	85.655	17,752.4	85.878	17,752.4	80.2591	17,752.4	82.0439	17,752.4	74.8063	17,752.4	74.685	17,752.4	67.7334	17,752.4	68.9811	17,752.4	69.4024	17,752.4	67.9536	17,752.4	57.3906	17,752.4	63.6084	17,752.4	53.8029	17,752.4	60.8261	17,752.4	40.2516	17,752.4	61.7574	17,752.4	43.7807	17,752.4	62.2102	17,752.4	52.0066	17,752.4	63.447	17,752.4	45.7308	17,752.4	61.3327	17,752.4	44.0928	17,752.4	55.5219	17,752.4	41.0965	17,752.4	46.5043	17,752.4	42.2469	17,752.4	48.5488	17,752.4	51.9411	17,752.4	35.3061	17,752.4	56.2868	17,752.4	36.8442	17,752.4	49.7347	17,752.4	47.0976	17,752.4	42.1063
18,379.4	84.8914	18,379.4	84.2705	18,379.4	84.5797	18,379.4	78.4488	18,379.4	80.5743	18,379.4	73.8066	18,379.4	73.548	18,379.4	70.6456	18,379.4	68.3118	18,379.4	69.6646	18,379.4	68.1696	18,379.4	59.1431	18,379.4	64.4013	18,379.4	54.1955	18,379.4	59.7823	18,379.4	44.5345	18,379.4	61.0261	18,379.4	39.6224	18,379.4	61.3415	18,379.4	51.4685	18,379.4	62.1077	18,379.4	46.4938	18,379.4	61.0986	18,379.4	44.7291	18,379.4	57.3694	18,379.4	43.212	18,379.4	49.3831	18,379.4	41.771	18,379.4	50.4262	18,379.4	50.1641	18,379.4	46.0728	18,379.4	54.0744	18,379.4	43.248	18,379.4	48.2463	18,379.4	45.3879	18,379.4	37.4698
19,026.9	83.9291	19,026.9	82.998	19,026.9	83.3245	19,026.9	76.5058	19,026.9	79.2119	19,026.9	72.3545	19,026.9	72.5089	19,026.9	73.1366	19,026.9	68.338	19,026.9	70.0191	19,026.9	67.0814	19,026.9	60.358	19,026.9	61.9829	19,026.9	51.1148	19,026.9	58.6464	19,026.9	49.8092	19,026.9	59.6246	19,026.9	37.4618	19,026.9	58.2343	19,026.9	48.7475	19,026.9	59.5522	19,026.9	46.5755	19,026.9	61.0544	19,026.9	44.5151	19,026.9	58.6721	19,026.9	45.3635	19,026.9	48.1656	19,026.9	44.087	19,026.9	49.3329	19,026.9	46.3343	19,026.9	47.2058	19,026.9	52.8536	19,026.9	46.2051	19,026.9	49.4916	19,026.9	44.1098	19,026.9	32.4056
19,697.8	82.7188	19,697.8	82.1121	19,697.8	81.8726	19,697.8	74.8992	19,697.8	77.3913	19,697.8	73.3774	19,697.8	71.3729	19,697.8	75.3206	19,697.8	68.603	19,697.8	70.5971	19,697.8	66.4972	19,697.8	60.5134	19,697.8	60.6643	19,697.8	51.5842	19,697.8	55.8965	19,697.8	51.1555	19,697.8	58.2687	19,697.8	33.2666	19,697.8	55.0274	19,697.8	48.4703	19,697.8	56.8294	19,697.8	43.8443	19,697.8	60.6577	19,697.8	45.4147	19,697.8	60.0246	19,697.8	48.6722	19,697.8	50.1878	19,697.8	47.532	19,697.8	50.5736	19,697.8	47.4404	19,697.8	49.836	19,697.8	49.0387	19,697.8	44.6237	19,697.8	45.194	19,697.8	45.8815	19,697.8	42.7536
19,999.5	83.1177	19,999.5	82.3763	19,999.5	81.9097	19,999.5	75.6125	19,999.5	77.2347	19,999.5	74.1447	19,999.5	72.344	19,999.5	75.8786	19,999.5	68.8421	19,999.5	70.2816	19,999.5	65.1766	19,999.5	61.1658	19,999.5	58.0042	19,999.5	46.3502	19,999.5	55.7848	19,999.5	52.7588	19,999.5	53.3119	19,999.5	41.0366	19,999.5	49.7189	19,999.5	46.8724	19,999.5	55.4036	19,999.5	39.2441	19,999.5	60.139	19,999.5	47.5005	19,999.5	61.4632	19,999.5	51.511	19,999.5	47.0578	19,999.5	42.6175	19,999.5	51.7777	19,999.5	39.5568	19,999.5	49.2447	19,999.5	44.235	19,999.5	51.8223	19,999.5	54.4127	19,999.5	54.715	19,999.5	49.6312
