"SPL Horizontal"																																																																							
"On-Axis"		"10°"		"-10°"		"20°"		"-20°"		"30°"		"-30°"		"40°"		"-40°"		"50°"		"-50°"		"60°"		"-60°"		"70°"		"-70°"		"80°"		"-80°"		"90°"		"-90°"		"100°"		"-100°"		"110°"		"-110°"		"120°"		"-120°"		"130°"		"-130°"		"140°"		"-140°"		"150°"		"-150°"		"160°"		"-160°"		"170°"		"-170°"		"180°"	
"Frequency / Hz"	"Sound Pressure Level / dB (re 20 µPa)  [2.83V at 1m]"	"Frequency / Hz"	"Sound Pressure Level / dB (re 20 µPa)  [2.83V at 1m]"	"Frequency / Hz"	"Sound Pressure Level / dB (re 20 µPa)  [2.83V at 1m]"	"Frequency / Hz"	"Sound Pressure Level / dB (re 20 µPa)  [2.83V at 1m]"	"Frequency / Hz"	"Sound Pressure Level / dB (re 20 µPa)  [2.83V at 1m]"	"Frequency / Hz"	"Sound Pressure Level / dB (re 20 µPa)  [2.83V at 1m]"	"Frequency / Hz"	"Sound Pressure Level / dB (re 20 µPa)  [2.83V at 1m]"	"Frequency / Hz"	"Sound Pressure Level / dB (re 20 µPa)  [2.83V at 1m]"	"Frequency / Hz"	"Sound Pressure Level / dB (re 20 µPa)  [2.83V at 1m]"	"Frequency / Hz"	"Sound Pressure Level / dB (re 20 µPa)  [2.83V at 1m]"	"Frequency / Hz"	"Sound Pressure Level / dB (re 20 µPa)  [2.83V at 1m]"	"Frequency / Hz"	"Sound Pressure Level / dB (re 20 µPa)  [2.83V at 1m]"	"Frequency / Hz"	"Sound Pressure Level / dB (re 20 µPa)  [2.83V at 1m]"	"Frequency / Hz"	"Sound Pressure Level / dB (re 20 µPa)  [2.83V at 1m]"	"Frequency / Hz"	"Sound Pressure Level / dB (re 20 µPa)  [2.83V at 1m]"	"Frequency / Hz"	"Sound Pressure Level / dB (re 20 µPa)  [2.83V at 1m]"	"Frequency / Hz"	"Sound Pressure Level / dB (re 20 µPa)  [2.83V at 1m]"	"Frequency / Hz"	"Sound Pressure Level / dB (re 20 µPa)  [2.83V at 1m]"	"Frequency / Hz"	"Sound Pressure Level / dB (re 20 µPa)  [2.83V at 1m]"	"Frequency / Hz"	"Sound Pressure Level / dB (re 20 µPa)  [2.83V at 1m]"	"Frequency / Hz"	"Sound Pressure Level / dB (re 20 µPa)  [2.83V at 1m]"	"Frequency / Hz"	"Sound Pressure Level / dB (re 20 µPa)  [2.83V at 1m]"	"Frequency / Hz"	"Sound Pressure Level / dB (re 20 µPa)  [2.83V at 1m]"	"Frequency / Hz"	"Sound Pressure Level / dB (re 20 µPa)  [2.83V at 1m]"	"Frequency / Hz"	"Sound Pressure Level / dB (re 20 µPa)  [2.83V at 1m]"	"Frequency / Hz"	"Sound Pressure Level / dB (re 20 µPa)  [2.83V at 1m]"	"Frequency / Hz"	"Sound Pressure Level / dB (re 20 µPa)  [2.83V at 1m]"	"Frequency / Hz"	"Sound Pressure Level / dB (re 20 µPa)  [2.83V at 1m]"	"Frequency / Hz"	"Sound Pressure Level / dB (re 20 µPa)  [2.83V at 1m]"	"Frequency / Hz"	"Sound Pressure Level / dB (re 20 µPa)  [2.83V at 1m]"	"Frequency / Hz"	"Sound Pressure Level / dB (re 20 µPa)  [2.83V at 1m]"	"Frequency / Hz"	"Sound Pressure Level / dB (re 20 µPa)  [2.83V at 1m]"	"Frequency / Hz"	"Sound Pressure Level / dB (re 20 µPa)  [2.83V at 1m]"	"Frequency / Hz"	"Sound Pressure Level / dB (re 20 µPa)  [2.83V at 1m]"	"Frequency / Hz"	"Sound Pressure Level / dB (re 20 µPa)  [2.83V at 1m]"	"Frequency / Hz"	"Sound Pressure Level / dB (re 20 µPa)  [2.83V at 1m]"
20.5078	49.1529	20.5078	48.1218	20.5078	50.3972	20.5078	47.5498	20.5078	51.6957	20.5078	47.6715	20.5078	52.9674	20.5078	48.5199	20.5078	54.1786	20.5078	49.8935	20.5078	55.3215	20.5078	51.5335	20.5078	56.401	20.5078	53.2514	20.5078	57.4272	20.5078	54.9369	20.5078	58.4095	20.5078	56.5297	20.5078	59.3517	20.5078	57.9982	20.5078	60.2508	20.5078	59.3265	20.5078	61.0971	20.5078	60.5067	20.5078	61.8756	20.5078	61.5335	20.5078	62.5675	20.5078	62.4003	20.5078	63.1521	20.5078	63.0991	20.5078	63.611	20.5078	63.6209	20.5078	63.9313	20.5078	63.9599	20.5078	64.1037	20.5078	64.1175
21.2402	58.9015	21.2402	58.7066	21.2402	59.1721	21.2402	58.6276	21.2402	59.4933	21.2402	58.7135	21.2402	59.8546	21.2402	59.0064	21.2402	60.2559	21.2402	59.5199	21.2402	60.7038	21.2402	60.2277	21.2402	61.2062	21.2402	61.0724	21.2402	61.7686	21.2402	61.9861	21.2402	62.3894	21.2402	62.9091	21.2402	63.0582	21.2402	63.7976	21.2402	63.7561	21.2402	64.6233	21.2402	64.4585	21.2402	65.3684	21.2402	65.138	21.2402	66.02	21.2402	65.7675	21.2402	66.5657	21.2402	66.3219	21.2402	66.9922	21.2402	66.7811	21.2402	67.2882	21.2402	67.1314	21.2402	67.4478	21.2402	67.3638	21.2402	67.4714
21.9727	61.9187	21.9727	61.7791	21.9727	62.0331	21.9727	61.6237	21.9727	62.1198	21.9727	61.4705	21.9727	62.1813	21.9727	61.348	21.9727	62.2258	21.9727	61.294	21.9727	62.2676	21.9727	61.3496	21.9727	62.3277	21.9727	61.5453	21.9727	62.4324	21.9727	61.8873	21.9727	62.6092	21.9727	62.352	21.9727	62.8783	21.9727	62.895	21.9727	63.2437	21.9727	63.4663	21.9727	63.6887	21.9727	64.0233	21.9727	64.1788	21.9727	64.5364	21.9727	64.6705	21.9727	64.9871	21.9727	65.1207	21.9727	65.3635	21.9727	65.4933	21.9727	65.6559	21.9727	65.7623	21.9727	65.8528	21.9727	65.9133	21.9727	65.942
22.7051	60.1258	22.7051	60.0486	22.7051	60.2836	22.7051	60.064	22.7051	60.5152	22.7051	60.1884	22.7051	60.8185	22.7051	60.4393	22.7051	61.1942	22.7051	60.8291	22.7051	61.644	22.7051	61.3573	22.7051	62.1675	22.7051	62.0057	22.7051	62.7593	22.7051	62.7405	22.7051	63.4068	22.7051	63.519	22.7051	64.091	22.7051	64.2986	22.7051	64.7873	22.7051	65.0434	22.7051	65.4687	22.7051	65.7269	22.7051	66.1081	22.7051	66.3322	22.7051	66.6801	22.7051	66.8498	22.7051	67.1628	22.7051	67.2744	22.7051	67.5385	22.7051	67.6014	22.7051	67.7954	22.7051	67.8246	22.7051	67.9279	22.7051	67.9359
23.4375	60.3599	23.4375	60.3673	23.4375	60.4571	23.4375	60.4843	23.4375	60.6582	23.4375	60.7193	23.4375	60.9655	23.4375	61.0809	23.4375	61.3804	23.4375	61.5725	23.4375	61.9006	23.4375	62.1882	23.4375	62.5167	23.4375	62.9107	23.4375	63.2122	23.4375	63.7125	23.4375	63.9641	23.4375	64.5595	23.4375	64.7462	23.4375	65.4149	23.4375	65.5311	23.4375	66.2434	23.4375	66.2929	23.4375	67.0135	23.4375	67.0075	23.4375	67.6993	23.4375	67.6534	23.4375	68.2803	23.4375	68.2118	23.4375	68.7406	23.4375	68.6669	23.4375	69.0686	23.4375	69.0068	23.4375	69.2582	23.4375	69.2229	23.4375	69.3085
24.1699	66.348	24.1699	66.285	24.1699	66.4134	24.1699	66.2297	24.1699	66.4795	24.1699	66.191	24.1699	66.5477	24.1699	66.182	24.1699	66.6224	24.1699	66.2189	24.1699	66.7108	24.1699	66.3202	24.1699	66.8221	24.1699	66.5021	24.1699	66.9677	24.1699	66.7746	24.1699	67.159	24.1699	67.1359	24.1699	67.4053	24.1699	67.5709	24.1699	67.7107	24.1699	68.0538	24.1699	68.0706	24.1699	68.5524	24.1699	68.4702	24.1699	69.0336	24.1699	68.8853	24.1699	69.4657	24.1699	69.287	24.1699	69.8206	24.1699	69.6461	24.1699	70.0755	24.1699	69.9371	24.1699	70.2155	24.1699	70.139	24.1699	70.2354
25.6348	62.0697	25.6348	61.972	25.6348	62.1786	25.6348	61.8901	25.6348	62.3052	25.6348	61.8406	25.6348	62.4644	25.6348	61.8541	25.6348	62.6782	25.6348	61.9722	25.6348	62.9714	25.6348	62.2395	25.6348	63.3654	25.6348	62.6863	25.6348	63.8706	25.6348	63.312	25.6348	64.4812	25.6348	64.0814	25.6348	65.174	25.6348	64.9355	25.6348	65.9132	25.6348	65.8113	25.6348	66.6573	25.6348	66.6542	25.6348	67.3663	25.6348	67.4231	25.6348	68.0057	25.6348	68.0897	25.6348	68.5484	25.6348	68.6348	25.6348	68.9746	25.6348	69.0464	25.6348	69.2709	25.6348	69.3175	25.6348	69.4292	25.6348	69.4453
26.3672	64.7618	26.3672	64.6869	26.3672	64.8487	26.3672	64.6322	26.3672	64.9472	26.3672	64.6141	26.3672	65.0632	26.3672	64.6565	26.3672	65.2085	26.3672	64.7875	26.3672	65.3978	26.3672	65.0328	26.3672	65.6467	26.3672	65.4065	26.3672	65.9679	26.3672	65.9034	26.3672	66.3674	26.3672	66.498	26.3672	66.8417	26.3672	67.1513	26.3672	67.3758	26.3672	67.8197	26.3672	67.9449	26.3672	68.4635	26.3672	68.5179	26.3672	69.0511	26.3672	69.063	26.3672	69.5592	26.3672	69.5512	26.3672	69.9713	26.3672	69.9582	26.3672	70.2749	26.3672	70.2644	26.3672	70.4605	26.3672	70.4551	26.3672	70.5214
27.0996	67.2202	27.0996	67.2641	27.0996	67.2069	27.0996	67.3406	27.0996	67.226	27.0996	67.4546	27.0996	67.2822	27.0996	67.6138	27.0996	67.3826	27.0996	67.8267	27.0996	67.5352	27.0996	68.0999	27.0996	67.7476	27.0996	68.4352	27.0996	68.0245	27.0996	68.8274	27.0996	68.3667	27.0996	69.2639	27.0996	68.7688	27.0996	69.7259	27.0996	69.2185	27.0996	70.1913	27.0996	69.6969	27.0996	70.638	27.0996	70.181	27.0996	71.0457	27.0996	70.6459	27.0996	71.3974	27.0996	71.0682	27.0996	71.6785	27.0996	71.4277	27.0996	71.877	27.0996	71.7084	27.0996	71.9832	27.0996	71.8986	27.0996	71.991
27.832	67.9951	27.832	68.0379	27.832	67.9635	27.832	68.0911	27.832	67.9461	27.832	68.156	27.832	67.9471	27.832	68.2361	27.832	67.9724	27.832	68.3374	27.832	68.0288	27.832	68.4678	27.832	68.1238	27.832	68.6361	27.832	68.2649	27.832	68.8501	27.832	68.4586	27.832	69.1136	27.832	68.7086	27.832	69.4241	27.832	69.0135	27.832	69.7708	27.832	69.365	27.832	70.1365	27.832	69.7473	27.832	70.4988	27.832	70.1394	27.832	70.833	27.832	70.5175	27.832	71.1139	27.832	70.8574	27.832	71.3183	27.832	71.136	27.832	71.4282	27.832	71.3332	27.832	71.4334
29.2969	67.4432	29.2969	67.4097	29.2969	67.4606	29.2969	67.364	29.2969	67.4622	29.2969	67.3148	29.2969	67.4535	29.2969	67.2758	29.2969	67.445	29.2969	67.2657	29.2969	67.4524	29.2969	67.3073	29.2969	67.4957	29.2969	67.4243	29.2969	67.5964	29.2969	67.6359	29.2969	67.7732	29.2969	67.9502	29.2969	68.0361	29.2969	68.3588	29.2969	68.3825	29.2969	68.8371	29.2969	68.7961	29.2969	69.3488	29.2969	69.2501	29.2969	69.8532	29.2969	69.7125	29.2969	70.3117	29.2969	70.1515	29.2969	70.6915	29.2969	70.5381	29.2969	70.9678	29.2969	70.8474	29.2969	71.1243	29.2969	71.0581	29.2969	71.1538
30.0293	67.6936	30.0293	67.6702	30.0293	67.7099	30.0293	67.6419	30.0293	67.7225	30.0293	67.6158	30.0293	67.739	30.0293	67.6046	30.0293	67.7711	30.0293	67.6255	30.0293	67.8327	30.0293	67.6986	30.0293	67.938	30.0293	67.843	30.0293	68.099	30.0293	68.0717	30.0293	68.3231	30.0293	68.3867	30.0293	68.6112	30.0293	68.7765	30.0293	68.9568	30.0293	69.2182	30.0293	69.346	30.0293	69.6816	30.0293	69.7588	30.0293	70.1352	30.0293	70.1714	30.0293	70.5497	30.0293	70.5581	30.0293	70.9001	30.0293	70.8941	30.0293	71.1657	30.0293	71.156	30.0293	71.3305	30.0293	71.3241	30.0293	71.3842
31.4941	68.3017	31.4941	68.3106	31.4941	68.3041	31.4941	68.3327	31.4941	68.3185	31.4941	68.3735	31.4941	68.3489	31.4941	68.441	31.4941	68.4019	31.4941	68.5452	31.4941	68.4865	31.4941	68.6969	31.4941	68.613	31.4941	68.9054	31.4941	68.7913	31.4941	69.1762	31.4941	69.0289	31.4941	69.5087	31.4941	69.3279	31.4941	69.8944	31.4941	69.6833	31.4941	70.3176	31.4941	70.0824	31.4941	70.7558	31.4941	70.5062	31.4941	71.1826	31.4941	70.9321	31.4941	71.5704	31.4941	71.3356	31.4941	71.8924	31.4941	71.6926	31.4941	72.1261	31.4941	71.9802	31.4941	72.2557	31.4941	72.1785	31.4941	72.273
32.2266	68.6724	32.2266	68.6936	32.2266	68.6561	32.2266	68.7222	32.2266	68.6457	32.2266	68.7634	32.2266	68.6452	32.2266	68.8247	32.2266	68.6614	32.2266	68.9154	32.2266	68.7034	32.2266	69.0449	32.2266	68.7815	32.2266	69.2212	32.2266	68.9059	32.2266	69.449	32.2266	69.0842	32.2266	69.7277	32.2266	69.3197	32.2266	70.0504	32.2266	69.6096	32.2266	70.4038	32.2266	69.9443	32.2266	70.7687	32.2266	70.3086	32.2266	71.122	32.2266	70.6829	32.2266	71.439	32.2266	71.0452	32.2266	71.6964	32.2266	71.3731	32.2266	71.8746	32.2266	71.6448	32.2266	71.9608	32.2266	71.8415	32.2266	71.9494
33.6914	68.8796	33.6914	68.9419	33.6914	68.8271	33.6914	69.0144	33.6914	68.7857	33.6914	69.0998	33.6914	68.7593	33.6914	69.2017	33.6914	68.754	33.6914	69.3246	33.6914	68.7777	33.6914	69.4729	33.6914	68.8398	33.6914	69.6504	33.6914	68.9497	33.6914	69.8591	33.6914	69.1147	33.6914	70.0985	33.6914	69.3382	33.6914	70.3652	33.6914	69.6176	33.6914	70.6517	33.6914	69.9432	33.6914	70.9462	33.6914	70.2988	33.6914	71.2328	33.6914	70.6638	33.6914	71.4922	33.6914	71.0155	33.6914	71.7043	33.6914	71.332	33.6914	71.8503	33.6914	71.5939	33.6914	71.9162	33.6914	71.7852	33.6914	71.8946
34.4238	68.7918	34.4238	68.8146	34.4238	68.7697	34.4238	68.8393	34.4238	68.75	34.4238	68.8699	34.4238	68.7371	34.4238	68.9127	34.4238	68.738	34.4238	68.9763	34.4238	68.7618	34.4238	69.0701	34.4238	68.8193	34.4238	69.2037	34.4238	68.9213	34.4238	69.3845	34.4238	69.0766	34.4238	69.6156	34.4238	69.2898	34.4238	69.8939	34.4238	69.5591	34.4238	70.2092	34.4238	69.8749	34.4238	70.5444	34.4238	70.2206	34.4238	70.8774	34.4238	70.5749	34.4238	71.1837	34.4238	70.915	34.4238	71.4392	34.4238	71.2184	34.4238	71.6233	34.4238	71.4652	34.4238	71.7214	34.4238	71.6386	34.4238	71.7263
35.8887	68.668	35.8887	68.7138	35.8887	68.6443	35.8887	68.7828	35.8887	68.6442	35.8887	68.8776	35.8887	68.6709	35.8887	69.0022	35.8887	68.7295	35.8887	69.1607	35.8887	68.826	35.8887	69.3564	35.8887	68.9664	35.8887	69.5904	35.8887	69.1549	35.8887	69.8611	35.8887	69.3931	35.8887	70.1635	35.8887	69.6781	35.8887	70.4888	35.8887	70.0027	35.8887	70.8253	35.8887	70.3549	35.8887	71.1584	35.8887	70.7193	35.8887	71.4716	35.8887	71.0785	35.8887	71.748	35.8887	71.4143	35.8887	71.9714	35.8887	71.7092	35.8887	72.128	35.8887	71.9472	35.8887	72.2072	35.8887	72.115	35.8887	72.2032
37.3535	69.5327	37.3535	69.5825	37.3535	69.5073	37.3535	69.6565	37.3535	69.5071	37.3535	69.7552	37.3535	69.5334	37.3535	69.8786	37.3535	69.5884	37.3535	70.0267	37.3535	69.6742	37.3535	70.1986	37.3535	69.7926	37.3535	70.3923	37.3535	69.9449	37.3535	70.605	37.3535	70.1305	37.3535	70.8328	37.3535	70.347	37.3535	71.0707	37.3535	70.5894	37.3535	71.3123	37.3535	70.8502	37.3535	71.549	37.3535	71.1197	37.3535	71.7708	37.3535	71.3868	37.3535	71.9661	37.3535	71.6393	37.3535	72.1229	37.3535	71.8648	37.3535	72.2302	37.3535	72.0513	37.3535	72.2793	37.3535	72.1876	37.3535	72.2651
38.8184	70.467	38.8184	70.5015	38.8184	70.4416	38.8184	70.5452	38.8184	70.4263	38.8184	70.5987	38.8184	70.4229	38.8184	70.663	38.8184	70.4337	38.8184	70.7393	38.8184	70.4618	38.8184	70.8289	38.8184	70.5103	38.8184	70.9326	38.8184	70.5821	38.8184	71.0511	38.8184	70.6796	38.8184	71.1841	38.8184	70.804	38.8184	71.3306	38.8184	70.9546	38.8184	71.4876	38.8184	71.1285	38.8184	71.6499	38.8184	71.3196	38.8184	71.8102	38.8184	71.5192	38.8184	71.9585	38.8184	71.7157	38.8184	72.0836	38.8184	71.8958	38.8184	72.1739	38.8184	72.046	38.8184	72.2195	38.8184	72.1548	38.8184	72.2137
39.5508	70.4336	39.5508	70.4644	39.5508	70.417	39.5508	70.5093	39.5508	70.4152	39.5508	70.5684	39.5508	70.4297	39.5508	70.6426	39.5508	70.4623	39.5508	70.7326	39.5508	70.5153	39.5508	70.8392	39.5508	70.5911	39.5508	70.9633	39.5508	70.692	39.5508	71.1053	39.5508	70.8198	39.5508	71.2652	39.5508	70.9751	39.5508	71.4417	39.5508	71.157	39.5508	71.6319	39.5508	71.362	39.5508	71.8304	39.5508	71.5833	39.5508	72.0285	39.5508	71.8108	39.5508	72.2145	39.5508	72.0316	39.5508	72.3745	39.5508	72.2311	39.5508	72.494	39.5508	72.3946	39.5508	72.5605	39.5508	72.5094	39.5508	72.5662
41.0156	70.8298	41.0156	70.8788	41.0156	70.7957	41.0156	70.9421	41.0156	70.7778	41.0156	71.0195	41.0156	70.7779	41.0156	71.1111	41.0156	70.7985	41.0156	71.2168	41.0156	70.8421	41.0156	71.3366	41.0156	70.9116	41.0156	71.4697	41.0156	71.0093	41.0156	71.6152	41.0156	71.1365	41.0156	71.7713	41.0156	71.2931	41.0156	71.9362	41.0156	71.4766	41.0156	72.1067	41.0156	71.6817	41.0156	72.278	41.0156	71.9002	41.0156	72.4433	41.0156	72.1212	41.0156	72.5934	41.0156	72.332	41.0156	72.7177	41.0156	72.5198	41.0156	72.8058	41.0156	72.673	41.0156	72.849	41.0156	72.7822	41.0156	72.8417
42.4805	71.771	42.4805	71.7257	42.4805	71.8342	42.4805	71.6996	42.4805	71.914	42.4805	71.694	42.4805	72.0089	42.4805	71.7097	42.4805	72.1176	42.4805	71.7473	42.4805	72.2386	42.4805	71.8071	42.4805	72.3704	42.4805	71.8889	42.4805	72.5113	42.4805	71.9927	42.4805	72.6591	42.4805	72.1176	42.4805	72.8112	42.4805	72.2621	42.4805	72.9638	42.4805	72.4234	42.4805	73.1119	42.4805	72.5968	42.4805	73.2491	42.4805	72.7764	42.4805	73.3683	42.4805	72.9552	42.4805	73.4621	42.4805	73.1251	42.4805	73.5247	42.4805	73.2769	42.4805	73.552	42.4805	73.4014	42.4805	73.5412	42.4805	73.4908
43.9453	72.3066	43.9453	72.3133	43.9453	72.3165	43.9453	72.3373	43.9453	72.3426	43.9453	72.3795	43.9453	72.3846	43.9453	72.4406	43.9453	72.4427	43.9453	72.5212	43.9453	72.5169	43.9453	72.6217	43.9453	72.6076	43.9453	72.7417	43.9453	72.7149	43.9453	72.8802	43.9453	72.8387	43.9453	73.0354	43.9453	72.9783	43.9453	73.2042	43.9453	73.1322	43.9453	73.3821	43.9453	73.2978	43.9453	73.5633	43.9453	73.4706	43.9453	73.7401	43.9453	73.6444	43.9453	73.903	43.9453	73.811	43.9453	74.0414	43.9453	73.9611	43.9453	74.1445	43.9453	74.0845	43.9453	74.2032	43.9453	74.1709	43.9453	74.2121
45.4102	72.9623	45.4102	72.9737	45.4102	72.9681	45.4102	73.0026	45.4102	72.9907	45.4102	73.0493	45.4102	73.0297	45.4102	73.114	45.4102	73.0852	45.4102	73.1964	45.4102	73.1568	45.4102	73.2958	45.4102	73.2442	45.4102	73.411	45.4102	73.3471	45.4102	73.5404	45.4102	73.4645	45.4102	73.6817	45.4102	73.5953	45.4102	73.8321	45.4102	73.7375	45.4102	73.9879	45.4102	73.8881	45.4102	74.1445	45.4102	74.0429	45.4102	74.2954	45.4102	74.1965	45.4102	74.4331	45.4102	74.3421	45.4102	74.5488	45.4102	74.4719	45.4102	74.6339	45.4102	74.5778	45.4102	74.6815	45.4102	74.6518	45.4102	74.6875
47.6074	73.7772	47.6074	73.7901	47.6074	73.7806	47.6074	73.8195	47.6074	73.8003	47.6074	73.8655	47.6074	73.8356	47.6074	73.9276	47.6074	73.8863	47.6074	74.0053	47.6074	73.9515	47.6074	74.0973	47.6074	74.0305	47.6074	74.2021	47.6074	74.1223	47.6074	74.3176	47.6074	74.2257	47.6074	74.4412	47.6074	74.3391	47.6074	74.5701	47.6074	74.4604	47.6074	74.7012	47.6074	74.5871	47.6074	74.8306	47.6074	74.7161	47.6074	74.954	47.6074	74.8433	47.6074	75.0655	47.6074	74.9639	47.6074	75.1585	47.6074	75.0724	47.6074	75.2256	47.6074	75.1624	47.6074	75.261	47.6074	75.2273	47.6074	75.2614
49.0723	74.2973	49.0723	74.3086	49.0723	74.3021	49.0723	74.3363	49.0723	74.3228	49.0723	74.3801	49.0723	74.3588	49.0723	74.4393	49.0723	74.4093	49.0723	74.5129	49.0723	74.4735	49.0723	74.5993	49.0723	74.5501	49.0723	74.6965	49.0723	74.6379	49.0723	74.8021	49.0723	74.7353	49.0723	74.9136	49.0723	74.8405	49.0723	75.0281	49.0723	74.9514	49.0723	75.1427	49.0723	75.0658	49.0723	75.2544	49.0723	75.1805	49.0723	75.3595	49.0723	75.2917	49.0723	75.4536	49.0723	75.3948	49.0723	75.532	49.0723	75.4846	49.0723	75.5895	49.0723	75.556	49.0723	75.622	49.0723	75.6046	49.0723	75.6271
50.5371	74.7903	50.5371	74.7972	50.5371	74.8008	50.5371	74.8215	50.5371	74.8283	50.5371	74.863	50.5371	74.872	50.5371	74.9213	50.5371	74.9311	50.5371	74.9951	50.5371	75.0045	50.5371	75.0829	50.5371	75.0909	50.5371	75.1823	50.5371	75.1885	50.5371	75.2908	50.5371	75.2955	50.5371	75.4054	50.5371	75.4097	50.5371	75.5233	50.5371	75.5287	50.5371	75.6415	50.5371	75.6496	50.5371	75.7571	50.5371	75.769	50.5371	75.867	50.5371	75.8829	50.5371	75.9675	50.5371	75.9861	50.5371	76.0547	50.5371	76.0733	50.5371	76.1237	50.5371	76.1389	50.5371	76.1697	50.5371	76.1782	50.5371	76.1886
52.7344	75.7117	52.7344	75.6956	52.7344	75.7436	52.7344	75.6964	52.7344	75.7898	52.7344	75.7147	52.7344	75.8486	52.7344	75.7505	52.7344	75.9179	52.7344	75.8032	52.7344	75.9956	52.7344	75.8714	52.7344	76.0793	52.7344	75.9531	52.7344	76.167	52.7344	76.0459	52.7344	76.2568	52.7344	76.1469	52.7344	76.3474	52.7344	76.2533	52.7344	76.4373	52.7344	76.3621	52.7344	76.5253	52.7344	76.4702	52.7344	76.61	52.7344	76.5744	52.7344	76.6891	52.7344	76.6705	52.7344	76.76	52.7344	76.7541	52.7344	76.8191	52.7344	76.8205	52.7344	76.8626	52.7344	76.8661	52.7344	76.8866	52.7344	76.8882
54.1992	76.3611	54.1992	76.3646	54.1992	76.3732	54.1992	76.3838	54.1992	76.4001	54.1992	76.4185	54.1992	76.441	54.1992	76.468	54.1992	76.4946	54.1992	76.5308	54.1992	76.5593	54.1992	76.6053	54.1992	76.6333	54.1992	76.689	54.1992	76.7148	54.1992	76.7795	54.1992	76.8018	54.1992	76.8741	54.1992	76.8927	54.1992	76.9703	54.1992	76.9854	54.1992	77.0658	54.1992	77.0779	54.1992	77.1583	54.1992	77.168	54.1992	77.2452	54.1992	77.2528	54.1992	77.3236	54.1992	77.3291	54.1992	77.39	54.1992	77.3933	54.1992	77.4408	54.1992	77.4422	54.1992	77.4726	54.1992	77.473	54.1992	77.4835
56.3965	77.5032	56.3965	77.5065	56.3965	77.5155	56.3965	77.5261	56.3965	77.5422	56.3965	77.5616	56.3965	77.5816	56.3965	77.6121	56.3965	77.6317	56.3965	77.6756	56.3965	77.6903	56.3965	77.7491	56.3965	77.7552	56.3965	77.8291	56.3965	77.8242	56.3965	77.9117	56.3965	77.8953	56.3965	77.993	56.3965	77.9669	56.3965	78.0697	56.3965	78.0374	56.3965	78.1396	56.3965	78.1058	56.3965	78.2013	56.3965	78.1708	56.3965	78.2546	56.3965	78.2308	56.3965	78.2994	56.3965	78.2838	56.3965	78.3358	56.3965	78.3276	56.3965	78.3632	56.3965	78.3599	56.3965	78.3805	56.3965	78.3797	56.3965	78.3864
58.5938	78.4007	58.5938	78.3846	58.5938	78.4259	58.5938	78.3777	58.5938	78.4595	58.5938	78.3804	58.5938	78.5004	58.5938	78.3924	58.5938	78.5476	58.5938	78.4134	58.5938	78.5995	58.5938	78.4425	58.5938	78.6547	58.5938	78.4789	58.5938	78.7116	58.5938	78.5213	58.5938	78.769	58.5938	78.5684	58.5938	78.8257	58.5938	78.6189	58.5938	78.8809	58.5938	78.6715	58.5938	78.9331	58.5938	78.7251	58.5938	78.9805	58.5938	78.7789	58.5938	79.0199	58.5938	78.832	58.5938	79.0482	58.5938	78.8836	58.5938	79.0622	58.5938	78.9327	58.5938	79.0608	58.5938	78.9775	58.5938	79.0445	58.5938	79.0157
60.0586	79.0899	60.0586	79.0828	60.0586	79.1113	60.0586	79.0894	60.0586	79.1473	60.0586	79.1085	60.0586	79.1976	60.0586	79.1389	60.0586	79.2608	60.0586	79.1792	60.0586	79.3349	60.0586	79.2282	60.0586	79.4173	60.0586	79.2844	60.0586	79.5045	60.0586	79.3464	60.0586	79.5929	60.0586	79.4124	60.0586	79.6786	60.0586	79.4804	60.0586	79.7578	60.0586	79.5483	60.0586	79.8272	60.0586	79.6139	60.0586	79.8838	60.0586	79.6753	60.0586	79.9256	60.0586	79.7314	60.0586	79.9511	60.0586	79.7819	60.0586	79.9601	60.0586	79.8273	60.0586	79.9535	60.0586	79.8682	60.0586	79.9338	60.0586	79.9043
62.2559	79.8442	62.2559	79.838	62.2559	79.8675	62.2559	79.8487	62.2559	79.9078	62.2559	79.8749	62.2559	79.9637	62.2559	79.9149	62.2559	80.0333	62.2559	79.9666	62.2559	80.1138	62.2559	80.0273	62.2559	80.2017	62.2559	80.0942	62.2559	80.2931	62.2559	80.1647	62.2559	80.3838	62.2559	80.2362	62.2559	80.4698	62.2559	80.3062	62.2559	80.5472	62.2559	80.373	62.2559	80.6129	62.2559	80.435	62.2559	80.6649	62.2559	80.4916	62.2559	80.702	62.2559	80.5423	62.2559	80.7241	62.2559	80.5872	62.2559	80.7321	62.2559	80.6267	62.2559	80.7276	62.2559	80.661	62.2559	80.7128	62.2559	80.69
64.4531	80.7177	64.4531	80.7129	64.4531	80.7376	64.4531	80.7227	64.4531	80.7723	64.4531	80.7461	64.4531	80.8208	64.4531	80.7814	64.4531	80.8814	64.4531	80.8267	64.4531	80.9518	64.4531	80.8795	64.4531	81.0288	64.4531	80.9373	64.4531	81.109	64.4531	80.9974	64.4531	81.1887	64.4531	81.0575	64.4531	81.264	64.4531	81.1153	64.4531	81.3314	64.4531	81.1695	64.4531	81.3882	64.4531	81.2191	64.4531	81.4322	64.4531	81.264	64.4531	81.4623	64.4531	81.3045	64.4531	81.4785	64.4531	81.3411	64.4531	81.4818	64.4531	81.3746	64.4531	81.4737	64.4531	81.4054	64.4531	81.4567	64.4531	81.4332
66.6504	81.763	66.6504	81.7555	66.6504	81.7827	66.6504	81.7601	66.6504	81.8142	66.6504	81.7763	66.6504	81.8564	66.6504	81.8029	66.6504	81.9077	66.6504	81.8384	66.6504	81.9658	66.6504	81.8808	66.6504	82.028	66.6504	81.928	66.6504	82.0911	66.6504	81.9776	66.6504	82.152	66.6504	82.0274	66.6504	82.2076	66.6504	82.0753	66.6504	82.255	66.6504	82.1196	66.6504	82.2924	66.6504	82.1592	66.6504	82.3188	66.6504	82.1935	66.6504	82.3342	66.6504	82.2226	66.6504	82.3396	66.6504	82.2471	66.6504	82.337	66.6504	82.2679	66.6504	82.3287	66.6504	82.2861	66.6504	82.3166	66.6504	82.3022
69.5801	83.0287	69.5801	83.0262	69.5801	83.0422	69.5801	83.0341	69.5801	83.0665	69.5801	83.0515	69.5801	83.1011	69.5801	83.0767	69.5801	83.1446	69.5801	83.108	69.5801	83.1951	69.5801	83.1434	69.5801	83.2498	69.5801	83.1805	69.5801	83.3058	69.5801	83.2174	69.5801	83.3596	69.5801	83.2522	69.5801	83.4078	69.5801	83.2834	69.5801	83.4476	69.5801	83.3102	69.5801	83.4768	69.5801	83.3324	69.5801	83.4943	69.5801	83.3506	69.5801	83.5	69.5801	83.3657	69.5801	83.4953	69.5801	83.3791	69.5801	83.4824	69.5801	83.3925	69.5801	83.4643	69.5801	83.4074	69.5801	83.4442	69.5801	83.4247
71.7773	83.8987	71.7773	83.8949	71.7773	83.9128	71.7773	83.9015	71.7773	83.9368	71.7773	83.9179	71.7773	83.9694	71.7773	83.9429	71.7773	84.0091	71.7773	83.9749	71.7773	84.0538	71.7773	84.0115	71.7773	84.1008	71.7773	84.05	71.7773	84.1474	71.7773	84.0874	71.7773	84.1904	71.7773	84.1209	71.7773	84.227	71.7773	84.1482	71.7773	84.2546	71.7773	84.1675	71.7773	84.2716	71.7773	84.1784	71.7773	84.2772	71.7773	84.1815	71.7773	84.272	71.7773	84.1791	71.7773	84.2578	71.7773	84.1741	71.7773	84.2377	71.7773	84.1705	71.7773	84.2154	71.7773	84.1717	71.7773	84.195	71.7773	84.1798
73.9746	84.776	73.9746	84.7691	73.9746	84.7907	73.9746	84.77	73.9746	84.8128	73.9746	84.7784	73.9746	84.8415	73.9746	84.7932	73.9746	84.8752	73.9746	84.8132	73.9746	84.9121	73.9746	84.8364	73.9746	84.9499	73.9746	84.8608	73.9746	84.986	73.9746	84.884	73.9746	85.0176	73.9746	84.904	73.9746	85.0421	73.9746	84.9188	73.9746	85.0573	73.9746	84.9274	73.9746	85.0618	73.9746	84.9296	73.9746	85.0556	73.9746	84.9264	73.9746	85.0395	73.9746	84.9198	73.9746	85.016	73.9746	84.9126	73.9746	84.9885	73.9746	84.9084	73.9746	84.9608	73.9746	84.9099	73.9746	84.9367	73.9746	84.9193
76.9043	85.707	76.9043	85.7012	76.9043	85.7185	76.9043	85.701	76.9043	85.7356	76.9043	85.7055	76.9043	85.7576	76.9043	85.7137	76.9043	85.7831	76.9043	85.7239	76.9043	85.8102	76.9043	85.7344	76.9043	85.8367	76.9043	85.7431	76.9043	85.8599	76.9043	85.7479	76.9043	85.877	76.9043	85.7472	76.9043	85.8855	76.9043	85.74	76.9043	85.8836	76.9043	85.7261	76.9043	85.8703	76.9043	85.7065	76.9043	85.8459	76.9043	85.6833	76.9043	85.812	76.9043	85.6597	76.9043	85.7718	76.9043	85.6394	76.9043	85.7293	76.9043	85.6263	76.9043	85.6892	76.9043	85.6238	76.9043	85.6562	76.9043	85.6338
79.834	86.4677	79.834	86.4723	79.834	86.4663	79.834	86.4797	79.834	86.4681	79.834	86.4892	79.834	86.4727	79.834	86.4995	79.834	86.4791	79.834	86.5093	79.834	86.4862	79.834	86.5166	79.834	86.492	79.834	86.5193	79.834	86.4944	79.834	86.5154	79.834	86.4913	79.834	86.5033	79.834	86.4806	79.834	86.4816	79.834	86.4609	79.834	86.4504	79.834	86.4318	79.834	86.4106	79.834	86.3943	79.834	86.3646	79.834	86.3508	79.834	86.3163	79.834	86.3051	79.834	86.2704	79.834	86.2621	79.834	86.2323	79.834	86.2268	79.834	86.2067	79.834	86.204	79.834	86.1969
82.7637	86.8854	82.7637	86.8778	82.7637	86.8939	82.7637	86.8717	82.7637	86.9025	82.7637	86.8672	82.7637	86.91	82.7637	86.8638	82.7637	86.9151	82.7637	86.8607	82.7637	86.9161	82.7637	86.856	82.7637	86.911	82.7637	86.8478	82.7637	86.898	82.7637	86.8334	82.7637	86.8751	82.7637	86.8106	82.7637	86.8407	82.7637	86.7775	82.7637	86.7942	82.7637	86.733	82.7637	86.7362	82.7637	86.6779	82.7637	86.6689	82.7637	86.6144	82.7637	86.5965	82.7637	86.5472	82.7637	86.5247	82.7637	86.4824	82.7637	86.4602	82.7637	86.4273	82.7637	86.4097	82.7637	86.3887	82.7637	86.3791	82.7637	86.3718
85.6934	86.9189	85.6934	86.8831	85.6934	86.9585	85.6934	86.8521	85.6934	87.0005	85.6934	86.8265	85.6934	87.0432	85.6934	86.8062	85.6934	87.0843	85.6934	86.7906	85.6934	87.1212	85.6934	86.7786	85.6934	87.1513	85.6934	86.7686	85.6934	87.1717	85.6934	86.7588	85.6934	87.1795	85.6934	86.7477	85.6934	87.1725	85.6934	86.7339	85.6934	87.1493	85.6934	86.7171	85.6934	87.1096	85.6934	86.6976	85.6934	87.0549	85.6934	86.6771	85.6934	86.9886	85.6934	86.6582	85.6934	86.9154	85.6934	86.6447	85.6934	86.8417	85.6934	86.6406	85.6934	86.7736	85.6934	86.6498	85.6934	86.7168	85.6934	86.675
88.623	86.9446	88.623	86.911	88.623	86.9735	88.623	86.8726	88.623	86.9977	88.623	86.8299	88.623	87.0172	88.623	86.7833	88.623	87.0319	88.623	86.7334	88.623	87.0412	88.623	86.6809	88.623	87.0441	88.623	86.6261	88.623	87.0388	88.623	86.5695	88.623	87.0235	88.623	86.5115	88.623	86.9962	88.623	86.4531	88.623	86.9554	88.623	86.3959	88.623	86.9004	88.623	86.3427	88.623	86.8316	88.623	86.2971	88.623	86.7508	88.623	86.2636	88.623	86.6614	88.623	86.2465	88.623	86.5681	88.623	86.2499	88.623	86.4766	88.623	86.276	88.623	86.3934	88.623	86.3248
91.5527	87.0052	91.5527	86.9928	91.5527	87.0064	91.5527	86.9688	91.5527	86.997	91.5527	86.9332	91.5527	86.9779	91.5527	86.8859	91.5527	86.9497	91.5527	86.8273	91.5527	86.913	91.5527	86.7578	91.5527	86.8681	91.5527	86.6778	91.5527	86.8145	91.5527	86.5882	91.5527	86.7517	91.5527	86.4902	91.5527	86.6788	91.5527	86.3857	91.5527	86.5954	91.5527	86.2779	91.5527	86.502	91.5527	86.1711	91.5527	86.4004	91.5527	86.0708	91.5527	86.2939	91.5527	85.9837	91.5527	86.1872	91.5527	85.9164	91.5527	86.0861	91.5527	85.8745	91.5527	85.997	91.5527	85.862	91.5527	85.9263	91.5527	85.8799
94.4824	86.5979	94.4824	86.57	94.4824	86.6153	94.4824	86.5327	94.4824	86.6212	94.4824	86.4866	94.4824	86.6148	94.4824	86.4324	94.4824	86.595	94.4824	86.3705	94.4824	86.5613	94.4824	86.3007	94.4824	86.513	94.4824	86.2232	94.4824	86.4496	94.4824	86.1377	94.4824	86.3711	94.4824	86.0445	94.4824	86.2777	94.4824	85.9442	94.4824	86.1705	94.4824	85.8385	94.4824	86.0516	94.4824	85.7305	94.4824	85.9246	94.4824	85.6248	94.4824	85.7946	94.4824	85.5274	94.4824	85.6686	94.4824	85.4453	94.4824	85.5543	94.4824	85.3856	94.4824	85.4597	94.4824	85.3546	94.4824	85.3921	94.4824	85.3563
98.1445	85.8038	98.1445	85.7713	98.1445	85.8281	98.1445	85.7308	98.1445	85.8437	98.1445	85.6824	98.1445	85.8499	98.1445	85.6261	98.1445	85.8457	98.1445	85.5614	98.1445	85.8297	98.1445	85.4878	98.1445	85.8002	98.1445	85.4048	98.1445	85.7552	98.1445	85.3118	98.1445	85.6929	98.1445	85.209	98.1445	85.6118	98.1445	85.0977	98.1445	85.5115	98.1445	84.9807	98.1445	85.393	98.1445	84.8628	98.1445	85.2594	98.1445	84.7507	98.1445	85.1159	98.1445	84.6524	98.1445	84.9699	98.1445	84.5763	98.1445	84.8307	98.1445	84.5301	98.1445	84.7078	98.1445	84.5192	98.1445	84.6106	98.1445	84.5463
101.807	84.9748	101.807	84.9684	101.807	84.9758	101.807	84.9554	101.807	84.9723	101.807	84.9341	101.807	84.9646	101.807	84.9027	101.807	84.9522	101.807	84.8588	101.807	84.9341	101.807	84.8	101.807	84.908	101.807	84.7237	101.807	84.8713	101.807	84.628	101.807	84.8206	101.807	84.512	101.807	84.7528	101.807	84.3771	101.807	84.6653	101.807	84.2271	101.807	84.557	101.807	84.0697	101.807	84.4288	101.807	83.9156	101.807	84.2842	101.807	83.7779	101.807	84.1296	101.807	83.6707	101.807	83.9744	101.807	83.6058	101.807	83.8303	101.807	83.5908	101.807	83.7104	101.807	83.6273
105.469	84.2598	105.469	84.2665	105.469	84.2525	105.469	84.2727	105.469	84.245	105.469	84.2778	105.469	84.2373	105.469	84.2813	105.469	84.2292	105.469	84.2816	105.469	84.2199	105.469	84.2765	105.469	84.2079	105.469	84.2629	105.469	84.1909	105.469	84.2372	105.469	84.166	105.469	84.1961	105.469	84.1299	105.469	84.1374	105.469	84.08	105.469	84.0608	105.469	84.015	105.469	83.9688	105.469	83.9356	105.469	83.8668	105.469	83.8454	105.469	83.7629	105.469	83.7511	105.469	83.6668	105.469	83.6615	105.469	83.5887	105.469	83.5871	105.469	83.5378	105.469	83.5376	105.469	83.5201
109.131	83.8434	109.131	83.8493	109.131	83.8341	109.131	83.8519	109.131	83.8216	109.131	83.8517	109.131	83.8069	109.131	83.8493	109.131	83.7909	109.131	83.8449	109.131	83.7745	109.131	83.8379	109.131	83.758	109.131	83.8267	109.131	83.7407	109.131	83.8086	109.131	83.7211	109.131	83.7809	109.131	83.6968	109.131	83.7409	109.131	83.6652	109.131	83.6875	109.131	83.6243	109.131	83.6216	109.131	83.5731	109.131	83.5466	109.131	83.513	109.131	83.4684	109.131	83.448	109.131	83.3948	109.131	83.3843	109.131	83.3343	109.131	83.3301	109.131	83.2945	109.131	83.2933	109.131	83.2804
112.793	83.7246	112.793	83.7341	112.793	83.7049	112.793	83.7332	112.793	83.6759	112.793	83.7227	112.793	83.6389	112.793	83.7036	112.793	83.596	112.793	83.6773	112.793	83.5487	112.793	83.6449	112.793	83.4986	112.793	83.6066	112.793	83.4463	112.793	83.5621	112.793	83.3919	112.793	83.5106	112.793	83.3348	112.793	83.451	112.793	83.2749	112.793	83.383	112.793	83.2124	112.793	83.3077	112.793	83.1486	112.793	83.2277	112.793	83.0862	112.793	83.1474	112.793	83.0288	112.793	83.0724	112.793	82.9808	112.793	83.0087	112.793	82.9467	112.793	82.9617	112.793	82.9306	112.793	82.9352
116.455	83.3564	116.455	83.3541	116.455	83.3488	116.455	83.3424	116.455	83.332	116.455	83.3224	116.455	83.3074	116.455	83.2957	116.455	83.277	116.455	83.2633	116.455	83.2425	116.455	83.2259	116.455	83.2049	116.455	83.1828	116.455	83.1639	116.455	83.1321	116.455	83.1176	116.455	83.0714	116.455	83.0633	116.455	82.9983	116.455	82.9982	116.455	82.9117	116.455	82.9206	116.455	82.8131	116.455	82.8307	116.455	82.7068	116.455	82.7318	116.455	82.6005	116.455	82.63	116.455	82.5043	116.455	82.5339	116.455	82.4288	116.455	82.4529	116.455	82.3829	116.455	82.3965	116.455	82.3719
120.85	83.0861	120.85	83.0813	120.85	83.0787	120.85	83.0645	120.85	83.0598	120.85	83.0367	120.85	83.0311	120.85	82.9997	120.85	82.995	120.85	82.9554	120.85	82.9539	120.85	82.9055	120.85	82.91	120.85	82.8512	120.85	82.8647	120.85	82.7926	120.85	82.8181	120.85	82.7293	120.85	82.7692	120.85	82.6603	120.85	82.7156	120.85	82.5847	120.85	82.6549	120.85	82.5029	120.85	82.5854	120.85	82.4173	120.85	82.5068	120.85	82.3329	120.85	82.4219	120.85	82.2574	120.85	82.3365	120.85	82.1996	120.85	82.2592	120.85	82.1681	120.85	82.2002	120.85	82.1681
125.244	82.9052	125.244	82.9158	125.244	82.883	125.244	82.9159	125.244	82.8491	125.244	82.907	125.244	82.8042	125.244	82.8905	125.244	82.7502	125.244	82.8673	125.244	82.6896	125.244	82.8371	125.244	82.6257	125.244	82.7985	125.244	82.5623	125.244	82.7495	125.244	82.5026	125.244	82.6884	125.244	82.4493	125.244	82.6146	125.244	82.4031	125.244	82.5302	125.244	82.3632	125.244	82.4398	125.244	82.3272	125.244	82.3503	125.244	82.292	125.244	82.2694	125.244	82.2557	125.244	82.2042	125.244	82.2184	125.244	82.1596	125.244	82.1828	125.244	82.1376	125.244	82.1537	125.244	82.1368
129.639	82.9207	129.639	82.9174	129.639	82.9049	129.639	82.8959	129.639	82.8711	129.639	82.8584	129.639	82.822	129.639	82.8087	129.639	82.7612	129.639	82.751	129.639	82.693	129.639	82.6895	129.639	82.6217	129.639	82.6271	129.639	82.5517	129.639	82.5652	129.639	82.4867	129.639	82.5043	129.639	82.43	129.639	82.4448	129.639	82.3842	129.639	82.3878	129.639	82.3504	129.639	82.3363	129.639	82.3279	129.639	82.2938	129.639	82.3142	129.639	82.2636	129.639	82.3054	129.639	82.247	129.639	82.2975	129.639	82.2432	129.639	82.2877	129.639	82.2493	129.639	82.2752	129.639	82.2613
134.033	82.4211	134.033	82.4265	134.033	82.4021	134.033	82.4206	134.033	82.3688	134.033	82.4067	134.033	82.3225	134.033	82.3883	134.033	82.2666	134.033	82.3681	134.033	82.2055	134.033	82.3473	134.033	82.144	134.033	82.3253	134.033	82.0859	134.033	82.2994	134.033	82.0335	134.033	82.2658	134.033	81.9872	134.033	82.22	134.033	81.946	134.033	82.1592	134.033	81.9083	134.033	82.0835	134.033	81.8728	134.033	81.9973	134.033	81.8387	134.033	81.909	134.033	81.8058	134.033	81.8296	134.033	81.7749	134.033	81.769	134.033	81.7477	134.033	81.7327	134.033	81.7278	134.033	81.7206
138.428	82.1474	138.428	82.1255	138.428	82.1442	138.428	82.0814	138.428	82.1154	138.428	82.0206	138.428	82.0638	138.428	81.9504	138.428	81.9942	138.428	81.8782	138.428	81.9139	138.428	81.8105	138.428	81.8312	138.428	81.7513	138.428	81.7547	138.428	81.7016	138.428	81.6923	138.428	81.6604	138.428	81.649	138.428	81.6257	138.428	81.6266	138.428	81.5967	138.428	81.6228	138.428	81.5744	138.428	81.6323	138.428	81.5616	138.428	81.6482	138.428	81.5608	138.428	81.6638	138.428	81.5727	138.428	81.6737	138.428	81.5946	138.428	81.6746	138.428	81.6213	138.428	81.6653	138.428	81.6466
143.555	82.63	143.555	82.6698	143.555	82.5477	143.555	82.6653	143.555	82.4267	143.555	82.6175	143.555	82.2715	143.555	82.5304	143.555	82.0867	143.555	82.4107	143.555	81.8767	143.555	82.267	143.555	81.6456	143.555	82.1073	143.555	81.3981	143.555	81.9372	143.555	81.1405	143.555	81.7581	143.555	80.8814	143.555	81.5678	143.555	80.6331	143.555	81.3629	143.555	80.4099	143.555	81.1423	143.555	80.2262	143.555	80.911	143.555	80.0926	143.555	80.6819	143.555	80.012	143.555	80.4726	143.555	79.9793	143.555	80.2989	143.555	79.9843	143.555	80.1683	143.555	80.0177	143.555	80.0773
148.682	82.4991	148.682	82.554	148.682	82.4103	148.682	82.5713	148.682	82.2923	148.682	82.5499	148.682	82.1498	148.682	82.4912	148.682	81.9873	148.682	82.4007	148.682	81.8078	148.682	82.2866	148.682	81.6125	148.682	82.1589	148.682	81.4009	148.682	82.026	148.682	81.1716	148.682	81.8914	148.682	80.9238	148.682	81.7513	148.682	80.6591	148.682	81.5951	148.682	80.3842	148.682	81.4092	148.682	80.1121	148.682	81.1825	148.682	79.8627	148.682	80.9123	148.682	79.6614	148.682	80.608	148.682	79.5342	148.682	80.291	148.682	79.5016	148.682	79.9916	148.682	79.5729	148.682	79.7426
153.809	81.7971	153.809	81.8548	153.809	81.7253	153.809	81.9007	153.809	81.6366	153.809	81.9346	153.809	81.529	153.809	81.9537	153.809	81.403	153.809	81.9528	153.809	81.2621	153.809	81.9264	153.809	81.1119	153.809	81.8705	153.809	80.9585	153.809	81.7844	153.809	80.8058	153.809	81.6703	153.809	80.6544	153.809	81.5322	153.809	80.5012	153.809	81.3724	153.809	80.342	153.809	81.19	153.809	80.1751	153.809	80.9811	153.809	80.005	153.809	80.7431	153.809	79.8454	153.809	80.4805	153.809	79.7183	153.809	80.2105	153.809	79.6503	153.809	79.9627	153.809	79.6646	153.809	79.7717
159.668	80.6382	159.668	80.5583	159.668	80.7154	159.668	80.4865	159.668	80.7802	159.668	80.4337	159.668	80.8241	159.668	80.4089	159.668	80.8407	159.668	80.4166	159.668	80.8263	159.668	80.4554	159.668	80.7813	159.668	80.5171	159.668	80.7113	159.668	80.5885	159.668	80.6274	159.668	80.6559	159.668	80.5449	159.668	80.7079	159.668	80.4792	159.668	80.7387	159.668	80.4412	159.668	80.7482	159.668	80.433	159.668	80.7401	159.668	80.4488	159.668	80.7197	159.668	80.4785	159.668	80.6925	159.668	80.5125	159.668	80.6626	159.668	80.5453	159.668	80.6327	159.668	80.5754	159.668	80.6039
164.795	81.0182	164.795	80.93	164.795	81.0722	164.795	80.8113	164.795	81.0914	164.795	80.6696	164.795	81.0774	164.795	80.5158	164.795	81.0325	164.795	80.3634	164.795	80.9589	164.795	80.2259	164.795	80.8578	164.795	80.1137	164.795	80.7296	164.795	80.0314	164.795	80.5761	164.795	79.9768	164.795	80.4023	164.795	79.9432	164.795	80.2194	164.795	79.9228	164.795	80.0447	164.795	79.9109	164.795	79.8989	164.795	79.9063	164.795	79.8002	164.795	79.9094	164.795	79.7568	164.795	79.918	164.795	79.7633	164.795	79.9249	164.795	79.8028	164.795	79.9202	164.795	79.8535	164.795	79.8963
170.654	81.0878	170.654	81.0324	170.654	81.114	170.654	80.949	170.654	81.1108	170.654	80.8409	170.654	81.0788	170.654	80.7131	170.654	81.018	170.654	80.5731	170.654	80.9277	170.654	80.4295	170.654	80.8059	170.654	80.291	170.654	80.6504	170.654	80.164	170.654	80.4596	170.654	80.0513	170.654	80.2348	170.654	79.9509	170.654	79.9827	170.654	79.8579	170.654	79.7177	170.654	79.7663	170.654	79.4628	170.654	79.6723	170.654	79.2461	170.654	79.5744	170.654	79.0937	170.654	79.4732	170.654	79.0195	170.654	79.3698	170.654	79.0197	170.654	79.2654	170.654	79.0757	170.654	79.1639
176.514	80.8335	176.514	80.7425	176.514	80.8867	176.514	80.6191	176.514	80.9004	176.514	80.4716	176.514	80.876	176.514	80.31	176.514	80.8167	176.514	80.1455	176.514	80.7264	176.514	79.9891	176.514	80.6081	176.514	79.8502	176.514	80.4628	176.514	79.7346	176.514	80.2897	176.514	79.6422	176.514	80.088	176.514	79.5661	176.514	79.8584	176.514	79.4944	176.514	79.6064	176.514	79.4151	176.514	79.3448	176.514	79.3211	176.514	79.095	176.514	79.2122	176.514	78.8844	176.514	79.0936	176.514	78.7391	176.514	78.9723	176.514	78.6739	176.514	78.8553	176.514	78.6851	176.514	78.7535
183.105	80.5111	183.105	80.3989	183.105	80.5821	183.105	80.2465	183.105	80.6164	183.105	80.06	183.105	80.6223	183.105	79.8495	183.105	80.6096	183.105	79.6267	183.105	80.5872	183.105	79.4019	183.105	80.56	183.105	79.1825	183.105	80.5271	183.105	78.9722	183.105	80.4817	183.105	78.7737	183.105	80.4127	183.105	78.59	183.105	80.3079	183.105	78.4255	183.105	80.1577	183.105	78.2866	183.105	79.9578	183.105	78.1809	183.105	79.7124	183.105	78.1175	183.105	79.4343	183.105	78.1051	183.105	79.1437	183.105	78.1494	183.105	78.8635	183.105	78.2509	183.105	78.6136	183.105	78.4071
189.697	80.7387	189.697	80.7331	189.697	80.7184	189.697	80.7052	189.697	80.6693	189.697	80.6594	189.697	80.5908	189.697	80.6004	189.697	80.4847	189.697	80.5329	189.697	80.3564	189.697	80.4618	189.697	80.2139	189.697	80.3904	189.697	80.0664	189.697	80.3195	189.697	79.9206	189.697	80.2452	189.697	79.7791	189.697	80.159	189.697	79.6388	189.697	80.0487	189.697	79.4938	189.697	79.9022	189.697	79.3393	189.697	79.7126	189.697	79.1757	189.697	79.4844	189.697	79.0106	189.697	79.2366	189.697	78.8592	189.697	79.0012	189.697	78.7427	189.697	78.8149	189.697	78.6848	189.697	78.706
196.289	79.8007	196.289	79.6796	196.289	79.9063	196.289	79.5523	196.289	79.9922	196.289	79.4333	196.289	80.057	196.289	79.34	196.289	80.0995	196.289	79.2899	196.289	80.1161	196.289	79.2963	196.289	80.1004	196.289	79.3648	196.289	80.0447	196.289	79.4895	196.289	79.9422	196.289	79.6516	196.289	79.7892	196.289	79.8211	196.289	79.587	196.289	79.9615	196.289	79.3432	196.289	80.0376	196.289	79.0739	196.289	80.0227	196.289	78.8068	196.289	79.904	196.289	78.5808	196.289	79.687	196.289	78.4404	196.289	79.3959	196.289	78.4215	196.289	79.0719	196.289	78.5365	196.289	78.7674
202.881	79.4399	202.881	79.3971	202.881	79.47	202.881	79.3399	202.881	79.4925	202.881	79.27	202.881	79.5155	202.881	79.1904	202.881	79.5483	202.881	79.104	202.881	79.5978	202.881	79.0132	202.881	79.6649	202.881	78.9193	202.881	79.7431	202.881	78.8234	202.881	79.8178	202.881	78.7278	202.881	79.87	202.881	78.6372	202.881	79.8798	202.881	78.5592	202.881	79.8324	202.881	78.5021	202.881	79.7216	202.881	78.4716	202.881	79.5531	202.881	78.4678	202.881	79.3455	202.881	78.4853	202.881	79.1263	202.881	78.519	202.881	78.925	202.881	78.5698	202.881	78.7629	202.881	78.6468
210.205	78.2381	210.205	78.0884	210.205	78.3763	210.205	77.9402	210.205	78.5021	210.205	77.8183	210.205	78.6234	210.205	77.7523	210.205	78.7505	210.205	77.763	210.205	78.8916	210.205	77.8503	210.205	79.0491	210.205	77.9906	210.205	79.2182	210.205	78.1468	210.205	79.3875	210.205	78.2835	210.205	79.5402	210.205	78.3775	210.205	79.6565	210.205	78.4208	210.205	79.7174	210.205	78.4183	210.205	79.7088	210.205	78.3852	210.205	79.6258	210.205	78.3447	210.205	79.4747	210.205	78.3247	210.205	79.2719	210.205	78.3522	210.205	79.0408	210.205	78.4441	210.205	78.808	210.205	78.601
217.529	77.7732	217.529	77.8304	217.529	77.6766	217.529	77.836	217.529	77.5728	217.529	77.7988	217.529	77.5101	217.529	77.7475	217.529	77.5421	217.529	77.7266	217.529	77.7072	217.529	77.7842	217.529	78.0088	217.529	77.9527	217.529	78.4111	217.529	78.2338	217.529	78.8561	217.529	78.5978	217.529	79.2876	217.529	78.9995	217.529	79.6666	217.529	79.3949	217.529	79.9757	217.529	79.7517	217.529	80.2147	217.529	80.0519	217.529	80.3935	217.529	80.2892	217.529	80.5242	217.529	80.466	217.529	80.6169	217.529	80.5892	217.529	80.6772	217.529	80.6664	217.529	80.7066	217.529	80.704
225.586	76.573	225.586	76.5407	225.586	76.3833	225.586	76.3194	225.586	75.9578	225.586	75.9726	225.586	75.3076	225.586	75.6165	225.586	74.5044	225.586	75.4293	225.586	73.7622	225.586	75.6005	225.586	73.5003	225.586	76.2067	225.586	74.1007	225.586	77.1489	225.586	75.4407	225.586	78.2433	225.586	77.0558	225.586	79.3368	225.586	78.6031	225.586	80.3404	225.586	79.9395	225.586	81.2138	225.586	81.0305	225.586	81.9434	225.586	81.8859	225.586	82.5283	225.586	82.5314	225.586	82.9736	225.586	82.9966	225.586	83.2861	225.586	83.3079	225.586	83.4729	225.586	83.4849	225.586	83.5386
232.91	83.5931	232.91	83.4239	232.91	83.5541	232.91	83.0502	232.91	83.2996	232.91	82.4754	232.91	82.816	232.91	81.7108	232.91	82.0856	232.91	80.7942	232.91	81.0932	232.91	79.8269	232.91	79.8533	232.91	79.0256	232.91	78.4909	232.91	78.7088	232.91	77.4072	232.91	79.0837	232.91	77.2677	232.91	80.0199	232.91	78.2632	232.91	81.1963	232.91	79.8018	232.91	82.3592	232.91	81.3288	232.91	83.3792	232.91	82.6261	232.91	84.2057	232.91	83.6535	232.91	84.8256	232.91	84.4283	232.91	85.241	232.91	84.9787	232.91	85.4589	232.91	85.3274	232.91	85.4865
241.699	84.7117	241.699	84.5245	241.699	84.7522	241.699	84.1818	241.699	84.6469	241.699	83.6687	241.699	84.3899	241.699	82.9657	241.699	83.9696	241.699	82.0552	241.699	83.372	241.699	80.9386	241.699	82.5873	241.699	79.679	241.699	81.6239	241.699	78.4907	241.699	80.5404	241.699	77.804	241.699	79.5003	241.699	77.9986	241.699	78.8088	241.699	78.9243	241.699	78.7686	241.699	80.1045	241.699	79.3686	241.699	81.2053	241.699	80.2951	241.699	82.0942	241.699	81.2446	241.699	82.7404	241.699	82.0577	241.699	83.1496	241.699	82.6786	241.699	83.337	241.699	83.0975	241.699	83.317
249.756	83.8435	249.756	83.7826	249.756	83.7783	249.756	83.5896	249.756	83.589	249.756	83.2537	249.756	83.2732	249.756	82.7595	249.756	82.8252	249.756	82.0864	249.756	82.2398	249.756	81.2118	249.756	81.5202	249.756	80.1209	249.756	80.6951	249.756	78.8404	249.756	79.8464	249.756	77.5189	249.756	79.1371	249.756	76.5477	249.756	78.7848	249.756	76.4414	249.756	78.9216	249.756	77.2455	249.756	79.4631	249.756	78.4621	249.756	80.1856	249.756	79.6534	249.756	80.8916	249.756	80.6336	249.756	81.4684	249.756	81.3568	249.756	81.867	249.756	81.8265	249.756	82.0674	249.756	82.0581
258.545	83.8104	258.545	83.8064	258.545	83.7089	258.545	83.6973	258.545	83.4949	258.545	83.4758	258.545	83.1558	258.545	83.1264	258.545	82.6743	258.545	82.6256	258.545	82.0296	258.545	81.9433	258.545	81.2007	258.545	81.0504	258.545	80.1755	258.545	79.9367	258.545	78.9789	258.545	78.6565	258.545	77.7453	258.545	77.4257	258.545	76.8282	258.545	76.7004	258.545	76.7111	258.545	76.8918	258.545	77.4715	258.545	77.8308	258.545	78.647	258.545	79.0023	258.545	79.7896	258.545	80.059	258.545	80.6939	258.545	80.8678	258.545	81.3034	258.545	81.3971	258.545	81.6171	258.545	81.6463
268.066	83.4754	268.066	83.4656	268.066	83.404	268.066	83.3735	268.066	83.2474	268.066	83.1934	268.066	82.9974	268.066	82.9139	268.066	82.6406	268.066	82.5199	268.066	82.1589	268.066	81.9956	268.066	81.532	268.066	81.3318	268.066	80.7427	268.066	80.5357	268.066	79.7889	268.066	79.6435	268.066	78.7037	268.066	78.7342	268.066	77.592	268.066	77.9371	268.066	76.6708	268.066	77.411	268.066	76.2274	268.066	77.2709	268.066	76.3979	268.066	77.4986	268.066	77.0031	268.066	77.942	268.066	77.7285	268.066	78.4094	268.066	78.3445	268.066	78.7499	268.066	78.7391	268.066	78.8732
277.588	83.271	277.588	83.2247	277.588	83.2302	277.588	83.0882	277.588	83.0982	277.588	82.8502	277.588	82.8662	277.588	82.4928	277.588	82.5251	277.588	81.9972	277.588	82.0685	277.588	81.3519	277.588	81.4939	277.588	80.5668	277.588	80.8035	277.588	79.6934	277.588	80.0069	277.588	78.8468	277.588	79.1342	277.588	78.2032	277.588	78.2616	277.588	77.9195	277.588	77.5396	277.588	78.0065	277.588	77.1673	277.588	78.3194	277.588	77.2565	277.588	78.686	277.588	77.707	277.588	79.0016	277.588	78.2885	277.588	79.2267	277.588	78.8056	277.588	79.3449	277.588	79.1607	277.588	79.3335
287.109	83.3915	287.109	83.3019	287.109	83.41	287.109	83.1387	287.109	83.3513	287.109	82.8887	287.109	83.2036	287.109	82.5276	287.109	82.9519	287.109	82.0246	287.109	82.5816	287.109	81.353	287.109	82.0832	287.109	80.5063	287.109	81.4584	287.109	79.5217	287.109	80.7288	287.109	78.5085	287.109	79.9454	287.109	77.668	287.109	79.1963	287.109	77.2386	287.109	78.5994	287.109	77.3253	287.109	78.2634	287.109	77.7919	287.109	78.228	287.109	78.3915	287.109	78.4372	287.109	78.935	287.109	78.7769	287.109	79.3275	287.109	79.1312	287.109	79.5359	287.109	79.4114	287.109	79.5582
297.363	83.4729	297.363	83.472	297.363	83.4112	297.363	83.3903	297.363	83.2916	297.363	83.196	297.363	83.1065	297.363	82.8465	297.363	82.8408	297.363	82.2967	297.363	82.4794	297.363	81.515	297.363	82.0189	297.363	80.5047	297.363	81.4765	297.363	79.3307	297.363	80.8925	297.363	78.1417	297.363	80.3228	297.363	77.1627	297.363	79.824	297.363	76.619	297.363	79.4399	297.363	76.6016	297.363	79.1912	297.363	77.0001	297.363	79.0701	297.363	77.5991	297.363	79.0471	297.363	78.2114	297.363	79.0891	297.363	78.72	297.363	79.1666	297.363	79.0625	297.363	79.2344	297.363	79.2229
307.617	83.3539	307.617	83.4024	307.617	83.2014	307.617	83.3539	307.617	82.9294	307.617	83.2021	307.617	82.5166	307.617	82.9237	307.617	81.9354	307.617	82.4823	307.617	81.1515	307.617	81.8414	307.617	80.1321	307.617	80.9848	307.617	78.8752	307.617	79.935	307.617	77.4808	307.617	78.7626	307.617	76.2562	307.617	77.5997	307.617	75.6705	307.617	76.6813	307.617	75.9089	307.617	76.3242	307.617	76.6578	307.617	76.655	307.617	77.5412	307.617	77.4157	307.617	78.3632	307.617	78.2485	307.617	79.0339	307.617	78.9479	307.617	79.4986	307.617	79.4407	307.617	79.725	307.617	79.7038
318.604	83.7951	318.604	83.7011	318.604	83.8499	318.604	83.5715	318.604	83.8502	318.604	83.3929	318.604	83.7715	318.604	83.1296	318.604	83.5809	318.604	82.7269	318.604	83.2387	318.604	82.1252	318.604	82.7017	318.604	81.2827	318.604	81.9281	318.604	80.1989	318.604	80.8864	318.604	78.9386	318.604	79.5703	318.604	77.6606	318.604	78.0388	318.604	76.6374	318.604	76.5047	318.604	76.173	318.604	75.437	318.604	76.3532	318.604	75.3226	318.604	76.944	318.604	76.0402	318.604	77.6292	318.604	77.0178	318.604	78.1983	318.604	77.8511	318.604	78.5455	318.604	78.393	318.604	78.6197
329.59	83.4098	329.59	83.4386	329.59	83.2963	329.59	83.3731	329.59	83.1086	329.59	83.2032	329.59	82.8574	329.59	82.9152	329.59	82.5495	329.59	82.4891	329.59	82.1827	329.59	81.9	329.59	81.7406	329.59	81.1231	329.59	81.1949	329.59	80.1438	329.59	80.5197	329.59	78.9765	329.59	79.721	329.59	77.7128	329.59	78.8734	329.59	76.6012	329.59	78.1384	329.59	76.0287	329.59	77.7146	329.59	76.1835	329.59	77.7001	329.59	76.8084	329.59	77.9978	329.59	77.5292	329.59	78.396	329.59	78.1379	329.59	78.7137	329.59	78.5687	329.59	78.8596	329.59	78.8104
341.309	83.731	341.309	83.7613	341.309	83.642	341.309	83.7333	341.309	83.4815	341.309	83.6328	341.309	83.2302	341.309	83.4314	341.309	82.8669	341.309	83.0918	341.309	82.3698	341.309	82.5771	341.309	81.7153	341.309	81.8581	341.309	80.873	341.309	80.9185	341.309	79.8078	341.309	79.7616	341.309	78.5064	341.309	78.4446	341.309	77.0664	341.309	77.1772	341.309	75.8672	341.309	76.4192	341.309	75.5448	341.309	76.5782	341.309	76.2574	341.309	77.4407	341.309	77.4221	341.309	78.459	341.309	78.5098	341.309	79.2853	341.309	79.3171	341.309	79.7948	341.309	79.8029	341.309	79.9646
353.76	83.5542	353.76	83.3909	353.76	83.7205	353.76	83.2355	353.76	83.8607	353.76	83.0701	353.76	83.9288	353.76	82.8618	353.76	83.876	353.76	82.5728	353.76	83.6635	353.76	82.1665	353.76	83.2674	353.76	81.608	353.76	82.6719	353.76	80.8633	353.76	81.852	353.76	79.9123	353.76	80.7596	353.76	78.7998	353.76	79.3351	353.76	77.7412	353.76	77.5828	353.76	77.1758	353.76	75.8027	353.76	77.4302	353.76	74.895	353.76	78.2636	353.76	75.5295	353.76	79.1735	353.76	76.962	353.76	79.8324	353.76	78.3354	353.76	80.1031	353.76	79.3503	353.76	79.9437
366.211	82.5562	366.211	82.4642	366.211	82.6173	366.211	82.3382	366.211	82.6425	366.211	82.1652	366.211	82.616	366.211	81.9205	366.211	82.5087	366.211	81.5729	366.211	82.2833	366.211	81.0926	366.211	81.9106	366.211	80.4587	366.211	81.3864	366.211	79.6665	366.211	80.7342	366.211	78.7463	366.211	79.9867	366.211	77.7966	366.211	79.1716	366.211	77.0165	366.211	78.3571	366.211	76.6838	366.211	77.755	366.211	77.0009	366.211	77.7006	366.211	77.8791	366.211	78.3072	366.211	78.978	366.211	79.2633	366.211	79.9638	366.211	80.1586	366.211	80.6374	366.211	80.7411	366.211	80.9072
378.662	83.8724	378.662	83.8677	378.662	83.7931	378.662	83.7653	378.662	83.6571	378.662	83.5603	378.662	83.4941	378.662	83.2452	378.662	83.3157	378.662	82.7959	378.662	83.0917	378.662	82.1644	378.662	82.7448	378.662	81.2746	378.662	82.1667	378.662	80.0169	378.662	81.2404	378.662	78.2381	378.662	79.8507	378.662	75.7381	378.662	77.88	378.662	72.4318	378.662	75.2465	378.662	69.8185	378.662	72.3429	378.662	71.3532	378.662	71.4119	378.662	74.2755	378.662	73.4196	378.662	76.4528	378.662	75.7362	378.662	77.8365	378.662	77.3898	378.662	78.5748	378.662	78.3666	378.662	78.7476
392.578	83.9482	392.578	83.9162	392.578	83.9167	392.578	83.8025	392.578	83.8365	392.578	83.5964	392.578	83.7125	392.578	83.3002	392.578	83.5382	392.578	82.9221	392.578	83.2973	392.578	82.4562	392.578	82.9649	392.578	81.8648	392.578	82.5057	392.578	81.0761	392.578	81.8733	392.578	79.995	392.578	81.0074	392.578	78.5226	392.578	79.8342	392.578	76.6097	392.578	78.2716	392.578	74.4444	392.578	76.2613	392.578	72.8521	392.578	73.9322	392.578	72.8286	392.578	72.1188	392.578	73.8241	392.578	72.1566	392.578	74.7872	392.578	73.4567	392.578	75.3056	392.578	74.6488	392.578	75.2755
405.762	83.6201	405.762	83.6187	405.762	83.5559	405.762	83.5666	405.762	83.4124	405.762	83.4714	405.762	83.1887	405.762	83.3284	405.762	82.9037	405.762	83.1167	405.762	82.5928	405.762	82.7952	405.762	82.2843	405.762	82.3019	405.762	81.9673	405.762	81.5597	405.762	81.5841	405.762	80.4832	405.762	81.0582	405.762	78.9707	405.762	80.3293	405.762	76.8966	405.762	79.3618	405.762	74.2184	405.762	78.1351	405.762	71.6982	405.762	76.6834	405.762	71.6091	405.762	75.2843	405.762	73.4151	405.762	74.6017	405.762	74.9767	405.762	74.9339	405.762	75.8174	405.762	75.6162	405.762	75.9948
420.41	83.4219	420.41	83.4997	420.41	83.2886	420.41	83.5044	420.41	83.1155	420.41	83.4277	420.41	82.9019	420.41	83.2722	420.41	82.6244	420.41	83.0423	420.41	82.2465	420.41	82.7273	420.41	81.7406	420.41	82.2894	420.41	81.1	420.41	81.6673	420.41	80.3247	420.41	80.7913	420.41	79.3928	420.41	79.5963	420.41	78.2574	420.41	78.0303	420.41	76.916	420.41	76.1026	420.41	75.5575	420.41	74.0904	420.41	74.6279	420.41	72.8731	420.41	74.4217	420.41	73.1475	420.41	74.6748	420.41	74.1237	420.41	74.9999	420.41	74.897	420.41	75.2201	420.41	75.2328
435.059	82.4307	435.059	82.303	435.059	82.6061	435.059	82.2377	435.059	82.791	435.059	82.2307	435.059	82.9287	435.059	82.2577	435.059	82.9624	435.059	82.268	435.059	82.853	435.059	82.1856	435.059	82.5803	435.059	81.9278	435.059	82.1244	435.059	81.4322	435.059	81.446	435.059	80.677	435.059	80.4847	435.059	79.6798	435.059	79.177	435.059	78.4821	435.059	77.4848	435.059	77.1796	435.059	75.4611	435.059	76.059	435.059	73.5243	435.059	75.5828	435.059	72.8141	435.059	75.8361	435.059	73.7711	435.059	76.3548	435.059	75.1776	435.059	76.7096	435.059	76.2038	435.059	76.6955
450.439	82.3707	450.439	82.3574	450.439	82.3576	450.439	82.337	450.439	82.3038	450.439	82.3116	450.439	82.2152	450.439	82.2594	450.439	82.1099	450.439	82.1496	450.439	81.9937	450.439	81.9606	450.439	81.841	450.439	81.6756	450.439	81.5886	450.439	81.2539	450.439	81.1434	450.439	80.6088	450.439	80.4081	450.439	79.6204	450.439	79.3274	450.439	78.184	450.439	77.9535	450.439	76.324	450.439	76.5352	450.439	74.5268	450.439	75.5547	450.439	73.9818	450.439	75.4132	450.439	74.9529	450.439	75.9392	450.439	76.2248	450.439	76.638	450.439	77.0638	450.439	77.1672	450.439	77.3509
466.553	82.6643	466.553	82.4163	466.553	82.8273	466.553	82.1602	466.553	82.893	466.553	81.9911	466.553	82.8974	466.553	81.9332	466.553	82.8773	466.553	81.9148	466.553	82.8274	466.553	81.8365	466.553	82.6905	466.553	81.6234	466.553	82.3826	466.553	81.2102	466.553	81.8169	466.553	80.5174	466.553	80.906	466.553	79.4752	466.553	79.5556	466.553	78.0673	466.553	77.668	466.553	76.3603	466.553	75.1787	466.553	74.6181	466.553	72.3672	466.553	73.5995	466.553	71.0488	466.553	74.0069	466.553	72.6319	466.553	75.1483	466.553	74.7003	466.553	76.0623	466.553	75.9712	466.553	76.3823
482.666	82.9165	482.666	82.8098	482.666	82.8036	482.666	82.4947	482.666	82.5118	482.666	82.0381	482.666	82.1306	482.666	81.5498	482.666	81.79	482.666	81.1232	482.666	81.6092	482.666	80.7609	482.666	81.5978	482.666	80.3823	482.666	81.6285	482.666	79.9041	482.666	81.5437	482.666	79.2662	482.666	81.2579	482.666	78.3823	482.666	80.7444	482.666	77.1573	482.666	79.9514	482.666	75.6985	482.666	78.772	482.666	74.6258	482.666	77.1624	482.666	74.6167	482.666	75.46	482.666	75.3275	482.666	74.6312	482.666	76.0844	482.666	75.1334	482.666	76.5654	482.666	76.0477	482.666	76.5869
500.244	82.3503	500.244	82.4588	500.244	82.1508	500.244	82.4107	500.244	81.9431	500.244	82.2	500.244	81.7514	500.244	81.8726	500.244	81.5002	500.244	81.4842	500.244	81.0778	500.244	81.0443	500.244	80.4738	500.244	80.4905	500.244	79.856	500.244	79.736	500.244	79.3987	500.244	78.7381	500.244	78.9805	500.244	77.4762	500.244	78.2539	500.244	75.8149	500.244	76.9549	500.244	73.4403	500.244	75.0945	500.244	70.3545	500.244	73.2245	500.244	69.2167	500.244	72.6278	500.244	71.7749	500.244	73.69	500.244	74.2965	500.244	75.1528	500.244	75.7885	500.244	76.1313	500.244	76.3662
517.822	82.7762	517.822	82.6139	517.822	82.9308	517.822	82.4915	517.822	82.9777	517.822	82.394	517.822	82.8468	517.822	82.2975	517.822	82.5718	517.822	82.2052	517.822	82.2661	517.822	82.1367	517.822	81.9948	517.822	82.0889	517.822	81.6851	517.822	81.9826	517.822	81.1879	517.822	81.6428	517.822	80.3791	517.822	80.854	517.822	79.1827	517.822	79.423	517.822	77.5182	517.822	77.1607	517.822	75.2346	517.822	73.8225	517.822	72.1891	517.822	69.7626	517.822	69.1674	517.822	69.2316	517.822	69.262	517.822	71.8163	517.822	71.4394	517.822	73.3931	517.822	73.0499	517.822	73.722
536.133	82.2722	536.133	82.0358	536.133	82.3276	536.133	81.6404	536.133	82.2255	536.133	81.1208	536.133	82.0196	536.133	80.519	536.133	81.7438	536.133	79.9501	536.133	81.3965	536.133	79.6032	536.133	80.9655	536.133	79.5405	536.133	80.4409	536.133	79.5788	536.133	79.8074	536.133	79.4891	536.133	79.0605	536.133	79.1442	536.133	78.241	536.133	78.4524	536.133	77.3977	536.133	77.2813	536.133	76.4871	536.133	75.5836	536.133	75.4643	536.133	73.8336	536.133	74.6174	536.133	73.2002	536.133	74.4792	536.133	73.8653	536.133	74.93	536.133	74.7681	536.133	75.328	536.133	75.3001
554.443	83.2537	554.443	83.2563	554.443	83.0778	554.443	83.0752	554.443	82.8263	554.443	82.772	554.443	82.6181	554.443	82.4109	554.443	82.4902	554.443	82.021	554.443	82.3672	554.443	81.631	554.443	82.1525	554.443	81.2579	554.443	81.8016	554.443	80.7902	554.443	81.2704	554.443	79.9926	554.443	80.4484	554.443	78.7115	554.443	79.2053	554.443	77.0403	554.443	77.4547	554.443	75.213	554.443	75.1321	554.443	73.3218	554.443	72.3969	554.443	71.6565	554.443	70.9501	554.443	71.5355	554.443	72.4218	554.443	73.1943	554.443	74.4002	554.443	74.8762	554.443	75.5439	554.443	75.7044
574.219	83.4849	574.219	83.3277	574.219	83.4365	574.219	83.0246	574.219	83.1914	574.219	82.7106	574.219	82.8181	574.219	82.5027	574.219	82.4538	574.219	82.371	574.219	82.2477	574.219	82.2017	574.219	82.2418	574.219	81.9629	574.219	82.3436	574.219	81.7034	574.219	82.3872	574.219	81.407	574.219	82.1594	574.219	80.9316	574.219	81.4276	574.219	80.0984	574.219	79.98	574.219	78.7882	574.219	77.5731	574.219	77.094	574.219	73.8668	574.219	75.7926	574.219	70.0968	574.219	76.0133	574.219	72.0774	574.219	77.0818	574.219	75.2576	574.219	77.7923	574.219	77.043	574.219	77.8013
594.727	84.0868	594.727	83.8075	594.727	84.1298	594.727	83.3304	594.727	83.8764	594.727	82.6787	594.727	83.3049	594.727	81.9434	594.727	82.495	594.727	81.3153	594.727	81.6883	594.727	80.9477	594.727	81.2556	594.727	80.8161	594.727	81.3398	594.727	80.7341	594.727	81.5915	594.727	80.427	594.727	81.5826	594.727	79.6448	594.727	81.1843	594.727	78.236	594.727	80.4809	594.727	76.1207	594.727	79.4252	594.727	73.3805	594.727	77.6313	594.727	71.1593	594.727	74.6354	594.727	71.536	594.727	71.1979	594.727	73.141	594.727	71.3732	594.727	74.2394	594.727	73.4233	594.727	74.4113
615.234	84.3983	615.234	84.3967	615.234	84.0904	615.234	84.0717	615.234	83.5658	615.234	83.4647	615.234	82.964	615.234	82.6366	615.234	82.3719	615.234	81.6738	615.234	81.7238	615.234	80.7366	615.234	80.8884	615.234	80.0643	615.234	79.9676	615.234	79.7335	615.234	79.3575	615.234	79.4136	615.234	79.1024	615.234	78.7223	615.234	78.6835	615.234	77.6639	615.234	77.75	615.234	76.3481	615.234	76.311	615.234	74.3559	615.234	74.3561	615.234	71.421	615.234	72.0337	615.234	70.5625	615.234	71.1828	615.234	72.9657	615.234	72.8565	615.234	74.7211	615.234	74.5451	615.234	75.2034
637.207	83.0728	637.207	82.8203	637.207	83.1882	637.207	82.5625	637.207	83.0175	637.207	82.3419	637.207	82.4742	637.207	82.0412	637.207	81.6346	637.207	81.4757	637.207	80.7582	637.207	80.6935	637.207	80.1015	637.207	80.136	637.207	79.7516	637.207	80.0982	637.207	79.7297	637.207	80.1721	637.207	79.9293	637.207	79.8441	637.207	79.9658	637.207	78.994	637.207	79.4951	637.207	77.8198	637.207	78.5366	637.207	76.5712	637.207	77.2708	637.207	75.3478	637.207	75.5509	637.207	74.4262	637.207	73.3693	637.207	74.3631	637.207	72.5274	637.207	74.8384	637.207	73.8245	637.207	74.8417
659.912	84.4055	659.912	84.1105	659.912	84.4305	659.912	83.5845	659.912	84.1548	659.912	82.8899	659.912	83.5629	659.912	82.0987	659.912	82.693	659.912	81.2212	659.912	81.7196	659.912	80.2481	659.912	80.9632	659.912	79.3695	659.912	80.5714	659.912	78.8533	659.912	80.2887	659.912	78.4864	659.912	79.8348	659.912	77.8457	659.912	79.1164	659.912	76.9284	659.912	78.0437	659.912	75.8141	659.912	76.5639	659.912	74.2068	659.912	75.124	659.912	72.6368	659.912	74.6799	659.912	73.2133	659.912	75.3	659.912	75.0074	659.912	76.2242	659.912	76.3112	659.912	76.8718	659.912	76.9226
683.35	83.8697	683.35	83.8028	683.35	83.821	683.35	83.5793	683.35	83.6165	683.35	83.0824	683.35	83.1985	683.35	82.2195	683.35	82.5358	683.35	80.9668	683.35	81.6637	683.35	79.3767	683.35	80.7775	683.35	77.9212	683.35	80.284	683.35	77.4957	683.35	80.4195	683.35	77.7555	683.35	80.77	683.35	77.7354	683.35	80.7877	683.35	77.5712	683.35	80.3009	683.35	77.6162	683.35	79.22	683.35	77.0739	683.35	77.2886	683.35	75.6397	683.35	74.875	683.35	75.407	683.35	73.7808	683.35	76.6087	683.35	74.3903	683.35	77.1115	683.35	75.5236	683.35	76.6079
706.787	83.1644	706.787	82.8466	706.787	83.2571	706.787	82.4036	706.787	83.0305	706.787	81.8924	706.787	82.4269	706.787	81.2181	706.787	81.517	706.787	80.1729	706.787	80.559	706.787	78.811	706.787	79.6888	706.787	77.8343	706.787	78.6114	706.787	77.751	706.787	77.3899	706.787	77.7684	706.787	77.1447	706.787	77.0346	706.787	77.9257	706.787	75.559	706.787	78.4522	706.787	74.2605	706.787	78.2169	706.787	73.4001	706.787	77.259	706.787	72.1301	706.787	76.075	706.787	71.8903	706.787	75.6581	706.787	73.8454	706.787	75.995	706.787	75.5877	706.787	76.3264	706.787	76.3198
731.689	82.9667	731.689	82.6295	731.689	83.0018	731.689	82.0273	731.689	82.8085	731.689	81.2736	731.689	82.3491	731.689	80.2947	731.689	81.406	731.689	78.9939	731.689	79.912	731.689	77.9879	731.689	78.3321	731.689	77.9237	731.689	77.2201	731.689	77.9085	731.689	76.3729	731.689	77.097	731.689	75.617	731.689	75.4685	731.689	75.1238	731.689	73.2503	731.689	74.4951	731.689	70.5549	731.689	73.4175	731.689	68.8161	731.689	72.4561	731.689	69.5208	731.689	72.5488	731.689	72.0363	731.689	74.0983	731.689	74.9851	731.689	75.7655	731.689	76.762	731.689	76.723	731.689	77.1397
758.057	85.3985	758.057	85.2811	758.057	85.1775	758.057	84.6746	758.057	84.6998	758.057	83.4853	758.057	83.9381	758.057	81.9179	758.057	82.8236	758.057	80.3674	758.057	81.5397	758.057	78.738	758.057	80.7529	758.057	77.627	758.057	80.7409	758.057	78.3833	758.057	80.7786	758.057	79.3116	758.057	80.3543	758.057	79.1014	758.057	79.4884	758.057	77.8836	758.057	77.8196	758.057	75.223	758.057	74.8285	758.057	68.2991	758.057	72.0929	758.057	64.0994	758.057	72.1727	758.057	72.3856	758.057	73.4476	758.057	74.9363	758.057	74.8046	758.057	75.8608	758.057	75.5481	758.057	75.8969
784.424	86.4186	784.424	86.8575	784.424	85.8629	784.424	87.1077	784.424	85.3201	784.424	86.9338	784.424	84.9868	784.424	85.978	784.424	84.7378	784.424	84.0619	784.424	84.0089	784.424	81.3913	784.424	82.6125	784.424	79.313	784.424	81.949	784.424	80.0262	784.424	82.8762	784.424	81.4218	784.424	83.4004	784.424	81.5626	784.424	82.7991	784.424	80.4622	784.424	81.0802	784.424	77.5812	784.424	77.1537	784.424	69.842	784.424	66.6913	784.424	71.4767	784.424	69.0936	784.424	77.5336	784.424	75.792	784.424	79.6682	784.424	78.4871	784.424	80.402	784.424	79.5584	784.424	80.1474
812.256	84.4726	812.256	84.2891	812.256	84.1389	812.256	83.6092	812.256	83.3649	812.256	82.3796	812.256	82.3027	812.256	80.7543	812.256	80.6512	812.256	79.5503	812.256	77.3682	812.256	79.2579	812.256	69.8203	812.256	78.575	812.256	62.722	812.256	76.4563	812.256	74.214	812.256	76.1682	812.256	78.2093	812.256	77.8058	812.256	79.7308	812.256	77.7473	812.256	79.2106	812.256	76.5044	812.256	76.7847	812.256	74.4013	812.256	72.0911	812.256	70.9258	812.256	68.4279	812.256	71.5432	812.256	74.3688	812.256	73.7909	812.256	77.1864	812.256	73.4764	812.256	76.9081	812.256	74.4879
840.82	82.3296	840.82	83.957	840.82	82.004	840.82	85.4045	840.82	83.2043	840.82	86.0692	840.82	84.4141	840.82	85.9675	840.82	84.8871	840.82	84.9269	840.82	84.8234	840.82	82.4725	840.82	84.3649	840.82	78.5234	840.82	83.0156	840.82	74.4204	840.82	79.8428	840.82	75.3555	840.82	73.1732	840.82	79.4019	840.82	72.3646	840.82	81.8407	840.82	78.899	840.82	82.3003	840.82	81.8043	840.82	81.0114	840.82	82.8632	840.82	78.5101	840.82	82.7098	840.82	74.3848	840.82	80.9123	840.82	74.2001	840.82	77.4636	840.82	76.9442	840.82	77.7935	840.82	78.4757
870.85	84.3252	870.85	84.5931	870.85	83.7668	870.85	84.3288	870.85	83.288	870.85	83.6048	870.85	83.0661	870.85	82.628	870.85	83.1612	870.85	82.0289	870.85	83.4415	870.85	82.5425	870.85	83.0501	870.85	83.0673	870.85	81.2111	870.85	82.1704	870.85	78.3798	870.85	80.4995	870.85	77.3949	870.85	80.1411	870.85	79.7326	870.85	79.9007	870.85	82.5701	870.85	79.7201	870.85	83.5293	870.85	79.2247	870.85	81.5189	870.85	75.2661	870.85	76.779	870.85	63.9091	870.85	73.0823	870.85	59.4103	870.85	67.1205	870.85	70.1033	870.85	70.6574	870.85	74.4011
901.611	83.5358	901.611	82.9213	901.611	84.3912	901.611	82.3945	901.611	84.9095	901.611	81.6661	901.611	84.4682	901.611	80.5275	901.611	83.0403	901.611	79.1402	901.611	81.0127	901.611	78.0597	901.611	79.4359	901.611	77.664	901.611	78.7785	901.611	77.9841	901.611	76.6771	901.611	78.6721	901.611	69.4776	901.611	78.8902	901.611	70.7288	901.611	77.8719	901.611	75.5612	901.611	75.1397	901.611	77.1283	901.611	70.7582	901.611	77.6304	901.611	65.0352	901.611	74.876	901.611	57.4662	901.611	59.9423	901.611	68.123	901.611	68.7749	901.611	73.0711	901.611	71.8092	901.611	72.9697
933.105	82.4007	933.105	82.8858	933.105	81.1025	933.105	82.9459	933.105	79.4928	933.105	83.474	933.105	78.7344	933.105	83.8405	933.105	80.1752	933.105	82.8754	933.105	81.3957	933.105	80.3925	933.105	80.5779	933.105	77.4815	933.105	77.6078	933.105	74.6482	933.105	74.6499	933.105	72.3219	933.105	73.3736	933.105	73.6776	933.105	69.9233	933.105	74.7769	933.105	66.1571	933.105	76.5031	933.105	71.8008	933.105	78.1822	933.105	76.374	933.105	76.5891	933.105	77.4922	933.105	71.3484	933.105	74.3036	933.105	64.9274	933.105	68.9322	933.105	60.7935	933.105	71.6971	933.105	68.3666
966.064	79.8718	966.064	80.314	966.064	79.5535	966.064	80.3811	966.064	79.4762	966.064	79.1994	966.064	79.1021	966.064	77.0191	966.064	77.2975	966.064	76.1663	966.064	74.941	966.064	77.0517	966.064	76.2873	966.064	77.8341	966.064	77.5493	966.064	78.4524	966.064	76.2408	966.064	78.419	966.064	74.3118	966.064	76.924	966.064	74.0021	966.064	75.2619	966.064	74.0851	966.064	73.1285	966.064	73.6145	966.064	71.1749	966.064	72.7315	966.064	72.7868	966.064	73.0548	966.064	73.6562	966.064	72.7229	966.064	71.5826	966.064	70.0068	966.064	66.2039	966.064	64.6928	966.064	58.7574
999.756	77.9243	999.756	78.1165	999.756	77.9233	999.756	78.7429	999.756	77.5305	999.756	78.9548	999.756	76.495	999.756	76.945	999.756	75.5377	999.756	72.1822	999.756	75.4169	999.756	69.1012	999.756	75.8326	999.756	70.047	999.756	75.4751	999.756	68.3856	999.756	73.3961	999.756	63.08	999.756	69.725	999.756	70.9829	999.756	69.5018	999.756	74.1791	999.756	73.9503	999.756	74.9197	999.756	75.7481	999.756	74.4251	999.756	75.0868	999.756	73.7311	999.756	74.0387	999.756	72.7478	999.756	72.8144	999.756	67.394	999.756	68.9969	999.756	60.8713	999.756	67.7594	999.756	68.0549
1034.91	78.1875	1034.91	75.721	1034.91	78.1656	1034.91	72.8886	1034.91	76.9014	1034.91	73.3552	1034.91	77.2956	1034.91	74.5896	1034.91	77.6698	1034.91	73.4232	1034.91	75.6018	1034.91	73.0914	1034.91	72.3107	1034.91	76.5869	1034.91	72.4909	1034.91	76.6692	1034.91	71.8004	1034.91	72.5254	1034.91	71.9473	1034.91	64.3147	1034.91	70.8139	1034.91	61.281	1034.91	65.3218	1034.91	70.0227	1034.91	69.7333	1034.91	72.1856	1034.91	69.5174	1034.91	73.2114	1034.91	62.3977	1034.91	71.5904	1034.91	71.4909	1034.91	65.3578	1034.91	69.9926	1034.91	62.6603	1034.91	69.2043	1034.91	66.2548
1071.53	70.7734	1071.53	71.9355	1071.53	74.062	1071.53	75.6391	1071.53	76.2811	1071.53	74.8721	1071.53	75.8949	1071.53	69.1777	1071.53	72.9833	1071.53	67.4365	1071.53	68.5767	1071.53	70.6219	1071.53	70.4447	1071.53	72.6101	1071.53	74.0913	1071.53	71.5711	1071.53	75.8374	1071.53	72.916	1071.53	75.6473	1071.53	75.804	1071.53	71.3481	1071.53	76.2479	1071.53	70.787	1071.53	74.6154	1071.53	71.4199	1071.53	72.4149	1071.53	69.5414	1071.53	69.784	1071.53	64.6621	1071.53	69.9476	1071.53	67.0737	1071.53	71.2923	1071.53	74.7045	1071.53	70.9297	1071.53	74.719	1071.53	72.3693
1109.62	75.8624	1109.62	76.1622	1109.62	76.1623	1109.62	76.313	1109.62	76.3129	1109.62	76.0366	1109.62	76.0366	1109.62	75.8517	1109.62	75.8517	1109.62	74.2121	1109.62	74.2118	1109.62	71.4335	1109.62	71.4333	1109.62	68.0366	1109.62	68.0364	1109.62	65.5214	1109.62	65.5217	1109.62	71.053	1109.62	71.0529	1109.62	69.5137	1109.62	69.5137	1109.62	67.809	1109.62	67.8089	1109.62	66.4326	1109.62	66.433	1109.62	48.6559	1109.62	48.6616	1109.62	45.5259	1109.62	45.5223	1109.62	54.663	1109.62	54.6651	1109.62	64.9911	1109.62	64.989	1109.62	71.072	1109.62	71.0718	1109.62	70.9924
1148.44	77.3189	1148.44	76.8912	1148.44	76.8911	1148.44	76.4064	1148.44	76.4064	1148.44	76.0244	1148.44	76.0244	1148.44	74.7162	1148.44	74.716	1148.44	73.4256	1148.44	73.4256	1148.44	73.8925	1148.44	73.8926	1148.44	74.1581	1148.44	74.158	1148.44	71.1543	1148.44	71.1542	1148.44	65.7575	1148.44	65.7577	1148.44	66.45	1148.44	66.45	1148.44	68.1116	1148.44	68.1115	1148.44	67.8313	1148.44	67.8313	1148.44	67.4805	1148.44	67.4806	1148.44	61.7887	1148.44	61.79	1148.44	61.1969	1148.44	61.1955	1148.44	64.1617	1148.44	64.1617	1148.44	64.3776	1148.44	64.3772	1148.44	66.3817
1189.45	76.8249	1189.45	77.2253	1189.45	77.2254	1189.45	77.1881	1189.45	77.188	1189.45	76.0809	1189.45	76.0808	1189.45	75.3096	1189.45	75.3096	1189.45	74.2109	1189.45	74.2108	1189.45	72.4259	1189.45	72.4258	1189.45	70.3762	1189.45	70.3761	1189.45	68.0943	1189.45	68.0943	1189.45	67.8578	1189.45	67.8578	1189.45	64.3817	1189.45	64.3818	1189.45	66.2624	1189.45	66.2623	1189.45	66.3248	1189.45	66.325	1189.45	66.1849	1189.45	66.1849	1189.45	61.2233	1189.45	61.2245	1189.45	61.4744	1189.45	61.473	1189.45	65.1856	1189.45	65.1854	1189.45	67.7502	1189.45	67.7495	1189.45	70.5917
1231.2	78.4762	1231.2	77.9671	1231.2	77.967	1231.2	77.4372	1231.2	77.4371	1231.2	76.624	1231.2	76.6239	1231.2	75.5183	1231.2	75.5182	1231.2	75.0283	1231.2	75.0283	1231.2	73.5584	1231.2	73.5583	1231.2	72.408	1231.2	72.4079	1231.2	69.7493	1231.2	69.7491	1231.2	66.0322	1231.2	66.0323	1231.2	64.2236	1231.2	64.2237	1231.2	66.3675	1231.2	66.3673	1231.2	66.7137	1231.2	66.714	1231.2	61.0545	1231.2	61.0552	1231.2	57.3042	1231.2	57.3051	1231.2	60.0164	1231.2	60.0149	1231.2	64.6557	1231.2	64.6555	1231.2	68.2682	1231.2	68.2672	1231.2	72.2431
1274.41	80.8016	1274.41	79.8929	1274.41	79.8927	1274.41	78.7549	1274.41	78.7549	1274.41	78.5751	1274.41	78.5751	1274.41	77.5254	1274.41	77.5253	1274.41	76.7408	1274.41	76.7408	1274.41	75.7898	1274.41	75.7896	1274.41	75.0593	1274.41	75.0592	1274.41	73.5442	1274.41	73.5441	1274.41	68.7592	1274.41	68.7592	1274.41	66.2344	1274.41	66.2344	1274.41	66.1044	1274.41	66.1042	1274.41	69.3306	1274.41	69.3305	1274.41	68.3224	1274.41	68.3226	1274.41	66.2799	1274.41	66.2803	1274.41	60.1632	1274.41	60.1647	1274.41	59.1707	1274.41	59.1695	1274.41	64.6826	1274.41	64.6812	1274.41	70.3958
1319.82	82.9438	1319.82	82.8751	1319.82	82.875	1319.82	82.2304	1319.82	82.2302	1319.82	81.1755	1319.82	81.1753	1319.82	79.6335	1319.82	79.6332	1319.82	78.1889	1319.82	78.1888	1319.82	77.2175	1319.82	77.2173	1319.82	75.4013	1319.82	75.4011	1319.82	73.9545	1319.82	73.9543	1319.82	72.4175	1319.82	72.4173	1319.82	70.3966	1319.82	70.3965	1319.82	68.9489	1319.82	68.9487	1319.82	71.0128	1319.82	71.0126	1319.82	70.2175	1319.82	70.2174	1319.82	71.1471	1319.82	71.1471	1319.82	63.16	1319.82	63.1625	1319.82	63.6201	1319.82	63.6189	1319.82	67.1569	1319.82	67.1564	1319.82	70.2104
1365.97	82.8248	1365.97	82.175	1365.97	82.1748	1365.97	81.0788	1365.97	81.0786	1365.97	80.6411	1365.97	80.641	1365.97	79.1276	1365.97	79.1272	1365.97	76.6736	1365.97	76.6733	1365.97	75.6542	1365.97	75.6539	1365.97	75.4595	1365.97	75.4593	1365.97	74.5051	1365.97	74.5048	1365.97	71.5989	1365.97	71.5986	1365.97	70.7161	1365.97	70.7158	1365.97	69.2605	1365.97	69.2601	1365.97	71.4454	1365.97	71.4451	1365.97	69.0225	1365.97	69.0225	1365.97	68.0546	1365.97	68.0546	1365.97	61.406	1365.97	61.407	1365.97	66.1088	1365.97	66.1083	1365.97	63.6423	1365.97	63.6419	1365.97	70.6636
1414.31	76.0468	1414.31	75.9451	1414.31	75.945	1414.31	74.5582	1414.31	74.5579	1414.31	73.1413	1414.31	73.1413	1414.31	72.5532	1414.31	72.553	1414.31	70.6818	1414.31	70.6817	1414.31	69.0222	1414.31	69.0216	1414.31	60.6442	1414.31	60.6434	1414.31	60.995	1414.31	60.9937	1414.31	50.42	1414.31	50.4183	1414.31	55.4871	1414.31	55.486	1414.31	56.7962	1414.31	56.7944	1414.31	64.672	1414.31	64.6716	1414.31	58.7824	1414.31	58.7797	1414.31	64.6874	1414.31	64.6875	1414.31	57.9224	1414.31	57.9229	1414.31	68.8995	1414.31	68.898	1414.31	70.1087	1414.31	70.1096	1414.31	60.7061
1464.11	79.7038	1464.11	80.6582	1464.11	80.6583	1464.11	80.4539	1464.11	80.4537	1464.11	78.6805	1464.11	78.6803	1464.11	76.9793	1464.11	76.9792	1464.11	76.0138	1464.11	76.0138	1464.11	74.5874	1464.11	74.5872	1464.11	71.3014	1464.11	71.3012	1464.11	68.3686	1464.11	68.3687	1464.11	68.0882	1464.11	68.0882	1464.11	68.1396	1464.11	68.1395	1464.11	64.2631	1464.11	64.2635	1464.11	58.2759	1464.11	58.2744	1464.11	65.605	1464.11	65.6047	1464.11	60.4741	1464.11	60.4764	1464.11	46.9076	1464.11	46.9026	1464.11	69.5989	1464.11	69.597	1464.11	74.6077	1464.11	74.6079	1464.11	70.7055
1515.38	81.3603	1515.38	81.2278	1515.38	81.2278	1515.38	80.9689	1515.38	80.9688	1515.38	79.8119	1515.38	79.8117	1515.38	78.4813	1515.38	78.4813	1515.38	78.1118	1515.38	78.1116	1515.38	75.1312	1515.38	75.1307	1515.38	67.589	1515.38	67.5887	1515.38	67.7071	1515.38	67.7073	1515.38	70.5555	1515.38	70.5554	1515.38	69.4762	1515.38	69.476	1515.38	68.204	1515.38	68.2041	1515.38	58.7279	1515.38	58.7265	1515.38	66.5776	1515.38	66.5773	1515.38	60.4934	1515.38	60.4947	1515.38	58.5614	1515.38	58.5609	1515.38	70.9492	1515.38	70.9472	1515.38	75.0289	1515.38	75.0293	1515.38	71.3824
1568.85	79.6834	1568.85	80.9048	1568.85	80.905	1568.85	80.9694	1568.85	80.9692	1568.85	79.2706	1568.85	79.2703	1568.85	77.4968	1568.85	77.4965	1568.85	75.4684	1568.85	75.4683	1568.85	75.6496	1568.85	75.6496	1568.85	72.9889	1568.85	72.9886	1568.85	67.9896	1568.85	67.9897	1568.85	68.7409	1568.85	68.7406	1568.85	68.6532	1568.85	68.6528	1568.85	67.0863	1568.85	67.0863	1568.85	59.4733	1568.85	59.4729	1568.85	61.3507	1568.85	61.3501	1568.85	56.7276	1568.85	56.7289	1568.85	60.9229	1568.85	60.9212	1568.85	68.2357	1568.85	68.2341	1568.85	73.186	1568.85	73.1861	1568.85	72.5832
1624.51	80.4747	1624.51	79.9459	1624.51	79.9458	1624.51	79.8671	1624.51	79.8671	1624.51	78.7615	1624.51	78.7613	1624.51	76.8006	1624.51	76.8004	1624.51	74.7445	1624.51	74.7441	1624.51	72.756	1624.51	72.7559	1624.51	73.3263	1624.51	73.3262	1624.51	68.9944	1624.51	68.9941	1624.51	66.726	1624.51	66.7258	1624.51	50.9296	1624.51	50.9283	1624.51	62.1207	1624.51	62.1199	1624.51	58.7978	1624.51	58.798	1624.51	51.498	1624.51	51.4991	1624.51	43.2631	1624.51	43.2648	1624.51	58.1045	1624.51	58.1017	1624.51	69.0892	1624.51	69.088	1624.51	73.662	1624.51	73.6618	1624.51	74.1439
1681.64	81.061	1681.64	80.2216	1681.64	80.2213	1681.64	78.6352	1681.64	78.6351	1681.64	78.4957	1681.64	78.4956	1681.64	75.7555	1681.64	75.755	1681.64	72.8734	1681.64	72.8733	1681.64	73.3699	1681.64	73.3699	1681.64	75.5189	1681.64	75.5188	1681.64	72.7666	1681.64	72.7662	1681.64	64.9715	1681.64	64.9713	1681.64	65.0517	1681.64	65.0515	1681.64	54.4283	1681.64	54.4294	1681.64	58.4653	1681.64	58.4642	1681.64	60.8377	1681.64	60.8376	1681.64	58.0224	1681.64	58.0213	1681.64	66.6704	1681.64	66.669	1681.64	70.508	1681.64	70.5079	1681.64	70.125	1681.64	70.1252	1681.64	70.5092
1740.97	80.4573	1740.97	80.3204	1740.97	80.3202	1740.97	79.0919	1740.97	79.0917	1740.97	78.6596	1740.97	78.6595	1740.97	76.4002	1740.97	76.3996	1740.97	73.0321	1740.97	73.0319	1740.97	74.0475	1740.97	74.0474	1740.97	76.0618	1740.97	76.0616	1740.97	73.7947	1740.97	73.7942	1740.97	66.3304	1740.97	66.3301	1740.97	68.5604	1740.97	68.5602	1740.97	61.6773	1740.97	61.6779	1740.97	52.9609	1740.97	52.9592	1740.97	63.9227	1740.97	63.9218	1740.97	59.5848	1740.97	59.586	1740.97	69.9901	1740.97	69.9892	1740.97	65.3808	1740.97	65.383	1740.97	58.4544	1740.97	58.4532	1740.97	69.8105
1802.49	80.5577	1802.49	80.5548	1802.49	80.5547	1802.49	79.3804	1802.49	79.3802	1802.49	79.0948	1802.49	79.0946	1802.49	76.313	1802.49	76.3125	1802.49	74.9402	1802.49	74.9401	1802.49	75.1176	1802.49	75.1173	1802.49	73.9565	1802.49	73.9561	1802.49	71.3932	1802.49	71.3927	1802.49	63.5127	1802.49	63.5121	1802.49	68.8689	1802.49	68.8684	1802.49	63.4621	1802.49	63.4622	1802.49	61.5834	1802.49	61.5817	1802.49	64.2489	1802.49	64.2493	1802.49	63.7893	1802.49	63.7882	1802.49	70.0443	1802.49	70.0435	1802.49	65.2467	1802.49	65.2494	1802.49	56.1365	1802.49	56.139	1802.49	62.5798
1866.21	82.2208	1866.21	81.2015	1866.21	81.2013	1866.21	80.9061	1866.21	80.906	1866.21	79.9212	1866.21	79.921	1866.21	79.2138	1866.21	79.2135	1866.21	76.9782	1866.21	76.9778	1866.21	75.6766	1866.21	75.6764	1866.21	74.4886	1866.21	74.4881	1866.21	71.3868	1866.21	71.3863	1866.21	68.7482	1866.21	68.7478	1866.21	63.3526	1866.21	63.352	1866.21	69.4561	1866.21	69.4558	1866.21	47.9802	1866.21	47.9705	1866.21	66.9504	1866.21	66.9506	1866.21	63.3585	1866.21	63.3549	1866.21	73.4895	1866.21	73.4894	1866.21	64.713	1866.21	64.7161	1866.21	64.9604	1866.21	64.9611	1866.21	53.322
1932.13	80.1001	1932.13	79.0355	1932.13	79.0353	1932.13	78.7894	1932.13	78.7894	1932.13	78.3791	1932.13	78.3789	1932.13	78.4334	1932.13	78.4332	1932.13	76.4876	1932.13	76.4869	1932.13	73.2977	1932.13	73.2974	1932.13	72.0296	1932.13	72.029	1932.13	69.8494	1932.13	69.849	1932.13	71.1405	1932.13	71.1401	1932.13	65.9751	1932.13	65.9747	1932.13	67.4723	1932.13	67.4716	1932.13	63.3834	1932.13	63.384	1932.13	60.2831	1932.13	60.282	1932.13	60.5284	1932.13	60.5268	1932.13	68.9205	1932.13	68.9198	1932.13	56.207	1932.13	56.2108	1932.13	64.6979	1932.13	64.6985	1932.13	65.2821
2000.24	76.7759	2000.24	77.7125	2000.24	77.7124	2000.24	76.2413	2000.24	76.2412	2000.24	75.6183	2000.24	75.6179	2000.24	74.0412	2000.24	74.0411	2000.24	75.3933	2000.24	75.393	2000.24	73.158	2000.24	73.1575	2000.24	69.9688	2000.24	69.968	2000.24	64.9876	2000.24	64.9873	2000.24	68.2868	2000.24	68.2865	2000.24	64.6659	2000.24	64.6655	2000.24	66.896	2000.24	66.8953	2000.24	67.871	2000.24	67.871	2000.24	67.151	2000.24	67.1505	2000.24	51.6148	2000.24	51.6079	2000.24	63.6163	2000.24	63.6164	2000.24	63.013	2000.24	63.0097	2000.24	65.14	2000.24	65.1422	2000.24	60.2386
2070.56	78.2186	2070.56	78.1332	2070.56	78.1331	2070.56	76.489	2070.56	76.4887	2070.56	75.4618	2070.56	75.4615	2070.56	73.4032	2070.56	73.4028	2070.56	74.0235	2070.56	74.0234	2070.56	72.4825	2070.56	72.4819	2070.56	71.1266	2070.56	71.1261	2070.56	60.7558	2070.56	60.754	2070.56	65.5784	2070.56	65.5784	2070.56	61.8812	2070.56	61.8806	2070.56	62.5808	2070.56	62.5798	2070.56	68.2016	2070.56	68.2012	2070.56	59.3793	2070.56	59.3813	2070.56	56.9141	2070.56	56.912	2070.56	65.6509	2070.56	65.6506	2070.56	57.9602	2070.56	57.9558	2070.56	66.2837	2070.56	66.285	2070.56	54.798
2143.8	79.2261	2143.8	79.0895	2143.8	79.0894	2143.8	77.8415	2143.8	77.8413	2143.8	77.1368	2143.8	77.1366	2143.8	75.2084	2143.8	75.208	2143.8	75.0621	2143.8	75.0619	2143.8	73.8133	2143.8	73.8128	2143.8	71.6248	2143.8	71.6244	2143.8	65.6002	2143.8	65.5992	2143.8	56.948	2143.8	56.9481	2143.8	62.8043	2143.8	62.8036	2143.8	61.5325	2143.8	61.5318	2143.8	65.3852	2143.8	65.3848	2143.8	63.261	2143.8	63.261	2143.8	62.4106	2143.8	62.4095	2143.8	64.6237	2143.8	64.6227	2143.8	66.2366	2143.8	66.2369	2143.8	61.7591	2143.8	61.7601	2143.8	55.3634
2219.24	76.7591	2219.24	76.3422	2219.24	76.3422	2219.24	76.3808	2219.24	76.3809	2219.24	76.6615	2219.24	76.6612	2219.24	73.7463	2219.24	73.7458	2219.24	73.3142	2219.24	73.3141	2219.24	73.8329	2219.24	73.8326	2219.24	72.361	2219.24	72.3606	2219.24	69.3737	2219.24	69.3731	2219.24	58.237	2219.24	58.2373	2219.24	59.3932	2219.24	59.3918	2219.24	65.5058	2219.24	65.5054	2219.24	64.2386	2219.24	64.2384	2219.24	60.4552	2219.24	60.455	2219.24	63.6136	2219.24	63.6129	2219.24	65.3255	2219.24	65.3256	2219.24	60.8814	2219.24	60.8812	2219.24	65.7143	2219.24	65.7136	2219.24	68.3612
2297.61	77.0652	2297.61	74.7056	2297.61	74.7052	2297.61	75.3224	2297.61	75.3228	2297.61	75.8094	2297.61	75.809	2297.61	72.4157	2297.61	72.415	2297.61	70.7219	2297.61	70.7219	2297.61	74.3917	2297.61	74.3914	2297.61	71.2288	2297.61	71.2284	2297.61	71.2846	2297.61	71.2842	2297.61	48.7809	2297.61	48.7782	2297.61	63.5764	2297.61	63.5755	2297.61	65.9338	2297.61	65.9334	2297.61	66.1177	2297.61	66.1173	2297.61	61.1661	2297.61	61.1663	2297.61	62.7322	2297.61	62.7318	2297.61	63.3164	2297.61	63.3156	2297.61	65.1526	2297.61	65.1533	2297.61	65.8411	2297.61	65.8406	2297.61	65.0348
2378.17	77.8412	2378.17	75.2061	2378.17	75.2055	2378.17	75.2205	2378.17	75.2211	2378.17	76.9962	2378.17	76.9958	2378.17	72.5097	2378.17	72.5089	2378.17	69.8217	2378.17	69.8213	2378.17	72.769	2378.17	72.7689	2378.17	71.3201	2378.17	71.3196	2378.17	71.1128	2378.17	71.1124	2378.17	59.8417	2378.17	59.8407	2378.17	64.8854	2378.17	64.8848	2378.17	65.9085	2378.17	65.9081	2378.17	67.2866	2378.17	67.2865	2378.17	59.6523	2378.17	59.6528	2378.17	62.747	2378.17	62.7451	2378.17	66.4732	2378.17	66.4733	2378.17	64.982	2378.17	64.9829	2378.17	62.3034	2378.17	62.3033	2378.17	66.0982
2462.4	77.1454	2462.4	74.2181	2462.4	74.2174	2462.4	73.1794	2462.4	73.1798	2462.4	74.69	2462.4	74.6896	2462.4	71.7306	2462.4	71.7303	2462.4	70.9869	2462.4	70.9859	2462.4	67.1453	2462.4	67.1456	2462.4	69.9318	2462.4	69.9313	2462.4	69.6183	2462.4	69.6181	2462.4	64.4196	2462.4	64.419	2462.4	62.716	2462.4	62.7155	2462.4	63.0755	2462.4	63.0753	2462.4	63.8222	2462.4	63.8222	2462.4	66.0778	2462.4	66.0771	2462.4	65.4532	2462.4	65.4529	2462.4	64.8604	2462.4	64.8606	2462.4	65.4399	2462.4	65.4408	2462.4	50.6482	2462.4	50.6505	2462.4	67.2811
2548.83	77.3265	2548.83	75.9087	2548.83	75.9084	2548.83	74.9134	2548.83	74.9132	2548.83	74.4962	2548.83	74.496	2548.83	74.3195	2548.83	74.3193	2548.83	74.5871	2548.83	74.5866	2548.83	68.0803	2548.83	68.0792	2548.83	69.6196	2548.83	69.6194	2548.83	66.7932	2548.83	66.793	2548.83	64.6613	2548.83	64.661	2548.83	63.0713	2548.83	63.0709	2548.83	61.4486	2548.83	61.4484	2548.83	59.2077	2548.83	59.2076	2548.83	63.9025	2548.83	63.9017	2548.83	64.672	2548.83	64.6717	2548.83	65.0672	2548.83	65.0677	2548.83	58.9608	2548.83	58.9615	2548.83	58.3383	2548.83	58.3391	2548.83	67.2842
2638.92	80.1268	2638.92	78.5234	2638.92	78.523	2638.92	78.6509	2638.92	78.651	2638.92	78.9391	2638.92	78.9388	2638.92	77.4977	2638.92	77.4974	2638.92	78.0564	2638.92	78.056	2638.92	73.8352	2638.92	73.8344	2638.92	73.6767	2638.92	73.6764	2638.92	70.1196	2638.92	70.1191	2638.92	64.6797	2638.92	64.6792	2638.92	68.2077	2638.92	68.2074	2638.92	61.0724	2638.92	61.0724	2638.92	63.3502	2638.92	63.3497	2638.92	64.0855	2638.92	64.0855	2638.92	50.4271	2638.92	50.4295	2638.92	62.9855	2638.92	62.9848	2638.92	63.9886	2638.92	63.9885	2638.92	60.3052	2638.92	60.3057	2638.92	68.1794
2731.93	80.3316	2731.93	79.0266	2731.93	79.0264	2731.93	79.7264	2731.93	79.7266	2731.93	80.4633	2731.93	80.4631	2731.93	79.7681	2731.93	79.7679	2731.93	80.2352	2731.93	80.2349	2731.93	76.9621	2731.93	76.9614	2731.93	76.9133	2731.93	76.913	2731.93	73.0835	2731.93	73.083	2731.93	68.8934	2731.93	68.893	2731.93	69.3396	2731.93	69.3393	2731.93	67.4307	2731.93	67.4307	2731.93	59.698	2731.93	59.6979	2731.93	68.1263	2731.93	68.1255	2731.93	67.0316	2731.93	67.0323	2731.93	65.059	2731.93	65.0587	2731.93	59.6777	2731.93	59.6778	2731.93	62.7148	2731.93	62.7152	2731.93	65.5004
2828.61	79.0109	2828.61	79.0832	2828.61	79.0833	2828.61	80.2429	2828.61	80.243	2828.61	80.9082	2828.61	80.908	2828.61	80.0033	2828.61	80.0031	2828.61	80.5739	2828.61	80.5736	2828.61	78.0703	2828.61	78.0698	2828.61	77.1526	2828.61	77.1522	2828.61	74.6053	2828.61	74.605	2828.61	73.1451	2828.61	73.1448	2828.61	71.844	2828.61	71.8437	2828.61	69.2162	2828.61	69.2162	2828.61	66.368	2828.61	66.3678	2828.61	66.0839	2828.61	66.0829	2828.61	70.2489	2828.61	70.2489	2828.61	69.7202	2828.61	69.7202	2828.61	62.5744	2828.61	62.5754	2828.61	65.0407	2828.61	65.0404	2828.61	67.9922
2928.22	81.0159	2928.22	80.5913	2928.22	80.5911	2928.22	80.501	2928.22	80.5011	2928.22	81.639	2928.22	81.6389	2928.22	81.1565	2928.22	81.1562	2928.22	80.953	2928.22	80.9526	2928.22	79.2417	2928.22	79.2413	2928.22	78.7935	2928.22	78.793	2928.22	73.2533	2928.22	73.2529	2928.22	72.4085	2928.22	72.4081	2928.22	70.432	2928.22	70.4318	2928.22	69.2315	2928.22	69.2313	2928.22	67.3453	2928.22	67.3455	2928.22	66.199	2928.22	66.1981	2928.22	69.5489	2928.22	69.5488	2928.22	70.6606	2928.22	70.6603	2928.22	67.8404	2928.22	67.8411	2928.22	66.1174	2928.22	66.1169	2928.22	69.3202
3031.49	82.7919	3031.49	82.4001	3031.49	82.3999	3031.49	81.5164	3031.49	81.5162	3031.49	81.969	3031.49	81.969	3031.49	82.5452	3031.49	82.545	3031.49	81.8273	3031.49	81.8269	3031.49	80.3059	3031.49	80.3056	3031.49	79.371	3031.49	79.3706	3031.49	74.7092	3031.49	74.7089	3031.49	74.4572	3031.49	74.4569	3031.49	70.822	3031.49	70.8219	3031.49	70.0583	3031.49	70.0581	3031.49	69.087	3031.49	69.0869	3031.49	66.3466	3031.49	66.3459	3031.49	71.0817	3031.49	71.0816	3031.49	71.5752	3031.49	71.5748	3031.49	70.1526	3031.49	70.1535	3031.49	65.2481	3031.49	65.2476	3031.49	68.9536
3138.43	83.5915	3138.43	83.7882	3138.43	83.7882	3138.43	83.2832	3138.43	83.2829	3138.43	81.9727	3138.43	81.9725	3138.43	82.6821	3138.43	82.682	3138.43	82.3981	3138.43	82.3977	3138.43	79.9032	3138.43	79.9028	3138.43	78.7643	3138.43	78.7639	3138.43	75.827	3138.43	75.8266	3138.43	74.4408	3138.43	74.4406	3138.43	70.703	3138.43	70.7029	3138.43	67.6366	3138.43	67.6364	3138.43	68.6689	3138.43	68.6685	3138.43	67.5785	3138.43	67.5784	3138.43	69.5807	3138.43	69.5808	3138.43	67.4727	3138.43	67.4719	3138.43	69.6951	3138.43	69.6955	3138.43	66.7623	3138.43	66.762	3138.43	68.8626
3249.02	83.7706	3249.02	84.2101	3249.02	84.2101	3249.02	84.4117	3249.02	84.4114	3249.02	82.0602	3249.02	82.0596	3249.02	81.5146	3249.02	81.5146	3249.02	82.001	3249.02	82.0007	3249.02	79.4822	3249.02	79.4817	3249.02	77.7606	3249.02	77.7603	3249.02	76.9782	3249.02	76.9778	3249.02	73.2005	3249.02	73.2002	3249.02	73.0186	3249.02	73.0184	3249.02	68.8371	3249.02	68.8369	3249.02	66.8	3249.02	66.7999	3249.02	69.7975	3249.02	69.7972	3249.02	69.0138	3249.02	69.0136	3249.02	67.9145	3249.02	67.9142	3249.02	72.9599	3249.02	72.96	3249.02	64.2714	3249.02	64.2704	3249.02	67.9985
3363.28	84.3505	3363.28	84.3668	3363.28	84.3669	3363.28	84.9425	3363.28	84.9424	3363.28	82.8966	3363.28	82.896	3363.28	81.1183	3363.28	81.1182	3363.28	81.8577	3363.28	81.8574	3363.28	79.9184	3363.28	79.9179	3363.28	76.2998	3363.28	76.2995	3363.28	76.7577	3363.28	76.7574	3363.28	72.7386	3363.28	72.7383	3363.28	73.016	3363.28	73.0157	3363.28	70.7608	3363.28	70.7607	3363.28	69.0856	3363.28	69.0855	3363.28	69.7207	3363.28	69.7204	3363.28	64.761	3363.28	64.7613	3363.28	67.1245	3363.28	67.1238	3363.28	72.2324	3363.28	72.2324	3363.28	63.6826	3363.28	63.6835	3363.28	69.0417
3481.93	85.4821	3481.93	84.807	3481.93	84.8069	3481.93	85.2735	3481.93	85.2734	3481.93	83.1601	3481.93	83.1596	3481.93	81.5758	3481.93	81.5757	3481.93	81.9816	3481.93	81.9815	3481.93	81.6016	3481.93	81.6013	3481.93	77.9316	3481.93	77.9311	3481.93	75.9893	3481.93	75.9891	3481.93	72.9825	3481.93	72.9823	3481.93	69.789	3481.93	69.7888	3481.93	68.3163	3481.93	68.3161	3481.93	70.1981	3481.93	70.1981	3481.93	67.4012	3481.93	67.4006	3481.93	67.3925	3481.93	67.3926	3481.93	69.2353	3481.93	69.2348	3481.93	70.7635	3481.93	70.7632	3481.93	67.5408	3481.93	67.5413	3481.93	70.8192
3604.98	86.8527	3604.98	86.21	3604.98	86.2097	3604.98	84.765	3604.98	84.7649	3604.98	84.3787	3604.98	84.3784	3604.98	82.0925	3604.98	82.0923	3604.98	82.2851	3604.98	82.2849	3604.98	80.4152	3604.98	80.4148	3604.98	78.6333	3604.98	78.6329	3604.98	75.2155	3604.98	75.2151	3604.98	73.0629	3604.98	73.0626	3604.98	70.3178	3604.98	70.3176	3604.98	66.9481	3604.98	66.9484	3604.98	67.8842	3604.98	67.8839	3604.98	52.2823	3604.98	52.2808	3604.98	70.336	3604.98	70.3354	3604.98	69.8921	3604.98	69.892	3604.98	68.1563	3604.98	68.1561	3604.98	69.8596	3604.98	69.8604	3604.98	68.5244
3732.42	85.7436	3732.42	85.5739	3732.42	85.5737	3732.42	84.5419	3732.42	84.5419	3732.42	85.3962	3732.42	85.396	3732.42	83.4534	3732.42	83.4531	3732.42	83.5879	3732.42	83.5876	3732.42	79.9144	3732.42	79.9139	3732.42	79.2998	3732.42	79.2997	3732.42	78.8906	3732.42	78.8903	3732.42	74.5799	3732.42	74.5796	3732.42	74.4169	3732.42	74.4167	3732.42	70.4761	3732.42	70.4761	3732.42	66.9311	3732.42	66.9307	3732.42	69.9602	3732.42	69.9605	3732.42	70.4297	3732.42	70.428	3732.42	69.1777	3732.42	69.1787	3732.42	70.847	3732.42	70.8465	3732.42	69.8867	3732.42	69.887	3732.42	67.0225
3863.53	82.4628	3863.53	81.4976	3863.53	81.4976	3863.53	83.6323	3863.53	83.6325	3863.53	84.0418	3863.53	84.0416	3863.53	84.1524	3863.53	84.1523	3863.53	83.8014	3863.53	83.8012	3863.53	83.1259	3863.53	83.1255	3863.53	81.0557	3863.53	81.0555	3863.53	81.3603	3863.53	81.3601	3863.53	77.3731	3863.53	77.3728	3863.53	74.7795	3863.53	74.7792	3863.53	73.3753	3863.53	73.3753	3863.53	71.7313	3863.53	71.731	3863.53	73.2769	3863.53	73.2769	3863.53	68.7054	3863.53	68.7043	3863.53	71.4388	3863.53	71.4391	3863.53	72.9554	3863.53	72.9548	3863.53	66.9706	3863.53	66.9725	3863.53	69.1661
3999.76	81.9635	3999.76	80.8812	3999.76	80.8809	3999.76	82.0434	3999.76	82.0436	3999.76	82.4157	3999.76	82.4155	3999.76	83.054	3999.76	83.054	3999.76	83.6306	3999.76	83.6304	3999.76	83.3357	3999.76	83.3354	3999.76	81.0891	3999.76	81.0888	3999.76	80.434	3999.76	80.4337	3999.76	77.0681	3999.76	77.0679	3999.76	74.6798	3999.76	74.6795	3999.76	73.8381	3999.76	73.838	3999.76	71.0224	3999.76	71.0225	3999.76	70.7111	3999.76	70.7107	3999.76	68.83	3999.76	68.8302	3999.76	73.0371	3999.76	73.0367	3999.76	73.2266	3999.76	73.2264	3999.76	69.8764	3999.76	69.8776	3999.76	69.3795
4141.11	81.855	4141.11	83.0145	4141.11	83.0143	4141.11	80.8862	4141.11	80.8862	4141.11	82.4556	4141.11	82.4556	4141.11	83.0575	4141.11	83.0575	4141.11	84.2592	4141.11	84.259	4141.11	82.5609	4141.11	82.5605	4141.11	81.1745	4141.11	81.1743	4141.11	79.6792	4141.11	79.6789	4141.11	75.9524	4141.11	75.9522	4141.11	75.7905	4141.11	75.7902	4141.11	70.7177	4141.11	70.7179	4141.11	67.9652	4141.11	67.9648	4141.11	69.0815	4141.11	69.0814	4141.11	71.378	4141.11	71.3779	4141.11	66.9692	4141.11	66.9691	4141.11	70.7331	4141.11	70.7327	4141.11	68.8599	4141.11	68.8614	4141.11	70.2385
4286.87	81.015	4286.87	80.7105	4286.87	80.7104	4286.87	79.4648	4286.87	79.4648	4286.87	81.9693	4286.87	81.9696	4286.87	84.4376	4286.87	84.4376	4286.87	84.7362	4286.87	84.736	4286.87	82.692	4286.87	82.6915	4286.87	79.9158	4286.87	79.9156	4286.87	80.0246	4286.87	80.0243	4286.87	76.4453	4286.87	76.445	4286.87	76.1044	4286.87	76.1042	4286.87	68.5967	4286.87	68.5969	4286.87	68.3967	4286.87	68.3961	4286.87	69.0466	4286.87	69.0462	4286.87	70.4858	4286.87	70.4856	4286.87	69.7917	4286.87	69.792	4286.87	70.4329	4286.87	70.4322	4286.87	69.1948	4286.87	69.1956	4286.87	69.1715
4438.48	82.4003	4438.48	80.6107	4438.48	80.6102	4438.48	79.0917	4438.48	79.0916	4438.48	81.2909	4438.48	81.2914	4438.48	84.7856	4438.48	84.7857	4438.48	85.3704	4438.48	85.3703	4438.48	84.7852	4438.48	84.7847	4438.48	80.7195	4438.48	80.7191	4438.48	80.9979	4438.48	80.9976	4438.48	77.5315	4438.48	77.5312	4438.48	74.7757	4438.48	74.7754	4438.48	72.6506	4438.48	72.6505	4438.48	70.516	4438.48	70.5155	4438.48	67.3726	4438.48	67.3731	4438.48	69.1677	4438.48	69.1671	4438.48	71.9544	4438.48	71.9544	4438.48	70.5956	4438.48	70.5945	4438.48	69.9515	4438.48	69.9533	4438.48	70.2549
4594.48	82.1704	4594.48	82.5578	4594.48	82.5574	4594.48	78.7101	4594.48	78.71	4594.48	81.5911	4594.48	81.5914	4594.48	84.1253	4594.48	84.1254	4594.48	85.0886	4594.48	85.0885	4594.48	84.8388	4594.48	84.8384	4594.48	81.2257	4594.48	81.2253	4594.48	80.3105	4594.48	80.3102	4594.48	77.514	4594.48	77.5138	4594.48	75.6731	4594.48	75.6729	4594.48	74.078	4594.48	74.0778	4594.48	70.4704	4594.48	70.4705	4594.48	68.0871	4594.48	68.0872	4594.48	70.2974	4594.48	70.2967	4594.48	72.5046	4594.48	72.5044	4594.48	70.2162	4594.48	70.2157	4594.48	71.4104	4594.48	71.4116	4594.48	67.9447
4757.08	84.3256	4757.08	83.6158	4757.08	83.6154	4757.08	78.7965	4757.08	78.7957	4757.08	81.3525	4757.08	81.3531	4757.08	84.9188	4757.08	84.919	4757.08	85.4966	4757.08	85.4964	4757.08	84.5224	4757.08	84.5221	4757.08	81.5805	4757.08	81.5802	4757.08	80.3969	4757.08	80.3966	4757.08	75.8363	4757.08	75.8361	4757.08	75.8408	4757.08	75.8406	4757.08	72.4651	4757.08	72.465	4757.08	70.6977	4757.08	70.6978	4757.08	68.9091	4757.08	68.9087	4757.08	69.8169	4757.08	69.8165	4757.08	71.952	4757.08	71.9521	4757.08	70.4135	4757.08	70.4128	4757.08	72.5059	4757.08	72.5068	4757.08	67.5251
4924.8	88.0891	4924.8	87.0142	4924.8	87.0138	4924.8	83.4411	4924.8	83.4401	4924.8	80.4801	4924.8	80.4805	4924.8	84.507	4924.8	84.507	4924.8	84.6207	4924.8	84.6206	4924.8	83.8386	4924.8	83.8382	4924.8	80.5038	4924.8	80.5035	4924.8	79.6366	4924.8	79.6363	4924.8	76.2619	4924.8	76.2617	4924.8	75.0518	4924.8	75.0517	4924.8	70.2176	4924.8	70.2177	4924.8	71.499	4924.8	71.4987	4924.8	67.9223	4924.8	67.9215	4924.8	70.6678	4924.8	70.6686	4924.8	70.1199	4924.8	70.1193	4924.8	69.1544	4924.8	69.1537	4924.8	71.6999	4924.8	71.7009	4924.8	65.413
5098.39	88.9646	5098.39	88.3925	5098.39	88.3922	5098.39	85.9919	5098.39	85.9913	5098.39	81.7236	5098.39	81.7229	5098.39	82.6544	5098.39	82.6545	5098.39	83.8671	5098.39	83.8671	5098.39	83.4368	5098.39	83.4364	5098.39	79.19	5098.39	79.1897	5098.39	79.5141	5098.39	79.5138	5098.39	73.534	5098.39	73.5337	5098.39	73.2203	5098.39	73.22	5098.39	71.0629	5098.39	71.063	5098.39	70.3607	5098.39	70.3602	5098.39	62.8659	5098.39	62.8668	5098.39	68.5646	5098.39	68.5649	5098.39	68.0488	5098.39	68.0475	5098.39	69.4905	5098.39	69.4908	5098.39	66.4649	5098.39	66.4664	5098.39	62.185
5277.83	88.646	5277.83	87.5216	5277.83	87.5212	5277.83	84.9406	5277.83	84.9402	5277.83	83.2624	5277.83	83.2618	5277.83	82.5104	5277.83	82.5107	5277.83	84.256	5277.83	84.2557	5277.83	81.8963	5277.83	81.8959	5277.83	79.8727	5277.83	79.8724	5277.83	79.0936	5277.83	79.0933	5277.83	75.2278	5277.83	75.2276	5277.83	72.4746	5277.83	72.4744	5277.83	71.6707	5277.83	71.6705	5277.83	68.1407	5277.83	68.1404	5277.83	63.5287	5277.83	63.5303	5277.83	62.5119	5277.83	62.5102	5277.83	69.72	5277.83	69.7193	5277.83	69.0616	5277.83	69.0613	5277.83	67.8868	5277.83	67.8885	5277.83	56.7647
5463.87	88.4842	5463.87	88.0839	5463.87	88.0837	5463.87	85.4485	5463.87	85.4478	5463.87	81.9694	5463.87	81.969	5463.87	81.4919	5463.87	81.4918	5463.87	82.4567	5463.87	82.4567	5463.87	82.1403	5463.87	82.1398	5463.87	78.4907	5463.87	78.4905	5463.87	79.0817	5463.87	79.0814	5463.87	73.6193	5463.87	73.6191	5463.87	73.4662	5463.87	73.4661	5463.87	70.4947	5463.87	70.4945	5463.87	66.3482	5463.87	66.3486	5463.87	67.3059	5463.87	67.3055	5463.87	65.3772	5463.87	65.3775	5463.87	71.4297	5463.87	71.4288	5463.87	68.3294	5463.87	68.3297	5463.87	68.2229	5463.87	68.2245	5463.87	62.2621
5656.49	88.9653	5656.49	88.3982	5656.49	88.3979	5656.49	86.1844	5656.49	86.1839	5656.49	82.5721	5656.49	82.5713	5656.49	80.2701	5656.49	80.2702	5656.49	83.0149	5656.49	83.0149	5656.49	81.7853	5656.49	81.7848	5656.49	79.7832	5656.49	79.783	5656.49	79.1439	5656.49	79.1435	5656.49	73.9052	5656.49	73.9049	5656.49	72.3925	5656.49	72.3923	5656.49	70.0445	5656.49	70.0443	5656.49	68.6842	5656.49	68.6844	5656.49	67.5692	5656.49	67.5683	5656.49	68.6492	5656.49	68.6495	5656.49	69.2764	5656.49	69.2753	5656.49	67.1311	5656.49	67.1319	5656.49	69.0281	5656.49	69.0293	5656.49	63.078
5856.45	88.4528	5856.45	88.4426	5856.45	88.4425	5856.45	87.0696	5856.45	87.0692	5856.45	84.1049	5856.45	84.1043	5856.45	80.4736	5856.45	80.4733	5856.45	82.4182	5856.45	82.4182	5856.45	79.7227	5856.45	79.7222	5856.45	79.4186	5856.45	79.4185	5856.45	77.724	5856.45	77.7237	5856.45	75.8393	5856.45	75.839	5856.45	69.9363	5856.45	69.9362	5856.45	70.1641	5856.45	70.1639	5856.45	68.7902	5856.45	68.7902	5856.45	64.6966	5856.45	64.696	5856.45	68.3601	5856.45	68.3603	5856.45	66.6686	5856.45	66.6678	5856.45	66.5479	5856.45	66.5487	5856.45	67.0442	5856.45	67.0451	5856.45	61.8892
6062.99	88.1837	6062.99	88.1311	6062.99	88.1311	6062.99	87.1968	6062.99	87.1964	6062.99	83.9663	6062.99	83.9657	6062.99	80.5148	6062.99	80.5145	6062.99	81.0833	6062.99	81.0832	6062.99	78.9695	6062.99	78.9692	6062.99	79.6038	6062.99	79.6035	6062.99	76.5302	6062.99	76.5299	6062.99	75.0135	6062.99	75.0134	6062.99	69.6087	6062.99	69.6085	6062.99	70.4942	6062.99	70.494	6062.99	65.1185	6062.99	65.1188	6062.99	63.9911	6062.99	63.9908	6062.99	64.9629	6062.99	64.9625	6062.99	65.2166	6062.99	65.2169	6062.99	67.5082	6062.99	67.5078	6062.99	66.9771	6062.99	66.9785	6062.99	61.3922
6276.86	88.421	6276.86	88.5147	6276.86	88.5146	6276.86	87.3119	6276.86	87.3116	6276.86	84.4355	6276.86	84.4349	6276.86	81.925	6276.86	81.9248	6276.86	81.3622	6276.86	81.3618	6276.86	81.0679	6276.86	81.0678	6276.86	79.2793	6276.86	79.2789	6276.86	76.8772	6276.86	76.8769	6276.86	71.1849	6276.86	71.1848	6276.86	70.641	6276.86	70.6408	6276.86	68.3729	6276.86	68.3729	6276.86	61.9297	6276.86	61.9298	6276.86	60.75	6276.86	60.7493	6276.86	63.3258	6276.86	63.3267	6276.86	66.1285	6276.86	66.1275	6276.86	66.194	6276.86	66.1938	6276.86	65.7214	6276.86	65.7229	6276.86	59.6054
6498.05	88.1399	6498.05	88.229	6498.05	88.229	6498.05	87.2152	6498.05	87.2148	6498.05	84.1274	6498.05	84.1269	6498.05	81.903	6498.05	81.9025	6498.05	80.6035	6498.05	80.6035	6498.05	81.648	6498.05	81.6477	6498.05	77.9825	6498.05	77.9821	6498.05	76.9439	6498.05	76.9436	6498.05	69.8833	6498.05	69.8831	6498.05	70.2504	6498.05	70.2502	6498.05	68.0736	6498.05	68.0735	6498.05	64.3833	6498.05	64.3832	6498.05	59.5965	6498.05	59.5969	6498.05	64.3988	6498.05	64.3995	6498.05	64.7859	6498.05	64.7846	6498.05	65.9144	6498.05	65.9145	6498.05	64.2983	6498.05	64.2994	6498.05	59.8476
6727.29	87.1995	6727.29	87.9247	6727.29	87.9247	6727.29	87.0441	6727.29	87.0437	6727.29	83.6959	6727.29	83.6952	6727.29	80.7636	6727.29	80.7634	6727.29	80.3432	6727.29	80.3429	6727.29	78.9632	6727.29	78.9628	6727.29	75.2922	6727.29	75.2919	6727.29	76.2416	6727.29	76.2413	6727.29	68.6103	6727.29	68.6101	6727.29	71.0219	6727.29	71.0217	6727.29	66.8762	6727.29	66.8762	6727.29	64.9762	6727.29	64.9763	6727.29	62.4394	6727.29	62.4404	6727.29	64.3475	6727.29	64.3475	6727.29	62.8342	6727.29	62.832	6727.29	65.8074	6727.29	65.8071	6727.29	66.4465	6727.29	66.4476	6727.29	55.2431
6964.6	86.3255	6964.6	86.5692	6964.6	86.5693	6964.6	86.9234	6964.6	86.9232	6964.6	84.0139	6964.6	84.0133	6964.6	81.0553	6964.6	81.0549	6964.6	79.3051	6964.6	79.3048	6964.6	77.2638	6964.6	77.2633	6964.6	74.0863	6964.6	74.0862	6964.6	75.3561	6964.6	75.3559	6964.6	68.6537	6964.6	68.6535	6964.6	68.862	6964.6	68.8618	6964.6	64.3305	6964.6	64.3305	6964.6	64.2602	6964.6	64.26	6964.6	63.3536	6964.6	63.3538	6964.6	62.3093	6964.6	62.3089	6964.6	59.3127	6964.6	59.3103	6964.6	62.7112	6964.6	62.7118	6964.6	64.6079	6964.6	64.6093	6964.6	55.5683
7209.96	86.227	7209.96	86.6052	7209.96	86.6051	7209.96	85.5306	7209.96	85.5303	7209.96	84.1657	7209.96	84.1653	7209.96	81.6992	7209.96	81.6987	7209.96	79.2107	7209.96	79.2102	7209.96	76.3891	7209.96	76.3888	7209.96	75.1199	7209.96	75.1195	7209.96	72.9967	7209.96	72.9964	7209.96	67.794	7209.96	67.7937	7209.96	66.7992	7209.96	66.7988	7209.96	69.0828	7209.96	69.0828	7209.96	64.2708	7209.96	64.2708	7209.96	60.0196	7209.96	60.0187	7209.96	63.8604	7209.96	63.861	7209.96	55.1648	7209.96	55.1622	7209.96	62.1751	7209.96	62.1754	7209.96	57.9196	7209.96	57.9222	7209.96	62.2405
7464.11	86.7197	7464.11	86.2353	7464.11	86.2351	7464.11	85.6217	7464.11	85.6214	7464.11	83.5083	7464.11	83.5079	7464.11	82.1739	7464.11	82.1735	7464.11	79.0973	7464.11	79.0968	7464.11	78.2336	7464.11	78.2333	7464.11	75.1644	7464.11	75.164	7464.11	74.0906	7464.11	74.0903	7464.11	69.4296	7464.11	69.4294	7464.11	67.2105	7464.11	67.2104	7464.11	65.2011	7464.11	65.2012	7464.11	64.9829	7464.11	64.9823	7464.11	53.5061	7464.11	53.511	7464.11	65.1589	7464.11	65.1592	7464.11	59.3816	7464.11	59.3816	7464.11	56.4762	7464.11	56.4741	7464.11	59.5418	7464.11	59.5432	7464.11	62.3624
7727.78	86.7556	7727.78	85.9557	7727.78	85.9555	7727.78	84.6194	7727.78	84.6192	7727.78	83.0616	7727.78	83.0611	7727.78	80.0148	7727.78	80.0144	7727.78	79.468	7727.78	79.4679	7727.78	79.1669	7727.78	79.1665	7727.78	75.5071	7727.78	75.5067	7727.78	73.3695	7727.78	73.3692	7727.78	69.0952	7727.78	69.095	7727.78	66.7641	7727.78	66.7639	7727.78	65.0379	7727.78	65.038	7727.78	59.8701	7727.78	59.8692	7727.78	51.6826	7727.78	51.6866	7727.78	63.3069	7727.78	63.3076	7727.78	60.5723	7727.78	60.5713	7727.78	58.3625	7727.78	58.3628	7727.78	60.5563	7727.78	60.5578	7727.78	63.6495
8000.24	86.0381	8000.24	85.7164	8000.24	85.7162	8000.24	84.9119	8000.24	84.9118	8000.24	82.8143	8000.24	82.8136	8000.24	78.7134	8000.24	78.7132	8000.24	79.335	8000.24	79.3348	8000.24	79.4531	8000.24	79.4528	8000.24	75.214	8000.24	75.2136	8000.24	75.4852	8000.24	75.4849	8000.24	64.205	8000.24	64.2048	8000.24	67.3181	8000.24	67.318	8000.24	62.5282	8000.24	62.5281	8000.24	61.4648	8000.24	61.4645	8000.24	59.1697	8000.24	59.172	8000.24	60.7394	8000.24	60.7398	8000.24	56.2582	8000.24	56.2561	8000.24	60.1251	8000.24	60.1244	8000.24	58.2644	8000.24	58.266	8000.24	62.4711
8282.23	86.1071	8282.23	86.2709	8282.23	86.2708	8282.23	85.5195	8282.23	85.5193	8282.23	82.7319	8282.23	82.731	8282.23	78.7524	8282.23	78.7523	8282.23	79.8765	8282.23	79.8763	8282.23	78.6503	8282.23	78.6498	8282.23	74.1875	8282.23	74.1872	8282.23	74.4135	8282.23	74.4132	8282.23	64.401	8282.23	64.4007	8282.23	64.6174	8282.23	64.6171	8282.23	62.3641	8282.23	62.3639	8282.23	62.0181	8282.23	62.0177	8282.23	60.4879	8282.23	60.4892	8282.23	61.4143	8282.23	61.4144	8282.23	53.5985	8282.23	53.5967	8282.23	61.1354	8282.23	61.1343	8282.23	56.4728	8282.23	56.4755	8282.23	59.3063
8574.46	85.9386	8574.46	85.5475	8574.46	85.5474	8574.46	85.4227	8574.46	85.4225	8574.46	82.4037	8574.46	82.4029	8574.46	79.9937	8574.46	79.9935	8574.46	80.1547	8574.46	80.1545	8574.46	78.5596	8574.46	78.5591	8574.46	72.7921	8574.46	72.7918	8574.46	74.083	8574.46	74.0827	8574.46	63.5332	8574.46	63.5328	8574.46	65.2921	8574.46	65.2918	8574.46	63.8724	8574.46	63.8724	8574.46	60.4232	8574.46	60.423	8574.46	59.889	8574.46	59.8902	8574.46	62.5536	8574.46	62.5534	8574.46	52.4824	8574.46	52.4791	8574.46	53.0928	8574.46	53.0928	8574.46	42.4416	8574.46	42.458	8574.46	64.5703
8876.22	86.0202	8876.22	85.441	8876.22	85.4409	8876.22	85.4115	8876.22	85.4113	8876.22	82.8952	8876.22	82.8945	8876.22	80.1763	8876.22	80.176	8876.22	79.6987	8876.22	79.6985	8876.22	78.2113	8876.22	78.2108	8876.22	71.605	8876.22	71.6046	8876.22	72.6209	8876.22	72.6206	8876.22	66.4852	8876.22	66.4849	8876.22	66.4792	8876.22	66.479	8876.22	60.8726	8876.22	60.8725	8876.22	61.276	8876.22	61.2752	8876.22	61.4722	8876.22	61.4735	8876.22	62.115	8876.22	62.1155	8876.22	53.4952	8876.22	53.4931	8876.22	57.6409	8876.22	57.641	8876.22	53.6859	8876.22	53.6888	8876.22	61.1482
9189.7	86.4082	9189.7	86.0288	9189.7	86.0286	9189.7	85.14	9189.7	85.1397	9189.7	83.2978	9189.7	83.2974	9189.7	80.7546	9189.7	80.7541	9189.7	79.0455	9189.7	79.0453	9189.7	78.3872	9189.7	78.3867	9189.7	71.9718	9189.7	71.9714	9189.7	73.6735	9189.7	73.6732	9189.7	64.6228	9189.7	64.6225	9189.7	67.108	9189.7	67.1078	9189.7	59.1145	9189.7	59.1143	9189.7	58.2713	9189.7	58.2704	9189.7	61.0603	9189.7	61.0621	9189.7	60.9576	9189.7	60.9586	9189.7	49.44	9189.7	49.4394	9189.7	57.6932	9189.7	57.6939	9189.7	57.1409	9189.7	57.1427	9189.7	65.7851
9513.43	86.7838	9513.43	86.614	9513.43	86.6138	9513.43	84.7579	9513.43	84.7576	9513.43	83.4085	9513.43	83.4081	9513.43	80.7064	9513.43	80.706	9513.43	79.4081	9513.43	79.4078	9513.43	78.2682	9513.43	78.2678	9513.43	72.8309	9513.43	72.8306	9513.43	73.5606	9513.43	73.5603	9513.43	64.433	9513.43	64.4327	9513.43	66.3331	9513.43	66.3329	9513.43	57.1769	9513.43	57.1767	9513.43	59.2154	9513.43	59.2153	9513.43	60.3315	9513.43	60.3333	9513.43	59.5816	9513.43	59.5824	9513.43	52.7747	9513.43	52.7754	9513.43	57.5216	9513.43	57.5215	9513.43	56.3778	9513.43	56.3789	9513.43	61.2207
9848.88	86.9033	9848.88	86.5741	9848.88	86.5738	9848.88	85.0325	9848.88	85.0322	9848.88	83.3778	9848.88	83.3772	9848.88	80.4321	9848.88	80.4318	9848.88	79.2237	9848.88	79.2233	9848.88	77.4428	9848.88	77.4423	9848.88	72.793	9848.88	72.7928	9848.88	72.9263	9848.88	72.926	9848.88	62.9773	9848.88	62.9769	9848.88	65.1413	9848.88	65.141	9848.88	54.9308	9848.88	54.9308	9848.88	58.9948	9848.88	58.9948	9848.88	59.3667	9848.88	59.3685	9848.88	59.5199	9848.88	59.5208	9848.88	56.4241	9848.88	56.4242	9848.88	55.7925	9848.88	55.792	9848.88	53.669	9848.88	53.67	9848.88	57.9456
10196.8	86.8494	10196.8	86.6214	10196.8	86.6211	10196.8	85.0277	10196.8	85.0275	10196.8	83.1711	10196.8	83.1705	10196.8	79.7365	10196.8	79.7362	10196.8	78.4369	10196.8	78.4365	10196.8	75.732	10196.8	75.7315	10196.8	71.748	10196.8	71.7477	10196.8	70.5449	10196.8	70.5445	10196.8	63.814	10196.8	63.8137	10196.8	62.7787	10196.8	62.7784	10196.8	54.6771	10196.8	54.6774	10196.8	57.9436	10196.8	57.9438	10196.8	58.8337	10196.8	58.8347	10196.8	56.6271	10196.8	56.6275	10196.8	55.887	10196.8	55.8869	10196.8	55.126	10196.8	55.1262	10196.8	53.2486	10196.8	53.2497	10196.8	56.7352
10556.4	87.1497	10556.4	86.798	10556.4	86.7977	10556.4	84.8774	10556.4	84.8771	10556.4	82.7132	10556.4	82.7125	10556.4	78.5353	10556.4	78.535	10556.4	77.8941	10556.4	77.8936	10556.4	74.3198	10556.4	74.3192	10556.4	69.9593	10556.4	69.9591	10556.4	70.0103	10556.4	70.01	10556.4	59.7759	10556.4	59.7756	10556.4	61.7553	10556.4	61.755	10556.4	58.2549	10556.4	58.2548	10556.4	56.3155	10556.4	56.3158	10556.4	55.5415	10556.4	55.5433	10556.4	56.2641	10556.4	56.265	10556.4	49.3174	10556.4	49.3176	10556.4	55.5985	10556.4	55.5991	10556.4	40.6129	10556.4	40.6163	10556.4	58.0635
10928.5	87.2226	10928.5	86.7284	10928.5	86.7281	10928.5	84.4109	10928.5	84.4106	10928.5	82.0853	10928.5	82.0845	10928.5	77.0791	10928.5	77.0788	10928.5	75.3205	10928.5	75.3199	10928.5	71.9908	10928.5	71.9904	10928.5	69.2608	10928.5	69.2608	10928.5	70.0548	10928.5	70.0544	10928.5	59.5771	10928.5	59.5768	10928.5	62.1887	10928.5	62.1885	10928.5	56.779	10928.5	56.7789	10928.5	56.1703	10928.5	56.171	10928.5	56.4213	10928.5	56.4226	10928.5	58.8339	10928.5	58.8339	10928.5	47.0028	10928.5	47.0016	10928.5	53.531	10928.5	53.5319	10928.5	48.0635	10928.5	48.0649	10928.5	55.6559
11313.7	87.415	11313.7	86.7019	11313.7	86.7015	11313.7	83.8869	11313.7	83.8865	11313.7	81.0735	11313.7	81.0727	11313.7	76.3123	11313.7	76.312	11313.7	74.8444	11313.7	74.8438	11313.7	71.9881	11313.7	71.9876	11313.7	69.3968	11313.7	69.3969	11313.7	70.3167	11313.7	70.3162	11313.7	60.5936	11313.7	60.5933	11313.7	61.3715	11313.7	61.3714	11313.7	57.806	11313.7	57.8057	11313.7	58.0408	11313.7	58.0412	11313.7	52.0148	11313.7	52.0164	11313.7	58.8116	11313.7	58.8119	11313.7	49.2355	11313.7	49.238	11313.7	54.7132	11313.7	54.7142	11313.7	50.4979	11313.7	50.4986	11313.7	54.1814
11712.9	87.4001	11712.9	86.5043	11712.9	86.5039	11712.9	83.6511	11712.9	83.6507	11712.9	80.3632	11712.9	80.3622	11712.9	76.5749	11712.9	76.5748	11712.9	74.7507	11712.9	74.7501	11712.9	72.5894	11712.9	72.5888	11712.9	69.5113	11712.9	69.5115	11712.9	70.7937	11712.9	70.7933	11712.9	62.5354	11712.9	62.5351	11712.9	61.5336	11712.9	61.5335	11712.9	58.3075	11712.9	58.3072	11712.9	59.0746	11712.9	59.075	11712.9	51.461	11712.9	51.4637	11712.9	58.8639	11712.9	58.8649	11712.9	48.3776	11712.9	48.3789	11712.9	54.5583	11712.9	54.5591	11712.9	49.323	11712.9	49.3228	11712.9	49.9783
12126	87.457	12126	86.457	12126	86.4566	12126	83.2235	12126	83.223	12126	79.843	12126	79.8421	12126	76.3448	12126	76.3444	12126	73.9058	12126	73.9054	12126	72.4877	12126	72.4869	12126	69.5222	12126	69.5225	12126	70.8605	12126	70.86	12126	61.9205	12126	61.9202	12126	58.8982	12126	58.8982	12126	57.5578	12126	57.5574	12126	58.9587	12126	58.9586	12126	54.2407	12126	54.2409	12126	62.6491	12126	62.6492	12126	44.0744	12126	44.0745	12126	55.1871	12126	55.1869	12126	48.859	12126	48.8578	12126	48.7106
12553.7	87.3185	12553.7	86.428	12553.7	86.4276	12553.7	83.1356	12553.7	83.135	12553.7	79.6039	12553.7	79.6032	12553.7	76.2682	12553.7	76.2677	12553.7	74.3974	12553.7	74.3973	12553.7	73.1317	12553.7	73.1309	12553.7	69.707	12553.7	69.7071	12553.7	70.2023	12553.7	70.2018	12553.7	61.3447	12553.7	61.3444	12553.7	59.9032	12553.7	59.9031	12553.7	57.4273	12553.7	57.4266	12553.7	58.8219	12553.7	58.822	12553.7	54.2791	12553.7	54.2773	12553.7	60.6904	12553.7	60.6909	12553.7	48.565	12553.7	48.5677	12553.7	54.3803	12553.7	54.3808	12553.7	52.333	12553.7	52.3332	12553.7	53.0593
12996.1	87.1593	12996.1	85.9618	12996.1	85.9613	12996.1	82.6924	12996.1	82.6918	12996.1	79.3601	12996.1	79.3594	12996.1	76.4743	12996.1	76.4739	12996.1	74.7356	12996.1	74.7354	12996.1	72.8756	12996.1	72.8749	12996.1	69.0225	12996.1	69.0226	12996.1	69.8057	12996.1	69.8052	12996.1	61.3426	12996.1	61.3423	12996.1	60.3596	12996.1	60.3595	12996.1	56.3687	12996.1	56.3679	12996.1	57.0847	12996.1	57.0847	12996.1	50.2195	12996.1	50.2184	12996.1	58.5711	12996.1	58.5726	12996.1	51.1175	12996.1	51.119	12996.1	52.2022	12996.1	52.2029	12996.1	50.4942	12996.1	50.4944	12996.1	50.8337
13454.6	86.784	13454.6	85.6555	13454.6	85.655	13454.6	81.8687	13454.6	81.8681	13454.6	79.0329	13454.6	79.0322	13454.6	76.1081	13454.6	76.1078	13454.6	74.4555	13454.6	74.4552	13454.6	72.1442	13454.6	72.1434	13454.6	69.1184	13454.6	69.1185	13454.6	69.4077	13454.6	69.4072	13454.6	61.6574	13454.6	61.6571	13454.6	58.7884	13454.6	58.7883	13454.6	55.2244	13454.6	55.2237	13454.6	57.6363	13454.6	57.6363	13454.6	52.9259	13454.6	52.9246	13454.6	59.4077	13454.6	59.4086	13454.6	47.8998	13454.6	47.9	13454.6	50.5963	13454.6	50.597	13454.6	53.2183	13454.6	53.2188	13454.6	53.9436
13928.5	86.2273	13928.5	84.9007	13928.5	84.9002	13928.5	81.5417	13928.5	81.5412	13928.5	78.6306	13928.5	78.6298	13928.5	75.9564	13928.5	75.9562	13928.5	74.9333	13928.5	74.933	13928.5	73.0937	13928.5	73.093	13928.5	68.8918	13928.5	68.8918	13928.5	68.2676	13928.5	68.2671	13928.5	63.0204	13928.5	63.0201	13928.5	60.0278	13928.5	60.0277	13928.5	54.2486	13928.5	54.2476	13928.5	55.5279	13928.5	55.528	13928.5	53.2895	13928.5	53.2896	13928.5	55.3282	13928.5	55.3305	13928.5	49.7896	13928.5	49.7911	13928.5	42.1106	13928.5	42.1123	13928.5	50.1833	13928.5	50.1846	13928.5	51.84
14419.9	85.7108	14419.9	84.3521	14419.9	84.3515	14419.9	80.9456	14419.9	80.9452	14419.9	78.3838	14419.9	78.383	14419.9	75.748	14419.9	75.7478	14419.9	74.1046	14419.9	74.1043	14419.9	71.8664	14419.9	71.8656	14419.9	68.7101	14419.9	68.7102	14419.9	67.9404	14419.9	67.9399	14419.9	62.3092	14419.9	62.3089	14419.9	57.4112	14419.9	57.411	14419.9	52.5795	14419.9	52.5787	14419.9	57.1702	14419.9	57.1706	14419.9	55.1555	14419.9	55.1563	14419.9	54.3432	14419.9	54.3449	14419.9	49.8268	14419.9	49.8272	14419.9	37.0735	14419.9	37.0783	14419.9	49.6647	14419.9	49.6659	14419.9	49.7914
14928.2	85.0578	14928.2	83.8611	14928.2	83.8606	14928.2	80.5054	14928.2	80.505	14928.2	77.908	14928.2	77.9072	14928.2	75.2995	14928.2	75.2994	14928.2	74.1624	14928.2	74.1621	14928.2	71.0564	14928.2	71.0555	14928.2	66.9137	14928.2	66.9139	14928.2	66.798	14928.2	66.7975	14928.2	60.9149	14928.2	60.9146	14928.2	56.4221	14928.2	56.4219	14928.2	53.6329	14928.2	53.6325	14928.2	55.0224	14928.2	55.0233	14928.2	55.3392	14928.2	55.3401	14928.2	47.5591	14928.2	47.562	14928.2	49.7256	14928.2	49.7272	14928.2	39.0489	14928.2	39.0555	14928.2	53.3972	14928.2	53.3979	14928.2	42.7425
15454.8	84.7862	15454.8	83.7442	15454.8	83.7437	15454.8	80.399	15454.8	80.3987	15454.8	77.4326	15454.8	77.4316	15454.8	75.053	15454.8	75.0529	15454.8	73.7988	15454.8	73.7984	15454.8	68.6015	15454.8	68.6001	15454.8	63.7288	15454.8	63.7292	15454.8	62.8941	15454.8	62.8934	15454.8	57.1501	15454.8	57.1499	15454.8	53.9201	15454.8	53.9199	15454.8	54.3894	15454.8	54.3892	15454.8	54.266	15454.8	54.2667	15454.8	53.3588	15454.8	53.3592	15454.8	48.3968	15454.8	48.396	15454.8	47.1814	15454.8	47.1839	15454.8	40.0528	15454.8	40.0534	15454.8	42.6592	15454.8	42.6641	15454.8	50.1681
15999.8	84.4936	15999.8	83.5331	15999.8	83.5327	15999.8	80.3474	15999.8	80.347	15999.8	77.1645	15999.8	77.1635	15999.8	74.1716	15999.8	74.1712	15999.8	71.6036	15999.8	71.6034	15999.8	68.1348	15999.8	68.1333	15999.8	65.9655	15999.8	65.9655	15999.8	65.4585	15999.8	65.458	15999.8	61.1827	15999.8	61.1824	15999.8	60.3656	15999.8	60.3653	15999.8	54.8825	15999.8	54.8823	15999.8	53.4613	15999.8	53.4615	15999.8	49.7766	15999.8	49.7758	15999.8	48.8306	15999.8	48.8276	15999.8	42.1083	15999.8	42.113	15999.8	47.1631	15999.8	47.1604	15999.8	41.2301	15999.8	41.2252	15999.8	47.1525
16564.5	84.4874	16564.5	83.4027	16564.5	83.4023	16564.5	80.4708	16564.5	80.4704	16564.5	77.1443	16564.5	77.1435	16564.5	75.2157	16564.5	75.2153	16564.5	72.9824	16564.5	72.9824	16564.5	70.8623	16564.5	70.8614	16564.5	70.5942	16564.5	70.5941	16564.5	69.1302	16564.5	69.1297	16564.5	66.4671	16564.5	66.4668	16564.5	64.4783	16564.5	64.4781	16564.5	58.3827	16564.5	58.3825	16564.5	54.8181	16564.5	54.8183	16564.5	50.6562	16564.5	50.6567	16564.5	52.58	16564.5	52.5784	16564.5	46.9545	16564.5	46.9527	16564.5	49.5357	16564.5	49.533	16564.5	47.9043	16564.5	47.9013	16564.5	45.9183
17148.2	83.7777	17148.2	82.9466	17148.2	82.9462	17148.2	80.339	17148.2	80.3386	17148.2	77.7009	17148.2	77.7003	17148.2	76.6859	17148.2	76.6855	17148.2	75.1506	17148.2	75.1507	17148.2	73.802	17148.2	73.8012	17148.2	72.463	17148.2	72.4629	17148.2	71.5287	17148.2	71.5282	17148.2	66.7607	17148.2	66.7604	17148.2	65.253	17148.2	65.2527	17148.2	60.0721	17148.2	60.0718	17148.2	55.4276	17148.2	55.4283	17148.2	52.4336	17148.2	52.4352	17148.2	55.3053	17148.2	55.3049	17148.2	52.5426	17148.2	52.5407	17148.2	49.0273	17148.2	49.0243	17148.2	50.0196	17148.2	50.0163	17148.2	53.7269
17753.2	83.5344	17753.2	82.5962	17753.2	82.5959	17753.2	80.4779	17753.2	80.4775	17753.2	78.3723	17753.2	78.3719	17753.2	77.5896	17753.2	77.5892	17753.2	76.4329	17753.2	76.4327	17753.2	73.2276	17753.2	73.2267	17753.2	71.02	17753.2	71.0199	17753.2	69.8043	17753.2	69.8038	17753.2	65.8678	17753.2	65.8675	17753.2	64.4799	17753.2	64.4797	17753.2	58.2755	17753.2	58.2751	17753.2	54.1483	17753.2	54.1488	17753.2	50.2508	17753.2	50.2521	17753.2	53.8169	17753.2	53.8161	17753.2	52.4919	17753.2	52.4897	17753.2	49.9866	17753.2	49.9845	17753.2	51.5788	17753.2	51.5769	17753.2	52.58
18379.4	83.0922	18379.4	82.2439	18379.4	82.2436	18379.4	80.1015	18379.4	80.1012	18379.4	78.6402	18379.4	78.6399	18379.4	76.9676	18379.4	76.9671	18379.4	74.6849	18379.4	74.6847	18379.4	71.5544	18379.4	71.5536	18379.4	67.8624	18379.4	67.8624	18379.4	68.2123	18379.4	68.2118	18379.4	64.1745	18379.4	64.1742	18379.4	61.5725	18379.4	61.5722	18379.4	55.4771	18379.4	55.4766	18379.4	52.1583	18379.4	52.1593	18379.4	50.3333	18379.4	50.3339	18379.4	51.1124	18379.4	51.1118	18379.4	51.9	18379.4	51.8981	18379.4	44.844	18379.4	44.8408	18379.4	51.3328	18379.4	51.3312	18379.4	50.1246
19027.6	82.0447	19027.6	81.4122	19027.6	81.412	19027.6	79.9039	19027.6	79.9035	19027.6	77.9621	19027.6	77.9616	19027.6	74.7874	19027.6	74.7868	19027.6	73.2058	19027.6	73.2056	19027.6	67.8417	19027.6	67.8404	19027.6	60.7696	19027.6	60.7699	19027.6	64.4998	19027.6	64.4993	19027.6	60.8184	19027.6	60.8181	19027.6	56.207	19027.6	56.2066	19027.6	50.6816	19027.6	50.6812	19027.6	47.3955	19027.6	47.397	19027.6	45.6522	19027.6	45.6518	19027.6	44.9475	19027.6	44.9476	19027.6	45.443	19027.6	45.4406	19027.6	38.6598	19027.6	38.6554	19027.6	45.2479	19027.6	45.2452	19027.6	48.425
19698.5	81.0752	19698.5	80.826	19698.5	80.8258	19698.5	79.1055	19698.5	79.1051	19698.5	77.1988	19698.5	77.1981	19698.5	71.1665	19698.5	71.1658	19698.5	70.2855	19698.5	70.2851	19698.5	59.1363	19698.5	59.1338	19698.5	49.9134	19698.5	49.9122	19698.5	61.0289	19698.5	61.0285	19698.5	59.0217	19698.5	59.0215	19698.5	46.4662	19698.5	46.4655	19698.5	32.0807	19698.5	32.0843	19698.5	45.0922	19698.5	45.0928	19698.5	42.2894	19698.5	42.2892	19698.5	42.1236	19698.5	42.1225	19698.5	47.8981	19698.5	47.8957	19698.5	32.7411	19698.5	32.7418	19698.5	39.4509	19698.5	39.4463	19698.5	44.9081
19999.5	81.476	19999.5	80.9075	19999.5	80.9073	19999.5	78.966	19999.5	78.9657	19999.5	77.1155	19999.5	77.1147	19999.5	70.0736	19999.5	70.073	19999.5	69.497	19999.5	69.4965	19999.5	55.4404	19999.5	55.4377	19999.5	59.2459	19999.5	59.2457	19999.5	61.107	19999.5	61.1067	19999.5	60.9509	19999.5	60.9507	19999.5	43.4813	19999.5	43.4818	19999.5	51.5754	19999.5	51.5753	19999.5	51.2519	19999.5	51.2507	19999.5	47.3225	19999.5	47.3222	19999.5	44.2415	19999.5	44.2438	19999.5	43.1405	19999.5	43.1362	19999.5	46.3779	19999.5	46.374	19999.5	45.6225	19999.5	45.625	19999.5	46.4269
