"SPL Vertical"																																																																							
"On-Axis"		"10°"		"-10°"		"20°"		"-20°"		"30°"		"-30°"		"40°"		"-40°"		"50°"		"-50°"		"60°"		"-60°"		"70°"		"-70°"		"80°"		"-80°"		"90°"		"-90°"		"100°"		"-100°"		"110°"		"-110°"		"120°"		"-120°"		"130°"		"-130°"		"140°"		"-140°"		"150°"		"-150°"		"160°"		"-160°"		"170°"		"-170°"		"180°"	
"Frequency / Hz"	"Sound Pressure Level / dB (re 20 µPa)  [2.83V at 1m]"	"Frequency / Hz"	"Sound Pressure Level / dB (re 20 µPa)  [2.83V at 1m]"	"Frequency / Hz"	"Sound Pressure Level / dB (re 20 µPa)  [2.83V at 1m]"	"Frequency / Hz"	"Sound Pressure Level / dB (re 20 µPa)  [2.83V at 1m]"	"Frequency / Hz"	"Sound Pressure Level / dB (re 20 µPa)  [2.83V at 1m]"	"Frequency / Hz"	"Sound Pressure Level / dB (re 20 µPa)  [2.83V at 1m]"	"Frequency / Hz"	"Sound Pressure Level / dB (re 20 µPa)  [2.83V at 1m]"	"Frequency / Hz"	"Sound Pressure Level / dB (re 20 µPa)  [2.83V at 1m]"	"Frequency / Hz"	"Sound Pressure Level / dB (re 20 µPa)  [2.83V at 1m]"	"Frequency / Hz"	"Sound Pressure Level / dB (re 20 µPa)  [2.83V at 1m]"	"Frequency / Hz"	"Sound Pressure Level / dB (re 20 µPa)  [2.83V at 1m]"	"Frequency / Hz"	"Sound Pressure Level / dB (re 20 µPa)  [2.83V at 1m]"	"Frequency / Hz"	"Sound Pressure Level / dB (re 20 µPa)  [2.83V at 1m]"	"Frequency / Hz"	"Sound Pressure Level / dB (re 20 µPa)  [2.83V at 1m]"	"Frequency / Hz"	"Sound Pressure Level / dB (re 20 µPa)  [2.83V at 1m]"	"Frequency / Hz"	"Sound Pressure Level / dB (re 20 µPa)  [2.83V at 1m]"	"Frequency / Hz"	"Sound Pressure Level / dB (re 20 µPa)  [2.83V at 1m]"	"Frequency / Hz"	"Sound Pressure Level / dB (re 20 µPa)  [2.83V at 1m]"	"Frequency / Hz"	"Sound Pressure Level / dB (re 20 µPa)  [2.83V at 1m]"	"Frequency / Hz"	"Sound Pressure Level / dB (re 20 µPa)  [2.83V at 1m]"	"Frequency / Hz"	"Sound Pressure Level / dB (re 20 µPa)  [2.83V at 1m]"	"Frequency / Hz"	"Sound Pressure Level / dB (re 20 µPa)  [2.83V at 1m]"	"Frequency / Hz"	"Sound Pressure Level / dB (re 20 µPa)  [2.83V at 1m]"	"Frequency / Hz"	"Sound Pressure Level / dB (re 20 µPa)  [2.83V at 1m]"	"Frequency / Hz"	"Sound Pressure Level / dB (re 20 µPa)  [2.83V at 1m]"	"Frequency / Hz"	"Sound Pressure Level / dB (re 20 µPa)  [2.83V at 1m]"	"Frequency / Hz"	"Sound Pressure Level / dB (re 20 µPa)  [2.83V at 1m]"	"Frequency / Hz"	"Sound Pressure Level / dB (re 20 µPa)  [2.83V at 1m]"	"Frequency / Hz"	"Sound Pressure Level / dB (re 20 µPa)  [2.83V at 1m]"	"Frequency / Hz"	"Sound Pressure Level / dB (re 20 µPa)  [2.83V at 1m]"	"Frequency / Hz"	"Sound Pressure Level / dB (re 20 µPa)  [2.83V at 1m]"	"Frequency / Hz"	"Sound Pressure Level / dB (re 20 µPa)  [2.83V at 1m]"	"Frequency / Hz"	"Sound Pressure Level / dB (re 20 µPa)  [2.83V at 1m]"	"Frequency / Hz"	"Sound Pressure Level / dB (re 20 µPa)  [2.83V at 1m]"	"Frequency / Hz"	"Sound Pressure Level / dB (re 20 µPa)  [2.83V at 1m]"	"Frequency / Hz"	"Sound Pressure Level / dB (re 20 µPa)  [2.83V at 1m]"
20.5078	50.7112	20.5078	49.9992	20.5078	51.1794	20.5078	49.086	20.5078	51.3844	20.5078	48.0938	20.5078	51.3069	20.5078	47.3277	20.5078	50.9215	20.5078	47.2825	20.5078	50.2045	20.5078	48.2292	20.5078	49.1797	20.5078	49.8561	20.5078	48.0809	20.5078	51.6891	20.5078	47.6657	20.5078	53.4602	20.5078	48.7971	20.5078	55.0734	20.5078	51.0331	20.5078	56.5059	20.5078	53.4131	20.5078	57.7564	20.5078	55.5166	20.5078	58.8254	20.5078	57.2588	20.5078	59.7094	20.5078	58.65	20.5078	60.4002	20.5078	59.716	20.5078	60.8856	20.5078	60.4809	20.5078	61.1514	20.5078	60.9643	20.5078	61.1826
21.2402	53.2547	21.2402	52.817	21.2402	53.5727	21.2402	52.3281	21.2402	53.7329	21.2402	51.9069	21.2402	53.7151	21.2402	51.7269	21.2402	53.5147	21.2402	51.9604	21.2402	53.1542	21.2402	52.6657	21.2402	52.7169	21.2402	53.7397	21.2402	52.401	21.2402	55.0056	21.2402	52.5259	21.2402	56.3148	21.2402	53.3309	21.2402	57.5764	21.2402	54.7108	21.2402	58.7428	21.2402	56.3324	21.2402	59.7895	21.2402	57.9198	21.2402	60.7014	21.2402	59.3312	21.2402	61.4654	21.2402	60.5098	21.2402	62.0677	21.2402	61.4386	21.2402	62.4931	21.2402	62.1169	21.2402	62.7254	21.2402	62.5506	21.2402	62.7494
21.9727	54.7251	21.9727	54.3517	21.9727	54.9962	21.9727	53.9356	21.9727	55.129	21.9727	53.5712	21.9727	55.1013	21.9727	53.3909	21.9727	54.9038	21.9727	53.5308	21.9727	54.5477	21.9727	54.0599	21.9727	54.0911	21.9727	54.9309	21.9727	53.6851	21.9727	56.018	21.9727	53.6049	21.9727	57.1903	21.9727	54.1313	21.9727	58.3529	21.9727	55.2794	21.9727	59.4475	21.9727	56.7729	21.9727	60.4402	21.9727	58.3111	21.9727	61.3095	21.9727	59.7144	21.9727	62.0382	21.9727	60.9029	21.9727	62.6103	21.9727	61.8486	21.9727	63.0091	21.9727	62.5462	21.9727	63.2177	21.9727	63.0001	21.9727	63.2197
22.7051	54.9796	22.7051	54.5674	22.7051	55.2793	22.7051	54.0993	22.7051	55.4324	22.7051	53.6672	22.7051	55.4176	22.7051	53.4051	22.7051	55.2249	22.7051	53.4606	22.7051	54.8637	22.7051	53.9205	22.7051	54.3885	22.7051	54.75	22.7051	53.948	22.7051	55.8231	22.7051	53.8236	22.7051	57.0018	22.7051	54.3164	22.7051	58.1846	22.7051	55.4562	22.7051	59.309	22.7051	56.9579	22.7051	60.3383	22.7051	58.506	22.7051	61.2481	22.7051	59.9137	22.7051	62.0192	22.7051	61.0999	22.7051	62.633	22.7051	62.0368	22.7051	63.071	22.7051	62.7196	22.7051	63.3149	22.7051	63.1533	22.7051	63.3474
23.4375	55.5258	23.4375	55.0173	23.4375	55.8545	23.4375	54.3498	23.4375	55.9903	23.4375	53.5692	23.4375	55.9213	23.4375	52.7819	23.4375	55.6362	23.4375	52.2002	23.4375	55.1327	23.4375	52.1246	23.4375	54.4427	23.4375	52.7457	23.4375	53.6951	23.4375	53.944	23.4375	53.214	23.4375	55.422	23.4375	53.4685	23.4375	56.9384	23.4375	54.6162	23.4375	58.3645	23.4375	56.2788	23.4375	59.6435	23.4375	58.0072	23.4375	60.7503	23.4375	59.5621	23.4375	61.6713	23.4375	60.8566	23.4375	62.3949	23.4375	61.869	23.4375	62.9087	23.4375	62.6	23.4375	63.1995	23.4375	63.058	23.4375	63.2537
24.1699	54.6906	24.1699	54.2182	24.1699	55.0262	24.1699	53.69	24.1699	55.1823	24.1699	53.2505	24.1699	55.1369	24.1699	53.1111	24.1699	54.8862	24.1699	53.4656	24.1699	54.4621	24.1699	54.3427	24.1699	53.979	24.1699	55.5836	24.1699	53.7065	24.1699	56.9809	24.1699	54.0373	24.1699	58.3851	24.1699	55.156	24.1699	59.7153	24.1699	56.8036	24.1699	60.9326	24.1699	58.5843	24.1699	62.0184	24.1699	60.2489	24.1699	62.9608	24.1699	61.6922	24.1699	63.7489	24.1699	62.8804	24.1699	64.3704	24.1699	63.8082	24.1699	64.8114	24.1699	64.48	24.1699	65.0572	24.1699	64.9047	24.1699	65.0929
25.6348	57.9631	25.6348	57.7314	25.6348	58.1612	25.6348	57.5212	25.6348	58.2888	25.6348	57.4046	25.6348	58.3266	25.6348	57.4588	25.6348	58.2737	25.6348	57.7418	25.6348	58.1541	25.6348	58.2668	25.6348	58.029	25.6348	58.9969	25.6348	58.0067	25.6348	59.8651	25.6348	58.2273	25.6348	60.801	25.6348	58.796	25.6348	61.7467	25.6348	59.7035	25.6348	62.66	25.6348	60.827	25.6348	63.51	25.6348	62.0106	25.6348	64.2728	25.6348	63.1306	25.6348	64.9271	25.6348	64.1097	25.6348	65.4524	25.6348	64.9057	25.6348	65.8285	25.6348	65.4987	25.6348	66.0362	25.6348	65.8822	25.6348	66.0585
26.3672	58.5066	26.3672	58.37	26.3672	58.6327	26.3672	58.2751	26.3672	58.7121	26.3672	58.2846	26.3672	58.726	26.3672	58.4588	26.3672	58.677	26.3672	58.8357	26.3672	58.5957	26.3672	59.4159	26.3672	58.5512	26.3672	60.1636	26.3672	58.653	26.3672	61.0226	26.3672	59.0219	26.3672	61.9348	26.3672	59.7227	26.3672	62.8514	26.3672	60.7115	26.3672	63.7347	26.3672	61.8621	26.3672	64.5561	26.3672	63.0376	26.3672	65.2921	26.3672	64.1345	26.3672	65.9219	26.3672	65.0881	26.3672	66.4257	26.3672	65.8628	26.3672	66.784	26.3672	66.4413	26.3672	66.9789	26.3672	66.8178	26.3672	66.9943
27.0996	59.9436	27.0996	59.8175	27.0996	60.0555	27.0996	59.7192	27.0996	60.1248	27.0996	59.7016	27.0996	60.1385	27.0996	59.8195	27.0996	60.1019	27.0996	60.1152	27.0996	60.0444	27.0996	60.6026	27.0996	60.0269	27.0996	61.2621	27.0996	60.141	27.0996	62.049	27.0996	60.486	27.0996	62.9088	27.0996	61.1173	27.0996	63.7904	27.0996	62.0053	27.0996	64.6517	27.0996	63.0499	27.0996	65.4591	27.0996	64.1326	27.0996	66.1858	27.0996	65.1565	27.0996	66.8088	27.0996	66.0563	27.0996	67.3073	27.0996	66.793	27.0996	67.6622	27.0996	67.3461	27.0996	67.8563	27.0996	67.7067	27.0996	67.8747
27.832	60.729	27.832	60.5701	27.832	60.8651	27.832	60.4274	27.832	60.9531	27.832	60.3514	27.832	60.9813	27.832	60.3985	27.832	60.9537	27.832	60.617	27.832	60.8954	27.832	61.0308	27.832	60.8587	27.832	61.629	27.832	60.9251	27.832	62.371	27.832	61.1893	27.832	63.2016	27.832	61.7171	27.832	64.0663	27.832	62.5011	27.832	64.9189	27.832	63.4605	27.832	65.7228	27.832	64.4835	27.832	66.4491	27.832	65.4699	27.832	67.0732	27.832	66.3481	27.832	67.5736	27.832	67.0735	27.832	67.9303	27.832	67.6209	27.832	68.1259	27.832	67.979	27.832	68.1456
29.2969	61.8351	29.2969	61.7122	29.2969	61.9543	29.2969	61.6237	29.2969	62.0433	29.2969	61.616	29.2969	62.0888	29.2969	61.7352	29.2969	62.0932	29.2969	62.0152	29.2969	62.0784	29.2969	62.4657	29.2969	62.0904	29.2969	63.0686	29.2969	62.1993	29.2969	63.7853	29.2969	62.4847	29.2969	64.5689	29.2969	63.0016	29.2969	65.3749	29.2969	63.7455	29.2969	66.1655	29.2969	64.6497	29.2969	66.9102	29.2969	65.6172	29.2969	67.5834	29.2969	66.5565	29.2969	68.1628	29.2969	67.3985	29.2969	68.6275	29.2969	68.0982	29.2969	68.9579	29.2969	68.6295	29.2969	69.1361	29.2969	68.9799	29.2969	69.1471
30.0293	62.8131	30.0293	62.7155	30.0293	62.9117	30.0293	62.6494	30.0293	62.9905	30.0293	62.6518	30.0293	63.0403	30.0293	62.76	30.0293	63.0663	30.0293	63.0032	30.0293	63.0911	30.0293	63.3938	30.0293	63.1576	30.0293	63.9235	30.0293	63.3262	30.0293	64.5659	30.0293	63.6592	30.0293	65.2847	30.0293	64.1941	30.0293	66.0411	30.0293	64.9186	30.0293	66.7994	30.0293	65.7729	30.0293	67.5279	30.0293	66.674	30.0293	68.1984	30.0293	67.5428	30.0293	68.7858	30.0293	68.3179	30.0293	69.2667	30.0293	68.9576	30.0293	69.6196	30.0293	69.4364	30.0293	69.8258	30.0293	69.7416	30.0293	69.8699
31.4941	64.4444	31.4941	64.3795	31.4941	64.5216	31.4941	64.3513	31.4941	64.5941	31.4941	64.3885	31.4941	64.6543	31.4941	64.5189	31.4941	64.7068	31.4941	64.7636	31.4941	64.7696	31.4941	65.1309	31.4941	64.876	31.4941	65.614	31.4941	65.0702	31.4941	66.1925	31.4941	65.397	31.4941	66.8374	31.4941	65.8828	31.4941	67.5172	31.4941	66.5204	31.4941	68.2011	31.4941	67.2675	31.4941	68.8609	31.4941	68.0615	31.4941	69.4706	31.4941	68.8371	31.4941	70.0063	31.4941	69.5391	31.4941	70.4452	31.4941	70.1265	31.4941	70.7665	31.4941	70.5721	31.4941	70.9516	31.4941	70.8604	31.4941	70.9861
32.2266	65.1974	32.2266	65.1368	32.2266	65.2722	32.2266	65.1126	32.2266	65.3457	32.2266	65.1507	32.2266	65.4107	32.2266	65.2763	32.2266	65.4712	32.2266	65.5087	32.2266	65.5429	32.2266	65.8558	32.2266	65.655	32.2266	66.3122	32.2266	65.8462	32.2266	66.8599	32.2266	66.1562	32.2266	67.4731	32.2266	66.6097	32.2266	68.1222	32.2266	67.2032	32.2266	68.7783	32.2266	67.9022	32.2266	69.4137	32.2266	68.6512	32.2266	70.0029	32.2266	69.3894	32.2266	70.522	32.2266	70.0633	32.2266	70.948	32.2266	70.6313	32.2266	71.2599	32.2266	71.0648	32.2266	71.4391	32.2266	71.3469	32.2266	71.4711
33.6914	66.9914	33.6914	66.9499	33.6914	67.0482	33.6914	66.9403	33.6914	67.1087	33.6914	66.9818	33.6914	67.1682	33.6914	67.0938	33.6914	67.2301	33.6914	67.2918	33.6914	67.3078	33.6914	67.5845	33.6914	67.4243	33.6914	67.9711	33.6914	67.6099	33.6914	68.4412	33.6914	67.8957	33.6914	68.9768	33.6914	68.3017	33.6914	69.5545	33.6914	68.8271	33.6914	70.1485	33.6914	69.4459	33.6914	70.7327	33.6914	70.1137	33.6914	71.2813	33.6914	70.7784	33.6914	71.7693	33.6914	71.3909	33.6914	72.1732	33.6914	71.9112	33.6914	72.4713	33.6914	72.3099	33.6914	72.6452	33.6914	72.569	33.6914	72.6805
34.4238	67.7585	34.4238	67.715	34.4238	67.8181	34.4238	67.7026	34.4238	67.8832	34.4238	67.7389	34.4238	67.9496	34.4238	67.8419	34.4238	68.0204	34.4238	68.0261	34.4238	68.1073	34.4238	68.3004	34.4238	68.2308	34.4238	68.6651	34.4238	68.418	34.4238	69.1116	34.4238	68.6961	34.4238	69.6237	34.4238	69.0837	34.4238	70.1795	34.4238	69.5807	34.4238	70.7543	34.4238	70.1649	34.4238	71.3223	34.4238	70.7964	34.4238	71.8575	34.4238	71.4272	34.4238	72.3353	34.4238	72.0105	34.4238	72.7321	34.4238	72.5072	34.4238	73.0264	34.4238	72.8881	34.4238	73.1998	34.4238	73.1347	34.4238	73.2385
35.8887	69.2482	35.8887	69.2026	35.8887	69.3106	35.8887	69.1862	35.8887	69.3811	35.8887	69.2138	35.8887	69.4565	35.8887	69.301	35.8887	69.5391	35.8887	69.4609	35.8887	69.6387	35.8887	69.7025	35.8887	69.7713	35.8887	70.0279	35.8887	69.9581	35.8887	70.431	35.8887	70.2208	35.8887	70.8987	35.8887	70.5743	35.8887	71.4115	35.8887	71.0196	35.8887	71.9466	35.8887	71.5403	35.8887	72.4793	35.8887	72.1044	35.8887	72.9847	35.8887	72.6713	35.8887	73.4383	35.8887	73.1992	35.8887	73.8172	35.8887	73.6512	35.8887	74.1004	35.8887	73.9986	35.8887	74.2702	35.8887	74.2225	35.8887	74.3132
37.3535	70.7022	37.3535	70.6669	37.3535	70.7601	37.3535	70.6648	37.3535	70.8329	37.3535	70.7083	37.3535	70.9173	37.3535	70.8097	37.3535	71.0147	37.3535	70.9791	37.3535	71.1325	37.3535	71.2225	37.3535	71.283	37.3535	71.5398	37.3535	71.4821	37.3535	71.9248	37.3535	71.7461	37.3535	72.3649	37.3535	72.0859	37.3535	72.8431	37.3535	72.5019	37.3535	73.3393	37.3535	72.9807	37.3535	73.8317	37.3535	73.4963	37.3535	74.2985	37.3535	74.0142	37.3535	74.7177	37.3535	74.4978	37.3535	75.0681	37.3535	74.9136	37.3535	75.3302	37.3535	75.2345	37.3535	75.4872	37.3535	75.442	37.3535	75.5266
38.8184	72.1576	38.8184	72.1335	38.8184	72.2049	38.8184	72.1407	38.8184	72.2698	38.8184	72.1883	38.8184	72.3498	38.8184	72.2853	38.8184	72.446	38.8184	72.4393	38.8184	72.5639	38.8184	72.6547	38.8184	72.713	38.8184	72.9323	38.8184	72.9055	38.8184	73.2678	38.8184	73.1535	38.8184	73.6524	38.8184	73.4653	38.8184	74.0734	38.8184	73.8413	38.8184	74.5146	38.8184	74.2708	38.8184	74.9579	38.8184	74.7321	38.8184	75.3833	38.8184	75.1963	38.8184	75.7703	38.8184	75.6307	38.8184	76.0981	38.8184	76.0045	38.8184	76.3472	38.8184	76.2923	38.8184	76.5006	38.8184	76.4758	38.8184	76.5456
39.5508	72.8319	39.5508	72.8061	39.5508	72.881	39.5508	72.8107	39.5508	72.9483	39.5508	72.8538	39.5508	73.0316	39.5508	72.9436	39.5508	73.1318	39.5508	73.0869	39.5508	73.2537	39.5508	73.2883	39.5508	73.4054	39.5508	73.5486	39.5508	73.5973	39.5508	73.8647	39.5508	73.8399	39.5508	74.2291	39.5508	74.1403	39.5508	74.6303	39.5508	74.4986	39.5508	75.0533	39.5508	74.9053	39.5508	75.4809	39.5508	75.341	39.5508	75.8935	39.5508	75.7789	39.5508	76.2709	39.5508	76.1888	39.5508	76.5926	39.5508	76.5414	39.5508	76.839	39.5508	76.8118	39.5508	76.9934	39.5508	76.9822	39.5508	77.0432
41.0156	74.0905	41.0156	74.0657	41.0156	74.139	41.0156	74.0703	41.0156	74.2071	41.0156	74.1109	41.0156	74.2929	41.0156	74.1939	41.0156	74.3969	41.0156	74.3252	41.0156	74.5226	41.0156	74.5085	41.0156	74.6759	41.0156	74.7449	41.0156	74.8645	41.0156	75.0321	41.0156	75.0962	41.0156	75.364	41.0156	75.3761	41.0156	75.7309	41.0156	75.7042	41.0156	76.1197	41.0156	76.0725	41.0156	76.5149	41.0156	76.4652	41.0156	76.8986	41.0156	76.8595	41.0156	77.2517	41.0156	77.2288	41.0156	77.5548	41.0156	77.5466	41.0156	77.7892	41.0156	77.7897	41.0156	77.9386	41.0156	77.941	41.0156	77.9912
42.4805	75.2563	42.4805	75.2305	42.4805	75.3062	42.4805	75.2333	42.4805	75.3767	42.4805	75.2701	42.4805	75.4661	42.4805	75.3459	42.4805	75.5744	42.4805	75.4655	42.4805	75.7038	42.4805	75.632	42.4805	75.8587	42.4805	75.8465	42.4805	76.0445	42.4805	76.107	42.4805	76.2665	42.4805	76.4089	42.4805	76.5285	42.4805	76.7439	42.4805	76.83	42.4805	77.1011	42.4805	77.1643	42.4805	77.4664	42.4805	77.5183	42.4805	77.8238	42.4805	77.8725	42.4805	78.1555	42.4805	78.2036	42.4805	78.4428	42.4805	78.4879	42.4805	78.668	42.4805	78.7037	42.4805	78.8151	42.4805	78.835	42.4805	78.8727
43.9453	76.353	43.9453	76.3293	43.9453	76.4007	43.9453	76.3332	43.9453	76.4698	43.9453	76.3688	43.9453	76.5586	43.9453	76.4401	43.9453	76.6671	43.9453	76.5507	43.9453	76.7965	43.9453	76.7031	43.9453	76.9498	43.9453	76.8984	43.9453	77.1307	43.9453	77.1352	43.9453	77.3428	43.9453	77.4097	43.9453	77.5886	43.9453	77.7155	43.9453	77.867	43.9453	78.0429	43.9453	78.1725	43.9453	78.3797	43.9453	78.4937	43.9453	78.7111	43.9453	78.8139	43.9453	79.0207	43.9453	79.1127	43.9453	79.2909	43.9453	79.3685	43.9453	79.5045	43.9453	79.5617	43.9453	79.6465	43.9453	79.677	43.9453	79.7058
45.4102	77.3174	45.4102	77.2928	45.4102	77.3663	45.4102	77.2954	45.4102	77.4372	45.4102	77.3281	45.4102	77.5288	45.4102	77.3943	45.4102	77.6406	45.4102	77.4966	45.4102	77.7732	45.4102	77.6371	45.4102	77.928	45.4102	77.8166	45.4102	78.1073	45.4102	78.0341	45.4102	78.3131	45.4102	78.2867	45.4102	78.5465	45.4102	78.5686	45.4102	78.8059	45.4102	78.8716	45.4102	79.0862	45.4102	79.1847	45.4102	79.3779	45.4102	79.4946	45.4102	79.6666	45.4102	79.7859	45.4102	79.9345	45.4102	80.0422	45.4102	80.1625	45.4102	80.2471	45.4102	80.3327	45.4102	80.3865	45.4102	80.4311	45.4102	80.4495
47.6074	78.5683	47.6074	78.5412	47.6074	78.6199	47.6074	78.5408	47.6074	78.6943	47.6074	78.5691	47.6074	78.7902	47.6074	78.6281	47.6074	78.9066	47.6074	78.7197	47.6074	79.0428	47.6074	78.845	47.6074	79.1988	47.6074	79.0044	47.6074	79.3747	47.6074	79.1971	47.6074	79.5707	47.6074	79.4205	47.6074	79.7862	47.6074	79.6702	47.6074	80.0192	47.6074	79.9393	47.6074	80.2651	47.6074	80.2188	47.6074	80.5164	47.6074	80.4973	47.6074	80.7616	47.6074	80.7615	47.6074	80.9866	47.6074	80.9968	47.6074	81.1755	47.6074	81.1884	47.6074	81.3132	47.6074	81.3231	47.6074	81.3874	47.6074	81.3911
49.0723	79.2562	49.0723	79.2312	49.0723	79.3053	49.0723	79.2316	49.0723	79.3771	49.0723	79.2587	49.0723	79.4705	49.0723	79.3137	49.0723	79.5842	49.0723	79.3976	49.0723	79.7173	49.0723	79.5111	49.0723	79.8688	49.0723	79.6543	49.0723	80.0379	49.0723	79.8265	49.0723	80.2238	49.0723	80.0259	49.0723	80.4251	49.0723	80.2489	49.0723	80.6394	49.0723	80.4905	49.0723	80.8625	49.0723	80.7431	49.0723	81.0878	49.0723	80.9969	49.0723	81.3056	49.0723	81.24	49.0723	81.5037	49.0723	81.4589	49.0723	81.6682	49.0723	81.6398	49.0723	81.7856	49.0723	81.7701	49.0723	81.845	49.0723	81.8401
50.5371	79.7772	50.5371	79.7493	50.5371	79.8288	50.5371	79.7461	50.5371	79.9031	50.5371	79.7685	50.5371	79.9989	50.5371	79.8172	50.5371	80.1147	50.5371	79.8928	50.5371	80.249	50.5371	79.9959	50.5371	80.4003	50.5371	80.1265	50.5371	80.5669	50.5371	80.2843	50.5371	80.7472	50.5371	80.4678	50.5371	80.9389	50.5371	80.6742	50.5371	81.1396	50.5371	80.899	50.5371	81.3451	50.5371	81.1355	50.5371	81.5495	50.5371	81.3746	50.5371	81.7447	50.5371	81.6054	50.5371	81.92	50.5371	81.8151	50.5371	82.0633	50.5371	81.9906	50.5371	82.1627	50.5371	82.1201	50.5371	82.2082	50.5371	82.1942
52.7344	80.4242	52.7344	80.394	52.7344	80.4783	52.7344	80.3885	52.7344	80.5555	52.7344	80.4079	52.7344	80.6545	52.7344	80.4524	52.7344	80.7734	52.7344	80.5221	52.7344	80.9102	52.7344	80.6169	52.7344	81.0622	52.7344	80.7365	52.7344	81.2268	52.7344	80.8802	52.7344	81.4011	52.7344	81.0466	52.7344	81.582	52.7344	81.233	52.7344	81.7663	52.7344	81.4357	52.7344	81.9501	52.7344	81.6489	52.7344	82.1284	52.7344	81.8651	52.7344	82.2945	52.7344	82.0751	52.7344	82.4401	52.7344	82.2679	52.7344	82.5554	52.7344	82.432	52.7344	82.6309	52.7344	82.5568	52.7344	82.6585	52.7344	82.6339
54.1992	80.7701	54.1992	80.7403	54.1992	80.8234	54.1992	80.7342	54.1992	80.8996	54.1992	80.7517	54.1992	80.9975	54.1992	80.7924	54.1992	81.1153	54.1992	80.8556	54.1992	81.2505	54.1992	80.9411	54.1992	81.4001	54.1992	81.048	54.1992	81.5608	54.1992	81.1759	54.1992	81.7289	54.1992	81.3237	54.1992	81.9008	54.1992	81.4897	54.1992	82.0729	54.1992	81.6713	54.1992	82.2412	54.1992	81.8641	54.1992	82.4009	54.1992	82.0621	54.1992	82.5465	54.1992	82.257	54.1992	82.6708	54.1992	82.4389	54.1992	82.7657	54.1992	82.597	54.1992	82.8232	54.1992	82.7208	54.1992	82.8366	54.1992	82.8023
56.3965	81.1236	56.3965	81.0932	56.3965	81.177	56.3965	81.0857	56.3965	81.2531	56.3965	81.1003	56.3965	81.3506	56.3965	81.1362	56.3965	81.4676	56.3965	81.1924	56.3965	81.6011	56.3965	81.268	56.3965	81.7476	56.3965	81.3622	56.3965	81.9029	56.3965	81.4743	56.3965	82.0627	56.3965	81.6036	56.3965	82.2228	56.3965	81.7489	56.3965	82.3788	56.3965	81.9082	56.3965	82.5269	56.3965	82.0781	56.3965	82.663	56.3965	82.2538	56.3965	82.7825	56.3965	82.4285	56.3965	82.8802	56.3965	82.5936	56.3965	82.9502	56.3965	82.7399	56.3965	82.9865	56.3965	82.8582	56.3965	82.9844	56.3965	82.9413
58.5938	81.3533	58.5938	81.3271	58.5938	81.4024	58.5938	81.3231	58.5938	81.4741	58.5938	81.3404	58.5938	81.5672	58.5938	81.3774	58.5938	81.6795	58.5938	81.4328	58.5938	81.8079	58.5938	81.505	58.5938	81.9482	58.5938	81.5928	58.5938	82.0957	58.5938	81.695	58.5938	82.2456	58.5938	81.8106	58.5938	82.3929	58.5938	81.9382	58.5938	82.5333	58.5938	82.076	58.5938	82.6627	58.5938	82.2215	58.5938	82.7776	58.5938	82.3707	58.5938	82.8748	58.5938	82.5188	58.5938	82.9505	58.5938	82.6595	58.5938	83.0009	58.5938	82.7856	58.5938	83.0221	58.5938	82.8901	58.5938	83.0111	58.5938	82.9666
60.0586	81.4054	60.0586	81.3778	60.0586	81.4559	60.0586	81.3726	60.0586	81.529	60.0586	81.3884	60.0586	81.6236	60.0586	81.4234	60.0586	81.7372	60.0586	81.4759	60.0586	81.8663	60.0586	81.544	60.0586	82.0064	60.0586	81.626	60.0586	82.1525	60.0586	81.7204	60.0586	82.2991	60.0586	81.826	60.0586	82.4411	60.0586	81.9415	60.0586	82.5736	60.0586	82.0657	60.0586	82.6927	60.0586	82.1967	60.0586	82.795	60.0586	82.3321	60.0586	82.8777	60.0586	82.4681	60.0586	82.938	60.0586	82.5998	60.0586	82.9731	60.0586	82.7208	60.0586	82.9803	60.0586	82.8247	60.0586	82.9578	60.0586	82.9052
62.2559	81.5431	62.2559	81.5071	62.2559	81.601	62.2559	81.4924	62.2559	81.6806	62.2559	81.4974	62.2559	81.7807	62.2559	81.5204	62.2559	81.8986	62.2559	81.5593	62.2559	82.0308	62.2559	81.6125	62.2559	82.1724	62.2559	81.6783	62.2559	82.318	62.2559	81.7557	62.2559	82.4615	62.2559	81.844	62.2559	82.5972	62.2559	81.9428	62.2559	82.72	62.2559	82.0517	62.2559	82.8255	62.2559	82.17	62.2559	82.9104	62.2559	82.2959	62.2559	82.9723	62.2559	82.4266	62.2559	83.0095	62.2559	82.5573	62.2559	83.0204	62.2559	82.6824	62.2559	83.004	62.2559	82.7952	62.2559	82.96	62.2559	82.8893
64.4531	81.5996	64.4531	81.563	64.4531	81.6577	64.4531	81.5468	64.4531	81.7372	64.4531	81.5496	64.4531	81.8368	64.4531	81.5692	64.4531	81.9538	64.4531	81.6033	64.4531	82.0844	64.4531	81.6499	64.4531	82.2235	64.4531	81.7073	64.4531	82.3653	64.4531	81.7742	64.4531	82.5034	64.4531	81.8499	64.4531	82.6316	64.4531	81.9341	64.4531	82.7443	64.4531	82.0271	64.4531	82.837	64.4531	82.1285	64.4531	82.9065	64.4531	82.2378	64.4531	82.9509	64.4531	82.3532	64.4531	82.9694	64.4531	82.4715	64.4531	82.962	64.4531	82.588	64.4531	82.9292	64.4531	82.6974	64.4531	82.8724	64.4531	82.7939
66.6504	81.6001	66.6504	81.5623	66.6504	81.6592	66.6504	81.5447	66.6504	81.7396	66.6504	81.5456	66.6504	81.8398	66.6504	81.5625	66.6504	81.9573	66.6504	81.5929	66.6504	82.0877	66.6504	81.6344	66.6504	82.2259	66.6504	81.6849	66.6504	82.3655	66.6504	81.7429	66.6504	82.4997	66.6504	81.8077	66.6504	82.6219	66.6504	81.8792	66.6504	82.7262	66.6504	81.9578	66.6504	82.8077	66.6504	82.0442	66.6504	82.8633	66.6504	82.1385	66.6504	82.8916	66.6504	82.2402	66.6504	82.8927	66.6504	82.3474	66.6504	82.8679	66.6504	82.4568	66.6504	82.8193	66.6504	82.5638	66.6504	82.7498	66.6504	82.6632
69.5801	81.6004	69.5801	81.5602	69.5801	81.6613	69.5801	81.5396	69.5801	81.743	69.5801	81.5367	69.5801	81.8438	69.5801	81.5486	69.5801	81.961	69.5801	81.5727	69.5801	82.0901	69.5801	81.606	69.5801	82.2256	69.5801	81.6462	69.5801	82.3608	69.5801	81.6916	69.5801	82.4886	69.5801	81.7413	69.5801	82.6019	69.5801	81.7955	69.5801	82.6942	69.5801	81.855	69.5801	82.7605	69.5801	81.9213	69.5801	82.7976	69.5801	81.9959	69.5801	82.8048	69.5801	82.0798	69.5801	82.783	69.5801	82.1726	69.5801	82.7352	69.5801	82.2728	69.5801	82.6655	69.5801	82.3772	69.5801	82.579	69.5801	82.481
71.7773	81.5783	71.7773	81.5334	71.7773	81.6431	71.7773	81.5074	71.7773	81.7276	71.7773	81.4983	71.7773	81.8303	71.7773	81.5035	71.7773	81.9481	71.7773	81.5201	71.7773	82.0766	71.7773	81.5451	71.7773	82.2101	71.7773	81.5762	71.7773	82.3418	71.7773	81.6116	71.7773	82.4643	71.7773	81.6504	71.7773	82.5704	71.7773	81.6929	71.7773	82.6534	71.7773	81.7402	71.7773	82.7083	71.7773	81.7943	71.7773	82.7318	71.7773	81.8572	71.7773	82.7234	71.7773	81.931	71.7773	82.6848	71.7773	82.0165	71.7773	82.6201	71.7773	82.1129	71.7773	82.5346	71.7773	82.2179	71.7773	82.4347	71.7773	82.327
73.9746	81.5761	73.9746	81.5295	73.9746	81.6421	73.9746	81.5013	73.9746	81.7274	73.9746	81.4894	73.9746	81.8304	73.9746	81.4911	73.9746	81.948	73.9746	81.5033	73.9746	82.0756	73.9746	81.523	73.9746	82.2074	73.9746	81.5476	73.9746	82.3365	73.9746	81.5752	73.9746	82.4552	73.9746	81.605	73.9746	82.5559	73.9746	81.6372	73.9746	82.6319	73.9746	81.6732	73.9746	82.6775	73.9746	81.7154	73.9746	82.6899	73.9746	81.7666	73.9746	82.6685	73.9746	81.8296	73.9746	82.6157	73.9746	81.9063	73.9746	82.5366	73.9746	81.9971	73.9746	82.4378	73.9746	82.1003	73.9746	82.3271	73.9746	82.2122
76.9043	81.5688	76.9043	81.5192	76.9043	81.6366	76.9043	81.4867	76.9043	81.7223	76.9043	81.4695	76.9043	81.8241	76.9043	81.4649	76.9043	81.939	76.9043	81.4696	76.9043	82.0624	76.9043	81.4806	76.9043	82.1885	76.9043	81.495	76.9043	82.3102	76.9043	81.5108	76.9043	82.4199	76.9043	81.5268	76.9043	82.5098	76.9043	81.5434	76.9043	82.5729	76.9043	81.5621	76.9043	82.6036	76.9043	81.586	76.9043	82.5988	76.9043	81.6188	76.9043	82.5584	76.9043	81.6646	76.9043	82.4857	76.9043	81.727	76.9043	82.3869	76.9043	81.8081	76.9043	82.2703	76.9043	81.9074	76.9043	82.1455	76.9043	82.0218
79.834	81.5663	79.834	81.5148	79.834	81.6345	79.834	81.4791	79.834	81.7193	79.834	81.4573	79.834	81.8191	79.834	81.4464	79.834	81.9308	79.834	81.4434	79.834	82.0501	79.834	81.445	79.834	82.1709	79.834	81.4485	79.834	82.2864	79.834	81.4517	79.834	82.3887	79.834	81.4535	79.834	82.4698	79.834	81.4546	79.834	82.5223	79.834	81.4567	79.834	82.5404	79.834	81.4636	79.834	82.521	79.834	81.4799	79.834	82.464	79.834	81.5109	79.834	82.3734	79.834	81.5616	79.834	82.2565	79.834	81.6354	79.834	82.123	79.834	81.7328	79.834	81.9843	79.834	81.8512
82.7637	81.5366	82.7637	81.4876	82.7637	81.6016	82.7637	81.4531	82.7637	81.6828	82.7637	81.4306	82.7637	81.7787	82.7637	81.4166	82.7637	81.8862	82.7637	81.4072	82.7637	82.0007	82.7637	81.3986	82.7637	82.1164	82.7637	81.3878	82.7637	82.2258	82.7637	81.3726	82.7637	82.3208	82.7637	81.3526	82.7637	82.3931	82.7637	81.3291	82.7637	82.4347	82.7637	81.3055	82.7637	82.4396	82.7637	81.287	82.7637	82.4042	82.7637	81.2802	82.7637	82.3288	82.7637	81.2923	82.7637	82.2177	82.7637	81.3298	82.7637	82.0793	82.7637	81.3971	82.7637	81.9252	82.7637	81.4953	82.7637	81.7683	82.7637	81.6214
85.6934	81.3408	85.6934	81.2817	85.6934	81.4192	85.6934	81.2415	85.6934	81.5158	85.6934	81.2185	85.6934	81.6282	85.6934	81.2099	85.6934	81.7526	85.6934	81.212	85.6934	81.8841	85.6934	81.2206	85.6934	82.0163	85.6934	81.2322	85.6934	82.1419	85.6934	81.2435	85.6934	82.2529	85.6934	81.253	85.6934	82.3407	85.6934	81.2606	85.6934	82.3976	85.6934	81.268	85.6934	82.4172	85.6934	81.2786	85.6934	82.396	85.6934	81.2972	85.6934	82.3341	85.6934	81.3295	85.6934	82.2358	85.6934	81.3807	85.6934	82.1092	85.6934	81.4553	85.6934	81.9657	85.6934	81.5549	85.6934	81.8178	85.6934	81.6777
88.623	81.4915	88.623	81.4306	88.623	81.5659	88.623	81.3828	88.623	81.6531	88.623	81.3468	88.623	81.7513	88.623	81.3205	88.623	81.8576	88.623	81.301	88.623	81.9679	88.623	81.2853	88.623	82.0769	88.623	81.2704	88.623	82.178	88.623	81.2539	88.623	82.2637	88.623	81.2344	88.623	82.3257	88.623	81.2117	88.623	82.3563	88.623	81.1876	88.623	82.3489	88.623	81.1658	88.623	82.2998	88.623	81.1521	88.623	82.2092	88.623	81.1537	88.623	82.0822	88.623	81.1786	88.623	81.9282	88.623	81.2337	88.623	81.7608	88.623	81.3228	88.623	81.595	88.623	81.4453
91.5527	81.5687	91.5527	81.5097	91.5527	81.6402	91.5527	81.4625	91.5527	81.7237	91.5527	81.4255	91.5527	81.8177	91.5527	81.3961	91.5527	81.9192	91.5527	81.3711	91.5527	82.0241	91.5527	81.3472	91.5527	82.1272	91.5527	81.3213	91.5527	82.2217	91.5527	81.291	91.5527	82.2999	91.5527	81.2552	91.5527	82.3536	91.5527	81.2143	91.5527	82.3744	91.5527	81.1709	91.5527	82.3558	91.5527	81.1298	91.5527	82.294	91.5527	81.0978	91.5527	82.1892	91.5527	81.0838	91.5527	82.047	91.5527	81.0969	91.5527	81.8776	91.5527	81.1449	91.5527	81.6955	91.5527	81.2325	91.5527	81.5174	91.5527	81.3589
94.4824	81.5452	94.4824	81.487	94.4824	81.6158	94.4824	81.4405	94.4824	81.6984	94.4824	81.4039	94.4824	81.7911	94.4824	81.3743	94.4824	81.8911	94.4824	81.3483	94.4824	81.9943	94.4824	81.3223	94.4824	82.0952	94.4824	81.2927	94.4824	82.1871	94.4824	81.2571	94.4824	82.2622	94.4824	81.2141	94.4824	82.3118	94.4824	81.1644	94.4824	82.3279	94.4824	81.1109	94.4824	82.3033	94.4824	81.0588	94.4824	82.2343	94.4824	81.0158	94.4824	82.1211	94.4824	80.9916	94.4824	81.9695	94.4824	80.9961	94.4824	81.7905	94.4824	81.0384	94.4824	81.5996	94.4824	81.1235	94.4824	81.4141	94.4824	81.2511
98.1445	81.509	98.1445	81.4504	98.1445	81.5806	98.1445	81.4042	98.1445	81.6645	98.1445	81.3686	98.1445	81.7587	98.1445	81.3407	98.1445	81.8602	98.1445	81.3166	98.1445	81.9646	98.1445	81.2922	98.1445	82.0666	98.1445	81.2634	98.1445	82.1593	98.1445	81.227	98.1445	82.2347	98.1445	81.1812	98.1445	82.284	98.1445	81.1264	98.1445	82.2985	98.1445	81.0654	98.1445	82.2709	98.1445	81.0042	98.1445	82.197	98.1445	80.9512	98.1445	82.077	98.1445	80.9172	98.1445	81.9169	98.1445	80.9138	98.1445	81.7283	98.1445	80.9509	98.1445	81.5276	98.1445	81.0346	98.1445	81.3337	98.1445	81.1647
101.807	81.4089	101.807	81.347	101.807	81.4834	101.807	81.2971	101.807	81.5695	101.807	81.2575	101.807	81.6655	101.807	81.2252	101.807	81.7682	101.807	81.1966	101.807	81.8735	101.807	81.1673	101.807	81.9761	101.807	81.1335	101.807	82.0694	101.807	81.0919	101.807	82.1454	101.807	81.0409	101.807	82.1952	101.807	80.981	101.807	82.2097	101.807	80.9153	101.807	82.1812	101.807	80.8498	101.807	82.1048	101.807	80.7937	101.807	81.9805	101.807	80.7582	101.807	81.8138	101.807	80.7554	101.807	81.6168	101.807	80.7956	101.807	81.4062	101.807	80.8851	101.807	81.202	101.807	81.0233
105.469	81.3466	105.469	81.2831	105.469	81.4227	105.469	81.2323	105.469	81.5101	105.469	81.1928	105.469	81.6061	105.469	81.1615	105.469	81.7074	105.469	81.1344	105.469	81.81	105.469	81.1068	105.469	81.9086	105.469	81.0744	105.469	81.9971	105.469	81.0336	105.469	82.068	105.469	80.9829	105.469	82.1129	105.469	80.9227	105.469	82.1231	105.469	80.8564	105.469	82.0909	105.469	80.7902	105.469	82.0119	105.469	80.7329	105.469	81.8861	105.469	80.6955	105.469	81.7193	105.469	80.6897	105.469	81.5235	105.469	80.7258	105.469	81.3158	105.469	80.8101	105.469	81.116	105.469	80.9426
109.131	81.2953	109.131	81.225	109.131	81.3764	109.131	81.1663	109.131	81.4666	109.131	81.1183	109.131	81.5633	109.131	81.0788	109.131	81.6634	109.131	81.0444	109.131	81.763	109.131	81.0105	109.131	81.8575	109.131	80.9727	109.131	81.9408	109.131	80.9269	109.131	82.0055	109.131	80.8706	109.131	82.0431	109.131	80.8037	109.131	82.0446	109.131	80.729	109.131	82.0021	109.131	80.6524	109.131	81.9108	109.131	80.5834	109.131	81.7709	109.131	80.534	109.131	81.5887	109.131	80.5175	109.131	81.3772	109.131	80.5459	109.131	81.1549	109.131	80.6272	109.131	80.9431	109.131	80.7621
112.793	81.2305	112.793	81.1549	112.793	81.3146	112.793	81.0886	112.793	81.4053	112.793	81.0311	112.793	81.5003	112.793	80.9806	112.793	81.5968	112.793	80.934	112.793	81.6913	112.793	80.8874	112.793	81.7797	112.793	80.8367	112.793	81.8566	112.793	80.7783	112.793	81.9149	112.793	80.7098	112.793	81.9462	112.793	80.6312	112.793	81.9414	112.793	80.5455	112.793	81.8921	112.793	80.459	112.793	81.7929	112.793	80.3816	112.793	81.6435	112.793	80.3263	112.793	81.4498	112.793	80.3072	112.793	81.2251	112.793	80.3371	112.793	80.9885	112.793	80.4241	112.793	80.7625	112.793	80.5688
116.455	81.241	116.455	81.1632	116.455	81.3268	116.455	81.0943	116.455	81.4185	116.455	81.0336	116.455	81.5134	116.455	80.9788	116.455	81.6083	116.455	80.9263	116.455	81.6996	116.455	80.8716	116.455	81.7833	116.455	80.8104	116.455	81.8541	116.455	80.7391	116.455	81.9055	116.455	80.6563	116.455	81.9292	116.455	80.5627	116.455	81.9165	116.455	80.4626	116.455	81.8592	116.455	80.3638	116.455	81.7522	116.455	80.2775	116.455	81.5948	116.455	80.2175	116.455	81.393	116.455	80.198	116.455	81.16	116.455	80.2314	116.455	80.9148	116.455	80.3247	116.455	80.6799	116.455	80.4774
120.85	81.2994	120.85	81.2084	120.85	81.3969	120.85	81.1263	120.85	81.498	120.85	81.0538	120.85	81.5996	120.85	80.9899	120.85	81.6987	120.85	80.9317	120.85	81.7925	120.85	80.8748	120.85	81.8778	120.85	80.8143	120.85	81.95	120.85	80.7461	120.85	82.0028	120.85	80.6677	120.85	82.028	120.85	80.5797	120.85	82.0164	120.85	80.486	120.85	81.9593	120.85	80.3943	120.85	81.851	120.85	80.3155	120.85	81.6907	120.85	80.2631	120.85	81.4847	120.85	80.2508	120.85	81.2465	120.85	80.2907	120.85	80.9958	120.85	80.3898	120.85	80.7555	120.85	80.5478
125.244	81.3755	125.244	81.2813	125.244	81.4704	125.244	81.1894	125.244	81.564	125.244	81.1002	125.244	81.6544	125.244	81.0132	125.244	81.7394	125.244	80.9264	125.244	81.8173	125.244	80.837	125.244	81.8856	125.244	80.7419	125.244	81.9409	125.244	80.6385	125.244	81.9774	125.244	80.5257	125.244	81.9871	125.244	80.4046	125.244	81.9605	125.244	80.2796	125.244	81.8879	125.244	80.1593	125.244	81.7621	125.244	80.056	125.244	81.5812	125.244	79.9849	125.244	81.3504	125.244	79.9625	125.244	81.0832	125.244	80.0027	125.244	80.8008	125.244	80.1131	125.244	80.5286	125.244	80.2925
129.639	81.3206	129.639	81.2389	129.639	81.4078	129.639	81.164	129.639	81.498	129.639	81.0951	129.639	81.5882	129.639	81.0297	129.639	81.6752	129.639	80.9636	129.639	81.7561	129.639	80.8917	129.639	81.8277	129.639	80.8093	129.639	81.8859	129.639	80.7131	129.639	81.9249	129.639	80.6019	129.639	81.9371	129.639	80.4781	129.639	81.9132	129.639	80.3479	129.639	81.8447	129.639	80.2217	129.639	81.7252	129.639	80.1135	129.639	81.5534	129.639	80.0395	129.639	81.3347	129.639	80.0156	129.639	81.0821	129.639	80.0542	129.639	80.8152	129.639	80.1609	129.639	80.5575	129.639	80.3328
134.033	81.0669	134.033	80.9701	134.033	81.173	134.033	80.8861	134.033	81.2838	134.033	80.8164	134.033	81.395	134.033	80.7593	134.033	81.5033	134.033	80.7102	134.033	81.6059	134.033	80.6627	134.033	81.7006	134.033	80.6101	134.033	81.7837	134.033	80.5472	134.033	81.8493	134.033	80.4716	134.033	81.8889	134.033	80.3847	134.033	81.8925	134.033	80.2923	134.033	81.85	134.033	80.2038	134.033	81.7543	134.033	80.1322	134.033	81.6037	134.033	80.0918	134.033	81.4038	134.033	80.0961	134.033	81.1678	134.033	80.1551	134.033	80.9149	134.033	80.2734	134.033	80.6676	134.033	80.4479
138.428	80.9557	138.428	80.8521	138.428	81.0621	138.428	80.7561	138.428	81.1664	138.428	80.6709	138.428	81.2648	138.428	80.5968	138.428	81.3555	138.428	80.5311	138.428	81.4381	138.428	80.4685	138.428	81.513	138.428	80.4029	138.428	81.5793	138.428	80.3294	138.428	81.6335	138.428	80.2458	138.428	81.6688	138.428	80.1539	138.428	81.6751	138.428	80.0602	138.428	81.6413	138.428	79.9746	138.428	81.5584	138.428	79.9103	138.428	81.4221	138.428	79.8808	138.428	81.2353	138.428	79.8986	138.428	81.0092	138.428	79.972	138.428	80.7613	138.428	80.1035	138.428	80.5136	138.428	80.2881
143.555	81.1364	143.555	81.0047	143.555	81.2635	143.555	80.8776	143.555	81.3782	143.555	80.7632	143.555	81.4755	143.555	80.6663	143.555	81.5535	143.555	80.5864	143.555	81.6133	143.555	80.5188	143.555	81.6574	143.555	80.4553	143.555	81.6879	143.555	80.3884	143.555	81.7046	143.555	80.3133	143.555	81.704	143.555	80.2303	143.555	81.6795	143.555	80.1452	143.555	81.6228	143.555	80.0683	143.555	81.5266	143.555	80.0124	143.555	81.3883	143.555	79.9902	143.555	81.2108	143.555	80.0115	143.555	81.004	143.555	80.0819	143.555	80.7827	143.555	80.2018	143.555	80.5644	143.555	80.366
148.682	81.3822	148.682	81.2294	148.682	81.513	148.682	81.0631	148.682	81.617	148.682	80.8943	148.682	81.6926	148.682	80.7342	148.682	81.7417	148.682	80.5916	148.682	81.7675	148.682	80.4705	148.682	81.7736	148.682	80.369	148.682	81.7623	148.682	80.2815	148.682	81.7332	148.682	80.2011	148.682	81.6823	148.682	80.1231	148.682	81.6028	148.682	80.0465	148.682	81.4873	148.682	79.9746	148.682	81.331	148.682	79.914	148.682	81.1354	148.682	79.8731	148.682	80.9097	148.682	79.8606	148.682	80.6705	148.682	79.885	148.682	80.4384	148.682	79.9531	148.682	80.2333	148.682	80.0692
153.809	81.3351	153.809	81.2313	153.809	81.4209	153.809	81.11	153.809	81.4898	153.809	80.9741	153.809	81.544	153.809	80.8287	153.809	81.586	153.809	80.6802	153.809	81.6182	153.809	80.5349	153.809	81.6418	153.809	80.3972	153.809	81.6557	153.809	80.2686	153.809	81.6554	153.809	80.1474	153.809	81.6323	153.809	80.0306	153.809	81.575	153.809	79.9163	153.809	81.4714	153.809	79.8052	153.809	81.3125	153.809	79.7024	153.809	81.0964	153.809	79.6181	153.809	80.8313	153.809	79.5668	153.809	80.5367	153.809	79.565	153.809	80.2407	153.809	79.6281	153.809	79.9748	153.809	79.7654
159.668	81.0335	159.668	80.931	159.668	81.1237	159.668	80.819	159.668	81.1991	159.668	80.7003	159.668	81.2585	159.668	80.5773	159.668	81.3024	159.668	80.4515	159.668	81.3329	159.668	80.3241	159.668	81.3527	159.668	80.1954	159.668	81.3638	159.668	80.0654	159.668	81.3646	159.668	79.9336	159.668	81.3492	159.668	79.8005	159.668	81.3072	159.668	79.6688	159.668	81.2264	159.668	79.5445	159.668	81.0963	159.668	79.4377	159.668	80.9123	159.668	79.362	159.668	80.6788	159.668	79.3326	159.668	80.4098	159.668	79.3634	159.668	80.1279	159.668	79.463	159.668	79.86	159.668	79.6319
164.795	81.175	164.795	81.0545	164.795	81.2763	164.795	80.9196	164.795	81.3544	164.795	80.7752	164.795	81.4076	164.795	80.625	164.795	81.4363	164.795	80.4713	164.795	81.4437	164.795	80.3147	164.795	81.4342	164.795	80.1546	164.795	81.412	164.795	79.9901	164.795	81.3783	164.795	79.8213	164.795	81.3296	164.795	79.6507	164.795	81.2574	164.795	79.484	164.795	81.1501	164.795	79.3309	164.795	80.997	164.795	79.2047	164.795	80.7929	164.795	79.1205	164.795	80.5415	164.795	79.0931	164.795	80.2562	164.795	79.1338	164.795	79.959	164.795	79.2477	164.795	79.6759	164.795	79.4323
170.654	81.3947	170.654	81.2695	170.654	81.4979	170.654	81.1268	170.654	81.5758	170.654	80.9718	170.654	81.627	170.654	80.8093	170.654	81.6523	170.654	80.6425	170.654	81.6542	170.654	80.473	170.654	81.6357	170.654	80.3001	170.654	81.5997	170.654	80.1223	170.654	81.5463	170.654	79.9388	170.654	81.4718	170.654	79.7512	170.654	81.3689	170.654	79.5653	170.654	81.2281	170.654	79.3912	170.654	81.0417	170.654	79.2434	170.654	80.8073	170.654	79.1383	170.654	80.5308	170.654	79.0917	170.654	80.2274	170.654	79.116	170.654	79.9197	170.654	79.2171	170.654	79.6335	170.654	79.3931
176.514	81.1705	176.514	81.0761	176.514	81.2441	176.514	80.9614	176.514	81.2981	176.514	80.828	176.514	81.3347	176.514	80.6795	176.514	81.3572	176.514	80.5204	176.514	81.3696	176.514	80.3554	176.514	81.3751	176.514	80.1876	176.514	81.3747	176.514	80.0184	176.514	81.3647	176.514	79.8475	176.514	81.3357	176.514	79.6747	176.514	81.2739	176.514	79.5022	176.514	81.1641	176.514	79.337	176.514	80.9949	176.514	79.1906	176.514	80.7628	176.514	79.079	176.514	80.4763	176.514	79.0197	176.514	80.1555	176.514	79.0286	176.514	79.8295	176.514	79.1166	176.514	79.5304	176.514	79.2865
183.105	80.9237	183.105	80.837	183.105	80.9911	183.105	80.7341	183.105	81.0359	183.105	80.6169	183.105	81.0559	183.105	80.4864	183.105	81.0524	183.105	80.3428	183.105	81.03	183.105	80.1872	183.105	80.9968	183.105	80.0214	183.105	80.9609	183.105	79.8479	183.105	80.927	183.105	79.6698	183.105	80.8928	183.105	79.4908	183.105	80.8471	183.105	79.3163	183.105	80.7732	183.105	79.1552	183.105	80.6544	183.105	79.0202	183.105	80.4805	183.105	78.9266	183.105	80.2531	183.105	78.8897	183.105	79.9859	183.105	78.9208	183.105	79.7028	183.105	79.0251	183.105	79.4319	183.105	79.1993
189.697	81.0003	189.697	80.9109	189.697	81.0759	189.697	80.8097	189.697	81.1335	189.697	80.6962	189.697	81.1689	189.697	80.5669	189.697	81.1802	189.697	80.4178	189.697	81.1686	189.697	80.2456	189.697	81.1387	189.697	80.0496	189.697	81.0961	189.697	79.8329	189.697	81.0445	189.697	79.6018	189.697	80.9825	189.697	79.3659	189.697	80.9018	189.697	79.1374	189.697	80.789	189.697	78.9306	189.697	80.6299	189.697	78.7613	189.697	80.4157	189.697	78.6453	189.697	80.1473	189.697	78.5971	189.697	79.8381	189.697	78.6275	189.697	79.5129	189.697	78.742	189.697	79.2027	189.697	78.938
196.289	80.7455	196.289	80.6327	196.289	80.8468	196.289	80.5161	196.289	80.9266	196.289	80.3994	196.289	80.9767	196.289	80.2804	196.289	80.9933	196.289	80.1532	196.289	80.978	196.289	80.0099	196.289	80.9378	196.289	79.8441	196.289	80.8819	196.289	79.6529	196.289	80.8185	196.289	79.4382	196.289	80.75	196.289	79.2084	196.289	80.6718	196.289	78.9778	196.289	80.5732	196.289	78.7666	196.289	80.4411	196.289	78.598	196.289	80.2655	196.289	78.4944	196.289	80.0431	196.289	78.4729	196.289	79.7795	196.289	78.5411	196.289	79.4892	196.289	78.6951	196.289	79.1941	196.289	78.9204
202.881	80.7969	202.881	80.6488	202.881	80.9218	202.881	80.4906	202.881	81.0093	202.881	80.3292	202.881	81.0488	202.881	80.1635	202.881	81.0363	202.881	79.9866	202.881	80.9757	202.881	79.7894	202.881	80.8771	202.881	79.5654	202.881	80.7544	202.881	79.3132	202.881	80.6203	202.881	79.0372	202.881	80.4821	202.881	78.7477	202.881	80.3385	202.881	78.4615	202.881	80.181	202.881	78.2015	202.881	79.998	202.881	77.9946	202.881	79.7806	202.881	77.8676	202.881	79.5264	202.881	77.8394	202.881	79.2402	202.881	77.9158	202.881	78.9335	202.881	78.0874	202.881	78.6233	202.881	78.3324
210.205	80.9296	210.205	80.7594	210.205	81.0816	210.205	80.5911	210.205	81.1965	210.205	80.4384	210.205	81.2615	210.205	80.3028	210.205	81.2719	210.205	80.1723	210.205	81.2303	210.205	80.0275	210.205	81.1445	210.205	79.8495	210.205	81.0245	210.205	79.6264	210.205	80.8792	210.205	79.3567	210.205	80.7139	210.205	79.0504	210.205	80.529	210.205	78.7288	210.205	80.321	210.205	78.423	210.205	80.0865	210.205	78.1703	210.205	79.826	210.205	78.0061	210.205	79.5453	210.205	77.9536	210.205	79.2533	210.205	78.0159	210.205	78.9592	210.205	78.1756	210.205	78.6719	210.205	78.4038
217.529	80.8217	217.529	80.5925	217.529	80.9948	217.529	80.3309	217.529	81.1008	217.529	80.0696	217.529	81.1401	217.529	79.8396	217.529	81.1211	217.529	79.6569	217.529	81.0558	217.529	79.5164	217.529	80.9569	217.529	79.3958	217.529	80.8344	217.529	79.2695	217.529	80.6935	217.529	79.1207	217.529	80.5335	217.529	78.9479	217.529	80.3489	217.529	78.7651	217.529	80.1338	217.529	78.5967	217.529	79.8876	217.529	78.469	217.529	79.6204	217.529	78.4004	217.529	79.3531	217.529	78.3948	217.529	79.1102	217.529	78.4412	217.529	78.9089	217.529	78.5224	217.529	78.7509	217.529	78.6256
225.586	80.6283	225.586	80.4854	225.586	80.723	225.586	80.2971	225.586	80.7706	225.586	80.0723	225.586	80.7746	225.586	79.8262	225.586	80.7399	225.586	79.5767	225.586	80.673	225.586	79.3384	225.586	80.5826	225.586	79.1163	225.586	80.4768	225.586	78.9051	225.586	80.3605	225.586	78.6947	225.586	80.2313	225.586	78.4786	225.586	80.0786	225.586	78.2606	225.586	79.887	225.586	78.056	225.586	79.6442	225.586	77.8867	225.586	79.3493	225.586	77.7728	225.586	79.0183	225.586	77.7245	225.586	78.6823	225.586	77.7404	225.586	78.3767	225.586	77.8134	225.586	78.127	225.586	77.9408
232.91	80.4893	232.91	80.3374	232.91	80.5985	232.91	80.1465	232.91	80.6625	232.91	79.9217	232.91	80.6813	232.91	79.6711	232.91	80.6585	232.91	79.4061	232.91	80.6018	232.91	79.141	232.91	80.5217	232.91	78.8887	232.91	80.4289	232.91	78.6567	232.91	80.3289	232.91	78.4448	232.91	80.2179	232.91	78.2477	232.91	80.0828	232.91	78.0606	232.91	79.9047	232.91	77.885	232.91	79.6673	232.91	77.7293	232.91	79.3647	232.91	77.607	232.91	79.0081	232.91	77.5318	232.91	78.6259	232.91	77.5165	232.91	78.2581	232.91	77.5733	232.91	77.9451	232.91	77.7141
241.699	80.5302	241.699	80.3615	241.699	80.6567	241.699	80.1625	241.699	80.7275	241.699	79.9387	241.699	80.7323	241.699	79.6882	241.699	80.6688	241.699	79.4053	241.699	80.5445	241.699	79.0861	241.699	80.3769	241.699	78.7339	241.699	80.1902	241.699	78.3609	241.699	80.0085	241.699	77.9862	241.699	79.8464	241.699	77.6316	241.699	79.7017	241.699	77.3179	241.699	79.556	241.699	77.0624	241.699	79.3821	241.699	76.8783	241.699	79.1554	241.699	76.7748	241.699	78.8615	241.699	76.7591	241.699	78.5018	241.699	76.8396	241.699	78.0968	241.699	77.0247	241.699	77.6847	241.699	77.3135
249.756	80.9124	249.756	80.6985	249.756	81.079	249.756	80.4598	249.756	81.1817	249.756	80.2175	249.756	81.212	249.756	79.9821	249.756	81.1693	249.756	79.7489	249.756	81.0596	249.756	79.4995	249.756	80.8936	249.756	79.2125	249.756	80.6845	249.756	78.8733	249.756	80.4448	249.756	78.4819	249.756	80.1835	249.756	78.0547	249.756	79.9036	249.756	77.6239	249.756	79.6046	249.756	77.2346	249.756	79.288	249.756	76.9379	249.756	78.9637	249.756	76.7785	249.756	78.6476	249.756	76.7791	249.756	78.3505	249.756	76.9277	249.756	78.0672	249.756	77.1802	249.756	77.7802	249.756	77.4793
258.545	80.8822	258.545	80.7146	258.545	80.9899	258.545	80.4936	258.545	81.0338	258.545	80.2286	258.545	81.013	258.545	79.9313	258.545	80.9301	258.545	79.6133	258.545	80.7928	258.545	79.2818	258.545	80.6142	258.545	78.9375	258.545	80.4104	258.545	78.5766	258.545	80.1963	258.545	78.1975	258.545	79.9795	258.545	77.8084	258.545	79.757	258.545	77.433	258.545	79.5166	258.545	77.1086	258.545	79.2458	258.545	76.8775	258.545	78.9408	258.545	76.7709	258.545	78.6119	258.545	76.7955	258.545	78.2794	258.545	76.9306	258.545	77.9616	258.545	77.1404	258.545	77.6662	258.545	77.3916
268.066	80.8553	268.066	80.72	268.066	80.946	268.066	80.5437	268.066	80.9847	268.066	80.3256	268.066	80.9652	268.066	80.0634	268.066	80.886	268.066	79.7583	268.066	80.7528	268.066	79.4189	268.066	80.5776	268.066	79.0585	268.066	80.3758	268.066	78.6887	268.066	80.16	268.066	78.3148	268.066	79.9339	268.066	77.9374	268.066	79.6885	268.066	77.5608	268.066	79.4049	268.066	77.2025	268.066	79.0658	268.066	76.8956	268.066	78.6699	268.066	76.6795	268.066	78.2413	268.066	76.5829	268.066	77.8236	268.066	76.6074	268.066	77.4576	268.066	76.7292	268.066	77.1583	268.066	76.9176
277.588	80.5471	277.588	80.3337	277.588	80.721	277.588	80.1202	277.588	80.8234	277.588	79.9333	277.588	80.8394	277.588	79.7699	277.588	80.7721	277.588	79.5982	277.588	80.6378	277.588	79.3778	277.588	80.4607	277.588	79.0809	277.588	80.2672	277.588	78.7043	277.588	80.08	277.588	78.2689	277.588	79.9112	277.588	77.8139	277.588	79.7594	277.588	77.3875	277.588	79.6097	277.588	77.0372	277.588	79.4397	277.588	76.7994	277.588	79.2262	277.588	76.6914	277.588	78.9529	277.588	76.7123	277.588	78.6155	277.588	76.8511	277.588	78.2264	277.588	77.0944	277.588	77.8159	277.588	77.4253
287.109	80.7448	287.109	80.5351	287.109	80.8641	287.109	80.2647	287.109	80.8832	287.109	79.9759	287.109	80.8083	287.109	79.7055	287.109	80.6562	287.109	79.4646	287.109	80.448	287.109	79.2349	287.109	80.2066	287.109	78.9823	287.109	79.9534	287.109	78.6775	287.109	79.7044	287.109	78.3078	287.109	79.4655	287.109	77.8823	287.109	79.2311	287.109	77.4331	287.109	78.9917	287.109	77.0157	287.109	78.7458	287.109	76.7019	287.109	78.508	287.109	76.5586	287.109	78.3014	287.109	76.6168	287.109	78.133	287.109	76.8492	287.109	77.9755	287.109	77.1775	287.109	77.779	287.109	77.5089
297.363	79.9769	297.363	79.8231	297.363	80.0826	297.363	79.6323	297.363	80.1333	297.363	79.4209	297.363	80.1242	297.363	79.2064	297.363	80.0535	297.363	78.9973	297.363	79.9257	297.363	78.7869	297.363	79.7531	297.363	78.5567	297.363	79.5541	297.363	78.2877	297.363	79.3475	297.363	77.9707	297.363	79.1441	297.363	77.6115	297.363	78.9416	297.363	77.2339	297.363	78.725	297.363	76.8804	297.363	78.4771	297.363	76.6053	297.363	78.1912	297.363	76.4554	297.363	77.8811	297.363	76.4455	297.363	77.5775	297.363	76.5479	297.363	77.3107	297.363	76.7115	297.363	77.0887	297.363	76.8948
307.617	80.3519	307.617	80.0974	307.617	80.5167	307.617	79.7874	307.617	80.5716	307.617	79.4605	307.617	80.5116	307.617	79.1452	307.617	80.3446	307.617	78.8472	307.617	80.0896	307.617	78.5493	307.617	79.7748	307.617	78.2246	307.617	79.4331	307.617	77.8515	307.617	79.0914	307.617	77.4261	307.617	78.7575	307.617	76.9671	307.617	78.4163	307.617	76.517	307.617	78.0424	307.617	76.1355	307.617	77.627	307.617	75.8824	307.617	77.2	307.617	75.7917	307.617	76.8273	307.617	75.8504	307.617	76.5716	307.617	76.001	307.617	76.4394	307.617	76.1688	307.617	76.373	307.617	76.2968
318.604	80.2162	318.604	80.0052	318.604	80.349	318.604	79.7281	318.604	80.4014	318.604	79.4132	318.604	80.3741	318.604	79.0974	318.604	80.2692	318.604	78.8054	318.604	80.0946	318.604	78.5313	318.604	79.8673	318.604	78.2426	318.604	79.6125	318.604	77.9012	318.604	79.3555	318.604	77.4837	318.604	79.1073	318.604	76.99	318.604	78.855	318.604	76.4473	318.604	78.5679	318.604	75.9119	318.604	78.2173	318.604	75.4639	318.604	77.7991	318.604	75.1838	318.604	77.3433	318.604	75.1145	318.604	76.8985	318.604	75.2383	318.604	76.4986	318.604	75.492	318.604	76.1414	318.604	75.8062
329.59	80.7502	329.59	80.5316	329.59	80.8946	329.59	80.2647	329.59	80.9461	329.59	79.9743	329.59	80.897	329.59	79.6748	329.59	80.7506	329.59	79.365	329.59	80.5199	329.59	79.03	329.59	80.2263	329.59	78.6483	329.59	79.897	329.59	78.2001	329.59	79.5593	329.59	77.6733	329.59	79.228	329.59	77.0706	329.59	78.8935	329.59	76.4171	329.59	78.5213	329.59	75.7683	329.59	78.072	329.59	75.209	329.59	77.5337	329.59	74.8298	329.59	76.9449	329.59	74.6836	329.59	76.3836	329.59	74.7525	329.59	75.9159	329.59	74.9626	329.59	75.5471	329.59	75.2376
341.309	79.9041	341.309	79.7155	341.309	80.0193	341.309	79.4837	341.309	80.0501	341.309	79.2526	341.309	79.9997	341.309	79.0616	341.309	79.882	341.309	78.9204	341.309	79.7197	341.309	78.8002	341.309	79.5422	341.309	78.6506	341.309	79.38	341.309	78.4241	341.309	79.2523	341.309	78.0932	341.309	79.1537	341.309	77.6575	341.309	79.0506	341.309	77.1461	341.309	78.8928	341.309	76.6175	341.309	78.6359	341.309	76.1526	341.309	78.2655	341.309	75.8326	341.309	77.8113	341.309	75.7057	341.309	77.3383	341.309	75.766	341.309	76.9096	341.309	75.962	341.309	76.5463	341.309	76.2329
353.76	79.5924	353.76	79.3242	353.76	79.7546	353.76	78.9874	353.76	79.7938	353.76	78.6367	353.76	79.71	353.76	78.3291	353.76	79.5169	353.76	78.1001	353.76	79.2415	353.76	77.9441	353.76	78.925	353.76	77.8145	353.76	78.6224	353.76	77.6439	353.76	78.3889	353.76	77.37	353.76	78.2514	353.76	76.9572	353.76	78.1807	353.76	76.4133	353.76	78.0964	353.76	75.802	353.76	77.9107	353.76	75.2441	353.76	77.5801	353.76	74.8863	353.76	77.1378	353.76	74.8243	353.76	76.6836	353.76	75.0317	353.76	76.3098	353.76	75.3769	353.76	76.016	353.76	75.7223
366.211	79.6927	366.211	79.3665	366.211	79.8618	366.211	78.9467	366.211	79.8571	366.211	78.5381	366.211	79.6901	366.211	78.2336	366.211	79.3857	366.211	78.0457	366.211	78.9818	366.211	77.9096	366.211	78.5362	366.211	77.7507	366.211	78.1325	366.211	77.5284	366.211	77.8626	366.211	77.2266	366.211	77.78	366.211	76.8338	366.211	77.8526	366.211	76.3492	366.211	77.9689	366.211	75.8129	366.211	77.9963	366.211	75.3255	366.211	77.8425	366.211	75.0193	366.211	77.4905	366.211	74.9765	366.211	77.0078	366.211	75.1634	366.211	76.5168	366.211	75.4621	366.211	76.1093	366.211	75.7774
378.662	80.1247	378.662	79.7097	378.662	80.3624	378.662	79.1538	378.662	80.4115	378.662	78.5468	378.662	80.2662	378.662	78.0293	378.662	79.9225	378.662	77.7164	378.662	79.3869	378.662	77.6032	378.662	78.6902	378.662	77.58	378.662	77.9105	378.662	77.5301	378.662	77.1973	378.662	77.3836	378.662	76.749	378.662	77.1105	378.662	76.6843	378.662	76.7051	378.662	76.9139	378.662	76.1881	378.662	77.2116	378.662	75.6202	378.662	77.3862	378.662	75.1084	378.662	77.3534	378.662	74.7885	378.662	77.112	378.662	74.7684	378.662	76.697	378.662	75.0611	378.662	76.158	378.662	75.572
392.578	80.5945	392.578	80.3198	392.578	80.7555	392.578	79.9099	392.578	80.8081	392.578	79.3568	392.578	80.7355	392.578	78.7085	392.578	80.5104	392.578	78.0909	392.578	80.1096	392.578	77.6555	392.578	79.5241	392.578	77.4573	392.578	78.7688	392.578	77.4067	392.578	77.8996	392.578	77.365	392.578	77.0406	392.578	77.2484	392.578	76.3896	392.578	77.0523	392.578	76.1277	392.578	76.8285	392.578	76.2473	392.578	76.6459	392.578	76.5393	392.578	76.5482	392.578	76.7784	392.578	76.5309	392.578	76.8586	392.578	76.5548	392.578	76.8024	392.578	76.5856	392.578	76.7003	392.578	76.6255
405.762	80.2066	405.762	79.7871	405.762	80.4756	405.762	79.2171	405.762	80.5982	405.762	78.5239	405.762	80.5735	405.762	77.7873	405.762	80.3935	405.762	77.1372	405.762	80.044	405.762	76.6991	405.762	79.5098	405.762	76.5223	405.762	78.7865	405.762	76.5603	405.762	77.9053	405.762	76.7125	405.762	76.9689	405.762	76.8779	405.762	76.1765	405.762	76.9933	405.762	75.7561	405.762	77.0454	405.762	75.7795	405.762	77.0631	405.762	76.0909	405.762	77.0972	405.762	76.482	405.762	77.1883	405.762	76.8442	405.762	77.3303	405.762	77.1523	405.762	77.4595	405.762	77.3833	405.762	77.492
420.41	80.8205	420.41	80.524	420.41	80.962	420.41	80.0545	420.41	80.9747	420.41	79.4162	420.41	80.8803	420.41	78.6422	420.41	80.6886	420.41	77.7953	420.41	80.3949	420.41	76.9624	420.41	79.9801	420.41	76.2446	420.41	79.4145	420.41	75.7291	420.41	78.6707	420.41	75.447	420.41	77.7474	420.41	75.3549	420.41	76.705	420.41	75.3713	420.41	75.701	420.41	75.4347	420.41	74.9679	420.41	75.5334	420.41	74.6641	420.41	75.6849	420.41	74.7371	420.41	75.8811	420.41	75.0143	420.41	76.0549	420.41	75.3661	420.41	76.1108	420.41	75.718	420.41	75.9918
435.059	80.6263	435.059	80.383	435.059	80.7234	435.059	79.9478	435.059	80.7166	435.059	79.3202	435.059	80.6228	435.059	78.5788	435.059	80.4433	435.059	77.8525	435.059	80.1781	435.059	77.2279	435.059	79.8261	435.059	76.6947	435.059	79.3783	435.059	76.2026	435.059	78.8196	435.059	75.7366	435.059	78.1446	435.059	75.3229	435.059	77.3803	435.059	74.9964	435.059	76.5965	435.059	74.7899	435.059	75.8886	435.059	74.7398	435.059	75.3463	435.059	74.8689	435.059	75.0447	435.059	75.1437	435.059	75.0296	435.059	75.4596	435.059	75.2499	435.059	75.6826	435.059	75.5383	435.059	75.7138
450.439	80.1303	450.439	79.9043	450.439	80.2494	450.439	79.5723	450.439	80.2545	450.439	79.1296	450.439	80.1446	450.439	78.5799	450.439	79.9362	450.439	77.9438	450.439	79.6592	450.439	77.2543	450.439	79.3389	450.439	76.5504	450.439	78.9767	450.439	75.8735	450.439	78.5496	450.439	75.2632	450.439	78.0309	450.439	74.753	450.439	77.4215	450.439	74.3814	450.439	76.7659	450.439	74.2101	450.439	76.1305	450.439	74.3064	450.439	75.5641	450.439	74.672	450.439	75.1083	450.439	75.1873	450.439	74.8669	450.439	75.6464	450.439	74.9671	450.439	75.8563	450.439	75.3478	450.439	75.7297
466.553	80.2358	466.553	79.9399	466.553	80.3771	466.553	79.478	466.553	80.366	466.553	78.8585	466.553	80.2025	466.553	78.1472	466.553	79.9016	466.553	77.4437	466.553	79.4998	466.553	76.7888	466.553	79.0432	466.553	76.1371	466.553	78.5649	466.553	75.4552	466.553	78.0648	466.553	74.8015	466.553	77.5164	466.553	74.2832	466.553	76.9034	466.553	73.9669	466.553	76.2661	466.553	73.87	466.553	75.718	466.553	74.0106	466.553	75.3899	466.553	74.3975	466.553	75.3266	466.553	74.9637	466.553	75.4654	466.553	75.5462	466.553	75.7127	466.553	75.9583	466.553	75.9671	466.553	76.0909
482.666	80.4398	482.666	80.1252	482.666	80.5843	482.666	79.643	482.666	80.5434	482.666	78.9852	482.666	80.308	482.666	78.1755	482.666	79.8937	482.666	77.3175	482.666	79.3465	482.666	76.5593	482.666	78.732	482.666	75.9464	482.666	78.1109	482.666	75.3616	482.666	77.512	482.666	74.6706	482.666	76.9278	482.666	73.8756	482.666	76.3477	482.666	73.1421	482.666	75.7932	482.666	72.7283	482.666	75.3061	482.666	72.842	482.666	74.9114	482.666	73.4773	482.666	74.642	482.666	74.372	482.666	74.5906	482.666	75.1635	482.666	74.8267	482.666	75.5891	482.666	75.2414	482.666	75.577
500.244	79.9407	500.244	79.7032	500.244	80.1197	500.244	79.3741	500.244	80.1783	500.244	78.8614	500.244	80.0519	500.244	78.1622	500.244	79.7428	500.244	77.4333	500.244	79.3104	500.244	76.8637	500.244	78.8226	500.244	76.4751	500.244	78.311	500.244	76.1411	500.244	77.7493	500.244	75.7487	500.244	77.0666	500.244	75.2619	500.244	76.1938	500.244	74.71	500.244	75.1389	500.244	74.1783	500.244	74.0899	500.244	73.7936	500.244	73.4272	500.244	73.6675	500.244	73.3548	500.244	73.7947	500.244	73.5748	500.244	73.9986	500.244	73.7323	500.244	74.0623	500.244	73.8146	500.244	73.9484
517.822	79.9104	517.822	79.643	517.822	80.0117	517.822	79.2311	517.822	79.9315	517.822	78.6824	517.822	79.6823	517.822	78.0095	517.822	79.3087	517.822	77.2761	517.822	78.8793	517.822	76.6029	517.822	78.4702	517.822	76.0947	517.822	78.1308	517.822	75.7602	517.822	77.8431	517.822	75.5167	517.822	77.5178	517.822	75.2586	517.822	77.0412	517.822	74.9265	517.822	76.3328	517.822	74.5507	517.822	75.3962	517.822	74.254	517.822	74.4184	517.822	74.1821	517.822	73.8601	517.822	74.3733	517.822	74.0371	517.822	74.6872	517.822	74.5608	517.822	74.9304	517.822	74.9237	517.822	75.0209
536.133	80.3857	536.133	79.9328	536.133	80.5858	536.133	79.34	536.133	80.4274	536.133	78.5871	536.133	79.9151	536.133	77.5716	536.133	79.1621	536.133	76.3382	536.133	78.3438	536.133	75.1988	536.133	77.6439	536.133	74.5075	536.133	77.178	536.133	74.3178	536.133	76.9221	536.133	74.4697	536.133	76.7407	536.133	74.8011	536.133	76.5043	536.133	75.1728	536.133	76.1783	536.133	75.4884	536.133	75.8223	536.133	75.7049	536.133	75.4941	536.133	75.8108	536.133	75.1729	536.133	75.825	536.133	74.8808	536.133	75.7827	536.133	74.8129	536.133	75.6722	536.133	75.069	536.133	75.429
554.443	81.1886	554.443	80.9223	554.443	81.277	554.443	80.5204	554.443	81.15	554.443	79.9712	554.443	80.8008	554.443	79.2223	554.443	80.2394	554.443	78.2832	554.443	79.4965	554.443	77.2707	554.443	78.6624	554.443	76.2948	554.443	77.9043	554.443	75.3475	554.443	77.3683	554.443	74.4099	554.443	77.0179	554.443	73.6092	554.443	76.6537	554.443	73.1555	554.443	76.0985	554.443	73.1413	554.443	75.3165	554.443	73.4994	554.443	74.4773	554.443	74.0696	554.443	73.9973	554.443	74.6257	554.443	74.1467	554.443	74.9537	554.443	74.5555	554.443	74.9967	554.443	74.7989	554.443	74.9043
574.219	80.9974	574.219	80.6615	574.219	81.0275	574.219	80.1299	574.219	80.778	574.219	79.5686	574.219	80.3288	574.219	78.9752	574.219	79.735	574.219	78.1967	574.219	79.0315	574.219	77.2112	574.219	78.2903	574.219	76.2145	574.219	77.6456	574.219	75.3755	574.219	77.2204	574.219	74.6622	574.219	76.9955	574.219	74.0315	574.219	76.8035	574.219	73.5869	574.219	76.4771	574.219	73.4709	574.219	75.9694	574.219	73.7061	574.219	75.3796	574.219	74.1586	574.219	74.9245	574.219	74.6201	574.219	74.8168	574.219	74.9457	574.219	75.0168	574.219	75.1394	574.219	75.227	574.219	75.2528
594.727	80.7224	594.727	80.5916	594.727	80.6646	594.727	80.2143	594.727	80.4541	594.727	79.5657	594.727	80.0933	594.727	78.7235	594.727	79.5697	594.727	77.8437	594.727	78.8908	594.727	77.0006	594.727	78.124	594.727	76.1044	594.727	77.4029	594.727	75.0566	594.727	76.8496	594.727	73.9287	594.727	76.4453	594.727	72.9837	594.727	76.0422	594.727	72.5195	594.727	75.5451	594.727	72.65	594.727	75.0546	594.727	73.2644	594.727	74.8157	594.727	74.1313	594.727	74.9771	594.727	74.9923	594.727	75.4132	594.727	75.647	594.727	75.8461	594.727	76.0194	594.727	76.0962	594.727	76.1502
615.234	80.5409	615.234	80.2207	615.234	80.5754	615.234	79.7555	615.234	80.3122	615.234	79.2561	615.234	79.8114	615.234	78.6058	615.234	79.1337	615.234	77.6577	615.234	78.3534	615.234	76.563	615.234	77.5879	615.234	75.6801	615.234	76.957	615.234	75.0837	615.234	76.4794	615.234	74.5411	615.234	76.0151	615.234	73.9528	615.234	75.3547	615.234	73.4357	615.234	74.422	615.234	73.1366	615.234	73.5495	615.234	73.1407	615.234	73.4266	615.234	73.4891	615.234	74.1379	615.234	74.1014	615.234	75.0906	615.234	74.8033	615.234	75.8824	615.234	75.5161	615.234	76.268	615.234	76.102
637.207	80.0431	637.207	79.7012	637.207	80.1146	637.207	79.1862	637.207	79.9182	637.207	78.7351	637.207	79.4569	637.207	78.4116	637.207	78.7532	637.207	77.9124	637.207	77.8974	637.207	76.9496	637.207	77.0678	637.207	75.5484	637.207	76.4919	637.207	74.0295	637.207	76.2448	637.207	72.8886	637.207	76.0442	637.207	72.5609	637.207	75.4054	637.207	73.0047	637.207	73.9607	637.207	73.7506	637.207	71.9866	637.207	74.4177	637.207	71.5595	637.207	74.9187	637.207	73.4484	637.207	75.3826	637.207	75.335	637.207	75.9355	637.207	76.4511	637.207	76.5109	637.207	76.9185	637.207	76.8988
659.912	79.8811	659.912	79.2433	659.912	80.0747	659.912	78.2505	659.912	79.8752	659.912	77.429	659.912	79.2779	659.912	77.2843	659.912	78.2497	659.912	77.383	659.912	76.8653	659.912	77.0528	659.912	75.5519	659.912	76.0448	659.912	75.1826	659.912	74.3294	659.912	75.9661	659.912	72.0169	659.912	76.9081	659.912	70.0711	659.912	77.1	659.912	70.5171	659.912	75.9462	659.912	72.5828	659.912	72.6887	659.912	74.5472	659.912	67.4341	659.912	76.0512	659.912	71.1387	659.912	77.1704	659.912	75.7111	659.912	78.0322	659.912	78.0128	659.912	78.6992	659.912	78.9674	659.912	79.0869
683.35	81.6845	683.35	80.9171	683.35	81.9479	683.35	79.4981	683.35	81.7687	683.35	77.3546	683.35	81.1383	683.35	75.1886	683.35	79.9958	683.35	74.9269	683.35	78.1855	683.35	76.1653	683.35	75.4355	683.35	76.9766	683.35	72.0253	683.35	76.6973	683.35	72.0581	683.35	75.0678	683.35	75.3917	683.35	71.5126	683.35	77.6299	683.35	64.0579	683.35	78.1046	683.35	64.7693	683.35	76.4268	683.35	72.2346	683.35	70.781	683.35	76.1982	683.35	57.5965	683.35	78.6322	683.35	73.9193	683.35	80.1557	683.35	78.4043	683.35	80.9715	683.35	80.3742	683.35	81.0908
706.787	82.5504	706.787	82.2175	706.787	82.5211	706.787	81.2395	706.787	82.264	706.787	79.3793	706.787	81.7737	706.787	76.7434	706.787	81.0242	706.787	74.4357	706.787	79.954	706.787	74.3148	706.787	78.3169	706.787	75.5745	706.787	75.5129	706.787	76.4701	706.787	70.4448	706.787	76.3737	706.787	68.3431	706.787	75.006	706.787	74.1897	706.787	71.7486	706.787	77.2845	706.787	63.5774	706.787	77.9166	706.787	62.0928	706.787	76.0792	706.787	71.9446	706.787	70.27	706.787	76.161	706.787	66.6045	706.787	78.6623	706.787	75.0607	706.787	80.0335	706.787	78.7352	706.787	80.1562
731.689	82.0666	731.689	82.1202	731.689	81.7341	731.689	81.7252	731.689	81.2201	731.689	80.6163	731.689	80.6685	731.689	78.5664	731.689	80.1974	731.689	75.5561	731.689	79.723	731.689	72.5768	731.689	78.9637	731.689	72.5819	731.689	77.5147	731.689	74.5572	731.689	74.7345	731.689	75.9063	731.689	69.5208	731.689	76.1724	731.689	68.5401	731.689	75.3736	731.689	74.4839	731.689	73.2288	731.689	77.4084	731.689	68.1747	731.689	77.8207	731.689	52.6501	731.689	75.67	731.689	69.2203	731.689	69.6641	731.689	73.9112	731.689	66.294	731.689	75.4508	731.689	72.6819	731.689	75.1249
758.057	80.8806	758.057	81.2617	758.057	80.3721	758.057	81.3003	758.057	79.8079	758.057	80.7825	758.057	79.2505	758.057	79.6767	758.057	78.7889	758.057	78.0269	758.057	78.3975	758.057	75.913	758.057	77.903	758.057	74.1234	758.057	77.0501	758.057	74.0966	758.057	75.5035	758.057	75.0955	758.057	72.8759	758.057	75.7201	758.057	70.2049	758.057	75.5172	758.057	72.2656	758.057	74.1527	758.057	75.4237	758.057	70.8968	758.057	76.6534	758.057	64.1132	758.057	75.6471	758.057	61.8916	758.057	71.6325	758.057	68.5672	758.057	59.5774	758.057	71.3244	758.057	65.761	758.057	70.9303
784.424	80.5504	784.424	80.6526	784.424	80.2236	784.424	80.7049	784.424	79.5655	784.424	80.3496	784.424	78.8375	784.424	79.1872	784.424	78.2813	784.424	77.4484	784.424	77.8962	784.424	75.639	784.424	77.5378	784.424	73.8069	784.424	76.9611	784.424	72.8277	784.424	75.797	784.424	73.765	784.424	73.5029	784.424	74.9395	784.424	69.6573	784.424	75.2235	784.424	69.3584	784.424	74.5507	784.424	73.7173	784.424	72.9551	784.424	75.886	784.424	70.0863	784.424	75.4841	784.424	65.9435	784.424	72.551	784.424	66.3121	784.424	67.1483	784.424	68.3081	784.424	63.4441	784.424	66.9407
812.256	80.2255	812.256	80.4155	812.256	79.8464	812.256	80.5412	812.256	79.3513	812.256	80.4128	812.256	78.8493	812.256	79.4787	812.256	78.3028	812.256	77.5371	812.256	77.7009	812.256	75.0829	812.256	77.1204	812.256	72.9859	812.256	76.5843	812.256	71.8367	812.256	75.9276	812.256	71.8663	812.256	74.7441	812.256	72.5595	812.256	72.4619	812.256	73.2082	812.256	69.411	812.256	73.3803	812.256	70.2922	812.256	72.6442	812.256	73.1348	812.256	70.7538	812.256	73.836	812.256	68.5177	812.256	71.9645	812.256	68.2847	812.256	68.2637	812.256	69.4458	812.256	67.7612	812.256	69.4579
840.82	80.3041	840.82	80.3418	840.82	79.7544	840.82	80.0212	840.82	78.9918	840.82	79.671	840.82	78.1907	840.82	78.9292	840.82	77.3505	840.82	77.3579	840.82	76.5942	840.82	75.2194	840.82	76.038	840.82	73.1852	840.82	75.5967	840.82	71.724	840.82	75.0157	840.82	71.2115	840.82	73.9706	840.82	71.5732	840.82	72.2657	840.82	72.1205	840.82	70.4604	840.82	72.2469	840.82	70.4395	840.82	71.6226	840.82	71.9287	840.82	70.2185	840.82	72.503	840.82	68.5389	840.82	70.8955	840.82	68.0662	840.82	67.6427	840.82	68.7551	840.82	67.4813	840.82	68.7556
870.85	80.2938	870.85	80.5114	870.85	79.7838	870.85	80.1427	870.85	79.1121	870.85	79.4172	870.85	78.1715	870.85	78.4063	870.85	77.2088	870.85	76.6062	870.85	76.5136	870.85	74.2643	870.85	75.9775	870.85	72.7042	870.85	75.396	870.85	71.9306	870.85	74.7046	870.85	71.2716	870.85	73.7776	870.85	71.0295	870.85	72.3719	870.85	71.2521	870.85	70.6105	870.85	71.4855	870.85	69.7584	870.85	71.3652	870.85	70.5225	870.85	70.7825	870.85	71.0229	870.85	70.0642	870.85	69.7199	870.85	69.7508	870.85	67.7372	870.85	69.8963	870.85	68.8349	870.85	69.9439
901.611	80.8778	901.611	80.771	901.611	80.2355	901.611	80.3106	901.611	78.997	901.611	79.7074	901.611	77.7319	901.611	78.7906	901.611	76.6527	901.611	77.3994	901.611	75.6564	901.611	75.4401	901.611	74.8028	901.611	73.245	901.611	74.2481	901.611	71.5835	901.611	73.9358	901.611	70.321	901.611	73.3745	901.611	68.9948	901.611	71.9575	901.611	68.3233	901.611	70.1203	901.611	68.632	901.611	70.147	901.611	68.6873	901.611	71.0649	901.611	68.1204	901.611	70.754	901.611	68.0937	901.611	69.0096	901.611	69.2575	901.611	66.9479	901.611	70.1646	901.611	68.2603	901.611	69.9653
933.105	80.7944	933.105	80.8096	933.105	80.3322	933.105	79.9861	933.105	79.5369	933.105	78.8972	933.105	78.1841	933.105	78.0425	933.105	76.7267	933.105	76.5996	933.105	75.7986	933.105	74.2449	933.105	75.2321	933.105	71.9402	933.105	74.5276	933.105	71.1729	933.105	73.6584	933.105	71.6747	933.105	72.9293	933.105	71.9118	933.105	72.0574	933.105	71.2537	933.105	70.4639	933.105	70.0322	933.105	69.5929	933.105	69.1437	933.105	70.854	933.105	69.0476	933.105	71.464	933.105	69.0241	933.105	70.1541	933.105	69.0821	933.105	67.0872	933.105	70.0021	933.105	67.9464	933.105	70.2747
966.064	81.1918	966.064	81.0835	966.064	80.6712	966.064	80.2998	966.064	79.3631	966.064	78.7653	966.064	77.6921	966.064	77.2866	966.064	76.2777	966.064	76.0651	966.064	75.2012	966.064	73.963	966.064	74.3523	966.064	70.9477	966.064	73.6335	966.064	69.4675	966.064	73.0057	966.064	70.3802	966.064	72.5061	966.064	71.5646	966.064	71.8224	966.064	72.2804	966.064	70.3342	966.064	72.2861	966.064	68.5005	966.064	71.2618	966.064	68.9087	966.064	69.0544	966.064	69.6789	966.064	67.1726	966.064	68.6084	966.064	68.4257	966.064	68.1758	966.064	70.2037	966.064	69.0118	966.064	69.987
999.756	81.263	999.756	81.1905	999.756	80.7143	999.756	80.3877	999.756	79.6755	999.756	79.0024	999.756	78.1931	999.756	77.3447	999.756	76.5755	999.756	75.7864	999.756	75.3397	999.756	74.3178	999.756	74.6165	999.756	72.0414	999.756	73.999	999.756	68.0306	999.756	73.1182	999.756	65.7297	999.756	72.1592	999.756	69.2407	999.756	71.4241	999.756	71.627	999.756	70.4802	999.756	72.0613	999.756	69.028	999.756	70.9324	999.756	67.9833	999.756	69.0454	999.756	68.2567	999.756	67.9041	999.756	68.5432	999.756	68.6515	999.756	67.5313	999.756	70.2557	999.756	68.4154	999.756	70.4881
1034.91	81.0019	1034.91	81.1112	1034.91	80.427	1034.91	80.6053	1034.91	79.0991	1034.91	79.2314	1034.91	77.4039	1034.91	77.8834	1034.91	75.8493	1034.91	76.8253	1034.91	74.6547	1034.91	75.0718	1034.91	74.0123	1034.91	73.0074	1034.91	73.623	1034.91	71.4084	1034.91	73.1738	1034.91	68.9216	1034.91	72.6614	1034.91	63.5102	1034.91	71.6616	1034.91	62.0177	1034.91	69.7105	1034.91	67.7157	1034.91	67.6577	1034.91	69.517	1034.91	67.3225	1034.91	68.6293	1034.91	67.9339	1034.91	67.1877	1034.91	67.45	1034.91	68.057	1034.91	67.7088	1034.91	69.74	1034.91	68.9715	1034.91	69.7191
1071.53	81.188	1071.53	81.2322	1071.53	80.4175	1071.53	80.9059	1071.53	79.1197	1071.53	80.0704	1071.53	77.4062	1071.53	78.2757	1071.53	75.5131	1071.53	76.4848	1071.53	74.3483	1071.53	75.3565	1071.53	74.0313	1071.53	73.7057	1071.53	73.7747	1071.53	71.8075	1071.53	73.029	1071.53	70.7653	1071.53	72.1313	1071.53	69.6637	1071.53	71.7715	1071.53	67.2612	1071.53	71.3017	1071.53	65.2794	1071.53	69.7858	1071.53	67.4916	1071.53	67.9324	1071.53	69.1415	1071.53	66.7881	1071.53	69.0869	1071.53	67.117	1071.53	68.8603	1071.53	68.1222	1071.53	70.0057	1071.53	69.3396	1071.53	70.4726
1109.62	81.2533	1109.62	81.5956	1109.62	80.4954	1109.62	81.3369	1109.62	79.2535	1109.62	80.4859	1109.62	77.4278	1109.62	79.0155	1109.62	75.6882	1109.62	77.0141	1109.62	74.7374	1109.62	75.1301	1109.62	74.2369	1109.62	73.3985	1109.62	73.5656	1109.62	71.5999	1109.62	72.4916	1109.62	71.2052	1109.62	71.4591	1109.62	71.7496	1109.62	71.2206	1109.62	71.4871	1109.62	71.4821	1109.62	70.0954	1109.62	70.8796	1109.62	68.5409	1109.62	68.6768	1109.62	68.2441	1109.62	67.8465	1109.62	68.3805	1109.62	67.2902	1109.62	69.4752	1109.62	66.3519	1109.62	70.4754	1109.62	68.8405	1109.62	69.9976
1148.44	81.3017	1148.44	81.4808	1148.44	80.2759	1148.44	81.1331	1148.44	78.8728	1148.44	80.4255	1148.44	77.4526	1148.44	78.8311	1148.44	76.1485	1148.44	76.7179	1148.44	74.9227	1148.44	74.7239	1148.44	74.123	1148.44	72.5667	1148.44	73.8685	1148.44	70.2918	1148.44	73.0324	1148.44	68.9992	1148.44	71.0201	1148.44	69.8435	1148.44	70.0019	1148.44	71.0741	1148.44	70.8806	1148.44	70.7136	1148.44	70.7482	1148.44	69.2174	1148.44	69.6241	1148.44	69.0415	1148.44	68.2705	1148.44	69.5168	1148.44	65.4516	1148.44	69.1584	1148.44	66.6321	1148.44	69.6453	1148.44	69.2386	1148.44	70.4622
1189.45	81.8064	1189.45	81.9554	1189.45	80.7552	1189.45	81.2526	1189.45	78.9368	1189.45	80.2921	1189.45	76.9114	1189.45	78.9612	1189.45	75.6626	1189.45	76.8071	1189.45	75.0597	1189.45	74.276	1189.45	74.7982	1189.45	71.9619	1189.45	74.7324	1189.45	69.9223	1189.45	74.4048	1189.45	68.1109	1189.45	73.2827	1189.45	67.2353	1189.45	70.9148	1189.45	68.3467	1189.45	68.2494	1189.45	69.5613	1189.45	68.7611	1189.45	69.0145	1189.45	69.2127	1189.45	67.0123	1189.45	67.5369	1189.45	66.4292	1189.45	65.6068	1189.45	68.8815	1189.45	65.184	1189.45	70.9269	1189.45	69.8922	1189.45	71.4373
1231.2	82.0122	1231.2	82.1432	1231.2	80.7571	1231.2	81.1654	1231.2	78.8551	1231.2	79.968	1231.2	76.9819	1231.2	78.7818	1231.2	76.0439	1231.2	77.0558	1231.2	75.9224	1231.2	74.4072	1231.2	75.6996	1231.2	70.5544	1231.2	75.1959	1231.2	67.6615	1231.2	74.334	1231.2	67.487	1231.2	72.8854	1231.2	67.4766	1231.2	71.2587	1231.2	67.5008	1231.2	70.0217	1231.2	68.4491	1231.2	69.8593	1231.2	69.2459	1231.2	70.2806	1231.2	69.282	1231.2	69.3838	1231.2	68.7664	1231.2	66.3435	1231.2	69.4058	1231.2	65.1676	1231.2	71.5346	1231.2	69.4162	1231.2	72.2057
1274.41	82.4381	1274.41	82.8455	1274.41	81.008	1274.41	82.0182	1274.41	78.8886	1274.41	80.4255	1274.41	77.2103	1274.41	79.0993	1274.41	76.4207	1274.41	77.313	1274.41	75.8513	1274.41	74.7287	1274.41	75.381	1274.41	71.6047	1274.41	75.2703	1274.41	67.7676	1274.41	74.9237	1274.41	66.8759	1274.41	73.828	1274.41	67.1626	1274.41	72.229	1274.41	64.1597	1274.41	70.7986	1274.41	65.0359	1274.41	69.5311	1274.41	68.2757	1274.41	68.8571	1274.41	69.2531	1274.41	69.6239	1274.41	69.4466	1274.41	66.9084	1274.41	69.8769	1274.41	63.11	1274.41	71.7667	1274.41	69.3488	1274.41	72.2913
1319.82	82.4375	1319.82	82.9587	1319.82	81.1604	1319.82	82.4596	1319.82	79.1687	1319.82	80.8303	1319.82	77.7365	1319.82	79.0705	1319.82	77.3284	1319.82	77.5319	1319.82	76.87	1319.82	75.4494	1319.82	76.3856	1319.82	72.9678	1319.82	76.09	1319.82	69.1509	1319.82	75.3209	1319.82	61.5514	1319.82	73.557	1319.82	66.4883	1319.82	71.5494	1319.82	68.912	1319.82	70.931	1319.82	65.8582	1319.82	71.5781	1319.82	65.6334	1319.82	71.0013	1319.82	68.7325	1319.82	69.8302	1319.82	69.5064	1319.82	68.3083	1319.82	69.1829	1319.82	63.0158	1319.82	71.1879	1319.82	67.6623	1319.82	71.0028
1365.97	82.3376	1365.97	83.1868	1365.97	80.6066	1365.97	83.0033	1365.97	78.5727	1365.97	81.6115	1365.97	77.762	1365.97	79.7503	1365.97	78.0637	1365.97	78.1264	1365.97	77.8544	1365.97	75.7913	1365.97	76.9281	1365.97	72.533	1365.97	76.3517	1365.97	69.1896	1365.97	76.1084	1365.97	66.2167	1365.97	74.4136	1365.97	61.5627	1365.97	71.3574	1365.97	57.3958	1365.97	71.0543	1365.97	61.1216	1365.97	70.6572	1365.97	64.5946	1365.97	69.931	1365.97	69.6498	1365.97	69.8609	1365.97	70.9453	1365.97	69.1906	1365.97	68.6917	1365.97	67.2866	1365.97	70.7586	1365.97	68.9387	1365.97	71.822
1414.31	82.0186	1414.31	82.9063	1414.31	80.0985	1414.31	82.9258	1414.31	77.7372	1414.31	81.7202	1414.31	76.9842	1414.31	79.3179	1414.31	78.0378	1414.31	77.1412	1414.31	78.1681	1414.31	75.8532	1414.31	76.6908	1414.31	74.8495	1414.31	75.8854	1414.31	73.5186	1414.31	76.8029	1414.31	72.3636	1414.31	76.9846	1414.31	72.4691	1414.31	75.078	1414.31	70.2504	1414.31	69.2304	1414.31	61.0261	1414.31	68.2157	1414.31	61.5761	1414.31	71.5913	1414.31	70.6816	1414.31	70.0628	1414.31	72.9319	1414.31	66.9498	1414.31	70.3902	1414.31	67.4367	1414.31	69.2914	1414.31	70.4302	1414.31	71.8591
1464.11	82.2494	1464.11	82.7246	1464.11	80.5708	1464.11	82.6151	1464.11	78.4397	1464.11	81.8459	1464.11	77.288	1464.11	79.1883	1464.11	77.5735	1464.11	76.3887	1464.11	78.1973	1464.11	74.3436	1464.11	77.6265	1464.11	73.5648	1464.11	76.2753	1464.11	72.8621	1464.11	75.8857	1464.11	69.3199	1464.11	76.2101	1464.11	72.4361	1464.11	75.7637	1464.11	72.9306	1464.11	73.3483	1464.11	68.5292	1464.11	68.8143	1464.11	56.0806	1464.11	71.5993	1464.11	65.6813	1464.11	72.7335	1464.11	72.5852	1464.11	66.6552	1464.11	72.4804	1464.11	64.9574	1464.11	70.6078	1464.11	70.8241	1464.11	71.6634
1515.38	82.5921	1515.38	82.7004	1515.38	81.1751	1515.38	82.1815	1515.38	79.6068	1515.38	81.9041	1515.38	78.8394	1515.38	80.2472	1515.38	78.497	1515.38	76.801	1515.38	78.2518	1515.38	74.4411	1515.38	77.7482	1515.38	71.8376	1515.38	76.9687	1515.38	70.4243	1515.38	75.8954	1515.38	66.2444	1515.38	74.5194	1515.38	65.2784	1515.38	74.321	1515.38	72.0624	1515.38	74.7142	1515.38	71.0975	1515.38	71.4513	1515.38	65.8555	1515.38	70.2501	1515.38	63.1924	1515.38	73.7337	1515.38	72.8349	1515.38	69.5422	1515.38	72.5987	1515.38	59.3454	1515.38	72.8234	1515.38	70.9227	1515.38	73.6005
1568.85	82.6496	1568.85	82.5124	1568.85	81.5923	1568.85	81.8913	1568.85	79.9641	1568.85	81.6425	1568.85	79.327	1568.85	80.6957	1568.85	80.011	1568.85	77.0576	1568.85	79.337	1568.85	73.4373	1568.85	77.4059	1568.85	70.5654	1568.85	76.3459	1568.85	69.048	1568.85	77.1711	1568.85	66.0974	1568.85	76.2465	1568.85	55.3445	1568.85	73.7996	1568.85	67.9573	1568.85	74.3108	1568.85	68.5617	1568.85	72.3956	1568.85	66.5254	1568.85	67.2163	1568.85	58.0583	1568.85	73.7083	1568.85	70.0358	1568.85	73.1024	1568.85	71.6882	1568.85	54.7406	1568.85	72.59	1568.85	70.4156	1568.85	73.543
1624.51	82.7034	1624.51	82.9339	1624.51	81.4923	1624.51	82.6188	1624.51	79.9276	1624.51	80.5339	1624.51	79.0909	1624.51	79.4621	1624.51	79.245	1624.51	77.2782	1624.51	79.7908	1624.51	73.3737	1624.51	79.3536	1624.51	72.2736	1624.51	77.0677	1624.51	71.7356	1624.51	76.3086	1624.51	69.7805	1624.51	76.8555	1624.51	65.3861	1624.51	73.9605	1624.51	51.5906	1624.51	74.6259	1624.51	60.6785	1624.51	75.1639	1624.51	68.6695	1624.51	69.5183	1624.51	60.1947	1624.51	71.2035	1624.51	67.0525	1624.51	74.124	1624.51	70.1886	1624.51	67.6347	1624.51	69.9689	1624.51	66.0596	1624.51	71.2821
1681.64	82.5451	1681.64	83.3151	1681.64	81.0117	1681.64	83.127	1681.64	79.3638	1681.64	80.1062	1681.64	78.5847	1681.64	78.1067	1681.64	79.5816	1681.64	78.0357	1681.64	79.7387	1681.64	74.0368	1681.64	78.8184	1681.64	67.2817	1681.64	78.0779	1681.64	67.6401	1681.64	76.4532	1681.64	59.683	1681.64	76.4176	1681.64	64.8529	1681.64	75.2783	1681.64	67.6704	1681.64	74.0084	1681.64	56.7822	1681.64	76.1231	1681.64	61.3481	1681.64	71.1659	1681.64	66.1373	1681.64	66.1818	1681.64	49.437	1681.64	70.027	1681.64	63.3977	1681.64	67.4446	1681.64	64.2861	1681.64	50.8207	1681.64	61.1565
1740.97	82.208	1740.97	82.4128	1740.97	80.9564	1740.97	82.1487	1740.97	78.5428	1740.97	80.7477	1740.97	78.6698	1740.97	78.1764	1740.97	79.6503	1740.97	76.7633	1740.97	79.9409	1740.97	70.1774	1740.97	78.6749	1740.97	62.0819	1740.97	76.6915	1740.97	51.5207	1740.97	75.5933	1740.97	63.3209	1740.97	75.2065	1740.97	65.916	1740.97	74.0107	1740.97	61.8097	1740.97	72.3128	1740.97	49.5282	1740.97	73.7454	1740.97	64.7689	1740.97	73.4295	1740.97	66.0642	1740.97	65.8929	1740.97	63.0479	1740.97	64.7402	1740.97	56.1824	1740.97	66.5406	1740.97	43.406	1740.97	47.0865	1740.97	59.8947
1802.49	82.5834	1802.49	81.95	1802.49	81.2103	1802.49	80.5471	1802.49	77.7072	1802.49	80.1954	1802.49	77.1901	1802.49	76.8782	1802.49	78.2731	1802.49	75.8538	1802.49	79.451	1802.49	71.0807	1802.49	78.889	1802.49	65.0266	1802.49	77.5999	1802.49	63.4614	1802.49	75.6345	1802.49	66.5283	1802.49	74.0663	1802.49	69.2915	1802.49	75.0515	1802.49	68.8408	1802.49	71.8146	1802.49	64.1692	1802.49	72.2717	1802.49	61.1965	1802.49	73.3068	1802.49	59.1181	1802.49	67.4182	1802.49	58.7255	1802.49	62.3807	1802.49	63.4912	1802.49	63.1547	1802.49	51.9423	1802.49	63.8309	1802.49	57.2557
1866.21	82.6155	1866.21	82.1202	1866.21	80.9282	1866.21	80.2287	1866.21	76.8059	1866.21	78.4191	1866.21	75.5164	1866.21	76.6837	1866.21	78.8043	1866.21	70.7244	1866.21	79.3547	1866.21	71.5245	1866.21	78.8501	1866.21	70.1191	1866.21	77.3804	1866.21	69.3076	1866.21	75.4989	1866.21	71.8507	1866.21	74.1255	1866.21	73.4305	1866.21	71.9171	1866.21	73.8131	1866.21	72.8528	1866.21	70.076	1866.21	69.8211	1866.21	60.7555	1866.21	72.5143	1866.21	64.0279	1866.21	70.7527	1866.21	64.8515	1866.21	67.8261	1866.21	61.9984	1866.21	64.6937	1866.21	65.1602	1866.21	67.4635	1866.21	58.1126
1932.13	81.5738	1932.13	81.5652	1932.13	80.1586	1932.13	81.0705	1932.13	73.7066	1932.13	77.9641	1932.13	76.9965	1932.13	77.7155	1932.13	79.3473	1932.13	70.2427	1932.13	79.0918	1932.13	71.4974	1932.13	79.1492	1932.13	69.5913	1932.13	77.1055	1932.13	72.6718	1932.13	74.1671	1932.13	72.1769	1932.13	72.7119	1932.13	72.3644	1932.13	73.0056	1932.13	72.5283	1932.13	72.075	1932.13	72.6585	1932.13	73.1497	1932.13	64.2698	1932.13	72.8306	1932.13	58.727	1932.13	69.2509	1932.13	64.1055	1932.13	66.9974	1932.13	58.3096	1932.13	58.8718	1932.13	66.8514	1932.13	62.2754	1932.13	63.3915
2000.24	80.4138	2000.24	81.0375	2000.24	78.0004	2000.24	81.0005	2000.24	72.4155	2000.24	76.785	2000.24	76.4569	2000.24	73.9099	2000.24	78.6913	2000.24	64.5029	2000.24	79.5922	2000.24	70.9975	2000.24	79.7787	2000.24	69.3728	2000.24	77.6281	2000.24	69.4527	2000.24	72.9262	2000.24	69.6488	2000.24	69.4813	2000.24	70.728	2000.24	72.345	2000.24	67.796	2000.24	70.2318	2000.24	70.9643	2000.24	70.2945	2000.24	65.2216	2000.24	68.8837	2000.24	53.7453	2000.24	67.7035	2000.24	59.2032	2000.24	65.4418	2000.24	61.8794	2000.24	63.2472	2000.24	65.1479	2000.24	65.825	2000.24	66.9865
2070.56	80.4062	2070.56	80.7315	2070.56	78.9081	2070.56	80.2584	2070.56	72.1136	2070.56	77.2124	2070.56	75.8939	2070.56	71.6846	2070.56	79.2879	2070.56	71.5932	2070.56	80.4294	2070.56	71.5291	2070.56	79.5108	2070.56	70.9733	2070.56	77.6948	2070.56	69.5592	2070.56	75.9668	2070.56	65.3193	2070.56	68.647	2070.56	62.1918	2070.56	70.3382	2070.56	54.3477	2070.56	71.2796	2070.56	52.5292	2070.56	69.9384	2070.56	65.4107	2070.56	69.1843	2070.56	69.4881	2070.56	67.6966	2070.56	63.6549	2070.56	65.6582	2070.56	60.4761	2070.56	58.02	2070.56	65.5062	2070.56	67.2756	2070.56	67.1779
2143.8	80.597	2143.8	81.1882	2143.8	78.6832	2143.8	78.629	2143.8	73.1444	2143.8	74.0045	2143.8	77.2452	2143.8	66.5174	2143.8	78.9447	2143.8	69.369	2143.8	80.2565	2143.8	74.3204	2143.8	79.7976	2143.8	73.6031	2143.8	77.566	2143.8	71.4791	2143.8	74.8065	2143.8	68.8275	2143.8	71.0729	2143.8	69.9422	2143.8	65.9536	2143.8	71.1377	2143.8	69.5565	2143.8	63.9799	2143.8	66.1289	2143.8	64.601	2143.8	70.6045	2143.8	65.4422	2143.8	66.4291	2143.8	60.1386	2143.8	62.899	2143.8	54.0854	2143.8	56.5415	2143.8	63.1047	2143.8	64.7715	2143.8	64.6096
2219.24	80.542	2219.24	82.2419	2219.24	77.4184	2219.24	79.0008	2219.24	74.9422	2219.24	72.8073	2219.24	75.2355	2219.24	68.974	2219.24	81.5388	2219.24	73.7461	2219.24	81.1262	2219.24	70.1848	2219.24	78.1357	2219.24	62.1561	2219.24	75.5745	2219.24	68.3059	2219.24	73.6714	2219.24	70.9346	2219.24	71.3536	2219.24	62.7716	2219.24	68.0508	2219.24	72.6441	2219.24	70.7419	2219.24	73.3454	2219.24	71.4118	2219.24	66.4108	2219.24	71.3308	2219.24	66.417	2219.24	66.2029	2219.24	53.3759	2219.24	69.056	2219.24	66.7962	2219.24	56.8813	2219.24	67.4118	2219.24	66.0358	2219.24	65.3655
2297.61	81.0571	2297.61	81.1698	2297.61	77.8898	2297.61	79.9709	2297.61	67.6289	2297.61	71.8992	2297.61	75.0683	2297.61	70.4567	2297.61	80.4715	2297.61	72.7784	2297.61	80.5542	2297.61	65.5218	2297.61	79.8699	2297.61	71.878	2297.61	77.4721	2297.61	73.7766	2297.61	72.6931	2297.61	73.2721	2297.61	72.2635	2297.61	70.4403	2297.61	69.0707	2297.61	68.6362	2297.61	71.4848	2297.61	74.2223	2297.61	70.356	2297.61	67.8964	2297.61	70.6852	2297.61	62.1186	2297.61	62.6008	2297.61	51.187	2297.61	66.4578	2297.61	63.7546	2297.61	50.3586	2297.61	66.7484	2297.61	66.2132	2297.61	59.0986
2378.17	80.7207	2378.17	80.7705	2378.17	76.9245	2378.17	76.6616	2378.17	64.5185	2378.17	67.7778	2378.17	74.4079	2378.17	67.7381	2378.17	79.7595	2378.17	72.9863	2378.17	80.126	2378.17	74.6439	2378.17	78.8303	2378.17	72.2656	2378.17	77.196	2378.17	72.5706	2378.17	74.6552	2378.17	71.4267	2378.17	73.0468	2378.17	70.9312	2378.17	66.7703	2378.17	63.8248	2378.17	60.9665	2378.17	69.0107	2378.17	66.2384	2378.17	66.6403	2378.17	69.5164	2378.17	67.3596	2378.17	67.1602	2378.17	61.6017	2378.17	60.8352	2378.17	47.1068	2378.17	51.229	2378.17	62.8758	2378.17	63.9825	2378.17	66.0501
2462.4	80.7887	2462.4	80.8092	2462.4	76.5675	2462.4	75.4776	2462.4	63.079	2462.4	55.5186	2462.4	74.1819	2462.4	69.7121	2462.4	79.3175	2462.4	74.4546	2462.4	80.1137	2462.4	76.2541	2462.4	78.7805	2462.4	74.9277	2462.4	77.1723	2462.4	74.3312	2462.4	74.0027	2462.4	72.3672	2462.4	66.6585	2462.4	71.5963	2462.4	65.2133	2462.4	70.59	2462.4	63.2222	2462.4	63.9258	2462.4	66.514	2462.4	67.5236	2462.4	68.4609	2462.4	68.3704	2462.4	68.1749	2462.4	65.1262	2462.4	63.3309	2462.4	52.9303	2462.4	49.7063	2462.4	64.4976	2462.4	64.564	2462.4	66.8309
2548.83	80.0906	2548.83	80.4285	2548.83	75.6162	2548.83	75.4937	2548.83	57.3199	2548.83	57.7596	2548.83	73.4062	2548.83	73.3379	2548.83	78.5993	2548.83	76.581	2548.83	80.0947	2548.83	73.9968	2548.83	78.717	2548.83	74.1083	2548.83	76.1998	2548.83	72.7101	2548.83	74.3777	2548.83	71.7092	2548.83	69.0931	2548.83	69.2124	2548.83	62.2657	2548.83	70.0436	2548.83	55.1168	2548.83	68.2352	2548.83	66.0496	2548.83	66.524	2548.83	67.2132	2548.83	68.8479	2548.83	66.6335	2548.83	64.7422	2548.83	61.5144	2548.83	55.2451	2548.83	57.4115	2548.83	62.3856	2548.83	65.9092	2548.83	66.7496
2638.92	80.3182	2638.92	79.5675	2638.92	75.597	2638.92	74.717	2638.92	52.1906	2638.92	66.9933	2638.92	73.0826	2638.92	74.6759	2638.92	78.8353	2638.92	76.7671	2638.92	79.7216	2638.92	76.3732	2638.92	78.8666	2638.92	74.8523	2638.92	75.6635	2638.92	72.5219	2638.92	73.5046	2638.92	71.9066	2638.92	71.5763	2638.92	69.4755	2638.92	65.642	2638.92	68.7509	2638.92	62.5295	2638.92	68.5926	2638.92	64.7341	2638.92	66.3191	2638.92	67.6579	2638.92	68.2845	2638.92	67.3995	2638.92	66.1108	2638.92	62.5653	2638.92	60.2427	2638.92	56.9396	2638.92	62.0876	2638.92	63.1377	2638.92	65.2801
2731.93	79.9001	2731.93	79.8668	2731.93	75.4007	2731.93	72.713	2731.93	48.33	2731.93	70.1018	2731.93	73.0362	2731.93	75.8335	2731.93	78.0225	2731.93	76.5574	2731.93	79.7992	2731.93	77.3344	2731.93	78.5105	2731.93	76.3166	2731.93	76.0078	2731.93	75.281	2731.93	71.4361	2731.93	73.9968	2731.93	64.8531	2731.93	72.5181	2731.93	58.9395	2731.93	68.6106	2731.93	63.3337	2731.93	67.8997	2731.93	64.6328	2731.93	67.4822	2731.93	67.594	2731.93	68.5264	2731.93	67.0295	2731.93	67.2619	2731.93	59.5335	2731.93	60.2234	2731.93	59.0666	2731.93	62.7761	2731.93	67.5068	2731.93	67.5708
2828.61	79.3551	2828.61	78.9813	2828.61	74.5518	2828.61	73.0945	2828.61	55.1108	2828.61	72.3295	2828.61	72.3656	2828.61	76.1905	2828.61	77.394	2828.61	78.8823	2828.61	79.4117	2828.61	77.3414	2828.61	78.2549	2828.61	74.6484	2828.61	75.3078	2828.61	72.7025	2828.61	72.2127	2828.61	71.2954	2828.61	67.1719	2828.61	68.3952	2828.61	60.2075	2828.61	70.3967	2828.61	59.4225	2828.61	67.2514	2828.61	66.0708	2828.61	66.0129	2828.61	66.5434	2828.61	68.0905	2828.61	65.7494	2828.61	66.1245	2828.61	56.4701	2828.61	62.1103	2828.61	61.6115	2828.61	61.2688	2828.61	64.629	2828.61	66.2655
2928.22	78.9282	2928.22	78.0991	2928.22	73.9948	2928.22	72.8617	2928.22	58.749	2928.22	72.7988	2928.22	73.2166	2928.22	77.5667	2928.22	77.2077	2928.22	78.2407	2928.22	78.8783	2928.22	77.8642	2928.22	78.7431	2928.22	75.8172	2928.22	74.8671	2928.22	73.1661	2928.22	69.9127	2928.22	71.639	2928.22	68.037	2928.22	68.6502	2928.22	63.7963	2928.22	67.9974	2928.22	66.8142	2928.22	67.659	2928.22	65.0573	2928.22	66.2883	2928.22	65.8501	2928.22	66.6142	2928.22	66.2105	2928.22	67.1736	2928.22	53.4781	2928.22	62.616	2928.22	59.6671	2928.22	57.5809	2928.22	64.7751	2928.22	65.8909
3031.49	79.0497	3031.49	78.2414	3031.49	74.9052	3031.49	73.2275	3031.49	54.5279	3031.49	73.8077	3031.49	74.6219	3031.49	78.6563	3031.49	77.5731	3031.49	78.9917	3031.49	78.3384	3031.49	77.3155	3031.49	78.2516	3031.49	75.132	3031.49	75.5605	3031.49	73.871	3031.49	67.6297	3031.49	73.44	3031.49	61.2423	3031.49	70.6066	3031.49	65.9013	3031.49	65.871	3031.49	68.6577	3031.49	66.1196	3031.49	66.3078	3031.49	66.517	3031.49	66.261	3031.49	66.7695	3031.49	63.9162	3031.49	66.0879	3031.49	53.5746	3031.49	60.9224	3031.49	60.6781	3031.49	60.5845	3031.49	61.2582	3031.49	65.6252
3138.43	78.4603	3138.43	78.1893	3138.43	75.1618	3138.43	72.6248	3138.43	60.6246	3138.43	75.278	3138.43	74.959	3138.43	78.7161	3138.43	78.3488	3138.43	79.2902	3138.43	77.8193	3138.43	77.1424	3138.43	77.5104	3138.43	74.8403	3138.43	76.8986	3138.43	70.6238	3138.43	71.4595	3138.43	68.3226	3138.43	66.0071	3138.43	65.9292	3138.43	69.2182	3138.43	67.1363	3138.43	68.3915	3138.43	64.1302	3138.43	64.2839	3138.43	63.5353	3138.43	65.5853	3138.43	63.5026	3138.43	60.7542	3138.43	65.5361	3138.43	48.7138	3138.43	61.8695	3138.43	59.491	3138.43	58.8147	3138.43	64.5103	3138.43	65.285
3249.02	78.1575	3249.02	77.8803	3249.02	74.926	3249.02	71.8371	3249.02	65.3786	3249.02	76.7058	3249.02	75.0088	3249.02	79.2335	3249.02	77.8996	3249.02	78.8078	3249.02	77.67	3249.02	76.2441	3249.02	77.464	3249.02	73.6097	3249.02	77.3876	3249.02	72.871	3249.02	74.1422	3249.02	71.2016	3249.02	69.6705	3249.02	67.7906	3249.02	68.9081	3249.02	64.1653	3249.02	68.1771	3249.02	66.2524	3249.02	66.4034	3249.02	62.0841	3249.02	64.6015	3249.02	63.9607	3249.02	61.6306	3249.02	63.6574	3249.02	62.6966	3249.02	61.039	3249.02	61.5255	3249.02	57.5547	3249.02	63.1848	3249.02	65.5053
3363.28	78.4638	3363.28	77.2888	3363.28	75.4352	3363.28	70.7663	3363.28	66.7199	3363.28	77.4756	3363.28	77.273	3363.28	79.1664	3363.28	78.1346	3363.28	78.482	3363.28	76.5214	3363.28	75.4641	3363.28	76.4085	3363.28	72.8331	3363.28	76.3992	3363.28	69.0197	3363.28	73.5924	3363.28	65.7288	3363.28	71.2027	3363.28	65.9056	3363.28	72.0258	3363.28	64.2366	3363.28	68.9007	3363.28	63.2991	3363.28	67.2834	3363.28	59.6942	3363.28	61.7339	3363.28	62.4922	3363.28	59.1449	3363.28	61.5369	3363.28	62.7083	3363.28	58.2887	3363.28	60.6019	3363.28	60.2971	3363.28	62.1796	3363.28	63.202
3481.93	79.2071	3481.93	77.1451	3481.93	75.6934	3481.93	73.2081	3481.93	69.5719	3481.93	77.673	3481.93	77.2499	3481.93	79.3406	3481.93	79.217	3481.93	77.0556	3481.93	74.8489	3481.93	73.2929	3481.93	75.9957	3481.93	68.0979	3481.93	75.3081	3481.93	68.6634	3481.93	73.5649	3481.93	68.6079	3481.93	69.7044	3481.93	65.4194	3481.93	71.4596	3481.93	65.5785	3481.93	71.7619	3481.93	64.6379	3481.93	66.8718	3481.93	57.6257	3481.93	60.4266	3481.93	60.1675	3481.93	59.7759	3481.93	58.9862	3481.93	63.7299	3481.93	58.032	3481.93	59.8031	3481.93	56.8516	3481.93	62.4412	3481.93	61.8747
3604.98	79.5719	3604.98	76.0459	3604.98	76.5505	3604.98	74.0421	3604.98	71.0598	3604.98	78.5323	3604.98	77.3695	3604.98	78.7249	3604.98	79.4953	3604.98	76.3317	3604.98	74.1976	3604.98	71.9191	3604.98	75.245	3604.98	71.9283	3604.98	73.8653	3604.98	69.8322	3604.98	72.4104	3604.98	71.2088	3604.98	70.7104	3604.98	69.7334	3604.98	63.3446	3604.98	62.7754	3604.98	70.56	3604.98	64.7162	3604.98	65.2793	3604.98	64.3717	3604.98	59.0006	3604.98	59.6576	3604.98	58.1948	3604.98	59.8268	3604.98	62.2465	3604.98	60.0051	3604.98	59.7497	3604.98	54.2955	3604.98	62.8198	3604.98	62.1963
3732.42	79.2941	3732.42	76.0773	3732.42	76.1299	3732.42	75.485	3732.42	73.1124	3732.42	78.8509	3732.42	77.9241	3732.42	78.6622	3732.42	79.5345	3732.42	74.8455	3732.42	74.1698	3732.42	72.5303	3732.42	74.8734	3732.42	70.7973	3732.42	75.1095	3732.42	70.6962	3732.42	71.7193	3732.42	67.9003	3732.42	69.3567	3732.42	66.0423	3732.42	50.9614	3732.42	67.5338	3732.42	63.1661	3732.42	65.1628	3732.42	67.8629	3732.42	63.3304	3732.42	63.87	3732.42	62.4051	3732.42	58.1316	3732.42	62.9725	3732.42	64.4937	3732.42	54.5695	3732.42	59.2962	3732.42	55.6181	3732.42	61.5821	3732.42	60.8515
3863.53	80.368	3863.53	75.3587	3863.53	77.9998	3863.53	76.3636	3863.53	72.9159	3863.53	79.3247	3863.53	78.9654	3863.53	78.1966	3863.53	79.6203	3863.53	75.7178	3863.53	75.053	3863.53	74.384	3863.53	74.6044	3863.53	74.3596	3863.53	76.1783	3863.53	73.2844	3863.53	72.6454	3863.53	72.1995	3863.53	71.2343	3863.53	69.5385	3863.53	64.5512	3863.53	66.5199	3863.53	51.5916	3863.53	65.9294	3863.53	65.0276	3863.53	66.3937	3863.53	66.1405	3863.53	60.483	3863.53	58.0772	3863.53	64.9291	3863.53	64.9661	3863.53	51.3182	3863.53	50.6967	3863.53	60.2435	3863.53	58.2303	3863.53	57.3466
3999.76	80.3741	3999.76	75.7469	3999.76	78.5008	3999.76	77.4671	3999.76	74.0816	3999.76	79.1448	3999.76	79.4625	3999.76	78.1718	3999.76	79.254	3999.76	75.9922	3999.76	74.6761	3999.76	75.6025	3999.76	75.5393	3999.76	73.1316	3999.76	78.2804	3999.76	70.8478	3999.76	75.1192	3999.76	69.0649	3999.76	69.6809	3999.76	66.0961	3999.76	71.3767	3999.76	68.6006	3999.76	65.8332	3999.76	64.2587	3999.76	67.1859	3999.76	66.0257	3999.76	65.8856	3999.76	61.4687	3999.76	58.6416	3999.76	65.0816	3999.76	65.329	3999.76	51.9984	3999.76	46.5812	3999.76	60.3544	3999.76	61.1963	3999.76	61.2566
4141.11	80.76	4141.11	75.2694	4141.11	79.2889	4141.11	77.8571	4141.11	75.1792	4141.11	79.5267	4141.11	79.8084	4141.11	77.6889	4141.11	79.3216	4141.11	76.8882	4141.11	73.7565	4141.11	75.4862	4141.11	76.8017	4141.11	73.7868	4141.11	79.3363	4141.11	73.6224	4141.11	76.2215	4141.11	73.1757	4141.11	71.3356	4141.11	69.4581	4141.11	73.7342	4141.11	65.3156	4141.11	69.9644	4141.11	66.1183	4141.11	68.381	4141.11	63.8389	4141.11	64.5267	4141.11	61.9122	4141.11	58.6279	4141.11	63.751	4141.11	63.1759	4141.11	55.7115	4141.11	58.0976	4141.11	55.6457	4141.11	61.3095	4141.11	61.3967
4286.87	80.7954	4286.87	76.0377	4286.87	80.152	4286.87	78.688	4286.87	74.8876	4286.87	79.3305	4286.87	80.1245	4286.87	77.724	4286.87	79.131	4286.87	76.879	4286.87	73.5586	4286.87	74.7753	4286.87	77.0048	4286.87	72.8934	4286.87	80.491	4286.87	68.2983	4286.87	75.6208	4286.87	66.4644	4286.87	73.2307	4286.87	67.2245	4286.87	72.2304	4286.87	66.2152	4286.87	67.8998	4286.87	64.717	4286.87	70.3381	4286.87	64.7073	4286.87	66.6737	4286.87	60.3596	4286.87	55.2534	4286.87	63.0015	4286.87	64.2431	4286.87	57.9676	4286.87	58.2603	4286.87	50.6147	4286.87	58.2564	4286.87	62.4729
4438.48	81.4048	4438.48	76.544	4438.48	81.1209	4438.48	79.3153	4438.48	76.5497	4438.48	79.2855	4438.48	80.3793	4438.48	77.9829	4438.48	78.8856	4438.48	77.0452	4438.48	72.5568	4438.48	75.8593	4438.48	75.1407	4438.48	73.5258	4438.48	78.2562	4438.48	74.6899	4438.48	77.201	4438.48	72.4746	4438.48	73.9262	4438.48	71.2005	4438.48	65.9002	4438.48	66.7021	4438.48	64.6871	4438.48	66.4967	4438.48	67.6507	4438.48	64.204	4438.48	63.8182	4438.48	60.3456	4438.48	53.0316	4438.48	63.9387	4438.48	63.9853	4438.48	60.1548	4438.48	56.0512	4438.48	52.0798	4438.48	61.6427	4438.48	59.9442
4594.48	81.0026	4594.48	76.694	4594.48	80.7578	4594.48	79.7044	4594.48	77.4171	4594.48	78.8657	4594.48	80.4492	4594.48	78.3256	4594.48	78.9013	4594.48	76.8089	4594.48	72.2314	4594.48	76.2525	4594.48	73.9181	4594.48	74.9431	4594.48	77.2658	4594.48	71.4991	4594.48	75.1415	4594.48	72.024	4594.48	73.3297	4594.48	67.438	4594.48	60.3865	4594.48	66.6272	4594.48	64.047	4594.48	65.6783	4594.48	63.532	4594.48	65.2996	4594.48	59.6893	4594.48	60.4417	4594.48	52.4721	4594.48	63.445	4594.48	63.7536	4594.48	58.9513	4594.48	55.5131	4594.48	46.104	4594.48	62.4488	4594.48	59.4139
4757.08	81.9741	4757.08	77.6819	4757.08	81.875	4757.08	79.8404	4757.08	77.2193	4757.08	79.0651	4757.08	80.503	4757.08	77.6615	4757.08	79.2463	4757.08	77.8008	4757.08	73.5487	4757.08	77.1201	4757.08	73.4373	4757.08	74.2025	4757.08	77.041	4757.08	72.9188	4757.08	72.7225	4757.08	68.5459	4757.08	68.212	4757.08	69.4677	4757.08	69.4706	4757.08	65.0284	4757.08	66.7554	4757.08	66.3946	4757.08	55.0413	4757.08	63.7236	4757.08	62.7405	4757.08	60.1067	4757.08	54.8145	4757.08	64.3475	4757.08	61.5528	4757.08	55.6186	4757.08	51.6499	4757.08	41.5904	4757.08	62.2062	4757.08	57.3077
4924.8	81.3701	4924.8	78.2869	4924.8	81.879	4924.8	80.1033	4924.8	78.4333	4924.8	78.8792	4924.8	79.7838	4924.8	77.7245	4924.8	78.6536	4924.8	78.4606	4924.8	73.9451	4924.8	75.9533	4924.8	72.7435	4924.8	73.2306	4924.8	76.8896	4924.8	71.5625	4924.8	73.0836	4924.8	70.3684	4924.8	66.975	4924.8	68.2752	4924.8	64.0232	4924.8	65.4488	4924.8	65.395	4924.8	65.8104	4924.8	54.485	4924.8	63.346	4924.8	62.609	4924.8	62.5916	4924.8	46.8521	4924.8	61.4026	4924.8	59.889	4924.8	57.385	4924.8	45.6096	4924.8	51.8613	4924.8	60.9532	4924.8	59.0271
5098.39	81.6858	5098.39	78.6382	5098.39	82.0125	5098.39	80.4466	5098.39	78.0456	5098.39	78.7668	5098.39	80.212	5098.39	78.2972	5098.39	78.569	5098.39	78.0446	5098.39	74.1928	5098.39	75.8145	5098.39	71.4598	5098.39	73.2629	5098.39	75.5377	5098.39	71.4162	5098.39	70.0905	5098.39	68.3536	5098.39	70.4692	5098.39	66.9113	5098.39	68.251	5098.39	65.1535	5098.39	66.261	5098.39	63.9598	5098.39	55.8687	5098.39	62.5429	5098.39	59.9388	5098.39	59.3285	5098.39	47.8797	5098.39	62.5978	5098.39	59.7986	5098.39	59.6373	5098.39	53.6551	5098.39	40.688	5098.39	61.3047	5098.39	54.6824
5277.83	81.4952	5277.83	78.6961	5277.83	82.2755	5277.83	80.6364	5277.83	78.7111	5277.83	78.2026	5277.83	79.7373	5277.83	78.9944	5277.83	78.944	5277.83	77.3982	5277.83	75.7323	5277.83	75.5324	5277.83	72.4115	5277.83	72.1242	5277.83	75.912	5277.83	71.4954	5277.83	73.1306	5277.83	69.9455	5277.83	69.497	5277.83	67.5252	5277.83	66.877	5277.83	65.4175	5277.83	65.8774	5277.83	65.4036	5277.83	62.1355	5277.83	62.7851	5277.83	61.0913	5277.83	59.7243	5277.83	50.5946	5277.83	62.18	5277.83	60.6487	5277.83	58.7785	5277.83	49.9523	5277.83	53.3167	5277.83	59.4504	5277.83	58.2524
5463.87	81.2082	5463.87	79.6295	5463.87	82.0682	5463.87	80.8463	5463.87	79.433	5463.87	78.6675	5463.87	79.2387	5463.87	79.0661	5463.87	79.1037	5463.87	77.612	5463.87	76.7039	5463.87	74.4699	5463.87	72.193	5463.87	73.499	5463.87	75.5386	5463.87	71.2302	5463.87	74.6867	5463.87	68.9796	5463.87	70.443	5463.87	66.4259	5463.87	64.9154	5463.87	63.2231	5463.87	54.9162	5463.87	64.6306	5463.87	62.1145	5463.87	62.8617	5463.87	60.7577	5463.87	61.3556	5463.87	58.0062	5463.87	62.9458	5463.87	63.2049	5463.87	60.7077	5463.87	50.5675	5463.87	53.9575	5463.87	59.035	5463.87	53.149
5656.49	81.6312	5656.49	80.0857	5656.49	82.1859	5656.49	80.3972	5656.49	79.4682	5656.49	79.1279	5656.49	79.4081	5656.49	79.189	5656.49	78.5611	5656.49	77.0895	5656.49	76.5342	5656.49	75.6662	5656.49	73.3366	5656.49	73.6072	5656.49	76.5466	5656.49	72.0446	5656.49	76.3165	5656.49	68.5589	5656.49	71.5866	5656.49	68.2702	5656.49	68.2523	5656.49	63.9384	5656.49	45.0108	5656.49	64.9742	5656.49	59.09	5656.49	59.6845	5656.49	62.6619	5656.49	62.0471	5656.49	60.6918	5656.49	61.3076	5656.49	63.3801	5656.49	59.686	5656.49	41.3822	5656.49	54.2954	5656.49	59.6909	5656.49	51.077
5856.45	80.9541	5856.45	80.6336	5856.45	82.0464	5856.45	80.6511	5856.45	79.8659	5856.45	79.8315	5856.45	78.9451	5856.45	79.0918	5856.45	77.7022	5856.45	77.1112	5856.45	76.0248	5856.45	75.6427	5856.45	72.8897	5856.45	72.3905	5856.45	76.2648	5856.45	71.5801	5856.45	76.0448	5856.45	66.0421	5856.45	71.9185	5856.45	67.5249	5856.45	68.0954	5856.45	64.8311	5856.45	63.0828	5856.45	63.8372	5856.45	57.718	5856.45	61.1186	5856.45	60.6032	5856.45	61.1942	5856.45	52.2763	5856.45	62.0477	5856.45	56.2559	5856.45	62.2659	5856.45	37.2019	5856.45	53.4394	5856.45	57.6043	5856.45	50.5931
6062.99	81.1635	6062.99	81.3821	6062.99	81.9422	6062.99	79.9882	6062.99	79.6899	6062.99	80.4162	6062.99	79.3175	6062.99	78.6186	6062.99	77.542	6062.99	77.4342	6062.99	76.78	6062.99	75.1128	6062.99	70.0649	6062.99	73.1359	6062.99	74.8251	6062.99	71.5967	6062.99	75.9191	6062.99	68.9807	6062.99	71.4658	6062.99	68.6047	6062.99	69.496	6062.99	64.2396	6062.99	66.5742	6062.99	64.3949	6062.99	40.2647	6062.99	61.1724	6062.99	53.9155	6062.99	62.5388	6062.99	49.2101	6062.99	61.801	6062.99	59.798	6062.99	62.8174	6062.99	41.3223	6062.99	57.4656	6062.99	55.7124	6062.99	46.8168
6276.86	81.0735	6276.86	81.3966	6276.86	82.3402	6276.86	79.8789	6276.86	79.2879	6276.86	80.2103	6276.86	79.4862	6276.86	78.1481	6276.86	77.4294	6276.86	77.008	6276.86	77.0208	6276.86	75.7282	6276.86	69.6076	6276.86	73.4179	6276.86	72.6527	6276.86	71.7546	6276.86	74.5689	6276.86	67.2133	6276.86	69.6888	6276.86	65.7513	6276.86	68.3511	6276.86	65.2307	6276.86	65.5465	6276.86	63.1622	6276.86	53.986	6276.86	61.0368	6276.86	57.1926	6276.86	61.211	6276.86	54.315	6276.86	63.2825	6276.86	60.8531	6276.86	62.2253	6276.86	48.9937	6276.86	58.664	6276.86	58.0634	6276.86	48.1351
6498.05	81.3186	6498.05	81.0187	6498.05	81.6463	6498.05	80.0071	6498.05	79.501	6498.05	79.7527	6498.05	79.4568	6498.05	77.7438	6498.05	77.1841	6498.05	76.7196	6498.05	76.6289	6498.05	75.5214	6498.05	67.5098	6498.05	72.3927	6498.05	72.1402	6498.05	68.0223	6498.05	72.9571	6498.05	69.7288	6498.05	68.7307	6498.05	65.6293	6498.05	66.0703	6498.05	62.5581	6498.05	60.6934	6498.05	61.7923	6498.05	52.8262	6498.05	59.3293	6498.05	57.1007	6498.05	59.7142	6498.05	53.5917	6498.05	61.5897	6498.05	59.4124	6498.05	61.9185	6498.05	46.834	6498.05	57.5759	6498.05	57.0731	6498.05	49.709
6727.29	80.9592	6727.29	81.0644	6727.29	81.9722	6727.29	80.3172	6727.29	79.5782	6727.29	78.8279	6727.29	79.2753	6727.29	77.7562	6727.29	78.296	6727.29	77.0723	6727.29	77.4951	6727.29	75.3453	6727.29	67.9028	6727.29	72.7093	6727.29	72.7774	6727.29	67.8923	6727.29	69.5636	6727.29	66.4282	6727.29	65.4991	6727.29	62.0031	6727.29	64.8926	6727.29	64.7128	6727.29	56.0175	6727.29	60.5579	6727.29	53.6213	6727.29	59.769	6727.29	59.3668	6727.29	59.9906	6727.29	57.876	6727.29	61.4683	6727.29	58.8902	6727.29	61.3324	6727.29	50.1818	6727.29	60.7783	6727.29	58.5559	6727.29	44.4286
6964.6	81.4289	6964.6	81.3013	6964.6	81.5722	6964.6	79.686	6964.6	79.6648	6964.6	78.6482	6964.6	79.0617	6964.6	77.4821	6964.6	77.8203	6964.6	77.5709	6964.6	76.8899	6964.6	73.9616	6964.6	69.798	6964.6	71.123	6964.6	71.1188	6964.6	69.6489	6964.6	69.8886	6964.6	68.993	6964.6	63.4687	6964.6	66.4192	6964.6	62.1412	6964.6	59.527	6964.6	58.8425	6964.6	62.0545	6964.6	45.3051	6964.6	58.719	6964.6	59.942	6964.6	60.2584	6964.6	47.1746	6964.6	60.4255	6964.6	52.0361	6964.6	61.779	6964.6	55.32	6964.6	60.6005	6964.6	56.0599	6964.6	50.1945
7209.96	81.1522	7209.96	81.2623	7209.96	81.5316	7209.96	79.3815	7209.96	79.7496	7209.96	78.5036	7209.96	79.3852	7209.96	77.4886	7209.96	77.9478	7209.96	77.0677	7209.96	76.8599	7209.96	74.3295	7209.96	72.5891	7209.96	70.1972	7209.96	68.3881	7209.96	68.8971	7209.96	71.7616	7209.96	63.177	7209.96	67.2064	7209.96	64.1601	7209.96	61.0687	7209.96	61.1857	7209.96	55.9505	7209.96	60.9602	7209.96	51.6797	7209.96	57.3579	7209.96	55.4717	7209.96	61.1453	7209.96	56.7361	7209.96	58.6503	7209.96	53.4042	7209.96	62.3894	7209.96	53.8296	7209.96	59.7191	7209.96	53.5302	7209.96	50.1941
7464.11	81.702	7464.11	81.476	7464.11	81.4508	7464.11	79.2101	7464.11	79.4762	7464.11	78.2698	7464.11	79.3306	7464.11	77.7033	7464.11	77.2709	7464.11	76.5741	7464.11	76.385	7464.11	73.5492	7464.11	73.0422	7464.11	69.85	7464.11	69.0802	7464.11	68.9223	7464.11	72.8141	7464.11	66.916	7464.11	67.4428	7464.11	64.6361	7464.11	64.3143	7464.11	62.3143	7464.11	57.1701	7464.11	60.3414	7464.11	53.2342	7464.11	58.8159	7464.11	53.768	7464.11	60.7021	7464.11	57.1677	7464.11	59.365	7464.11	54.7923	7464.11	62.1687	7464.11	53.4691	7464.11	58.8756	7464.11	54.3894	7464.11	52.4141
7727.78	81.4637	7727.78	81.5156	7727.78	81.0367	7727.78	79.3271	7727.78	79.7884	7727.78	78.1997	7727.78	79.2032	7727.78	77.8439	7727.78	76.3406	7727.78	75.6198	7727.78	76.2736	7727.78	72.7932	7727.78	74.2758	7727.78	71.1438	7727.78	69.3408	7727.78	68.4296	7727.78	72.1663	7727.78	67.0602	7727.78	65.7822	7727.78	63.3437	7727.78	57.0891	7727.78	62.4812	7727.78	53.8854	7727.78	59.4245	7727.78	51.6105	7727.78	60.3342	7727.78	55.1287	7727.78	61.1038	7727.78	58.4734	7727.78	58.2482	7727.78	51.1916	7727.78	61.6004	7727.78	52.421	7727.78	59.6773	7727.78	53.0524	7727.78	41.9432
8000.24	81.2745	8000.24	82.1831	8000.24	81.9306	8000.24	79.1945	8000.24	79.3622	8000.24	78.5214	8000.24	79.285	8000.24	77.3646	8000.24	74.1826	8000.24	74.8397	8000.24	76.2011	8000.24	73.5456	8000.24	74.0348	8000.24	71.9583	8000.24	70.979	8000.24	69.2481	8000.24	71.7289	8000.24	67.1547	8000.24	64.4727	8000.24	62.7472	8000.24	64.3139	8000.24	61.8924	8000.24	58.7598	8000.24	58.4281	8000.24	36.6859	8000.24	58.892	8000.24	55.6699	8000.24	57.2142	8000.24	59.2424	8000.24	59.7469	8000.24	48.5875	8000.24	61.4628	8000.24	51.759	8000.24	58.562	8000.24	52.1597	8000.24	46.1165
8282.23	81.4914	8282.23	82.2841	8282.23	81.7225	8282.23	79.0986	8282.23	79.7904	8282.23	79.155	8282.23	78.3539	8282.23	75.8135	8282.23	74.3667	8282.23	75.5558	8282.23	74.8139	8282.23	73.614	8282.23	73.2443	8282.23	70.9035	8282.23	68.4154	8282.23	66.4853	8282.23	69.798	8282.23	61.7422	8282.23	64.5191	8282.23	62.1812	8282.23	60.6451	8282.23	60.5094	8282.23	62.5774	8282.23	59.9202	8282.23	52.5686	8282.23	56.8957	8282.23	54.4956	8282.23	57.6657	8282.23	55.2731	8282.23	58.3023	8282.23	51.4702	8282.23	59.8196	8282.23	47.7612	8282.23	58.3847	8282.23	53.609	8282.23	36.7384
8574.46	81.6426	8574.46	81.8533	8574.46	81.5277	8574.46	80.1485	8574.46	80.5039	8574.46	78.6532	8574.46	77.5452	8574.46	76.0046	8574.46	75.2454	8574.46	75.4079	8574.46	74.261	8574.46	73.6554	8574.46	72.4835	8574.46	71.0838	8574.46	67.6617	8574.46	67.7781	8574.46	67.6513	8574.46	65.9943	8574.46	61.2786	8574.46	62.8118	8574.46	55.3709	8574.46	60.5556	8574.46	62.121	8574.46	58.7244	8574.46	57.6853	8574.46	59.3103	8574.46	53.0483	8574.46	58.1927	8574.46	52.58	8574.46	57.5644	8574.46	42.8478	8574.46	57.834	8574.46	49.3624	8574.46	60.8739	8574.46	51.0706	8574.46	42.4042
8876.22	81.6086	8876.22	81.7143	8876.22	81.7374	8876.22	80.7441	8876.22	80.5455	8876.22	78.3922	8876.22	77.7072	8876.22	76.2766	8876.22	75.2538	8876.22	75.5104	8876.22	74.8589	8876.22	73.0479	8876.22	73.3894	8876.22	71.0946	8876.22	67.5583	8876.22	66.7698	8876.22	65.1253	8876.22	62.9005	8876.22	58.7965	8876.22	60.6127	8876.22	58.7661	8876.22	59.7675	8876.22	56.8943	8876.22	57.0526	8876.22	54.1644	8876.22	59.0055	8876.22	38.7793	8876.22	57.3665	8876.22	51.8099	8876.22	55.3683	8876.22	45.0357	8876.22	57.104	8876.22	49.6469	8876.22	60.0749	8876.22	51.9309	8876.22	42.005
9189.7	81.5824	9189.7	81.7828	9189.7	81.6529	9189.7	80.6879	9189.7	80.3882	9189.7	78.6144	9189.7	78.2187	9189.7	76.2773	9189.7	75.0308	9189.7	75.4724	9189.7	74.0879	9189.7	72.1169	9189.7	72.9773	9189.7	68.9119	9189.7	67.0641	9189.7	64.9731	9189.7	65.826	9189.7	61.6063	9189.7	63.3114	9189.7	60.2993	9189.7	44.419	9189.7	58.4041	9189.7	56.7862	9189.7	57.7347	9189.7	54.3658	9189.7	59.2125	9189.7	47.0222	9189.7	57.1336	9189.7	51.2516	9189.7	53.0741	9189.7	42.2924	9189.7	57.4144	9189.7	48.135	9189.7	59.0339	9189.7	45.9506	9189.7	41.191
9513.43	81.5356	9513.43	81.632	9513.43	81.5942	9513.43	80.8378	9513.43	80.5431	9513.43	78.7521	9513.43	78.3887	9513.43	76.6284	9513.43	75.6429	9513.43	75.1125	9513.43	72.8991	9513.43	71.7392	9513.43	72.2419	9513.43	67.0749	9513.43	66.6845	9513.43	65.3217	9513.43	66.4011	9513.43	61.968	9513.43	60.523	9513.43	60.4619	9513.43	55.8037	9513.43	58.1465	9513.43	51.3356	9513.43	56.2855	9513.43	52.1654	9513.43	58.9286	9513.43	48.7006	9513.43	56.5022	9513.43	44.3156	9513.43	50.6175	9513.43	46.9411	9513.43	56.7024	9513.43	50.1204	9513.43	58.6165	9513.43	43.4984	9513.43	34.0185
9848.88	81.234	9848.88	81.5343	9848.88	81.57	9848.88	80.934	9848.88	80.292	9848.88	78.898	9848.88	78.4298	9848.88	76.585	9848.88	75.763	9848.88	74.3434	9848.88	71.9223	9848.88	70.6527	9848.88	70.7285	9848.88	67.7403	9848.88	64.4036	9848.88	66.7253	9848.88	63.7858	9848.88	62.3757	9848.88	56.7648	9848.88	59.2012	9848.88	56.481	9848.88	58.1058	9848.88	41.177	9848.88	56.339	9848.88	44.2233	9848.88	57.6797	9848.88	42.9141	9848.88	56.046	9848.88	31.5847	9848.88	51.3973	9848.88	48.5432	9848.88	55.5896	9848.88	49.8233	9848.88	58.1799	9848.88	37.7544	9848.88	30.0052
10196.8	80.9721	10196.8	81.7987	10196.8	81.7778	10196.8	80.9006	10196.8	79.9135	10196.8	79.2078	10196.8	78.4616	10196.8	76.3824	10196.8	75.2304	10196.8	73.9361	10196.8	71.998	10196.8	71.0424	10196.8	69.4518	10196.8	68.4441	10196.8	65.2715	10196.8	65.4875	10196.8	65.3793	10196.8	60.7377	10196.8	60.9618	10196.8	59.6397	10196.8	56.9415	10196.8	55.2842	10196.8	51.8877	10196.8	57.4747	10196.8	37.6672	10196.8	56.3291	10196.8	48.3148	10196.8	53.4735	10196.8	47.6942	10196.8	51.291	10196.8	46.7573	10196.8	53.9491	10196.8	49.5361	10196.8	53.2362	10196.8	13.3366	10196.8	43.1835
10556.4	80.5335	10556.4	81.5669	10556.4	81.4618	10556.4	80.942	10556.4	79.5572	10556.4	79.2861	10556.4	78.0942	10556.4	76.7961	10556.4	74.6758	10556.4	73.2685	10556.4	71.4449	10556.4	71.327	10556.4	70.3596	10556.4	68.7086	10556.4	65.4503	10556.4	63.776	10556.4	64.8402	10556.4	60.766	10556.4	62.0317	10556.4	57.4972	10556.4	58.0756	10556.4	51.2478	10556.4	54.7833	10556.4	56.5808	10556.4	46.2935	10556.4	54.9067	10556.4	51.2497	10556.4	51.1753	10556.4	45.6817	10556.4	52.8489	10556.4	42.5849	10556.4	50.8104	10556.4	46.8779	10556.4	47.3903	10556.4	22.7829	10556.4	47.8889
10928.5	80.6151	10928.5	81.4127	10928.5	81.4165	10928.5	80.8267	10928.5	79.8407	10928.5	79.5631	10928.5	77.8242	10928.5	76.2975	10928.5	75.3587	10928.5	74.3936	10928.5	72.034	10928.5	70.8369	10928.5	72.4031	10928.5	67.6264	10928.5	65.9436	10928.5	64.3654	10928.5	65.7282	10928.5	59.6277	10928.5	62.0719	10928.5	58.8009	10928.5	59.8811	10928.5	49.4624	10928.5	59.7615	10928.5	55.7433	10928.5	52.8127	10928.5	54.8394	10928.5	51.0124	10928.5	52.9859	10928.5	46.4505	10928.5	52.0574	10928.5	43.2694	10928.5	49.8524	10928.5	50.0795	10928.5	54.8305	10928.5	40.3695	10928.5	48.6901
11313.7	80.8446	11313.7	81.4074	11313.7	81.1563	11313.7	80.491	11313.7	80.2124	11313.7	79.5305	11313.7	78.01	11313.7	75.7429	11313.7	75.5472	11313.7	73.6226	11313.7	72.4241	11313.7	70.0025	11313.7	72.1889	11313.7	66.7687	11313.7	63.8688	11313.7	63.7023	11313.7	61.7791	11313.7	59.5424	11313.7	60.7841	11313.7	57.423	11313.7	56.3992	11313.7	50.002	11313.7	54.6781	11313.7	54.9142	11313.7	50.5024	11313.7	55.5594	11313.7	47.3935	11313.7	50.7395	11313.7	45.9327	11313.7	52.2155	11313.7	46.8499	11313.7	51.1925	11313.7	48.8949	11313.7	55.8103	11313.7	44.863	11313.7	47.0009
11712.9	81.1541	11712.9	81.0727	11712.9	81.0288	11712.9	80.1455	11712.9	80.2385	11712.9	78.7892	11712.9	78.2578	11712.9	75.667	11712.9	75.6681	11712.9	72.5098	11712.9	72.421	11712.9	67.7697	11712.9	70.1591	11712.9	66.9234	11712.9	64.4726	11712.9	61.7962	11712.9	62.1774	11712.9	58.3747	11712.9	58.0129	11712.9	57.369	11712.9	54.9093	11712.9	47.5502	11712.9	57.1131	11712.9	54.9869	11712.9	39.0654	11712.9	52.4863	11712.9	51.2197	11712.9	51.0593	11712.9	44.9951	11712.9	52.5298	11712.9	42.0361	11712.9	49.4082	11712.9	48.228	11712.9	52.9293	11712.9	42.2562	11712.9	42.5077
12126	81.3105	12126	80.9004	12126	80.9934	12126	79.9933	12126	80.098	12126	78.0014	12126	77.9358	12126	75.4099	12126	75.4914	12126	71.1532	12126	71.8441	12126	65.9388	12126	67.8718	12126	65.361	12126	63.433	12126	61.5506	12126	63.5115	12126	54.1768	12126	59.2227	12126	56.5656	12126	37.8426	12126	51.8077	12126	55.4499	12126	54.8091	12126	51.3272	12126	47.2982	12126	49.4406	12126	53.0752	12126	48.1859	12126	50.0548	12126	45.1824	12126	44.3022	12126	50.0431	12126	49.2245	12126	49.8569	12126	40.8773
12553.7	81.6142	12553.7	80.9049	12553.7	80.9065	12553.7	80.0313	12553.7	79.9574	12553.7	77.4604	12553.7	77.0026	12553.7	74.8271	12553.7	74.8071	12553.7	71.4211	12553.7	70.1569	12553.7	66.8182	12553.7	68.128	12553.7	64.0041	12553.7	64.554	12553.7	62.0574	12553.7	58.4915	12553.7	53.0868	12553.7	57.1882	12553.7	56.1122	12553.7	49.526	12553.7	52.6133	12553.7	42.7663	12553.7	55.3495	12553.7	52.3829	12553.7	41.3393	12553.7	49.667	12553.7	51.8414	12553.7	41.0724	12553.7	42.6144	12553.7	44.9196	12553.7	51.3005	12553.7	51.2125	12553.7	48.763	12553.7	48.8329	12553.7	40.0843
12996.1	81.6045	12996.1	81.2104	12996.1	80.8877	12996.1	80.0327	12996.1	80.0118	12996.1	77.6049	12996.1	76.2413	12996.1	74.0322	12996.1	74.2278	12996.1	71.2518	12996.1	70.665	12996.1	67.9579	12996.1	68.9684	12996.1	62.0245	12996.1	64.8431	12996.1	62.6187	12996.1	57.45	12996.1	54.6087	12996.1	54.4165	12996.1	55.9042	12996.1	48.2149	12996.1	54.3259	12996.1	47.6455	12996.1	52.7178	12996.1	52.0237	12996.1	34.1601	12996.1	47.3639	12996.1	50.139	12996.1	43.8268	12996.1	42.8181	12996.1	40.1391	12996.1	46.7484	12996.1	46.0184	12996.1	51.1438	12996.1	46.6125	12996.1	50.7307
13454.6	81.4027	13454.6	81.2088	13454.6	80.8059	13454.6	79.6565	13454.6	79.7275	13454.6	77.4089	13454.6	76.0639	13454.6	73.1076	13454.6	72.4429	13454.6	70.7411	13454.6	68.4507	13454.6	67.7926	13454.6	65.2439	13454.6	61.4123	13454.6	63.8216	13454.6	62.5545	13454.6	58.5208	13454.6	55.732	13454.6	54.5901	13454.6	55.9633	13454.6	46.3578	13454.6	53.8044	13454.6	51.8622	13454.6	53.3456	13454.6	45.7032	13454.6	44.8002	13454.6	45.7119	13454.6	48.183	13454.6	43.6182	13454.6	44.4548	13454.6	35.3145	13454.6	49.254	13454.6	40.4416	13454.6	54.3083	13454.6	53.3933	13454.6	54.6561
13928.5	81.2652	13928.5	80.9476	13928.5	80.437	13928.5	79.0591	13928.5	79.0399	13928.5	77.1135	13928.5	75.8569	13928.5	72.6973	13928.5	71.9016	13928.5	70.7564	13928.5	69.5844	13928.5	67.0681	13928.5	67.3595	13928.5	62.8325	13928.5	64.2816	13928.5	61.9604	13928.5	57.3259	13928.5	56.3705	13928.5	47.9634	13928.5	54.5858	13928.5	50.5416	13928.5	52.5124	13928.5	50.8221	13928.5	52.1057	13928.5	47.1314	13928.5	17.1981	13928.5	43.2923	13928.5	43.6195	13928.5	20.4774	13928.5	49.9455	13928.5	43.9493	13928.5	47.4509	13928.5	38.7542	13928.5	54.495	13928.5	50.5566	13928.5	50.2216
14419.9	81.2282	14419.9	80.7319	14419.9	80.6243	14419.9	78.5512	14419.9	78.2722	14419.9	76.5786	14419.9	75.5175	14419.9	73.0913	14419.9	72.9466	14419.9	70.2817	14419.9	69.3348	14419.9	66.1741	14419.9	69.3365	14419.9	63.2134	14419.9	65.5206	14419.9	59.5853	14419.9	55.508	14419.9	53.6578	14419.9	52.0348	14419.9	52.0184	14419.9	50.1429	14419.9	52.8387	14419.9	48.4258	14419.9	48.7132	14419.9	46.9977	14419.9	38.1881	14419.9	40.5646	14419.9	40.0259	14419.9	40.8101	14419.9	48.3043	14419.9	45.6509	14419.9	40.9842	14419.9	40.6111	14419.9	52.2225	14419.9	46.7672	14419.9	47.6213
14928.2	81.6673	14928.2	80.9518	14928.2	80.973	14928.2	78.4125	14928.2	77.9404	14928.2	76.1143	14928.2	75.0047	14928.2	74.5225	14928.2	73.7077	14928.2	70.7623	14928.2	69.1222	14928.2	66.604	14928.2	68.8398	14928.2	61.9102	14928.2	63.2325	14928.2	57.3527	14928.2	58.5367	14928.2	54.549	14928.2	51.8288	14928.2	51.1145	14928.2	51.5535	14928.2	52.4338	14928.2	54.8012	14928.2	48.7578	14928.2	30.6017	14928.2	40.7635	14928.2	25.617	14928.2	46.2953	14928.2	42.2639	14928.2	45.3284	14928.2	47.8449	14928.2	47.8034	14928.2	47.6128	14928.2	43.21	14928.2	54.6034	14928.2	53.4231
15454.8	82.1192	15454.8	81.2426	15454.8	81.1068	15454.8	78.5012	15454.8	78.0848	15454.8	75.7945	15454.8	75.1547	15454.8	74.311	15454.8	73.7837	15454.8	70.9919	15454.8	70.3111	15454.8	65.8197	15454.8	67.2052	15454.8	58.6743	15454.8	64.1535	15454.8	59.534	15454.8	59.564	15454.8	57.6958	15454.8	51.3244	15454.8	51.0647	15454.8	49.7786	15454.8	56.1351	15454.8	56.6422	15454.8	47.0273	15454.8	43.2408	15454.8	46.0925	15454.8	38.6926	15454.8	50.3408	15454.8	42.5193	15454.8	50.1219	15454.8	42.8514	15454.8	40.0638	15454.8	45.0687	15454.8	48.1851	15454.8	38.0689	15454.8	59.9383
15999.8	82.3167	15999.8	81.3919	15999.8	81.0425	15999.8	79.2016	15999.8	78.5519	15999.8	76.5213	15999.8	75.8011	15999.8	74.0409	15999.8	73.6158	15999.8	71.5521	15999.8	71.005	15999.8	66.5147	15999.8	68.396	15999.8	61.9562	15999.8	66.0659	15999.8	61.4902	15999.8	53.8883	15999.8	59.1886	15999.8	52.5305	15999.8	46.2422	15999.8	47.395	15999.8	56.5784	15999.8	55.4267	15999.8	32.5878	15999.8	44.118	15999.8	50.3983	15999.8	43.6199	15999.8	50.5262	15999.8	48.701	15999.8	50.2246	15999.8	48.3721	15999.8	46.5922	15999.8	48.8844	15999.8	47.2767	15999.8	57.5231	15999.8	58.0924
16564.5	82.3788	16564.5	81.7366	16564.5	80.9856	16564.5	79.7241	16564.5	79.0194	16564.5	77.4591	16564.5	76.3336	16564.5	74.1051	16564.5	74.0977	16564.5	70.053	16564.5	71.5564	16564.5	66.7014	16564.5	68.6383	16564.5	64.4237	16564.5	65.0706	16564.5	59.4092	16564.5	54.2625	16564.5	58.335	16564.5	53.268	16564.5	45.9908	16564.5	45.3113	16564.5	53.4728	16564.5	53.1748	16564.5	40.6794	16564.5	39.4689	16564.5	45.3185	16564.5	38.2054	16564.5	50.6223	16564.5	49.6812	16564.5	27.2012	16564.5	48.0728	16564.5	51.9005	16564.5	54.1814	16564.5	46.7244	16564.5	57.4669	16564.5	53.491
17148.2	82.4266	17148.2	82.0974	17148.2	81.2329	17148.2	80.4656	17148.2	79.7456	17148.2	77.9054	17148.2	76.5542	17148.2	74.3041	17148.2	74.6362	17148.2	70.0973	17148.2	70.9397	17148.2	66.8014	17148.2	67.9325	17148.2	63.8815	17148.2	64.3448	17148.2	56.3003	17148.2	57.4252	17148.2	57.1869	17148.2	53.4263	17148.2	43.359	17148.2	45.1732	17148.2	54.2854	17148.2	44.5377	17148.2	21.3965	17148.2	41.4879	17148.2	51.5708	17148.2	39.1384	17148.2	48.165	17148.2	44.9554	17148.2	51.9379	17148.2	34.8813	17148.2	49.6789	17148.2	51.9936	17148.2	37.6857	17148.2	53.8859	17148.2	55.9354
17753.2	82.5038	17753.2	82.4052	17753.2	81.7016	17753.2	81.2228	17753.2	80.3674	17753.2	78.0386	17753.2	76.9697	17753.2	74.5895	17753.2	75.0777	17753.2	71.3723	17753.2	71.2508	17753.2	66.6231	17753.2	66.5836	17753.2	62.6339	17753.2	62.3958	17753.2	55.9014	17753.2	57.0031	17753.2	58.1678	17753.2	51.3037	17753.2	35.3046	17753.2	43.2285	17753.2	54.5782	17753.2	48.2972	17753.2	39.0781	17753.2	36.9219	17753.2	52.3035	17753.2	31.2635	17753.2	48.7116	17753.2	47.5857	17753.2	49.4421	17753.2	36.953	17753.2	45.909	17753.2	39.4481	17753.2	31.4542	17753.2	39.7855	17753.2	47.8909
18379.4	82.4209	18379.4	82.8769	18379.4	81.991	18379.4	81.9894	18379.4	81.5134	18379.4	78.6222	18379.4	77.7374	18379.4	75.2552	18379.4	75.6213	18379.4	72.5042	18379.4	71.7735	18379.4	67.4034	18379.4	67.3596	18379.4	63.272	18379.4	62.7147	18379.4	55.4453	18379.4	48.6894	18379.4	56.5988	18379.4	48.2691	18379.4	45.1768	18379.4	40.3779	18379.4	50.9274	18379.4	49.6991	18379.4	45.6423	18379.4	42.8365	18379.4	52.3023	18379.4	37.3328	18379.4	44.005	18379.4	45.119	18379.4	47.875	18379.4	40.7219	18379.4	41.5312	18379.4	39.9578	18379.4	31.6477	18379.4	45.6252	18379.4	43.7977
19027.6	82.6566	19027.6	83.1782	19027.6	83.0064	19027.6	82.5396	19027.6	82.8063	19027.6	79.3936	19027.6	79.137	19027.6	75.9944	19027.6	76.1943	19027.6	72.4796	19027.6	71.1562	19027.6	68.1864	19027.6	65.2618	19027.6	63.9619	19027.6	58.5653	19027.6	49.8298	19027.6	52.5157	19027.6	57.1708	19027.6	49.4771	19027.6	50.0003	19027.6	48.1921	19027.6	48.7577	19027.6	50.4425	19027.6	48.7651	19027.6	46.8696	19027.6	50.7923	19027.6	42.0736	19027.6	40.7321	19027.6	45.3531	19027.6	47.4086	19027.6	35.404	19027.6	44.8124	19027.6	44.4721	19027.6	39.229	19027.6	44.7458	19027.6	41.9049
19698.5	83.5738	19698.5	84.1	19698.5	83.9014	19698.5	83.3731	19698.5	83.855	19698.5	80.1396	19698.5	80.194	19698.5	76.7618	19698.5	76.8671	19698.5	71.9903	19698.5	70.9973	19698.5	66.9725	19698.5	65.2405	19698.5	65.6195	19698.5	60.3801	19698.5	52.1621	19698.5	53.5274	19698.5	56.5041	19698.5	50.1557	19698.5	51.9886	19698.5	46.9083	19698.5	43.0752	19698.5	49.1723	19698.5	52.0041	19698.5	49.3717	19698.5	53.5753	19698.5	36.8152	19698.5	32.9349	19698.5	41.9829	19698.5	49.1897	19698.5	28.0937	19698.5	46.1882	19698.5	40.6138	19698.5	42.2941	19698.5	48.7533	19698.5	42.3533
19999.5	84.4268	19999.5	84.5582	19999.5	84.2661	19999.5	83.7479	19999.5	84.1505	19999.5	80.3152	19999.5	80.1534	19999.5	76.3154	19999.5	77.7882	19999.5	72.3458	19999.5	70.1839	19999.5	66.5588	19999.5	65.6094	19999.5	63.6144	19999.5	62.3082	19999.5	49.8288	19999.5	60.5585	19999.5	54.2338	19999.5	56.7914	19999.5	52.4753	19999.5	44.9395	19999.5	50.6444	19999.5	53.7652	19999.5	56.0755	19999.5	52.8894	19999.5	59.9759	19999.5	51.6322	19999.5	54.7713	19999.5	46.9552	19999.5	52.332	19999.5	42.8762	19999.5	60.3195	19999.5	50.6474	19999.5	52.3389	19999.5	55.2519	19999.5	46.2012
