"SPL Vertical"																																																																							
"On-Axis"		"10°"		"-10°"		"20°"		"-20°"		"30°"		"-30°"		"40°"		"-40°"		"50°"		"-50°"		"60°"		"-60°"		"70°"		"-70°"		"80°"		"-80°"		"90°"		"-90°"		"100°"		"-100°"		"110°"		"-110°"		"120°"		"-120°"		"130°"		"-130°"		"140°"		"-140°"		"150°"		"-150°"		"160°"		"-160°"		"170°"		"-170°"		"180°"	
"Frequency / Hz"	"Sound Pressure Level / dB (re 20 µPa)  [2.83V at 1m]"	"Frequency / Hz"	"Sound Pressure Level / dB (re 20 µPa)  [2.83V at 1m]"	"Frequency / Hz"	"Sound Pressure Level / dB (re 20 µPa)  [2.83V at 1m]"	"Frequency / Hz"	"Sound Pressure Level / dB (re 20 µPa)  [2.83V at 1m]"	"Frequency / Hz"	"Sound Pressure Level / dB (re 20 µPa)  [2.83V at 1m]"	"Frequency / Hz"	"Sound Pressure Level / dB (re 20 µPa)  [2.83V at 1m]"	"Frequency / Hz"	"Sound Pressure Level / dB (re 20 µPa)  [2.83V at 1m]"	"Frequency / Hz"	"Sound Pressure Level / dB (re 20 µPa)  [2.83V at 1m]"	"Frequency / Hz"	"Sound Pressure Level / dB (re 20 µPa)  [2.83V at 1m]"	"Frequency / Hz"	"Sound Pressure Level / dB (re 20 µPa)  [2.83V at 1m]"	"Frequency / Hz"	"Sound Pressure Level / dB (re 20 µPa)  [2.83V at 1m]"	"Frequency / Hz"	"Sound Pressure Level / dB (re 20 µPa)  [2.83V at 1m]"	"Frequency / Hz"	"Sound Pressure Level / dB (re 20 µPa)  [2.83V at 1m]"	"Frequency / Hz"	"Sound Pressure Level / dB (re 20 µPa)  [2.83V at 1m]"	"Frequency / Hz"	"Sound Pressure Level / dB (re 20 µPa)  [2.83V at 1m]"	"Frequency / Hz"	"Sound Pressure Level / dB (re 20 µPa)  [2.83V at 1m]"	"Frequency / Hz"	"Sound Pressure Level / dB (re 20 µPa)  [2.83V at 1m]"	"Frequency / Hz"	"Sound Pressure Level / dB (re 20 µPa)  [2.83V at 1m]"	"Frequency / Hz"	"Sound Pressure Level / dB (re 20 µPa)  [2.83V at 1m]"	"Frequency / Hz"	"Sound Pressure Level / dB (re 20 µPa)  [2.83V at 1m]"	"Frequency / Hz"	"Sound Pressure Level / dB (re 20 µPa)  [2.83V at 1m]"	"Frequency / Hz"	"Sound Pressure Level / dB (re 20 µPa)  [2.83V at 1m]"	"Frequency / Hz"	"Sound Pressure Level / dB (re 20 µPa)  [2.83V at 1m]"	"Frequency / Hz"	"Sound Pressure Level / dB (re 20 µPa)  [2.83V at 1m]"	"Frequency / Hz"	"Sound Pressure Level / dB (re 20 µPa)  [2.83V at 1m]"	"Frequency / Hz"	"Sound Pressure Level / dB (re 20 µPa)  [2.83V at 1m]"	"Frequency / Hz"	"Sound Pressure Level / dB (re 20 µPa)  [2.83V at 1m]"	"Frequency / Hz"	"Sound Pressure Level / dB (re 20 µPa)  [2.83V at 1m]"	"Frequency / Hz"	"Sound Pressure Level / dB (re 20 µPa)  [2.83V at 1m]"	"Frequency / Hz"	"Sound Pressure Level / dB (re 20 µPa)  [2.83V at 1m]"	"Frequency / Hz"	"Sound Pressure Level / dB (re 20 µPa)  [2.83V at 1m]"	"Frequency / Hz"	"Sound Pressure Level / dB (re 20 µPa)  [2.83V at 1m]"	"Frequency / Hz"	"Sound Pressure Level / dB (re 20 µPa)  [2.83V at 1m]"	"Frequency / Hz"	"Sound Pressure Level / dB (re 20 µPa)  [2.83V at 1m]"	"Frequency / Hz"	"Sound Pressure Level / dB (re 20 µPa)  [2.83V at 1m]"	"Frequency / Hz"	"Sound Pressure Level / dB (re 20 µPa)  [2.83V at 1m]"
20.5078	57.5725	20.5078	57.0799	20.5078	57.9123	20.5078	56.4349	20.5078	58.0923	20.5078	55.633	20.5078	58.0977	20.5078	54.6676	20.5078	57.9046	20.5078	53.5382	20.5078	57.4765	20.5078	52.2754	20.5078	56.7595	20.5078	51.0041	20.5078	55.6751	20.5078	50.0556	20.5078	54.1106	20.5078	49.9445	20.5078	51.9385	20.5078	50.8713	20.5078	49.2871	20.5078	52.4264	20.5078	47.8998	20.5078	54.1102	20.5078	49.9304	20.5078	55.6566	20.5078	52.9177	20.5078	56.9629	20.5078	55.3246	20.5078	57.9909	20.5078	57.058	20.5078	58.7211	20.5078	58.2276	20.5078	59.136	20.5078	58.9254	20.5078	59.214
21.2402	56.9828	21.2402	56.3983	21.2402	57.3905	21.2402	55.6381	21.2402	57.615	21.2402	54.7032	21.2402	57.6418	21.2402	53.6088	21.2402	57.4462	21.2402	52.4207	21.2402	56.9903	21.2402	51.3332	21.2402	56.2202	21.2402	50.7468	21.2402	55.0661	21.2402	51.0799	21.2402	53.4675	21.2402	52.2835	21.2402	51.5372	21.2402	53.9045	21.2402	50.1821	21.2402	55.5656	21.2402	51.0571	21.2402	57.0893	21.2402	53.5039	21.2402	58.4095	21.2402	55.9365	21.2402	59.5008	21.2402	57.8878	21.2402	60.3488	21.2402	59.3442	21.2402	60.9399	21.2402	60.3629	21.2402	61.2584	21.2402	60.9966	21.2402	61.2851
21.9727	57.0748	21.9727	56.4885	21.9727	57.492	21.9727	55.7449	21.9727	57.7287	21.9727	54.8664	21.9727	57.769	21.9727	53.9088	21.9727	57.5897	21.9727	53.0013	21.9727	57.1585	21.9727	52.3892	21.9727	56.4357	21.9727	52.3767	21.9727	55.3873	21.9727	53.0871	21.9727	54.0452	21.9727	54.3276	21.9727	52.7161	21.9727	55.7932	21.9727	52.2967	21.9727	57.2669	21.9727	53.5049	21.9727	58.6355	21.9727	55.6006	21.9727	59.8432	21.9727	57.6699	21.9727	60.8578	21.9727	59.3899	21.9727	61.6552	21.9727	60.7129	21.9727	62.2141	21.9727	61.6592	21.9727	62.5142	21.9727	62.258	21.9727	62.5356
22.7051	58.4925	22.7051	57.9393	22.7051	58.8906	22.7051	57.2404	22.7051	59.1234	22.7051	56.4116	22.7051	59.1763	22.7051	55.49	22.7051	59.028	22.7051	54.5627	22.7051	58.6492	22.7051	53.807	22.7051	58.0026	22.7051	53.492	22.7051	57.0497	22.7051	53.835	22.7051	55.7838	22.7051	54.7942	22.7051	54.3566	22.7051	56.1113	22.7051	53.3822	22.7051	57.5295	22.7051	53.8256	22.7051	58.8886	22.7051	55.5685	22.7051	60.1034	22.7051	57.6075	22.7051	61.1268	22.7051	59.3928	22.7051	61.9278	22.7051	60.7912	22.7051	62.4821	22.7051	61.8016	22.7051	62.7679	22.7051	62.4504	22.7051	62.7645
23.4375	59.7191	23.4375	59.2306	23.4375	60.0322	23.4375	58.5671	23.4375	60.1627	23.4375	57.7259	23.4375	60.094	23.4375	56.7122	23.4375	59.7979	23.4375	55.5687	23.4375	59.2311	23.4375	54.4461	23.4375	58.3318	23.4375	53.71	23.4375	57.0201	23.4375	53.8555	23.4375	55.2381	23.4375	54.9832	23.4375	53.2073	23.4375	56.6482	23.4375	52.2623	23.4375	58.3963	23.4375	53.8881	23.4375	60.0011	23.4375	56.5982	23.4375	61.3795	23.4375	59.0264	23.4375	62.5035	23.4375	60.9282	23.4375	63.3625	23.4375	62.3448	23.4375	63.9491	23.4375	63.3422	23.4375	64.2546	23.4375	63.9714	23.4375	64.2675
24.1699	58.7039	24.1699	58.1723	24.1699	59.0776	24.1699	57.5138	24.1699	59.2737	24.1699	56.7899	24.1699	59.274	24.1699	56.1225	24.1699	59.0593	24.1699	55.7163	24.1699	58.6109	24.1699	55.8042	24.1699	57.9256	24.1699	56.4805	24.1699	57.0603	24.1699	57.61	24.1699	56.2422	24.1699	58.9562	24.1699	55.9828	24.1699	60.3317	24.1699	56.7624	24.1699	61.6297	24.1699	58.3699	24.1699	62.7972	24.1699	60.2061	24.1699	63.8068	24.1699	61.8941	24.1699	64.6417	24.1699	63.3005	24.1699	65.2881	24.1699	64.3985	24.1699	65.7328	24.1699	65.1961	24.1699	65.9617	24.1699	65.7103	24.1699	65.9597
25.6348	59.3292	25.6348	58.9623	25.6348	59.6333	25.6348	58.6019	25.6348	59.832	25.6348	58.3496	25.6348	59.9018	25.6348	58.3277	25.6348	59.8357	25.6348	58.6348	25.6348	59.6499	25.6348	59.2896	25.6348	59.4028	25.6348	60.2206	25.6348	59.2231	25.6348	61.3142	25.6348	59.3164	25.6348	62.4671	25.6348	59.8768	25.6348	63.6054	25.6348	60.9218	25.6348	64.6815	25.6348	62.2666	25.6348	65.6637	25.6348	63.6791	25.6348	66.5281	25.6348	64.9965	25.6348	67.2539	25.6348	66.1325	25.6348	67.822	25.6348	67.0494	25.6348	68.2146	25.6348	67.734	25.6348	68.4153	25.6348	68.1857	25.6348	68.4097
26.3672	61.7585	26.3672	61.5135	26.3672	61.9638	26.3672	61.269	26.3672	62.0995	26.3672	61.0761	26.3672	62.1453	26.3672	60.9934	26.3672	62.0904	26.3672	61.0755	26.3672	61.9379	26.3672	61.3571	26.3672	61.7142	26.3672	61.8406	26.3672	61.4851	26.3672	62.496	26.3672	61.37	26.3672	63.2734	26.3672	61.5238	26.3672	64.118	26.3672	62.0558	26.3672	64.9787	26.3672	62.9391	26.3672	65.8107	26.3672	64.0246	26.3672	66.5752	26.3672	65.1412	26.3672	67.2379	26.3672	66.1634	26.3672	67.7685	26.3672	67.0185	26.3672	68.1405	26.3672	67.6709	26.3672	68.3318	26.3672	68.1067	26.3672	68.3247
27.0996	62.187	27.0996	61.9432	27.0996	62.3765	27.0996	61.6852	27.0996	62.4833	27.0996	61.4666	27.0996	62.4878	27.0996	61.3532	27.0996	62.3802	27.0996	61.4128	27.0996	62.1651	27.0996	61.695	27.0996	61.874	27.0996	62.2108	27.0996	61.5869	27.0996	62.9278	27.0996	61.45	27.0996	63.7848	27.0996	61.6489	27.0996	64.7129	27.0996	62.2957	27.0996	65.6499	27.0996	63.3239	27.0996	66.5446	27.0996	64.5403	27.0996	67.3554	27.0996	65.7562	27.0996	68.0486	27.0996	66.8487	27.0996	68.5956	27.0996	67.7534	27.0996	68.9725	27.0996	68.4415	27.0996	69.1595	27.0996	68.9035	27.0996	69.1404
27.832	63.5045	27.832	63.3395	27.832	63.645	27.832	63.1856	27.832	63.7355	27.832	63.0868	27.832	63.7602	27.832	63.0926	27.832	63.7148	27.832	63.2479	27.832	63.6113	27.832	63.5813	27.832	63.4868	27.832	64.0945	27.832	63.4134	27.832	64.7621	27.832	63.4968	27.832	65.5407	27.832	63.8448	27.832	66.3798	27.832	64.5034	27.832	67.231	27.832	65.4171	27.832	68.0507	27.832	66.4615	27.832	68.8007	27.832	67.5079	27.832	69.4478	27.832	68.4605	27.832	69.9631	27.832	69.26	27.832	70.3221	27.832	69.874	27.832	70.5049	27.832	70.2876	27.832	70.4967
29.2969	65.338	29.2969	65.2487	29.2969	65.4266	29.2969	65.1862	29.2969	65.4938	29.2969	65.1832	29.2969	65.5281	29.2969	65.2729	29.2969	65.5289	29.2969	65.4831	29.2969	65.5105	29.2969	65.829	29.2969	65.5067	29.2969	66.3089	29.2969	65.5736	29.2969	66.9046	29.2969	65.7822	29.2969	67.5865	29.2969	66.1935	29.2969	68.3191	29.2969	66.8253	29.2969	69.0658	29.2969	67.6347	29.2969	69.7913	29.2969	68.5368	29.2969	70.4622	29.2969	69.4392	29.2969	71.0477	29.2969	70.2659	29.2969	71.5199	29.2969	70.9641	29.2969	71.8547	29.2969	71.5016	29.2969	72.0322	29.2969	71.8614	29.2969	72.0374
30.0293	66.4862	30.0293	66.4306	30.0293	66.5525	30.0293	66.4085	30.0293	66.6122	30.0293	66.4452	30.0293	66.655	30.0293	66.5654	30.0293	66.6804	30.0293	66.7881	30.0293	66.7006	30.0293	67.1229	30.0293	66.7435	30.0293	67.5673	30.0293	66.8535	30.0293	68.1074	30.0293	67.0847	30.0293	68.7208	30.0293	67.4827	30.0293	69.3799	30.0293	68.0609	30.0293	70.0545	30.0293	68.7876	30.0293	70.7142	30.0293	69.5968	30.0293	71.3286	30.0293	70.4116	30.0293	71.8684	30.0293	71.1642	30.0293	72.3067	30.0293	71.8046	30.0293	72.6193	30.0293	72.2999	30.0293	72.7865	30.0293	72.632	30.0293	72.7937
31.4941	68.3018	31.4941	68.26	31.4941	68.3628	31.4941	68.2521	31.4941	68.4322	31.4941	68.295	31.4941	68.5051	31.4941	68.4054	31.4941	68.5844	31.4941	68.5972	31.4941	68.6819	31.4941	68.8788	31.4941	68.8196	31.4941	69.2514	31.4941	69.0275	31.4941	69.7085	31.4941	69.3364	31.4941	70.237	31.4941	69.7671	31.4941	70.8175	31.4941	70.3181	31.4941	71.4265	31.4941	70.9617	31.4941	72.037	31.4941	71.6504	31.4941	72.6202	31.4941	72.3295	31.4941	73.1469	31.4941	72.9482	31.4941	73.5894	31.4941	73.4663	31.4941	73.9231	31.4941	73.8554	31.4941	74.1279	31.4941	74.0988	31.4941	74.1892
32.2266	69.6439	32.2266	69.6182	32.2266	69.6942	32.2266	69.6288	32.2266	69.7606	32.2266	69.6886	32.2266	69.8395	32.2266	69.8101	32.2266	69.933	32.2266	70.0033	32.2266	70.0506	32.2266	70.2737	32.2266	70.2093	32.2266	70.6213	32.2266	70.4313	32.2266	71.0403	32.2266	70.739	32.2266	71.5194	32.2266	71.1467	32.2266	72.0429	32.2266	71.6522	32.2266	72.5913	32.2266	72.2333	32.2266	73.1423	32.2266	72.8518	32.2266	73.6712	32.2266	73.4618	32.2266	74.1522	32.2266	74.0188	32.2266	74.5598	32.2266	74.486	32.2266	74.8707	32.2266	74.8362	32.2266	75.0653	32.2266	75.0528	32.2266	75.1288
33.6914	71.8253	33.6914	71.809	33.6914	71.8717	33.6914	71.8307	33.6914	71.9425	33.6914	71.8989	33.6914	72.0354	33.6914	72.0217	33.6914	72.1516	33.6914	72.2054	33.6914	72.2971	33.6914	72.4534	33.6914	72.4821	33.6914	72.7651	33.6914	72.7197	33.6914	73.1359	33.6914	73.0221	33.6914	73.557	33.6914	73.3967	33.6914	74.016	33.6914	73.8402	33.6914	74.4973	33.6914	74.3372	33.6914	74.9825	33.6914	74.8605	33.6914	75.4507	33.6914	75.3759	33.6914	75.8796	33.6914	75.8479	33.6914	76.2465	33.6914	76.2447	33.6914	76.53	33.6914	76.5415	33.6914	76.712	33.6914	76.7219	33.6914	76.7786
34.4238	72.7811	34.4238	72.7617	34.4238	72.8318	34.4238	72.7801	34.4238	72.9092	34.4238	72.8431	34.4238	73.011	34.4238	72.9575	34.4238	73.1382	34.4238	73.1284	34.4238	73.2951	34.4238	73.3587	34.4238	73.4895	34.4238	73.6481	34.4238	73.7308	34.4238	73.9927	34.4238	74.0283	34.4238	74.3852	34.4238	74.3866	34.4238	74.8149	34.4238	74.8026	34.4238	75.2679	34.4238	75.263	34.4238	75.7273	34.4238	75.7446	34.4238	76.1737	34.4238	76.2174	34.4238	76.5858	34.4238	76.6495	34.4238	76.9417	34.4238	77.0115	34.4238	77.2207	34.4238	77.2796	34.4238	77.4046	34.4238	77.4382	34.4238	77.4797
35.8887	74.787	35.8887	74.7729	35.8887	74.8322	35.8887	74.7938	35.8887	74.9057	35.8887	74.8539	35.8887	75.0061	35.8887	74.9569	35.8887	75.1339	35.8887	75.1061	35.8887	75.2916	35.8887	75.303	35.8887	75.4836	35.8887	75.5473	35.8887	75.7152	35.8887	75.8369	35.8887	75.991	35.8887	76.1671	35.8887	76.3126	35.8887	76.5308	35.8887	76.6766	35.8887	76.918	35.8887	77.072	35.8887	77.3155	35.8887	77.4811	35.8887	77.7073	35.8887	77.8804	35.8887	78.0745	35.8887	78.2437	35.8887	78.3971	35.8887	78.5462	35.8887	78.6554	35.8887	78.767	35.8887	78.8317	35.8887	78.8915	35.8887	78.9129
37.3535	76.5214	37.3535	76.5052	37.3535	76.5687	37.3535	76.5225	37.3535	76.6452	37.3535	76.5761	37.3535	76.7498	37.3535	76.6683	37.3535	76.8825	37.3535	76.8013	37.3535	77.0442	37.3535	76.9762	37.3535	77.2369	37.3535	77.1927	37.3535	77.4628	37.3535	77.4491	37.3535	77.7234	37.3535	77.7418	37.3535	78.0182	37.3535	78.0647	37.3535	78.3432	37.3535	78.4092	37.3535	78.6894	37.3535	78.7643	37.3535	79.0426	37.3535	79.1158	37.3535	79.3841	37.3535	79.4475	37.3535	79.6926	37.3535	79.7416	37.3535	79.9471	37.3535	79.9805	37.3535	80.1293	37.3535	80.1483	37.3535	80.2266	37.3535	80.2327
38.8184	77.866	38.8184	77.8426	38.8184	77.9203	38.8184	77.8519	38.8184	78.004	38.8184	77.8957	38.8184	78.1157	38.8184	77.9758	38.8184	78.2548	38.8184	78.0934	38.8184	78.421	38.8184	78.2492	38.8184	78.6142	38.8184	78.4429	38.8184	78.8346	38.8184	78.6729	38.8184	79.0817	38.8184	78.9359	38.8184	79.3537	38.8184	79.227	38.8184	79.6463	38.8184	79.5387	38.8184	79.9518	38.8184	79.8612	38.8184	80.2588	38.8184	80.1824	38.8184	80.552	38.8184	80.4879	38.8184	80.8141	38.8184	80.7616	38.8184	81.0273	38.8184	80.9875	38.8184	81.1759	38.8184	81.1508	38.8184	81.2487	38.8184	81.2401
39.5508	78.4719	39.5508	78.446	39.5508	78.5281	39.5508	78.4521	39.5508	78.6134	39.5508	78.4916	39.5508	78.7265	39.5508	78.5659	39.5508	78.8663	39.5508	78.6758	39.5508	79.0322	39.5508	78.8219	39.5508	79.2234	39.5508	79.0036	39.5508	79.4393	39.5508	79.2196	39.5508	79.6788	39.5508	79.4668	39.5508	79.9393	39.5508	79.7407	39.5508	80.2165	39.5508	80.0346	39.5508	80.5032	39.5508	80.3398	39.5508	80.7891	39.5508	80.645	39.5508	81.0602	39.5508	80.9368	39.5508	81.3009	39.5508	81.2	39.5508	81.4948	39.5508	81.4193	39.5508	81.6275	39.5508	81.5806	39.5508	81.6884	39.5508	81.6724
41.0156	79.5023	41.0156	79.4731	41.0156	79.5606	41.0156	79.474	41.0156	79.6469	41.0156	79.5056	41.0156	79.7601	41.0156	79.5685	41.0156	79.8989	41.0156	79.663	41.0156	80.0618	41.0156	79.789	41.0156	80.247	41.0156	79.946	41.0156	80.4527	41.0156	80.1329	41.0156	80.6764	41.0156	80.3475	41.0156	80.9147	41.0156	80.5864	41.0156	81.1629	41.0156	80.8447	41.0156	81.4146	41.0156	81.1154	41.0156	81.6609	41.0156	81.389	41.0156	81.8905	41.0156	81.6539	41.0156	82.0905	41.0156	81.8966	41.0156	82.2473	41.0156	82.103	41.0156	82.349	41.0156	82.2599	41.0156	82.3868	41.0156	82.3567
42.4805	80.2575	42.4805	80.2223	42.4805	80.3199	42.4805	80.2149	42.4805	80.4085	42.4805	80.2357	42.4805	80.522	42.4805	80.285	42.4805	80.6587	42.4805	80.3628	42.4805	80.8168	42.4805	80.4689	42.4805	80.9937	42.4805	80.6029	42.4805	81.1867	42.4805	80.7636	42.4805	81.3926	42.4805	80.9493	42.4805	81.6078	42.4805	81.1573	42.4805	81.8275	42.4805	81.3836	42.4805	82.0459	42.4805	81.6225	42.4805	82.2557	42.4805	81.8664	42.4805	82.4474	42.4805	82.1054	42.4805	82.6103	42.4805	82.3283	42.4805	82.7332	42.4805	82.5224	42.4805	82.8061	42.4805	82.6756	42.4805	82.8218	42.4805	82.7776
43.9453	80.6871	43.9453	80.6443	43.9453	80.7563	43.9453	80.6284	43.9453	80.8508	43.9453	80.6396	43.9453	80.9692	43.9453	80.678	43.9453	81.1095	43.9453	80.7432	43.9453	81.2691	43.9453	80.835	43.9453	81.445	43.9453	80.9528	43.9453	81.6336	43.9453	81.0956	43.9453	81.8312	43.9453	81.2621	43.9453	82.0333	43.9453	81.4503	43.9453	82.2353	43.9453	81.6568	43.9453	82.4316	43.9453	81.877	43.9453	82.6154	43.9453	82.1043	43.9453	82.779	43.9453	82.33	43.9453	82.9134	43.9453	82.5436	43.9453	83.0092	43.9453	82.7334	43.9453	83.0583	43.9453	82.8879	43.9453	83.055	43.9453	82.9974
45.4102	81.0114	45.4102	80.9628	45.4102	81.0851	45.4102	80.9397	45.4102	81.1827	45.4102	80.9425	45.4102	81.3026	45.4102	80.9709	45.4102	81.4424	45.4102	81.0246	45.4102	81.5993	45.4102	81.1034	45.4102	81.7697	45.4102	81.2064	45.4102	81.9497	45.4102	81.3331	45.4102	82.1351	45.4102	81.4821	45.4102	82.3213	45.4102	81.6516	45.4102	82.5035	45.4102	81.839	45.4102	82.6768	45.4102	82.04	45.4102	82.8353	45.4102	82.2488	45.4102	82.9725	45.4102	82.4579	45.4102	83.081	45.4102	82.6579	45.4102	83.1534	45.4102	82.8383	45.4102	83.1831	45.4102	82.9887	45.4102	83.1657	45.4102	83.0999
47.6074	81.2835	47.6074	81.2277	47.6074	81.3628	47.6074	81.1959	47.6074	81.4643	47.6074	81.1882	47.6074	81.5862	47.6074	81.2044	47.6074	81.7258	47.6074	81.244	47.6074	81.8796	47.6074	81.3063	47.6074	82.0438	47.6074	81.3907	47.6074	82.2138	47.6074	81.4961	47.6074	82.3848	47.6074	81.6217	47.6074	82.5521	47.6074	81.7659	47.6074	82.7107	47.6074	81.9267	47.6074	82.8559	47.6074	82.101	47.6074	82.9827	47.6074	82.2844	47.6074	83.0861	47.6074	82.4711	47.6074	83.1608	47.6074	82.6535	47.6074	83.2014	47.6074	82.8227	47.6074	83.2036	47.6074	82.9696	47.6074	83.165	47.6074	83.0859
49.0723	81.3693	49.0723	81.3101	49.0723	81.4508	49.0723	81.274	49.0723	81.5535	49.0723	81.2609	49.0723	81.6753	49.0723	81.2706	49.0723	81.8133	49.0723	81.3023	49.0723	81.964	49.0723	81.3554	49.0723	82.1231	49.0723	81.429	49.0723	82.286	49.0723	81.5222	49.0723	82.4476	49.0723	81.6341	49.0723	82.603	49.0723	81.7634	49.0723	82.7473	49.0723	81.9084	49.0723	82.876	49.0723	82.0666	49.0723	82.9846	49.0723	82.2346	49.0723	83.0688	49.0723	82.4072	49.0723	83.1244	49.0723	82.578	49.0723	83.1474	49.0723	82.7392	49.0723	83.1348	49.0723	82.8824	49.0723	83.0852	49.0723	82.9998
50.5371	81.4141	50.5371	81.3517	50.5371	81.498	50.5371	81.3113	50.5371	81.6019	50.5371	81.293	50.5371	81.7237	50.5371	81.2964	50.5371	81.8604	50.5371	81.3207	50.5371	82.0081	50.5371	81.3653	50.5371	82.1625	50.5371	81.4292	50.5371	82.3185	50.5371	81.5116	50.5371	82.4711	50.5371	81.6117	50.5371	82.6153	50.5371	81.7282	50.5371	82.7463	50.5371	81.8596	50.5371	82.8597	50.5371	82.0038	50.5371	82.9516	50.5371	82.1577	50.5371	83.0183	50.5371	82.3172	50.5371	83.0567	50.5371	82.4769	50.5371	83.0638	50.5371	82.63	50.5371	83.0378	50.5371	82.7693	50.5371	82.9784	50.5371	82.8875
52.7344	81.4677	52.7344	81.3963	52.7344	81.5589	52.7344	81.3456	52.7344	81.6683	52.7344	81.3161	52.7344	81.7933	52.7344	81.3075	52.7344	81.9307	52.7344	81.3193	52.7344	82.0764	52.7344	81.3506	52.7344	82.2257	52.7344	81.4007	52.7344	82.3735	52.7344	81.4687	52.7344	82.5148	52.7344	81.5534	52.7344	82.6442	52.7344	81.6539	52.7344	82.7573	52.7344	81.7687	52.7344	82.85	52.7344	81.8961	52.7344	82.9187	52.7344	82.0341	52.7344	82.961	52.7344	82.1795	52.7344	82.9747	52.7344	82.3281	52.7344	82.9585	52.7344	82.4746	52.7344	82.9122	52.7344	82.6126	52.7344	82.8369	52.7344	82.7354
54.1992	81.5338	54.1992	81.4608	54.1992	81.6254	54.1992	81.4073	54.1992	81.734	54.1992	81.3736	54.1992	81.8572	54.1992	81.3596	54.1992	81.9918	54.1992	81.3645	54.1992	82.1337	54.1992	81.3878	54.1992	82.2782	54.1992	81.4285	54.1992	82.4204	54.1992	81.4859	54.1992	82.5548	54.1992	81.5591	54.1992	82.6763	54.1992	81.6472	54.1992	82.7801	54.1992	81.7494	54.1992	82.8621	54.1992	81.8644	54.1992	82.919	54.1992	81.9908	54.1992	82.9484	54.1992	82.1262	54.1992	82.9489	54.1992	82.2672	54.1992	82.9199	54.1992	82.4089	54.1992	82.8622	54.1992	82.5455	54.1992	82.7779	54.1992	82.6706
56.3965	81.5632	56.3965	81.4884	56.3965	81.6556	56.3965	81.432	56.3965	81.764	56.3965	81.394	56.3965	81.886	56.3965	81.3737	56.3965	82.0181	56.3965	81.3703	56.3965	82.1562	56.3965	81.3827	56.3965	82.2953	56.3965	81.4097	56.3965	82.4302	56.3965	81.4506	56.3965	82.5554	56.3965	81.5048	56.3965	82.6654	56.3965	81.5722	56.3965	82.7554	56.3965	81.653	56.3965	82.8213	56.3965	81.7473	56.3965	82.86	56.3965	81.855	56.3965	82.8697	56.3965	81.975	56.3965	82.8497	56.3965	82.1051	56.3965	82.8008	56.3965	82.2411	56.3965	82.725	56.3965	82.3776	56.3965	82.6258	56.3965	82.508
58.5938	81.6722	58.5938	81.5945	58.5938	81.7662	58.5938	81.5341	58.5938	81.8747	58.5938	81.4915	58.5938	81.9949	58.5938	81.4661	58.5938	82.1233	58.5938	81.4571	58.5938	82.2557	58.5938	81.4635	58.5938	82.3872	58.5938	81.4839	58.5938	82.5125	58.5938	81.5171	58.5938	82.6262	58.5938	81.5623	58.5938	82.7232	58.5938	81.6189	58.5938	82.7988	58.5938	81.6869	58.5938	82.8491	58.5938	81.7669	58.5938	82.8716	58.5938	81.8592	58.5938	82.865	58.5938	81.9638	58.5938	82.8298	58.5938	82.0794	58.5938	82.7677	58.5938	82.2034	58.5938	82.6819	58.5938	82.3315	58.5938	82.5769	58.5938	82.458
60.0586	81.7112	60.0586	81.6339	60.0586	81.8043	60.0586	81.5735	60.0586	81.9112	60.0586	81.5302	60.0586	82.0293	60.0586	81.5036	60.0586	82.1548	60.0586	81.4928	60.0586	82.2834	60.0586	81.4967	60.0586	82.4102	60.0586	81.5137	60.0586	82.5297	60.0586	81.5428	60.0586	82.6367	60.0586	81.5828	60.0586	82.7259	60.0586	81.6335	60.0586	82.7929	60.0586	81.6946	60.0586	82.834	60.0586	81.7668	60.0586	82.8472	60.0586	81.8505	60.0586	82.8318	60.0586	81.9459	60.0586	82.7888	60.0586	82.0523	60.0586	82.7207	60.0586	82.1676	60.0586	82.6314	60.0586	82.2882	60.0586	82.5258	60.0586	82.4095
62.2559	81.6454	62.2559	81.5631	62.2559	81.7433	62.2559	81.4977	62.2559	81.8547	62.2559	81.4498	62.2559	81.9764	62.2559	81.4188	62.2559	82.1046	62.2559	81.4037	62.2559	82.2344	62.2559	81.4033	62.2559	82.361	62.2559	81.4158	62.2559	82.4788	62.2559	81.44	62.2559	82.5824	62.2559	81.4748	62.2559	82.6668	62.2559	81.5196	62.2559	82.7273	62.2559	81.5746	62.2559	82.7605	62.2559	81.6403	62.2559	82.7641	62.2559	81.7175	62.2559	82.738	62.2559	81.8069	62.2559	82.6834	62.2559	81.9084	62.2559	82.6036	62.2559	82.0209	62.2559	82.5034	62.2559	82.1415	62.2559	82.3887	62.2559	82.266
64.4531	81.7306	64.4531	81.6451	64.4531	81.8304	64.4531	81.5754	64.4531	81.9423	64.4531	81.5218	64.4531	82.0632	64.4531	81.4841	64.4531	82.1893	64.4531	81.4613	64.4531	82.3158	64.4531	81.4522	64.4531	82.4379	64.4531	81.4552	64.4531	82.5501	64.4531	81.4693	64.4531	82.6471	64.4531	81.4933	64.4531	82.7238	64.4531	81.5272	64.4531	82.7757	64.4531	81.5713	64.4531	82.799	64.4531	81.6266	64.4531	82.7919	64.4531	81.6944	64.4531	82.754	64.4531	81.776	64.4531	82.6872	64.4531	81.872	64.4531	82.5954	64.4531	81.9817	64.4531	82.4842	64.4531	82.1027	64.4531	82.3602	64.4531	82.2308
66.6504	81.7263	66.6504	81.6331	66.6504	81.8327	66.6504	81.5547	66.6504	81.9495	66.6504	81.4921	66.6504	82.0733	66.6504	81.4453	66.6504	82.2001	66.6504	81.4139	66.6504	82.3251	66.6504	81.3967	66.6504	82.4435	66.6504	81.3924	66.6504	82.5499	66.6504	81.3997	66.6504	82.6391	66.6504	81.4174	66.6504	82.7061	66.6504	81.4451	66.6504	82.7467	66.6504	81.4829	66.6504	82.7575	66.6504	81.5315	66.6504	82.7368	66.6504	81.5924	66.6504	82.6848	66.6504	81.6672	66.6504	82.6041	66.6504	81.757	66.6504	82.4993	66.6504	81.8622	66.6504	82.3771	66.6504	81.9812	66.6504	82.2449	66.6504	82.1106
69.5801	81.7916	69.5801	81.6909	69.5801	81.9037	69.5801	81.6032	69.5801	82.0244	69.5801	81.5295	69.5801	82.1504	69.5801	81.4699	69.5801	82.2775	69.5801	81.4238	69.5801	82.4011	69.5801	81.3902	69.5801	82.5162	69.5801	81.368	69.5801	82.6175	69.5801	81.3562	69.5801	82.6997	69.5801	81.3544	69.5801	82.7579	69.5801	81.3627	69.5801	82.7874	69.5801	81.3823	69.5801	82.7849	69.5801	81.4152	69.5801	82.7485	69.5801	81.464	69.5801	82.6784	69.5801	81.5315	69.5801	82.5776	69.5801	81.6196	69.5801	82.4515	69.5801	81.7289	69.5801	82.3075	69.5801	81.8577	69.5801	82.1545	69.5801	82.0018
71.7773	81.8701	71.7773	81.7724	71.7773	81.9787	71.7773	81.6873	71.7773	82.0957	71.7773	81.6158	71.7773	82.2176	71.7773	81.5578	71.7773	82.3405	71.7773	81.5128	71.7773	82.4598	71.7773	81.4798	71.7773	82.5705	71.7773	81.4575	71.7773	82.6677	71.7773	81.445	71.7773	82.7461	71.7773	81.4418	71.7773	82.8008	71.7773	81.4482	71.7773	82.8272	71.7773	81.4651	71.7773	82.8221	71.7773	81.4946	71.7773	82.7835	71.7773	81.5391	71.7773	82.712	71.7773	81.6013	71.7773	82.6105	71.7773	81.6833	71.7773	82.4848	71.7773	81.7858	71.7773	82.3427	71.7773	81.9078	71.7773	82.1933	71.7773	82.0456
73.9746	81.8829	73.9746	81.7822	73.9746	81.9939	73.9746	81.694	73.9746	82.1123	73.9746	81.6192	73.9746	82.2343	73.9746	81.5582	73.9746	82.3558	73.9746	81.5104	73.9746	82.472	73.9746	81.4746	73.9746	82.578	73.9746	81.4494	73.9746	82.6688	73.9746	81.4335	73.9746	82.7394	73.9746	81.426	73.9746	82.785	73.9746	81.4269	73.9746	82.8015	73.9746	81.4369	73.9746	82.7857	73.9746	81.4578	73.9746	82.7362	73.9746	81.4924	73.9746	82.6539	73.9746	81.5439	73.9746	82.5424	73.9746	81.6154	73.9746	82.408	73.9746	81.7089	73.9746	82.2594	73.9746	81.8242	73.9746	82.1064	73.9746	81.9586
76.9043	81.9457	76.9043	81.8373	76.9043	82.063	76.9043	81.7402	76.9043	82.1861	76.9043	81.6556	76.9043	82.3112	76.9043	81.584	76.9043	82.4338	76.9043	81.5251	76.9043	82.5493	76.9043	81.4778	76.9043	82.6527	76.9043	81.4409	76.9043	82.7391	76.9043	81.4132	76.9043	82.8036	76.9043	81.3941	76.9043	82.8413	76.9043	81.3838	76.9043	82.8483	76.9043	81.3836	76.9043	82.8214	76.9043	81.3959	76.9043	82.7594	76.9043	81.4241	76.9043	82.6635	76.9043	81.4721	76.9043	82.5378	76.9043	81.5432	76.9043	82.3893	76.9043	81.6394	76.9043	82.2271	76.9043	81.7604	76.9043	82.0617	76.9043	81.9032
79.834	82.0545	79.834	81.9451	79.834	82.1717	79.834	81.8461	79.834	82.2931	79.834	81.7596	79.834	82.4147	79.834	81.6863	79.834	82.5323	79.834	81.6264	79.834	82.6415	79.834	81.5791	79.834	82.7378	79.834	81.5431	79.834	82.8166	79.834	81.517	79.834	82.8736	79.834	81.4998	79.834	82.9045	79.834	81.4911	79.834	82.9055	79.834	81.4916	79.834	82.8739	79.834	81.5032	79.834	82.8086	79.834	81.5288	79.834	82.7109	79.834	81.5719	79.834	82.585	79.834	81.6362	79.834	82.4382	79.834	81.7239	79.834	82.2798	79.834	81.8358	79.834	82.1203	79.834	81.9697
82.7637	82.079	82.7637	81.9819	82.7637	82.1806	82.7637	81.8902	82.7637	82.2848	82.7637	81.8041	82.7637	82.3883	82.7637	81.7226	82.7637	82.4873	82.7637	81.6444	82.7637	82.577	82.7637	81.5678	82.7637	82.652	82.7637	81.4913	82.7637	82.7068	82.7637	81.4142	82.7637	82.7357	82.7637	81.3367	82.7637	82.7331	82.7637	81.2604	82.7637	82.6946	82.7637	81.1887	82.7637	82.6167	82.7637	81.1269	82.7637	82.4986	82.7637	81.0817	82.7637	82.3431	82.7637	81.0612	82.7637	82.1567	82.7637	81.0736	82.7637	81.9505	82.7637	81.1259	82.7637	81.7387	82.7637	81.2221	82.7637	81.5374	82.7637	81.3613
85.6934	81.5571	85.6934	81.4053	85.6934	81.7269	85.6934	81.2779	85.6934	81.9073	85.6934	81.1797	85.6934	82.0907	85.6934	81.1131	85.6934	82.2698	85.6934	81.0779	85.6934	82.4381	85.6934	81.0717	85.6934	82.5901	85.6934	81.091	85.6934	82.721	85.6934	81.1314	85.6934	82.8265	85.6934	81.1888	85.6934	82.903	85.6934	81.2601	85.6934	82.9472	85.6934	81.3429	85.6934	82.9567	85.6934	81.4362	85.6934	82.9304	85.6934	81.5396	85.6934	82.869	85.6934	81.6534	85.6934	82.7758	85.6934	81.7781	85.6934	82.656	85.6934	81.9137	85.6934	82.5168	85.6934	82.059	85.6934	82.366	85.6934	82.2113
88.623	82.1338	88.623	82.0003	88.623	82.2653	88.623	81.8688	88.623	82.391	88.623	81.7442	88.623	82.5078	88.623	81.6312	88.623	82.6133	88.623	81.5341	88.623	82.7052	88.623	81.4566	88.623	82.7816	88.623	81.4008	88.623	82.8401	88.623	81.3672	88.623	82.8782	88.623	81.3546	88.623	82.8929	88.623	81.3605	88.623	82.881	88.623	81.3818	88.623	82.8394	88.623	81.4159	88.623	82.7666	88.623	81.4615	88.623	82.6633	88.623	81.5192	88.623	82.5333	88.623	81.5912	88.623	82.384	88.623	81.6807	88.623	82.2251	88.623	81.7902	88.623	82.0672	88.623	81.92
91.5527	82.405	91.5527	82.2891	91.5527	82.5181	91.5527	82.1729	91.5527	82.6255	91.5527	82.0586	91.5527	82.7243	91.5527	81.948	91.5527	82.8111	91.5527	81.8427	91.5527	82.8827	91.5527	81.7441	91.5527	82.9356	91.5527	81.6534	91.5527	82.9669	91.5527	81.5717	91.5527	82.9733	91.5527	81.4999	91.5527	82.9522	91.5527	81.4392	91.5527	82.901	91.5527	81.3909	91.5527	82.818	91.5527	81.3573	91.5527	82.7032	91.5527	81.3415	91.5527	82.5587	91.5527	81.3479	91.5527	82.3901	91.5527	81.3812	91.5527	82.2059	91.5527	81.446	91.5527	82.0176	91.5527	81.5448	91.5527	81.8374	91.5527	81.6769
94.4824	82.3489	94.4824	82.2302	94.4824	82.4667	94.4824	82.1134	94.4824	82.5801	94.4824	82.0007	94.4824	82.6854	94.4824	81.8936	94.4824	82.7785	94.4824	81.7929	94.4824	82.8554	94.4824	81.6987	94.4824	82.9121	94.4824	81.6112	94.4824	82.9447	94.4824	81.5301	94.4824	82.9497	94.4824	81.4557	94.4824	82.9237	94.4824	81.3888	94.4824	82.8642	94.4824	81.3311	94.4824	82.7697	94.4824	81.2857	94.4824	82.6408	94.4824	81.2568	94.4824	82.4806	94.4824	81.25	94.4824	82.296	94.4824	81.2712	94.4824	82.0974	94.4824	81.3259	94.4824	81.8975	94.4824	81.4178	94.4824	81.71	94.4824	81.5473
98.1445	82.3872	98.1445	82.2699	98.1445	82.5034	98.1445	82.1538	98.1445	82.6158	98.1445	82.0403	98.1445	82.7209	98.1445	81.9301	98.1445	82.8147	98.1445	81.8235	98.1445	82.8931	98.1445	81.7203	98.1445	82.9516	98.1445	81.6205	98.1445	82.986	98.1445	81.524	98.1445	82.9918	98.1445	81.4316	98.1445	82.9648	98.1445	81.3448	98.1445	82.9015	98.1445	81.2661	98.1445	82.7993	98.1445	81.1994	98.1445	82.6578	98.1445	81.1504	98.1445	82.4801	98.1445	81.1262	98.1445	82.273	98.1445	81.135	98.1445	82.048	98.1445	81.1844	98.1445	81.8202	98.1445	81.28	98.1445	81.6065	98.1445	81.4226
101.807	81.9785	101.807	81.8597	101.807	82.1083	101.807	81.755	101.807	82.2446	101.807	81.6651	101.807	82.3813	101.807	81.5888	101.807	82.5122	101.807	81.5234	101.807	82.6309	101.807	81.4654	101.807	82.7316	101.807	81.4116	101.807	82.8093	101.807	81.3595	101.807	82.8592	101.807	81.3084	101.807	82.8769	101.807	81.2598	101.807	82.8588	101.807	81.2171	101.807	82.8021	101.807	81.1862	101.807	82.7057	101.807	81.1746	101.807	82.5714	101.807	81.1901	101.807	82.4044	101.807	81.2399	101.807	82.2132	101.807	81.3284	101.807	82.0096	101.807	81.456	101.807	81.8068	101.807	81.6183
105.469	82.0478	105.469	81.8938	105.469	82.2022	105.469	81.7467	105.469	82.3508	105.469	81.6127	105.469	82.4883	105.469	81.4968	105.469	82.6105	105.469	81.4026	105.469	82.7138	105.469	81.3316	105.469	82.7956	105.469	81.2834	105.469	82.8536	105.469	81.2564	105.469	82.8854	105.469	81.2477	105.469	82.8885	105.469	81.2546	105.469	82.8604	105.469	81.2744	105.469	82.7992	105.469	81.3055	105.469	82.7049	105.469	81.3475	105.469	82.5801	105.469	81.4013	105.469	82.4308	105.469	81.4692	105.469	82.2662	105.469	81.5544	105.469	82.0971	105.469	81.6598	105.469	81.9345	105.469	81.787
109.131	82.1302	109.131	81.9844	109.131	82.2726	109.131	81.8396	109.131	82.4072	109.131	81.6999	109.131	82.5298	109.131	81.5689	109.131	82.6368	109.131	81.449	109.131	82.725	109.131	81.3421	109.131	82.7918	109.131	81.2488	109.131	82.8346	109.131	81.1694	109.131	82.8507	109.131	81.1039	109.131	82.8368	109.131	81.0524	109.131	82.7896	109.131	81.0154	109.131	82.7061	109.131	80.9945	109.131	82.5849	109.131	80.9927	109.131	82.4276	109.131	81.0142	109.131	82.2398	109.131	81.0639	109.131	82.0315	109.131	81.1468	109.131	81.8161	109.131	81.2661	109.131	81.6083	109.131	81.4217
112.793	82.1053	112.793	81.9607	112.793	82.2456	112.793	81.8159	112.793	82.3772	112.793	81.6749	112.793	82.4961	112.793	81.541	112.793	82.5988	112.793	81.4167	112.793	82.6825	112.793	81.3041	112.793	82.7449	112.793	81.2042	112.793	82.7841	112.793	81.118	112.793	82.7978	112.793	81.046	112.793	82.7832	112.793	80.9892	112.793	82.7369	112.793	80.949	112.793	82.656	112.793	80.9276	112.793	82.5385	112.793	80.9284	112.793	82.3855	112.793	80.9552	112.793	82.2022	112.793	81.0122	112.793	81.9978	112.793	81.1029	112.793	81.785	112.793	81.2291	112.793	81.5778	112.793	81.3892
116.455	82.1569	116.455	82.0075	116.455	82.3014	116.455	81.8582	116.455	82.4356	116.455	81.7137	116.455	82.5545	116.455	81.5772	116.455	82.6541	116.455	81.4509	116.455	82.7313	116.455	81.3357	116.455	82.784	116.455	81.2318	116.455	82.8107	116.455	81.1389	116.455	82.81	116.455	81.0571	116.455	82.7799	116.455	80.9872	116.455	82.7178	116.455	80.9312	116.455	82.6213	116.455	80.8924	116.455	82.4888	116.455	80.8753	116.455	82.3217	116.455	80.8853	116.455	82.1254	116.455	80.9278	116.455	81.9095	116.455	81.0074	116.455	81.6876	116.455	81.1265	116.455	81.4745	116.455	81.2841
120.85	82.124	120.85	81.9635	120.85	82.2764	120.85	81.8008	120.85	82.4149	120.85	81.6414	120.85	82.535	120.85	81.49	120.85	82.6331	120.85	81.3499	120.85	82.7071	120.85	81.2229	120.85	82.756	120.85	81.1097	120.85	82.7794	120.85	81.0103	120.85	82.7767	120.85	80.9247	120.85	82.746	120.85	80.8534	120.85	82.6844	120.85	80.7981	120.85	82.5884	120.85	80.7619	120.85	82.4555	120.85	80.7492	120.85	82.2859	120.85	80.7652	120.85	82.0845	120.85	80.8153	120.85	81.861	120.85	80.9041	120.85	81.6293	120.85	81.0338	120.85	81.405	120.85	81.2028
125.244	82.218	125.244	82.0539	125.244	82.3702	125.244	81.8837	125.244	82.5049	125.244	81.7132	125.244	82.6174	125.244	81.5472	125.244	82.7044	125.244	81.3893	125.244	82.7642	125.244	81.242	125.244	82.7966	125.244	81.1068	125.244	82.8024	125.244	80.9846	125.244	82.7825	125.244	80.8768	125.244	82.7371	125.244	80.7855	125.244	82.6648	125.244	80.714	125.244	82.5631	125.244	80.6669	125.244	82.4292	125.244	80.6496	125.244	82.2618	125.244	80.6676	125.244	82.0632	125.244	80.7259	125.244	81.8404	125.244	80.8277	125.244	81.6054	125.244	80.9729	125.244	81.3727	125.244	81.1575
129.639	82.1649	129.639	82.0085	129.639	82.3111	129.639	81.8474	129.639	82.4415	129.639	81.6866	129.639	82.5515	129.639	81.5305	129.639	82.6374	129.639	81.3821	129.639	82.697	129.639	81.2437	129.639	82.7294	129.639	81.1163	129.639	82.7349	129.639	81.0009	129.639	82.7141	129.639	80.8987	129.639	82.6671	129.639	80.812	129.639	82.5932	129.639	80.7441	129.639	82.4908	129.639	80.7	129.639	82.3584	129.639	80.6853	129.639	82.1963	129.639	80.7052	129.639	82.0077	129.639	80.7636	129.639	81.7997	129.639	80.862	129.639	81.5826	129.639	80.9993	129.639	81.3688	129.639	81.1708
134.033	82.018	134.033	81.8538	134.033	82.1787	134.033	81.6945	134.033	82.3273	134.033	81.5468	134.033	82.4563	134.033	81.4152	134.033	82.5604	134.033	81.3012	134.033	82.6369	134.033	81.2037	134.033	82.6853	134.033	81.1207	134.033	82.7064	134.033	81.05	134.033	82.7017	134.033	80.9902	134.033	82.672	134.033	80.942	134.033	82.6166	134.033	80.9079	134.033	82.534	134.033	80.8922	134.033	82.4227	134.033	80.8999	134.033	82.2833	134.033	80.9357	134.033	82.1193	134.033	81.0027	134.033	81.9378	134.033	81.1015	134.033	81.7481	134.033	81.2304	134.033	81.5608	134.033	81.3856
138.428	81.9063	138.428	81.6871	138.428	82.1068	138.428	81.4606	138.428	82.2797	138.428	81.2393	138.428	82.4191	138.428	81.035	138.428	82.5229	138.428	80.8569	138.428	82.5916	138.428	80.7103	138.428	82.6282	138.428	80.5971	138.428	82.637	138.428	80.5166	138.428	82.6219	138.428	80.4667	138.428	82.5852	138.428	80.4456	138.428	82.5268	138.428	80.452	138.428	82.4443	138.428	80.4857	138.428	82.3345	138.428	80.5467	138.428	82.1956	138.428	80.6351	138.428	82.0292	138.428	80.7504	138.428	81.8409	138.428	80.8912	138.428	81.6396	138.428	81.055	138.428	81.4356	138.428	81.2383
143.555	82.0699	143.555	81.87	143.555	82.2482	143.555	81.66	143.555	82.3957	143.555	81.4525	143.555	82.5059	143.555	81.2594	143.555	82.5757	143.555	81.0901	143.555	82.6053	143.555	80.9504	143.555	82.5984	143.555	80.8421	143.555	82.5609	143.555	80.7641	143.555	82.5006	143.555	80.7144	143.555	82.4249	143.555	80.6918	143.555	82.3392	143.555	80.6965	143.555	82.246	143.555	80.7292	143.555	82.1451	143.555	80.7898	143.555	82.035	143.555	80.8761	143.555	81.915	143.555	80.9832	143.555	81.786	143.555	81.1053	143.555	81.6506	143.555	81.2367	143.555	81.512	143.555	81.3732
148.682	82.283	148.682	82.0534	148.682	82.4754	148.682	81.7975	148.682	82.6239	148.682	81.5298	148.682	82.7256	148.682	81.2671	148.682	82.7807	148.682	81.0261	148.682	82.792	148.682	80.8207	148.682	82.7637	148.682	80.6595	148.682	82.7008	148.682	80.5446	148.682	82.6079	148.682	80.473	148.682	82.4884	148.682	80.4383	148.682	82.3446	148.682	80.4332	148.682	82.1777	148.682	80.4509	148.682	81.9902	148.682	80.4865	148.682	81.7872	148.682	80.5365	148.682	81.5775	148.682	80.5995	148.682	81.3727	148.682	80.6761	148.682	81.1841	148.682	80.7688	148.682	81.0196	148.682	80.8818
153.809	82.2832	153.809	82.1143	153.809	82.419	153.809	81.9156	153.809	82.5204	153.809	81.6941	153.809	82.588	153.809	81.4601	153.809	82.6231	153.809	81.2265	153.809	82.6279	153.809	81.0071	153.809	82.6048	153.809	80.8144	153.809	82.5567	153.809	80.6568	153.809	82.4864	153.809	80.5382	153.809	82.3954	153.809	80.4581	153.809	82.2835	153.809	80.4131	153.809	82.1489	153.809	80.3986	153.809	81.9897	153.809	80.4102	153.809	81.8058	153.809	80.4446	153.809	81.6019	153.809	80.5004	153.809	81.3878	153.809	80.5789	153.809	81.1772	153.809	80.6835	153.809	80.9839	153.809	80.8181
159.668	81.9288	159.668	81.7433	159.668	82.0875	159.668	81.538	159.668	82.2141	159.668	81.3204	159.668	82.3047	159.668	81.0993	159.668	82.3579	159.668	80.8841	159.668	82.375	159.668	80.6848	159.668	82.3601	159.668	80.5109	159.668	82.3185	159.668	80.3702	159.668	82.2561	159.668	80.2672	159.668	82.1766	159.668	80.2033	159.668	82.0806	159.668	80.1766	159.668	81.9659	159.668	80.1831	159.668	81.8291	159.668	80.2185	159.668	81.6693	159.668	80.2789	159.668	81.4891	159.668	80.3619	159.668	81.2963	159.668	80.4669	159.668	81.1011	159.668	80.594	159.668	80.9142	159.668	80.7436
164.795	82.2028	164.795	81.9888	164.795	82.3772	164.795	81.7436	164.795	82.5055	164.795	81.4776	164.795	82.5835	164.795	81.2022	164.795	82.6099	164.795	80.9292	164.795	82.5862	164.795	80.6699	164.795	82.517	164.795	80.4342	164.795	82.4102	164.795	80.2303	164.795	82.2759	164.795	80.0645	164.795	82.1243	164.795	79.9417	164.795	81.9635	164.795	79.8653	164.795	81.7975	164.795	79.8366	164.795	81.6257	164.795	79.8544	164.795	81.4455	164.795	79.9146	164.795	81.2549	164.795	80.0113	164.795	81.0552	164.795	80.1383	164.795	80.8517	164.795	80.2902	164.795	80.6518	164.795	80.4627
170.654	82.4333	170.654	82.235	170.654	82.5947	170.654	82.0056	170.654	82.7153	170.654	81.7526	170.654	82.7925	170.654	81.4859	170.654	82.8251	170.654	81.217	170.654	82.8134	170.654	80.9586	170.654	82.7591	170.654	80.7223	170.654	82.665	170.654	80.5171	170.654	82.5349	170.654	80.3481	170.654	82.3731	170.654	80.2171	170.654	82.184	170.654	80.1236	170.654	81.9722	170.654	80.0665	170.654	81.7432	170.654	80.0452	170.654	81.5039	170.654	80.059	170.654	81.2627	170.654	80.1073	170.654	81.0289	170.654	80.1885	170.654	80.8107	170.654	80.3012	170.654	80.6143	170.654	80.4437
176.514	82.1838	176.514	81.9874	176.514	82.3385	176.514	81.7534	176.514	82.4502	176.514	81.4894	176.514	82.519	176.514	81.2071	176.514	82.5469	176.514	80.9219	176.514	82.5369	176.514	80.6518	176.514	82.4933	176.514	80.4135	176.514	82.4203	176.514	80.2191	176.514	82.3214	176.514	80.0738	176.514	82.1979	176.514	79.9761	176.514	82.0485	176.514	79.92	176.514	81.871	176.514	79.899	176.514	81.664	176.514	79.9073	176.514	81.4312	176.514	79.9414	176.514	81.1826	176.514	79.9995	176.514	80.9337	176.514	80.0816	176.514	80.701	176.514	80.1895	176.514	80.4969	176.514	80.3267
183.105	82.165	183.105	82.0218	183.105	82.2668	183.105	81.8347	183.105	82.3293	183.105	81.6023	183.105	82.3541	183.105	81.3263	183.105	82.3431	183.105	81.0147	183.105	82.2999	183.105	80.6829	183.105	82.2306	183.105	80.3541	183.105	82.144	183.105	80.0563	183.105	82.0491	183.105	79.8166	183.105	81.952	183.105	79.6535	183.105	81.852	183.105	79.5721	183.105	81.7402	183.105	79.5643	183.105	81.6029	183.105	79.6129	183.105	81.4279	183.105	79.6992	183.105	81.2118	183.105	79.8085	183.105	80.9647	183.105	79.9347	183.105	80.7078	183.105	80.0807	183.105	80.4657	183.105	80.2554
189.697	82.0805	189.697	81.9755	189.697	82.1849	189.697	81.8675	189.697	82.2817	189.697	81.7455	189.697	82.3564	189.697	81.5954	189.697	82.3933	189.697	81.4064	189.697	82.3802	189.697	81.1756	189.697	82.3118	189.697	80.9098	189.697	82.1915	189.697	80.624	189.697	82.0306	189.697	80.338	189.697	81.846	189.697	80.072	189.697	81.6559	189.697	79.8424	189.697	81.4725	189.697	79.6593	189.697	81.2969	189.697	79.5281	189.697	81.1167	189.697	79.4523	189.697	80.9131	189.697	79.4377	189.697	80.6723	189.697	79.4936	189.697	80.3962	189.697	79.6283	189.697	80.1067	189.697	79.8393
196.289	81.653	196.289	81.4136	196.289	81.8845	196.289	81.1885	196.289	82.082	196.289	80.9874	196.289	82.2231	196.289	80.8042	196.289	82.2942	196.289	80.6221	196.289	82.2913	196.289	80.4235	196.289	82.2186	196.289	80.1978	196.289	82.0864	196.289	79.946	196.289	81.909	196.289	79.68	196.289	81.7034	196.289	79.4189	196.289	81.487	196.289	79.1857	196.289	81.2758	196.289	79.0045	196.289	81.0801	196.289	78.898	196.289	80.9003	196.289	78.8846	196.289	80.7244	196.289	78.9737	196.289	80.5316	196.289	79.1606	196.289	80.3023	196.289	79.4234	196.289	80.0296	196.289	79.7263
202.881	81.8414	202.881	81.5637	202.881	82.0812	202.881	81.2737	202.881	82.2624	202.881	80.9947	202.881	82.3723	202.881	80.7396	202.881	82.4072	202.881	80.508	202.881	82.3704	202.881	80.2899	202.881	82.2706	202.881	80.0748	202.881	82.1203	202.881	79.8596	202.881	81.9349	202.881	79.6528	202.881	81.732	202.881	79.4728	202.881	81.5309	202.881	79.3435	202.881	81.3507	202.881	79.288	202.881	81.2069	202.881	79.3237	202.881	81.1055	202.881	79.4561	202.881	81.0365	202.881	79.675	202.881	80.9739	202.881	79.9525	202.881	80.8833	202.881	80.2484	202.881	80.7358	202.881	80.5202
210.205	82.0826	210.205	81.7981	210.205	82.3163	210.205	81.4856	210.205	82.483	210.205	81.1703	210.205	82.5741	210.205	80.8726	210.205	82.5877	210.205	80.6026	210.205	82.5265	210.205	80.3598	210.205	82.396	210.205	80.138	210.205	82.203	210.205	79.9329	210.205	81.955	210.205	79.7466	210.205	81.6609	210.205	79.5878	210.205	81.3323	210.205	79.4687	210.205	80.9866	210.205	79.4007	210.205	80.6501	210.205	79.3908	210.205	80.3565	210.205	79.4378	210.205	80.136	210.205	79.5298	210.205	79.9999	210.205	79.6439	210.205	79.93	210.205	79.7529	210.205	79.8878	210.205	79.8354
217.529	81.9865	217.529	81.7135	217.529	82.1931	217.529	81.391	217.529	82.327	217.529	81.0462	217.529	82.3894	217.529	80.711	217.529	82.3854	217.529	80.4109	217.529	82.3206	217.529	80.1567	217.529	82.1998	217.529	79.9436	217.529	82.0275	217.529	79.7597	217.529	81.8085	217.529	79.5985	217.529	81.549	217.529	79.465	217.529	81.2575	217.529	79.3744	217.529	80.9454	217.529	79.3433	217.529	80.6296	217.529	79.3781	217.529	80.3347	217.529	79.4683	217.529	80.0916	217.529	79.5867	217.529	79.9264	217.529	79.6988	217.529	79.8442	217.529	79.7765	217.529	79.8203	217.529	79.811
225.586	81.8394	225.586	81.6054	225.586	82.0088	225.586	81.3098	225.586	82.1156	225.586	80.9648	225.586	82.1632	225.586	80.5931	225.586	82.1551	225.586	80.2244	225.586	82.095	225.586	79.8874	225.586	81.9879	225.586	79.6017	225.586	81.8391	225.586	79.3761	225.586	81.6537	225.586	79.2129	225.586	81.4355	225.586	79.1131	225.586	81.1882	225.586	79.0783	225.586	80.9165	225.586	79.1066	225.586	80.6287	225.586	79.1865	225.586	80.3378	225.586	79.2937	225.586	80.0625	225.586	79.3966	225.586	79.8269	225.586	79.4685	225.586	79.6549	225.586	79.5026	225.586	79.5573	225.586	79.519
232.91	81.8702	232.91	81.5957	232.91	82.0811	232.91	81.2572	232.91	82.2251	232.91	80.8525	232.91	82.2972	232.91	80.3865	232.91	82.2942	232.91	79.8832	232.91	82.2181	232.91	79.3929	232.91	82.0768	232.91	78.9831	232.91	81.8848	232.91	78.7106	232.91	81.6619	232.91	78.5914	232.91	81.4292	232.91	78.5948	232.91	81.2027	232.91	78.6659	232.91	80.9858	232.91	78.7517	232.91	80.7661	232.91	78.814	232.91	80.5202	232.91	78.8339	232.91	80.2269	232.91	78.815	232.91	79.8821	232.91	78.7876	232.91	79.5121	232.91	78.8061	232.91	79.1727	232.91	78.9271
241.699	82.2437	241.699	82.0805	241.699	82.3565	241.699	81.8675	241.699	82.416	241.699	81.6009	241.699	82.4181	241.699	81.2728	241.699	82.3593	241.699	80.8757	241.699	82.2391	241.699	80.4129	241.699	82.0621	241.699	79.9125	241.699	81.8381	241.699	79.4343	241.699	81.581	241.699	79.0588	241.699	81.3079	241.699	78.8526	241.699	81.0384	241.699	78.8278	241.699	80.7942	241.699	78.9331	241.699	80.5933	241.699	79.0853	241.699	80.4386	241.699	79.2142	241.699	80.3094	241.699	79.2929	241.699	80.1684	241.699	79.3444	241.699	79.9874	241.699	79.4227	241.699	79.7728	241.699	79.5684
249.756	82.2345	249.756	81.9198	249.756	82.4686	249.756	81.5516	249.756	82.6077	249.756	81.164	249.756	82.6498	249.756	80.7853	249.756	82.602	249.756	80.4228	249.756	82.4762	249.756	80.0573	249.756	82.2852	249.756	79.656	249.756	82.0386	249.756	79.197	249.756	81.7413	249.756	78.69	249.756	81.3941	249.756	78.1852	249.756	80.9979	249.756	77.7631	249.756	80.5621	249.756	77.5059	249.756	80.1172	249.756	77.4642	249.756	79.7236	249.756	77.6389	249.756	79.4544	249.756	77.9841	249.756	79.3408	249.756	78.416	249.756	79.326	249.756	78.8313	249.756	79.2921	249.756	79.1378
258.545	82.3867	258.545	82.1239	258.545	82.5936	258.545	81.8111	258.545	82.7369	258.545	81.4554	258.545	82.8074	258.545	81.0682	258.545	82.7977	258.545	80.6649	258.545	82.7056	258.545	80.2579	258.545	82.5351	258.545	79.8516	258.545	82.2965	258.545	79.4465	258.545	82.0046	258.545	79.0512	258.545	81.6758	258.545	78.6938	258.545	81.3246	258.545	78.419	258.545	80.9601	258.545	78.2693	258.545	80.5867	258.545	78.2571	258.545	80.2091	258.545	78.3537	258.545	79.8417	258.545	78.505	258.545	79.5114	258.545	78.6609	258.545	79.2464	258.545	78.7965	258.545	79.0553	258.545	78.9178
268.066	82.3632	268.066	82.0628	268.066	82.5787	268.066	81.6808	268.066	82.7109	268.066	81.2305	268.066	82.7644	268.066	80.7415	268.066	82.7453	268.066	80.2596	268.066	82.6602	268.066	79.8332	268.066	82.5151	268.066	79.4846	268.066	82.316	268.066	79.192	268.066	82.0693	268.066	78.9066	268.066	81.7811	268.066	78.5909	268.066	81.4554	268.066	78.2507	268.066	81.0898	268.066	77.9399	268.066	80.6777	268.066	77.7369	268.066	80.2204	268.066	77.7027	268.066	79.7498	268.066	77.8433	268.066	79.3317	268.066	78.1014	268.066	79.0237	268.066	78.3851	268.066	78.8136	268.066	78.6234
277.588	82.6404	277.588	82.3255	277.588	82.8588	277.588	81.925	277.588	82.9772	277.588	81.4564	277.588	82.9984	277.588	80.9414	277.588	82.9288	277.588	80.4066	277.588	82.7762	277.588	79.884	277.588	82.549	277.588	79.4072	277.588	82.2567	277.588	79.0006	277.588	81.9122	277.588	78.6691	277.588	81.5342	277.588	78.4034	277.588	81.1488	277.588	78.2003	277.588	80.7851	277.588	78.0775	277.588	80.4622	277.588	78.0638	277.588	80.1742	277.588	78.17	277.588	79.8956	277.588	78.365	277.588	79.6108	277.588	78.5863	277.588	79.3385	277.588	78.7805	277.588	79.1145	277.588	78.9424
287.109	82.4816	287.109	82.2542	287.109	82.6464	287.109	81.9693	287.109	82.7417	287.109	81.6264	287.109	82.7634	287.109	81.2201	287.109	82.7134	287.109	80.7498	287.109	82.5987	287.109	80.2323	287.109	82.4303	287.109	79.71	287.109	82.2196	287.109	79.2423	287.109	81.9761	287.109	78.8813	287.109	81.706	287.109	78.6485	287.109	81.4142	287.109	78.5327	287.109	81.107	287.109	78.5052	287.109	80.7897	287.109	78.5344	287.109	80.4591	287.109	78.5887	287.109	80.1029	287.109	78.6397	287.109	79.7154	287.109	78.6725	287.109	79.3257	287.109	78.7056	287.109	78.9998	287.109	78.795
297.363	81.996	297.363	81.7067	297.363	82.1863	297.363	81.3461	297.363	82.2753	297.363	80.96	297.363	82.2794	297.363	80.5875	297.363	82.2206	297.363	80.2338	297.363	82.116	297.363	79.8701	297.363	81.9721	297.363	79.4668	297.363	81.784	297.363	79.0308	297.363	81.5398	297.363	78.618	297.363	81.2307	297.363	78.3077	297.363	80.8681	297.363	78.1554	297.363	80.4995	297.363	78.1628	297.363	80.2008	297.363	78.2877	297.363	80.0254	297.363	78.4728	297.363	79.9463	297.363	78.6673	297.363	79.8694	297.363	78.8469	297.363	79.7163	297.363	79.0257	297.363	79.4855	297.363	79.2376
307.617	82.2728	307.617	82.0292	307.617	82.4099	307.617	81.6721	307.617	82.4497	307.617	81.2063	307.617	82.4007	307.617	80.6572	307.617	82.2732	307.617	80.0687	307.617	82.0848	307.617	79.4867	307.617	81.8612	307.617	78.9371	307.617	81.6268	307.617	78.4217	307.617	81.3897	307.617	77.9398	307.617	81.129	307.617	77.5157	307.617	80.801	307.617	77.2031	307.617	80.3672	307.617	77.0569	307.617	79.839	307.617	77.0916	307.617	79.309	307.617	77.2682	307.617	78.9196	307.617	77.5257	307.617	78.7402	307.617	77.821	307.617	78.6837	307.617	78.1286	307.617	78.5992	307.617	78.4076
318.604	82.1904	318.604	81.9452	318.604	82.3532	318.604	81.6231	318.604	82.4302	318.604	81.2345	318.604	82.4209	318.604	80.7961	318.604	82.3277	318.604	80.3275	318.604	82.1572	318.604	79.8419	318.604	81.9221	318.604	79.3409	318.604	81.6425	318.604	78.8214	318.604	81.3434	318.604	78.296	318.604	81.0449	318.604	77.8092	318.604	80.7477	318.604	77.4356	318.604	80.4259	318.604	77.2514	318.604	80.0456	318.604	77.2926	318.604	79.6069	318.604	77.5344	318.604	79.1842	318.604	77.902	318.604	78.9032	318.604	78.2979	318.604	78.8211	318.604	78.6242	318.604	78.8427	318.604	78.8082
329.59	82.9677	329.59	82.6344	329.59	83.1936	329.59	82.2153	329.59	83.3018	329.59	81.7403	329.59	83.2922	329.59	81.2408	329.59	83.1727	329.59	80.7409	329.59	82.9576	329.59	80.2486	329.59	82.6676	329.59	79.7537	329.59	82.3294	329.59	79.2354	329.59	81.9732	329.59	78.681	329.59	81.6247	329.59	78.1097	329.59	81.2921	329.59	77.5834	329.59	80.955	329.59	77.1925	329.59	80.5705	329.59	77.013	329.59	80.1028	329.59	77.0644	329.59	79.5673	329.59	77.301	329.59	79.0513	329.59	77.6322	329.59	78.6604	329.59	77.9566	329.59	78.4111	329.59	78.21
341.309	82.4193	341.309	82.1399	341.309	82.6195	341.309	81.8071	341.309	82.7187	341.309	81.4406	341.309	82.7097	341.309	81.0506	341.309	82.6026	341.309	80.6401	341.309	82.4211	341.309	80.2077	341.309	82.1919	341.309	79.7507	341.309	81.9332	341.309	79.2687	341.309	81.6485	341.309	78.7706	341.309	81.3309	341.309	78.285	341.309	80.9802	341.309	77.8673	341.309	80.6165	341.309	77.5917	341.309	80.2701	341.309	77.5206	341.309	79.9506	341.309	77.6641	341.309	79.6394	341.309	77.9619	341.309	79.3332	341.309	78.3053	341.309	79.075	341.309	78.5893	341.309	78.9024	341.309	78.7721
353.76	82.2935	353.76	82.0576	353.76	82.4214	353.76	81.7309	353.76	82.4399	353.76	81.34	353.76	82.3639	353.76	80.9102	353.76	82.2174	353.76	80.4604	353.76	82.0265	353.76	80.0025	353.76	81.8121	353.76	79.54	353.76	81.5847	353.76	79.0662	353.76	81.3421	353.76	78.5748	353.76	81.0775	353.76	78.0885	353.76	80.7948	353.76	77.6829	353.76	80.5169	353.76	77.4713	353.76	80.2671	353.76	77.5309	353.76	80.0373	353.76	77.8316	353.76	79.7927	353.76	78.2485	353.76	79.5259	353.76	78.6387	353.76	79.2901	353.76	78.9082	353.76	79.1415	353.76	79.0492
366.211	82.8019	366.211	82.5884	366.211	82.8832	366.211	82.2226	366.211	82.8544	366.211	81.7047	366.211	82.7269	366.211	81.0661	366.211	82.5026	366.211	80.367	366.211	82.1883	366.211	79.6788	366.211	81.8105	366.211	79.0542	366.211	81.4143	366.211	78.5026	366.211	81.0383	366.211	77.9965	366.211	80.6762	366.211	77.5131	366.211	80.2687	366.211	77.081	366.211	79.7616	366.211	76.7917	366.211	79.1972	366.211	76.7443	366.211	78.7504	366.211	76.9545	366.211	78.5931	366.211	77.3389	366.211	78.6806	366.211	77.7893	366.211	78.7979	366.211	78.2229	366.211	78.7766	366.211	78.5729
378.662	82.3358	378.662	82.0688	378.662	82.5464	378.662	81.7935	378.662	82.6499	378.662	81.5283	378.662	82.6202	378.662	81.2549	378.662	82.4617	378.662	80.9318	378.662	82.1977	378.662	80.5154	378.662	81.8555	378.662	79.9827	378.662	81.4603	378.662	79.3522	378.662	81.0402	378.662	78.6837	378.662	80.6325	378.662	78.0524	378.662	80.2705	378.662	77.523	378.662	79.9527	378.662	77.1581	378.662	79.6378	378.662	77.0382	378.662	79.2994	378.662	77.2214	378.662	78.9911	378.662	77.66	378.662	78.8203	378.662	78.1908	378.662	78.821	378.662	78.6279	378.662	78.8879	378.662	78.8596
392.578	82.1813	392.578	82.0006	392.578	82.303	392.578	81.7597	392.578	82.3491	392.578	81.4406	392.578	82.299	392.578	81.0284	392.578	82.1469	392.578	80.5307	392.578	81.9127	392.578	79.9796	392.578	81.638	392.578	79.4055	392.578	81.3675	392.578	78.8066	392.578	81.1183	392.578	78.152	392.578	80.8608	392.578	77.4314	392.578	80.5333	392.578	76.7139	392.578	80.0831	392.578	76.1664	392.578	79.5044	392.578	75.9771	392.578	78.8574	392.578	76.2046	392.578	78.2753	392.578	76.7235	392.578	77.931	392.578	77.3206	392.578	77.8939	392.578	77.7983	392.578	78.0111	392.578	78.0302
405.762	82.0489	405.762	81.7307	405.762	82.2405	405.762	81.3211	405.762	82.2841	405.762	80.8581	405.762	82.1813	405.762	80.3775	405.762	81.9556	405.762	79.9059	405.762	81.6464	405.762	79.4496	405.762	81.3047	405.762	78.9897	405.762	80.9851	405.762	78.4994	405.762	80.7231	405.762	77.9686	405.762	80.504	405.762	77.4217	405.762	80.2623	405.762	76.9272	405.762	79.919	405.762	76.5953	405.762	79.4326	405.762	76.5426	405.762	78.8479	405.762	76.8188	405.762	78.3386	405.762	77.3547	405.762	78.1436	405.762	77.9785	405.762	78.315	405.762	78.483	405.762	78.6031	405.762	78.7053
420.41	82.5753	420.41	82.3026	420.41	82.7361	420.41	81.8941	420.41	82.8117	420.41	81.354	420.41	82.8077	420.41	80.7283	420.41	82.704	420.41	80.0954	420.41	82.4685	420.41	79.5263	420.41	82.0782	420.41	79.0339	420.41	81.537	420.41	78.5687	420.41	80.8881	420.41	78.0718	420.41	80.215	420.41	77.5323	420.41	79.6149	420.41	77.0092	420.41	79.1445	420.41	76.6282	420.41	78.7738	420.41	76.5422	420.41	78.4074	420.41	76.8227	420.41	77.985	420.41	77.3498	420.41	77.6035	420.41	77.8625	420.41	77.4941	420.41	78.1226	420.41	77.7254	420.41	78.038
435.059	82.9424	435.059	82.6878	435.059	83.0982	435.059	82.35	435.059	83.1225	435.059	81.9152	435.059	82.9928	435.059	81.3655	435.059	82.7157	435.059	80.7268	435.059	82.3282	435.059	80.0899	435.059	81.8831	435.059	79.5533	435.059	81.4275	435.059	79.1138	435.059	80.9867	435.059	78.651	435.059	80.5621	435.059	78.0425	435.059	80.1448	435.059	77.2884	435.059	79.736	435.059	76.5741	435.059	79.3574	435.059	76.2251	435.059	79.017	435.059	76.4526	435.059	78.6495	435.059	77.0911	435.059	78.1779	435.059	77.7276	435.059	77.7326	435.059	78.0174	435.059	77.6412	435.059	77.8877
450.439	82.5643	450.439	82.2908	450.439	82.7184	450.439	81.9737	450.439	82.7057	450.439	81.6677	450.439	82.5316	450.439	81.3635	450.439	82.2485	450.439	80.992	450.439	81.9306	450.439	80.4803	450.439	81.645	450.439	79.8141	450.439	81.4272	450.439	79.0634	450.439	81.2646	450.439	78.3485	450.439	81.1031	450.439	77.7666	450.439	80.876	450.439	77.3506	450.439	80.526	450.439	77.1063	450.439	80.0082	450.439	77.0584	450.439	79.3345	450.439	77.2253	450.439	78.702	450.439	77.5691	450.439	78.4673	450.439	78.0101	450.439	78.6623	450.439	78.4599	450.439	78.8715	450.439	78.7971
466.553	82.5233	466.553	82.2722	466.553	82.6024	466.553	81.8613	466.553	82.5107	466.553	81.3329	466.553	82.2589	466.553	80.7698	466.553	81.8746	466.553	80.2578	466.553	81.4121	466.553	79.8133	466.553	80.9525	466.553	79.3694	466.553	80.5762	466.553	78.8465	466.553	80.3098	466.553	78.2165	466.553	80.1023	466.553	77.5147	466.553	79.8755	466.553	76.8468	466.553	79.5963	466.553	76.4196	466.553	79.2748	466.553	76.494	466.553	78.8931	466.553	77.1528	466.553	78.4327	466.553	78.1567	466.553	78.0995	466.553	79.1121	466.553	78.318	466.553	79.6703	466.553	79.0341	466.553	79.6288
482.666	82.6165	482.666	82.328	482.666	82.806	482.666	81.9551	482.666	82.8315	482.666	81.4651	482.666	82.6321	482.666	80.838	482.666	82.1965	482.666	80.1137	482.666	81.5697	482.666	79.3754	482.666	80.8411	482.666	78.667	482.666	80.1309	482.666	77.9275	482.666	79.548	482.666	77.0413	482.666	79.1169	482.666	75.9762	482.666	78.7633	482.666	74.9219	482.666	78.4084	482.666	74.3295	482.666	78.0293	482.666	74.5955	482.666	77.6104	482.666	75.5577	482.666	77.1552	482.666	76.6689	482.666	76.8456	482.666	77.497	482.666	76.9536	482.666	77.8659	482.666	77.3926	482.666	77.7878
500.244	81.8487	500.244	81.4421	500.244	82.0624	500.244	81.0082	500.244	82.0244	500.244	80.6756	500.244	81.7834	500.244	80.4056	500.244	81.4212	500.244	80.086	500.244	81.003	500.244	79.6876	500.244	80.5871	500.244	79.2754	500.244	80.2406	500.244	78.9005	500.244	80.0017	500.244	78.4972	500.244	79.8166	500.244	77.8948	500.244	79.5415	500.244	76.9299	500.244	79.0182	500.244	75.6128	500.244	78.1801	500.244	74.4129	500.244	77.1807	500.244	74.2885	500.244	76.4395	500.244	75.3595	500.244	76.2774	500.244	76.6081	500.244	76.5677	500.244	77.3366	500.244	77.0423	500.244	77.413
517.822	82.2552	517.822	81.8276	517.822	82.4341	517.822	81.1543	517.822	82.368	517.822	80.362	517.822	82.0318	517.822	79.7178	517.822	81.4218	517.822	79.3583	517.822	80.6124	517.822	79.1084	517.822	79.7828	517.822	78.7645	517.822	79.1785	517.822	78.3191	517.822	78.9545	517.822	77.8458	517.822	79.0146	517.822	77.3011	517.822	79.0889	517.822	76.5328	517.822	78.9309	517.822	75.49	517.822	78.3988	517.822	74.514	517.822	77.4605	517.822	74.4276	517.822	76.2815	517.822	75.4549	517.822	75.4823	517.822	76.699	517.822	75.7967	517.822	77.4441	517.822	76.7748	517.822	77.46
536.133	82.8927	536.133	82.1442	536.133	83.3115	536.133	81.1683	536.133	83.3317	536.133	79.9911	536.133	82.9767	536.133	78.6502	536.133	82.3133	536.133	77.4962	536.133	81.3868	536.133	77.0514	536.133	80.2555	536.133	77.1937	536.133	79.125	536.133	77.3719	536.133	78.3728	536.133	77.3348	536.133	78.1884	536.133	77.0582	536.133	78.3079	536.133	76.4726	536.133	78.3726	536.133	75.4247	536.133	78.1859	536.133	73.8832	536.133	77.606	536.133	72.4378	536.133	76.432	536.133	72.4234	536.133	74.5373	536.133	73.6237	536.133	72.6439	536.133	74.4226	536.133	72.7562	536.133	74.03
554.443	83.6159	554.443	83.0257	554.443	83.9764	554.443	82.269	554.443	84.0572	554.443	81.3967	554.443	83.8226	554.443	80.4112	554.443	83.2456	554.443	79.2831	554.443	82.3109	554.443	78.0279	554.443	81.037	554.443	76.7544	554.443	79.5572	554.443	75.6226	554.443	78.2575	554.443	74.7549	554.443	77.6574	554.443	74.158	554.443	77.7542	554.443	73.686	554.443	77.9912	554.443	73.1121	554.443	77.9228	554.443	72.2263	554.443	77.3652	554.443	70.9373	554.443	76.3167	554.443	69.5767	554.443	74.999	554.443	68.8515	554.443	73.66	554.443	69.0414	554.443	72.1222	554.443	70.3095
574.219	82.6857	574.219	82.1384	574.219	82.8818	574.219	81.4308	574.219	82.7175	574.219	80.7171	574.219	82.3162	574.219	79.8999	574.219	81.7722	574.219	78.8741	574.219	81.0667	574.219	77.8377	574.219	80.1397	574.219	77.0907	574.219	79.0249	574.219	76.6063	574.219	77.9621	574.219	76.1875	574.219	77.3378	574.219	75.804	574.219	77.2826	574.219	75.5125	574.219	77.4966	574.219	75.2526	574.219	77.6555	574.219	74.8757	574.219	77.5782	574.219	74.3629	574.219	77.0772	574.219	73.966	574.219	76.0378	574.219	74.0041	574.219	74.8848	574.219	74.3675	574.219	74.4757	574.219	74.557
594.727	83.4779	594.727	83.2638	594.727	83.2823	594.727	82.5373	594.727	82.9031	594.727	81.494	594.727	82.4663	594.727	80.5162	594.727	81.9379	594.727	79.7056	594.727	81.2275	594.727	78.8372	594.727	80.2677	594.727	77.8514	594.727	79.0472	594.727	76.9349	594.727	77.7196	594.727	76.1859	594.727	76.7701	594.727	75.5316	594.727	76.6955	594.727	74.9348	594.727	77.2088	594.727	74.4358	594.727	77.625	594.727	74.1302	594.727	77.5979	594.727	74.1705	594.727	77.2121	594.727	74.5877	594.727	76.8545	594.727	75.1055	594.727	76.6629	594.727	75.4713	594.727	76.328	594.727	75.84
615.234	83.424	615.234	83.1394	615.234	83.5069	615.234	82.6232	615.234	83.3229	615.234	81.7575	615.234	82.8477	615.234	80.5715	615.234	82.1424	615.234	79.4108	615.234	81.2925	615.234	78.631	615.234	80.3476	615.234	78.1134	615.234	79.3179	615.234	77.5372	615.234	78.2115	615.234	76.7835	615.234	77.0964	615.234	75.9023	615.234	76.1855	615.234	75.0165	615.234	75.8201	615.234	74.3268	615.234	76.099	615.234	74.1059	615.234	76.5642	615.234	74.4737	615.234	76.6115	615.234	75.1922	615.234	76.1964	615.234	75.9543	615.234	76.1553	615.234	76.6296	615.234	76.7374	615.234	76.9988
637.207	83.7414	637.207	83.3379	637.207	83.7615	637.207	82.6548	637.207	83.5094	637.207	81.95	637.207	83.1078	637.207	81.2341	637.207	82.5709	637.207	80.2675	637.207	81.8716	637.207	79.1126	637.207	80.9977	637.207	78.2849	637.207	79.9349	637.207	78.0108	637.207	78.7619	637.207	77.8785	637.207	77.7987	637.207	77.5412	637.207	77.2554	637.207	76.9362	637.207	76.775	637.207	76.0606	637.207	76.1077	637.207	74.9814	637.207	75.8072	637.207	74.1945	637.207	76.1065	637.207	74.4671	637.207	76.0609	637.207	75.6425	637.207	75.5307	637.207	76.6783	637.207	75.8449	637.207	76.7131
659.912	84.0367	659.912	83.889	659.912	83.7885	659.912	83.251	659.912	83.2646	659.912	82.1902	659.912	82.5709	659.912	80.979	659.912	81.8458	659.912	79.8907	659.912	81.197	659.912	78.9925	659.912	80.5899	659.912	78.3147	659.912	79.912	659.912	77.9456	659.912	79.0841	659.912	77.7666	659.912	78.1011	659.912	77.4949	659.912	77.179	659.912	77.0059	659.912	76.817	659.912	76.3408	659.912	77.029	659.912	75.5419	659.912	77.0675	659.912	74.7982	659.912	76.4758	659.912	74.6237	659.912	75.5716	659.912	75.148	659.912	75.1969	659.912	75.7681	659.912	75.5634	659.912	75.9324
683.35	84.2944	683.35	84.2276	683.35	84.0989	683.35	83.7148	683.35	83.6879	683.35	82.582	683.35	83.0557	683.35	80.8999	683.35	82.2357	683.35	79.1232	683.35	81.2611	683.35	77.8449	683.35	80.1813	683.35	77.16	683.35	79.1543	683.35	76.7859	683.35	78.3512	683.35	76.5849	683.35	77.6866	683.35	76.4978	683.35	76.9263	683.35	76.3919	683.35	76.2036	683.35	76.1245	683.35	75.9922	683.35	75.687	683.35	76.134	683.35	75.3914	683.35	76.0449	683.35	75.792	683.35	75.9375	683.35	76.8581	683.35	76.4211	683.35	77.7113	683.35	77.2069	683.35	77.7711
706.787	83.6728	706.787	83.8985	706.787	83.3195	706.787	83.697	706.787	82.9608	706.787	82.8864	706.787	82.5551	706.787	81.5751	706.787	82.0683	706.787	80.0068	706.787	81.4692	706.787	78.3195	706.787	80.6722	706.787	76.737	706.787	79.5885	706.787	75.8415	706.787	78.3561	706.787	75.8393	706.787	77.5307	706.787	76.1545	706.787	77.3413	706.787	76.2995	706.787	77.0683	706.787	76.1896	706.787	76.1955	706.787	76.011	706.787	75.214	706.787	76.0282	706.787	75.0964	706.787	76.3404	706.787	75.1261	706.787	76.7855	706.787	74.312	706.787	76.9309	706.787	74.5172	706.787	76.1397
731.689	83.7213	731.689	83.8992	731.689	83.2243	731.689	83.7693	731.689	82.4817	731.689	83.2827	731.689	81.7121	731.689	82.374	731.689	81.1298	731.689	81.1234	731.689	80.763	731.689	79.7703	731.689	80.4398	731.689	78.5351	731.689	79.9148	731.689	77.465	731.689	79.0125	731.689	76.5347	731.689	77.8169	731.689	75.8732	731.689	76.8442	731.689	75.5743	731.689	76.5075	731.689	75.2178	731.689	76.4503	731.689	74.193	731.689	76.0945	731.689	72.7987	731.689	74.9607	731.689	73.1628	731.689	73.7519	731.689	75.1743	731.689	74.1351	731.689	76.235	731.689	74.9303	731.689	75.7869
758.057	82.8368	758.057	82.8508	758.057	82.4334	758.057	82.6306	758.057	81.8172	758.057	82.2948	758.057	81.3803	758.057	81.7236	758.057	81.1477	758.057	80.7807	758.057	80.763	758.057	79.5356	758.057	79.9882	758.057	78.3075	758.057	78.8423	758.057	77.4625	758.057	77.5831	758.057	77.0243	758.057	76.6698	758.057	76.7211	758.057	76.2122	758.057	76.3735	758.057	75.8143	758.057	76.003	758.057	75.457	758.057	75.5449	758.057	75.336	758.057	74.8082	758.057	75.0047	758.057	74.232	758.057	74.3333	758.057	74.6452	758.057	74.1441	758.057	75.3554	758.057	74.587	758.057	75.2337
784.424	82.9231	784.424	83.4137	784.424	82.4155	784.424	83.4484	784.424	81.9532	784.424	82.8045	784.424	81.3801	784.424	81.8713	784.424	80.8208	784.424	81.1621	784.424	80.518	784.424	80.3668	784.424	80.309	784.424	79.0088	784.424	79.7452	784.424	77.4327	784.424	78.5813	784.424	76.5392	784.424	77.0707	784.424	76.4033	784.424	76.0638	784.424	76.2742	784.424	75.7939	784.424	75.7609	784.424	75.3626	784.424	75.0043	784.424	74.5976	784.424	74.4175	784.424	73.869	784.424	74.6418	784.424	73.1363	784.424	75.3158	784.424	73.5871	784.424	75.4503	784.424	74.8731	784.424	75.329
812.256	82.2958	812.256	82.6896	812.256	81.4066	812.256	82.9436	812.256	80.2221	812.256	83.0684	812.256	79.4206	812.256	82.4314	812.256	79.4295	812.256	80.7844	812.256	79.9873	812.256	78.9071	812.256	80.4544	812.256	77.7185	812.256	80.2868	812.256	76.9064	812.256	79.3144	812.256	76.4832	812.256	77.9236	812.256	76.7514	812.256	76.922	812.256	77.1102	812.256	76.4434	812.256	76.8172	812.256	75.9369	812.256	75.7437	812.256	75.2671	812.256	74.4939	812.256	73.8015	812.256	74.0094	812.256	69.7439	812.256	74.5429	812.256	67.017	812.256	75.1679	812.256	72.3619	812.256	74.7934
840.82	81.9813	840.82	82.5929	840.82	80.8311	840.82	82.6805	840.82	79.8308	840.82	82.5068	840.82	79.5348	840.82	82.0178	840.82	79.6057	840.82	81.0282	840.82	79.6414	840.82	79.5655	840.82	79.4981	840.82	78.0709	840.82	79.1639	840.82	77.1695	840.82	78.6375	840.82	76.7481	840.82	77.7179	840.82	76.3431	840.82	76.2094	840.82	76.0918	840.82	75.0304	840.82	76.0057	840.82	75.5686	840.82	75.178	840.82	76.4232	840.82	73.0192	840.82	76.2569	840.82	70.8747	840.82	74.3238	840.82	71.4744	840.82	70.035	840.82	72.7655	840.82	69.1869	840.82	72.1706
870.85	82.0068	870.85	82.8131	870.85	81.3646	870.85	83.1613	870.85	80.7844	870.85	82.5817	870.85	80.292	870.85	81.2563	870.85	80.2668	870.85	79.7137	870.85	80.5254	870.85	78.5526	870.85	80.5415	870.85	77.9417	870.85	80.0857	870.85	77.5349	870.85	79.3518	870.85	77.3513	870.85	78.5898	870.85	77.392	870.85	77.4285	870.85	77.2158	870.85	75.1533	870.85	76.6294	870.85	72.7077	870.85	75.7747	870.85	73.468	870.85	74.6881	870.85	75.2621	870.85	73.5153	870.85	75.0427	870.85	73.1849	870.85	71.914	870.85	73.1712	870.85	69.8393	870.85	72.019
901.611	83.0619	901.611	83.2464	901.611	82.1523	901.611	82.8344	901.611	81.1408	901.611	82.5867	901.611	80.3692	901.611	82.2908	901.611	79.6645	901.611	80.9397	901.611	79.1595	901.611	78.3074	901.611	79.0273	901.611	75.5822	901.611	79.0176	901.611	74.2406	901.611	78.8796	901.611	73.6716	901.611	78.6639	901.611	74.0012	901.611	78.197	901.611	75.2544	901.611	76.8108	901.611	76.0016	901.611	74.6313	901.611	75.5075	901.611	73.8041	901.611	73.9201	901.611	74.1834	901.611	72.2251	901.611	74.24	901.611	72.2141	901.611	72.7239	901.611	72.7387	901.611	69.1298	901.611	71.0211
933.105	83.3403	933.105	83.7944	933.105	82.4122	933.105	83.6481	933.105	81.4035	933.105	82.6901	933.105	80.7891	933.105	81.2138	933.105	80.3269	933.105	79.941	933.105	79.9066	933.105	78.5971	933.105	79.5675	933.105	76.6577	933.105	78.9523	933.105	74.9023	933.105	77.9274	933.105	74.3663	933.105	77.446	933.105	74.2611	933.105	77.81	933.105	73.9954	933.105	77.3485	933.105	74.0999	933.105	75.1066	933.105	74.729	933.105	73.1932	933.105	74.8804	933.105	74.4781	933.105	73.9865	933.105	74.7517	933.105	72.8223	933.105	72.5934	933.105	71.9284	933.105	69.8136	933.105	70.3792
966.064	83.2606	966.064	83.7234	966.064	82.3219	966.064	83.431	966.064	81.3313	966.064	82.5752	966.064	80.5308	966.064	81.5072	966.064	80.0131	966.064	80.0932	966.064	79.703	966.064	78.2633	966.064	79.4025	966.064	76.8069	966.064	78.8952	966.064	76.0953	966.064	77.9912	966.064	75.5127	966.064	76.719	966.064	75.0384	966.064	75.8829	966.064	75.0127	966.064	76.0029	966.064	75.3349	966.064	75.7588	966.064	75.1672	966.064	74.4246	966.064	73.6674	966.064	73.3516	966.064	71.7925	966.064	73.9008	966.064	71.9066	966.064	74.4105	966.064	72.4721	966.064	72.7741	966.064	71.2913
999.756	83.003	999.756	83.6888	999.756	82.1519	999.756	83.9043	999.756	81.562	999.756	83.1026	999.756	81.1596	999.756	81.3178	999.756	80.6599	999.756	79.7463	999.756	80.2671	999.756	78.3517	999.756	79.9475	999.756	76.0737	999.756	79.2531	999.756	73.7834	999.756	77.8272	999.756	74.2466	999.756	76.2047	999.756	76.2765	999.756	75.8052	999.756	77.2046	999.756	75.7915	999.756	76.276	999.756	74.6735	999.756	74.3724	999.756	73.829	999.756	73.5162	999.756	74.4767	999.756	73.4067	999.756	74.6543	999.756	72.6223	999.756	73.0154	999.756	71.6058	999.756	71.0167	999.756	71.0095
1034.91	82.6698	1034.91	83.3941	1034.91	81.5492	1034.91	83.8281	1034.91	80.4727	1034.91	83.6366	1034.91	80.0253	1034.91	82.4126	1034.91	79.7609	1034.91	80.5984	1034.91	79.42	1034.91	78.6168	1034.91	79.2247	1034.91	75.9546	1034.91	78.9401	1034.91	72.6381	1034.91	78.2687	1034.91	69.7451	1034.91	77.5851	1034.91	69.8245	1034.91	77.0196	1034.91	73.2585	1034.91	76.3543	1034.91	75.3959	1034.91	75.6037	1034.91	75.2463	1034.91	73.4712	1034.91	73.4237	1034.91	72.1165	1034.91	71.5359	1034.91	73.4156	1034.91	71.569	1034.91	72.9205	1034.91	71.8839	1034.91	70.5329	1034.91	69.8804
1071.53	82.9189	1071.53	83.8162	1071.53	82.0069	1071.53	84.2136	1071.53	81.6704	1071.53	83.92	1071.53	81.1371	1071.53	82.6254	1071.53	80.6123	1071.53	80.8157	1071.53	80.3109	1071.53	78.9978	1071.53	79.8014	1071.53	76.8762	1071.53	79.1683	1071.53	74.4539	1071.53	78.1658	1071.53	71.8876	1071.53	76.8823	1071.53	69.5408	1071.53	77.0915	1071.53	70.2407	1071.53	77.7267	1071.53	72.6709	1071.53	76.2421	1071.53	73.8683	1071.53	73.7197	1071.53	74.0292	1071.53	71.2556	1071.53	73.0594	1071.53	71.417	1071.53	71.7968	1071.53	72.6425	1071.53	71.9298	1071.53	70.8074	1071.53	71.853
1109.62	82.9103	1109.62	83.6153	1109.62	82.2023	1109.62	84.19	1109.62	81.6796	1109.62	84.1713	1109.62	81.5921	1109.62	82.9616	1109.62	81.0043	1109.62	80.9046	1109.62	79.8333	1109.62	79.5337	1109.62	79.1474	1109.62	78.1661	1109.62	79.1137	1109.62	75.9541	1109.62	78.6581	1109.62	75.5623	1109.62	76.7167	1109.62	75.7171	1109.62	74.1626	1109.62	73.5872	1109.62	75.0951	1109.62	70.504	1109.62	76.08	1109.62	72.5987	1109.62	74.2932	1109.62	73.4874	1109.62	72.9796	1109.62	73.284	1109.62	74.8707	1109.62	73.2901	1109.62	74.1828	1109.62	71.676	1109.62	73.6868	1109.62	70.9088
1148.44	83.0731	1148.44	84.0321	1148.44	82.6878	1148.44	84.4938	1148.44	82.2182	1148.44	84.3135	1148.44	81.5635	1148.44	83.4088	1148.44	81.417	1148.44	81.3773	1148.44	81.0207	1148.44	79.6335	1148.44	80.2214	1148.44	78.9708	1148.44	79.4264	1148.44	77.1391	1148.44	78.4302	1148.44	74.8159	1148.44	76.3752	1148.44	76.1737	1148.44	73.4236	1148.44	77.2764	1148.44	74.6866	1148.44	75.3522	1148.44	76.807	1148.44	72.9788	1148.44	76.5812	1148.44	74.0759	1148.44	74.2133	1148.44	74.8972	1148.44	71.1897	1148.44	72.7103	1148.44	73.3262	1148.44	71.0786	1148.44	72.4024	1148.44	71.8639
1189.45	84.3515	1189.45	84.8607	1189.45	82.8272	1189.45	84.381	1189.45	82.3795	1189.45	83.9783	1189.45	82.5286	1189.45	83.0387	1189.45	81.5085	1189.45	81.0243	1189.45	79.7282	1189.45	78.5164	1189.45	79.0435	1189.45	77.1334	1189.45	79.6088	1189.45	76.4087	1189.45	79.208	1189.45	74.2304	1189.45	77.0088	1189.45	73.759	1189.45	75.1003	1189.45	75.9919	1189.45	72.7723	1189.45	75.5855	1189.45	73.1072	1189.45	73.0608	1189.45	75.2386	1189.45	71.6273	1189.45	73.9593	1189.45	72.0119	1189.45	74.5735	1189.45	72.2353	1189.45	73.8555	1189.45	73.2873	1189.45	72.914	1189.45	73.3949
1231.2	84.3407	1231.2	84.8895	1231.2	83.9779	1231.2	84.9127	1231.2	82.8402	1231.2	83.7627	1231.2	82.1135	1231.2	82.7401	1231.2	81.974	1231.2	81.5713	1231.2	81.3249	1231.2	79.1165	1231.2	79.9928	1231.2	76.6311	1231.2	78.9996	1231.2	76.6366	1231.2	78.3333	1231.2	76.0162	1231.2	76.2634	1231.2	73.2416	1231.2	72.4689	1231.2	73.6983	1231.2	71.9534	1231.2	74.9711	1231.2	72.7941	1231.2	74.2397	1231.2	74.3151	1231.2	73.1064	1231.2	74.9493	1231.2	72.0852	1231.2	73.3832	1231.2	71.8117	1231.2	74.2146	1231.2	72.1661	1231.2	73.9444	1231.2	72.2935
1274.41	84.4112	1274.41	85.4463	1274.41	83.5534	1274.41	85.0349	1274.41	83.2122	1274.41	84.0506	1274.41	82.2551	1274.41	82.8913	1274.41	81.0423	1274.41	81.2983	1274.41	79.7366	1274.41	79.5555	1274.41	78.7536	1274.41	76.2115	1274.41	78.6332	1274.41	72.9562	1274.41	79.29	1274.41	72.611	1274.41	78.6806	1274.41	70.1561	1274.41	75.2505	1274.41	69.0389	1274.41	72.4131	1274.41	73.4097	1274.41	71.7954	1274.41	73.5252	1274.41	71.4661	1274.41	71.8952	1274.41	72.3034	1274.41	71.6381	1274.41	72.0051	1274.41	73.2315	1274.41	74.374	1274.41	74.3301	1274.41	71.747	1274.41	72.8437
1319.82	84.6273	1319.82	85.3264	1319.82	83.2973	1319.82	85.4202	1319.82	82.4805	1319.82	84.3824	1319.82	82.636	1319.82	82.7851	1319.82	82.176	1319.82	79.6735	1319.82	81.6669	1319.82	76.5119	1319.82	80.1607	1319.82	74.9388	1319.82	78.5155	1319.82	70.918	1319.82	77.9765	1319.82	73.4039	1319.82	77.2492	1319.82	75.3183	1319.82	75.3868	1319.82	71.9813	1319.82	72.4427	1319.82	70.6848	1319.82	73.0338	1319.82	74.4208	1319.82	73.9782	1319.82	75.4905	1319.82	74.2443	1319.82	72.779	1319.82	74.4232	1319.82	72.3108	1319.82	70.8772	1319.82	73.4954	1319.82	74.2305	1319.82	72.4168
1365.97	84.2379	1365.97	84.8893	1365.97	83.0457	1365.97	85.0559	1365.97	83.1054	1365.97	83.9306	1365.97	82.5774	1365.97	83.1951	1365.97	82.2018	1365.97	81.8973	1365.97	81.5612	1365.97	76.0999	1365.97	79.7981	1365.97	72.6228	1365.97	79.1771	1365.97	66.758	1365.97	79.8535	1365.97	59.3455	1365.97	78.532	1365.97	68.978	1365.97	74.288	1365.97	69.6596	1365.97	73.7389	1365.97	71.2664	1365.97	74.1414	1365.97	74.5114	1365.97	74.4912	1365.97	73.8736	1365.97	73.991	1365.97	71.2743	1365.97	72.3074	1365.97	73.2196	1365.97	73.9437	1365.97	74.8583	1365.97	72.0212	1365.97	73.738
1414.31	84.3513	1414.31	85.2219	1414.31	83.3971	1414.31	85.328	1414.31	81.2764	1414.31	84.8216	1414.31	81.3609	1414.31	83.158	1414.31	82.0843	1414.31	81.4221	1414.31	81.6182	1414.31	79.0948	1414.31	80.6972	1414.31	73.8806	1414.31	78.889	1414.31	68.3884	1414.31	78.7597	1414.31	70.3626	1414.31	80.2969	1414.31	68.6324	1414.31	79.5427	1414.31	57.9703	1414.31	74.6625	1414.31	65.6736	1414.31	68.3521	1414.31	68.4771	1414.31	72.6557	1414.31	73.2946	1414.31	74.5124	1414.31	71.6769	1414.31	71.9117	1414.31	71.3661	1414.31	73.5709	1414.31	75.0174	1414.31	74.9474	1414.31	74.0863
1464.11	85.1499	1464.11	85.5417	1464.11	83.8107	1464.11	85.102	1464.11	82.7034	1464.11	84.2931	1464.11	82.114	1464.11	82.1366	1464.11	81.7268	1464.11	78.8014	1464.11	81.6906	1464.11	75.5173	1464.11	81.0054	1464.11	73.6102	1464.11	79.4382	1464.11	72.4159	1464.11	78.5366	1464.11	69.9036	1464.11	78.8824	1464.11	72.4062	1464.11	78.3602	1464.11	70.6081	1464.11	76.7654	1464.11	62.0961	1464.11	73.5618	1464.11	70.5562	1464.11	73.7026	1464.11	76.8	1464.11	75.0741	1464.11	74.0326	1464.11	72.9787	1464.11	65.5207	1464.11	73.8704	1464.11	69.2192	1464.11	75.7593	1464.11	71.8586
1515.38	84.3353	1515.38	85.5678	1515.38	83.7824	1515.38	85.4296	1515.38	82.9259	1515.38	84.5743	1515.38	82.4631	1515.38	83.1324	1515.38	82.2749	1515.38	80.3421	1515.38	81.7794	1515.38	76.0344	1515.38	81.5143	1515.38	69.3298	1515.38	80.772	1515.38	69.3499	1515.38	77.8565	1515.38	69.3617	1515.38	76.0957	1515.38	70.8182	1515.38	77.3181	1515.38	72.2372	1515.38	77.2825	1515.38	71.0319	1515.38	75.61	1515.38	55.7422	1515.38	77.0641	1515.38	71.4589	1515.38	75.3001	1515.38	72.9396	1515.38	72.5674	1515.38	65.8595	1515.38	66.0594	1515.38	63.4226	1515.38	73.7011	1515.38	71.6765
1568.85	84.8767	1568.85	85.8222	1568.85	83.4276	1568.85	85.2985	1568.85	82.5131	1568.85	83.9116	1568.85	83.096	1568.85	82.2549	1568.85	82.9241	1568.85	79.5643	1568.85	82.129	1568.85	72.8624	1568.85	82.1795	1568.85	71.605	1568.85	80.9834	1568.85	70.5561	1568.85	78.2343	1568.85	64.4582	1568.85	76.781	1568.85	70.9576	1568.85	77.6199	1568.85	40.2257	1568.85	77.5979	1568.85	73.2664	1568.85	74.8312	1568.85	71.0439	1568.85	69.832	1568.85	66.398	1568.85	72.7708	1568.85	71.99	1568.85	70.2893	1568.85	66.8965	1568.85	69.247	1568.85	62.3397	1568.85	71.7679	1568.85	69.4939
1624.51	84.4268	1624.51	85.6328	1624.51	82.46	1624.51	85.8896	1624.51	81.6732	1624.51	83.1115	1624.51	82.8976	1624.51	80.0496	1624.51	83.6736	1624.51	76.2992	1624.51	82.5757	1624.51	74.1375	1624.51	81.0518	1624.51	71.2217	1624.51	80.4038	1624.51	74.7623	1624.51	79.4623	1624.51	65.7518	1624.51	77.2242	1624.51	71.4734	1624.51	78.5121	1624.51	64.3565	1624.51	77.7712	1624.51	65.0079	1624.51	75.2565	1624.51	69.5507	1624.51	66.0718	1624.51	56.7889	1624.51	73.533	1624.51	67.4217	1624.51	67.6052	1624.51	70.3451	1624.51	68.8935	1624.51	65.0033	1624.51	67.7147	1624.51	64.8429
1681.64	84.5023	1681.64	86.0226	1681.64	81.6416	1681.64	85.6865	1681.64	81.1575	1681.64	82.0699	1681.64	83.575	1681.64	77.7707	1681.64	84.5475	1681.64	76.9392	1681.64	84.0072	1681.64	74.224	1681.64	82.0754	1681.64	65.868	1681.64	78.1519	1681.64	70.2957	1681.64	76.0682	1681.64	63.3185	1681.64	76.0621	1681.64	61.8375	1681.64	76.315	1681.64	68.9333	1681.64	78.7847	1681.64	69.657	1681.64	76.8425	1681.64	60.7606	1681.64	73.4053	1681.64	66.1001	1681.64	69.3917	1681.64	67.7925	1681.64	70.8735	1681.64	67.9139	1681.64	66.891	1681.64	67.699	1681.64	65.9733	1681.64	64.8172
1740.97	85.32	1740.97	85.4071	1740.97	82.465	1740.97	83.8367	1740.97	81.0752	1740.97	82.2862	1740.97	83.5493	1740.97	80.1445	1740.97	84.8831	1740.97	75.0521	1740.97	84.3865	1740.97	69.6301	1740.97	82.6677	1740.97	69.0343	1740.97	80.2831	1740.97	72.3881	1740.97	76.4205	1740.97	69.3269	1740.97	77.7757	1740.97	73.4962	1740.97	77.5637	1740.97	61.3201	1740.97	78.0441	1740.97	68.1758	1740.97	76.6872	1740.97	70.3713	1740.97	75.2872	1740.97	59.863	1740.97	73.0925	1740.97	67.7562	1740.97	71.4609	1740.97	68.2396	1740.97	69.8334	1740.97	66.0419	1740.97	68.7446	1740.97	69.3197
1802.49	85.7686	1802.49	86.0086	1802.49	81.9883	1802.49	83.4207	1802.49	80.7158	1802.49	80.9597	1802.49	83.2776	1802.49	78.8299	1802.49	84.7614	1802.49	75.8975	1802.49	84.1167	1802.49	74.8378	1802.49	82.6143	1802.49	70.5104	1802.49	80.4872	1802.49	73.5995	1802.49	76.6398	1802.49	68.6408	1802.49	74.6486	1802.49	72.3526	1802.49	74.3639	1802.49	69.6546	1802.49	74.6788	1802.49	65.3713	1802.49	73.9001	1802.49	70.752	1802.49	71.8343	1802.49	65.3827	1802.49	74.9623	1802.49	62.1056	1802.49	72.0619	1802.49	67.1938	1802.49	69.6464	1802.49	68.2461	1802.49	66.1389	1802.49	67.4164
1866.21	85.4826	1866.21	86.1792	1866.21	81.2271	1866.21	84.2662	1866.21	80.2125	1866.21	81.4093	1866.21	83.442	1866.21	79.2788	1866.21	84.3175	1866.21	73.9536	1866.21	83.9586	1866.21	74.7567	1866.21	81.8588	1866.21	73.5574	1866.21	80.3046	1866.21	73.9013	1866.21	77.9457	1866.21	72.6355	1866.21	73.5572	1866.21	65.3729	1866.21	74.3843	1866.21	69.4818	1866.21	71.9006	1866.21	65.7432	1866.21	73.4748	1866.21	63.8537	1866.21	72.0313	1866.21	64.0296	1866.21	72.7339	1866.21	54.1723	1866.21	70.6743	1866.21	59.7333	1866.21	66.3014	1866.21	70.3634	1866.21	66.6794	1866.21	70.6422
1932.13	84.1052	1932.13	85.1083	1932.13	80.0267	1932.13	84.5405	1932.13	80.7857	1932.13	81.2608	1932.13	83.845	1932.13	77.3892	1932.13	84.4255	1932.13	73.8385	1932.13	83.3028	1932.13	75.1766	1932.13	81.0297	1932.13	74.0859	1932.13	79.1569	1932.13	71.7384	1932.13	77.2741	1932.13	69.1365	1932.13	73.4458	1932.13	68.8151	1932.13	68.9834	1932.13	63.5663	1932.13	71.196	1932.13	67.133	1932.13	73.12	1932.13	64.6722	1932.13	73.9748	1932.13	63.6349	1932.13	68.6628	1932.13	64.0499	1932.13	70.1084	1932.13	64.262	1932.13	66.8257	1932.13	66.2413	1932.13	66.0247	1932.13	70.3032
2000.24	83.8675	2000.24	84.7631	2000.24	79.0048	2000.24	84.3901	2000.24	80.9875	2000.24	81.3951	2000.24	84.6326	2000.24	72.6247	2000.24	84.9527	2000.24	72.0549	2000.24	83.6053	2000.24	72.711	2000.24	80.4642	2000.24	73.922	2000.24	78.8041	2000.24	69.3885	2000.24	78.1915	2000.24	71.1805	2000.24	71.1718	2000.24	68.1821	2000.24	70.0446	2000.24	68.4602	2000.24	63.0752	2000.24	68.6261	2000.24	72.3463	2000.24	65.1319	2000.24	72.4559	2000.24	63.7145	2000.24	72.6377	2000.24	51.8985	2000.24	71.1684	2000.24	67.2581	2000.24	65.7294	2000.24	64.7503	2000.24	65.496	2000.24	70.5424
2070.56	83.5457	2070.56	85.5854	2070.56	76.533	2070.56	83.7778	2070.56	80.4105	2070.56	80.7501	2070.56	84.4994	2070.56	72.649	2070.56	85.2478	2070.56	72.6333	2070.56	83.7326	2070.56	72.2023	2070.56	80.968	2070.56	73.8243	2070.56	76.4322	2070.56	72.7432	2070.56	75.0673	2070.56	71.1935	2070.56	73.8199	2070.56	72.6927	2070.56	70.5534	2070.56	69.1837	2070.56	67.2237	2070.56	69.5007	2070.56	70.2382	2070.56	67.9679	2070.56	70.4127	2070.56	66.1832	2070.56	70.838	2070.56	61.9083	2070.56	69.3215	2070.56	64.8325	2070.56	63.9644	2070.56	66.7796	2070.56	64.368	2070.56	68.0493
2143.8	82.9291	2143.8	85.7947	2143.8	74.0631	2143.8	84.5605	2143.8	81.2407	2143.8	77.9391	2143.8	85.1953	2143.8	68.4365	2143.8	85.1275	2143.8	72.8555	2143.8	83.4034	2143.8	75.9429	2143.8	80.1537	2143.8	75.2308	2143.8	76.124	2143.8	74.3075	2143.8	74.4692	2143.8	71.4052	2143.8	69.2791	2143.8	69.6304	2143.8	70.1179	2143.8	69.1496	2143.8	67.0395	2143.8	68.4349	2143.8	70.2559	2143.8	68.1136	2143.8	68.3219	2143.8	59.7615	2143.8	69.7931	2143.8	62.234	2143.8	66.0427	2143.8	66.5988	2143.8	61.6185	2143.8	69.6324	2143.8	62.7289	2143.8	69.6784
2219.24	82.5094	2219.24	85.9748	2219.24	70.7561	2219.24	85.2671	2219.24	80.8949	2219.24	79.5169	2219.24	85.154	2219.24	62.8791	2219.24	85.5329	2219.24	74.5873	2219.24	82.5507	2219.24	76.665	2219.24	79.0156	2219.24	74.4195	2219.24	73.8719	2219.24	76.1505	2219.24	70.3882	2219.24	75.6026	2219.24	67.7513	2219.24	71.1217	2219.24	64.7052	2219.24	66.4152	2219.24	66.1047	2219.24	67.2588	2219.24	67.7529	2219.24	68.3098	2219.24	65.0634	2219.24	64.4883	2219.24	68.0666	2219.24	58.1434	2219.24	63.6403	2219.24	66.7812	2219.24	56.3428	2219.24	70.3625	2219.24	53.231	2219.24	65.9273
2297.61	82.605	2297.61	85.7728	2297.61	69.6089	2297.61	84.7235	2297.61	81.1155	2297.61	80.0581	2297.61	85.0024	2297.61	50.7098	2297.61	85.1985	2297.61	74.425	2297.61	82.5671	2297.61	76.9703	2297.61	77.9908	2297.61	76.1788	2297.61	73.4642	2297.61	75.6828	2297.61	67.3536	2297.61	72.2789	2297.61	52.6823	2297.61	71.8983	2297.61	58.0993	2297.61	71.0082	2297.61	59.033	2297.61	68.3049	2297.61	64.0834	2297.61	69.2325	2297.61	62.3982	2297.61	68.3311	2297.61	67.4318	2297.61	63.9859	2297.61	65.1786	2297.61	65.9777	2297.61	57.7254	2297.61	70.1829	2297.61	58.2003	2297.61	67.849
2378.17	81.7528	2378.17	86.0722	2378.17	67.2386	2378.17	84.5821	2378.17	81.4305	2378.17	79.091	2378.17	84.8392	2378.17	62.1307	2378.17	84.6523	2378.17	74.8335	2378.17	81.8613	2378.17	77.1625	2378.17	77.2715	2378.17	75.2657	2378.17	71.2501	2378.17	73.7156	2378.17	66.9158	2378.17	71.7947	2378.17	64.5901	2378.17	69.6725	2378.17	54.6683	2378.17	71.5854	2378.17	52.6434	2378.17	69.8725	2378.17	57.186	2378.17	67.7164	2378.17	63.7512	2378.17	66.8842	2378.17	64.5091	2378.17	63.7055	2378.17	66.0505	2378.17	65.5538	2378.17	57.9319	2378.17	69.9352	2378.17	61.3526	2378.17	68.447
2462.4	81.2445	2462.4	86.0084	2462.4	67.7345	2462.4	84.9743	2462.4	82.0381	2462.4	77.8195	2462.4	85.0772	2462.4	68.1987	2462.4	84.1334	2462.4	76.7711	2462.4	81.0982	2462.4	78.6678	2462.4	76.3476	2462.4	76.9542	2462.4	69.5234	2462.4	74.1989	2462.4	59.2676	2462.4	74.9161	2462.4	57.1288	2462.4	69.242	2462.4	58.1758	2462.4	69.1116	2462.4	56.6553	2462.4	68.0764	2462.4	54.4041	2462.4	68.7223	2462.4	62.9665	2462.4	65.0098	2462.4	65.3791	2462.4	62.3306	2462.4	66.813	2462.4	65.3742	2462.4	60.3724	2462.4	69.4177	2462.4	58.7162	2462.4	65.5596
2548.83	81.0428	2548.83	85.4848	2548.83	69.7862	2548.83	85.2005	2548.83	82.4244	2548.83	78.2397	2548.83	85.2137	2548.83	70.765	2548.83	83.7972	2548.83	78.0235	2548.83	79.2575	2548.83	77.6851	2548.83	73.7059	2548.83	77.3387	2548.83	70.2685	2548.83	74.4361	2548.83	66.5004	2548.83	73.1205	2548.83	68.7514	2548.83	71.6691	2548.83	67.295	2548.83	68.4458	2548.83	63.1576	2548.83	67.6422	2548.83	57.2516	2548.83	68.9676	2548.83	62.825	2548.83	69.4255	2548.83	58.7647	2548.83	68.3988	2548.83	66.6872	2548.83	67.9926	2548.83	59.0171	2548.83	68.9648	2548.83	61.8719	2548.83	64.8976
2638.92	81.9211	2638.92	86.3278	2638.92	69.9519	2638.92	84.2649	2638.92	83.3372	2638.92	77.3657	2638.92	85.3687	2638.92	74.0365	2638.92	83.2118	2638.92	78.5457	2638.92	77.984	2638.92	78.7873	2638.92	72.6803	2638.92	76.6624	2638.92	72.5321	2638.92	75.5343	2638.92	65.7381	2638.92	71.8819	2638.92	69.0937	2638.92	67.8195	2638.92	66.0087	2638.92	69.2173	2638.92	70.0018	2638.92	70.0548	2638.92	56.0208	2638.92	68.016	2638.92	62.0548	2638.92	66.209	2638.92	58.5118	2638.92	64.3165	2638.92	67.3276	2638.92	65.9084	2638.92	61.585	2638.92	70.2592	2638.92	58.7009	2638.92	66.9199
2731.93	81.3024	2731.93	86.0862	2731.93	67.9549	2731.93	84.7404	2731.93	83.4122	2731.93	76.5583	2731.93	85.2264	2731.93	74.6059	2731.93	82.2396	2731.93	79.519	2731.93	76.272	2731.93	79.7365	2731.93	69.5904	2731.93	76.7476	2731.93	75.0757	2731.93	74.6553	2731.93	67.7428	2731.93	73.8644	2731.93	66.4439	2731.93	68.4735	2731.93	47.774	2731.93	67.8092	2731.93	70.9974	2731.93	69.473	2731.93	61.3248	2731.93	67.0536	2731.93	59.3266	2731.93	68.7509	2731.93	61.4094	2731.93	67.4424	2731.93	69.1165	2731.93	67.2029	2731.93	60.4319	2731.93	70.1949	2731.93	62.5385	2731.93	67.0791
2828.61	80.5634	2828.61	85.4704	2828.61	70.9458	2828.61	84.138	2828.61	84.2464	2828.61	75.8922	2828.61	85.8359	2828.61	77.3301	2828.61	81.196	2828.61	80.6701	2828.61	74.4059	2828.61	78.8978	2828.61	73.4497	2828.61	75.8111	2828.61	74.9909	2828.61	72.7497	2828.61	71.3156	2828.61	71.7196	2828.61	68.2242	2828.61	69.4784	2828.61	68.3762	2828.61	67.0883	2828.61	66.8158	2828.61	66.2539	2828.61	64.3608	2828.61	66.5037	2828.61	53.2705	2828.61	68.9649	2828.61	58.2917	2828.61	66.3868	2828.61	68.0937	2828.61	65.6782	2828.61	58.9575	2828.61	68.4637	2828.61	55.9605	2828.61	65.3032
2928.22	80.2711	2928.22	85.4452	2928.22	70.2457	2928.22	83.4503	2928.22	84.0651	2928.22	74.431	2928.22	85.8884	2928.22	78.6913	2928.22	80.6908	2928.22	80.2988	2928.22	72.4674	2928.22	78.2841	2928.22	76.6025	2928.22	75.1556	2928.22	75.6081	2928.22	71.7568	2928.22	70.5665	2928.22	70.1005	2928.22	67.3921	2928.22	62.0813	2928.22	70.0058	2928.22	66.1215	2928.22	63.6568	2928.22	69.6216	2928.22	65.8363	2928.22	66.1632	2928.22	61.4548	2928.22	67.6412	2928.22	59.0737	2928.22	64.8344	2928.22	67.4252	2928.22	65.3599	2928.22	62.717	2928.22	67.4091	2928.22	62.2733	2928.22	65.9057
3031.49	79.6988	3031.49	85.8763	3031.49	73.3682	3031.49	83.3782	3031.49	84.1744	3031.49	73.753	3031.49	85.1569	3031.49	79.4821	3031.49	79.4285	3031.49	80.9709	3031.49	71.8466	3031.49	78.7817	3031.49	78.1301	3031.49	76.314	3031.49	76.6705	3031.49	73.8014	3031.49	70.1148	3031.49	73.4975	3031.49	68.8362	3031.49	67.7931	3031.49	72.0955	3031.49	65.965	3031.49	60.1523	3031.49	66.5739	3031.49	64.5839	3031.49	66.3337	3031.49	62.1379	3031.49	68.1575	3031.49	61.4872	3031.49	66.3345	3031.49	66.6909	3031.49	67.8502	3031.49	64.9363	3031.49	67.8643	3031.49	58.7219	3031.49	63.3981
3138.43	79.7147	3138.43	85.8894	3138.43	74.6681	3138.43	83.1499	3138.43	85.1271	3138.43	73.9498	3138.43	84.9783	3138.43	79.7195	3138.43	77.6365	3138.43	81.0312	3138.43	72.8906	3138.43	78.9096	3138.43	79.1954	3138.43	74.8332	3138.43	78.369	3138.43	69.8336	3138.43	73.2464	3138.43	65.8972	3138.43	74.3144	3138.43	67.7295	3138.43	74.1089	3138.43	64.87	3138.43	55.7284	3138.43	64.5047	3138.43	61.3997	3138.43	65.8925	3138.43	59.316	3138.43	67.5654	3138.43	62.3989	3138.43	65.9175	3138.43	62.957	3138.43	66.142	3138.43	63.1115	3138.43	68.3867	3138.43	61.7206	3138.43	64.7505
3249.02	80.0245	3249.02	85.7311	3249.02	75.8256	3249.02	82.5145	3249.02	85.7575	3249.02	74.0001	3249.02	84.7007	3249.02	80.6503	3249.02	75.1194	3249.02	81.0195	3249.02	74.6554	3249.02	77.987	3249.02	79.0538	3249.02	74.0108	3249.02	79.305	3249.02	73.175	3249.02	74.9117	3249.02	71.4323	3249.02	74.0335	3249.02	67.0444	3249.02	74.0031	3249.02	62.2814	3249.02	53.5366	3249.02	66.7242	3249.02	63.1477	3249.02	60.9484	3249.02	60.4066	3249.02	64.5801	3249.02	61.6413	3249.02	66.1229	3249.02	59.9547	3249.02	66.9637	3249.02	66.1124	3249.02	68.1593	3249.02	60.0744	3249.02	64.4589
3363.28	80.2106	3363.28	86.1414	3363.28	76.7425	3363.28	81.4939	3363.28	86.1843	3363.28	72.8928	3363.28	84.3716	3363.28	81.7549	3363.28	73.0245	3363.28	80.7386	3363.28	76.2135	3363.28	77.7231	3363.28	80.2731	3363.28	74.8964	3363.28	79.3517	3363.28	69.2421	3363.28	73.0155	3363.28	65.959	3363.28	75.7855	3363.28	67.2477	3363.28	75.85	3363.28	64.9099	3363.28	57.043	3363.28	60.0456	3363.28	63.4116	3363.28	64.1744	3363.28	60.1277	3363.28	64.7849	3363.28	61.2475	3363.28	63.4329	3363.28	61.0921	3363.28	65.8202	3363.28	64.6455	3363.28	66.0414	3363.28	58.4364	3363.28	65.6137
3481.93	81.3333	3481.93	86.0193	3481.93	76.0729	3481.93	80.7967	3481.93	86.0002	3481.93	75.3428	3481.93	84.3917	3481.93	81.9604	3481.93	72.4079	3481.93	80.7495	3481.93	76.3253	3481.93	76.872	3481.93	80.2331	3481.93	73.9718	3481.93	78.931	3481.93	69.5335	3481.93	71.6745	3481.93	69.2302	3481.93	75.0504	3481.93	68.9997	3481.93	74.4224	3481.93	62.1854	3481.93	65.9309	3481.93	60.8958	3481.93	62.7746	3481.93	60.3603	3481.93	59.0196	3481.93	64.1901	3481.93	55.9606	3481.93	63.383	3481.93	59.2933	3481.93	66.4413	3481.93	65.8558	3481.93	66.272	3481.93	59.204	3481.93	65.5502
3604.98	82.472	3604.98	86.3332	3604.98	75.0583	3604.98	77.9315	3604.98	86.1064	3604.98	77.6394	3604.98	84.2659	3604.98	81.9355	3604.98	72.4687	3604.98	79.2025	3604.98	75.0699	3604.98	74.6443	3604.98	79.2124	3604.98	72.146	3604.98	77.4559	3604.98	68.3975	3604.98	71.3181	3604.98	63.9795	3604.98	73.0486	3604.98	68.4029	3604.98	69.8223	3604.98	57.0423	3604.98	69.8867	3604.98	59.1095	3604.98	58.1581	3604.98	54.9284	3604.98	60.8027	3604.98	60.368	3604.98	58.4972	3604.98	65.103	3604.98	60.2449	3604.98	65.7425	3604.98	65.5501	3604.98	66.2454	3604.98	57.2465	3604.98	63.8359
3732.42	83.2434	3732.42	85.0476	3732.42	70.4979	3732.42	73.5085	3732.42	85.3069	3732.42	79.9542	3732.42	83.5188	3732.42	81.8727	3732.42	71.9498	3732.42	78.0622	3732.42	75.1755	3732.42	73.2544	3732.42	77.9757	3732.42	71.4078	3732.42	77.6665	3732.42	69.3723	3732.42	74.137	3732.42	69.8044	3732.42	72.0788	3732.42	67.9368	3732.42	64.707	3732.42	60.327	3732.42	71.2844	3732.42	62.1	3732.42	59.4658	3732.42	49.5126	3732.42	64.0736	3732.42	61.9777	3732.42	55.863	3732.42	64.6918	3732.42	57.8271	3732.42	62.7225	3732.42	65.8661	3732.42	64.7403	3732.42	55.0783	3732.42	63.7021
3863.53	83.1234	3863.53	84.0052	3863.53	70.0189	3863.53	72.0734	3863.53	84.1352	3863.53	80.7548	3863.53	82.6952	3863.53	80.9257	3863.53	73.639	3863.53	76.3395	3863.53	74.2965	3863.53	72.9292	3863.53	77.0297	3863.53	72.3638	3863.53	75.9804	3863.53	72.1628	3863.53	73.8369	3863.53	69.0782	3863.53	74.0203	3863.53	70.1031	3863.53	71.593	3863.53	58.9691	3863.53	71.479	3863.53	63.4788	3863.53	59.1467	3863.53	58.9425	3863.53	63.6764	3863.53	57.8116	3863.53	55.5569	3863.53	63.2966	3863.53	62.7153	3863.53	65.0378	3863.53	62.7868	3863.53	65.8805	3863.53	51.7402	3863.53	65.5867
3999.76	83.1775	3999.76	82.7553	3999.76	72.3552	3999.76	74.397	3999.76	83.1808	3999.76	81.0077	3999.76	81.608	3999.76	80.3245	3999.76	73.9768	3999.76	76.0887	3999.76	75.8774	3999.76	75.5675	3999.76	78.3457	3999.76	73.8987	3999.76	78.3636	3999.76	71.4333	3999.76	75.5089	3999.76	69.5482	3999.76	71.2854	3999.76	66.8266	3999.76	74.0631	3999.76	61.5365	3999.76	69.0722	3999.76	62.9272	3999.76	61.6824	3999.76	61.3023	3999.76	63.852	3999.76	65.9661	3999.76	57.954	3999.76	66.822	3999.76	59.959	3999.76	65.3445	3999.76	62.818	3999.76	65.2822	3999.76	55.5359	3999.76	64.5122
4141.11	81.6011	4141.11	80.4425	4141.11	76.5327	4141.11	76.9332	4141.11	81.6028	4141.11	80.3609	4141.11	80.783	4141.11	78.7639	4141.11	76.1901	4141.11	76.6326	4141.11	74.5747	4141.11	77.3565	4141.11	78.5555	4141.11	74.2616	4141.11	79.6713	4141.11	71.6739	4141.11	78.0553	4141.11	70.6591	4141.11	69.9624	4141.11	67.8501	4141.11	72.5001	4141.11	62.3437	4141.11	66.7672	4141.11	62.943	4141.11	65.0032	4141.11	61.6794	4141.11	66.0969	4141.11	63.9682	4141.11	59.9926	4141.11	61.3659	4141.11	58.5822	4141.11	63.2378	4141.11	63.1874	4141.11	64.6604	4141.11	60.5972	4141.11	62.9515
4286.87	80.438	4286.87	80.6666	4286.87	78.2125	4286.87	77.0014	4286.87	80.9568	4286.87	79.4151	4286.87	79.1933	4286.87	77.0603	4286.87	78.3665	4286.87	78.4578	4286.87	76.4071	4286.87	76.5108	4286.87	77.9741	4286.87	72.7109	4286.87	78.1987	4286.87	65.464	4286.87	78.0929	4286.87	66.0718	4286.87	70.1731	4286.87	64.7738	4286.87	70.2474	4286.87	55.7429	4286.87	63.3067	4286.87	57.9642	4286.87	67.0303	4286.87	56.5468	4286.87	62.4777	4286.87	62.2337	4286.87	56.5593	4286.87	63.2003	4286.87	61.7304	4286.87	65.5143	4286.87	58.879	4286.87	64.5687	4286.87	60.8297	4286.87	62.04
4438.48	80.1648	4438.48	81.6583	4438.48	79.3973	4438.48	77.0164	4438.48	80.9833	4438.48	79.3487	4438.48	77.2734	4438.48	76.9963	4438.48	78.5548	4438.48	78.3554	4438.48	77.2431	4438.48	75.8822	4438.48	77.5332	4438.48	67.1401	4438.48	77.163	4438.48	68.9041	4438.48	77.0382	4438.48	67.2628	4438.48	72.7201	4438.48	61.3211	4438.48	69.0998	4438.48	63.5853	4438.48	58.3557	4438.48	61.6828	4438.48	66.2883	4438.48	59.6804	4438.48	58.6998	4438.48	58.3201	4438.48	59.4186	4438.48	61.2635	4438.48	60.9195	4438.48	61.2018	4438.48	60.1912	4438.48	62.96	4438.48	60.0519	4438.48	62.2849
4594.48	80.9422	4594.48	81.5041	4594.48	79.7875	4594.48	77.9249	4594.48	81.9139	4594.48	79.4411	4594.48	76.6705	4594.48	78.0448	4594.48	78.4143	4594.48	77.9896	4594.48	75.2494	4594.48	73.7507	4594.48	77.7471	4594.48	67.3307	4594.48	77.866	4594.48	62.163	4594.48	74.2253	4594.48	71.4939	4594.48	68.042	4594.48	63.3032	4594.48	62.5548	4594.48	65.3555	4594.48	52.9021	4594.48	64.6651	4594.48	49.1154	4594.48	64.9157	4594.48	59.1826	4594.48	59.1625	4594.48	59.7777	4594.48	59.6382	4594.48	62.4505	4594.48	59.8927	4594.48	59.5199	4594.48	63.6974	4594.48	58.4902	4594.48	61.467
4757.08	81.351	4757.08	81.4447	4757.08	79.0093	4757.08	79.3252	4757.08	82.1875	4757.08	79.3044	4757.08	77.0403	4757.08	79.6518	4757.08	79.5938	4757.08	77.7048	4757.08	75.7763	4757.08	74.9445	4757.08	76.027	4757.08	69.4124	4757.08	78.1544	4757.08	70.4823	4757.08	66.2196	4757.08	69.4315	4757.08	62.7621	4757.08	58.2266	4757.08	53.7157	4757.08	67.1571	4757.08	43.865	4757.08	62.6607	4757.08	57.0766	4757.08	67.0441	4757.08	62.5054	4757.08	61.4543	4757.08	59.3769	4757.08	61.3135	4757.08	63.2473	4757.08	59.7986	4757.08	53.3377	4757.08	64.9914	4757.08	60.2266	4757.08	60.1225
4924.8	82.1651	4924.8	81.4277	4924.8	79.643	4924.8	79.6368	4924.8	82.0677	4924.8	79.1606	4924.8	77.2134	4924.8	79.8477	4924.8	79.2414	4924.8	77.6194	4924.8	75.5807	4924.8	74.7922	4924.8	74.8452	4924.8	71.3078	4924.8	78.7265	4924.8	66.886	4924.8	70.7462	4924.8	73.8638	4924.8	73.3603	4924.8	59.7905	4924.8	65.2602	4924.8	68.6573	4924.8	55.2986	4924.8	64.7798	4924.8	63.6069	4924.8	69.5391	4924.8	61.6207	4924.8	62.6086	4924.8	60.9775	4924.8	61.2166	4924.8	65.5583	4924.8	59.9472	4924.8	57.2393	4924.8	65.578	4924.8	61.946	4924.8	60.7654
5098.39	82.1463	5098.39	80.7474	5098.39	78.5043	5098.39	80.655	5098.39	83.0817	5098.39	79.4625	5098.39	79.1271	5098.39	80.0433	5098.39	79.6303	5098.39	77.5187	5098.39	77.6899	5098.39	75.8853	5098.39	74.2239	5098.39	73.4036	5098.39	77.8204	5098.39	70.5699	5098.39	71.6029	5098.39	71.8195	5098.39	73.9539	5098.39	59.5957	5098.39	68.4014	5098.39	67.871	5098.39	52.9528	5098.39	59.5224	5098.39	65.2131	5098.39	68.3755	5098.39	50.6985	5098.39	62.4308	5098.39	62.9765	5098.39	59.1199	5098.39	63.6791	5098.39	61.1532	5098.39	58.066	5098.39	63.9709	5098.39	57.6364	5098.39	58.2191
5277.83	81.848	5277.83	81.7389	5277.83	80.0424	5277.83	80.6688	5277.83	82.22	5277.83	79.5051	5277.83	79.8884	5277.83	80.0643	5277.83	79.9914	5277.83	77.1731	5277.83	78.3827	5277.83	76.1763	5277.83	72.5233	5277.83	72.6073	5277.83	76.5878	5277.83	69.4052	5277.83	74.002	5277.83	72.3761	5277.83	72.2247	5277.83	52.2944	5277.83	59.228	5277.83	67.7067	5277.83	59.859	5277.83	60.1807	5277.83	65.9317	5277.83	67.2794	5277.83	55.0528	5277.83	62.7458	5277.83	57.5782	5277.83	60.0682	5277.83	62.3352	5277.83	61.2484	5277.83	57.8591	5277.83	64.2749	5277.83	57.8035	5277.83	57.615
5463.87	82.2001	5463.87	82.1194	5463.87	80.0725	5463.87	80.5958	5463.87	83.3049	5463.87	80.3888	5463.87	78.8126	5463.87	79.6632	5463.87	80.4318	5463.87	77.7332	5463.87	79.2045	5463.87	76.9882	5463.87	68.5788	5463.87	74.1114	5463.87	77.8901	5463.87	71.5935	5463.87	72.4292	5463.87	70.8843	5463.87	74.1076	5463.87	60.7397	5463.87	69.1345	5463.87	67.3089	5463.87	64.402	5463.87	57.4848	5463.87	62.0705	5463.87	67.3168	5463.87	60.4168	5463.87	60.4876	5463.87	56.7806	5463.87	57.0659	5463.87	62.6902	5463.87	60.5879	5463.87	58.1266	5463.87	63.4334	5463.87	59.7574	5463.87	59.5244
5656.49	82.781	5656.49	81.5559	5656.49	78.9142	5656.49	82.1301	5656.49	83.5876	5656.49	80.4024	5656.49	80.3863	5656.49	80.271	5656.49	79.5517	5656.49	78.843	5656.49	79.2825	5656.49	76.7437	5656.49	72.032	5656.49	73.0744	5656.49	76.7695	5656.49	71.5707	5656.49	72.7719	5656.49	71.1878	5656.49	71.0953	5656.49	60.2652	5656.49	70.6517	5656.49	67.3305	5656.49	63.6874	5656.49	57.9903	5656.49	58.3203	5656.49	67.6019	5656.49	62.8727	5656.49	61.8425	5656.49	53.9527	5656.49	59.7698	5656.49	61.1743	5656.49	60.4949	5656.49	58.2364	5656.49	64.0013	5656.49	59.4843	5656.49	56.4779
5856.45	83.0001	5856.45	82.345	5856.45	80.7975	5856.45	82.9706	5856.45	83.9357	5856.45	80.885	5856.45	81.2311	5856.45	80.8718	5856.45	79.2449	5856.45	78.9184	5856.45	79.9817	5856.45	77.1484	5856.45	75.0216	5856.45	74.7372	5856.45	77.0646	5856.45	69.9506	5856.45	72.7644	5856.45	71.1907	5856.45	68.0575	5856.45	64.5582	5856.45	67.9849	5856.45	66.3916	5856.45	44.9971	5856.45	55.6414	5856.45	64.5531	5856.45	66.3218	5856.45	61.8115	5856.45	59.2014	5856.45	52.0255	5856.45	61.0173	5856.45	61.4949	5856.45	62.015	5856.45	56.7801	5856.45	63.2352	5856.45	60.5359	5856.45	54.4199
6062.99	83.9208	6062.99	82.9047	6062.99	81.8836	6062.99	83.3537	6062.99	84.3072	6062.99	81.5125	6062.99	82.0176	6062.99	80.754	6062.99	79.2837	6062.99	79.5766	6062.99	80.4276	6062.99	76.9393	6062.99	77.224	6062.99	72.6336	6062.99	76.2927	6062.99	70.8723	6062.99	72.5906	6062.99	69.0777	6062.99	69.0965	6062.99	62.6787	6062.99	63.2243	6062.99	66.0425	6062.99	60.3454	6062.99	59.7282	6062.99	61.3788	6062.99	62.8296	6062.99	56.2385	6062.99	52.8947	6062.99	53.7693	6062.99	57.9799	6062.99	60.3759	6062.99	58.5356	6062.99	50.356	6062.99	60.7295	6062.99	58.7497	6062.99	59.1287
6276.86	84.1506	6276.86	83.5206	6276.86	83.0814	6276.86	84.0666	6276.86	84.7174	6276.86	81.935	6276.86	82.4581	6276.86	81.177	6276.86	79.0938	6276.86	79.8078	6276.86	80.0258	6276.86	76.4368	6276.86	76.3391	6276.86	73.7708	6276.86	75.944	6276.86	72.5627	6276.86	73.6543	6276.86	69.0421	6276.86	72.3874	6276.86	66.953	6276.86	67.0139	6276.86	65.1437	6276.86	65.5066	6276.86	58.7097	6276.86	58.4487	6276.86	64.4369	6276.86	58.9211	6276.86	56.0343	6276.86	48.6024	6276.86	56.046	6276.86	62.5889	6276.86	59.6401	6276.86	55.6363	6276.86	61.0655	6276.86	54.6154	6276.86	58.6718
6498.05	84.4644	6498.05	84.1672	6498.05	83.3127	6498.05	84.1094	6498.05	84.9463	6498.05	82.4864	6498.05	83.0039	6498.05	80.7431	6498.05	78.8876	6498.05	79.5075	6498.05	79.1208	6498.05	76.1619	6498.05	75.9249	6498.05	74.2563	6498.05	75.4343	6498.05	71.1888	6498.05	75.2885	6498.05	67.8036	6498.05	67.4348	6498.05	65.2255	6498.05	65.368	6498.05	64.6276	6498.05	64.4475	6498.05	59.7049	6498.05	56.9076	6498.05	62.9831	6498.05	59.6032	6498.05	45.9279	6498.05	53.8514	6498.05	53.6022	6498.05	57.6065	6498.05	56.5665	6498.05	52.0688	6498.05	59.1209	6498.05	56.7127	6498.05	59.0444
6727.29	84.4781	6727.29	84.374	6727.29	84.1174	6727.29	84.2811	6727.29	84.959	6727.29	82.4108	6727.29	83.1426	6727.29	81.11	6727.29	79.3225	6727.29	79.3661	6727.29	77.9403	6727.29	76.2916	6727.29	75.0158	6727.29	72.7024	6727.29	72.61	6727.29	69.2786	6727.29	72.8206	6727.29	62.3063	6727.29	62.7412	6727.29	65.0923	6727.29	63.6324	6727.29	62.7161	6727.29	62.5324	6727.29	58.7653	6727.29	55.3476	6727.29	62.7254	6727.29	59.3083	6727.29	41.3573	6727.29	56.1465	6727.29	51.4533	6727.29	61.6606	6727.29	52.7409	6727.29	52.6686	6727.29	58.9279	6727.29	56.639	6727.29	57.3911
6964.6	85.0796	6964.6	84.4302	6964.6	84.1096	6964.6	84.2117	6964.6	84.5742	6964.6	82.465	6964.6	83.3804	6964.6	81.3146	6964.6	80.8269	6964.6	79.6815	6964.6	79.5298	6964.6	76.0995	6964.6	73.6017	6964.6	71.4655	6964.6	69.7169	6964.6	70.4061	6964.6	72.9124	6964.6	66.0423	6964.6	63.3566	6964.6	65.5499	6964.6	47.5377	6964.6	62.6025	6964.6	54.9236	6964.6	59.8697	6964.6	60.7811	6964.6	59.27	6964.6	41.2554	6964.6	53.9894	6964.6	56.9008	6964.6	34.5846	6964.6	56.6985	6964.6	47.272	6964.6	45.4892	6964.6	58.9112	6964.6	54.3295	6964.6	52.6123
7209.96	84.7817	7209.96	83.9979	7209.96	84.3921	7209.96	84.3453	7209.96	84.4811	7209.96	81.9585	7209.96	83.2604	7209.96	80.9397	7209.96	81.2361	7209.96	79.975	7209.96	80.0669	7209.96	75.3041	7209.96	69.1335	7209.96	73.9328	7209.96	63.6428	7209.96	68.3156	7209.96	74.1857	7209.96	61.54	7209.96	68.1451	7209.96	66.0569	7209.96	63.2295	7209.96	61.833	7209.96	60.8358	7209.96	57.6974	7209.96	57.8066	7209.96	62.0517	7209.96	50.3206	7209.96	52.4733	7209.96	50.4948	7209.96	50.7842	7209.96	56.4115	7209.96	46.9353	7209.96	51.8522	7209.96	58.1652	7209.96	54.3998	7209.96	52.9801
7464.11	85.0745	7464.11	84.3092	7464.11	84.2006	7464.11	84.0234	7464.11	83.9429	7464.11	82.1465	7464.11	83.0284	7464.11	81.0661	7464.11	80.35	7464.11	79.5996	7464.11	78.5519	7464.11	74.9565	7464.11	71.22	7464.11	72.3125	7464.11	69.1908	7464.11	71.0055	7464.11	75.1151	7464.11	64.383	7464.11	64.1412	7464.11	65.6444	7464.11	58.0418	7464.11	60.3892	7464.11	56.5707	7464.11	59.9411	7464.11	55.3981	7464.11	57.5087	7464.11	54.5978	7464.11	57.0855	7464.11	47.9823	7464.11	42.8059	7464.11	53.6251	7464.11	44.9703	7464.11	36.0544	7464.11	56.7091	7464.11	50.203	7464.11	50.1823
7727.78	84.7779	7727.78	83.9334	7727.78	83.774	7727.78	83.8763	7727.78	83.7435	7727.78	81.7898	7727.78	83.0436	7727.78	81.1059	7727.78	80.449	7727.78	78.8693	7727.78	79.308	7727.78	75.5601	7727.78	72.9722	7727.78	74.4803	7727.78	70.8908	7727.78	71.6986	7727.78	73.2206	7727.78	62.3865	7727.78	64.4012	7727.78	65.3103	7727.78	63.3985	7727.78	61.1444	7727.78	62.6207	7727.78	59.5832	7727.78	52.1667	7727.78	59.9313	7727.78	54.7827	7727.78	55.7688	7727.78	51.2582	7727.78	37.8417	7727.78	52.7841	7727.78	46.4207	7727.78	46.8018	7727.78	56.8898	7727.78	52.5906	7727.78	48.2756
8000.24	84.6823	8000.24	83.523	8000.24	83.9867	8000.24	83.5384	8000.24	83.2166	8000.24	81.2526	8000.24	82.6669	8000.24	80.7325	8000.24	80.5988	8000.24	78.1556	8000.24	79.2494	8000.24	75.7175	8000.24	75.4289	8000.24	74.2284	8000.24	70.8471	8000.24	68.0566	8000.24	73.4538	8000.24	58.0994	8000.24	66.1762	8000.24	64.5347	8000.24	62.4389	8000.24	58.3277	8000.24	57.8801	8000.24	58.273	8000.24	42.7226	8000.24	57.6496	8000.24	57.248	8000.24	55.1055	8000.24	52.6777	8000.24	39.8631	8000.24	48.6602	8000.24	44.72	8000.24	49.7755	8000.24	53.9035	8000.24	50.9671	8000.24	51.6037
8282.23	84.8527	8282.23	83.4854	8282.23	83.8311	8282.23	82.6218	8282.23	82.801	8282.23	81.6914	8282.23	82.5587	8282.23	79.9579	8282.23	80.7324	8282.23	78.6648	8282.23	78.8807	8282.23	76.1452	8282.23	76.3174	8282.23	71.6071	8282.23	70.4147	8282.23	67.6667	8282.23	71.6573	8282.23	59.8729	8282.23	60.8773	8282.23	61.2015	8282.23	62.233	8282.23	57.8792	8282.23	53.3491	8282.23	60.0383	8282.23	49.8517	8282.23	52.2041	8282.23	49.5854	8282.23	58.6667	8282.23	49.705	8282.23	43.7369	8282.23	51.7745	8282.23	50.0813	8282.23	44.0364	8282.23	54.068	8282.23	51.26	8282.23	46.333
8574.46	84.4264	8574.46	83.3774	8574.46	83.624	8574.46	82.2579	8574.46	82.7919	8574.46	82.0003	8574.46	82.4671	8574.46	79.7999	8574.46	80.3839	8574.46	78.9871	8574.46	77.7643	8574.46	75.554	8574.46	76.849	8574.46	72.2535	8574.46	67.922	8574.46	67.764	8574.46	70.1741	8574.46	67.3546	8574.46	56.3235	8574.46	61.2183	8574.46	64.2459	8574.46	57.9723	8574.46	64.5822	8574.46	58.7906	8574.46	47.4652	8574.46	50.7432	8574.46	48.7452	8574.46	58.8096	8574.46	49.5847	8574.46	44.5736	8574.46	52.6544	8574.46	54.8712	8574.46	35.9319	8574.46	54.4842	8574.46	46.5738	8574.46	50.9712
8876.22	84.2084	8876.22	83.2039	8876.22	83.2353	8876.22	82.2206	8876.22	82.5023	8876.22	81.7706	8876.22	82.2452	8876.22	79.7233	8876.22	80.9384	8876.22	79.5017	8876.22	76.926	8876.22	75.0069	8876.22	76.8042	8876.22	71.7358	8876.22	65.0755	8876.22	66.4803	8876.22	72.8821	8876.22	67.3271	8876.22	60.967	8876.22	64.5002	8876.22	58.8912	8876.22	58.8222	8876.22	62.1576	8876.22	58.114	8876.22	55.7848	8876.22	57.0448	8876.22	57.4236	8876.22	57.6555	8876.22	53.6435	8876.22	35.2538	8876.22	45.5624	8876.22	53.6548	8876.22	38.5559	8876.22	51.4474	8876.22	47.9186	8876.22	47.5597
9189.7	84.3247	9189.7	82.7945	9189.7	82.8439	9189.7	81.8143	9189.7	82.3131	9189.7	81.5159	9189.7	81.7542	9189.7	79.5239	9189.7	80.5402	9189.7	79.331	9189.7	76.536	9189.7	75.3859	9189.7	76.1553	9189.7	71.6707	9189.7	66.4333	9189.7	69.1992	9189.7	71.5667	9189.7	65.7767	9189.7	64.1909	9189.7	60.7857	9189.7	63.0937	9189.7	58.5048	9189.7	52.1963	9189.7	58.2078	9189.7	53.4919	9189.7	55.7746	9189.7	53.7134	9189.7	57.4963	9189.7	54.4414	9189.7	42.5687	9189.7	50.5968	9189.7	53.2389	9189.7	41.72	9189.7	53.4367	9189.7	51.03	9189.7	48.5447
9513.43	84.1334	9513.43	82.4533	9513.43	82.8243	9513.43	81.5726	9513.43	82.115	9513.43	80.6663	9513.43	81.5563	9513.43	79.6353	9513.43	80.6799	9513.43	77.3045	9513.43	78.1579	9513.43	74.465	9513.43	75.1636	9513.43	71.7595	9513.43	67.0225	9513.43	65.309	9513.43	68.8793	9513.43	64.0548	9513.43	63.3289	9513.43	58.3005	9513.43	63.4079	9513.43	56.2059	9513.43	55.5224	9513.43	51.9668	9513.43	48.1297	9513.43	47.5764	9513.43	45.7057	9513.43	58.0108	9513.43	49.1486	9513.43	45.6912	9513.43	37.6488	9513.43	52.0204	9513.43	43.0035	9513.43	52.4287	9513.43	50.1299	9513.43	46.9026
9848.88	83.5817	9848.88	82.2029	9848.88	82.6315	9848.88	81.5043	9848.88	81.9246	9848.88	79.9921	9848.88	81.4529	9848.88	78.8402	9848.88	80.2996	9848.88	76.9649	9848.88	78.0161	9848.88	74.2358	9848.88	73.1871	9848.88	68.34	9848.88	69.5871	9848.88	65.6746	9848.88	70.6625	9848.88	64.4915	9848.88	59.129	9848.88	56.7662	9848.88	63.0528	9848.88	51.7397	9848.88	53.5986	9848.88	55.9974	9848.88	51.4963	9848.88	41.6575	9848.88	33.2912	9848.88	58.3044	9848.88	53.1701	9848.88	46.1196	9848.88	49.1786	9848.88	51.1752	9848.88	39.6582	9848.88	49.2818	9848.88	50.1313	9848.88	48.2713
10196.8	83.392	10196.8	82.1826	10196.8	82.1541	10196.8	81.3345	10196.8	81.7541	10196.8	80.0177	10196.8	81.0115	10196.8	78.627	10196.8	79.721	10196.8	77.0133	10196.8	77.7421	10196.8	73.8069	10196.8	72.4337	10196.8	69.0424	10196.8	70.2747	10196.8	64.3127	10196.8	68.1042	10196.8	66.9997	10196.8	66.0749	10196.8	53.8417	10196.8	61.1925	10196.8	53.5831	10196.8	36.2397	10196.8	57.0352	10196.8	53.8457	10196.8	47.2641	10196.8	41.3214	10196.8	58.8606	10196.8	53.5036	10196.8	46.8462	10196.8	49.8322	10196.8	50.326	10196.8	34.8246	10196.8	47.9803	10196.8	50.6121	10196.8	48.3361
10556.4	83.6456	10556.4	82.5643	10556.4	82.5194	10556.4	81.2941	10556.4	81.618	10556.4	80.2964	10556.4	80.8949	10556.4	77.9315	10556.4	79.7374	10556.4	77.3084	10556.4	77.9056	10556.4	72.7615	10556.4	71.1775	10556.4	68.5717	10556.4	69.9494	10556.4	65.6236	10556.4	67.3671	10556.4	65.8468	10556.4	63.1139	10556.4	51.2265	10556.4	60.4738	10556.4	52.9662	10556.4	45.6182	10556.4	56.3622	10556.4	49.0615	10556.4	50.9468	10556.4	26.7317	10556.4	57.3885	10556.4	53.3132	10556.4	42.9878	10556.4	45.6375	10556.4	50.1447	10556.4	43.2228	10556.4	51.7738	10556.4	52.0185	10556.4	50.0842
10928.5	84.0231	10928.5	83.1454	10928.5	82.8339	10928.5	81.7445	10928.5	81.9574	10928.5	80.6521	10928.5	80.4709	10928.5	78.227	10928.5	79.3984	10928.5	76.5505	10928.5	77.0732	10928.5	72.1825	10928.5	71.5235	10928.5	69.1831	10928.5	68.5051	10928.5	62.5475	10928.5	63.2539	10928.5	65.5973	10928.5	63.0457	10928.5	44.7693	10928.5	59.6002	10928.5	52.8017	10928.5	32.787	10928.5	54.6511	10928.5	50.0312	10928.5	53.069	10928.5	53.1178	10928.5	55.9533	10928.5	53.3873	10928.5	42.726	10928.5	49.1619	10928.5	49.0787	10928.5	42.0131	10928.5	52.2805	10928.5	51.3123	10928.5	48.2847
11313.7	84.7943	11313.7	83.8796	11313.7	83.446	11313.7	82.4933	11313.7	82.7575	11313.7	81.4223	11313.7	80.5555	11313.7	78.9587	11313.7	79.4802	11313.7	76.4864	11313.7	76.4708	11313.7	72.0974	11313.7	69.2975	11313.7	67.8411	11313.7	68.4792	11313.7	61.2417	11313.7	56.869	11313.7	64.2837	11313.7	57.7817	11313.7	54.7769	11313.7	58.0199	11313.7	51.5015	11313.7	42.5621	11313.7	55.969	11313.7	46.8305	11313.7	53.255	11313.7	53.3171	11313.7	53.9843	11313.7	51.5818	11313.7	42.2252	11313.7	45.2845	11313.7	51.4426	11313.7	48.1479	11313.7	51.33	11313.7	48.9459	11313.7	49.2469
11712.9	85.4928	11712.9	84.9387	11712.9	84.3771	11712.9	83.4241	11712.9	83.4983	11712.9	81.9146	11712.9	80.998	11712.9	79.2503	11712.9	79.706	11712.9	76.5393	11712.9	74.8701	11712.9	71.9119	11712.9	67.8622	11712.9	67.8516	11712.9	67.3099	11712.9	62.2437	11712.9	49.2885	11712.9	63.358	11712.9	60.709	11712.9	55.7054	11712.9	59.63	11712.9	53.3067	11712.9	50.7592	11712.9	56.3901	11712.9	35.512	11712.9	52.9131	11712.9	50.495	11712.9	53.8551	11712.9	49.5836	11712.9	31.0169	11712.9	46.6447	11712.9	54.0084	11712.9	47.3869	11712.9	51.8932	11712.9	44.5614	11712.9	47.3334
12126	86.4111	12126	85.3397	12126	84.9795	12126	83.9409	12126	84.0968	12126	82.2862	12126	81.1632	12126	79.1941	12126	79.5803	12126	76.8156	12126	74.716	12126	70.5434	12126	66.8518	12126	68.571	12126	67.8285	12126	64.4336	12126	47.3408	12126	61.9595	12126	60.325	12126	57.0329	12126	56.8391	12126	52.7608	12126	54.6556	12126	56.6971	12126	44.5442	12126	51.0394	12126	43.4261	12126	50.1803	12126	55.559	12126	38.8412	12126	44.6453	12126	53.8731	12126	50.6365	12126	51.3943	12126	40.7089	12126	45.4768
12553.7	86.6804	12553.7	85.6654	12553.7	85.4818	12553.7	83.9383	12553.7	84.1268	12553.7	81.8759	12553.7	81.1339	12553.7	77.7252	12553.7	78.693	12553.7	75.8051	12553.7	73.0591	12553.7	69.1072	12553.7	65.5907	12553.7	68.4612	12553.7	67.8648	12553.7	60.9855	12553.7	45.5662	12553.7	61.2789	12553.7	57.892	12553.7	56.5834	12553.7	57.0213	12553.7	53.5555	12553.7	54.8262	12553.7	55.1983	12553.7	45.8282	12553.7	51.5085	12553.7	46.811	12553.7	40.2098	12553.7	56.2707	12553.7	44.1841	12553.7	48.2039	12553.7	55.0515	12553.7	48.9878	12553.7	50.2262	12553.7	47.5017	12553.7	39.4283
12996.1	86.5552	12996.1	85.4142	12996.1	85.3206	12996.1	83.5456	12996.1	83.8296	12996.1	81.3161	12996.1	81.0261	12996.1	76.8944	12996.1	77.8835	12996.1	74.3758	12996.1	73.4103	12996.1	69.303	12996.1	66.2342	12996.1	67.9254	12996.1	69.0671	12996.1	53.9886	12996.1	57.5176	12996.1	59.2932	12996.1	56.8799	12996.1	58.2211	12996.1	55.7141	12996.1	49.3104	12996.1	58.1922	12996.1	52.3343	12996.1	41.4307	12996.1	53.3372	12996.1	47.6352	12996.1	37.871	12996.1	53.7966	12996.1	41.7537	12996.1	42.2448	12996.1	56.0593	12996.1	47.3302	12996.1	49.3613	12996.1	50.7763	12996.1	40.5737
13454.6	85.9313	13454.6	84.6994	13454.6	84.8061	13454.6	82.6276	13454.6	83.2236	13454.6	80.5356	13454.6	80.3528	13454.6	76.2841	13454.6	77.4356	13454.6	73.2028	13454.6	72.2641	13454.6	67.9474	13454.6	67.6277	13454.6	68.5695	13454.6	68.5693	13454.6	44.1439	13454.6	61.5485	13454.6	58.4439	13454.6	56.7839	13454.6	60.1321	13454.6	52.3116	13454.6	45.0607	13454.6	60.7458	13454.6	50.6504	13454.6	41.1488	13454.6	48.8241	13454.6	50.5956	13454.6	40.1053	13454.6	53.8391	13454.6	45.6073	13454.6	45.1131	13454.6	56.6421	13454.6	47.8471	13454.6	47.9624	13454.6	51.6713	13454.6	44.2436
13928.5	85.2283	13928.5	84.127	13928.5	84.2077	13928.5	82.3373	13928.5	82.4939	13928.5	80.3927	13928.5	80.3785	13928.5	76.4702	13928.5	78.1462	13928.5	73.109	13928.5	74.5584	13928.5	63.6317	13928.5	68.3472	13928.5	68.6518	13928.5	67.8848	13928.5	47.9037	13928.5	62.2074	13928.5	50.8733	13928.5	56.5112	13928.5	58.0796	13928.5	57.8763	13928.5	45.3222	13928.5	64.4909	13928.5	50.1177	13928.5	39.4962	13928.5	52.624	13928.5	52.9376	13928.5	48.1096	13928.5	50.0321	13928.5	42.8318	13928.5	45.3389	13928.5	56.3203	13928.5	51.2791	13928.5	49.0063	13928.5	50.4019	13928.5	49.0066
14419.9	84.7087	14419.9	83.7064	14419.9	83.3711	14419.9	82.4031	14419.9	82.4573	14419.9	80.5147	14419.9	79.9613	14419.9	76.8545	14419.9	78.0401	14419.9	74.5652	14419.9	74.6987	14419.9	64.4158	14419.9	69.5336	14419.9	67.9427	14419.9	67.1457	14419.9	55.8416	14419.9	61.9472	14419.9	48.1216	14419.9	46.9068	14419.9	55.428	14419.9	59.5424	14419.9	47.09	14419.9	66.8451	14419.9	47.8786	14419.9	42.2643	14419.9	58.8567	14419.9	52.0628	14419.9	52.0126	14419.9	54.7338	14419.9	35.6236	14419.9	50.4308	14419.9	54.1442	14419.9	55.888	14419.9	49.5763	14419.9	48.3064	14419.9	51.9027
14928.2	84.155	14928.2	83.3932	14928.2	82.8121	14928.2	82.6682	14928.2	81.988	14928.2	80.7551	14928.2	79.5596	14928.2	77.0651	14928.2	77.6634	14928.2	74.7514	14928.2	75.1527	14928.2	67.0811	14928.2	68.8307	14928.2	67.5041	14928.2	68.4898	14928.2	59.0283	14928.2	64.2647	14928.2	51.8411	14928.2	51.2297	14928.2	57.4921	14928.2	55.2144	14928.2	46.0502	14928.2	66.3393	14928.2	42.8255	14928.2	44.8354	14928.2	62.0447	14928.2	44.6129	14928.2	54.3457	14928.2	56.1735	14928.2	45.8433	14928.2	50.4392	14928.2	52.689	14928.2	56.1773	14928.2	49	14928.2	47.9273	14928.2	51.1707
15454.8	85.0172	15454.8	84.2074	15454.8	83.5043	15454.8	83.1749	15454.8	82.3387	15454.8	81.1682	15454.8	79.2036	15454.8	77.2238	15454.8	77.0911	15454.8	74.2949	15454.8	74.689	15454.8	62.2397	15454.8	68.8947	15454.8	67.3933	15454.8	67.1404	15454.8	61.2629	15454.8	65.3095	15454.8	43.9356	15454.8	48.1454	15454.8	57.3223	15454.8	56.8548	15454.8	47.1986	15454.8	66.9613	15454.8	31.3974	15454.8	43.0637	15454.8	58.7701	15454.8	50.3431	15454.8	53.2969	15454.8	54.6575	15454.8	46.6912	15454.8	50.4881	15454.8	53.6107	15454.8	57.1886	15454.8	47.8826	15454.8	49.9673	15454.8	46.9888
15999.8	86.0682	15999.8	85.3948	15999.8	84.6775	15999.8	83.9565	15999.8	82.9746	15999.8	81.8806	15999.8	79.5632	15999.8	77.263	15999.8	77.3753	15999.8	74.2334	15999.8	74.4454	15999.8	58.3547	15999.8	65.975	15999.8	63.1302	15999.8	66.8848	15999.8	64.4324	15999.8	65.004	15999.8	50.1577	15999.8	45.3684	15999.8	53.6391	15999.8	56.1155	15999.8	54.0385	15999.8	67.8105	15999.8	42.7019	15999.8	47.6039	15999.8	59.4986	15999.8	50.4454	15999.8	53.8432	15999.8	51.0301	15999.8	46.8476	15999.8	49.2066	15999.8	54.1686	15999.8	56.7527	15999.8	47.6872	15999.8	42.3906	15999.8	50.8776
16564.5	86.7863	16564.5	86.0705	16564.5	85.1555	16564.5	84.3674	16564.5	83.6391	16564.5	82.1392	16564.5	80.3447	16564.5	76.78	16564.5	77.2175	16564.5	73.8761	16564.5	73.8865	16564.5	61.526	16564.5	65.8484	16564.5	62.3533	16564.5	65.4919	16564.5	63.8319	16564.5	62.7301	16564.5	53.7124	16564.5	54.0185	16564.5	50.3513	16564.5	58.5284	16564.5	54.9883	16564.5	69.6721	16564.5	48.5182	16564.5	50.4087	16564.5	60.9913	16564.5	41.6985	16564.5	55.1874	16564.5	49.4468	16564.5	45.0433	16564.5	50.7895	16564.5	51.6769	16564.5	57.6959	16564.5	47.2077	16564.5	38.6326	16564.5	55.1787
17148.2	87.2762	17148.2	86.3471	17148.2	85.1511	17148.2	84.6001	17148.2	83.8223	17148.2	81.9043	17148.2	80.5421	17148.2	76.6261	17148.2	76.2008	17148.2	73.0202	17148.2	73.1094	17148.2	56.4636	17148.2	66.7144	17148.2	59.513	17148.2	63.4706	17148.2	64.2184	17148.2	63.1517	17148.2	53.5691	17148.2	52.8787	17148.2	50.1824	17148.2	59.218	17148.2	56.184	17148.2	69.81	17148.2	52.2638	17148.2	50.5824	17148.2	61.4535	17148.2	38.0313	17148.2	55.1748	17148.2	43.4026	17148.2	43.0632	17148.2	52.0119	17148.2	49.7415	17148.2	58.7567	17148.2	46.6239	17148.2	43.429	17148.2	57.4414
17753.2	87.7854	17753.2	86.4514	17753.2	85.376	17753.2	84.4865	17753.2	83.8296	17753.2	81.4656	17753.2	79.8997	17753.2	76.0116	17753.2	75.2599	17753.2	72.3211	17753.2	72.2931	17753.2	59.6845	17753.2	66.0144	17753.2	58.1837	17753.2	48.6056	17753.2	64.0117	17753.2	62.1116	17753.2	54.9443	17753.2	55.0542	17753.2	53.2938	17753.2	58.3615	17753.2	57.5144	17753.2	69.9303	17753.2	52.6383	17753.2	50.9761	17753.2	61.3142	17753.2	37.9575	17753.2	53.6359	17753.2	37.2519	17753.2	47.3454	17753.2	51.8858	17753.2	46.8779	17753.2	58.7978	17753.2	42.469	17753.2	46.7582	17753.2	58.5194
18379.4	88.345	18379.4	86.6937	18379.4	85.7531	18379.4	84.4728	18379.4	84.2225	18379.4	81.0731	18379.4	79.4041	18379.4	74.771	18379.4	74.5465	18379.4	71.285	18379.4	71.6136	18379.4	61.4459	18379.4	62.2268	18379.4	61.4031	18379.4	63.389	18379.4	62.4509	18379.4	58.6382	18379.4	54.1016	18379.4	55.9185	18379.4	55.1806	18379.4	59.4193	18379.4	56.8511	18379.4	70.2993	18379.4	51.4971	18379.4	53.0627	18379.4	60.998	18379.4	46.4449	18379.4	54.1879	18379.4	38.7689	18379.4	51.3224	18379.4	50.3346	18379.4	44.9981	18379.4	59.3322	18379.4	40.8195	18379.4	49.8528	18379.4	59.5556
19027.6	89.0947	19027.6	87.086	19027.6	86.2898	19027.6	84.5687	19027.6	84.2518	19027.6	80.2135	19027.6	78.8468	19027.6	73.8355	19027.6	73.5575	19027.6	70.1512	19027.6	71.5996	19027.6	60.4406	19027.6	64.5764	19027.6	63.7952	19027.6	60.9692	19027.6	59.8868	19027.6	58.8733	19027.6	50.6752	19027.6	55.4364	19027.6	57.2123	19027.6	58.7774	19027.6	57.2035	19027.6	70.6725	19027.6	53.2601	19027.6	53.491	19027.6	61.968	19027.6	50.5748	19027.6	54.7061	19027.6	46.4641	19027.6	53.9439	19027.6	47.071	19027.6	46.6882	19027.6	58.8891	19027.6	39.3105	19027.6	51.7475	19027.6	60.1839
19698.5	89.4965	19698.5	87.5186	19698.5	86.4998	19698.5	84.5428	19698.5	84.0622	19698.5	79.1716	19698.5	77.8341	19698.5	73.1005	19698.5	71.9163	19698.5	69.7561	19698.5	71.4299	19698.5	61.3228	19698.5	66.2266	19698.5	64.8773	19698.5	57.2419	19698.5	57.5801	19698.5	58.9297	19698.5	51.7057	19698.5	51.0798	19698.5	57.7068	19698.5	59.162	19698.5	57.3847	19698.5	70.7826	19698.5	53.009	19698.5	52.8053	19698.5	61.6752	19698.5	50.4447	19698.5	54.2285	19698.5	52.2525	19698.5	53.9497	19698.5	40.3859	19698.5	44.8532	19698.5	57.7522	19698.5	46.7745	19698.5	50.1234	19698.5	60.4634
19999.5	89.8229	19999.5	88.0248	19999.5	86.3804	19999.5	84.4268	19999.5	84.062	19999.5	79.0851	19999.5	77.0898	19999.5	71.9884	19999.5	72.2155	19999.5	69.9413	19999.5	71.0074	19999.5	63.5084	19999.5	65.3428	19999.5	67.3544	19999.5	62.7047	19999.5	55.3938	19999.5	58.1142	19999.5	57.6985	19999.5	57.2328	19999.5	58.1798	19999.5	64.6169	19999.5	60.0263	19999.5	71.0034	19999.5	50.8367	19999.5	52.8133	19999.5	62.0997	19999.5	46.8403	19999.5	56.9462	19999.5	58.6262	19999.5	47.8825	19999.5	43.6632	19999.5	50.2485	19999.5	55.7398	19999.5	54.5423	19999.5	50.076	19999.5	59.9286
