"SPL Horizontal"																																																																							
"On-Axis"		"10°"		"-10°"		"20°"		"-20°"		"30°"		"-30°"		"40°"		"-40°"		"50°"		"-50°"		"60°"		"-60°"		"70°"		"-70°"		"80°"		"-80°"		"90°"		"-90°"		"100°"		"-100°"		"110°"		"-110°"		"120°"		"-120°"		"130°"		"-130°"		"140°"		"-140°"		"150°"		"-150°"		"160°"		"-160°"		"170°"		"-170°"		"180°"	
"Frequency / Hz"	"Sound Pressure Level / dB (re 20 µPa)  [2.83V at 1m]"	"Frequency / Hz"	"Sound Pressure Level / dB (re 20 µPa)  [2.83V at 1m]"	"Frequency / Hz"	"Sound Pressure Level / dB (re 20 µPa)  [2.83V at 1m]"	"Frequency / Hz"	"Sound Pressure Level / dB (re 20 µPa)  [2.83V at 1m]"	"Frequency / Hz"	"Sound Pressure Level / dB (re 20 µPa)  [2.83V at 1m]"	"Frequency / Hz"	"Sound Pressure Level / dB (re 20 µPa)  [2.83V at 1m]"	"Frequency / Hz"	"Sound Pressure Level / dB (re 20 µPa)  [2.83V at 1m]"	"Frequency / Hz"	"Sound Pressure Level / dB (re 20 µPa)  [2.83V at 1m]"	"Frequency / Hz"	"Sound Pressure Level / dB (re 20 µPa)  [2.83V at 1m]"	"Frequency / Hz"	"Sound Pressure Level / dB (re 20 µPa)  [2.83V at 1m]"	"Frequency / Hz"	"Sound Pressure Level / dB (re 20 µPa)  [2.83V at 1m]"	"Frequency / Hz"	"Sound Pressure Level / dB (re 20 µPa)  [2.83V at 1m]"	"Frequency / Hz"	"Sound Pressure Level / dB (re 20 µPa)  [2.83V at 1m]"	"Frequency / Hz"	"Sound Pressure Level / dB (re 20 µPa)  [2.83V at 1m]"	"Frequency / Hz"	"Sound Pressure Level / dB (re 20 µPa)  [2.83V at 1m]"	"Frequency / Hz"	"Sound Pressure Level / dB (re 20 µPa)  [2.83V at 1m]"	"Frequency / Hz"	"Sound Pressure Level / dB (re 20 µPa)  [2.83V at 1m]"	"Frequency / Hz"	"Sound Pressure Level / dB (re 20 µPa)  [2.83V at 1m]"	"Frequency / Hz"	"Sound Pressure Level / dB (re 20 µPa)  [2.83V at 1m]"	"Frequency / Hz"	"Sound Pressure Level / dB (re 20 µPa)  [2.83V at 1m]"	"Frequency / Hz"	"Sound Pressure Level / dB (re 20 µPa)  [2.83V at 1m]"	"Frequency / Hz"	"Sound Pressure Level / dB (re 20 µPa)  [2.83V at 1m]"	"Frequency / Hz"	"Sound Pressure Level / dB (re 20 µPa)  [2.83V at 1m]"	"Frequency / Hz"	"Sound Pressure Level / dB (re 20 µPa)  [2.83V at 1m]"	"Frequency / Hz"	"Sound Pressure Level / dB (re 20 µPa)  [2.83V at 1m]"	"Frequency / Hz"	"Sound Pressure Level / dB (re 20 µPa)  [2.83V at 1m]"	"Frequency / Hz"	"Sound Pressure Level / dB (re 20 µPa)  [2.83V at 1m]"	"Frequency / Hz"	"Sound Pressure Level / dB (re 20 µPa)  [2.83V at 1m]"	"Frequency / Hz"	"Sound Pressure Level / dB (re 20 µPa)  [2.83V at 1m]"	"Frequency / Hz"	"Sound Pressure Level / dB (re 20 µPa)  [2.83V at 1m]"	"Frequency / Hz"	"Sound Pressure Level / dB (re 20 µPa)  [2.83V at 1m]"	"Frequency / Hz"	"Sound Pressure Level / dB (re 20 µPa)  [2.83V at 1m]"	"Frequency / Hz"	"Sound Pressure Level / dB (re 20 µPa)  [2.83V at 1m]"	"Frequency / Hz"	"Sound Pressure Level / dB (re 20 µPa)  [2.83V at 1m]"	"Frequency / Hz"	"Sound Pressure Level / dB (re 20 µPa)  [2.83V at 1m]"	"Frequency / Hz"	"Sound Pressure Level / dB (re 20 µPa)  [2.83V at 1m]"
20.5078	63.0266	20.5078	63.1434	20.5078	62.8788	20.5078	63.2005	20.5078	62.7495	20.5078	63.1843	20.5078	62.7145	20.5078	63.0916	20.5078	62.8697	20.5078	62.9293	20.5078	63.3014	20.5078	62.717	20.5078	64.0418	20.5078	62.4933	20.5078	65.0458	20.5078	62.3233	20.5078	66.2142	20.5078	62.3012	20.5078	67.4361	20.5078	62.533	20.5078	68.6158	20.5078	63.0917	20.5078	69.6781	20.5078	63.9717	20.5078	70.5657	20.5078	65.0898	20.5078	71.2355	20.5078	66.329	20.5078	71.6566	20.5078	67.5813	20.5078	71.8105	20.5078	68.7616	20.5078	71.691	20.5078	69.8063	20.5078	71.3038	20.5078	70.6663
21.2402	63.6462	21.2402	63.8133	21.2402	63.4463	21.2402	63.9153	21.2402	63.2734	21.2402	63.938	21.2402	63.221	21.2402	63.88	21.2402	63.4053	21.2402	63.7508	21.2402	63.9206	21.2402	63.574	21.2402	64.7815	21.2402	63.3927	21.2402	65.9099	21.2402	63.2765	21.2402	67.181	21.2402	63.3209	21.2402	68.476	21.2402	63.6257	21.2402	69.7028	21.2402	64.2503	21.2402	70.7939	21.2402	65.1763	21.2402	71.6991	21.2402	66.317	21.2402	72.3804	21.2402	67.5608	21.2402	72.8104	21.2402	68.8069	21.2402	72.9725	21.2402	69.9765	21.2402	72.8617	21.2402	71.0091	21.2402	72.4842	21.2402	71.8574
21.9727	64.61	21.9727	64.7672	21.9727	64.4289	21.9727	64.8674	21.9727	64.2831	21.9727	64.8955	21.9727	64.262	21.9727	64.8493	21.9727	64.4727	21.9727	64.7387	21.9727	64.9982	21.9727	64.5871	21.9727	65.8486	21.9727	64.4373	21.9727	66.951	21.9727	64.3566	21.9727	68.1906	21.9727	64.4347	21.9727	69.456	21.9727	64.7626	21.9727	70.6589	21.9727	65.3916	21.9727	71.7325	21.9727	66.3026	21.9727	72.6263	21.9727	67.4148	21.9727	73.3015	21.9727	68.6247	21.9727	73.7301	21.9727	69.8374	21.9727	73.895	21.9727	70.9772	21.9727	73.791	21.9727	71.9848	21.9727	73.4244	21.9727	72.813
22.7051	65.7161	22.7051	65.8687	22.7051	65.5481	22.7051	65.9727	22.7051	65.4213	22.7051	66.0119	22.7051	65.4175	22.7051	65.9828	22.7051	65.6312	22.7051	65.8928	22.7051	66.1344	22.7051	65.7617	22.7051	66.9358	22.7051	65.6267	22.7051	67.9735	22.7051	65.5462	22.7051	69.1472	22.7051	65.6003	22.7051	70.3562	22.7051	65.8745	22.7051	71.5169	22.7051	66.4264	22.7051	72.563	22.7051	67.2531	22.7051	73.441	22.7051	68.29	22.7051	74.1075	22.7051	69.4422	22.7051	74.5296	22.7051	70.6165	22.7051	74.6866	22.7051	71.7355	22.7051	74.5716	22.7051	72.737	22.7051	74.1924	22.7051	73.57
23.4375	66.7349	23.4375	66.8602	23.4375	66.5916	23.4375	66.9382	23.4375	66.4794	23.4375	66.9543	23.4375	66.4702	23.4375	66.9049	23.4375	66.6495	23.4375	66.7957	23.4375	67.089	23.4375	66.644	23.4375	67.8093	23.4375	66.4822	23.4375	68.7657	23.4375	66.3638	23.4375	69.8695	23.4375	66.3644	23.4375	71.0236	23.4375	66.5708	23.4375	72.1426	23.4375	67.0502	23.4375	73.1571	23.4375	67.8136	23.4375	74.0109	23.4375	68.8061	23.4375	74.6584	23.4375	69.9339	23.4375	75.0652	23.4375	71.0989	23.4375	75.2095	23.4375	72.2177	23.4375	75.0838	23.4375	73.224	23.4375	74.695	23.4375	74.0642
24.1699	66.5144	24.1699	66.6719	24.1699	66.3456	24.1699	66.7828	24.1699	66.2254	24.1699	66.8297	24.1699	66.2394	24.1699	66.8081	24.1699	66.4843	24.1699	66.7248	24.1699	67.0288	24.1699	66.5993	24.1699	67.8732	24.1699	66.4682	24.1699	68.9469	24.1699	66.3907	24.1699	70.1454	24.1699	66.4485	24.1699	71.3683	24.1699	66.7302	24.1699	72.5346	24.1699	67.2963	24.1699	73.5811	24.1699	68.1438	24.1699	74.4572	24.1699	69.2055	24.1699	75.1213	24.1699	70.3826	24.1699	75.5415	24.1699	71.579	24.1699	75.6972	24.1699	72.7159	24.1699	75.5809	24.1699	73.7304	24.1699	75.1993	24.1699	74.5719
25.6348	68.2598	25.6348	68.3287	25.6348	68.2025	25.6348	68.3766	25.6348	68.2066	25.6348	68.3864	25.6348	68.3363	25.6348	68.3531	25.6348	68.6574	25.6348	68.284	25.6348	69.212	25.6348	68.199	25.6348	69.9973	25.6348	68.1343	25.6348	70.9645	25.6348	68.1438	25.6348	72.0386	25.6348	68.2951	25.6348	73.1418	25.6348	68.6532	25.6348	74.2045	25.6348	69.2541	25.6348	75.1678	25.6348	70.085	25.6348	75.9812	25.6348	71.088	25.6348	76.6021	25.6348	72.1842	25.6348	76.9971	25.6348	73.295	25.6348	77.1443	25.6348	74.3525	25.6348	77.0356	25.6348	75.2995	25.6348	76.6769	25.6348	76.0878
26.3672	69.1819	26.3672	69.1834	26.3672	69.2155	26.3672	69.1908	26.3672	69.3253	26.3672	69.1875	26.3672	69.5589	26.3672	69.169	26.3672	69.9588	26.3672	69.1426	26.3672	70.5468	26.3672	69.1284	26.3672	71.3136	26.3672	69.1592	26.3672	72.2204	26.3672	69.2794	26.3672	73.2108	26.3672	69.5376	26.3672	74.2245	26.3672	69.9738	26.3672	75.2038	26.3672	70.603	26.3672	76.0959	26.3672	71.4077	26.3672	76.8529	26.3672	72.3426	26.3672	77.4328	26.3672	73.3489	26.3672	77.8023	26.3672	74.3662	26.3672	77.9393	26.3672	75.3381	26.3672	77.8359	26.3672	76.2138	26.3672	77.4985	26.3672	76.9473
27.0996	70.7159	27.0996	70.7136	27.0996	70.7492	27.0996	70.7202	27.0996	70.8448	27.0996	70.7229	27.0996	71.0397	27.0996	70.7187	27.0996	71.3693	27.0996	70.7133	27.0996	71.8566	27.0996	70.722	27.0996	72.5023	27.0996	70.7691	27.0996	73.2827	27.0996	70.8873	27.0996	74.155	27.0996	71.1128	27.0996	75.0669	27.0996	71.4776	27.0996	75.9638	27.0996	71.9989	27.0996	76.7925	27.0996	72.6716	27.0996	77.5035	27.0996	73.468	27.0996	78.053	27.0996	74.3443	27.0996	78.406	27.0996	75.2492	27.0996	78.5395	27.0996	76.1296	27.0996	78.4452	27.0996	76.9343	27.0996	78.1299	27.0996	77.6151
27.832	71.5834	27.832	71.5939	27.832	71.5954	27.832	71.6085	27.832	71.6564	27.832	71.6172	27.832	71.7993	27.832	71.6178	27.832	72.0584	27.832	71.6153	27.832	72.4601	27.832	71.6224	27.832	73.0137	27.832	71.6593	27.832	73.7056	27.832	71.7529	27.832	74.5014	27.832	71.9344	27.832	75.3527	27.832	72.2333	27.832	76.2049	27.832	72.6692	27.832	77.0024	27.832	73.2451	27.832	77.6924	27.832	73.9438	27.832	78.2282	27.832	74.7312	27.832	78.5727	27.832	75.5616	27.832	78.7022	27.832	76.3845	27.832	78.6087	27.832	77.1479	27.832	78.3006	27.832	77.8016
29.2969	72.3513	29.2969	72.3555	29.2969	72.376	29.2969	72.3711	29.2969	72.4538	29.2969	72.3872	29.2969	72.6134	29.2969	72.3999	29.2969	72.8828	29.2969	72.4117	29.2969	73.2829	29.2969	72.4312	29.2969	73.8192	29.2969	72.4736	29.2969	74.4784	29.2969	72.5605	29.2969	75.2299	29.2969	72.718	29.2969	76.0305	29.2969	72.9735	29.2969	76.8308	29.2969	73.3492	29.2969	77.5789	29.2969	73.8551	29.2969	78.2241	29.2969	74.4841	29.2969	78.7206	29.2969	75.2106	29.2969	79.0316	29.2969	75.9949	29.2969	79.1334	29.2969	76.7878	29.2969	79.0181	29.2969	77.5364	29.2969	78.6945	29.2969	78.1878
30.0293	72.7862	30.0293	72.7863	30.0293	72.8109	30.0293	72.7953	30.0293	72.8819	30.0293	72.8042	30.0293	73.0258	30.0293	72.8098	30.0293	73.2699	30.0293	72.8148	30.0293	73.6354	30.0293	72.8277	30.0293	74.131	30.0293	72.8633	30.0293	74.7475	30.0293	72.9419	30.0293	75.458	30.0293	73.0887	30.0293	76.2225	30.0293	73.3299	30.0293	76.9933	30.0293	73.6869	30.0293	77.7192	30.0293	74.1702	30.0293	78.3497	30.0293	74.7733	30.0293	78.8387	30.0293	75.4725	30.0293	79.1489	30.0293	76.2296	30.0293	79.2557	30.0293	76.9968	30.0293	79.1504	30.0293	77.7217	30.0293	78.8411	30.0293	78.3522
31.4941	73.9126	31.4941	73.8509	31.4941	74.0067	31.4941	73.8104	31.4941	74.1482	31.4941	73.7839	31.4941	74.3539	31.4941	73.7688	31.4941	74.64	31.4941	73.7672	31.4941	75.0187	31.4941	73.786	31.4941	75.4936	31.4941	73.8371	31.4941	76.0578	31.4941	73.9367	31.4941	76.6927	31.4941	74.104	31.4941	77.369	31.4941	74.3587	31.4941	78.0495	31.4941	74.7165	31.4941	78.6911	31.4941	75.1841	31.4941	79.2488	31.4941	75.7559	31.4941	79.6792	31.4941	76.4125	31.4941	79.9464	31.4941	77.122	31.4941	80.026	31.4941	77.8431	31.4941	79.9088	31.4941	78.5287	31.4941	79.6024	31.4941	79.1302
32.2266	74.394	32.2266	74.3382	32.2266	74.4809	32.2266	74.3037	32.2266	74.6114	32.2266	74.2849	32.2266	74.8002	32.2266	74.2797	32.2266	75.0618	32.2266	74.2902	32.2266	75.4075	32.2266	74.3226	32.2266	75.8419	32.2266	74.3869	32.2266	76.3605	32.2266	74.4968	32.2266	76.9481	32.2266	74.6685	32.2266	77.5793	32.2266	74.9184	32.2266	78.2204	32.2266	75.2596	32.2266	78.8313	32.2266	75.698	32.2266	79.3686	32.2266	76.2293	32.2266	79.7901	32.2266	76.8371	32.2266	80.0595	32.2266	77.4934	32.2266	80.152	32.2266	78.1607	32.2266	80.0576	32.2266	78.7951	32.2266	79.7829	32.2266	79.3503
33.6914	75.2045	33.6914	75.1442	33.6914	75.2954	33.6914	75.1077	33.6914	75.4259	33.6914	75.0908	33.6914	75.6065	33.6914	75.0924	33.6914	75.8479	33.6914	75.1141	33.6914	76.1588	33.6914	75.1605	33.6914	76.5438	33.6914	75.2392	33.6914	77.0009	33.6914	75.36	33.6914	77.52	33.6914	75.5348	33.6914	78.0821	33.6914	75.7751	33.6914	78.6592	33.6914	76.0905	33.6914	79.2155	33.6914	76.4857	33.6914	79.7106	33.6914	76.9579	33.6914	80.1033	33.6914	77.4953	33.6914	80.3581	33.6914	78.076	33.6914	80.4503	33.6914	78.669	33.6914	80.3701	33.6914	79.236	33.6914	80.1242	33.6914	79.7347
34.4238	75.6771	34.4238	75.617	34.4238	75.7683	34.4238	75.5824	34.4238	75.8984	34.4238	75.5699	34.4238	76.0762	34.4238	75.5783	34.4238	76.3107	34.4238	75.609	34.4238	76.6097	34.4238	75.6658	34.4238	76.9773	34.4238	75.755	34.4238	77.4122	34.4238	75.8847	34.4238	77.9057	34.4238	76.0644	34.4238	78.4409	34.4238	76.3039	34.4238	78.992	34.4238	76.611	34.4238	79.5253	34.4238	76.9897	34.4238	80.002	34.4238	77.4379	34.4238	80.3824	34.4238	77.9451	34.4238	80.6316	34.4238	78.4923	34.4238	80.7253	34.4238	79.0512	34.4238	80.6538	34.4238	79.586	34.4238	80.4237	34.4238	80.0567
35.8887	76.2019	35.8887	76.1368	35.8887	76.2984	35.8887	76.0989	35.8887	76.4321	35.8887	76.0857	35.8887	76.6094	35.8887	76.0963	35.8887	76.8372	35.8887	76.1317	35.8887	77.121	35.8887	76.1946	35.8887	77.464	35.8887	76.2895	35.8887	77.8648	35.8887	76.4222	35.8887	78.3163	35.8887	76.5998	35.8887	78.8041	35.8887	76.8293	35.8887	79.3059	35.8887	77.1166	35.8887	79.7918	35.8887	77.465	35.8887	80.2266	35.8887	77.873	35.8887	80.5736	35.8887	78.3328	35.8887	80.8	35.8887	78.8286	35.8887	80.883	35.8887	79.3366	35.8887	80.8135	35.8887	79.8253	35.8887	80.5982	35.8887	80.2582
37.3535	76.9059	37.3535	76.8321	37.3535	77.0115	37.3535	76.7877	37.3535	77.1522	37.3535	76.7711	37.3535	77.332	37.3535	76.7821	37.3535	77.5548	37.3535	76.8216	37.3535	77.824	37.3535	76.8917	37.3535	78.1416	37.3535	76.9952	37.3535	78.5065	37.3535	77.1363	37.3535	78.9133	37.3535	77.3193	37.3535	79.3513	37.3535	77.5485	37.3535	79.8027	37.3535	77.8273	37.3535	80.2425	37.3535	78.1571	37.3535	80.6397	37.3535	78.5359	37.3535	80.9605	37.3535	78.9567	37.3535	81.1733	37.3535	79.4066	37.3535	81.2552	37.3535	79.8655	37.3535	81.1967	37.3535	80.3065	37.3535	81.004	37.3535	80.6973
38.8184	77.5131	38.8184	77.4442	38.8184	77.6145	38.8184	77.4063	38.8184	77.7503	38.8184	77.3987	38.8184	77.9228	38.8184	77.4211	38.8184	78.1347	38.8184	77.4738	38.8184	78.388	38.8184	77.5578	38.8184	78.6839	38.8184	77.6743	38.8184	79.0216	38.8184	77.8253	38.8184	79.3966	38.8184	78.0126	38.8184	79.7998	38.8184	78.2383	38.8184	80.2156	38.8184	78.5037	38.8184	80.6217	38.8184	78.8092	38.8184	80.9897	38.8184	79.1528	38.8184	81.2881	38.8184	79.5293	38.8184	81.4876	38.8184	79.9287	38.8184	81.567	38.8184	80.3353	38.8184	81.518	38.8184	80.7264	38.8184	81.3471	38.8184	81.0738
39.5508	77.7964	39.5508	77.7239	39.5508	77.9007	39.5508	77.6822	39.5508	78.0382	39.5508	77.6706	39.5508	78.2105	39.5508	77.6889	39.5508	78.4195	39.5508	77.7372	39.5508	78.6667	39.5508	77.8162	39.5508	78.9528	39.5508	77.9266	39.5508	79.2768	39.5508	78.0698	39.5508	79.6347	39.5508	78.2473	39.5508	80.0177	39.5508	78.4606	39.5508	80.4116	39.5508	78.711	39.5508	80.7953	39.5508	78.9992	39.5508	81.1417	39.5508	79.3238	39.5508	81.4206	39.5508	79.6807	39.5508	81.6036	39.5508	80.0613	39.5508	81.6704	39.5508	80.4512	39.5508	81.6133	39.5508	80.8294	39.5508	81.4395	39.5508	81.1689
41.0156	78.3673	41.0156	78.2919	41.0156	78.4732	41.0156	78.247	41.0156	78.61	41.0156	78.2326	41.0156	78.778	41.0156	78.2488	41.0156	78.9777	41.0156	78.2955	41.0156	79.2095	41.0156	78.373	41.0156	79.4734	41.0156	78.4815	41.0156	79.7682	41.0156	78.6214	41.0156	80.0903	41.0156	78.7929	41.0156	80.433	41.0156	78.9965	41.0156	80.7843	41.0156	79.2323	41.0156	81.1266	41.0156	79.5001	41.0156	81.4363	41.0156	79.7981	41.0156	81.6866	41.0156	80.1226	41.0156	81.8515	41.0156	80.4663	41.0156	81.9121	41.0156	80.8169	41.0156	81.8611	41.0156	81.1566	41.0156	81.7048	41.0156	81.4615
42.4805	78.8978	42.4805	78.8246	42.4805	79.0003	42.4805	78.781	42.4805	79.1317	42.4805	78.7673	42.4805	79.2916	42.4805	78.7833	42.4805	79.4795	42.4805	78.829	42.4805	79.695	42.4805	78.9039	42.4805	79.9374	42.4805	79.0075	42.4805	80.2052	42.4805	79.1392	42.4805	80.4951	42.4805	79.2985	42.4805	80.8013	42.4805	79.4848	42.4805	81.1139	42.4805	79.6977	42.4805	81.4175	42.4805	79.9366	42.4805	81.6915	42.4805	80.2002	42.4805	81.9117	42.4805	80.486	42.4805	82.0545	42.4805	80.7887	42.4805	82.1025	42.4805	81.0992	42.4805	82.0495	42.4805	81.4027	42.4805	81.9022	42.4805	81.6785
43.9453	79.4676	43.9453	79.395	43.9453	79.5686	43.9453	79.3516	43.9453	79.6968	43.9453	79.3378	43.9453	79.8512	43.9453	79.3538	43.9453	80.0305	43.9453	79.3994	43.9453	80.2337	43.9453	79.4739	43.9453	80.4596	43.9453	79.5763	43.9453	80.7067	43.9453	79.7055	43.9453	80.9721	43.9453	79.8603	43.9453	81.2512	43.9453	80.0395	43.9453	81.5355	43.9453	80.2421	43.9453	81.812	43.9453	80.4669	43.9453	82.0625	43.9453	80.7125	43.9453	82.2649	43.9453	80.9764	43.9453	82.3975	43.9453	81.2542	43.9453	82.4441	43.9453	81.5376	43.9453	82.3983	43.9453	81.8137	43.9453	82.2662	43.9453	82.064
45.4102	79.9445	45.4102	79.8735	45.4102	80.0432	45.4102	79.8314	45.4102	80.1681	45.4102	79.819	45.4102	80.3176	45.4102	79.8365	45.4102	80.49	45.4102	79.8835	45.4102	80.6837	45.4102	79.9592	45.4102	80.897	45.4102	80.0624	45.4102	81.1282	45.4102	80.1914	45.4102	81.3747	45.4102	80.3445	45.4102	81.6324	45.4102	80.5199	45.4102	81.8942	45.4102	80.7159	45.4102	82.149	45.4102	80.931	45.4102	82.3806	45.4102	81.1632	45.4102	82.5693	45.4102	81.4101	45.4102	82.695	45.4102	81.6674	45.4102	82.7423	45.4102	81.9277	45.4102	82.705	45.4102	82.1796	45.4102	82.5882	45.4102	82.4064
47.6074	80.6297	47.6074	80.5562	47.6074	80.7304	47.6074	80.5117	47.6074	80.8561	47.6074	80.4973	47.6074	81.0042	47.6074	80.5132	47.6074	81.172	47.6074	80.5592	47.6074	81.3569	47.6074	80.6341	47.6074	81.5564	47.6074	80.736	47.6074	81.768	47.6074	80.8628	47.6074	81.9892	47.6074	81.0118	47.6074	82.2162	47.6074	81.1802	47.6074	82.4437	47.6074	81.3656	47.6074	82.6627	47.6074	81.5652	47.6074	82.8603	47.6074	81.7769	47.6074	83.0202	47.6074	81.9979	47.6074	83.1255	47.6074	82.2246	47.6074	83.1631	47.6074	82.4516	47.6074	83.1279	47.6074	82.6698	47.6074	83.0247	47.6074	82.8663
49.0723	81.1837	49.0723	81.1122	49.0723	81.281	49.0723	81.0687	49.0723	81.4016	49.0723	81.0543	49.0723	81.5427	49.0723	81.0696	49.0723	81.7011	49.0723	81.1142	49.0723	81.8739	49.0723	81.1867	49.0723	82.0583	49.0723	81.2853	49.0723	82.252	49.0723	81.4073	49.0723	82.4524	49.0723	81.5498	49.0723	82.6565	49.0723	81.7096	49.0723	82.86	49.0723	81.8837	49.0723	83.0554	49.0723	82.0694	49.0723	83.2318	49.0723	82.2639	49.0723	83.375	49.0723	82.4649	49.0723	83.4697	49.0723	82.6692	49.0723	83.5041	49.0723	82.8723	49.0723	83.4735	49.0723	83.0667	49.0723	83.382	49.0723	83.2414
50.5371	81.6712	50.5371	81.5999	50.5371	81.7679	50.5371	81.5561	50.5371	81.887	50.5371	81.5413	50.5371	82.0255	50.5371	81.5558	50.5371	82.1797	50.5371	81.5993	50.5371	82.3463	50.5371	81.6703	50.5371	82.5223	50.5371	81.7667	50.5371	82.7049	50.5371	81.8856	50.5371	82.8915	50.5371	82.0238	50.5371	83.0795	50.5371	82.1778	50.5371	83.2651	50.5371	82.3443	50.5371	83.4421	50.5371	82.5202	50.5371	83.6012	50.5371	82.703	50.5371	83.7299	50.5371	82.8901	50.5371	83.8146	50.5371	83.0787	50.5371	83.8445	50.5371	83.2651	50.5371	83.8154	50.5371	83.443	50.5371	83.7313	50.5371	83.6026
52.7344	82.2464	52.7344	82.1768	52.7344	82.3418	52.7344	82.1353	52.7344	82.4598	52.7344	82.1235	52.7344	82.5967	52.7344	82.1418	52.7344	82.7486	52.7344	82.1895	52.7344	82.9115	52.7344	82.2651	52.7344	83.0816	52.7344	82.366	52.7344	83.2556	52.7344	82.4892	52.7344	83.4306	52.7344	82.6306	52.7344	83.6037	52.7344	82.7864	52.7344	83.7717	52.7344	82.9524	52.7344	83.9298	52.7344	83.1247	52.7344	84.0708	52.7344	83.2997	52.7344	84.1849	52.7344	83.4745	52.7344	84.2613	52.7344	83.646	52.7344	84.2913	52.7344	83.8107	52.7344	84.2713	52.7344	83.9638	52.7344	84.2041	52.7344	84.0982
54.1992	82.7019	54.1992	82.6357	54.1992	82.7925	54.1992	82.5965	54.1992	82.9044	54.1992	82.5859	54.1992	83.0337	54.1992	82.6041	54.1992	83.1761	54.1992	82.6507	54.1992	83.3275	54.1992	82.7239	54.1992	83.4838	54.1992	82.8211	54.1992	83.6416	54.1992	82.9389	54.1992	83.798	54.1992	83.0731	54.1992	83.9503	54.1992	83.2194	54.1992	84.096	54.1992	83.3734	54.1992	84.2315	54.1992	83.531	54.1992	84.3513	54.1992	83.6886	54.1992	84.4479	54.1992	83.8431	54.1992	84.5125	54.1992	83.9921	54.1992	84.5378	54.1992	84.133	54.1992	84.5209	54.1992	84.2625	54.1992	84.4644	54.1992	84.3755
56.3965	83.4035	56.3965	83.3374	56.3965	83.4927	56.3965	83.2971	56.3965	83.6016	56.3965	83.2842	56.3965	83.726	56.3965	83.2991	56.3965	83.8612	56.3965	83.3414	56.3965	84.0027	56.3965	83.4093	56.3965	84.1459	56.3965	83.5	56.3965	84.2869	56.3965	83.61	56.3965	84.4228	56.3965	83.7352	56.3965	84.551	56.3965	83.8708	56.3965	84.67	56.3965	84.0123	56.3965	84.7775	56.3965	84.1552	56.3965	84.8705	56.3965	84.2956	56.3965	84.944	56.3965	84.4305	56.3965	84.992	56.3965	84.5578	56.3965	85.0093	56.3965	84.6758	56.3965	84.9936	56.3965	84.7824	56.3965	84.9469	56.3965	84.8744
58.5938	84.061	58.5938	83.9961	58.5938	84.1482	58.5938	83.9563	58.5938	84.2539	58.5938	83.9433	58.5938	84.3739	58.5938	83.9578	58.5938	84.5032	58.5938	83.9991	58.5938	84.6368	58.5938	84.0655	58.5938	84.7703	58.5938	84.1542	58.5938	84.8993	58.5938	84.2616	58.5938	85.0209	58.5938	84.3831	58.5938	85.1327	58.5938	84.5139	58.5938	85.2333	58.5938	84.6487	58.5938	85.3217	58.5938	84.7829	58.5938	85.3962	58.5938	84.9121	58.5938	85.4541	58.5938	85.0331	58.5938	85.4914	58.5938	85.1437	58.5938	85.5049	58.5938	85.2426	58.5938	85.493	58.5938	85.3289	58.5938	85.4574	58.5938	85.4014
60.0586	84.4548	60.0586	84.3837	60.0586	84.5462	60.0586	84.3359	60.0586	84.6541	60.0586	84.3132	60.0586	84.7739	60.0586	84.3166	60.0586	84.9005	60.0586	84.3456	60.0586	85.0287	60.0586	84.3989	60.0586	85.1533	60.0586	84.4741	60.0586	85.2698	60.0586	84.5675	60.0586	85.3747	60.0586	84.6751	60.0586	85.4655	60.0586	84.7919	60.0586	85.5411	60.0586	84.9128	60.0586	85.6014	60.0586	85.033	60.0586	85.6464	60.0586	85.1481	60.0586	85.676	60.0586	85.2549	60.0586	85.6892	60.0586	85.3513	60.0586	85.6849	60.0586	85.4365	60.0586	85.6631	60.0586	85.5106	60.0586	85.6253	60.0586	85.5739
62.2559	84.9367	62.2559	84.8854	62.2559	85.0069	62.2559	84.8558	62.2559	85.0926	62.2559	84.8493	62.2559	85.189	62.2559	84.8663	62.2559	85.2914	62.2559	84.9062	62.2559	85.3942	62.2559	84.9671	62.2559	85.4927	62.2559	85.0461	62.2559	85.5826	62.2559	85.1392	62.2559	85.6608	62.2559	85.242	62.2559	85.7261	62.2559	85.3493	62.2559	85.7787	62.2559	85.4558	62.2559	85.8204	62.2559	85.5564	62.2559	85.8532	62.2559	85.6467	62.2559	85.8788	62.2559	85.7237	62.2559	85.8973	62.2559	85.7858	62.2559	85.9081	62.2559	85.8331	62.2559	85.9107	62.2559	85.8673	62.2559	85.9048	62.2559	85.8906
64.4531	85.3389	64.4531	85.2813	64.4531	85.4184	64.4531	85.2484	64.4531	85.5158	64.4531	85.2419	64.4531	85.6264	64.4531	85.2622	64.4531	85.7449	64.4531	85.3086	64.4531	85.8655	64.4531	85.3791	64.4531	85.9826	64.4531	85.4704	64.4531	86.0913	64.4531	85.5782	64.4531	86.1874	64.4531	85.6971	64.4531	86.2685	64.4531	85.8214	64.4531	86.3338	64.4531	85.9448	64.4531	86.3839	64.4531	86.0614	64.4531	86.4209	64.4531	86.1663	64.4531	86.4468	64.4531	86.2556	64.4531	86.4633	64.4531	86.3274	64.4531	86.4711	64.4531	86.3817	64.4531	86.4709	64.4531	86.4205	64.4531	86.4629	64.4531	86.4466
66.6504	85.8406	66.6504	85.7711	66.6504	85.9281	66.6504	85.7225	66.6504	86.0295	66.6504	85.6969	66.6504	86.1399	66.6504	85.6952	66.6504	86.2536	66.6504	85.7172	66.6504	86.3646	66.6504	85.7618	66.6504	86.4669	66.6504	85.8265	66.6504	86.5549	66.6504	85.9079	66.6504	86.6244	66.6504	86.0016	66.6504	86.6727	66.6504	86.1022	66.6504	86.6997	66.6504	86.204	66.6504	86.7076	66.6504	86.3009	66.6504	86.7008	66.6504	86.3876	66.6504	86.6848	66.6504	86.4602	66.6504	86.6651	66.6504	86.5165	66.6504	86.6457	66.6504	86.5565	66.6504	86.6288	66.6504	86.5831	66.6504	86.6145	66.6504	86.6007
69.5801	86.3358	69.5801	86.2765	69.5801	86.4145	69.5801	86.2393	69.5801	86.5083	69.5801	86.2259	69.5801	86.612	69.5801	86.2366	69.5801	86.7195	69.5801	86.2706	69.5801	86.8238	69.5801	86.3259	69.5801	86.9183	69.5801	86.3994	69.5801	86.9966	69.5801	86.4866	69.5801	87.0542	69.5801	86.5824	69.5801	87.0883	69.5801	86.6808	69.5801	87.0994	69.5801	86.7756	69.5801	87.091	69.5801	86.8607	69.5801	87.0695	69.5801	86.9309	69.5801	87.0429	69.5801	86.9824	69.5801	87.0188	69.5801	87.0138	69.5801	87.003	69.5801	87.0264	69.5801	86.9981	69.5801	87.0244	69.5801	87.0032	69.5801	87.0142
71.7773	86.5865	71.7773	86.5271	71.7773	86.6642	71.7773	86.4889	71.7773	86.7563	71.7773	86.4735	71.7773	86.8578	71.7773	86.4816	71.7773	86.9626	71.7773	86.5127	71.7773	87.0641	71.7773	86.5652	71.7773	87.1556	71.7773	86.6363	71.7773	87.2307	71.7773	86.7223	71.7773	87.2846	71.7773	86.818	71.7773	87.3146	71.7773	86.9175	71.7773	87.3208	71.7773	87.0143	71.7773	87.3071	71.7773	87.1018	71.7773	87.2804	71.7773	87.1743	71.7773	87.2497	71.7773	87.2272	71.7773	87.224	71.7773	87.2582	71.7773	87.2099	71.7773	87.268	71.7773	87.2103	71.7773	87.2605	71.7773	87.2231	71.7773	87.2426
73.9746	86.8789	73.9746	86.8224	73.9746	86.9521	73.9746	86.785	73.9746	87.0381	73.9746	86.7683	73.9746	87.1323	73.9746	86.7731	73.9746	87.2287	73.9746	86.7989	73.9746	87.321	73.9746	86.8446	73.9746	87.4024	73.9746	86.9077	73.9746	87.4664	73.9746	86.9848	73.9746	87.5079	73.9746	87.0713	73.9746	87.5242	73.9746	87.1613	73.9746	87.5153	73.9746	87.2484	73.9746	87.4854	73.9746	87.326	73.9746	87.4424	73.9746	87.3879	73.9746	87.3969	73.9746	87.4293	73.9746	87.3598	73.9746	87.4477	73.9746	87.3399	73.9746	87.4438	73.9746	87.3407	73.9746	87.422	73.9746	87.3601	73.9746	87.3906
76.9043	87.248	76.9043	87.1997	76.9043	87.3104	76.9043	87.1677	76.9043	87.3834	76.9043	87.1534	76.9043	87.4622	76.9043	87.1571	76.9043	87.541	76.9043	87.1784	76.9043	87.6131	76.9043	87.2158	76.9043	87.6714	76.9043	87.267	76.9043	87.7093	76.9043	87.3285	76.9043	87.7216	76.9043	87.3958	76.9043	87.7054	76.9043	87.4633	76.9043	87.6617	76.9043	87.5248	76.9043	87.5958	76.9043	87.5739	76.9043	87.5178	76.9043	87.6048	76.9043	87.4417	76.9043	87.6129	76.9043	87.3821	76.9043	87.5966	76.9043	87.3508	76.9043	87.5576	76.9043	87.3531	76.9043	87.502	76.9043	87.3862	76.9043	87.4404
79.834	87.4014	79.834	87.3646	79.834	87.4498	79.834	87.3418	79.834	87.5067	79.834	87.3341	79.834	87.5674	79.834	87.3418	79.834	87.6262	79.834	87.3644	79.834	87.6765	79.834	87.4005	79.834	87.7115	79.834	87.4479	79.834	87.7245	79.834	87.503	79.834	87.7107	79.834	87.5612	79.834	87.6678	79.834	87.6168	79.834	87.5973	79.834	87.6634	79.834	87.5062	79.834	87.6941	79.834	87.4065	79.834	87.7029	79.834	87.3146	79.834	87.6852	79.834	87.248	79.834	87.6392	79.834	87.2204	79.834	87.5674	79.834	87.2376	79.834	87.477	79.834	87.2954	79.834	87.3809
82.7637	87.3628	82.7637	87.3336	82.7637	87.4043	82.7637	87.319	82.7637	87.4546	82.7637	87.3203	82.7637	87.5093	82.7637	87.3379	82.7637	87.5624	82.7637	87.3716	82.7637	87.6074	82.7637	87.4201	82.7637	87.6371	82.7637	87.4808	82.7637	87.6452	82.7637	87.5499	82.7637	87.6266	82.7637	87.6224	82.7637	87.5794	82.7637	87.6918	82.7637	87.5061	82.7637	87.7507	82.7637	87.4145	82.7637	87.7913	82.7637	87.3185	82.7637	87.8063	82.7637	87.2359	82.7637	87.7899	82.7637	87.1854	82.7637	87.7395	82.7637	87.1805	82.7637	87.6564	82.7637	87.2256	82.7637	87.5479	82.7637	87.3132	82.7637	87.4274
85.6934	87.5692	85.6934	87.5133	85.6934	87.6364	85.6934	87.4713	85.6934	87.7109	85.6934	87.4451	85.6934	87.788	85.6934	87.4357	85.6934	87.8617	85.6934	87.4436	85.6934	87.925	85.6934	87.4682	85.6934	87.9708	85.6934	87.5081	85.6934	87.9924	85.6934	87.5601	85.6934	87.9845	85.6934	87.62	85.6934	87.9446	85.6934	87.6817	85.6934	87.8741	85.6934	87.7382	85.6934	87.7793	85.6934	87.7819	85.6934	87.6723	85.6934	87.8056	85.6934	87.5694	85.6934	87.8037	85.6934	87.4889	85.6934	87.7736	85.6934	87.4457	85.6934	87.7171	85.6934	87.4469	85.6934	87.6415	85.6934	87.4891	85.6934	87.5598
88.623	87.5442	88.623	87.4854	88.623	87.6129	88.623	87.4385	88.623	87.6882	88.623	87.405	88.623	87.7655	88.623	87.3856	88.623	87.8389	88.623	87.3806	88.623	87.9013	88.623	87.3899	88.623	87.945	88.623	87.4123	88.623	87.9628	88.623	87.446	88.623	87.9484	88.623	87.4874	88.623	87.8985	88.623	87.5318	88.623	87.8136	88.623	87.5727	88.623	87.7002	88.623	87.6032	88.623	87.5707	88.623	87.6165	88.623	87.4437	88.623	87.607	88.623	87.3396	88.623	87.5719	88.623	87.2762	88.623	87.513	88.623	87.262	88.623	87.4375	88.623	87.2939	88.623	87.3585
91.5527	87.5725	91.5527	87.5446	91.5527	87.6102	91.5527	87.5272	91.5527	87.6555	91.5527	87.5202	91.5527	87.7046	91.5527	87.523	91.5527	87.7517	91.5527	87.5348	91.5527	87.7895	91.5527	87.5542	91.5527	87.8098	91.5527	87.5796	91.5527	87.8041	91.5527	87.6082	91.5527	87.7657	91.5527	87.6364	91.5527	87.6907	91.5527	87.6595	91.5527	87.5803	91.5527	87.6716	91.5527	87.442	91.5527	87.6664	91.5527	87.2908	91.5527	87.638	91.5527	87.1479	91.5527	87.5824	91.5527	87.0371	91.5527	87.4984	91.5527	86.9781	91.5527	87.3897	91.5527	86.9806	91.5527	87.2659	91.5527	87.0405	91.5527	87.1426
94.4824	87.4577	94.4824	87.436	94.4824	87.4887	94.4824	87.4239	94.4824	87.5269	94.4824	87.4214	94.4824	87.5692	94.4824	87.428	94.4824	87.6102	94.4824	87.443	94.4824	87.6431	94.4824	87.4655	94.4824	87.6597	94.4824	87.4938	94.4824	87.6518	94.4824	87.5254	94.4824	87.6125	94.4824	87.5566	94.4824	87.5376	94.4824	87.5822	94.4824	87.4279	94.4824	87.5961	94.4824	87.291	94.4824	87.5914	94.4824	87.1415	94.4824	87.5618	94.4824	87.001	94.4824	87.5028	94.4824	86.8933	94.4824	87.4131	94.4824	86.839	94.4824	87.2963	94.4824	86.8481	94.4824	87.1627	94.4824	86.9166	94.4824	87.0289
98.1445	87.344	98.1445	87.329	98.1445	87.3663	98.1445	87.3217	98.1445	87.3948	98.1445	87.3218	98.1445	87.4269	98.1445	87.3293	98.1445	87.4583	98.1445	87.3439	98.1445	87.4825	98.1445	87.3653	98.1445	87.4921	98.1445	87.3928	98.1445	87.4789	98.1445	87.4242	98.1445	87.436	98.1445	87.4563	98.1445	87.3594	98.1445	87.4838	98.1445	87.2497	98.1445	87.5001	98.1445	87.1143	98.1445	87.4978	98.1445	86.968	98.1445	87.4694	98.1445	86.8321	98.1445	87.4096	98.1445	86.7305	98.1445	87.3164	98.1445	86.6839	98.1445	87.1932	98.1445	86.7023	98.1445	87.0503	98.1445	86.7817	98.1445	86.9055
101.807	87.2059	101.807	87.1911	101.807	87.225	101.807	87.181	101.807	87.2474	101.807	87.1757	101.807	87.271	101.807	87.1758	101.807	87.2919	101.807	87.1818	101.807	87.3045	101.807	87.1943	101.807	87.302	101.807	87.2134	101.807	87.2769	101.807	87.238	101.807	87.223	101.807	87.2654	101.807	87.1368	101.807	87.291	101.807	87.0197	101.807	87.3081	101.807	86.8799	101.807	87.309	101.807	86.7332	101.807	87.2856	101.807	86.6016	101.807	87.2314	101.807	86.5089	101.807	87.143	101.807	86.4746	101.807	87.0226	101.807	86.5063	101.807	86.8793	101.807	86.5977	101.807	86.7301
105.469	87.0188	105.469	86.9981	105.469	87.0418	105.469	86.9803	105.469	87.0661	105.469	86.9655	105.469	87.0892	105.469	86.9539	105.469	87.1067	105.469	86.9459	105.469	87.1127	105.469	86.9423	105.469	87.0999	105.469	86.9432	105.469	87.0608	105.469	86.9481	105.469	86.9892	105.469	86.9549	105.469	86.882	105.469	86.9596	105.469	86.7412	105.469	86.9564	105.469	86.5759	105.469	86.9379	105.469	86.4029	105.469	86.8968	105.469	86.2454	105.469	86.827	105.469	86.1287	105.469	86.7256	105.469	86.0735	105.469	86.5955	105.469	86.0889	105.469	86.4466	105.469	86.1694	105.469	86.2968
109.131	86.6317	109.131	86.6238	109.131	86.6428	109.131	86.6184	109.131	86.6569	109.131	86.6149	109.131	86.6724	109.131	86.6128	109.131	86.6855	109.131	86.6124	109.131	86.6904	109.131	86.6142	109.131	86.6795	109.131	86.6186	109.131	86.6448	109.131	86.6252	109.131	86.5793	109.131	86.6321	109.131	86.4794	109.131	86.6358	109.131	86.3466	109.131	86.6304	109.131	86.1896	109.131	86.609	109.131	86.0246	109.131	86.5639	109.131	85.8743	109.131	86.4894	109.131	85.7632	109.131	86.383	109.131	85.7118	109.131	86.2478	109.131	85.7295	109.131	86.0944	109.131	85.8117	109.131	85.9412
112.793	86.4906	112.793	86.4903	112.793	86.4909	112.793	86.4884	112.793	86.4922	112.793	86.4838	112.793	86.4941	112.793	86.4761	112.793	86.4942	112.793	86.466	112.793	86.4877	112.793	86.4546	112.793	86.4675	112.793	86.4434	112.793	86.4255	112.793	86.433	112.793	86.3544	112.793	86.423	112.793	86.2498	112.793	86.4108	112.793	86.1128	112.793	86.3917	112.793	85.952	112.793	86.3592	112.793	85.7836	112.793	86.3062	112.793	85.6306	112.793	86.2268	112.793	85.5175	112.793	86.1183	112.793	85.4641	112.793	85.9836	112.793	85.4792	112.793	85.8328	112.793	85.5579	112.793	85.6834
116.455	86.3553	116.455	86.3711	116.455	86.3368	116.455	86.3826	116.455	86.3174	116.455	86.3886	116.455	86.2977	116.455	86.389	116.455	86.2768	116.455	86.3847	116.455	86.2514	116.455	86.3773	116.455	86.2161	116.455	86.3686	116.455	86.1641	116.455	86.3597	116.455	86.0889	116.455	86.35	116.455	85.9864	116.455	86.3368	116.455	85.8572	116.455	86.3148	116.455	85.7084	116.455	86.2769	116.455	85.5547	116.455	86.2156	116.455	85.4164	116.455	86.1248	116.455	85.3164	116.455	86.0023	116.455	85.2735	116.455	85.8521	116.455	85.2976	116.455	85.6858	116.455	85.3856	116.455	85.5225
120.85	86.1891	120.85	86.2049	120.85	86.1654	120.85	86.2108	120.85	86.1358	120.85	86.2055	120.85	86.1016	120.85	86.1887	120.85	86.0623	120.85	86.1617	120.85	86.016	120.85	86.1266	120.85	85.9585	120.85	86.0867	120.85	85.8849	120.85	86.045	120.85	85.7904	120.85	86.0036	120.85	85.6722	120.85	85.9627	120.85	85.5321	120.85	85.9196	120.85	85.3773	120.85	85.869	120.85	85.2217	120.85	85.804	120.85	85.0846	120.85	85.7178	120.85	84.9866	120.85	85.6062	120.85	84.9444	120.85	85.4709	120.85	84.9658	120.85	85.3206	120.85	85.0467	120.85	85.172
125.244	86.1867	125.244	86.2244	125.244	86.1411	125.244	86.2519	125.244	86.0895	125.244	86.2673	125.244	86.0327	125.244	86.2691	125.244	85.9697	125.244	86.2573	125.244	85.8975	125.244	86.2323	125.244	85.8117	125.244	86.1952	125.244	85.7068	125.244	86.1472	125.244	85.5786	125.244	86.0888	125.244	85.4256	125.244	86.0193	125.244	85.2513	125.244	85.9366	125.244	85.0656	125.244	85.8374	125.244	84.8849	125.244	85.7181	125.244	84.7302	125.244	85.576	125.244	84.6232	125.244	85.4113	125.244	84.581	125.244	85.2285	125.244	84.611	125.244	85.0385	125.244	84.7085	125.244	84.858
129.639	85.9794	129.639	86.0114	129.639	85.9399	129.639	86.0339	129.639	85.8943	129.639	86.0456	129.639	85.8436	129.639	86.0465	129.639	85.7868	129.639	86.0374	129.639	85.7211	129.639	86.0199	129.639	85.6421	129.639	85.9964	129.639	85.545	129.639	85.9684	129.639	85.4265	129.639	85.9366	129.639	85.2867	129.639	85.8995	129.639	85.131	129.639	85.8535	129.639	84.971	129.639	85.7934	129.639	84.8237	129.639	85.7131	129.639	84.7087	129.639	85.6076	129.639	84.6438	129.639	85.475	129.639	84.6406	129.639	85.3178	129.639	84.701	129.639	85.145	129.639	84.8168	129.639	84.9716
134.033	85.6345	134.033	85.6642	134.033	85.5952	134.033	85.6819	134.033	85.5486	134.033	85.6862	134.033	85.4963	134.033	85.6768	134.033	85.4381	134.033	85.6546	134.033	85.3718	134.033	85.6219	134.033	85.293	134.033	85.5815	134.033	85.1968	134.033	85.536	134.033	85.0793	134.033	85.4868	134.033	84.94	134.033	85.4332	134.033	84.784	134.033	85.3725	134.033	84.6225	134.033	85.2997	134.033	84.4719	134.033	85.2096	134.033	84.3503	134.033	85.0981	134.033	84.2738	134.033	84.9644	134.033	84.2521	134.033	84.813	134.033	84.2876	134.033	84.6541	134.033	84.3749	134.033	84.5024
138.428	85.383	138.428	85.4166	138.428	85.338	138.428	85.4364	138.428	85.2838	138.428	85.441	138.428	85.222	138.428	85.4298	138.428	85.1521	138.428	85.4038	138.428	85.0717	138.428	85.3652	138.428	84.9762	138.428	85.3167	138.428	84.8602	138.428	85.261	138.428	84.7192	138.428	85.1996	138.428	84.5523	138.428	85.1321	138.428	84.3648	138.428	85.0553	138.428	84.169	138.428	84.9635	138.428	83.9839	138.428	84.8506	138.428	83.8313	138.428	84.7114	138.428	83.7309	138.428	84.5453	138.428	83.6956	138.428	84.358	138.428	83.7298	138.428	84.1629	138.428	83.8286	138.428	83.9792
143.555	85.2957	143.555	85.3425	143.555	85.2326	143.555	85.3702	143.555	85.1571	143.555	85.377	143.555	85.0729	143.555	85.3629	143.555	84.9828	143.555	85.3296	143.555	84.8882	143.555	85.2804	143.555	84.788	143.555	85.2199	143.555	84.6797	143.555	85.1527	143.555	84.56	143.555	85.0828	143.555	84.4271	143.555	85.0121	143.555	84.2829	143.555	84.9392	143.555	84.1342	143.555	84.8594	143.555	83.9934	143.555	84.7658	143.555	83.8763	143.555	84.6517	143.555	83.7986	143.555	84.5137	143.555	83.7726	143.555	84.3549	143.555	83.8044	143.555	84.1861	143.555	83.892	143.555	84.0251
148.682	85.1303	148.682	85.1704	148.682	85.0719	148.682	85.1907	148.682	84.997	148.682	85.1896	148.682	84.9062	148.682	85.1668	148.682	84.799	148.682	85.1228	148.682	84.6742	148.682	85.0592	148.682	84.5297	148.682	84.9788	148.682	84.3645	148.682	84.8845	148.682	84.1801	148.682	84.7793	148.682	83.9815	148.682	84.6654	148.682	83.7784	148.682	84.5431	148.682	83.5845	148.682	84.4116	148.682	83.4153	148.682	84.2686	148.682	83.2853	148.682	84.1123	148.682	83.2051	148.682	83.9429	148.682	83.1807	148.682	83.7652	148.682	83.213	148.682	83.5889	148.682	83.2984	148.682	83.4281
153.809	84.9091	153.809	84.9498	153.809	84.8576	153.809	84.9758	153.809	84.7987	153.809	84.9839	153.809	84.7339	153.809	84.9721	153.809	84.6619	153.809	84.94	153.809	84.5786	153.809	84.8888	153.809	84.4776	153.809	84.8204	153.809	84.3526	153.809	84.7373	153.809	84.2003	153.809	84.6409	153.809	84.0224	153.809	84.5315	153.809	83.8278	153.809	84.4083	153.809	83.6313	153.809	84.2693	153.809	83.4507	153.809	84.1136	153.809	83.3019	153.809	83.9426	153.809	83.1963	153.809	83.7618	153.809	83.1397	153.809	83.5813	153.809	83.1347	153.809	83.4149	153.809	83.1816	153.809	83.2776
159.668	84.3575	159.668	84.4454	159.668	84.2504	159.668	84.5077	159.668	84.1325	159.668	84.5408	159.668	84.013	159.668	84.544	159.668	83.8996	159.668	84.5195	159.668	83.7967	159.668	84.4718	159.668	83.7043	159.668	84.4074	159.668	83.6182	159.668	84.3332	159.668	83.5322	159.668	84.2553	159.668	83.4417	159.668	84.1772	159.668	83.346	159.668	84.0979	159.668	83.2492	159.668	84.0121	159.668	83.1587	159.668	83.9118	159.668	83.0829	159.668	83.7897	159.668	83.0293	159.668	83.6442	159.668	83.0051	159.668	83.4825	159.668	83.0181	159.668	83.3205	159.668	83.0755	159.668	83.179
164.795	84.7253	164.795	84.8056	164.795	84.6033	164.795	84.8435	164.795	84.4419	164.795	84.8398	164.795	84.2448	164.795	84.7964	164.795	84.0172	164.795	84.7163	164.795	83.7656	164.795	84.6034	164.795	83.4988	164.795	84.4622	164.795	83.2278	164.795	84.298	164.795	82.9674	164.795	84.1178	164.795	82.7352	164.795	83.9296	164.795	82.5499	164.795	83.7427	164.795	82.426	164.795	83.5659	164.795	82.3685	164.795	83.4054	164.795	82.3703	164.795	83.2624	164.795	82.4162	164.795	83.1337	164.795	82.4896	164.795	83.0137	164.795	82.5789	164.795	82.8979	164.795	82.6784	164.795	82.7855
170.654	84.9367	170.654	84.9828	170.654	84.8538	170.654	84.9915	170.654	84.7356	170.654	84.9631	170.654	84.5834	170.654	84.8991	170.654	84.3986	170.654	84.8022	170.654	84.1829	170.654	84.6763	170.654	83.9387	170.654	84.5255	170.654	83.6714	170.654	84.3536	170.654	83.3906	170.654	84.1636	170.654	83.1118	170.654	83.9567	170.654	82.8549	170.654	83.7339	170.654	82.6406	170.654	83.4972	170.654	82.4829	170.654	83.2524	170.654	82.3838	170.654	83.0105	170.654	82.3328	170.654	82.7879	170.654	82.3138	170.654	82.6021	170.654	82.3144	170.654	82.4651	170.654	82.3329	170.654	82.3785
176.514	84.2163	176.514	84.2522	176.514	84.1557	176.514	84.262	176.514	84.0711	176.514	84.2445	176.514	83.9612	176.514	84.1998	176.514	83.8226	176.514	84.1289	176.514	83.6497	176.514	84.0334	176.514	83.4374	176.514	83.9151	176.514	83.1846	176.514	83.7747	176.514	82.8984	176.514	83.6114	176.514	82.597	176.514	83.4227	176.514	82.3083	176.514	83.2057	176.514	82.0614	176.514	82.9593	176.514	81.8749	176.514	82.6871	176.514	81.7482	176.514	82.4014	176.514	81.6652	176.514	82.1237	176.514	81.6077	176.514	81.8819	176.514	81.5688	176.514	81.7017	176.514	81.5579	176.514	81.5956
183.105	83.924	183.105	83.988	183.105	83.8354	183.105	84.023	183.105	83.7263	183.105	84.0252	183.105	83.5986	183.105	83.9927	183.105	83.4503	183.105	83.9252	183.105	83.2751	183.105	83.8243	183.105	83.0634	183.105	83.6933	183.105	82.8065	183.105	83.5357	183.105	82.5032	183.105	83.3548	183.105	82.1665	183.105	83.1521	183.105	81.8275	183.105	82.9272	183.105	81.5297	183.105	82.6785	183.105	81.3115	183.105	82.4057	183.105	81.1857	183.105	82.1147	183.105	81.133	183.105	81.8221	183.105	81.1195	183.105	81.5554	183.105	81.1221	183.105	81.3454	183.105	81.1442	183.105	81.2102
189.697	83.7515	189.697	83.8368	189.697	83.6424	189.697	83.8929	189.697	83.5153	189.697	83.9165	189.697	83.376	189.697	83.9064	189.697	83.2279	189.697	83.8635	189.697	83.0717	189.697	83.7903	189.697	82.9043	189.697	83.6899	189.697	82.7209	189.697	83.5644	189.697	82.5177	189.697	83.4136	189.697	82.2959	189.697	83.2339	189.697	82.0644	189.697	83.0191	189.697	81.839	189.697	82.7629	189.697	81.6359	189.697	82.4637	189.697	81.4641	189.697	82.1303	189.697	81.3218	189.697	81.7873	189.697	81.2028	189.697	81.4738	189.697	81.1102	189.697	81.2336	189.697	81.064	189.697	81.0968
196.289	83.3374	196.289	83.4512	196.289	83.1919	196.289	83.5306	196.289	83.0186	196.289	83.5737	196.289	82.821	196.289	83.5808	196.289	82.6023	196.289	83.5539	196.289	82.3652	196.289	83.4966	196.289	82.1134	196.289	83.4133	196.289	81.8536	196.289	83.3077	196.289	81.5974	196.289	83.1814	196.289	81.363	196.289	83.0324	196.289	81.1722	196.289	82.8553	196.289	81.0431	196.289	82.6438	196.289	80.9798	196.289	82.3945	196.289	80.9677	196.289	82.1127	196.289	80.9814	196.289	81.8166	196.289	80.9999	196.289	81.5364	196.289	81.02	196.289	81.3057	196.289	81.0593	196.289	81.147
202.881	83.5031	202.881	83.5942	202.881	83.3726	202.881	83.6433	202.881	83.2045	202.881	83.6489	202.881	82.9994	202.881	83.6109	202.881	82.7563	202.881	83.5314	202.881	82.474	202.881	83.4145	202.881	82.1551	202.881	83.2655	202.881	81.8104	202.881	83.0904	202.881	81.4622	202.881	82.8945	202.881	81.1439	202.881	82.6807	202.881	80.8926	202.881	82.4497	202.881	80.735	202.881	82.2007	202.881	80.6744	202.881	81.9354	202.881	80.6877	202.881	81.6618	202.881	80.7365	202.881	81.3978	202.881	80.7855	202.881	81.1689	202.881	80.8191	202.881	80.999	202.881	80.8466	202.881	80.8964
210.205	83.4321	210.205	83.5014	210.205	83.33	210.205	83.5339	210.205	83.1963	210.205	83.5258	210.205	83.0277	210.205	83.4749	210.205	82.8156	210.205	83.382	210.205	82.5477	210.205	83.251	210.205	82.2136	210.205	83.0885	210.205	81.8131	210.205	82.9024	210.205	81.3675	210.205	82.6984	210.205	80.9262	210.205	82.4777	210.205	80.5604	210.205	82.235	210.205	80.3344	210.205	81.9616	210.205	80.2656	210.205	81.6516	210.205	80.3106	210.205	81.3128	210.205	80.3943	210.205	80.9753	210.205	80.4522	210.205	80.6883	210.205	80.4584	210.205	80.5	210.205	80.4316	210.205	80.4252
217.529	83.187	217.529	83.3008	217.529	83.0532	217.529	83.3842	217.529	82.909	217.529	83.4286	217.529	82.7593	217.529	83.4283	217.529	82.5994	217.529	83.38	217.529	82.4145	217.529	83.2822	217.529	82.1829	217.529	83.1346	217.529	81.8857	217.529	82.9382	217.529	81.5189	217.529	82.6953	217.529	81.106	217.529	82.4099	217.529	80.7017	217.529	82.0879	217.529	80.3778	217.529	81.7369	217.529	80.1862	217.529	81.368	217.529	80.1236	217.529	80.999	217.529	80.1348	217.529	80.6574	217.529	80.1542	217.529	80.3795	217.529	80.1463	217.529	80.1977	217.529	80.1204	217.529	80.1205
225.586	82.7156	225.586	82.8352	225.586	82.5533	225.586	82.9081	225.586	82.3543	225.586	82.9333	225.586	82.1245	225.586	82.9129	225.586	81.8668	225.586	82.8512	225.586	81.5792	225.586	82.7541	225.586	81.2562	225.586	82.6267	225.586	80.8959	225.586	82.4714	225.586	80.5127	225.586	82.2859	225.586	80.1482	225.586	82.0628	225.586	79.8677	225.586	81.7907	225.586	79.7299	225.586	81.4592	225.586	79.7426	225.586	81.0671	225.586	79.8484	225.586	80.6347	225.586	79.9585	225.586	80.2138	225.586	80.0001	225.586	79.8829	225.586	79.9462	225.586	79.7127	225.586	79.8251	225.586	79.7146
232.91	82.7336	232.91	82.8686	232.91	82.5669	232.91	82.9621	232.91	82.3784	232.91	83.0064	232.91	82.1756	232.91	82.9971	232.91	81.9591	232.91	82.9326	232.91	81.7196	232.91	82.8146	232.91	81.4382	232.91	82.6473	232.91	81.0925	232.91	82.4361	232.91	80.6692	232.91	82.1861	232.91	80.1828	232.91	81.9011	232.91	79.6913	232.91	81.5834	232.91	79.2913	232.91	81.2339	232.91	79.0707	232.91	80.8551	232.91	79.0403	232.91	80.4558	232.91	79.1221	232.91	80.0591	232.91	79.214	232.91	79.7069	232.91	79.2595	232.91	79.4491	232.91	79.2712	232.91	79.3122
241.699	82.6026	241.699	82.7666	241.699	82.3827	241.699	82.8717	241.699	82.1113	241.699	82.9157	241.699	81.7966	241.699	82.8975	241.699	81.4515	241.699	82.8167	241.699	81.0947	241.699	82.6746	241.699	80.7491	241.699	82.4745	241.699	80.4364	241.699	82.2209	241.699	80.1713	241.699	81.9195	241.699	79.9579	241.699	81.5762	241.699	79.7927	241.699	81.1977	241.699	79.6721	241.699	80.793	241.699	79.5937	241.699	80.3766	241.699	79.548	241.699	79.9709	241.699	79.5097	241.699	79.6076	241.699	79.4454	241.699	79.3264	241.699	79.3396	241.699	79.1648	241.699	79.2168	241.699	79.1376
249.756	82.7465	249.756	82.8657	249.756	82.5791	249.756	82.9389	249.756	82.3592	249.756	82.9674	249.756	82.079	249.756	82.9526	249.756	81.7278	249.756	82.896	249.756	81.2949	249.756	82.7984	249.756	80.7768	249.756	82.6582	249.756	80.1928	249.756	82.4695	249.756	79.6041	249.756	82.2223	249.756	79.122	249.756	81.9041	249.756	78.867	249.756	81.5041	249.756	78.8792	249.756	81.0214	249.756	79.0739	249.756	80.4762	249.756	79.3077	249.756	79.9207	249.756	79.4679	249.756	79.4407	249.756	79.5056	249.756	79.128	249.756	79.4249	249.756	79.0269	249.756	79.2669	249.756	79.1029
258.545	82.4608	258.545	82.5807	258.545	82.305	258.545	82.6654	258.545	82.1101	258.545	82.7165	258.545	81.8677	258.545	82.7387	258.545	81.5624	258.545	82.7389	258.545	81.1722	258.545	82.724	258.545	80.6729	258.545	82.6953	258.545	80.0484	258.545	82.6443	258.545	79.3125	258.545	82.5494	258.545	78.5425	258.545	82.3782	258.545	77.9017	258.545	82.0932	258.545	77.5804	258.545	81.6621	258.545	77.6367	258.545	81.0707	258.545	77.9265	258.545	80.3428	258.545	78.2374	258.545	79.5614	258.545	78.4269	258.545	78.8743	258.545	78.4538	258.545	78.4389	258.545	78.3689	258.545	78.3058
268.066	82.5409	268.066	82.6083	268.066	82.4425	268.066	82.6329	268.066	82.3203	268.066	82.6053	268.066	82.1699	268.066	82.5225	268.066	81.9718	268.066	82.39	268.066	81.6957	268.066	82.2211	268.066	81.3108	268.066	82.0344	268.066	80.8005	268.066	81.8472	268.066	80.1783	268.066	81.6676	268.066	79.5063	268.066	81.4873	268.066	78.9064	268.066	81.2823	268.066	78.532	268.066	81.0225	268.066	78.4695	268.066	80.6899	268.066	78.655	268.066	80.2961	268.066	78.9272	268.066	79.8918	268.066	79.1463	268.066	79.554	268.066	79.2545	268.066	79.3462	268.066	79.2724	268.066	79.2729
277.588	81.855	277.588	81.9507	277.588	81.7128	277.588	81.9923	277.588	81.5325	277.588	81.9759	277.588	81.3178	277.588	81.9022	277.588	81.0619	277.588	81.7769	277.588	80.7461	277.588	81.6081	277.588	80.3467	277.588	81.4044	277.588	79.8534	277.588	81.1708	277.588	79.2962	277.588	80.9044	277.588	78.7672	277.588	80.5932	277.588	78.4048	277.588	80.2203	277.588	78.3155	277.588	79.7761	277.588	78.4857	277.588	79.277	277.588	78.7899	277.588	78.7855	277.588	79.0767	277.588	78.4118	277.588	79.2328	277.588	78.2693	277.588	79.2034	277.588	78.3887	277.588	78.9957	277.588	78.6809
287.109	81.7659	287.109	81.8875	287.109	81.6306	287.109	81.9714	287.109	81.4986	287.109	81.9967	287.109	81.3678	287.109	81.9511	287.109	81.2101	287.109	81.8329	287.109	80.975	287.109	81.6507	287.109	80.6055	287.109	81.4244	287.109	80.0651	287.109	81.1824	287.109	79.3717	287.109	80.9539	287.109	78.638	287.109	80.7503	287.109	78.0782	287.109	80.5461	287.109	77.8953	287.109	80.2799	287.109	78.0882	287.109	79.8876	287.109	78.4508	287.109	79.3553	287.109	78.7618	287.109	78.7696	287.109	78.8978	287.109	78.3183	287.109	78.8305	287.109	78.1721	287.109	78.6021	287.109	78.3231
297.363	81.8402	297.363	82.0078	297.363	81.6138	297.363	82.0928	297.363	81.3621	297.363	82.0836	297.363	81.1176	297.363	81.9804	297.363	80.8896	297.363	81.7931	297.363	80.6434	297.363	81.5375	297.363	80.3001	297.363	81.2276	297.363	79.768	297.363	80.8674	297.363	78.9994	297.363	80.4462	297.363	78.0757	297.363	79.9446	297.363	77.2996	297.363	79.3464	297.363	77.088	297.363	78.6517	297.363	77.5132	297.363	77.8928	297.363	78.1981	297.363	77.163	297.363	78.7627	297.363	76.6545	297.363	79.0236	297.363	76.6049	297.363	78.9276	297.363	77.0677	297.363	78.4907	297.363	77.8022
307.617	81.5142	307.617	81.6719	307.617	81.3206	307.617	81.7827	307.617	81.1004	307.617	81.835	307.617	80.8578	307.617	81.8192	307.617	80.5876	307.617	81.729	307.617	80.2687	307.617	81.5646	307.617	79.86	307.617	81.3337	307.617	79.305	307.617	81.0511	307.617	78.5555	307.617	80.7313	307.617	77.6252	307.617	80.377	307.617	76.6794	307.617	79.9673	307.617	76.0784	307.617	79.4546	307.617	76.1134	307.617	78.7804	307.617	76.6093	307.617	77.9145	307.617	77.1259	307.617	76.9289	307.617	77.3603	307.617	76.0897	307.617	77.2108	307.617	75.7858	307.617	76.7249	307.617	76.1156
318.604	81.658	318.604	81.8588	318.604	81.4254	318.604	82.0026	318.604	81.1844	318.604	82.0688	318.604	80.9473	318.604	82.047	318.604	80.7085	318.604	81.9393	318.604	80.4389	318.604	81.7589	318.604	80.0861	318.604	81.5235	318.604	79.5818	318.604	81.245	318.604	78.8669	318.604	80.9154	318.604	77.9431	318.604	80.5002	318.604	76.9626	318.604	79.9439	318.604	76.2851	318.604	79.1899	318.604	76.241	318.604	78.215	318.604	76.7065	318.604	77.0899	318.604	77.2547	318.604	76.0662	318.604	77.5711	318.604	75.5593	318.604	77.5289	318.604	75.7819	318.604	77.1212	318.604	76.4492
329.59	81.6584	329.59	81.9051	329.59	81.3837	329.59	82.0989	329.59	81.1156	329.59	82.2265	329.59	80.8848	329.59	82.2839	329.59	80.6935	329.59	82.2742	329.59	80.4965	329.59	82.2068	329.59	80.2082	329.59	82.0956	329.59	79.732	329.59	81.9531	329.59	78.9983	329.59	81.781	329.59	78.0103	329.59	81.5564	329.59	76.9149	329.59	81.2235	329.59	76.0444	329.59	80.6962	329.59	75.7095	329.59	79.8721	329.59	75.8194	329.59	78.6524	329.59	75.9759	329.59	76.9857	329.59	75.8429	329.59	75.0153	329.59	75.2553	329.59	73.4367	329.59	74.2445	329.59	73.2801
341.309	81.0785	341.309	81.2684	341.309	80.8346	341.309	81.3787	341.309	80.5738	341.309	81.3985	341.309	80.3351	341.309	81.3334	341.309	80.1385	341.309	81.2076	341.309	79.9598	341.309	81.0637	341.309	79.7206	341.309	80.955	341.309	79.3111	341.309	80.9247	341.309	78.6391	341.309	80.9783	341.309	77.6966	341.309	81.0678	341.309	76.6553	341.309	81.1019	341.309	75.9305	341.309	80.9739	341.309	75.9039	341.309	80.589	341.309	76.4127	341.309	79.8873	341.309	76.9559	341.309	78.8807	341.309	77.1992	341.309	77.7247	341.309	77.0653	341.309	76.7855	341.309	76.6952	341.309	76.4566
353.76	80.9453	353.76	81.2319	353.76	80.6128	353.76	81.4136	353.76	80.3165	353.76	81.4552	353.76	80.1357	353.76	81.3367	353.76	80.0928	353.76	81.0501	353.76	80.1167	353.76	80.6076	353.76	80.0633	353.76	80.0614	353.76	79.7716	353.76	79.5203	353.76	79.112	353.76	79.1275	353.76	78.0332	353.76	78.9671	353.76	76.6629	353.76	78.9728	353.76	75.4832	353.76	78.9594	353.76	75.1732	353.76	78.7362	353.76	75.7265	353.76	78.1889	353.76	76.4698	353.76	77.337	353.76	76.9209	353.76	76.4189	353.76	76.9269	353.76	75.8949	353.76	76.5424	353.76	76.0375
366.211	81.5188	366.211	81.8783	366.211	81.0179	366.211	82.0885	366.211	80.4132	366.211	82.1523	366.211	79.7976	366.211	82.0732	366.211	79.3175	366.211	81.8523	366.211	79.0896	366.211	81.489	366.211	79.0692	366.211	80.9854	366.211	79.0429	366.211	80.3593	366.211	78.7613	366.211	79.6646	366.211	78.0505	366.211	79.0014	366.211	76.878	366.211	78.4748	366.211	75.4788	366.211	78.0936	366.211	74.4812	366.211	77.7108	366.211	74.3995	366.211	77.0943	366.211	74.8423	366.211	76.0566	366.211	75.1131	366.211	74.6233	366.211	74.8526	366.211	73.3504	366.211	74.0515	366.211	73.2079
378.662	81.0785	378.662	81.6241	378.662	80.4193	378.662	82.0303	378.662	79.7049	378.662	82.287	378.662	79.0452	378.662	82.3912	378.662	78.592	378.662	82.3431	378.662	78.4576	378.662	82.1457	378.662	78.6024	378.662	81.8057	378.662	78.8357	378.662	81.3362	378.662	78.934	378.662	80.7601	378.662	78.7399	378.662	80.1153	378.662	78.2053	378.662	79.4486	378.662	77.4245	378.662	78.7908	378.662	76.6463	378.662	78.122	378.662	76.1273	378.662	77.3764	378.662	75.8576	378.662	76.5042	378.662	75.5954	378.662	75.5641	378.662	75.1816	378.662	74.7882	378.662	74.7078	378.662	74.4829
392.578	81.8702	392.578	82.1885	392.578	81.3618	392.578	82.3344	392.578	80.6526	392.578	82.3274	392.578	79.7476	392.578	82.1825	392.578	78.6854	392.578	81.9084	392.578	77.5747	392.578	81.5122	392.578	76.6226	392.578	81.012	392.578	76.0723	392.578	80.4532	392.578	76.0106	392.578	79.9229	392.578	76.2747	392.578	79.5307	392.578	76.6054	392.578	79.3286	392.578	76.818	392.578	79.2295	392.578	76.8615	392.578	79.0407	392.578	76.7895	392.578	78.5807	392.578	76.66	392.578	77.771	392.578	76.4438	392.578	76.7078	392.578	76.0702	392.578	75.7423	392.578	75.5957	392.578	75.3497
405.762	81.934	405.762	82.119	405.762	81.5828	405.762	82.1811	405.762	81.0299	405.762	82.157	405.762	80.2607	405.762	82.0654	405.762	79.2973	405.762	81.9021	405.762	78.2177	405.762	81.6465	405.762	77.162	405.762	81.2755	405.762	76.2864	405.762	80.7772	405.762	75.6843	405.762	80.1527	405.762	75.3791	405.762	79.4101	405.762	75.3769	405.762	78.5638	405.762	75.6481	405.762	77.6606	405.762	76.0767	405.762	76.8191	405.762	76.4963	405.762	76.217	405.762	76.7694	405.762	75.9637	405.762	76.8317	405.762	75.9867	405.762	76.7071	405.762	76.1246	405.762	76.4946	405.762	76.2929
420.41	82.6591	420.41	82.8824	420.41	82.2803	420.41	82.9774	420.41	81.7091	420.41	82.9646	420.41	80.9003	420.41	82.8612	420.41	79.8127	420.41	82.6839	420.41	78.442	420.41	82.4442	420.41	76.8856	420.41	82.1389	420.41	75.381	420.41	81.7398	420.41	74.1761	420.41	81.1914	420.41	73.3308	420.41	80.429	420.41	72.915	420.41	79.4194	420.41	73.2269	420.41	78.2148	420.41	74.2478	420.41	76.9651	420.41	75.4213	420.41	75.8065	420.41	76.277	420.41	74.7451	420.41	76.6334	420.41	73.902	420.41	76.4479	420.41	73.8136	420.41	75.7333	420.41	74.6596
435.059	82.708	435.059	82.7727	435.059	82.62	435.059	82.8186	435.059	82.459	435.059	82.8192	435.059	82.1444	435.059	82.747	435.059	81.5904	435.059	82.595	435.059	80.7198	435.059	82.3804	435.059	79.4666	435.059	82.1369	435.059	77.7961	435.059	81.9	435.059	75.8057	435.059	81.6824	435.059	73.9439	435.059	81.4393	435.059	72.9252	435.059	81.0516	435.059	72.8126	435.059	80.3571	435.059	73.0638	435.059	79.2158	435.059	73.4285	435.059	77.5888	435.059	73.8199	435.059	75.6598	435.059	74.0406	435.059	73.9739	435.059	73.9432	435.059	73.1592	435.059	73.5835	435.059	73.1923
450.439	81.6838	450.439	81.6298	450.439	81.7391	450.439	81.5547	450.439	81.7907	450.439	81.4327	450.439	81.7797	450.439	81.2469	450.439	81.5942	450.439	81.0059	450.439	81.0976	450.439	80.7593	450.439	80.1577	450.439	80.5833	450.439	78.6711	450.439	80.5226	450.439	76.6354	450.439	80.5436	450.439	74.4176	450.439	80.5558	450.439	73.1869	450.439	80.4702	450.439	73.7402	450.439	80.2279	450.439	75.0068	450.439	79.798	450.439	76.0159	450.439	79.1776	450.439	76.5237	450.439	78.4017	450.439	76.5845	450.439	77.5583	450.439	76.385	450.439	76.7976	450.439	76.2027	450.439	76.3078
466.553	81.4596	466.553	81.7176	466.553	81.1901	466.553	81.8851	466.553	81.0138	466.553	81.9321	466.553	80.9834	466.553	81.8567	466.553	81.0313	466.553	81.6582	466.553	80.9908	466.553	81.3297	466.553	80.6695	466.553	80.8786	466.553	79.8962	466.553	80.3527	466.553	78.5389	466.553	79.8295	466.553	76.5791	466.553	79.3382	466.553	74.484	466.553	78.7818	466.553	73.6833	466.553	77.967	466.553	74.5929	466.553	76.7125	466.553	75.8084	466.553	74.9989	466.553	76.67	466.553	73.37	466.553	77.165	466.553	73.1998	466.553	77.3031	466.553	74.5731	466.553	76.9771	466.553	76.055
482.666	81.556	482.666	81.9265	482.666	81.1053	482.666	82.1602	482.666	80.7003	482.666	82.2437	482.666	80.4759	482.666	82.1717	482.666	80.4143	482.666	81.9411	482.666	80.2857	482.666	81.5768	482.666	79.7802	482.666	81.1714	482.666	78.6316	482.666	80.8815	482.666	76.7145	482.666	80.8093	482.666	74.4579	482.666	80.8578	482.666	73.5364	482.666	80.7661	482.666	74.5449	482.666	80.2542	482.666	75.92	482.666	79.0975	482.666	77.0304	482.666	77.1606	482.666	77.8485	482.666	74.6255	482.666	78.2788	482.666	72.8898	482.666	78.1484	482.666	73.7783	482.666	77.3233	482.666	75.7674
500.244	81.7801	500.244	82.3329	500.244	81.1154	500.244	82.7183	500.244	80.4557	500.244	82.9062	500.244	80.003	500.244	82.8813	500.244	79.939	500.244	82.6448	500.244	80.1848	500.244	82.2157	500.244	80.3701	500.244	81.6344	500.244	80.0693	500.244	80.9895	500.244	78.9501	500.244	80.4449	500.244	76.8102	500.244	80.1586	500.244	74.02	500.244	80.0633	500.244	73.1263	500.244	79.8155	500.244	75.0285	500.244	79.0283	500.244	76.8207	500.244	77.495	500.244	77.7194	500.244	75.5095	500.244	77.936	500.244	74.4502	500.244	77.7521	500.244	75.2034	500.244	77.2779	500.244	76.4261
517.822	82.1593	517.822	82.5076	517.822	81.6193	517.822	82.6727	517.822	80.9487	517.822	82.691	517.822	80.2953	517.822	82.5909	517.822	79.8335	517.822	82.3794	517.822	79.6062	517.822	82.0507	517.822	79.4179	517.822	81.6001	517.822	78.9239	517.822	81.0474	517.822	77.7616	517.822	80.4871	517.822	75.6784	517.822	80.0971	517.822	73.3444	517.822	79.9433	517.822	73.7551	517.822	79.7319	517.822	76.227	517.822	78.9381	517.822	78.096	517.822	77.0932	517.822	79.0303	517.822	74.0731	517.822	79.2482	517.822	71.9283	517.822	78.9195	517.822	73.8817	517.822	78.0462	517.822	76.4303
536.133	82.9253	536.133	83.4412	536.133	82.2124	536.133	83.6956	536.133	81.4884	536.133	83.693	536.133	81.0256	536.133	83.456	536.133	80.9459	536.133	82.9998	536.133	81.0134	536.133	82.3489	536.133	80.7936	536.133	81.6034	536.133	79.8931	536.133	80.9895	536.133	78.0231	536.133	80.7398	536.133	75.0694	536.133	80.8414	536.133	71.9247	536.133	81.0213	536.133	72.0422	536.133	80.9548	536.133	74.7366	536.133	80.3552	536.133	77.1247	536.133	78.9014	536.133	78.67	536.133	76.0876	536.133	79.3574	536.133	71.4341	536.133	79.17	536.133	70.7081	536.133	77.94	536.133	75.2038
554.443	83.099	554.443	83.6301	554.443	82.2967	554.443	83.9259	554.443	81.2765	554.443	84.0202	554.443	80.3723	554.443	83.909	554.443	80.1852	554.443	83.5444	554.443	80.7389	554.443	82.854	554.443	81.234	554.443	81.792	554.443	80.9558	554.443	80.4688	554.443	79.442	554.443	79.4395	554.443	76.2041	554.443	79.5467	554.443	71.825	554.443	80.5195	554.443	73.3075	554.443	81.2358	554.443	76.7217	554.443	80.9883	554.443	78.5479	554.443	79.3777	554.443	79.3664	554.443	75.9338	554.443	79.6123	554.443	70.9897	554.443	79.3386	554.443	72.3764	554.443	78.3432	554.443	76.2069
574.219	83.6357	574.219	84.4313	574.219	82.3924	574.219	84.8317	574.219	80.7819	574.219	84.9228	574.219	79.2783	574.219	84.7641	574.219	78.9466	574.219	84.3414	574.219	80.0557	574.219	83.5516	574.219	81.3228	574.219	82.2403	574.219	81.721	574.219	80.3471	574.219	80.7789	574.219	78.4319	574.219	78.0644	574.219	78.2183	574.219	72.6649	574.219	79.7001	574.219	68.9143	574.219	80.9331	574.219	74.869	574.219	81.0679	574.219	78.3243	574.219	79.8548	574.219	79.9585	574.219	77.0808	574.219	80.4626	574.219	73.1391	574.219	80.0473	574.219	72.9011	574.219	78.6938	574.219	76.2331
594.727	83.6475	594.727	84.0658	594.727	82.8258	594.727	84.2243	594.727	81.4225	594.727	84.207	594.727	79.3614	594.727	84.052	594.727	77.3491	594.727	83.7814	594.727	77.3894	594.727	83.3818	594.727	78.8624	594.727	82.7281	594.727	79.6111	594.727	81.5443	594.727	78.794	594.727	79.5377	594.727	75.6407	594.727	77.2168	594.727	69.4043	594.727	77.2353	594.727	72.9357	594.727	79.0194	594.727	77.7383	594.727	79.7138	594.727	79.9357	594.727	78.4071	594.727	80.86	594.727	73.9932	594.727	81.1778	594.727	62.5727	594.727	81.0675	594.727	73.0818	594.727	80.2743	594.727	78.1445
615.234	83.6901	615.234	84.0256	615.234	83.0705	615.234	84.2252	615.234	81.9347	615.234	84.3414	615.234	80.0383	615.234	84.3481	615.234	77.608	615.234	84.1746	615.234	76.8594	615.234	83.7299	615.234	78.628	615.234	82.8989	615.234	79.911	615.234	81.5248	615.234	79.4041	615.234	79.4385	615.234	76.3303	615.234	76.862	615.234	67.2304	615.234	75.8861	615.234	67.6415	615.234	77.6245	615.234	76.0035	615.234	79.1003	615.234	79.1148	615.234	78.8372	615.234	80.4537	615.234	75.8787	615.234	80.8942	615.234	66.3936	615.234	80.7227	615.234	70.3905	615.234	79.759	615.234	77.1858
637.207	83.8889	637.207	83.8881	637.207	83.5394	637.207	83.7454	637.207	82.5348	637.207	83.6126	637.207	80.434	637.207	83.5677	637.207	76.8897	637.207	83.5602	637.207	74.8622	637.207	83.4164	637.207	77.957	637.207	82.9038	637.207	80.3041	637.207	81.7354	637.207	80.5431	637.207	79.4989	637.207	78.2126	637.207	76.0174	637.207	70.8506	637.207	75.2711	637.207	69.3973	637.207	78.7286	637.207	77.9871	637.207	80.755	637.207	81.3196	637.207	80.5737	637.207	82.6749	637.207	77.8661	637.207	82.8711	637.207	71.4621	637.207	82.1852	637.207	71.9012	637.207	80.6268	637.207	77.7102
659.912	83.7955	659.912	83.0405	659.912	84.2342	659.912	82.408	659.912	83.9277	659.912	82.175	659.912	82.4406	659.912	82.419	659.912	78.9372	659.912	83.0656	659.912	70.9614	659.912	83.8042	659.912	74.437	659.912	84.1861	659.912	80.4731	659.912	83.7916	659.912	82.5058	659.912	82.1126	659.912	81.9389	659.912	78.0669	659.912	78.8633	659.912	68.7496	659.912	75.9736	659.912	74.9512	659.912	79.7429	659.912	80.2257	659.912	82.9982	659.912	82.0247	659.912	84.6297	659.912	81.4493	659.912	85.2106	659.912	78.3996	659.912	84.9404	659.912	76.6344	659.912	83.6254	659.912	80.7179
683.35	80.5376	683.35	80.2715	683.35	81.4332	683.35	80.3392	683.35	82.5722	683.35	80.3618	683.35	83.1268	683.35	80.2355	683.35	82.1772	683.35	80.149	683.35	78.0709	683.35	80.5866	683.35	63.9861	683.35	81.7778	683.35	78.4937	683.35	83.0332	683.35	83.1179	683.35	83.395	683.35	84.0399	683.35	82.0553	683.35	82.6306	683.35	77.4683	683.35	80.18	683.35	59.1953	683.35	80.4683	683.35	78.2545	683.35	83.0581	683.35	82.9188	683.35	84.8462	683.35	83.8724	683.35	85.3584	683.35	82.5627	683.35	84.6974	683.35	80.4936	683.35	82.9968	683.35	80.802
706.787	80.7549	706.787	81.2578	706.787	81.0521	706.787	81.9198	706.787	81.9512	706.787	82.1716	706.787	82.6546	706.787	81.8438	706.787	82.4926	706.787	81.0859	706.787	80.7391	706.787	80.4113	706.787	75.4909	706.787	80.5579	706.787	66.7297	706.787	81.5353	706.787	78.4668	706.787	82.4575	706.787	82.0771	706.787	82.4204	706.787	82.3532	706.787	80.4426	706.787	80.0349	706.787	74.0276	706.787	76.5948	706.787	69.4591	706.787	77.6147	706.787	79.1122	706.787	79.7759	706.787	81.946	706.787	80.5065	706.787	81.8777	706.787	79.9091	706.787	79.6008	706.787	77.993	706.787	76.8754
731.689	81.4872	731.689	82.3573	731.689	80.7537	731.689	82.9042	731.689	80.9231	731.689	83.0526	731.689	81.802	731.689	82.7945	731.689	82.2581	731.689	82.1257	731.689	81.2873	731.689	81.197	731.689	77.7752	731.689	80.5373	731.689	70.5267	731.689	80.7604	731.689	75.7665	731.689	81.4789	731.689	80.0669	731.689	81.6041	731.689	80.6114	731.689	80.2755	731.689	78.2473	731.689	76.5639	731.689	73.3947	731.689	69.9756	731.689	70.9142	731.689	75.2899	731.689	74.294	731.689	79.6359	731.689	76.1988	731.689	80.4597	731.689	75.6019	731.689	78.3882	731.689	72.571	731.689	73.6631
758.057	81.5442	758.057	82.5479	758.057	80.1765	758.057	83.0047	758.057	79.3601	758.057	83.0098	758.057	79.9152	758.057	82.6781	758.057	80.7841	758.057	82.0731	758.057	80.651	758.057	81.2	758.057	78.859	758.057	80.1384	758.057	75.3858	758.057	79.4253	758.057	74.7825	758.057	79.7835	758.057	77.9457	758.057	80.5341	758.057	79.1159	758.057	80.3292	758.057	77.2301	758.057	78.3201	758.057	69.9989	758.057	74.8217	758.057	62.5994	758.057	75.9706	758.057	72.5243	758.057	79.0196	758.057	73.9449	758.057	79.4067	758.057	71.8011	758.057	76.8334	758.057	64.4416	758.057	70.1401
784.424	81.8579	784.424	82.5732	784.424	80.8747	784.424	83.0487	784.424	79.6857	784.424	83.2584	784.424	78.8798	784.424	83.1712	784.424	78.8972	784.424	82.7508	784.424	78.5868	784.424	81.954	784.424	76.6965	784.424	80.8068	784.424	74.2655	784.424	79.5814	784.424	75.5305	784.424	78.8804	784.424	77.5804	784.424	78.8172	784.424	77.7693	784.424	78.3504	784.424	75.4492	784.424	76.4646	784.424	68.682	784.424	74.4539	784.424	62.6306	784.424	76.5448	784.424	71.8806	784.424	78.7438	784.424	73.7894	784.424	78.7526	784.424	71.5459	784.424	76.1444	784.424	60.0892	784.424	68.8697
812.256	82.4715	812.256	82.7858	812.256	81.8484	812.256	82.9725	812.256	80.9522	812.256	83.0915	812.256	80.1537	812.256	83.0048	812.256	79.6245	812.256	82.6093	812.256	78.8693	812.256	82.0022	812.256	76.9262	812.256	81.3836	812.256	72.5477	812.256	80.8577	812.256	73.0627	812.256	80.4334	812.256	77.0747	812.256	80.0411	812.256	77.1956	812.256	79.2302	812.256	73.9324	812.256	77.1346	812.256	65.5306	812.256	73.4608	812.256	61.7548	812.256	74.7146	812.256	71.5754	812.256	77.8856	812.256	74.0327	812.256	78.1165	812.256	72.5693	812.256	75.3894	812.256	63.3615	812.256	67.4607
840.82	82.0697	840.82	82.8528	840.82	81.0575	840.82	83.3014	840.82	79.9991	840.82	83.3667	840.82	79.3966	840.82	83.1119	840.82	79.5951	840.82	82.6373	840.82	79.5882	840.82	81.9441	840.82	78.0239	840.82	81.0443	840.82	74.1049	840.82	80.2909	840.82	72.3416	840.82	80.142	840.82	76.7525	840.82	80.2963	840.82	78.3857	840.82	79.8826	840.82	76.2049	840.82	77.9356	840.82	68.0502	840.82	73.3719	840.82	65.3687	840.82	71.923	840.82	72.404	840.82	76.7539	840.82	74.12	840.82	78.0578	840.82	73.2386	840.82	75.2835	840.82	68.0274	840.82	65.3108
870.85	82.6559	870.85	83.3598	870.85	81.4519	870.85	83.5648	870.85	80.0167	870.85	83.4493	870.85	78.98	870.85	83.2542	870.85	78.7255	870.85	83.0913	870.85	78.5155	870.85	82.8086	870.85	77.3469	870.85	82.0844	870.85	75.0919	870.85	80.6418	870.85	75.1911	870.85	78.8297	870.85	77.324	870.85	78.2839	870.85	77.6057	870.85	78.7343	870.85	75.1642	870.85	77.6814	870.85	65.9382	870.85	74.6923	870.85	67.5887	870.85	76.0823	870.85	74.8421	870.85	78.8012	870.85	76.434	870.85	78.5891	870.85	75.3515	870.85	74.8197	870.85	70.4296	870.85	62.8329
901.611	83.2476	901.611	83.5927	901.611	82.6298	901.611	83.7431	901.611	81.7397	901.611	83.7956	901.611	80.7761	901.611	83.7726	901.611	80.3639	901.611	83.6146	901.611	80.417	901.611	83.1948	901.611	79.1494	901.611	82.3173	901.611	74.5002	901.611	81.0382	901.611	71.5948	901.611	80.0082	901.611	76.6797	901.611	79.818	901.611	78.1061	901.611	79.7896	901.611	75.8899	901.611	78.4461	901.611	67.7452	901.611	74.1919	901.611	67.0956	901.611	72.5121	901.611	75.1733	901.611	77.4175	901.611	77.1419	901.611	78.4064	901.611	75.7678	901.611	75.1667	901.611	69.9264	901.611	62.4686
933.105	83.7502	933.105	84.1721	933.105	83.0227	933.105	84.2491	933.105	81.8841	933.105	84.123	933.105	80.5118	933.105	84.0436	933.105	80.3773	933.105	83.9727	933.105	81.2268	933.105	83.701	933.105	80.9137	933.105	83.09	933.105	77.8981	933.105	81.9675	933.105	72.0535	933.105	80.5384	933.105	75.8834	933.105	80.2945	933.105	78.3821	933.105	81.0519	933.105	76.5129	933.105	80.516	933.105	66.9907	933.105	77.1754	933.105	69.9969	933.105	72.4053	933.105	76.5451	933.105	77.3659	933.105	77.8895	933.105	78.9059	933.105	76.2626	933.105	75.8241	933.105	70.4385	933.105	65.4842
966.064	83.3826	966.064	83.7899	966.064	82.6563	966.064	83.9392	966.064	81.6117	966.064	84.0028	966.064	80.0637	966.064	83.9984	966.064	78.602	966.064	83.8787	966.064	79.2278	966.064	83.5449	966.064	79.8696	966.064	82.8212	966.064	77.6664	966.064	81.5596	966.064	72.1535	966.064	79.8229	966.064	76.4414	966.064	78.8274	966.064	79.5331	966.064	79.5192	966.064	77.8868	966.064	79.884	966.064	69.256	966.064	77.9722	966.064	67.6498	966.064	74.0382	966.064	75.3818	966.064	77.0237	966.064	77.0963	966.064	79.2096	966.064	75.8167	966.064	77.3803	966.064	69.1085	966.064	68.3846
999.756	83.1663	999.756	83.0961	999.756	83.2217	999.756	83.4911	999.756	82.3366	999.756	83.8346	999.756	80.397	999.756	83.759	999.756	78.4504	999.756	83.5282	999.756	77.9794	999.756	83.4308	999.756	78.3702	999.756	83.1528	999.756	76.8813	999.756	82.1734	999.756	71.3155	999.756	80.3549	999.756	74.6633	999.756	78.4303	999.756	78.7896	999.756	78.797	999.756	78.5235	999.756	79.4608	999.756	72.7878	999.756	77.0381	999.756	66.0651	999.756	71.6377	999.756	75.5036	999.756	75.4116	999.756	77.6618	999.756	78.3362	999.756	76.4204	999.756	77.4082	999.756	68.3802	999.756	70.3228
1034.91	81.7943	1034.91	82.7684	1034.91	81.1984	1034.91	83.2313	1034.91	81.062	1034.91	83.2505	1034.91	80.0626	1034.91	83.0493	1034.91	77.7074	1034.91	82.4613	1034.91	77.1974	1034.91	81.6365	1034.91	78.7809	1034.91	81.3313	1034.91	77.8385	1034.91	81.4284	1034.91	71.6569	1034.91	80.5154	1034.91	71.1179	1034.91	78.0496	1034.91	77.6153	1034.91	77.1408	1034.91	77.7218	1034.91	78.6623	1034.91	72.5927	1034.91	77.5863	1034.91	66.3589	1034.91	70.4589	1034.91	74.2616	1034.91	72.643	1034.91	76.8342	1034.91	77.7379	1034.91	75.6822	1034.91	77.6157	1034.91	68.2803	1034.91	71.0561
1071.53	82.7472	1071.53	83.5393	1071.53	81.6015	1071.53	83.6885	1071.53	80.7104	1071.53	83.565	1071.53	79.4995	1071.53	83.2909	1071.53	77.3087	1071.53	82.7647	1071.53	76.231	1071.53	82.2242	1071.53	77.8156	1071.53	81.5534	1071.53	78.029	1071.53	80.2268	1071.53	74.7909	1071.53	78.4326	1071.53	70.0787	1071.53	76.712	1071.53	75.0767	1071.53	76.6045	1071.53	76.4991	1071.53	77.9416	1071.53	72.3689	1071.53	77.1951	1071.53	66.4955	1071.53	72.2674	1071.53	72.4957	1071.53	70.7771	1071.53	74.9252	1071.53	75.8397	1071.53	73.9891	1071.53	75.7746	1071.53	65.8416	1071.53	68.5357
1109.62	81.8385	1109.62	82.5808	1109.62	81.1258	1109.62	83.4402	1109.62	80.4535	1109.62	83.9171	1109.62	80.0003	1109.62	83.6413	1109.62	78.8557	1109.62	82.559	1109.62	76.9884	1109.62	80.9632	1109.62	76.4822	1109.62	80.0093	1109.62	76.3506	1109.62	80.1198	1109.62	74.0811	1109.62	79.8232	1109.62	71.8934	1109.62	77.6467	1109.62	76.6018	1109.62	74.2263	1109.62	77.2402	1109.62	75.8204	1109.62	72.6773	1109.62	77.1768	1109.62	64.3055	1109.62	74.4156	1109.62	70.2168	1109.62	73.3805	1109.62	74.1191	1109.62	78.4414	1109.62	72.8311	1109.62	77.5606	1109.62	67.3347	1109.62	71.5088
1148.44	83.5062	1148.44	84.2044	1148.44	82.2418	1148.44	84.3822	1148.44	80.9918	1148.44	84.312	1148.44	80.2723	1148.44	84.1388	1148.44	78.8979	1148.44	83.8566	1148.44	76.2714	1148.44	83.1515	1148.44	76.3211	1148.44	81.6841	1148.44	77.7271	1148.44	80.0773	1148.44	74.4989	1148.44	79.2137	1148.44	69.2968	1148.44	78.3114	1148.44	75.5913	1148.44	76.3709	1148.44	77.9928	1148.44	75.6608	1148.44	75.5667	1148.44	76.7925	1148.44	54.7227	1148.44	73.649	1148.44	72.827	1148.44	68.1457	1148.44	75.7258	1148.44	76.053	1148.44	74.0273	1148.44	77.5714	1148.44	65.9474	1148.44	73.323
1189.45	83.0821	1189.45	83.8654	1189.45	82.2318	1189.45	84.7182	1189.45	81.0696	1189.45	85.0486	1189.45	79.9631	1189.45	84.5362	1189.45	79.2261	1189.45	83.444	1189.45	77.4522	1189.45	82.246	1189.45	75.741	1189.45	81.2856	1189.45	77.0801	1189.45	80.6274	1189.45	76.2575	1189.45	80.3415	1189.45	68.5483	1189.45	79.4992	1189.45	76.1782	1189.45	76.2301	1189.45	78.6518	1189.45	73.5734	1189.45	75.3099	1189.45	75.9783	1189.45	70.5914	1189.45	75.5547	1189.45	73.1094	1189.45	68.9063	1189.45	74.8142	1189.45	76.1433	1189.45	70.1157	1189.45	78.7983	1189.45	70.7391	1189.45	75.8039
1231.2	83.9056	1231.2	84.0733	1231.2	83.2476	1231.2	84.1456	1231.2	81.5794	1231.2	84.3423	1231.2	79.7316	1231.2	84.7885	1231.2	79.5585	1231.2	84.9521	1231.2	78.9521	1231.2	84.3142	1231.2	76.1642	1231.2	82.906	1231.2	75.887	1231.2	81.0688	1231.2	76.7932	1231.2	79.7266	1231.2	71.924	1231.2	79.0354	1231.2	74.0549	1231.2	77.135	1231.2	78.5088	1231.2	75.2195	1231.2	76.6124	1231.2	77.3315	1231.2	68.5774	1231.2	76.7765	1231.2	53.3079	1231.2	71.1706	1231.2	67.7394	1231.2	74.8789	1231.2	66.7576	1231.2	78.2602	1231.2	66.8184	1231.2	75.8784
1274.41	83.4277	1274.41	83.7234	1274.41	82.4088	1274.41	83.7995	1274.41	80.8762	1274.41	84.0455	1274.41	79.4695	1274.41	84.1381	1274.41	78.229	1274.41	83.6801	1274.41	76.0117	1274.41	82.5891	1274.41	73.1376	1274.41	81.7636	1274.41	74.5548	1274.41	81.6393	1274.41	76.6065	1274.41	80.4348	1274.41	74.4562	1274.41	78.5518	1274.41	71.2051	1274.41	78.1067	1274.41	76.9882	1274.41	76.3943	1274.41	76.9022	1274.41	75.5145	1274.41	70.7071	1274.41	77.3386	1274.41	58.5756	1274.41	73.2061	1274.41	66.8094	1274.41	73.0639	1274.41	54.2294	1274.41	77.3974	1274.41	73.4319	1274.41	77.8566
1319.82	82.8976	1319.82	83.9406	1319.82	81.9705	1319.82	84.0985	1319.82	81.7448	1319.82	83.9052	1319.82	80.4461	1319.82	83.8932	1319.82	78.3323	1319.82	83.9535	1319.82	78.0674	1319.82	83.6963	1319.82	76.708	1319.82	82.8723	1319.82	72.0201	1319.82	81.7012	1319.82	74.5191	1319.82	79.943	1319.82	73.6734	1319.82	77.6305	1319.82	66.8577	1319.82	76.2017	1319.82	75.0001	1319.82	75.6454	1319.82	75.6598	1319.82	74.3663	1319.82	70.0133	1319.82	74.8825	1319.82	66.0105	1319.82	72.025	1319.82	67.554	1319.82	67.4455	1319.82	60.9273	1319.82	75.0304	1319.82	70.3816	1319.82	76.1545
1365.97	81.3662	1365.97	82.181	1365.97	80.5597	1365.97	83.8027	1365.97	79.9732	1365.97	84.9737	1365.97	80.6092	1365.97	84.8391	1365.97	79.5354	1365.97	83.298	1365.97	76.2306	1365.97	81.0913	1365.97	76.8283	1365.97	80.3196	1365.97	76.7826	1365.97	79.8666	1365.97	74.2202	1365.97	79.1545	1365.97	75.3475	1365.97	78.9704	1365.97	68.1552	1365.97	78.1502	1365.97	66.2252	1365.97	76.7767	1365.97	74.818	1365.97	72.9886	1365.97	74.7006	1365.97	71.9746	1365.97	68.9925	1365.97	74.9374	1365.97	68.7649	1365.97	72.5606	1365.97	70.9414	1365.97	72.1653	1365.97	74.1262	1365.97	75.0217
1414.31	83.9528	1414.31	84.6908	1414.31	83.5793	1414.31	84.9558	1414.31	82.4483	1414.31	83.8168	1414.31	80.6198	1414.31	83.0927	1414.31	79.2731	1414.31	83.9823	1414.31	76.9979	1414.31	83.5919	1414.31	74.9126	1414.31	81.7266	1414.31	76.2592	1414.31	81.1584	1414.31	73.7585	1414.31	80.7461	1414.31	69.9571	1414.31	78.6202	1414.31	75.027	1414.31	75.8569	1414.31	73.9878	1414.31	74.8682	1414.31	68.8895	1414.31	76.1369	1414.31	74.9535	1414.31	72.5874	1414.31	75.7061	1414.31	71.8265	1414.31	76.4414	1414.31	75.449	1414.31	77.1161	1414.31	71.8817	1414.31	73.0842	1414.31	67.0625
1464.11	85.7353	1464.11	85.7463	1464.11	84.1646	1464.11	85.6162	1464.11	81.1909	1464.11	85.833	1464.11	79.5701	1464.11	85.1586	1464.11	79.853	1464.11	83.9339	1464.11	77.9908	1464.11	83.336	1464.11	74.3453	1464.11	83.2897	1464.11	75.6934	1464.11	81.7571	1464.11	74.4492	1464.11	79.0842	1464.11	72.2017	1464.11	80.1592	1464.11	76.9892	1464.11	80.1712	1464.11	75.6822	1464.11	76.8912	1464.11	64.7425	1464.11	77.3569	1464.11	73.948	1464.11	74.2781	1464.11	76.8256	1464.11	70.7396	1464.11	77.5505	1464.11	76.5137	1464.11	76.9291	1464.11	74.0997	1464.11	72.1751	1464.11	69.168
1515.38	84.036	1515.38	84.8893	1515.38	83.745	1515.38	86.1851	1515.38	82.4216	1515.38	86.0796	1515.38	80.2007	1515.38	85.3847	1515.38	79.2066	1515.38	84.7596	1515.38	79.9111	1515.38	83.6316	1515.38	76.4157	1515.38	83.0828	1515.38	74.4074	1515.38	82.4509	1515.38	77.2237	1515.38	80.1028	1515.38	71.0486	1515.38	78.5918	1515.38	74.2427	1515.38	78.9924	1515.38	76.9534	1515.38	75.1657	1515.38	69.8164	1515.38	75.0402	1515.38	73.2779	1515.38	77.247	1515.38	79.8977	1515.38	67.2575	1515.38	80.7916	1515.38	75.1185	1515.38	78.3542	1515.38	77.0164	1515.38	73.033	1515.38	69.173
1568.85	84.3604	1568.85	85.4607	1568.85	82.425	1568.85	85.5396	1568.85	82.2647	1568.85	86.0843	1568.85	81.299	1568.85	85.8519	1568.85	77.3164	1568.85	84.9442	1568.85	77.5392	1568.85	84.0967	1568.85	77.7033	1568.85	82.2157	1568.85	72.5505	1568.85	81.466	1568.85	76.1714	1568.85	80.942	1568.85	72.8582	1568.85	78.7102	1568.85	71.5374	1568.85	79.3353	1568.85	77.9559	1568.85	77.8224	1568.85	75.9263	1568.85	73.4076	1568.85	68.1764	1568.85	76.3964	1568.85	77.3506	1568.85	71.9477	1568.85	79.4634	1568.85	70.2276	1568.85	77.1689	1568.85	78.6133	1568.85	72.5753	1568.85	74.8841
1624.51	84.4108	1624.51	84.6937	1624.51	83.6558	1624.51	85.4062	1624.51	81.2326	1624.51	85.1249	1624.51	80.9223	1624.51	85.4043	1624.51	80.4777	1624.51	85.3446	1624.51	78.3049	1624.51	84.4015	1624.51	77.8536	1624.51	83.3899	1624.51	74.3305	1624.51	81.3882	1624.51	74.3235	1624.51	80.713	1624.51	74.4693	1624.51	80.0382	1624.51	62.3413	1624.51	77.5455	1624.51	76.609	1624.51	77.6803	1624.51	77.2158	1624.51	74.7767	1624.51	69.9357	1624.51	75.0015	1624.51	72.3296	1624.51	74.9682	1624.51	76.3217	1624.51	66.3946	1624.51	70.6704	1624.51	77.1588	1624.51	65.633	1624.51	75.8741
1681.64	85.2531	1681.64	85.9875	1681.64	84.4464	1681.64	86.0672	1681.64	83.4699	1681.64	86.3858	1681.64	81.4789	1681.64	86.0898	1681.64	79.0952	1681.64	85.3799	1681.64	76.7671	1681.64	84.7484	1681.64	77.3615	1681.64	83.7215	1681.64	75.6214	1681.64	82.5106	1681.64	72.834	1681.64	80.6969	1681.64	75.2056	1681.64	78.6572	1681.64	68.3302	1681.64	78.1581	1681.64	73.3913	1681.64	77.9118	1681.64	72.9456	1681.64	74.9622	1681.64	60.653	1681.64	73.8343	1681.64	67.4373	1681.64	75.2969	1681.64	75.3544	1681.64	69.2154	1681.64	74.8378	1681.64	73.8256	1681.64	60.8544	1681.64	76.2322
1740.97	85.7576	1740.97	86.3969	1740.97	84.5097	1740.97	86.9752	1740.97	83.2764	1740.97	87.2332	1740.97	82.4683	1740.97	86.8183	1740.97	81.5802	1740.97	85.971	1740.97	79.7355	1740.97	85.148	1740.97	78.2065	1740.97	84.2243	1740.97	77.0874	1740.97	82.3392	1740.97	74.2489	1740.97	81.0551	1740.97	75.1206	1740.97	80.3919	1740.97	71.5504	1740.97	77.9776	1740.97	75.6606	1740.97	77.2678	1740.97	76.8523	1740.97	76.2599	1740.97	66.6514	1740.97	74.4561	1740.97	69.5153	1740.97	74.2448	1740.97	74.2817	1740.97	71.8615	1740.97	71.515	1740.97	75.5024	1740.97	69.2353	1740.97	73.1087
1802.49	85.8	1802.49	86.6541	1802.49	85.3569	1802.49	87.3028	1802.49	83.9837	1802.49	87.5547	1802.49	81.7633	1802.49	87.3216	1802.49	80.9275	1802.49	86.8468	1802.49	79.4436	1802.49	86.1004	1802.49	77.6608	1802.49	84.8509	1802.49	76.3104	1802.49	83.3093	1802.49	74.1202	1802.49	81.8003	1802.49	74.4635	1802.49	79.9398	1802.49	69.3521	1802.49	77.8059	1802.49	71.8902	1802.49	77.248	1802.49	75.6771	1802.49	75.4473	1802.49	70.4908	1802.49	73.4268	1802.49	62.9289	1802.49	73.7958	1802.49	69.8804	1802.49	62.6961	1802.49	63.2699	1802.49	73.8077	1802.49	71.5545	1802.49	77.2249
1866.21	85.971	1866.21	86.5572	1866.21	84.9325	1866.21	87.2759	1866.21	84.27	1866.21	87.5676	1866.21	82.7888	1866.21	87.1445	1866.21	80.0166	1866.21	86.7447	1866.21	78.1108	1866.21	85.9946	1866.21	77.4671	1866.21	85.2379	1866.21	76.7752	1866.21	84.1605	1866.21	73.9961	1866.21	82.4892	1866.21	72.9266	1866.21	81.3645	1866.21	69.2472	1866.21	79.6783	1866.21	70.4914	1866.21	76.8461	1866.21	74.8978	1866.21	76.1547	1866.21	70.0583	1866.21	75.3123	1866.21	59.4663	1866.21	73.3359	1866.21	69.7919	1866.21	70.1283	1866.21	67.1355	1866.21	68.0159	1866.21	68.9551	1866.21	74.7027
1932.13	85.7572	1932.13	86.5088	1932.13	84.7151	1932.13	86.7865	1932.13	83.6477	1932.13	87.0188	1932.13	82.4145	1932.13	86.8014	1932.13	80.6501	1932.13	85.9148	1932.13	78.4049	1932.13	85.2494	1932.13	75.537	1932.13	84.4456	1932.13	75.2594	1932.13	83.4612	1932.13	73.5746	1932.13	82.2058	1932.13	73.3618	1932.13	80.0718	1932.13	72.0304	1932.13	77.557	1932.13	67.412	1932.13	75.7894	1932.13	69.857	1932.13	75.0863	1932.13	67.4508	1932.13	73.2435	1932.13	61.66	1932.13	73.2971	1932.13	66.9526	1932.13	72.6435	1932.13	62.7974	1932.13	71.9073	1932.13	59.0864	1932.13	69.2221
2000.24	85.6885	2000.24	86.548	2000.24	84.9052	2000.24	86.8835	2000.24	83.2027	2000.24	86.9536	2000.24	81.321	2000.24	86.6929	2000.24	80.1975	2000.24	85.982	2000.24	78.3572	2000.24	85.3819	2000.24	74.8703	2000.24	83.9858	2000.24	71.9197	2000.24	82.0559	2000.24	73.014	2000.24	80.54	2000.24	70.08	2000.24	78.7175	2000.24	70.2319	2000.24	76.7559	2000.24	63.6575	2000.24	74.3972	2000.24	71.3204	2000.24	72.5917	2000.24	72.3204	2000.24	71.1639	2000.24	63.1409	2000.24	69.2394	2000.24	64.7181	2000.24	65.3297	2000.24	66.289	2000.24	63.1824	2000.24	71.8812	2000.24	71.5217
2070.56	85.3248	2070.56	86.1049	2070.56	84.1785	2070.56	86.6122	2070.56	83.1224	2070.56	86.8592	2070.56	80.7751	2070.56	86.762	2070.56	78.1518	2070.56	86.1031	2070.56	76.4558	2070.56	85.1369	2070.56	75.2364	2070.56	83.9871	2070.56	73.7986	2070.56	82.2995	2070.56	70.6994	2070.56	80.6243	2070.56	68.6158	2070.56	78.2228	2070.56	68.2962	2070.56	76.048	2070.56	68.2896	2070.56	74.1934	2070.56	65.8491	2070.56	71.8771	2070.56	69.2243	2070.56	71.396	2070.56	62.1319	2070.56	68.8763	2070.56	58.0106	2070.56	68.7289	2070.56	63.6593	2070.56	66.849	2070.56	67.8509	2070.56	69.9608
2143.8	84.3834	2143.8	85.1693	2143.8	83.1029	2143.8	85.4011	2143.8	81.8039	2143.8	85.6515	2143.8	79.788	2143.8	85.495	2143.8	77.0904	2143.8	85.0692	2143.8	74.5255	2143.8	84.2376	2143.8	71.3874	2143.8	82.9797	2143.8	68.5061	2143.8	81.4789	2143.8	67.972	2143.8	79.6681	2143.8	68.9718	2143.8	77.6257	2143.8	65.1057	2143.8	74.1773	2143.8	59.7021	2143.8	71.7555	2143.8	62.709	2143.8	70.4544	2143.8	60.2189	2143.8	67.7346	2143.8	63.2056	2143.8	68.2357	2143.8	57.9973	2143.8	67.6896	2143.8	57.5354	2143.8	67.4065	2143.8	61.7155	2143.8	55.606
2219.24	84.0041	2219.24	84.7324	2219.24	83.1402	2219.24	84.9567	2219.24	81.4123	2219.24	85.2127	2219.24	79.2253	2219.24	84.7919	2219.24	77.9306	2219.24	84.1565	2219.24	75.4786	2219.24	83.4496	2219.24	73.1449	2219.24	82.3163	2219.24	70.971	2219.24	80.9121	2219.24	66.2679	2219.24	78.908	2219.24	66.3276	2219.24	76.5447	2219.24	62.8237	2219.24	74.9842	2219.24	67.2686	2219.24	73.0105	2219.24	65.6484	2219.24	69.997	2219.24	62.3357	2219.24	69.1489	2219.24	65.8915	2219.24	68.5613	2219.24	65.4343	2219.24	58.8244	2219.24	67.5817	2219.24	66.0651	2219.24	59.6575	2219.24	66.9539
2297.61	84.186	2297.61	84.8162	2297.61	82.8529	2297.61	85.0555	2297.61	81.4593	2297.61	85.2287	2297.61	79.5395	2297.61	84.9545	2297.61	77.3156	2297.61	84.3513	2297.61	75.0296	2297.61	83.687	2297.61	72.8605	2297.61	82.2115	2297.61	70.771	2297.61	80.5273	2297.61	68.8631	2297.61	78.6909	2297.61	68.3537	2297.61	75.9623	2297.61	66.8526	2297.61	74.2686	2297.61	60.4189	2297.61	72.258	2297.61	69.7675	2297.61	71.063	2297.61	66.2118	2297.61	68.7366	2297.61	60.5574	2297.61	66.0891	2297.61	62.8456	2297.61	68.1317	2297.61	63.0078	2297.61	64.1001	2297.61	63.1558	2297.61	67.1327
2378.17	83.0501	2378.17	83.8076	2378.17	82.2556	2378.17	84.2131	2378.17	80.5371	2378.17	84.2813	2378.17	78.3629	2378.17	84.2	2378.17	76.4034	2378.17	83.8422	2378.17	74.1943	2378.17	83.4956	2378.17	71.9433	2378.17	82.3437	2378.17	70.4741	2378.17	80.6942	2378.17	67.7371	2378.17	79.2136	2378.17	63.7652	2378.17	77.3431	2378.17	66.6155	2378.17	75.0589	2378.17	65.8459	2378.17	72.8185	2378.17	68.7163	2378.17	71.1821	2378.17	68.0206	2378.17	69.4735	2378.17	52.0356	2378.17	69.3202	2378.17	53.5454	2378.17	68.5848	2378.17	53.6107	2378.17	67.3373	2378.17	66.0159	2378.17	70.1023
2462.4	82.5455	2462.4	83.0553	2462.4	81.6582	2462.4	83.4194	2462.4	80.2466	2462.4	83.5771	2462.4	78.2432	2462.4	83.5055	2462.4	76.1467	2462.4	83.0084	2462.4	74.0096	2462.4	82.4686	2462.4	71.9561	2462.4	81.3914	2462.4	70.22	2462.4	80.0552	2462.4	70.0321	2462.4	78.1218	2462.4	69.9407	2462.4	76.1447	2462.4	68.981	2462.4	74.9555	2462.4	63.8942	2462.4	72.3911	2462.4	67.451	2462.4	71.3463	2462.4	68.2492	2462.4	70.2184	2462.4	59.386	2462.4	67.0935	2462.4	46.2392	2462.4	67.098	2462.4	58.6418	2462.4	62.3477	2462.4	67.6824	2462.4	71.0781
2548.83	83.2376	2548.83	83.8665	2548.83	82.5065	2548.83	83.8374	2548.83	81.1864	2548.83	83.9151	2548.83	79.5612	2548.83	84.0486	2548.83	77.6026	2548.83	83.7678	2548.83	75.5864	2548.83	83.4515	2548.83	73.5764	2548.83	82.4686	2548.83	71.7636	2548.83	80.879	2548.83	70.2162	2548.83	79.2053	2548.83	67.8344	2548.83	76.8099	2548.83	67.1153	2548.83	74.4598	2548.83	67.9325	2548.83	72.9228	2548.83	69.3651	2548.83	71.1263	2548.83	70.1427	2548.83	68.9566	2548.83	63.8803	2548.83	67.9647	2548.83	58.6883	2548.83	68.255	2548.83	66.4326	2548.83	65.561	2548.83	68.4873	2548.83	67.0594
2638.92	83.4632	2638.92	83.6414	2638.92	82.943	2638.92	83.6497	2638.92	81.5555	2638.92	83.6734	2638.92	79.6589	2638.92	83.699	2638.92	77.5301	2638.92	83.6574	2638.92	75.6928	2638.92	83.7453	2638.92	74.3388	2638.92	82.9728	2638.92	72.4617	2638.92	81.5942	2638.92	70.7302	2638.92	79.6847	2638.92	69.8814	2638.92	77.9227	2638.92	69.301	2638.92	76.2168	2638.92	68.0398	2638.92	73.8817	2638.92	66.6878	2638.92	72.5329	2638.92	67.9002	2638.92	71.3283	2638.92	65.4994	2638.92	69.511	2638.92	60.4174	2638.92	69.7388	2638.92	53.3519	2638.92	69.2412	2638.92	70.4477	2638.92	71.7074
2731.93	83.1522	2731.93	83.4229	2731.93	82.4933	2731.93	82.8336	2731.93	81.3264	2731.93	82.8545	2731.93	79.7237	2731.93	83.1648	2731.93	77.7388	2731.93	83.3929	2731.93	75.3565	2731.93	83.2479	2731.93	73.1931	2731.93	82.4745	2731.93	72.4569	2731.93	81.4878	2731.93	70.9293	2731.93	80.049	2731.93	69.3932	2731.93	77.7704	2731.93	67.4006	2731.93	75.4251	2731.93	67.627	2731.93	73.5006	2731.93	66.5707	2731.93	72.1031	2731.93	69.6543	2731.93	70.9103	2731.93	67.3442	2731.93	69.669	2731.93	59.7875	2731.93	68.9962	2731.93	68.4722	2731.93	66.5336	2731.93	69.6908	2731.93	65.6914
2828.61	83.345	2828.61	82.9734	2828.61	83.3488	2828.61	82.8277	2828.61	82.0124	2828.61	82.5229	2828.61	79.8779	2828.61	82.7311	2828.61	78.08	2828.61	83.1792	2828.61	75.8497	2828.61	83.4569	2828.61	74.5569	2828.61	82.7396	2828.61	72.45	2828.61	81.343	2828.61	70.5241	2828.61	79.5853	2828.61	70.3813	2828.61	77.9608	2828.61	70.1587	2828.61	76.2478	2828.61	69.13	2828.61	73.07	2828.61	67.9571	2828.61	71.9435	2828.61	68.7058	2828.61	70.3971	2828.61	62.5146	2828.61	67.4331	2828.61	61.5213	2828.61	69.4929	2828.61	64.9803	2828.61	70.5602	2828.61	67.3117	2828.61	68.578
2928.22	83.2261	2928.22	82.6663	2928.22	82.7526	2928.22	81.8507	2928.22	81.1471	2928.22	81.8273	2928.22	79.6634	2928.22	82.268	2928.22	77.5171	2928.22	82.8721	2928.22	75.7155	2928.22	83.1186	2928.22	72.8498	2928.22	82.6522	2928.22	71.6758	2928.22	81.3892	2928.22	71.316	2928.22	79.2246	2928.22	69.8217	2928.22	76.9865	2928.22	68.5271	2928.22	75.2153	2928.22	68.7376	2928.22	73.8385	2928.22	67.7599	2928.22	72.299	2928.22	67.2113	2928.22	71.3279	2928.22	64.7472	2928.22	71.9411	2928.22	58.4542	2928.22	68.1194	2928.22	67.4515	2928.22	66.1228	2928.22	69.9447	2928.22	67.7607
3031.49	83.5062	3031.49	83.5565	3031.49	82.8669	3031.49	82.5129	3031.49	82.0183	3031.49	82.2018	3031.49	80.111	3031.49	82.4183	3031.49	78.3036	3031.49	83.0692	3031.49	76.1314	3031.49	83.6586	3031.49	74.4079	3031.49	82.6836	3031.49	72.771	3031.49	81.3008	3031.49	71.0658	3031.49	79.3299	3031.49	69.786	3031.49	77.3762	3031.49	69.4545	3031.49	75.2649	3031.49	69.9242	3031.49	72.8263	3031.49	69.51	3031.49	72.2158	3031.49	69.8362	3031.49	71.1748	3031.49	64.7441	3031.49	67.3199	3031.49	62.9476	3031.49	69.6031	3031.49	64.0655	3031.49	69.4716	3031.49	69.6386	3031.49	70.2245
3138.43	83.8062	3138.43	83.1822	3138.43	83.4694	3138.43	82.594	3138.43	81.7259	3138.43	81.9257	3138.43	80.2024	3138.43	82.427	3138.43	78.6859	3138.43	83.238	3138.43	76.4981	3138.43	83.5011	3138.43	74.4715	3138.43	83.0877	3138.43	73.4305	3138.43	81.8329	3138.43	71.6867	3138.43	80.0824	3138.43	70.8727	3138.43	78.8757	3138.43	69.9667	3138.43	76.7889	3138.43	69.1322	3138.43	74.3586	3138.43	70.8168	3138.43	72.8651	3138.43	69.5173	3138.43	71.211	3138.43	65.424	3138.43	70.415	3138.43	58.6048	3138.43	70.4169	3138.43	64.555	3138.43	70.298	3138.43	69.1992	3138.43	69.036
3249.02	83.0134	3249.02	82.9738	3249.02	82.7959	3249.02	82.1524	3249.02	81.9422	3249.02	81.7321	3249.02	80.2044	3249.02	82.1265	3249.02	78.2338	3249.02	83.0095	3249.02	76.6788	3249.02	83.2083	3249.02	74.7331	3249.02	82.4039	3249.02	72.2653	3249.02	81.1545	3249.02	70.9796	3249.02	79.5724	3249.02	69.8359	3249.02	78.0522	3249.02	69.0988	3249.02	76.0286	3249.02	69.7908	3249.02	73.8174	3249.02	69.708	3249.02	72.2594	3249.02	68.109	3249.02	71.4221	3249.02	61.4937	3249.02	71.2208	3249.02	56.2227	3249.02	70.2433	3249.02	63.4923	3249.02	70.6587	3249.02	69.9884	3249.02	71.2271
3363.28	83.1338	3363.28	82.8182	3363.28	82.834	3363.28	81.8016	3363.28	81.7641	3363.28	81.396	3363.28	80.1109	3363.28	82.1115	3363.28	78.804	3363.28	82.6855	3363.28	76.8841	3363.28	83.3283	3363.28	74.7971	3363.28	82.7517	3363.28	72.7265	3363.28	81.0116	3363.28	71.404	3363.28	79.2741	3363.28	70.0647	3363.28	78.3945	3363.28	70.2812	3363.28	76.3995	3363.28	69.7709	3363.28	73.5439	3363.28	68.2817	3363.28	72.2647	3363.28	69.5031	3363.28	71.3237	3363.28	65.1436	3363.28	69.8392	3363.28	56.9126	3363.28	68.5091	3363.28	60.1316	3363.28	67.6445	3363.28	69.9762	3363.28	67.6018
3481.93	83.5128	3481.93	82.8311	3481.93	83.32	3481.93	82.0218	3481.93	82.0288	3481.93	81.3428	3481.93	80.8271	3481.93	81.8207	3481.93	79.2688	3481.93	82.8187	3481.93	77.2312	3481.93	83.245	3481.93	75.37	3481.93	82.8522	3481.93	73.6635	3481.93	82.0667	3481.93	71.5302	3481.93	80.4777	3481.93	69.9165	3481.93	79.2995	3481.93	69.6509	3481.93	77.0049	3481.93	71.0866	3481.93	75.0053	3481.93	71.6993	3481.93	73.1867	3481.93	71.2568	3481.93	70.8429	3481.93	66.8119	3481.93	69.0726	3481.93	55.9592	3481.93	70.0739	3481.93	63.0479	3481.93	70.7319	3481.93	70.5764	3481.93	70.5354
3604.98	82.7604	3604.98	81.9946	3604.98	82.7258	3604.98	81.4997	3604.98	82.1171	3604.98	81.1861	3604.98	81.087	3604.98	81.3951	3604.98	79.4388	3604.98	82.531	3604.98	77.2676	3604.98	82.902	3604.98	75.2805	3604.98	82.5615	3604.98	72.2762	3604.98	81.7393	3604.98	71.0149	3604.98	80.7581	3604.98	70.7901	3604.98	79.4177	3604.98	69.2043	3604.98	77.1641	3604.98	69.9293	3604.98	74.4289	3604.98	69.3513	3604.98	72.5766	3604.98	70.3946	3604.98	71.7992	3604.98	66.4414	3604.98	69.8349	3604.98	52.2726	3604.98	69.8192	3604.98	63.3116	3604.98	71.8434	3604.98	69.911	3604.98	70.5252
3732.42	82.6256	3732.42	82.3373	3732.42	82.7397	3732.42	81.712	3732.42	82.2774	3732.42	81.6507	3732.42	81.2178	3732.42	81.8988	3732.42	80.0542	3732.42	82.3551	3732.42	77.7413	3732.42	82.9969	3732.42	75.0711	3732.42	82.6927	3732.42	73.2538	3732.42	81.9336	3732.42	70.8666	3732.42	80.7303	3732.42	69.7203	3732.42	79.3119	3732.42	70.823	3732.42	77.1819	3732.42	69.1895	3732.42	74.7579	3732.42	69.9447	3732.42	72.9518	3732.42	70.6064	3732.42	70.0345	3732.42	66.939	3732.42	69.0719	3732.42	49.9239	3732.42	69.2692	3732.42	60.7481	3732.42	68.7426	3732.42	69.5557	3732.42	69.0069
3863.53	82.8924	3863.53	82.5103	3863.53	83.0804	3863.53	82.6096	3863.53	82.5316	3863.53	82.328	3863.53	81.4793	3863.53	82.0739	3863.53	79.8379	3863.53	82.3351	3863.53	77.664	3863.53	82.7269	3863.53	75.4067	3863.53	82.9005	3863.53	72.3319	3863.53	82.584	3863.53	70.5851	3863.53	81.1404	3863.53	69.1281	3863.53	79.8512	3863.53	68.9668	3863.53	77.0089	3863.53	70.1978	3863.53	74.9422	3863.53	70.0855	3863.53	73.2719	3863.53	70.3242	3863.53	70.9636	3863.53	66.13	3863.53	70.1858	3863.53	44.1589	3863.53	70.4821	3863.53	64.7182	3863.53	72.309	3863.53	71.1246	3863.53	70.6815
3999.76	83.046	3999.76	82.6964	3999.76	83.3875	3999.76	83.2183	3999.76	83.0728	3999.76	83.4478	3999.76	82.2661	3999.76	83.0099	3999.76	80.428	3999.76	83.1058	3999.76	78.0434	3999.76	83.4358	3999.76	76.2342	3999.76	83.3609	3999.76	73.8302	3999.76	82.8702	3999.76	71.8946	3999.76	81.8673	3999.76	70.4408	3999.76	80.1342	3999.76	70.029	3999.76	77.2244	3999.76	69.8888	3999.76	74.2823	3999.76	69.9053	3999.76	72.6907	3999.76	70.4326	3999.76	71.0527	3999.76	65.8446	3999.76	68.798	3999.76	47.4643	3999.76	68.9411	3999.76	62.5319	3999.76	69.8009	3999.76	69.6786	3999.76	68.9453
4141.11	82.1689	4141.11	82.2033	4141.11	83.0023	4141.11	83.1152	4141.11	82.8671	4141.11	83.5335	4141.11	81.7649	4141.11	82.8704	4141.11	79.9854	4141.11	81.9927	4141.11	77.8698	4141.11	82.2666	4141.11	75.0273	4141.11	82.5319	4141.11	72.1858	4141.11	82.4186	4141.11	71.744	4141.11	81.6135	4141.11	69.4362	4141.11	80.5085	4141.11	69.7349	4141.11	77.9851	4141.11	68.6212	4141.11	75.2614	4141.11	68.6672	4141.11	74.5278	4141.11	70.2275	4141.11	72.4175	4141.11	68.0781	4141.11	70.9232	4141.11	51.7294	4141.11	69.5905	4141.11	57.4669	4141.11	70.792	4141.11	69.0171	4141.11	70.7105
4286.87	82.8004	4286.87	82.743	4286.87	83.5378	4286.87	84.5427	4286.87	83.2503	4286.87	84.3425	4286.87	82.3656	4286.87	83.3062	4286.87	80.797	4286.87	83.306	4286.87	78.4442	4286.87	82.8448	4286.87	76.0601	4286.87	83.4365	4286.87	73.4568	4286.87	83.1601	4286.87	71.548	4286.87	81.4222	4286.87	70.4454	4286.87	79.7644	4286.87	68.9889	4286.87	77.0917	4286.87	70.3282	4286.87	73.7722	4286.87	70.9368	4286.87	72.1924	4286.87	70.1941	4286.87	69.5684	4286.87	66.8092	4286.87	67.9463	4286.87	44.3736	4286.87	67.1788	4286.87	63.6993	4286.87	69.6883	4286.87	70.1443	4286.87	69.637
4438.48	82.4993	4438.48	82.6013	4438.48	83.2532	4438.48	83.8591	4438.48	83.2423	4438.48	84.9633	4438.48	82.165	4438.48	84.2119	4438.48	80.0122	4438.48	82.0996	4438.48	78.1013	4438.48	82.09	4438.48	76.3856	4438.48	82.6107	4438.48	73.2217	4438.48	82.4861	4438.48	72.1525	4438.48	81.8634	4438.48	70.9434	4438.48	80.7381	4438.48	70.559	4438.48	77.7284	4438.48	69.8896	4438.48	75.7773	4438.48	70.1634	4438.48	74.5893	4438.48	71.3047	4438.48	72.4522	4438.48	66.8965	4438.48	71.3281	4438.48	58.0692	4438.48	69.4204	4438.48	59.6623	4438.48	70.4631	4438.48	69.2289	4438.48	70.7048
4594.48	81.9764	4594.48	82.0508	4594.48	82.9685	4594.48	84.4945	4594.48	82.8415	4594.48	84.9069	4594.48	81.9115	4594.48	83.5008	4594.48	80.1512	4594.48	82.4264	4594.48	78.0607	4594.48	82.2136	4594.48	75.5534	4594.48	83.3466	4594.48	72.8077	4594.48	83.3298	4594.48	71.046	4594.48	81.9109	4594.48	69.105	4594.48	80.0778	4594.48	69.3313	4594.48	76.6944	4594.48	69.4177	4594.48	74.0209	4594.48	70.7053	4594.48	72.1551	4594.48	69.4463	4594.48	69.2231	4594.48	64.6383	4594.48	69.208	4594.48	56.9383	4594.48	68.5344	4594.48	60.8137	4594.48	69.7167	4594.48	68.8077	4594.48	70.7308
4757.08	82.2157	4757.08	82.1768	4757.08	83.2103	4757.08	84.2834	4757.08	83.2996	4757.08	85.1822	4757.08	82.2869	4757.08	83.9698	4757.08	80.4647	4757.08	81.8962	4757.08	77.8502	4757.08	81.576	4757.08	75.5446	4757.08	82.1928	4757.08	72.7748	4757.08	82.2308	4757.08	71.5743	4757.08	81.291	4757.08	69.864	4757.08	79.6294	4757.08	69.8516	4757.08	76.8723	4757.08	69.9122	4757.08	74.7044	4757.08	68.3994	4757.08	72.85	4757.08	69.6033	4757.08	71.3179	4757.08	64.547	4757.08	70.0241	4757.08	60.8386	4757.08	70.058	4757.08	61.6495	4757.08	70.0988	4757.08	68.4844	4757.08	70.2343
4924.8	81.5917	4924.8	81.3449	4924.8	82.6695	4924.8	84.1654	4924.8	82.8401	4924.8	84.2841	4924.8	81.8002	4924.8	82.8755	4924.8	79.7265	4924.8	81.9983	4924.8	77.2528	4924.8	81.2837	4924.8	75.0489	4924.8	83.2571	4924.8	71.9425	4924.8	83.5649	4924.8	69.7003	4924.8	82.1123	4924.8	68.8545	4924.8	80.6826	4924.8	69.3062	4924.8	77.4176	4924.8	69.3518	4924.8	74.2417	4924.8	70.714	4924.8	72.6281	4924.8	69.297	4924.8	68.8896	4924.8	67.0737	4924.8	69.2308	4924.8	59.1631	4924.8	69.4207	4924.8	63.765	4924.8	69.7003	4924.8	70.4099	4924.8	70.5857
5098.39	82.0278	5098.39	81.784	5098.39	83.1283	5098.39	84.0483	5098.39	82.7138	5098.39	84.7542	5098.39	81.7208	5098.39	83.8827	5098.39	79.5625	5098.39	82.4677	5098.39	77.8852	5098.39	81.6748	5098.39	75.0988	5098.39	82.3424	5098.39	72.4936	5098.39	81.692	5098.39	70.1398	5098.39	80.6807	5098.39	68.4931	5098.39	78.6194	5098.39	68.1527	5098.39	75.554	5098.39	69.4775	5098.39	73.4748	5098.39	69.4339	5098.39	71.8535	5098.39	69.6635	5098.39	69.5958	5098.39	65.1611	5098.39	68.1383	5098.39	59.3874	5098.39	69.1601	5098.39	64.8385	5098.39	69.5228	5098.39	69.4897	5098.39	70.3808
5277.83	82.2784	5277.83	82.3314	5277.83	82.9498	5277.83	84.1989	5277.83	82.9615	5277.83	84.3819	5277.83	81.9076	5277.83	83.1072	5277.83	79.8308	5277.83	82.0477	5277.83	78.0415	5277.83	81.326	5277.83	75.4498	5277.83	82.5916	5277.83	72.6551	5277.83	82.5552	5277.83	69.8428	5277.83	81.745	5277.83	68.8106	5277.83	80.3921	5277.83	68.765	5277.83	77.842	5277.83	69.0007	5277.83	75.3421	5277.83	71.2013	5277.83	73.6046	5277.83	69.8793	5277.83	70.8099	5277.83	66.4798	5277.83	69.0021	5277.83	59.557	5277.83	68.9897	5277.83	65.0558	5277.83	70.2379	5277.83	70.6092	5277.83	71.2314
5463.87	82.252	5463.87	82.6812	5463.87	82.2559	5463.87	83.8816	5463.87	82.0798	5463.87	84.2682	5463.87	81.1322	5463.87	83.8289	5463.87	79.588	5463.87	83.1744	5463.87	77.9145	5463.87	82.5454	5463.87	75.4121	5463.87	82.8298	5463.87	73.0068	5463.87	82.3326	5463.87	70.2535	5463.87	81.6412	5463.87	67.3634	5463.87	80.2469	5463.87	67.6777	5463.87	77.3555	5463.87	68.84	5463.87	74.8621	5463.87	69.5549	5463.87	72.7392	5463.87	69.0345	5463.87	69.3972	5463.87	65.2672	5463.87	67.7138	5463.87	58.7211	5463.87	68.5414	5463.87	66.3016	5463.87	68.9716	5463.87	69.8589	5463.87	70.8635
5656.49	83.1251	5656.49	84.0762	5656.49	82.5964	5656.49	85.1951	5656.49	82.4638	5656.49	84.8674	5656.49	82.1344	5656.49	84.6757	5656.49	80.4984	5656.49	84.4877	5656.49	78.7556	5656.49	82.5143	5656.49	76.0419	5656.49	82.2257	5656.49	73.8812	5656.49	82.2697	5656.49	70.0056	5656.49	81.811	5656.49	68.8372	5656.49	80.4669	5656.49	68.3558	5656.49	78.1713	5656.49	69.2621	5656.49	75.7031	5656.49	70.611	5656.49	73.4888	5656.49	69.6495	5656.49	70.6655	5656.49	65.821	5656.49	68.4936	5656.49	60.1292	5656.49	69.0309	5656.49	64.3011	5656.49	70.1008	5656.49	69.8484	5656.49	70.9436
5856.45	82.9975	5856.45	84.3924	5856.45	82.248	5856.45	84.9048	5856.45	82.4935	5856.45	84.4242	5856.45	82.4941	5856.45	84.7413	5856.45	80.971	5856.45	84.2829	5856.45	78.9688	5856.45	82.516	5856.45	75.4864	5856.45	82.1238	5856.45	73.07	5856.45	82.4717	5856.45	70.8016	5856.45	82.4526	5856.45	69.8406	5856.45	81.715	5856.45	69.1506	5856.45	78.6488	5856.45	69.7443	5856.45	76.6202	5856.45	69.9898	5856.45	73.938	5856.45	69.1293	5856.45	71.8429	5856.45	65.5291	5856.45	68.6041	5856.45	58.2964	5856.45	68.8551	5856.45	65.1366	5856.45	69.3381	5856.45	69.8467	5856.45	71.2241
6062.99	82.9124	6062.99	84.6985	6062.99	82.0151	6062.99	85.3921	6062.99	82.7502	6062.99	84.6537	6062.99	83.0261	6062.99	85.2229	6062.99	81.2527	6062.99	85.1583	6062.99	79.1208	6062.99	82.9211	6062.99	75.5508	6062.99	82.4989	6062.99	73.7364	6062.99	83.0485	6062.99	70.4597	6062.99	82.745	6062.99	70.2225	6062.99	81.3665	6062.99	68.4168	6062.99	78.1736	6062.99	70.0664	6062.99	74.4702	6062.99	71.1424	6062.99	72.4767	6062.99	69.4942	6062.99	70.5654	6062.99	64.9502	6062.99	67.3236	6062.99	59.0362	6062.99	68.6726	6062.99	65.0446	6062.99	69.5697	6062.99	69.2429	6062.99	70.861
6276.86	82.857	6276.86	84.461	6276.86	82.1841	6276.86	85.6661	6276.86	82.7632	6276.86	84.6091	6276.86	82.7721	6276.86	85.2688	6276.86	80.8445	6276.86	85.3721	6276.86	78.9134	6276.86	82.5311	6276.86	75.2599	6276.86	82.21	6276.86	73.8614	6276.86	82.8835	6276.86	70.9776	6276.86	82.3664	6276.86	69.7552	6276.86	80.9272	6276.86	69.3384	6276.86	77.9973	6276.86	69.4348	6276.86	75.0078	6276.86	70.132	6276.86	72.4578	6276.86	67.2205	6276.86	70.8903	6276.86	64.0196	6276.86	68.3225	6276.86	58.7619	6276.86	69.3795	6276.86	64.8311	6276.86	70.3732	6276.86	68.6535	6276.86	71.0662
6498.05	83.6861	6498.05	85.1145	6498.05	83.0667	6498.05	86.2875	6498.05	83.3566	6498.05	84.983	6498.05	83.1091	6498.05	85.7133	6498.05	81.0143	6498.05	85.693	6498.05	79.4476	6498.05	82.791	6498.05	76.2548	6498.05	82.6246	6498.05	74.0947	6498.05	82.8301	6498.05	70.5117	6498.05	82.0302	6498.05	69.4732	6498.05	80.8778	6498.05	67.4507	6498.05	77.7451	6498.05	70.3865	6498.05	75.482	6498.05	71.0423	6498.05	72.6204	6498.05	66.6668	6498.05	70.4777	6498.05	61.9182	6498.05	68.8743	6498.05	58.6945	6498.05	68.4775	6498.05	61.1841	6498.05	69.6428	6498.05	67.4112	6498.05	70.5041
6727.29	83.8282	6727.29	84.8541	6727.29	83.1394	6727.29	85.6291	6727.29	83.2387	6727.29	84.5007	6727.29	82.9087	6727.29	85.3704	6727.29	80.9753	6727.29	85.3513	6727.29	79.1234	6727.29	83.1201	6727.29	75.8918	6727.29	82.8551	6727.29	73.848	6727.29	82.8146	6727.29	69.8109	6727.29	82.1382	6727.29	68.4349	6727.29	80.9273	6727.29	66.4054	6727.29	77.093	6727.29	68.8378	6727.29	75.7766	6727.29	69.6717	6727.29	72.2886	6727.29	64.3479	6727.29	70.4164	6727.29	62.4771	6727.29	67.322	6727.29	57.1233	6727.29	67.8615	6727.29	61.7454	6727.29	68.1484	6727.29	65.1352	6727.29	70.24
6964.6	84.7085	6964.6	85.3833	6964.6	83.8107	6964.6	86.167	6964.6	83.8068	6964.6	85.2806	6964.6	83.4357	6964.6	85.89	6964.6	81.4614	6964.6	85.9135	6964.6	79.4723	6964.6	84.1141	6964.6	76.473	6964.6	83.3959	6964.6	73.6629	6964.6	82.959	6964.6	69.3449	6964.6	82.2088	6964.6	68.382	6964.6	80.1342	6964.6	66.9406	6964.6	76.5079	6964.6	69.0639	6964.6	74.7498	6964.6	70.603	6964.6	70.6	6964.6	65.3872	6964.6	68.4196	6964.6	61.1974	6964.6	65.3584	6964.6	58.8526	6964.6	65.7218	6964.6	58.9497	6964.6	67.644	6964.6	64.7439	6964.6	69.495
7209.96	84.4674	7209.96	84.8592	7209.96	83.4545	7209.96	85.7239	7209.96	83.2072	7209.96	85.3731	7209.96	82.8338	7209.96	85.6033	7209.96	80.5394	7209.96	85.3285	7209.96	79.0731	7209.96	83.7954	7209.96	75.6216	7209.96	82.866	7209.96	73.3395	7209.96	82.2219	7209.96	68.754	7209.96	81.6562	7209.96	68.0097	7209.96	79.521	7209.96	66.7595	7209.96	76.1927	7209.96	67.873	7209.96	74.4252	7209.96	69.6713	7209.96	71.3189	7209.96	65.2424	7209.96	69.5098	7209.96	60.5256	7209.96	65.3852	7209.96	58.3233	7209.96	66.2211	7209.96	57.6842	7209.96	67.3026	7209.96	63.1469	7209.96	68.8619
7464.11	85.2353	7464.11	85.1503	7464.11	83.8561	7464.11	86.0798	7464.11	83.2401	7464.11	86.1399	7464.11	82.8269	7464.11	85.8199	7464.11	80.6952	7464.11	85.8211	7464.11	79.2756	7464.11	84.5471	7464.11	74.8229	7464.11	83.1192	7464.11	73.6648	7464.11	82.3724	7464.11	69.0229	7464.11	82.0616	7464.11	67.4477	7464.11	80.3901	7464.11	65.6273	7464.11	77.3078	7464.11	67.9654	7464.11	74.6196	7464.11	68.473	7464.11	71.2408	7464.11	65.4605	7464.11	68.8717	7464.11	58.784	7464.11	67.0275	7464.11	59.1958	7464.11	66.6328	7464.11	57.6069	7464.11	65.3595	7464.11	62.4278	7464.11	67.8307
7727.78	85.3757	7727.78	85.1089	7727.78	83.694	7727.78	86.0619	7727.78	82.5849	7727.78	86.2119	7727.78	82.2765	7727.78	85.4585	7727.78	80.2428	7727.78	85.8362	7727.78	78.3251	7727.78	84.5168	7727.78	73.0548	7727.78	82.515	7727.78	71.8011	7727.78	81.9129	7727.78	67.4081	7727.78	81.3473	7727.78	65.0134	7727.78	80.0061	7727.78	63.8799	7727.78	76.3112	7727.78	65.9167	7727.78	74.0052	7727.78	66.7865	7727.78	70.1203	7727.78	63.6324	7727.78	68.2472	7727.78	57.6551	7727.78	64.6054	7727.78	58.2688	7727.78	64.8558	7727.78	55.9334	7727.78	63.9838	7727.78	60.0262	7727.78	65.7399
8000.24	85.0444	8000.24	84.7705	8000.24	83.3312	8000.24	85.6197	8000.24	82.2222	8000.24	85.9729	8000.24	81.764	8000.24	85.1601	8000.24	79.4682	8000.24	85.5994	8000.24	76.9922	8000.24	84.1469	8000.24	72.3205	8000.24	82.5076	8000.24	70.322	8000.24	81.8251	8000.24	66.934	8000.24	80.8587	8000.24	63.4517	8000.24	79.6112	8000.24	62.011	8000.24	75.102	8000.24	65.5112	8000.24	73.595	8000.24	65.3819	8000.24	69.0662	8000.24	61.9492	8000.24	66.6262	8000.24	60.212	8000.24	64.2095	8000.24	56.388	8000.24	63.4087	8000.24	58.2968	8000.24	63.9055	8000.24	60.1405	8000.24	65.5747
8282.23	85.4472	8282.23	85.0714	8282.23	83.9497	8282.23	85.784	8282.23	82.7346	8282.23	86.1759	8282.23	81.6674	8282.23	85.2637	8282.23	79.0997	8282.23	85.9614	8282.23	76.4133	8282.23	84.311	8282.23	71.8843	8282.23	82.7909	8282.23	68.8304	8282.23	81.7813	8282.23	67.0664	8282.23	80.3053	8282.23	62.7003	8282.23	78.3281	8282.23	62.123	8282.23	73.5097	8282.23	65.2006	8282.23	71.6551	8282.23	64.3985	8282.23	67.9995	8282.23	60.895	8282.23	64.0756	8282.23	60.1739	8282.23	63.7921	8282.23	57.1062	8282.23	61.7751	8282.23	57.4349	8282.23	63.4059	8282.23	60.1158	8282.23	64.6097
8574.46	85.3948	8574.46	85.2359	8574.46	83.9942	8574.46	85.6428	8574.46	82.4824	8574.46	85.8219	8574.46	80.8216	8574.46	84.9503	8574.46	78.0763	8574.46	85.8689	8574.46	75.9404	8574.46	84.0747	8574.46	71.208	8574.46	82.6415	8574.46	68.2827	8574.46	81.1907	8574.46	66.4825	8574.46	79.8487	8574.46	61.9859	8574.46	77.1769	8574.46	61.1277	8574.46	73.1181	8574.46	64.0484	8574.46	70.4485	8574.46	64.3256	8574.46	68.1826	8574.46	61.3471	8574.46	63.919	8574.46	59.1694	8574.46	62.8604	8574.46	55.2432	8574.46	60.1723	8574.46	59.1033	8574.46	62.5792	8574.46	57.4281	8574.46	63.7658
8876.22	84.942	8876.22	85.1671	8876.22	83.4107	8876.22	85.2792	8876.22	81.578	8876.22	85.311	8876.22	79.7579	8876.22	84.6013	8876.22	77.3521	8876.22	85.6555	8876.22	76.1032	8876.22	83.9351	8876.22	70.2648	8876.22	82.75	8876.22	67.2399	8876.22	80.9786	8876.22	66.7576	8876.22	79.6538	8876.22	62.7646	8876.22	77.3835	8876.22	62.784	8876.22	73.4268	8876.22	62.4037	8876.22	69.9635	8876.22	64.8974	8876.22	68.0645	8876.22	59.5428	8876.22	63.9702	8876.22	60.6202	8876.22	61.0963	8876.22	55.7486	8876.22	59.6605	8876.22	58.6695	8876.22	63.3991	8876.22	56.7621	8876.22	64.1303
9189.7	84.5737	9189.7	85.1269	9189.7	82.8002	9189.7	85.1285	9189.7	80.6854	9189.7	85.0339	9189.7	79.0489	9189.7	84.6567	9189.7	77.6332	9189.7	85.7848	9189.7	76.4845	9189.7	84.2421	9189.7	70.9428	9189.7	82.7563	9189.7	65.7176	9189.7	80.7142	9189.7	67.2465	9189.7	79.0718	9189.7	63.7898	9189.7	77.8156	9189.7	61.9077	9189.7	73.3071	9189.7	60.8535	9189.7	69.5158	9189.7	64.6262	9189.7	66.5568	9189.7	58.0982	9189.7	63.3995	9189.7	59.0806	9189.7	60.5233	9189.7	55.4711	9189.7	58.4188	9189.7	57.6587	9189.7	62.0813	9189.7	56.2949	9189.7	62.7022
9513.43	84.1361	9513.43	84.8994	9513.43	82.1584	9513.43	85.0419	9513.43	80.1759	9513.43	84.5918	9513.43	78.8786	9513.43	84.4848	9513.43	77.9805	9513.43	85.5592	9513.43	76.3101	9513.43	83.9664	9513.43	71.606	9513.43	82.3493	9513.43	64.9154	9513.43	80.014	9513.43	66.2427	9513.43	78.3698	9513.43	61.1998	9513.43	76.808	9513.43	62.1265	9513.43	73.0188	9513.43	59.7945	9513.43	67.8029	9513.43	64.3369	9513.43	65.7326	9513.43	56.485	9513.43	62.6502	9513.43	57.8447	9513.43	59.8262	9513.43	54.3166	9513.43	59.047	9513.43	57.8392	9513.43	60.6033	9513.43	54.9456	9513.43	62.4965
9848.88	83.4009	9848.88	84.1166	9848.88	81.5578	9848.88	85.104	9848.88	79.7941	9848.88	84.3585	9848.88	78.4559	9848.88	84.04	9848.88	76.6711	9848.88	84.9581	9848.88	74.6116	9848.88	83.0824	9848.88	70.9219	9848.88	81.3771	9848.88	65.1296	9848.88	79.0424	9848.88	64.3755	9848.88	78.1295	9848.88	59.6981	9848.88	75.5805	9848.88	60.8332	9848.88	73.1429	9848.88	58.583	9848.88	68.8846	9848.88	62.3584	9848.88	64.2992	9848.88	53.3021	9848.88	60.9245	9848.88	56.9519	9848.88	59.2561	9848.88	47.362	9848.88	57.0972	9848.88	58.4627	9848.88	60.4815	9848.88	52.8622	9848.88	61.1892
10196.8	82.9676	10196.8	83.7659	10196.8	81.1062	10196.8	85.2219	10196.8	79.4835	10196.8	84.5515	10196.8	77.837	10196.8	84.2324	10196.8	75.3479	10196.8	84.5532	10196.8	72.945	10196.8	82.4692	10196.8	69.7141	10196.8	80.7049	10196.8	63.293	10196.8	79.1339	10196.8	63.4262	10196.8	78.2122	10196.8	60.1216	10196.8	75.7113	10196.8	59.4736	10196.8	72.9913	10196.8	59.7724	10196.8	70.2391	10196.8	61.1233	10196.8	63.377	10196.8	51.1748	10196.8	62.3159	10196.8	55.0679	10196.8	57.0145	10196.8	44.847	10196.8	55.5804	10196.8	56.48	10196.8	59.0623	10196.8	51.1559	10196.8	58.9581
10556.4	82.9023	10556.4	83.6749	10556.4	80.9643	10556.4	85.3743	10556.4	79.3142	10556.4	85.0243	10556.4	77.2775	10556.4	84.6839	10556.4	74.9465	10556.4	84.6006	10556.4	72.0929	10556.4	82.2959	10556.4	69.8588	10556.4	80.6682	10556.4	65.1048	10556.4	79.5985	10556.4	62.0217	10556.4	78.1	10556.4	58.8923	10556.4	75.9795	10556.4	59.8798	10556.4	72.1899	10556.4	59.9566	10556.4	70.5286	10556.4	60.7431	10556.4	64.3407	10556.4	56.2579	10556.4	62.682	10556.4	53.556	10556.4	54.3957	10556.4	45.1131	10556.4	56.118	10556.4	56.8246	10556.4	59.2227	10556.4	49.9293	10556.4	57.5347
10928.5	82.9532	10928.5	83.6248	10928.5	81.4408	10928.5	85.4417	10928.5	79.4457	10928.5	85.4058	10928.5	76.7986	10928.5	84.8897	10928.5	75.1465	10928.5	84.6887	10928.5	71.9802	10928.5	82.4818	10928.5	70.1829	10928.5	81.2366	10928.5	65.3383	10928.5	79.8695	10928.5	61.943	10928.5	78.1174	10928.5	58.6311	10928.5	75.6635	10928.5	60.0473	10928.5	71.638	10928.5	59.7349	10928.5	70.6618	10928.5	60.9435	10928.5	64.4876	10928.5	54.8689	10928.5	63.2928	10928.5	54.2853	10928.5	55.8444	10928.5	44.4463	10928.5	56.4918	10928.5	57.1921	10928.5	59.0982	10928.5	47.1155	10928.5	55.4215
11313.7	82.8724	11313.7	83.6275	11313.7	81.497	11313.7	85.534	11313.7	79.1939	11313.7	85.7399	11313.7	76.373	11313.7	84.8681	11313.7	75.2724	11313.7	84.1375	11313.7	71.9592	11313.7	82.2208	11313.7	70.0975	11313.7	81.4313	11313.7	65.1918	11313.7	79.2985	11313.7	62.2577	11313.7	78.1806	11313.7	59.0431	11313.7	75.277	11313.7	60.5127	11313.7	71.0047	11313.7	58.9973	11313.7	70.6651	11313.7	60.1986	11313.7	63.3452	11313.7	55.8724	11313.7	62.7343	11313.7	54.7632	11313.7	55.2894	11313.7	45.4094	11313.7	56.2165	11313.7	57.4955	11313.7	59.0237	11313.7	43.7566	11313.7	55.7144
11712.9	82.6838	11712.9	83.5672	11712.9	81.3976	11712.9	85.5796	11712.9	78.3147	11712.9	85.9139	11712.9	76.0957	11712.9	85.0022	11712.9	75.031	11712.9	84.1557	11712.9	71.7201	11712.9	82.1682	11712.9	69.9225	11712.9	81.2198	11712.9	64.5173	11712.9	78.9535	11712.9	60.0067	11712.9	77.4903	11712.9	57.7324	11712.9	74.4477	11712.9	60.7442	11712.9	69.5232	11712.9	57.7335	11712.9	69.1626	11712.9	58.7976	11712.9	63.4221	11712.9	55.7367	11712.9	60.8894	11712.9	53.7044	11712.9	56.0229	11712.9	46.4658	11712.9	56.5408	11712.9	58.5665	11712.9	56.8531	11712.9	35.4604	11712.9	55.2514
12126	82.7446	12126	83.5724	12126	81.264	12126	85.8058	12126	77.7969	12126	85.9892	12126	75.3214	12126	84.8275	12126	74.0323	12126	84.3727	12126	70.1842	12126	82.4626	12126	69.1132	12126	81.3698	12126	63.0458	12126	78.6194	12126	59.3252	12126	76.5986	12126	53.5439	12126	74.1817	12126	60.2522	12126	69.8976	12126	55.7336	12126	70.0308	12126	56.9214	12126	62.5274	12126	51.7942	12126	60.3001	12126	47.2607	12126	57.3593	12126	50.8426	12126	56.5233	12126	57.6353	12126	52.6868	12126	44.1218	12126	53.5401
12553.7	82.686	12553.7	83.6206	12553.7	80.8579	12553.7	85.914	12553.7	78.0496	12553.7	86.2339	12553.7	75.2288	12553.7	85.2796	12553.7	74.4717	12553.7	84.5628	12553.7	71.7798	12553.7	82.6583	12553.7	69.3723	12553.7	80.6465	12553.7	63.9212	12553.7	77.8946	12553.7	59.8643	12553.7	77.0313	12553.7	57.3933	12553.7	74.2582	12553.7	60.5225	12553.7	69.9678	12553.7	53.7332	12553.7	70.4257	12553.7	53.0279	12553.7	63.6026	12553.7	54.4636	12553.7	59.0714	12553.7	51.0469	12553.7	59.9077	12553.7	51.2373	12553.7	55.253	12553.7	57.4553	12553.7	46.7755	12553.7	47.3621	12553.7	54.387
12996.1	83.1768	12996.1	84.1941	12996.1	81.0378	12996.1	86.4674	12996.1	78.475	12996.1	86.4304	12996.1	76.2966	12996.1	85.659	12996.1	75.2698	12996.1	84.9773	12996.1	72.7056	12996.1	82.8455	12996.1	69.7773	12996.1	80.316	12996.1	63.8167	12996.1	78.3157	12996.1	60.4226	12996.1	77.3022	12996.1	59.5761	12996.1	74.0211	12996.1	59.9102	12996.1	69.3661	12996.1	51.3189	12996.1	69.3155	12996.1	55.0757	12996.1	62.6997	12996.1	57.6187	12996.1	56.8162	12996.1	56.2017	12996.1	59.7689	12996.1	53.2719	12996.1	53.1397	12996.1	58.6761	12996.1	34.9308	12996.1	48.0846	12996.1	56.3301
13454.6	83.8365	13454.6	84.8005	13454.6	81.5227	13454.6	87.0195	13454.6	78.622	13454.6	86.8274	13454.6	76.7733	13454.6	86.1093	13454.6	74.8027	13454.6	85.4939	13454.6	72.1593	13454.6	82.903	13454.6	69.7098	13454.6	80.4621	13454.6	63.208	13454.6	78.4605	13454.6	59.8859	13454.6	77.3452	13454.6	60.1586	13454.6	73.1372	13454.6	60.1068	13454.6	67.9143	13454.6	49.6954	13454.6	68.5137	13454.6	56.6366	13454.6	61.4347	13454.6	59.7794	13454.6	55.5417	13454.6	57.1806	13454.6	58.994	13454.6	55.6685	13454.6	50.0634	13454.6	59.6346	13454.6	44.6206	13454.6	49.1419	13454.6	58.0855
13928.5	84.0818	13928.5	85.2835	13928.5	81.6255	13928.5	87.4439	13928.5	78.2158	13928.5	87.3555	13928.5	76.1968	13928.5	86.571	13928.5	73.7143	13928.5	85.6885	13928.5	71.3358	13928.5	82.8616	13928.5	69.0327	13928.5	80.5007	13928.5	62.975	13928.5	78.3444	13928.5	58.1954	13928.5	76.6274	13928.5	59.8499	13928.5	72.0208	13928.5	59.368	13928.5	66.0417	13928.5	49.1113	13928.5	67.6782	13928.5	56.7716	13928.5	59.3063	13928.5	59.2882	13928.5	52.7432	13928.5	56.0482	13928.5	59.0302	13928.5	54.9092	13928.5	45.2535	13928.5	59.6147	13928.5	48.8553	13928.5	52.0708	13928.5	58.5479
14419.9	84.072	14419.9	85.5353	14419.9	81.1358	14419.9	87.7689	14419.9	77.5119	14419.9	87.7439	14419.9	74.5941	14419.9	87.0325	14419.9	72.126	14419.9	86.0938	14419.9	69.7579	14419.9	83.1678	14419.9	67.5463	14419.9	80.1054	14419.9	62.8431	14419.9	77.6847	14419.9	54.1444	14419.9	74.8488	14419.9	57.8871	14419.9	70.272	14419.9	58.4034	14419.9	63.7288	14419.9	53.18	14419.9	66.0512	14419.9	56.2268	14419.9	57.3722	14419.9	57.8461	14419.9	50.8497	14419.9	55.4014	14419.9	57.5507	14419.9	54.7524	14419.9	37.999	14419.9	58.1167	14419.9	51.814	14419.9	53.0965	14419.9	58.8823
14928.2	84.0007	14928.2	85.7052	14928.2	80.4008	14928.2	87.9445	14928.2	75.9752	14928.2	88.1676	14928.2	72.5775	14928.2	87.3265	14928.2	69.4184	14928.2	86.314	14928.2	67.1253	14928.2	83.2065	14928.2	65.5949	14928.2	79.8525	14928.2	61.1765	14928.2	76.3248	14928.2	49.2461	14928.2	73.1351	14928.2	57.1919	14928.2	68.3486	14928.2	57.0419	14928.2	59.9547	14928.2	54.646	14928.2	64.1468	14928.2	54.8576	14928.2	56.4903	14928.2	55.5813	14928.2	50.2271	14928.2	53.3799	14928.2	55.0363	14928.2	53.2277	14928.2	39.6722	14928.2	55.2697	14928.2	53.2891	14928.2	53.2678	14928.2	58.0709
15454.8	83.5826	15454.8	85.6237	15454.8	79.1654	15454.8	87.8566	15454.8	73.8848	15454.8	88.2499	15454.8	70.4902	15454.8	87.3523	15454.8	66.3581	15454.8	86.1276	15454.8	64.5078	15454.8	82.8376	15454.8	63.6141	15454.8	79.037	15454.8	60.478	15454.8	74.8282	15454.8	49	15454.8	71.7548	15454.8	55.2816	15454.8	66.6263	15454.8	56.0393	15454.8	55.2938	15454.8	54.0802	15454.8	62.4015	15454.8	53.1246	15454.8	56.0728	15454.8	50.7541	15454.8	51.1526	15454.8	53.0763	15454.8	53.8828	15454.8	49.5134	15454.8	43.8268	15454.8	52.3171	15454.8	53.7608	15454.8	54.2727	15454.8	55.6884
15999.8	83.0687	15999.8	85.3948	15999.8	78.2661	15999.8	87.6077	15999.8	72.5293	15999.8	88.0242	15999.8	68.8055	15999.8	86.9807	15999.8	64.5841	15999.8	85.4581	15999.8	62.939	15999.8	81.869	15999.8	62.3435	15999.8	77.5998	15999.8	59.8861	15999.8	72.8834	15999.8	50.6022	15999.8	70.2744	15999.8	53.2281	15999.8	65.4941	15999.8	54.6725	15999.8	54.0569	15999.8	52.9424	15999.8	61.7688	15999.8	49.6503	15999.8	56.5064	15999.8	46.5047	15999.8	52.8082	15999.8	51.8537	15999.8	52.9929	15999.8	47.5348	15999.8	46.3947	15999.8	53.7068	15999.8	53.3846	15999.8	54.0733	15999.8	53.641
16564.5	82.7062	16564.5	85.3479	16564.5	77.4364	16564.5	87.5458	16564.5	71.5074	16564.5	87.8829	16564.5	67.5896	16564.5	86.6718	16564.5	61.4451	16564.5	84.7786	16564.5	60.676	16564.5	80.8901	16564.5	58.3322	16564.5	76.0331	16564.5	55.573	16564.5	71.0979	16564.5	50.9925	16564.5	68.5756	16564.5	51.0639	16564.5	63.7683	16564.5	51.9268	16564.5	51.0268	16564.5	50.4287	16564.5	59.29	16564.5	45.6328	16564.5	55.5676	16564.5	48.1708	16564.5	49.9295	16564.5	51.6257	16564.5	53.1743	16564.5	51.2127	16564.5	45.3031	16564.5	55.9729	16564.5	50.5475	16564.5	50.0753	16564.5	50.0186
17148.2	81.9476	17148.2	85.0959	17148.2	76.0188	17148.2	87.4482	17148.2	69.2537	17148.2	87.6374	17148.2	65.1724	17148.2	86.485	17148.2	52.7703	17148.2	84.3463	17148.2	55.0317	17148.2	80.0482	17148.2	49.1561	17148.2	74.3672	17148.2	50.578	17148.2	68.6181	17148.2	51.4364	17148.2	65.505	17148.2	47.494	17148.2	60.3826	17148.2	47.7976	17148.2	41.3345	17148.2	44.1542	17148.2	56.5179	17148.2	43.2818	17148.2	55.1566	17148.2	50.6533	17148.2	45.1253	17148.2	48.2687	17148.2	51.7086	17148.2	53.5887	17148.2	40.7995	17148.2	57.8392	17148.2	45.7309	17148.2	42.0022	17148.2	34.9089
17753.2	80.4791	17753.2	84.3927	17753.2	73.7586	17753.2	87.1233	17753.2	65.7646	17753.2	87.2077	17753.2	60.6873	17753.2	86.0997	17753.2	48.2981	17753.2	83.6779	17753.2	45.4135	17753.2	78.7505	17753.2	46.3287	17753.2	71.8031	17753.2	51.8586	17753.2	64.4878	17753.2	51.1868	17753.2	61.131	17753.2	34.5851	17753.2	56.0045	17753.2	38.1382	17753.2	42.1799	17753.2	42.3018	17753.2	56.2882	17753.2	42.4007	17753.2	56.3646	17753.2	52.651	17753.2	43.873	17753.2	45.332	17753.2	49.2262	17753.2	54.7372	17753.2	46.0949	17753.2	59.4951	17753.2	45.8828	17753.2	39.25	17753.2	45.3874
18379.4	78.8746	18379.4	83.61	18379.4	71.1649	18379.4	86.8576	18379.4	61.9154	18379.4	86.8733	18379.4	55.9748	18379.4	85.8092	18379.4	53.5789	18379.4	82.8927	18379.4	45.2075	18379.4	77.2095	18379.4	49.6556	18379.4	68.9158	18379.4	52.1796	18379.4	59.0382	18379.4	49.2349	18379.4	57.1804	18379.4	41.484	18379.4	51.7152	18379.4	45.6942	18379.4	49.3607	18379.4	49.653	18379.4	55.7726	18379.4	47.9603	18379.4	56.232	18379.4	55.1799	18379.4	46.1694	18379.4	38.5508	18379.4	44.0255	18379.4	55.4461	18379.4	49.0882	18379.4	60.258	18379.4	49.7672	18379.4	49.4208	18379.4	51.4618
19027.6	76.8509	19027.6	82.6304	19027.6	68.3306	19027.6	86.4145	19027.6	57.2996	19027.6	86.343	19027.6	55.3124	19027.6	85.2298	19027.6	55.3732	19027.6	81.9973	19027.6	51.777	19027.6	76.0161	19027.6	50.6781	19027.6	66.0072	19027.6	51.4674	19027.6	52.9099	19027.6	49.8298	19027.6	57.7937	19027.6	49.5824	19027.6	50.3511	19027.6	51.6934	19027.6	52.9154	19027.6	52.8372	19027.6	56.1913	19027.6	53.5141	19027.6	57.2221	19027.6	58.7271	19027.6	48.1582	19027.6	36.3891	19027.6	42.3628	19027.6	57.403	19027.6	50.9795	19027.6	61.847	19027.6	51.1742	19027.6	51.5466	19027.6	54.3283
19698.5	75.2859	19698.5	82.0646	19698.5	66.5171	19698.5	86.3347	19698.5	53.6297	19698.5	86.1522	19698.5	59.3228	19698.5	84.8556	19698.5	54.4087	19698.5	81.1423	19698.5	56.5946	19698.5	74.5428	19698.5	52.7547	19698.5	60.1732	19698.5	52.5546	19698.5	52.971	19698.5	52.471	19698.5	59.0889	19698.5	52.9319	19698.5	51.1745	19698.5	54.7059	19698.5	54.5214	19698.5	55.6413	19698.5	57.9546	19698.5	55.1783	19698.5	58.308	19698.5	59.817	19698.5	48.4171	19698.5	48.3658	19698.5	44.0689	19698.5	58.4706	19698.5	51.8549	19698.5	63.0628	19698.5	53.4267	19698.5	55.0332	19698.5	56.6514
19999.5	75.2052	19999.5	82.0866	19999.5	66.1223	19999.5	86.3701	19999.5	52.9807	19999.5	86.1755	19999.5	60.6904	19999.5	84.8249	19999.5	52.1977	19999.5	81.0622	19999.5	58.8689	19999.5	74.5995	19999.5	54.3978	19999.5	58.2655	19999.5	56.2592	19999.5	49.6178	19999.5	49.0299	19999.5	60.6226	19999.5	48.5436	19999.5	48.068	19999.5	54.0808	19999.5	57.525	19999.5	54.2905	19999.5	58.6408	19999.5	53.3989	19999.5	55.9421	19999.5	60.6542	19999.5	41.5497	19999.5	51.3743	19999.5	44.0941	19999.5	58.5692	19999.5	52.7507	19999.5	62.5488	19999.5	54.1726	19999.5	58.4905	19999.5	58.4
