"SPL Horizontal"																																																																							
"On-Axis"		"10°"		"-10°"		"20°"		"-20°"		"30°"		"-30°"		"40°"		"-40°"		"50°"		"-50°"		"60°"		"-60°"		"70°"		"-70°"		"80°"		"-80°"		"90°"		"-90°"		"100°"		"-100°"		"110°"		"-110°"		"120°"		"-120°"		"130°"		"-130°"		"140°"		"-140°"		"150°"		"-150°"		"160°"		"-160°"		"170°"		"-170°"		"180°"	
"Frequency / Hz"	"Sound Pressure Level / dB (re 20 µPa)  [2.83V at 1m]"	"Frequency / Hz"	"Sound Pressure Level / dB (re 20 µPa)  [2.83V at 1m]"	"Frequency / Hz"	"Sound Pressure Level / dB (re 20 µPa)  [2.83V at 1m]"	"Frequency / Hz"	"Sound Pressure Level / dB (re 20 µPa)  [2.83V at 1m]"	"Frequency / Hz"	"Sound Pressure Level / dB (re 20 µPa)  [2.83V at 1m]"	"Frequency / Hz"	"Sound Pressure Level / dB (re 20 µPa)  [2.83V at 1m]"	"Frequency / Hz"	"Sound Pressure Level / dB (re 20 µPa)  [2.83V at 1m]"	"Frequency / Hz"	"Sound Pressure Level / dB (re 20 µPa)  [2.83V at 1m]"	"Frequency / Hz"	"Sound Pressure Level / dB (re 20 µPa)  [2.83V at 1m]"	"Frequency / Hz"	"Sound Pressure Level / dB (re 20 µPa)  [2.83V at 1m]"	"Frequency / Hz"	"Sound Pressure Level / dB (re 20 µPa)  [2.83V at 1m]"	"Frequency / Hz"	"Sound Pressure Level / dB (re 20 µPa)  [2.83V at 1m]"	"Frequency / Hz"	"Sound Pressure Level / dB (re 20 µPa)  [2.83V at 1m]"	"Frequency / Hz"	"Sound Pressure Level / dB (re 20 µPa)  [2.83V at 1m]"	"Frequency / Hz"	"Sound Pressure Level / dB (re 20 µPa)  [2.83V at 1m]"	"Frequency / Hz"	"Sound Pressure Level / dB (re 20 µPa)  [2.83V at 1m]"	"Frequency / Hz"	"Sound Pressure Level / dB (re 20 µPa)  [2.83V at 1m]"	"Frequency / Hz"	"Sound Pressure Level / dB (re 20 µPa)  [2.83V at 1m]"	"Frequency / Hz"	"Sound Pressure Level / dB (re 20 µPa)  [2.83V at 1m]"	"Frequency / Hz"	"Sound Pressure Level / dB (re 20 µPa)  [2.83V at 1m]"	"Frequency / Hz"	"Sound Pressure Level / dB (re 20 µPa)  [2.83V at 1m]"	"Frequency / Hz"	"Sound Pressure Level / dB (re 20 µPa)  [2.83V at 1m]"	"Frequency / Hz"	"Sound Pressure Level / dB (re 20 µPa)  [2.83V at 1m]"	"Frequency / Hz"	"Sound Pressure Level / dB (re 20 µPa)  [2.83V at 1m]"	"Frequency / Hz"	"Sound Pressure Level / dB (re 20 µPa)  [2.83V at 1m]"	"Frequency / Hz"	"Sound Pressure Level / dB (re 20 µPa)  [2.83V at 1m]"	"Frequency / Hz"	"Sound Pressure Level / dB (re 20 µPa)  [2.83V at 1m]"	"Frequency / Hz"	"Sound Pressure Level / dB (re 20 µPa)  [2.83V at 1m]"	"Frequency / Hz"	"Sound Pressure Level / dB (re 20 µPa)  [2.83V at 1m]"	"Frequency / Hz"	"Sound Pressure Level / dB (re 20 µPa)  [2.83V at 1m]"	"Frequency / Hz"	"Sound Pressure Level / dB (re 20 µPa)  [2.83V at 1m]"	"Frequency / Hz"	"Sound Pressure Level / dB (re 20 µPa)  [2.83V at 1m]"	"Frequency / Hz"	"Sound Pressure Level / dB (re 20 µPa)  [2.83V at 1m]"	"Frequency / Hz"	"Sound Pressure Level / dB (re 20 µPa)  [2.83V at 1m]"	"Frequency / Hz"	"Sound Pressure Level / dB (re 20 µPa)  [2.83V at 1m]"	"Frequency / Hz"	"Sound Pressure Level / dB (re 20 µPa)  [2.83V at 1m]"
20.5078	57.8583	20.5078	57.654	20.5078	57.8471	20.5078	57.2335	20.5078	57.6162	20.5078	56.598	20.5078	57.1548	20.5078	55.7686	20.5078	56.4487	20.5078	54.8334	20.5078	55.4927	20.5078	54.0404	20.5078	54.3368	20.5078	53.8443	20.5078	53.215	20.5078	54.5913	20.5078	52.7266	20.5078	56.0742	20.5078	53.4971	20.5078	57.8127	20.5078	55.2703	20.5078	59.4895	20.5078	57.3172	20.5078	60.9758	20.5078	59.2249	20.5078	62.2315	20.5078	60.8651	20.5078	63.2465	20.5078	62.2152	20.5078	64.0173	20.5078	63.2794	20.5078	64.5408	20.5078	64.0653	20.5078	64.8123	20.5078	64.5794	20.5078	64.8269
21.2402	60.084	21.2402	59.9687	21.2402	60.0032	21.2402	59.6562	21.2402	59.7207	21.2402	59.1402	21.2402	59.2228	21.2402	58.4151	21.2402	58.4885	21.2402	57.4908	21.2402	57.4948	21.2402	56.4359	21.2402	56.24	21.2402	55.4721	21.2402	54.8293	21.2402	55.0612	21.2402	53.699	21.2402	55.6365	21.2402	53.7083	21.2402	57.0478	21.2402	55.1416	21.2402	58.7684	21.2402	57.2056	21.2402	60.4283	21.2402	59.2242	21.2402	61.8745	21.2402	60.9651	21.2402	63.0582	21.2402	62.3851	21.2402	63.9666	21.2402	63.4894	21.2402	64.5964	21.2402	64.2898	21.2402	64.9458	21.2402	64.7957	21.2402	65.0131
21.9727	60.8552	21.9727	60.7205	21.9727	60.7773	21.9727	60.3669	21.9727	60.4819	21.9727	59.7779	21.9727	59.9517	21.9727	58.9279	21.9727	59.1553	21.9727	57.7905	21.9727	58.0454	21.9727	56.3752	21.9727	56.5665	21.9727	54.8635	21.9727	54.7192	21.9727	53.9158	21.9727	52.8728	21.9727	54.4765	21.9727	52.4007	21.9727	56.3357	21.9727	54.1907	21.9727	58.502	21.9727	56.8038	21.9727	60.4636	21.9727	59.1931	21.9727	62.0967	21.9727	61.1543	21.9727	63.3952	21.9727	62.7056	21.9727	64.374	21.9727	63.889	21.9727	65.0459	21.9727	64.7362	21.9727	65.4179	21.9727	65.2668	21.9727	65.4921
22.7051	59.2659	22.7051	59.0726	22.7051	59.1902	22.7051	58.5984	22.7051	58.841	22.7051	57.8158	22.7051	58.1973	22.7051	56.6884	22.7051	57.2233	22.7051	55.21	22.7051	55.8846	22.7051	53.5814	22.7051	54.2371	22.7051	52.682	22.7051	52.7751	22.7051	53.7159	22.7051	52.8262	22.7051	56.0972	22.7051	54.8242	22.7051	58.5994	22.7051	57.4314	22.7051	60.7867	22.7051	59.8244	22.7051	62.608	22.7051	61.8391	22.7051	64.0918	22.7051	63.4893	22.7051	65.2694	22.7051	64.8105	22.7051	66.1615	22.7051	65.8299	22.7051	66.7796	22.7051	66.5641	22.7051	67.1286	22.7051	67.0225	22.7051	67.2098
23.4375	59.75	23.4375	59.5398	23.4375	59.7071	23.4375	59.065	23.4375	59.4095	23.4375	58.3019	23.4375	58.8427	23.4375	57.2238	23.4375	57.9833	23.4375	55.8438	23.4375	56.8168	23.4375	54.3796	23.4375	55.4106	23.4375	53.6179	23.4375	54.1471	23.4375	54.5451	23.4375	53.9774	23.4375	56.7112	23.4375	55.4454	23.4375	59.063	23.4375	57.7103	23.4375	61.1593	23.4375	59.9539	23.4375	62.9204	23.4375	61.9092	23.4375	64.3593	23.4375	63.5389	23.4375	65.4998	23.4375	64.8584	23.4375	66.3591	23.4375	65.8863	23.4375	66.9471	23.4375	66.6356	23.4375	67.2683	23.4375	67.1136	23.4375	67.324
24.1699	62.305	24.1699	62.1914	24.1699	62.2275	24.1699	61.889	24.1699	61.9549	24.1699	61.4018	24.1699	61.4812	24.1699	60.7473	24.1699	60.8049	24.1699	59.9838	24.1699	59.9477	24.1699	59.2633	24.1699	59.0028	24.1699	58.881	24.1699	58.2276	24.1699	59.1723	24.1699	58.0766	24.1699	60.1928	24.1699	58.8649	24.1699	61.6471	24.1699	60.3572	24.1699	63.1982	24.1699	62.0783	24.1699	64.6471	24.1699	63.7226	24.1699	65.9063	24.1699	65.1655	24.1699	66.9416	24.1699	66.3675	24.1699	67.7395	24.1699	67.3187	24.1699	68.294	24.1699	68.0176	24.1699	68.6011	24.1699	68.4641	24.1699	68.6583
25.6348	63.709	25.6348	63.5649	25.6348	63.6611	25.6348	63.2277	25.6348	63.4203	25.6348	62.6987	25.6348	62.9851	25.6348	61.993	25.6348	62.3599	25.6348	61.1692	25.6348	61.5739	25.6348	60.3899	25.6348	60.7254	25.6348	59.9813	25.6348	60.0586	25.6348	60.3116	25.6348	59.9723	25.6348	61.4176	25.6348	60.7314	25.6348	62.9542	25.6348	62.1401	25.6348	64.5645	25.6348	63.784	25.6348	66.0535	25.6348	65.3753	25.6348	67.3417	25.6348	66.7846	25.6348	68.4005	25.6348	67.9645	25.6348	69.2195	25.6348	68.8992	25.6348	69.7936	25.6348	69.5835	25.6348	70.1191	25.6348	70.0151	25.6348	70.1936
26.3672	64.1725	26.3672	64.0186	26.3672	64.1457	26.3672	63.6814	26.3672	63.94	26.3672	63.1609	26.3672	63.5578	26.3672	62.4696	26.3672	63.0089	26.3672	61.6589	26.3672	62.3264	26.3672	60.8729	26.3672	61.601	26.3672	60.4083	26.3672	61.0325	26.3672	60.627	26.3672	60.9287	26.3672	61.6169	26.3672	61.5158	26.3672	63.0786	26.3672	62.6956	26.3672	64.653	26.3672	64.1533	26.3672	66.1279	26.3672	65.6215	26.3672	67.4117	26.3672	66.9552	26.3672	68.4696	26.3672	68.0898	26.3672	69.2887	26.3672	68.9979	26.3672	69.8631	26.3672	69.667	26.3672	70.1892	26.3672	70.0906	26.3672	70.2652
27.0996	64.2529	27.0996	64.121	27.0996	64.221	27.0996	63.83	27.0996	64.0243	27.0996	63.3934	27.0996	63.6661	27.0996	62.8468	27.0996	63.1606	27.0996	62.2724	27.0996	62.5494	27.0996	61.8318	27.0996	61.9335	27.0996	61.759	27.0996	61.5104	27.0996	62.2376	27.0996	61.5479	27.0996	63.2337	27.0996	62.2063	27.0996	64.5268	27.0996	63.3727	27.0996	65.8886	27.0996	64.7754	27.0996	67.1722	27.0996	66.186	27.0996	68.3013	27.0996	67.475	27.0996	69.2385	27.0996	68.5808	27.0996	69.9645	27.0996	69.4749	27.0996	70.4677	27.0996	70.1435	27.0996	70.7406	27.0996	70.5792	27.0996	70.7785
27.832	65.2881	27.832	65.177	27.832	65.2346	27.832	64.9034	27.832	65.016	27.832	64.4753	27.832	64.635	27.832	63.916	27.832	64.1037	27.832	63.2865	27.832	63.4603	27.832	62.721	27.832	62.8008	27.832	62.4481	27.832	62.3199	27.832	62.7096	27.832	62.2933	27.832	63.5606	27.832	62.9011	27.832	64.8076	27.832	64.041	27.832	66.1885	27.832	65.4337	27.832	67.5186	27.832	66.8399	27.832	68.7003	27.832	68.1243	27.832	69.6872	27.832	69.2233	27.832	70.4569	27.832	70.108	27.832	70.9971	27.832	70.7642	27.832	71.3007	27.832	71.1841	27.832	71.3634
29.2969	66.4401	29.2969	66.3399	29.2969	66.4009	29.2969	66.1041	29.2969	66.2229	29.2969	65.7444	29.2969	65.9123	29.2969	65.2885	29.2969	65.4861	29.2969	64.7956	29.2969	64.9845	29.2969	64.377	29.2969	64.4903	29.2969	64.1989	29.2969	64.1474	29.2969	64.4254	29.2969	64.1406	29.2969	65.1037	29.2969	64.5978	29.2969	66.1199	29.2969	65.4818	29.2969	67.2888	29.2969	66.6201	29.2969	68.4541	29.2969	67.8261	29.2969	69.5166	29.2969	68.9686	29.2969	70.4203	29.2969	69.9714	29.2969	71.1338	29.2969	70.7928	29.2969	71.6382	29.2969	71.4093	29.2969	71.9221	29.2969	71.8073	29.2969	71.9791
30.0293	66.7645	30.0293	66.6537	30.0293	66.7348	30.0293	66.4062	30.0293	66.5655	30.0293	66.0334	30.0293	66.2629	30.0293	65.5638	30.0293	65.8441	30.0293	65.0596	30.0293	65.3487	30.0293	64.6379	30.0293	64.8592	30.0293	64.4737	30.0293	64.519	30.0293	64.7348	30.0293	64.5137	30.0293	65.4597	30.0293	64.973	30.0293	66.5195	30.0293	65.8615	30.0293	67.7203	30.0293	67.0068	30.0293	68.9053	30.0293	68.2213	30.0293	69.9778	30.0293	69.3726	30.0293	70.8848	30.0293	70.3842	30.0293	71.5968	30.0293	71.214	30.0293	72.0967	30.0293	71.8386	30.0293	72.3743	30.0293	72.2445	30.0293	72.424
31.4941	67.9093	31.4941	67.8392	31.4941	67.8748	31.4941	67.6711	31.4941	67.7372	31.4941	67.4218	31.4941	67.5068	31.4941	67.1249	31.4941	67.2077	31.4941	66.8384	31.4941	66.8855	31.4941	66.6506	31.4941	66.6163	31.4941	66.6692	31.4941	66.5066	31.4941	66.9806	31.4941	66.6657	31.4941	67.5986	31.4941	67.15	31.4941	68.4521	31.4941	67.9229	31.4941	69.4265	31.4941	68.8767	31.4941	70.4128	31.4941	69.8899	31.4941	71.3299	31.4941	70.8649	31.4941	72.1234	31.4941	71.7354	31.4941	72.7579	31.4941	72.4586	31.4941	73.2104	31.4941	73.0072	31.4941	73.4665	31.4941	73.3638	31.4941	73.5182
32.2266	68.6403	32.2266	68.5779	32.2266	68.6086	32.2266	68.4275	32.2266	68.4844	32.2266	68.2043	32.2266	68.2777	32.2266	67.9378	32.2266	68.0105	32.2266	67.6782	32.2266	67.7233	32.2266	67.5005	32.2266	67.482	32.2266	67.4966	32.2266	67.3773	32.2266	67.7462	32.2266	67.5041	32.2266	68.2739	32.2266	67.9181	32.2266	69.0316	32.2266	68.6002	32.2266	69.9237	32.2266	69.4648	32.2266	70.8489	32.2266	70.404	32.2266	71.7247	32.2266	71.3234	32.2266	72.4925	32.2266	72.1541	32.2266	73.1126	32.2266	72.8496	32.2266	73.5587	32.2266	73.3792	32.2266	73.814	32.2266	73.723	32.2266	73.8695
33.6914	69.5929	33.6914	69.5318	33.6914	69.5738	33.6914	69.3962	33.6914	69.4758	33.6914	69.201	33.6914	69.3084	33.6914	68.9736	33.6914	69.0911	33.6914	68.7588	33.6914	68.8586	33.6914	68.6209	33.6914	68.6647	33.6914	68.6364	33.6914	68.5816	33.6914	68.8703	33.6914	68.6853	33.6914	69.3448	33.6914	69.0263	33.6914	70.0239	33.6914	69.6011	33.6914	70.8298	33.6914	70.3511	33.6914	71.6746	33.6914	71.1893	33.6914	72.4822	33.6914	72.0307	33.6914	73.1951	33.6914	72.8065	33.6914	73.7729	33.6914	73.4668	33.6914	74.1875	33.6914	73.977	33.6914	74.4211	33.6914	74.314	33.6914	74.464
34.4238	69.9522	34.4238	69.9045	34.4238	69.9239	34.4238	69.7864	34.4238	69.8211	34.4238	69.6122	34.4238	69.6531	34.4238	69.4079	34.4238	69.4393	34.4238	69.215	34.4238	69.2134	34.4238	69.0926	34.4238	69.0275	34.4238	69.1103	34.4238	68.9501	34.4238	69.3285	34.4238	69.0529	34.4238	69.7703	34.4238	69.3834	34.4238	70.4071	34.4238	69.9385	34.4238	71.17	34.4238	70.6636	34.4238	71.977	34.4238	71.4763	34.4238	72.7541	34.4238	72.2943	34.4238	73.444	34.4238	73.0508	34.4238	74.0049	34.4238	73.6963	34.4238	74.4082	34.4238	74.1962	34.4238	74.635	34.4238	74.5271	34.4238	74.6753
35.8887	70.9625	35.8887	70.9299	35.8887	70.9336	35.8887	70.8414	35.8887	70.8448	35.8887	70.7102	35.8887	70.705	35.8887	70.56	35.8887	70.5327	35.8887	70.4266	35.8887	70.3583	35.8887	70.358	35.8887	70.2263	35.8887	70.4084	35.8887	70.1927	35.8887	70.6236	35.8887	70.3139	35.8887	71.022	35.8887	70.6268	35.8887	71.584	35.8887	71.13	35.8887	72.2582	35.8887	71.782	35.8887	72.9785	35.8887	72.5164	35.8887	73.6814	35.8887	73.2625	35.8887	74.3132	35.8887	73.9588	35.8887	74.8329	35.8887	74.5571	35.8887	75.2105	35.8887	75.0223	35.8887	75.4255	35.8887	75.3302	35.8887	75.4664
37.3535	71.5582	37.3535	71.5277	37.3535	71.5349	37.3535	71.4478	37.3535	71.4602	37.3535	71.3305	37.3535	71.3437	37.3535	71.1967	37.3535	71.2035	37.3535	71.0787	37.3535	71.0685	37.3535	71.0195	37.3535	70.9786	37.3535	71.0681	37.3535	70.9823	37.3535	71.267	37.3535	71.1259	37.3535	71.6361	37.3535	71.438	37.3535	72.1618	37.3535	71.9159	37.3535	72.7996	37.3535	72.5237	37.3535	73.4889	37.3535	73.2046	37.3535	74.1682	37.3535	73.8966	37.3535	74.784	37.3535	74.5437	37.3535	75.2946	37.3535	75.1008	37.3535	75.669	37.3535	75.5333	37.3535	75.887	37.3535	75.8171	37.3535	75.9371
38.8184	72.393	38.8184	72.3647	38.8184	72.3792	38.8184	72.2988	38.8184	72.3255	38.8184	72.2069	38.8184	72.2404	38.8184	72.1085	38.8184	72.1406	38.8184	72.0321	38.8184	72.0512	38.8184	72.0142	38.8184	72.006	38.8184	72.094	38.8184	72.0443	38.8184	72.3045	38.8184	72.2026	38.8184	72.6598	38.8184	72.5029	38.8184	73.1481	38.8184	72.9433	38.8184	73.7334	38.8184	73.4962	38.8184	74.3654	38.8184	74.1154	38.8184	74.991	38.8184	74.7483	38.8184	75.5617	38.8184	75.3447	38.8184	76.0379	38.8184	75.8616	38.8184	76.3893	38.8184	76.2652	38.8184	76.5948	38.8184	76.5308	38.8184	76.6428
39.5508	72.8541	39.5508	72.8269	39.5508	72.8453	39.5508	72.768	39.5508	72.8023	39.5508	72.6882	39.5508	72.7331	39.5508	72.6057	39.5508	72.6529	39.5508	72.5465	39.5508	72.5842	39.5508	72.5433	39.5508	72.557	39.5508	72.6308	39.5508	72.6054	39.5508	72.8379	39.5508	72.7613	39.5508	73.177	39.5508	73.0444	39.5508	73.6378	39.5508	73.4543	39.5508	74.1888	39.5508	73.9682	39.5508	74.7848	39.5508	74.5464	39.5508	75.3765	39.5508	75.1411	39.5508	75.9184	39.5508	75.7053	39.5508	76.3719	39.5508	76.1973	39.5508	76.707	39.5508	76.5834	39.5508	76.9028	39.5508	76.8389	39.5508	76.9475
41.0156	73.4412	41.0156	73.4228	41.0156	73.4304	41.0156	73.3792	41.0156	73.3919	41.0156	73.32	41.0156	73.3329	41.0156	73.2613	41.0156	73.2668	41.0156	73.2256	41.0156	73.2135	41.0156	73.2407	41.0156	73.1992	41.0156	73.3359	41.0156	73.2536	41.0156	73.5355	41.0156	73.4044	41.0156	73.8507	41.0156	73.6698	41.0156	74.2746	41.0156	74.0509	41.0156	74.7812	41.0156	74.5291	41.0156	75.3319	41.0156	75.0698	41.0156	75.8825	41.0156	75.6299	41.0156	76.3899	41.0156	76.1648	41.0156	76.8168	41.0156	76.6342	41.0156	77.1331	41.0156	77.0047	41.0156	77.3175	41.0156	77.2513	41.0156	77.3578
42.4805	74.2847	42.4805	74.272	42.4805	74.275	42.4805	74.2401	42.4805	74.2445	42.4805	74.197	42.4805	74.1996	42.4805	74.1564	42.4805	74.1522	42.4805	74.1368	42.4805	74.1194	42.4805	74.161	42.4805	74.1229	42.4805	74.2533	42.4805	74.1872	42.4805	74.4343	42.4805	74.3347	42.4805	74.7146	42.4805	74.5802	42.4805	75.0905	42.4805	74.9249	42.4805	75.5425	42.4805	75.3543	42.4805	76.0384	42.4805	75.8399	42.4805	76.5395	42.4805	76.3447	42.4805	77.0062	42.4805	76.8294	42.4805	77.4024	42.4805	77.2568	42.4805	77.6987	42.4805	77.595	42.4805	77.8735	42.4805	77.8197	42.4805	77.9148
43.9453	74.9016	43.9453	74.8891	43.9453	74.8965	43.9453	74.8621	43.9453	74.8754	43.9453	74.8279	43.9453	74.844	43.9453	74.7986	43.9453	74.8127	43.9453	74.7909	43.9453	74.7964	43.9453	74.825	43.9453	74.8139	43.9453	74.9221	43.9453	74.886	43.9453	75.1005	43.9453	75.0321	43.9453	75.37	43.9453	75.2651	43.9453	75.7273	43.9453	75.5867	43.9453	76.1552	43.9453	75.9855	43.9453	76.6247	43.9453	76.4372	43.9453	77.0997	43.9453	76.9093	43.9453	77.5428	43.9453	77.3654	43.9453	77.9195	43.9453	77.7706	43.9453	78.2009	43.9453	78.0936	43.9453	78.3661	43.9453	78.31	43.9453	78.4033
45.4102	75.5707	45.4102	75.5615	45.4102	75.5682	45.4102	75.5433	45.4102	75.5551	45.4102	75.5231	45.4102	75.5366	45.4102	75.5117	45.4102	75.5218	45.4102	75.5238	45.4102	75.524	45.4102	75.577	45.4102	75.5594	45.4102	75.6893	45.4102	75.6461	45.4102	75.8758	45.4102	75.8004	45.4102	76.1439	45.4102	76.0331	45.4102	76.4902	45.4102	76.3452	45.4102	76.8986	45.4102	76.7261	45.4102	77.3431	45.4102	77.1543	45.4102	77.7912	45.4102	77.6002	45.4102	78.2084	45.4102	78.031	45.4102	78.5628	45.4102	78.4141	45.4102	78.8272	45.4102	78.7201	45.4102	78.9819	45.4102	78.9259	45.4102	79.0155
47.6074	76.4852	47.6074	76.4838	47.6074	76.4821	47.6074	76.48	47.6074	76.4757	47.6074	76.4791	47.6074	76.4696	47.6074	76.489	47.6074	76.4709	47.6074	76.5205	47.6074	76.4892	47.6074	76.586	47.6074	76.5364	47.6074	76.6983	47.6074	76.6254	47.6074	76.8682	47.6074	76.7681	47.6074	77.1012	47.6074	76.9725	47.6074	77.3956	47.6074	77.2402	47.6074	77.7405	47.6074	77.5645	47.6074	78.1167	47.6074	77.9299	47.6074	78.4986	47.6074	78.3134	47.6074	78.8576	47.6074	78.6877	47.6074	79.1653	47.6074	79.0239	47.6074	79.3965	47.6074	79.2951	47.6074	79.5319	47.6074	79.479	47.6074	79.5602
49.0723	77.0513	49.0723	77.0521	49.0723	77.0492	49.0723	77.0534	49.0723	77.0467	49.0723	77.0596	49.0723	77.0472	49.0723	77.0776	49.0723	77.0566	49.0723	77.1167	49.0723	77.0834	49.0723	77.1876	49.0723	77.1378	49.0723	77.3013	49.0723	77.231	49.0723	77.4671	49.0723	77.3733	49.0723	77.6903	49.0723	77.5715	49.0723	77.9693	49.0723	77.8272	49.0723	78.2948	49.0723	78.1344	49.0723	78.6497	49.0723	78.4792	49.0723	79.0105	49.0723	78.841	49.0723	79.3506	49.0723	79.1944	49.0723	79.6428	49.0723	79.5123	49.0723	79.863	49.0723	79.7691	49.0723	79.9924	49.0723	79.9432	49.0723	80.0199
50.5371	77.6077	50.5371	77.6117	50.5371	77.6066	50.5371	77.62	50.5371	77.6091	50.5371	77.6364	50.5371	77.6181	50.5371	77.6665	50.5371	77.6386	50.5371	77.7178	50.5371	77.6773	50.5371	77.7991	50.5371	77.7427	50.5371	77.9191	50.5371	77.8436	50.5371	78.0853	50.5371	77.9882	50.5371	78.3014	50.5371	78.182	50.5371	78.566	50.5371	78.4258	50.5371	78.8709	50.5371	78.7144	50.5371	79.201	50.5371	79.0358	50.5371	79.5358	50.5371	79.3719	50.5371	79.8512	50.5371	79.7002	50.5371	80.1222	50.5371	79.996	50.5371	80.3265	50.5371	80.2356	50.5371	80.4462	50.5371	80.3987	50.5371	80.471
52.7344	78.4406	52.7344	78.4463	52.7344	78.441	52.7344	78.4592	52.7344	78.448	52.7344	78.4819	52.7344	78.4635	52.7344	78.5187	52.7344	78.4909	52.7344	78.5747	52.7344	78.5352	52.7344	78.6564	52.7344	78.6022	52.7344	78.7699	52.7344	78.6986	52.7344	78.9209	52.7344	78.8304	52.7344	79.1121	52.7344	79.0018	52.7344	79.343	52.7344	79.2141	52.7344	79.6073	52.7344	79.4638	52.7344	79.8935	52.7344	79.7419	52.7344	80.1848	52.7344	80.034	52.7344	80.4605	52.7344	80.3211	52.7344	80.6988	52.7344	80.5818	52.7344	80.879	52.7344	80.7944	52.7344	80.9846	52.7344	80.9402	52.7344	81.0057
54.1992	78.9519	54.1992	78.9602	54.1992	78.9519	54.1992	78.9777	54.1992	78.9606	54.1992	79.0064	54.1992	78.9795	54.1992	79.0495	54.1992	79.0115	54.1992	79.1111	54.1992	79.0603	54.1992	79.1962	54.1992	79.1306	54.1992	79.3096	54.1992	79.2277	54.1992	79.4559	54.1992	79.3564	54.1992	79.6373	54.1992	79.5202	54.1992	79.8532	54.1992	79.72	54.1992	80.0984	54.1992	79.9529	54.1992	80.3628	54.1992	80.2111	54.1992	80.6315	54.1992	80.482	54.1992	80.8861	54.1992	80.7486	54.1992	81.1062	54.1992	80.9912	54.1992	81.2726	54.1992	81.1897	54.1992	81.3699	54.1992	81.3264	54.1992	81.3884
56.3965	79.7235	56.3965	79.735	56.3965	79.7229	56.3965	79.7579	56.3965	79.7335	56.3965	79.7934	56.3965	79.7562	56.3965	79.8436	56.3965	79.7929	56.3965	79.9111	56.3965	79.8461	56.3965	79.9991	56.3965	79.9189	56.3965	80.1109	56.3965	80.015	56.3965	80.2493	56.3965	80.1377	56.3965	80.4161	56.3965	80.2895	56.3965	80.6105	56.3965	80.4712	56.3965	80.8285	56.3965	80.6804	56.3965	81.062	56.3965	80.9109	56.3965	81.2989	56.3965	81.1524	56.3965	81.5235	56.3965	81.3904	56.3965	81.7181	56.3965	81.6076	56.3965	81.8654	56.3965	81.7862	56.3965	81.9512	56.3965	81.9098	56.3965	81.9666
58.5938	80.3897	58.5938	80.4071	58.5938	80.385	58.5938	80.4372	58.5938	80.3932	58.5938	80.4805	58.5938	80.4151	58.5938	80.5382	58.5938	80.4519	58.5938	80.6114	58.5938	80.5052	58.5938	80.7021	58.5938	80.5771	58.5938	80.8122	58.5938	80.67	58.5938	80.9435	58.5938	80.7862	58.5938	81.0971	58.5938	80.9275	58.5938	81.2723	58.5938	81.094	58.5938	81.466	58.5938	81.284	58.5938	81.6717	58.5938	81.4921	58.5938	81.8796	58.5938	81.7098	58.5938	82.0761	58.5938	81.9248	58.5938	82.246	58.5938	82.122	58.5938	82.3737	58.5938	82.2855	58.5938	82.4463	58.5938	82.4004	58.5938	82.4557
60.0586	80.8832	60.0586	80.8972	60.0586	80.8837	60.0586	80.9258	60.0586	80.8989	60.0586	80.9692	60.0586	80.9291	60.0586	81.0279	60.0586	80.975	60.0586	81.1028	60.0586	81.0374	60.0586	81.1949	60.0586	81.1176	60.0586	81.3055	60.0586	81.2167	60.0586	81.4354	60.0586	81.3361	60.0586	81.5851	60.0586	81.4764	60.0586	81.7536	60.0586	81.6375	60.0586	81.938	60.0586	81.8172	60.0586	82.1325	60.0586	82.0109	60.0586	82.3282	60.0586	82.2111	60.0586	82.5132	60.0586	82.407	60.0586	82.6737	60.0586	82.5854	60.0586	82.7955	60.0586	82.7321	60.0586	82.8668	60.0586	82.8336	60.0586	82.8801
62.2559	81.7731	62.2559	81.7855	62.2559	81.7775	62.2559	81.8148	62.2559	81.7988	62.2559	81.8604	62.2559	81.8365	62.2559	81.922	62.2559	81.8904	62.2559	81.999	62.2559	81.9599	62.2559	82.0912	62.2559	82.0445	62.2559	82.1981	62.2559	82.1441	62.2559	82.3195	62.2559	82.2583	62.2559	82.4549	62.2559	82.3869	62.2559	82.6031	62.2559	82.5291	62.2559	82.7619	62.2559	82.6832	62.2559	82.927	62.2559	82.846	62.2559	83.0917	62.2559	83.0121	62.2559	83.2471	62.2559	83.1734	62.2559	83.3821	62.2559	83.3199	62.2559	83.4853	62.2559	83.4399	62.2559	83.5465	62.2559	83.5226	62.2559	83.5595
64.4531	82.3758	64.4531	82.3898	64.4531	82.3795	64.4531	82.421	64.4531	82.4007	64.4531	82.4686	64.4531	82.4389	64.4531	82.5315	64.4531	82.4931	64.4531	82.6082	64.4531	82.5621	64.4531	82.6975	64.4531	82.6445	64.4531	82.798	64.4531	82.7391	64.4531	82.9087	64.4531	82.8449	64.4531	83.0287	64.4531	82.9608	64.4531	83.1568	64.4531	83.0859	64.4531	83.2915	64.4531	83.2188	64.4531	83.4297	64.4531	83.3572	64.4531	83.5668	64.4531	83.497	64.4531	83.6959	64.4531	83.6323	64.4531	83.8083	64.4531	83.755	64.4531	83.8944	64.4531	83.8558	64.4531	83.9456	64.4531	83.9253	64.4531	83.9564
66.6504	83.0641	66.6504	83.0783	66.6504	83.0687	66.6504	83.1105	66.6504	83.0917	66.6504	83.1595	66.6504	83.1324	66.6504	83.2236	66.6504	83.1893	66.6504	83.3005	66.6504	83.2603	66.6504	83.3882	66.6504	83.3434	66.6504	83.4846	66.6504	83.4365	66.6504	83.5878	66.6504	83.5375	66.6504	83.6967	66.6504	83.6449	66.6504	83.8101	66.6504	83.7574	66.6504	83.9266	66.6504	83.8737	66.6504	84.0443	66.6504	83.9919	66.6504	84.1599	66.6504	84.1094	66.6504	84.2682	66.6504	84.2218	66.6504	84.3623	66.6504	84.3231	66.6504	84.4346	66.6504	84.4059	66.6504	84.478	66.6504	84.4628	66.6504	84.4878
69.5801	83.9394	69.5801	83.9532	69.5801	83.9454	69.5801	83.9862	69.5801	83.971	69.5801	84.0367	69.5801	84.0149	69.5801	84.1022	69.5801	84.0748	69.5801	84.1798	69.5801	84.1479	69.5801	84.2663	69.5801	84.2311	69.5801	84.3587	69.5801	84.3211	69.5801	84.4541	69.5801	84.4151	69.5801	84.5504	69.5801	84.5106	69.5801	84.6462	69.5801	84.6058	69.5801	84.7403	69.5801	84.6996	69.5801	84.8315	69.5801	84.7911	69.5801	84.9181	69.5801	84.879	69.5801	84.9975	69.5801	84.9613	69.5801	85.0655	69.5801	85.0346	69.5801	85.1172	69.5801	85.0945	69.5801	85.1479	69.5801	85.1358	69.5801	85.1543
71.7773	84.5466	71.7773	84.5617	71.7773	84.5516	71.7773	84.5962	71.7773	84.5766	71.7773	84.648	71.7773	84.6199	71.7773	84.7143	71.7773	84.6792	71.7773	84.7916	71.7773	84.7511	71.7773	84.876	71.7773	84.832	71.7773	84.9639	71.7773	84.918	71.7773	85.0519	71.7773	85.0058	71.7773	85.1375	71.7773	85.0922	71.7773	85.219	71.7773	85.1755	71.7773	85.2956	71.7773	85.2542	71.7773	85.3667	71.7773	85.3279	71.7773	85.4318	71.7773	85.3962	71.7773	85.49	71.7773	85.4585	71.7773	85.5391	71.7773	85.513	71.7773	85.5761	71.7773	85.5573	71.7773	85.5978	71.7773	85.5879	71.7773	85.6019
73.9746	85.1603	73.9746	85.1756	73.9746	85.1656	73.9746	85.2103	73.9746	85.191	73.9746	85.2622	73.9746	85.2348	73.9746	85.3281	73.9746	85.2943	73.9746	85.404	73.9746	85.3658	73.9746	85.4855	73.9746	85.4449	73.9746	85.5683	73.9746	85.5273	73.9746	85.6487	73.9746	85.609	73.9746	85.7236	73.9746	85.6865	73.9746	85.7914	73.9746	85.7574	73.9746	85.8511	73.9746	85.8206	73.9746	85.903	73.9746	85.8758	73.9746	85.9477	73.9746	85.9236	73.9746	85.9857	73.9746	85.9648	73.9746	86.0167	73.9746	85.9995	73.9746	86.0396	73.9746	86.0272	73.9746	86.0528	73.9746	86.0463	73.9746	86.0551
76.9043	85.9457	76.9043	85.9605	76.9043	85.9512	76.9043	85.9946	76.9043	85.9765	76.9043	86.0455	76.9043	86.0199	76.9043	86.1096	76.9043	86.0782	76.9043	86.1824	76.9043	86.1473	76.9043	86.2589	76.9043	86.2223	76.9043	86.3345	76.9043	86.2983	76.9043	86.4046	76.9043	86.3707	76.9043	86.4659	76.9043	86.4356	76.9043	86.5163	76.9043	86.4905	76.9043	86.5552	76.9043	86.5341	76.9043	86.5834	76.9043	86.5667	76.9043	86.6029	76.9043	86.59	76.9043	86.6159	76.9043	86.6062	76.9043	86.6246	76.9043	86.6174	76.9043	86.6301	76.9043	86.6252	76.9043	86.6329	76.9043	86.6304	76.9043	86.633
79.834	86.6697	79.834	86.6838	79.834	86.676	79.834	86.7169	79.834	86.702	79.834	86.7666	79.834	86.7459	79.834	86.8289	79.834	86.8041	79.834	86.899	79.834	86.8723	79.834	86.9717	79.834	86.9452	79.834	87.0414	79.834	87.0174	79.834	87.1034	79.834	87.0838	79.834	87.1538	79.834	87.14	79.834	87.1902	79.834	87.1831	79.834	87.2122	79.834	87.2115	79.834	87.2208	79.834	87.2259	79.834	87.2191	79.834	87.2281	79.834	87.211	79.834	87.2218	79.834	87.2006	79.834	87.211	79.834	87.1915	79.834	87.1995	79.834	87.1861	79.834	87.1905	79.834	87.1857
82.7637	87.2943	82.7637	87.3128	82.7637	87.2965	82.7637	87.3505	82.7637	87.319	82.7637	87.4044	82.7637	87.3599	82.7637	87.4702	82.7637	87.4156	82.7637	87.5426	82.7637	87.4814	82.7637	87.6156	82.7637	87.5518	82.7637	87.6833	82.7637	87.6208	82.7637	87.7405	82.7637	87.6827	82.7637	87.7827	82.7637	87.7327	82.7637	87.8075	82.7637	87.7671	82.7637	87.8143	82.7637	87.7843	82.7637	87.8048	82.7637	87.7849	82.7637	87.7828	82.7637	87.7715	82.7637	87.7536	82.7637	87.7486	82.7637	87.7233	82.7637	87.7222	82.7637	87.6974	82.7637	87.698	82.7637	87.6803	82.7637	87.681	82.7637	87.6746
85.6934	87.7487	85.6934	87.7626	85.6934	87.7588	85.6934	87.7991	85.6934	87.7921	85.6934	87.8552	85.6934	87.8461	85.6934	87.9265	85.6934	87.9169	85.6934	88.0072	85.6934	87.9989	85.6934	88.0907	85.6934	88.0857	85.6934	88.1702	85.6934	88.1705	85.6934	88.2395	85.6934	88.2468	85.6934	88.2934	85.6934	88.3086	85.6934	88.3282	85.6934	88.3515	85.6934	88.3425	85.6934	88.3733	85.6934	88.3377	85.6934	88.3741	85.6934	88.3174	85.6934	88.3564	85.6934	88.2876	85.6934	88.3257	85.6934	88.2556	85.6934	88.2886	85.6934	88.2285	85.6934	88.2529	85.6934	88.2125	85.6934	88.2255	85.6934	88.2112
88.623	88.3646	88.623	88.3704	88.623	88.3787	88.623	88.3949	88.623	88.4121	88.623	88.4353	88.623	88.4627	88.623	88.4872	88.623	88.5264	88.623	88.5453	88.623	88.5981	88.623	88.6034	88.623	88.6715	88.623	88.6552	88.623	88.7396	88.623	88.6947	88.623	88.7958	88.623	88.717	88.623	88.8339	88.623	88.7191	88.623	88.8493	88.623	88.7002	88.623	88.8396	88.623	88.6623	88.623	88.8052	88.623	88.6107	88.623	88.7496	88.623	88.5532	88.623	88.6794	88.623	88.4992	88.623	88.604	88.623	88.4583	88.623	88.5335	88.623	88.4387	88.623	88.478	88.623	88.4451
91.5527	88.8373	91.5527	88.8462	91.5527	88.8485	91.5527	88.874	91.5527	88.8793	91.5527	88.9176	91.5527	88.9274	91.5527	88.9724	91.5527	88.9886	91.5527	89.0324	91.5527	89.0574	91.5527	89.0911	91.5527	89.1273	91.5527	89.1413	91.5527	89.1911	91.5527	89.1765	91.5527	89.2415	91.5527	89.1913	91.5527	89.2723	91.5527	89.1822	91.5527	89.2785	91.5527	89.1483	91.5527	89.2575	91.5527	89.0922	91.5527	89.2097	91.5527	89.0199	91.5527	89.139	91.5527	88.9408	91.5527	89.053	91.5527	88.8664	91.5527	88.9621	91.5527	88.8086	91.5527	88.8787	91.5527	88.7775	91.5527	88.8146	91.5527	88.7793
94.4824	89.1533	94.4824	89.1606	94.4824	89.1662	94.4824	89.1869	94.4824	89.1986	94.4824	89.2291	94.4824	89.2481	94.4824	89.2826	94.4824	89.3106	94.4824	89.3414	94.4824	89.3804	94.4824	89.3985	94.4824	89.4507	94.4824	89.4466	94.4824	89.514	94.4824	89.4787	94.4824	89.5628	94.4824	89.4888	94.4824	89.5903	94.4824	89.4732	94.4824	89.591	94.4824	89.4308	94.4824	89.5623	94.4824	89.3643	94.4824	89.5043	94.4824	89.2803	94.4824	89.4212	94.4824	89.1891	94.4824	89.3213	94.4824	89.1036	94.4824	89.2163	94.4824	89.0374	94.4824	89.1198	94.4824	89.002	94.4824	89.0456	94.4824	89.0044
98.1445	89.4269	98.1445	89.4362	98.1445	89.437	98.1445	89.4637	98.1445	89.4661	98.1445	89.5064	98.1445	89.5118	98.1445	89.5597	98.1445	89.5702	98.1445	89.6175	98.1445	89.6355	98.1445	89.6727	98.1445	89.7012	98.1445	89.7179	98.1445	89.7597	98.1445	89.7457	98.1445	89.8034	98.1445	89.7502	98.1445	89.8252	98.1445	89.7271	98.1445	89.8198	98.1445	89.6756	98.1445	89.7839	98.1445	89.5982	98.1445	89.718	98.1445	89.5021	98.1445	89.6264	98.1445	89.3981	98.1445	89.5175	98.1445	89.3002	98.1445	89.4039	98.1445	89.2235	98.1445	89.3003	98.1445	89.1806	98.1445	89.2216	98.1445	89.1796
101.807	89.6257	101.807	89.6372	101.807	89.6318	101.807	89.665	101.807	89.655	101.807	89.7059	101.807	89.693	101.807	89.7552	101.807	89.7421	101.807	89.8067	101.807	89.7964	101.807	89.8531	101.807	89.8494	101.807	89.8865	101.807	89.8932	101.807	89.8995	101.807	89.9199	101.807	89.8855	101.807	89.9225	101.807	89.8405	101.807	89.8952	101.807	89.7634	101.807	89.8352	101.807	89.6573	101.807	89.743	101.807	89.5301	101.807	89.624	101.807	89.3944	101.807	89.4883	101.807	89.2665	101.807	89.3502	101.807	89.1642	101.807	89.2274	101.807	89.1031	101.807	89.1372	101.807	89.0935
105.469	89.5634	105.469	89.5717	105.469	89.5755	105.469	89.5993	105.469	89.6075	105.469	89.6428	105.469	89.6566	105.469	89.6973	105.469	89.7182	105.469	89.7561	105.469	89.7862	105.469	89.8113	105.469	89.8528	105.469	89.8543	105.469	89.9094	105.469	89.8769	105.469	89.9474	105.469	89.8718	105.469	89.9586	105.469	89.8342	105.469	89.937	105.469	89.7625	105.469	89.8793	105.469	89.6598	105.469	89.7862	105.469	89.5339	105.469	89.6631	105.469	89.398	105.469	89.5209	105.469	89.269	105.469	89.3751	105.469	89.1659	105.469	89.2442	105.469	89.1053	105.469	89.147	105.469	89.0983
109.131	89.391	109.131	89.4094	109.131	89.3926	109.131	89.446	109.131	89.4142	109.131	89.4976	109.131	89.4545	109.131	89.5597	109.131	89.5104	109.131	89.6259	109.131	89.577	109.131	89.6885	109.131	89.6474	109.131	89.739	109.131	89.7132	109.131	89.769	109.131	89.7652	109.131	89.7707	109.131	89.794	109.131	89.7389	109.131	89.7917	109.131	89.6716	109.131	89.7531	109.131	89.5714	109.131	89.6768	109.131	89.4464	109.131	89.567	109.131	89.31	109.131	89.4334	109.131	89.18	109.131	89.2916	109.131	89.0761	109.131	89.1611	109.131	89.016	109.131	89.0619	109.131	89.0107
112.793	89.5564	112.793	89.5788	112.793	89.5465	112.793	89.6128	112.793	89.5487	112.793	89.6565	112.793	89.5617	112.793	89.7066	112.793	89.583	112.793	89.758	112.793	89.6088	112.793	89.804	112.793	89.6341	112.793	89.8368	112.793	89.6522	112.793	89.8481	112.793	89.656	112.793	89.8301	112.793	89.6382	112.793	89.7768	112.793	89.5928	112.793	89.6855	112.793	89.5163	112.793	89.5581	112.793	89.4092	112.793	89.4017	112.793	89.2771	112.793	89.2297	112.793	89.1315	112.793	89.0605	112.793	88.9887	112.793	88.9152	112.793	88.8688	112.793	88.814	112.793	88.7913	112.793	88.7711
116.455	89.4909	116.455	89.4932	116.455	89.5004	116.455	89.5069	116.455	89.5208	116.455	89.5308	116.455	89.5505	116.455	89.562	116.455	89.5867	116.455	89.596	116.455	89.6253	116.455	89.6267	116.455	89.6608	116.455	89.6465	116.455	89.6864	116.455	89.6473	116.455	89.6946	116.455	89.6212	116.455	89.678	116.455	89.5625	116.455	89.6302	116.455	89.4686	116.455	89.5475	116.455	89.3415	116.455	89.4301	116.455	89.1891	116.455	89.2833	116.455	89.0253	116.455	89.1184	116.455	88.8691	116.455	88.952	116.455	88.7421	116.455	88.8048	116.455	88.6641	116.455	88.698	116.455	88.6484
120.85	89.2061	120.85	89.2176	120.85	89.2061	120.85	89.2401	120.85	89.2176	120.85	89.2717	120.85	89.2394	120.85	89.3098	120.85	89.2693	120.85	89.3498	120.85	89.3038	120.85	89.3855	120.85	89.3373	120.85	89.4094	120.85	89.3629	120.85	89.413	120.85	89.3726	120.85	89.388	120.85	89.3579	120.85	89.3278	120.85	89.3117	120.85	89.229	120.85	89.2294	120.85	89.0933	120.85	89.1107	120.85	88.9286	120.85	88.9608	120.85	88.7495	120.85	88.7914	120.85	88.5766	120.85	88.6205	120.85	88.4335	120.85	88.4702	120.85	88.3423	120.85	88.3632	120.85	88.3177
125.244	89.1003	125.244	89.1139	125.244	89.0969	125.244	89.1366	125.244	89.1035	125.244	89.1666	125.244	89.1192	125.244	89.2003	125.244	89.1417	125.244	89.2331	125.244	89.1671	125.244	89.2583	125.244	89.19	125.244	89.2685	125.244	89.2034	125.244	89.2554	125.244	89.1992	125.244	89.2115	125.244	89.1696	125.244	89.1313	125.244	89.1076	125.244	89.0129	125.244	89.0095	125.244	88.8591	125.244	88.8754	125.244	88.6789	125.244	88.7113	125.244	88.4874	125.244	88.5296	125.244	88.3054	125.244	88.3489	125.244	88.156	125.244	88.1917	125.244	88.0608	125.244	88.0809	125.244	88.0345
129.639	88.8682	129.639	88.8763	129.639	88.8722	129.639	88.8961	129.639	88.8878	129.639	88.9264	129.639	88.9136	129.639	88.9645	129.639	88.9473	129.639	89.0056	129.639	88.9854	129.639	89.0433	129.639	89.0225	129.639	89.0692	129.639	89.0515	129.639	89.0745	129.639	89.0647	129.639	89.0508	129.639	89.0537	129.639	88.9919	129.639	89.0118	129.639	88.8951	129.639	88.9346	129.639	88.7634	129.639	88.822	129.639	88.6054	129.639	88.679	129.639	88.4363	129.639	88.5171	129.639	88.2761	129.639	88.3528	129.639	88.1467	129.639	88.2071	129.639	88.0677	129.639	88.101	129.639	88.0517
134.033	88.5977	134.033	88.5995	134.033	88.6059	134.033	88.6114	134.033	88.6236	134.033	88.6331	134.033	88.6502	134.033	88.6634	134.033	88.6844	134.033	88.6991	134.033	88.7233	134.033	88.735	134.033	88.7625	134.033	88.7638	134.033	88.7954	134.033	88.7766	134.033	88.814	134.033	88.7647	134.033	88.8098	134.033	88.7209	134.033	88.7753	134.033	88.6413	134.033	88.7057	134.033	88.5271	134.033	88.6004	134.033	88.3858	134.033	88.4645	134.033	88.2312	134.033	88.3093	134.033	88.0823	134.033	88.152	134.033	87.9602	134.033	88.013	134.033	87.8843	134.033	87.9128	134.033	87.8675
138.428	88.3444	138.428	88.3382	138.428	88.356	138.428	88.3379	138.428	88.3731	138.428	88.344	138.428	88.3959	138.428	88.3564	138.428	88.4243	138.428	88.3737	138.428	88.4571	138.428	88.392	138.428	88.491	138.428	88.4054	138.428	88.5207	138.428	88.4062	138.428	88.5384	138.428	88.3861	138.428	88.5355	138.428	88.338	138.428	88.5038	138.428	88.2581	138.428	88.4375	138.428	88.1476	138.428	88.3349	138.428	88.0136	138.428	88.2001	138.428	87.8696	138.428	88.0436	138.428	87.734	138.428	87.882	138.428	87.6271	138.428	87.7354	138.428	87.5672	138.428	87.6245	138.428	87.5656
143.555	88.2364	143.555	88.234	143.555	88.2366	143.555	88.2299	143.555	88.2349	143.555	88.2247	143.555	88.2322	143.555	88.219	143.555	88.2292	143.555	88.2123	143.555	88.2258	143.555	88.202	143.555	88.2202	143.555	88.1834	143.555	88.2086	143.555	88.1497	143.555	88.1854	143.555	88.0935	143.555	88.1439	143.555	88.0084	143.555	88.0777	143.555	87.8915	143.555	87.9822	143.555	87.7449	143.555	87.8565	143.555	87.5776	143.555	87.7048	143.555	87.4047	143.555	87.537	143.555	87.2463	143.555	87.3685	143.555	87.1236	143.555	87.2184	143.555	87.0543	143.555	87.1062	143.555	87.0485
148.682	88.1862	148.682	88.1934	148.682	88.1728	148.682	88.1936	148.682	88.1548	148.682	88.1868	148.682	88.1339	148.682	88.1728	148.682	88.1117	148.682	88.1507	148.682	88.0883	148.682	88.1184	148.682	88.0619	148.682	88.0719	148.682	88.0281	148.682	88.0059	148.682	87.9799	148.682	87.9141	148.682	87.9094	148.682	87.7913	148.682	87.8091	148.682	87.6351	148.682	87.6742	148.682	87.4479	148.682	87.5047	148.682	87.2387	148.682	87.3074	148.682	87.0234	148.682	87.0958	148.682	86.8234	148.682	86.8902	148.682	86.6626	148.682	86.7141	148.682	86.5626	148.682	86.5907	148.682	86.5375
153.809	87.9197	153.809	87.9337	153.809	87.9022	153.809	87.9436	153.809	87.8826	153.809	87.949	153.809	87.8625	153.809	87.949	153.809	87.8435	153.809	87.9416	153.809	87.8263	153.809	87.923	153.809	87.8094	153.809	87.8877	153.809	87.7885	153.809	87.8294	153.809	87.7569	153.809	87.7416	153.809	87.7059	153.809	87.6198	153.809	87.6271	153.809	87.4633	153.809	87.5144	153.809	87.2768	153.809	87.3663	153.809	87.0715	153.809	87.188	153.809	86.8647	153.809	86.992	153.809	86.6779	153.809	86.7969	153.809	86.5334	153.809	86.6255	153.809	86.4499	153.809	86.5001	153.809	86.4385
159.668	87.5139	159.668	87.5314	159.668	87.4864	159.668	87.5402	159.668	87.4493	159.668	87.5422	159.668	87.404	159.668	87.5392	159.668	87.3529	159.668	87.5313	159.668	87.2986	159.668	87.5162	159.668	87.2421	159.668	87.4889	159.668	87.1826	159.668	87.4419	159.668	87.1167	159.668	87.3669	159.668	87.039	159.668	87.257	159.668	86.9439	159.668	87.1088	159.668	86.8272	159.668	86.9255	159.668	86.6884	159.668	86.7173	159.668	86.5325	159.668	86.502	159.668	86.3705	159.668	86.3018	159.668	86.2177	159.668	86.1389	159.668	86.0922	159.668	86.0313	159.668	86.0113	159.668	85.9885
164.795	87.6931	164.795	87.682	164.795	87.6865	164.795	87.6554	164.795	87.6612	164.795	87.6163	164.795	87.6171	164.795	87.567	164.795	87.5549	164.795	87.5088	164.795	87.4752	164.795	87.4404	164.795	87.3777	164.795	87.3582	164.795	87.2609	164.795	87.2561	164.795	87.1219	164.795	87.1271	164.795	86.9573	164.795	86.9652	164.795	86.7646	164.795	86.7678	164.795	86.5446	164.795	86.5374	164.795	86.3028	164.795	86.2835	164.795	86.0515	164.795	86.0223	164.795	85.8086	164.795	85.7754	164.795	85.5965	164.795	85.5663	164.795	85.4372	164.795	85.4164	164.795	85.3487	164.795	85.3413
170.654	87.5984	170.654	87.5752	170.654	87.6088	170.654	87.5394	170.654	87.6068	170.654	87.4918	170.654	87.5932	170.654	87.4327	170.654	87.5685	170.654	87.3615	170.654	87.5321	170.654	87.2763	170.654	87.4812	170.654	87.173	170.654	87.4109	170.654	87.0466	170.654	87.3142	170.654	86.8921	170.654	87.184	170.654	86.7066	170.654	87.0145	170.654	86.4912	170.654	86.804	170.654	86.2532	170.654	86.5568	170.654	86.0057	170.654	86.2848	170.654	85.7676	170.654	86.0071	170.654	85.56	170.654	85.7477	170.654	85.4038	170.654	85.5316	170.654	85.3156	170.654	85.38	170.654	85.3065
176.514	87.151	176.514	87.1337	176.514	87.1581	176.514	87.108	176.514	87.1538	176.514	87.0758	176.514	87.138	176.514	87.0378	176.514	87.1104	176.514	86.9926	176.514	87.0704	176.514	86.9356	176.514	87.0154	176.514	86.8592	176.514	86.9406	176.514	86.7545	176.514	86.8397	176.514	86.613	176.514	86.7054	176.514	86.4291	176.514	86.5325	176.514	86.2035	176.514	86.3198	176.514	85.9444	176.514	86.0721	176.514	85.6686	176.514	85.802	176.514	85.3996	176.514	85.529	176.514	85.1639	176.514	85.2766	176.514	84.9855	176.514	85.069	176.514	84.8817	176.514	84.9261	176.514	84.8616
183.105	86.7351	183.105	86.7372	183.105	86.7196	183.105	86.7277	183.105	86.691	183.105	86.7097	183.105	86.6516	183.105	86.6863	183.105	86.6043	183.105	86.6581	183.105	86.5509	183.105	86.6223	183.105	86.4909	183.105	86.5716	183.105	86.4202	183.105	86.4953	183.105	86.3315	183.105	86.3821	183.105	86.216	183.105	86.2229	183.105	86.066	183.105	86.0149	183.105	85.878	183.105	85.7642	183.105	85.655	183.105	85.4866	183.105	85.4088	183.105	85.2067	183.105	85.1584	183.105	84.9531	183.105	84.9282	183.105	84.7528	183.105	84.7427	183.105	84.6254	183.105	84.6226	183.105	84.5814
189.697	86.5385	189.697	86.535	189.697	86.5201	189.697	86.5124	189.697	86.48	189.697	86.4756	189.697	86.4212	189.697	86.4302	189.697	86.3489	189.697	86.3802	189.697	86.2681	189.697	86.3264	189.697	86.182	189.697	86.2654	189.697	86.09	189.697	86.1896	189.697	85.9871	189.697	86.0895	189.697	85.8652	189.697	85.9569	189.697	85.7164	189.697	85.7877	189.697	85.5365	189.697	85.5848	189.697	85.3287	189.697	85.3587	189.697	85.1059	189.697	85.1261	189.697	84.8887	189.697	84.907	189.697	84.702	189.697	84.7208	189.697	84.5681	189.697	84.5837	189.697	84.5017	189.697	84.5079
196.289	86.3758	196.289	86.3182	196.289	86.4067	196.289	86.2388	196.289	86.4095	196.289	86.1454	196.289	86.3858	196.289	86.0473	196.289	86.3393	196.289	85.9527	196.289	86.2742	196.289	85.8659	196.289	86.1936	196.289	85.7858	196.289	86.0983	196.289	85.7053	196.289	85.9864	196.289	85.6135	196.289	85.8542	196.289	85.5002	196.289	85.6981	196.289	85.3598	196.289	85.5174	196.289	85.1946	196.289	85.3171	196.289	85.0159	196.289	85.1084	196.289	84.8414	196.289	84.9084	196.289	84.69	196.289	84.7352	196.289	84.5764	196.289	84.6034	196.289	84.5087	196.289	84.521	196.289	84.4897
202.881	86.4479	202.881	86.4301	202.881	86.4303	202.881	86.3766	202.881	86.3809	202.881	86.2897	202.881	86.3054	202.881	86.1739	202.881	86.2107	202.881	86.0347	202.881	86.1036	202.881	85.8776	202.881	85.9885	202.881	85.707	202.881	85.8662	202.881	85.5257	202.881	85.7335	202.881	85.3355	202.881	85.5839	202.881	85.1381	202.881	85.4113	202.881	84.9371	202.881	85.2127	202.881	84.7384	202.881	84.9923	202.881	84.5507	202.881	84.7623	202.881	84.384	202.881	84.542	202.881	84.2479	202.881	84.352	202.881	84.1494	202.881	84.2084	202.881	84.0928	202.881	84.1184	202.881	84.0812
210.205	86.2848	210.205	86.242	210.205	86.3007	210.205	86.1747	210.205	86.2883	210.205	86.0865	210.205	86.2476	210.205	85.9806	210.205	86.1793	210.205	85.8587	210.205	86.0841	210.205	85.7203	210.205	85.9615	210.205	85.5617	210.205	85.8094	210.205	85.3775	210.205	85.6241	210.205	85.163	210.205	85.4022	210.205	84.9173	210.205	85.1434	210.205	84.6471	210.205	84.8539	210.205	84.3684	210.205	84.5485	210.205	84.1042	210.205	84.2504	210.205	83.8785	210.205	83.9858	210.205	83.7077	210.205	83.7766	210.205	83.5954	210.205	83.6326	210.205	83.5355	210.205	83.5506	210.205	83.5208
217.529	85.9113	217.529	85.8836	217.529	85.9088	217.529	85.8243	217.529	85.8808	217.529	85.7349	217.529	85.8344	217.529	85.6184	217.529	85.7779	217.529	85.4775	217.529	85.7175	217.529	85.3124	217.529	85.6552	217.529	85.1206	217.529	85.5864	217.529	84.8977	217.529	85.5	217.529	84.6405	217.529	85.381	217.529	84.3515	217.529	85.2142	217.529	84.042	217.529	84.9901	217.529	83.7345	217.529	84.7098	217.529	83.4585	217.529	84.3883	217.529	83.2426	217.529	84.0536	217.529	83.1044	217.529	83.7392	217.529	83.0459	217.529	83.4737	217.529	83.0589	217.529	83.2719	217.529	83.1348
225.586	85.7046	225.586	85.7307	225.586	85.6275	225.586	85.7092	225.586	85.5025	225.586	85.6482	225.586	85.3393	225.586	85.5579	225.586	85.1538	225.586	85.4466	225.586	84.9645	225.586	85.3186	225.586	84.7889	225.586	85.1711	225.586	84.6372	225.586	84.9958	225.586	84.5093	225.586	84.7812	225.586	84.3944	225.586	84.5185	225.586	84.275	225.586	84.2076	225.586	84.1338	225.586	83.8624	225.586	83.9604	225.586	83.5127	225.586	83.7557	225.586	83.1991	225.586	83.5322	225.586	82.9611	225.586	83.3095	225.586	82.8222	225.586	83.1078	225.586	82.7834	225.586	82.9434	225.586	82.8301
232.91	85.7915	232.91	85.7635	232.91	85.7698	232.91	85.6946	232.91	85.6943	232.91	85.5965	232.91	85.5656	232.91	85.4814	232.91	85.3893	232.91	85.3587	232.91	85.1751	232.91	85.2316	232.91	84.9352	232.91	85.0957	232.91	84.6824	232.91	84.9403	232.91	84.4265	232.91	84.7532	232.91	84.1732	232.91	84.5271	232.91	83.9241	232.91	84.2653	232.91	83.6795	232.91	83.9832	232.91	83.4434	232.91	83.7049	232.91	83.226	232.91	83.4544	232.91	83.0434	232.91	83.2466	232.91	82.9123	232.91	83.084	232.91	82.8428	232.91	82.962	232.91	82.8343	232.91	82.8773
241.699	85.4889	241.699	85.42	241.699	85.5037	241.699	85.2991	241.699	85.4652	241.699	85.1322	241.699	85.3754	241.699	84.9308	241.699	85.237	241.699	84.7116	241.699	85.0534	241.699	84.493	241.699	84.8292	241.699	84.2889	241.699	84.5709	241.699	84.1016	241.699	84.2871	241.699	83.9187	241.699	83.9891	241.699	83.7195	241.699	83.6912	241.699	83.4882	241.699	83.4114	241.699	83.2276	241.699	83.169	241.699	82.9662	241.699	82.9795	241.699	82.749	241.699	82.8479	241.699	82.6137	241.699	82.7656	241.699	82.5673	241.699	82.7142	241.699	82.5844	241.699	82.6726	241.699	82.6279
249.756	85.8294	249.756	85.7756	249.756	85.8248	249.756	85.6652	249.756	85.7642	249.756	85.5032	249.756	85.6528	249.756	85.296	249.756	85.4975	249.756	85.0504	249.756	85.3043	249.756	84.772	249.756	85.0761	249.756	84.466	249.756	84.811	249.756	84.1385	249.756	84.5035	249.756	83.7963	249.756	84.1463	249.756	83.4475	249.756	83.7365	249.756	83.0993	249.756	83.2829	249.756	82.7599	249.756	82.8137	249.756	82.441	249.756	82.3768	249.756	82.1607	249.756	82.0261	249.756	81.9391	249.756	81.7947	249.756	81.7869	249.756	81.6779	249.756	81.6973	249.756	81.6419	249.756	81.6526
258.545	85.5894	258.545	85.5079	258.545	85.6062	258.545	85.3711	258.545	85.5544	258.545	85.1936	258.545	85.4356	258.545	84.9923	258.545	85.2558	258.545	84.7828	258.545	85.0235	258.545	84.5747	258.545	84.7474	258.545	84.3667	258.545	84.4338	258.545	84.147	258.545	84.0845	258.545	83.8965	258.545	83.6969	258.545	83.5965	258.545	83.2663	258.545	83.2367	258.545	82.7927	258.545	82.823	258.545	82.2906	258.545	82.3802	258.545	81.7976	258.545	81.949	258.545	81.3711	258.545	81.5728	258.545	81.0669	258.545	81.2797	258.545	80.9085	258.545	81.0727	258.545	80.878	258.545	80.9398
268.066	85.3298	268.066	85.1431	268.066	85.4295	268.066	84.8752	268.066	85.4476	268.066	84.5445	268.066	85.3991	268.066	84.1816	268.066	85.3049	268.066	83.8274	268.066	85.1864	268.066	83.5248	268.066	85.0575	268.066	83.305	268.066	84.9198	268.066	83.1734	268.066	84.762	268.066	83.1054	268.066	84.5648	268.066	83.0574	268.066	84.3084	268.066	82.984	268.066	83.9791	268.066	82.8526	268.066	83.5745	268.066	82.6514	268.066	83.1081	268.066	82.3902	268.066	82.6143	268.066	82.0979	268.066	82.1484	268.066	81.8176	268.066	81.776	268.066	81.6008	268.066	81.5521	268.066	81.4987
277.588	86.233	277.588	86.1768	277.588	86.1807	277.588	86.0078	277.588	86.0256	277.588	85.7246	277.588	85.7758	277.588	85.3314	277.588	85.4433	277.588	84.8432	277.588	85.0468	277.588	84.2926	277.588	84.6139	277.588	83.7347	277.588	84.1822	277.588	83.2424	277.588	83.795	277.588	82.8848	277.588	83.4922	277.588	82.6972	277.588	83.2982	277.588	82.6661	277.588	83.2129	277.588	82.7421	277.588	83.2122	277.588	82.868	277.588	83.2578	277.588	82.9986	277.588	83.3119	277.588	83.1092	277.588	83.3481	277.588	83.1928	277.588	83.3559	277.588	83.2548	277.588	83.338	277.588	83.3024
287.109	86.2239	287.109	86.1774	287.109	86.192	287.109	86.0479	287.109	86.0882	287.109	85.8327	287.109	85.9198	287.109	85.5319	287.109	85.6955	287.109	85.1483	287.109	85.4254	287.109	84.6884	287.109	85.1195	287.109	84.1651	287.109	84.7858	287.109	83.6029	287.109	84.427	287.109	83.0458	287.109	84.0409	287.109	82.5617	287.109	83.6285	287.109	82.2309	287.109	83.2104	287.109	82.1123	287.109	82.8403	287.109	82.2028	287.109	82.5963	287.109	82.435	287.109	82.5368	287.109	82.7141	287.109	82.6496	287.109	82.9572	287.109	82.8515	287.109	83.1077	287.109	83.0389	287.109	83.1356
297.363	86.1005	297.363	86.0374	297.363	86.0643	297.363	85.8685	297.363	85.9342	297.363	85.5883	297.363	85.7148	297.363	85.1973	297.363	85.4118	297.363	84.7082	297.363	85.0354	297.363	84.1506	297.363	84.6024	297.363	83.5689	297.363	84.1404	297.363	83.0132	297.363	83.689	297.363	82.5272	297.363	83.2937	297.363	82.1414	297.363	82.9904	297.363	81.8779	297.363	82.7865	297.363	81.7552	297.363	82.6597	297.363	81.782	297.363	82.5807	297.363	81.9391	297.363	82.5371	297.363	82.1718	297.363	82.5352	297.363	82.4052	297.363	82.5754	297.363	82.5731	297.363	82.6289	297.363	82.6436
307.617	85.5331	307.617	85.515	307.617	85.4807	307.617	85.4182	307.617	85.363	307.617	85.2307	307.617	85.1846	307.617	84.9376	307.617	84.9501	307.617	84.5257	307.617	84.6633	307.617	83.9915	307.617	84.3251	307.617	83.348	307.617	83.9327	307.617	82.6319	307.617	83.4824	307.617	81.9055	307.617	82.9793	307.617	81.2555	307.617	82.4512	307.617	80.7793	307.617	81.958	307.617	80.5535	307.617	81.5779	307.617	80.5884	307.617	81.3652	307.617	80.8104	307.617	81.3145	307.617	81.101	307.617	81.3697	307.617	81.3555	307.617	81.4641	307.617	81.5164	307.617	81.5449	307.617	81.573
318.604	85.8623	318.604	85.7748	318.604	85.8818	318.604	85.6258	318.604	85.8284	318.604	85.4205	318.604	85.6992	318.604	85.1591	318.604	85.4928	318.604	84.8334	318.604	85.2079	318.604	84.4263	318.604	84.8422	318.604	83.9158	318.604	84.3925	318.604	83.284	318.604	83.857	318.604	82.5317	318.604	83.2413	318.604	81.7028	318.604	82.5686	318.604	80.9108	318.604	81.8946	318.604	80.3335	318.604	81.3163	318.604	80.1232	318.604	80.9492	318.604	80.2769	318.604	80.8567	318.604	80.6377	318.604	80.9888	318.604	81.0227	318.604	81.2113	318.604	81.3074	318.604	81.3885	318.604	81.4325
329.59	85.9658	329.59	85.962	329.59	85.9028	329.59	85.8929	329.59	85.7747	329.59	85.7612	329.59	85.5873	329.59	85.5677	329.59	85.3502	329.59	85.3096	329.59	85.074	329.59	84.9789	329.59	84.7658	329.59	84.5637	329.59	84.4241	329.59	84.051	329.59	84.0381	329.59	83.4325	329.59	83.5948	329.59	82.7159	329.59	83.0939	329.59	81.9447	329.59	82.5648	329.59	81.2193	329.59	82.0719	329.59	80.6888	329.59	81.694	329.59	80.474	329.59	81.4807	329.59	80.5657	329.59	81.4148	329.59	80.8297	329.59	81.4218	329.59	81.1126	329.59	81.4115	329.59	81.3167
341.309	85.7444	341.309	85.6898	341.309	85.7113	341.309	85.5631	341.309	85.5842	341.309	85.3882	341.309	85.3643	341.309	85.1917	341.309	85.0593	341.309	84.9922	341.309	84.6816	341.309	84.7894	341.309	84.2494	341.309	84.5598	341.309	83.7859	341.309	84.266	341.309	83.3168	341.309	83.8752	341.309	82.8633	341.309	83.3831	341.309	82.4387	341.309	82.8326	341.309	82.0576	341.309	82.3161	341.309	81.7506	341.309	81.9457	341.309	81.567	341.309	81.7897	341.309	81.5445	341.309	81.8258	341.309	81.668	341.309	81.9597	341.309	81.8637	341.309	82.083	341.309	82.0373	341.309	82.1184
353.76	85.3176	353.76	85.2309	353.76	85.2942	353.76	85.0318	353.76	85.1701	353.76	84.7282	353.76	84.96	353.76	84.3398	353.76	84.6803	353.76	83.8992	353.76	84.3441	353.76	83.4471	353.76	83.9552	353.76	83.0176	353.76	83.5037	353.76	82.6218	353.76	82.9685	353.76	82.2442	353.76	82.3335	353.76	81.8661	353.76	81.6192	353.76	81.5032	353.76	80.9224	353.76	81.2225	353.76	80.4249	353.76	81.1085	353.76	80.2984	353.76	81.19	353.76	80.542	353.76	81.4054	353.76	80.9773	353.76	81.645	353.76	81.4057	353.76	81.8116	353.76	81.7086	353.76	81.8431
366.211	85.8895	366.211	85.7866	366.211	85.8945	366.211	85.5852	366.211	85.8003	366.211	85.2836	366.211	85.6042	366.211	84.8821	366.211	85.3032	366.211	84.385	366.211	84.8941	366.211	83.801	366.211	84.3743	366.211	83.141	366.211	83.742	366.211	82.4162	366.211	82.997	366.211	81.642	366.211	82.1444	366.211	80.856	366.211	81.2054	366.211	80.1519	366.211	80.2501	366.211	79.699	366.211	79.4473	366.211	79.6645	366.211	79.052	366.211	80.0402	366.211	79.2139	366.211	80.6079	366.211	79.7888	366.211	81.1107	366.211	80.476	366.211	81.3837	366.211	81.0411	366.211	81.3606
378.662	85.3887	378.662	85.3159	378.662	85.37	378.662	85.147	378.662	85.2722	378.662	84.8867	378.662	85.1132	378.662	84.5476	378.662	84.9131	378.662	84.1435	378.662	84.6884	378.662	83.6795	378.662	84.4432	378.662	83.1468	378.662	84.1609	378.662	82.5305	378.662	83.8039	378.662	81.8334	378.662	83.3243	378.662	81.1019	378.662	82.6824	378.662	80.4389	378.662	81.8735	378.662	79.9785	378.662	80.9658	378.662	79.8187	378.662	80.1444	378.662	79.9536	378.662	79.6822	378.662	80.2703	378.662	79.7276	378.662	80.6085	378.662	80.1208	378.662	80.8223	378.662	80.555	378.662	80.8139
392.578	85.3198	392.578	85.2694	392.578	85.2747	392.578	85.1181	392.578	85.1428	392.578	84.8626	392.578	84.9382	392.578	84.5011	392.578	84.6778	392.578	84.0362	392.578	84.3771	392.578	83.4762	392.578	84.042	392.578	82.8308	392.578	83.6645	392.578	82.1035	392.578	83.2227	392.578	81.2936	392.578	82.6906	392.578	80.4285	392.578	82.0572	392.578	79.6257	392.578	81.3571	392.578	79.1176	392.578	80.7021	392.578	79.1064	392.578	80.2673	392.578	79.5357	392.578	80.1792	392.578	80.1391	392.578	80.3914	392.578	80.6746	392.578	80.7256	392.578	81.0155	392.578	81.0063	392.578	81.1217
405.762	85.1963	405.762	85.1514	405.762	85.1503	405.762	85.0171	405.762	85.0094	405.762	84.7936	405.762	84.7692	405.762	84.4807	405.762	84.429	405.762	84.0786	405.762	83.9974	405.762	83.5874	405.762	83.4933	405.762	83.0014	405.762	82.9389	405.762	82.3011	405.762	82.3451	405.762	81.4561	405.762	81.7068	405.762	80.4596	405.762	81.0226	405.762	79.414	405.762	80.3379	405.762	78.6336	405.762	79.7837	405.762	78.527	405.762	79.547	405.762	79.1236	405.762	79.7278	405.762	80.0094	405.762	80.2214	405.762	80.7925	405.762	80.7976	405.762	81.2849	405.762	81.2459	405.762	81.4313
420.41	85.8983	420.41	85.8541	420.41	85.7913	420.41	85.6744	420.41	85.5377	420.41	85.3891	420.41	85.1624	420.41	85.0286	420.41	84.7042	420.41	84.6079	420.41	84.203	420.41	84.1142	420.41	83.6816	420.41	83.505	420.41	83.1279	420.41	82.7155	420.41	82.4887	420.41	81.6723	420.41	81.6879	420.41	80.3203	420.41	80.6687	420.41	78.7041	420.41	79.4735	420.41	77.1907	420.41	78.3685	420.41	76.6203	420.41	77.8682	420.41	77.3678	420.41	78.2546	420.41	78.6639	420.41	79.1525	420.41	79.7953	420.41	80.0333	420.41	80.5166	420.41	80.6123	420.41	80.7854
435.059	85.6756	435.059	85.5951	435.059	85.6527	435.059	85.418	435.059	85.5261	435.059	85.1628	435.059	85.2985	435.059	84.8591	435.059	84.9748	435.059	84.5398	435.059	84.567	435.059	84.2205	435.059	84.0949	435.059	83.8794	435.059	83.5769	435.059	83.4478	435.059	83.0058	435.059	82.8236	435.059	82.3279	435.059	81.9018	435.059	81.4516	435.059	80.628	435.059	80.2975	435.059	79.1156	435.059	78.9071	435.059	77.8482	435.059	77.6443	435.059	77.5264	435.059	77.2053	435.059	78.1205	435.059	77.772	435.059	78.9279	435.059	78.6805	435.059	79.4846	435.059	79.367	435.059	79.6425
450.439	85.2771	450.439	85.1093	450.439	85.3051	450.439	84.8247	450.439	85.1857	450.439	84.4551	450.439	84.9332	450.439	84.04	450.439	84.5831	450.439	83.6249	450.439	84.1773	450.439	83.2497	450.439	83.7359	450.439	82.9194	450.439	83.2356	450.439	82.5839	450.439	82.6142	450.439	82.1532	450.439	81.8013	450.439	81.5449	450.439	80.7568	450.439	80.7418	450.439	79.523	450.439	79.8582	450.439	78.3161	450.439	79.1891	450.439	77.599	450.439	79.0692	450.439	77.7748	450.439	79.4981	450.439	78.6308	450.439	80.1142	450.439	79.6062	450.439	80.5621	450.439	80.3287	450.439	80.6547
466.553	85.0115	466.553	84.9843	466.553	84.9586	466.553	84.8607	466.553	84.8432	466.553	84.6295	466.553	84.6736	466.553	84.2798	466.553	84.4439	466.553	83.7964	466.553	84.1427	466.553	83.1652	466.553	83.7694	466.553	82.3803	466.553	83.3352	466.553	81.4397	466.553	82.8397	466.553	80.3256	466.553	82.2366	466.553	79.0061	466.553	81.4317	466.553	77.5298	466.553	80.3301	466.553	76.2759	466.553	78.9357	466.553	76.0085	466.553	77.534	466.553	76.8914	466.553	76.8212	466.553	78.144	466.553	77.2457	466.553	79.1453	466.553	78.2694	466.553	79.6774	466.553	79.19	466.553	79.6894
482.666	85.3259	482.666	85.2378	482.666	85.2624	482.666	85.017	482.666	85.0535	482.666	84.7059	482.666	84.7305	482.666	84.3643	482.666	84.3448	482.666	84.0472	482.666	83.9484	482.666	83.7699	482.666	83.5651	482.666	83.4793	482.666	83.1708	482.666	83.0564	482.666	82.6982	482.666	82.3474	482.666	82.049	482.666	81.2019	482.666	81.1062	482.666	79.527	482.666	79.7757	482.666	77.452	482.666	78.1364	482.666	75.7957	482.666	76.7942	482.666	75.8647	482.666	76.751	482.666	77.2224	482.666	77.8195	482.666	78.59	482.666	78.9604	482.666	79.4885	482.666	79.6698	482.666	79.8479
500.244	85.279	500.244	85.1805	500.244	85.2106	500.244	84.9218	500.244	84.9905	500.244	84.5341	500.244	84.6528	500.244	84.0749	500.244	84.2455	500.244	83.6145	500.244	83.8189	500.244	83.2001	500.244	83.4034	500.244	82.8165	500.244	82.9849	500.244	82.381	500.244	82.4998	500.244	81.7744	500.244	81.8593	500.244	80.8784	500.244	80.9858	500.244	79.619	500.244	79.8503	500.244	78.0887	500.244	78.5516	500.244	76.8513	500.244	77.4797	500.244	76.8652	500.244	77.2627	500.244	78.0141	500.244	77.9904	500.244	79.2523	500.244	79.028	500.244	80.0177	500.244	79.8401	500.244	80.2011
517.822	85.3825	517.822	85.2647	517.822	85.3384	517.822	84.9782	517.822	85.1384	517.822	84.5219	517.822	84.7886	517.822	83.9132	517.822	84.3084	517.822	83.2126	517.822	83.7561	517.822	82.5405	517.822	83.2297	517.822	82.0262	517.822	82.7997	517.822	81.6712	517.822	82.4111	517.822	81.288	517.822	81.8813	517.822	80.6195	517.822	80.9935	517.822	79.5142	517.822	79.5843	517.822	78.1526	517.822	77.6775	517.822	77.3457	517.822	75.9576	517.822	77.85	517.822	75.9768	517.822	79.0621	517.822	77.5908	517.822	80.1317	517.822	79.2536	517.822	80.749	517.822	80.3562	517.822	80.8392
536.133	86.152	536.133	86.0859	536.133	86.0677	536.133	85.8696	536.133	85.8489	536.133	85.5171	536.133	85.5153	536.133	85.0466	536.133	85.0724	536.133	84.477	536.133	84.5119	536.133	83.8305	536.133	83.8386	536.133	83.1174	536.133	83.097	536.133	82.2864	536.133	82.3471	536.133	81.1703	536.133	81.568	536.133	79.4661	536.133	80.5732	536.133	76.7186	536.133	79.0288	536.133	72.3955	536.133	76.515	536.133	69.4371	536.133	72.8654	536.133	73.3925	536.133	71.3909	536.133	76.8416	536.133	74.7705	536.133	78.8433	536.133	77.7235	536.133	79.8447	536.133	79.3875	536.133	80.0338
554.443	85.6021	554.443	85.392	554.443	85.6413	554.443	85.0471	554.443	85.4921	554.443	84.62	554.443	85.1658	554.443	84.1816	554.443	84.7122	554.443	83.8092	554.443	84.2142	554.443	83.5569	554.443	83.7605	554.443	83.4177	554.443	83.4012	554.443	83.2959	554.443	83.1048	554.443	83.0157	554.443	82.7402	554.443	82.3578	554.443	82.1067	554.443	81.086	554.443	80.9917	554.443	78.9463	554.443	79.2263	554.443	75.7744	554.443	76.8342	554.443	72.8567	554.443	74.7044	554.443	74.0455	554.443	74.8481	554.443	76.6723	554.443	76.6139	554.443	78.2487	554.443	78.0848	554.443	78.6761
574.219	85.5697	574.219	85.4506	574.219	85.5035	574.219	85.1087	574.219	85.3101	574.219	84.5629	574.219	85.0279	574.219	83.9055	574.219	84.6635	574.219	83.2874	574.219	84.2266	574.219	82.8444	574.219	83.7769	574.219	82.5885	574.219	83.3978	574.219	82.3732	574.219	83.0804	574.219	81.9682	574.219	82.6609	574.219	81.1441	574.219	81.9026	574.219	79.7191	574.219	80.5908	574.219	77.632	574.219	78.5445	574.219	75.2922	574.219	75.6895	574.219	74.2447	574.219	72.9925	574.219	75.2831	574.219	73.5046	574.219	76.8185	574.219	75.8599	574.219	77.8542	574.219	77.5108	574.219	78.1325
594.727	86.1702	594.727	86.0226	594.727	86.0681	594.727	85.6417	594.727	85.6943	594.727	85.0361	594.727	85.0518	594.727	84.2374	594.727	84.2163	594.727	83.3528	594.727	83.3693	594.727	82.5973	594.727	82.7546	594.727	82.2061	594.727	82.5212	594.727	82.1952	594.727	82.5974	594.727	82.2636	594.727	82.731	594.727	81.9855	594.727	82.5903	594.727	80.9643	594.727	81.8243	594.727	78.8179	594.727	80.0941	594.727	75.2918	594.727	77.1949	594.727	72.6115	594.727	74.1767	594.727	75.0242	594.727	74.6756	594.727	77.6868	594.727	76.9844	594.727	79.0049	594.727	78.5667	594.727	79.2362
615.234	86.0365	615.234	85.9346	615.234	85.9885	615.234	85.6883	615.234	85.777	615.234	85.2778	615.234	85.381	615.234	84.6523	615.234	84.7683	615.234	83.7738	615.234	83.9248	615.234	82.7126	615.234	82.9481	615.234	81.7381	615.234	82.1461	615.234	81.1859	615.234	81.8514	615.234	81.0213	615.234	81.9462	615.234	80.787	615.234	81.9348	615.234	80.0138	615.234	81.3804	615.234	78.3815	615.234	79.9598	615.234	75.7368	615.234	77.3286	615.234	73.0299	615.234	73.5158	615.234	73.8131	615.234	72.7027	615.234	76.5625	615.234	75.9967	615.234	78.4225	615.234	78.2655	615.234	79.0118
637.207	87.1037	637.207	86.8235	637.207	87.1498	637.207	86.3476	637.207	86.9509	637.207	85.7313	637.207	86.5123	637.207	85.0168	637.207	85.8421	637.207	84.2367	637.207	84.9625	637.207	83.4984	637.207	83.9466	637.207	83.0538	637.207	82.9667	637.207	83.0694	637.207	82.2748	637.207	83.2648	637.207	82.0001	637.207	83.101	637.207	81.9166	637.207	82.1365	637.207	81.5514	637.207	80.0528	637.207	80.4266	637.207	76.6266	637.207	78.1454	637.207	72.9919	637.207	74.8072	637.207	73.9887	637.207	73.6787	637.207	76.8343	637.207	76.2473	637.207	78.5475	637.207	78.2999	637.207	79.032
659.912	88.0306	659.912	87.946	659.912	87.9643	659.912	87.6715	659.912	87.7543	659.912	87.1674	659.912	87.379	659.912	86.4247	659.912	86.8115	659.912	85.4684	659.912	86.0312	659.912	84.3449	659.912	85.0426	659.912	83.1683	659.912	83.9595	659.912	82.2791	659.912	83.1141	659.912	82.1316	659.912	82.8409	659.912	82.5097	659.912	82.9219	659.912	82.5465	659.912	82.7421	659.912	81.5208	659.912	81.8183	659.912	78.9996	659.912	79.8533	659.912	75.4029	659.912	76.8036	659.912	74.9688	659.912	74.5025	659.912	77.4022	659.912	75.9928	659.912	78.857	659.912	78.0835	659.912	79.0529
683.35	88.6018	683.35	88.4449	683.35	88.5276	683.35	88.0712	683.35	88.2518	683.35	87.508	683.35	87.8231	683.35	86.7565	683.35	87.2462	683.35	85.7895	683.35	86.4626	683.35	84.6152	683.35	85.4268	683.35	83.4193	683.35	84.2476	683.35	82.6299	683.35	83.3026	683.35	82.4607	683.35	82.9518	683.35	82.4586	683.35	82.9259	683.35	82.0396	683.35	82.5729	683.35	80.9425	683.35	81.4244	683.35	79.184	683.35	79.272	683.35	77.2458	683.35	76.5323	683.35	76.8665	683.35	75.7308	683.35	78.5533	683.35	77.7432	683.35	80.107	683.35	79.6787	683.35	80.5155
706.787	88.1022	706.787	87.9337	706.787	88.0648	706.787	87.5951	706.787	87.7999	706.787	87.1318	706.787	87.3076	706.787	86.5816	706.787	86.62	706.787	85.952	706.787	85.7908	706.787	85.2187	706.787	84.8702	706.787	84.3482	706.787	83.9308	706.787	83.3758	706.787	83.1585	706.787	82.5194	706.787	82.7921	706.787	81.9859	706.787	82.774	706.787	81.449	706.787	82.6375	706.787	80.1682	706.787	81.8342	706.787	77.4747	706.787	79.9425	706.787	74.0187	706.787	76.8907	706.787	75.0224	706.787	74.8716	706.787	77.9041	706.787	76.7515	706.787	79.4284	706.787	78.8472	706.787	79.7161
731.689	88.1389	731.689	88.0017	731.689	88.105	731.689	87.6705	731.689	87.8963	731.689	87.1384	731.689	87.4771	731.689	86.4337	731.689	86.809	731.689	85.5874	731.689	85.8829	731.689	84.6192	731.689	84.7422	731.689	83.6099	731.689	83.4923	731.689	82.7679	731.689	82.2806	731.689	82.2788	731.689	81.2981	731.689	82.0105	731.689	80.7544	731.689	81.5165	731.689	80.5412	731.689	80.2837	731.689	80.0379	731.689	77.908	731.689	78.5058	731.689	74.878	731.689	75.5979	731.689	75.0261	731.689	73.8167	731.689	77.7947	731.689	76.3992	731.689	79.5959	731.689	78.8957	731.689	79.9551
758.057	87.5404	758.057	87.269	758.057	87.5867	758.057	86.8935	758.057	87.3808	758.057	86.5074	758.057	87.0069	758.057	86.0628	758.057	86.5557	758.057	85.3879	758.057	85.9988	758.057	84.3386	758.057	85.1927	758.057	83.0224	758.057	84.0439	758.057	81.9791	758.057	82.771	758.057	81.7064	758.057	81.957	758.057	81.7642	758.057	81.7479	758.057	81.3314	758.057	81.5237	758.057	79.9339	758.057	80.7413	758.057	77.3765	758.057	79.0263	758.057	73.95	758.057	75.8608	758.057	72.8232	758.057	72.1641	758.057	75.2887	758.057	74.1855	758.057	77.3171	758.057	77.0595	758.057	77.9819
784.424	88.0512	784.424	88.0434	784.424	87.8486	784.424	87.7924	784.424	87.4413	784.424	87.2502	784.424	86.8353	784.424	86.3798	784.424	86.0663	784.424	85.177	784.424	85.1797	784.424	83.7291	784.424	84.1869	784.424	82.3488	784.424	83.0677	784.424	81.5551	784.424	81.8733	784.424	81.4887	784.424	80.8936	784.424	81.5934	784.424	80.4671	784.424	81.1988	784.424	80.3218	784.424	79.8565	784.424	79.7425	784.424	77.2463	784.424	78.3441	784.424	73.5372	784.424	76.4461	784.424	72.9516	784.424	75.3055	784.424	76.1374	784.424	76.1938	784.424	78.2679	784.424	77.9182	784.424	78.8032
812.256	87.9943	812.256	87.8011	812.256	87.9415	812.256	87.328	812.256	87.6545	812.256	86.5911	812.256	87.0978	812.256	85.6997	812.256	86.223	812.256	84.7424	812.256	85.0332	812.256	83.5937	812.256	83.6173	812.256	81.9983	812.256	82.0717	812.256	80.0386	812.256	80.4178	812.256	78.7116	812.256	78.9876	812.256	78.8424	812.256	78.7274	812.256	79.3639	812.256	79.2603	812.256	78.9955	812.256	78.9718	812.256	76.9156	812.256	76.88	812.256	73.3803	812.256	72.9015	812.256	73.7256	812.256	71.4179	812.256	76.3551	812.256	73.9007	812.256	77.3402	812.256	75.7898	812.256	76.9638
840.82	88.2255	840.82	88.0713	840.82	88.1822	840.82	87.748	840.82	87.8924	840.82	87.217	840.82	87.3604	840.82	86.4081	840.82	86.6667	840.82	85.3256	840.82	85.891	840.82	84.0915	840.82	84.9921	840.82	82.7739	840.82	83.7955	840.82	81.2901	840.82	82.1651	840.82	79.7474	840.82	80.2676	840.82	78.6521	840.82	78.8145	840.82	77.9563	840.82	78.541	840.82	76.7105	840.82	78.7418	840.82	74.2725	840.82	77.8963	840.82	71.1889	840.82	74.7087	840.82	71.4435	840.82	69.9412	840.82	74.6489	840.82	73.4968	840.82	76.8833	840.82	76.7482	840.82	77.6367
870.85	88.3628	870.85	88.1086	870.85	88.3358	870.85	87.6572	870.85	88.0033	870.85	87.129	870.85	87.4067	870.85	86.5713	870.85	86.641	870.85	85.8263	870.85	85.7744	870.85	84.5953	870.85	84.7469	870.85	82.6992	870.85	83.5074	870.85	80.5207	870.85	82.2617	870.85	79.1708	870.85	81.2208	870.85	78.8699	870.85	80.1303	870.85	78.8241	870.85	78.7235	870.85	78.4637	870.85	77.2811	870.85	76.9584	870.85	75.9036	870.85	73.5317	870.85	74.0299	870.85	72.491	870.85	72.3255	870.85	76.2581	870.85	73.7016	870.85	78.2633	870.85	76.4903	870.85	78.2094
901.611	88.683	901.611	88.5426	901.611	88.5369	901.611	88.0518	901.611	88.155	901.611	87.2229	901.611	87.5516	901.611	86.1565	901.611	86.7291	901.611	84.9548	901.611	85.6946	901.611	83.7176	901.611	84.5065	901.611	82.5675	901.611	83.2834	901.611	81.5222	901.611	82.0984	901.611	80.462	901.611	81.0394	901.611	79.3259	901.611	80.2802	901.611	78.0375	901.611	79.5754	901.611	76.2622	901.611	78.2724	901.611	73.8138	901.611	76.003	901.611	71.7938	901.611	72.966	901.611	72.4639	901.611	71.4142	901.611	74.7728	901.611	74.139	901.611	76.7357	901.611	76.7642	901.611	77.5593
933.105	88.6117	933.105	88.4222	933.105	88.5396	933.105	88.0658	933.105	88.178	933.105	87.5285	933.105	87.5806	933.105	86.6889	933.105	86.776	933.105	85.5863	933.105	85.7884	933.105	84.5187	933.105	84.6661	933.105	83.5995	933.105	83.37	933.105	82.5045	933.105	81.9219	933.105	81.1407	933.105	80.7141	933.105	80.115	933.105	80.0458	933.105	79.5559	933.105	79.3646	933.105	78.4429	933.105	77.8582	933.105	75.7544	933.105	74.8149	933.105	70.5192	933.105	68.9028	933.105	68.7701	933.105	65.8389	933.105	74.0423	933.105	72.2035	933.105	76.4642	933.105	75.3837	933.105	76.7084
966.064	86.901	966.064	86.8662	966.064	86.9071	966.064	86.6723	966.064	86.7334	966.064	86.1129	966.064	86.1523	966.064	85.1553	966.064	85.1372	966.064	83.9294	966.064	83.7991	966.064	82.5814	966.064	82.2253	966.064	81.2866	966.064	80.5886	966.064	80.3769	966.064	79.3906	966.064	80.0567	966.064	79.1829	966.064	80.1022	966.064	79.618	966.064	80.0491	966.064	79.7867	966.064	79.263	966.064	79.0146	966.064	76.8685	966.064	76.8315	966.064	71.4403	966.064	72.5963	966.064	66.3027	966.064	67.8194	966.064	72.3752	966.064	71.9817	966.064	75.3656	966.064	75.285	966.064	76.2256
999.756	85.5607	999.756	85.4548	999.756	85.399	999.756	85.1419	999.756	84.9852	999.756	84.7067	999.756	84.3577	999.756	84.1323	999.756	83.5394	999.756	83.2671	999.756	82.6474	999.756	81.9996	999.756	81.778	999.756	80.4292	999.756	80.5225	999.756	78.9276	999.756	78.174	999.756	78.1061	999.756	75.4563	999.756	78.2973	999.756	76.1923	999.756	78.7418	999.756	77.9773	999.756	78.313	999.756	78.0387	999.756	76.2608	999.756	76.1337	999.756	72.4033	999.756	72.2773	999.756	70.9712	999.756	68.5046	999.756	74.1657	999.756	71.0349	999.756	76.0109	999.756	74.2669	999.756	75.9463
1034.91	84.4497	1034.91	84.306	1034.91	84.3401	1034.91	83.9464	1034.91	83.9766	1034.91	83.3196	1034.91	83.5146	1034.91	82.4608	1034.91	83.0382	1034.91	81.5834	1034.91	82.3073	1034.91	80.7014	1034.91	81.096	1034.91	79.333	1034.91	79.6229	1034.91	77.0239	1034.91	78.2706	1034.91	74.8765	1034.91	76.9333	1034.91	75.3625	1034.91	75.932	1034.91	76.6266	1034.91	76.5105	1034.91	76.6203	1034.91	77.1795	1034.91	75.2984	1034.91	76.0884	1034.91	72.9272	1034.91	72.6867	1034.91	70.1884	1034.91	68.5042	1034.91	70.6754	1034.91	70.3635	1034.91	72.8111	1034.91	73.0372	1034.91	73.7841
1071.53	83.8322	1071.53	83.5745	1071.53	83.8302	1071.53	83.2159	1071.53	83.5265	1071.53	82.8554	1071.53	82.8965	1071.53	82.272	1071.53	82.031	1071.53	81.3096	1071.53	81.217	1071.53	80.232	1071.53	80.5008	1071.53	79.1835	1071.53	79.4815	1071.53	77.7624	1071.53	77.9663	1071.53	76.2236	1071.53	76.366	1071.53	76.0857	1071.53	75.3615	1071.53	76.226	1071.53	75.2004	1071.53	75.0843	1071.53	75.0697	1071.53	72.3272	1071.53	73.9118	1071.53	68.3531	1071.53	71.7324	1071.53	69.2445	1071.53	69.4382	1071.53	72.695	1071.53	69.3213	1071.53	74.5738	1071.53	72.8894	1071.53	74.8781
1109.62	85.0418	1109.62	84.7314	1109.62	84.9812	1109.62	83.9211	1109.62	84.6019	1109.62	82.8332	1109.62	84.0324	1109.62	82.2519	1109.62	83.4839	1109.62	82.1878	1109.62	82.8834	1109.62	81.5197	1109.62	81.9706	1109.62	79.7014	1109.62	80.559	1109.62	77.4724	1109.62	78.3644	1109.62	75.8631	1109.62	75.3857	1109.62	75.454	1109.62	74.1752	1109.62	75.4624	1109.62	74.7186	1109.62	73.9205	1109.62	73.795	1109.62	70.9076	1109.62	72.1488	1109.62	71.1726	1109.62	70.9919	1109.62	73.384	1109.62	70.6959	1109.62	74.6773	1109.62	73.3749	1109.62	75.8836	1109.62	75.7803	1109.62	76.466
1148.44	85.5517	1148.44	85.3593	1148.44	85.4369	1148.44	85.1012	1148.44	85.0608	1148.44	84.656	1148.44	84.5809	1148.44	83.6667	1148.44	84.0378	1148.44	82.7137	1148.44	83.5492	1148.44	82.4562	1148.44	83.2265	1148.44	81.683	1148.44	82.6057	1148.44	79.0611	1148.44	80.9297	1148.44	75.8101	1148.44	78.2949	1148.44	75.7347	1148.44	77.237	1148.44	75.7256	1148.44	78.3857	1148.44	73.1884	1148.44	78.0957	1148.44	66.2534	1148.44	73.6888	1148.44	67.5108	1148.44	62.7989	1148.44	74.8154	1148.44	73.2516	1148.44	77.6501	1148.44	76.5278	1148.44	78.4419	1148.44	77.7241	1148.44	78.3079
1189.45	86.8601	1189.45	86.2243	1189.45	86.9486	1189.45	85.0044	1189.45	86.2957	1189.45	83.3466	1189.45	84.8326	1189.45	82.1699	1189.45	83.0057	1189.45	81.957	1189.45	81.7631	1189.45	81.5786	1189.45	81.7386	1189.45	80.4031	1189.45	81.6859	1189.45	78.1096	1189.45	79.5099	1189.45	73.7933	1189.45	73.3354	1189.45	77.6354	1189.45	75.3965	1189.45	81.0487	1189.45	79.4831	1189.45	79.9297	1189.45	79.2045	1189.45	74.9	1189.45	75.8369	1189.45	68.9643	1189.45	69.8067	1189.45	76.4546	1189.45	71.0409	1189.45	80.2022	1189.45	77.6443	1189.45	81.4157	1189.45	80.3821	1189.45	81.3348
1231.2	88.0561	1231.2	88.0028	1231.2	87.6711	1231.2	87.2651	1231.2	87.0393	1231.2	85.7912	1231.2	86.059	1231.2	83.7437	1231.2	84.6223	1231.2	82.0305	1231.2	82.9418	1231.2	82.3981	1231.2	81.7942	1231.2	83.3505	1231.2	82.0719	1231.2	82.6643	1231.2	82.421	1231.2	78.7573	1231.2	80.9135	1231.2	66.376	1231.2	72.6207	1231.2	77.7156	1231.2	74.8864	1231.2	81.7932	1231.2	81.2757	1231.2	81.04	1231.2	81.6853	1231.2	75.6224	1231.2	78.2264	1231.2	74.8402	1231.2	73.083	1231.2	79.7144	1231.2	79.3012	1231.2	81.8531	1231.2	82.366	1231.2	82.7933
1274.41	88.0047	1274.41	87.3713	1274.41	88.2073	1274.41	86.8897	1274.41	87.8279	1274.41	86.4582	1274.41	87.0459	1274.41	85.0987	1274.41	85.6371	1274.41	82.1081	1274.41	83.2457	1274.41	78.9891	1274.41	80.8305	1274.41	80.0478	1274.41	80.8543	1274.41	82.0887	1274.41	81.8266	1274.41	80.7822	1274.41	80.7264	1274.41	72.9521	1274.41	76.1239	1274.41	73.4761	1274.41	69.2539	1274.41	78.3451	1274.41	78.5837	1274.41	79.0681	1274.41	81.44	1274.41	75.909	1274.41	79.2326	1274.41	68.6269	1274.41	70.2525	1274.41	77.9684	1274.41	73.5732	1274.41	80.8198	1274.41	78.3755	1274.41	80.4429
1319.82	85.7921	1319.82	85.853	1319.82	85.6358	1319.82	85.6979	1319.82	85.7317	1319.82	85.3707	1319.82	85.7042	1319.82	84.4196	1319.82	85.1302	1319.82	82.4243	1319.82	83.728	1319.82	80.3368	1319.82	80.7105	1319.82	79.6997	1319.82	77.2326	1319.82	80.0001	1319.82	79.0741	1319.82	79.7853	1319.82	81.3689	1319.82	76.277	1319.82	78.6993	1319.82	68.2779	1319.82	67.5563	1319.82	75.7936	1319.82	74.105	1319.82	76.4074	1319.82	78.8629	1319.82	72.7476	1319.82	78.3034	1319.82	62.1091	1319.82	75.3342	1319.82	68.7388	1319.82	72.8544	1319.82	76.5016	1319.82	77.2023	1319.82	79.0588
1365.97	85.3717	1365.97	85.2781	1365.97	85.2363	1365.97	85.0413	1365.97	85.1617	1365.97	84.9496	1365.97	84.9392	1365.97	84.4048	1365.97	83.9226	1365.97	82.1715	1365.97	82.2573	1365.97	78.937	1365.97	81.0598	1365.97	77.6154	1365.97	79.8215	1365.97	78.9851	1365.97	78.9235	1365.97	78.3667	1365.97	79.37	1365.97	73.3169	1365.97	78.2057	1365.97	65.4654	1365.97	73.4533	1365.97	74.895	1365.97	73.8	1365.97	79.0128	1365.97	78.1074	1365.97	75.7449	1365.97	77.1131	1365.97	61.5953	1365.97	73.8154	1365.97	73.8619	1365.97	66.8933	1365.97	74.2482	1365.97	72.7238	1365.97	74.5128
1414.31	85.4178	1414.31	86.1792	1414.31	84.9198	1414.31	85.4535	1414.31	85.0247	1414.31	83.3793	1414.31	84.5013	1414.31	82.7372	1414.31	82.9345	1414.31	83.3224	1414.31	81.2734	1414.31	81.7989	1414.31	80.3216	1414.31	77.6528	1414.31	79.4454	1414.31	76.8712	1414.31	77.5966	1414.31	77.2066	1414.31	76.665	1414.31	76.4128	1414.31	76.4408	1414.31	73.6477	1414.31	71.6586	1414.31	73.4554	1414.31	64.66	1414.31	77.1764	1414.31	72.7788	1414.31	72.8409	1414.31	75.3495	1414.31	65.7769	1414.31	70.9251	1414.31	65.5268	1414.31	55.0851	1414.31	69.353	1414.31	72.8484	1414.31	74.9921
1464.11	85.9685	1464.11	85.622	1464.11	85.622	1464.11	84.7468	1464.11	84.7468	1464.11	83.9521	1464.11	83.9521	1464.11	83.2934	1464.11	83.2934	1464.11	82.4477	1464.11	82.4478	1464.11	81.5673	1464.11	81.5673	1464.11	79.8162	1464.11	79.8162	1464.11	77.6951	1464.11	77.6951	1464.11	77.4193	1464.11	77.4193	1464.11	76.4741	1464.11	76.4741	1464.11	72.0069	1464.11	72.0069	1464.11	69.4503	1464.11	69.4504	1464.11	73.9992	1464.11	73.9992	1464.11	74.3941	1464.11	74.3941	1464.11	66.6369	1464.11	66.6367	1464.11	65.8179	1464.11	65.8181	1464.11	71.9657	1464.11	71.9657	1464.11	73.0058
1515.38	85.2635	1515.38	85.0374	1515.38	85.0374	1515.38	84.304	1515.38	84.304	1515.38	83.2317	1515.38	83.2317	1515.38	82.506	1515.38	82.506	1515.38	81.835	1515.38	81.835	1515.38	80.0609	1515.38	80.061	1515.38	78.071	1515.38	78.071	1515.38	77.4632	1515.38	77.4632	1515.38	77.4321	1515.38	77.4321	1515.38	76.0361	1515.38	76.0361	1515.38	71.8505	1515.38	71.8505	1515.38	70.75	1515.38	70.75	1515.38	73.2353	1515.38	73.2353	1515.38	73.0625	1515.38	73.0625	1515.38	68.3281	1515.38	68.328	1515.38	62.7141	1515.38	62.7144	1515.38	72.5014	1515.38	72.5014	1515.38	73.6081
1568.85	85.3879	1568.85	85.0464	1568.85	85.0464	1568.85	84.0013	1568.85	84.0013	1568.85	82.6363	1568.85	82.6363	1568.85	81.4089	1568.85	81.4089	1568.85	80.4852	1568.85	80.4852	1568.85	79.998	1568.85	79.998	1568.85	78.0715	1568.85	78.0715	1568.85	75.8253	1568.85	75.8253	1568.85	76.7288	1568.85	76.7288	1568.85	76.2279	1568.85	76.2279	1568.85	72.0019	1568.85	72.0019	1568.85	67.4533	1568.85	67.4534	1568.85	74.4246	1568.85	74.4246	1568.85	74.0564	1568.85	74.0563	1568.85	66.5703	1568.85	66.5701	1568.85	65.0693	1568.85	65.0695	1568.85	72.2925	1568.85	72.2925	1568.85	73.4348
1624.51	85.8717	1624.51	85.6468	1624.51	85.6468	1624.51	84.8758	1624.51	84.8758	1624.51	83.7071	1624.51	83.7071	1624.51	82.1232	1624.51	82.1232	1624.51	80.3424	1624.51	80.3424	1624.51	79.3801	1624.51	79.3801	1624.51	78.3966	1624.51	78.3966	1624.51	74.5661	1624.51	74.5662	1624.51	73.4179	1624.51	73.4179	1624.51	76.5925	1624.51	76.5926	1624.51	74.5281	1624.51	74.5281	1624.51	65.0337	1624.51	65.0337	1624.51	73.7913	1624.51	73.7914	1624.51	75.1418	1624.51	75.1418	1624.51	71.2415	1624.51	71.2415	1624.51	70.4205	1624.51	70.4205	1624.51	70.871	1624.51	70.871	1624.51	72.1305
1681.64	86.1417	1681.64	85.6931	1681.64	85.6931	1681.64	84.8024	1681.64	84.8024	1681.64	83.6721	1681.64	83.6721	1681.64	82.2668	1681.64	82.2669	1681.64	80.7711	1681.64	80.7711	1681.64	79.6381	1681.64	79.6381	1681.64	79.2424	1681.64	79.2424	1681.64	77.4203	1681.64	77.4204	1681.64	74.4498	1681.64	74.4498	1681.64	75.3263	1681.64	75.3263	1681.64	74.9684	1681.64	74.9684	1681.64	68.8287	1681.64	68.8286	1681.64	72.2088	1681.64	72.2088	1681.64	75.5953	1681.64	75.5953	1681.64	72.8188	1681.64	72.8187	1681.64	63.5407	1681.64	63.5405	1681.64	63.9783	1681.64	63.9785	1681.64	71.173
1740.97	85.3845	1740.97	85.4714	1740.97	85.4714	1740.97	85.1006	1740.97	85.1006	1740.97	84.1225	1740.97	84.1226	1740.97	82.702	1740.97	82.7021	1740.97	80.9076	1740.97	80.9076	1740.97	79.6732	1740.97	79.6732	1740.97	78.9424	1740.97	78.9424	1740.97	77.0096	1740.97	77.0096	1740.97	74.0088	1740.97	74.0088	1740.97	74.5189	1740.97	74.5189	1740.97	74.2473	1740.97	74.2473	1740.97	68.6968	1740.97	68.6967	1740.97	68.4272	1740.97	68.4273	1740.97	73.6257	1740.97	73.6257	1740.97	71.8008	1740.97	71.8008	1740.97	58.9551	1740.97	58.9547	1740.97	65.4853	1740.97	65.4855	1740.97	69.6115
1802.49	85.5214	1802.49	85.6121	1802.49	85.6121	1802.49	85.2173	1802.49	85.2173	1802.49	84.1156	1802.49	84.1156	1802.49	82.7226	1802.49	82.7226	1802.49	81.1721	1802.49	81.1721	1802.49	79.8522	1802.49	79.8523	1802.49	78.1921	1802.49	78.1921	1802.49	76.2141	1802.49	76.2141	1802.49	73.4257	1802.49	73.4257	1802.49	72.8805	1802.49	72.8805	1802.49	73.8608	1802.49	73.8608	1802.49	70.0141	1802.49	70.014	1802.49	69.6449	1802.49	69.645	1802.49	73.0896	1802.49	73.0897	1802.49	70.6955	1802.49	70.6955	1802.49	62.4105	1802.49	62.4103	1802.49	66.8015	1802.49	66.8016	1802.49	71.2908
1866.21	85.7317	1866.21	85.4559	1866.21	85.4559	1866.21	85.0151	1866.21	85.0151	1866.21	84.2329	1866.21	84.2329	1866.21	82.8986	1866.21	82.8987	1866.21	81.1113	1866.21	81.1113	1866.21	78.9326	1866.21	78.9326	1866.21	78.3305	1866.21	78.3305	1866.21	77.3925	1866.21	77.3925	1866.21	74.5219	1866.21	74.5219	1866.21	73.8439	1866.21	73.8439	1866.21	74.564	1866.21	74.564	1866.21	69.8687	1866.21	69.8687	1866.21	68.047	1866.21	68.0471	1866.21	73.088	1866.21	73.088	1866.21	70.6963	1866.21	70.6963	1866.21	56.8621	1866.21	56.8616	1866.21	68.5385	1866.21	68.5386	1866.21	71.73
1932.13	85.0935	1932.13	85.1386	1932.13	85.1386	1932.13	84.4471	1932.13	84.4471	1932.13	83.2393	1932.13	83.2393	1932.13	82.3332	1932.13	82.3332	1932.13	80.8539	1932.13	80.8539	1932.13	79.229	1932.13	79.229	1932.13	77.5659	1932.13	77.5659	1932.13	75.3898	1932.13	75.3898	1932.13	73.7786	1932.13	73.7787	1932.13	72.3052	1932.13	72.3052	1932.13	73.6196	1932.13	73.6196	1932.13	72.451	1932.13	72.451	1932.13	65.5999	1932.13	65.6	1932.13	73.4217	1932.13	73.4218	1932.13	72.9619	1932.13	72.9619	1932.13	66.2079	1932.13	66.2077	1932.13	63.6019	1932.13	63.6021	1932.13	70.9846
2000.24	85.2227	2000.24	85.0769	2000.24	85.0769	2000.24	84.4607	2000.24	84.4608	2000.24	82.9956	2000.24	82.9957	2000.24	81.6349	2000.24	81.6349	2000.24	80.8153	2000.24	80.8153	2000.24	78.9537	2000.24	78.9537	2000.24	77.1895	2000.24	77.1895	2000.24	76.4886	2000.24	76.4886	2000.24	75.369	2000.24	75.369	2000.24	71.9946	2000.24	71.9946	2000.24	72.008	2000.24	72.008	2000.24	73.1858	2000.24	73.1858	2000.24	67.4131	2000.24	67.4131	2000.24	70.4114	2000.24	70.4115	2000.24	72.7841	2000.24	72.7841	2000.24	67.1557	2000.24	67.1555	2000.24	52.012	2000.24	52.0122	2000.24	57.1266
2070.56	86.3015	2070.56	85.9446	2070.56	85.9446	2070.56	85.3229	2070.56	85.3229	2070.56	84.3761	2070.56	84.3761	2070.56	82.8412	2070.56	82.8413	2070.56	81.6637	2070.56	81.6637	2070.56	79.6886	2070.56	79.6887	2070.56	76.8072	2070.56	76.8072	2070.56	76.3567	2070.56	76.3567	2070.56	75.4491	2070.56	75.4491	2070.56	72.1516	2070.56	72.1516	2070.56	71.4624	2070.56	71.4624	2070.56	71.4313	2070.56	71.4313	2070.56	65.944	2070.56	65.944	2070.56	69.9167	2070.56	69.9167	2070.56	71.3402	2070.56	71.3402	2070.56	67.2478	2070.56	67.2477	2070.56	61.7812	2070.56	61.7811	2070.56	62.1156
2143.8	86.4417	2143.8	86.168	2143.8	86.168	2143.8	85.2249	2143.8	85.2249	2143.8	84.0482	2143.8	84.0483	2143.8	82.724	2143.8	82.724	2143.8	81.3716	2143.8	81.3717	2143.8	80.0801	2143.8	80.0801	2143.8	78.1472	2143.8	78.1472	2143.8	75.9568	2143.8	75.9568	2143.8	74.1154	2143.8	74.1154	2143.8	73.0369	2143.8	73.0369	2143.8	72.5524	2143.8	72.5525	2143.8	72.494	2143.8	72.494	2143.8	70.4593	2143.8	70.4592	2143.8	68.1468	2143.8	68.1469	2143.8	70.4816	2143.8	70.4817	2143.8	68.9097	2143.8	68.9097	2143.8	64.2017	2143.8	64.2017	2143.8	65.6624
2219.24	86.0273	2219.24	85.7762	2219.24	85.7762	2219.24	85.1213	2219.24	85.1213	2219.24	84.0814	2219.24	84.0814	2219.24	82.7436	2219.24	82.7436	2219.24	81.5258	2219.24	81.5258	2219.24	79.9602	2219.24	79.9602	2219.24	77.4459	2219.24	77.446	2219.24	75.9412	2219.24	75.9413	2219.24	75.683	2219.24	75.683	2219.24	73.6637	2219.24	73.6637	2219.24	70.4066	2219.24	70.4066	2219.24	69.7694	2219.24	69.7694	2219.24	68.271	2219.24	68.2711	2219.24	71.3882	2219.24	71.3882	2219.24	69.3933	2219.24	69.3932	2219.24	63.3541	2219.24	63.3541	2219.24	65.5666	2219.24	65.5667	2219.24	68.5177
2297.61	86.9163	2297.61	86.7893	2297.61	86.7893	2297.61	86.1856	2297.61	86.1856	2297.61	84.7814	2297.61	84.7814	2297.61	83.2639	2297.61	83.2639	2297.61	81.9573	2297.61	81.9573	2297.61	80.7877	2297.61	80.7877	2297.61	78.6984	2297.61	78.6984	2297.61	76.29	2297.61	76.29	2297.61	75.5254	2297.61	75.5254	2297.61	73.4566	2297.61	73.4566	2297.61	71.6971	2297.61	71.6971	2297.61	72.6977	2297.61	72.6977	2297.61	69.2509	2297.61	69.2509	2297.61	70.5245	2297.61	70.5246	2297.61	71.8767	2297.61	71.8767	2297.61	69.2419	2297.61	69.2418	2297.61	66.8302	2297.61	66.8302	2297.61	67.4966
2378.17	87.0817	2378.17	86.8499	2378.17	86.8499	2378.17	86.4211	2378.17	86.4211	2378.17	85.3039	2378.17	85.304	2378.17	83.8425	2378.17	83.8425	2378.17	82.088	2378.17	82.088	2378.17	79.7261	2378.17	79.7261	2378.17	78.248	2378.17	78.248	2378.17	77.056	2378.17	77.056	2378.17	75.1463	2378.17	75.1463	2378.17	73.3674	2378.17	73.3675	2378.17	70.1636	2378.17	70.1636	2378.17	71.369	2378.17	71.369	2378.17	70.4084	2378.17	70.4084	2378.17	68.1116	2378.17	68.1116	2378.17	70.962	2378.17	70.962	2378.17	68.546	2378.17	68.5459	2378.17	67.9366	2378.17	67.9366	2378.17	70.9885
2462.4	86.7836	2462.4	86.6956	2462.4	86.6956	2462.4	86.2466	2462.4	86.2466	2462.4	84.7733	2462.4	84.7734	2462.4	83.4168	2462.4	83.4168	2462.4	81.754	2462.4	81.754	2462.4	79.6749	2462.4	79.6749	2462.4	77.4949	2462.4	77.4949	2462.4	74.7079	2462.4	74.7079	2462.4	73.3673	2462.4	73.3674	2462.4	72.8986	2462.4	72.8986	2462.4	70.4639	2462.4	70.4639	2462.4	71.8908	2462.4	71.8908	2462.4	70.4673	2462.4	70.4673	2462.4	67.4575	2462.4	67.4575	2462.4	70.1682	2462.4	70.1682	2462.4	68.0647	2462.4	68.0646	2462.4	66.3851	2462.4	66.3851	2462.4	67.4325
2548.83	87.3734	2548.83	86.6837	2548.83	86.6837	2548.83	86.1244	2548.83	86.1244	2548.83	84.97	2548.83	84.97	2548.83	83.3878	2548.83	83.3879	2548.83	81.2326	2548.83	81.2327	2548.83	78.91	2548.83	78.9101	2548.83	77.1382	2548.83	77.1382	2548.83	75.745	2548.83	75.7451	2548.83	74.1498	2548.83	74.1498	2548.83	72.805	2548.83	72.805	2548.83	70.4184	2548.83	70.4184	2548.83	70.1587	2548.83	70.1588	2548.83	71.535	2548.83	71.535	2548.83	69.8794	2548.83	69.8794	2548.83	72.1498	2548.83	72.1498	2548.83	68.0188	2548.83	68.0187	2548.83	66.9655	2548.83	66.9655	2548.83	68.6315
2638.92	86.8485	2638.92	86.203	2638.92	86.203	2638.92	85.5601	2638.92	85.5602	2638.92	84.6275	2638.92	84.6275	2638.92	83.6479	2638.92	83.6479	2638.92	81.5889	2638.92	81.5889	2638.92	79.6078	2638.92	79.6078	2638.92	78.3937	2638.92	78.3937	2638.92	76.5069	2638.92	76.507	2638.92	74.2619	2638.92	74.2619	2638.92	73.5025	2638.92	73.5025	2638.92	70.9808	2638.92	70.9808	2638.92	68.835	2638.92	68.8351	2638.92	70.0728	2638.92	70.0728	2638.92	69.1364	2638.92	69.1364	2638.92	71.7547	2638.92	71.7547	2638.92	69.2409	2638.92	69.2408	2638.92	65.8404	2638.92	65.8404	2638.92	71.637
2731.93	84.9561	2731.93	84.4308	2731.93	84.4308	2731.93	84.1755	2731.93	84.1755	2731.93	84.0629	2731.93	84.0629	2731.93	83.1562	2731.93	83.1562	2731.93	81.9017	2731.93	81.9017	2731.93	80.4743	2731.93	80.4743	2731.93	78.6273	2731.93	78.6273	2731.93	77.4906	2731.93	77.4906	2731.93	75.7257	2731.93	75.7257	2731.93	73.5679	2731.93	73.5679	2731.93	71.7649	2731.93	71.7649	2731.93	70.1838	2731.93	70.1839	2731.93	71.8823	2731.93	71.8823	2731.93	70.6155	2731.93	70.6155	2731.93	72.63	2731.93	72.63	2731.93	69.3042	2731.93	69.3042	2731.93	67.6509	2731.93	67.6509	2731.93	70.4232
2828.61	84.9229	2828.61	84.6917	2828.61	84.6917	2828.61	84.7322	2828.61	84.7322	2828.61	84.8506	2828.61	84.8506	2828.61	83.8236	2828.61	83.8236	2828.61	82.1496	2828.61	82.1496	2828.61	80.7742	2828.61	80.7742	2828.61	79.4686	2828.61	79.4686	2828.61	77.769	2828.61	77.769	2828.61	76.1283	2828.61	76.1283	2828.61	73.9706	2828.61	73.9706	2828.61	73.7063	2828.61	73.7064	2828.61	70.6472	2828.61	70.6472	2828.61	70.8969	2828.61	70.8969	2828.61	68.2153	2828.61	68.2153	2828.61	71.8466	2828.61	71.8467	2828.61	71.2394	2828.61	71.2394	2828.61	67.1962	2828.61	67.1961	2828.61	68.2675
2928.22	84.5259	2928.22	84.453	2928.22	84.453	2928.22	84.6818	2928.22	84.6818	2928.22	84.5569	2928.22	84.5569	2928.22	84.0093	2928.22	84.0093	2928.22	83.1028	2928.22	83.1028	2928.22	81.4344	2928.22	81.4344	2928.22	79.5985	2928.22	79.5986	2928.22	76.6827	2928.22	76.6827	2928.22	75.3465	2928.22	75.3465	2928.22	74.0026	2928.22	74.0026	2928.22	72.6579	2928.22	72.6579	2928.22	68.95	2928.22	68.95	2928.22	70.1408	2928.22	70.1409	2928.22	68.8735	2928.22	68.8735	2928.22	72.1971	2928.22	72.1972	2928.22	70.9162	2928.22	70.9162	2928.22	69.2695	2928.22	69.2696	2928.22	70.6945
3031.49	83.7315	3031.49	84.1846	3031.49	84.1846	3031.49	84.534	3031.49	84.534	3031.49	84.9361	3031.49	84.9362	3031.49	84.0419	3031.49	84.0419	3031.49	82.827	3031.49	82.827	3031.49	81.4439	3031.49	81.4439	3031.49	79.6032	3031.49	79.6032	3031.49	77.1448	3031.49	77.1449	3031.49	76.1564	3031.49	76.1564	3031.49	73.9576	3031.49	73.9576	3031.49	72.0428	3031.49	72.0429	3031.49	71.2361	3031.49	71.2361	3031.49	70.27	3031.49	70.27	3031.49	68.9865	3031.49	68.9865	3031.49	70.1122	3031.49	70.1123	3031.49	71.1029	3031.49	71.1029	3031.49	67.1431	3031.49	67.1431	3031.49	66.7916
3138.43	83.4129	3138.43	84.1144	3138.43	84.1144	3138.43	84.9302	3138.43	84.9302	3138.43	85.1323	3138.43	85.1323	3138.43	84.5928	3138.43	84.5928	3138.43	83.5648	3138.43	83.5648	3138.43	82.0384	3138.43	82.0384	3138.43	80.2371	3138.43	80.2371	3138.43	77.1665	3138.43	77.1666	3138.43	75.4766	3138.43	75.4766	3138.43	73.8883	3138.43	73.8883	3138.43	73.5402	3138.43	73.5402	3138.43	73.0409	3138.43	73.0409	3138.43	72.005	3138.43	72.005	3138.43	70.6686	3138.43	70.6686	3138.43	70.8956	3138.43	70.8956	3138.43	70.0363	3138.43	70.0362	3138.43	65.6888	3138.43	65.6888	3138.43	70.9495
3249.02	83.9921	3249.02	84.2171	3249.02	84.2171	3249.02	85.041	3249.02	85.041	3249.02	85.5767	3249.02	85.5767	3249.02	84.7111	3249.02	84.7112	3249.02	83.4072	3249.02	83.4072	3249.02	81.7796	3249.02	81.7797	3249.02	79.4633	3249.02	79.4633	3249.02	77.3987	3249.02	77.3987	3249.02	75.8269	3249.02	75.8269	3249.02	73.3133	3249.02	73.3133	3249.02	72.8179	3249.02	72.818	3249.02	72.0836	3249.02	72.0836	3249.02	71.2582	3249.02	71.2582	3249.02	70.7979	3249.02	70.7979	3249.02	71.1913	3249.02	71.1914	3249.02	71.0017	3249.02	71.0016	3249.02	65.4956	3249.02	65.4956	3249.02	70.6856
3363.28	84.652	3363.28	85.7067	3363.28	85.7067	3363.28	86.1882	3363.28	86.1882	3363.28	86.2844	3363.28	86.2844	3363.28	85.0699	3363.28	85.07	3363.28	83.9337	3363.28	83.9337	3363.28	81.9914	3363.28	81.9915	3363.28	79.3308	3363.28	79.3308	3363.28	76.704	3363.28	76.704	3363.28	74.8951	3363.28	74.8951	3363.28	73.7753	3363.28	73.7753	3363.28	71.8442	3363.28	71.8442	3363.28	70.4342	3363.28	70.4342	3363.28	70.779	3363.28	70.779	3363.28	70.6817	3363.28	70.6817	3363.28	72.032	3363.28	72.032	3363.28	72.156	3363.28	72.156	3363.28	63.393	3363.28	63.3929	3363.28	68.3622
3481.93	86.0464	3481.93	86.8211	3481.93	86.8211	3481.93	87.164	3481.93	87.164	3481.93	87.1115	3481.93	87.1115	3481.93	85.9914	3481.93	85.9915	3481.93	84.4264	3481.93	84.4264	3481.93	82.606	3481.93	82.606	3481.93	80.0326	3481.93	80.0326	3481.93	77.6797	3481.93	77.6798	3481.93	76.0243	3481.93	76.0243	3481.93	73.0361	3481.93	73.0361	3481.93	71.6527	3481.93	71.6527	3481.93	71.795	3481.93	71.7951	3481.93	71.2105	3481.93	71.2106	3481.93	71.1673	3481.93	71.1673	3481.93	71.2707	3481.93	71.2708	3481.93	73.4937	3481.93	73.4937	3481.93	62.2013	3481.93	62.2012	3481.93	67.8399
3604.98	85.8835	3604.98	86.5962	3604.98	86.5962	3604.98	87.0978	3604.98	87.0978	3604.98	87.181	3604.98	87.181	3604.98	85.6811	3604.98	85.6811	3604.98	83.8531	3604.98	83.8531	3604.98	81.9357	3604.98	81.9358	3604.98	78.7971	3604.98	78.7971	3604.98	77.5378	3604.98	77.5378	3604.98	75.7479	3604.98	75.7479	3604.98	73.7279	3604.98	73.7279	3604.98	71.9259	3604.98	71.9259	3604.98	72.6432	3604.98	72.6432	3604.98	71.5908	3604.98	71.5908	3604.98	72.5123	3604.98	72.5123	3604.98	70.4945	3604.98	70.4945	3604.98	72.3414	3604.98	72.3414	3604.98	67.5926	3604.98	67.5925	3604.98	69.4177
3732.42	85.0849	3732.42	85.8082	3732.42	85.8082	3732.42	86.1723	3732.42	86.1723	3732.42	85.9932	3732.42	85.9932	3732.42	84.8393	3732.42	84.8393	3732.42	83.436	3732.42	83.436	3732.42	81.9719	3732.42	81.972	3732.42	80.047	3732.42	80.047	3732.42	79.1712	3732.42	79.1712	3732.42	76.8513	3732.42	76.8513	3732.42	73.8616	3732.42	73.8616	3732.42	72.8699	3732.42	72.8699	3732.42	70.8979	3732.42	70.8979	3732.42	69.3617	3732.42	69.3617	3732.42	72.3684	3732.42	72.3685	3732.42	70.7732	3732.42	70.7731	3732.42	70.5503	3732.42	70.5504	3732.42	70.2013	3732.42	70.2012	3732.42	71.8175
3863.53	85.7173	3863.53	86.3508	3863.53	86.3508	3863.53	86.8067	3863.53	86.8067	3863.53	86.4809	3863.53	86.4809	3863.53	85.8055	3863.53	85.8055	3863.53	85.4737	3863.53	85.4737	3863.53	84.9624	3863.53	84.9625	3863.53	83.3313	3863.53	83.3313	3863.53	81.7551	3863.53	81.7551	3863.53	79.0235	3863.53	79.0236	3863.53	77.7721	3863.53	77.7721	3863.53	76.0164	3863.53	76.0164	3863.53	75.306	3863.53	75.306	3863.53	73.1158	3863.53	73.1159	3863.53	71.9892	3863.53	71.9892	3863.53	73.8588	3863.53	73.8588	3863.53	73.7942	3863.53	73.7942	3863.53	67.4395	3863.53	67.4394	3863.53	73.3679
3999.76	86.0579	3999.76	86.366	3999.76	86.366	3999.76	86.6855	3999.76	86.6855	3999.76	86.8163	3999.76	86.8163	3999.76	86.3979	3999.76	86.398	3999.76	86.4431	3999.76	86.4431	3999.76	85.9785	3999.76	85.9785	3999.76	84.1722	3999.76	84.1723	3999.76	82.0207	3999.76	82.0207	3999.76	79.8625	3999.76	79.8626	3999.76	77.9443	3999.76	77.9443	3999.76	75.582	3999.76	75.582	3999.76	75.2477	3999.76	75.2478	3999.76	74.2375	3999.76	74.2375	3999.76	73.7596	3999.76	73.7596	3999.76	73.903	3999.76	73.9031	3999.76	74.5902	3999.76	74.5902	3999.76	67.3352	3999.76	67.335	3999.76	72.0255
4141.11	84.5035	4141.11	85.048	4141.11	85.048	4141.11	85.1429	4141.11	85.1429	4141.11	85.5083	4141.11	85.5083	4141.11	86.0961	4141.11	86.0961	4141.11	86.4343	4141.11	86.4344	4141.11	85.7311	4141.11	85.7311	4141.11	83.9524	4141.11	83.9525	4141.11	81.9572	4141.11	81.9573	4141.11	79.3238	4141.11	79.3239	4141.11	77.3238	4141.11	77.3239	4141.11	74.6517	4141.11	74.6518	4141.11	73.5781	4141.11	73.5781	4141.11	72.2688	4141.11	72.2688	4141.11	72.7853	4141.11	72.7854	4141.11	73.18	4141.11	73.18	4141.11	73.6963	4141.11	73.6964	4141.11	68.1016	4141.11	68.1014	4141.11	70.2055
4286.87	83.5811	4286.87	83.9069	4286.87	83.9069	4286.87	83.8287	4286.87	83.8287	4286.87	84.6265	4286.87	84.6265	4286.87	85.7916	4286.87	85.7916	4286.87	86.0111	4286.87	86.0111	4286.87	84.7777	4286.87	84.7778	4286.87	82.8349	4286.87	82.8349	4286.87	80.7711	4286.87	80.7711	4286.87	77.9914	4286.87	77.9914	4286.87	77.2817	4286.87	77.2817	4286.87	73.8733	4286.87	73.8733	4286.87	72.8577	4286.87	72.8577	4286.87	72.207	4286.87	72.2071	4286.87	71.1647	4286.87	71.1647	4286.87	72.3072	4286.87	72.3072	4286.87	73.1031	4286.87	73.1032	4286.87	67.2442	4286.87	67.2439	4286.87	67.3324
4438.48	82.4665	4438.48	81.661	4438.48	81.661	4438.48	81.5845	4438.48	81.5845	4438.48	83.6606	4438.48	83.6606	4438.48	84.8776	4438.48	84.8776	4438.48	85.5657	4438.48	85.5657	4438.48	84.5854	4438.48	84.5855	4438.48	82.565	4438.48	82.565	4438.48	80.8881	4438.48	80.8881	4438.48	77.0364	4438.48	77.0364	4438.48	75.0812	4438.48	75.0812	4438.48	73.6661	4438.48	73.6661	4438.48	73.4261	4438.48	73.4261	4438.48	72.2417	4438.48	72.2417	4438.48	72.1957	4438.48	72.1957	4438.48	72.7683	4438.48	72.7684	4438.48	72.5385	4438.48	72.5385	4438.48	67.1198	4438.48	67.1196	4438.48	64.9219
4594.48	82.0448	4594.48	82.3457	4594.48	82.3457	4594.48	81.4753	4594.48	81.4753	4594.48	82.2844	4594.48	82.2844	4594.48	85.0388	4594.48	85.0388	4594.48	85.1446	4594.48	85.1446	4594.48	83.5327	4594.48	83.5327	4594.48	81.0232	4594.48	81.0232	4594.48	79.2663	4594.48	79.2663	4594.48	75.9123	4594.48	75.9123	4594.48	74.9256	4594.48	74.9256	4594.48	71.8194	4594.48	71.8194	4594.48	71.5421	4594.48	71.5421	4594.48	70.1956	4594.48	70.1957	4594.48	70.7484	4594.48	70.7484	4594.48	72.929	4594.48	72.929	4594.48	71.3132	4594.48	71.3132	4594.48	66.501	4594.48	66.5008	4594.48	62.8869
4757.08	82.7499	4757.08	81.2658	4757.08	81.2658	4757.08	79.8382	4757.08	79.8382	4757.08	82.0907	4757.08	82.0907	4757.08	84.3956	4757.08	84.3956	4757.08	85.0138	4757.08	85.0138	4757.08	83.7076	4757.08	83.7077	4757.08	82.3001	4757.08	82.3002	4757.08	79.866	4757.08	79.866	4757.08	76.1816	4757.08	76.1816	4757.08	74.5459	4757.08	74.5459	4757.08	72.8036	4757.08	72.8036	4757.08	70.0129	4757.08	70.0129	4757.08	69.4773	4757.08	69.4773	4757.08	69.6208	4757.08	69.6208	4757.08	70.9375	4757.08	70.9375	4757.08	69.8922	4757.08	69.8923	4757.08	67.2152	4757.08	67.2151	4757.08	67.4903
4924.8	83.9974	4924.8	83.1101	4924.8	83.1101	4924.8	81.363	4924.8	81.3631	4924.8	81.4858	4924.8	81.4858	4924.8	84.244	4924.8	84.244	4924.8	83.9622	4924.8	83.9622	4924.8	83.3001	4924.8	83.3002	4924.8	81.0296	4924.8	81.0296	4924.8	79.4129	4924.8	79.413	4924.8	75.7799	4924.8	75.78	4924.8	74.8948	4924.8	74.8948	4924.8	71.5926	4924.8	71.5926	4924.8	71.9077	4924.8	71.9077	4924.8	69.4508	4924.8	69.4508	4924.8	70.2589	4924.8	70.2589	4924.8	71.8381	4924.8	71.8381	4924.8	71.1088	4924.8	71.1088	4924.8	65.4431	4924.8	65.4428	4924.8	67.3408
5098.39	85.1809	5098.39	84.36	5098.39	84.36	5098.39	82.8492	5098.39	82.8492	5098.39	82.5871	5098.39	82.5871	5098.39	84.4975	5098.39	84.4975	5098.39	84.2308	5098.39	84.2308	5098.39	83.0679	5098.39	83.068	5098.39	81.3886	5098.39	81.3886	5098.39	79.0998	5098.39	79.0999	5098.39	75.4744	5098.39	75.4744	5098.39	74.2864	5098.39	74.2865	5098.39	71.2583	5098.39	71.2583	5098.39	69.5789	5098.39	69.5789	5098.39	69.6542	5098.39	69.6542	5098.39	69.6715	5098.39	69.6714	5098.39	69.5315	5098.39	69.5315	5098.39	68.4571	5098.39	68.4572	5098.39	65.9832	5098.39	65.983	5098.39	66.505
5277.83	85.6364	5277.83	85.0246	5277.83	85.0246	5277.83	84.3062	5277.83	84.3063	5277.83	83.5775	5277.83	83.5776	5277.83	85.0605	5277.83	85.0605	5277.83	84.1036	5277.83	84.1036	5277.83	83.1467	5277.83	83.1467	5277.83	81.3346	5277.83	81.3346	5277.83	78.6834	5277.83	78.6834	5277.83	74.6698	5277.83	74.6698	5277.83	74.2823	5277.83	74.2823	5277.83	70.5875	5277.83	70.5875	5277.83	70.3331	5277.83	70.3331	5277.83	68.1946	5277.83	68.1947	5277.83	69.9298	5277.83	69.9298	5277.83	70.1914	5277.83	70.1914	5277.83	67.7033	5277.83	67.7033	5277.83	65.6034	5277.83	65.6032	5277.83	67.4028
5463.87	86.2045	5463.87	85.6817	5463.87	85.6817	5463.87	85.0114	5463.87	85.0115	5463.87	83.8897	5463.87	83.8897	5463.87	84.512	5463.87	84.512	5463.87	83.3365	5463.87	83.3365	5463.87	82.3059	5463.87	82.306	5463.87	81.0248	5463.87	81.0248	5463.87	78.4585	5463.87	78.4585	5463.87	75.1553	5463.87	75.1553	5463.87	74.1471	5463.87	74.1471	5463.87	70.4573	5463.87	70.4573	5463.87	69.8792	5463.87	69.8792	5463.87	66.9719	5463.87	66.9719	5463.87	70.2852	5463.87	70.2852	5463.87	70.9455	5463.87	70.9455	5463.87	68.359	5463.87	68.3591	5463.87	64.989	5463.87	64.9887	5463.87	65.8198
5656.49	86.1095	5656.49	85.9237	5656.49	85.9237	5656.49	85.4049	5656.49	85.405	5656.49	84.0525	5656.49	84.0525	5656.49	84.5479	5656.49	84.548	5656.49	83.4474	5656.49	83.4474	5656.49	83.3249	5656.49	83.3249	5656.49	81.9987	5656.49	81.9987	5656.49	78.6971	5656.49	78.6971	5656.49	75.3664	5656.49	75.3664	5656.49	74.053	5656.49	74.053	5656.49	71.5285	5656.49	71.5286	5656.49	69.2598	5656.49	69.2598	5656.49	66.4119	5656.49	66.4119	5656.49	68.3256	5656.49	68.3255	5656.49	69.7045	5656.49	69.7045	5656.49	67.9381	5656.49	67.9381	5656.49	67.1107	5656.49	67.1105	5656.49	65.2058
5856.45	85.8853	5856.45	85.8657	5856.45	85.8657	5856.45	85.3053	5856.45	85.3054	5856.45	83.8225	5856.45	83.8226	5856.45	83.8442	5856.45	83.8442	5856.45	83.4672	5856.45	83.4672	5856.45	83.5318	5856.45	83.5318	5856.45	82.4987	5856.45	82.4987	5856.45	79.0683	5856.45	79.0683	5856.45	75.8047	5856.45	75.8047	5856.45	73.8437	5856.45	73.8437	5856.45	70.8386	5856.45	70.8386	5856.45	68.7243	5856.45	68.7243	5856.45	66.367	5856.45	66.367	5856.45	68.9361	5856.45	68.9361	5856.45	70.451	5856.45	70.4511	5856.45	68.1252	5856.45	68.1252	5856.45	66.5185	5856.45	66.5183	5856.45	63.047
6062.99	86.7077	6062.99	86.8766	6062.99	86.8766	6062.99	86.337	6062.99	86.337	6062.99	84.1155	6062.99	84.1156	6062.99	83.6813	6062.99	83.6813	6062.99	83.3751	6062.99	83.3751	6062.99	83.5685	6062.99	83.5685	6062.99	82.4378	6062.99	82.4378	6062.99	78.6645	6062.99	78.6646	6062.99	74.5587	6062.99	74.5588	6062.99	73.975	6062.99	73.9751	6062.99	71.8108	6062.99	71.8109	6062.99	70.8085	6062.99	70.8086	6062.99	67.8789	6062.99	67.8789	6062.99	69.5481	6062.99	69.548	6062.99	69.3668	6062.99	69.3669	6062.99	66.8405	6062.99	66.8405	6062.99	65.7018	6062.99	65.7016	6062.99	63.2564
6276.86	86.7453	6276.86	86.8556	6276.86	86.8556	6276.86	86.3417	6276.86	86.3418	6276.86	83.6913	6276.86	83.6913	6276.86	83.3679	6276.86	83.3679	6276.86	83.4558	6276.86	83.4559	6276.86	83.5268	6276.86	83.5268	6276.86	82.6192	6276.86	82.6192	6276.86	78.4143	6276.86	78.4144	6276.86	75.3974	6276.86	75.3974	6276.86	73.0221	6276.86	73.0221	6276.86	71.8409	6276.86	71.8409	6276.86	68.8141	6276.86	68.8141	6276.86	66.2463	6276.86	66.2463	6276.86	70.424	6276.86	70.424	6276.86	69.7294	6276.86	69.7294	6276.86	66.3826	6276.86	66.3826	6276.86	65.3019	6276.86	65.3017	6276.86	64.1705
6498.05	87.0146	6498.05	87.1397	6498.05	87.1397	6498.05	86.6861	6498.05	86.6861	6498.05	84.4934	6498.05	84.4935	6498.05	83.8342	6498.05	83.8343	6498.05	83.3141	6498.05	83.3141	6498.05	82.8838	6498.05	82.8839	6498.05	81.8973	6498.05	81.8973	6498.05	77.3137	6498.05	77.3138	6498.05	74.0602	6498.05	74.0603	6498.05	71.014	6498.05	71.014	6498.05	70.2647	6498.05	70.2647	6498.05	68.37	6498.05	68.3701	6498.05	62.4457	6498.05	62.4457	6498.05	67.7743	6498.05	67.7743	6498.05	68.3398	6498.05	68.3399	6498.05	65.1692	6498.05	65.1691	6498.05	61.8963	6498.05	61.8961	6498.05	66.1706
6727.29	86.8843	6727.29	86.8176	6727.29	86.8176	6727.29	86.3114	6727.29	86.3115	6727.29	84.6806	6727.29	84.6806	6727.29	83.7081	6727.29	83.7082	6727.29	83.0063	6727.29	83.0063	6727.29	82.1345	6727.29	82.1346	6727.29	81.1177	6727.29	81.1178	6727.29	76.3103	6727.29	76.3103	6727.29	74.1742	6727.29	74.1743	6727.29	70.599	6727.29	70.599	6727.29	69.3548	6727.29	69.3549	6727.29	66.5587	6727.29	66.5587	6727.29	61.7701	6727.29	61.7701	6727.29	69.6471	6727.29	69.6471	6727.29	69.129	6727.29	69.1291	6727.29	66.4445	6727.29	66.4444	6727.29	62.5534	6727.29	62.5531	6727.29	65.7171
6964.6	88.1189	6964.6	87.5231	6964.6	87.5231	6964.6	86.6607	6964.6	86.6607	6964.6	85.3686	6964.6	85.3686	6964.6	83.9851	6964.6	83.9852	6964.6	82.7677	6964.6	82.7677	6964.6	82.0467	6964.6	82.0468	6964.6	80.8705	6964.6	80.8705	6964.6	74.7155	6964.6	74.7155	6964.6	73.8389	6964.6	73.8389	6964.6	70.0169	6964.6	70.0169	6964.6	69.669	6964.6	69.669	6964.6	64.4273	6964.6	64.4273	6964.6	60.7162	6964.6	60.716	6964.6	67.0159	6964.6	67.016	6964.6	66.542	6964.6	66.5422	6964.6	66.3749	6964.6	66.3748	6964.6	62.4391	6964.6	62.4389	6964.6	67.0387
7209.96	87.8049	7209.96	86.8245	7209.96	86.8245	7209.96	85.9739	7209.96	85.974	7209.96	85.0876	7209.96	85.0876	7209.96	83.6923	7209.96	83.6924	7209.96	81.9662	7209.96	81.9662	7209.96	80.5261	7209.96	80.5261	7209.96	80.0508	7209.96	80.0508	7209.96	72.8443	7209.96	72.8443	7209.96	72.1683	7209.96	72.1684	7209.96	68.5407	7209.96	68.5407	7209.96	67.8473	7209.96	67.8473	7209.96	60.5268	7209.96	60.5269	7209.96	60.1358	7209.96	60.1357	7209.96	67.8722	7209.96	67.8722	7209.96	64.822	7209.96	64.8221	7209.96	62.8211	7209.96	62.8209	7209.96	60.8609	7209.96	60.8607	7209.96	62.032
7464.11	88.3687	7464.11	87.3837	7464.11	87.3838	7464.11	86.6918	7464.11	86.6918	7464.11	85.6	7464.11	85.6001	7464.11	83.5996	7464.11	83.5997	7464.11	81.8497	7464.11	81.8497	7464.11	80.4251	7464.11	80.4252	7464.11	79.8071	7464.11	79.8071	7464.11	73.2469	7464.11	73.2469	7464.11	73.233	7464.11	73.233	7464.11	67.6029	7464.11	67.6029	7464.11	67.4341	7464.11	67.4341	7464.11	60.1413	7464.11	60.1412	7464.11	55.1897	7464.11	55.1897	7464.11	65.4937	7464.11	65.4938	7464.11	63.9363	7464.11	63.9364	7464.11	62.9309	7464.11	62.9307	7464.11	59.1998	7464.11	59.1996	7464.11	62.0723
7727.78	88.2709	7727.78	87.3994	7727.78	87.3994	7727.78	86.8439	7727.78	86.8439	7727.78	85.5252	7727.78	85.5253	7727.78	82.7966	7727.78	82.7967	7727.78	81.679	7727.78	81.679	7727.78	80.7656	7727.78	80.7657	7727.78	80.1322	7727.78	80.1323	7727.78	73.459	7727.78	73.4591	7727.78	73.7921	7727.78	73.7921	7727.78	66.8441	7727.78	66.8441	7727.78	68.2066	7727.78	68.2066	7727.78	60.1294	7727.78	60.1294	7727.78	55.9169	7727.78	55.9167	7727.78	65.2107	7727.78	65.2108	7727.78	62.8021	7727.78	62.8022	7727.78	61.4826	7727.78	61.4824	7727.78	52.7631	7727.78	52.7629	7727.78	58.3091
8000.24	88.151	8000.24	87.2925	8000.24	87.2925	8000.24	86.8626	8000.24	86.8626	8000.24	85.6244	8000.24	85.6245	8000.24	82.9293	8000.24	82.9293	8000.24	82.1181	8000.24	82.1181	8000.24	80.8119	8000.24	80.8119	8000.24	79.9299	8000.24	79.9299	8000.24	72.3918	8000.24	72.3918	8000.24	71.6291	8000.24	71.6291	8000.24	66.4096	8000.24	66.4096	8000.24	65.8479	8000.24	65.8479	8000.24	59.797	8000.24	59.797	8000.24	59.8785	8000.24	59.8785	8000.24	64.5865	8000.24	64.5866	8000.24	62.5719	8000.24	62.572	8000.24	62.7086	8000.24	62.7084	8000.24	54.3548	8000.24	54.3546	8000.24	61.1638
8282.23	88.8453	8282.23	87.9008	8282.23	87.9009	8282.23	87.131	8282.23	87.131	8282.23	85.8105	8282.23	85.8106	8282.23	83.062	8282.23	83.062	8282.23	82.0077	8282.23	82.0077	8282.23	80.1436	8282.23	80.1436	8282.23	79.1683	8282.23	79.1683	8282.23	71.3323	8282.23	71.3324	8282.23	71.0518	8282.23	71.0519	8282.23	65.8341	8282.23	65.8341	8282.23	65.0584	8282.23	65.0584	8282.23	60.4286	8282.23	60.4285	8282.23	60.0463	8282.23	60.0463	8282.23	61.2862	8282.23	61.2864	8282.23	61.3071	8282.23	61.3072	8282.23	62.8011	8282.23	62.8009	8282.23	57.2806	8282.23	57.2804	8282.23	62.3192
8574.46	88.7667	8574.46	87.8562	8574.46	87.8563	8574.46	87.0071	8574.46	87.0071	8574.46	85.4876	8574.46	85.4877	8574.46	82.6568	8574.46	82.6569	8574.46	81.5061	8574.46	81.5061	8574.46	78.9628	8574.46	78.9628	8574.46	78.352	8574.46	78.3521	8574.46	71.1047	8574.46	71.1047	8574.46	71.3833	8574.46	71.3833	8574.46	64.506	8574.46	64.5061	8574.46	65.1366	8574.46	65.1366	8574.46	57.5308	8574.46	57.5307	8574.46	59.3596	8574.46	59.3596	8574.46	62.5016	8574.46	62.5018	8574.46	58.6739	8574.46	58.6741	8574.46	62.8015	8574.46	62.8013	8574.46	56.6439	8574.46	56.6437	8574.46	60.3773
8876.22	88.7282	8876.22	87.8189	8876.22	87.8189	8876.22	87.0168	8876.22	87.0169	8876.22	85.4433	8876.22	85.4433	8876.22	82.3983	8876.22	82.3984	8876.22	81.2088	8876.22	81.2088	8876.22	77.9709	8876.22	77.9709	8876.22	76.9956	8876.22	76.9956	8876.22	72.2165	8876.22	72.2165	8876.22	71.2389	8876.22	71.2389	8876.22	63.1398	8876.22	63.1398	8876.22	63.8864	8876.22	63.8864	8876.22	59.0858	8876.22	59.0857	8876.22	61.1666	8876.22	61.1666	8876.22	61.2522	8876.22	61.2524	8876.22	56.6485	8876.22	56.6485	8876.22	59.6426	8876.22	59.6424	8876.22	55.2267	8876.22	55.2266	8876.22	58.9276
9189.7	88.7221	9189.7	87.9647	9189.7	87.9647	9189.7	86.9276	9189.7	86.9276	9189.7	85.5396	9189.7	85.5396	9189.7	82.278	9189.7	82.2781	9189.7	80.6913	9189.7	80.6913	9189.7	77.6528	9189.7	77.6529	9189.7	75.7388	9189.7	75.7389	9189.7	72.7964	9189.7	72.7964	9189.7	70.4801	9189.7	70.4801	9189.7	63.3189	9189.7	63.3189	9189.7	63.211	9189.7	63.211	9189.7	59.013	9189.7	59.013	9189.7	59.8972	9189.7	59.8972	9189.7	60.1743	9189.7	60.1745	9189.7	56.3138	9189.7	56.3136	9189.7	58.7369	9189.7	58.7367	9189.7	51.5595	9189.7	51.5594	9189.7	59.2442
9513.43	88.5575	9513.43	88.0347	9513.43	88.0347	9513.43	86.7023	9513.43	86.7023	9513.43	85.3398	9513.43	85.3398	9513.43	81.8717	9513.43	81.8718	9513.43	79.8433	9513.43	79.8433	9513.43	77.2076	9513.43	77.2076	9513.43	74.9968	9513.43	74.9969	9513.43	71.838	9513.43	71.838	9513.43	69.1727	9513.43	69.1727	9513.43	62.6639	9513.43	62.664	9513.43	61.842	9513.43	61.842	9513.43	57.8771	9513.43	57.877	9513.43	58.4687	9513.43	58.4688	9513.43	54.8782	9513.43	54.8786	9513.43	56.1608	9513.43	56.1607	9513.43	58.4856	9513.43	58.4855	9513.43	49.4549	9513.43	49.4548	9513.43	59.9064
9848.88	88.4114	9848.88	87.7564	9848.88	87.7564	9848.88	86.3687	9848.88	86.3687	9848.88	85.0619	9848.88	85.062	9848.88	81.2646	9848.88	81.2647	9848.88	79.5042	9848.88	79.5042	9848.88	76.4077	9848.88	76.4077	9848.88	73.288	9848.88	73.288	9848.88	70.9028	9848.88	70.9029	9848.88	67.5193	9848.88	67.5193	9848.88	61.3047	9848.88	61.3047	9848.88	59.6516	9848.88	59.6516	9848.88	58.1425	9848.88	58.1425	9848.88	57.022	9848.88	57.0221	9848.88	55.8061	9848.88	55.8063	9848.88	54.6016	9848.88	54.6014	9848.88	55.8201	9848.88	55.8199	9848.88	47.6086	9848.88	47.6083	9848.88	59.6769
10196.8	87.8947	10196.8	87.4117	10196.8	87.4117	10196.8	85.8647	10196.8	85.8647	10196.8	84.6733	10196.8	84.6734	10196.8	80.506	10196.8	80.5061	10196.8	79.1299	10196.8	79.1299	10196.8	75.7079	10196.8	75.7079	10196.8	69.7365	10196.8	69.7365	10196.8	70.6716	10196.8	70.6716	10196.8	67.3282	10196.8	67.3282	10196.8	60.1122	10196.8	60.1122	10196.8	58.8523	10196.8	58.8523	10196.8	57.5187	10196.8	57.5187	10196.8	54.8728	10196.8	54.8729	10196.8	57.6502	10196.8	57.6503	10196.8	52.9449	10196.8	52.9446	10196.8	54.4587	10196.8	54.4586	10196.8	47.4619	10196.8	47.4617	10196.8	56.4646
10556.4	87.6845	10556.4	87.1074	10556.4	87.1075	10556.4	85.2996	10556.4	85.2997	10556.4	83.9109	10556.4	83.911	10556.4	79.9311	10556.4	79.9312	10556.4	78.3152	10556.4	78.3152	10556.4	75.3065	10556.4	75.3066	10556.4	70.0959	10556.4	70.0959	10556.4	69.7082	10556.4	69.7083	10556.4	66.0389	10556.4	66.0389	10556.4	61.0075	10556.4	61.0075	10556.4	60.9626	10556.4	60.9626	10556.4	57.146	10556.4	57.146	10556.4	55.6028	10556.4	55.6029	10556.4	55.1709	10556.4	55.1709	10556.4	54.3177	10556.4	54.3175	10556.4	56.3952	10556.4	56.3951	10556.4	47.6882	10556.4	47.6882	10556.4	54.2265
10928.5	87.1246	10928.5	86.3631	10928.5	86.3631	10928.5	84.2071	10928.5	84.2071	10928.5	83.0775	10928.5	83.0775	10928.5	78.442	10928.5	78.442	10928.5	77.6142	10928.5	77.6143	10928.5	74.9827	10928.5	74.9827	10928.5	71.8618	10928.5	71.8619	10928.5	70.7578	10928.5	70.7578	10928.5	66.884	10928.5	66.884	10928.5	62.3299	10928.5	62.3299	10928.5	62.179	10928.5	62.179	10928.5	59.6579	10928.5	59.6579	10928.5	54.4855	10928.5	54.4856	10928.5	56.1667	10928.5	56.1666	10928.5	50.3086	10928.5	50.3084	10928.5	56.6381	10928.5	56.6381	10928.5	39.5704	10928.5	39.5706	10928.5	57.6306
11313.7	86.2688	11313.7	85.612	11313.7	85.612	11313.7	83.2464	11313.7	83.2464	11313.7	81.7073	11313.7	81.7074	11313.7	78.2764	11313.7	78.2765	11313.7	76.0811	11313.7	76.0812	11313.7	75.6009	11313.7	75.601	11313.7	73.3929	11313.7	73.393	11313.7	71.997	11313.7	71.997	11313.7	69.3309	11313.7	69.331	11313.7	63.1199	11313.7	63.1199	11313.7	63.7927	11313.7	63.7927	11313.7	57.3911	11313.7	57.3912	11313.7	53.8794	11313.7	53.8793	11313.7	58.607	11313.7	58.6069	11313.7	55.7708	11313.7	55.7708	11313.7	57.3335	11313.7	57.3335	11313.7	46.9343	11313.7	46.9343	11313.7	58.118
11712.9	85.8317	11712.9	84.6965	11712.9	84.6965	11712.9	82.0913	11712.9	82.0913	11712.9	80.9585	11712.9	80.9585	11712.9	77.6675	11712.9	77.6676	11712.9	75.3634	11712.9	75.3634	11712.9	76.4309	11712.9	76.4309	11712.9	74.6	11712.9	74.6	11712.9	72.1346	11712.9	72.1346	11712.9	68.8665	11712.9	68.8665	11712.9	65.664	11712.9	65.664	11712.9	62.6074	11712.9	62.6074	11712.9	55.0431	11712.9	55.0431	11712.9	56.8007	11712.9	56.8007	11712.9	54.3257	11712.9	54.3256	11712.9	56.4162	11712.9	56.4162	11712.9	56.5108	11712.9	56.5108	11712.9	49.3655	11712.9	49.3654	11712.9	52.607
12126	85.7983	12126	84.7515	12126	84.7515	12126	82.1797	12126	82.1797	12126	80.9071	12126	80.9071	12126	77.314	12126	77.3141	12126	76.9909	12126	76.991	12126	76.9741	12126	76.9741	12126	75.392	12126	75.3921	12126	72.941	12126	72.941	12126	69.3779	12126	69.3779	12126	64.6357	12126	64.6357	12126	61.4449	12126	61.4449	12126	60.3843	12126	60.3842	12126	55.4957	12126	55.4958	12126	49.1499	12126	49.1497	12126	54.817	12126	54.8171	12126	55.1894	12126	55.1893	12126	46.5126	12126	46.5126	12126	52.8727
12553.7	85.9027	12553.7	85.048	12553.7	85.048	12553.7	82.5837	12553.7	82.5837	12553.7	81.3855	12553.7	81.3855	12553.7	77.8133	12553.7	77.8133	12553.7	78.1141	12553.7	78.1141	12553.7	77.0781	12553.7	77.0781	12553.7	74.4813	12553.7	74.4813	12553.7	73.2262	12553.7	73.2262	12553.7	68.9776	12553.7	68.9776	12553.7	63.4572	12553.7	63.4572	12553.7	59.8644	12553.7	59.8644	12553.7	59.0571	12553.7	59.0571	12553.7	56.5521	12553.7	56.5521	12553.7	49.8738	12553.7	49.8737	12553.7	52.8904	12553.7	52.8905	12553.7	53.9256	12553.7	53.9253	12553.7	52.8952	12553.7	52.8951	12553.7	53.4958
12996.1	86.2054	12996.1	85.3993	12996.1	85.3994	12996.1	83.0158	12996.1	83.0158	12996.1	81.739	12996.1	81.739	12996.1	78.4318	12996.1	78.4318	12996.1	77.9866	12996.1	77.9866	12996.1	76.8366	12996.1	76.8366	12996.1	74.1611	12996.1	74.1611	12996.1	71.6688	12996.1	71.6689	12996.1	66.5171	12996.1	66.5171	12996.1	61.8747	12996.1	61.8747	12996.1	58.9255	12996.1	58.9255	12996.1	57.607	12996.1	57.6069	12996.1	55.5494	12996.1	55.5495	12996.1	56.6117	12996.1	56.6117	12996.1	49.5808	12996.1	49.5807	12996.1	52.3013	12996.1	52.3012	12996.1	49.5861	12996.1	49.586	12996.1	53.6715
13454.6	86.4148	13454.6	85.5812	13454.6	85.5812	13454.6	83.2065	13454.6	83.2065	13454.6	81.8221	13454.6	81.8222	13454.6	79.0156	13454.6	79.0156	13454.6	78.1163	13454.6	78.1163	13454.6	76.4165	13454.6	76.4165	13454.6	72.8066	13454.6	72.8066	13454.6	70.145	13454.6	70.1451	13454.6	65.9593	13454.6	65.9593	13454.6	59.9918	13454.6	59.9918	13454.6	58.0526	13454.6	58.0526	13454.6	57.2109	13454.6	57.2108	13454.6	51.232	13454.6	51.2321	13454.6	54.4809	13454.6	54.4808	13454.6	47.8018	13454.6	47.8018	13454.6	52.4573	13454.6	52.4572	13454.6	45.2783	13454.6	45.2782	13454.6	49.2851
13928.5	86.543	13928.5	85.7167	13928.5	85.7167	13928.5	83.487	13928.5	83.487	13928.5	82.1923	13928.5	82.1924	13928.5	79.8025	13928.5	79.8025	13928.5	78.2723	13928.5	78.2723	13928.5	76.2848	13928.5	76.2848	13928.5	72.0324	13928.5	72.0324	13928.5	69.7223	13928.5	69.7224	13928.5	66.1476	13928.5	66.1476	13928.5	59.8742	13928.5	59.8742	13928.5	58.8426	13928.5	58.8426	13928.5	56.4803	13928.5	56.4803	13928.5	49.8859	13928.5	49.886	13928.5	56.7427	13928.5	56.7427	13928.5	43.5341	13928.5	43.5344	13928.5	51.1393	13928.5	51.1391	13928.5	48.8752	13928.5	48.8751	13928.5	49.4115
14419.9	87.0189	14419.9	86.2069	14419.9	86.2069	14419.9	83.9802	14419.9	83.9802	14419.9	82.8548	14419.9	82.8549	14419.9	80.1431	14419.9	80.1431	14419.9	78.2455	14419.9	78.2456	14419.9	75.5821	14419.9	75.5821	14419.9	71.9557	14419.9	71.9558	14419.9	69.6172	14419.9	69.6172	14419.9	66.3229	14419.9	66.3229	14419.9	60.1483	14419.9	60.1483	14419.9	59.2272	14419.9	59.2273	14419.9	56.6125	14419.9	56.6125	14419.9	51.0062	14419.9	51.0063	14419.9	56.9045	14419.9	56.9044	14419.9	40.0285	14419.9	40.0289	14419.9	48.1634	14419.9	48.1632	14419.9	45.9037	14419.9	45.9036	14419.9	49.4309
14928.2	87.6614	14928.2	86.908	14928.2	86.908	14928.2	84.7008	14928.2	84.7009	14928.2	83.6401	14928.2	83.6402	14928.2	80.3106	14928.2	80.3107	14928.2	78.1659	14928.2	78.166	14928.2	75.1298	14928.2	75.1298	14928.2	71.8895	14928.2	71.8895	14928.2	69.7426	14928.2	69.7427	14928.2	66.7693	14928.2	66.7693	14928.2	60.8287	14928.2	60.8287	14928.2	59.3045	14928.2	59.3045	14928.2	54.8824	14928.2	54.8824	14928.2	48.9236	14928.2	48.9237	14928.2	59.3666	14928.2	59.3666	14928.2	42.3737	14928.2	42.3742	14928.2	46.7505	14928.2	46.7503	14928.2	49.47	14928.2	49.4699	14928.2	50.633
15454.8	88.2623	15454.8	87.5928	15454.8	87.5929	15454.8	85.2762	15454.8	85.2762	15454.8	84.1649	15454.8	84.1649	15454.8	80.3973	15454.8	80.3973	15454.8	77.6072	15454.8	77.6073	15454.8	75.2795	15454.8	75.2795	15454.8	71.9629	15454.8	71.9629	15454.8	70.3813	15454.8	70.3814	15454.8	67.1788	15454.8	67.1789	15454.8	62.3636	15454.8	62.3636	15454.8	59.662	15454.8	59.662	15454.8	52.7585	15454.8	52.7585	15454.8	47.4632	15454.8	47.4633	15454.8	60.8008	15454.8	60.8007	15454.8	43.506	15454.8	43.5064	15454.8	47.1411	15454.8	47.141	15454.8	50.4508	15454.8	50.4507	15454.8	53.1692
15999.8	88.7261	15999.8	88.013	15999.8	88.013	15999.8	85.6763	15999.8	85.6763	15999.8	84.3648	15999.8	84.3648	15999.8	80.2456	15999.8	80.2457	15999.8	77.0073	15999.8	77.0074	15999.8	75.0355	15999.8	75.0355	15999.8	72.076	15999.8	72.0761	15999.8	71.3406	15999.8	71.3406	15999.8	67.8985	15999.8	67.8985	15999.8	63.345	15999.8	63.345	15999.8	60.0584	15999.8	60.0584	15999.8	52.7857	15999.8	52.7857	15999.8	45.2034	15999.8	45.2036	15999.8	62.1424	15999.8	62.1423	15999.8	46.0486	15999.8	46.049	15999.8	46.4989	15999.8	46.4988	15999.8	50.9977	15999.8	50.9977	15999.8	53.1315
16564.5	89.5865	16564.5	88.5875	16564.5	88.5875	16564.5	85.8947	16564.5	85.8948	16564.5	84.2678	16564.5	84.2678	16564.5	79.6166	16564.5	79.6166	16564.5	76.6355	16564.5	76.6356	16564.5	74.0543	16564.5	74.0544	16564.5	71.2497	16564.5	71.2498	16564.5	70.1264	16564.5	70.1264	16564.5	66.0612	16564.5	66.0612	16564.5	62.3345	16564.5	62.3346	16564.5	59.0439	16564.5	59.0439	16564.5	49.7448	16564.5	49.7447	16564.5	40.8686	16564.5	40.8695	16564.5	62.5787	16564.5	62.5787	16564.5	45.7425	16564.5	45.743	16564.5	45.9438	16564.5	45.9439	16564.5	51.4872	16564.5	51.4871	16564.5	49.4467
17148.2	90.2505	17148.2	89.0864	17148.2	89.0865	17148.2	86.0897	17148.2	86.0898	17148.2	84.3023	17148.2	84.3023	17148.2	78.8037	17148.2	78.8037	17148.2	75.466	17148.2	75.4661	17148.2	72.0933	17148.2	72.0933	17148.2	66.7627	17148.2	66.7628	17148.2	65.8778	17148.2	65.8778	17148.2	60.4324	17148.2	60.4324	17148.2	61.2734	17148.2	61.2734	17148.2	54.131	17148.2	54.131	17148.2	47.0886	17148.2	47.0885	17148.2	49.4108	17148.2	49.4109	17148.2	63.081	17148.2	63.081	17148.2	47.1839	17148.2	47.1843	17148.2	46.8394	17148.2	46.8394	17148.2	54.1918	17148.2	54.1917	17148.2	53.4261
17753.2	90.2782	17753.2	89.2026	17753.2	89.2027	17753.2	86.1078	17753.2	86.1078	17753.2	83.7562	17753.2	83.7563	17753.2	76.8196	17753.2	76.8196	17753.2	73.6724	17753.2	73.6725	17753.2	68.4226	17753.2	68.4227	17753.2	62.0855	17753.2	62.0855	17753.2	66.7338	17753.2	66.7338	17753.2	56.4507	17753.2	56.4507	17753.2	61.6833	17753.2	61.6833	17753.2	36.0914	17753.2	36.0916	17753.2	55.8285	17753.2	55.8284	17753.2	51.1555	17753.2	51.1555	17753.2	62.4057	17753.2	62.4057	17753.2	48.1553	17753.2	48.1557	17753.2	46.8697	17753.2	46.8697	17753.2	56.2814	17753.2	56.2814	17753.2	54.6299
18379.4	90.0857	18379.4	89.1854	18379.4	89.1854	18379.4	85.9256	18379.4	85.9256	18379.4	82.6773	18379.4	82.6774	18379.4	74.2966	18379.4	74.2966	18379.4	68.9678	18379.4	68.9679	18379.4	57.7207	18379.4	57.7208	18379.4	67.8539	18379.4	67.8539	18379.4	70.1196	18379.4	70.1196	18379.4	61.4864	18379.4	61.4864	18379.4	62.4937	18379.4	62.4937	18379.4	49.5449	18379.4	49.5448	18379.4	58.6576	18379.4	58.6576	18379.4	51.8473	18379.4	51.8473	18379.4	61.7222	18379.4	61.7222	18379.4	49.6292	18379.4	49.6295	18379.4	47.0949	18379.4	47.095	18379.4	56.6598	18379.4	56.6597	18379.4	56.5443
19027.6	89.8113	19027.6	88.8264	19027.6	88.8264	19027.6	85.141	19027.6	85.141	19027.6	81.2264	19027.6	81.2265	19027.6	69.5149	19027.6	69.5149	19027.6	59.7714	19027.6	59.7716	19027.6	63.8851	19027.6	63.8851	19027.6	70.0568	19027.6	70.0568	19027.6	71.3418	19027.6	71.3418	19027.6	63.4749	19027.6	63.4749	19027.6	62.1564	19027.6	62.1564	19027.6	52.0937	19027.6	52.0936	19027.6	58.7917	19027.6	58.7917	19027.6	50.0632	19027.6	50.0632	19027.6	60.6039	19027.6	60.604	19027.6	48.2308	19027.6	48.2311	19027.6	45.4253	19027.6	45.4256	19027.6	56.1969	19027.6	56.1968	19027.6	55.4903
19698.5	89.3947	19698.5	88.1537	19698.5	88.1537	19698.5	83.8597	19698.5	83.8597	19698.5	78.6467	19698.5	78.6468	19698.5	60.9666	19698.5	60.9667	19698.5	64.7101	19698.5	64.71	19698.5	68.5909	19698.5	68.5909	19698.5	70.946	19698.5	70.946	19698.5	71.6734	19698.5	71.6734	19698.5	62.941	19698.5	62.941	19698.5	60.7594	19698.5	60.7594	19698.5	53.5396	19698.5	53.5395	19698.5	57.4731	19698.5	57.4731	19698.5	50.111	19698.5	50.111	19698.5	60.0833	19698.5	60.0833	19698.5	48.6727	19698.5	48.673	19698.5	46.8371	19698.5	46.8373	19698.5	53.7143	19698.5	53.7142	19698.5	54.9206
19999.5	89.2753	19999.5	88.011	19999.5	88.011	19999.5	83.4406	19999.5	83.4407	19999.5	77.549	19999.5	77.5491	19999.5	61.4848	19999.5	61.4847	19999.5	67.1144	19999.5	67.1143	19999.5	69.3334	19999.5	69.3334	19999.5	71.3407	19999.5	71.3407	19999.5	71.6344	19999.5	71.6345	19999.5	64.0575	19999.5	64.0575	19999.5	59.7827	19999.5	59.7827	19999.5	53.0001	19999.5	53.0001	19999.5	57.0921	19999.5	57.0921	19999.5	51.3766	19999.5	51.3765	19999.5	61.1336	19999.5	61.1336	19999.5	52.2785	19999.5	52.2787	19999.5	49.8577	19999.5	49.8575	19999.5	58.6162	19999.5	58.6161	19999.5	54.8675
